# Blender 4.0.2
# www.blender.org
mtllib patrol.mtl
o DrawCall_7
v -0.245063 0.577330 0.943159
v -0.195262 0.455052 0.813601
v -0.227503 0.530933 0.776760
v -0.042096 0.216315 0.731504
v -0.281177 0.077410 1.314180
v -0.397011 0.154530 1.155357
v -0.411582 0.126491 1.235833
v -0.311001 0.085765 1.235976
v -0.364388 0.109067 1.063239
v -0.281177 -0.020089 1.138354
v -0.416627 -0.126802 1.120142
v -0.177140 0.528869 0.854365
v -0.338579 0.202720 1.248398
v -0.364867 0.154343 1.286529
v -0.262372 0.082998 1.268834
v -0.355052 -0.129383 1.294318
v -0.343516 0.096762 1.119091
v -0.417022 0.127256 1.074016
v -0.417022 0.108379 1.051263
v -0.416627 -0.142392 1.298958
v -0.416627 -0.032402 1.384332
v -0.355052 -0.093540 1.347149
v -0.355052 0.103003 1.345756
v -0.260651 0.096440 1.243468
v -0.574970 0.029900 1.235059
v -0.281177 -0.071709 1.273752
v -0.355052 -0.027451 1.372497
v -0.468388 0.154343 1.286529
v -0.234401 0.603951 0.844434
v -0.488770 0.096762 1.119091
v -0.552078 0.038885 1.153357
v -0.416627 -0.055983 1.072299
v -0.552078 -0.071709 1.273752
v -0.478202 -0.093540 1.347149
v -0.478202 -0.027451 1.372497
v -0.552078 0.077410 1.314181
v -0.437020 0.154530 1.155357
v -0.417022 0.162367 1.147290
v -0.417022 0.149834 1.140289
v -0.469644 0.109067 1.063239
v -0.416627 -0.150375 1.229451
v -0.416627 -0.103680 1.356010
v -0.478202 -0.129383 1.294318
v -0.416627 0.048802 1.384565
v -0.416627 0.108489 1.355403
v -0.478202 0.103003 1.345749
v -0.416627 0.162147 1.292466
v -0.552078 -0.020089 1.138354
v -0.527644 0.082972 1.236343
v -0.242768 0.443606 0.771811
v -0.857349 0.810380 0.892658
v -0.693925 0.351821 1.493177
v -0.717952 0.320258 1.443895
v -0.717905 0.357638 1.478728
v -0.570882 0.082998 1.268834
v -0.086840 0.209775 0.706557
v -0.717857 0.391358 1.441597
v 0.729167 0.357715 1.478748
v 0.729310 0.353443 1.406996
v 0.729310 0.390976 1.441791
v 0.814160 0.812146 0.894103
v 0.687065 0.325906 1.470430
v 0.723118 0.298291 1.446205
v -0.572603 0.096440 1.243468
v 0.723477 0.348536 1.406692
v 0.764204 0.348451 1.441597
v -0.416591 0.208621 1.250540
v -0.494687 0.202720 1.248398
v 0.782076 0.251341 0.706557
v 0.826819 0.257880 0.731504
v 0.698708 0.188046 0.828514
v 0.707458 -0.026967 0.992010
v 0.514891 -0.000899 1.104287
v 0.250216 0.595460 0.590620
v 0.199842 0.593397 0.668225
v -0.160010 -1.679499 -0.065124
v -0.171450 -1.679499 0.095378
v -0.072291 -1.679499 0.184546
v 0.187039 -1.679499 0.091809
v -0.003639 -1.679499 -0.086522
v 0.412050 -1.631870 -0.033020
v -0.400274 -1.632634 0.063280
v -0.160010 -1.413783 -0.065124
v -0.003639 -1.413783 -0.086522
v 0.095520 -1.413783 0.184546
v 0.167973 -1.413783 -0.072255
v 0.187039 -1.413783 0.091809
v -0.392647 -1.469632 -0.029457
v -0.392647 -1.632634 -0.029457
v -0.465401 -1.614879 0.067636
v -0.199961 -1.644097 0.104870
v 0.095520 -1.679499 0.184546
v 0.412050 -1.631870 0.063279
v 0.167973 -1.679499 -0.072255
v -0.005301 -1.644097 -0.106133
v -0.456542 -1.614879 -0.039938
v -0.465401 -1.488092 0.067636
v -0.199961 -1.458321 0.104870
v -0.689286 0.298283 1.446205
v -0.816621 0.784439 0.869692
v -0.241632 0.429264 0.828250
v -0.162030 0.111784 0.982272
v -0.698958 0.021043 1.018074
v 0.476900 -1.611244 -0.044074
v 0.476900 -1.491642 -0.044074
v 0.193770 -1.644097 -0.089581
v -0.650950 0.455086 0.813750
v -0.258284 0.029900 1.235059
v -0.281177 0.038885 1.153357
v -0.729954 0.324208 1.469036
v -0.070653 0.189838 0.857695
v -0.756839 -0.954019 1.487401
v -0.719578 -0.991475 0.326882
v -0.756815 -0.954087 0.326921
v -0.719686 -0.991577 1.487466
v -0.680118 -0.958290 1.487543
v -0.717115 -0.920376 0.326973
v -0.717331 -0.920757 1.487543
v -0.804105 0.216348 0.731653
v -0.603433 0.443640 0.771959
v -0.775559 0.189863 0.857843
v -0.482171 -0.042465 1.104287
v -0.354024 -0.042465 1.104287
v -0.717940 0.353766 1.406693
v 0.729227 0.320157 1.444004
v 0.850464 0.784439 0.869691
v -0.354025 0.079134 1.065343
v 0.395028 0.316632 1.166566
v -0.813776 -1.545826 -0.003871
v -0.813776 -1.540544 0.282079
v -0.813776 -1.822131 -0.062291
v -0.813777 -1.271865 -0.072719
v -0.813776 -1.321888 0.170233
v 0.464051 0.229578 1.346117
v 0.368992 0.270133 1.228651
v 0.525661 0.028678 1.336224
v 0.813778 -1.428125 -0.263835
v 0.813778 -1.271856 -0.072719
v 0.882657 2.153804 0.901286
v -0.202877 0.447020 0.870349
v 0.413725 0.154344 1.040892
v 0.356285 0.148696 1.100119
v 0.813778 -1.822131 -0.062291
v 0.813778 -1.321888 0.170233
v 0.727673 0.348502 1.478728
v 0.763798 -0.990575 1.441791
v 0.504754 -0.028055 1.167289
v 0.798262 0.231404 0.857694
v 0.626147 0.514842 0.590595
v 0.725627 1.740607 -0.003872
v 0.797745 1.957956 0.178596
v 0.797745 2.016920 -0.062291
v 0.797745 1.735326 0.282079
v 0.797745 1.740607 -0.003872
v 0.797745 1.867810 -0.259188
v 0.797745 1.622915 -0.263835
v 0.797745 1.466645 -0.072719
v 0.797745 1.516677 0.170233
v -0.717952 -0.995508 1.443895
v 0.729323 -0.924783 1.441791
v -0.717857 -0.924409 1.441597
v 0.729167 -0.958043 1.478748
v -0.717905 -0.958120 1.478728
v 0.729310 -0.962323 1.406996
v -0.717940 -0.962001 1.406693
v 0.728318 -0.991577 1.487465
v 0.728438 -0.991475 0.326882
v 0.691177 -0.954010 1.487401
v 0.730686 -0.920757 1.487543
v 0.691189 -0.954087 0.326921
v 0.767898 -0.958290 1.487543
v 0.730899 -0.920376 0.326972
v 0.768221 -0.957968 0.326889
v -0.719662 -0.958120 0.904183
v 0.727564 -0.958043 0.904202
v 0.727637 -0.995610 0.869458
v -0.719698 -0.995508 0.869349
v -0.719602 -0.924409 0.867052
v 0.727720 -0.962323 0.832450
v 0.727720 -0.924783 0.867252
v -0.719698 -0.962001 0.832147
v -0.733947 0.348535 1.443895
v -0.693351 -0.990439 1.478748
v -0.734055 -0.990498 1.444004
v -0.697989 -0.990575 1.406996
v 0.725497 -2.242976 1.601834
v 0.672912 -2.238294 1.601156
v 0.972348 -2.382629 0.988835
v -0.081483 -2.282600 1.547951
v 0.711715 -2.286816 1.547996
v 0.990159 -2.118873 0.969798
v 0.730784 -0.559894 1.589292
v 0.672912 -2.240465 1.600411
v 0.725497 -2.245152 1.601088
v 1.042410 -0.237737 0.982188
v 0.753900 -2.242399 1.585481
v 0.689886 0.335066 1.521956
v 0.000318 -0.558557 1.571682
v 0.785040 0.334830 1.513181
v 0.731055 -0.561475 1.589043
v 0.766929 -0.435692 1.568974
v 0.835845 0.311833 1.479916
v 0.795201 -0.236804 1.507186
v 1.045459 0.299592 0.975406
v 0.880836 -1.508727 0.356044
v 0.949503 0.970355 0.943495
v 0.981648 0.875882 0.974806
v 1.013553 0.682973 0.975102
v -0.003591 -2.246451 1.597784
v -0.676185 -2.238294 1.601157
v -0.993434 -2.118873 0.969799
v -1.044405 -2.117515 0.362600
v -0.730408 -0.561475 1.589043
v -0.728770 -2.245152 1.601089
v -0.676185 -2.240465 1.600412
v -0.766294 -0.435692 1.568975
v -0.728770 -2.242976 1.601834
v -0.794566 -0.236812 1.507186
v -0.757174 -2.242399 1.585482
v -1.041776 -0.237737 0.982188
v -0.077575 0.337985 1.522996
v -0.689238 0.335066 1.521956
v -0.784393 0.334830 1.513175
v -0.835197 0.311832 1.479916
v -1.044824 0.299591 0.975406
v -0.981001 0.875882 0.974806
v -1.012906 0.683262 0.975103
v -1.050728 0.838709 0.346952
v -0.948869 0.970355 0.943495
v -0.976865 -2.382629 0.988835
v -0.003591 -2.244274 1.598530
v -0.730179 -0.561932 1.590028
v -0.718897 -2.286816 1.547996
v -0.806520 -2.390136 0.441245
v 0.793265 -2.390136 0.441245
v 1.037211 -2.117515 0.362600
v -0.880836 -1.508727 0.356044
v 1.051364 0.838709 0.346951
v 0.925691 0.972595 0.987705
v 0.908740 0.684398 1.145432
v -0.908105 0.684372 1.145458
v 0.959522 -2.393640 0.539628
v 0.793074 -2.390383 0.990481
v -0.799371 -2.390383 0.990481
v -0.964038 -2.393640 0.539628
v -1.041537 -1.297169 0.645311
v -1.042171 -1.188690 0.600449
v -1.031495 -1.956339 0.497335
v -1.049988 -2.057659 0.296308
v -1.039337 -1.803916 0.628501
v -0.561331 -1.655927 0.305762
v -1.025315 -1.096447 0.520611
v -1.026582 -1.009384 0.376403
v -1.040807 -1.578110 0.675879
v -0.564642 -1.243485 0.308885
v 0.559527 -1.243485 0.308884
v 1.037055 -1.188690 0.600449
v 1.044873 -2.057659 0.296308
v 1.026380 -1.956339 0.497334
v 1.034222 -1.803916 0.628506
v 1.021455 -1.009383 0.376403
v 1.020200 -1.096446 0.520611
v 0.556216 -1.655927 0.305761
v 1.035692 -1.578110 0.675878
v 1.036422 -1.297169 0.645311
v -0.147064 0.021027 1.017945
v -0.161456 -0.068533 0.992010
v 0.476900 -1.611244 0.067636
v 0.476900 -1.491642 0.067636
v 0.109708 -1.458321 0.208306
v -0.186692 -1.458321 -0.081308
v -0.186692 -1.644097 -0.081308
v -0.456542 -1.488092 -0.039938
v -0.400274 -1.469632 0.063280
v -0.171450 -1.413783 0.095378
v 0.727757 0.351822 1.493177
v -0.611814 0.603985 0.844595
v -0.084939 -1.458321 0.208306
v -0.072291 -1.413783 0.184546
v 0.412050 -1.470396 0.063279
v -0.669072 0.528911 0.854527
v -0.618711 0.530967 0.776922
v -0.604580 0.429307 0.828398
v -0.601137 0.577364 0.943321
v -0.759373 0.209809 0.706712
v 0.412050 -1.470396 -0.033020
v 0.193770 -1.458321 -0.089581
v -0.005313 -1.458321 -0.106133
v 0.041906 1.729271 0.164826
v 0.041894 1.776976 0.120699
v 0.769918 1.776840 -0.002574
v 0.769870 1.729364 0.041662
v 0.041882 1.734705 0.073695
v 0.769918 1.734289 -0.049830
v 0.769811 1.686541 -0.005498
v 0.041882 1.687034 0.117893
v -0.777305 1.776840 -0.002574
v -0.049124 1.734705 0.073695
v -0.049137 1.776976 0.120699
v -0.049148 1.729271 0.164826
v -0.777269 1.729364 0.041662
v -0.643324 0.447054 0.870498
v 0.729239 -0.995610 1.444004
v -0.679796 -0.957968 0.326889
v -0.049124 1.687034 0.117893
v -0.777305 1.734281 -0.049830
v -0.777197 1.686541 -0.005497
v -0.232954 0.236363 0.545984
v -0.318820 0.292789 0.555044
v -0.228985 0.256140 0.264913
v -0.232954 0.020101 0.524573
v -0.607271 0.250399 0.264913
v -0.676496 0.749988 0.243237
v 0.264334 0.494504 0.690282
v 0.267777 0.641857 0.757020
v 0.225591 0.512251 0.732382
v 0.257102 0.668478 0.658294
v -0.158169 0.749767 0.244799
v -0.354025 -0.065518 1.085005
v -0.169382 -0.082332 0.806296
v -0.675982 0.146659 0.829005
v -0.517376 0.292789 0.555044
v -0.170206 0.146480 0.828514
v -0.482171 -0.065518 1.085005
v -0.813776 -1.763174 0.178596
v -0.676640 -0.082383 0.806406
v -0.099140 1.926545 0.129192
v -0.086959 -1.431743 0.107193
v -0.018080 1.926706 0.046005
v -0.603254 0.236329 0.545984
v -0.482171 0.079134 1.065343
v -0.603254 0.020101 0.524580
v -0.741658 -1.545826 -0.003871
v 0.073344 1.926715 0.124229
v -0.007656 1.926401 0.207300
v -0.682305 0.111801 0.982401
v -0.682879 -0.068516 0.992132
v -0.008456 -1.431675 0.174692
v 0.334755 0.172880 1.219527
v 0.606877 0.194525 1.186287
v 0.581379 0.255426 1.170638
v 0.288267 0.176022 1.229735
v -0.813777 -1.428134 -0.263834
v -0.813777 -1.673028 -0.259187
v 0.062323 -1.431581 0.102741
v 0.440047 0.270312 1.298151
v -0.016598 -1.431743 0.035093
v 0.407603 -1.511800 0.020315
v 0.799325 -1.511936 -0.002574
v 0.407687 -1.559505 0.064441
v 0.799289 -1.559412 0.041662
v 0.407496 -1.601742 0.017508
v 0.407496 -1.554071 -0.026683
v 0.799217 -1.602235 -0.005498
v 0.799325 -1.554495 -0.049823
v -0.793347 -1.511936 -0.002574
v -0.401469 -1.511800 0.020315
v -0.793299 -1.559421 0.041662
v -0.793347 -1.554496 -0.049830
v -0.401362 -1.601742 0.017508
v -0.401553 -1.559505 0.064441
v -0.793240 -1.602235 -0.005497
v -0.401362 -1.554071 -0.026683
v 0.217977 0.520285 0.675634
v 0.813778 -1.540544 0.282079
v 0.741646 -1.545826 -0.003877
v 0.462712 0.022555 1.339005
v 0.265482 0.508838 0.633844
v 0.093356 0.231438 0.857843
v 0.813778 -1.673020 -0.259188
v 0.387185 0.226665 1.102803
v 0.639930 0.297706 0.264913
v 0.710746 0.791341 0.244798
v 0.261645 0.291965 0.264913
v 0.406396 0.221715 1.086928
v 0.323590 0.290751 1.181504
v 0.454308 0.074693 1.374459
v 0.370749 0.046102 1.313600
v 0.432648 0.142472 1.374007
v 0.383337 0.246043 1.302958
v 0.813778 -1.763174 0.178596
v -0.725616 1.740607 -0.003871
v 0.192430 0.791554 0.243237
v 0.699532 -0.040766 0.806296
v 0.706885 0.153350 0.982272
v 0.351539 0.334355 0.555044
v 0.186035 -0.026950 0.992132
v 0.186609 0.153367 0.982401
v 0.192932 0.188225 0.829004
v 0.386744 -0.023953 1.085005
v -0.797746 2.016920 -0.062291
v -0.797746 1.867810 -0.259187
v -0.797746 1.622915 -0.263834
v 0.386744 0.120700 1.065343
v 0.514891 0.120700 1.065343
v 0.550095 0.334355 0.555044
v 0.265661 0.061667 0.524573
v 0.635961 0.061667 0.524579
v 0.514891 -0.023953 1.085005
v 0.386744 -0.000899 1.104287
v 0.365047 0.146268 1.061561
v 0.428081 0.240285 1.181524
v -0.797746 1.516669 0.170233
v -0.797746 1.957956 0.178596
v -0.797746 1.735325 0.282079
v -0.797746 1.740606 -0.003871
v 0.635961 0.277929 0.545984
v 0.265661 0.277895 0.545984
v 0.064809 0.257914 0.731653
v 0.169958 0.062610 1.018073
v 0.296897 0.174689 1.257387
v 0.309305 0.113915 1.246287
v 0.320447 0.192428 1.297261
v 0.320590 0.095446 1.164095
v 0.340565 0.037967 1.171463
v 0.499063 0.277385 1.279631
v 0.470279 0.330491 1.151930
v 0.415325 0.292475 1.221482
v 0.466274 0.296482 1.209033
v 0.493314 0.158470 1.374917
v 0.522601 -0.005654 1.275572
v 0.516576 0.084984 1.374517
v 0.578438 0.053897 1.315678
v 0.408870 0.179810 1.054940
v 0.424781 0.236855 1.095220
v 0.402475 0.235437 1.088845
v 0.570035 0.106035 1.351131
v 0.575008 0.261388 1.245933
v 0.548374 0.173823 1.350672
v 0.463955 0.173059 1.041621
v 0.595127 0.106918 1.120136
v 0.475144 0.015057 1.098286
v 0.575151 0.164397 1.112773
v 0.537280 0.230325 1.177149
v 0.492776 0.185669 1.072602
v 0.625298 0.115053 1.262278
v 0.721851 0.062593 1.017945
v 0.586782 0.253218 1.198941
v 0.641412 0.601463 0.547359
v 0.673653 0.526288 0.632385
v 0.634515 0.674473 0.615032
v 0.691775 0.599400 0.624964
v 0.666037 0.518264 0.689133
v 0.627282 0.500508 0.647034
v 0.623852 0.647861 0.713759
v -0.797746 1.466645 -0.072719
v 0.192287 -0.040809 0.806405
v 0.109553 0.251375 0.706706
v -0.653221 0.325906 1.470430
v -0.780316 0.812146 0.894104
v -0.820817 0.838070 0.916980
v 0.854660 0.838070 0.916979
v 0.891192 0.810380 0.892657
v 0.763798 0.324208 1.469036
v -0.084939 -1.644097 0.208306
v 0.215885 -1.644097 0.100734
v 0.109721 -1.644097 0.208306
v 0.215885 -1.458321 0.100734
v 0.813778 -1.545817 -0.003872
v 0.654646 2.161505 0.405630
v 0.682750 0.973477 1.007800
v 0.000317 0.975962 1.023875
v 0.000317 1.055327 0.542797
v -0.682103 0.973477 1.007800
v 0.759338 2.259126 0.847919
v 0.916390 1.480717 0.977032
v -0.900228 2.046852 0.935881
v -0.915744 1.480716 0.977032
v -0.882021 2.153829 0.901305
v -0.863805 2.262180 0.831973
v -0.587977 1.053190 0.543461
v 0.588623 1.053190 0.543461
v 0.900874 2.046852 0.935881
v -0.758704 2.259126 0.847919
v 0.000317 2.260475 0.834960
v -0.925057 0.972595 0.987706
v 0.864439 2.262180 0.831921
v -0.654011 2.161505 0.405630
v 0.000317 2.160963 0.404694
v -0.657321 -0.990575 1.441791
v -0.693435 0.348501 1.478728
v -0.656915 0.348450 1.441597
v -0.697642 0.348535 1.406693
v 0.727757 -0.990439 1.478748
v 0.687065 -0.990498 1.444004
v 0.687173 0.348536 1.443894
v 0.723118 -0.990575 1.406996
v 0.000149 -2.460839 0.411960
v -0.494727 -2.471665 0.341454
v -0.492615 -2.472098 0.316602
v -0.522312 -2.467683 0.389651
v -0.500500 -2.471241 0.372118
v -0.230177 -2.441367 0.174609
v -0.979740 -2.400014 0.165445
v -0.984525 -2.376102 0.539628
v -0.825860 -2.372603 0.441283
v -1.075861 -2.122739 0.543481
v -1.052316 -2.195290 0.145099
v -1.025329 -2.426338 0.457248
v 0.914308 -2.473431 0.411489
v 0.488164 -2.471673 0.341454
v 0.911476 -2.477346 0.353224
v 0.501505 -2.472522 0.288867
v 0.486065 -2.472098 0.316602
v 0.493938 -2.471241 0.372118
v 0.154077 -2.472158 0.217896
v 0.955479 -2.439814 0.173440
v 0.973176 -2.400014 0.165445
v 0.818590 -2.376315 0.537905
v 1.100960 -2.176960 0.328528
v 1.045766 -2.176084 0.145099
v 1.097152 -2.128209 0.477452
v -0.867018 -2.478747 0.276865
v -0.901060 -2.477906 0.307065
v -0.540914 -2.472956 0.276942
v -0.508067 -2.472522 0.288867
v -0.153768 -2.472158 0.217896
v -0.962041 -2.439814 0.173441
v -0.918026 -2.477346 0.353224
v -0.957086 -2.474527 0.265597
v -0.920858 -2.473431 0.411489
v -0.825153 -2.376315 0.537905
v -0.902599 -2.481592 0.389890
v 0.000149 -2.368884 0.440832
v -1.107523 -2.196165 0.328528
v 0.819309 -2.372603 0.441283
v -1.103703 -2.147415 0.477453
v 0.894498 -2.477906 0.307065
v 0.950523 -2.474527 0.265597
v 0.534363 -2.472956 0.276942
v 0.515750 -2.467683 0.389658
v 0.230486 -2.441367 0.174609
v 0.000149 -2.469780 0.218599
v 0.896036 -2.481592 0.389890
v 0.977974 -2.376102 0.539628
v 0.860467 -2.478747 0.276865
v 1.060474 -2.195290 0.145099
v 1.018778 -2.426338 0.457247
v 1.111860 -2.147415 0.477453
v 1.115668 -2.196165 0.328528
v 1.069298 -2.103533 0.543481
v 0.000148 2.414187 0.604946
v 0.904336 2.322098 0.218425
v -1.084808 2.194392 0.402520
v 1.091708 2.194392 0.402519
v 1.056653 2.288115 0.581702
v 1.113057 2.117230 0.538118
v 1.063219 2.223884 0.298643
v 1.028127 2.225421 0.225046
v 0.823984 2.422755 0.589181
v 0.960775 2.366431 0.359116
v -1.106156 2.117230 0.538118
v -1.056307 2.223884 0.298644
v -0.953876 2.366431 0.359116
v 0.941673 2.367934 0.631843
v 0.000148 2.371220 0.624222
v -0.820502 2.468719 0.542739
v 0.000148 2.469883 0.302129
v -1.021216 2.229998 0.225046
v -0.947392 2.360988 0.359116
v -1.049824 2.225217 0.298644
v -1.014732 2.224555 0.225046
v -0.890940 2.316654 0.218432
v -1.078325 2.197883 0.402520
v -1.099672 2.111787 0.538118
v -1.005907 2.338604 0.454551
v -1.043245 2.282671 0.581702
v 0.490886 2.369572 0.619414
v 0.954172 2.325459 0.359116
v 0.820811 2.468719 0.542739
v 0.897720 2.322098 0.218425
v 0.935045 2.367934 0.631843
v 1.050025 2.288115 0.581702
v 1.012687 2.318097 0.454550
v 1.021512 2.226252 0.225046
v 1.056604 2.226905 0.298643
v 1.085104 2.203326 0.402519
v 1.106452 2.117230 0.538118
v -0.823688 2.422747 0.589188
v 0.487175 2.369572 0.619414
v 1.019291 2.344048 0.454550
v 0.001613 2.359867 0.218309
v -0.897423 2.322098 0.218432
v -0.934737 2.367934 0.631843
v -1.049729 2.288115 0.581702
v -1.012391 2.344048 0.454551
v -1.021216 2.225421 0.225046
v -0.486867 2.369572 0.619414
v 0.000148 2.486392 0.546940
v -0.083291 -2.388761 0.441115
v -0.084500 -2.352604 0.990474
v -0.084695 -2.356076 0.441180
v -0.072257 -2.249186 1.547996
v -0.083291 -2.284816 1.547944
v -0.083291 -2.400122 0.988480
v -0.085346 -2.400113 0.988480
v -0.103895 -2.243674 1.537168
v -0.101624 -2.347347 0.990481
v -0.085674 -2.284816 1.544590
v -0.094325 -2.350829 0.445981
v -0.814352 -2.394855 0.458760
v -0.731828 -2.289036 1.544635
v -0.813985 -2.392709 0.990481
v -0.085346 -2.388752 0.445916
v 0.000148 2.262902 0.845215
v -0.817597 2.216055 0.883391
v 0.817893 2.216055 0.883391
v 0.901077 2.156071 0.901363
v -0.900780 2.156062 0.901363
v 0.000149 1.484682 1.000657
v 0.945018 0.973706 0.987705
v 0.935521 1.482347 0.977039
v 1.034731 0.684205 0.975102
v 1.064196 -0.237735 0.982188
v 1.046388 0.300015 0.975406
v 0.947862 2.195921 0.821254
v 0.984381 2.271165 0.675840
v 0.934655 2.362491 0.631843
v 0.927710 0.685215 1.145432
v 0.853279 0.312269 1.479916
v 0.811779 -0.236929 1.507186
v 0.704245 0.335526 1.522996
v 0.490508 2.364129 0.627758
v 0.564792 2.265721 0.833819
v 0.882096 2.264609 0.831973
v 0.542810 2.325298 0.774114
v 0.913331 2.327531 0.771785
v 0.000149 0.977077 1.023875
v -0.001731 0.338448 1.522996
v -0.490358 2.364129 0.627759
v -0.913181 2.327531 0.771785
v -0.564655 2.265721 0.833819
v -0.542660 2.325298 0.774114
v -0.881946 2.264609 0.831973
v -0.934517 2.362491 0.631843
v -0.984231 2.271165 0.675841
v -0.947712 2.195921 0.821254
v -1.046091 0.300015 0.975406
v -0.551875 -2.315198 0.386703
v -0.511546 -2.317865 0.292152
v -0.524668 -2.316897 0.386225
v -0.897814 -2.469812 0.313505
v -0.881141 -2.470237 0.293340
v -0.880872 -2.319062 0.293611
v -0.897545 -2.318637 0.313776
v -0.543807 -2.318188 0.280117
v -0.858926 -2.319486 0.279865
v -0.859194 -2.470661 0.279601
v -0.912107 -2.318212 0.354179
v -0.912375 -2.469388 0.353915
v 0.474543 -2.212919 1.653162
v 0.541920 -2.212919 1.653162
v 0.609747 -2.219414 1.640153
v 0.671081 -2.230979 1.589554
v 0.354205 -2.230979 1.589999
v 0.023132 -2.230979 1.589999
v 0.143470 -2.212919 1.653169
v 0.210846 -2.212919 1.653162
v 0.319564 -2.227329 1.612785
v -0.338137 -2.227329 1.612340
v -0.234058 -2.212919 1.653169
v -0.354396 -2.230979 1.589999
v -0.575481 -2.212919 1.653162
v -0.508116 -2.212919 1.653162
v -0.440276 -2.219414 1.640153
v -0.695818 -2.230988 1.589999
v -0.378954 -2.230979 1.589554
v -0.906932 -2.469175 0.373300
v -0.893041 -2.317797 0.387051
v 0.887857 -2.468963 0.386780
v 0.906643 -2.318212 0.354179
v 0.901480 -2.469175 0.373300
v 0.901211 -2.318001 0.373564
v 0.875689 -2.470237 0.293345
v -0.552143 -2.466373 0.386438
v -0.893310 -2.468963 0.386780
v -0.524948 -2.468071 0.385954
v -0.511815 -2.469039 0.291888
v -0.504028 -2.317220 0.367582
v -0.497144 -2.317542 0.317881
v -0.497424 -2.468716 0.317610
v 0.875407 -2.319062 0.293610
v 0.892362 -2.469812 0.313505
v 0.892093 -2.318637 0.313776
v 0.538355 -2.318188 0.280117
v 0.546423 -2.315198 0.386703
v 0.519216 -2.316897 0.386219
v 0.519484 -2.468063 0.385954
v -0.544075 -2.469362 0.279853
v -0.906662 -2.318001 0.373564
v -0.504296 -2.468394 0.367318
v 0.853474 -2.319486 0.279865
v 0.546691 -2.466373 0.386438
v 0.506363 -2.469039 0.291887
v 0.491960 -2.468716 0.317610
v 0.498844 -2.468394 0.367318
v 0.853742 -2.470661 0.279600
v 0.538623 -2.469362 0.279853
v 0.906923 -2.469388 0.353915
v 0.887577 -2.317788 0.387051
v 0.491692 -2.317542 0.317881
v 0.498576 -2.317220 0.367582
v 0.506082 -2.317865 0.292152
v 1.162820 1.744989 0.686120
v 1.205223 -1.009383 0.376403
v 1.176136 -0.982287 0.278639
v 1.143009 -0.879064 0.343080
v 1.047181 -0.871575 0.068435
v 1.075620 -1.084287 0.681822
v 1.005058 0.876894 0.974806
v 0.370463 -2.227329 1.612340
v 0.398658 -2.120276 1.589999
v 0.411352 -2.219414 1.638816
v 0.509781 -2.077717 1.601544
v 0.650637 -2.227329 1.612785
v 0.626628 -2.120276 1.589547
v 0.067586 -2.120276 1.589999
v 0.178708 -2.077717 1.601544
v 0.039403 -2.227337 1.612340
v 0.080281 -2.219414 1.638816
v 0.295555 -2.120276 1.589547
v 0.340010 -2.230979 1.589547
v 0.278675 -2.219414 1.640153
v -0.297247 -2.219414 1.638816
v -0.309942 -2.120276 1.589999
v -0.198831 -2.077717 1.601544
v -0.166694 -2.212919 1.653162
v -0.098853 -2.219414 1.640153
v -0.037531 -2.230979 1.589554
v -0.057964 -2.227329 1.612785
v -0.081985 -2.120276 1.589547
v -0.679560 -2.227329 1.612340
v -0.651364 -2.120276 1.589999
v -0.638670 -2.219414 1.638817
v -0.540254 -2.077717 1.601543
v -0.423407 -2.120276 1.589547
v -0.399386 -2.227337 1.612785
v 1.038319 2.157472 0.701072
v 1.052942 2.282671 0.581702
v 0.903994 2.156147 0.901304
v 1.035268 1.951459 0.786537
v 1.021317 1.408573 0.814672
v 0.986957 2.271165 0.675840
v 0.922596 2.049061 0.935881
v 0.950437 2.195921 0.821254
v 0.938439 1.482347 0.977032
v 1.132073 1.210092 0.611315
v 1.082858 1.380126 0.772204
v 0.972250 0.971463 0.943495
v 0.983918 1.481930 0.940630
v 1.148185 1.216715 0.195981
v 1.126520 1.089529 0.279420
v 1.159267 1.254103 0.360316
v 1.076256 0.839684 0.529735
v 0.856196 0.312269 1.479916
v 0.930627 0.685189 1.145458
v 1.100277 0.837340 0.157514
v 0.947935 0.973706 0.987705
v 1.121832 -0.863864 0.235068
v 1.125811 -0.917047 0.498115
v 1.128924 0.833969 0.468508
v 1.067113 -0.237735 0.982188
v 1.049305 0.300015 0.975406
v 1.037649 0.684205 0.975102
v 1.203942 -1.096446 0.520611
v 1.089255 -1.695191 0.807670
v 1.090707 -1.242357 0.773940
v 0.814696 -0.236929 1.507186
v 0.545446 2.325298 0.774114
v 0.668445 2.235882 0.712164
v 0.884660 2.264609 0.831973
v 0.937230 2.362491 0.631843
v 0.567392 2.265721 0.833819
v -0.919370 2.049061 0.935881
v -0.947212 2.195921 0.821254
v -1.118618 -0.863864 0.235068
v -1.205927 -1.009384 0.376403
v -1.079646 1.380126 0.772204
v -1.122598 -0.917047 0.498116
v -1.046982 0.839591 0.066861
v -1.095732 1.078329 0.158392
v -1.123305 1.089521 0.279420
v -1.204645 -1.096447 0.520611
v -1.072395 -1.084287 0.681822
v -1.084575 -1.950497 0.713720
v -1.014539 -2.120921 0.969799
v -1.086029 -1.695191 0.807670
v 1.195117 -1.956339 0.497334
v 1.101473 -2.148077 0.477452
v 1.166030 -2.057659 0.296308
v 1.114448 -2.068520 0.124087
v -1.052316 -2.195960 0.145099
v -1.035094 2.157472 0.701072
v -1.106156 2.112144 0.537195
v -0.881446 2.264609 0.831973
v -1.032054 1.951451 0.786537
v -0.983732 2.271165 0.675834
v -1.073041 0.839683 0.529736
v -1.018091 1.408564 0.814672
v -0.969036 0.971463 0.943495
v -0.980704 1.481930 0.940630
v -1.148889 1.216715 0.195982
v -1.110917 1.203698 0.104683
v -1.180710 1.336165 0.540035
v -1.134816 1.126994 0.439050
v -1.159972 1.254103 0.360316
v -1.034422 0.684205 0.975103
v -1.097063 0.837340 0.157515
v -1.045420 -0.871575 0.068436
v -1.125710 0.833969 0.468509
v -1.139795 -0.879064 0.343080
v -1.125295 0.832679 0.291081
v -1.001844 0.876894 0.974806
v -0.782615 -0.436020 1.568975
v -0.801095 0.335289 1.513175
v -1.063899 -0.237735 0.982188
v -1.203998 -1.188690 0.600449
v -1.087482 -1.242357 0.773941
v -0.811482 -0.236937 1.507186
v -0.773302 -2.244574 1.585482
v 1.087791 -1.950497 0.713720
v 1.098946 1.078329 0.158398
v 1.017765 -2.120921 0.969798
v 1.170118 1.506301 0.659881
v 1.180006 1.336165 0.540035
v 1.202648 -1.297169 0.645311
v 1.199840 -1.578110 0.675878
v 1.138029 1.126994 0.439050
v 1.128521 0.832679 0.291080
v -0.542232 2.325298 0.774114
v -0.665231 2.235882 0.712164
v 0.232756 0.005487 1.633067
v 0.232756 -0.129783 1.550706
v -1.163524 1.744980 0.686120
v -1.128847 1.210083 0.611316
v -0.852969 0.312268 1.479916
v -0.944721 0.973706 0.987706
v -0.513804 -0.129783 1.550706
v -0.238525 -0.129783 1.550706
v -0.513804 0.005487 1.633067
v -0.927413 0.685189 1.145458
v 0.508023 -0.129783 1.550706
v 0.508023 0.005487 1.633067
v -1.201105 -1.803916 0.628501
v 0.995380 -2.384948 0.988835
v 0.809606 -2.392709 0.990481
v -0.003842 -2.246451 1.598530
v 0.744073 -2.245152 1.601834
v -0.238525 0.005487 1.633067
v 0.156225 -0.265902 1.181550
v 0.689085 -0.146019 1.181550
v 0.761026 -0.168054 0.251388
v 0.156225 -0.146019 1.181550
v 0.773074 -2.244574 1.585481
v 0.726533 -2.289036 1.547996
v 0.001613 2.323065 0.776438
v 0.761026 -0.048179 0.251388
v 0.689085 -0.265902 1.181550
v -0.692486 -0.146019 1.181551
v -0.766515 -0.048179 0.251394
v -0.089772 -0.048179 0.251394
v -0.163789 -0.146019 1.181550
v -0.089772 -0.168054 0.251394
v -0.692486 -0.265902 1.181551
v -0.766515 -0.168063 0.251394
v -0.163789 -0.265902 1.181550
v 0.686913 -2.240465 1.601156
v 0.784377 -0.436020 1.568974
v 0.000149 -0.559011 1.590083
v 0.802857 0.335289 1.513181
v 0.746282 -0.561932 1.590083
v -0.690607 -2.240465 1.601157
v -0.745972 -0.561932 1.590083
v -0.823687 -2.396191 0.441258
v -0.744300 -2.245152 1.601834
v -0.083376 -2.284816 1.547951
v -0.997621 -2.384948 0.988835
v -0.816389 -2.392709 0.990481
v -0.734219 -2.289036 1.547996
v -0.564179 2.265721 0.833819
v 0.084283 -0.168062 0.251388
v 0.084283 -0.048179 0.251388
v -1.054428 0.776652 1.159332
v -1.031956 0.772559 1.136843
v -1.033152 0.797260 1.017403
v -1.031956 0.807128 1.136837
v -1.167076 0.814999 1.035336
v -1.288658 0.755202 0.997779
v -1.253628 0.755202 1.149376
v -1.263148 0.755202 0.977077
v -1.033152 0.768474 1.017403
v -0.991555 0.758463 1.013131
v -1.253628 0.795545 1.149376
v -1.054428 0.816994 1.159332
v -1.053341 0.797260 0.964152
v -0.998183 0.817776 0.958415
v -0.981522 0.817776 1.013131
v -1.280920 0.795545 1.130455
v -1.280920 0.755202 1.130455
v -1.288658 0.795545 0.997779
v -1.053341 0.768474 0.964152
v -1.263148 0.795545 0.977077
v -1.015210 0.758463 0.958415
v 1.273954 0.755202 0.977077
v 1.042750 0.772567 1.136836
v 1.042750 0.807128 1.136836
v 1.065221 0.776652 1.159332
v 1.299452 0.795545 0.997779
v 1.264434 0.795545 1.149374
v 1.177881 0.815000 1.035336
v 1.064135 0.797260 0.964152
v 1.008977 0.817776 0.958415
v 1.043958 0.768474 1.017403
v 1.002349 0.758463 1.013130
v 0.992328 0.817776 1.013130
v 1.043958 0.797260 1.017403
v 1.065221 0.816994 1.159332
v 1.264434 0.755202 1.149374
v 1.291726 0.795545 1.130454
v 1.291726 0.755202 1.130454
v 1.299452 0.755202 0.997779
v 1.273954 0.795545 0.977077
v 1.064135 0.768474 0.964152
v 1.026004 0.758463 0.958415
v -0.703935 0.335526 1.522996
v -0.628918 0.367200 1.489718
v -0.805855 0.374783 1.475102
v 0.801404 0.335289 1.513181
v 0.806152 0.374783 1.475101
v 0.000149 0.364991 1.488053
v 0.629264 0.367191 1.489698
v 1.105281 -2.196835 0.328528
v 0.972115 -2.299803 0.170937
v -1.202607 -1.578110 0.675879
v -1.170847 -2.057659 0.296308
v -1.199934 -1.956339 0.497335
v -0.828472 -1.655927 0.305762
v -1.125258 -0.964787 0.063293
v -1.176840 -0.982287 0.278639
v -1.203363 -1.297169 0.645311
v 0.001613 2.231331 0.216935
v -1.152661 1.971100 0.635838
v -0.720109 1.621590 0.471954
v -0.979813 -2.299803 0.170937
v -0.897423 2.278926 0.218426
v -0.489992 2.364129 0.627694
v -0.934017 2.362491 0.631843
v -0.822089 2.363442 0.565964
v -0.953876 2.323260 0.359116
v -1.012391 2.300877 0.454551
v -0.741262 2.035178 0.481144
v -1.107523 -2.196835 0.328528
v -1.103703 -2.148086 0.477453
v -1.066584 -2.123409 0.543481
v -0.984525 -2.395970 0.539628
v 0.824778 -1.655927 0.305761
v 1.124554 -0.964786 0.063293
v 0.832162 -1.243485 0.308884
v 1.203294 -1.188690 0.600449
v 0.000149 -1.004153 0.168007
v 1.151956 1.971109 0.635838
v 0.001613 1.198841 0.079883
v 0.720405 1.621590 0.471954
v 0.743022 2.035178 0.481144
v 1.110212 1.203698 0.104683
v 1.048743 0.839599 0.066861
v 0.809801 -2.396182 0.441257
v 1.050087 -2.195952 0.145099
v -0.083376 -2.314409 0.179649
v 1.196288 -1.803916 0.628500
v -0.003843 -1.969738 0.114421
v -0.003843 -2.259791 0.160857
v -1.170823 1.506300 0.659882
v -0.831853 -1.243486 0.308885
v 0.169639 1.166446 0.854294
v 0.007179 1.342729 0.854340
v 0.190340 1.198900 0.902163
v 0.284899 1.334170 0.858237
v 0.220489 1.239192 0.858192
v 0.092804 1.333252 0.902208
v 0.901077 2.156122 0.901286
v 0.751981 1.170683 0.902118
v 0.720368 1.134551 0.856198
v 0.833041 1.136879 0.858192
v 0.852974 1.166420 0.902163
v -0.561505 1.602391 0.862613
v -0.776207 1.622440 0.864535
v -0.801363 1.766659 0.867175
v -0.683052 1.775142 0.866510
v -0.801070 1.664846 0.920342
v -0.530442 1.646487 0.862658
v -0.606399 1.683323 0.919148
v -0.540145 1.783455 0.866555
v -0.271604 1.643226 0.847028
v -0.256578 1.681659 0.903564
v 0.024242 1.427908 0.854823
v -0.233020 1.738527 0.850926
v -0.533603 1.691119 0.919193
v 0.059286 1.466807 0.793558
v 0.137270 1.406288 0.770520
v -0.004771 1.390196 0.800236
v 0.092876 1.348682 0.795552
v 0.129543 1.365877 0.827055
v -0.213857 1.084053 0.958847
v -0.165181 1.076036 0.902312
v -0.125365 0.976448 0.902267
v -0.223097 0.977128 0.958802
v -0.340200 0.973306 0.906164
v -0.314556 1.100653 0.906209
v -0.099061 1.302267 0.886682
v -0.136692 1.324744 0.943218
v -0.192033 1.359152 0.890580
v 0.203706 1.509639 0.908997
v 0.295763 1.586987 0.881236
v 0.254250 1.603546 0.824700
v 0.170433 1.549786 0.847732
v 0.237162 1.475069 0.854410
v 0.305344 1.550669 0.849726
v 0.187228 1.977995 0.797610
v -0.342800 2.042344 0.843569
v 0.218853 2.014127 0.843524
v -0.312652 2.082637 0.799604
v -0.363502 2.009889 0.795707
v -0.525950 2.186173 0.795752
v -0.440325 2.176697 0.843621
v -0.248229 2.177614 0.799650
v 0.319832 2.009864 0.843569
v 0.330402 2.049808 0.795707
v 0.245572 2.053417 0.797604
v 0.299912 1.980322 0.799604
v -0.373742 1.472004 0.942463
v -0.636437 1.489641 0.917257
v -0.300775 1.355390 0.932583
v -0.355629 1.094234 0.942463
v -0.834990 1.404598 0.785659
v -0.838017 1.154837 0.785659
v -0.834990 1.404598 0.940882
v -0.373742 1.472004 0.783968
v -0.636437 1.489641 0.762299
v -0.329521 1.454274 0.775463
v -0.300775 1.355390 0.772585
v -0.329521 1.454274 0.937494
v -0.300678 1.116244 0.775463
v -0.300678 1.116244 0.937494
v -0.838017 1.154837 0.940882
v -0.355629 1.094234 0.783968
v -0.091530 1.901325 0.908965
v 0.157262 1.959476 0.899085
v 0.662281 1.943622 0.903996
v 0.706845 1.892512 0.908965
v 0.034728 1.480155 0.958466
v 0.034728 1.480155 0.803243
v 0.562022 1.460769 0.803243
v -0.083376 -2.388752 0.466334
v -1.119265 -2.068520 0.124088
v 1.015604 2.300877 0.454550
v 1.107905 2.112144 0.537195
v 0.900637 2.278926 0.218425
v 0.825302 2.363442 0.565963
v 0.493204 2.364129 0.627694
v 0.957089 2.323260 0.359116
v 0.001613 2.365811 0.624228
v 0.778078 2.261552 0.847912
v 0.001613 2.264864 0.840440
v 0.696958 0.974589 1.007800
v 0.919678 2.049061 0.935881
v 0.000148 1.981809 0.962158
v 0.775160 2.261552 0.847919
v 0.000148 2.209941 0.889496
v 0.882475 2.264609 0.831921
v -0.696649 0.974589 1.007800
v -0.935213 1.482347 0.977032
v 0.717756 2.213966 0.774004
v 0.817124 2.216794 0.759247
v -0.618470 2.123489 0.699452
v 0.556346 1.096221 0.798094
v 0.000148 2.122979 0.698587
v -0.645030 1.022336 0.922046
v -0.874732 1.021512 0.903441
v -0.717448 2.213966 0.774004
v 0.000148 2.215215 0.771501
v 0.645339 1.022336 0.922045
v -0.556050 1.096221 0.798094
v 0.000149 1.098208 0.797481
v 0.000149 1.024638 0.936932
v 0.834335 2.116339 0.823422
v 0.851570 2.017218 0.855455
v 0.618766 2.123489 0.699452
v 0.866229 1.492477 0.893561
v 0.875029 1.021512 0.903441
v -0.834038 2.116339 0.823423
v -0.816816 2.216794 0.759247
v -0.865932 1.492477 0.893561
v -0.851261 2.017218 0.855456
v -0.882179 2.264609 0.831973
v -0.774864 2.261552 0.847919
v -0.900780 2.156147 0.901305
v 1.064343 -2.123401 0.543481
v 0.982295 -2.395978 0.539628
v 0.778713 1.209981 0.856198
v 0.863531 1.206364 0.854294
v -0.091530 1.901325 0.750464
v -0.137949 1.665185 0.934841
v -0.137949 1.665185 0.779877
v -0.052544 1.940098 0.903996
v 0.157262 1.959476 0.739080
v -0.052544 1.940098 0.741959
v 0.662281 1.943622 0.741958
v 0.706845 1.892512 0.750464
v 0.562022 1.460769 0.958466
v 0.444784 2.216217 0.228589
v -0.477651 2.216217 0.228589
v -0.477651 1.813626 -0.063691
v -0.477651 1.136547 0.090034
v 0.444784 1.136547 0.090034
v 0.444784 1.813617 -0.063691
v -0.083291 -2.378977 0.441115
v -0.083291 -2.275032 1.547944
v -0.083291 -2.390338 0.988480
v -0.095973 -2.390330 0.988480
v -0.103467 -2.275032 1.537122
v -0.803426 -2.386407 0.446020
v -0.720901 -2.279253 1.537168
v -0.803059 -2.382925 0.990481
v -0.095973 -2.378969 0.445916
v 0.809606 -2.382925 0.990481
v 0.726533 -2.279253 1.547996
v 0.809801 -2.386399 0.441257
v 0.232756 0.005487 1.633067
v 0.232756 -0.129783 1.550706
v -0.513804 -0.129783 1.550706
v -0.238525 -0.129783 1.550706
v -0.513804 0.005487 1.633067
v 0.508023 -0.129783 1.550706
v 0.508023 0.005487 1.633067
v -0.238525 0.005487 1.633067
vn -0.2129 0.9449 -0.2487
vn -0.2694 0.4403 0.8565
vn 0.9790 0.1950 0.0592
vn 0.9026 0.2314 -0.3630
vn -0.1653 0.3722 -0.9133
vn -0.1653 0.3723 -0.9133
vn -0.6000 0.1926 -0.7765
vn 0.9065 0.1113 -0.4072
vn 0.7111 0.0127 0.7030
vn 0.5850 -0.7097 0.3926
vn 0.8639 0.3755 -0.3357
vn 0.9937 0.0832 -0.0747
vn 0.7998 -0.3096 -0.5142
vn 0.7999 -0.3096 -0.5142
vn 0.8401 -0.5088 0.1883
vn 0.8401 -0.5087 0.1882
vn 0.7445 0.3068 0.5930
vn 0.9937 0.0832 -0.0748
vn 0.8899 0.3041 0.3401
vn 0.7706 0.4768 -0.4230
vn 0.8899 0.3041 0.3400
vn 0.3223 0.6445 0.6934
vn 0.3313 -0.3475 0.8772
vn -0.2694 0.4402 0.8565
vn 0.0190 0.7263 -0.6872
vn 0.4023 0.5910 -0.6992
vn 0.5456 0.8362 -0.0550
vn 0.0190 0.7262 -0.6872
vn 0.6095 0.7863 -0.1007
vn 0.6095 0.7864 -0.1007
vn 0.3942 0.7026 -0.5924
vn 0.3942 0.7026 -0.5923
vn 0.0003 -0.3923 -0.9198
vn -0.0000 -0.8359 -0.5489
vn -0.0000 -0.8359 -0.5488
vn 0.4622 -0.8610 0.2123
vn 0.8401 -0.5087 0.1883
vn 0.4540 -0.5401 0.7087
vn 0.0006 0.9739 -0.2268
vn 0.4790 0.8567 -0.1913
vn 0.3614 0.5210 0.7733
vn 0.3224 0.6445 0.6933
vn 0.4791 0.8567 -0.1913
vn -0.0030 0.9169 -0.3992
vn 0.0191 0.7262 -0.6872
vn -0.0025 0.7573 -0.6530
vn 0.5457 0.8362 -0.0550
vn -0.0025 0.7574 -0.6530
vn -0.0053 0.8581 -0.5134
vn -0.0016 0.4651 -0.8852
vn -0.0053 0.8581 -0.5135
vn -0.0016 0.4651 -0.8853
vn 0.3943 0.7026 -0.5924
vn 0.0003 -0.3923 -0.9199
vn -0.0000 -0.9923 -0.1239
vn -0.0000 -0.9377 0.3475
vn -0.0000 -0.6311 0.7757
vn 0.4621 -0.8610 0.2123
vn 0.4540 -0.5401 0.7086
vn -0.0000 -0.6312 0.7756
vn -0.0000 -0.1910 0.9816
vn 0.4672 -0.1309 0.8744
vn -0.0000 -0.6312 0.7757
vn -0.0000 -0.1909 0.9816
vn -0.0000 0.2180 0.9759
vn -0.0000 0.2180 0.9760
vn -0.0000 0.6103 0.7921
vn -0.0000 0.6103 0.7922
vn -0.0000 0.7194 0.6946
vn 0.7705 0.4768 -0.4230
vn 0.7706 0.4767 -0.4230
vn 0.3224 0.6445 0.6934
vn -0.8899 0.3041 0.3401
vn -0.7690 0.4779 -0.4245
vn -0.9944 0.0784 -0.0713
vn 0.4673 -0.1309 0.8744
vn -0.8000 -0.3102 -0.5135
vn -0.8401 -0.5087 0.1883
vn -0.8401 -0.5087 0.1882
vn -0.7445 0.3067 0.5930
vn -0.0000 0.7193 0.6947
vn -0.3223 0.6444 0.6934
vn -0.9224 -0.2184 0.3187
vn 0.3313 -0.3476 0.8772
vn -0.5723 0.8199 -0.0180
vn -0.6001 0.7956 -0.0831
vn 0.0191 0.7263 -0.6871
vn -0.3977 0.5785 -0.7122
vn -0.8643 0.3720 -0.3386
vn -0.3982 0.7012 -0.5913
vn -0.8643 0.3720 -0.3385
vn -0.3982 0.7012 -0.5914
vn -0.8000 -0.3103 -0.5135
vn -0.3982 0.7013 -0.5913
vn -0.4622 -0.8610 0.2123
vn -0.8001 -0.3102 -0.5135
vn -0.4621 -0.8610 0.2123
vn -0.4539 -0.5401 0.7087
vn -0.4672 -0.1309 0.8744
vn -0.7444 0.3068 0.5930
vn -0.4540 -0.5401 0.7086
vn -0.3614 0.5210 0.7733
vn -0.7445 0.3068 0.5930
vn -0.3223 0.6445 0.6934
vn 0.0007 0.9739 -0.2268
vn -0.4805 0.8555 -0.1929
vn -0.5722 0.8199 -0.0180
vn -0.5723 0.8198 -0.0180
vn -0.6001 0.7956 -0.0830
vn -0.4540 -0.5401 0.7087
vn -0.3614 0.5210 0.7732
vn -0.0001 0.6103 0.7921
vn -0.0000 0.7193 0.6946
vn -0.4804 0.8556 -0.1929
vn 0.0190 0.7263 -0.6871
vn -0.8642 0.3721 -0.3386
vn -0.2129 0.9449 -0.2488
vn -0.9847 -0.1466 0.0938
vn 0.0258 0.7667 0.6415
vn -0.1138 0.7468 0.6553
vn -0.9847 -0.1466 0.0937
vn 0.1177 -0.7462 -0.6552
vn -0.9852 -0.1391 0.1004
vn -0.0269 -0.7671 -0.6409
vn -0.0000 0.0462 0.9989
vn -0.0001 -0.9991 0.0435
vn 0.0001 -0.9990 0.0450
vn -0.0000 -0.9991 0.0435
vn -0.0000 0.0410 0.9992
vn -0.9944 0.0785 -0.0712
vn -0.0240 -0.0554 -0.9982
vn -0.0002 0.0462 0.9989
vn 0.0002 0.9989 -0.0460
vn 0.0002 0.9991 -0.0429
vn 0.0007 0.9991 -0.0429
vn 0.0001 0.9991 -0.0429
vn 0.0001 -0.0449 -0.9990
vn 0.0002 -0.0449 -0.9990
vn 0.0002 -0.0451 -0.9990
vn -0.8899 0.3041 0.3400
vn -0.9854 0.1371 -0.1014
vn -0.1179 -0.7462 -0.6552
vn -0.9847 0.1477 -0.0926
vn -0.9853 0.1371 -0.1015
vn -0.0259 0.7668 0.6414
vn 0.1138 0.7468 0.6553
vn -0.7690 0.4780 -0.4245
vn -0.0451 -0.0002 -0.9990
vn -0.0449 -0.0002 -0.9990
vn 0.9991 -0.0002 -0.0428
vn 0.9989 -0.0002 -0.0460
vn -0.9223 -0.2184 0.3187
vn -0.4193 0.9000 0.1194
vn 0.6931 -0.1970 0.6933
vn 0.6931 -0.1970 0.6934
vn 0.9026 0.2314 -0.3631
vn 0.0191 0.7263 -0.6872
vn -0.4193 0.9000 0.1195
vn -0.6000 0.1926 -0.7764
vn 0.6377 -0.0223 0.7700
vn 0.9523 0.0371 -0.3030
vn 0.9283 -0.0466 -0.3688
vn 0.6377 -0.0222 0.7700
vn 0.2285 0.1482 0.9622
vn -0.9610 -0.1042 0.2564
vn -0.9609 -0.1042 0.2564
vn -0.3310 0.9342 0.1329
vn -0.9610 -0.1041 0.2563
vn -0.5523 -0.2140 -0.8057
vn -0.5523 -0.2139 -0.8057
vn 0.0579 -0.3781 -0.9239
vn 0.3680 0.7217 0.5863
vn 0.7111 0.0127 0.7029
vn 0.3681 0.7217 0.5863
vn 0.3680 0.7217 0.5862
vn 0.5636 -0.7928 -0.2322
vn 0.0579 -0.3782 -0.9239
vn 0.5635 -0.7928 -0.2321
vn -0.3310 0.9342 0.1330
vn 0.5636 -0.7927 -0.2322
vn 0.1564 -0.8522 0.4993
vn 0.2082 -0.2095 0.9554
vn -0.1494 -0.8541 0.4982
vn 0.0952 0.6851 0.7222
vn -0.0904 0.6864 0.7216
vn -0.2001 -0.2094 0.9571
vn -0.1493 -0.8541 0.4983
vn -0.7091 0.0084 0.7051
vn -0.5782 -0.7128 0.3970
vn -0.0903 0.6864 0.7216
vn -0.3584 0.7245 0.5888
vn -0.9439 0.0448 -0.3273
vn -0.7091 0.0084 0.7050
vn -0.9345 -0.0041 -0.3560
vn -0.9794 0.1865 -0.0778
vn 0.1508 0.1325 -0.9796
vn 0.2241 0.9413 -0.2523
vn -0.9794 0.1865 -0.0779
vn 0.2911 0.5612 0.7748
vn 0.2242 0.9413 -0.2523
vn 0.1508 0.1326 -0.9796
vn 0.5722 -0.1575 -0.8049
vn -0.2339 0.0843 0.9686
vn 0.2911 0.5613 0.7747
vn -0.1291 -0.8683 -0.4790
vn -0.0130 -0.8463 -0.5325
vn -0.2621 -0.9111 0.3181
vn -0.1765 -0.8530 0.4912
vn -0.0131 -0.8463 -0.5325
vn 0.1879 -0.8530 0.4869
vn 0.2640 -0.9172 0.2985
vn 0.1176 -0.8635 -0.4904
vn 0.2640 -0.9171 0.2986
vn 0.1176 -0.8635 -0.4905
vn 0.2309 -0.9403 -0.2501
vn 0.2549 -0.9404 0.2253
vn -0.2621 -0.9111 0.3180
vn -0.2295 -0.9667 -0.1136
vn -0.2179 -0.9282 0.3015
vn -0.2844 0.8932 0.3482
vn -0.0142 0.8205 -0.5715
vn -0.1539 0.8433 -0.5149
vn -0.1949 0.8214 0.5360
vn 0.2083 0.8209 0.5317
vn 0.2964 0.8969 0.3282
vn 0.1256 0.8422 -0.5244
vn 0.2701 0.9548 -0.1242
vn 0.2515 0.8937 0.3715
vn -0.2260 0.9407 -0.2529
vn -0.2572 0.9635 0.0737
vn -0.6964 -0.4940 0.5205
vn -0.6564 -0.4976 -0.5670
vn -0.2622 -0.9111 0.3180
vn -0.3910 -0.2777 0.8775
vn -0.3909 -0.2778 0.8775
vn -0.3470 -0.2980 0.8892
vn -0.3470 -0.2980 0.8893
vn 0.3740 -0.3019 0.8769
vn 0.3741 -0.3019 0.8769
vn 0.3926 -0.2635 0.8812
vn 0.1879 -0.8530 0.4870
vn 0.6817 -0.4796 0.5525
vn 0.2641 -0.9171 0.2985
vn 0.6842 -0.4858 -0.5439
vn 0.2549 -0.9403 0.2253
vn 0.6842 -0.4858 -0.5440
vn 0.1592 -0.2942 -0.9424
vn 0.1593 -0.2942 -0.9424
vn -0.0265 -0.2466 -0.9688
vn -0.0266 -0.2465 -0.9688
vn -0.1593 -0.2720 -0.9490
vn -0.0265 -0.2465 -0.9688
vn -0.6565 -0.4976 -0.5670
vn -0.1290 -0.8683 -0.4790
vn -0.7020 0.4877 0.5189
vn -0.6544 0.4970 -0.5699
vn -0.3851 0.2162 0.8972
vn -0.6965 -0.4940 0.5205
vn -0.7020 0.4878 0.5189
vn -0.3470 -0.2981 0.8892
vn -0.3513 0.2527 0.9015
vn -0.3910 -0.2778 0.8775
vn -0.3909 -0.2777 0.8775
vn -0.3850 0.2162 0.8972
vn 0.3787 0.2566 0.8892
vn 0.9853 0.1371 -0.1014
vn -0.6000 0.1927 -0.7764
vn 0.6931 -0.1971 0.6934
vn 0.3925 -0.2635 0.8812
vn 0.6812 0.4782 0.5543
vn 0.4148 0.2306 0.8802
vn -0.5782 -0.7128 0.3971
vn -0.7091 0.0083 0.7050
vn 0.1403 0.2292 -0.9632
vn 0.6905 0.4791 -0.5419
vn -0.0267 0.2034 -0.9787
vn 0.2128 0.9449 -0.2487
vn 0.1653 0.3723 -0.9133
vn -0.9790 0.1950 0.0593
vn -0.9026 0.2314 -0.3630
vn -0.9790 0.1950 0.0592
vn 0.1653 0.3724 -0.9132
vn 0.0258 0.7668 0.6414
vn 0.9026 0.2313 -0.3631
vn -0.9989 0.0459 -0.0000
vn -0.0435 -0.9991 -0.0000
vn -0.0449 -0.9990 0.0007
vn -0.9989 0.0459 0.0001
vn -0.9992 0.0411 0.0005
vn -0.0435 -0.9991 -0.0001
vn 0.9990 -0.0447 0.0001
vn -0.0449 -0.9990 -0.0001
vn 0.9990 -0.0447 0.0003
vn 0.9990 -0.0450 0.0002
vn -0.9989 0.0459 -0.0001
vn 0.0456 0.9990 0.0004
vn 0.0428 0.9991 0.0002
vn 0.0428 0.9991 0.0004
vn -0.9992 0.0411 -0.0000
vn 0.0428 0.9991 0.0003
vn 0.0457 0.9990 0.0003
vn 0.9990 -0.0448 0.0003
vn -0.9069 0.1105 -0.4065
vn 0.6001 0.1926 -0.7764
vn 0.9224 -0.2183 0.3187
vn -0.6909 -0.2067 0.6928
vn -0.3311 -0.3477 0.8772
vn -0.6909 -0.2066 0.6928
vn -0.9069 0.1104 -0.4066
vn -0.2002 -0.2094 0.9571
vn 0.2082 -0.2096 0.9554
vn -0.0002 -0.9991 0.0435
vn -0.0001 -0.9990 0.0450
vn -0.1178 -0.7462 -0.6552
vn 0.0269 -0.7671 -0.6409
vn -0.1693 0.9078 0.3837
vn -0.3227 0.7662 -0.5558
vn -0.4533 0.7511 0.4799
vn -1.0000 -0.0000 -0.0000
vn -0.0989 0.0187 0.9949
vn -0.1000 0.7906 0.6041
vn -0.0999 -0.7674 0.6333
vn -0.0989 0.0179 0.9949
vn -0.1005 -0.9741 -0.2024
vn -0.0999 -0.7675 0.6333
vn -0.0993 -0.4499 -0.8876
vn -0.0992 0.4163 -0.9038
vn -0.0993 -0.4498 -0.8876
vn -0.1005 0.9659 -0.2385
vn -0.1000 0.7906 0.6042
vn -0.1005 0.9659 -0.2386
vn 0.1332 0.2292 0.9642
vn 0.0053 0.5821 0.8131
vn -0.3313 0.0998 0.9382
vn -0.4426 0.6635 0.6033
vn 0.3215 -0.6873 0.6514
vn 0.2569 -0.2416 0.9357
vn -0.1485 -0.7948 0.5884
vn 0.0993 -0.4498 -0.8876
vn 0.0993 0.4163 -0.9038
vn 0.0992 0.4163 -0.9038
vn 0.1005 0.9659 -0.2385
vn 0.1005 0.9659 -0.2386
vn 0.1000 0.7906 0.6042
vn -0.5367 -0.7985 0.2728
vn -0.9072 -0.0033 0.4206
vn -0.7142 -0.1368 0.6864
vn -0.2280 0.0706 -0.9711
vn -0.6357 0.3344 -0.6957
vn -0.8360 0.4797 -0.2663
vn 0.0993 -0.4499 -0.8876
vn 1.0000 -0.0000 -0.0000
vn 0.1005 -0.9741 -0.2024
vn 0.1000 0.7905 0.6042
vn -0.1000 -0.7905 0.6042
vn -0.0989 -0.0186 0.9949
vn -0.0990 -0.0186 0.9949
vn -0.0999 0.7675 0.6333
vn 0.0411 -0.0000 0.9992
vn 0.0460 -0.0000 0.9989
vn 0.9989 -0.0003 -0.0460
vn -0.6001 0.1926 -0.7764
vn -0.0992 -0.4163 -0.9038
vn -0.1005 -0.9659 -0.2385
vn -0.1000 -0.7906 0.6041
vn -0.6856 -0.6941 -0.2194
vn 0.2301 -0.9502 -0.2103
vn -0.6041 -0.6033 0.5207
vn -0.7519 0.2908 0.5917
vn -0.1005 0.9741 -0.2024
vn -0.0999 0.7674 0.6333
vn 0.2285 0.1483 0.9622
vn -0.1507 0.1324 -0.9797
vn -0.9609 -0.1041 0.2564
vn 0.9523 0.0372 -0.3030
vn 0.1000 -0.7905 0.6042
vn 0.0989 -0.0186 0.9949
vn 0.0999 0.7675 0.6333
vn 0.0999 0.7675 0.6332
vn 0.1005 0.9741 -0.2025
vn 0.0993 0.4499 -0.8875
vn 0.0993 0.4498 -0.8876
vn 0.0992 -0.4163 -0.9038
vn 0.1005 -0.9659 -0.2385
vn 0.1000 -0.7906 0.6042
vn 0.0989 -0.0187 0.9949
vn 0.1000 -0.7906 0.6041
vn 0.0999 0.7674 0.6333
vn 0.0989 -0.0183 0.9949
vn 0.1005 0.9741 -0.2024
vn 0.0993 0.4499 -0.8876
vn 0.1005 -0.9659 -0.2386
vn -0.0000 -0.9990 0.0436
vn -0.0001 -0.9990 0.0451
vn -0.0007 -0.9990 0.0436
vn -0.0000 0.0463 0.9989
vn 0.0003 0.9989 -0.0461
vn 0.0002 0.9991 -0.0430
vn 0.0003 0.9991 -0.0430
vn -0.0000 0.0412 0.9992
vn 0.0001 0.9991 -0.0430
vn 0.0004 0.9989 -0.0461
vn 0.0007 -0.0451 -0.9990
vn -0.9989 0.0462 -0.0000
vn -0.0452 -0.9990 -0.0000
vn -0.9989 0.0462 0.0001
vn -0.9992 0.0410 0.0002
vn -0.0435 -0.9991 0.0001
vn 0.9990 -0.0448 0.0006
vn -0.0435 -0.9991 0.0003
vn 0.0457 0.9990 0.0004
vn 0.0429 0.9991 0.0002
vn 0.0458 0.9989 0.0006
vn 0.9990 -0.0449 0.0001
vn -0.0001 -0.9990 0.0436
vn -0.0002 -0.9990 0.0450
vn -0.0002 0.0412 0.9992
vn 0.0003 -0.0449 -0.9990
vn 0.0003 0.9991 -0.0429
vn -0.0001 0.0412 0.9992
vn 0.0002 0.9989 -0.0461
vn 0.0461 -0.0000 0.9989
vn -0.9991 0.0001 0.0435
vn -0.9990 -0.0002 0.0450
vn -0.9991 -0.0000 0.0435
vn 0.0413 -0.0005 0.9991
vn -0.9990 -0.0000 0.0450
vn -0.0449 -0.0003 -0.9990
vn -0.3180 0.5359 -0.7821
vn 0.0007 0.6748 -0.7380
vn 0.0047 -0.0917 -0.9958
vn -0.9810 0.0183 -0.1929
vn -0.6973 0.6882 -0.2004
vn -0.6796 0.3786 -0.6284
vn -0.7318 0.1441 0.6662
vn -0.6972 0.6883 -0.2004
vn -0.6972 0.6882 -0.2004
vn -0.7318 0.1440 0.6662
vn -0.5703 0.7856 0.2401
vn -0.0009 0.7962 -0.6050
vn 0.0006 0.6748 -0.7380
vn -0.3180 0.5360 -0.7821
vn -0.2610 0.8256 -0.5003
vn -0.0008 0.7962 -0.6050
vn -0.2609 0.8256 -0.5004
vn -0.6796 0.3786 -0.6283
vn -0.0370 0.9935 -0.1077
vn -0.7435 0.0655 0.6655
vn -0.9774 -0.0920 -0.1905
vn -0.6627 -0.0827 0.7443
vn -0.2609 0.8256 -0.5003
vn 0.0237 -0.0509 -0.9984
vn -0.2406 -0.0378 -0.9699
vn 0.0190 0.6667 -0.7451
vn 0.0046 -0.0068 -1.0000
vn 0.0122 -0.0070 -0.9999
vn 0.0081 -0.0069 -0.9999
vn -0.2401 -0.0274 -0.9704
vn -0.6759 -0.0232 -0.7366
vn -0.2993 0.5354 -0.7898
vn -0.6935 -0.0218 -0.7201
vn -0.9462 0.0372 -0.3215
vn -0.9941 0.0257 -0.1058
vn -0.9940 0.0257 -0.1059
vn -0.0011 -0.0543 -0.9985
vn -0.0512 -0.0565 -0.9971
vn -0.0013 -0.0196 -0.9998
vn -0.0263 -0.0758 -0.9968
vn -0.2405 -0.0262 -0.9703
vn 0.0237 -0.0388 -0.9990
vn -0.0392 -0.0764 -0.9963
vn -0.4399 -0.1957 -0.8765
vn -0.2531 -0.0269 -0.9671
vn -0.4243 -0.1975 -0.8837
vn -0.6730 -0.0243 -0.7392
vn -0.2363 -0.0282 -0.9713
vn -0.4494 -0.1960 -0.8716
vn -0.6178 -0.2489 -0.7459
vn -0.6178 -0.2490 -0.7459
vn -0.9995 -0.0186 -0.0254
vn -0.6084 -0.5093 0.6087
vn -0.5914 -0.4914 0.6394
vn -0.6302 0.0151 0.7763
vn -0.9969 0.0563 -0.0546
vn -0.5645 -0.8226 -0.0681
vn -0.8942 -0.2801 -0.3493
vn -0.8159 -0.5782 -0.0009
vn -0.9402 0.3403 -0.0155
vn -0.9646 -0.1272 -0.2311
vn -0.6084 -0.5092 0.6087
vn -0.5645 -0.8226 -0.0680
vn -0.5810 -0.0031 0.8139
vn -0.9966 0.0156 -0.0804
vn -0.9996 0.0260 0.0074
vn 0.0001 -0.0068 -1.0000
vn 0.0039 -0.0068 -1.0000
vn 0.3150 0.5311 -0.7866
vn -0.0047 -0.0912 -0.9958
vn 0.9756 0.0358 -0.2166
vn 0.6821 0.3691 -0.6313
vn 0.6981 0.6868 -0.2024
vn 0.7086 0.2034 0.6756
vn -0.0238 -0.0507 -0.9984
vn -0.0169 0.6668 -0.7450
vn 0.2386 -0.0383 -0.9704
vn -0.0046 -0.0063 -1.0000
vn -0.0081 -0.0065 -0.9999
vn -0.0123 -0.0066 -0.9999
vn 0.2383 -0.0280 -0.9708
vn 0.2964 0.5306 -0.7941
vn 0.6735 -0.0243 -0.7388
vn 0.6911 -0.0229 -0.7224
vn 0.3151 0.5311 -0.7866
vn 0.9461 0.0364 -0.3219
vn 0.3151 0.5311 -0.7865
vn 0.9874 0.0007 -0.1584
vn 0.9874 0.0032 -0.1584
vn 0.0020 -0.0541 -0.9985
vn 0.0016 -0.0194 -0.9998
vn 0.0516 -0.0563 -0.9971
vn 0.0263 -0.0758 -0.9968
vn -0.0237 -0.0388 -0.9990
vn 0.2385 -0.0268 -0.9708
vn 0.0392 -0.0764 -0.9963
vn 0.2511 -0.0275 -0.9676
vn 0.4282 -0.1883 -0.8838
vn 0.4126 -0.1901 -0.8909
vn 0.2343 -0.0288 -0.9717
vn 0.6705 -0.0254 -0.7414
vn 0.4378 -0.1886 -0.8791
vn 0.6911 -0.0230 -0.7224
vn 0.6244 -0.2215 -0.7491
vn 0.6243 -0.2215 -0.7491
vn 0.9995 -0.0186 -0.0253
vn 0.6040 -0.5183 0.6054
vn 0.5586 -0.4748 0.6801
vn 0.9964 0.0795 -0.0295
vn 0.6376 0.0708 0.7671
vn 0.8852 -0.2804 -0.3712
vn 0.5560 -0.8292 -0.0579
vn 0.8218 -0.5698 -0.0048
vn 0.8218 -0.5697 -0.0048
vn 0.8947 -0.1571 -0.4180
vn 0.6040 -0.5185 0.6052
vn 0.9645 -0.1273 -0.2312
vn 0.8852 -0.2803 -0.3712
vn 0.5688 0.7886 0.2338
vn 0.7086 0.2035 0.6756
vn 0.2791 0.8180 -0.5030
vn 0.0376 0.9934 -0.1080
vn 0.7393 0.0083 0.6733
vn 0.7081 -0.1917 0.6796
vn 0.9452 -0.2458 -0.2147
vn 0.5129 0.0180 0.8583
vn 0.9918 0.0018 0.1274
vn 0.9971 0.0330 0.0685
vn -0.0000 -0.0063 -1.0000
vn -0.0048 -0.0063 -1.0000
vn 0.1217 0.6078 0.7847
vn -0.1143 0.6073 0.7862
vn -0.7318 0.1441 0.6661
vn -0.1144 0.6072 0.7862
vn -0.7317 0.1441 0.6662
vn -0.1144 0.6073 0.7862
vn -0.5703 0.7856 0.2402
vn 0.1216 0.6078 0.7848
vn 0.7173 0.1687 0.6760
vn -0.7294 0.1560 0.6661
vn 0.7348 -0.0088 0.6783
vn -0.7285 0.1603 0.6660
vn -0.6695 -0.0034 0.7428
vn 0.7348 0.0210 0.6779
vn 0.6216 -0.4974 0.6051
vn 0.7331 0.0567 0.6778
vn -0.5893 -0.5311 0.6088
vn 0.7348 0.0221 0.6779
vn -0.6695 -0.0026 0.7428
vn -0.5864 -0.5343 0.6088
vn 0.0982 -0.0100 0.9951
vn 0.0983 -0.0100 0.9951
vn 0.0050 0.0192 0.9998
vn 0.6041 -0.5186 0.6052
vn 0.6040 -0.5186 0.6052
vn -0.0686 0.0163 0.9975
vn -0.0685 0.0163 0.9975
vn -0.9995 -0.0186 -0.0253
vn -0.8942 -0.2801 -0.3492
vn -0.9402 0.3402 -0.0154
vn -0.4493 -0.1960 -0.8716
vn -0.9641 -0.1313 -0.2308
vn -0.9402 0.3403 -0.0154
vn 0.9643 -0.1283 -0.2315
vn 0.8947 -0.1571 -0.4181
vn 0.6243 -0.2216 -0.7491
vn 0.9645 -0.1273 -0.2313
vn -0.5703 0.7855 0.2402
vn 0.1216 0.6077 0.7848
vn 0.5687 0.7886 0.2338
vn 0.6980 0.6869 -0.2024
vn 0.5734 0.1724 0.8009
vn 0.5754 0.2000 0.7930
vn 0.5092 0.4097 0.7569
vn 0.4804 0.6366 0.6032
vn 0.6031 -0.6416 0.4741
vn 0.6260 -0.1982 0.7542
vn 0.5963 -0.3394 0.7275
vn 0.6031 -0.6416 0.4740
vn 0.5989 -0.7359 0.3158
vn 0.6083 -0.0246 0.7933
vn 0.4805 0.6366 0.6032
vn 0.5754 0.2000 0.7931
vn 0.4543 0.7644 0.4575
vn 0.6083 -0.0247 0.7933
vn 0.5734 0.1723 0.8009
vn -0.5754 0.2000 0.7930
vn -0.5734 0.1724 0.8009
vn -0.5092 0.4097 0.7569
vn -0.4805 0.6365 0.6033
vn -0.6260 -0.1982 0.7542
vn -0.6031 -0.6416 0.4740
vn -0.5963 -0.3394 0.7275
vn -0.5989 -0.7359 0.3158
vn -0.6083 -0.0247 0.7933
vn -0.5754 0.2000 0.7931
vn -0.4805 0.6366 0.6032
vn -0.4543 0.7644 0.4575
vn -0.5734 0.1723 0.8009
vn -0.0240 -0.0555 -0.9982
vn 0.6812 0.4783 0.5543
vn -0.1776 0.2414 -0.9540
vn -0.6544 0.4970 -0.5698
vn -0.1593 -0.2721 -0.9490
vn -0.6545 0.4970 -0.5698
vn -0.7020 0.4877 0.5190
vn -0.2844 0.8933 0.3482
vn -0.7021 0.4877 0.5189
vn 0.6842 -0.4859 -0.5439
vn 0.6905 0.4791 -0.5420
vn -0.9069 0.1105 -0.4066
vn 0.9852 -0.1392 0.1004
vn 0.9847 -0.1466 0.0938
vn 0.6905 0.4790 -0.5420
vn 0.2129 0.9449 -0.2487
vn 0.2695 0.4401 0.8565
vn -0.1949 0.8214 0.5361
vn -0.2844 0.8933 0.3481
vn 0.2082 0.8209 0.5317
vn 0.4147 0.2306 0.8802
vn 0.2515 0.8937 0.3716
vn 0.2514 0.8937 0.3716
vn -0.3311 -0.3476 0.8772
vn -0.9790 0.1949 0.0592
vn 0.9224 -0.2184 0.3187
vn 0.2695 0.4402 0.8565
vn 0.6001 0.1925 -0.7764
vn 0.0244 -0.0555 -0.9982
vn 0.6905 0.4790 -0.5419
vn 0.6812 0.4783 0.5542
vn 0.1257 0.8422 -0.5244
vn 0.1257 0.8422 -0.5243
vn -0.1777 0.2414 -0.9540
vn -0.2259 0.9407 -0.2529
vn 0.1666 -0.0420 0.9851
vn -0.0052 0.9995 -0.0311
vn 0.0205 0.9926 0.1197
vn 0.1667 -0.0442 0.9850
vn -0.1671 0.0488 -0.9847
vn -0.1671 0.0487 -0.9847
vn -0.1671 0.0415 -0.9851
vn 0.0044 -0.9996 0.0297
vn -0.0203 -0.9929 -0.1172
vn 0.0043 -0.9995 0.0297
vn 0.0052 0.9995 -0.0311
vn -0.1666 -0.0420 0.9851
vn -0.0205 0.9926 0.1197
vn 0.0052 0.9995 -0.0310
vn -0.1667 -0.0442 0.9850
vn 0.1670 0.0487 -0.9848
vn -0.0204 0.9926 0.1197
vn 0.0053 0.9995 -0.0311
vn 0.1671 0.0487 -0.9847
vn 0.1671 0.0414 -0.9851
vn -0.0043 -0.9996 0.0297
vn 0.0203 -0.9929 -0.1171
vn -0.1666 -0.0442 0.9850
vn 0.0203 -0.9929 -0.1170
vn 0.4260 0.8990 0.1020
vn -0.0043 -0.9995 0.0297
vn 0.1670 0.0487 -0.9847
vn 0.1670 0.0414 -0.9851
vn -0.9992 -0.0038 0.0405
vn 0.0459 -0.0097 0.9989
vn -0.9988 -0.0039 0.0479
vn -0.9992 -0.0038 0.0406
vn 0.0413 -0.0097 0.9991
vn 0.6002 0.1925 -0.7764
vn 0.4260 0.8990 0.1021
vn -0.2339 0.0844 0.9686
vn 0.3576 0.4824 0.7996
vn 0.1969 0.7217 0.6636
vn 0.9254 0.3352 0.1768
vn 0.3576 0.4825 0.7996
vn 0.9254 0.3352 0.1767
vn 0.9947 -0.1022 0.0069
vn 0.8172 -0.4942 -0.2965
vn -0.3604 0.4831 0.7980
vn -0.9257 0.3410 0.1634
vn -0.1959 0.7242 0.6612
vn -0.3603 0.4831 0.7980
vn -0.9951 -0.0980 0.0093
vn -0.9258 0.3410 0.1634
vn -0.8092 -0.4969 -0.3136
vn -0.1000 0.7905 0.6042
vn -0.0989 0.0186 0.9949
vn -0.3604 0.4831 0.7979
vn 0.9541 -0.1194 0.2745
vn -0.2340 0.0843 0.9686
vn 0.2242 0.9413 -0.2522
vn 0.3577 0.4824 0.7996
vn 0.1563 -0.8522 0.4993
vn -0.4192 0.9000 0.1194
vn 0.5636 -0.7928 -0.2321
vn 0.5635 -0.7928 -0.2322
vn 0.4259 0.8990 0.1021
vn -0.1493 -0.8541 0.4982
vn -0.5668 -0.7888 -0.2376
vn -0.0999 -0.7675 0.6332
vn -0.1005 -0.9741 -0.2025
vn -0.0451 0.0032 -0.9990
vn -0.9992 -0.0039 0.0406
vn -0.0447 0.0032 -0.9990
vn -0.5668 -0.7888 -0.2375
vn -0.5668 -0.7889 -0.2376
vn 0.4260 0.8989 0.1021
vn -0.8092 -0.4968 -0.3137
vn 0.8172 -0.4941 -0.2965
vn -0.0993 -0.4499 -0.8875
vn -0.2001 -0.2095 0.9571
vn 0.9991 -0.0035 -0.0430
vn 0.9989 -0.0031 -0.0458
vn -0.9069 0.1104 -0.4065
vn -0.3583 0.7245 0.5888
vn 0.4260 0.8989 0.1020
vn 0.0245 -0.0555 -0.9982
vn -0.9610 -0.2513 0.1159
vn -0.6198 0.1051 -0.7777
vn -0.9544 -0.0766 -0.2885
vn 0.8942 0.3316 -0.3006
vn 0.6346 0.4124 -0.6536
vn 0.1423 0.3485 -0.9264
vn 0.8942 0.3317 -0.3006
vn 0.5268 0.4610 -0.7141
vn -0.9193 0.0246 -0.3927
vn -0.7509 0.5398 -0.3806
vn -0.2606 0.3672 -0.8929
vn -0.9610 -0.2512 0.1159
vn -0.9193 0.0245 -0.3928
vn -0.6198 0.1052 -0.7777
vn -0.9193 0.0246 -0.3928
vn -0.7509 0.5397 -0.3806
vn -0.1291 0.8507 0.5095
vn 0.9991 -0.0030 -0.0430
vn 0.9989 -0.0030 -0.0458
vn -0.4426 0.6635 0.6032
vn 0.0580 -0.0448 0.9973
vn 0.0011 0.9998 0.0177
vn 0.0045 0.9975 0.0709
vn 0.0011 0.9998 0.0178
vn 0.0580 -0.0449 0.9973
vn 0.0581 -0.0422 0.9974
vn 0.0012 0.9998 0.0177
vn -0.0588 0.0465 -0.9972
vn -0.0589 0.0435 -0.9973
vn 0.0579 -0.0448 0.9973
vn -0.0024 -0.9998 -0.0200
vn -0.0050 -0.9976 -0.0692
vn 0.0580 -0.0422 0.9974
vn -0.0049 -0.9976 -0.0692
vn -0.0025 -0.9998 -0.0200
vn -0.0589 0.0465 -0.9972
vn -0.0050 -0.9976 -0.0691
vn -0.0011 0.9998 0.0178
vn -0.0579 -0.0448 0.9973
vn -0.0045 0.9975 0.0709
vn -0.0580 -0.0423 0.9974
vn 0.0588 0.0465 -0.9972
vn 0.0589 0.0435 -0.9973
vn 0.0024 -0.9998 -0.0200
vn 0.0050 -0.9976 -0.0692
vn 0.0049 -0.9976 -0.0692
vn 0.5722 -0.1576 -0.8049
vn -0.2014 -0.3175 0.9266
vn 0.0989 0.0186 0.9949
vn 0.0990 0.0186 0.9949
vn 0.0999 -0.7675 0.6333
vn 0.2569 -0.2416 0.9358
vn -0.9439 0.0449 -0.3273
vn -0.0403 -0.3071 -0.9508
vn -0.6430 -0.0708 0.7626
vn -0.9345 -0.0041 -0.3561
vn 0.3089 -0.9224 0.2320
vn -0.1486 -0.7948 0.5885
vn 0.2301 -0.9502 -0.2104
vn -0.2281 0.0706 -0.9711
vn 0.0377 -0.6717 -0.7399
vn -0.3360 0.4817 -0.8094
vn -0.8360 0.4798 -0.2662
vn 0.1006 -0.9741 -0.2025
vn 0.0993 -0.4499 -0.8875
vn 0.0999 -0.7675 0.6332
vn 0.1005 -0.9741 -0.2025
vn -0.3340 0.6433 -0.6889
vn -0.2767 0.3454 -0.8967
vn -0.8122 0.5533 -0.1847
vn -0.6431 -0.0708 0.7625
vn -0.9345 -0.0040 -0.3560
vn -0.6431 -0.0709 0.7625
vn 0.9542 -0.1193 0.2745
vn 0.9541 -0.1193 0.2745
vn 0.3549 0.9271 0.1202
vn 0.3549 0.9271 0.1203
vn -0.9257 0.3411 0.1634
vn -0.1959 0.7242 0.6611
vn -0.3227 0.7662 -0.5557
vn -0.7508 0.5397 -0.3807
vn -0.2767 0.3453 -0.8968
vn -0.8122 0.5534 -0.1846
vn -0.7519 0.2909 0.5917
vn 0.0999 -0.7674 0.6333
vn -0.0999 0.7675 0.6332
vn -0.1005 0.9741 -0.2025
vn 0.3550 0.9271 0.1203
vn -0.3309 0.9342 0.1329
vn -0.5668 -0.7888 -0.2377
vn -0.0993 0.4499 -0.8875
vn -0.0993 0.4498 -0.8876
vn -0.1485 -0.7948 0.5885
vn -0.8092 -0.4969 -0.3135
vn -0.6356 0.3344 -0.6958
vn 0.2300 -0.9502 -0.2104
vn -0.6856 -0.6941 -0.2193
vn -0.9544 -0.0767 -0.2885
vn -0.8360 0.4798 -0.2663
vn -0.2606 0.3671 -0.8929
vn -0.9069 0.1478 0.3946
vn -0.3226 0.7662 -0.5558
vn -0.7509 0.5397 -0.3807
vn -0.9193 0.0245 -0.3927
vn -0.0990 -0.0184 0.9949
vn -0.9609 -0.2513 0.1159
vn -0.3584 0.7246 0.5887
vn -0.7518 0.2908 0.5917
vn -0.9069 0.1478 0.3945
vn 0.1559 0.8004 -0.5788
vn 0.1557 0.9285 0.3372
vn 0.2344 0.8661 0.4416
vn 0.5267 0.4610 -0.7142
vn -0.2607 0.3672 -0.8929
vn 0.1560 0.8004 -0.5789
vn -0.3226 0.7662 -0.5557
vn 0.5478 0.3761 0.7473
vn -0.1694 0.9078 0.3837
vn 0.6596 -0.0542 0.7497
vn 0.6596 -0.0543 0.7497
vn 0.7353 -0.5434 0.4050
vn 0.7353 -0.5435 0.4050
vn 0.2569 -0.2417 0.9357
vn 0.3341 0.7368 -0.5878
vn 0.0308 0.5442 -0.8384
vn 0.0378 -0.6717 -0.7399
vn -0.3339 0.6433 -0.6889
vn 0.2409 0.8565 -0.4565
vn 0.3340 0.7368 -0.5878
vn 0.0311 0.5442 -0.8384
vn -0.3360 0.4817 -0.8093
vn 0.1559 0.8004 -0.5789
vn 0.9771 -0.1271 0.1706
vn 0.6423 0.7152 0.2755
vn 0.6423 0.7153 0.2754
vn 0.2344 0.8660 0.4416
vn 0.7932 -0.2392 -0.5600
vn 0.6595 -0.0543 0.7497
vn 0.7933 -0.2392 -0.5600
vn 0.0311 0.5443 -0.8383
vn 0.7932 -0.2391 -0.5600
vn 0.0312 0.5442 -0.8384
vn 0.7933 -0.2391 -0.5600
vn 0.7580 0.6521 0.0118
vn 0.7580 0.6521 0.0119
vn 0.5268 0.4609 -0.7142
vn 0.7933 -0.2392 -0.5599
vn 0.8943 0.3316 -0.3006
vn 0.6423 0.7153 0.2755
vn 0.5850 -0.7097 0.3925
vn -0.2242 0.9413 -0.2522
vn 0.9793 0.1866 -0.0779
vn -0.1506 0.1325 -0.9797
vn -0.1507 0.1325 -0.9797
vn -0.2243 0.9413 -0.2523
vn -0.2910 0.5613 0.7748
vn 0.2286 0.1482 0.9622
vn 0.9794 0.1866 -0.0779
vn -0.2910 0.5614 0.7747
vn -0.9610 -0.1042 0.2563
vn -0.2242 0.9413 -0.2523
vn -0.2910 0.5613 0.7747
vn -0.2909 0.5614 0.7747
vn -0.0993 0.4499 -0.8876
vn 0.9283 -0.0465 -0.3688
vn -0.6431 -0.0707 0.7625
vn -0.3584 0.7245 0.5887
vn -0.1000 -0.7906 0.6042
vn -0.1005 -0.9659 -0.2386
vn -0.9438 0.0449 -0.3273
vn -0.0402 -0.3070 -0.9508
vn 0.3550 0.9271 0.1202
vn 0.9847 0.1477 -0.0926
vn 0.9853 0.1371 -0.1015
vn 0.9854 0.1371 -0.1014
vn 0.9847 0.1477 -0.0925
vn 0.0258 0.7667 0.6414
vn -0.0260 0.7668 0.6414
vn -0.1179 -0.7461 -0.6553
vn 0.9852 -0.1391 0.1004
vn 0.0990 0.0184 0.9949
vn 0.1000 0.7906 0.6041
vn -0.7143 -0.1368 0.6864
vn -0.0000 -0.9779 0.2089
vn 0.0012 0.9865 0.1639
vn -0.4776 0.7541 0.4508
vn 0.4767 0.7553 0.4498
vn 0.0049 0.0192 0.9998
vn 0.0013 0.9865 0.1639
vn -0.3430 -0.1130 0.9325
vn -0.0001 -0.9743 0.2253
vn -0.0000 -0.9779 0.2090
vn -0.3431 -0.1130 0.9325
vn -0.8470 0.0569 0.5286
vn -0.4776 0.7541 0.4509
vn -0.5367 -0.7984 0.2727
vn 0.9072 -0.0033 0.4206
vn 0.5367 -0.7984 0.2728
vn 0.7142 -0.1368 0.6864
vn 0.5367 -0.7984 0.2729
vn 0.8470 0.0569 0.5286
vn 0.3433 -0.1130 0.9324
vn -0.1098 0.5488 0.8287
vn 0.0983 -0.0101 0.9951
vn -0.5367 -0.7985 0.2727
vn 0.3432 -0.1130 0.9324
vn -0.0001 -0.9779 0.2090
vn -0.0000 -0.9743 0.2253
vn 0.3432 -0.1130 0.9325
vn 0.4768 0.7553 0.4498
vn 0.1102 0.5489 0.8286
vn 0.7143 -0.1368 0.6864
vn 0.9991 -0.0002 -0.0429
vn 0.9991 -0.0010 -0.0429
vn 0.0412 -0.0000 0.9992
vn 0.9991 -0.0003 -0.0429
vn -0.9991 0.0001 0.0434
vn -0.9991 -0.0000 0.0434
vn 0.0411 0.0001 0.9992
vn -0.0451 -0.0003 -0.9990
vn -0.9991 -0.0002 0.0434
vn -0.0020 0.4062 0.9138
vn -0.0261 0.0386 0.9989
vn -0.0011 0.5015 0.8652
vn 0.4734 0.8133 0.3383
vn 0.0381 0.6716 0.7399
vn -0.3435 0.8492 -0.4010
vn -0.8480 0.3492 -0.3986
vn -0.4889 0.8098 -0.3244
vn 0.0045 0.6531 -0.7572
vn 0.0136 0.8438 -0.5365
vn 0.2323 0.5384 -0.8100
vn -0.4775 0.8065 0.3488
vn 0.0266 0.0342 0.9991
vn -0.8103 0.5737 0.1192
vn -0.4775 0.8064 0.3488
vn -0.7281 0.6778 -0.1018
vn -0.2205 0.9586 0.1804
vn -0.7281 0.6779 -0.1018
vn -0.9654 0.1496 -0.2136
vn -0.4888 0.8098 -0.3244
vn 0.0045 0.6532 -0.7572
vn -0.6667 0.4073 -0.6242
vn -0.6668 0.4072 -0.6241
vn -0.8481 0.3492 -0.3985
vn -0.3435 0.8493 -0.4010
vn -0.9654 0.1496 -0.2137
vn -0.8103 0.5738 0.1192
vn -0.9512 0.3076 0.0253
vn -0.4774 0.8065 0.3488
vn -0.0000 0.9174 0.3980
vn -0.0366 0.6759 0.7361
vn -0.0367 0.6759 0.7360
vn 0.0044 0.6532 -0.7572
vn -0.0367 0.6759 0.7361
vn 0.0265 0.0341 0.9991
vn 0.0382 0.6716 0.7399
vn 0.2688 0.9624 0.0385
vn 0.4735 0.8132 0.3383
vn 0.7247 0.6816 -0.1011
vn 0.9671 0.1561 -0.2011
vn 0.8108 0.5820 0.0622
vn 0.4880 0.8116 -0.3213
vn 0.8108 0.5821 0.0622
vn 0.9512 0.3075 0.0252
vn 0.4879 0.8116 -0.3213
vn 0.8465 0.3554 -0.3963
vn 0.2323 0.5385 -0.8100
vn 0.6648 0.4141 -0.6217
vn 0.0044 0.6531 -0.7572
vn 0.2322 0.5384 -0.8100
vn 0.6648 0.4141 -0.6218
vn 0.2688 0.9624 0.0384
vn 0.4735 0.8133 0.3383
vn 0.2689 0.9624 0.0384
vn 0.6802 0.7112 -0.1777
vn 0.5036 0.8205 0.2706
vn 0.8242 0.5587 -0.0919
vn 0.7673 0.6413 -0.0044
vn -0.8736 0.4811 -0.0734
vn -0.8327 0.5091 -0.2178
vn -0.7091 0.6165 -0.3423
vn -0.3434 0.8492 -0.4010
vn -0.0030 0.0757 0.9971
vn -0.7090 0.6165 -0.3423
vn -0.6011 0.6882 -0.4063
vn -0.7027 0.6769 -0.2190
vn -0.5820 0.7619 -0.2844
vn -0.7027 0.6770 -0.2189
vn -0.6011 0.6881 -0.4063
vn -0.7027 0.6770 -0.2190
vn -0.9191 0.3940 -0.0065
vn -0.9519 0.3034 0.0428
vn 0.5037 0.8204 0.2706
vn -0.0034 -1.0000 -0.0087
vn 0.4756 0.8354 -0.2755
vn 0.2398 0.6319 -0.7371
vn 0.2399 0.6318 -0.7371
vn 0.5036 0.8204 0.2706
vn 0.8243 0.5587 -0.0919
vn 0.5428 0.6657 -0.5121
vn 0.2398 0.6319 -0.7370
vn 0.6428 0.7503 -0.1543
vn 0.6428 0.7504 -0.1543
vn 0.5428 0.6657 -0.5120
vn 0.9519 0.3034 0.0428
vn -0.0051 -0.9794 0.2018
vn -0.9998 -0.0195 0.0019
vn 0.0042 -0.9962 0.0873
vn -0.9998 -0.0196 0.0019
vn -0.9547 0.2957 -0.0339
vn -0.9991 -0.0429 0.0006
vn 0.0025 -0.9999 -0.0113
vn 0.0041 -0.9962 0.0874
vn 0.9545 0.2968 -0.0302
vn 0.9167 0.3932 -0.0708
vn 0.0065 -0.9792 0.2030
vn 0.0063 -0.9791 0.2031
vn -0.0055 -0.9962 0.0872
vn -0.0027 -0.9999 -0.0109
vn 0.9730 0.2304 0.0116
vn -0.0056 -0.9962 0.0873
vn 0.8022 0.0406 0.5957
vn 0.7748 -0.0387 0.6310
vn 0.7621 0.1859 0.6203
vn 0.8284 0.3210 0.4590
vn 0.7620 0.1859 0.6203
vn 0.7576 0.2062 0.6193
vn 0.7748 -0.0388 0.6310
vn 0.9813 0.1517 -0.1184
vn 0.9380 0.2001 0.2830
vn 0.9752 -0.1479 -0.1648
vn 0.9763 0.2159 -0.0156
vn 0.9763 0.2160 -0.0156
vn 0.9752 -0.1480 -0.1648
vn 0.9293 -0.2068 -0.3061
vn 0.9406 0.1432 -0.3077
vn 0.4119 0.1261 -0.9025
vn 0.8910 0.1596 0.4250
vn 0.8746 0.2860 0.3916
vn 0.8248 0.2111 0.5245
vn 0.9979 0.0124 0.0640
vn 0.9375 0.2171 0.2719
vn 0.9149 -0.0041 0.4037
vn 0.9621 0.1050 0.2518
vn 0.8746 0.2859 0.3916
vn 0.6324 0.5146 0.5790
vn 0.7116 0.3705 0.5970
vn 0.9064 0.1394 0.3987
vn -0.5126 -0.5725 0.6400
vn -0.3648 0.3864 0.8471
vn -0.6826 -0.4022 0.6102
vn -0.2787 -0.4644 0.8406
vn -0.0035 0.4037 0.9149
vn -0.2786 -0.4644 0.8406
vn -0.5125 -0.5725 0.6400
vn -0.1062 -0.4010 0.9099
vn -0.2787 -0.4645 0.8406
vn 0.0752 -0.3764 0.9234
vn 0.2917 -0.4054 0.8663
vn 0.3642 0.3840 0.8485
vn 0.2918 -0.4054 0.8663
vn 0.6705 -0.3628 0.6471
vn 0.3642 0.3839 0.8485
vn 0.5271 -0.5130 0.6776
vn 0.5270 -0.5130 0.6776
vn -0.5121 -0.5732 0.6397
vn -0.6824 -0.4020 0.6105
vn -0.2788 -0.4644 0.8406
vn -0.5120 -0.5732 0.6397
vn -0.1062 -0.4009 0.9099
vn 0.0753 -0.3764 0.9234
vn 0.0752 -0.3765 0.9234
vn 0.6706 -0.3628 0.6471
vn 0.5271 -0.5130 0.6775
vn -0.1063 -0.4010 0.9099
vn -0.2786 -0.4645 0.8406
vn 0.6707 -0.3629 0.6469
vn 0.5272 -0.5129 0.6775
vn -0.5127 -0.5721 0.6402
vn -0.2787 -0.4643 0.8407
vn -0.1062 -0.4009 0.9100
vn 0.2917 -0.4053 0.8664
vn 0.5272 -0.5130 0.6774
vn 0.2917 -0.4052 0.8664
vn 0.7865 0.4064 0.4651
vn 0.4803 0.6153 0.6251
vn 0.2771 0.5353 0.7979
vn 0.7675 0.2635 0.5843
vn 0.8940 0.3468 0.2837
vn 0.8284 0.3211 0.4590
vn 0.7865 0.4064 0.4650
vn 0.6192 0.4983 0.6068
vn 0.8224 0.1311 0.5536
vn 0.8224 0.1311 0.5535
vn 0.6244 0.0509 0.7795
vn 0.9101 -0.2262 0.3471
vn 0.9224 0.1568 0.3530
vn 0.9102 -0.2262 0.3471
vn 0.4813 0.0097 -0.8765
vn 0.5334 0.5178 -0.6688
vn 0.9661 -0.1336 -0.2209
vn 0.8365 0.3940 -0.3809
vn 0.9879 -0.1124 -0.1071
vn 0.8365 0.3940 -0.3808
vn 0.9299 0.3198 -0.1815
vn 0.5335 0.5178 -0.6688
vn 0.9873 -0.1496 0.0528
vn 0.9643 0.2216 -0.1448
vn 0.9644 0.2215 -0.1447
vn 0.6068 0.2272 0.7617
vn 0.4234 0.1910 0.8856
vn 0.9149 -0.0040 0.4037
vn 0.9406 0.1433 -0.3077
vn 0.4119 0.1262 -0.9025
vn 0.9343 0.0019 -0.3564
vn 0.9343 0.0018 -0.3564
vn 0.9947 0.0018 -0.1031
vn 0.9367 0.0113 0.3500
vn 0.9387 0.2001 0.2807
vn 0.9934 0.0174 0.1137
vn 0.9384 -0.0366 0.3435
vn 0.6068 0.2273 0.7617
vn 0.6747 0.0228 0.7378
vn 0.9994 0.0187 -0.0279
vn 0.9949 -0.1009 -0.0028
vn 0.8695 -0.0461 0.4919
vn 0.9999 -0.0004 -0.0130
vn 0.9161 0.0890 0.3910
vn 0.4235 0.1910 0.8855
vn 0.8694 -0.0461 0.4919
vn 0.9636 -0.0695 0.2580
vn 0.9994 0.0186 -0.0279
vn 0.9161 0.0890 0.3909
vn 0.6713 -0.3876 0.6318
vn 0.9384 -0.0365 0.3435
vn 0.2358 -0.4080 0.8820
vn 0.8819 -0.3682 0.2945
vn 0.6880 -0.6959 0.2056
vn 0.6881 -0.6959 0.2056
vn 0.6713 -0.3877 0.6317
vn 0.6747 0.0228 0.7377
vn 0.0009 0.7116 0.7025
vn -0.0087 0.7544 0.6564
vn 0.0003 0.8401 0.5425
vn 0.0015 0.9667 0.2559
vn 0.6325 0.5146 0.5789
vn 0.0009 0.7116 0.7026
vn 0.6193 0.4983 0.6068
vn 0.0015 0.9667 0.2558
vn -0.5703 0.1805 0.8013
vn -0.8484 -0.0445 -0.5275
vn -0.6480 0.6059 0.4615
vn -0.8650 0.2086 0.4564
vn -0.8746 0.2859 0.3916
vn -0.9481 0.1134 0.2972
vn 0.4803 0.6154 0.6250
vn -0.9398 0.1579 -0.3030
vn -0.9329 -0.1930 -0.3041
vn -0.9733 0.2294 -0.0122
vn -0.9773 -0.1367 -0.1617
vn -0.4101 0.1295 -0.9028
vn -0.9398 0.1578 -0.3030
vn -0.9830 0.1484 -0.1086
vn -0.7706 -0.0419 0.6359
vn -0.9940 0.0562 -0.0934
vn -0.7706 -0.0419 0.6360
vn -0.7576 0.1624 0.6322
vn -0.9773 -0.1366 -0.1617
vn -0.9350 0.2080 0.2873
vn -0.8022 0.0406 0.5957
vn -0.4866 0.0092 -0.8736
vn -0.9365 0.0018 -0.3506
vn -0.9685 -0.1459 -0.2020
vn -0.9940 0.0563 -0.0935
vn -0.8251 0.3222 0.4640
vn -0.9947 0.0018 -0.1031
vn -0.9866 -0.1250 -0.1048
vn -0.9367 0.0113 0.3500
vn -0.9853 -0.1608 0.0571
vn -0.9365 0.0019 -0.3506
vn -0.9347 0.3078 -0.1780
vn -0.9853 -0.1608 0.0570
vn -0.9149 -0.0041 0.4037
vn -0.9947 0.0018 -0.1030
vn -0.9956 -0.0937 0.0024
vn -0.9351 0.2212 0.2769
vn -0.9130 0.0909 0.3976
vn -0.9801 0.0225 0.1971
vn -0.9351 0.2212 0.2770
vn -0.9992 0.0028 0.0396
vn -0.8639 -0.0473 0.5014
vn -1.0000 0.0045 -0.0039
vn -0.9211 -0.2451 0.3026
vn -0.9974 -0.0110 0.0719
vn -0.8797 -0.3675 0.3018
vn -0.8797 -0.3674 0.3018
vn -0.9636 -0.0580 0.2610
vn -0.9636 -0.0581 0.2610
vn -0.9211 -0.2451 0.3025
vn -0.9992 0.0028 0.0397
vn 0.4917 -0.7825 0.3819
vn 0.9900 0.0151 -0.1402
vn 0.9986 -0.0114 0.0511
vn 0.8556 -0.5154 -0.0477
vn 0.8901 0.3353 -0.3087
vn 0.8900 0.3353 -0.3089
vn 0.6147 0.3695 -0.6969
vn 0.4964 -0.4540 -0.7399
vn 0.6146 0.3694 -0.6970
vn -0.6182 0.3646 -0.6964
vn -0.8554 -0.5162 -0.0432
vn -0.8934 0.3278 -0.3073
vn -0.8933 0.3279 -0.3073
vn -0.9904 0.0103 -0.1378
vn -0.6182 0.3646 -0.6963
vn -0.4939 -0.4478 -0.7454
vn -0.9973 -0.0110 0.0720
vn -0.9904 0.0104 -0.1377
vn -0.4868 -0.7854 0.3822
vn -0.4869 -0.7854 0.3822
vn -0.8554 -0.5161 -0.0432
vn -0.4724 0.6127 0.6336
vn -0.2671 0.8765 0.4005
vn -0.8104 0.5737 0.1192
vn -0.8251 0.3223 0.4640
vn -0.9193 -0.1514 -0.3632
vn -0.9832 0.0057 -0.1824
vn -0.2594 0.4535 -0.8527
vn -0.8249 0.0267 0.5647
vn -0.4725 0.6127 0.6336
vn -0.3453 0.0571 0.9368
vn -0.6480 0.6060 0.4615
vn -0.9829 0.1484 -0.1086
vn -0.9060 -0.2340 0.3527
vn -0.9149 -0.0040 0.4037
vn -0.9224 0.1568 0.3530
vn -0.5632 0.2844 0.7759
vn -0.5632 0.2844 0.7758
vn -0.8420 0.3818 -0.3812
vn -0.5411 0.5113 -0.6676
vn -0.8419 0.3818 -0.3813
vn -0.5411 0.5114 -0.6676
vn -0.4866 0.0091 -0.8736
vn -0.9678 0.2118 -0.1359
vn -0.8420 0.3818 -0.3811
vn -0.9747 0.0116 0.2232
vn -0.7723 0.1369 0.6204
vn -0.4101 0.1294 -0.9028
vn -0.9733 0.2293 -0.0122
vn -0.9148 -0.0040 0.4038
vn -0.6860 0.0228 0.7272
vn -0.7722 0.1369 0.6204
vn -0.9384 -0.0304 0.3443
vn -0.2780 0.4274 0.8603
vn -0.9995 0.0227 -0.0214
vn -0.9995 0.0227 -0.0213
vn -0.6767 -0.3707 0.6361
vn -0.8637 -0.0471 0.5018
vn -0.2317 -0.4010 0.8863
vn -0.9383 -0.0303 0.3444
vn -0.9383 -0.0304 0.3444
vn 0.9997 -0.0032 0.0232
vn 0.9269 -0.2470 0.2826
vn 0.9949 -0.1010 -0.0027
vn -0.6935 -0.6895 0.2089
vn -0.6768 -0.3707 0.6361
vn -0.9636 -0.0581 0.2611
vn -0.6935 -0.6895 0.2090
vn 0.9269 -0.2469 0.2826
vn 0.9986 -0.0114 0.0512
vn 0.9380 0.2000 0.2830
vn 0.7676 0.2635 0.5843
vn 0.6767 -0.1212 -0.7262
vn 0.4118 0.1262 -0.9025
vn 0.9367 0.0113 0.3501
vn 0.9299 0.3198 -0.1816
vn -0.0009 0.7116 0.7026
vn -0.6480 0.6060 0.4614
vn -0.0003 0.8401 0.5425
vn -0.2181 0.8774 0.4273
vn -0.0009 0.7116 0.7025
vn -0.0015 0.9667 0.2559
vn -0.2180 0.8774 0.4273
vn -0.0015 0.9667 0.2558
vn -0.2671 0.8765 0.4006
vn -0.4725 0.6126 0.6336
vn -0.6480 0.6059 0.4614
vn -0.9832 0.0058 -0.1824
vn -0.9940 0.0563 -0.0934
vn -0.8252 0.3222 0.4640
vn -0.6785 -0.1153 -0.7255
vn -0.5576 -0.8294 -0.0338
vn 0.6708 -0.3628 0.6468
vn 0.5571 -0.8296 -0.0370
vn -0.0025 0.9999 0.0112
vn -0.0042 0.9962 -0.0874
vn -0.0024 0.9963 -0.0864
vn -0.0031 0.9817 -0.1904
vn -0.0041 0.9962 -0.0874
vn 0.0051 0.9794 -0.2019
vn 0.0083 0.9999 -0.0063
vn 0.0038 0.9962 -0.0873
vn 0.0058 0.9961 -0.0880
vn 0.0017 1.0000 0.0095
vn 0.0037 0.9962 -0.0873
vn 0.0028 0.9807 -0.1954
vn 0.0027 0.9807 -0.1954
vn -0.0067 0.9786 -0.2057
vn -0.0105 0.9999 -0.0064
vn 0.2627 -0.6414 0.7208
vn 0.0091 -0.0018 1.0000
vn -0.0106 -0.6883 0.7253
vn 0.6531 0.0002 -0.7573
vn 0.1325 -0.6759 -0.7250
vn 0.1789 0.0014 -0.9839
vn 0.3593 -0.0023 0.9332
vn -0.6604 0.0025 -0.7509
vn -0.6465 -0.6720 -0.3612
vn -0.8693 0.0024 -0.4942
vn -0.6465 -0.6720 -0.3611
vn -0.4902 -0.6793 -0.5461
vn 0.6531 0.0002 -0.7572
vn 0.5049 -0.6376 -0.5818
vn -0.7641 -0.6447 -0.0225
vn 0.1790 0.0014 -0.9839
vn -0.2096 -0.6633 -0.7184
vn -0.2766 0.0022 -0.9610
vn -0.8694 0.0024 -0.4942
vn -0.7641 -0.6447 -0.0226
vn -0.9994 0.0018 -0.0337
vn -0.6502 -0.6524 0.3893
vn -0.8606 0.0006 0.5092
vn -0.2930 -0.6267 0.7221
vn -0.3772 -0.0010 0.9261
vn -0.5125 -0.5724 0.6401
vn -0.6826 -0.4022 0.6101
vn -0.6825 -0.4022 0.6102
vn -0.6827 -0.4021 0.6102
vn -0.6826 -0.4021 0.6102
vn -0.6825 -0.4020 0.6104
vn -0.6825 -0.4020 0.6105
vn 0.5271 -0.5129 0.6776
vn 0.6706 -0.3628 0.6470
vn -0.5125 -0.5724 0.6400
vn -0.6826 -0.4021 0.6103
vn 0.2918 -0.4053 0.8663
vn 0.6706 -0.3629 0.6469
vn -0.2786 -0.4643 0.8407
vn -0.2786 -0.4644 0.8407
vn -0.1061 -0.4009 0.9100
vn 0.2918 -0.4052 0.8664
vn 0.2918 -0.4053 0.8664
vn 0.5272 -0.5131 0.6774
vn 0.6707 -0.3628 0.6469
vn 0.1324 -0.6758 -0.7251
vn 0.1325 -0.6758 -0.7250
vn -0.0107 -0.6883 0.7253
vn 0.8606 0.0007 0.5092
vn 0.2930 -0.6267 0.7221
vn 0.6503 -0.6524 0.3893
vn 0.8607 0.0007 0.5092
vn 0.3769 -0.0009 0.9263
vn 0.9994 0.0019 -0.0338
vn 0.6502 -0.6524 0.3893
vn 0.7641 -0.6447 -0.0225
vn 0.8607 0.0006 0.5092
vn 0.2767 0.0022 -0.9609
vn 0.4902 -0.6794 -0.5460
vn 0.2098 -0.6633 -0.7184
vn 0.1325 -0.6758 -0.7251
vn 0.6783 -0.6377 0.3651
vn 0.5050 -0.6376 -0.5818
vn 0.7560 -0.6398 -0.1383
vn 0.6783 -0.6376 0.3652
vn 0.1326 -0.6758 -0.7250
vn -0.6466 -0.6720 -0.3611
vn -0.4901 -0.6794 -0.5461
vn -0.2097 -0.6633 -0.7184
vn -0.1324 -0.6759 -0.7250
vn 0.8827 -0.0024 0.4699
vn 0.7560 -0.6397 -0.1383
vn 0.9831 -0.0015 -0.1830
vn 0.2097 -0.6633 -0.7184
vn -0.1789 0.0014 -0.9839
vn 0.2767 0.0022 -0.9610
vn 0.8693 0.0024 -0.4942
vn 0.6466 -0.6720 -0.3610
vn 0.6604 0.0025 -0.7509
vn 0.6465 -0.6720 -0.3612
vn 0.4902 -0.6794 -0.5461
vn 0.8693 0.0025 -0.4943
vn -0.6532 0.0001 -0.7572
vn -0.1326 -0.6759 -0.7250
vn -0.5048 -0.6376 -0.5819
vn -0.1325 -0.6759 -0.7250
vn -0.0092 -0.0018 1.0000
vn -0.2629 -0.6413 0.7209
vn 0.0105 -0.6884 0.7253
vn -0.3594 -0.0023 0.9332
vn -0.3593 -0.0022 0.9332
vn -0.6782 -0.6378 0.3651
vn 0.7561 -0.6397 -0.1383
vn 0.6531 0.0001 -0.7573
vn -0.1325 -0.6758 -0.7250
vn -0.6502 -0.6525 0.3893
vn 0.0105 -0.6883 0.7253
vn -0.9832 -0.0015 -0.1828
vn -0.5048 -0.6376 -0.5820
vn -0.7561 -0.6397 -0.1384
vn -0.6782 -0.6378 0.3652
vn -0.8827 -0.0024 0.4700
vn 0.0106 -0.6884 0.7253
vn -0.6782 -0.6377 0.3652
vn 0.6465 -0.6720 -0.3613
vn 0.6466 -0.6720 -0.3611
vn 0.0106 -0.6883 0.7253
vn 0.3769 -0.0010 0.9263
vn 0.3769 -0.0009 0.9262
vn -0.9831 -0.0015 -0.1828
vn -0.6781 -0.6378 0.3652
vn -0.5049 -0.6376 -0.5818
vn -0.9831 -0.0015 -0.1829
vn -0.8991 0.2773 -0.3387
vn 0.0049 -0.8014 0.5981
vn -0.8017 0.2610 0.5378
vn -0.6760 -0.6712 0.3041
vn -0.3828 -0.8956 -0.2267
vn -0.1049 -0.9146 0.3906
vn -0.0679 -0.9527 -0.2963
vn -0.0647 -0.9902 -0.1237
vn -0.6085 -0.7581 -0.2347
vn 0.3789 -0.8499 0.3661
vn -0.1049 -0.9145 0.3907
vn 0.4134 -0.5936 0.6905
vn -0.0203 -0.9834 -0.1804
vn 0.0095 -0.9982 -0.0599
vn 0.0048 -0.9998 0.0190
vn -0.0001 -0.7900 0.6131
vn 0.0192 -0.9996 0.0186
vn 0.0110 -0.9997 0.0199
vn -0.1898 -0.9809 0.0424
vn -0.3827 -0.8956 -0.2267
vn -0.0647 -0.9902 -0.1236
vn 0.0048 -0.9998 0.0189
vn -0.6085 -0.7581 -0.2346
vn -0.0203 -0.9834 -0.1803
vn -0.0000 -0.7900 0.6131
vn 0.0193 -0.9996 0.0182
vn 0.0100 -0.9910 0.1332
vn 0.0122 -0.9993 0.0340
vn 0.0100 -0.9910 0.1333
vn -0.0000 -0.9989 0.0462
vn 0.0122 -0.9993 0.0341
vn -0.1585 -0.9605 0.2289
vn -0.1897 -0.9809 0.0423
vn -0.0008 -0.8155 -0.5787
vn -0.9041 -0.3959 -0.1607
vn -0.1048 -0.9145 0.3907
vn -0.4699 -0.6109 0.6372
vn -0.4698 -0.6109 0.6372
vn 0.4134 -0.5935 0.6905
vn -0.1048 -0.9146 0.3906
vn -0.0000 -0.2985 0.9544
vn -0.6760 -0.6712 0.3042
vn -0.8938 -0.3939 -0.2143
vn -0.8915 -0.2949 0.3439
vn -0.9041 -0.3959 -0.1606
vn -0.9161 -0.3866 -0.1063
vn -0.6760 -0.6713 0.3041
vn -0.4698 -0.6110 0.6372
vn -0.8307 -0.3065 0.4648
vn 0.2772 -0.8890 0.3645
vn 0.1049 -0.9145 0.3907
vn 0.3827 -0.8956 -0.2267
vn 0.0679 -0.9527 -0.2962
vn 0.6085 -0.7581 -0.2346
vn 0.0647 -0.9902 -0.1237
vn -0.3789 -0.8500 0.3661
vn -0.4135 -0.5936 0.6905
vn 0.1049 -0.9146 0.3906
vn 0.0205 -0.9836 -0.1792
vn -0.0049 -0.9998 0.0188
vn -0.0096 -0.9981 -0.0601
vn -0.0113 -0.9997 0.0198
vn -0.0195 -0.9996 0.0187
vn 0.1898 -0.9809 0.0423
vn 0.3828 -0.8956 -0.2267
vn -0.0112 -0.9997 0.0198
vn -0.0096 -0.9982 -0.0600
vn -0.0196 -0.9996 0.0178
vn -0.0101 -0.9910 0.1333
vn 0.1048 -0.9146 0.3906
vn -0.0123 -0.9993 0.0356
vn -0.0000 -0.9989 0.0461
vn -0.0123 -0.9993 0.0355
vn 0.1049 -0.9145 0.3906
vn 0.1583 -0.9605 0.2290
vn 0.1898 -0.9809 0.0424
vn 0.1583 -0.9605 0.2289
vn 0.0008 -0.8155 -0.5787
vn 0.6085 -0.7580 -0.2346
vn 0.8220 -0.5515 -0.1422
vn -0.3789 -0.8499 0.3661
vn 0.0679 -0.9527 -0.2963
vn 0.6085 -0.7581 -0.2345
vn -0.9264 0.3609 0.1077
vn -0.9038 0.3686 0.2174
vn 0.2771 -0.8890 0.3644
vn 0.8220 -0.5515 -0.1421
vn -0.8991 0.2773 -0.3388
vn 0.2771 -0.8890 0.3646
vn 0.8973 -0.4310 -0.0952
vn 0.8703 -0.4443 -0.2126
vn 0.0050 -0.8014 0.5981
vn 0.2772 -0.8890 0.3644
vn 0.8430 -0.2951 0.4496
vn 0.8431 -0.2951 0.4496
vn -0.8017 0.2610 0.5377
vn 0.0025 -0.9999 -0.0112
vn 0.0024 -0.9963 0.0864
vn 0.0031 -0.9817 0.1904
vn 0.0042 -0.9962 0.0874
vn -0.0051 -0.9794 0.2019
vn -0.0083 -0.9999 0.0063
vn -0.0041 -0.9963 0.0855
vn -0.0056 -0.9962 0.0872
vn -0.0028 -0.9813 0.1927
vn -0.0028 -0.9812 0.1927
vn 0.0064 -0.9792 0.2030
vn 0.0084 -1.0000 0.0040
vn -0.0000 0.3480 0.9375
vn 0.0442 0.3507 0.9354
vn -0.0000 0.0621 0.9981
vn -0.0319 0.4931 0.8694
vn -0.0715 0.3759 0.9239
vn -0.0000 0.4797 0.8774
vn -0.0000 0.6414 0.7672
vn -0.0179 0.8470 0.5313
vn 0.0715 0.3760 0.9239
vn 0.0319 0.4931 0.8694
vn 0.0154 0.1715 0.9851
vn -0.0320 0.4931 0.8694
vn -0.0913 0.6642 0.7419
vn -0.5703 0.1806 0.8013
vn -0.0000 0.1853 0.9827
vn -0.3453 0.0572 0.9368
vn -0.0319 0.4930 0.8694
vn -0.5632 0.2845 0.7758
vn -0.0442 0.3507 0.9354
vn -0.0442 0.3508 0.9354
vn -0.0000 0.0620 0.9981
vn 0.0303 0.6329 0.7736
vn 0.0319 0.4932 0.8693
vn 0.0917 0.6644 0.7417
vn 0.0319 0.4932 0.8694
vn 0.0913 0.6646 0.7416
vn 0.0442 0.3508 0.9354
vn 0.0782 0.3205 0.9440
vn 0.0327 0.0575 0.9978
vn 0.0328 0.0575 0.9978
vn 0.0303 0.6329 0.7737
vn -0.0000 -0.5201 0.8541
vn 0.0008 -0.7960 0.6053
vn -0.0004 -0.4423 0.8969
vn 0.2359 -0.4081 0.8819
vn 0.5571 -0.8296 -0.0371
vn 0.2359 -0.4080 0.8820
vn -0.0061 0.0466 0.9989
vn -0.0000 0.9945 0.1046
vn -0.0000 -0.0000 1.0000
vn -0.0000 -0.9945 -0.1046
vn -0.9970 -0.0000 0.0771
vn 0.2322 0.0265 0.9723
vn -0.0000 0.0399 0.9992
vn 0.6713 -0.3876 0.6317
vn 0.0032 -0.9817 0.1903
vn -0.0000 0.9634 0.2679
vn -0.0000 0.8733 0.4872
vn -0.0000 0.7398 0.6728
vn 0.9970 -0.0000 0.0771
vn -0.9968 -0.0000 0.0793
vn 0.9968 -0.0000 0.0793
vn 0.0404 0.5026 0.8636
vn -0.0000 0.5299 0.8480
vn 0.0405 0.5026 0.8636
vn 0.4235 0.1910 0.8856
vn 0.2322 0.0264 0.9723
vn 0.0063 0.0477 0.9988
vn -0.2399 0.0265 0.9704
vn -0.2399 0.0264 0.9704
vn -0.2317 -0.4009 0.8863
vn -0.0408 0.5025 0.8636
vn -0.2780 0.4273 0.8603
vn -0.5577 -0.8294 -0.0339
vn -0.0429 -0.9698 -0.2402
vn -0.0387 -0.9933 0.1089
vn -0.2734 -0.8193 0.5040
vn -0.2734 -0.8192 0.5041
vn -0.0000 0.9635 0.2679
vn 0.2838 -0.5644 0.7752
vn -0.2523 -0.6593 -0.7082
vn 0.7051 -0.6258 0.3336
vn 0.7952 0.5607 0.2308
vn 0.2831 -0.8803 0.3808
vn 0.7952 0.5608 0.2308
vn 0.2997 0.8705 0.3904
vn -0.0357 0.9951 -0.0923
vn 0.3261 0.6870 0.6494
vn 0.7051 -0.6257 0.3337
vn 0.7951 0.5608 0.2308
vn -0.7522 0.5705 -0.3296
vn -0.0358 0.9951 -0.0923
vn -0.3080 0.5782 -0.7555
vn -0.1262 0.6543 -0.7456
vn -0.2051 -0.6699 0.7136
vn -0.7198 -0.6174 -0.3174
vn -0.2050 -0.6699 0.7136
vn -0.6838 -0.6206 0.3837
vn -0.2524 -0.6593 -0.7082
vn 0.2838 -0.5645 0.7751
vn 0.2832 -0.8802 0.3808
vn -0.2524 -0.6593 -0.7083
vn -0.1136 -0.6799 -0.7244
vn -0.0749 -0.6103 0.7886
vn -0.2860 -0.7412 -0.6074
vn -0.7091 0.5799 0.4011
vn -0.2820 0.5953 0.7524
vn 0.2996 0.8705 0.3904
vn -0.2171 0.7116 0.6682
vn -0.3619 0.8494 -0.3842
vn -0.0750 -0.6103 0.7886
vn -0.2170 0.7116 0.6682
vn 0.3261 0.6869 0.6495
vn 0.7050 -0.6258 0.3337
vn 0.2831 -0.8802 0.3808
vn 0.2996 0.8705 0.3905
vn -0.2819 0.5953 0.7524
vn 0.2838 -0.5644 0.7751
vn -0.7091 0.5799 0.4012
vn -0.6838 -0.6206 0.3838
vn -0.2051 -0.6699 0.7135
vn -0.7523 0.5705 -0.3296
vn -0.7197 -0.6174 -0.3175
vn -0.6838 -0.6205 0.3838
vn -0.3080 0.5782 -0.7556
vn -0.7198 -0.6174 -0.3175
vn -0.3619 0.8493 -0.3842
vn -0.3618 0.8494 -0.3842
vn -0.1135 -0.6799 -0.7244
vn 0.2525 -0.6593 -0.7082
vn -0.2839 -0.5645 0.7751
vn -0.7051 -0.6257 0.3335
vn -0.7052 -0.6257 0.3335
vn -0.7952 0.5607 0.2308
vn -0.2832 -0.8802 0.3808
vn -0.2996 0.8705 0.3904
vn -0.7952 0.5607 0.2307
vn 0.0358 0.9951 -0.0923
vn -0.3261 0.6869 0.6494
vn 0.7523 0.5706 -0.3293
vn 0.3081 0.5782 -0.7555
vn 0.1262 0.6543 -0.7456
vn 0.3081 0.5781 -0.7555
vn 0.2050 -0.6699 0.7136
vn 0.2524 -0.6593 -0.7082
vn 0.7198 -0.6174 -0.3174
vn 0.7198 -0.6174 -0.3173
vn 0.6838 -0.6206 0.3838
vn 0.2051 -0.6699 0.7135
vn -0.2839 -0.5645 0.7750
vn -0.2832 -0.8803 0.3807
vn 0.1135 -0.6799 -0.7244
vn 0.1135 -0.6799 -0.7245
vn 0.0749 -0.6104 0.7886
vn 0.1136 -0.6799 -0.7244
vn 0.2860 -0.7412 -0.6074
vn 0.7091 0.5799 0.4012
vn 0.7522 0.5706 -0.3295
vn 0.2820 0.5953 0.7524
vn 0.7091 0.5799 0.4011
vn -0.3262 0.6869 0.6494
vn -0.2997 0.8705 0.3903
vn 0.2171 0.7116 0.6682
vn -0.2997 0.8705 0.3904
vn 0.1263 0.6543 -0.7456
vn 0.3619 0.8493 -0.3843
vn 0.2171 0.7117 0.6681
vn -0.2831 -0.8803 0.3808
vn 0.2051 -0.6699 0.7136
vn 0.2819 0.5953 0.7524
vn 0.7197 -0.6174 -0.3174
vn 0.7523 0.5705 -0.3295
vn 0.6838 -0.6206 0.3837
vn 0.7523 0.5706 -0.3295
vn 0.7197 -0.6175 -0.3174
vn 0.2524 -0.6594 -0.7082
vn 0.3618 0.8494 -0.3843
vn 0.0408 -0.5025 -0.8636
vn 0.2781 -0.4274 -0.8602
vn 0.0578 -0.7083 -0.7035
vn 0.0067 -0.7336 -0.6796
vn -0.0000 -0.5299 -0.8481
vn 0.0001 -0.7963 -0.6049
vn -0.0001 -0.5299 -0.8481
vn 0.0067 -0.7336 -0.6795
vn -0.0404 -0.5026 -0.8636
vn -0.0577 -0.7084 -0.7034
vn -0.0775 -0.6550 -0.7517
vn -0.0067 -0.7339 -0.6793
vn -0.0000 -0.5299 -0.8480
vn -0.0067 -0.7338 -0.6793
vn -0.0405 -0.5026 -0.8636
vn 0.0002 -0.7963 -0.6049
vn 0.3153 -0.6921 -0.6493
vn -0.4220 -0.0325 -0.9060
vn -0.0004 0.0143 -0.9999
vn -0.6181 0.3646 -0.6964
vn -0.4220 -0.0324 -0.9060
vn -0.9904 0.0103 -0.1377
vn -0.3547 -0.3788 -0.8548
vn 0.0002 -0.0723 -0.9974
vn -0.9995 0.0226 -0.0213
vn -1.0000 0.0044 -0.0039
vn -0.6668 0.4072 -0.6242
vn 0.0001 -0.0464 -0.9989
vn -0.8480 0.3493 -0.3986
vn -0.2992 -0.3906 -0.8706
vn -0.8480 0.3493 -0.3985
vn -0.3993 0.2855 -0.8712
vn -0.3993 0.2855 -0.8713
vn 0.0001 0.1694 -0.9855
vn -0.8420 0.3818 -0.3813
vn -0.3992 0.2855 -0.8713
vn 0.0002 0.1694 -0.9855
vn -0.5412 0.5113 -0.6676
vn -0.3274 -0.6895 -0.6461
vn -0.0010 -0.2391 -0.9710
vn -0.3273 -0.6895 -0.6461
vn -0.4939 -0.4477 -0.7454
vn -0.0009 0.7117 0.7025
vn -0.2595 0.4534 -0.8527
vn -0.0000 0.7399 0.6728
vn -0.2595 0.4535 -0.8526
vn -0.0000 0.9635 0.2678
vn -0.0503 0.9927 -0.1097
vn -0.3446 0.9094 -0.2331
vn -0.1222 0.5551 -0.8227
vn -0.1222 0.5551 -0.8228
vn -0.2671 0.8766 0.4003
vn -0.0015 0.9666 0.2562
vn -0.0000 0.9634 0.2682
vn -0.6393 0.7579 -0.1301
vn -0.6392 0.7579 -0.1301
vn -0.0503 0.9927 -0.1098
vn -0.1221 0.5551 -0.8228
vn -0.6668 0.4073 -0.6241
vn -0.9193 -0.1514 -0.3633
vn 0.0001 0.1694 -0.9856
vn 0.0007 -0.7385 -0.6742
vn -0.8554 -0.5161 -0.0431
vn -0.5577 -0.8294 -0.0338
vn 0.2994 -0.3919 -0.8699
vn 0.9813 0.1516 -0.1184
vn 0.4010 0.2843 -0.8708
vn 0.3556 -0.3808 -0.8535
vn 0.4212 -0.0355 -0.9063
vn 0.9997 -0.0031 0.0232
vn 0.9949 -0.1010 -0.0028
vn 0.9752 -0.1479 -0.1647
vn 0.3556 -0.3808 -0.8536
vn 0.3555 -0.3808 -0.8536
vn 0.9999 -0.0003 -0.0130
vn 0.7676 0.2635 0.5842
vn 0.4010 0.2843 -0.8709
vn 0.4009 0.2844 -0.8709
vn 0.4010 0.2844 -0.8708
vn 0.9643 0.2216 -0.1447
vn 0.5334 0.5179 -0.6688
vn 0.4813 0.0096 -0.8765
vn 0.3154 -0.6920 -0.6493
vn 0.4964 -0.4539 -0.7399
vn 0.3154 -0.6921 -0.6493
vn -0.0000 -0.9633 -0.2685
vn 0.0008 -0.7385 -0.6742
vn -0.0005 0.0143 -0.9999
vn 0.8901 0.3353 -0.3089
vn 0.9900 0.0152 -0.1402
vn -0.9956 -0.0938 0.0024
vn -0.0010 -0.2390 -0.9710
vn 0.4964 -0.4539 -0.7400
vn -0.3546 -0.3788 -0.8548
vn -0.0481 -0.8120 0.5817
vn -0.0493 -0.8167 0.5750
vn -0.0398 -0.7769 0.6284
vn -0.0387 -0.7722 0.6342
vn -0.0481 -0.8119 0.5818
vn 0.0220 -0.0536 0.9983
vn 0.0415 0.7471 0.6635
vn 0.6850 0.2426 0.6870
vn 0.6849 0.2426 0.6870
vn 0.2612 0.4112 0.8733
vn 0.0219 -0.0536 0.9983
vn -0.5065 -0.4453 0.7384
vn -0.4751 -0.4381 0.7631
vn -0.5899 -0.4619 0.6623
vn -0.6478 -0.4705 0.5991
vn -0.5065 -0.4454 0.7383
vn 0.6849 0.2426 0.6871
vn 0.3824 0.0326 0.9234
vn 0.3824 0.0325 0.9234
vn 0.2196 0.1591 0.9625
vn -0.0725 -0.3765 -0.9236
vn 0.0154 0.1714 0.9851
vn 0.0314 0.7503 0.6604
vn 0.0054 -0.7877 0.6161
vn -0.0146 -0.8053 0.5927
vn -0.0350 -0.8222 0.5682
vn 0.0224 -0.6096 0.7924
vn 0.0240 -0.7038 0.7100
vn 0.1691 -0.6037 0.7790
vn 0.0776 -0.7769 0.6249
vn -0.0351 0.4684 0.8828
vn -0.0340 0.4675 0.8833
vn -0.0282 0.4626 0.8861
vn -0.0394 0.4720 0.8807
vn 0.1807 -0.5686 0.8025
vn 0.1691 -0.6038 0.7790
vn 0.7308 -0.5153 0.4477
vn 0.1808 -0.5686 0.8025
vn -0.0426 0.4865 0.8727
vn 0.0218 0.5108 0.8594
vn -0.0282 0.4794 0.8772
vn -0.0425 0.4865 0.8727
vn 0.0049 0.4955 0.8686
vn -0.1944 -0.7815 0.5928
vn -0.2749 -0.7532 0.5975
vn -0.4516 -0.6183 0.6433
vn -0.0969 -0.2158 0.9716
vn -0.1930 -0.7803 0.5949
vn 0.2825 -0.0896 0.9551
vn 0.5838 0.4916 0.6461
vn 0.3196 0.5757 0.7526
vn 0.3096 0.5452 0.7790
vn 0.0207 -0.7967 0.6040
vn 0.0276 -0.7838 0.6204
vn -0.2750 -0.7532 0.5975
vn 0.0050 0.4955 0.8686
vn 0.5595 0.5845 0.5877
vn 0.6159 0.5987 0.5121
vn 0.5547 0.5831 0.5935
vn 0.5546 0.5831 0.5936
vn -0.0970 -0.2158 0.9716
vn 0.5594 0.5845 0.5877
vn 0.2825 -0.0897 0.9551
vn -0.2741 -0.7170 0.6410
vn -0.2550 -0.7111 0.6552
vn -0.2549 -0.7111 0.6552
vn -0.2406 -0.7064 0.6656
vn 0.6292 0.1132 0.7689
vn 0.6067 0.0832 0.7906
vn 0.7440 0.2972 0.5984
vn 0.6066 0.0832 0.7906
vn 0.5000 -0.0436 0.8649
vn -0.4303 0.0647 0.9004
vn -0.4451 0.1399 0.8845
vn -0.4108 0.0824 0.9080
vn -0.4455 0.1132 0.8881
vn 0.6152 -0.4895 0.6180
vn 0.6030 -0.5099 0.6135
vn 0.4127 -0.6487 0.6394
vn 0.1477 -0.1695 0.9744
vn 0.0934 0.3161 0.9441
vn -0.3011 0.7144 0.6317
vn -0.4038 0.5233 0.7504
vn -0.4201 0.4627 0.7807
vn 0.7436 -0.1780 0.6445
vn 0.7349 -0.1694 0.6567
vn 0.6030 -0.5098 0.6135
vn -0.4200 0.4628 0.7806
vn -0.4200 0.4628 0.7807
vn -0.3702 0.7307 0.5736
vn -0.3665 0.7852 0.4991
vn -0.3704 0.7228 0.5834
vn -0.3705 0.7227 0.5834
vn 0.1478 -0.1697 0.9744
vn 0.0934 0.3162 0.9441
vn 0.5784 -0.4808 0.6590
vn 0.5785 -0.4578 0.6751
vn 0.5783 -0.4422 0.6856
vn 0.0935 0.3161 0.9441
vn -0.0493 -0.8166 0.5751
vn -0.0398 -0.7768 0.6285
vn -0.0387 -0.7721 0.6343
vn 0.0219 -0.0537 0.9983
vn 0.0415 0.7471 0.6634
vn 0.6850 0.2425 0.6870
vn 0.6849 0.2425 0.6871
vn -0.5065 -0.4453 0.7383
vn -0.4751 -0.4380 0.7632
vn -0.6478 -0.4705 0.5992
vn 0.2612 0.4111 0.8734
vn 0.2196 0.1590 0.9626
vn 0.0380 0.7554 0.6542
vn 0.0469 0.7618 0.6461
vn 0.0396 0.7565 0.6528
vn 0.0395 0.7564 0.6529
vn 0.0314 0.7504 0.6603
vn 0.0380 0.7553 0.6543
vn 0.0054 -0.7876 0.6161
vn -0.0147 -0.8052 0.5928
vn -0.0146 -0.8052 0.5928
vn -0.0350 -0.8221 0.5683
vn 0.1041 -0.0191 0.9944
vn -0.0549 -0.1184 0.9914
vn -0.0010 0.0041 1.0000
vn -0.0009 0.0041 1.0000
vn -0.0550 -0.1184 0.9914
vn 0.0093 0.1362 0.9906
vn 0.0160 0.0718 0.9973
vn 0.0382 0.0591 0.9975
vn 0.0161 0.0718 0.9973
vn 0.0407 0.0681 0.9968
vn 0.0408 0.0681 0.9968
vn -0.0033 -0.0000 1.0000
vn -0.9999 0.0121 -0.0000
vn -0.3937 0.9192 -0.0000
vn 0.0670 0.9978 -0.0000
vn 0.3721 0.9282 -0.0000
vn 0.9602 0.2791 -0.0000
vn 1.0000 0.0004 -0.0000
vn 0.3718 -0.9283 -0.0000
vn -0.1247 -0.9922 -0.0000
vn 0.0127 0.1146 0.9933
vn 0.0142 0.1081 0.9940
vn 0.0002 0.1197 0.9928
vn 0.0142 0.1082 0.9940
vn 0.0003 0.1203 0.9927
vn 0.0003 0.1204 0.9927
vn -0.0007 0.1192 0.9929
vn -0.0007 0.1191 0.9929
vn 0.0031 0.1125 0.9936
vn 0.0078 0.1065 0.9943
vn 0.0078 0.1066 0.9943
vn 0.0041 0.1125 0.9936
vn -0.0367 -0.9993 -0.0000
vn -0.7311 -0.6823 -0.0000
vn -0.6785 -0.1152 -0.7255
vn 0.0008 -0.7386 -0.6742
vn 0.6379 0.7612 -0.1165
vn 0.0503 0.9927 -0.1097
vn 0.3388 0.9120 -0.2311
vn 0.1189 0.5546 -0.8236
vn 0.8465 0.3554 -0.3964
vn 0.9670 0.1561 -0.2011
vn 0.0503 0.9927 -0.1098
vn 0.3388 0.9120 -0.2312
vn 0.7864 0.4065 0.4651
vn 0.0015 0.9666 0.2563
vn 0.2771 0.5350 0.7981
vn 0.1190 0.5546 -0.8236
vn 0.6192 0.4983 0.6069
vn 0.0022 0.9792 0.2027
vn -0.0000 0.7399 0.6727
vn 0.0009 0.7117 0.7025
vn 0.0002 -0.0464 -0.9989
vn 0.6648 0.4140 -0.6218
vn 0.0913 0.6647 0.7415
vn 0.4845 0.1917 0.8535
vn 0.1234 -0.7080 0.6954
vn 0.0015 0.0957 0.9954
vn -0.0015 0.0957 0.9954
vn -0.0001 0.0958 0.9954
vn -0.0008 0.0961 0.9954
vn 0.0008 0.0961 0.9954
vn -0.0427 0.8714 0.4887
vn 0.2320 0.3103 0.9219
vn 0.2163 0.3582 0.9083
vn 0.2163 0.3582 0.9082
vn 0.2320 0.3105 0.9218
vn 0.3108 0.0141 0.9504
vn 0.0014 -0.6214 0.7835
vn 0.0014 -0.6319 0.7750
vn 0.1373 -0.5119 0.8480
vn 0.0014 -0.6319 0.7751
vn 0.0015 -0.6214 0.7835
vn 0.0013 -0.6214 0.7835
vn -0.4375 0.1032 0.8933
vn -0.5264 0.0885 0.8456
vn -0.2164 -0.3842 0.8975
vn -0.2321 0.3103 0.9219
vn 0.0427 0.8714 0.4887
vn -0.2163 0.3582 0.9083
vn 0.0013 -0.6213 0.7835
vn -0.0038 -0.6334 0.7738
vn 0.0111 0.8786 0.4774
vn 0.0063 0.8681 0.4964
vn 0.0025 0.8598 0.5107
vn 0.0076 0.8800 0.4750
vn -0.0026 0.8845 0.4666
vn -0.0147 0.8635 0.5041
vn -0.4396 0.4288 0.7892
vn -0.4845 0.1916 0.8535
vn -0.5263 0.0884 0.8457
vn -0.3108 0.0141 0.9504
vn -0.2320 0.3105 0.9218
vn -0.2163 0.3582 0.9082
vn -0.4206 0.1120 0.9003
vn -0.4374 0.1032 0.8933
vn 0.4396 0.4288 0.7892
vn 0.5416 0.0458 0.8394
vn -0.1234 -0.7080 0.6954
vn 0.1703 -0.3470 0.9223
vn 0.4206 0.1120 0.9003
vn 0.1754 -0.3496 0.9203
vn -0.8484 -0.0446 -0.5275
vn -0.0913 0.6643 0.7419
vn 0.8556 -0.5154 -0.0476
vn 0.8819 -0.3682 0.2944
vn 0.0470 0.7618 0.6461
vn -0.9812 0.1929 -0.0000
vn -0.7052 0.7090 -0.0000
vn -0.0920 0.9958 -0.0000
vn 0.0314 0.9995 -0.0000
vn 0.7537 0.6572 -0.0000
vn 0.9481 -0.3180 -0.0000
vn -0.0000 -0.1273 0.9919
vn -0.0000 0.5875 -0.8092
vn -0.0000 -0.2214 -0.9752
vn 0.7576 0.2063 0.6193
vn -0.0000 0.5201 -0.8541
vn 0.9248 0.0136 0.3803
vn 0.9021 0.1218 0.4140
vn 0.9273 -0.0023 0.3743
vn 0.9007 0.0353 0.4330
vn 0.9201 -0.0144 0.3914
vn 0.7285 0.4001 0.5561
vn 0.8165 0.4780 0.3238
vn 0.7720 0.4475 0.4514
vn 0.7903 0.5552 0.2591
vn 0.8103 0.2933 0.5074
vn 0.5526 0.4164 0.7220
vn 0.7285 0.4002 0.5561
vn 0.9248 0.0135 0.3803
vn 0.0775 0.6550 0.7517
vn -0.0019 0.9678 0.2516
vn 0.7720 0.4475 0.4513
vn 0.0001 0.8712 0.4909
vn 0.0066 0.7091 0.7051
vn 0.5525 0.4164 0.7220
vn -0.0000 0.5299 0.8481
vn -0.0001 0.8712 0.4909
vn 0.0019 0.9678 0.2516
vn -0.3593 0.7665 0.5324
vn -0.0066 0.7091 0.7051
vn -0.2696 0.5951 0.7571
vn -0.2736 0.9225 0.2722
vn -0.3592 0.7665 0.5324
vn -0.7010 0.4046 0.5872
vn -0.2695 0.5951 0.7571
vn -0.2736 0.9226 0.2721
vn -0.8110 0.4972 0.3085
vn -0.8110 0.4972 0.3084
vt 0.895383 0.553681
vt 0.929578 0.553871
vt 0.912018 0.531256
vt 0.905128 0.500751
vt 0.894408 0.523146
vt 0.891143 0.502501
vt 0.994048 0.501669
vt 0.954003 0.533404
vt 0.957468 0.545834
vt 0.869279 0.562319
vt 0.869664 0.575484
vt 0.856449 0.560809
vt 0.849959 0.589204
vt 0.877884 0.598364
vt 0.877459 0.585514
vt 0.879344 0.577724
vt 0.897209 0.593674
vt 0.926193 0.501971
vt 0.884554 0.575674
vt 0.877294 0.576569
vt 0.859233 0.523914
vt 0.863053 0.544679
vt 0.846213 0.516574
vt 0.839388 0.545884
vt 0.835668 0.526729
vt 0.850598 0.502369
vt 0.870209 0.549584
vt 0.851799 0.550409
vt 0.841664 0.560749
vt 0.840079 0.591919
vt 0.847534 0.606949
vt 0.899504 0.576639
vt 0.898409 0.576369
vt 0.883084 0.606229
vt 0.864193 0.521689
vt 0.864193 0.520314
vt 0.864193 0.504519
vt 0.864193 0.501599
vt 0.865819 0.547389
vt 0.835034 0.580394
vt 0.834399 0.595354
vt 0.843089 0.609314
vt 0.862094 0.613184
vt 0.863289 0.611084
vt 0.873679 0.612494
vt 0.884254 0.607894
vt 0.898724 0.594604
vt 0.915228 0.500428
vt 0.869148 0.523914
vt 0.881253 0.516574
vt 0.889418 0.546054
vt 0.892548 0.526729
vt 0.877238 0.502369
vt 0.876799 0.576694
vt 0.894379 0.547254
vt 0.919893 0.609014
vt 0.929828 0.559364
vt 0.921633 0.555424
vt 0.950779 0.656996
vt 0.908464 0.614526
vt 0.950779 0.614526
vt 0.908704 0.656826
vt 0.950849 0.614441
vt 0.950849 0.656826
vt 0.908704 0.614441
vt 0.908634 0.614441
vt 0.950949 0.656996
vt 0.908634 0.656996
vt 0.950949 0.614441
vt 0.924793 0.608069
vt 0.908464 0.656996
vt 0.914178 0.560314
vt 0.911328 0.612609
vt 0.905978 0.608434
vt 0.906158 0.555034
vt 0.958758 0.518569
vt 0.967758 0.504159
vt 0.981048 0.520834
vt 0.991838 0.543094
vt 0.998883 0.502269
vt 0.953108 0.607659
vt 0.926898 0.593039
vt 0.927513 0.598489
vt 0.953108 0.612059
vt 0.971233 0.607659
vt 0.953108 0.606854
vt 0.971233 0.606854
vt 0.971233 0.612059
vt 0.996463 0.597669
vt 0.996603 0.592159
vt 0.996523 0.590804
vt 0.908869 0.782812
vt 0.927024 0.779742
vt 0.907539 0.800912
vt 0.919054 0.810627
vt 0.938539 0.810627
vt 0.949164 0.800402
vt 0.946949 0.781787
vt 0.975289 0.782482
vt 0.975289 0.796307
vt 0.881854 0.782997
vt 0.880969 0.796307
vt 0.873409 0.796932
vt 0.874434 0.781492
vt 0.904229 0.802277
vt 0.917584 0.814037
vt 0.940184 0.814037
vt 0.952514 0.801682
vt 0.982819 0.796932
vt 0.982819 0.780897
vt 0.949944 0.779302
vt 0.926829 0.776927
vt 0.905769 0.780487
vt 0.915954 0.806762
vt 0.915954 0.782207
vt 0.939594 0.806762
vt 0.939594 0.782207
vt 0.833842 0.547254
vt 0.926978 0.591684
vt 0.926509 0.794772
vt 0.947149 0.795292
vt 0.939764 0.779297
vt 0.938989 0.810897
vt 0.921429 0.814357
vt 0.907694 0.803067
vt 0.908124 0.785532
vt 0.922399 0.774952
vt 0.881399 0.769287
vt 0.880669 0.809567
vt 0.881134 0.806577
vt 0.503628 0.634574
vt 0.503468 0.634144
vt 0.504202 0.634489
vt 0.520712 0.560319
vt 0.504802 0.562784
vt 0.503698 0.632459
vt 0.517642 0.499979
vt 0.503448 0.499479
vt 0.504627 0.632744
vt 0.504107 0.632749
vt 0.503847 0.562994
vt 0.564597 0.501059
vt 0.599837 0.633274
vt 0.599478 0.633274
vt 0.600028 0.633744
vt 0.655768 0.632454
vt 0.654278 0.560539
vt 0.765918 0.637264
vt 0.765558 0.637264
vt 0.765527 0.635994
vt 0.766528 0.636479
vt 0.704633 0.544324
vt 0.742662 0.501799
vt 0.832322 0.556489
vt 0.756458 0.545204
vt 0.832597 0.562209
vt 0.765458 0.590299
vt 0.732692 0.545244
vt 0.665428 0.636389
vt 0.656157 0.627484
vt 0.656157 0.510904
vt 0.665428 0.501769
vt 0.513767 0.997589
vt 0.500462 0.996849
vt 0.503448 0.997089
vt 0.706167 0.636979
vt 0.706167 0.501039
vt 0.835063 0.636629
vt 0.835063 0.501244
vt 0.181163 0.178367
vt 0.180937 0.244601
vt 0.000666 0.178521
vt 0.152368 0.250088
vt 0.180996 0.249811
vt 0.087791 0.250305
vt 0.035391 0.249780
vt 0.000981 0.244755
vt 0.000965 0.249585
vt 0.640298 0.501079
vt 0.640283 0.562604
vt 0.652763 0.500599
vt 0.653708 0.562444
vt 0.635572 0.501449
vt 0.653493 0.501584
vt 0.634833 0.563829
vt 0.653127 0.563629
vt 0.578597 0.552859
vt 0.583872 0.518239
vt 0.589252 0.548244
vt 0.598318 0.540029
vt 0.523152 0.537629
vt 0.552667 0.517919
vt 0.538127 0.551129
vt 0.513202 0.516944
vt 0.560313 0.556004
vt 0.606867 0.525189
vt 0.940504 0.806057
vt 0.940504 0.782897
vt 0.915954 0.806057
vt 0.915954 0.782897
vt 0.890494 0.806067
vt 0.884439 0.788417
vt 0.890339 0.788367
vt 0.884594 0.806117
vt 0.882834 0.783322
vt 0.877764 0.798992
vt 0.877624 0.783367
vt 0.882969 0.798947
vt 0.885424 0.789367
vt 0.891324 0.807067
vt 0.891324 0.789367
vt 0.885424 0.807067
vt 0.989848 0.548199
vt 0.982143 0.511534
vt 0.990858 0.510714
vt 0.998628 0.523654
vt 0.997358 0.506569
vt 0.939908 0.548219
vt 0.937008 0.510714
vt 0.946963 0.511534
vt 0.930473 0.523034
vt 0.931753 0.506569
vt 0.997263 0.561394
vt 0.928483 0.562244
vt 0.928348 0.557594
vt 0.936418 0.506229
vt 0.936418 0.502134
vt 0.975973 0.507994
vt 0.997353 0.556749
vt 0.878649 0.799882
vt 0.883859 0.784257
vt 0.878649 0.784257
vt 0.883859 0.799882
vt 0.987918 0.506229
vt 0.987918 0.502134
vt 0.948363 0.507994
vt 0.929809 0.769512
vt 0.933094 0.763222
vt 0.868214 0.811847
vt 0.870689 0.764857
vt 0.933094 0.811907
vt 0.990284 0.764857
vt 0.992759 0.811847
vt 0.884279 0.807202
vt 0.929809 0.806697
vt 0.882824 0.799452
vt 0.934674 0.814937
vt 0.884594 0.815357
vt 0.934384 0.764767
vt 0.981109 0.810797
vt 0.980994 0.770212
vt 0.980644 0.807807
vt 0.882929 0.765837
vt 0.977499 0.808432
vt 0.980179 0.807052
vt 0.861824 0.809812
vt 0.997064 0.809812
vt 0.881599 0.805817
vt 0.154972 0.682607
vt 0.019000 0.683637
vt 0.154972 0.682591
vt 0.018695 0.683713
vt 0.036530 0.680136
vt 0.295994 0.636996
vt 0.269061 0.617844
vt 0.276689 0.637442
vt 0.154972 0.618466
vt 0.154972 0.632736
vt 0.029280 0.625857
vt 0.295782 0.686097
vt 0.230316 0.683973
vt 0.302991 0.677563
vt 0.284895 0.655912
vt 0.257366 0.670930
vt 0.276742 0.637391
vt 0.303607 0.647057
vt 0.268833 0.617839
vt 0.287171 0.619614
vt 0.296246 0.637021
vt 0.311731 0.670142
vt 0.154972 0.672944
vt 0.256970 0.680884
vt 0.037355 0.672555
vt 0.000390 0.667375
vt -0.018333 0.658520
vt -0.008753 0.689025
vt 0.978925 0.678544
vt 0.999139 0.670074
vt 0.996380 0.682059
vt -0.025394 0.681605
vt 0.982185 0.662369
vt 0.999525 0.648649
vt 0.983869 0.647889
vt -0.002715 0.626983
vt 0.019195 0.647034
vt 0.869889 0.759107
vt 0.866899 0.764322
vt 0.863879 0.761217
vt 0.871614 0.757142
vt 0.865579 0.758092
vt 0.871614 0.816092
vt 0.869889 0.814122
vt 0.873124 0.812532
vt 0.877894 0.811002
vt 0.877684 0.814367
vt 0.877894 0.786617
vt 0.875184 0.815317
vt 0.865579 0.815137
vt 0.866319 0.816672
vt 0.154944 0.682625
vt 0.154944 0.682613
vt 0.018998 0.683628
vt 0.864134 0.786617
vt 0.864299 0.773282
vt 0.875054 0.786617
vt 0.873124 0.760697
vt 0.877894 0.762232
vt 0.865324 0.764237
vt 0.864789 0.786617
vt 0.877684 0.758867
vt 0.875184 0.757917
vt 0.866319 0.756562
vt 0.579307 0.638109
vt 0.579488 0.562560
vt 0.579307 0.562320
vt 0.579512 0.499624
vt 0.579307 0.499609
vt 0.579448 0.561920
vt 0.579772 0.639394
vt 0.578642 0.639389
vt 0.578642 0.561695
vt 0.578642 0.499014
vt 0.578408 0.499024
vt 0.894704 0.725464
vt 0.891699 0.720269
vt 0.952014 0.722024
vt 0.973764 0.711574
vt 0.930219 0.709744
vt 0.905019 0.706539
vt 0.655412 0.686759
vt 0.645662 0.671874
vt 0.659423 0.667804
vt 0.648528 0.659924
vt 0.661027 0.654594
vt 0.660213 0.643434
vt 0.821723 0.765909
vt 0.841958 0.745044
vt 0.854072 0.748514
vt 0.781062 0.745114
vt 0.637757 0.709219
vt 0.838032 0.690624
vt 0.821617 0.745079
vt 0.977819 0.726269
vt 0.973624 0.736054
vt 0.962319 0.740284
vt 0.795544 0.813433
vt 0.800681 0.794699
vt 0.792577 0.814073
vt 0.802999 0.812050
vt 0.820940 0.787248
vt 0.814517 0.810912
vt 0.826802 0.810912
vt 0.839168 0.812050
vt 0.842244 0.794699
vt 0.850348 0.814073
vt 0.846623 0.813433
vt 0.986979 0.696979
vt 0.985764 0.708489
vt 0.998788 0.703109
vt 0.954089 0.703599
vt 0.968979 0.691534
vt 0.985074 0.727579
vt 0.902449 0.740864
vt 0.902494 0.745314
vt 0.873749 0.700599
vt 0.851943 0.741214
vt 0.838022 0.642404
vt 0.873074 0.647029
vt 0.859839 0.653594
vt 0.874449 0.658194
vt 0.861024 0.660019
vt 0.878399 0.669909
vt 0.864979 0.679534
vt 0.887059 0.691884
vt 0.774628 0.809004
vt 0.781473 0.814729
vt 0.837783 0.653489
vt 0.837292 0.661444
vt 0.837427 0.683139
vt 0.727122 0.745944
vt 0.727207 0.808194
vt 0.706192 0.815749
vt 0.626737 0.699269
vt 0.636472 0.689509
vt 0.573267 0.724604
vt 0.615283 0.704754
vt 0.621073 0.720484
vt 0.528322 0.744429
vt 0.511397 0.817764
vt 0.511332 0.819764
vt 0.528062 0.692304
vt 0.500167 0.746759
vt 0.854182 0.999231
vt 0.891067 0.964036
vt 0.849057 0.981961
vt 0.842017 0.937311
vt 0.984072 0.996171
vt 0.968747 0.999271
vt 1.001737 0.953526
vt 0.989582 0.938511
vt 0.962319 0.918294
vt 0.973624 0.914069
vt 0.977819 0.904279
vt 0.821723 0.943919
vt 0.841958 0.923054
vt 0.821617 0.923094
vt 0.661027 0.832609
vt 0.648528 0.837934
vt 0.659423 0.845814
vt 0.645662 0.849889
vt 0.660213 0.821444
vt 0.905019 0.884549
vt 0.891699 0.898284
vt 0.930219 0.887759
vt 0.952014 0.900034
vt 0.655412 0.864769
vt 0.894704 0.903474
vt 0.838022 0.820419
vt 0.837783 0.831499
vt 0.859839 0.831609
vt 0.973764 0.889584
vt 0.837292 0.839459
vt 0.861024 0.838029
vt 0.837427 0.861149
vt 0.864979 0.857549
vt 0.878399 0.847924
vt 0.838032 0.868639
vt 0.636472 0.867524
vt 0.637757 0.887234
vt 0.621073 0.898494
vt 0.727122 0.923959
vt 0.585627 0.886504
vt 0.573267 0.902619
vt 0.615283 0.882769
vt 0.546317 0.891134
vt 0.561787 0.880714
vt 0.528062 0.870319
vt 0.528322 0.922444
vt 0.525458 0.684229
vt 0.545698 0.686664
vt 0.561787 0.702699
vt 0.520312 0.666024
vt 0.535002 0.662084
vt 0.533857 0.641024
vt 0.520402 0.643594
vt 0.533857 0.819039
vt 0.520312 0.844034
vt 0.535002 0.840094
vt 0.545698 0.864674
vt 0.520402 0.821609
vt 0.525458 0.862244
vt 0.985764 0.886499
vt 0.986979 0.874989
vt 0.995404 0.881124
vt 0.968979 0.869549
vt 0.954089 0.881609
vt 0.985074 0.905589
vt 0.902449 0.918879
vt 0.902494 0.923329
vt 0.873749 0.878614
vt 0.851943 0.919229
vt 0.854072 0.926524
vt 0.874449 0.836204
vt 0.873074 0.825039
vt 0.887059 0.869894
vt 0.781062 0.923129
vt 0.774628 0.987019
vt 0.706192 0.993759
vt 0.727207 0.986209
vt 0.781473 0.992739
vt 0.626737 0.877284
vt 0.511397 0.995779
vt 0.511332 0.997589
vt 0.727207 0.986014
vt 0.511397 0.995589
vt 0.706192 0.993569
vt 0.585627 0.708494
vt 0.546317 0.713119
vt 0.500167 0.924769
vt 0.650373 0.642804
vt 0.650373 0.820819
vt 0.499902 0.869849
vt 0.499902 0.691834
vt 0.505512 0.562560
vt 0.505502 0.638114
vt 0.505482 0.499624
vt 0.653527 0.561920
vt 0.653273 0.639394
vt 0.653223 0.499024
vt 0.492025 0.434048
vt 0.483818 0.434478
vt 0.483735 0.434325
vt 0.496110 0.381421
vt 0.486195 0.376183
vt 0.486278 0.376336
vt 0.492108 0.434201
vt 0.377283 0.382260
vt 0.376830 0.393701
vt 0.376912 0.393855
vt 0.377200 0.382108
vt 0.496027 0.381269
vt 0.376055 0.416934
vt 0.392260 0.376038
vt 0.392343 0.376190
vt 0.376140 0.417086
vt 0.377712 0.428079
vt 0.377795 0.428233
vt 0.381868 0.434524
vt 0.381948 0.434676
vt 0.383202 0.457319
vt 0.376908 0.437826
vt 0.399032 0.480419
vt 0.423497 0.492940
vt 0.449580 0.492940
vt 0.475842 0.481589
vt 0.491673 0.457709
vt 0.499587 0.437436
vt 0.498317 0.424641
vt 0.498320 0.395538
vt 0.254871 0.424794
vt 0.254791 0.395538
vt 0.254873 0.395690
vt 0.498400 0.424794
vt 0.498402 0.395690
vt 0.254793 0.395538
vt 0.254873 0.424794
vt 0.254791 0.424641
vt 0.002089 0.790689
vt 0.012614 0.804554
vt 0.001794 0.804518
vt 0.002404 0.789979
vt 0.004739 0.761299
vt 0.007114 0.786744
vt 0.022119 0.764063
vt 0.014614 0.769659
vt 0.003954 0.745018
vt 0.031124 0.804114
vt 0.031194 0.798339
vt 0.070429 0.763304
vt 0.112379 0.751674
vt 0.077384 0.765409
vt 0.128364 0.790013
vt 0.079784 0.774698
vt 0.079524 0.770308
vt 0.012429 0.776779
vt 0.078874 0.779768
vt 0.075429 0.782863
vt 0.128364 0.751004
vt 0.013929 0.782908
vt 0.102184 0.744029
vt 0.004014 0.743604
vt 0.003484 0.803964
vt 0.128364 0.801444
vt 0.010754 0.789979
vt 0.000429 0.745378
vt 0.009024 0.743963
vt 0.000659 0.773134
vt 0.013405 0.776350
vt 0.006495 0.791495
vt 0.005715 0.760870
vt 0.001640 0.772705
vt 0.010140 0.794730
vt 0.001405 0.744950
vt 0.010000 0.743535
vt 0.012395 0.823235
vt 0.001475 0.795435
vt 0.001575 0.823200
vt 0.139533 0.804625
vt 0.280715 0.892338
vt 0.139533 0.892023
vt 0.280733 0.986490
vt 0.139533 0.986483
vt 0.280768 0.804644
vt 0.031500 0.891352
vt 0.139225 0.805110
vt 0.139225 0.891061
vt 0.031944 0.986552
vt 0.139225 0.986546
vt 0.032032 0.805122
vt 0.408073 0.836578
vt 0.347008 0.836761
vt 0.408073 0.778709
vt 0.485976 0.710869
vt 0.499901 0.715213
vt 0.500593 0.725700
vt 0.408073 0.711316
vt 0.408073 0.706455
vt 0.480222 0.706555
vt 0.315882 0.715213
vt 0.327082 0.710869
vt 0.314286 0.725700
vt 0.497401 0.706331
vt 0.408073 0.730638
vt 0.501394 0.778825
vt 0.500367 0.836827
vt 0.469687 0.836761
vt 0.332835 0.706555
vt 0.316567 0.706331
vt 0.314512 0.836827
vt 0.314882 0.778825
vt 0.454439 0.703939
vt 0.454439 0.586332
vt 0.496351 0.586332
vt 0.496351 0.703939
vt 0.284585 0.880385
vt 0.313050 0.888640
vt 0.277690 0.989490
vt 0.273695 0.999515
vt 0.143630 0.990000
vt 0.156185 0.998935
vt 0.285135 0.824405
vt 0.310985 0.824820
vt 0.265220 0.999395
vt 0.414415 0.505215
vt 0.494010 0.543560
vt 0.414415 0.543560
vt 0.494010 0.505215
vt 0.378190 0.703065
vt 0.376125 0.644855
vt 0.498290 0.644575
vt 0.278275 0.996630
vt 0.154031 0.683145
vt 0.154030 0.714675
vt 0.075099 0.714265
vt 0.072604 0.724890
vt 0.153970 0.725220
vt 0.494010 1.000465
vt 0.414415 1.000465
vt 0.500130 0.705120
vt 0.499795 0.700540
vt 0.369435 0.706000
vt 0.316335 0.697880
vt 0.314345 0.644670
vt 0.316350 0.705195
vt 0.047780 0.999395
vt 0.039300 0.999515
vt 0.376330 0.587405
vt 0.497855 0.589585
vt 0.498195 0.585285
vt 0.367570 0.584585
vt 0.314540 0.592605
vt 0.314555 0.585405
vt 0.003105 0.823180
vt 0.028035 0.823380
vt 0.027925 0.882615
vt 0.040895 0.990005
vt 0.002755 0.883590
vt 0.034725 0.996630
vt 0.231045 0.685470
vt 0.238565 0.714265
vt 0.154149 0.683145
vt 0.154150 0.714675
vt 0.241060 0.724890
vt 0.154211 0.725220
vt 0.082619 0.685470
vt 0.176525 0.750660
vt 0.233735 0.795470
vt 0.183545 0.746405
vt 0.253680 0.747595
vt 0.298135 0.746880
vt 0.286320 0.774660
vt 0.246660 0.751850
vt 0.301745 0.801080
vt 0.305060 0.795935
vt 0.311930 0.750700
vt 0.175295 0.797265
vt 0.230420 0.800615
vt 0.181200 0.801040
vt 0.228000 0.745690
vt 0.241790 0.749515
vt 0.298840 0.742150
vt 0.313720 0.743480
vt 0.252530 0.800805
vt 0.246620 0.795635
vt 0.298840 0.740250
vt 0.313720 0.740255
vt 0.492805 0.605820
vt 0.499970 0.603825
vt 0.500600 0.596080
vt 0.482870 0.599050
vt 0.475695 0.605820
vt 0.475445 0.598715
vt 0.458525 0.605820
vt 0.445030 0.596080
vt 0.445660 0.603825
vt 0.468455 0.599050
vt 0.490395 0.873055
vt 0.490015 0.840365
vt 0.500310 0.851000
vt 0.059350 0.585145
vt 0.058120 0.560945
vt 0.044545 0.585040
vt 0.025215 0.582930
vt 0.032610 0.584955
vt 0.033545 0.501680
vt 0.024175 0.579330
vt 0.090420 0.561190
vt 0.115030 0.579745
vt 0.109960 0.501395
vt 0.113660 0.583345
vt 0.111540 0.585375
vt 0.104710 0.585285
vt 0.097580 0.585240
vt 0.088495 0.585195
vt 0.362960 0.574795
vt 0.360440 0.501395
vt 0.363405 0.577320
vt 0.345075 0.554675
vt 0.363220 0.579365
vt 0.357840 0.580900
vt 0.348025 0.581660
vt 0.315205 0.553155
vt 0.322350 0.582415
vt 0.305280 0.582925
vt 0.285615 0.501395
vt 0.287015 0.581395
vt 0.285995 0.578745
vt 0.289940 0.582170
vt 0.295810 0.583615
vt 0.320040 0.841710
vt 0.408805 0.836940
vt 0.408805 0.840860
vt 0.313860 0.839530
vt 0.316545 0.851000
vt 0.326840 0.840365
vt 0.326460 0.873055
vt 0.275700 0.731000
vt 0.154211 0.726920
vt 0.272950 0.731235
vt 0.405975 0.874680
vt 0.475075 0.869380
vt 0.484130 0.875440
vt 0.485665 0.849540
vt 0.405975 0.837790
vt 0.481130 0.837800
vt 0.445115 0.875030
vt 0.490365 0.859040
vt 0.493370 0.873435
vt 0.496190 0.853975
vt 0.491075 0.838415
vt 0.370505 0.501395
vt 0.493895 0.843490
vt 0.499900 0.872750
vt 0.251450 0.576650
vt 0.119545 0.576535
vt 0.409395 0.839315
vt 0.402985 0.841275
vt 0.320995 0.837665
vt 0.316320 0.851090
vt 0.319500 0.872150
vt 0.316960 0.866575
vt 0.326800 0.873065
vt 0.120600 0.576390
vt 0.116115 0.579580
vt 0.111075 0.503625
vt 0.347530 0.581480
vt 0.322030 0.582235
vt 0.344600 0.554655
vt 0.305075 0.582740
vt 0.295670 0.583425
vt 0.314930 0.553145
vt 0.091670 0.561130
vt 0.089760 0.584995
vt 0.059590 0.560600
vt 0.060815 0.584660
vt 0.105865 0.585085
vt 0.112645 0.585175
vt 0.114755 0.583160
vt 0.098780 0.585040
vt 0.035185 0.503335
vt 0.357280 0.580730
vt 0.503020 0.582792
vt 0.430420 0.582792
vt 0.375985 0.582792
vt 0.286930 0.581220
vt 0.285540 0.503625
vt 0.285920 0.578585
vt 0.289840 0.581990
vt 0.251610 0.576500
vt 0.476930 0.873350
vt 0.025875 0.578595
vt 0.017590 0.576310
vt 0.402985 0.873340
vt 0.046110 0.584270
vt 0.034255 0.584190
vt 0.026910 0.582170
vt 0.496550 0.841710
vt 0.496170 0.839530
vt 0.443680 0.892795
vt 0.445730 0.896080
vt 0.391285 0.899310
vt 0.388160 0.895655
vt 0.385515 0.891675
vt 0.440700 0.888715
vt 0.453325 0.879190
vt 0.461790 0.878230
vt 0.434335 0.879095
vt 0.362990 0.817145
vt 0.368610 0.818095
vt 0.359900 0.812885
vt 0.378175 0.896085
vt 0.380145 0.899075
vt 0.469680 0.921570
vt 0.487155 0.925795
vt 0.466350 0.930205
vt 0.489025 0.921255
vt 0.475975 0.911485
vt 0.487700 0.911020
vt 0.462430 0.921600
vt 0.462715 0.926120
vt 0.461845 0.912245
vt 0.436165 0.925730
vt 0.438155 0.929425
vt 0.415680 0.957880
vt 0.412330 0.954410
vt 0.408930 0.950955
vt 0.433100 0.920275
vt 0.403055 0.961845
vt 0.401760 0.957870
vt 0.407205 0.963205
vt 0.377130 0.892040
vt 0.414985 0.903150
vt 0.418840 0.907075
vt 0.394245 0.901185
vt 0.423430 0.930990
vt 0.406360 0.949725
vt 0.344320 0.902795
vt 0.339915 0.907970
vt 0.354235 0.951690
vt 0.502725 0.839530
vt 0.339425 0.873350
vt 0.015830 0.577035
vt 0.037964 0.731000
vt 0.153970 0.726920
vt 0.040714 0.731235
vt 0.357370 0.816190
vt 0.475830 0.880495
vt 0.498845 0.881200
vt 0.500680 0.892115
vt 0.333160 0.870595
vt 0.343730 0.880495
vt 0.322550 0.870290
vt 0.469160 0.992845
vt 0.409780 0.880550
vt 0.350395 0.992845
vt 0.409780 0.992625
vt 0.478665 1.000375
vt 0.469160 0.992295
vt 0.503190 1.000465
vt 0.502250 0.948955
vt 0.486395 0.870595
vt 0.409780 0.870460
vt 0.317310 0.949505
vt 0.318875 0.892115
vt 0.350395 0.992295
vt 0.340895 1.000375
vt 0.316370 1.000465
vt 0.409780 0.992170
vt 0.340895 1.000465
vt 0.350395 0.992385
vt 0.409780 1.000215
vt 0.469160 0.992635
vt 0.409780 1.000465
vt 0.409780 0.992420
vt 0.469160 0.992385
vt 0.478665 1.000465
vt 0.320715 0.881200
vt 0.317310 0.948955
vt 0.497005 0.870290
vt 0.502250 0.949505
vt 0.359900 0.762360
vt 0.362990 0.758105
vt 0.357370 0.759055
vt 0.368610 0.757150
vt 0.001285 0.849850
vt 0.001270 0.866885
vt 0.000905 0.872150
vt 0.499350 0.872150
vt 0.489875 0.873375
vt 0.499730 0.849850
vt 0.379025 0.504225
vt 0.379025 0.582245
vt 0.499220 0.582245
vt 0.499220 0.504225
vt 0.430420 0.502415
vt 0.430420 0.581740
vt 0.375985 0.581740
vt 0.375985 0.502415
vt 0.503020 0.502415
vt 0.503020 0.581740
vt 0.105053 0.253088
vt 0.179716 0.253028
vt 0.107546 0.374671
vt 0.001093 0.252906
vt 0.001256 0.374981
vt 0.185028 0.363881
vt 0.229860 0.374996
vt 0.200281 0.343553
vt 0.243423 0.361536
vt 0.179413 0.287798
vt 0.183666 0.348333
vt 0.011283 0.379908
vt 0.023826 0.497901
vt 0.009936 0.490823
vt 0.041001 0.380911
vt 0.244683 0.249988
vt 0.199563 0.263123
vt 0.184068 0.268646
vt 0.124731 0.500033
vt 0.124473 0.382926
vt 0.207946 0.380911
vt 0.227303 0.496443
vt 0.239848 0.378451
vt 0.241191 0.487181
s 0
usemtl material_7
f 29/1/1 1/2/2 12/3/3
f 2/4/4 3/5/5 12/3/3
f 29/1/1 12/3/3 3/5/6
f 2/4/4 50/6/7 3/5/5
f 4/7/8 266/8/9 267/9/10
f 109/10/11 108/11/12 10/12/13
f 10/12/14 108/11/12 26/13/15
f 26/13/16 108/11/12 5/14/17
f 5/14/17 108/11/18 15/15/19
f 15/15/19 108/11/12 24/16/20
f 5/14/17 15/15/21 14/17/22
f 140/18/23 12/3/3 1/2/24
f 7/19/25 24/16/20 8/20/26
f 6/21/27 7/22/28 17/23/29
f 8/24/26 17/23/29 7/22/25
f 8/24/26 109/25/11 17/23/30
f 17/23/29 109/25/11 9/26/31
f 9/27/32 10/12/13 32/28/33
f 109/10/11 10/12/13 9/27/31
f 32/28/33 10/12/13 11/29/34
f 140/18/23 2/4/4 12/3/3
f 10/12/14 26/13/16 11/29/35
f 16/30/36 26/13/37 22/31/38
f 67/32/39 13/33/40 7/19/28
f 14/17/22 15/15/19 24/16/20
f 11/29/34 26/13/16 16/30/36
f 23/34/41 5/14/17 14/17/22
f 67/32/39 14/17/42 13/33/43
f 38/35/44 7/22/45 6/21/27
f 39/36/46 6/21/27 17/23/30
f 38/35/44 6/21/47 39/36/48
f 39/36/46 17/23/29 18/37/49
f 19/38/50 17/23/30 9/26/31
f 18/37/51 17/23/29 19/38/50
f 19/39/52 9/27/53 32/28/54
f 41/40/55 11/29/34 16/30/36
f 41/40/55 16/30/36 20/41/56
f 42/42/57 16/30/58 22/31/59
f 20/41/56 16/30/58 42/42/60
f 21/43/61 22/31/59 27/44/62
f 42/42/63 22/31/59 21/43/64
f 44/45/65 27/44/62 23/34/41
f 21/43/61 27/44/62 44/45/66
f 44/45/66 23/34/41 45/46/67
f 27/44/62 26/13/16 5/14/17
f 45/46/68 23/34/41 47/47/69
f 47/47/69 14/17/22 67/32/39
f 24/16/70 7/19/25 13/33/43
f 24/16/71 13/33/43 14/17/72
f 55/15/73 64/16/74 25/11/75
f 22/31/59 26/13/16 27/44/76
f 48/12/77 33/13/78 25/11/75
f 33/13/79 36/14/80 25/11/75
f 27/44/76 5/14/17 23/34/41
f 47/47/81 23/34/41 14/17/22
f 28/17/82 64/16/74 55/15/73
f 101/48/83 140/18/84 1/2/24
f 101/48/83 1/2/24 29/1/1
f 37/49/85 30/50/86 7/22/87
f 49/51/88 7/22/28 30/50/86
f 49/51/88 30/50/86 31/52/89
f 30/50/86 40/53/90 31/52/91
f 48/12/77 31/10/89 40/27/92
f 32/28/54 48/12/93 40/27/94
f 32/28/33 11/29/34 48/12/93
f 11/29/34 43/30/95 33/13/79
f 48/12/96 11/29/35 33/13/79
f 43/30/97 34/31/98 33/13/78
f 35/44/99 36/14/100 33/13/79
f 34/31/101 35/44/99 33/13/79
f 35/44/99 46/34/102 36/14/103
f 46/34/102 28/17/104 36/14/103
f 67/32/105 68/33/106 28/17/104
f 38/35/44 37/49/107 7/22/45
f 39/36/46 30/50/86 37/49/107
f 38/35/44 39/36/48 37/49/108
f 39/36/48 18/37/49 30/50/86
f 19/38/50 40/53/94 30/50/86
f 18/37/49 19/38/52 30/50/109
f 19/39/50 32/28/54 40/27/94
f 41/40/55 43/30/95 11/29/34
f 41/40/55 20/41/56 43/30/95
f 42/42/57 34/31/101 43/30/97
f 20/41/56 42/42/60 43/30/97
f 21/43/61 35/44/99 34/31/110
f 42/42/63 21/43/64 34/31/101
f 44/45/65 46/34/111 35/44/99
f 21/43/61 44/45/66 35/44/99
f 44/45/65 45/46/112 46/34/102
f 47/47/81 28/17/104 46/34/111
f 45/46/112 47/47/113 46/34/102
f 47/47/69 67/32/39 28/17/104
f 64/16/74 68/33/114 7/19/115
f 31/10/116 48/12/93 25/11/75
f 25/11/75 64/16/74 49/54/88
f 25/55/75 49/51/88 31/52/89
f 108/11/12 8/20/26 24/16/20
f 4/56/8 50/57/7 2/58/4
f 101/48/83 29/1/117 3/5/6
f 51/59/118 52/60/119 451/61/120
f 51/62/121 99/63/122 110/64/123
f 99/63/122 51/62/118 100/65/124
f 58/66/125 53/67/126 125/68/127
f 53/67/128 58/66/125 54/69/129
f 36/14/103 55/15/73 25/11/130
f 4/56/8 56/70/131 50/57/7
f 58/60/132 60/71/133 57/59/134
f 57/59/135 54/61/129 58/60/125
f 57/62/136 60/64/133 59/63/137
f 59/63/138 124/65/139 57/62/136
f 36/14/80 28/17/104 55/15/140
f 61/62/141 63/63/142 62/64/143
f 61/67/144 276/66/145 452/69/146
f 7/19/28 49/54/88 64/16/147
f 487/63/148 65/65/149 66/62/150
f 66/62/150 146/64/151 487/63/148
f 101/72/152 323/73/153 111/74/154
f 111/74/155 4/56/8 2/58/156
f 67/32/39 7/19/157 68/33/106
f 64/16/74 28/17/104 68/33/114
f 323/73/158 101/72/83 50/57/159
f 148/74/160 70/56/161 440/58/162
f 148/74/163 443/75/164 444/72/165
f 444/72/166 71/73/167 148/74/163
f 71/73/167 444/72/168 149/57/169
f 149/57/170 69/70/171 71/73/167
f 70/7/161 385/76/172 437/8/173
f 70/7/161 148/77/160 385/76/174
f 71/78/167 385/76/175 148/77/160
f 70/7/161 384/79/176 69/80/177
f 384/79/178 70/7/161 72/9/10
f 71/78/179 69/80/177 384/79/180
f 399/81/181 72/82/10 437/83/173
f 73/84/182 390/85/183 399/81/181
f 73/84/182 437/83/9 395/86/184
f 394/87/185 400/88/186 395/86/184
f 390/85/187 410/89/188 387/90/189
f 410/89/188 394/87/190 388/91/191
f 409/7/192 387/9/189 410/8/193
f 364/4/194 75/3/195 74/5/196
f 317/1/197 75/3/198 315/2/199
f 317/1/200 74/5/201 75/3/198
f 364/4/194 74/5/196 368/6/202
f 316/18/203 315/2/204 75/3/195
f 76/92/205 80/93/206 77/94/207
f 77/94/207 80/93/206 78/95/208
f 78/95/208 80/93/209 92/96/210
f 92/96/210 80/93/206 79/97/211
f 79/97/211 80/93/206 94/98/212
f 79/97/213 94/98/214 81/99/215
f 79/97/211 81/99/215 93/100/216
f 76/92/205 77/94/217 89/101/218
f 89/101/218 77/94/217 82/102/219
f 275/94/220 84/93/221 83/92/222
f 279/95/223 84/93/221 275/94/220
f 85/96/224 84/93/221 279/95/223
f 87/97/225 84/93/221 85/96/224
f 86/98/226 84/93/221 87/97/225
f 286/99/227 86/98/226 87/97/225
f 280/100/228 286/99/227 87/97/225
f 88/101/229 275/94/220 83/92/222
f 274/102/230 275/94/220 88/101/229
f 82/102/219 90/103/231 89/101/218
f 89/101/218 90/103/231 96/104/232
f 77/94/233 91/105/234 82/102/219
f 82/102/219 91/105/235 90/103/231
f 78/95/208 455/106/236 77/94/207
f 77/94/217 455/106/237 91/105/234
f 92/96/210 457/107/238 78/95/208
f 78/95/208 457/107/239 455/106/236
f 79/97/211 456/108/240 92/96/241
f 92/96/210 456/108/240 457/107/238
f 93/100/216 268/109/242 79/97/243
f 79/97/213 268/109/242 456/108/240
f 81/99/215 104/110/244 93/100/245
f 93/100/216 104/110/246 268/109/242
f 94/98/212 106/111/247 81/99/215
f 81/99/215 106/111/248 104/110/244
f 80/93/206 95/112/249 94/98/212
f 94/98/212 95/112/250 106/111/247
f 76/92/205 272/113/251 80/93/206
f 80/93/206 272/113/251 95/112/252
f 89/101/218 96/104/253 76/92/205
f 76/92/254 96/104/232 272/113/251
f 90/114/231 97/115/255 96/116/232
f 96/116/232 97/115/255 273/117/256
f 91/105/234 98/105/257 90/103/258
f 90/103/231 98/105/257 97/103/259
f 455/106/260 278/106/261 91/105/262
f 91/105/263 278/106/261 98/105/264
f 457/107/239 270/107/265 455/106/237
f 99/63/122 100/65/124 450/62/266
f 3/5/6 50/6/267 101/48/152
f 4/7/8 111/77/268 102/76/174
f 4/7/8 102/76/172 266/8/173
f 456/108/269 269/109/270 458/108/271
f 324/85/187 103/89/188 337/90/272
f 123/84/182 266/83/9 127/86/184
f 103/89/273 331/87/190 336/91/191
f 104/110/244 287/111/274 105/110/275
f 95/112/252 288/112/276 106/111/247
f 277/1/277 282/5/278 281/3/279
f 107/4/280 281/3/281 282/5/282
f 108/118/12 109/25/11 8/24/26
f 52/60/283 51/59/118 110/71/123
f 111/74/155 2/58/284 140/75/23
f 112/66/285 113/67/286 115/68/287
f 113/67/286 112/66/288 114/69/289
f 113/62/290 116/63/291 115/64/292
f 116/63/293 113/62/290 304/65/294
f 112/60/295 118/71/296 117/59/297
f 117/59/298 114/61/299 112/60/285
f 117/62/300 118/64/301 116/63/302
f 119/56/303 107/58/280 120/57/304
f 282/5/278 283/48/305 120/6/304
f 121/74/306 283/72/305 302/75/307
f 121/74/308 107/58/280 119/56/309
f 122/88/310 324/85/187 123/84/311
f 59/63/138 53/62/312 124/65/139
f 53/62/128 59/63/138 125/64/313
f 63/63/314 61/62/144 126/65/315
f 127/86/184 266/83/9 102/119/172
f 418/47/316 128/32/317 135/17/318
f 129/120/319 130/121/320 133/122/321
f 129/120/319 325/123/322 130/121/323
f 129/120/319 131/124/324 325/123/325
f 129/120/319 344/125/326 131/124/324
f 129/120/319 343/126/327 344/125/328
f 129/120/319 132/127/329 343/126/327
f 129/120/319 133/122/330 132/127/331
f 420/43/332 134/45/333 379/44/334
f 418/47/316 135/17/318 380/34/335
f 276/66/145 61/67/144 62/68/143
f 136/41/336 422/42/337 367/30/338
f 370/125/339 366/120/319 137/126/340
f 137/126/341 366/120/319 138/127/342
f 138/127/343 366/120/319 144/122/344
f 460/128/345 473/129/346 139/130/347
f 111/74/155 140/75/23 101/72/152
f 141/38/348 401/53/349 142/50/350
f 370/125/351 459/120/352 143/124/353
f 137/126/341 459/120/352 370/125/339
f 138/127/342 459/120/352 137/126/341
f 144/122/354 459/120/352 138/127/343
f 403/122/355 382/120/352 405/121/356
f 405/121/357 382/120/352 404/123/358
f 66/59/150 145/61/359 484/60/360
f 484/60/360 146/71/361 66/59/150
f 50/57/362 56/70/131 323/73/153
f 393/126/363 382/120/352 446/127/364
f 446/127/364 382/120/352 403/122/365
f 415/12/366 147/29/367 378/13/368
f 379/44/334 413/14/369 378/13/368
f 391/124/370 406/120/319 404/123/371
f 148/74/160 440/58/162 443/75/372
f 323/78/153 102/76/175 111/77/268
f 439/5/373 149/6/170 444/48/374
f 70/56/375 69/70/171 149/57/170
f 150/120/319 158/122/376 153/121/377
f 150/120/319 153/121/377 151/123/378
f 150/120/319 151/123/379 152/124/380
f 150/120/319 152/124/380 155/125/381
f 150/120/319 155/125/382 156/126/383
f 150/120/319 156/126/383 157/127/384
f 150/120/319 157/127/384 158/122/385
f 154/120/352 153/121/386 158/122/387
f 154/120/352 151/123/388 153/121/389
f 154/120/352 152/124/390 151/123/388
f 154/120/352 155/125/391 152/124/390
f 154/120/352 156/126/383 155/125/382
f 154/120/352 157/127/384 156/126/383
f 154/120/352 158/122/376 157/127/392
f 159/62/393 164/63/138 303/64/394
f 164/63/138 159/62/395 165/65/139
f 162/60/396 160/71/397 161/59/398
f 161/59/399 163/61/400 162/60/396
f 161/62/401 160/64/402 164/63/138
f 164/63/138 165/65/403 161/62/401
f 168/66/404 167/67/286 166/68/405
f 167/67/286 168/66/406 170/69/407
f 167/62/408 171/63/409 166/64/405
f 171/63/302 167/62/410 173/65/294
f 168/60/404 169/71/411 172/59/412
f 172/59/297 170/61/299 168/60/404
f 172/62/300 169/64/413 171/63/302
f 171/63/302 173/65/414 172/62/412
f 175/66/125 177/67/415 176/68/416
f 177/67/393 175/66/125 174/69/417
f 177/62/128 179/63/418 176/64/313
f 179/63/138 177/62/128 181/65/139
f 175/60/125 180/71/397 178/59/134
f 178/59/419 174/61/420 175/60/125
f 178/62/401 180/64/421 179/63/137
f 179/63/138 181/65/139 178/62/398
f 183/66/422 182/67/423 184/68/424
f 182/67/425 183/66/422 481/69/426
f 182/62/425 185/63/149 184/64/427
f 185/63/428 182/62/425 483/65/149
f 186/131/429 231/132/430 187/133/431
f 191/134/432 188/135/433 196/136/434
f 191/134/432 236/137/435 188/135/436
f 188/135/437 236/137/438 242/138/439
f 189/139/440 231/132/441 186/131/442
f 186/131/442 190/140/443 189/139/444
f 190/140/445 196/136/446 188/135/436
f 188/135/433 243/141/447 190/140/443
f 236/137/448 191/134/449 205/142/450
f 186/131/442 196/136/446 190/140/451
f 198/143/452 200/144/453 231/132/454
f 192/144/455 194/131/456 193/133/457
f 200/144/458 201/145/459 186/131/460
f 201/145/461 203/146/462 186/131/442
f 203/146/462 196/136/434 186/131/442
f 203/146/462 195/147/463 196/136/446
f 195/147/464 191/134/432 196/136/446
f 221/148/465 197/149/466 198/143/467
f 197/149/468 200/144/469 198/143/470
f 197/149/471 199/150/472 200/144/473
f 199/150/474 201/145/475 200/144/476
f 199/150/477 202/151/478 201/145/461
f 202/151/479 203/146/462 201/145/461
f 204/152/480 238/153/481 195/147/463
f 238/153/482 205/142/483 195/147/484
f 206/154/485 207/155/486 239/156/487
f 207/155/486 199/150/477 239/156/487
f 240/157/488 202/151/478 199/150/477
f 238/153/481 208/158/489 207/155/486
f 238/153/490 207/155/486 206/154/491
f 205/142/492 191/134/493 195/147/494
f 209/132/495 192/144/496 193/133/457
f 217/131/497 210/133/498 231/132/441
f 211/134/499 219/136/500 230/135/501
f 211/134/499 230/135/501 212/137/502
f 198/143/503 231/132/504 213/144/505
f 232/144/506 215/133/507 214/131/508
f 213/144/509 217/131/510 216/145/511
f 216/145/512 217/131/513 218/146/514
f 218/146/514 217/131/515 219/136/500
f 218/146/514 219/136/500 220/147/516
f 220/147/517 219/136/500 211/134/499
f 221/148/518 198/143/519 222/149/520
f 222/149/521 198/143/522 213/144/523
f 222/149/524 213/144/525 223/150/526
f 223/150/527 213/144/528 216/145/529
f 223/150/530 216/145/531 224/151/532
f 224/151/533 216/145/512 218/146/514
f 225/152/534 220/147/517 228/153/535
f 228/153/536 220/147/537 237/142/538
f 226/155/539 229/154/540 476/156/541
f 476/156/542 223/150/530 224/151/532
f 226/155/539 476/156/541 241/157/543
f 228/153/544 227/158/545 225/152/534
f 228/153/544 229/154/540 226/155/546
f 230/135/501 245/138/547 212/137/548
f 189/139/444 217/131/513 231/132/441
f 217/131/515 189/139/444 233/140/549
f 233/140/549 230/135/501 219/136/500
f 230/135/501 233/140/549 244/141/550
f 212/137/551 237/142/552 211/134/553
f 237/142/554 220/147/555 211/134/556
f 209/132/557 215/133/507 232/144/558
f 217/131/513 233/140/549 219/136/500
f 212/159/548 234/160/559 235/161/560
f 236/162/561 212/159/548 235/161/562
f 236/163/563 235/164/564 242/165/565
f 245/165/547 234/164/566 212/163/548
f 212/159/567 236/162/568 237/166/569
f 236/162/570 205/167/571 237/166/572
f 228/168/573 237/166/574 238/169/575
f 237/166/576 205/167/577 238/169/578
f 238/170/481 206/171/491 228/172/544
f 461/173/579 206/171/485 239/174/487
f 461/173/580 462/175/581 228/172/582
f 228/172/583 206/171/491 461/173/579
f 462/175/581 464/176/584 228/172/544
f 228/172/583 464/176/585 229/177/540
f 464/176/585 476/178/542 229/177/540
f 238/153/481 204/152/586 208/158/489
f 207/155/587 240/157/588 199/150/589
f 207/155/486 208/158/590 240/157/591
f 228/153/583 226/155/546 227/158/592
f 241/157/593 476/156/542 224/151/594
f 226/155/539 241/157/543 227/158/595
f 235/179/560 243/180/447 242/181/439
f 188/182/436 242/181/596 243/180/447
f 234/183/597 245/184/598 244/185/550
f 230/186/599 244/185/550 245/184/598
f 246/187/600 255/188/601 247/189/602
f 247/189/602 255/188/601 252/190/603
f 248/191/604 251/192/605 250/193/606
f 248/191/607 249/194/608 251/192/605
f 250/193/606 251/192/605 254/195/609
f 252/190/610 255/188/611 253/196/612
f 254/195/613 251/192/605 246/187/614
f 255/188/611 246/187/614 251/192/605
f 256/188/615 265/187/616 257/189/617
f 256/188/615 257/189/617 262/190/618
f 263/192/619 259/191/620 260/193/621
f 258/194/622 259/191/620 263/192/619
f 263/192/619 260/193/621 264/195/623
f 256/188/624 262/190/625 261/196/626
f 263/192/619 264/195/623 265/187/627
f 265/187/627 256/188/624 263/192/619
f 4/7/8 320/79/176 56/80/628
f 320/79/178 4/7/8 267/9/10
f 323/78/153 56/80/628 320/79/180
f 319/81/181 267/82/10 266/83/173
f 123/84/311 324/85/187 319/81/181
f 268/109/242 269/109/629 456/108/269
f 457/107/239 458/108/271 270/107/265
f 331/87/185 122/88/186 127/86/184
f 272/113/251 271/113/630 95/112/252
f 95/112/252 271/113/630 288/112/276
f 96/104/232 273/104/631 272/113/632
f 272/113/632 273/104/633 271/113/630
f 97/103/634 274/102/230 273/104/631
f 273/104/633 274/102/230 88/101/229
f 98/105/257 275/94/635 97/103/636
f 104/197/637 105/198/638 268/199/242
f 119/7/639 337/9/272 103/8/188
f 106/111/247 287/111/274 104/110/637
f 276/60/145 454/71/640 453/59/641
f 268/199/242 105/198/642 269/200/270
f 277/1/643 281/3/281 284/2/644
f 97/103/255 275/94/220 274/102/230
f 278/106/261 279/95/645 98/105/257
f 98/105/264 279/95/645 275/94/646
f 270/107/265 85/96/224 278/106/261
f 278/106/261 85/96/647 279/95/223
f 458/108/648 87/97/225 270/107/265
f 270/107/265 87/97/225 85/96/224
f 269/109/629 280/100/649 458/108/271
f 458/108/648 280/100/650 87/97/225
f 302/18/651 281/3/281 107/4/280
f 107/4/280 282/5/278 120/6/304
f 302/18/651 284/2/644 281/3/652
f 283/48/305 282/5/278 277/1/277
f 283/48/653 277/1/277 284/2/654
f 283/48/305 284/2/654 302/18/651
f 106/111/247 288/112/276 287/111/274
f 119/56/639 120/57/655 285/70/656
f 105/110/657 286/99/227 269/109/629
f 269/109/658 286/99/227 280/100/649
f 287/111/274 86/98/659 105/110/275
f 105/110/642 86/98/660 286/99/227
f 288/112/276 84/93/221 287/111/274
f 287/111/274 84/93/221 86/98/226
f 271/113/630 83/92/222 288/112/276
f 288/112/276 83/92/222 84/93/221
f 273/104/633 88/101/229 271/113/661
f 271/113/630 88/101/662 83/92/222
f 289/201/663 291/202/664 290/203/665
f 291/202/664 289/201/663 292/204/666
f 291/205/664 293/206/667 290/207/665
f 293/206/668 291/205/664 294/208/669
f 289/201/663 296/203/670 295/202/671
f 295/202/671 292/204/666 289/201/663
f 295/205/671 296/207/672 293/206/668
f 293/206/668 294/208/669 295/205/671
f 297/202/673 300/201/674 299/203/675
f 300/201/674 297/202/676 301/204/677
f 298/206/678 297/205/673 299/207/679
f 297/205/680 298/206/681 306/208/682
f 305/203/683 300/201/674 307/202/684
f 301/204/685 307/202/686 300/201/674
f 121/74/306 302/75/307 107/58/280
f 162/66/396 159/67/415 303/68/394
f 116/63/293 304/65/294 117/62/297
f 283/72/305 121/74/306 321/73/687
f 305/207/688 307/205/686 298/206/689
f 306/208/690 298/206/681 307/205/686
f 328/209/691 335/210/692 327/211/693
f 335/210/692 328/209/694 338/212/695
f 120/57/696 321/73/687 285/70/656
f 321/73/697 120/57/655 283/72/305
f 316/18/698 75/3/195 364/4/194
f 318/213/699 309/214/700 308/215/701
f 318/213/702 308/215/703 310/216/704
f 310/216/704 308/215/701 311/217/705
f 313/218/706 330/219/707 322/220/708
f 313/218/709 312/221/710 330/219/711
f 330/219/711 312/221/710 332/222/712
f 159/67/393 162/66/396 163/69/420
f 333/120/352 133/122/713 130/121/714
f 322/220/708 309/214/700 313/218/715
f 314/48/716 317/1/200 315/2/204
f 314/48/716 315/2/204 316/18/717
f 314/48/716 74/5/196 317/1/718
f 313/218/706 309/214/700 318/213/719
f 321/223/697 127/86/184 323/224/153
f 122/88/310 123/84/182 127/86/184
f 319/81/720 320/225/176 267/82/10
f 323/224/153 127/86/184 102/119/172
f 323/224/721 320/225/722 308/226/701
f 308/226/701 320/225/723 311/227/705
f 321/223/687 336/91/191 331/87/190
f 321/223/724 323/224/153 322/228/708
f 324/85/725 337/90/189 326/229/726
f 333/120/352 130/121/714 325/123/325
f 333/120/352 325/123/727 131/124/728
f 326/229/726 320/225/722 324/85/725
f 329/230/729 328/231/730 327/232/693
f 328/231/730 329/230/729 347/233/731
f 321/223/687 330/234/711 326/229/732
f 326/229/733 330/234/711 332/235/712
f 323/224/153 309/236/700 322/228/708
f 324/85/725 320/225/722 319/81/181
f 331/87/185 127/86/184 321/223/734
f 319/81/181 266/83/173 123/84/182
f 332/235/735 311/227/705 326/229/726
f 326/229/726 311/227/736 320/225/178
f 333/120/352 131/124/728 344/125/737
f 122/88/738 103/89/188 324/85/187
f 122/88/186 331/87/185 103/89/188
f 334/211/739 335/210/692 345/209/740
f 308/226/703 309/236/700 323/224/158
f 330/234/711 321/223/687 322/228/708
f 119/7/741 103/8/188 336/76/191
f 119/7/639 336/76/742 121/77/308
f 321/78/687 121/77/308 336/76/742
f 119/7/303 285/80/656 326/79/726
f 321/78/743 326/79/733 285/80/744
f 326/79/726 337/9/272 119/7/639
f 338/212/695 345/209/740 335/210/692
f 412/55/745 339/51/746 414/52/747
f 340/118/748 433/25/749 434/24/750
f 340/11/751 434/20/750 341/16/752
f 342/16/753 376/33/754 402/19/755
f 412/11/756 342/16/757 339/54/758
f 342/16/759 135/17/318 376/33/760
f 333/120/352 344/125/328 343/126/327
f 346/46/761 418/47/316 380/34/335
f 334/232/762 345/231/763 329/230/729
f 333/120/352 132/127/329 133/122/321
f 333/120/352 343/126/327 132/127/329
f 134/45/333 346/46/761 380/34/764
f 347/233/731 329/230/729 345/231/763
f 350/201/765 349/202/766 348/203/767
f 349/202/768 350/201/769 351/204/770
f 349/205/771 353/206/772 348/207/767
f 353/206/772 349/205/766 355/208/773
f 350/201/774 352/203/775 354/202/776
f 354/202/776 351/204/777 350/201/765
f 354/205/778 352/207/779 353/206/780
f 353/206/772 355/208/773 354/205/781
f 356/202/782 361/201/783 357/203/784
f 361/201/783 356/202/782 358/204/785
f 363/206/786 356/205/782 357/207/784
f 356/205/782 363/206/786 359/208/787
f 360/203/788 361/201/783 362/202/789
f 358/204/785 362/202/789 361/201/783
f 360/207/788 362/205/789 363/206/786
f 359/208/787 363/206/786 362/205/790
f 74/5/201 314/48/716 368/6/791
f 409/56/192 364/58/194 368/57/202
f 420/43/332 379/44/334 377/31/792
f 134/45/333 380/34/764 379/44/334
f 422/42/337 420/43/332 377/31/792
f 144/122/354 366/120/319 365/121/793
f 365/121/794 366/120/319 381/123/795
f 422/42/796 377/31/792 367/30/338
f 409/56/797 368/57/202 448/70/798
f 369/74/799 316/75/698 364/58/800
f 421/40/801 136/41/336 367/30/338
f 421/40/801 367/30/802 147/29/803
f 141/39/804 432/28/805 401/27/349
f 424/37/806 141/38/348 142/50/807
f 143/124/808 366/120/319 370/125/809
f 381/123/810 366/120/319 143/124/811
f 426/35/812 375/36/813 371/49/814
f 369/74/815 364/58/816 409/56/192
f 369/74/817 314/72/818 316/75/203
f 314/72/819 369/74/815 389/73/820
f 389/73/820 368/57/202 314/72/716
f 368/57/202 389/73/821 448/70/798
f 373/213/702 407/215/703 372/216/704
f 372/216/704 407/215/701 398/217/705
f 373/213/699 396/214/700 407/215/701
f 383/218/709 374/221/710 408/219/711
f 408/219/711 374/221/710 397/222/712
f 383/218/706 408/219/822 386/220/823
f 375/36/813 424/37/806 142/50/350
f 386/220/708 396/214/700 383/218/715
f 128/32/824 376/33/825 135/17/318
f 375/36/826 142/50/350 371/49/814
f 426/35/812 371/49/827 402/22/755
f 377/31/792 379/44/334 378/13/368
f 380/34/764 135/17/318 413/14/369
f 379/44/334 380/34/764 413/14/828
f 381/123/829 459/120/352 365/121/794
f 143/124/353 459/120/352 381/123/795
f 404/123/830 382/120/352 391/124/831
f 383/218/706 396/214/700 373/213/719
f 400/88/310 390/85/725 73/84/182
f 400/88/310 73/84/182 395/86/184
f 399/81/720 384/225/176 72/82/10
f 389/223/832 395/86/184 71/224/167
f 71/224/167 384/225/722 407/226/701
f 407/226/701 384/225/723 398/227/705
f 71/224/167 395/86/184 385/119/172
f 389/223/820 71/224/833 386/228/708
f 390/85/725 387/90/189 447/229/733
f 389/223/820 388/91/191 394/87/190
f 389/223/821 408/234/707 447/229/834
f 447/229/834 408/234/711 397/235/712
f 447/229/733 384/225/722 390/85/187
f 391/124/831 382/120/352 392/125/835
f 390/85/725 384/225/178 399/81/181
f 392/125/836 382/120/352 393/126/363
f 394/87/185 395/86/184 389/223/820
f 367/30/837 377/31/792 378/13/368
f 71/224/167 396/236/700 386/228/708
f 397/235/838 398/227/705 447/229/733
f 447/229/733 398/227/705 384/225/178
f 399/81/181 437/83/173 73/84/182
f 395/86/184 437/83/9 385/119/172
f 400/88/186 410/89/188 390/85/725
f 400/88/186 394/87/185 410/89/188
f 432/28/805 415/12/366 401/27/839
f 147/29/840 367/30/338 378/13/368
f 432/28/805 147/29/803 415/12/841
f 339/51/758 142/50/350 414/52/842
f 415/12/366 414/10/842 401/27/839
f 142/50/843 401/53/349 414/52/842
f 402/19/755 339/54/758 342/16/757
f 339/51/758 402/22/755 142/50/350
f 371/49/814 142/50/807 402/22/844
f 413/14/828 135/17/318 411/15/845
f 128/32/846 402/19/755 376/33/847
f 135/17/318 342/16/848 411/15/845
f 405/121/849 406/120/319 403/122/365
f 404/123/371 406/120/319 405/121/357
f 415/12/366 378/13/368 412/11/850
f 407/226/703 396/236/700 71/224/167
f 408/234/711 389/223/820 386/228/708
f 409/7/192 410/8/193 388/76/191
f 409/7/192 388/76/851 369/77/815
f 413/14/852 411/15/853 412/11/756
f 378/13/368 413/14/369 412/11/756
f 341/16/752 417/33/854 419/17/855
f 414/10/747 415/12/366 412/11/745
f 411/15/853 342/16/848 412/11/850
f 346/46/761 416/34/856 418/47/316
f 341/16/857 402/19/858 417/33/859
f 418/47/316 419/17/855 128/32/860
f 420/43/332 429/44/861 134/45/333
f 418/47/862 416/34/856 419/17/855
f 134/45/333 416/34/856 346/46/761
f 420/43/332 427/31/863 429/44/861
f 134/45/333 429/44/861 416/34/856
f 422/42/337 427/31/864 420/43/332
f 421/40/801 423/30/865 136/41/336
f 136/41/336 423/30/866 422/42/796
f 422/42/867 423/30/866 427/31/864
f 424/37/806 435/23/868 141/38/348
f 421/40/801 147/29/367 423/30/866
f 141/39/348 430/27/869 432/28/870
f 426/35/871 425/21/872 375/36/826
f 141/38/348 435/23/873 430/26/874
f 375/36/826 435/23/868 424/37/875
f 128/32/860 419/17/855 417/33/876
f 375/36/826 425/21/872 435/23/868
f 426/35/812 402/22/755 425/21/872
f 427/31/864 436/13/877 429/44/861
f 416/34/856 428/14/878 419/17/855
f 429/44/861 428/14/879 416/34/880
f 431/12/881 436/13/877 147/29/803
f 429/44/861 436/13/877 428/14/879
f 423/30/866 436/13/877 427/31/882
f 433/10/749 431/12/883 430/27/884
f 147/29/803 436/13/877 423/30/866
f 432/28/805 431/12/885 147/29/803
f 434/24/750 433/25/749 435/23/868
f 430/27/886 431/12/887 432/28/870
f 435/23/868 433/25/749 430/26/874
f 402/19/858 341/16/857 434/20/750
f 434/24/750 435/23/868 402/22/858
f 425/21/872 402/22/858 435/23/868
f 428/14/879 438/15/888 419/17/855
f 128/32/846 417/33/859 402/19/755
f 419/17/855 438/15/889 341/16/890
f 431/12/891 340/11/748 436/13/877
f 428/14/879 340/11/892 438/15/889
f 436/13/877 340/11/751 428/14/893
f 70/7/375 437/8/9 72/9/894
f 433/10/749 340/11/748 431/12/891
f 438/15/889 340/11/748 341/16/890
f 441/1/895 442/3/896 439/5/897
f 440/4/162 439/5/898 442/3/896
f 441/1/899 445/2/900 442/3/896
f 443/18/901 440/4/162 442/3/896
f 440/4/162 149/6/170 439/5/898
f 443/18/372 442/3/902 445/2/903
f 444/48/904 441/1/905 439/5/898
f 444/48/904 445/2/906 441/1/905
f 444/48/904 443/18/901 445/2/907
f 392/125/908 406/120/319 391/124/370
f 70/56/161 149/57/169 440/58/909
f 389/78/821 369/77/910 388/76/911
f 446/127/364 406/120/319 393/126/363
f 393/126/363 406/120/319 392/125/836
f 403/122/912 406/120/319 446/127/913
f 409/7/914 448/80/915 447/79/726
f 447/79/726 387/9/272 409/7/797
f 389/78/916 447/79/733 448/80/915
f 52/66/283 449/68/917 450/67/918
f 450/62/919 449/64/920 99/63/122
f 450/67/918 451/69/120 52/66/921
f 453/59/641 452/61/146 276/60/922
f 63/63/923 126/65/315 453/62/641
f 453/62/641 454/64/924 63/63/142
f 455/106/237 270/107/265 278/106/261
f 456/108/240 458/108/271 457/107/239
f 365/121/925 459/120/352 144/122/926
f 139/130/927 479/237/928 460/128/345
f 463/238/929 461/239/579 472/240/930
f 461/239/579 463/238/929 462/241/581
f 471/242/931 462/241/932 463/238/933
f 462/241/581 471/242/931 464/243/585
f 479/237/928 465/244/934 475/245/935
f 479/237/936 139/130/347 465/244/937
f 466/246/938 472/247/939 239/248/487
f 472/247/930 466/246/938 460/249/940
f 467/250/941 478/251/942 469/252/943
f 478/249/944 467/253/941 468/246/945
f 474/254/946 470/255/947 469/252/943
f 471/247/931 478/249/944 468/246/945
f 472/240/939 461/239/948 239/256/487
f 466/246/938 473/253/346 460/249/949
f 474/254/950 469/252/943 479/237/951
f 479/237/928 475/245/952 474/254/953
f 476/248/541 471/247/954 468/246/945
f 464/243/584 471/242/954 476/257/541
f 139/130/347 477/258/955 465/244/937
f 478/251/942 479/237/928 469/252/956
f 183/60/422 480/71/361 482/59/957
f 482/59/958 481/61/959 183/60/422
f 482/62/957 480/64/151 185/63/149
f 185/63/149 483/65/149 482/62/960
f 484/66/360 486/67/961 485/68/427
f 486/67/962 484/66/360 145/69/963
f 486/62/962 487/63/148 485/64/427
f 487/63/964 486/62/965 65/65/149
f 556/259/966 580/260/967 542/261/968
f 542/261/968 555/262/969 550/263/970
f 583/264/971 553/265/972 554/266/973
f 582/267/974 558/268/975 543/269/976
f 542/261/968 584/270/977 588/271/978
f 585/272/979 584/270/980 586/273/981
f 557/274/982 554/275/973 586/273/983
f 544/276/984 586/273/981 554/275/985
f 583/277/971 582/267/986 587/278/987
f 587/278/988 553/279/989 583/277/990
f 554/275/985 553/279/989 544/276/991
f 585/272/992 544/276/991 552/280/993
f 586/273/981 544/276/984 585/272/979
f 584/270/994 557/274/982 586/273/981
f 542/261/968 589/281/995 579/282/996
f 584/270/977 579/282/997 557/274/982
f 554/275/973 558/268/975 583/277/971
f 557/274/982 589/281/995 558/268/975
f 558/268/975 582/267/998 583/277/971
f 557/274/982 558/268/975 554/275/973
f 579/282/999 589/281/995 557/274/982
f 584/270/994 542/261/968 579/282/999
f 588/271/1000 556/259/966 542/261/968
f 589/281/995 542/261/968 550/263/1001
f 570/283/1002 555/262/1003 581/284/1004
f 545/285/1005 581/284/1004 546/286/1006
f 545/287/1005 551/288/1007 581/289/1004
f 545/285/1005 546/286/1008 547/290/1009
f 551/288/1010 548/291/1011 543/292/1012
f 549/293/1013 543/292/1012 548/291/1011
f 551/288/1007 545/287/1005 548/291/1011
f 582/267/1014 543/269/1015 549/294/1016
f 551/295/1007 570/283/1017 581/284/1004
f 589/281/995 550/263/970 570/283/1017
f 558/268/975 570/283/1017 551/295/1010
f 555/262/969 542/261/968 580/260/967
f 589/281/995 570/283/1017 558/268/975
f 558/268/975 551/295/1010 543/269/976
f 550/263/970 555/262/1018 570/283/1019
f 555/262/1018 546/286/1008 581/284/1004
f 574/296/1020 570/297/1017 572/298/1021
f 577/299/1022 574/296/1020 573/300/1023
f 564/301/1024 566/302/1025 560/303/1026
f 583/304/1027 559/305/1028 582/306/998
f 560/303/1029 563/304/1030 561/307/1031
f 562/305/1032 561/307/1033 563/304/1034
f 560/303/1029 561/307/1035 564/301/1024
f 567/308/1036 564/301/1024 565/309/1037
f 566/302/1025 564/301/1024 567/308/1036
f 542/310/968 556/311/966 572/312/1021
f 572/298/1038 556/313/966 568/314/1039
f 558/315/975 570/297/1017 569/316/1040
f 571/317/1041 558/315/975 569/316/1040
f 582/306/998 558/315/975 571/317/1042
f 574/296/1020 572/298/1043 573/300/1023
f 572/298/1021 550/318/970 542/319/968
f 570/297/1017 550/318/970 572/298/1043
f 569/316/1040 570/297/1017 574/296/1020
f 574/296/1020 577/299/1044 569/316/1040
f 582/306/986 571/317/1042 575/320/1045
f 571/317/1046 569/316/1040 576/321/1047
f 576/321/1048 575/320/1049 571/317/1042
f 576/321/1048 569/316/1040 577/299/1044
f 577/299/1022 573/300/1023 578/322/1050
f 594/323/1051 591/324/1052 595/325/1053
f 591/324/1054 594/323/1051 593/323/1055
f 592/326/1056 590/327/1057 591/324/1054
f 591/324/1054 590/327/1057 595/325/1058
f 598/328/1059 597/329/1060 599/330/1061
f 599/330/1062 596/331/1063 598/328/1059
f 598/328/1059 604/332/1064 600/333/1065
f 604/332/1064 598/328/1059 596/331/1066
f 742/334/1067 748/335/1068 741/336/1069
f 738/337/1070 741/336/1071 704/338/1072
f 704/338/1072 741/336/1071 748/335/1073
f 704/338/1072 748/335/1073 824/339/1074
f 760/340/1075 705/341/1076 707/342/1077
f 707/342/1078 705/341/1079 706/343/1080
f 707/342/1078 706/343/1080 759/344/1081
f 759/344/1081 706/343/1080 708/345/1082
f 756/346/1083 710/347/1084 758/348/1085
f 763/349/1086 709/350/1087 754/351/1088
f 764/352/1089 710/347/1090 756/346/1083
f 745/353/1091 740/354/1092 744/355/1093
f 711/356/1094 712/357/1095 655/358/1096
f 713/359/1097 714/360/1098 712/357/1095
f 713/359/1099 712/357/1095 711/356/1100
f 651/361/1101 714/360/1098 713/359/1102
f 652/362/1103 714/360/1098 651/361/1101
f 653/363/1104 714/360/1098 652/362/1103
f 716/364/1105 714/360/1098 653/363/1106
f 654/365/1107 716/364/1108 715/366/1109
f 715/366/1110 716/364/1108 653/363/1106
f 719/356/1111 717/357/1095 656/358/1112
f 720/359/1097 718/360/1098 717/357/1095
f 720/359/1113 717/357/1095 719/356/1114
f 657/361/1115 718/360/1098 720/359/1113
f 658/362/1116 718/360/1098 657/361/1115
f 723/363/1104 718/360/1098 658/362/1117
f 721/364/1105 718/360/1098 723/363/1106
f 722/365/1118 721/364/1108 659/366/1119
f 659/366/1119 721/364/1105 723/363/1106
f 660/356/1094 725/357/1095 662/358/1096
f 724/359/1097 726/360/1098 725/357/1095
f 724/359/1102 725/357/1095 660/356/1100
f 661/361/1120 726/360/1098 724/359/1121
f 727/362/1117 726/360/1098 661/361/1115
f 728/363/1104 726/360/1098 727/362/1117
f 731/364/1105 726/360/1098 728/363/1104
f 729/365/1122 731/364/1105 730/366/1123
f 730/366/1123 731/364/1105 728/363/1106
f 732/356/1124 733/357/1095 666/358/1096
f 734/359/1125 735/360/1098 733/357/1095
f 734/359/1125 733/357/1095 732/356/1124
f 663/361/1126 735/360/1098 734/359/1125
f 664/362/1103 735/360/1098 663/361/1115
f 665/363/1127 735/360/1098 664/362/1103
f 736/364/1105 735/360/1098 665/363/1127
f 737/366/1128 736/364/1105 665/363/1129
f 738/337/1070 739/367/1130 743/368/1131
f 743/368/1131 739/367/1130 772/369/1132
f 961/370/1133 1057/371/1134 738/337/1135
f 738/337/1070 1057/371/1134 739/367/1136
f 745/353/1091 771/372/1137 740/354/1092
f 750/373/1138 742/334/1067 741/336/1071
f 738/337/1070 745/353/1091 741/336/1071
f 743/368/1131 745/353/1091 738/337/1070
f 750/373/1139 745/353/1091 744/355/1093
f 750/373/1139 744/355/1093 746/374/1140
f 750/373/1139 741/336/1071 745/353/1091
f 747/375/1141 748/335/1073 754/351/1088
f 749/376/1142 748/335/1073 742/334/1067
f 748/335/1073 747/375/1143 824/339/1074
f 710/347/1084 754/351/1088 749/376/1142
f 742/334/1067 750/373/1138 749/376/1142
f 754/351/1088 748/335/1068 749/376/1142
f 750/373/1139 746/374/1140 758/348/1085
f 966/377/1144 965/378/1145 822/379/1146
f 749/376/1142 750/373/1138 758/348/1085
f 751/380/1147 752/381/1148 822/379/1146
f 751/380/1149 753/382/1150 752/381/1148
f 965/378/1151 751/380/1147 822/379/1146
f 828/383/1152 747/375/1141 754/351/1088
f 828/383/1152 825/384/1153 747/375/1141
f 753/382/1150 825/384/1154 828/383/1152
f 755/385/1155 756/346/1083 758/348/1085
f 755/385/1155 758/348/1085 870/386/1156
f 764/352/1089 763/349/1086 754/351/1157
f 759/344/1158 708/345/1159 757/387/1160
f 708/345/1159 966/377/1144 757/387/1160
f 758/348/1085 710/347/1090 749/376/1142
f 757/387/1161 829/388/1162 707/342/1078
f 707/342/1078 829/388/1162 760/340/1075
f 759/344/1158 757/387/1161 707/342/1078
f 760/340/1075 761/389/1163 754/351/1157
f 760/340/1164 754/351/1088 709/350/1087
f 829/388/1162 761/389/1163 760/340/1075
f 709/350/1087 763/349/1086 762/390/1165
f 768/391/1166 755/385/1167 868/392/1168
f 764/352/1089 754/351/1157 710/347/1090
f 959/393/1169 765/394/1170 709/350/1087
f 766/395/1171 826/396/1172 767/397/1173
f 755/385/1155 870/386/1174 868/392/1168
f 766/395/1175 767/397/1173 823/398/1176
f 709/350/1087 767/397/1173 959/393/1177
f 826/396/1172 959/393/1169 767/397/1178
f 762/390/1165 768/391/1166 854/399/1179
f 854/399/1179 768/391/1180 848/400/1181
f 823/398/1176 762/390/1165 854/399/1179
f 1098/401/1182 823/398/1176 845/402/1183
f 845/402/1184 823/398/1176 854/399/1185
f 768/391/1166 868/392/1186 848/400/1181
f 773/403/1187 770/404/1188 769/405/1189
f 770/404/1188 1060/406/1190 769/405/1189
f 745/407/1191 773/403/1192 771/408/1193
f 770/404/1188 743/409/1131 772/410/1132
f 745/407/1091 770/404/1188 773/403/1192
f 770/404/1188 772/410/1132 1060/406/1194
f 774/411/1195 1097/412/1196 775/413/1197
f 841/414/1198 813/415/1199 807/416/1200
f 743/409/1201 770/404/1188 745/407/1191
f 776/417/1202 939/418/1203 811/419/1204
f 939/418/1203 777/420/1205 811/419/1204
f 809/421/1206 939/418/1203 776/417/1207
f 973/422/1208 778/423/1209 834/424/1210
f 778/423/1211 796/425/1212 834/424/1210
f 811/419/1204 777/420/1213 779/426/1214
f 796/425/1212 778/423/1211 799/427/1215
f 780/428/1216 808/429/1217 781/430/1218
f 834/424/1219 796/425/1212 793/431/1220
f 808/429/1217 812/432/1221 782/433/1222
f 782/433/1222 810/434/1223 805/435/1224
f 781/430/1218 808/429/1225 782/433/1222
f 806/436/1226 782/433/1222 805/435/1224
f 805/435/1227 810/434/1223 798/437/1228
f 812/432/1229 810/434/1223 782/433/1222
f 783/438/1230 784/439/1231 779/426/1214
f 818/440/1232 816/441/1233 784/439/1234
f 934/442/1235 787/443/1236 940/444/1237
f 785/445/1238 844/446/1239 954/447/1240
f 785/445/1238 954/447/1241 786/448/1242
f 816/441/1233 818/440/1232 786/448/1243
f 787/443/1236 785/445/1244 786/448/1243
f 779/426/1214 777/420/1205 783/438/1230
f 787/443/1236 934/442/1245 785/445/1244
f 789/449/1246 788/450/1247 1098/401/1182
f 1098/401/1182 788/450/1247 970/451/1248
f 932/452/1249 788/450/1247 789/449/1246
f 788/450/1247 932/452/1249 790/453/1250
f 790/453/1251 932/452/1249 791/454/1252
f 968/455/1253 791/454/1254 932/452/1249
f 1055/456/1255 952/457/1256 935/458/1257
f 935/458/1258 952/457/1256 936/459/1259
f 952/457/1256 1055/456/1260 792/460/1261
f 844/446/1262 936/459/1263 954/447/1241
f 954/447/1241 936/459/1259 953/461/1264
f 953/461/1265 936/459/1263 952/457/1266
f 797/462/1267 585/463/979 793/431/1220
f 947/464/1268 585/463/1269 797/462/1267
f 793/431/1270 794/465/1271 942/466/1272
f 585/463/979 794/465/1271 793/431/1270
f 1097/412/1196 795/467/1273 775/413/1197
f 796/425/1212 799/427/1215 801/468/1274
f 796/425/1212 775/413/1197 793/431/1270
f 793/431/1220 775/413/1197 797/462/1275
f 774/411/1195 775/413/1197 801/468/1274
f 1072/469/1276 774/411/1195 801/468/1274
f 775/413/1277 796/425/1212 801/468/1274
f 973/422/1278 835/470/1279 778/423/1209
f 798/437/1280 778/423/1211 835/470/1279
f 799/427/1215 778/423/1211 800/471/1281
f 800/471/1281 778/423/1211 798/437/1228
f 800/471/1281 798/437/1280 813/415/1199
f 800/471/1281 801/468/1274 799/427/1215
f 837/472/1282 801/468/1274 800/471/1281
f 837/472/1283 1072/469/1276 801/468/1274
f 781/430/1218 802/473/1284 803/474/1285
f 781/430/1218 782/433/1222 802/473/1286
f 781/430/1218 803/474/1287 780/428/1288
f 805/435/1224 804/475/1289 806/436/1226
f 798/437/1280 835/470/1279 805/435/1224
f 782/433/1222 806/436/1226 802/473/1290
f 798/437/1228 638/476/1291 807/416/1200
f 837/472/1282 841/414/1198 836/477/1292
f 835/470/1279 804/475/1289 805/435/1224
f 808/429/1217 780/428/1216 809/421/1206
f 811/419/1204 808/429/1217 776/417/1202
f 808/429/1217 809/421/1293 776/417/1202
f 779/426/1214 812/432/1221 811/419/1204
f 779/426/1214 810/434/1223 812/432/1229
f 811/419/1294 812/432/1221 808/429/1217
f 784/439/1231 798/437/1228 779/426/1214
f 813/415/1199 798/437/1295 807/416/1200
f 798/437/1228 810/434/1223 779/426/1214
f 814/478/1296 836/477/1297 819/479/1298
f 814/478/1296 815/480/1299 836/477/1292
f 816/441/1233 638/476/1291 784/439/1234
f 818/440/1232 940/444/1237 787/443/1236
f 818/440/1232 817/481/1300 940/444/1237
f 784/439/1231 783/438/1230 817/481/1300
f 817/481/1301 818/440/1232 784/439/1234
f 820/482/1302 816/441/1233 786/448/1243
f 786/448/1243 818/440/1232 787/443/1303
f 875/483/1304 819/484/1305 820/485/1302
f 875/483/1304 814/486/1296 819/484/1306
f 820/482/1302 819/479/1305 816/441/1233
f 970/451/1248 827/487/1307 821/488/1308
f 765/394/1309 705/341/1076 760/340/1075
f 877/489/1310 786/448/1243 954/447/1241
f 820/482/1311 786/448/1312 877/489/1313
f 823/398/1176 821/488/1314 766/395/1171
f 821/488/1308 827/487/1307 766/395/1175
f 823/398/1176 1098/401/1182 821/488/1314
f 1098/401/1182 970/451/1315 821/488/1314
f 822/379/1146 757/387/1161 966/377/1144
f 709/350/1087 762/390/1165 767/397/1173
f 760/340/1316 709/350/1087 765/394/1309
f 823/398/1176 767/397/1178 762/390/1165
f 824/339/1074 747/375/1143 825/384/1154
f 738/337/1135 704/338/1072 961/370/1317
f 826/396/1172 766/395/1171 827/487/1307
f 706/343/1080 957/490/1318 708/345/1319
f 754/351/1088 761/389/1320 828/383/1152
f 752/381/1148 761/389/1163 829/388/1162
f 828/383/1152 761/389/1163 752/381/1148
f 828/383/1152 752/381/1148 753/382/1321
f 752/381/1148 829/388/1162 757/387/1161
f 795/408/1273 880/403/1322 775/407/1323
f 830/405/1324 831/404/1325 880/403/1326
f 830/405/1324 946/406/1327 831/404/1328
f 946/406/1329 947/410/1330 831/404/1325
f 947/410/1330 797/409/1331 831/404/1325
f 880/403/1322 831/404/1325 775/407/1332
f 775/407/1197 831/404/1325 797/409/1275
f 798/437/1228 784/439/1234 638/476/1291
f 942/466/1333 834/424/1334 793/431/1335
f 804/475/1289 835/470/1279 973/422/1208
f 809/421/1206 938/491/1336 939/418/1203
f 815/480/1299 837/472/1283 836/477/1292
f 800/471/1281 813/415/1199 837/472/1283
f 752/381/1148 757/387/1160 822/379/1146
f 837/472/1283 813/415/1199 841/414/1198
f 785/445/1244 934/442/1245 844/446/1262
f 955/492/1337 877/489/1310 954/447/1240
f 667/365/1338 736/364/1105 737/366/1128
f 1098/401/1182 845/402/1184 1099/493/1339
f 1117/327/1340 1119/325/1341 1126/494/1342
f 1127/495/1343 1126/494/1342 1119/325/1344
f 1119/325/1341 1118/323/1345 1127/495/1343
f 1128/496/1346 1117/327/1340 1126/494/1342
f 1124/497/1347 1120/331/1348 1125/332/1349
f 1120/331/1348 1124/497/1350 1123/498/1351
f 1123/498/1352 1121/330/1353 1120/331/1348
f 1124/497/1347 1125/332/1349 1122/499/1354
f 677/500/1355 639/501/1356 675/502/1357
f 640/503/1358 689/504/1359 646/505/1360
f 639/501/1356 677/500/1355 641/506/1361
f 644/507/1362 642/508/1363 645/509/1364
f 642/508/1365 644/507/1362 643/510/1366
f 689/504/1359 640/503/1367 678/511/1368
f 650/512/1369 645/509/1364 642/508/1365
f 646/505/1370 648/513/1371 647/514/1372
f 645/509/1373 650/512/1374 649/515/1375
f 668/516/1376 649/515/1375 650/512/1369
f 690/517/1377 676/518/1378 669/519/1379
f 711/520/1380 655/521/1381 713/522/1125
f 713/522/1121 655/521/1382 651/523/1120
f 651/523/1115 655/521/1383 652/524/1103
f 652/524/1103 655/521/1096 653/525/1106
f 653/525/1106 655/521/1384 715/526/1119
f 715/526/1110 655/521/1096 654/527/1118
f 719/520/1114 656/521/1385 720/522/1097
f 720/522/1102 656/521/1112 657/523/1101
f 657/523/1101 656/521/1112 658/524/1117
f 658/524/1103 656/521/1112 723/525/1106
f 723/525/1106 656/521/1386 659/526/1119
f 659/526/1387 656/521/1112 722/527/1388
f 660/520/1389 662/521/1381 724/522/1097
f 724/522/1121 662/521/1390 661/523/1101
f 661/523/1101 662/521/1384 727/524/1117
f 727/524/1103 662/521/1383 728/525/1106
f 728/525/1391 662/521/1384 730/526/1387
f 730/526/1123 662/521/1096 729/527/1392
f 732/520/1124 666/521/1382 734/522/1393
f 734/522/1394 666/521/1381 663/523/1395
f 663/523/1115 666/521/1096 664/524/1103
f 664/524/1103 666/521/1096 665/525/1396
f 665/525/1397 666/521/1096 737/526/1128
f 737/526/1398 666/521/1381 667/527/1399
f 642/508/1365 689/504/1400 650/512/1374
f 650/512/1369 689/504/1401 668/516/1376
f 669/519/1379 675/502/1402 639/501/1356
f 675/502/1357 669/519/1379 676/518/1378
f 673/517/1403 670/518/1404 672/516/1405
f 670/518/1404 673/517/1406 700/519/1407
f 671/515/1408 672/516/1409 699/512/1410
f 672/516/1409 671/515/1408 673/517/1411
f 692/514/1412 674/510/1413 697/513/1414
f 675/502/1357 676/518/1378 689/504/1415
f 676/518/1378 668/516/1376 689/504/1359
f 691/528/1416 678/511/1417 681/529/1418
f 689/504/1401 691/528/1419 677/500/1355
f 689/504/1401 677/500/1355 675/502/1402
f 691/528/1416 689/504/1415 678/511/1368
f 643/510/1366 689/504/1420 642/508/1421
f 643/510/1422 648/513/1423 689/504/1400
f 672/516/1409 670/518/1404 698/504/1424
f 679/530/1425 681/531/1426 680/532/1427
f 697/513/1428 685/505/1429 692/514/1430
f 684/509/1431 699/512/1410 683/508/1432
f 699/512/1410 684/509/1431 671/515/1408
f 682/507/1433 683/508/1434 674/510/1435
f 683/508/1434 682/507/1433 684/509/1436
f 703/503/1437 698/504/1438 694/511/1439
f 698/504/1440 703/503/1437 685/505/1429
f 686/501/1441 688/500/1442 693/502/1443
f 688/500/1442 686/501/1441 687/506/1444
f 687/506/1445 696/528/1446 688/500/1442
f 648/513/1423 646/505/1370 689/504/1401
f 647/514/1372 643/510/1366 644/507/1362
f 643/510/1366 647/514/1372 648/513/1371
f 649/515/1375 668/516/1376 690/517/1377
f 691/528/1416 641/506/1361 677/500/1355
f 641/506/1361 691/528/1416 679/533/1425
f 678/511/1368 680/534/1427 681/529/1447
f 680/534/1427 678/511/1368 640/503/1448
f 681/535/1418 679/536/1425 691/537/1416
f 685/505/1429 697/513/1414 698/504/1449
f 674/510/1413 692/514/1412 682/507/1433
f 676/518/1378 690/517/1377 668/516/1450
f 670/518/1404 693/502/1451 698/504/1424
f 701/534/1452 694/511/1453 695/529/1454
f 696/528/1455 687/506/1444 702/533/1456
f 694/511/1439 696/528/1455 695/529/1454
f 696/528/1446 698/504/1440 688/500/1442
f 688/500/1442 698/504/1424 693/502/1457
f 698/504/1440 696/528/1458 694/511/1439
f 698/504/1424 674/510/1413 683/508/1459
f 697/513/1414 674/510/1413 698/504/1424
f 698/504/1424 683/508/1460 699/512/1410
f 698/504/1440 699/512/1410 672/516/1409
f 693/502/1461 700/519/1462 686/501/1441
f 700/519/1463 693/502/1457 670/518/1404
f 695/531/1454 702/530/1456 701/532/1464
f 702/536/1456 695/535/1454 696/537/1465
f 694/511/1466 701/534/1467 703/503/1437
usemtl material_5
f 512/538/1468 535/539/1469 541/540/1470
f 499/541/1471 520/542/1472 521/543/1473
f 513/544/1474 514/545/1475 518/546/1476
f 522/547/1477 521/543/1478 496/548/1479
f 515/549/1480 517/550/1481 516/551/1482
f 488/552/1483 489/553/1484 490/554/1485
f 519/555/1486 520/542/1487 514/545/1488
f 517/550/1481 490/554/1485 516/551/1489
f 518/546/1490 517/550/1481 515/549/1491
f 488/552/1492 490/554/1485 517/550/1481
f 489/553/1493 488/552/1492 492/556/1494
f 520/542/1472 518/546/1490 514/545/1475
f 488/552/1483 491/557/1495 492/556/1496
f 533/558/1497 488/552/1492 517/550/1481
f 488/552/1483 521/543/1478 491/557/1498
f 521/543/1473 523/559/1499 491/557/1495
f 519/555/1500 523/559/1499 521/543/1473
f 517/550/1481 518/546/1490 493/560/1501
f 499/541/1471 494/561/1502 520/542/1487
f 521/543/1503 495/562/1504 499/541/1471
f 521/543/1478 522/547/1477 495/562/1505
f 496/548/1506 521/543/1507 524/563/1508
f 513/544/1474 518/546/1490 515/549/1491
f 524/563/1508 521/543/1503 488/552/1483
f 499/564/1509 498/565/1510 494/566/1502
f 495/539/1504 527/538/1511 499/564/1509
f 520/542/1472 494/561/1512 518/546/1490
f 527/538/1511 525/567/1513 499/564/1514
f 527/538/1511 495/539/1515 497/540/1516
f 525/567/1513 498/565/1510 499/564/1471
f 538/541/1517 500/543/1518 529/542/1519
f 536/544/1520 507/546/1521 528/545/1522
f 509/547/1523 526/548/1524 500/543/1525
f 530/549/1526 503/551/1527 506/550/1528
f 488/552/1492 504/554/1529 501/553/1530
f 502/555/1531 528/545/1522 529/542/1532
f 506/550/1528 503/551/1527 504/554/1533
f 507/546/1521 530/549/1526 506/550/1534
f 488/552/1492 506/550/1528 504/554/1533
f 501/553/1535 505/556/1536 488/552/1483
f 502/555/1531 529/542/1519 500/543/1537
f 529/542/1532 528/545/1522 507/546/1521
f 488/552/1483 505/556/1536 531/557/1538
f 533/558/1539 506/550/1528 488/552/1483
f 488/552/1492 531/557/1540 500/543/1541
f 500/543/1525 531/557/1540 534/559/1542
f 502/555/1543 500/543/1537 534/559/1544
f 506/550/1528 532/560/1545 507/546/1546
f 538/541/1517 529/542/1519 508/561/1547
f 500/543/1518 538/541/1517 535/562/1469
f 500/543/1518 535/562/1469 509/547/1548
f 526/548/1524 524/563/1508 500/543/1525
f 536/544/1549 530/549/1526 507/546/1550
f 524/563/1508 488/552/1483 500/543/1525
f 510/567/1551 511/565/1552 538/564/1517
f 512/538/1468 510/567/1551 538/564/1553
f 529/542/1519 507/546/1521 508/561/1547
f 538/564/1517 511/565/1552 508/566/1554
f 535/539/1469 512/538/1555 538/564/1556
f 519/568/1486 521/569/1507 520/570/1472
f 540/571/1557 538/572/1517 537/573/1558
f 538/572/1517 508/574/1547 537/573/1558
f 535/575/1559 538/572/1560 539/576/1561
f 539/576/1562 538/572/1517 540/571/1557
f 539/576/1561 541/577/1563 535/575/1559
f 590/578/1564 846/579/1565 595/580/1058
f 855/581/1566 595/580/1567 846/579/1565
f 595/580/1567 855/581/1566 594/582/1568
f 967/583/1569 846/579/1565 590/578/1564
f 603/584/1570 604/585/1064 596/586/1571
f 596/586/1571 602/587/1572 603/584/1570
f 602/587/1573 596/586/1571 599/588/1574
f 603/584/1570 601/589/1575 604/585/1064
f 628/590/1576 1065/591/1577 610/592/1578
f 606/593/1579 609/594/1580 774/595/1195
f 1069/596/1581 605/597/1582 1096/598/1583
f 608/599/1584 607/600/1585 1066/601/1586
f 606/593/1587 1095/602/1588 609/594/1580
f 774/595/1589 1067/603/1590 606/593/1579
f 1095/602/1588 606/593/1579 1096/598/1583
f 1069/596/1581 1096/598/1583 606/593/1579
f 610/592/1578 1067/603/1590 1072/604/1591
f 1069/596/1581 606/593/1592 1067/603/1590
f 837/605/1593 1071/606/1594 1072/604/1276
f 1072/604/1276 1071/606/1595 610/592/1596
f 1072/604/1276 1067/603/1590 774/595/1589
f 605/597/1582 1069/596/1581 1068/607/1597
f 607/600/1598 1070/608/1599 1068/607/1597
f 1071/606/1595 628/590/1576 610/592/1596
f 1067/603/1590 1066/601/1586 607/600/1600
f 607/600/1585 1069/596/1581 1067/603/1590
f 1070/608/1601 607/600/1598 608/599/1584
f 1065/591/1602 611/609/1603 612/610/1604
f 1065/591/1602 612/610/1605 610/592/1578
f 1068/607/1606 1069/596/1581 607/600/1600
f 1067/603/1590 610/592/1596 612/610/1604
f 1067/603/1590 612/610/1604 1066/601/1586
f 843/611/1607 832/612/1607 833/613/1607
f 838/613/1607 839/614/1607 849/611/1607
f 849/611/1607 840/612/1607 838/613/1607
f 833/613/1607 842/614/1607 843/611/1607
f 846/615/1565 845/616/1184 855/617/1566
f 855/617/1566 848/618/1181 876/619/1608
f 847/620/1609 876/619/1608 848/618/1610
f 846/615/1565 967/621/1569 1099/622/1611
f 847/620/1609 848/618/1612 867/623/1613
f 1099/622/1611 845/616/1183 846/615/1565
f 851/624/1614 882/625/1614 853/626/1614
f 882/625/1614 851/624/1614 857/627/1614
f 858/624/1615 853/626/1615 850/626/1615
f 853/626/1615 858/624/1615 851/624/1615
f 852/627/1616 850/626/1616 881/625/1616
f 850/626/1616 852/627/1616 858/624/1616
f 882/625/1617 850/626/1617 853/626/1617
f 871/628/1618 869/629/1619 847/630/1609
f 854/631/1620 848/618/1612 855/617/1621
f 1062/632/1622 856/633/1623 769/634/1189
f 856/633/1623 773/635/1192 769/634/1189
f 856/633/1623 1064/636/1624 773/635/1187
f 857/637/1625 858/638/1625 852/637/1625
f 858/638/1625 857/637/1625 851/638/1625
f 862/624/1614 860/625/1614 859/626/1614
f 860/625/1614 862/624/1614 861/627/1614
f 866/624/1615 859/626/1615 864/626/1615
f 859/626/1615 866/624/1615 862/624/1615
f 863/627/1616 864/626/1616 865/625/1616
f 864/626/1616 863/627/1616 866/624/1616
f 860/625/1626 864/626/1626 859/626/1626
f 864/626/1626 860/625/1626 865/625/1626
f 861/637/1627 866/638/1627 863/637/1627
f 866/638/1627 861/637/1627 862/638/1627
f 848/639/1612 871/628/1618 867/640/1613
f 868/641/1168 871/628/1618 848/639/1612
f 622/642/1628 629/643/1629 869/629/1619
f 871/628/1618 622/642/1630 869/629/1619
f 870/644/1631 622/642/1630 871/628/1618
f 868/641/1168 870/644/1156 871/628/1632
f 871/628/1632 847/630/1609 867/640/1613
f 872/645/1633 875/646/1304 847/620/1609
f 847/630/1609 869/629/1619 873/647/1634
f 872/648/1633 873/647/1635 875/649/1636
f 875/649/1304 873/647/1635 814/650/1296
f 869/629/1619 629/643/1629 925/651/1637
f 869/629/1619 925/651/1637 873/647/1635
f 873/647/1635 925/651/1637 815/652/1299
f 873/647/1635 815/652/1638 814/650/1296
f 955/653/1639 874/654/1640 878/655/1641
f 875/646/1304 876/619/1608 847/620/1609
f 876/619/1608 875/646/1304 879/656/1642
f 877/657/1310 879/656/1642 820/658/1302
f 879/656/1642 877/657/1310 878/655/1641
f 878/655/1641 877/657/1313 955/653/1639
f 872/648/1633 847/630/1609 873/647/1635
f 879/656/1643 875/646/1304 820/658/1302
f 946/659/1329 830/660/1324 1062/661/1644
f 830/660/1324 856/662/1623 1062/661/1644
f 830/660/1324 880/663/1322 856/662/1623
f 880/663/1322 1064/664/1624 856/662/1623
f 850/626/1617 882/625/1617 881/625/1617
f 1062/632/1644 769/634/1189 1060/665/1194
f 854/631/1620 855/617/1621 845/616/1183
f 883/666/1645 890/667/1646 884/668/1647
f 886/669/1648 884/669/1647 891/670/1649
f 886/669/1650 885/670/1651 887/671/1652
f 894/672/1653 884/669/1654 886/669/1655
f 900/673/1656 887/671/1657 902/674/1658
f 887/671/1657 895/675/1659 902/674/1658
f 890/667/1646 889/676/1660 888/677/1661
f 888/677/1661 889/676/1662 899/678/1663
f 889/676/1660 890/667/1664 883/666/1665
f 884/668/1654 890/667/1646 891/679/1666
f 891/679/1666 890/667/1667 901/680/1668
f 891/670/1666 901/675/1668 892/681/1669
f 892/681/1669 901/675/1668 903/682/1670
f 898/683/1671 887/671/1657 900/673/1656
f 893/684/1672 887/671/1657 898/683/1671
f 893/684/1672 894/672/1653 887/671/1657
f 894/672/1653 886/669/1655 887/671/1657
f 887/671/1657 885/670/1651 895/675/1659
f 885/670/1673 897/685/1674 895/675/1659
f 897/685/1674 896/686/1675 895/675/1659
f 885/670/1651 891/670/1666 892/681/1676
f 885/670/1673 892/681/1669 897/685/1677
f 894/672/1678 883/672/1645 884/669/1679
f 886/669/1648 891/670/1680 885/670/1681
f 893/684/1672 889/684/1660 883/672/1665
f 893/684/1682 883/672/1683 894/672/1653
f 898/683/1684 899/683/1685 889/684/1662
f 898/683/1684 889/684/1686 893/684/1672
f 900/673/1687 888/673/1688 899/683/1689
f 900/673/1687 899/683/1685 898/683/1684
f 902/674/1690 890/674/1664 888/673/1691
f 902/674/1690 888/673/1661 900/673/1687
f 895/675/1659 901/675/1668 890/674/1664
f 895/675/1659 890/674/1646 902/674/1658
f 896/686/1692 903/682/1670 901/675/1668
f 896/686/1693 901/675/1694 895/675/1659
f 904/667/1695 907/666/1696 905/668/1697
f 905/669/1698 906/669/1699 913/670/1700
f 916/670/1701 906/669/1702 910/671/1703
f 905/669/1698 917/672/1704 906/669/1702
f 910/671/1703 908/673/1705 922/674/1706
f 911/675/1707 910/671/1703 922/674/1708
f 918/676/1709 904/667/1710 921/677/1711
f 918/676/1709 921/677/1712 920/678/1713
f 904/667/1710 918/676/1714 907/666/1715
f 904/667/1695 905/668/1697 913/679/1700
f 904/667/1695 913/679/1716 923/680/1717
f 923/675/1718 913/670/1716 914/681/1719
f 923/675/1720 914/681/1719 924/682/1721
f 910/671/1703 919/683/1722 908/673/1723
f 910/671/1703 909/684/1724 919/683/1725
f 917/672/1726 909/684/1724 910/671/1703
f 906/669/1699 917/672/1704 910/671/1703
f 916/670/1727 910/671/1703 911/675/1707
f 915/685/1728 916/670/1729 911/675/1730
f 912/686/1731 915/685/1732 911/675/1707
f 913/670/1733 916/670/1701 914/681/1719
f 914/681/1719 916/670/1701 915/685/1728
f 907/672/1715 917/672/1704 905/669/1697
f 913/670/1700 906/669/1699 916/670/1727
f 918/684/1734 909/684/1724 907/672/1696
f 907/672/1696 909/684/1735 917/672/1726
f 920/683/1713 919/683/1722 918/684/1709
f 918/684/1734 919/683/1722 909/684/1735
f 921/673/1736 908/673/1737 920/683/1713
f 920/683/1738 908/673/1739 919/683/1725
f 904/674/1695 922/674/1708 921/673/1740
f 921/673/1736 922/674/1708 908/673/1737
f 923/675/1720 911/675/1707 904/674/1741
f 904/674/1710 911/675/1707 922/674/1706
f 924/682/1721 912/686/1731 923/675/1720
f 923/675/1720 912/686/1742 911/675/1707
f 925/687/1743 815/688/1744 927/689/1745
f 926/690/1746 925/687/1743 927/689/1745
f 629/691/1747 925/687/1743 926/690/1746
f 930/692/1748 629/691/1749 926/690/1750
f 622/693/1751 929/694/1752 928/695/1753
f 931/696/1754 929/694/1752 622/693/1751
f 629/691/1755 931/696/1756 622/693/1757
f 930/692/1758 931/696/1754 629/691/1747
f 1099/697/1611 933/698/1759 932/699/1249
f 934/700/1235 937/701/1760 844/702/1262
f 935/703/1257 936/704/1259 971/705/1761
f 935/703/1257 971/705/1761 1055/706/1762
f 937/701/1763 971/705/1761 936/704/1263
f 844/702/1239 937/701/1763 936/704/1764
f 974/707/1765 938/708/1336 960/709/1766
f 938/708/1336 974/707/1765 939/710/1203
f 939/710/1203 974/707/1765 777/711/1205
f 783/712/1230 974/707/1765 817/713/1301
f 817/713/1767 974/707/1765 940/714/1768
f 937/701/1760 974/707/1765 960/709/1766
f 971/705/1761 937/701/1763 960/709/1766
f 587/715/1769 941/716/1770 553/717/1771
f 951/718/1772 553/717/1773 941/716/1770
f 553/717/972 951/718/1772 544/719/991
f 544/719/984 951/718/1772 794/720/1271
f 794/720/1271 951/718/1772 942/721/1333
f 943/722/1774 834/723/1219 951/718/1772
f 834/723/1219 943/722/1775 973/724/1278
f 962/725/1776 802/726/1777 943/722/1778
f 802/726/1286 962/725/1779 803/727/1780
f 806/728/1226 943/722/1778 802/726/1286
f 804/729/1289 943/722/1774 806/728/1226
f 944/730/1781 971/731/1761 972/732/1782
f 971/731/1761 944/730/1783 792/733/1784
f 952/734/1256 944/735/1783 955/736/1337
f 880/663/1785 795/737/1786 1064/738/1787
f 1096/739/1583 1064/738/1624 795/737/1788
f 1062/740/1789 948/741/1790 947/742/1330
f 1062/740/1622 949/743/1791 948/741/1790
f 582/744/986 945/745/1792 1062/740/1644
f 1062/740/1622 945/745/1793 949/743/1791
f 947/742/1794 946/746/1795 1062/740/1796
f 947/742/1330 950/747/1797 585/748/979
f 949/743/1791 950/747/1798 948/741/1799
f 950/747/1798 949/743/1791 544/749/991
f 582/744/998 587/750/988 945/745/1800
f 587/715/1769 582/751/998 941/716/1770
f 945/745/1800 553/752/972 949/743/1791
f 553/752/989 945/745/1800 587/750/1801
f 553/752/989 544/749/991 949/743/1791
f 794/753/1802 585/748/979 950/747/1797
f 794/753/1271 950/747/1798 544/749/991
f 948/741/1790 950/747/1798 947/742/1330
f 962/725/1776 951/718/1772 941/716/1770
f 943/722/1774 951/718/1772 962/725/1803
f 780/754/1216 803/727/1287 962/725/1776
f 962/725/1776 960/709/1766 780/754/1216
f 809/755/1206 780/754/1216 960/709/1766
f 944/735/1783 972/756/1782 969/757/1804
f 944/735/1783 952/734/1256 792/758/1261
f 952/759/1805 954/760/1241 953/761/1265
f 954/760/1240 952/759/1256 955/762/1806
f 708/763/1082 957/764/1318 960/765/1766
f 961/766/1317 704/767/1072 964/768/1807
f 824/769/1808 825/770/1153 963/771/1809
f 958/772/1810 826/773/1172 956/774/1811
f 827/775/1812 956/774/1811 826/773/1172
f 765/776/1813 958/772/1810 705/777/1814
f 960/765/1766 957/764/1318 958/772/1815
f 706/778/1080 958/772/1816 957/764/1318
f 705/777/1076 958/772/1810 706/778/1080
f 959/779/1169 958/772/1815 765/776/1309
f 826/773/1817 958/772/1815 959/779/1169
f 960/765/1766 958/772/1810 956/774/1811
f 960/765/1766 956/774/1811 971/780/1761
f 961/766/1818 964/768/1807 1057/781/1134
f 1115/782/352 1116/783/352 1111/784/352
f 824/769/1074 963/771/1819 704/767/1072
f 963/771/1820 751/785/1149 962/786/1776
f 965/787/1151 962/786/1776 751/785/1149
f 751/785/1147 963/771/1809 753/788/1150
f 753/788/1150 963/771/1821 825/770/1822
f 962/786/1776 964/768/1807 963/771/1809
f 962/786/1776 965/787/1823 966/789/1824
f 966/789/1824 960/765/1766 962/786/1776
f 960/765/1766 966/789/1824 708/763/1082
f 967/790/1569 933/698/1825 1099/697/1611
f 971/780/1761 791/791/1254 968/792/1826
f 933/698/1827 1054/793/1828 969/757/1829
f 933/698/1825 967/790/1569 1054/793/1828
f 970/794/1248 956/774/1811 827/775/1812
f 971/780/1761 788/795/1247 790/796/1251
f 791/791/1254 971/780/1830 790/796/1831
f 788/795/1832 971/780/1761 956/774/1811
f 788/795/1247 956/774/1811 970/794/1248
f 972/732/1782 971/731/1761 933/797/1825
f 940/714/1237 937/701/1763 934/700/1245
f 777/711/1213 974/707/1765 783/712/1833
f 969/757/1829 972/756/1834 933/698/1825
f 968/798/1835 932/699/1249 933/698/1825
f 943/722/1774 804/729/1289 973/724/1278
f 937/701/1760 940/714/1237 974/707/1836
f 977/799/1837 975/800/1838 983/801/1839
f 983/801/1839 982/802/1840 977/799/1841
f 982/802/1842 1100/803/1843 979/804/1844
f 979/804/1845 977/799/1846 982/802/1847
f 980/805/1848 976/806/1849 975/800/1850
f 975/800/1850 977/799/1851 980/805/1852
f 977/799/1846 979/804/1853 978/807/1854
f 978/807/1855 980/805/1856 977/799/1846
f 981/808/1857 1066/809/1858 607/810/1598
f 1100/803/1859 982/802/1859 985/811/1859
f 982/802/1847 983/801/1860 984/812/1861
f 984/812/1861 985/811/1862 982/802/1842
f 992/813/1863 987/814/1864 986/815/1865
f 987/814/1864 992/813/1863 990/816/1866
f 990/816/1867 989/817/1868 988/818/1869
f 989/817/1868 990/816/1867 992/813/1870
f 998/819/1871 986/815/1872 991/820/1873
f 986/815/1865 998/819/1874 992/813/1863
f 992/813/1875 993/821/1876 989/817/1877
f 993/821/1876 992/813/1878 998/819/1879
f 995/822/1880 994/823/1881 1001/824/1882
f 1001/824/1882 996/825/1883 995/822/1884
f 996/825/1885 999/826/1886 997/827/1887
f 997/827/1887 995/822/1888 996/825/1885
f 998/819/1889 991/820/1890 994/823/1891
f 994/823/1891 995/822/1880 998/819/1889
f 995/822/1888 997/827/1887 993/821/1876
f 993/821/1876 998/819/1892 995/822/1888
f 1003/828/1893 1000/829/1894 999/826/1895
f 999/826/1896 996/825/1897 1003/828/1898
f 996/825/1899 1001/824/1900 1002/830/1901
f 1002/830/1902 1003/828/1903 996/825/1885
f 1004/819/1904 1006/815/1905 1005/820/1906
f 1006/815/1907 1004/819/1904 1007/813/1908
f 1007/813/1909 1009/821/1910 1008/817/1911
f 1009/821/1910 1007/813/1909 1004/819/1912
f 1011/822/1913 1010/823/1914 1017/824/1915
f 1017/824/1915 1013/825/1916 1011/822/1913
f 1013/825/1917 1016/826/1918 1012/827/1919
f 1012/827/1919 1011/822/1920 1013/825/1917
f 1004/819/1921 1005/820/1922 1010/823/1923
f 1010/823/1923 1011/822/1913 1004/819/1921
f 1011/822/1924 1012/827/1919 1009/821/1910
f 1009/821/1910 1004/819/1912 1011/822/1925
f 1014/828/1926 1015/829/1927 1016/826/1928
f 1016/826/1929 1013/825/1930 1014/828/1926
f 1013/825/1931 1017/824/1932 1018/830/1933
f 1018/830/1933 1014/828/1934 1013/825/1935
f 1020/799/1841 1023/800/1936 1019/801/1937
f 1019/801/1839 1021/802/1938 1020/799/1841
f 1021/802/1939 1029/803/1940 1022/804/1941
f 1022/804/1942 1020/799/1846 1021/802/1847
f 1025/805/1943 1024/806/1944 1023/800/1850
f 1023/800/1850 1020/799/1945 1025/805/1852
f 1020/799/1946 1022/804/1941 1026/807/1855
f 1026/807/1855 1025/805/1947 1020/799/1946
f 1027/811/1948 1028/831/1949 1029/803/1950
f 1029/803/1951 1021/802/1952 1027/811/1953
f 1021/802/1842 1019/801/1954 1030/812/1955
f 1030/812/1956 1027/811/1957 1021/802/1939
f 1042/832/1958 1031/833/1959 1033/834/1960
f 1033/834/1961 1031/833/1962 1032/835/1963
f 1033/834/1960 1032/835/1963 1037/836/1964
f 1033/834/1961 1037/836/1964 1044/837/1965
f 1044/837/1965 1037/836/1966 1034/838/1967
f 1034/838/1968 1037/836/1964 1045/839/1969
f 1037/836/1970 1035/836/1970 1045/839/1970
f 1045/839/1970 1035/836/1970 1036/839/1970
f 1032/835/1971 1039/835/1971 1037/836/1971
f 1037/836/1971 1039/835/1971 1035/836/1971
f 1031/833/1972 1038/833/1972 1032/835/1972
f 1032/835/1972 1038/833/1972 1039/835/1972
f 1042/832/1973 1040/832/1973 1031/833/1973
f 1031/833/1973 1040/832/1973 1038/833/1973
f 1033/834/1974 1041/834/1974 1042/832/1974
f 1042/832/1974 1041/834/1974 1040/832/1974
f 1044/837/1975 1043/837/1975 1033/834/1975
f 1033/834/1975 1043/837/1975 1041/834/1975
f 1034/838/1976 1046/838/1976 1044/837/1976
f 1044/837/1976 1046/838/1976 1043/837/1976
f 1045/839/1977 1036/839/1977 1034/838/1977
f 1034/838/1977 1036/839/1977 1046/838/1977
f 1105/832/1978 1047/833/1979 1048/834/1980
f 1048/834/1980 1047/833/1981 1103/835/1982
f 968/840/1253 933/797/1825 971/731/1761
f 951/718/1772 834/723/1219 942/721/1272
f 1048/834/1980 1103/835/1983 1051/836/1984
f 1048/834/1980 1051/836/1985 1049/837/1986
f 1049/837/1986 1051/836/1985 1050/838/1987
f 1050/838/1988 1051/836/1985 1110/839/1989
f 1051/836/1990 1052/836/1990 1110/839/1990
f 1110/839/1990 1052/836/1990 1053/839/1990
f 1103/835/1991 1104/835/1991 1051/836/1991
f 1051/836/1991 1104/835/1991 1052/836/1991
f 960/709/1766 938/708/1992 809/755/1206
f 1054/793/1828 874/841/1640 944/735/1783
f 969/757/1993 1054/793/1828 944/735/1783
f 792/842/1784 1055/706/1762 971/705/1761
f 955/736/1337 944/735/1783 874/841/1640
f 941/716/1770 964/718/1807 962/725/1779
f 772/742/1132 1056/747/1994 1059/741/1995
f 545/749/1005 1056/747/1994 1057/753/1134
f 1056/747/1994 739/748/1130 1057/753/1134
f 1061/743/1996 545/749/1005 548/752/1011
f 549/750/1013 1058/745/1997 548/752/1998
f 1061/743/1996 548/752/1011 1058/745/1997
f 941/716/1770 582/751/1014 549/715/1016
f 1058/745/1997 549/750/1016 582/744/998
f 545/749/1999 1061/743/1996 1056/747/1994
f 1059/741/2000 1056/747/1994 1061/743/2001
f 739/748/2002 1056/747/1994 772/742/1132
f 1062/740/1796 1060/746/2003 772/742/2004
f 1061/743/1996 1058/745/1997 1062/740/1644
f 1062/740/1644 1058/745/2005 582/744/998
f 1059/741/1995 1061/743/1996 1062/740/1622
f 772/742/1132 1059/741/1995 1062/740/1789
f 771/843/2006 1064/844/1624 1063/845/2007
f 1064/844/2008 771/843/1193 773/635/2009
f 1057/720/1134 964/718/1807 545/719/1005
f 545/719/1999 964/718/1807 548/717/1011
f 941/716/1770 548/717/1998 964/718/1807
f 548/717/1011 941/716/2010 549/715/2011
f 1070/846/2012 981/808/1857 607/810/1585
f 1075/847/2013 1091/848/2013 1094/849/2013
f 1073/850/2014 1088/851/2014 1074/852/2014
f 1083/853/2015 1077/854/2015 1075/847/2015
f 1088/851/2016 1077/854/2017 1076/855/2016
f 1076/855/2018 1077/854/2018 1084/856/2018
f 1084/856/2019 1077/854/2019 1083/853/2019
f 1078/857/2020 1083/858/2021 1079/859/2022
f 1079/859/2023 1083/858/2024 1093/860/2025
f 1077/854/2026 1080/861/2027 1075/847/2028
f 1080/861/2029 1077/854/2030 1081/862/2031
f 1089/863/2032 1087/864/2033 1088/851/2034
f 1076/865/2035 1082/866/2036 1090/867/2037
f 1088/851/2034 1081/862/2038 1077/854/2026
f 1081/862/2026 1088/851/2034 1073/850/2039
f 1084/868/2040 1082/869/2041 1076/870/2042
f 1082/869/2041 1084/868/2040 1085/871/2043
f 1083/872/2044 1085/873/2044 1084/874/2044
f 1085/871/2043 1083/875/2045 1078/876/2045
f 1074/852/2046 1088/851/2046 1086/877/2046
f 1086/877/2047 1088/851/2034 1087/864/2048
f 1089/878/2049 1076/865/2050 1090/867/2051
f 1076/855/2052 1089/863/2053 1088/851/2034
f 1075/847/2054 1092/879/2054 1091/848/2054
f 1075/847/2028 1094/849/2055 1093/880/2055
f 1080/861/2056 1092/879/2056 1075/847/2057
f 1083/853/2058 1075/847/2059 1093/880/2058
f 606/881/1587 1097/882/2060 1095/883/2061
f 606/881/1592 774/884/1195 1097/882/1196
f 932/885/2062 789/886/1246 1098/887/2063
f 1098/888/1182 1099/889/1611 932/890/1249
f 985/811/2064 1101/831/2064 1100/803/2064
f 1047/833/2065 1102/833/2065 1103/835/2065
f 1103/835/2065 1102/833/2065 1104/835/2065
f 1105/832/2066 1107/832/2066 1047/833/2066
f 1047/833/2066 1107/832/2066 1102/833/2066
f 1048/834/2067 1106/834/2067 1105/832/2067
f 1105/832/2067 1106/834/2067 1107/832/2067
f 1049/837/2068 1108/837/2068 1048/834/2068
f 1048/834/2068 1108/837/2068 1106/834/2068
f 1050/838/2069 1109/838/2069 1049/837/2069
f 1049/837/2069 1109/838/2069 1108/837/2069
f 1110/839/2070 1053/839/2070 1050/838/2070
f 1050/838/2070 1053/839/2070 1109/838/2070
f 1114/891/2071 1115/892/2071 1111/893/2071
f 1112/894/2071 1114/891/2071 1111/893/2071
f 1116/895/2072 1113/896/2072 1112/897/2072
f 1112/897/2072 1111/898/2072 1116/895/2072
f 1115/899/2073 1114/900/2073 1113/896/2073
f 1113/896/2073 1116/895/2073 1115/899/2073
f 1112/897/319 1113/896/319 1114/900/319
f 964/768/1807 704/767/2074 963/771/1821
f 1135/611/2075 1130/613/2075 1129/612/2075
f 1131/613/2075 1136/611/2075 1132/614/2075
f 1136/611/2075 1131/613/2075 1133/612/2075
f 1130/613/2075 1135/611/2075 1134/614/2075
usemtl material_12
f 615/901/2076 613/902/2077 620/903/2078
f 614/904/2079 615/901/2076 621/905/2080
f 616/906/2081 617/907/2082 627/908/2083
f 618/909/2084 627/908/2083 617/907/2082
f 613/902/2077 619/910/2085 620/903/2078
f 627/908/2083 625/911/2086 616/906/2087
f 615/901/2088 620/903/2078 621/905/2080
f 611/912/1603 622/913/1630 928/914/2089
f 611/912/1603 1065/915/1577 622/913/1630
f 623/916/2090 627/908/2091 618/909/2084
f 626/917/2092 625/911/2086 627/908/2083
f 624/918/2093 625/911/2094 626/917/2092
f 626/917/2092 627/908/2083 623/916/2090
f 1065/915/1577 629/919/1629 622/913/1630
f 1065/915/1602 628/920/1576 629/919/2095
f 629/919/2095 628/920/1576 1071/921/1594
f 925/922/1637 629/919/1629 1071/921/1594
f 633/917/2096 630/916/2097 631/908/2098
f 632/918/2099 633/917/2096 634/911/2100
f 633/917/2096 631/908/2098 634/911/2100
f 630/916/2097 635/909/2101 631/908/2102
f 925/922/1637 1071/921/1595 837/923/1283
f 815/924/1299 925/922/1637 837/923/1593
f 819/905/1306 836/903/1292 638/901/1291
f 631/908/2102 637/906/2103 634/911/2104
f 836/903/1292 841/910/1198 807/902/1200
f 635/909/2105 636/907/2106 631/908/2098
f 637/906/2103 631/908/2098 636/907/2107
f 819/905/1298 638/901/1291 816/904/1233
f 638/901/1291 836/903/1292 807/902/1200
