# Blender v3.0.1 OBJ File: ''
# www.blender.org
mtllib farmtractor.mtl
o Tractor_(Low_Poly).001
v -0.587900 -1.315050 0.551045
v -0.587900 -1.209000 0.013145
v 0.587901 -1.315050 0.551045
v 0.587900 -1.209000 0.013145
v 0.587901 0.178900 0.551045
v 0.587900 0.178900 0.013146
v -0.948000 -1.199750 0.254696
v 0.947300 -1.199750 0.254695
v -0.947999 -1.140500 0.397796
v 0.947300 -1.140500 0.397795
v -0.947999 -0.997400 0.457046
v 0.947300 -0.997400 0.457045
v -0.947999 -0.854300 0.397796
v 0.947300 -0.854300 0.397795
v -0.948000 -0.795050 0.254696
v 0.947300 -0.795050 0.254695
v -0.948000 -0.854300 0.111596
v 0.947300 -0.854300 0.111595
v -0.948000 -0.997400 0.052296
v 0.947300 -0.997400 0.052295
v -0.948000 -1.140500 0.111596
v 0.947300 -1.140500 0.111595
v 0.947300 -0.997400 0.254695
v 0.621301 -0.170400 0.550895
v 0.621301 -0.683200 1.161245
v 0.621301 -1.345350 0.550895
v 0.621301 -1.345350 1.161245
v -0.622000 -1.345350 1.161245
v 0.622651 -1.345350 1.161245
v -0.622000 -1.345350 0.550895
v 0.622651 -1.345350 0.550895
v -0.625149 -1.290650 1.212495
v 0.625850 -1.290650 1.212495
v -0.483499 -1.290650 0.872595
v 0.484201 -1.290650 0.872595
v 0.484300 -0.449950 0.873046
v -0.483600 -0.449950 0.873046
v -0.622000 -0.170400 0.550896
v 0.622651 -0.170400 0.550895
v -0.430400 -1.391650 0.696495
v -0.430400 -1.341900 0.667795
v 0.429751 -1.391650 0.696495
v 0.429751 -1.341900 0.667795
v -0.430400 -1.391650 0.753945
v 0.429751 -1.391650 0.753945
v -0.430400 -1.341900 0.782695
v 0.429751 -1.341900 0.782695
v -0.031450 -1.458550 0.184895
v -0.062600 -1.404650 0.184895
v -0.031450 -1.458550 0.091695
v -0.062600 -1.404650 0.091695
v 0.030800 -1.458550 0.184895
v 0.030800 -1.458550 0.091695
v 0.061900 -1.404650 0.091695
v 0.061900 -1.404650 0.184895
v 0.061900 -1.220950 0.169295
v 0.061900 -1.220950 0.107295
v -0.062600 -1.220950 0.169295
v -0.062600 -1.220950 0.107295
v -0.118450 -1.351500 0.104195
v -0.118450 -1.327250 0.104195
v 0.117800 -1.351500 0.104195
v 0.117800 -1.327250 0.104195
v -0.118450 -1.327250 0.172445
v -0.118450 -1.351500 0.172445
v 0.117800 -1.327250 0.172445
v 0.117800 -1.351500 0.172445
v -0.116350 -1.364200 0.101495
v -0.143250 -1.364200 0.101495
v -0.116350 -1.192000 0.101495
v -0.143250 -1.192000 0.101495
v -0.116350 -1.319150 0.420145
v -0.116350 -1.245200 0.420145
v -0.143249 -1.319150 0.420145
v -0.143249 -1.245200 0.420145
v -0.143250 -1.364200 0.202145
v -0.116350 -1.364200 0.202145
v 0.345551 -1.458550 0.756345
v 0.283551 -1.458550 0.756345
v 0.345551 -1.458550 0.694095
v 0.283551 -1.458550 0.694095
v 0.345551 -1.404650 0.662995
v 0.283551 -1.404650 0.662995
v 0.283551 -1.335150 0.662995
v 0.345551 -1.335150 0.662995
v 0.283551 -1.404650 0.787495
v 0.345551 -1.404650 0.787495
v 0.283551 -1.335150 0.787495
v 0.345551 -1.335150 0.787495
v 0.115650 -1.364200 0.101495
v 0.115650 -1.192000 0.101495
v 0.142550 -1.364200 0.101495
v 0.142550 -1.192000 0.101495
v 0.115650 -1.319150 0.420145
v 0.142550 -1.319150 0.420145
v 0.115650 -1.245200 0.420145
v 0.142550 -1.245200 0.420145
v 0.142550 -1.364200 0.202145
v 0.115650 -1.364200 0.202145
v 0.379500 -1.639450 0.049945
v 0.403100 -1.617650 0.044995
v 0.313051 -1.439100 0.699245
v 0.336001 -1.416100 0.699245
v 0.290051 -1.416100 0.699245
v 0.357350 -1.617650 0.040445
v 0.313051 -1.393100 0.699245
v 0.380950 -1.595850 0.035545
v 0.413200 -1.623850 0.063395
v 0.354250 -1.643150 0.063995
v 0.421350 -1.650200 0.015895
v 0.362400 -1.669500 0.016495
v 0.400300 -1.584850 0.049145
v 0.341350 -1.604150 0.049695
v 0.402250 -1.592450 -0.005205
v 0.343300 -1.611750 -0.004655
v 0.441250 -1.716900 -0.184255
v 0.382300 -1.736200 -0.183705
v 0.363200 -1.678450 -0.204805
v 0.422100 -1.659200 -0.205405
v 0.573500 -2.134550 -0.530355
v 0.538300 -2.140300 -0.531055
v 0.266150 -1.217900 0.215345
v 0.230951 -1.223600 0.214595
v 0.231550 -1.235050 0.277945
v 0.538850 -2.151700 -0.467705
v 0.266751 -1.229300 0.278695
v 0.574050 -2.146000 -0.467005
v 0.541250 -2.162200 -0.502305
v 0.576450 -2.156450 -0.501605
v 0.370901 0.618100 0.388546
v 0.478601 0.618100 0.445046
v 0.370901 0.315100 0.388546
v 0.478601 0.315100 0.445046
v 0.478601 0.618100 0.558096
v 0.478601 0.315100 0.558096
v 0.370901 0.618100 0.614595
v 0.370901 0.315100 0.614595
v 0.263151 0.618100 0.558096
v 0.263151 0.315100 0.558096
v 0.263151 0.618100 0.445046
v 0.263151 0.315100 0.445046
v -0.587900 0.178900 0.013146
v -0.587900 0.178900 0.551045
v 1.008451 -0.567500 1.035395
v 0.621551 -0.567500 1.035396
v 1.008451 -0.624850 1.175395
v 0.621601 -0.624850 1.175395
v 0.608250 -0.722300 1.098495
v 1.008451 -0.722300 1.098495
v 0.326001 0.170900 1.141395
v -0.325300 0.170900 1.141395
v 0.326001 0.022300 1.040395
v -0.325300 0.022300 1.040395
v -0.325300 0.117900 0.562645
v 0.326001 0.117900 0.562645
v 0.326001 0.170900 0.562645
v 0.654900 -0.628950 1.188745
v 0.654900 -0.116150 0.550895
v 0.655250 0.159050 1.185145
v 0.654900 0.159050 0.577395
v 0.654900 0.185550 1.188745
v 0.654900 0.185550 0.550895
v 0.654900 -0.103450 0.577395
v 0.654900 -0.602700 1.198395
v 0.652501 -0.656200 1.215195
v 0.267051 -0.083650 1.189296
v 0.231301 0.001400 1.282446
v 0.222300 -0.101650 1.205745
v 0.192550 -0.030900 1.283296
v 0.222300 -0.065600 1.172796
v 0.192550 0.005200 1.250345
v 0.231301 -0.168650 1.096146
v 0.192550 -0.172450 1.128245
v 0.192550 -0.136350 1.095296
v 0.133701 -0.230900 1.027995
v 0.111300 -0.224250 1.071496
v 0.111300 -0.188150 1.038596
v 0.000350 -0.253700 1.003046
v 0.000350 -0.243200 1.050745
v 0.000350 -0.207100 1.017795
v -0.132999 -0.230900 1.027995
v -0.110649 -0.224250 1.071496
v -0.110649 -0.188150 1.038596
v -0.191849 -0.136350 1.095296
v -0.230599 -0.168650 1.096146
v 0.000350 -0.101500 1.171846
v 0.000350 0.057700 1.026495
v 0.028051 -0.088650 1.185895
v 0.028051 0.070550 1.040545
v 0.017500 -0.067850 1.208645
v 0.017500 0.091350 1.063295
v -0.016800 -0.067850 1.208645
v -0.016800 0.091350 1.063295
v -0.027349 -0.088650 1.185895
v -0.027349 0.070550 1.040545
v 0.709700 0.080700 0.167795
v 0.709700 -0.102150 0.167795
v 0.580800 0.080700 0.121445
v 0.580800 -0.102150 0.121445
v 0.580800 -0.102150 0.167795
v 0.580800 0.080700 0.167795
v 0.329601 0.360000 0.784245
v 0.329601 0.177800 0.784245
v -0.323000 0.360000 0.784245
v -0.323000 0.177800 0.784245
v 0.366800 0.360000 1.114795
v 0.326851 0.360000 1.139796
v 0.366800 0.177800 1.114795
v 0.326851 0.177800 1.139796
v 0.366800 0.360000 0.818096
v 0.366800 0.177800 0.818096
v -0.320300 0.360000 1.139796
v 0.656300 0.159050 0.577395
v 0.628300 -0.103450 0.575945
v 0.656300 -0.103450 0.577395
v 0.656250 -0.602700 1.198395
v 0.628250 -0.602700 1.196945
v 0.625951 -0.656200 1.212896
v -0.627599 -0.103450 0.575946
v -0.655599 0.159050 0.577395
v -0.592550 0.185550 0.591645
v -0.430849 0.185550 0.591645
v -0.655599 0.185550 0.550896
v 0.656300 0.185550 0.550895
v 0.565651 0.180200 1.207896
v 0.656300 0.185550 1.188745
v -0.565000 0.180200 1.207896
v -0.655599 0.185550 1.188746
v 0.565651 0.154500 1.200745
v -0.565000 0.154500 1.200745
v -0.430849 0.159050 0.591645
v -0.592550 0.159050 0.591645
v 0.431500 0.159050 0.591645
v 0.396500 0.159050 0.624795
v 0.431500 0.185550 0.591645
v 0.593201 0.185550 0.591645
v 0.628250 0.185550 1.106246
v 0.628250 0.185550 0.624795
v 0.593201 0.185550 1.139395
v 0.431500 0.185550 1.139395
v 0.396500 0.185550 1.106246
v -0.395799 0.185550 1.106246
v -0.430849 0.185550 1.139395
v 0.604250 0.169500 1.246045
v 0.593201 0.159050 0.591645
v 0.628250 0.159050 0.624795
v 0.628250 0.159050 1.106246
v 0.593201 0.159050 1.139395
v 0.431500 0.159050 1.139395
v 0.396500 0.159050 1.106246
v 0.396500 0.185550 0.624795
v 0.656600 0.159050 1.185145
v -0.655949 0.159050 1.185146
v -0.430849 0.159050 1.139395
v -0.395799 0.159050 1.106246
v 0.604250 0.143800 1.238896
v -0.395799 0.159050 0.624795
v -0.395799 0.185550 0.624795
v 0.656300 -0.116150 0.550895
v -0.072200 0.098700 0.716745
v -0.156449 0.098700 0.716745
v -0.072200 -0.015400 0.645595
v -0.156449 -0.015400 0.645595
v -0.114349 0.127350 0.562645
v 0.071551 0.098700 0.716745
v 0.071551 -0.015400 0.645595
v 0.155750 0.098700 0.716745
v 0.155750 -0.015400 0.645595
v 0.113651 0.127350 0.562645
v 0.198901 -0.162800 1.118345
v 0.000350 -0.075800 1.185696
v 0.192300 -0.154100 1.095796
v -0.008349 -0.064300 1.155895
v 0.009050 -0.045050 1.176996
v 0.205500 -0.139550 1.111745
v 0.366800 -0.720300 0.994795
v -0.367500 -0.407800 0.994796
v -0.367500 -0.720300 0.994795
v 0.366800 -0.407800 0.994796
v 0.366800 -0.384500 0.971446
v -0.367500 -0.384500 0.971446
v 0.400100 -0.407800 0.971446
v 0.400100 -0.737950 0.971445
v 0.400100 -0.407800 0.872995
v 0.366800 -0.384500 0.872995
v -0.367500 -0.384500 0.872995
v 0.400100 -0.804800 0.872995
v 0.366800 -0.817350 1.327845
v 0.400100 -0.839750 1.321345
v 0.400100 -0.930150 1.294945
v -0.400800 -0.407800 0.872995
v -0.400800 -0.804800 0.872995
v -0.948000 -0.997400 0.254696
v -1.009150 -1.382600 1.017696
v -1.009150 -1.158250 1.098496
v -0.622249 -1.382600 1.017695
v -0.608949 -1.158250 1.098495
v -0.622000 -0.683200 1.161245
v -0.284250 -1.458550 0.694095
v -0.346249 -1.404650 0.662995
v -0.284250 -1.404650 0.662995
v -0.346249 -1.458550 0.694095
v -0.284250 -1.458550 0.756345
v -0.346249 -1.458550 0.756345
v -0.284250 -1.404650 0.787495
v -0.346249 -1.404650 0.787495
v -0.346249 -1.335150 0.662995
v -0.284250 -1.335150 0.662995
v -0.284250 -1.335150 0.787495
v -0.346249 -1.335150 0.787495
v -0.336699 -1.416100 0.699245
v -0.403800 -1.617650 0.044995
v -0.313700 -1.439100 0.699245
v -0.380200 -1.639450 0.049945
v -0.290749 -1.416100 0.699245
v -0.358050 -1.617650 0.040445
v -0.313700 -1.393100 0.699245
v -0.381650 -1.595850 0.035545
v -0.413900 -1.623850 0.063395
v -0.422050 -1.650200 0.015895
v -0.354950 -1.643150 0.063995
v -0.363100 -1.669500 0.016495
v -0.400950 -1.584850 0.049145
v -0.342050 -1.604150 0.049695
v -0.402900 -1.592450 -0.005205
v -0.344000 -1.611750 -0.004655
v -0.441900 -1.716900 -0.184255
v -0.383000 -1.736200 -0.183705
v -0.363850 -1.678450 -0.204805
v -0.422800 -1.659200 -0.205405
v -0.231650 -1.223600 0.214595
v -0.538950 -2.140300 -0.531055
v -0.266850 -1.217900 0.215345
v -0.574150 -2.134550 -0.530355
v -0.232200 -1.235050 0.277945
v -0.267399 -1.229300 0.278695
v -0.539550 -2.151700 -0.467705
v -0.574750 -2.146000 -0.467005
v -0.541950 -2.162200 -0.502305
v -0.577150 -2.156450 -0.501605
v -0.438100 0.480550 1.567045
v -0.438100 0.480550 0.899495
v -0.370549 0.528750 1.567045
v -0.370549 0.528750 0.899495
v -0.370549 0.625200 1.567045
v -0.370549 0.625200 0.899495
v -0.438100 0.673450 1.567045
v -0.438100 0.673450 0.899495
v -0.505650 0.625200 1.567045
v -0.505650 0.625200 0.899495
v -0.505650 0.528750 1.567045
v -0.505650 0.528750 0.899495
v -0.436049 0.531700 0.915645
v -0.235549 0.531700 0.676296
v -0.385000 0.578050 0.915645
v -0.203450 0.578050 0.701545
v -0.235549 0.624450 0.676296
v -0.436049 0.624450 0.915645
v -0.267650 0.578050 0.651096
v -0.487049 0.578050 0.915645
v -0.436049 0.436550 1.953197
v -0.436049 0.536050 1.544096
v -0.383349 0.484400 1.953197
v -0.383350 0.583900 1.544096
v -0.436049 0.532250 1.953197
v -0.436049 0.631800 1.544096
v -0.488699 0.583900 1.544096
v -0.488699 0.484400 1.953197
v 0.242400 1.596350 0.086046
v 0.242500 0.159450 0.086046
v -0.257700 1.596350 0.086046
v -0.257600 0.159450 0.086046
v 0.242500 0.159450 0.348545
v 0.242500 1.699550 0.348546
v -0.257600 1.699550 0.348546
v -0.257600 0.159450 0.348545
v -0.371599 0.618100 0.388546
v -0.371599 0.315100 0.388546
v -0.479299 0.618100 0.445046
v -0.479299 0.315100 0.445046
v -0.479299 0.618100 0.558096
v -0.479299 0.315100 0.558096
v -0.371599 0.618100 0.614595
v -0.371599 0.315100 0.614595
v -0.263849 0.618100 0.558096
v -0.263849 0.315100 0.558096
v -0.263849 0.618100 0.445046
v -0.263849 0.315100 0.445046
v -0.371599 0.655550 0.501595
v -0.274949 1.019900 0.680696
v -0.274949 0.819100 0.680696
v -0.361199 1.019900 0.725946
v -0.361199 0.819100 0.725946
v -0.361199 1.019900 0.816496
v -0.361199 0.819100 0.816496
v -0.274949 1.019900 0.861746
v -0.274949 0.819100 0.861746
v 0.370901 0.655550 0.501595
v 0.274251 1.019900 0.678296
v 0.360550 1.019900 0.723546
v 0.274251 0.819100 0.678296
v 0.360550 0.819100 0.723546
v 0.360550 1.019900 0.814046
v 0.360550 0.819100 0.814046
v 0.274251 1.019900 0.859296
v 0.274251 0.819100 0.859296
v -0.153649 0.360000 1.160946
v 0.160250 0.360000 1.160946
v -0.153649 1.316150 1.160946
v 0.160250 1.316150 1.160946
v 0.189400 1.342650 1.118945
v -0.182849 1.342650 1.118945
v 0.282301 1.172950 0.318496
v 0.282301 0.171750 0.318496
v -0.275699 1.172950 0.318496
v -0.275699 0.171750 0.318496
v 0.189400 0.360000 1.118945
v -0.182849 0.360000 1.118945
v -0.320700 1.350050 1.118945
v -0.320300 0.360000 1.118945
v 0.326851 0.360000 1.118945
v 0.327300 1.350050 1.118945
v -0.354899 0.360000 1.049745
v -0.363250 1.765200 1.049746
v 0.361501 0.360000 1.049745
v 0.369801 1.765200 1.049746
v -0.275699 0.171750 0.878045
v -0.363250 1.172950 0.844896
v -0.363250 1.139800 0.878046
v -0.275699 1.172950 0.844896
v -0.363250 1.172950 0.318496
v -0.275699 1.139800 0.878046
v -0.354899 0.360000 0.878045
v 0.282301 0.171750 0.878045
v 0.282301 1.172950 0.844896
v 0.369801 1.172950 0.844896
v 0.369801 1.172950 0.318496
v 0.282301 1.139800 0.878046
v 0.369801 1.139800 0.878046
v 0.361501 0.359950 0.878045
v -1.009150 -0.567500 1.035396
v -1.009150 -0.624850 1.175396
v -0.622249 -0.567500 1.035396
v -0.622249 -0.624850 1.175396
v -0.325300 0.170900 0.562645
v 0.578201 -0.078650 1.993645
v 0.575851 -0.058500 2.020046
v 0.133701 0.063650 1.350595
v 0.000350 0.086450 1.375595
v 0.111300 0.020900 1.339996
v 0.000350 0.039850 1.360795
v 0.111300 0.057000 1.307096
v 0.000350 0.075950 1.327845
v -0.191849 -0.172450 1.128245
v -0.266349 -0.083650 1.189296
v -0.221600 -0.101650 1.205745
v -0.221600 -0.065600 1.172796
v -0.230650 0.001400 1.282446
v -0.191849 -0.030900 1.283296
v -0.191849 0.005200 1.250345
v -0.132999 0.063650 1.350595
v -0.110649 0.020900 1.339996
v -0.110649 0.057000 1.307096
v -0.710400 0.080700 0.167795
v -0.581500 0.080700 0.121445
v -0.710400 -0.102150 0.167795
v -0.581500 -0.102150 0.121445
v -0.581500 -0.102150 0.167795
v -0.581500 0.080700 0.167795
v -0.320300 0.177800 1.139796
v -0.360200 0.177800 1.114795
v -0.360200 0.360000 1.114795
v -0.360200 0.177800 0.818096
v -0.360200 0.360000 0.818096
v -0.594899 -0.007800 2.044595
v 0.595551 -0.007800 2.044595
v -0.594899 -0.020700 2.020046
v 0.595551 -0.020700 2.020046
v -0.655599 -0.103450 0.577395
v -0.627550 -0.602700 1.196946
v -0.655550 -0.602700 1.198396
v -0.625250 -0.656200 1.212896
v -0.655599 -0.628950 1.188746
v -0.655599 -0.116150 0.550896
v -0.627550 0.185550 0.624795
v -0.627550 0.185550 1.106246
v -0.592550 0.185550 1.139395
v -0.489349 -0.053150 2.000947
v -0.576499 -0.058500 2.020046
v 0.490051 -0.053150 2.000946
v 0.577201 -0.058500 2.020046
v -0.603549 0.169500 1.246045
v -0.534899 -0.042450 1.962746
v -0.534899 -0.068100 1.955596
v -0.578899 -0.078650 1.993646
v -0.603549 0.143800 1.238896
v -0.627550 0.159050 0.624795
v -0.627550 0.159050 1.106246
v -0.592550 0.159050 1.139395
v -0.489349 -0.078800 1.993796
v 0.490051 -0.078800 1.993795
v 0.535601 -0.042450 1.962745
v 0.579601 -0.078650 1.993645
v 0.535601 -0.068100 1.955595
v -0.653199 -0.656200 1.215196
v -0.569349 -0.625250 1.993646
v -0.541399 -0.625250 1.992195
v -0.198199 -0.162800 1.118345
v -0.204800 -0.139550 1.111745
v -0.008349 -0.045050 1.176996
v -0.191600 -0.154100 1.095796
v 0.009050 -0.064300 1.155895
v 0.000350 0.056500 1.358495
v 0.013551 0.072450 1.343946
v 0.017801 -0.054700 1.166445
v -0.012850 0.072450 1.343946
v -0.017099 -0.054700 1.166445
v -0.400800 -0.407800 0.971446
v -0.400800 -0.737950 0.971445
v -0.400800 -0.839750 1.321345
v -0.367500 -0.817350 1.327845
v 0.664150 1.386750 0.210146
v -0.663500 1.386750 0.210146
v 0.664150 1.375200 0.126096
v -0.663500 1.375200 0.126096
v 0.664150 1.469750 0.126096
v -0.663500 1.469750 0.126096
v 0.664150 1.458200 0.210146
v -0.663500 1.458200 0.210146
v 0.634350 1.997600 0.178146
v -0.633650 1.997600 0.178146
v 0.634350 1.906150 0.188946
v -0.633650 1.906200 0.188946
v 0.634350 1.906200 0.124346
v -0.633650 1.906200 0.124346
v 0.634350 1.997600 0.135096
v -0.633650 1.997600 0.135096
v 0.438150 1.962450 0.707796
v -0.437450 1.962450 0.707796
v 0.438150 1.939600 0.734246
v -0.437450 1.939600 0.734246
v 0.438150 1.918600 0.707796
v -0.437450 1.918600 0.707796
v 0.438150 1.939600 0.681346
v -0.437450 1.939600 0.681346
v -0.027800 1.944650 1.002646
v -0.027800 1.944650 0.708346
v 0.000350 1.928550 1.002646
v 0.000350 1.928550 0.708346
v 0.028500 1.944650 1.002646
v 0.028500 1.944650 0.708346
v 0.000350 1.961100 1.002646
v 0.000350 1.961100 0.708346
v -0.082599 1.738100 0.748196
v -0.284499 1.799400 0.724096
v -0.075449 1.799400 0.724096
v -0.051199 1.799400 0.747696
v -0.082599 1.738100 0.879946
v -0.051199 1.799400 0.883196
v -0.075449 1.799400 0.906796
v -0.191649 1.961200 0.707396
v -0.191650 1.961200 0.164796
v -0.219800 1.945150 0.707396
v -0.219800 1.945150 0.164796
v -0.191649 1.929050 0.707396
v -0.191650 1.929050 0.164796
v -0.163500 1.945150 0.707396
v -0.163500 1.945150 0.164796
v 0.276650 1.738100 0.748196
v 0.081900 1.738100 0.748196
v 0.283801 1.799400 0.724096
v 0.074750 1.799400 0.724096
v 0.308051 1.799400 0.747696
v 0.276650 1.738100 0.879946
v 0.308051 1.799400 0.883196
v 0.081900 1.738100 0.879946
v 0.050501 1.799400 0.747696
v 0.050501 1.799400 0.883196
v 0.074750 1.799400 0.906796
v 0.283801 1.799400 0.906796
v 0.190950 1.961200 0.707396
v 0.219101 1.945150 0.707396
v 0.190950 1.961200 0.164796
v 0.219100 1.945150 0.164796
v 0.190950 1.929050 0.707396
v 0.190950 1.929050 0.164796
v 0.162850 1.945150 0.707396
v 0.162850 1.945150 0.164796
v 0.438100 1.963250 1.003246
v 0.466251 1.940850 1.003246
v 0.438100 1.963250 0.164796
v 0.466250 1.940850 0.164796
v 0.438100 1.918800 1.003246
v 0.438100 1.918800 0.164796
v 0.410001 1.940850 1.003246
v 0.410000 1.940850 0.164796
v 0.369801 1.714800 0.318496
v -0.363250 1.714800 0.318496
v 0.592901 1.441100 0.377046
v 0.615800 1.434050 0.509096
v 0.662651 1.489000 0.377045
v 0.662651 1.466250 0.509096
v 0.619551 1.363550 0.377046
v 0.633700 1.381950 0.509096
v 0.705751 1.363550 0.377045
v 0.691601 1.381950 0.509096
v 0.709500 1.434050 0.509096
v 0.732400 1.441100 0.377045
v 0.615800 1.434050 -0.131404
v 0.662650 1.466250 -0.131404
v 0.709500 1.434050 -0.131404
v 0.633700 1.381950 -0.131404
v 0.691600 1.381950 -0.131404
v 0.596600 1.423450 -0.186504
v 0.596600 1.481800 -0.152804
v 0.937200 1.423450 -0.165755
v 0.937200 1.463800 -0.142455
v 0.596600 1.481800 -0.085504
v 0.937200 1.463800 -0.095855
v 0.596600 1.423450 -0.051804
v 0.937200 1.423450 -0.072555
v 0.596600 1.365150 -0.085504
v 0.937200 1.383100 -0.095855
v 0.596600 1.365150 -0.152804
v 0.937200 1.383100 -0.142455
v 0.345751 1.378800 0.323746
v 0.413401 1.941000 0.323746
v 0.345750 1.439400 0.202646
v 0.413400 1.941000 0.202646
v 0.394251 1.378800 0.323746
v 0.394250 1.439400 0.202646
v 0.461901 1.941000 0.323746
v 0.461900 1.941000 0.202646
v 0.419600 1.933650 0.598446
v 0.374801 1.594750 0.315746
v 0.419600 1.933650 0.706896
v 0.363001 1.487150 0.315746
v 0.454751 1.933650 0.598446
v 0.454751 1.933650 0.706896
v 0.409950 1.594750 0.315746
v 0.398151 1.487150 0.315746
v -0.113050 2.122400 0.015796
v -0.048200 2.122400 0.015796
v -0.113050 1.881500 0.015796
v -0.048200 1.881500 0.015796
v -0.113049 1.881500 0.611046
v -0.048200 1.881500 0.611046
v -0.113049 2.122400 0.611046
v -0.048200 2.122400 0.611046
v -0.113049 2.162200 0.571246
v -0.048200 2.162200 0.571246
v -0.113050 2.162200 0.055596
v -0.048200 2.162200 0.055596
v 0.047500 2.122400 0.015796
v 0.112400 1.881500 0.015796
v 0.047500 1.881500 0.015796
v 0.112400 2.122400 0.015796
v 0.047500 2.162200 0.055596
v 0.112400 2.162200 0.055596
v 0.112401 1.881500 0.611046
v 0.047500 1.881500 0.611046
v 0.112401 2.122400 0.611046
v 0.047500 2.122400 0.611046
v 0.112401 2.162200 0.571246
v 0.047500 2.162200 0.571246
v -0.277350 1.738100 0.748196
v -0.308749 1.799400 0.883196
v -0.308749 1.799400 0.747696
v -0.277350 1.738100 0.879946
v -0.284499 1.799400 0.906796
v -1.009150 -1.337600 1.175396
v -0.622249 -1.337600 1.175396
v -1.009150 -0.722300 1.098496
v -0.608949 -0.722300 1.098495
v 1.008451 -1.337600 1.175395
v 0.621601 -1.337600 1.175395
v 0.621601 -1.382600 1.017695
v 1.008451 -1.382600 1.017695
v 1.008451 -1.158250 1.098495
v 0.608250 -1.158250 1.098495
v 0.578201 -1.248350 1.993645
v 0.575851 -1.245350 2.020046
v 0.652501 -1.290500 1.215195
v 0.654900 -1.345350 1.188745
v 0.624400 -1.342300 1.215096
v 0.540701 -0.625250 1.992195
v 0.568701 -0.625250 1.993645
v 0.626900 -0.602700 1.196945
v 0.540751 -0.678300 1.991395
v 0.624601 -0.656200 1.212896
v 0.568701 -0.678300 1.993645
v 0.575001 -1.194400 1.995095
v 0.575001 -1.246200 1.995095
v 0.546851 -1.246200 1.995195
v 0.546951 -1.194550 1.995895
v 0.624501 -1.290650 1.212495
v -0.663350 1.489000 0.377046
v -0.616449 1.434050 0.509096
v -0.593599 1.441100 0.377046
v -0.663350 1.466250 0.509096
v -0.710199 1.434050 0.509096
v -0.733100 1.441100 0.377046
v -0.620200 1.363550 0.377046
v -0.634350 1.381950 0.509096
v -0.706450 1.363550 0.377046
v -0.692299 1.381950 0.509096
v -0.663350 1.466250 -0.131404
v -0.616450 1.434050 -0.131404
v -0.634350 1.381950 -0.131404
v -0.692300 1.381950 -0.131404
v -0.710200 1.434050 -0.131404
v -0.597300 1.423450 -0.186504
v -0.937900 1.423450 -0.165754
v -0.597300 1.481800 -0.152804
v -0.937900 1.463800 -0.142454
v -0.597300 1.481800 -0.085504
v -0.937900 1.463800 -0.095854
v -0.597300 1.423450 -0.051804
v -0.937900 1.423450 -0.072554
v -0.597300 1.365150 -0.085504
v -0.937900 1.383100 -0.095854
v -0.597300 1.365150 -0.152804
v -0.937900 1.383100 -0.142454
v -0.414100 1.941000 0.202646
v -0.414100 1.941000 0.323746
v -0.346450 1.439400 0.202646
v -0.346449 1.378800 0.323746
v -0.462600 1.941000 0.202646
v -0.394950 1.439400 0.202646
v -0.462599 1.941000 0.323746
v -0.394949 1.378800 0.323746
v -0.420300 1.933650 0.598446
v -0.420300 1.933650 0.706896
v -0.375499 1.594750 0.315746
v -0.363699 1.487150 0.315746
v -0.455449 1.933650 0.598446
v -0.410599 1.594750 0.315746
v -0.455449 1.933650 0.706896
v -0.398800 1.487150 0.315746
v -0.594899 -1.283150 2.043195
v -0.594899 -1.283150 2.020046
v 0.595551 -1.283150 2.043195
v 0.595551 -1.283150 2.020046
v 0.579601 -1.248350 1.993645
v 0.577201 -1.245350 2.020046
v -0.578899 -1.248350 1.993646
v -0.576499 -1.245350 2.020046
v -0.653199 -1.290500 1.215196
v 0.625750 -1.342300 1.215096
v -0.625049 -1.342300 1.215096
v 0.653901 -1.290500 1.215195
v 0.653901 -0.656200 1.215195
v -0.655599 -1.345350 1.188746
v -0.541449 -0.678300 1.991395
v -0.569349 -0.678300 1.993646
v -0.575699 -1.246200 1.995096
v -0.575699 -1.194400 1.995096
v -0.547549 -1.246200 1.995196
v -0.547649 -1.194550 1.995896
v -0.367500 -0.846300 1.343745
v 0.366800 -0.846300 1.343745
v -0.400800 -0.930150 1.294945
v -0.367500 -0.936700 1.317345
v 0.366800 -0.936700 1.317345
v -0.998200 -1.385600 1.166246
v -0.998200 -1.385600 1.086446
v -0.766150 -1.385600 1.166245
v -0.766150 -1.385600 1.086445
v -0.998200 -1.358400 1.086446
v -0.766150 -1.358400 1.086445
v -0.998200 -1.335800 1.166246
v -0.766150 -1.335800 1.166245
v 0.997550 -1.385600 1.166245
v 0.765450 -1.385600 1.166245
v 0.997550 -1.385600 1.086445
v 0.765450 -1.385600 1.086445
v 0.997550 -1.358400 1.086445
v 0.765450 -1.358400 1.086445
v 0.997550 -1.335800 1.166245
v 0.765450 -1.335800 1.166245
v 0.572451 -1.260000 2.066345
v 0.572451 -0.019450 2.066345
v -0.571749 -1.260000 2.066345
v -0.571749 -0.019450 2.066345
v -0.438800 1.963250 1.003246
v -0.438800 1.963250 0.164796
v -0.466949 1.940850 1.003246
v -0.466950 1.940850 0.164796
v -0.438800 1.918800 1.003246
v -0.438800 1.918800 0.164796
v -0.410650 1.940850 1.003246
v -0.410650 1.940850 0.164796
v -0.495400 1.966050 1.005146
v 0.494700 1.940050 1.024046
v 0.494700 1.966050 1.005146
v -0.495400 1.940050 1.024046
v -0.495400 1.914100 1.005146
v 0.494700 1.914100 1.005146
v -0.495400 1.956100 0.974596
v 0.494700 1.956100 0.974596
v -0.495400 1.924000 0.974596
v 0.494700 1.924000 0.974596
vt 0.770000 0.128400
vt 0.770000 0.023900
vt 0.994600 0.128400
vt 0.994600 0.023900
vt 0.989300 0.235800
vt 0.969700 0.132800
vt 0.703600 0.235800
vt 0.703600 0.132800
vt 0.394000 0.693400
vt 0.756300 0.693400
vt 0.394000 0.722900
vt 0.756300 0.722900
vt 0.394000 0.752400
vt 0.756300 0.752400
vt 0.394000 0.722900
vt 0.756300 0.722900
vt 0.394000 0.693400
vt 0.756300 0.693400
vt 0.394000 0.752400
vt 0.756300 0.752400
vt 0.394000 0.722900
vt 0.756300 0.722900
vt 0.394000 0.693400
vt 0.756300 0.693400
vt 0.394000 0.722900
vt 0.756300 0.722900
vt 0.394000 0.752400
vt 0.756300 0.752400
vt 0.688000 0.842000
vt 0.703100 0.806300
vt 0.717800 0.842000
vt 0.738800 0.821000
vt 0.717800 0.770500
vt 0.738800 0.791500
vt 0.667000 0.791500
vt 0.688000 0.770500
vt 0.667000 0.821000
vt 0.721700 0.756800
vt 0.796900 0.846400
vt 0.894000 0.756800
vt 0.894000 0.846400
vt 0.668000 0.974300
vt 0.913600 0.974300
vt 0.668000 0.854100
vt 0.913600 0.854100
vt 0.414800 0.684300
vt 0.168100 0.684300
vt 0.386700 0.617400
vt 0.196000 0.617400
vt 0.196000 0.451700
vt 0.386700 0.451700
vt 0.890600 0.750900
vt 0.890600 0.685100
vt 0.809100 0.750900
vt 0.809100 0.685100
vt 0.493400 0.728500
vt 0.493400 0.717000
vt 0.664100 0.728500
vt 0.664100 0.717000
vt 0.493400 0.739700
vt 0.664100 0.739700
vt 0.493400 0.751200
vt 0.664100 0.751200
vt 0.493400 0.728500
vt 0.483400 0.722700
vt 0.493400 0.739700
vt 0.483400 0.745600
vt 0.917000 0.784200
vt 0.917000 0.796500
vt 0.898400 0.784200
vt 0.898400 0.796500
vt 0.917000 0.771700
vt 0.898400 0.771700
vt 0.898400 0.796500
vt 0.917000 0.784200
vt 0.898400 0.784200
vt 0.917000 0.796500
vt 0.914100 0.833100
vt 0.901900 0.833100
vt 0.776900 0.699200
vt 0.770500 0.710000
vt 0.789100 0.699200
vt 0.795400 0.710000
vt 0.789100 0.699200
vt 0.795400 0.710000
vt 0.776900 0.699200
vt 0.770500 0.710000
vt 0.914100 0.833100
vt 0.901900 0.833100
vt 0.770500 0.746300
vt 0.795400 0.746300
vt 0.795400 0.746300
vt 0.770500 0.746300
vt 0.865700 0.415500
vt 0.870600 0.415500
vt 0.865700 0.368700
vt 0.870600 0.368700
vt 0.870600 0.415500
vt 0.865700 0.415500
vt 0.870600 0.368700
vt 0.865700 0.368700
vt 0.852100 0.415500
vt 0.865700 0.415500
vt 0.852100 0.368700
vt 0.865700 0.368700
vt 0.852100 0.415500
vt 0.852100 0.368700
vt 0.709500 0.009800
vt 0.709500 0.004400
vt 0.743700 0.009800
vt 0.743700 0.004400
vt 0.645000 0.009800
vt 0.630400 0.009800
vt 0.645000 0.004400
vt 0.630400 0.004400
vt 0.454600 0.012200
vt 0.474600 0.046900
vt 0.474600 0.012200
vt 0.689500 0.009800
vt 0.689500 0.004400
vt 0.474600 0.046900
vt 0.454600 0.012200
vt 0.474600 0.012200
vt 0.411400 0.036100
vt 0.411400 0.021500
vt 0.411400 0.021500
vt 0.411400 0.036100
vt 0.900400 0.650900
vt 0.912600 0.650900
vt 0.900400 0.638400
vt 0.912600 0.638400
vt 0.900400 0.626000
vt 0.912600 0.626000
vt 0.912600 0.612300
vt 0.900400 0.612300
vt 0.912600 0.663100
vt 0.900400 0.663100
vt 0.894000 0.659200
vt 0.894000 0.671400
vt 0.883300 0.652800
vt 0.883300 0.677700
vt 0.894000 0.671400
vt 0.894000 0.659200
vt 0.883300 0.677700
vt 0.883300 0.652800
vt 0.912600 0.677000
vt 0.900400 0.677000
vt 0.869600 0.652800
vt 0.869600 0.677700
vt 0.869600 0.677700
vt 0.869600 0.652800
vt 0.709500 0.009800
vt 0.743700 0.009800
vt 0.709500 0.004400
vt 0.743700 0.004400
vt 0.645000 0.009800
vt 0.645000 0.004400
vt 0.630400 0.009800
vt 0.630400 0.004400
vt 0.474600 0.046900
vt 0.454600 0.012200
vt 0.474600 0.012200
vt 0.689500 0.009800
vt 0.689500 0.004400
vt 0.454600 0.012200
vt 0.474600 0.046900
vt 0.474600 0.012200
vt 0.411400 0.021500
vt 0.411400 0.036100
vt 0.411400 0.021500
vt 0.411400 0.036100
vt 0.484600 0.012200
vt 0.484600 0.018600
vt 0.620100 0.012200
vt 0.621100 0.018600
vt 0.622100 0.005900
vt 0.484600 0.005900
vt 0.623000 0.012200
vt 0.484600 0.012200
vt 0.578600 0.220700
vt 0.591300 0.220700
vt 0.578600 0.210000
vt 0.591300 0.210000
vt 0.578600 0.229500
vt 0.591300 0.229500
vt 0.578600 0.210000
vt 0.591300 0.210000
vt 0.578600 0.220700
vt 0.591300 0.220700
vt 0.593300 0.220700
vt 0.602100 0.220700
vt 0.604000 0.210000
vt 0.602100 0.220700
vt 0.593300 0.220700
vt 0.604000 0.210000
vt 0.591300 0.210000
vt 0.578600 0.168000
vt 0.591300 0.168000
vt 0.591300 0.168000
vt 0.578600 0.168000
vt 0.604000 0.168000
vt 0.604000 0.168000
vt 0.591300 0.168000
vt 0.591300 0.154800
vt 0.578600 0.154800
vt 0.753900 0.020000
vt 0.753900 0.013200
vt 0.997100 0.020000
vt 0.997100 0.013200
vt 0.997100 0.013200
vt 0.753900 0.013200
vt 0.997100 0.020000
vt 0.753900 0.020000
vt 0.748500 0.001500
vt 0.748500 0.008800
vt 0.991200 0.001500
vt 0.997100 0.013200
vt 0.753900 0.013200
vt 0.991200 0.001500
vt 0.748500 0.008800
vt 0.106300 0.585900
vt 0.106300 0.609400
vt 0.164300 0.585900
vt 0.164300 0.609400
vt 0.106300 0.630900
vt 0.164300 0.630900
vt 0.106300 0.654300
vt 0.164300 0.654300
vt 0.106300 0.677500
vt 0.164300 0.677500
vt 0.106300 0.585900
vt 0.106300 0.609400
vt 0.164300 0.585900
vt 0.164300 0.609400
vt 0.085800 0.598600
vt 0.085800 0.641800
vt 0.065100 0.609400
vt 0.065100 0.630900
vt 0.106300 0.609400
vt 0.106300 0.630900
vt 0.762700 0.129900
vt 0.634800 0.129900
vt 0.762700 0.022000
vt 0.634800 0.022000
vt 0.479000 0.235800
vt 0.479000 0.132800
vt 0.703600 0.235800
vt 0.703600 0.132800
vt 0.637700 0.369100
vt 0.637700 0.442900
vt 0.608900 0.369100
vt 0.608900 0.442900
vt 0.662600 0.436500
vt 0.644000 0.435100
vt 0.662600 0.392600
vt 0.644000 0.392600
vt 0.163200 0.578900
vt 0.036700 0.578900
vt 0.163200 0.543900
vt 0.036700 0.543900
vt 0.036700 0.449200
vt 0.163200 0.449200
vt 0.036700 0.449200
vt 0.026600 0.447300
vt 0.036700 0.543900
vt 0.004500 0.557600
vt 0.508800 0.448700
vt 0.393100 0.553000
vt 0.515600 0.460400
vt 0.395000 0.565400
vt 0.388900 0.815800
vt 0.388900 0.695100
vt 0.383500 0.815600
vt 0.383500 0.689900
vt 0.615200 0.296400
vt 0.610400 0.298300
vt 0.615700 0.245600
vt 0.610400 0.240200
vt 0.517600 0.465800
vt 0.400400 0.567600
vt 0.095600 0.714100
vt 0.087900 0.715800
vt 0.098300 0.719500
vt 0.009400 0.798700
vt 0.009400 0.774900
vt 0.023000 0.798700
vt 0.023000 0.774900
vt 0.036600 0.798700
vt 0.036600 0.774900
vt 0.023000 0.774900
vt 0.023000 0.798700
vt 0.009400 0.822500
vt 0.023000 0.822500
vt 0.036600 0.822500
vt 0.023000 0.822500
vt 0.009400 0.846300
vt 0.023000 0.846300
vt 0.036600 0.846300
vt 0.023000 0.846300
vt 0.009400 0.870100
vt 0.023000 0.870100
vt 0.036600 0.870100
vt 0.023000 0.870100
vt 0.009400 0.751100
vt 0.009400 0.727300
vt 0.023000 0.751100
vt 0.023000 0.727300
vt 0.036600 0.751100
vt 0.036600 0.727300
vt 0.023000 0.727300
vt 0.023000 0.751100
vt 0.023000 0.774900
vt 0.009400 0.774900
vt 0.442100 0.336900
vt 0.442100 0.290500
vt 0.451200 0.336900
vt 0.451200 0.290500
vt 0.460400 0.336900
vt 0.460400 0.290500
vt 0.432900 0.336900
vt 0.432900 0.290500
vt 0.442100 0.336900
vt 0.442100 0.290500
vt 0.451200 0.336900
vt 0.451200 0.290500
vt 0.460400 0.336900
vt 0.460400 0.290500
vt 0.430400 0.345200
vt 0.437500 0.350600
vt 0.858900 0.737100
vt 0.858900 0.701200
vt 0.832000 0.737100
vt 0.832000 0.701200
vt 0.835000 0.692600
vt 0.884300 0.701200
vt 0.884300 0.737100
vt 0.835000 0.745600
vt 0.544400 0.621600
vt 0.544400 0.657500
vt 0.671400 0.621600
vt 0.671400 0.657500
vt 0.535200 0.621600
vt 0.544400 0.621600
vt 0.535200 0.657500
vt 0.544400 0.657500
vt 0.680700 0.621600
vt 0.680700 0.657500
vt 0.739300 0.621600
vt 0.739300 0.657500
vt 0.749000 0.621600
vt 0.749000 0.657500
vt 0.536600 0.558400
vt 0.536600 0.616700
vt 0.543900 0.551800
vt 0.671400 0.621600
vt 0.671900 0.551800
vt 0.615700 0.245600
vt 0.621100 0.296400
vt 0.615200 0.296400
vt 0.517600 0.465800
vt 0.400400 0.567600
vt 0.521000 0.470200
vt 0.403800 0.572000
vt 0.657200 0.467300
vt 0.531700 0.467300
vt 0.657200 0.539800
vt 0.491500 0.539800
vt 0.868200 0.296400
vt 0.874000 0.245600
vt 0.839800 0.385300
vt 0.648900 0.385300
vt 0.371100 0.697800
vt 0.339400 0.697800
vt 0.383500 0.689900
vt 0.125100 0.689900
vt 0.142900 0.819500
vt 0.125100 0.815600
vt 0.365700 0.819500
vt 0.383500 0.815600
vt 0.142900 0.824700
vt 0.365700 0.824700
vt 0.339400 0.697800
vt 0.371100 0.697800
vt 0.383500 0.689900
vt 0.169400 0.697800
vt 0.176300 0.704300
vt 0.169400 0.697800
vt 0.137600 0.697800
vt 0.130600 0.799200
vt 0.130600 0.704300
vt 0.137600 0.805800
vt 0.169400 0.805800
vt 0.176300 0.799200
vt 0.332500 0.799200
vt 0.339400 0.805800
vt 0.135400 0.827300
vt 0.137600 0.805800
vt 0.169400 0.805800
vt 0.137600 0.800500
vt 0.169400 0.800500
vt 0.134300 0.715300
vt 0.134300 0.708000
vt 0.139800 0.715300
vt 0.139800 0.708000
vt 0.134300 0.789400
vt 0.139800 0.789400
vt 0.134300 0.796800
vt 0.139800 0.796800
vt 0.169400 0.800500
vt 0.137600 0.800500
vt 0.134300 0.789400
vt 0.134300 0.796800
vt 0.139800 0.789400
vt 0.139800 0.796800
vt 0.134300 0.715300
vt 0.139800 0.715300
vt 0.134300 0.708000
vt 0.139800 0.708000
vt 0.130600 0.799200
vt 0.125100 0.815600
vt 0.137600 0.805800
vt 0.169400 0.805800
vt 0.383500 0.815600
vt 0.339400 0.805800
vt 0.332500 0.799200
vt 0.176300 0.799200
vt 0.140600 0.826900
vt 0.142900 0.819500
vt 0.365700 0.819500
vt 0.135400 0.827300
vt 0.130600 0.704300
vt 0.137600 0.697800
vt 0.125100 0.689900
vt 0.332500 0.704300
vt 0.176300 0.704300
vt 0.332500 0.704300
vt 0.894500 0.683400
vt 0.915500 0.683400
vt 0.915500 0.752700
vt 0.172100 0.795700
vt 0.155800 0.795700
vt 0.172100 0.769500
vt 0.155800 0.769500
vt 0.159300 0.737300
vt 0.144300 0.707800
vt 0.170500 0.707800
vt 0.163900 0.737500
vt 0.170500 0.707800
vt 0.144300 0.707800
vt 0.172100 0.795700
vt 0.172100 0.769500
vt 0.155800 0.795700
vt 0.155800 0.769500
vt 0.144300 0.707800
vt 0.159300 0.737300
vt 0.170500 0.707800
vt 0.163900 0.737500
vt 0.170500 0.707800
vt 0.144300 0.707800
vt 0.481000 0.560800
vt 0.523900 0.560800
vt 0.481000 0.566900
vt 0.523900 0.566900
vt 0.523900 0.554700
vt 0.523900 0.560800
vt 0.481000 0.554700
vt 0.481000 0.560800
vt 0.523900 0.554700
vt 0.481000 0.554700
vt 0.825700 0.220200
vt 0.969700 0.158700
vt 0.969700 0.220200
vt 0.825700 0.158700
vt 0.825700 0.152300
vt 0.969700 0.152300
vt 0.978000 0.152300
vt 0.969700 0.152300
vt 0.969700 0.158700
vt 0.978000 0.223600
vt 0.978000 0.158700
vt 0.969700 0.220200
vt 0.978000 0.132800
vt 0.969700 0.132800
vt 0.825700 0.132800
vt 0.969700 0.132800
vt 0.997100 0.236800
vt 0.997100 0.158700
vt 0.969700 0.158700
vt 0.977500 0.158700
vt 0.969700 0.226600
vt 0.977500 0.230000
vt 0.996100 0.158700
vt 0.995600 0.245100
vt 0.899900 0.932000
vt 0.769500 0.932000
vt 0.894000 0.935800
vt 0.774900 0.935800
vt 0.899900 0.867700
vt 0.769500 0.867700
vt 0.969700 0.132800
vt 0.989300 0.235800
vt 0.717800 0.842000
vt 0.688000 0.842000
vt 0.703100 0.806300
vt 0.667000 0.821000
vt 0.738800 0.791500
vt 0.738800 0.821000
vt 0.688000 0.770500
vt 0.717800 0.770500
vt 0.667000 0.791500
vt 0.736300 0.392600
vt 0.710000 0.392600
vt 0.736300 0.435100
vt 0.710000 0.436500
vt 0.721700 0.756800
vt 0.894000 0.756800
vt 0.796900 0.846400
vt 0.894000 0.846400
vt 0.483400 0.745600
vt 0.483400 0.722700
vt 0.912600 0.638400
vt 0.900400 0.626000
vt 0.912600 0.626000
vt 0.900400 0.638400
vt 0.912600 0.650900
vt 0.900400 0.650900
vt 0.912600 0.663100
vt 0.900400 0.663100
vt 0.894000 0.659200
vt 0.883300 0.652800
vt 0.894000 0.671400
vt 0.883300 0.677700
vt 0.894000 0.671400
vt 0.883300 0.677700
vt 0.894000 0.659200
vt 0.883300 0.652800
vt 0.900400 0.612300
vt 0.912600 0.612300
vt 0.912600 0.677000
vt 0.900400 0.677000
vt 0.869600 0.652800
vt 0.869600 0.677700
vt 0.869600 0.677700
vt 0.869600 0.652800
vt 0.621100 0.018600
vt 0.484600 0.018600
vt 0.620100 0.012200
vt 0.484600 0.012200
vt 0.622100 0.005900
vt 0.484600 0.005900
vt 0.623000 0.012200
vt 0.484600 0.012200
vt 0.578600 0.220700
vt 0.578600 0.210000
vt 0.591300 0.220700
vt 0.591300 0.210000
vt 0.578600 0.229500
vt 0.591300 0.229500
vt 0.578600 0.210000
vt 0.578600 0.220700
vt 0.591300 0.210000
vt 0.591300 0.220700
vt 0.593300 0.220700
vt 0.602100 0.220700
vt 0.604000 0.210000
vt 0.602100 0.220700
vt 0.604000 0.210000
vt 0.593300 0.220700
vt 0.591300 0.210000
vt 0.578600 0.168000
vt 0.591300 0.168000
vt 0.591300 0.168000
vt 0.578600 0.168000
vt 0.604000 0.168000
vt 0.604000 0.168000
vt 0.591300 0.168000
vt 0.591300 0.154800
vt 0.578600 0.154800
vt 0.997100 0.013200
vt 0.753900 0.013200
vt 0.997100 0.020000
vt 0.753900 0.020000
vt 0.997100 0.013200
vt 0.997100 0.020000
vt 0.753900 0.013200
vt 0.753900 0.020000
vt 0.748500 0.008800
vt 0.748500 0.008800
vt 0.991200 0.001500
vt 0.748500 0.001500
vt 0.991200 0.001500
vt 0.748500 0.001500
vt 0.997100 0.013200
vt 0.753900 0.013200
vt 0.748500 0.001500
vt 0.747100 0.013200
vt 0.747100 0.020000
vt 0.753900 0.013200
vt 0.753900 0.020000
vt 0.739700 0.013200
vt 0.739700 0.020000
vt 0.057000 0.711900
vt 0.057000 0.584200
vt 0.041100 0.711900
vt 0.041100 0.584200
vt 0.022700 0.711900
vt 0.022700 0.584200
vt 0.006800 0.711900
vt 0.006800 0.584200
vt 0.022700 0.711900
vt 0.022700 0.584200
vt 0.041100 0.711900
vt 0.041100 0.584200
vt 0.090100 0.709200
vt 0.099400 0.696300
vt 0.090100 0.683400
vt 0.062400 0.696300
vt 0.071700 0.709200
vt 0.071700 0.683400
vt 0.099400 0.696300
vt 0.090100 0.709200
vt 0.090100 0.683400
vt 0.071700 0.709200
vt 0.062400 0.696300
vt 0.071700 0.683400
vt 0.059100 0.778600
vt 0.059100 0.718800
vt 0.047500 0.772300
vt 0.047500 0.718800
vt 0.059300 0.718800
vt 0.059300 0.778600
vt 0.070900 0.718800
vt 0.070900 0.784800
vt 0.073400 0.870200
vt 0.073400 0.789700
vt 0.059900 0.868200
vt 0.059900 0.787600
vt 0.046500 0.866000
vt 0.046500 0.785400
vt 0.059900 0.787600
vt 0.059900 0.868200
vt 0.154800 0.749300
vt 0.144500 0.747600
vt 0.155400 0.739000
vt 0.145100 0.737300
vt 0.398200 0.576400
vt 0.530300 0.576400
vt 0.398200 0.622300
vt 0.530300 0.622300
vt 0.403300 0.005900
vt 0.119800 0.005900
vt 0.403300 0.056200
vt 0.099800 0.056200
vt 0.099800 0.056200
vt 0.119800 0.005900
vt 0.403300 0.056200
vt 0.403300 0.005900
vt 0.106300 0.585900
vt 0.164300 0.585900
vt 0.106300 0.609400
vt 0.164300 0.609400
vt 0.106300 0.630900
vt 0.164300 0.630900
vt 0.106300 0.654300
vt 0.164300 0.654300
vt 0.106300 0.677500
vt 0.164300 0.677500
vt 0.106300 0.585900
vt 0.164300 0.585900
vt 0.106300 0.609400
vt 0.164300 0.609400
vt 0.085800 0.598600
vt 0.085700 0.620100
vt 0.085800 0.641800
vt 0.065100 0.630900
vt 0.065100 0.609400
vt 0.085800 0.598600
vt 0.065100 0.609400
vt 0.085800 0.641800
vt 0.065100 0.630900
vt 0.106300 0.609400
vt 0.106300 0.630900
vt 0.394500 0.450200
vt 0.432900 0.450200
vt 0.394500 0.468800
vt 0.432900 0.468800
vt 0.394500 0.486300
vt 0.432900 0.486300
vt 0.394500 0.504600
vt 0.432900 0.504600
vt 0.082500 0.650900
vt 0.066000 0.642100
vt 0.082500 0.668200
vt 0.066000 0.676800
vt 0.066000 0.642100
vt 0.082500 0.650900
vt 0.066000 0.676800
vt 0.082500 0.668200
vt 0.085800 0.598600
vt 0.085700 0.620100
vt 0.085800 0.641800
vt 0.065100 0.630900
vt 0.065100 0.609400
vt 0.394500 0.450200
vt 0.394500 0.468800
vt 0.432900 0.450200
vt 0.432900 0.468800
vt 0.394500 0.486300
vt 0.432900 0.486300
vt 0.394500 0.504600
vt 0.432900 0.504600
vt 0.082500 0.650900
vt 0.082500 0.668200
vt 0.066000 0.642100
vt 0.066000 0.676800
vt 0.066000 0.642100
vt 0.066000 0.676800
vt 0.082500 0.650900
vt 0.082500 0.668200
vt 0.204200 0.078600
vt 0.204200 0.141100
vt 0.014500 0.078600
vt 0.014500 0.141100
vt 0.004700 0.147000
vt 0.004600 0.072800
vt 0.894500 0.361800
vt 0.894500 0.243700
vt 0.986800 0.361800
vt 0.986800 0.243700
vt 0.212600 0.146500
vt 0.212600 0.072800
vt 0.009300 0.068400
vt 0.204200 0.068400
vt 0.235100 0.310500
vt 0.427200 0.310500
vt 0.236600 0.335400
vt 0.427200 0.335400
vt 0.009300 0.068400
vt 0.014500 0.078600
vt 0.204200 0.068400
vt 0.204200 0.078600
vt 0.427200 0.402300
vt 0.427200 0.427200
vt 0.236700 0.402300
vt 0.235200 0.427200
vt 0.427200 0.296400
vt 0.154500 0.296400
vt 0.427500 0.441400
vt 0.154700 0.441400
vt 0.472200 0.178700
vt 0.472200 0.285600
vt 0.280300 0.178700
vt 0.005800 0.289600
vt 0.119200 0.250500
vt 0.125200 0.256800
vt 0.231300 0.155300
vt 0.231300 0.171900
vt 0.128800 0.155300
vt 0.128800 0.171900
vt 0.240000 0.155300
vt 0.240000 0.171900
vt 0.274200 0.289600
vt 0.274200 0.256800
vt 0.388900 0.171900
vt 0.424800 0.155300
vt 0.287400 0.285600
vt 0.280300 0.282200
vt 0.472200 0.285600
vt 0.472200 0.178700
vt 0.280300 0.178700
vt 0.231300 0.155300
vt 0.128800 0.155300
vt 0.231300 0.171900
vt 0.128800 0.171900
vt 0.240000 0.155300
vt 0.240000 0.171900
vt 0.005800 0.289600
vt 0.274200 0.289600
vt 0.125200 0.256800
vt 0.274200 0.256800
vt 0.424800 0.155300
vt 0.388900 0.171900
vt 0.280300 0.282200
vt 0.287400 0.285600
vt 0.637700 0.369100
vt 0.608900 0.369100
vt 0.637700 0.442900
vt 0.608900 0.442900
vt 0.004500 0.557600
vt 0.026600 0.447300
vt 0.373500 0.982800
vt 0.368200 0.986200
vt 0.009400 0.751100
vt 0.009400 0.727300
vt 0.023000 0.751100
vt 0.023000 0.727300
vt 0.036600 0.751100
vt 0.036600 0.727300
vt 0.023000 0.727300
vt 0.023000 0.751100
vt 0.023000 0.774900
vt 0.036600 0.774900
vt 0.009400 0.798700
vt 0.023000 0.798700
vt 0.036600 0.798700
vt 0.023000 0.798700
vt 0.009400 0.822500
vt 0.023000 0.822500
vt 0.036600 0.822500
vt 0.023000 0.822500
vt 0.009400 0.846300
vt 0.023000 0.846300
vt 0.036600 0.846300
vt 0.023000 0.846300
vt 0.009400 0.870100
vt 0.023000 0.870100
vt 0.036600 0.870100
vt 0.023000 0.870100
vt 0.444600 0.345200
vt 0.858900 0.737100
vt 0.832000 0.737100
vt 0.858900 0.701200
vt 0.832000 0.701200
vt 0.835000 0.692600
vt 0.884300 0.701200
vt 0.884300 0.737100
vt 0.835000 0.745600
vt 0.671400 0.657500
vt 0.680700 0.657500
vt 0.680700 0.621600
vt 0.739300 0.657500
vt 0.739300 0.621600
vt 0.749000 0.657500
vt 0.749000 0.621600
vt 0.679200 0.558400
vt 0.679200 0.616700
vt 0.398700 0.765900
vt 0.398700 0.995500
vt 0.393300 0.765900
vt 0.393300 0.995500
vt 0.874000 0.296400
vt 0.403800 0.572000
vt 0.400400 0.567600
vt 0.521000 0.470200
vt 0.517600 0.465800
vt 0.531700 0.467300
vt 0.491500 0.539800
vt 0.508800 0.448700
vt 0.515600 0.460400
vt 0.393100 0.553000
vt 0.395000 0.565400
vt 0.610400 0.240200
vt 0.610400 0.298300
vt 0.615700 0.245600
vt 0.615200 0.296400
vt 0.378200 0.704300
vt 0.378200 0.799200
vt 0.371100 0.805800
vt 0.350800 0.982300
vt 0.368200 0.986200
vt 0.158100 0.982300
vt 0.140900 0.986200
vt 0.373300 0.827300
vt 0.359900 0.974500
vt 0.359900 0.974500
vt 0.368700 0.980900
vt 0.373300 0.827300
vt 0.137600 0.805800
vt 0.137600 0.800500
vt 0.169400 0.805800
vt 0.169400 0.800500
vt 0.139800 0.708000
vt 0.134300 0.708000
vt 0.139800 0.715300
vt 0.134300 0.715300
vt 0.139800 0.789400
vt 0.134300 0.789400
vt 0.139800 0.796800
vt 0.134300 0.796800
vt 0.169400 0.800500
vt 0.169400 0.805800
vt 0.137600 0.800500
vt 0.137600 0.805800
vt 0.139800 0.796800
vt 0.134300 0.796800
vt 0.139800 0.789400
vt 0.134300 0.789400
vt 0.139800 0.715300
vt 0.134300 0.715300
vt 0.139800 0.708000
vt 0.134300 0.708000
vt 0.378200 0.799200
vt 0.371100 0.805800
vt 0.368200 0.826900
vt 0.354500 0.974100
vt 0.347400 0.978400
vt 0.006900 0.986400
vt 0.004100 0.986400
vt 0.006900 0.887000
vt 0.004100 0.887000
vt 0.350800 0.982300
vt 0.378200 0.704300
vt 0.149000 0.974500
vt 0.140400 0.980800
vt 0.149000 0.974500
vt 0.154200 0.974100
vt 0.373500 0.982800
vt 0.388900 0.815800
vt 0.388900 0.695100
vt 0.087900 0.715800
vt 0.095600 0.714100
vt 0.098300 0.719500
vt 0.087900 0.873800
vt 0.082300 0.716100
vt 0.082300 0.873800
vt 0.894500 0.752700
vt 0.481000 0.560800
vt 0.481000 0.566900
vt 0.523900 0.566900
vt 0.481000 0.554700
vt 0.523900 0.554700
vt 0.481000 0.560800
vt 0.523900 0.560800
vt 0.523900 0.554700
vt 0.481000 0.554700
vt 0.481000 0.560800
vt 0.481000 0.566900
vt 0.523900 0.566900
vt 0.481000 0.554700
vt 0.523900 0.554700
vt 0.481000 0.560800
vt 0.523900 0.560800
vt 0.523900 0.554700
vt 0.481000 0.554700
vt 0.978000 0.152300
vt 0.978000 0.158700
vt 0.978000 0.223600
vt 0.978000 0.132800
vt 0.997100 0.158700
vt 0.997100 0.236800
vt 0.977500 0.230000
vt 0.977500 0.158700
vt 0.969700 0.226600
vt 0.969700 0.158700
vt 0.473600 0.095700
vt 0.219600 0.095700
vt 0.473600 0.079600
vt 0.219600 0.079600
vt 0.473600 0.061500
vt 0.219600 0.061500
vt 0.473600 0.079600
vt 0.219600 0.079600
vt 0.473600 0.095700
vt 0.219600 0.095700
vt 0.473600 0.109400
vt 0.219600 0.109400
vt 0.004500 0.056200
vt 0.004500 0.005900
vt 0.093300 0.056200
vt 0.093300 0.005900
vt 0.219100 0.119100
vt 0.461700 0.119100
vt 0.219100 0.136700
vt 0.461700 0.136700
vt 0.219100 0.148900
vt 0.461700 0.148900
vt 0.219100 0.136700
vt 0.461700 0.136700
vt 0.219100 0.114700
vt 0.461700 0.114700
vt 0.461700 0.119100
vt 0.461700 0.136700
vt 0.470000 0.118200
vt 0.474100 0.135300
vt 0.246600 0.351100
vt 0.414100 0.351100
vt 0.246600 0.357900
vt 0.414100 0.357900
vt 0.246600 0.351100
vt 0.414100 0.351100
vt 0.246600 0.344700
vt 0.414100 0.344700
vt 0.271200 0.242200
vt 0.271200 0.186000
vt 0.265100 0.242200
vt 0.265100 0.186000
vt 0.259000 0.242200
vt 0.259000 0.186000
vt 0.265100 0.242200
vt 0.265100 0.186000
vt 0.484900 0.642800
vt 0.523400 0.630100
vt 0.483400 0.630100
vt 0.471200 0.632600
vt 0.458000 0.632300
vt 0.471200 0.657700
vt 0.458000 0.658400
vt 0.477300 0.632100
vt 0.408900 0.632300
vt 0.413600 0.627900
vt 0.408900 0.658400
vt 0.413600 0.662800
vt 0.584500 0.250000
vt 0.480500 0.250000
vt 0.584500 0.243700
vt 0.480500 0.243700
vt 0.584500 0.250000
vt 0.480500 0.250000
vt 0.584500 0.255900
vt 0.480500 0.255900
vt 0.522000 0.642800
vt 0.484900 0.642800
vt 0.523400 0.630100
vt 0.483400 0.630100
vt 0.471200 0.632600
vt 0.458000 0.632300
vt 0.471200 0.657700
vt 0.458000 0.658400
vt 0.471200 0.632600
vt 0.471200 0.657700
vt 0.458000 0.632300
vt 0.458000 0.658400
vt 0.484900 0.642800
vt 0.522000 0.642800
vt 0.483400 0.630100
vt 0.523400 0.630100
vt 0.529300 0.632100
vt 0.477300 0.632100
vt 0.529300 0.632100
vt 0.477300 0.632100
vt 0.453400 0.627900
vt 0.413600 0.627900
vt 0.453400 0.662800
vt 0.413600 0.662800
vt 0.408900 0.632300
vt 0.408900 0.658400
vt 0.584500 0.250000
vt 0.584500 0.243700
vt 0.480500 0.250000
vt 0.480500 0.243700
vt 0.584500 0.250000
vt 0.480500 0.250000
vt 0.584500 0.255900
vt 0.480500 0.255900
vt 0.174400 0.610400
vt 0.181300 0.610400
vt 0.174400 0.449700
vt 0.181300 0.449700
vt 0.188100 0.610400
vt 0.188100 0.449700
vt 0.181300 0.610400
vt 0.181300 0.449700
vt 0.007000 0.435100
vt 0.007000 0.303200
vt 0.153400 0.435100
vt 0.153400 0.303200
vt 0.981900 0.367700
vt 0.996100 0.431600
vt 0.889600 0.367700
vt 0.875000 0.431600
vt 0.875000 0.367700
vt 0.119200 0.149900
vt 0.015900 0.149400
vt 0.119200 0.250500
vt 0.513700 0.106400
vt 0.485100 0.106400
vt 0.513700 0.086400
vt 0.485100 0.086400
vt 0.513700 0.125000
vt 0.485100 0.125000
vt 0.513700 0.031300
vt 0.513700 0.047900
vt 0.485100 0.031300
vt 0.485100 0.047900
vt 0.485100 0.066400
vt 0.513700 0.066400
vt 0.624500 0.106400
vt 0.624500 0.086400
vt 0.624500 0.066400
vt 0.624500 0.125000
vt 0.624500 0.031300
vt 0.624500 0.047900
vt 0.963900 0.459000
vt 0.969200 0.444300
vt 0.977100 0.468800
vt 0.986300 0.444800
vt 0.990700 0.460000
vt 0.982900 0.507800
vt 0.982900 0.497100
vt 0.918000 0.507800
vt 0.918000 0.497100
vt 0.982900 0.486300
vt 0.918000 0.486300
vt 0.982900 0.475600
vt 0.918000 0.475600
vt 0.982900 0.507800
vt 0.982900 0.497100
vt 0.918000 0.507800
vt 0.918000 0.497100
vt 0.982900 0.486300
vt 0.918000 0.486300
vt 0.982900 0.475600
vt 0.918000 0.475600
vt 0.916500 0.465800
vt 0.921900 0.456100
vt 0.905800 0.465800
vt 0.916500 0.446800
vt 0.900400 0.456100
vt 0.905800 0.446800
vt 0.938000 0.465300
vt 0.948700 0.465300
vt 0.932600 0.456100
vt 0.954100 0.456100
vt 0.948700 0.446300
vt 0.938000 0.446300
vt 0.243000 0.213400
vt 0.126100 0.213400
vt 0.230600 0.188000
vt 0.126000 0.188000
vt 0.243000 0.213400
vt 0.230600 0.188000
vt 0.126100 0.213400
vt 0.126000 0.188000
vt 0.127300 0.178200
vt 0.231900 0.178200
vt 0.239600 0.183600
vt 0.252000 0.208500
vt 0.127200 0.223100
vt 0.244300 0.223100
vt 0.141100 0.232400
vt 0.232800 0.232400
vt 0.126300 0.248000
vt 0.249600 0.248000
vt 0.141100 0.232400
vt 0.126300 0.248000
vt 0.232800 0.232400
vt 0.249600 0.248000
vt 0.141100 0.228500
vt 0.232800 0.228500
vt 0.126300 0.251500
vt 0.249600 0.251500
vt 0.490700 0.283200
vt 0.478300 0.283200
vt 0.490700 0.329100
vt 0.478300 0.329100
vt 0.604500 0.329100
vt 0.604500 0.341800
vt 0.490700 0.329100
vt 0.490700 0.341800
vt 0.478300 0.329100
vt 0.490700 0.283200
vt 0.478300 0.283200
vt 0.498300 0.275400
vt 0.498300 0.263200
vt 0.596700 0.275400
vt 0.596700 0.263200
vt 0.478300 0.272500
vt 0.490700 0.272500
vt 0.604500 0.283200
vt 0.490700 0.329100
vt 0.604500 0.329100
vt 0.490700 0.283200
vt 0.596700 0.275400
vt 0.498300 0.275400
vt 0.604500 0.283200
vt 0.478300 0.283200
vt 0.490700 0.329100
vt 0.478300 0.329100
vt 0.490700 0.283200
vt 0.478300 0.272500
vt 0.490700 0.272500
vt 0.604500 0.329100
vt 0.490700 0.329100
vt 0.604500 0.341800
vt 0.490700 0.341800
vt 0.490700 0.283200
vt 0.478300 0.329100
vt 0.478300 0.283200
vt 0.490700 0.272500
vt 0.478300 0.272500
vt 0.498300 0.275400
vt 0.596700 0.275400
vt 0.498300 0.263200
vt 0.596700 0.263200
vt 0.490700 0.329100
vt 0.604500 0.283200
vt 0.604500 0.329100
vt 0.490700 0.283200
vt 0.596700 0.275400
vt 0.498300 0.275400
vt 0.604500 0.283200
vt 0.522000 0.642800
vt 0.458000 0.658400
vt 0.458000 0.632300
vt 0.471200 0.657700
vt 0.471200 0.632600
vt 0.484900 0.642800
vt 0.483400 0.630100
vt 0.522000 0.642800
vt 0.523400 0.630100
vt 0.529300 0.632100
vt 0.529300 0.632100
vt 0.996100 0.367700
vt 0.015900 0.149400
vt 0.119200 0.149900
vt 0.473400 0.369100
vt 0.473400 0.442900
vt 0.442100 0.442900
vt 0.442100 0.369100
vt 0.507300 0.354500
vt 0.464800 0.339400
vt 0.619600 0.342800
vt 0.590300 0.354500
vt 0.662600 0.436500
vt 0.662600 0.392600
vt 0.644000 0.435100
vt 0.644000 0.392600
vt 0.473400 0.442900
vt 0.446800 0.480000
vt 0.442100 0.442900
vt 0.473400 0.369100
vt 0.473400 0.442900
vt 0.442100 0.442900
vt 0.442100 0.369100
vt 0.507300 0.354500
vt 0.464800 0.339400
vt 0.619600 0.342800
vt 0.590300 0.354500
vt 0.710000 0.436500
vt 0.710000 0.392600
vt 0.736300 0.435100
vt 0.736300 0.392600
vt 0.446800 0.480000
vt 0.473400 0.442900
vt 0.442100 0.442900
vt 0.387900 0.990800
vt 0.157500 0.990800
vt 0.387500 0.996000
vt 0.153600 0.996000
vt 0.531700 0.461900
vt 0.657200 0.461900
vt 0.526400 0.456500
vt 0.668000 0.456500
vt 0.537100 0.448200
vt 0.668000 0.447800
vt 0.114900 0.711400
vt 0.120400 0.717300
vt 0.122100 0.706800
vt 0.082300 0.873800
vt 0.087900 0.873800
vt 0.082300 0.716100
vt 0.087900 0.873800
vt 0.087900 0.715800
vt 0.082300 0.873800
vt 0.082300 0.716100
vt 0.098300 0.873800
vt 0.087900 0.715800
vt 0.098300 0.719500
vt 0.087900 0.873800
vt 0.098300 0.873800
vt 0.104800 0.873200
vt 0.114900 0.873200
vt 0.104800 0.718000
vt 0.120400 0.873200
vt 0.114900 0.873200
vt 0.120400 0.873200
vt 0.114900 0.718000
vt 0.120400 0.717300
vt 0.104800 0.873200
vt 0.104800 0.718000
vt 0.513700 0.086400
vt 0.485100 0.106400
vt 0.513700 0.106400
vt 0.485100 0.086400
vt 0.485100 0.066400
vt 0.513700 0.066400
vt 0.513700 0.125000
vt 0.485100 0.125000
vt 0.513700 0.031300
vt 0.485100 0.031300
vt 0.513700 0.047900
vt 0.485100 0.047900
vt 0.624500 0.086400
vt 0.624500 0.106400
vt 0.624500 0.125000
vt 0.624500 0.031300
vt 0.624500 0.047900
vt 0.624500 0.066400
vt 0.969200 0.444300
vt 0.963900 0.459000
vt 0.977100 0.468800
vt 0.986300 0.444800
vt 0.990700 0.460000
vt 0.982900 0.507800
vt 0.918000 0.507800
vt 0.982900 0.497100
vt 0.918000 0.497100
vt 0.982900 0.486300
vt 0.918000 0.486300
vt 0.982900 0.475600
vt 0.918000 0.475600
vt 0.982900 0.507800
vt 0.918000 0.507800
vt 0.982900 0.497100
vt 0.918000 0.497100
vt 0.982900 0.486300
vt 0.918000 0.486300
vt 0.982900 0.475600
vt 0.918000 0.475600
vt 0.900400 0.456100
vt 0.905800 0.446800
vt 0.905800 0.465800
vt 0.916500 0.446800
vt 0.938000 0.465300
vt 0.932600 0.456100
vt 0.948700 0.465300
vt 0.954100 0.456100
vt 0.948700 0.446300
vt 0.938000 0.446300
vt 0.126000 0.188000
vt 0.126100 0.213400
vt 0.230600 0.188000
vt 0.243000 0.213400
vt 0.126000 0.188000
vt 0.230600 0.188000
vt 0.126100 0.213400
vt 0.243000 0.213400
vt 0.127300 0.178200
vt 0.231900 0.178200
vt 0.239600 0.183600
vt 0.252000 0.208500
vt 0.244300 0.223100
vt 0.127200 0.223100
vt 0.141100 0.232400
vt 0.126300 0.248000
vt 0.232800 0.232400
vt 0.249600 0.248000
vt 0.141100 0.232400
vt 0.232800 0.232400
vt 0.126300 0.248000
vt 0.249600 0.248000
vt 0.232800 0.228500
vt 0.141100 0.228500
vt 0.249600 0.251500
vt 0.126300 0.251500
vt 0.405500 0.761700
vt 0.408000 0.757000
vt 0.651400 0.761500
vt 0.651400 0.757000
vt 0.655800 0.995500
vt 0.655800 0.765900
vt 0.660200 0.995500
vt 0.660200 0.765900
vt 0.651400 0.765900
vt 0.403300 0.765900
vt 0.651400 0.995500
vt 0.403300 0.995500
vt 0.651400 0.757000
vt 0.408000 0.757000
vt 0.651400 0.761500
vt 0.405500 0.761700
vt 0.387900 0.990800
vt 0.387500 0.996000
vt 0.159500 0.990800
vt 0.160000 0.996000
vt 0.531700 0.461900
vt 0.657200 0.467300
vt 0.657200 0.461900
vt 0.657200 0.539800
vt 0.125500 0.995400
vt 0.125500 0.877900
vt 0.006800 0.995400
vt 0.914100 0.985000
vt 0.667500 0.985000
vt 0.657200 0.461900
vt 0.531700 0.461900
vt 0.667500 0.995100
vt 0.914100 0.995100
vt 0.006900 0.877900
vt 0.387900 0.990800
vt 0.387500 0.996000
vt 0.157500 0.990800
vt 0.153600 0.996000
vt 0.526400 0.456500
vt 0.668000 0.456500
vt 0.537100 0.448200
vt 0.668000 0.447800
vt 0.161300 0.978400
vt 0.157800 0.982300
vt 0.120400 0.717300
vt 0.114900 0.711400
vt 0.122100 0.706800
vt 0.087900 0.873800
vt 0.082300 0.873800
vt 0.087900 0.715800
vt 0.082300 0.716100
vt 0.098300 0.873800
vt 0.098300 0.873800
vt 0.098300 0.719500
vt 0.087900 0.873800
vt 0.087900 0.715800
vt 0.114900 0.873200
vt 0.104800 0.718000
vt 0.104800 0.873200
vt 0.120400 0.873200
vt 0.120400 0.717300
vt 0.120400 0.873200
vt 0.114900 0.718000
vt 0.114900 0.873200
vt 0.104800 0.873200
vt 0.104800 0.718000
vt 0.825700 0.226600
vt 0.825700 0.158700
vt 0.969700 0.151900
vt 0.825700 0.152300
vt 0.969700 0.152300
vt 0.995600 0.245100
vt 0.996100 0.158700
vt 0.977500 0.151900
vt 0.977500 0.133800
vt 0.969700 0.133800
vt 0.825700 0.133800
vt 0.969700 0.133800
vt 0.977500 0.152300
vt 0.977500 0.133800
vt 0.755400 0.854100
vt 0.912600 0.854100
vt 0.755400 0.940500
vt 0.762200 0.945100
vt 0.912600 0.940500
vt 0.906300 0.945100
vt 0.917500 0.406700
vt 0.917500 0.391100
vt 0.962900 0.406700
vt 0.962900 0.391100
vt 0.917500 0.385700
vt 0.962900 0.385700
vt 0.907700 0.406700
vt 0.912100 0.391100
vt 0.962900 0.416000
vt 0.917500 0.416000
vt 0.907700 0.406700
vt 0.917500 0.406700
vt 0.912100 0.391100
vt 0.917500 0.391100
vt 0.917500 0.406700
vt 0.962900 0.406700
vt 0.917500 0.391100
vt 0.962900 0.391100
vt 0.917500 0.385700
vt 0.962900 0.385700
vt 0.907700 0.406700
vt 0.912100 0.391100
vt 0.962900 0.416000
vt 0.917500 0.416000
vt 0.917500 0.391100
vt 0.917500 0.406700
vt 0.912100 0.391100
vt 0.907700 0.406700
vt 0.747100 0.013200
vt 0.753900 0.013200
vt 0.747100 0.020000
vt 0.753900 0.020000
vt 0.739700 0.013200
vt 0.739700 0.020000
vt 0.647000 0.991000
vt 0.407700 0.991000
vt 0.647000 0.770400
vt 0.407700 0.770400
vt 0.651400 0.765900
vt 0.651400 0.995500
vt 0.403300 0.765900
vt 0.403300 0.995500
vt 0.470000 0.118200
vt 0.474100 0.135300
vt 0.477300 0.632100
vt 0.453400 0.627900
vt 0.453400 0.662800
vt 0.174400 0.610400
vt 0.174400 0.449700
vt 0.181300 0.610400
vt 0.181300 0.449700
vt 0.188100 0.610400
vt 0.188100 0.449700
vt 0.181300 0.610400
vt 0.181300 0.449700
vt 0.916500 0.465800
vt 0.921900 0.456100
vt 0.490700 0.272500
vt 0.478300 0.272500
vt 0.433800 0.372100
vt 0.244500 0.378400
vt 0.244500 0.372100
vt 0.433800 0.378400
vt 0.433800 0.384300
vt 0.244500 0.384300
vt 0.433800 0.366200
vt 0.244500 0.366200
vt 0.433800 0.397000
vt 0.244500 0.397000
vt 0.433800 0.390600
vt 0.244500 0.390600
vt 0.455600 0.363800
vt 0.459200 0.358400
vt 0.449700 0.361800
vt 0.449700 0.355500
vt 0.455600 0.353500
vt 0.455600 0.353500
vt 0.459200 0.358400
vt 0.449700 0.355500
vt 0.455600 0.363800
vt 0.449700 0.361800
vn -0.7071 -0.6937 -0.1368
vn -0.6398 -0.6276 -0.4436
vn 0.4472 -0.8775 -0.1730
vn 0.6397 -0.3138 -0.7016
vn 0.8944 0.4472 -0.0000
vn 0.4082 0.8165 -0.4082
vn -0.5815 -0.8059 -0.1113
vn 0.5815 -0.8059 0.1112
vn -0.5815 -0.6485 0.4912
vn 0.5815 -0.4911 0.6486
vn -0.5815 -0.1112 0.8059
vn 0.5815 0.1113 0.8059
vn -0.5815 0.4912 0.6485
vn 0.5815 0.6486 0.4911
vn -0.5815 0.8059 0.1112
vn 0.5815 0.8059 -0.1113
vn -0.5815 0.6485 -0.4912
vn 0.5815 0.4912 -0.6485
vn -0.5815 0.1113 -0.8059
vn 0.5815 -0.1112 -0.8059
vn -0.5815 -0.4912 -0.6485
vn 0.5815 -0.6485 -0.4912
vn 1.0000 -0.0000 -0.0000
vn 0.9218 -0.2999 -0.2458
vn 0.9085 -0.0830 -0.4095
vn 0.7908 -0.4974 -0.3566
vn -0.3654 -0.9204 -0.1389
vn 0.0000 0.4911 -0.8711
vn -0.6667 0.3333 -0.6666
vn 0.0000 -0.0251 0.9997
vn 0.5263 0.5248 0.6690
vn -0.2682 0.5000 0.8235
vn 0.4755 0.5148 0.7133
vn -0.6724 0.3640 0.6445
vn -0.4607 0.3015 0.8348
vn 0.4567 0.4286 0.7795
vn -0.3653 -0.9205 -0.1388
vn -0.6666 0.3333 -0.6667
vn -0.5717 -0.1860 -0.7991
vn -0.0000 0.0000 -1.0000
vn -0.6665 0.3334 -0.6668
vn -0.0000 -0.7071 -0.7071
vn -0.6031 -0.7537 -0.2611
vn -0.4472 -0.4469 -0.7748
vn 0.3536 -0.7070 -0.6124
vn 0.8944 -0.2235 -0.3873
vn -0.3535 -0.7071 0.6124
vn 0.6030 -0.7538 0.2611
vn -0.8944 -0.2236 0.3873
vn 0.4472 -0.4475 0.7744
vn -0.2611 -0.7538 0.6030
vn -0.8618 -0.2114 0.4610
vn -0.6123 -0.7072 -0.3535
vn -0.4222 -0.0749 -0.9034
vn 0.6124 -0.7072 0.3535
vn 0.2611 -0.7538 -0.6030
vn 0.8618 -0.2114 -0.4610
vn 0.4222 -0.0748 0.9034
vn 0.8944 0.0378 0.4456
vn 0.4472 0.0756 -0.8912
vn -0.4472 0.0757 0.8912
vn -0.8944 0.0378 -0.4456
vn -0.0002 -0.8944 -0.4472
vn -0.0003 0.4472 -0.8944
vn -0.0000 -0.4472 -0.8944
vn 0.0000 0.8944 -0.4472
vn -0.0000 0.8944 0.4472
vn 0.0000 -0.4472 0.8944
vn 0.0003 0.4472 0.8944
vn 0.0002 -0.8944 0.4472
vn 0.4082 -0.8165 -0.4082
vn -0.4082 -0.4082 -0.8165
vn 0.7071 0.0000 -0.7071
vn -0.8944 0.0002 -0.4472
vn 0.3833 -0.7505 0.5383
vn 0.7071 -0.0000 0.7071
vn -0.3832 -0.3753 0.8440
vn -0.8944 -0.0000 0.4472
vn -0.6020 -0.7943 0.0812
vn 0.8334 -0.5498 0.0562
vn 0.3536 -0.7071 0.6124
vn -0.6030 -0.7538 0.2611
vn 0.6030 -0.7538 -0.2611
vn -0.3535 -0.7071 -0.6124
vn 0.4597 -0.2299 -0.8578
vn -0.9005 -0.1123 -0.4202
vn -0.4472 0.0000 -0.8944
vn 0.8944 0.0000 -0.4472
vn -0.4597 -0.2298 0.8578
vn 0.9005 -0.1124 0.4201
vn 0.4472 0.0000 0.8944
vn -0.4083 -0.8165 -0.4082
vn -0.7071 0.0000 -0.7071
vn 0.4082 -0.4082 -0.8165
vn -0.3833 -0.7505 0.5383
vn 0.3832 -0.3753 0.8440
vn -0.7071 0.0000 0.7071
vn 0.8944 -0.0000 0.4472
vn 0.6020 -0.7943 0.0812
vn -0.8334 -0.5498 0.0562
vn -0.0291 -0.9560 0.2920
vn 0.9338 -0.3035 0.1893
vn -0.0217 -0.9561 0.2921
vn 0.9491 0.3148 0.0011
vn -0.9363 0.2974 -0.1865
vn -0.9489 -0.3156 0.0003
vn 0.0142 0.9567 -0.2907
vn 0.0214 0.9566 -0.2906
vn 0.6358 0.1382 0.7594
vn -0.1910 -0.6297 0.7530
vn 0.6826 -0.6310 0.3686
vn -0.7231 -0.6629 0.1942
vn 0.0915 0.9639 0.2500
vn -0.7673 0.3032 0.5650
vn 0.7151 0.6897 -0.1136
vn -0.6986 0.6849 -0.2072
vn 0.9354 -0.2406 -0.2592
vn -0.0564 -0.9113 -0.4078
vn -0.8588 -0.0165 -0.5120
vn 0.1814 0.4918 -0.8516
vn 0.4943 -0.2982 -0.8165
vn -0.3988 0.0777 -0.9137
vn 0.7241 0.5640 -0.3970
vn -0.9085 0.0352 -0.4164
vn -0.7767 -0.5327 0.3360
vn -0.1149 -0.8376 0.5340
vn 0.5157 -0.4299 0.7411
vn 0.8298 -0.3627 0.4242
vn -0.5669 -0.7890 -0.2368
vn 0.7474 -0.6643 0.0114
vn -0.1221 0.4924 -0.8618
vn 0.6532 0.5076 -0.5618
vn 0.1384 -0.5957 -0.7912
vn 0.7479 -0.6069 -0.2687
vn 0.7985 0.5080 0.3230
vn 0.6882 -0.3567 0.6317
vn 0.1222 0.4924 0.8617
vn -0.0963 -0.8292 0.5507
vn -0.4517 0.5981 0.6619
vn -0.3285 -0.7071 0.6261
vn -0.3941 0.7755 -0.4931
vn -0.3284 -0.7071 -0.6262
vn -0.4082 0.4082 -0.8165
vn -0.7071 0.7071 0.0000
vn 0.7908 0.4330 -0.4325
vn 0.0001 0.7077 -0.7065
vn 0.6702 0.4135 0.6163
vn 0.0000 0.5573 0.8303
vn 0.0000 -0.1280 -0.9918
vn 0.5611 -0.2119 -0.8001
vn 0.7071 -0.3974 0.5849
vn -0.4472 -0.5027 0.7398
vn 0.5145 -0.7937 0.3246
vn -0.7683 -0.5924 0.2425
vn -0.4472 -0.8770 -0.1755
vn 0.7071 -0.6934 -0.1388
vn 0.9789 -0.1191 -0.1659
vn 0.9867 -0.1265 -0.1017
vn 0.9989 0.0067 0.0474
vn 1.0000 0.0031 -0.0001
vn 0.9989 0.0019 0.0469
vn 0.9495 0.3070 0.0644
vn 0.9646 -0.2502 0.0832
vn 1.0000 -0.0005 0.0004
vn 0.8981 0.2965 0.3249
vn -0.2722 -0.6577 0.7023
vn -0.4816 -0.7308 0.4837
vn -0.2721 0.6577 -0.7024
vn -0.3932 0.4497 -0.8020
vn 0.8981 -0.2964 -0.3250
vn -0.3932 -0.4497 0.8020
vn -0.4816 0.7308 -0.4837
vn 0.5542 -0.5611 -0.6148
vn -0.1969 -0.3473 0.9168
vn -0.3439 0.8825 -0.3209
vn 0.0000 -0.6745 -0.7383
vn 0.0950 0.0089 0.9954
vn -0.0950 0.9905 0.0991
vn -0.5542 -0.5612 -0.6147
vn 0.3438 -0.3998 0.8497
vn 0.1969 0.9446 -0.2626
vn 0.3931 0.8395 -0.3751
vn -0.8980 -0.2967 -0.3248
vn -0.1442 -0.9883 0.0500
vn 0.2232 -0.6571 -0.7200
vn 0.7816 -0.6132 -0.1140
vn 0.9975 -0.0475 -0.0523
vn 0.5894 -0.1137 0.7998
vn 0.3768 0.6246 0.6841
vn -0.2948 0.0281 0.9551
vn -0.7537 0.4430 0.4855
vn -0.9243 -0.3221 0.2049
vn -0.8435 -0.3623 -0.3966
vn 0.2264 0.6688 0.7082
vn 0.4527 -0.6688 -0.5897
vn 0.3028 0.4472 -0.8416
vn 0.2394 -0.7071 -0.6653
vn 0.0002 -0.4472 0.8944
vn 0.0000 0.7071 0.7071
vn 0.3894 0.5784 -0.7168
vn 0.2386 0.0000 -0.9711
vn -0.2812 0.6267 -0.7267
vn -0.3608 0.0000 -0.9326
vn 0.7597 0.4961 0.4204
vn 0.2150 0.8100 0.5456
vn 0.8749 0.0000 0.4842
vn 0.1833 -0.0000 0.9831
vn 0.7817 0.5849 -0.2162
vn 0.8460 0.0000 -0.5332
vn -0.2177 0.6152 0.7577
vn -0.0088 -0.8581 0.5134
vn -0.1075 0.5031 0.8575
vn -0.0425 0.5685 0.8216
vn -0.0324 0.7790 0.6262
vn -0.3983 0.6686 0.6280
vn -0.7799 0.0492 0.6240
vn 0.1091 0.3886 0.9149
vn -0.5300 -0.8045 0.2682
vn 0.3983 0.5796 0.7109
vn -0.1198 0.8716 0.4753
vn -0.3244 0.8111 -0.4866
vn 0.0008 0.9487 -0.3162
vn -0.2085 0.3497 0.9134
vn 0.0019 0.9904 0.1380
vn 0.2033 0.6906 0.6941
vn -0.4497 0.8859 0.1135
vn -0.3507 -0.8636 0.3621
vn 0.3424 -0.6778 0.6507
vn -0.2810 -0.8181 0.5017
vn 0.1991 -0.5796 0.7902
vn 0.2810 -0.8181 0.5017
vn 0.5514 -0.8208 0.1491
vn 0.1671 0.7296 0.6631
vn -0.3983 0.5796 0.7109
vn -0.5801 0.7331 -0.3551
vn -0.7840 0.5835 0.2120
vn -0.1991 0.5796 -0.7902
vn 0.2396 0.8716 -0.4276
vn 0.7840 0.5835 -0.2120
vn -0.5514 0.8208 -0.1491
vn -0.3342 0.7296 -0.5966
vn -0.5951 0.6196 0.5118
vn -0.1991 -0.5796 0.7902
vn -0.6927 -0.5835 0.4239
vn -0.6566 -0.7330 -0.1775
vn -0.3983 -0.5796 -0.7109
vn 0.1405 -0.8181 -0.5576
vn 0.5801 -0.7330 -0.3551
vn 0.4872 0.8208 0.2982
vn -0.0015 -0.9927 -0.1202
vn -0.2183 -0.9686 -0.1188
vn -0.1405 -0.8181 -0.5576
vn -0.5801 -0.7330 -0.3551
vn -0.6647 -0.7424 -0.0838
vn -0.7840 -0.5835 0.2120
vn -0.6927 0.5835 0.4239
vn 0.7991 -0.3182 0.5101
vn -0.4871 -0.4622 0.7410
vn 0.5306 -0.7809 0.3297
vn -0.7223 -0.6652 -0.1890
vn -0.0000 -0.1545 -0.9880
vn -0.7991 -0.3181 0.5101
vn -0.5306 -0.7809 0.3297
vn 0.4871 -0.4621 0.7411
vn 0.7223 -0.6652 -0.1890
vn -0.0724 -0.7086 0.7018
vn 0.0000 -0.7403 0.6722
vn -0.3539 -0.1760 -0.9186
vn -0.3539 -0.1761 -0.9185
vn 0.3315 0.8951 -0.2980
vn 0.4941 0.5800 0.6476
vn 0.4141 0.4557 0.7879
vn -0.1894 0.3808 0.9050
vn -0.4143 0.6287 0.6581
vn 0.2845 0.3745 0.8825
vn 0.2974 0.8749 0.3823
vn -0.2270 0.9269 0.2987
vn 0.7615 0.3492 0.5460
vn 0.9692 0.1476 0.1970
vn 0.6775 0.3524 -0.6456
vn 0.1639 0.8045 -0.5709
vn -0.3771 0.8660 -0.3283
vn 0.5050 -0.7258 -0.4671
vn 0.1894 0.7623 0.6189
vn 0.7591 0.3128 0.5708
vn 0.7661 -0.6393 0.0659
vn -0.6377 0.2028 -0.7431
vn -0.6281 -0.3010 -0.7175
vn -1.0000 -0.0000 0.0000
vn -0.5224 -0.8277 -0.2048
vn -0.6057 0.1368 -0.7838
vn 0.5228 -0.1834 -0.8325
vn 0.4571 0.1250 -0.8806
vn -0.9085 -0.0830 -0.4095
vn 0.3535 -0.7072 -0.6123
vn -0.4597 -0.2297 -0.8578
vn 0.9005 -0.1126 -0.4201
vn -0.6030 -0.7538 -0.2611
vn -0.3536 -0.7071 0.6124
vn 0.4597 -0.2298 0.8578
vn -0.9005 -0.1125 0.4201
vn -0.8944 -0.0002 -0.4472
vn 0.4472 -0.0002 -0.8944
vn 0.8944 -0.0002 0.4472
vn -0.4472 -0.0002 0.8944
vn -0.9492 0.3148 0.0011
vn -0.9338 -0.3035 0.1893
vn 0.0217 -0.9561 0.2921
vn 0.0290 -0.9560 0.2920
vn 0.9364 0.2974 -0.1865
vn 0.9489 -0.3156 0.0001
vn -0.0142 0.9567 -0.2907
vn -0.0214 0.9566 -0.2906
vn -0.6358 0.1382 0.7594
vn -0.6826 -0.6310 0.3686
vn 0.1911 -0.6296 0.7530
vn 0.7230 -0.6630 0.1942
vn -0.0915 0.9639 0.2500
vn 0.7673 0.3032 0.5650
vn -0.7150 0.6898 -0.1137
vn 0.6987 0.6849 -0.2070
vn -0.9354 -0.2405 -0.2592
vn 0.0564 -0.9114 -0.4076
vn 0.8588 -0.0165 -0.5120
vn -0.1813 0.4917 -0.8517
vn 0.9085 0.0352 -0.4164
vn 0.3988 0.0776 -0.9137
vn -0.7241 0.5640 -0.3970
vn -0.4943 -0.2982 -0.8165
vn 0.7767 -0.5327 0.3360
vn -0.5157 -0.4299 0.7411
vn 0.1149 -0.8376 0.5340
vn -0.8298 -0.3627 0.4242
vn 0.5669 -0.7890 -0.2367
vn -0.7474 -0.6643 0.0114
vn -0.2150 -0.9038 0.3701
vn 0.2150 -0.9038 -0.3701
vn 0.5351 -0.4029 0.7425
vn 0.6388 -0.2015 -0.7425
vn 0.7670 0.2419 0.5943
vn 0.6424 0.4837 -0.5944
vn 0.2150 0.9038 0.3701
vn -0.2150 0.9038 -0.3701
vn -0.5351 0.4029 0.7425
vn -0.6388 0.2015 -0.7425
vn -0.7670 -0.2419 0.5943
vn -0.6425 -0.4837 -0.5943
vn -0.2759 -0.9336 -0.2287
vn 0.2764 -0.9320 0.2344
vn 0.7647 0.0000 0.6444
vn 0.7627 -0.0003 0.6467
vn 0.2764 0.9320 0.2344
vn -0.2759 0.9336 -0.2287
vn -0.7680 0.0000 -0.6404
vn -0.7697 -0.0002 -0.6384
vn 0.0002 -0.6628 0.7488
vn -0.0003 -0.9717 -0.2363
vn 0.8749 -0.3209 0.3626
vn 0.9356 0.3431 0.0834
vn -0.0000 0.7324 0.6809
vn -0.0002 0.9716 0.2364
vn -0.9356 0.3431 0.0834
vn -0.8749 -0.3209 0.3626
vn 0.6182 0.5754 -0.5355
vn 0.4472 0.0001 -0.8944
vn -0.6184 0.2877 -0.7313
vn 1.0000 -0.0001 -0.0003
vn 0.7071 0.6580 -0.2590
vn -0.4473 0.8325 -0.3270
vn -1.0000 0.0001 0.0003
vn 0.1222 0.4924 -0.8617
vn -0.1383 -0.5957 -0.7912
vn -0.6532 0.5076 -0.5618
vn -0.7479 -0.6069 -0.2687
vn -0.7984 0.5081 0.3230
vn -0.6882 -0.3567 0.6318
vn -0.1221 0.4924 0.8617
vn 0.0963 -0.8292 0.5507
vn 0.4518 0.5981 0.6619
vn 0.3284 -0.7071 0.6262
vn 0.3942 0.7755 -0.4931
vn 0.3285 -0.7072 -0.6261
vn -0.0001 1.0000 0.0001
vn -0.3284 0.7071 -0.6262
vn -0.3285 -0.7071 -0.6262
vn -0.5854 0.6069 -0.5375
vn -0.8792 -0.3567 -0.3159
vn -0.8792 0.3567 0.3159
vn -0.5855 -0.6070 0.5374
vn -0.3285 0.7071 0.6261
vn 0.0001 1.0000 0.0001
vn 0.3285 0.7071 -0.6261
vn 0.5854 0.6069 -0.5375
vn 0.3285 -0.7071 -0.6261
vn 0.8792 -0.3567 -0.3159
vn 0.8792 0.3567 0.3159
vn 0.5854 -0.6069 0.5375
vn 0.3285 0.7071 0.6261
vn 0.3285 -0.7071 0.6261
vn -0.4036 -0.4914 0.7717
vn 0.2445 -0.5954 0.7653
vn -0.3994 0.2056 0.8934
vn 0.4125 0.4248 0.8058
vn 0.1541 0.2223 0.9627
vn -0.1161 0.3116 0.9431
vn 0.5571 -0.3714 -0.7428
vn 0.4472 0.0000 -0.8944
vn -0.5571 -0.3714 -0.7428
vn 0.5708 -0.3475 0.7439
vn -0.4892 -0.5954 0.6374
vn -0.5118 0.0467 0.8578
vn -0.3432 -0.0002 0.9393
vn 0.3432 -0.0003 0.9393
vn 0.5118 0.0467 0.8578
vn -0.9683 -0.0055 0.2498
vn -0.8132 0.2770 0.5118
vn 0.9683 -0.0057 0.2498
vn 0.6798 0.4359 0.5897
vn -0.8944 0.0000 -0.4472
vn -0.7313 -0.6599 -0.1723
vn -0.7325 -0.3494 -0.5842
vn -0.3366 -0.8125 -0.4759
vn -0.5774 -0.5774 -0.5774
vn -0.5815 -0.2056 -0.7871
vn -0.4472 -0.0048 -0.8944
vn 0.3365 -0.8126 -0.4759
vn 0.7313 -0.6599 -0.1724
vn 0.5774 -0.5774 -0.5774
vn 0.5815 -0.2056 -0.7871
vn 0.7325 -0.3494 -0.5842
vn 0.4472 -0.0048 -0.8944
vn -0.7908 0.4331 -0.4324
vn -0.6702 0.4135 0.6163
vn -0.0000 0.7077 -0.7065
vn 0.0000 0.5572 0.8304
vn 0.9957 -0.0012 0.0921
vn 0.9958 -0.0027 0.0911
vn 0.5542 0.5612 0.6147
vn 0.0000 0.6741 0.7386
vn -0.3439 -0.8825 0.3208
vn -0.0950 -0.9905 -0.0992
vn -0.1970 0.3473 -0.9168
vn 0.0950 -0.0088 -0.9954
vn 0.4817 -0.5481 0.6838
vn -1.0000 -0.0003 0.0001
vn 0.2722 -0.7591 0.5913
vn 0.2720 0.7591 -0.5913
vn -0.8981 0.2964 0.3250
vn 0.3932 -0.8395 0.3750
vn 0.4817 0.5481 -0.6838
vn -0.5542 0.5612 0.6148
vn 0.1969 -0.9446 0.2626
vn 0.3439 0.3997 -0.8497
vn -0.2264 0.6688 0.7082
vn -0.3027 0.4472 -0.8417
vn -0.4527 -0.6688 -0.5897
vn -0.2394 -0.7071 -0.6653
vn -0.2762 0.0000 0.9611
vn -0.8749 0.0000 0.4843
vn -0.7596 0.4962 0.4205
vn -0.8460 -0.0000 -0.5332
vn -0.7817 0.5849 -0.2163
vn -0.7241 0.5343 0.4361
vn 0.5311 0.7841 0.3210
vn -0.5042 0.4460 -0.7395
vn 0.7595 0.3359 -0.5570
vn -0.7249 0.3920 0.5664
vn 0.4416 0.8023 0.4015
vn -0.8370 0.4943 0.2348
vn 0.8727 -0.3310 0.3588
vn -0.9789 -0.1191 -0.1658
vn -0.9319 -0.1195 -0.3424
vn 0.7840 0.5835 0.2120
vn 0.5801 0.7330 -0.3551
vn 0.1991 0.5796 -0.7902
vn 0.3095 0.6756 -0.6691
vn -0.3665 0.8850 0.2871
vn -0.3186 0.8640 -0.3898
vn -0.0006 0.9611 0.2762
vn 0.5951 0.6196 0.5118
vn 0.7710 0.6287 -0.1014
vn 0.6658 -0.4336 -0.6072
vn -0.7764 -0.5621 -0.2851
vn 0.6648 -0.7423 -0.0838
vn 0.6927 -0.5835 0.4239
vn 0.6566 -0.7330 -0.1775
vn 0.3983 -0.5796 -0.7109
vn 0.1306 -0.0980 -0.9866
vn -0.1321 -0.0451 -0.9902
vn -0.7710 0.6287 -0.1014
vn 0.0026 -0.8437 -0.5368
vn -0.6657 -0.4336 -0.6073
vn -0.8305 -0.2254 0.5094
vn -0.7032 0.7045 0.0959
vn 0.8885 0.4513 -0.0832
vn 0.0724 -0.7086 0.7018
vn -0.4941 0.5799 0.6477
vn -0.3315 0.8951 -0.2980
vn 0.3539 -0.1760 -0.9186
vn 0.0000 -0.7940 0.6079
vn 0.0000 -0.7404 0.6722
vn 0.9995 -0.0099 0.0310
vn 0.4997 0.7098 -0.4964
vn -0.8723 0.4071 -0.2707
vn -0.7588 0.4605 0.4605
vn -0.9693 0.1475 0.1969
vn -0.7621 0.4259 0.4877
vn -0.2846 0.7424 0.6065
vn 0.0000 -0.4207 0.9072
vn 0.0000 -0.8413 0.5405
vn 0.0000 -0.9387 -0.3446
vn 0.0000 -0.4694 -0.8830
vn 0.0000 0.4694 -0.8830
vn 0.0000 0.9387 -0.3446
vn 0.0000 0.8414 0.5405
vn 0.0000 0.4207 0.9072
vn 0.3932 0.8324 0.3905
vn -0.6500 0.4010 0.6455
vn 0.6847 -0.2622 0.6800
vn -0.4252 -0.8006 0.4222
vn 0.4251 -0.8006 -0.4223
vn -0.6847 -0.2622 -0.6800
vn 0.6500 0.4010 -0.6455
vn -0.3932 0.8324 -0.3905
vn 0.0000 0.9609 -0.2768
vn 0.0000 0.9610 0.2766
vn 0.0000 0.3541 0.9352
vn 0.0000 -0.3923 0.9198
vn 0.0000 -0.9667 0.2559
vn 0.0000 -0.9667 -0.2560
vn 0.0000 -0.3923 -0.9198
vn 0.0000 0.3540 -0.9352
vn -0.8689 0.4949 0.0000
vn -0.8639 -0.5037 0.0000
vn -0.1872 -0.9823 0.0000
vn 0.1872 -0.9823 0.0000
vn 0.8639 -0.5037 0.0000
vn 0.8689 0.4949 0.0000
vn 0.1914 0.9815 0.0000
vn -0.1914 0.9815 0.0000
vn 0.4628 -0.4581 -0.7589
vn -0.2017 0.5926 -0.7798
vn 0.1762 0.8849 -0.4311
vn 0.9590 -0.0999 -0.2651
vn 0.7248 -0.5018 0.4721
vn 0.7513 0.5742 0.3252
vn 0.2394 0.3058 0.9215
vn 0.1873 0.9823 0.0000
vn -0.1873 0.9823 -0.0000
vn -0.8640 0.5035 0.0000
vn -0.8637 -0.5040 0.0000
vn -0.1870 -0.9824 -0.0000
vn 0.1870 -0.9824 0.0000
vn 0.8637 -0.5040 -0.0000
vn 0.8640 0.5035 -0.0000
vn 0.6150 -0.4631 -0.6382
vn -0.4628 -0.4581 -0.7589
vn 0.2017 0.5926 -0.7798
vn -0.1762 0.8849 -0.4311
vn 0.5983 -0.5132 0.6153
vn -0.7248 -0.5018 0.4721
vn -0.9590 -0.0999 -0.2651
vn -0.7513 0.5742 0.3252
vn -0.2394 0.3058 0.9215
vn 0.2308 0.7936 0.5629
vn -0.1873 0.9823 0.0004
vn 0.8640 0.5035 0.0005
vn 0.1873 0.9823 -0.0001
vn 0.1870 -0.9824 -0.0001
vn -0.8640 0.5035 0.0002
vn -0.2570 0.9664 0.0000
vn 0.9231 0.3845 -0.0000
vn 0.2570 0.9664 0.0000
vn 0.9197 -0.3927 0.0002
vn 0.2526 -0.9676 -0.0002
vn -0.2526 -0.9676 0.0001
vn -0.9197 -0.3927 -0.0005
vn -0.9232 0.3844 0.0007
vn 0.6567 0.3276 -0.6793
vn -0.4737 0.4726 -0.7431
vn -0.9851 0.1667 0.0430
vn -0.8497 0.2808 0.4462
vn -0.0000 0.9980 0.0630
vn 0.0003 0.4453 0.8954
vn -0.5787 -0.8129 0.0653
vn -0.2697 -0.6635 0.6978
vn 0.6587 -0.7482 0.0795
vn 0.3348 -0.4694 0.8170
vn 0.8498 0.2808 0.4461
vn 0.9474 0.3130 0.0664
vn -0.8426 0.5366 -0.0454
vn -0.0000 0.9990 -0.0447
vn 0.9485 0.3132 -0.0470
vn -0.7528 -0.6567 -0.0447
vn 0.3764 -0.9254 -0.0440
vn -0.5719 -0.1550 -0.8055
vn -0.5719 0.6201 -0.5370
vn 0.6326 0.1464 -0.7605
vn 0.6326 0.7318 -0.2535
vn -0.3036 0.9003 0.3118
vn 0.6326 0.5855 0.5070
vn -0.8240 0.1071 0.5564
vn 0.4014 -0.1730 0.8994
vn -0.3036 -0.7203 0.6237
vn 0.8440 -0.5068 0.1755
vn -0.5719 -0.7751 -0.2685
vn 0.4014 -0.6923 -0.5996
vn -0.7083 -0.5540 0.4375
vn -0.6907 0.0881 0.7177
vn -0.6379 -0.4942 -0.5906
vn -0.4432 0.0598 -0.8944
vn 0.4146 -0.7981 0.4372
vn 0.5837 -0.3378 -0.7383
vn 0.8975 -0.1145 0.4258
vn 0.7007 -0.0945 -0.7072
vn -0.4292 0.6113 -0.6649
vn -0.8642 0.3833 -0.3258
vn -0.7285 -0.3955 0.5593
vn -0.7237 -0.4005 0.5619
vn 0.7324 0.3764 -0.5673
vn 0.8634 -0.3910 0.3187
vn 0.7276 0.3815 -0.5701
vn 0.4346 -0.6240 0.6494
vn -0.7313 0.3447 -0.5885
vn 0.7313 0.1723 -0.6599
vn -0.6667 -0.3334 -0.6667
vn -0.4082 -0.8165 0.4082
vn 0.6666 -0.3334 0.6667
vn -0.7313 0.1723 0.6599
vn 0.7313 0.3446 0.5886
vn -0.5815 0.7019 0.4113
vn 0.3366 0.9111 0.2380
vn -0.3366 0.9111 -0.2380
vn 0.5815 0.7019 -0.4112
vn -0.7313 0.1723 -0.6599
vn 0.6666 -0.3334 -0.6667
vn -0.4082 -0.8165 -0.4082
vn 0.7313 0.3447 -0.5885
vn -0.5815 0.7019 -0.4112
vn 0.3366 0.9111 -0.2380
vn 0.4082 -0.8165 0.4082
vn -0.6667 -0.3334 0.6666
vn 0.7313 0.1723 0.6599
vn -0.7313 0.3446 0.5886
vn 0.5815 0.7019 0.4113
vn -0.3366 0.9111 0.2380
vn -0.6150 -0.4631 -0.6382
vn -0.5983 -0.5132 0.6153
vn -0.2308 0.7936 0.5629
vn -0.7815 -0.3758 0.4980
vn 0.2936 -0.5854 0.7557
vn -0.5611 -0.2119 -0.8001
vn 0.7815 -0.3757 0.4980
vn -0.2936 -0.5854 0.7557
vn -0.5228 -0.1834 -0.8325
vn 0.5224 -0.8277 -0.2048
vn 0.6057 0.1368 -0.7838
vn -0.4571 0.1250 -0.8806
vn 0.9960 0.0000 0.0896
vn 0.9959 -0.0000 0.0900
vn 0.9687 0.2401 0.0625
vn 0.8117 -0.5030 -0.2967
vn -0.3270 -0.9428 0.0649
vn -0.8885 0.4513 -0.0832
vn 0.7032 0.7045 0.0959
vn -0.4444 0.8955 -0.0228
vn -0.7013 -0.7064 -0.0956
vn -0.7031 -0.7046 -0.0959
vn 0.4468 -0.8943 0.0227
vn 0.4458 0.8927 -0.0654
vn 0.7001 -0.6970 0.1552
vn -0.8944 -0.4460 -0.0338
vn -0.7015 0.6957 -0.1548
vn -0.7001 0.6970 -0.1551
vn -0.0000 0.9980 0.0631
vn 0.8497 0.2810 0.4461
vn 0.9851 0.1667 0.0430
vn -0.0000 0.4453 0.8954
vn -0.9474 0.3130 0.0663
vn 0.5787 -0.8129 0.0653
vn 0.2697 -0.6635 0.6978
vn -0.6587 -0.7482 0.0795
vn -0.3348 -0.4694 0.8170
vn -0.0003 0.9990 -0.0447
vn 0.8427 0.5365 -0.0454
vn 0.7528 -0.6567 -0.0447
vn -0.3764 -0.9254 -0.0440
vn -0.9484 0.3135 -0.0470
vn 0.5719 -0.1550 -0.8055
vn -0.6326 0.1463 -0.7605
vn 0.5719 0.6201 -0.5370
vn -0.6326 0.7318 -0.2535
vn 0.3036 0.9003 0.3118
vn -0.6326 0.5855 0.5070
vn 0.8240 0.1071 0.5564
vn -0.4014 -0.1730 0.8994
vn 0.3036 -0.7203 0.6237
vn -0.8440 -0.5068 0.1755
vn 0.5719 -0.7751 -0.2685
vn -0.4014 -0.6923 -0.5996
vn 0.4432 0.0599 -0.8944
vn 0.6907 0.0881 0.7177
vn 0.6379 -0.4942 -0.5907
vn 0.7083 -0.5540 0.4375
vn -0.7007 -0.0945 -0.7072
vn -0.5837 -0.3378 -0.7383
vn -0.8975 -0.1145 0.4258
vn -0.4146 -0.7981 0.4372
vn 0.4292 0.6113 -0.6649
vn 0.7285 -0.3955 0.5593
vn 0.8642 0.3833 -0.3258
vn 0.7237 -0.4005 0.5619
vn -0.7324 0.3764 -0.5673
vn -0.7276 0.3815 -0.5701
vn -0.8634 -0.3910 0.3187
vn -0.4346 -0.6240 0.6494
vn -0.5585 -0.7046 0.4378
vn 0.7735 -0.4881 0.4042
vn 0.3333 -0.6667 -0.6667
vn -0.0004 -0.3254 -0.9456
vn 0.0000 -0.9936 0.1129
vn -0.3569 -0.7129 -0.6036
vn -0.8871 -0.4425 0.1312
vn -0.9252 0.2350 0.2978
vn 0.0000 0.0281 0.9996
vn -0.0000 -0.6684 0.7438
vn 0.2432 -0.9237 0.2960
vn -0.0958 0.0000 0.9954
vn -0.0883 -0.0003 0.9961
vn -0.8117 -0.5030 -0.2967
vn 0.7014 -0.7064 -0.0956
vn -0.4468 -0.8943 0.0227
vn -0.7001 -0.6970 0.1552
vn -0.4458 0.8927 -0.0654
vn 0.8944 -0.4460 -0.0338
vn 0.7015 0.6956 -0.1548
vn -0.2974 0.1221 0.9469
vn 0.2269 0.0273 0.9735
vn -0.7733 -0.5839 0.2470
vn -0.1379 -0.8834 0.4479
vn 0.3770 -0.5576 0.7395
vn -0.8165 -0.4083 0.4082
vn -0.3333 -0.6667 -0.6667
vn 0.5774 -0.5774 0.5773
vn 0.5773 -0.5773 -0.5774
vn -0.8944 -0.0001 -0.4472
vn 0.7071 -0.0001 0.7071
vn 0.8165 -0.4084 0.4081
vn -0.5774 -0.5774 0.5773
vn -0.5774 -0.5773 -0.5774
vn -0.7071 -0.0001 0.7071
vn 0.3214 -0.3267 0.8888
vn 0.2022 0.2602 0.9441
vn -0.3144 -0.1599 0.9357
vn -0.2094 0.5387 0.8160
vn -0.9231 0.3845 0.0000
vn -0.9197 -0.3927 0.0000
vn -0.2526 -0.9676 -0.0000
vn 0.2526 -0.9676 0.0000
vn 0.9197 -0.3927 -0.0000
vn -0.6251 0.6646 0.4093
vn 0.7685 0.1505 0.6218
vn 0.3717 0.9256 0.0711
vn -0.6251 -0.1837 0.7586
vn -0.3718 -0.9256 0.0709
vn 0.3718 -0.7906 0.4866
vn -0.3717 0.7072 -0.6014
vn 0.6251 0.2973 -0.7217
vn -0.7685 -0.2436 -0.5916
vn 0.6251 -0.5944 -0.5058
usemtl Tractor.001
s 1
f 1/1/1 2/2/2 3/3/3
f 3/3/3 2/2/2 4/4/4
f 3/5/3 4/6/4 5/7/5
f 5/7/5 4/6/4 6/8/6
f 7/9/7 8/10/8 9/11/9
f 9/11/9 8/10/8 10/12/10
f 9/11/9 10/12/10 11/13/11
f 11/13/11 10/12/10 12/14/12
f 11/13/11 12/14/12 13/15/13
f 13/15/13 12/14/12 14/16/14
f 13/15/13 14/16/14 15/17/15
f 15/17/15 14/16/14 16/18/16
f 15/19/15 16/20/16 17/21/17
f 17/21/17 16/20/16 18/22/18
f 17/21/17 18/22/18 19/23/19
f 19/23/19 18/22/18 20/24/20
f 19/23/19 20/24/20 21/25/21
f 21/25/21 20/24/20 22/26/22
f 21/25/21 22/26/22 7/27/7
f 7/27/7 22/26/22 8/28/8
f 12/29/12 23/30/23 14/31/14
f 16/32/16 14/31/14 23/30/23
f 20/33/20 18/34/18 23/30/23
f 16/32/16 23/30/23 18/34/18
f 8/35/8 22/36/22 23/30/23
f 20/33/20 23/30/23 22/36/22
f 12/29/12 10/37/10 23/30/23
f 8/35/8 23/30/23 10/37/10
f 24/38/24 25/39/25 26/40/23
f 26/40/23 25/39/25 27/41/26
f 28/42/27 29/43/28 30/44/29
f 29/43/28 31/45/30 30/44/29
f 32/46/31 33/47/32 34/48/33
f 34/48/33 33/47/32 35/49/34
f 35/49/34 36/50/35 34/48/33
f 34/48/33 36/50/35 37/51/36
f 29/43/28 28/42/37 31/45/30
f 31/45/30 28/42/37 30/44/38
f 38/52/39 39/53/40 30/54/41
f 30/54/41 39/53/40 31/55/42
f 40/56/43 41/57/44 42/58/45
f 42/58/45 41/57/44 43/59/46
f 44/60/47 40/56/43 45/61/48
f 45/61/48 40/56/43 42/58/45
f 46/62/49 44/60/47 47/63/50
f 47/63/50 44/60/47 45/61/48
f 42/64/45 43/65/46 45/66/48
f 45/66/48 43/65/46 47/67/50
f 48/68/51 49/69/52 50/70/53
f 50/70/53 49/69/52 51/71/54
f 52/72/55 48/68/51 53/73/56
f 53/73/56 48/68/51 50/70/53
f 54/74/57 52/75/55 53/76/56
f 52/75/55 54/74/57 55/77/58
f 55/77/58 54/74/57 56/78/59
f 56/78/59 54/74/57 57/79/60
f 50/80/53 51/81/54 53/82/56
f 53/82/56 51/81/54 54/83/57
f 52/84/55 55/85/58 48/86/51
f 48/86/51 55/85/58 49/87/52
f 58/88/61 59/89/62 49/69/52
f 49/69/52 59/89/62 51/71/54
f 59/90/62 57/91/60 51/81/54
f 51/81/54 57/91/60 54/83/57
f 56/92/59 58/93/61 55/85/58
f 55/85/58 58/93/61 49/87/52
f 60/94/63 61/95/64 62/96/65
f 62/96/65 61/95/64 63/97/66
f 64/98/67 65/99/68 66/100/69
f 66/100/69 65/99/68 67/101/70
f 61/102/64 64/103/67 63/104/66
f 63/104/66 64/103/67 66/105/69
f 65/99/68 60/106/63 67/101/70
f 67/101/70 60/106/63 62/107/65
f 68/108/71 69/109/72 70/110/73
f 70/110/73 69/109/72 71/111/74
f 72/112/75 73/113/76 74/114/77
f 74/114/77 73/113/76 75/115/78
f 76/116/79 71/117/74 69/118/72
f 77/119/80 76/120/79 68/108/71
f 68/108/71 76/120/79 69/109/72
f 70/121/73 77/122/80 68/123/71
f 71/117/74 76/116/79 75/124/78
f 75/124/78 76/116/79 74/125/77
f 74/114/77 76/120/79 72/112/75
f 72/112/75 76/120/79 77/119/80
f 72/126/75 77/122/80 73/127/76
f 73/127/76 77/122/80 70/121/73
f 78/128/81 79/129/82 80/130/83
f 80/130/83 79/129/82 81/131/84
f 80/130/83 81/131/84 82/132/85
f 82/132/85 81/131/84 83/133/86
f 82/132/85 83/133/86 84/134/87
f 82/132/85 84/134/87 85/135/88
f 78/128/81 86/136/89 79/129/82
f 86/136/89 78/128/81 87/137/90
f 81/138/84 79/139/82 83/140/86
f 83/140/86 79/139/82 86/141/89
f 78/142/81 80/143/83 87/144/90
f 87/144/90 80/143/83 82/145/85
f 88/146/78 86/136/89 89/147/91
f 89/147/91 86/136/89 87/137/90
f 84/148/87 83/140/86 88/149/78
f 88/149/78 83/140/86 86/141/89
f 89/150/91 87/144/90 85/151/88
f 85/151/88 87/144/90 82/145/85
f 90/152/92 91/153/93 92/154/94
f 92/154/94 91/153/93 93/155/88
f 94/156/95 95/157/96 96/158/97
f 96/158/97 95/157/96 97/159/98
f 93/160/88 98/161/99 92/162/94
f 99/163/100 90/152/92 98/164/99
f 98/164/99 90/152/92 92/154/94
f 99/165/100 91/166/93 90/167/92
f 95/168/96 98/161/99 97/169/98
f 97/169/98 98/161/99 93/160/88
f 95/157/96 94/156/95 98/164/99
f 98/164/99 94/156/95 99/163/100
f 94/170/95 96/171/97 99/165/100
f 99/165/100 96/171/97 91/166/93
f 100/172/101 101/173/102 102/174/103
f 102/174/103 101/173/102 103/175/104
f 104/176/105 105/177/106 102/174/103
f 102/174/103 105/177/106 100/172/101
f 106/178/107 107/179/108 104/176/105
f 104/176/105 107/179/108 105/177/106
f 101/173/102 107/179/108 103/175/104
f 103/175/104 107/179/108 106/178/107
f 108/180/109 109/181/110 110/182/111
f 110/182/111 109/181/110 111/183/112
f 112/184/113 113/185/114 108/180/109
f 108/180/109 113/185/114 109/181/110
f 114/186/115 115/187/116 112/188/113
f 112/188/113 115/187/116 113/189/114
f 109/190/110 113/191/114 111/183/112
f 111/183/112 113/191/114 115/192/116
f 112/193/113 108/194/109 114/195/115
f 114/195/115 108/194/109 110/196/111
f 116/197/117 110/182/111 117/198/118
f 117/198/118 110/182/111 111/183/112
f 118/199/119 115/187/116 119/200/120
f 119/200/120 115/187/116 114/186/115
f 117/198/118 111/183/112 118/201/119
f 118/201/119 111/183/112 115/192/116
f 119/202/120 114/195/115 116/203/117
f 116/203/117 114/195/115 110/196/111
f 118/204/119 119/205/120 117/198/118
f 117/198/118 119/205/120 116/197/117
f 120/206/121 121/207/122 122/208/123
f 122/208/123 121/207/122 123/209/124
f 124/210/125 125/211/126 126/212/127
f 126/212/127 125/211/126 127/213/128
f 121/214/122 128/215/129 123/216/124
f 123/216/124 128/215/129 124/210/125
f 126/217/127 127/218/128 122/219/123
f 122/219/123 127/218/128 129/220/130
f 130/221/131 131/222/132 132/223/133
f 132/223/133 131/222/132 133/224/134
f 131/222/132 134/225/135 133/224/134
f 133/224/134 134/225/135 135/226/136
f 134/225/135 136/227/137 135/226/136
f 135/226/136 136/227/137 137/228/138
f 137/228/138 138/229/139 139/230/140
f 138/229/139 137/228/138 136/227/137
f 140/231/141 130/232/131 141/233/142
f 141/233/142 130/232/131 132/234/133
f 132/235/133 137/236/138 141/237/142
f 141/237/142 137/236/138 139/238/140
f 132/235/133 133/239/134 137/236/138
f 137/236/138 133/239/134 135/240/136
f 2/241/2 142/242/143 4/243/4
f 4/243/4 142/242/143 6/244/6
f 5/245/5 6/246/6 143/247/144
f 143/247/144 6/246/6 142/248/143
f 144/249/145 145/250/146 146/251/147
f 146/251/147 145/250/146 147/252/148
f 148/253/149 145/254/146 149/255/150
f 149/255/150 145/254/146 144/256/145
f 150/257/151 151/258/152 152/259/153
f 152/259/153 151/258/152 153/260/154
f 153/260/154 154/261/155 152/259/153
f 152/259/153 154/261/155 155/262/156
f 155/263/156 156/264/23 152/265/153
f 152/265/153 156/264/23 150/266/151
f 25/267/25 24/268/24 157/269/157
f 157/269/157 24/268/24 158/270/158
f 159/271/159 160/272/160 161/273/161
f 161/273/161 160/272/160 162/274/23
f 163/275/23 158/276/158 160/277/160
f 160/277/160 158/276/158 162/278/23
f 164/279/162 157/269/157 163/280/23
f 163/280/23 157/269/157 158/270/158
f 157/281/157 164/282/162 165/283/163
f 166/284/164 167/285/165 168/286/166
f 168/286/166 167/285/165 169/287/167
f 168/286/166 169/287/167 170/288/168
f 170/288/168 169/287/167 171/289/169
f 171/290/169 167/285/165 170/291/168
f 170/291/168 167/285/165 166/284/164
f 166/284/164 168/286/166 172/292/170
f 172/292/170 168/286/166 173/293/171
f 173/293/171 168/286/166 174/294/172
f 174/294/172 168/286/166 170/288/168
f 174/295/172 170/291/168 172/292/170
f 172/292/170 170/291/168 166/284/164
f 172/292/170 173/293/171 175/296/173
f 175/296/173 173/293/171 176/297/174
f 176/297/174 173/293/171 177/298/175
f 177/298/175 173/293/171 174/294/172
f 177/299/175 174/295/172 175/296/173
f 175/296/173 174/295/172 172/292/170
f 175/296/173 176/297/174 178/300/176
f 178/300/176 176/297/174 179/301/177
f 179/301/177 176/297/174 180/302/178
f 180/302/178 176/297/174 177/298/175
f 180/303/178 177/299/175 178/300/176
f 178/300/176 177/299/175 175/296/173
f 181/304/179 178/305/176 182/306/180
f 182/306/180 178/305/176 179/307/177
f 182/306/180 179/307/177 183/308/181
f 183/308/181 179/307/177 180/309/178
f 180/310/178 178/305/176 183/311/181
f 183/311/181 178/305/176 181/304/179
f 183/311/181 181/304/179 184/312/182
f 184/312/182 181/304/179 185/313/183
f 186/314/184 187/315/185 188/316/186
f 188/316/186 187/315/185 189/317/187
f 188/316/186 189/317/187 190/318/188
f 190/318/188 189/317/187 191/319/189
f 190/320/188 191/321/189 192/322/190
f 192/322/190 191/321/189 193/323/191
f 192/322/190 193/323/191 194/324/192
f 194/324/192 193/323/191 195/325/193
f 194/324/192 195/325/193 186/326/184
f 186/326/184 195/325/193 187/327/185
f 188/328/186 190/320/188 186/329/184
f 196/330/194 197/331/195 198/332/196
f 198/332/196 197/331/195 199/333/197
f 200/334/198 199/333/197 197/331/195
f 197/331/195 196/330/194 200/335/198
f 200/335/198 196/330/194 201/336/199
f 198/332/196 201/337/199 196/330/194
f 202/338/200 203/339/201 204/340/202
f 204/340/202 203/339/201 205/341/203
f 206/342/204 207/343/205 208/344/206
f 208/344/206 207/343/205 209/345/207
f 206/346/204 208/347/206 210/348/208
f 210/348/208 208/347/206 211/349/209
f 210/348/208 211/349/209 202/350/200
f 202/350/200 211/349/209 203/351/201
f 210/352/208 207/343/205 206/353/204
f 202/354/200 207/343/205 210/352/208
f 212/355/210 207/343/205 204/356/202
f 204/356/202 207/343/205 202/354/200
f 213/357/211 214/358/212 215/359/213
f 216/360/214 215/361/213 217/362/215
f 217/362/215 215/361/213 214/363/212
f 33/364/32 218/365/216 35/366/34
f 35/366/34 218/365/216 36/367/35
f 218/365/216 217/362/215 36/367/35
f 214/358/212 213/357/211 219/368/217
f 219/368/217 213/357/211 220/369/218
f 214/363/212 36/367/35 217/362/215
f 219/368/217 37/370/36 214/358/212
f 214/358/212 37/370/36 36/371/35
f 221/372/219 222/373/220 223/374/221
f 223/374/221 222/373/220 224/375/222
f 225/376/223 226/377/224 227/378/225
f 227/378/225 226/377/224 228/379/226
f 229/380/227 225/376/223 230/381/228
f 230/381/228 225/376/223 227/378/225
f 231/382/229 232/383/230 220/384/218
f 231/382/229 233/385/231 234/386/232
f 233/385/231 231/382/229 220/384/218
f 224/375/222 235/387/233 236/388/234
f 226/377/224 224/375/222 237/389/235
f 237/389/235 224/375/222 238/390/236
f 239/391/237 240/392/238 226/377/224
f 241/393/239 242/394/240 240/392/238
f 240/392/238 242/394/240 243/395/241
f 224/375/222 236/388/234 238/390/236
f 226/377/224 237/389/235 239/391/237
f 226/377/224 225/376/223 244/396/242
f 236/397/234 235/398/233 245/399/243
f 245/399/243 235/398/233 233/400/231
f 238/401/236 236/402/234 246/403/244
f 246/403/244 236/402/234 245/404/243
f 237/405/235 238/401/236 247/406/245
f 247/406/245 238/401/236 246/403/244
f 239/407/237 237/405/235 248/408/246
f 248/408/246 237/405/235 247/406/245
f 240/392/238 239/391/237 249/409/247
f 249/409/247 239/391/237 248/410/246
f 241/411/239 240/412/238 250/413/248
f 250/413/248 240/412/238 249/414/247
f 251/415/249 241/411/239 234/416/232
f 234/416/232 241/411/239 250/413/248
f 235/417/233 251/415/249 233/418/231
f 233/418/231 251/415/249 234/416/232
f 247/419/245 252/420/250 248/421/246
f 248/421/246 252/420/250 249/422/247
f 252/420/250 253/423/251 249/422/247
f 249/422/247 253/423/251 254/424/252
f 255/425/253 250/426/248 254/424/252
f 254/424/252 250/426/248 249/422/247
f 225/376/223 229/380/227 244/396/242
f 244/396/242 229/380/227 256/427/254
f 252/420/250 229/428/227 253/423/251
f 253/423/251 229/428/227 230/429/228
f 229/428/227 252/420/250 256/430/254
f 246/431/244 245/432/243 213/433/211
f 245/432/243 233/385/231 213/433/211
f 213/433/211 233/385/231 220/384/218
f 252/420/250 247/419/245 213/433/211
f 213/433/211 247/419/245 246/431/244
f 257/434/255 231/382/229 234/386/232
f 250/426/248 255/425/253 234/386/232
f 234/386/232 255/425/253 257/434/255
f 241/393/239 251/435/249 242/394/240
f 242/394/240 251/435/249 258/436/256
f 235/387/233 224/375/222 222/373/220
f 258/436/256 251/435/249 222/373/220
f 222/373/220 251/435/249 235/387/233
f 259/437/40 39/53/40 224/438/222
f 224/438/222 39/53/40 223/439/221
f 223/439/221 39/53/40 38/52/39
f 260/440/257 261/441/258 262/442/259
f 262/442/259 261/441/258 263/443/260
f 264/444/261 263/445/260 261/446/258
f 264/447/261 262/442/259 263/443/260
f 264/444/261 260/448/257 262/449/259
f 265/450/262 266/451/263 267/452/264
f 267/452/264 266/451/263 268/453/265
f 268/454/265 269/455/261 267/456/264
f 266/451/263 269/457/261 268/453/265
f 265/458/262 269/455/261 266/459/263
f 270/460/266 271/461/267 272/462/268
f 272/462/268 271/461/267 273/463/269
f 273/464/269 274/465/270 272/466/268
f 272/466/268 274/465/270 275/467/271
f 274/468/270 271/461/267 275/469/271
f 275/469/271 271/461/267 270/460/266
f 276/470/272 277/471/273 278/472/274
f 277/471/273 276/470/272 279/473/275
f 279/473/275 280/474/276 277/471/273
f 277/471/273 280/474/276 281/475/277
f 282/476/278 280/477/276 279/478/275
f 283/479/279 282/480/278 276/481/272
f 276/481/272 282/480/278 279/478/275
f 282/476/278 284/482/280 280/477/276
f 280/477/276 284/482/280 285/483/281
f 280/474/276 285/484/281 281/475/277
f 281/475/277 285/484/281 286/485/282
f 287/486/283 284/487/280 283/479/279
f 283/479/279 284/487/280 282/480/278
f 288/488/284 289/489/285 276/490/272
f 276/490/272 289/489/285 283/491/279
f 289/489/285 290/492/286 283/491/279
f 283/491/279 290/492/286 287/493/283
f 284/494/280 291/495/287 285/496/281
f 285/496/281 291/495/287 286/497/282
f 287/498/283 292/499/288 284/494/280
f 284/494/280 292/499/288 291/495/287
f 142/248/143 2/500/2 143/247/144
f 2/500/2 1/501/1 143/247/144
f 11/502/11 13/503/13 293/504/289
f 15/505/15 293/504/289 13/503/13
f 7/506/7 9/507/9 293/504/289
f 11/502/11 293/504/289 9/507/9
f 19/508/19 21/509/21 293/504/289
f 7/506/7 293/504/289 21/509/21
f 15/505/15 17/510/17 293/504/289
f 19/508/19 293/504/289 17/510/17
f 294/511/290 295/512/291 296/513/292
f 296/513/292 295/512/291 297/514/293
f 38/515/39 30/516/41 298/517/294
f 298/517/294 30/516/41 28/518/37
f 44/60/47 46/519/49 40/56/43
f 40/56/43 46/519/49 41/520/44
f 299/521/295 300/522/296 301/523/297
f 300/522/296 299/521/295 302/524/298
f 302/524/298 299/521/295 303/525/48
f 302/524/298 303/525/48 304/526/299
f 303/525/48 305/527/300 304/526/299
f 304/526/299 305/527/300 306/528/301
f 299/529/295 301/530/297 303/531/48
f 303/531/48 301/530/297 305/532/300
f 304/533/299 306/534/301 302/535/298
f 302/535/298 306/534/301 300/536/296
f 307/537/302 308/538/303 300/522/296
f 300/522/296 308/538/303 301/523/297
f 309/539/304 310/540/305 305/527/300
f 305/527/300 310/540/305 306/528/301
f 308/541/303 309/542/304 301/530/297
f 301/530/297 309/542/304 305/532/300
f 310/543/305 307/544/302 306/534/301
f 306/534/301 307/544/302 300/536/296
f 311/545/306 312/546/307 313/547/308
f 313/547/308 312/546/307 314/548/309
f 315/549/310 313/547/308 316/550/311
f 316/550/311 313/547/308 314/548/309
f 317/551/312 315/549/310 318/552/313
f 318/552/313 315/549/310 316/550/311
f 317/551/312 318/552/313 311/545/306
f 311/545/306 318/552/313 312/546/307
f 319/553/314 320/554/315 321/555/316
f 321/555/316 320/554/315 322/556/317
f 323/557/318 319/553/314 324/558/319
f 324/558/319 319/553/314 321/555/316
f 325/559/320 323/560/318 326/561/321
f 326/561/321 323/560/318 324/562/319
f 321/563/316 322/556/317 324/564/319
f 324/564/319 322/556/317 326/565/321
f 323/566/318 325/567/320 319/568/314
f 319/568/314 325/567/320 320/569/315
f 327/570/322 328/571/323 320/554/315
f 320/554/315 328/571/323 322/556/317
f 329/572/324 330/573/325 326/561/321
f 326/561/321 330/573/325 325/559/320
f 328/571/323 329/574/324 322/556/317
f 322/556/317 329/574/324 326/565/321
f 330/575/325 327/576/322 325/567/320
f 325/567/320 327/576/322 320/569/315
f 329/577/324 328/571/323 330/578/325
f 330/578/325 328/571/323 327/570/322
f 331/579/326 332/580/327 333/581/328
f 333/581/328 332/580/327 334/582/329
f 335/583/330 336/584/331 337/585/332
f 337/585/332 336/584/331 338/586/333
f 339/587/334 335/583/330 337/585/332
f 340/588/335 333/589/328 334/590/329
f 335/583/330 339/587/334 331/591/326
f 331/591/326 339/587/334 332/592/327
f 336/593/331 333/589/328 338/594/333
f 338/594/333 333/589/328 340/588/335
f 124/210/125 128/215/129 125/211/126
f 122/219/123 129/220/130 120/595/121
f 129/596/130 128/597/129 120/598/121
f 120/598/121 128/597/129 121/599/122
f 127/600/128 125/601/126 129/596/130
f 129/596/130 125/601/126 128/597/129
f 341/602/336 342/603/337 343/604/338
f 343/604/338 342/603/337 344/605/339
f 343/604/338 344/605/339 345/606/340
f 345/606/340 344/605/339 346/607/341
f 345/606/340 346/607/341 347/608/342
f 347/608/342 346/607/341 348/609/343
f 347/608/342 348/609/343 349/610/344
f 349/610/344 348/609/343 350/611/345
f 349/610/344 350/611/345 351/612/346
f 351/612/346 350/611/345 352/613/347
f 351/612/346 352/613/347 341/602/336
f 341/602/336 352/613/347 342/603/337
f 344/614/339 342/615/337 352/616/347
f 348/617/343 346/618/341 350/619/345
f 352/616/347 350/619/345 344/614/339
f 344/614/339 350/619/345 346/618/341
f 341/620/336 343/621/338 351/622/346
f 345/623/340 347/624/342 349/625/344
f 351/622/346 343/621/338 349/625/344
f 349/625/344 343/621/338 345/623/340
f 353/626/348 354/627/349 355/628/350
f 355/628/350 354/627/349 356/629/351
f 356/629/351 357/630/352 355/628/350
f 355/628/350 357/630/352 358/631/353
f 357/630/352 359/632/354 358/631/353
f 358/631/353 359/632/354 360/633/355
f 360/633/355 359/632/354 353/626/348
f 353/626/348 359/632/354 354/627/349
f 361/634/356 362/635/357 363/636/358
f 363/636/358 362/635/357 364/637/359
f 363/636/358 364/637/359 365/638/360
f 365/638/360 364/637/359 366/639/361
f 366/639/361 367/640/362 365/638/360
f 365/638/360 367/640/362 368/641/363
f 367/640/362 362/635/357 368/641/363
f 368/641/363 362/635/357 361/634/356
f 363/642/358 365/643/360 361/644/356
f 361/644/356 365/643/360 368/645/363
f 369/646/364 370/647/365 371/648/366
f 371/648/366 370/647/365 372/649/93
f 370/650/365 369/651/364 373/652/367
f 373/652/367 369/651/364 374/653/368
f 375/654/369 371/655/366 376/656/370
f 376/656/370 371/655/366 372/657/93
f 377/658/371 378/659/372 379/660/373
f 379/660/373 378/659/372 380/661/374
f 379/660/373 380/661/374 381/662/375
f 381/662/375 380/661/374 382/663/376
f 381/662/375 382/663/376 383/664/377
f 383/664/377 382/663/376 384/665/378
f 383/664/377 384/665/378 385/666/379
f 385/666/379 384/665/378 386/667/380
f 387/668/381 388/669/382 377/670/371
f 377/670/371 388/669/382 378/671/372
f 377/672/371 379/660/373 389/673/383
f 379/660/373 381/662/375 389/673/383
f 381/662/375 383/674/377 389/673/383
f 383/674/377 385/675/379 389/673/383
f 385/675/379 387/676/381 389/673/383
f 387/676/381 377/672/371 389/673/383
f 378/677/372 388/678/382 384/679/378
f 384/679/378 388/678/382 386/680/380
f 378/677/372 384/679/378 380/681/374
f 380/681/374 384/679/378 382/682/376
f 390/683/384 391/684/385 392/685/386
f 392/685/386 391/684/385 393/686/387
f 392/685/386 393/686/387 394/687/388
f 394/687/388 393/686/387 395/688/389
f 394/687/388 395/688/389 396/689/390
f 396/689/390 395/688/389 397/690/140
f 393/691/387 391/692/385 395/693/389
f 395/693/389 391/692/385 397/694/140
f 390/695/384 392/696/386 396/697/390
f 396/697/390 392/696/386 394/698/388
f 131/222/132 130/699/131 398/700/391
f 134/225/135 131/222/132 398/700/391
f 136/701/137 134/225/135 398/700/391
f 138/702/139 136/701/137 398/700/391
f 140/703/141 138/702/139 398/700/391
f 130/699/131 140/703/141 398/700/391
f 399/704/392 400/705/393 401/706/394
f 401/706/394 400/705/393 402/707/395
f 400/705/393 403/708/396 402/707/395
f 402/707/395 403/708/396 404/709/397
f 403/708/396 405/710/398 404/709/397
f 404/709/397 405/710/398 406/711/399
f 402/712/395 404/713/397 401/714/394
f 401/714/394 404/713/397 406/715/399
f 399/716/392 405/717/398 400/718/393
f 400/718/393 405/717/398 403/719/396
f 407/720/400 408/721/401 409/722/402
f 409/722/402 408/721/401 410/723/403
f 411/724/404 412/725/405 410/723/403
f 410/723/403 412/725/405 409/722/402
f 413/726/406 414/727/407 415/728/408
f 415/728/408 414/727/407 416/729/93
f 417/730/409 408/721/401 418/731/410
f 418/731/410 408/721/401 407/720/400
f 412/732/405 418/733/410 409/722/402
f 409/722/402 418/733/410 407/720/400
f 419/734/411 420/735/412 412/736/405
f 412/736/405 420/735/412 418/737/410
f 411/738/404 410/739/403 417/740/409
f 417/740/409 410/739/403 408/741/401
f 417/742/409 421/743/413 411/744/404
f 411/744/404 421/743/413 422/745/414
f 420/735/412 419/734/411 423/746/415
f 423/746/415 419/734/411 424/747/416
f 421/743/413 425/748/417 422/745/414
f 422/745/414 425/748/417 426/749/418
f 416/750/93 427/751/419 415/752/408
f 424/753/416 428/754/420 429/755/421
f 430/756/422 428/757/420 415/758/408
f 415/758/408 428/757/420 431/759/423
f 432/760/424 429/761/421 430/756/422
f 430/756/422 429/761/421 428/757/420
f 424/753/416 429/755/421 423/762/415
f 423/762/415 429/755/421 433/763/425
f 429/761/421 432/760/424 433/764/425
f 433/764/425 432/760/424 427/765/419
f 427/751/419 432/766/424 415/752/408
f 415/752/408 432/766/424 430/767/422
f 434/768/88 414/769/407 413/770/406
f 435/771/426 413/772/406 436/773/427
f 436/773/427 413/772/406 437/774/428
f 438/775/429 435/771/426 439/776/430
f 439/776/430 435/771/426 436/773/427
f 426/777/418 425/778/417 439/779/430
f 439/779/430 425/778/417 440/780/431
f 434/781/88 438/775/429 440/782/431
f 440/782/431 438/775/429 439/776/430
f 413/770/406 435/783/426 438/784/429
f 413/770/406 438/784/429 434/768/88
f 441/785/432 442/786/433 443/787/434
f 443/787/434 442/786/433 444/788/435
f 151/789/152 445/790/289 153/260/154
f 153/260/154 445/790/289 154/261/155
f 159/271/159 161/273/161 446/791/436
f 446/791/436 161/273/161 447/792/437
f 448/793/438 449/794/439 450/795/440
f 450/795/440 449/794/439 451/796/441
f 450/795/440 451/796/441 452/797/442
f 452/797/442 451/796/441 453/798/443
f 453/799/443 449/794/439 452/800/442
f 452/800/442 449/794/439 448/793/438
f 167/285/165 448/793/438 169/287/167
f 169/287/167 448/793/438 450/795/440
f 169/287/167 450/795/440 171/289/169
f 171/289/169 450/795/440 452/797/442
f 452/800/442 448/793/438 171/290/169
f 171/290/169 448/793/438 167/285/165
f 185/313/183 181/304/179 454/801/444
f 454/801/444 181/304/179 182/306/180
f 454/801/444 182/306/180 184/802/182
f 184/802/182 182/306/180 183/308/181
f 455/803/445 185/313/183 456/804/446
f 456/804/446 185/313/183 454/801/444
f 456/804/446 454/801/444 457/805/447
f 457/805/447 454/801/444 184/802/182
f 184/312/182 185/313/183 457/806/447
f 457/806/447 185/313/183 455/803/445
f 455/803/445 456/804/446 458/807/448
f 458/807/448 456/804/446 459/808/449
f 459/808/449 456/804/446 460/809/450
f 460/809/450 456/804/446 457/805/447
f 460/810/450 457/806/447 458/807/448
f 458/807/448 457/806/447 455/803/445
f 458/807/448 459/808/449 461/811/451
f 461/811/451 459/808/449 462/812/452
f 462/812/452 459/808/449 463/813/453
f 463/813/453 459/808/449 460/809/450
f 463/814/453 460/810/450 461/811/451
f 461/811/451 460/810/450 458/807/448
f 461/811/451 462/812/452 449/815/439
f 449/815/439 462/812/452 451/816/441
f 451/816/441 462/812/452 453/817/443
f 453/817/443 462/812/452 463/813/453
f 453/818/443 463/814/453 449/815/439
f 449/815/439 463/814/453 461/811/451
f 192/322/190 194/819/192 186/329/184
f 190/320/188 192/322/190 186/329/184
f 464/820/454 465/821/455 466/822/456
f 466/822/456 465/821/455 467/823/457
f 467/823/457 468/824/68 466/822/456
f 466/822/456 468/825/68 464/820/454
f 464/820/454 468/825/68 469/826/199
f 469/827/199 465/821/455 464/820/454
f 207/343/205 212/355/210 209/345/207
f 209/345/207 212/355/210 470/828/458
f 470/828/458 212/355/210 471/829/459
f 471/829/459 212/355/210 472/830/460
f 473/831/461 471/829/459 474/832/462
f 474/832/462 471/829/459 472/830/460
f 205/833/203 473/831/461 204/834/202
f 204/834/202 473/831/461 474/832/462
f 474/835/462 472/836/460 212/355/210
f 204/356/202 474/835/462 212/355/210
f 475/837/463 476/838/464 477/839/465
f 477/839/465 476/838/464 478/840/466
f 479/841/467 219/368/217 220/369/218
f 219/842/217 479/843/467 480/844/468
f 480/844/468 479/843/467 481/845/469
f 482/846/470 37/847/36 480/844/468
f 219/842/217 480/844/468 37/847/36
f 298/848/294 483/849/471 38/850/39
f 38/850/39 483/849/471 484/851/472
f 223/852/221 484/853/472 220/854/218
f 220/854/218 484/853/472 479/855/467
f 484/851/472 483/849/471 479/843/467
f 479/843/467 483/849/471 481/845/469
f 485/856/473 223/374/221 486/857/474
f 486/857/474 223/374/221 228/379/226
f 223/374/221 485/856/473 221/372/219
f 228/379/226 487/858/475 486/857/474
f 488/859/476 489/860/477 490/861/478
f 490/861/478 489/860/477 491/862/479
f 228/379/226 489/860/477 492/863/480
f 492/863/480 489/860/477 493/864/481
f 489/860/477 488/859/476 493/864/481
f 228/379/226 492/863/480 227/378/225
f 494/865/482 495/866/483 496/867/484
f 496/867/484 495/866/483 253/423/251
f 231/868/229 222/869/220 232/870/230
f 232/870/230 222/869/220 221/871/219
f 232/872/230 221/873/219 497/874/485
f 497/874/485 221/873/219 485/875/473
f 497/874/485 485/875/473 498/876/486
f 498/876/486 485/875/473 486/877/474
f 498/876/486 486/877/474 499/878/487
f 499/878/487 486/877/474 487/879/475
f 499/880/487 487/881/475 254/882/252
f 254/882/252 487/881/475 243/883/241
f 254/884/252 243/885/241 255/886/253
f 255/886/253 243/885/241 242/887/240
f 255/886/253 242/887/240 257/888/255
f 257/888/255 242/887/240 258/889/256
f 257/888/255 258/889/256 231/890/229
f 231/890/229 258/889/256 222/891/220
f 498/892/486 499/893/487 253/423/251
f 499/893/487 254/424/252 253/423/251
f 227/378/225 492/863/480 230/381/228
f 230/381/228 492/863/480 496/894/484
f 492/863/480 493/864/481 496/894/484
f 496/894/484 493/864/481 494/895/482
f 493/864/481 488/859/476 494/895/482
f 494/895/482 488/859/476 500/896/488
f 500/897/488 488/898/476 501/899/489
f 501/899/489 488/898/476 490/900/478
f 230/429/228 496/867/484 253/423/251
f 495/866/483 494/865/482 500/901/488
f 497/902/485 220/384/218 232/383/230
f 253/423/251 220/384/218 498/892/486
f 498/892/486 220/384/218 497/902/485
f 226/377/224 244/396/242 491/862/479
f 491/862/479 244/396/242 502/903/490
f 252/420/250 503/904/491 256/430/254
f 256/430/254 503/904/491 504/905/492
f 244/396/242 256/427/254 502/903/490
f 502/903/490 256/427/254 504/906/492
f 243/395/241 487/858/475 228/379/226
f 243/395/241 228/379/226 240/392/238
f 240/392/238 228/379/226 226/377/224
f 489/860/477 228/379/226 495/907/483
f 495/907/483 228/379/226 253/908/251
f 253/908/251 228/379/226 220/909/218
f 220/909/218 228/379/226 223/374/221
f 481/910/469 483/911/471 505/912/493
f 481/910/469 506/913/494 480/914/468
f 480/914/468 506/913/494 507/915/495
f 38/52/39 484/916/472 223/439/221
f 508/917/496 271/461/267 509/918/497
f 509/918/497 271/461/267 510/919/498
f 509/920/497 510/921/498 511/922/499
f 511/922/499 510/921/498 512/923/499
f 512/924/499 271/461/267 511/925/499
f 511/925/499 271/461/267 508/917/496
f 513/926/500 271/461/501 514/927/502
f 514/927/502 271/461/501 515/928/503
f 514/929/502 515/930/503 516/931/504
f 516/931/504 515/930/503 517/932/504
f 517/933/504 271/461/501 516/934/504
f 516/934/504 271/461/501 513/926/500
f 281/475/277 518/935/505 277/471/273
f 277/471/273 518/936/505 278/472/274
f 278/472/274 518/936/505 519/937/506
f 281/475/277 286/485/282 518/935/505
f 518/935/505 286/485/282 291/938/287
f 518/936/505 291/939/287 519/937/506
f 519/937/506 291/939/287 292/940/288
f 519/941/506 520/942/507 278/943/274
f 278/943/274 520/942/507 521/944/508
f 522/945/509 523/946/510 524/947/511
f 524/947/511 523/946/510 525/948/512
f 524/947/511 525/948/512 526/949/513
f 526/949/513 525/948/512 527/950/514
f 526/951/513 527/952/514 528/953/515
f 528/953/515 527/952/514 529/954/516
f 528/955/515 529/956/516 522/945/509
f 522/945/509 529/956/516 523/946/510
f 374/957/368 369/958/364 375/959/369
f 375/959/369 369/958/364 371/960/366
f 530/961/517 531/962/518 532/963/519
f 532/963/519 531/962/518 533/964/520
f 532/963/519 533/964/520 534/965/521
f 534/965/521 533/964/520 535/966/522
f 534/967/521 535/968/522 536/969/523
f 536/969/523 535/968/522 537/970/524
f 536/969/523 537/970/524 530/961/517
f 530/961/517 537/970/524 531/962/518
f 530/971/517 532/972/519 536/973/523
f 536/973/523 532/972/519 534/974/521
f 538/975/525 539/976/526 540/977/527
f 540/977/527 539/976/526 541/978/528
f 540/977/527 541/978/528 542/979/529
f 542/979/529 541/978/528 543/980/530
f 544/981/531 545/982/532 538/975/525
f 538/975/525 545/982/532 539/976/526
f 542/979/529 543/980/530 544/981/531
f 544/981/531 543/980/530 545/982/532
f 546/983/533 547/984/534 548/985/535
f 548/985/535 547/984/534 549/986/536
f 550/987/537 551/988/538 552/989/539
f 552/989/539 551/988/538 553/990/540
f 548/985/535 549/986/536 550/987/537
f 550/987/537 549/986/536 551/988/538
f 554/991/541 555/992/542 556/993/543
f 554/994/541 557/995/544 558/996/545
f 558/996/545 557/995/544 559/997/546
f 556/993/543 557/998/544 554/991/541
f 557/999/544 556/1000/543 559/1001/546
f 559/1001/546 556/1000/543 560/1002/547
f 561/1003/548 562/1004/549 563/1005/550
f 563/1005/550 562/1004/549 564/1006/551
f 563/1005/550 564/1006/551 565/1007/552
f 565/1007/552 564/1006/551 566/1008/553
f 567/1009/554 568/1010/555 561/1003/548
f 561/1003/548 568/1010/555 562/1004/549
f 565/1007/552 566/1008/553 567/1009/554
f 567/1009/554 566/1008/553 568/1010/555
f 569/1011/556 570/1012/557 571/1013/558
f 571/1013/558 570/1012/557 572/1014/559
f 569/1015/556 573/1016/544 574/1017/560
f 574/1017/560 573/1016/544 575/1018/546
f 570/1019/557 576/1020/561 577/1021/562
f 577/1021/562 576/1020/561 578/1022/563
f 576/1023/561 574/1024/560 579/1025/564
f 579/1025/564 574/1024/560 580/1026/565
f 571/1013/558 573/1027/544 569/1011/556
f 577/1028/562 572/1014/559 570/1012/557
f 575/1029/546 580/1026/565 574/1024/560
f 579/1025/564 578/1030/563 576/1023/561
f 571/1031/558 572/1032/559 580/1033/565
f 580/1033/565 572/1032/559 579/1034/564
f 577/1035/562 578/1036/563 572/1032/559
f 572/1032/559 578/1036/563 579/1034/564
f 580/1033/565 575/1018/546 571/1031/558
f 571/1031/558 575/1018/546 573/1016/544
f 581/1037/566 582/1038/567 583/1039/568
f 583/1039/568 582/1038/567 584/1040/554
f 582/1038/567 585/1041/569 584/1040/554
f 584/1040/554 585/1041/569 586/1042/552
f 587/1043/551 581/1037/566 588/1044/570
f 588/1044/570 581/1037/566 583/1039/568
f 585/1041/569 587/1043/551 586/1042/552
f 586/1042/552 587/1043/551 588/1044/570
f 589/1045/571 590/1046/572 591/1047/573
f 591/1047/573 590/1046/572 592/1048/574
f 590/1046/572 593/1049/575 592/1048/574
f 592/1048/574 593/1049/575 594/1050/576
f 595/1051/577 589/1045/571 596/1052/578
f 596/1052/578 589/1045/571 591/1047/573
f 593/1049/575 595/1051/577 594/1050/576
f 594/1050/576 595/1051/577 596/1052/578
f 597/1053/579 598/1054/580 426/1055/418
f 426/1055/418 598/1054/580 424/1056/416
f 415/1057/408 598/1058/580 413/1059/406
f 413/1059/406 598/1058/580 597/1060/579
f 437/1061/428 413/1059/406 597/1060/579
f 437/1062/428 597/1063/579 436/1064/427
f 436/1064/427 597/1063/579 426/777/418
f 436/1064/427 426/777/418 439/779/430
f 599/1065/581 600/1066/582 601/1067/583
f 601/1067/583 600/1066/582 602/1068/584
f 599/1065/581 603/1069/585 600/1066/582
f 600/1066/582 603/1069/585 604/1070/586
f 603/1071/585 605/1072/587 604/1073/586
f 604/1073/586 605/1072/587 606/1074/588
f 606/1074/588 605/1072/587 607/1075/589
f 607/1075/589 605/1072/587 608/1076/590
f 608/1076/590 601/1067/583 607/1075/589
f 607/1075/589 601/1067/583 602/1068/584
f 601/1067/583 609/1077/591 599/1065/581
f 609/1077/591 601/1067/583 610/1078/592
f 610/1078/592 601/1067/583 611/1079/593
f 611/1079/593 601/1067/583 608/1076/590
f 609/1077/591 612/1080/594 599/1065/581
f 599/1065/581 612/1080/594 603/1069/585
f 612/1081/594 613/1082/595 603/1071/585
f 603/1071/585 613/1082/595 605/1072/587
f 613/1082/595 611/1079/593 605/1072/587
f 605/1072/587 611/1079/593 608/1076/590
f 600/1083/582 604/1084/586 602/1085/584
f 604/1084/586 606/1086/588 602/1085/584
f 602/1085/584 606/1086/588 607/1087/589
f 614/1088/596 615/1089/597 616/1090/598
f 616/1090/598 615/1089/597 617/1091/599
f 615/1089/597 618/1092/600 617/1091/599
f 617/1091/599 618/1092/600 619/1093/601
f 618/1092/600 620/1094/602 619/1093/601
f 619/1093/601 620/1094/602 621/1095/603
f 620/1096/602 622/1097/604 621/1098/603
f 621/1098/603 622/1097/604 623/1099/605
f 622/1097/604 624/1100/606 623/1099/605
f 623/1099/605 624/1100/606 625/1101/607
f 624/1100/606 614/1102/596 625/1101/607
f 625/1101/607 614/1102/596 616/1103/598
f 625/1104/607 616/1105/598 623/1106/605
f 623/1106/605 616/1105/598 617/1107/599
f 621/1108/603 623/1106/605 619/1109/601
f 619/1109/601 623/1106/605 617/1107/599
f 618/1110/600 615/1111/597 620/1112/602
f 620/1112/602 615/1111/597 614/1113/596
f 620/1112/602 614/1113/596 624/1114/606
f 620/1112/602 624/1114/606 622/1115/604
f 626/1116/608 627/1117/609 628/1118/610
f 628/1118/610 627/1117/609 629/1119/611
f 630/1120/612 631/1121/613 632/1122/614
f 632/1122/614 631/1121/613 633/1123/615
f 633/1123/615 631/1121/613 629/1124/611
f 629/1124/611 631/1121/613 628/1125/610
f 631/1121/613 630/1120/612 628/1126/610
f 628/1126/610 630/1120/612 626/1127/608
f 632/1122/614 627/1128/609 630/1120/612
f 630/1120/612 627/1128/609 626/1129/608
f 634/1130/616 635/1131/617 636/1132/618
f 636/1132/618 635/1131/617 637/1133/619
f 638/1134/620 639/1135/621 640/1136/622
f 640/1136/622 639/1135/621 641/1137/623
f 638/1134/620 640/1136/622 634/1138/616
f 634/1138/616 640/1136/622 635/1139/617
f 639/1135/621 636/1140/618 641/1137/623
f 641/1137/623 636/1140/618 637/1141/619
f 642/1142/624 643/1143/625 644/1144/626
f 644/1144/626 643/1143/625 645/1145/71
f 644/1146/626 645/1147/71 646/1148/627
f 646/1148/627 645/1147/71 647/1149/628
f 646/1148/627 647/1150/628 648/1151/629
f 648/1151/629 647/1150/628 649/1152/630
f 650/1153/631 651/1154/632 652/1155/633
f 652/1155/633 651/1154/632 653/1156/634
f 643/1143/625 642/1142/624 653/1157/634
f 653/1157/634 642/1142/624 652/1158/633
f 643/1159/625 647/1160/628 645/1161/71
f 647/1160/628 643/1159/625 649/1162/630
f 643/1159/625 653/1163/634 649/1162/630
f 649/1162/630 653/1163/634 651/1164/632
f 648/1151/629 644/1146/626 646/1148/627
f 644/1146/626 648/1151/629 642/1165/624
f 648/1151/629 650/1153/631 642/1165/624
f 642/1165/624 650/1153/631 652/1155/633
f 654/1166/635 655/1167/636 656/1168/637
f 655/1167/636 654/1166/635 657/1169/638
f 654/1166/635 658/1170/639 657/1169/638
f 657/1169/638 658/1170/639 659/1171/640
f 655/1172/636 660/1173/641 656/1174/637
f 656/1174/637 660/1173/641 661/1175/642
f 660/1173/641 662/1176/643 661/1177/642
f 661/1177/642 662/1176/643 663/1178/644
f 662/1176/643 664/1179/645 663/1178/644
f 663/1178/644 664/1179/645 665/1180/646
f 664/1181/645 659/1182/640 665/1183/646
f 665/1183/646 659/1182/640 658/1184/639
f 661/1185/642 654/1186/635 656/1187/637
f 654/1186/635 661/1185/642 663/1188/644
f 654/1186/635 663/1188/644 658/1189/639
f 658/1189/639 663/1188/644 665/1190/646
f 655/1172/636 662/1176/643 660/1173/641
f 662/1176/643 655/1172/636 657/1191/638
f 662/1176/643 657/1191/638 664/1181/645
f 664/1181/645 657/1191/638 659/1182/640
f 666/1192/647 555/992/542 554/991/541
f 667/1193/563 668/1194/562 669/1195/648
f 669/1195/648 668/1194/562 666/1196/647
f 558/1197/545 560/1198/547 669/1199/648
f 669/1199/648 560/1198/547 670/1200/649
f 668/1201/562 555/992/542 666/1192/647
f 670/1200/649 667/1202/563 669/1199/648
f 424/1056/416 412/736/405 426/1055/418
f 426/1055/418 412/736/405 411/744/404
f 424/1056/416 419/734/411 412/736/405
f 431/1203/423 598/1058/580 415/1057/408
f 426/1055/418 411/744/404 422/745/414
f 424/753/416 598/1204/580 428/754/420
f 428/754/420 598/1204/580 431/1205/423
f 671/1206/650 672/1207/651 442/786/433
f 442/786/433 672/1207/651 444/788/435
f 296/1208/292 672/1207/651 294/1209/290
f 294/1209/290 672/1207/651 671/1206/650
f 671/1206/650 295/1210/291 294/1211/290
f 442/786/433 441/1212/432 673/1213/652
f 671/1206/650 442/786/433 295/1210/291
f 295/1210/291 442/786/433 673/1213/652
f 674/1214/149 673/1215/652 443/1216/434
f 443/1216/434 673/1215/652 441/1217/432
f 297/514/293 295/512/291 674/1214/149
f 674/1214/149 295/512/291 673/1215/652
f 296/1218/292 297/1219/293 672/1220/651
f 675/1221/653 146/251/147 676/1222/654
f 676/1222/654 146/251/147 147/252/148
f 677/1223/655 678/1224/656 676/1222/654
f 676/1222/654 678/1224/656 675/1221/653
f 679/1225/657 675/1221/653 678/1226/656
f 144/1227/145 146/251/147 149/1228/150
f 149/1228/150 146/251/147 679/1225/657
f 679/1225/657 146/251/147 675/1221/653
f 680/1229/658 148/253/149 679/1230/657
f 679/1230/657 148/253/149 149/255/150
f 680/1229/658 679/1230/657 677/1231/655
f 677/1231/655 679/1230/657 678/1232/656
f 680/1233/658 677/1234/655 676/1235/654
f 681/1236/659 446/1237/436 682/1238/660
f 682/1238/660 446/1237/436 447/1239/437
f 165/1240/163 683/1241/661 157/1242/157
f 157/1242/157 683/1241/661 684/1243/662
f 157/1242/157 684/1243/662 25/1244/25
f 25/1244/25 684/1243/662 27/1245/26
f 684/1246/662 685/1247/663 27/1248/26
f 686/1249/664 687/1250/665 688/1251/666
f 688/1251/666 687/1250/665 164/282/162
f 689/1252/667 690/1253/668 691/1254/669
f 691/1254/669 690/1253/668 165/1255/163
f 691/1256/669 165/283/163 687/1250/665
f 687/1250/665 165/283/163 164/282/162
f 688/1257/666 690/1258/668 686/1259/664
f 686/1259/664 690/1258/668 689/1260/667
f 692/1261/670 693/1262/671 683/1263/661
f 683/1263/661 693/1262/671 684/1246/662
f 694/1264/672 685/1247/663 693/1262/671
f 693/1262/671 685/1247/663 684/1246/662
f 695/1265/673 692/1266/670 696/1267/674
f 696/1267/674 692/1266/670 683/1268/661
f 695/1265/673 696/1267/674 694/1269/672
f 694/1269/672 696/1267/674 685/1270/663
f 697/1271/675 698/1272/676 699/1273/677
f 698/1272/676 697/1271/675 700/1274/678
f 700/1274/678 697/1271/675 701/1275/582
f 701/1275/582 697/1271/675 702/1276/679
f 699/1273/677 698/1272/676 703/1277/680
f 703/1277/680 698/1272/676 704/1278/681
f 703/1279/680 704/1280/681 705/1281/682
f 705/1281/682 704/1280/681 706/1282/683
f 706/1282/683 701/1275/582 705/1281/682
f 705/1281/682 701/1275/582 702/1276/679
f 707/1283/684 697/1271/675 708/1284/685
f 708/1284/685 697/1271/675 699/1273/677
f 708/1284/685 699/1273/677 709/1285/686
f 709/1285/686 699/1273/677 703/1277/680
f 709/1286/686 703/1279/680 710/1287/687
f 710/1287/687 703/1279/680 705/1281/682
f 710/1287/687 705/1281/682 711/1288/688
f 711/1288/688 705/1281/682 702/1276/679
f 702/1276/679 697/1271/675 711/1288/688
f 711/1288/688 697/1271/675 707/1283/684
f 704/1289/681 698/1290/676 700/1291/678
f 704/1289/681 700/1291/678 706/1292/683
f 706/1292/683 700/1291/678 701/1293/582
f 712/1294/689 713/1295/690 714/1296/691
f 714/1296/691 713/1295/690 715/1297/692
f 714/1296/691 715/1297/692 716/1298/693
f 716/1298/693 715/1297/692 717/1299/694
f 716/1298/693 717/1299/694 718/1300/695
f 718/1300/695 717/1299/694 719/1301/696
f 718/1302/695 719/1303/696 720/1304/697
f 720/1304/697 719/1303/696 721/1305/698
f 720/1304/697 721/1305/698 722/1306/699
f 722/1306/699 721/1305/698 723/1307/700
f 722/1306/699 723/1307/700 712/1308/689
f 712/1308/689 723/1307/700 713/1309/690
f 719/1310/696 717/1311/694 721/1312/698
f 721/1312/698 717/1311/694 715/1313/692
f 716/1314/693 718/1315/695 714/1316/691
f 714/1316/691 718/1315/695 712/1317/689
f 712/1317/689 718/1315/695 722/1318/699
f 722/1318/699 718/1315/695 720/1319/697
f 724/1320/701 725/1321/702 726/1322/703
f 726/1322/703 725/1321/702 727/1323/704
f 728/1324/705 729/1325/706 730/1326/707
f 730/1326/707 729/1325/706 731/1327/708
f 728/1324/705 724/1328/701 729/1325/706
f 729/1325/706 724/1328/701 726/1329/703
f 729/1325/706 726/1330/703 731/1327/708
f 731/1327/708 726/1330/703 727/1331/704
f 727/1332/704 725/1333/702 731/1327/708
f 731/1327/708 725/1333/702 730/1326/707
f 732/1334/709 733/1335/710 734/1336/711
f 734/1336/711 733/1335/710 735/1337/712
f 736/1338/713 737/1339/714 738/1340/715
f 738/1340/715 737/1339/714 739/1341/716
f 734/1342/711 737/1339/714 732/1343/709
f 732/1343/709 737/1339/714 736/1338/713
f 735/1344/712 733/1345/710 739/1341/716
f 739/1341/716 733/1345/710 738/1340/715
f 475/1346/463 477/1347/465 740/1348/717
f 740/1348/717 477/1347/465 741/1349/423
f 742/1350/718 740/1351/717 743/1352/719
f 743/1352/719 740/1351/717 741/1353/423
f 741/1354/423 477/1355/465 743/1356/719
f 743/1356/719 477/1355/465 478/1357/466
f 743/1358/719 478/1359/466 742/1360/718
f 742/1360/718 478/1359/466 476/1361/464
f 744/1362/720 745/1363/721 746/1364/722
f 746/1364/722 745/1363/721 747/1365/723
f 482/846/470 505/1366/493 32/1367/31
f 32/1367/31 505/1366/493 748/1368/724
f 37/847/36 482/846/470 34/1369/33
f 34/1369/33 482/846/470 32/1367/31
f 746/1370/722 500/897/488 744/1371/720
f 744/1371/720 500/897/488 501/899/489
f 495/1372/483 500/897/488 746/1370/722
f 29/43/725 749/1373/726 28/42/37
f 28/42/37 749/1373/726 750/1374/727
f 751/1375/728 752/1376/729 33/364/32
f 33/364/32 752/1376/729 218/365/216
f 750/1374/727 749/1373/726 32/1377/31
f 32/1377/31 749/1373/726 33/1378/32
f 503/1379/491 744/1371/720 501/899/489
f 746/1380/722 747/1381/723 495/1382/483
f 495/1382/483 747/1381/723 489/1383/477
f 505/1366/493 483/1384/471 748/1368/724
f 748/1368/724 483/1384/471 753/1385/730
f 483/1384/471 298/1386/294 753/1385/730
f 753/1385/730 298/1386/294 28/1387/37
f 491/862/479 502/903/490 490/861/478
f 502/903/490 504/906/492 490/861/478
f 490/861/478 504/906/492 501/1388/489
f 503/904/491 501/1389/489 504/905/492
f 750/1390/727 753/1391/730 28/1392/37
f 754/1393/731 755/1394/732 482/1395/470
f 482/1395/470 755/1394/732 505/1396/493
f 481/910/469 505/912/493 506/913/494
f 506/913/494 505/912/493 755/1397/732
f 754/1398/731 482/1399/470 507/1400/495
f 507/1400/495 482/1399/470 480/1401/468
f 753/1391/730 756/1402/733 748/1403/724
f 748/1403/724 756/1402/733 757/1404/734
f 758/1405/735 756/1402/733 750/1390/727
f 750/1390/727 756/1402/733 753/1391/730
f 748/1406/724 757/1407/734 32/1408/31
f 32/1408/31 757/1407/734 759/1409/736
f 759/1409/736 758/1410/735 32/1408/31
f 32/1408/31 758/1410/735 750/1411/727
f 276/490/272 278/1412/274 288/488/284
f 288/488/284 278/1412/274 521/1413/508
f 520/942/507 760/1414/737 521/944/508
f 521/1413/508 760/1415/737 288/488/284
f 288/488/284 760/1415/737 761/1416/738
f 761/1416/738 289/489/285 288/488/284
f 292/1417/288 762/1418/739 519/941/506
f 519/941/506 762/1418/739 520/942/507
f 520/1419/507 762/1420/739 760/1414/737
f 760/1414/737 762/1420/739 763/1421/740
f 760/1415/737 763/1422/740 761/1416/738
f 761/1416/738 763/1422/740 764/1423/741
f 761/1416/738 764/1423/741 289/1424/285
f 289/1424/285 764/1423/741 290/1425/286
f 292/1426/288 287/1427/283 762/1428/739
f 762/1428/739 287/1427/283 763/1429/740
f 287/1427/283 290/1430/286 763/1429/740
f 290/1430/286 764/1431/741 763/1429/740
f 765/1432/742 766/1433/743 767/1434/744
f 767/1434/744 766/1433/743 768/1435/745
f 769/1436/746 770/1437/73 766/1433/743
f 766/1433/743 770/1437/73 768/1435/745
f 771/1438/305 769/1439/746 765/1432/742
f 765/1432/742 769/1439/746 766/1433/743
f 772/1440/747 771/1441/305 767/1434/744
f 767/1434/744 771/1441/305 765/1432/742
f 772/1442/747 767/1443/744 770/1444/73
f 770/1444/73 767/1443/744 768/1445/745
f 773/1446/748 774/1447/749 775/1448/719
f 775/1448/719 774/1447/749 776/1449/750
f 777/1450/88 775/1448/719 778/1451/93
f 778/1451/93 775/1448/719 776/1449/750
f 779/1452/91 773/1446/748 777/1453/88
f 777/1453/88 773/1446/748 775/1448/719
f 780/1454/751 774/1447/749 779/1455/91
f 779/1455/91 774/1447/749 773/1446/748
f 776/1456/750 774/1457/749 778/1458/93
f 778/1458/93 774/1457/749 780/1459/751
f 340/1460/335 334/1461/329 339/1462/334
f 339/1462/334 334/1461/329 332/1463/327
f 338/1464/333 340/1460/335 337/1465/332
f 337/1465/332 340/1460/335 339/1462/334
f 781/1466/752 782/1467/753 783/1468/754
f 783/1468/754 782/1467/753 784/1469/755
f 783/1468/754 740/1470/717 781/1466/752
f 781/1466/752 740/1470/717 742/1471/718
f 740/1470/717 783/1468/754 475/1472/463
f 475/1472/463 783/1468/754 784/1469/755
f 475/1472/463 784/1469/755 476/1473/464
f 476/1473/464 784/1469/755 782/1467/753
f 742/1471/718 476/1473/464 781/1466/752
f 781/1466/752 476/1473/464 782/1467/753
f 537/1474/524 535/1475/522 531/962/518
f 531/962/518 535/1475/522 533/964/520
f 552/989/539 553/990/540 546/983/533
f 546/983/533 553/990/540 547/984/534
f 559/1476/546 560/1198/547 558/1197/545
f 555/1477/542 670/1478/649 556/1000/543
f 556/1000/543 670/1478/649 560/1002/547
f 670/1478/649 555/1477/542 667/1193/563
f 667/1193/563 555/1477/542 668/1194/562
f 785/1479/573 786/1480/571 787/1481/756
f 787/1481/756 786/1480/571 788/1482/757
f 787/1481/756 788/1482/757 789/1483/758
f 789/1483/758 788/1482/757 790/1484/759
f 791/1485/760 792/1486/572 785/1479/573
f 785/1479/573 792/1486/572 786/1480/571
f 789/1483/758 790/1484/759 791/1485/760
f 791/1485/760 790/1484/759 792/1486/572
f 723/1487/700 721/1312/698 713/1488/690
f 713/1488/690 721/1312/698 715/1313/692
f 648/1151/629 649/1152/630 650/1489/631
f 650/1489/631 649/1152/630 651/1490/632
f 793/1491/761 794/1492/762 795/1493/763
f 794/1492/762 793/1491/761 796/1494/764
f 796/1494/764 797/1495/765 798/1496/766
f 796/1494/764 798/1496/766 794/1492/762
f 793/1491/761 795/1493/763 799/1497/767
f 799/1497/767 795/1493/763 800/1498/768
f 799/1499/767 800/1500/768 801/1501/769
f 801/1501/769 800/1500/768 802/1502/770
f 801/1501/769 802/1502/770 797/1495/765
f 797/1495/765 802/1502/770 798/1496/766
f 795/1503/763 794/1504/762 800/1505/768
f 794/1504/762 802/1506/770 800/1505/768
f 794/1504/762 798/1507/766 802/1506/770
f 797/1508/765 796/1509/764 801/1510/769
f 801/1510/769 793/1511/761 799/1512/767
f 796/1509/764 793/1511/761 801/1510/769
