# Blender v3.0.1 OBJ File: ''
# www.blender.org
mtllib navara_wheel.mtl
o Nissan_Navara_From_CMR2005.001
v -0.291139 -0.547616 0.173888
v -0.308380 -0.542445 0.172220
v -0.308380 -0.566875 0.057488
v -0.308380 -0.566875 -0.059839
v -0.291139 -0.572283 -0.060394
v -0.291139 -0.572238 0.058045
v -0.308380 -0.542445 -0.174571
v -0.291102 -0.499361 0.282137
v -0.308380 -0.494651 -0.281708
v -0.291139 -0.499361 -0.284426
v -0.291139 -0.547571 -0.176238
v -0.291139 -0.429626 0.377972
v -0.308380 -0.425583 0.374330
v -0.308380 -0.494651 0.279419
v -0.308380 -0.425583 -0.376619
v -0.291102 -0.341461 0.457198
v -0.308380 -0.338262 -0.455164
v -0.291139 -0.341460 -0.459550
v -0.291102 -0.429626 -0.380261
v -0.291139 -0.238715 0.516418
v -0.308380 -0.236503 0.511478
v -0.308380 -0.338262 0.452814
v -0.308380 -0.236503 -0.513828
v -0.308380 -0.124747 -0.550076
v -0.291139 -0.125877 -0.555385
v -0.291102 -0.238714 -0.518767
v -0.291102 -0.125883 0.553035
v -0.308380 -0.007884 -0.562301
v -0.308380 -0.124747 0.547726
v -0.291139 -0.007884 0.565447
v -0.308380 -0.007884 0.559951
v -0.308380 0.108972 -0.550076
v -0.291139 0.110102 -0.555385
v -0.291145 -0.007841 -0.567735
v -0.291102 0.110108 0.553035
v -0.308380 0.220728 -0.513828
v -0.291139 0.222939 0.516418
v -0.308380 0.220728 0.511478
v -0.308380 0.108972 0.547726
v -0.308380 0.322487 -0.455164
v -0.291139 0.325686 -0.459550
v -0.291145 0.222982 -0.518767
v -0.291139 0.325729 0.457198
v -0.308380 0.409808 -0.376619
v -0.291139 0.413853 0.377972
v -0.308380 0.409808 0.374330
v -0.308380 0.322487 0.452814
v -0.308380 0.478876 -0.281708
v -0.291139 0.483588 -0.284426
v -0.291102 0.413853 -0.380261
v -0.291139 0.483631 0.282137
v -0.308380 0.526671 -0.174571
v -0.291139 0.531846 0.173888
v -0.308380 0.526671 0.172220
v -0.308380 0.478876 0.279419
v -0.308380 0.551100 -0.059839
v -0.291139 0.556509 -0.060394
v -0.291102 0.531846 -0.176238
v -0.291139 0.556552 0.058045
v -0.308380 0.551100 0.057489
v -0.203206 0.489973 0.008273
v -0.203700 0.489806 -0.011179
v -0.287057 0.471435 -0.004819
v -0.286748 0.471534 0.007100
v -0.241146 -0.264254 -0.054466
v -0.182162 -0.277067 -0.052058
v -0.182162 -0.277067 0.049770
v -0.241146 -0.264254 0.052177
v -0.241146 -0.089765 0.247741
v -0.241146 -0.182132 0.194450
v -0.182162 -0.186424 0.206739
v -0.182162 -0.098281 0.257620
v -0.241146 -0.089765 -0.250030
v -0.182162 -0.098281 -0.259909
v -0.182162 -0.186424 -0.209028
v -0.241146 -0.182132 -0.196739
v -0.241146 0.166851 -0.196739
v -0.182162 0.171149 -0.209028
v -0.182162 0.083000 -0.259909
v -0.241146 0.074485 -0.250030
v -0.182162 0.083000 0.257620
v -0.182162 0.171149 0.206739
v -0.241146 0.166851 0.194450
v -0.241146 0.074485 0.247741
v -0.241146 0.248979 -0.054466
v -0.241146 0.248979 0.052177
v -0.182162 0.261786 0.049770
v -0.182162 0.261786 -0.052058
v -0.200433 0.473387 0.018092
v -0.285056 0.461401 0.013088
v -0.201428 0.473059 -0.020811
v -0.285668 0.461203 -0.010685
v -0.180815 -0.287299 -0.074227
v -0.180815 -0.287299 0.071938
v -0.180815 -0.084196 0.277567
v -0.180815 -0.084196 -0.279856
v -0.238818 -0.278506 -0.081946
v -0.238818 -0.278506 0.079657
v -0.180815 -0.210747 -0.206804
v -0.180815 -0.210747 0.204515
v -0.238818 -0.073105 0.273800
v -0.238818 -0.073105 -0.276090
v -0.180815 0.195466 -0.206804
v -0.180815 0.195466 0.204515
v -0.238818 -0.213038 -0.195319
v -0.238818 -0.213038 0.193030
v -0.238818 0.197757 -0.195319
v -0.180815 0.068921 -0.279856
v -0.238818 0.197757 0.193030
v -0.180815 0.068921 0.277567
v -0.180815 0.272025 0.071938
v -0.180815 0.272025 -0.074227
v -0.238818 0.057831 -0.276090
v -0.238818 0.057831 0.273800
v -0.238818 0.263225 0.079657
v -0.238818 0.263225 -0.081946
v -0.268371 -0.195476 0.020315
v -0.268371 -0.207629 -0.001175
v -0.156733 -0.207629 -0.001175
v -0.156733 -0.195476 0.020315
v -0.268371 -0.120153 -0.153083
v -0.268371 -0.107636 -0.174323
v -0.156733 -0.107636 -0.174323
v -0.156733 -0.120153 -0.153083
v -0.268371 -0.120147 0.150793
v -0.156733 -0.120147 0.150793
v -0.156733 -0.107636 0.172034
v -0.268371 -0.107636 0.172034
v -0.268371 -0.195476 -0.022604
v -0.156733 -0.195476 -0.022604
v -0.268371 -0.082973 -0.174571
v -0.156733 -0.082967 -0.174571
v -0.268371 -0.082967 0.172281
v -0.156733 -0.082967 0.172281
v -0.268371 0.067692 -0.174571
v -0.268371 0.092355 -0.174323
v -0.156733 0.092355 -0.174323
v -0.156733 0.067692 -0.174571
v -0.268371 0.067692 0.172281
v -0.156733 0.067692 0.172281
v -0.156733 0.092355 0.172034
v -0.268371 0.092355 0.172034
v -0.268371 0.180202 -0.022604
v -0.268371 0.192354 -0.001175
v -0.156733 0.192354 -0.001175
v -0.156733 0.180202 -0.022604
v -0.268371 0.104872 0.150794
v -0.156733 0.104872 0.150794
v -0.268371 0.180202 0.020315
v -0.156733 0.180202 0.020315
v -0.268371 0.104872 -0.153083
v -0.156733 0.104872 -0.153083
v -0.188497 -0.159624 0.039579
v -0.188479 -0.135875 -0.001175
v -0.166551 -0.136344 -0.001175
v -0.223374 -0.066610 0.397116
v -0.223374 -0.066609 -0.399405
v -0.188497 0.144343 -0.041868
v -0.188479 0.120594 -0.001175
v -0.166551 0.121063 -0.001175
v -0.168286 -0.079311 0.387915
v -0.168286 -0.079311 -0.390265
v -0.223374 -0.382031 -0.149191
v -0.223374 -0.382031 0.146903
v -0.223374 0.307778 -0.251328
v -0.223374 0.307778 0.249039
v -0.170293 -0.079632 -0.073115
v -0.170293 -0.105981 0.025191
v -0.194981 -0.105981 0.025191
v -0.194981 -0.079632 -0.073115
v -0.168286 -0.380437 -0.133630
v -0.168286 -0.380437 0.131341
v -0.168286 0.293483 -0.257748
v -0.168286 0.293483 0.255460
v -0.170293 -0.033992 0.097192
v -0.194981 -0.033992 0.097192
v -0.223374 -0.323059 0.249039
v -0.223374 -0.323059 -0.251328
v -0.170293 0.018712 -0.099481
v -0.194981 0.018712 -0.099481
v -0.223374 0.366750 0.146903
v -0.223374 0.366750 -0.149191
v -0.168286 -0.308757 0.255460
v -0.168286 -0.308764 -0.257749
v -0.168286 0.365157 0.131341
v -0.168286 0.365157 -0.133630
v -0.223374 0.051334 -0.399405
v -0.223374 0.051334 0.397116
v -0.170293 0.064358 0.070826
v -0.194981 0.064358 0.070826
v -0.168286 0.064037 -0.390265
v -0.168286 0.064036 0.387915
v -0.166545 -0.206387 -0.041376
v -0.166545 -0.159852 -0.041437
v -0.188497 -0.159624 -0.041868
v -0.170293 0.090707 -0.027480
v -0.194981 0.090707 -0.027480
v -0.268371 0.155903 -0.022604
v -0.268371 0.143756 -0.001175
v -0.268371 0.155903 0.020315
v -0.268371 0.092726 0.129735
v -0.268371 0.068056 0.129982
v -0.268371 0.055540 0.151225
v -0.268371 -0.070820 0.151225
v -0.268371 -0.083337 0.129982
v -0.268371 -0.108000 0.129735
v -0.268371 -0.171184 0.020315
v -0.268371 -0.159031 -0.001175
v -0.268371 -0.171184 -0.022604
v -0.268371 -0.108000 -0.132024
v -0.268371 -0.083337 -0.132271
v -0.268371 -0.070820 -0.153514
v -0.268371 0.055540 -0.153514
v -0.268371 0.068056 -0.132271
v -0.268371 0.092726 -0.132024
v -0.166545 0.191107 0.039087
v -0.166545 0.144578 0.039148
v -0.188497 0.144343 0.039579
v -0.242770 0.225891 -0.001175
v -0.242770 0.217937 -0.061568
v -0.242770 0.217937 0.059279
v -0.242770 -0.209883 -0.117883
v -0.242770 -0.172770 -0.166295
v -0.242770 -0.124407 -0.203407
v -0.242770 -0.068085 -0.226749
v -0.242770 -0.007637 -0.234654
v -0.242770 0.052804 -0.226749
v -0.242770 0.109127 -0.203407
v -0.242770 0.157490 -0.166295
v -0.242770 0.194608 -0.117883
v -0.242770 -0.233212 -0.061568
v -0.220996 -0.324806 -0.280534
v -0.220996 -0.408171 -0.136162
v -0.242770 -0.241172 -0.001175
v -0.242770 -0.233212 0.059279
v -0.209313 -0.460212 -0.262441
v -0.209313 -0.512419 -0.136410
v -0.209313 -0.377165 -0.370690
v -0.220996 -0.426009 -0.069471
v -0.220996 -0.275999 -0.329317
v -0.209313 -0.530226 -0.001175
v -0.209313 -0.268935 -0.453744
v -0.220996 -0.430523 -0.001175
v -0.220996 -0.219083 -0.367354
v -0.220996 -0.426009 0.067182
v -0.220996 -0.157648 -0.397615
v -0.209313 -0.512419 0.134121
v -0.209313 -0.142896 -0.505925
v -0.220996 -0.091007 -0.415522
v -0.209313 -0.007637 -0.523707
v -0.220996 -0.408171 0.133812
v -0.209313 -0.460212 0.260152
v -0.220996 0.075726 -0.415522
v -0.209313 0.127615 -0.505925
v -0.220996 0.142373 -0.397615
v -0.209313 0.253654 -0.453744
v -0.220996 0.203803 -0.367354
v -0.220996 0.260718 -0.329317
v -0.209313 0.361884 -0.370690
v -0.220996 0.309526 -0.280534
v -0.209313 0.444932 -0.262441
v -0.220996 0.392895 -0.136162
v -0.209313 0.497142 -0.136410
v -0.220996 0.410729 -0.069471
v -0.209313 0.514951 -0.001175
v -0.220996 0.415249 -0.001175
v -0.220996 0.410729 0.067182
v -0.209313 0.497142 0.134121
v -0.220996 0.392895 0.133812
v -0.209313 0.444932 0.260152
v -0.220996 0.309526 0.278246
v -0.209313 0.361884 0.368401
v -0.220996 0.260718 0.327028
v -0.209313 0.253654 0.451455
v -0.220996 0.203803 0.365066
v -0.220996 0.142373 0.395325
v -0.209313 0.127614 0.503636
v -0.220996 0.075725 0.413233
v -0.209313 -0.007638 0.521418
v -0.220996 -0.091007 0.413233
v -0.242770 0.194608 0.115594
v -0.209313 -0.142896 0.503636
v -0.220996 -0.157648 0.395325
v -0.209313 -0.268935 0.451455
v -0.220996 -0.219084 0.365066
v -0.220996 -0.275999 0.327028
v -0.209313 -0.377165 0.368401
v -0.220996 -0.324806 0.278245
v -0.242770 -0.209883 0.115594
v -0.242770 -0.172770 0.164006
v -0.242770 -0.124401 0.201119
v -0.242770 -0.068079 0.224399
v -0.242770 -0.007637 0.232366
v -0.242770 0.052804 0.224399
v -0.242770 0.109127 0.201119
v -0.242770 0.157490 0.164006
v -0.156733 -0.108000 -0.132024
v -0.156733 0.055540 -0.153514
v -0.156733 0.055540 0.151225
v -0.156733 -0.108000 0.129735
v -0.283667 0.451169 0.007161
v -0.283976 0.451070 -0.004694
v -0.156733 0.155903 -0.022604
v -0.156733 -0.171184 -0.022604
v -0.156733 -0.171184 0.020315
v -0.156733 0.155903 0.020315
v -0.156733 0.092726 0.129735
v -0.156733 -0.070820 0.151225
v -0.156733 -0.070820 -0.153514
v -0.156733 0.092726 -0.132024
v -0.295356 -0.450235 -0.256142
v -0.295356 -0.387471 -0.342409
v -0.295356 -0.308115 -0.413731
v -0.295356 -0.215644 -0.467022
v -0.295356 -0.114083 -0.499996
v -0.295356 -0.007884 -0.511112
v -0.295356 0.098314 -0.499996
v -0.295356 0.199869 -0.467022
v -0.295356 0.292347 -0.413731
v -0.295356 0.371702 -0.342409
v -0.295356 -0.387471 0.340059
v -0.295356 -0.308115 0.411379
v -0.295356 -0.215644 0.464669
v -0.295356 -0.114083 0.497645
v -0.295356 -0.007884 0.508759
v -0.295356 0.098314 0.497645
v -0.295356 0.199868 0.464669
v -0.295356 0.292347 0.411379
v -0.295356 0.371702 0.340059
v -0.188479 0.103415 -0.065273
v -0.188497 0.103619 -0.112387
v -0.188479 0.056478 -0.112204
v -0.188479 -0.007637 -0.129369
v -0.188497 0.033081 -0.153144
v -0.188497 -0.048362 -0.153144
v -0.188479 -0.071759 -0.112204
v -0.201996 0.056633 -0.193776
v -0.201996 -0.071913 -0.193776
v -0.188479 -0.118689 -0.065273
v -0.188497 -0.118899 -0.112387
v -0.188479 -0.118689 0.062984
v -0.188497 -0.118899 0.110099
v -0.188479 -0.071753 0.109915
v -0.174980 0.102421 0.062367
v -0.174980 0.119445 -0.001175
v -0.174980 0.102421 -0.064717
v -0.174980 0.055904 0.108925
v -0.174980 0.055904 -0.111215
v -0.174980 -0.007637 0.125907
v -0.174980 -0.007637 -0.128257
v -0.174980 -0.071179 0.108925
v -0.174980 -0.071179 -0.111215
v -0.174980 -0.117695 0.062429
v -0.174980 -0.117695 -0.064717
v -0.174980 -0.134720 -0.001175
v -0.188497 0.033081 0.150855
v -0.188479 0.056478 0.109915
v -0.188479 -0.007637 0.127080
v -0.188497 -0.048362 0.150855
v -0.201996 -0.071913 0.191486
v -0.201996 0.056633 0.191486
v -0.188479 0.103415 0.062984
v -0.188497 0.103619 0.110099
v -0.295356 0.434465 0.253792
v -0.295350 0.477895 0.156412
v -0.295350 0.500094 0.052116
v -0.295350 0.500094 -0.054466
v -0.295350 0.477895 -0.158762
v -0.295356 0.434465 -0.256142
v -0.166551 0.213985 -0.001175
v -0.166545 0.191107 -0.041375
v -0.166545 0.144578 -0.041437
v -0.166551 0.103174 0.190806
v -0.166545 0.126602 0.150855
v -0.166545 0.103384 0.110532
v -0.166551 0.056713 0.110346
v -0.166545 0.033556 0.150855
v -0.166545 0.056867 0.191117
v -0.166551 -0.118449 0.190806
v -0.166545 -0.072148 0.191117
v -0.166545 -0.048831 0.150855
v -0.166551 -0.071994 0.110346
v -0.166545 -0.118659 0.110532
v -0.166545 -0.141877 0.150855
v -0.166551 -0.229260 -0.001175
v -0.166545 -0.206387 0.039087
v -0.166545 -0.159852 0.039148
v -0.166551 -0.118449 -0.193095
v -0.166545 -0.141877 -0.153144
v -0.166545 -0.118659 -0.112821
v -0.166551 -0.071994 -0.112635
v -0.166545 -0.048831 -0.153144
v -0.166545 -0.072148 -0.193406
v -0.166551 0.103174 -0.193095
v -0.166545 0.056867 -0.193406
v -0.166545 0.033556 -0.153144
v -0.166551 0.056713 -0.112635
v -0.166545 0.103384 -0.112821
v -0.166545 0.126602 -0.153144
v -0.295356 -0.450235 0.253792
v -0.295350 -0.493664 -0.158762
v -0.295350 -0.515866 -0.054466
v -0.295350 -0.515866 0.052116
v -0.295350 -0.493664 0.156412
v -0.201996 0.127071 0.150855
v -0.201996 0.191341 0.039518
v -0.201996 0.191341 -0.041807
v -0.201996 0.127071 -0.153144
v -0.201996 -0.142346 -0.153144
v -0.201996 -0.206622 -0.041807
v -0.201996 -0.206622 0.039518
v -0.201996 -0.142346 0.150855
v -0.156733 0.143756 -0.001175
v -0.156733 0.068056 -0.132271
v -0.156733 0.068056 0.129982
v -0.229944 0.214448 -0.001175
v -0.156733 -0.083337 -0.132271
v -0.156733 -0.083337 0.129982
v -0.229944 0.103409 0.191178
v -0.229944 0.103402 -0.193467
v -0.229944 -0.118683 0.191178
v -0.229944 -0.118683 -0.193467
v -0.156733 -0.159031 -0.001175
v -0.229944 -0.229729 -0.001175
v -0.198161 0.456646 0.008457
v -0.198655 0.456479 -0.010993
v -0.166903 0.294625 -0.277015
v -0.166897 0.294625 0.274726
v -0.166897 -0.095398 0.398537
v -0.166903 -0.095397 -0.400825
v -0.166897 0.382385 -0.124985
v -0.166897 0.382385 0.122696
v -0.166897 -0.397663 0.122696
v -0.166897 -0.397663 -0.124985
v -0.166897 0.080116 -0.400825
v -0.166897 0.080116 0.398537
v -0.166897 -0.309906 0.274726
v -0.166897 -0.309906 -0.277015
v -0.166749 0.397965 -0.067742
v -0.166749 0.402349 -0.001175
v -0.166749 0.397965 0.065453
v -0.166749 0.252814 -0.319128
v -0.166749 0.252820 0.316840
v -0.166749 0.197356 -0.356179
v -0.166749 0.197356 0.353891
v -0.166749 0.137507 -0.385695
v -0.166749 0.137507 0.383406
v -0.166749 -0.152789 0.383406
v -0.166749 -0.152788 -0.385695
v -0.166749 -0.212631 0.353891
v -0.166749 -0.212630 -0.356179
v -0.166749 -0.268095 0.316840
v -0.166749 -0.268095 -0.319128
v -0.166749 -0.413242 0.065453
v -0.166749 -0.413242 -0.067742
v -0.166749 -0.417627 -0.001175
v 0.278032 0.500094 -0.053538
v 0.278032 0.500094 0.053043
v 0.278032 0.477895 0.157340
v 0.278038 0.292347 -0.412802
v 0.278038 0.371702 -0.341481
v 0.278038 0.434465 -0.255215
v 0.278032 0.477895 -0.157834
v 0.278038 0.434465 0.254720
v 0.278038 0.371702 0.340986
v 0.278038 0.292347 0.412309
v 0.278038 0.199869 0.465599
v 0.278038 0.098314 0.498573
v 0.278038 -0.007884 0.509689
v 0.278038 -0.007884 -0.510182
v 0.278038 0.098314 -0.499068
v 0.278038 0.199868 -0.466092
v 0.278038 -0.114083 0.498573
v 0.278038 -0.215644 0.465599
v 0.278038 -0.308115 0.412309
v 0.278038 -0.308115 -0.412801
v 0.278038 -0.215644 -0.466092
v 0.278038 -0.114083 -0.499068
v 0.278038 -0.387471 0.340986
v 0.278038 -0.450235 0.254720
v 0.278032 -0.493664 0.157340
v 0.278032 -0.493664 -0.157834
v 0.278038 -0.450235 -0.255215
v 0.278038 -0.387471 -0.341482
v 0.278032 -0.515866 0.053043
v 0.278032 -0.515866 -0.053538
v -0.394818 0.701320 0.314493
v -0.394818 0.511654 0.575512
v -0.308423 0.781935 0.572488
v -0.308429 0.925666 0.302082
v -0.308435 -0.584381 0.792750
v -0.394818 -0.395598 0.670916
v -0.394818 -0.635399 0.454976
v -0.308429 -0.797124 0.572488
v -0.298870 0.569193 0.792750
v -0.394818 0.232202 0.736866
v -0.298870 0.293977 0.926997
v -0.298864 -0.007594 0.980163
v -0.394818 -0.088710 0.770581
v -0.298870 -0.309172 0.926997
v -0.308429 -0.940855 0.302082
v -0.394818 -0.766644 0.160178
v -0.308429 -0.983506 -0.001114
v -0.394818 -0.766644 -0.162467
v -0.308429 -0.940855 -0.304371
v -0.394818 -0.635399 -0.457266
v -0.394818 0.511654 -0.577801
v -0.394818 0.232202 -0.739155
v -0.308435 0.781935 -0.574776
v -0.308423 0.569193 -0.795039
v -0.394818 0.701320 -0.316783
v -0.308429 0.925666 -0.304371
v -0.308423 0.293977 -0.929286
v -0.308423 -0.007594 -0.982452
v -0.394818 -0.088709 -0.772871
v -0.308423 -0.309171 -0.929286
v -0.394818 -0.395598 -0.673205
v -0.308429 -0.584381 -0.795039
v -0.291145 -0.238664 -0.518767
v -0.291145 -0.429582 -0.380261
v -0.308429 -0.797124 -0.574777
v -0.394818 0.768412 -0.001114
v -0.308435 0.968317 -0.001114
v 0.337193 -0.469047 -0.635909
v 0.254865 -0.598616 -0.814614
v 0.254865 -0.316612 -0.952195
v 0.337786 -0.625387 -0.449732
v 0.336705 -0.767907 -0.248053
v 0.254865 -0.816610 -0.588917
v 0.254865 -0.963888 -0.311843
v 0.336940 -0.795895 -0.001114
v 0.254865 -1.007593 -0.001114
v 0.269963 -0.569133 -0.001114
v 0.269963 -0.544589 -0.175312
v 0.337193 -0.248866 -0.743232
v 0.254865 -0.007594 -1.006659
v 0.337193 -0.007594 -0.785776
v 0.269963 -0.181119 -0.534328
v 0.269963 -0.339478 -0.457202
v 0.337193 0.233678 -0.743232
v 0.254865 0.301424 -0.952195
v 0.254878 0.583426 -0.814614
v 0.269963 0.165931 -0.534328
v 0.269963 -0.007594 -0.564834
v 0.337193 0.453855 -0.635909
v 0.269963 0.324290 -0.457202
v 0.338403 0.705593 -0.232678
v 0.337193 0.624064 -0.459795
v 0.254865 0.948699 -0.311842
v 0.269963 0.446704 -0.330676
v 0.254865 0.992406 -0.001114
v 0.337193 0.773179 -0.001114
v 0.269963 0.529407 -0.175312
v 0.269963 0.553946 -0.001114
v 0.254865 0.948699 0.309554
v 0.337193 0.739050 0.241319
v 0.269963 0.529407 0.173024
v 0.337193 0.233677 0.741005
v 0.337193 0.453861 0.633620
v 0.254865 0.301424 0.949905
v 0.254865 -0.007594 1.004369
v 0.337193 -0.007594 0.783488
v 0.269963 0.165930 0.532040
v 0.269963 0.324290 0.454913
v 0.337193 -0.248866 0.741005
v 0.254865 -0.316613 0.949905
v 0.254865 -0.598616 0.812325
v 0.269963 -0.181119 0.532040
v 0.269963 -0.007594 0.562545
v 0.338434 -0.610232 0.436388
v 0.337193 -0.754239 0.241319
v 0.269963 -0.461889 0.328387
v 0.254865 -0.963888 0.309554
v 0.269963 -0.544589 0.173024
v 0.269963 -0.461889 -0.330676
v 0.254865 0.801424 -0.588917
v 0.337193 0.624064 0.457506
v 0.254865 0.801424 0.586629
v 0.254865 0.583426 0.812325
v 0.269963 0.446704 0.328387
v 0.337193 -0.469047 0.633620
v 0.254865 -0.816610 0.586628
v 0.269963 -0.339479 0.454913
v -0.291139 -0.341411 0.457198
v 0.273820 -0.547616 -0.175311
v 0.291062 -0.542445 -0.173643
v 0.291062 -0.566875 -0.058911
v 0.291062 -0.566875 0.058416
v 0.273820 -0.572283 0.058972
v 0.273783 -0.572283 -0.059467
v 0.291062 -0.542445 0.173148
v 0.273783 -0.499361 -0.283560
v 0.291062 -0.494651 0.280285
v 0.273820 -0.499361 0.283003
v 0.273783 -0.547616 0.174816
v 0.273820 -0.429626 -0.379395
v 0.291061 -0.425583 -0.375753
v 0.291061 -0.494651 -0.280841
v 0.291062 -0.425583 0.375197
v 0.273783 -0.341460 -0.458620
v 0.291062 -0.338262 0.453741
v 0.273820 -0.341461 0.458128
v 0.273783 -0.429626 0.378838
v 0.273820 -0.238714 -0.517840
v 0.291061 -0.236503 -0.512900
v 0.291061 -0.338262 -0.454237
v 0.291062 -0.236503 0.512405
v 0.291062 -0.124747 0.548653
v 0.273820 -0.125877 0.553963
v 0.273783 -0.238714 0.517345
v 0.273783 -0.125883 -0.554458
v 0.291062 -0.007884 0.560879
v 0.291061 -0.124747 -0.549148
v 0.273820 -0.007884 -0.566870
v 0.291061 -0.007884 -0.561374
v 0.291062 0.108972 0.548653
v 0.273820 0.110102 0.553963
v 0.273783 -0.007884 0.566313
v 0.273783 0.110108 -0.554458
v 0.291062 0.220728 0.512405
v 0.273820 0.222939 -0.517840
v 0.291061 0.220728 -0.512900
v 0.291061 0.108972 -0.549148
v 0.291062 0.322487 0.453741
v 0.273820 0.325686 0.458128
v 0.273783 0.222939 0.517345
v 0.273783 0.325686 -0.458620
v 0.291062 0.409808 0.375197
v 0.273820 0.413853 -0.379394
v 0.291061 0.409808 -0.375753
v 0.291061 0.322487 -0.454237
v 0.291062 0.478876 0.280285
v 0.273820 0.483588 0.283003
v 0.273783 0.413853 0.378838
v 0.273783 0.483588 -0.283560
v 0.291062 0.526671 0.173148
v 0.273820 0.531846 -0.175311
v 0.291062 0.526671 -0.173643
v 0.291061 0.478876 -0.280841
v 0.291062 0.551100 0.058416
v 0.273820 0.556509 0.058972
v 0.273783 0.531846 0.174816
v 0.273783 0.556509 -0.059467
v 0.291062 0.551100 -0.058911
v 0.185888 0.489973 -0.009696
v 0.186382 0.489806 0.009757
v 0.269739 0.471435 0.003396
v 0.269430 0.471534 -0.008523
v 0.223828 -0.264254 0.053043
v 0.164843 -0.277067 0.050635
v 0.164843 -0.277067 -0.051192
v 0.223828 -0.264254 -0.053599
v 0.223827 -0.089765 -0.249163
v 0.223827 -0.182132 -0.195873
v 0.164843 -0.186424 -0.208162
v 0.164843 -0.098281 -0.259043
v 0.223828 -0.089765 0.248607
v 0.164844 -0.098281 0.258486
v 0.164844 -0.186424 0.207605
v 0.223828 -0.182132 0.195316
v 0.223828 0.166851 0.195316
v 0.164844 0.171149 0.207605
v 0.164844 0.083000 0.258486
v 0.223828 0.074485 0.248607
v 0.164843 0.083000 -0.259043
v 0.164843 0.171149 -0.208162
v 0.223827 0.166851 -0.195873
v 0.223827 0.074485 -0.249163
v 0.223828 0.248979 0.053043
v 0.223828 0.248979 -0.053599
v 0.164843 0.261786 -0.051192
v 0.164843 0.261786 0.050635
v 0.183115 0.473387 -0.019514
v 0.267738 0.461401 -0.014511
v 0.184109 0.473059 0.019388
v 0.268349 0.461203 0.009262
v 0.163497 -0.287299 0.072804
v 0.163497 -0.287299 -0.073360
v 0.163497 -0.084196 -0.278990
v 0.163497 -0.084196 0.278434
v 0.221499 -0.278506 0.080523
v 0.221499 -0.278506 -0.081080
v 0.163497 -0.210747 0.205382
v 0.163497 -0.210747 -0.205938
v 0.221499 -0.073105 -0.275223
v 0.221499 -0.073105 0.274667
v 0.163497 0.195466 0.205382
v 0.163497 0.195466 -0.205938
v 0.221499 -0.213038 0.193896
v 0.221499 -0.213038 -0.194452
v 0.221499 0.197757 0.193896
v 0.163497 0.068921 0.278434
v 0.221499 0.197757 -0.194452
v 0.163497 0.068921 -0.278990
v 0.163497 0.272025 -0.073360
v 0.163497 0.272025 0.072804
v 0.221499 0.057831 0.274667
v 0.221499 0.057831 -0.275223
v 0.221499 0.263225 -0.081080
v 0.221499 0.263225 0.080523
v 0.251053 -0.195476 -0.021737
v 0.251053 -0.207629 -0.000248
v 0.139414 -0.207629 -0.000248
v 0.139414 -0.195476 -0.021737
v 0.251053 -0.120153 0.151660
v 0.251053 -0.107636 0.172900
v 0.139414 -0.107636 0.172900
v 0.139414 -0.120153 0.151660
v 0.251053 -0.120147 -0.152216
v 0.139414 -0.120147 -0.152216
v 0.139414 -0.107636 -0.173457
v 0.251053 -0.107636 -0.173457
v 0.251053 -0.195476 0.021181
v 0.139414 -0.195476 0.021181
v 0.251053 -0.082973 0.173148
v 0.139414 -0.082967 0.173148
v 0.251053 -0.082967 -0.173704
v 0.139414 -0.082967 -0.173704
v 0.251053 0.067692 0.173148
v 0.251053 0.092355 0.172900
v 0.139414 0.092355 0.172900
v 0.139414 0.067692 0.173148
v 0.251053 0.067692 -0.173704
v 0.139414 0.067692 -0.173704
v 0.139414 0.092355 -0.173457
v 0.251053 0.092355 -0.173457
v 0.251053 0.180202 0.021181
v 0.251053 0.192354 -0.000248
v 0.139414 0.192354 -0.000248
v 0.139414 0.180202 0.021181
v 0.251053 0.104872 -0.152216
v 0.139414 0.104872 -0.152216
v 0.251053 0.180202 -0.021737
v 0.139414 0.180202 -0.021737
v 0.251053 0.104872 0.151660
v 0.139414 0.104872 0.151660
v 0.171179 -0.159624 -0.041002
v 0.171161 -0.135875 -0.000248
v 0.149232 -0.136344 -0.000248
v 0.206055 -0.066610 -0.398538
v 0.206056 -0.066609 0.397982
v 0.171179 0.144343 0.040445
v 0.171161 0.120594 -0.000248
v 0.149232 0.121063 -0.000248
v 0.150968 -0.079311 -0.389338
v 0.150968 -0.079311 0.388842
v 0.206056 -0.382031 0.147768
v 0.206055 -0.382031 -0.148325
v 0.206056 0.307778 0.249905
v 0.206055 0.307778 -0.250461
v 0.152975 -0.079632 0.071692
v 0.152975 -0.105981 -0.026614
v 0.177663 -0.105981 -0.026614
v 0.177663 -0.079632 0.071692
v 0.150968 -0.380437 0.132208
v 0.150968 -0.380437 -0.132764
v 0.150968 0.293483 0.256326
v 0.150968 0.293483 -0.256883
v 0.152975 -0.033992 -0.098615
v 0.177663 -0.033992 -0.098615
v 0.206055 -0.323059 -0.250461
v 0.206056 -0.323059 0.249905
v 0.152975 0.018712 0.098059
v 0.177663 0.018712 0.098059
v 0.206055 0.366750 -0.148325
v 0.206056 0.366750 0.147768
v 0.150968 -0.308757 -0.256883
v 0.150968 -0.308764 0.256326
v 0.150968 0.365157 -0.132764
v 0.150968 0.365157 0.132207
v 0.206056 0.051334 0.397982
v 0.206055 0.051334 -0.398538
v 0.152975 0.064358 -0.072249
v 0.177663 0.064358 -0.072249
v 0.150968 0.064036 0.388842
v 0.150968 0.064036 -0.389338
v 0.149226 -0.206387 0.039953
v 0.149226 -0.159852 0.040014
v 0.171179 -0.159624 0.040445
v 0.152975 0.090707 0.026057
v 0.177663 0.090707 0.026057
v 0.251053 0.155903 0.021181
v 0.251053 0.143756 -0.000248
v 0.251053 0.155903 -0.021737
v 0.251053 0.092726 -0.131157
v 0.251053 0.068056 -0.131404
v 0.251053 0.055540 -0.152647
v 0.251053 -0.070820 -0.152647
v 0.251053 -0.083337 -0.131404
v 0.251053 -0.108000 -0.131157
v 0.251053 -0.171184 -0.021737
v 0.251053 -0.159031 -0.000248
v 0.251053 -0.171184 0.021181
v 0.251053 -0.108000 0.130601
v 0.251053 -0.083337 0.130848
v 0.251053 -0.070820 0.152091
v 0.251053 0.055540 0.152091
v 0.251053 0.068056 0.130848
v 0.251053 0.092726 0.130601
v 0.149226 0.191107 -0.040510
v 0.149226 0.144578 -0.040571
v 0.171179 0.144343 -0.041002
v 0.225451 0.225891 -0.000248
v 0.225451 0.217937 0.060145
v 0.225451 0.217937 -0.060701
v 0.225451 -0.209883 0.116460
v 0.225451 -0.172770 0.164873
v 0.225451 -0.124408 0.201985
v 0.225451 -0.068085 0.225326
v 0.225451 -0.007637 0.233232
v 0.225451 0.052804 0.225326
v 0.225451 0.109127 0.201985
v 0.225451 0.157490 0.164873
v 0.225451 0.194608 0.116460
v 0.225451 -0.233212 0.060145
v 0.203678 -0.324806 0.279112
v 0.203678 -0.408171 0.134740
v 0.225451 -0.241172 -0.000248
v 0.225451 -0.233212 -0.060701
v 0.191995 -0.460212 0.261019
v 0.191995 -0.512419 0.134987
v 0.191995 -0.377165 0.369267
v 0.203678 -0.426009 0.068048
v 0.203678 -0.275999 0.327894
v 0.191995 -0.530226 -0.000248
v 0.191995 -0.268935 0.452321
v 0.203678 -0.430523 -0.000248
v 0.203678 -0.219083 0.365932
v 0.203678 -0.426009 -0.068605
v 0.203678 -0.157648 0.396192
v 0.191995 -0.512419 -0.135544
v 0.191995 -0.142896 0.504502
v 0.203678 -0.091007 0.414099
v 0.191995 -0.007637 0.522285
v 0.203678 -0.408171 -0.135235
v 0.191995 -0.460212 -0.261575
v 0.203678 0.075726 0.414099
v 0.191995 0.127615 0.504502
v 0.203678 0.142373 0.396192
v 0.191995 0.253654 0.452321
v 0.203678 0.203803 0.365932
v 0.203678 0.260718 0.327894
v 0.191995 0.361884 0.369267
v 0.203678 0.309526 0.279112
v 0.191995 0.444932 0.261019
v 0.203678 0.392895 0.134740
v 0.191995 0.497142 0.134987
v 0.203678 0.410729 0.068048
v 0.191995 0.514951 -0.000248
v 0.203678 0.415249 -0.000248
v 0.203678 0.410729 -0.068605
v 0.191995 0.497142 -0.135544
v 0.203678 0.392895 -0.135235
v 0.191995 0.444932 -0.261575
v 0.203678 0.309526 -0.279668
v 0.191995 0.361884 -0.369824
v 0.203678 0.260718 -0.328450
v 0.191995 0.253654 -0.452878
v 0.203678 0.203803 -0.366489
v 0.203678 0.142373 -0.396748
v 0.191995 0.127614 -0.505059
v 0.203678 0.075725 -0.414656
v 0.191995 -0.007638 -0.522841
v 0.203678 -0.091007 -0.414656
v 0.225451 0.194608 -0.117017
v 0.191995 -0.142896 -0.505059
v 0.203678 -0.157648 -0.396748
v 0.191995 -0.268935 -0.452878
v 0.203678 -0.219084 -0.366489
v 0.203678 -0.275999 -0.328450
v 0.191995 -0.377165 -0.369824
v 0.203678 -0.324806 -0.279668
v 0.225451 -0.209883 -0.117017
v 0.225451 -0.172770 -0.165429
v 0.225451 -0.124401 -0.202541
v 0.225451 -0.068079 -0.225822
v 0.225451 -0.007637 -0.233788
v 0.225451 0.052804 -0.225822
v 0.225451 0.109127 -0.202542
v 0.225451 0.157490 -0.165429
v 0.139414 -0.108000 0.130601
v 0.139414 0.055540 0.152091
v 0.139414 0.055540 -0.152647
v 0.139414 -0.108000 -0.131157
v 0.266349 0.451169 -0.008584
v 0.266657 0.451070 0.003272
v 0.139414 0.155903 0.021181
v 0.139414 -0.171184 0.021181
v 0.139414 -0.171184 -0.021737
v 0.139414 0.155903 -0.021737
v 0.139414 0.092726 -0.131157
v 0.139414 -0.070820 -0.152647
v 0.139414 -0.070820 0.152091
v 0.139414 0.092726 0.130601
v 0.171161 0.103415 0.063851
v 0.171179 0.103619 0.110965
v 0.171161 0.056478 0.110781
v 0.171161 -0.007637 0.127946
v 0.171179 0.033081 0.151721
v 0.171179 -0.048362 0.151721
v 0.171161 -0.071759 0.110781
v 0.184677 0.056633 0.192353
v 0.184677 -0.071913 0.192353
v 0.171161 -0.118689 0.063851
v 0.171179 -0.118899 0.110965
v 0.171161 -0.118689 -0.064407
v 0.171179 -0.118899 -0.111521
v 0.171161 -0.071753 -0.111337
v 0.157661 0.102421 -0.063789
v 0.157661 0.119445 -0.000248
v 0.157661 0.102421 0.063295
v 0.157661 0.055904 -0.110348
v 0.157661 0.055904 0.109792
v 0.157661 -0.007637 -0.127330
v 0.157661 -0.007637 0.126834
v 0.157661 -0.071179 -0.110348
v 0.157661 -0.071179 0.109792
v 0.157661 -0.117695 -0.063851
v 0.157661 -0.117695 0.063295
v 0.157661 -0.134720 -0.000248
v 0.171179 0.033081 -0.152277
v 0.171161 0.056478 -0.111337
v 0.171161 -0.007637 -0.128503
v 0.171179 -0.048362 -0.152277
v 0.184677 -0.071913 -0.192909
v 0.184677 0.056633 -0.192909
v 0.171161 0.103415 -0.064407
v 0.171179 0.103619 -0.111521
v 0.149232 0.213985 -0.000248
v 0.149226 0.191107 0.039953
v 0.149226 0.144578 0.040014
v 0.149232 0.103174 -0.192229
v 0.149226 0.126602 -0.152277
v 0.149226 0.103384 -0.111954
v 0.149232 0.056713 -0.111768
v 0.149226 0.033556 -0.152277
v 0.149226 0.056867 -0.192539
v 0.149232 -0.118449 -0.192229
v 0.149226 -0.072148 -0.192539
v 0.149226 -0.048831 -0.152277
v 0.149232 -0.071994 -0.111768
v 0.149226 -0.118659 -0.111954
v 0.149226 -0.141877 -0.152277
v 0.149232 -0.229260 -0.000248
v 0.149226 -0.206387 -0.040510
v 0.149226 -0.159852 -0.040571
v 0.149233 -0.118449 0.191672
v 0.149227 -0.141877 0.151721
v 0.149226 -0.118659 0.111399
v 0.149232 -0.071994 0.111212
v 0.149227 -0.048831 0.151721
v 0.149227 -0.072148 0.191983
v 0.149233 0.103174 0.191672
v 0.149227 0.056867 0.191983
v 0.149227 0.033556 0.151721
v 0.149232 0.056713 0.111212
v 0.149226 0.103384 0.111398
v 0.149227 0.126602 0.151721
v 0.184677 0.127071 -0.152277
v 0.184677 0.191341 -0.040941
v 0.184677 0.191341 0.040384
v 0.184677 0.127071 0.151721
v 0.184677 -0.142346 0.151721
v 0.184677 -0.206622 0.040384
v 0.184677 -0.206622 -0.040941
v 0.184677 -0.142346 -0.152277
v 0.139414 0.143756 -0.000248
v 0.139414 0.068056 0.130848
v 0.139414 0.068056 -0.131404
v 0.212626 0.214448 -0.000248
v 0.139414 -0.083337 0.130848
v 0.139414 -0.083337 -0.131404
v 0.212626 0.103409 -0.192601
v 0.212626 0.103402 0.192044
v 0.212626 -0.118683 -0.192600
v 0.212626 -0.118683 0.192045
v 0.139414 -0.159031 -0.000248
v 0.212626 -0.229729 -0.000248
v 0.180843 0.456646 -0.009879
v 0.181337 0.456479 0.009571
v 0.149584 0.294625 0.275592
v 0.149578 0.294625 -0.276149
v 0.149578 -0.095398 -0.399959
v 0.149584 -0.095397 0.399403
v 0.149578 0.382385 0.123563
v 0.149578 0.382385 -0.124119
v 0.149578 -0.397663 -0.124119
v 0.149578 -0.397663 0.123563
v 0.149578 0.080116 0.399403
v 0.149578 0.080116 -0.399959
v 0.149578 -0.309906 -0.276149
v 0.149578 -0.309906 0.275592
v 0.149430 0.397965 0.066319
v 0.149430 0.402349 -0.000248
v 0.149430 0.397965 -0.066876
v 0.149431 0.252814 0.317706
v 0.149430 0.252820 -0.318262
v 0.149431 0.197356 0.354757
v 0.149430 0.197356 -0.355314
v 0.149431 0.137507 0.384273
v 0.149430 0.137507 -0.384829
v 0.149430 -0.152789 -0.384829
v 0.149431 -0.152788 0.384273
v 0.149430 -0.212631 -0.355314
v 0.149431 -0.212630 0.354757
v 0.149430 -0.268095 -0.318262
v 0.149431 -0.268095 0.317706
v 0.149430 -0.413242 -0.066876
v 0.149430 -0.413242 0.066319
v 0.149430 -0.417627 -0.000248
v -0.258640 -0.007594 1.004369
v -0.258640 -0.216651 0.982387
v -0.258640 -0.416571 0.917424
v -0.258640 -0.598616 0.812325
v -0.258640 0.948699 0.309554
v -0.258640 0.863199 0.501599
v -0.258640 0.739643 0.671658
v -0.258640 0.583426 0.812325
v -0.258640 0.583426 -0.814614
v -0.258640 0.739643 -0.673947
v -0.258640 0.863199 -0.503887
v -0.258640 0.948699 -0.311842
v -0.258640 0.401379 0.917424
v -0.258640 0.201462 0.982387
v -0.258640 -0.754829 0.671658
v -0.258640 -0.878388 0.501598
v -0.258640 -0.963888 0.309554
v -0.258640 -0.007594 -1.006659
v -0.258640 0.201462 -0.984676
v -0.258640 0.401380 -0.919713
v -0.258640 -1.007594 0.103986
v -0.258640 -1.007594 -0.106275
v -0.258640 -0.963888 -0.311843
v -0.258640 -0.878388 -0.503887
v -0.258640 -0.754829 -0.673947
v -0.258640 -0.598616 -0.814614
v -0.258640 -0.416571 -0.919713
v -0.258640 -0.216650 -0.984676
v -0.258640 0.992406 -0.106274
v -0.258640 0.992406 0.103986
vt 0.847455 0.359942
vt 0.855273 0.359942
vt 0.855273 0.397406
vt 0.855273 0.434861
vt 0.847455 0.434861
vt 0.847438 0.397406
vt 0.847455 0.359942
vt 0.855273 0.359942
vt 0.855273 0.397406
vt 0.855273 0.434861
vt 0.847455 0.434861
vt 0.847438 0.397406
vt 0.855273 0.434861
vt 0.847455 0.434861
vt 0.847438 0.397406
vt 0.847455 0.359942
vt 0.855273 0.359942
vt 0.855273 0.397406
vt 0.847455 0.359942
vt 0.855273 0.359942
vt 0.855273 0.397406
vt 0.855273 0.434861
vt 0.847455 0.434861
vt 0.847438 0.397406
vt 0.855273 0.434861
vt 0.847455 0.434861
vt 0.847438 0.397406
vt 0.847455 0.359942
vt 0.855273 0.359942
vt 0.855273 0.397406
vt 0.847455 0.359942
vt 0.855273 0.359942
vt 0.855273 0.397406
vt 0.855273 0.434861
vt 0.847455 0.434861
vt 0.847438 0.397406
vt 0.855273 0.434861
vt 0.847455 0.434861
vt 0.847438 0.397406
vt 0.847455 0.359942
vt 0.855273 0.359942
vt 0.855273 0.397406
vt 0.855273 0.397406
vt 0.847455 0.359942
vt 0.855273 0.359942
vt 0.855273 0.434861
vt 0.847455 0.434861
vt 0.847438 0.397406
vt 0.855273 0.434861
vt 0.847455 0.434861
vt 0.847438 0.397406
vt 0.847455 0.359942
vt 0.855273 0.359942
vt 0.855273 0.397406
vt 0.847455 0.359942
vt 0.855273 0.359942
vt 0.855273 0.397406
vt 0.855273 0.434861
vt 0.847455 0.434861
vt 0.847438 0.397406
vt 0.855273 0.434861
vt 0.847455 0.434861
vt 0.847438 0.397406
vt 0.847455 0.359942
vt 0.855273 0.359942
vt 0.855273 0.397406
vt 0.847455 0.359942
vt 0.855273 0.359942
vt 0.855273 0.397406
vt 0.855273 0.434861
vt 0.847455 0.434861
vt 0.847438 0.397406
vt 0.855273 0.434861
vt 0.847455 0.434861
vt 0.847438 0.397406
vt 0.847455 0.359942
vt 0.855273 0.359942
vt 0.855273 0.397406
vt 0.847455 0.359942
vt 0.855273 0.359942
vt 0.855273 0.397406
vt 0.855273 0.434861
vt 0.847455 0.434861
vt 0.847438 0.397406
vt 0.855273 0.434861
vt 0.847455 0.434861
vt 0.847438 0.397406
vt 0.847455 0.359942
vt 0.855273 0.359942
vt 0.855273 0.397406
vt 0.596117 0.647373
vt 0.596117 0.658575
vt 0.643446 0.656396
vt 0.643446 0.649552
vt 0.801123 0.334767
vt 0.802397 0.349519
vt 0.790569 0.349519
vt 0.789321 0.334767
vt 0.789467 0.334767
vt 0.800799 0.334767
vt 0.802105 0.349519
vt 0.790750 0.349519
vt 0.800963 0.334767
vt 0.802271 0.349519
vt 0.789784 0.349519
vt 0.788502 0.334767
vt 0.800822 0.334767
vt 0.802129 0.349519
vt 0.790774 0.349519
vt 0.789489 0.334767
vt 0.790627 0.349519
vt 0.802080 0.349519
vt 0.800946 0.334767
vt 0.789516 0.334767
vt 0.789148 0.334767
vt 0.800845 0.334767
vt 0.802289 0.349519
vt 0.790569 0.349519
vt 0.596117 0.641773
vt 0.643446 0.646130
vt 0.596117 0.664176
vt 0.643446 0.659818
vt 0.805342 0.349519
vt 0.787896 0.349519
vt 0.788189 0.349519
vt 0.805376 0.349519
vt 0.804698 0.334767
vt 0.786137 0.334767
vt 0.786955 0.349519
vt 0.804941 0.349519
vt 0.786420 0.334767
vt 0.804731 0.334767
vt 0.804965 0.349519
vt 0.804929 0.349519
vt 0.785134 0.334767
vt 0.804242 0.334767
vt 0.804264 0.334767
vt 0.788213 0.349519
vt 0.804404 0.334767
vt 0.788032 0.349519
vt 0.805221 0.349519
vt 0.787929 0.349519
vt 0.786442 0.334767
vt 0.786425 0.334767
vt 0.804404 0.334767
vt 0.786008 0.334767
vt 0.855958 0.664349
vt 0.848396 0.664349
vt 0.848396 0.637680
vt 0.855958 0.637680
vt 0.810808 0.664349
vt 0.818371 0.664349
vt 0.818371 0.637680
vt 0.810808 0.637680
vt 0.840833 0.664349
vt 0.840833 0.637680
vt 0.848396 0.637680
vt 0.848396 0.664349
vt 0.840833 0.664349
vt 0.840833 0.637680
vt 0.825934 0.664349
vt 0.825934 0.637680
vt 0.855958 0.664349
vt 0.855958 0.637680
vt 0.810808 0.664349
vt 0.818371 0.664349
vt 0.818371 0.637680
vt 0.810808 0.637680
vt 0.810808 0.664349
vt 0.810808 0.637680
vt 0.818371 0.637680
vt 0.818371 0.664349
vt 0.840833 0.664349
vt 0.848396 0.664349
vt 0.848396 0.637680
vt 0.840833 0.637680
vt 0.825934 0.664349
vt 0.825934 0.637680
vt 0.855958 0.664349
vt 0.855958 0.637680
vt 0.825934 0.664349
vt 0.825934 0.637680
vt 0.580700 0.423395
vt 0.580106 0.441300
vt 0.573120 0.441042
vt 0.775341 0.334767
vt 0.819972 0.334767
vt 0.580591 0.352363
vt 0.580088 0.334458
vt 0.573120 0.334716
vt 0.777719 0.349519
vt 0.819678 0.349519
vt 0.819173 0.334767
vt 0.774516 0.334767
vt 0.818245 0.334767
vt 0.818380 0.334767
vt 0.704578 0.488647
vt 0.717936 0.484187
vt 0.717448 0.486749
vt 0.706095 0.490298
vt 0.818924 0.349519
vt 0.776916 0.349519
vt 0.818079 0.349519
vt 0.818045 0.349519
vt 0.727415 0.495716
vt 0.725758 0.496445
vt 0.818222 0.334767
vt 0.772820 0.334767
vt 0.701004 0.504074
vt 0.703053 0.503543
vt 0.818879 0.334767
vt 0.774617 0.334767
vt 0.818056 0.349519
vt 0.775323 0.349519
vt 0.818798 0.349519
vt 0.777161 0.349519
vt 0.775364 0.334767
vt 0.775128 0.334767
vt 0.724045 0.511458
vt 0.722716 0.509690
vt 0.777743 0.349519
vt 0.777359 0.349519
vt 0.573120 0.370412
vt 0.573120 0.352733
vt 0.580591 0.352363
vt 0.573120 0.335019
vt 0.580088 0.334458
vt 0.710544 0.515828
vt 0.711364 0.513238
vt 0.842962 0.633302
vt 0.830125 0.624826
vt 0.830125 0.607872
vt 0.842962 0.599396
vt 0.855800 0.607872
vt 0.855800 0.624826
vt 0.855043 0.624699
vt 0.842521 0.633302
vt 0.830125 0.624952
vt 0.830249 0.607998
vt 0.842771 0.599396
vt 0.855168 0.607746
vt 0.855043 0.607998
vt 0.855168 0.624952
vt 0.842771 0.633302
vt 0.830249 0.624699
vt 0.830125 0.607746
vt 0.842521 0.599396
vt 0.842962 0.599396
vt 0.855800 0.607872
vt 0.855800 0.624826
vt 0.842962 0.633302
vt 0.830125 0.624826
vt 0.830125 0.607872
vt 0.830249 0.607998
vt 0.842771 0.599396
vt 0.855168 0.607746
vt 0.855043 0.624699
vt 0.842521 0.633302
vt 0.830125 0.624952
vt 0.830249 0.624699
vt 0.830125 0.607746
vt 0.842521 0.599396
vt 0.855043 0.607998
vt 0.855168 0.624952
vt 0.842771 0.633302
vt 0.573120 0.405346
vt 0.573120 0.423025
vt 0.580700 0.423395
vt 0.573120 0.440739
vt 0.580106 0.441300
vt 0.714384 0.538501
vt 0.706844 0.542307
vt 0.705838 0.537189
vt 0.721923 0.542307
vt 0.722929 0.537189
vt 0.686930 0.466143
vt 0.697876 0.466662
vt 0.691038 0.472781
vt 0.686734 0.471238
vt 0.685790 0.480754
vt 0.679194 0.486465
vt 0.682492 0.490039
vt 0.675509 0.489210
vt 0.681367 0.500003
vt 0.675509 0.510795
vt 0.682492 0.509967
vt 0.679194 0.513542
vt 0.685790 0.519252
vt 0.686734 0.528768
vt 0.691038 0.527225
vt 0.686930 0.533863
vt 0.697876 0.533343
vt 0.705838 0.462817
vt 0.702962 0.455350
vt 0.706844 0.457699
vt 0.679010 0.448005
vt 0.693451 0.438284
vt 0.674885 0.447717
vt 0.695300 0.433975
vt 0.714384 0.461505
vt 0.721923 0.457699
vt 0.722929 0.462817
vt 0.677442 0.425395
vt 0.695261 0.416789
vt 0.662140 0.439086
vt 0.704723 0.431034
vt 0.667989 0.455764
vt 0.714384 0.413853
vt 0.650399 0.456928
vt 0.714384 0.430290
vt 0.662606 0.465146
vt 0.724044 0.431034
vt 0.658329 0.475273
vt 0.733506 0.416789
vt 0.643018 0.477706
vt 0.655801 0.486260
vt 0.640500 0.500003
vt 0.733468 0.433975
vt 0.751326 0.425395
vt 0.655801 0.513746
vt 0.658078 0.490281
vt 0.643018 0.522300
vt 0.658078 0.509724
vt 0.658329 0.524732
vt 0.650399 0.543078
vt 0.662606 0.534860
vt 0.667989 0.544243
vt 0.662140 0.560920
vt 0.674885 0.552288
vt 0.677442 0.574611
vt 0.695300 0.566032
vt 0.695261 0.583217
vt 0.679010 0.552000
vt 0.704723 0.568972
vt 0.693451 0.561722
vt 0.714384 0.586152
vt 0.714384 0.569717
vt 0.724044 0.568972
vt 0.733506 0.583217
vt 0.733468 0.566032
vt 0.751326 0.574611
vt 0.702962 0.544656
vt 0.753882 0.552288
vt 0.735317 0.561722
vt 0.766627 0.560920
vt 0.749757 0.552000
vt 0.760778 0.544243
vt 0.778369 0.543078
vt 0.766161 0.534860
vt 0.770438 0.524733
vt 0.785749 0.522300
vt 0.772967 0.513746
vt 0.725806 0.544656
vt 0.788267 0.500003
vt 0.741837 0.533863
vt 0.772967 0.486260
vt 0.730892 0.533343
vt 0.770690 0.509724
vt 0.785749 0.477706
vt 0.770690 0.490281
vt 0.770438 0.475273
vt 0.778369 0.456928
vt 0.766161 0.465146
vt 0.760778 0.455764
vt 0.766627 0.439086
vt 0.753882 0.447717
vt 0.749757 0.448005
vt 0.735317 0.438284
vt 0.741837 0.466143
vt 0.725806 0.455350
vt 0.730892 0.466663
vt 0.737730 0.472781
vt 0.742034 0.471238
vt 0.742977 0.480754
vt 0.749574 0.486465
vt 0.746276 0.490039
vt 0.753259 0.489210
vt 0.747401 0.500003
vt 0.753259 0.510795
vt 0.746276 0.509967
vt 0.749574 0.513542
vt 0.742977 0.519252
vt 0.742034 0.528768
vt 0.737730 0.527225
vt 0.848509 0.664349
vt 0.855958 0.664349
vt 0.855958 0.637680
vt 0.848509 0.637680
vt 0.848509 0.664349
vt 0.855958 0.664349
vt 0.855958 0.637680
vt 0.848509 0.637680
vt 0.848509 0.664349
vt 0.848509 0.637680
vt 0.855958 0.637680
vt 0.855958 0.664349
vt 0.833383 0.664349
vt 0.833383 0.637680
vt 0.612386 0.625205
vt 0.612386 0.634513
vt 0.605477 0.639167
vt 0.605477 0.620551
vt 0.598568 0.625205
vt 0.598568 0.634513
vt 0.833383 0.664349
vt 0.833383 0.637680
vt 0.833383 0.664349
vt 0.833383 0.637680
vt 0.818258 0.664349
vt 0.810808 0.664349
vt 0.810808 0.637680
vt 0.818258 0.637680
vt 0.818258 0.664349
vt 0.818258 0.637680
vt 0.810808 0.637680
vt 0.810808 0.664349
vt 0.833383 0.664349
vt 0.833383 0.637680
vt 0.818258 0.664349
vt 0.810808 0.664349
vt 0.810808 0.637680
vt 0.818258 0.637680
vt 0.833383 0.664349
vt 0.833383 0.637680
vt 0.833383 0.664349
vt 0.833383 0.637680
vt 0.661296 0.431104
vt 0.674713 0.419718
vt 0.678333 0.427040
vt 0.666140 0.437387
vt 0.656054 0.450468
vt 0.650198 0.445499
vt 0.648517 0.465714
vt 0.641905 0.462275
vt 0.643859 0.482455
vt 0.636780 0.480697
vt 0.642284 0.499962
vt 0.635046 0.499962
vt 0.643859 0.517469
vt 0.636780 0.519227
vt 0.648517 0.534212
vt 0.641905 0.537650
vt 0.656054 0.549456
vt 0.650198 0.554425
vt 0.666140 0.562538
vt 0.661296 0.568820
vt 0.762622 0.437387
vt 0.767466 0.431104
vt 0.778564 0.445499
vt 0.772708 0.450468
vt 0.786856 0.462275
vt 0.780244 0.465713
vt 0.791982 0.480697
vt 0.784902 0.482455
vt 0.793716 0.499962
vt 0.786478 0.499962
vt 0.791982 0.519227
vt 0.784902 0.517469
vt 0.786857 0.537650
vt 0.780244 0.534212
vt 0.778564 0.554425
vt 0.772708 0.549456
vt 0.767466 0.568820
vt 0.762622 0.562538
vt 0.705319 0.518310
vt 0.714384 0.521143
vt 0.708626 0.525057
vt 0.698654 0.518344
vt 0.698683 0.510573
vt 0.696254 0.500003
vt 0.692897 0.506716
vt 0.692897 0.493290
vt 0.698683 0.489433
vt 0.687146 0.510598
vt 0.687146 0.489407
vt 0.705319 0.481696
vt 0.698654 0.481662
vt 0.708626 0.474949
vt 0.714384 0.478863
vt 0.723449 0.481696
vt 0.720141 0.474949
vt 0.730114 0.481662
vt 0.730085 0.489433
vt 0.722405 0.516203
vt 0.714384 0.518708
vt 0.706363 0.516203
vt 0.728277 0.509356
vt 0.700491 0.509356
vt 0.730426 0.500003
vt 0.698342 0.500003
vt 0.728277 0.490651
vt 0.700491 0.490651
vt 0.722405 0.483804
vt 0.706363 0.483804
vt 0.714384 0.481298
vt 0.735871 0.506716
vt 0.730085 0.510573
vt 0.732513 0.500003
vt 0.735871 0.493290
vt 0.741621 0.489407
vt 0.741621 0.510598
vt 0.723449 0.518310
vt 0.730114 0.518344
vt 0.720141 0.525057
vt 0.754048 0.580206
vt 0.750429 0.572885
vt 0.738897 0.588085
vt 0.736660 0.580044
vt 0.722674 0.592112
vt 0.721917 0.583704
vt 0.706088 0.592112
vt 0.706845 0.583704
vt 0.692102 0.580044
vt 0.689865 0.588085
vt 0.674713 0.580206
vt 0.678333 0.572885
vt 0.607055 0.378725
vt 0.591590 0.368472
vt 0.591568 0.347619
vt 0.607055 0.337083
vt 0.622542 0.347619
vt 0.622520 0.368472
vt 0.622436 0.368240
vt 0.607114 0.378725
vt 0.591645 0.368334
vt 0.591568 0.347448
vt 0.607111 0.337083
vt 0.622558 0.347517
vt 0.622436 0.347567
vt 0.622558 0.368291
vt 0.607111 0.378725
vt 0.591568 0.368360
vt 0.591645 0.347473
vt 0.607114 0.337083
vt 0.607055 0.337083
vt 0.622520 0.347335
vt 0.622542 0.368189
vt 0.607055 0.378725
vt 0.591568 0.368189
vt 0.591590 0.347335
vt 0.591690 0.347567
vt 0.607012 0.337083
vt 0.622481 0.347473
vt 0.622558 0.368360
vt 0.607015 0.378725
vt 0.591568 0.368291
vt 0.591690 0.368240
vt 0.591568 0.347517
vt 0.607015 0.337083
vt 0.622558 0.347448
vt 0.622481 0.368334
vt 0.607012 0.378725
vt 0.750429 0.427040
vt 0.754048 0.419718
vt 0.689865 0.411839
vt 0.692102 0.419881
vt 0.706088 0.407812
vt 0.706845 0.416221
vt 0.722674 0.407812
vt 0.721917 0.416221
vt 0.738897 0.411839
vt 0.736660 0.419881
vt 0.735872 0.522210
vt 0.720133 0.532806
vt 0.708634 0.532806
vt 0.692896 0.522210
vt 0.692896 0.477796
vt 0.708634 0.467200
vt 0.720133 0.467200
vt 0.735872 0.477796
vt 0.813960 0.343063
vt 0.813960 0.352579
vt 0.853428 0.352579
vt 0.853428 0.343063
vt 0.813960 0.343063
vt 0.774681 0.343063
vt 0.774681 0.352579
vt 0.813960 0.352579
vt 0.774681 0.343063
vt 0.774681 0.352579
vt 0.853428 0.352579
vt 0.853428 0.343063
vt 0.813960 0.343063
vt 0.813960 0.352579
vt 0.853428 0.352579
vt 0.853428 0.343063
vt 0.813960 0.343063
vt 0.774681 0.343063
vt 0.774681 0.352579
vt 0.813960 0.352579
vt 0.825821 0.664349
vt 0.825821 0.637680
vt 0.840946 0.664349
vt 0.840946 0.637680
vt 0.840946 0.664349
vt 0.840946 0.637680
vt 0.774681 0.343063
vt 0.774681 0.352579
vt 0.853428 0.352579
vt 0.853428 0.343063
vt 0.813960 0.343063
vt 0.813960 0.352579
vt 0.853428 0.352579
vt 0.853428 0.343063
vt 0.714384 0.536615
vt 0.813960 0.343063
vt 0.774681 0.343063
vt 0.774681 0.352579
vt 0.813960 0.352579
vt 0.840946 0.664349
vt 0.840946 0.637680
vt 0.825821 0.664349
vt 0.825821 0.637680
vt 0.774681 0.343063
vt 0.774681 0.352579
vt 0.741576 0.518309
vt 0.687191 0.518309
vt 0.853428 0.352579
vt 0.853428 0.343063
vt 0.741576 0.481697
vt 0.687191 0.481697
vt 0.825821 0.664349
vt 0.825821 0.637680
vt 0.714384 0.463391
vt 0.580700 0.423395
vt 0.580106 0.441300
vt 0.573120 0.440804
vt 0.573120 0.423085
vt 0.573120 0.405404
vt 0.585356 0.405619
vt 0.573120 0.387804
vt 0.594387 0.387879
vt 0.585137 0.370139
vt 0.573120 0.370202
vt 0.580591 0.352363
vt 0.573120 0.352515
vt 0.573120 0.334782
vt 0.580088 0.334458
vt 0.580591 0.352363
vt 0.580088 0.334458
vt 0.573120 0.334837
vt 0.573120 0.352566
vt 0.573120 0.370251
vt 0.585137 0.370139
vt 0.573120 0.387852
vt 0.594387 0.387879
vt 0.585356 0.405619
vt 0.573120 0.405452
vt 0.580700 0.423395
vt 0.573120 0.423135
vt 0.573120 0.440859
vt 0.580106 0.441300
vt 0.573120 0.352455
vt 0.573120 0.370145
vt 0.585137 0.370139
vt 0.573120 0.387747
vt 0.594387 0.387879
vt 0.585356 0.405619
vt 0.580700 0.423395
vt 0.580106 0.441300
vt 0.573120 0.440921
vt 0.573120 0.423192
vt 0.573120 0.405507
vt 0.585356 0.405619
vt 0.573120 0.387906
vt 0.594387 0.387879
vt 0.585137 0.370139
vt 0.573120 0.370305
vt 0.580591 0.352363
vt 0.573120 0.352622
vt 0.573120 0.334899
vt 0.580088 0.334458
vt 0.580591 0.352363
vt 0.580088 0.334458
vt 0.573120 0.334954
vt 0.573120 0.352673
vt 0.573120 0.370354
vt 0.585137 0.370139
vt 0.573120 0.387954
vt 0.594387 0.387879
vt 0.585356 0.405619
vt 0.573120 0.405555
vt 0.580700 0.423395
vt 0.573120 0.423243
vt 0.573120 0.440976
vt 0.580106 0.441300
vt 0.573120 0.423303
vt 0.573120 0.405613
vt 0.585356 0.405619
vt 0.573120 0.388011
vt 0.594387 0.387879
vt 0.585137 0.370139
vt 0.643446 0.649552
vt 0.596117 0.647373
vt 0.596117 0.658575
vt 0.643446 0.656396
vt 0.821460 0.334767
vt 0.821576 0.334767
vt 0.820307 0.349519
vt 0.820260 0.349519
vt 0.849571 0.334767
vt 0.852237 0.334767
vt 0.849208 0.349519
vt 0.823457 0.334767
vt 0.847376 0.349519
vt 0.822093 0.349519
vt 0.851464 0.334767
vt 0.854243 0.334767
vt 0.851185 0.349519
vt 0.822216 0.334767
vt 0.849275 0.349519
vt 0.821110 0.349519
vt 0.851391 0.334767
vt 0.854117 0.334767
vt 0.850926 0.349519
vt 0.822490 0.334767
vt 0.849053 0.349519
vt 0.821222 0.349519
vt 0.849594 0.334767
vt 0.852260 0.334767
vt 0.849231 0.349519
vt 0.848818 0.349519
vt 0.851982 0.334767
vt 0.849367 0.334767
vt 0.847399 0.349519
vt 0.847022 0.349519
vt 0.821438 0.334767
vt 0.853767 0.334767
vt 0.856619 0.334767
vt 0.853239 0.349519
vt 0.820284 0.349519
vt 0.851280 0.349519
vt 0.844326 0.334767
vt 0.842823 0.349519
vt 0.837084 0.334767
vt 0.835414 0.349519
vt 0.827906 0.349519
vt 0.829745 0.334767
vt 0.828707 0.334767
vt 0.826849 0.349519
vt 0.826734 0.349519
vt 0.828748 0.334767
vt 0.835768 0.334767
vt 0.834072 0.349519
vt 0.833872 0.349519
vt 0.835726 0.334767
vt 0.842732 0.334767
vt 0.841197 0.349519
vt 0.840907 0.349519
vt 0.842602 0.334767
vt 0.842709 0.334767
vt 0.841173 0.349519
vt 0.831279 0.334767
vt 0.829153 0.349519
vt 0.835745 0.334767
vt 0.834048 0.349519
vt 0.838889 0.334767
vt 0.836938 0.349519
vt 0.826825 0.349519
vt 0.828685 0.334767
vt 0.846388 0.334767
vt 0.844610 0.349519
vt 0.844351 0.334767
vt 0.842690 0.349519
vt 0.829944 0.334767
vt 0.827950 0.349519
vt 0.837199 0.334767
vt 0.835373 0.349519
vt 0.589907 0.665140
vt 0.585921 0.591483
vt 0.581935 0.591483
vt 0.584596 0.665140
vt 0.579283 0.665140
vt 0.573966 0.591483
vt 0.573966 0.665140
vt 0.589907 0.665141
vt 0.589907 0.591483
vt 0.581935 0.591483
vt 0.584596 0.665141
vt 0.579283 0.665140
vt 0.577950 0.591483
vt 0.573966 0.591483
vt 0.573966 0.665140
vt 0.589907 0.665140
vt 0.589907 0.591483
vt 0.581935 0.591483
vt 0.584596 0.665140
vt 0.579283 0.665141
vt 0.577950 0.591483
vt 0.573966 0.591483
vt 0.573966 0.665141
vt 0.589907 0.665141
vt 0.589907 0.591483
vt 0.581935 0.591483
vt 0.584596 0.665141
vt 0.579283 0.665141
vt 0.577950 0.591483
vt 0.573966 0.591483
vt 0.573966 0.665141
vt 0.584596 0.665141
vt 0.589907 0.665141
vt 0.589907 0.591483
vt 0.581935 0.591483
vt 0.579283 0.665141
vt 0.577950 0.591483
vt 0.573966 0.591483
vt 0.573966 0.665141
vt 0.589907 0.665141
vt 0.589907 0.591483
vt 0.581935 0.591483
vt 0.584596 0.665141
vt 0.579283 0.665141
vt 0.577950 0.591483
vt 0.573966 0.591483
vt 0.573966 0.665141
vt 0.589907 0.665141
vt 0.589907 0.591483
vt 0.581935 0.591483
vt 0.584596 0.665141
vt 0.579283 0.665141
vt 0.577950 0.591483
vt 0.573966 0.591483
vt 0.573966 0.665141
vt 0.589907 0.665141
vt 0.589907 0.591483
vt 0.581935 0.591483
vt 0.584596 0.665141
vt 0.579283 0.665140
vt 0.577950 0.591483
vt 0.573966 0.591483
vt 0.573966 0.665140
vt 0.584596 0.665140
vt 0.589907 0.665140
vt 0.589907 0.591483
vt 0.581935 0.591483
vt 0.579283 0.665141
vt 0.573966 0.665141
vt 0.577950 0.591483
vt 0.589907 0.665140
vt 0.589907 0.591483
vt 0.581935 0.591483
vt 0.584596 0.665140
vt 0.579283 0.665140
vt 0.573966 0.665140
vt 0.577950 0.591483
vt 0.759008 0.616870
vt 0.795916 0.585603
vt 0.795483 0.630158
vt 0.757255 0.653853
vt 0.826622 0.404919
vt 0.809397 0.436040
vt 0.778871 0.396508
vt 0.795483 0.369848
vt 0.826623 0.595087
vt 0.818726 0.539535
vt 0.845606 0.549718
vt 0.853118 0.500003
vt 0.823495 0.486631
vt 0.845606 0.450288
vt 0.757255 0.346153
vt 0.737194 0.374872
vt 0.714384 0.339122
vt 0.754432 0.418942
vt 0.722754 0.406920
vt 0.691574 0.374872
vt 0.671513 0.346153
vt 0.649897 0.396508
vt 0.689628 0.410987
vt 0.641204 0.538014
vt 0.632852 0.585603
vt 0.610041 0.539535
vt 0.633285 0.630158
vt 0.602145 0.595087
vt 0.660782 0.569486
vt 0.669760 0.616870
vt 0.671513 0.653853
vt 0.689628 0.588938
vt 0.583162 0.549718
vt 0.575649 0.500003
vt 0.605273 0.486631
vt 0.583162 0.450288
vt 0.619370 0.436040
vt 0.602145 0.404919
vt 0.641204 0.461910
vt 0.660782 0.430438
vt 0.633285 0.369847
vt 0.714384 0.627930
vt 0.714384 0.660884
vt 0.722754 0.593004
vt 0.754432 0.580983
vt 0.801367 0.426269
vt 0.823874 0.407247
vt 0.842392 0.451505
vt 0.775964 0.401108
vt 0.748169 0.378693
vt 0.793497 0.373034
vt 0.756205 0.349920
vt 0.714384 0.374141
vt 0.714384 0.343062
vt 0.714384 0.407432
vt 0.739012 0.411478
vt 0.816079 0.461452
vt 0.849722 0.500003
vt 0.821901 0.500003
vt 0.789765 0.471397
vt 0.778860 0.445292
vt 0.816078 0.538555
vt 0.842392 0.548501
vt 0.823874 0.592759
vt 0.789765 0.528610
vt 0.794080 0.500003
vt 0.801367 0.573737
vt 0.778860 0.554715
vt 0.746236 0.614394
vt 0.777235 0.600933
vt 0.756205 0.650086
vt 0.760972 0.574895
vt 0.714384 0.656945
vt 0.714384 0.624760
vt 0.739012 0.588529
vt 0.714384 0.592574
vt 0.672562 0.650086
vt 0.681159 0.619307
vt 0.689756 0.588529
vt 0.612689 0.538555
vt 0.627401 0.573737
vt 0.586375 0.548501
vt 0.579046 0.500003
vt 0.606867 0.500003
vt 0.639003 0.528610
vt 0.649908 0.554715
vt 0.612689 0.461452
vt 0.586375 0.451505
vt 0.604893 0.407247
vt 0.639003 0.471397
vt 0.634687 0.500003
vt 0.654194 0.403333
vt 0.681159 0.380699
vt 0.667796 0.425112
vt 0.672562 0.349920
vt 0.689756 0.411478
vt 0.760972 0.425112
vt 0.793497 0.626971
vt 0.651533 0.600933
vt 0.635270 0.626971
vt 0.604893 0.592759
vt 0.667796 0.574895
vt 0.627401 0.426269
vt 0.635270 0.373034
vt 0.649908 0.445292
vt 0.779185 0.554952
vt 0.792735 0.519414
vt 0.792735 0.480511
vt 0.779185 0.444972
vt 0.634279 0.499962
vt 0.847455 0.359942
vt 0.855273 0.359942
vt 0.855273 0.397406
vt 0.855273 0.434861
vt 0.847455 0.434861
vt 0.847438 0.397406
vt 0.847455 0.359942
vt 0.855273 0.359942
vt 0.855273 0.397406
vt 0.855273 0.434861
vt 0.847455 0.434861
vt 0.847438 0.397406
vt 0.855273 0.434861
vt 0.847455 0.434861
vt 0.847438 0.397406
vt 0.847455 0.359942
vt 0.855273 0.359942
vt 0.855273 0.397406
vt 0.847455 0.359942
vt 0.855273 0.359942
vt 0.855273 0.397406
vt 0.855273 0.434861
vt 0.847455 0.434861
vt 0.847438 0.397406
vt 0.855273 0.434861
vt 0.847455 0.434861
vt 0.847438 0.397406
vt 0.847455 0.359942
vt 0.855273 0.359942
vt 0.855273 0.397406
vt 0.847455 0.359942
vt 0.855273 0.359942
vt 0.855273 0.397406
vt 0.855273 0.434861
vt 0.847455 0.434861
vt 0.847438 0.397406
vt 0.855273 0.434861
vt 0.847455 0.434861
vt 0.847438 0.397406
vt 0.847455 0.359942
vt 0.855273 0.359942
vt 0.855273 0.397406
vt 0.855273 0.397406
vt 0.847455 0.359942
vt 0.855273 0.359942
vt 0.855273 0.434861
vt 0.847455 0.434861
vt 0.847438 0.397406
vt 0.855273 0.434861
vt 0.847455 0.434861
vt 0.847438 0.397406
vt 0.847455 0.359942
vt 0.855273 0.359942
vt 0.855273 0.397406
vt 0.847455 0.359942
vt 0.855273 0.359942
vt 0.855273 0.397406
vt 0.855273 0.434861
vt 0.847455 0.434861
vt 0.847438 0.397406
vt 0.855273 0.434861
vt 0.847455 0.434861
vt 0.847438 0.397406
vt 0.847455 0.359942
vt 0.855273 0.359942
vt 0.855273 0.397406
vt 0.847455 0.359942
vt 0.855273 0.359942
vt 0.855273 0.397406
vt 0.855273 0.434861
vt 0.847455 0.434861
vt 0.847438 0.397406
vt 0.855273 0.434861
vt 0.847455 0.434861
vt 0.847438 0.397406
vt 0.847455 0.359942
vt 0.855273 0.359942
vt 0.855273 0.397406
vt 0.847455 0.359942
vt 0.855273 0.359942
vt 0.855273 0.397406
vt 0.855273 0.434861
vt 0.847455 0.434861
vt 0.847438 0.397406
vt 0.855273 0.434861
vt 0.847455 0.434861
vt 0.847438 0.397406
vt 0.847455 0.359942
vt 0.855273 0.359942
vt 0.855273 0.397406
vt 0.596117 0.647373
vt 0.596117 0.658575
vt 0.643446 0.656396
vt 0.643446 0.649552
vt 0.801123 0.334767
vt 0.802397 0.349519
vt 0.790569 0.349519
vt 0.789321 0.334767
vt 0.789467 0.334767
vt 0.800799 0.334767
vt 0.802105 0.349519
vt 0.790750 0.349519
vt 0.800963 0.334767
vt 0.802271 0.349519
vt 0.789784 0.349519
vt 0.788502 0.334767
vt 0.800822 0.334767
vt 0.802129 0.349519
vt 0.790774 0.349519
vt 0.789489 0.334767
vt 0.790627 0.349519
vt 0.802080 0.349519
vt 0.800946 0.334767
vt 0.789516 0.334767
vt 0.789148 0.334767
vt 0.800845 0.334767
vt 0.802289 0.349519
vt 0.790569 0.349519
vt 0.596117 0.641773
vt 0.643446 0.646130
vt 0.596117 0.664176
vt 0.643446 0.659818
vt 0.805342 0.349519
vt 0.787896 0.349519
vt 0.788189 0.349519
vt 0.805376 0.349519
vt 0.804698 0.334767
vt 0.786137 0.334767
vt 0.786955 0.349519
vt 0.804941 0.349519
vt 0.786420 0.334767
vt 0.804731 0.334767
vt 0.804965 0.349519
vt 0.804929 0.349519
vt 0.785134 0.334767
vt 0.804242 0.334767
vt 0.804264 0.334767
vt 0.788213 0.349519
vt 0.804404 0.334767
vt 0.788032 0.349519
vt 0.805221 0.349519
vt 0.787929 0.349519
vt 0.786442 0.334767
vt 0.786425 0.334767
vt 0.804404 0.334767
vt 0.786008 0.334767
vt 0.855958 0.664349
vt 0.848396 0.664349
vt 0.848396 0.637680
vt 0.855958 0.637680
vt 0.810808 0.664349
vt 0.818371 0.664349
vt 0.818371 0.637680
vt 0.810808 0.637680
vt 0.840833 0.664349
vt 0.840833 0.637680
vt 0.848396 0.637680
vt 0.848396 0.664349
vt 0.840833 0.664349
vt 0.840833 0.637680
vt 0.825934 0.664349
vt 0.825934 0.637680
vt 0.855958 0.664349
vt 0.855958 0.637680
vt 0.810808 0.664349
vt 0.818371 0.664349
vt 0.818371 0.637680
vt 0.810808 0.637680
vt 0.810808 0.664349
vt 0.810808 0.637680
vt 0.818371 0.637680
vt 0.818371 0.664349
vt 0.840833 0.664349
vt 0.848396 0.664349
vt 0.848396 0.637680
vt 0.840833 0.637680
vt 0.825934 0.664349
vt 0.825934 0.637680
vt 0.855958 0.664349
vt 0.855958 0.637680
vt 0.825934 0.664349
vt 0.825934 0.637680
vt 0.580700 0.423395
vt 0.580106 0.441300
vt 0.573120 0.441042
vt 0.775341 0.334767
vt 0.819972 0.334767
vt 0.580591 0.352363
vt 0.580088 0.334458
vt 0.573120 0.334716
vt 0.777719 0.349519
vt 0.819678 0.349519
vt 0.819173 0.334767
vt 0.774516 0.334767
vt 0.818245 0.334767
vt 0.818380 0.334767
vt 0.704578 0.488647
vt 0.717936 0.484187
vt 0.717448 0.486749
vt 0.706095 0.490298
vt 0.818924 0.349519
vt 0.776916 0.349519
vt 0.818079 0.349519
vt 0.818045 0.349519
vt 0.727415 0.495716
vt 0.725758 0.496445
vt 0.818222 0.334767
vt 0.772820 0.334767
vt 0.701004 0.504074
vt 0.703053 0.503543
vt 0.818879 0.334767
vt 0.774617 0.334767
vt 0.818056 0.349519
vt 0.775323 0.349519
vt 0.818798 0.349519
vt 0.777161 0.349519
vt 0.775364 0.334767
vt 0.775128 0.334767
vt 0.724045 0.511458
vt 0.722716 0.509690
vt 0.777743 0.349519
vt 0.777359 0.349519
vt 0.573120 0.370412
vt 0.573120 0.352733
vt 0.580591 0.352363
vt 0.573120 0.335019
vt 0.580088 0.334458
vt 0.710544 0.515828
vt 0.711364 0.513238
vt 0.842962 0.633302
vt 0.830125 0.624826
vt 0.830125 0.607872
vt 0.842962 0.599396
vt 0.855800 0.607872
vt 0.855800 0.624826
vt 0.855043 0.624699
vt 0.842521 0.633302
vt 0.830125 0.624952
vt 0.830249 0.607998
vt 0.842771 0.599396
vt 0.855168 0.607746
vt 0.855043 0.607998
vt 0.855168 0.624952
vt 0.842771 0.633302
vt 0.830249 0.624699
vt 0.830125 0.607746
vt 0.842521 0.599396
vt 0.842962 0.599396
vt 0.855800 0.607872
vt 0.855800 0.624826
vt 0.842962 0.633302
vt 0.830125 0.624826
vt 0.830125 0.607872
vt 0.830249 0.607998
vt 0.842771 0.599396
vt 0.855168 0.607746
vt 0.855043 0.624699
vt 0.842521 0.633302
vt 0.830125 0.624952
vt 0.830249 0.624699
vt 0.830125 0.607746
vt 0.842521 0.599396
vt 0.855043 0.607998
vt 0.855168 0.624952
vt 0.842771 0.633302
vt 0.573120 0.405346
vt 0.573120 0.423025
vt 0.580700 0.423395
vt 0.573120 0.440739
vt 0.580106 0.441300
vt 0.714384 0.538501
vt 0.706844 0.542307
vt 0.705838 0.537189
vt 0.721923 0.542307
vt 0.722929 0.537189
vt 0.686930 0.466143
vt 0.697876 0.466662
vt 0.691038 0.472781
vt 0.686734 0.471238
vt 0.685790 0.480754
vt 0.679194 0.486465
vt 0.682492 0.490039
vt 0.675509 0.489210
vt 0.681367 0.500003
vt 0.675509 0.510795
vt 0.682492 0.509967
vt 0.679194 0.513542
vt 0.685790 0.519252
vt 0.686734 0.528768
vt 0.691038 0.527225
vt 0.686930 0.533863
vt 0.697876 0.533343
vt 0.705838 0.462817
vt 0.702962 0.455350
vt 0.706844 0.457699
vt 0.679010 0.448005
vt 0.693451 0.438284
vt 0.674885 0.447717
vt 0.695300 0.433975
vt 0.714384 0.461505
vt 0.721923 0.457699
vt 0.722929 0.462817
vt 0.677442 0.425395
vt 0.695261 0.416789
vt 0.662140 0.439086
vt 0.704723 0.431034
vt 0.667989 0.455764
vt 0.714384 0.413853
vt 0.650399 0.456928
vt 0.714384 0.430290
vt 0.662606 0.465146
vt 0.724044 0.431034
vt 0.658329 0.475273
vt 0.733506 0.416789
vt 0.643018 0.477706
vt 0.655801 0.486260
vt 0.640500 0.500003
vt 0.733468 0.433975
vt 0.751326 0.425395
vt 0.655801 0.513746
vt 0.658078 0.490281
vt 0.643018 0.522300
vt 0.658078 0.509724
vt 0.658329 0.524732
vt 0.650399 0.543078
vt 0.662606 0.534860
vt 0.667989 0.544243
vt 0.662140 0.560920
vt 0.674885 0.552288
vt 0.677442 0.574611
vt 0.695300 0.566032
vt 0.695261 0.583217
vt 0.679010 0.552000
vt 0.704723 0.568972
vt 0.693451 0.561722
vt 0.714384 0.586152
vt 0.714384 0.569717
vt 0.724044 0.568972
vt 0.733506 0.583217
vt 0.733468 0.566032
vt 0.751326 0.574611
vt 0.702962 0.544656
vt 0.753882 0.552288
vt 0.735317 0.561722
vt 0.766627 0.560920
vt 0.749757 0.552000
vt 0.760778 0.544243
vt 0.778369 0.543078
vt 0.766161 0.534860
vt 0.770438 0.524733
vt 0.785749 0.522300
vt 0.772967 0.513746
vt 0.725806 0.544656
vt 0.788267 0.500003
vt 0.741837 0.533863
vt 0.772967 0.486260
vt 0.730892 0.533343
vt 0.770690 0.509724
vt 0.785749 0.477706
vt 0.770690 0.490281
vt 0.770438 0.475273
vt 0.778369 0.456928
vt 0.766161 0.465146
vt 0.760778 0.455764
vt 0.766627 0.439086
vt 0.753882 0.447717
vt 0.749757 0.448005
vt 0.735317 0.438284
vt 0.741837 0.466143
vt 0.725806 0.455350
vt 0.730892 0.466663
vt 0.737730 0.472781
vt 0.742034 0.471238
vt 0.742977 0.480754
vt 0.749574 0.486465
vt 0.746276 0.490039
vt 0.753259 0.489210
vt 0.747401 0.500003
vt 0.753259 0.510795
vt 0.746276 0.509967
vt 0.749574 0.513542
vt 0.742977 0.519252
vt 0.742034 0.528768
vt 0.737730 0.527225
vt 0.848509 0.664349
vt 0.855958 0.664349
vt 0.855958 0.637680
vt 0.848509 0.637680
vt 0.848509 0.664349
vt 0.855958 0.664349
vt 0.855958 0.637680
vt 0.848509 0.637680
vt 0.848509 0.664349
vt 0.848509 0.637680
vt 0.855958 0.637680
vt 0.855958 0.664349
vt 0.833383 0.664349
vt 0.833383 0.637680
vt 0.612386 0.625205
vt 0.612386 0.634513
vt 0.605477 0.639167
vt 0.605477 0.620551
vt 0.598568 0.625205
vt 0.598568 0.634513
vt 0.833383 0.664349
vt 0.833383 0.637680
vt 0.833383 0.664349
vt 0.833383 0.637680
vt 0.818258 0.664349
vt 0.810808 0.664349
vt 0.810808 0.637680
vt 0.818258 0.637680
vt 0.818258 0.664349
vt 0.818258 0.637680
vt 0.810808 0.637680
vt 0.810808 0.664349
vt 0.833383 0.664349
vt 0.833383 0.637680
vt 0.818258 0.664349
vt 0.810808 0.664349
vt 0.810808 0.637680
vt 0.818258 0.637680
vt 0.833383 0.664349
vt 0.833383 0.637680
vt 0.833383 0.664349
vt 0.833383 0.637680
vt 0.661296 0.431104
vt 0.674713 0.419718
vt 0.678333 0.427040
vt 0.666140 0.437387
vt 0.656054 0.450468
vt 0.650198 0.445499
vt 0.648517 0.465714
vt 0.641905 0.462275
vt 0.643859 0.482455
vt 0.636780 0.480697
vt 0.642284 0.499962
vt 0.635046 0.499962
vt 0.643859 0.517469
vt 0.636780 0.519227
vt 0.648517 0.534212
vt 0.641905 0.537650
vt 0.656054 0.549456
vt 0.650198 0.554425
vt 0.666140 0.562538
vt 0.661296 0.568820
vt 0.762622 0.437387
vt 0.767466 0.431104
vt 0.778564 0.445499
vt 0.772708 0.450468
vt 0.786856 0.462275
vt 0.780244 0.465713
vt 0.791982 0.480697
vt 0.784902 0.482455
vt 0.793716 0.499962
vt 0.786478 0.499962
vt 0.791982 0.519227
vt 0.784902 0.517469
vt 0.786857 0.537650
vt 0.780244 0.534212
vt 0.778564 0.554425
vt 0.772708 0.549456
vt 0.767466 0.568820
vt 0.762622 0.562538
vt 0.705319 0.518310
vt 0.714384 0.521143
vt 0.708626 0.525057
vt 0.698654 0.518344
vt 0.698683 0.510573
vt 0.696254 0.500003
vt 0.692897 0.506716
vt 0.692897 0.493290
vt 0.698683 0.489433
vt 0.687146 0.510598
vt 0.687146 0.489407
vt 0.705319 0.481696
vt 0.698654 0.481662
vt 0.708626 0.474949
vt 0.714384 0.478863
vt 0.723449 0.481696
vt 0.720141 0.474949
vt 0.730114 0.481662
vt 0.730085 0.489433
vt 0.722405 0.516203
vt 0.714384 0.518708
vt 0.706363 0.516203
vt 0.728277 0.509356
vt 0.700491 0.509356
vt 0.730426 0.500003
vt 0.698342 0.500003
vt 0.728277 0.490651
vt 0.700491 0.490651
vt 0.722405 0.483804
vt 0.706363 0.483804
vt 0.714384 0.481298
vt 0.735871 0.506716
vt 0.730085 0.510573
vt 0.732513 0.500003
vt 0.735871 0.493290
vt 0.741621 0.489407
vt 0.741621 0.510598
vt 0.723449 0.518310
vt 0.730114 0.518344
vt 0.720141 0.525057
vt 0.754048 0.580206
vt 0.750429 0.572885
vt 0.738897 0.588085
vt 0.736660 0.580044
vt 0.722674 0.592112
vt 0.721917 0.583704
vt 0.706088 0.592112
vt 0.706845 0.583704
vt 0.692102 0.580044
vt 0.689865 0.588085
vt 0.674713 0.580206
vt 0.678333 0.572885
vt 0.607055 0.378725
vt 0.591590 0.368472
vt 0.591568 0.347619
vt 0.607055 0.337083
vt 0.622542 0.347619
vt 0.622520 0.368472
vt 0.622436 0.368240
vt 0.607114 0.378725
vt 0.591645 0.368334
vt 0.591568 0.347448
vt 0.607111 0.337083
vt 0.622558 0.347517
vt 0.622436 0.347567
vt 0.622558 0.368291
vt 0.607111 0.378725
vt 0.591568 0.368360
vt 0.591645 0.347473
vt 0.607114 0.337083
vt 0.607055 0.337083
vt 0.622520 0.347335
vt 0.622542 0.368189
vt 0.607055 0.378725
vt 0.591568 0.368189
vt 0.591590 0.347335
vt 0.591690 0.347567
vt 0.607012 0.337083
vt 0.622481 0.347473
vt 0.622558 0.368360
vt 0.607015 0.378725
vt 0.591568 0.368291
vt 0.591690 0.368240
vt 0.591568 0.347517
vt 0.607015 0.337083
vt 0.622558 0.347448
vt 0.622481 0.368334
vt 0.607012 0.378725
vt 0.750429 0.427040
vt 0.754048 0.419718
vt 0.689865 0.411839
vt 0.692102 0.419881
vt 0.706088 0.407812
vt 0.706845 0.416221
vt 0.722674 0.407812
vt 0.721917 0.416221
vt 0.738897 0.411839
vt 0.736660 0.419881
vt 0.735872 0.522210
vt 0.720133 0.532806
vt 0.708634 0.532806
vt 0.692896 0.522210
vt 0.692896 0.477796
vt 0.708634 0.467200
vt 0.720133 0.467200
vt 0.735872 0.477796
vt 0.813960 0.343063
vt 0.813960 0.352579
vt 0.853428 0.352579
vt 0.853428 0.343063
vt 0.813960 0.343063
vt 0.774681 0.343063
vt 0.774681 0.352579
vt 0.813960 0.352579
vt 0.774681 0.343063
vt 0.774681 0.352579
vt 0.853428 0.352579
vt 0.853428 0.343063
vt 0.813960 0.343063
vt 0.813960 0.352579
vt 0.853428 0.352579
vt 0.853428 0.343063
vt 0.813960 0.343063
vt 0.774681 0.343063
vt 0.774681 0.352579
vt 0.813960 0.352579
vt 0.825821 0.664349
vt 0.825821 0.637680
vt 0.840946 0.664349
vt 0.840946 0.637680
vt 0.840946 0.664349
vt 0.840946 0.637680
vt 0.774681 0.343063
vt 0.774681 0.352579
vt 0.853428 0.352579
vt 0.853428 0.343063
vt 0.813960 0.343063
vt 0.813960 0.352579
vt 0.853428 0.352579
vt 0.853428 0.343063
vt 0.714384 0.536615
vt 0.813960 0.343063
vt 0.774681 0.343063
vt 0.774681 0.352579
vt 0.813960 0.352579
vt 0.840946 0.664349
vt 0.840946 0.637680
vt 0.825821 0.664349
vt 0.825821 0.637680
vt 0.774681 0.343063
vt 0.774681 0.352579
vt 0.741576 0.518309
vt 0.687191 0.518309
vt 0.853428 0.352579
vt 0.853428 0.343063
vt 0.741576 0.481697
vt 0.687191 0.481697
vt 0.825821 0.664349
vt 0.825821 0.637680
vt 0.714384 0.463391
vt 0.580700 0.423395
vt 0.580106 0.441300
vt 0.573120 0.440804
vt 0.573120 0.423085
vt 0.573120 0.405404
vt 0.585356 0.405619
vt 0.573120 0.387804
vt 0.594387 0.387879
vt 0.585137 0.370139
vt 0.573120 0.370202
vt 0.580591 0.352363
vt 0.573120 0.352515
vt 0.573120 0.334782
vt 0.580088 0.334458
vt 0.580591 0.352363
vt 0.580088 0.334458
vt 0.573120 0.334837
vt 0.573120 0.352566
vt 0.573120 0.370251
vt 0.585137 0.370139
vt 0.573120 0.387852
vt 0.594387 0.387879
vt 0.585356 0.405619
vt 0.573120 0.405452
vt 0.580700 0.423395
vt 0.573120 0.423135
vt 0.573120 0.440859
vt 0.580106 0.441300
vt 0.573120 0.352455
vt 0.573120 0.370145
vt 0.585137 0.370139
vt 0.573120 0.387747
vt 0.594387 0.387879
vt 0.585356 0.405619
vt 0.580700 0.423395
vt 0.580106 0.441300
vt 0.573120 0.440921
vt 0.573120 0.423192
vt 0.573120 0.405507
vt 0.585356 0.405619
vt 0.573120 0.387906
vt 0.594387 0.387879
vt 0.585137 0.370139
vt 0.573120 0.370305
vt 0.580591 0.352363
vt 0.573120 0.352622
vt 0.573120 0.334899
vt 0.580088 0.334458
vt 0.580591 0.352363
vt 0.580088 0.334458
vt 0.573120 0.334954
vt 0.573120 0.352673
vt 0.573120 0.370354
vt 0.585137 0.370139
vt 0.573120 0.387954
vt 0.594387 0.387879
vt 0.585356 0.405619
vt 0.573120 0.405555
vt 0.580700 0.423395
vt 0.573120 0.423243
vt 0.573120 0.440976
vt 0.580106 0.441300
vt 0.573120 0.423303
vt 0.573120 0.405613
vt 0.585356 0.405619
vt 0.573120 0.388011
vt 0.594387 0.387879
vt 0.585137 0.370139
vt 0.643446 0.649552
vt 0.596117 0.647373
vt 0.596117 0.658575
vt 0.643446 0.656396
vt 0.821460 0.334767
vt 0.821576 0.334767
vt 0.820307 0.349519
vt 0.820260 0.349519
vt 0.849571 0.334767
vt 0.852237 0.334767
vt 0.849208 0.349519
vt 0.823457 0.334767
vt 0.847376 0.349519
vt 0.822093 0.349519
vt 0.851464 0.334767
vt 0.854243 0.334767
vt 0.851185 0.349519
vt 0.822216 0.334767
vt 0.849275 0.349519
vt 0.821110 0.349519
vt 0.851391 0.334767
vt 0.854117 0.334767
vt 0.850926 0.349519
vt 0.822490 0.334767
vt 0.849053 0.349519
vt 0.821222 0.349519
vt 0.849594 0.334767
vt 0.852260 0.334767
vt 0.849231 0.349519
vt 0.848818 0.349519
vt 0.851982 0.334767
vt 0.849367 0.334767
vt 0.847399 0.349519
vt 0.847022 0.349519
vt 0.821438 0.334767
vt 0.853767 0.334767
vt 0.856619 0.334767
vt 0.853239 0.349519
vt 0.820284 0.349519
vt 0.851280 0.349519
vt 0.844326 0.334767
vt 0.842823 0.349519
vt 0.837084 0.334767
vt 0.835414 0.349519
vt 0.827906 0.349519
vt 0.829745 0.334767
vt 0.828707 0.334767
vt 0.826849 0.349519
vt 0.826734 0.349519
vt 0.828748 0.334767
vt 0.835768 0.334767
vt 0.834072 0.349519
vt 0.833872 0.349519
vt 0.835726 0.334767
vt 0.842732 0.334767
vt 0.841197 0.349519
vt 0.840907 0.349519
vt 0.842602 0.334767
vt 0.842709 0.334767
vt 0.841173 0.349519
vt 0.831279 0.334767
vt 0.829153 0.349519
vt 0.835745 0.334767
vt 0.834048 0.349519
vt 0.838889 0.334767
vt 0.836938 0.349519
vt 0.826825 0.349519
vt 0.828685 0.334767
vt 0.846388 0.334767
vt 0.844610 0.349519
vt 0.844351 0.334767
vt 0.842690 0.349519
vt 0.829944 0.334767
vt 0.827950 0.349519
vt 0.837199 0.334767
vt 0.835373 0.349519
vt 0.589907 0.591483
vt 0.573966 0.591483
vt 0.573966 0.591483
vt 0.857403 0.590885
vt 0.928570 0.584489
vt 0.904822 0.590854
vt 0.952621 0.590854
vt 0.928906 0.666509
vt 0.857403 0.666509
vt 0.857403 0.590822
vt 1.000039 0.666509
vt 1.000039 0.590822
vt 0.928570 0.584489
vt 0.857403 0.590885
vt 0.857403 0.584489
vt 0.904822 0.590854
vt 0.952621 0.590854
vt 0.928906 0.666509
vt 0.857403 0.666509
vt 0.857403 0.590822
vt 1.000039 0.666509
vt 1.000039 0.590822
vt 0.857403 0.590885
vt 0.928570 0.584489
vt 0.904822 0.590854
vt 0.952621 0.590854
vt 0.928906 0.666509
vt 0.857403 0.666509
vt 0.857403 0.590822
vt 1.000039 0.590822
vt 1.000039 0.666509
vt 1.000039 0.584489
vt 1.000039 0.590885
vt 0.857403 0.590885
vt 0.928570 0.584489
vt 0.904822 0.590854
vt 0.952621 0.590854
vt 0.928906 0.666509
vt 0.857403 0.666509
vt 0.857403 0.590822
vt 1.000039 0.666509
vt 1.000039 0.590822
vt 1.000039 0.584489
vt 0.857403 0.590885
vt 0.928570 0.584489
vt 0.904822 0.590854
vt 0.952621 0.590854
vt 0.928906 0.666509
vt 0.857403 0.666509
vt 0.857403 0.590822
vt 1.000039 0.666509
vt 1.000039 0.590822
vt 1.000039 0.584489
vt 0.857403 0.590885
vt 0.928570 0.584489
vt 0.904822 0.590854
vt 0.952621 0.590854
vt 0.928906 0.666509
vt 0.857403 0.666509
vt 0.857403 0.590822
vt 1.000039 0.666509
vt 1.000039 0.590822
vt 1.000039 0.584489
vt 0.857403 0.590885
vt 0.928570 0.584489
vt 0.904822 0.590854
vt 0.952621 0.590854
vt 0.928906 0.666509
vt 0.857403 0.666509
vt 0.857403 0.590822
vt 1.000039 0.666509
vt 1.000039 0.590822
vt 1.000039 0.584489
vt 0.857403 0.590885
vt 0.928570 0.584489
vt 0.904822 0.590854
vt 0.952621 0.590854
vt 0.928906 0.666509
vt 0.857403 0.666509
vt 0.857403 0.590822
vt 1.000039 0.666509
vt 1.000039 0.590822
vt 1.000039 0.584489
vt 0.857403 0.590885
vt 0.928570 0.584489
vt 0.904822 0.590854
vt 0.952621 0.590854
vt 0.928906 0.666509
vt 0.857403 0.666509
vt 0.857403 0.590822
vt 1.000039 0.666509
vt 1.000039 0.590822
vt 1.000039 0.584489
vt 0.928570 0.584489
vt 0.857403 0.590885
vt 0.857403 0.584489
vt 0.904822 0.590854
vt 0.952621 0.590854
vt 0.928906 0.666509
vt 0.857403 0.666509
vt 0.857403 0.590822
vt 1.000039 0.590822
vt 1.000039 0.666509
vt 1.000039 0.584489
vt 1.000039 0.590885
vt 1.000039 0.584489
vt 1.000039 0.590885
vt 1.000039 0.590885
vt 1.000039 0.590885
vt 1.000039 0.590885
vt 1.000039 0.590885
vt 1.000039 0.590885
vt 0.857403 0.584489
vt 0.857403 0.584489
vt 0.857403 0.584489
vt 0.857403 0.584489
vt 0.857403 0.584489
vt 0.857403 0.584489
vt 1.000039 0.584489
vt 1.000039 0.590885
vt 1.000039 0.590885
vt 0.857403 0.584489
vt 0.857403 0.584489
vn -0.3004 -0.9070 0.2951
vn -0.8541 -0.4946 0.1610
vn -0.8535 -0.5183 0.0545
vn -0.8540 -0.5174 -0.0544
vn -0.3006 -0.9485 -0.0997
vn -0.8981 0.4377 -0.0426
vn -0.8535 -0.4955 -0.1614
vn -0.8982 0.3822 -0.2170
vn -0.8541 -0.4502 -0.2603
vn -0.3008 -0.8257 -0.4773
vn -0.8982 0.4171 0.1390
vn -0.3009 -0.7081 0.6388
vn -0.8542 -0.3861 0.3483
vn -0.8540 -0.4505 0.2604
vn -0.8541 -0.3863 -0.3483
vn -0.2997 -0.5602 0.7722
vn -0.8540 -0.3055 -0.4211
vn -0.3003 -0.5602 -0.7720
vn -0.3004 -0.7084 -0.6387
vn -0.2995 -0.3876 0.8718
vn -0.8538 -0.2114 0.4757
vn -0.8539 -0.3056 0.4214
vn -0.8537 -0.2114 -0.4760
vn -0.8541 -0.1080 -0.5089
vn -0.3003 -0.1980 -0.9331
vn -0.2990 -0.3876 -0.8720
vn -0.8989 0.0943 -0.4278
vn -0.8543 -0.0001 -0.5198
vn -0.8540 -0.1081 0.5090
vn -0.3035 0.0003 0.9528
vn -0.8551 0.0002 0.5185
vn -0.8541 0.1079 -0.5088
vn -0.3003 0.1979 -0.9331
vn -0.8990 -0.0032 0.4379
vn -0.8990 -0.0878 -0.4290
vn -0.8541 0.2112 -0.4753
vn -0.2995 0.3875 0.8719
vn -0.8538 0.2113 0.4757
vn -0.8539 0.1079 0.5091
vn -0.8540 0.3055 -0.4210
vn -0.3003 0.5603 -0.7719
vn -0.8989 -0.1810 0.3989
vn -0.8989 -0.2548 -0.3564
vn -0.8541 0.3863 -0.3483
vn -0.3011 0.7081 0.6387
vn -0.8542 0.3860 0.3483
vn -0.8544 0.3051 0.4207
vn -0.8542 0.4501 -0.2604
vn -0.3008 0.8255 -0.4775
vn -0.8988 -0.3278 0.2911
vn -0.8987 -0.3781 -0.2222
vn -0.8539 0.4948 -0.1611
vn -0.3009 0.9068 0.2952
vn -0.8541 0.4945 0.1611
vn -0.8546 0.4495 0.2599
vn -0.8541 0.5173 -0.0545
vn -0.3009 0.9484 -0.0999
vn -0.8986 -0.4183 0.1326
vn -0.8985 -0.4362 -0.0491
vn -0.8547 0.5163 0.0543
vn -0.1937 0.8461 0.4966
vn -0.2226 0.8355 -0.5024
vn -0.7425 0.5592 -0.3688
vn -0.7216 0.5664 0.3981
vn -0.8128 -0.5742 0.0986
vn -0.2157 -0.9540 0.2080
vn -0.2157 -0.9540 -0.2080
vn -0.8128 -0.5742 -0.0986
vn -0.8128 -0.3724 0.4480
vn -0.8126 -0.2018 0.5468
vn -0.2155 -0.2968 0.9303
vn -0.2158 -0.6570 0.7223
vn -0.8128 -0.3725 -0.4480
vn -0.2158 -0.6570 -0.7223
vn -0.2155 -0.2968 -0.9303
vn -0.8126 -0.2018 -0.5468
vn -0.8126 0.2019 -0.5467
vn -0.2155 0.2969 -0.9303
vn -0.2158 0.6571 -0.7223
vn -0.8128 0.3724 -0.4480
vn -0.2158 0.6571 0.7223
vn -0.2155 0.2969 0.9303
vn -0.8126 0.2019 0.5467
vn -0.8128 0.3724 0.4479
vn -0.8127 0.5742 0.0986
vn -0.8127 0.5742 -0.0986
vn -0.2156 0.9540 -0.2081
vn -0.2156 0.9540 0.2081
vn -0.0580 -0.0067 0.9983
vn -0.6149 -0.0878 0.7837
vn -0.1157 -0.0258 -0.9930
vn -0.6568 -0.1011 -0.7472
vn -0.2080 -0.7373 0.6427
vn -0.2080 -0.7373 -0.6427
vn -0.2082 -0.9252 0.3173
vn -0.2083 -0.9252 -0.3173
vn -0.8154 -0.4831 0.3191
vn -0.8154 -0.4831 -0.3191
vn -0.2081 0.1877 -0.9599
vn -0.2081 0.1877 0.9599
vn -0.8154 -0.5178 0.2588
vn -0.8154 -0.5178 -0.2589
vn -0.2081 -0.1877 -0.9599
vn -0.2081 -0.1877 0.9599
vn -0.8155 0.0345 -0.5778
vn -0.8155 0.0345 0.5778
vn -0.8155 -0.0345 -0.5778
vn -0.2082 0.9252 -0.3172
vn -0.8155 -0.0345 0.5778
vn -0.2082 0.9252 0.3172
vn -0.2080 0.7373 -0.6427
vn -0.2080 0.7373 0.6427
vn -0.8154 0.5178 -0.2588
vn -0.8154 0.5178 0.2588
vn -0.8154 0.4831 -0.3190
vn -0.8154 0.4831 0.3190
vn -0.6093 -0.3995 0.6849
vn -0.6112 -0.7915 -0.0005
vn 0.0000 -1.0000 -0.0006
vn 0.0000 -0.5039 0.8638
vn -0.6094 -0.7929 -0.0036
vn -0.6114 -0.3961 -0.6851
vn 0.0000 -0.5005 -0.8657
vn 0.0000 -1.0000 -0.0046
vn -0.6094 -0.7929 0.0036
vn 0.0000 -1.0000 0.0046
vn 0.0000 -0.5006 0.8657
vn -0.6114 -0.3961 0.6851
vn -0.6094 -0.3991 -0.6851
vn 0.0000 -0.5033 -0.8641
vn -0.6093 0.3931 -0.6887
vn -0.0000 0.4958 -0.8684
vn -0.6092 0.3932 0.6886
vn 0.0000 0.4958 0.8684
vn -0.6093 -0.3931 -0.6887
vn -0.6114 0.3961 -0.6851
vn 0.0000 0.5005 -0.8657
vn 0.0000 -0.4957 -0.8685
vn -0.6093 -0.3931 0.6887
vn 0.0000 -0.4957 0.8685
vn 0.0000 0.5005 0.8657
vn -0.6114 0.3960 0.6851
vn -0.6094 0.3991 -0.6851
vn -0.6112 0.7915 -0.0005
vn 0.0000 1.0000 -0.0006
vn 0.0000 0.5033 -0.8641
vn -0.6094 0.7929 0.0037
vn 0.0000 1.0000 0.0047
vn -0.6093 0.3995 0.6849
vn 0.0000 0.5039 0.8638
vn -0.6094 0.7929 -0.0037
vn 0.0000 1.0000 -0.0047
vn -0.8035 -0.1511 -0.5759
vn -0.9887 0.1501 0.0006
vn -0.6174 -0.7867 0.0003
vn -0.9029 -0.4222 -0.0803
vn -0.9029 -0.4224 0.0802
vn -0.8034 0.1510 0.5760
vn -0.9886 -0.1503 0.0005
vn -0.6174 0.7867 0.0003
vn -0.2710 -0.8610 -0.4303
vn -0.2711 -0.8604 0.4315
vn -0.9027 -0.1418 0.4062
vn -0.9029 -0.1416 -0.4058
vn -0.9030 -0.2806 -0.3255
vn -0.9030 -0.2806 0.3255
vn 0.0000 -0.7071 -0.7071
vn 0.0000 -0.9659 0.2587
vn -0.6100 -0.7654 0.2050
vn -0.6100 -0.5603 -0.5603
vn -0.2709 -0.0572 0.9609
vn -0.2705 -0.0569 -0.9610
vn -0.2710 -0.8035 -0.5301
vn -0.2709 -0.8035 0.5301
vn 0.0000 -0.2588 0.9659
vn -0.6100 -0.2051 0.7654
vn -0.9030 0.2805 0.3255
vn -0.9030 0.2806 -0.3255
vn 0.0000 0.2588 -0.9659
vn -0.6100 0.2051 -0.7654
vn -0.9029 0.1416 -0.4058
vn -0.9027 0.1418 0.4062
vn -0.2710 0.8034 0.5302
vn -0.2709 0.8035 -0.5301
vn -0.2705 0.0569 -0.9610
vn -0.2709 0.0573 0.9609
vn -0.9028 0.4224 0.0802
vn -0.9029 0.4222 -0.0803
vn 0.0000 0.7071 0.7071
vn -0.6100 0.5603 0.5603
vn -0.2711 0.8604 0.4315
vn -0.2710 0.8611 -0.4303
vn -0.6152 0.3978 0.6807
vn -0.6186 -0.3909 0.6815
vn -0.8033 -0.1510 0.5761
vn 0.0000 0.9659 -0.2588
vn -0.6100 0.7654 -0.2050
vn -0.6094 -0.3991 -0.6850
vn -0.6112 -0.7914 -0.0005
vn -0.6093 -0.3996 0.6849
vn -0.6092 0.3932 -0.6886
vn -0.6092 -0.3932 -0.6886
vn -0.6114 0.3961 0.6851
vn -0.6094 0.7929 0.0036
vn -0.6152 -0.3980 -0.6806
vn -0.6187 0.3910 -0.6814
vn -0.8035 0.1511 -0.5758
vn -0.9379 -0.3468 0.0000
vn -0.9268 -0.3636 0.0943
vn -0.9268 -0.3636 -0.0943
vn -0.9434 0.2872 0.1658
vn -0.9268 0.2633 0.2676
vn -0.9381 0.1732 0.2999
vn -0.9270 0.0999 0.3615
vn -0.9435 -0.0000 0.3315
vn -0.9270 -0.0999 0.3615
vn -0.9381 -0.1732 0.2999
vn -0.9268 -0.2634 0.2677
vn -0.9434 -0.2872 0.1657
vn -0.9267 0.3637 0.0943
vn -0.9064 0.4076 0.1106
vn -0.9066 0.2991 0.2976
vn -0.9379 0.3468 0.0000
vn -0.9267 0.3637 -0.0943
vn -0.9935 -0.0986 -0.0569
vn -0.9929 -0.1150 -0.0315
vn -0.9929 -0.0848 -0.0839
vn -0.8397 0.5356 0.0895
vn -0.8398 0.3451 0.4191
vn -0.9928 -0.1196 -0.0000
vn -0.9928 -0.0598 -0.1036
vn -0.8326 0.5539 0.0000
vn -0.8325 0.2769 0.4798
vn -0.8398 0.5355 -0.0895
vn -0.8397 0.1903 0.5086
vn -0.9929 -0.1150 0.0315
vn -0.9929 -0.0303 -0.1154
vn -0.9066 -0.1078 0.4081
vn -0.9935 0.0000 -0.1139
vn -0.9064 0.2998 -0.2977
vn -0.9935 -0.0986 0.0569
vn -0.9066 0.1079 0.4080
vn -0.9929 0.0303 -0.1154
vn -0.8397 -0.1903 0.5086
vn -0.9928 0.0598 -0.1036
vn -0.8325 -0.2769 0.4798
vn -0.8398 -0.3451 0.4191
vn -0.9929 0.0848 -0.0839
vn -0.9064 -0.4076 0.1106
vn -0.9935 0.0986 -0.0569
vn -0.9066 -0.2991 0.2976
vn -0.9929 0.1150 -0.0315
vn -0.8397 -0.5356 0.0895
vn -0.9928 0.1196 -0.0000
vn -0.8326 -0.5539 0.0000
vn -0.8397 -0.5356 -0.0895
vn -0.9929 0.1150 0.0315
vn -0.9064 -0.2998 -0.2977
vn -0.9935 0.0986 0.0569
vn -0.9064 -0.4076 -0.1106
vn -0.9929 0.0848 0.0839
vn -0.8398 -0.3451 -0.4191
vn -0.9928 0.0598 0.1036
vn -0.8325 -0.2769 -0.4798
vn -0.8397 -0.1903 -0.5086
vn -0.9929 0.0303 0.1154
vn -0.9066 0.1080 -0.4079
vn -0.9935 0.0000 0.1139
vn -0.9066 -0.1079 -0.4079
vn -0.9434 -0.2872 -0.1657
vn -0.9929 -0.0303 0.1154
vn -0.8397 0.1903 -0.5086
vn -0.9928 -0.0598 0.1036
vn -0.8325 0.2769 -0.4798
vn -0.8398 0.3451 -0.4191
vn -0.9929 -0.0848 0.0839
vn -0.9065 0.4076 -0.1106
vn -0.9434 0.2872 -0.1658
vn -0.9268 0.2633 -0.2676
vn -0.9381 0.1730 -0.2999
vn -0.9267 0.1002 -0.3621
vn -0.9435 -0.0000 -0.3314
vn -0.9267 -0.1002 -0.3621
vn -0.9382 -0.1730 -0.2999
vn -0.9268 -0.2634 -0.2677
vn 0.0000 -1.0000 0.0045
vn 0.0000 -1.0000 -0.0045
vn 0.0000 -0.4958 -0.8684
vn -0.5295 -0.7466 0.4027
vn -0.5505 -0.7526 -0.3613
vn 0.0000 -0.5034 -0.8640
vn 0.0000 -0.5040 0.8637
vn 0.0000 1.0000 -0.0046
vn 0.0000 1.0000 0.0046
vn -0.6348 0.6689 0.3869
vn -0.6432 0.5636 0.5183
vn -0.6400 0.4567 0.6179
vn -0.6350 0.3138 0.7059
vn -0.6350 0.1603 0.7557
vn -0.6349 -0.0000 0.7726
vn -0.6350 -0.1604 0.7557
vn -0.6349 -0.3138 0.7060
vn -0.6349 -0.4535 0.6254
vn -0.6348 -0.5738 0.5175
vn -0.6341 0.5743 -0.5178
vn -0.6339 0.4541 -0.6261
vn -0.6338 0.3142 -0.7068
vn -0.6338 0.1606 -0.7567
vn -0.6336 0.0000 -0.7736
vn -0.6338 -0.1606 -0.7567
vn -0.6338 -0.3143 -0.7068
vn -0.6339 -0.4541 -0.6261
vn -0.6341 -0.5743 -0.5179
vn -0.7954 -0.5250 0.3030
vn -0.8036 -0.4227 -0.4189
vn -0.9886 -0.0753 0.1306
vn -0.7947 -0.0000 0.6070
vn -0.8033 0.5745 0.1571
vn -0.8032 -0.5746 0.1571
vn -0.9886 0.0754 0.1304
vn -0.4697 0.1005 0.8771
vn -0.4697 -0.1005 0.8771
vn -0.7953 0.5250 0.3030
vn -0.8036 0.4228 -0.4188
vn -0.7954 0.5250 -0.3030
vn -0.8036 0.4228 0.4188
vn -0.9886 0.0746 -0.1308
vn -0.6850 -0.6312 -0.3639
vn -0.6844 -0.7291 0.0000
vn -0.6842 -0.6315 0.3648
vn -0.6842 -0.3645 -0.6316
vn -0.6844 -0.3646 0.6315
vn -0.6851 0.0000 -0.7284
vn -0.6835 -0.0000 0.7299
vn -0.6843 0.3643 -0.6317
vn -0.6844 0.3645 0.6314
vn -0.6842 0.6315 -0.3648
vn -0.6842 0.6315 0.3648
vn -0.6846 0.7289 0.0001
vn -0.8032 0.5745 -0.1571
vn -0.9886 -0.0750 -0.1303
vn -0.7960 0.0000 -0.6052
vn -0.8032 -0.5746 -0.1571
vn -0.4694 -0.1005 -0.8773
vn -0.4694 0.1005 -0.8772
vn -0.7960 -0.5240 -0.3028
vn -0.8036 -0.4227 0.4189
vn -0.6342 -0.6694 -0.3870
vn -0.6343 -0.7352 -0.2392
vn -0.6344 -0.7687 -0.0808
vn -0.6429 -0.7609 0.0876
vn -0.6398 -0.7329 0.2313
vn -0.6348 -0.6689 0.3869
vn -0.6144 -0.7890 0.0003
vn -0.6152 -0.3977 0.6807
vn -0.6187 0.3908 0.6815
vn -0.6142 -0.3944 -0.6835
vn -0.6149 -0.7886 -0.0042
vn -0.6187 -0.3947 0.6793
vn -0.6178 0.3935 0.6809
vn -0.6184 0.7859 -0.0022
vn -0.6146 0.3906 -0.6853
vn -0.6142 0.3944 -0.6835
vn -0.6146 -0.3906 -0.6853
vn -0.6183 -0.7860 -0.0022
vn -0.6178 -0.3934 0.6809
vn -0.6187 0.3946 0.6793
vn -0.6149 0.7886 -0.0042
vn -0.6144 0.7890 0.0003
vn -0.6152 0.3980 -0.6806
vn -0.6186 -0.3912 -0.6814
vn -0.6142 0.3944 0.6835
vn -0.6149 0.7886 0.0042
vn -0.6187 0.3946 -0.6793
vn -0.6178 -0.3935 -0.6809
vn -0.6183 -0.7860 0.0022
vn -0.6146 -0.3906 0.6853
vn -0.6142 -0.3944 0.6835
vn -0.6146 0.3906 0.6853
vn -0.6184 0.7859 0.0022
vn -0.6178 0.3935 -0.6809
vn -0.6187 -0.3947 -0.6793
vn -0.6149 -0.7886 0.0042
vn -0.6342 0.6693 -0.3870
vn -0.6398 0.7329 0.2313
vn -0.6429 0.7609 0.0876
vn -0.6345 0.7687 -0.0808
vn -0.6343 0.7351 -0.2392
vn -0.4698 -0.8097 -0.3518
vn -0.4700 -0.7094 -0.5252
vn -0.4700 -0.7093 0.5254
vn -0.4697 -0.8097 0.3518
vn -0.4698 0.8097 0.3518
vn -0.4700 0.7093 0.5254
vn -0.4700 0.7094 -0.5252
vn -0.4698 0.8097 -0.3518
vn 0.0000 -0.5005 0.8657
vn -0.4755 -0.8797 0.0001
vn -0.4758 -0.4396 -0.7618
vn -0.4759 -0.4397 0.7617
vn -0.4758 0.4395 -0.7618
vn -0.4760 0.4397 0.7616
vn -0.4755 0.8797 0.0001
vn 0.0479 -0.8634 0.5022
vn 0.0191 -0.8715 -0.4900
vn -0.2686 -0.8969 0.3513
vn -0.2685 -0.8969 -0.3513
vn -0.2688 -0.1447 -0.9523
vn -0.2688 -0.1434 0.9525
vn -0.2688 -0.7529 0.6007
vn -0.2683 -0.7528 -0.6011
vn -0.2683 0.7528 -0.6010
vn -0.2688 0.7529 0.6007
vn -0.2688 0.1435 0.9525
vn -0.2688 0.1448 -0.9523
vn -0.2685 0.8970 -0.3511
vn -0.2685 0.8969 0.3513
vn -0.2310 -0.9595 0.1613
vn -0.2313 -0.9729 0.0000
vn -0.2310 -0.9595 -0.1612
vn -0.2312 -0.6191 0.7505
vn -0.2311 -0.6191 -0.7505
vn -0.2314 -0.4864 0.8425
vn -0.2314 -0.4864 -0.8425
vn -0.2309 -0.3402 0.9116
vn -0.2309 -0.3402 -0.9116
vn -0.2309 0.3402 -0.9116
vn -0.2309 0.3402 0.9116
vn -0.2314 0.4864 -0.8425
vn -0.2314 0.4864 0.8425
vn -0.2312 0.6191 -0.7505
vn -0.2312 0.6191 0.7505
vn -0.2310 0.9595 -0.1612
vn -0.2310 0.9595 0.1613
vn -0.2313 0.9729 0.0000
vn 0.6428 -0.7626 0.0728
vn 0.6397 -0.7651 -0.0736
vn 0.6347 -0.7348 -0.2392
vn 0.6339 -0.4541 0.6261
vn 0.6341 -0.5743 0.5179
vn 0.6342 -0.6694 0.3870
vn 0.6343 -0.7352 0.2392
vn 0.6348 -0.6689 -0.3869
vn 0.6348 -0.5738 -0.5175
vn 0.6349 -0.4535 -0.6254
vn 0.6349 -0.3138 -0.7060
vn 0.6350 -0.1604 -0.7557
vn 0.6349 -0.0000 -0.7726
vn 0.6336 0.0000 0.7736
vn 0.6338 -0.1606 0.7567
vn 0.6338 -0.3143 0.7068
vn 0.6350 0.1603 -0.7557
vn 0.6350 0.3138 -0.7059
vn 0.6349 0.4536 -0.6254
vn 0.6339 0.4541 0.6261
vn 0.6338 0.3143 0.7068
vn 0.6338 0.1606 0.7567
vn 0.6348 0.5737 -0.5175
vn 0.6348 0.6689 -0.3869
vn 0.6347 0.7348 -0.2392
vn 0.6343 0.7352 0.2392
vn 0.6393 0.6622 0.3909
vn 0.6424 0.5740 0.5077
vn 0.6397 0.7651 -0.0736
vn 0.6428 0.7626 0.0728
vn -0.9999 0.0136 0.0082
vn -0.9996 0.0144 0.0260
vn -0.9177 0.3158 0.2410
vn -0.9215 0.3706 0.1159
vn -0.9199 -0.2244 0.3218
vn -0.9997 -0.0050 0.0251
vn -0.9998 -0.0148 0.0098
vn -0.9180 -0.3209 0.2331
vn -0.9073 0.2337 0.3496
vn -0.9992 0.0117 0.0380
vn -0.9015 0.1337 0.4115
vn -0.9057 0.0046 0.4240
vn -0.9993 -0.0060 0.0369
vn -0.9068 -0.1213 0.4038
vn -0.9215 -0.3679 0.1241
vn -0.9999 -0.0153 0.0012
vn -0.9203 -0.3913 -0.0000
vn -0.8981 0.4377 -0.0427
vn -0.9999 -0.0151 -0.0024
vn -0.9215 -0.3680 -0.1241
vn -0.9998 -0.0140 -0.0109
vn -0.8982 0.4170 0.1390
vn -0.8990 -0.1810 0.3989
vn -0.9999 0.0122 -0.0105
vn -0.9998 0.0063 -0.0173
vn -0.9203 0.3165 -0.2300
vn -0.9215 0.2247 -0.3167
vn -0.8987 -0.3279 0.2912
vn -0.9999 0.0141 -0.0070
vn -0.9215 0.3706 -0.1158
vn -0.8985 -0.4184 0.1326
vn -0.9179 0.1191 -0.3784
vn -0.9215 0.0043 -0.3883
vn -0.9999 -0.0025 -0.0159
vn -0.9203 -0.1209 -0.3722
vn -0.9999 -0.0063 -0.0148
vn -0.9215 -0.2318 -0.3116
vn -0.8989 0.1752 0.4017
vn -0.8985 0.3240 0.2962
vn -0.9179 -0.3231 -0.2302
vn -0.9998 0.0179 0.0006
vn -0.9180 0.3967 0.0000
vn 0.9975 -0.0455 -0.0546
vn 0.5535 -0.4917 -0.6722
vn 0.5575 -0.2565 -0.7896
vn 0.9997 -0.0140 -0.0202
vn 0.9955 -0.0910 -0.0247
vn 0.5619 -0.6662 -0.4904
vn 0.5444 -0.7981 -0.2581
vn 0.9975 -0.0706 0.0010
vn 0.5542 -0.8324 0.0013
vn 0.9597 0.2812 -0.0025
vn 0.9589 0.2655 0.0997
vn 0.9982 -0.0183 -0.0563
vn 0.5515 -0.0000 -0.8342
vn 0.9978 -0.0000 -0.0661
vn 0.9562 0.0903 0.2784
vn 0.9566 0.1711 0.2358
vn 0.9982 0.0184 -0.0564
vn 0.5575 0.2565 -0.7895
vn 0.5515 0.4903 -0.6749
vn 0.9562 -0.0903 0.2785
vn 0.9567 -0.0000 0.2911
vn 0.9978 0.0389 -0.0535
vn 0.9566 -0.1711 0.2358
vn 0.9999 0.0031 0.0123
vn 0.9977 0.0520 -0.0427
vn 0.5588 0.7886 -0.2568
vn 0.9522 -0.2559 0.1671
vn 0.5584 0.8296 -0.0007
vn 0.9975 0.0695 -0.0098
vn 0.9426 -0.3119 0.1190
vn 0.9561 -0.2932 0.0000
vn 0.5469 0.7979 0.2535
vn 0.9978 0.0629 0.0204
vn 0.9565 -0.2773 -0.0902
vn 0.9982 0.0184 0.0564
vn 0.9978 0.0389 0.0534
vn 0.5575 0.2565 0.7896
vn 0.5515 -0.0000 0.8342
vn 0.9978 -0.0000 0.0661
vn 0.9562 -0.0903 -0.2783
vn 0.9566 -0.1711 -0.2358
vn 0.9982 -0.0184 0.0565
vn 0.5575 -0.2565 0.7896
vn 0.5515 -0.4903 0.6749
vn 0.9562 0.0903 -0.2784
vn 0.9567 0.0000 -0.2911
vn 0.9999 0.0003 -0.0162
vn 0.9972 -0.0680 0.0326
vn 0.9417 0.2620 -0.2112
vn 0.5556 -0.7891 0.2621
vn 0.9572 0.2741 -0.0923
vn 0.9501 0.2566 0.1776
vn 0.5543 0.6762 -0.4853
vn 0.9982 0.0481 0.0349
vn 0.5573 0.6717 0.4880
vn 0.5514 0.4903 0.6749
vn 0.9561 -0.2369 -0.1723
vn 0.9973 -0.0406 0.0618
vn 0.5696 -0.6681 0.4788
vn 0.9526 0.1917 -0.2364
vn -0.8990 -0.0878 -0.4291
vn -0.8989 0.0943 -0.4279
vn -0.8986 0.2605 -0.3530
vn 0.3005 -0.9070 -0.2951
vn 0.8541 -0.4946 -0.1610
vn 0.8539 -0.5176 -0.0545
vn 0.8541 -0.5173 0.0545
vn 0.3007 -0.9485 0.0998
vn 0.3001 -0.9487 -0.0998
vn 0.8539 -0.4949 0.1612
vn 0.3002 -0.8258 -0.4774
vn 0.8541 -0.4502 0.2603
vn 0.3008 -0.8256 0.4774
vn 0.3000 -0.9071 0.2953
vn 0.3009 -0.7081 -0.6388
vn 0.8542 -0.3861 -0.3483
vn 0.8540 -0.4505 -0.2604
vn 0.8541 -0.3863 0.3483
vn 0.2997 -0.5602 -0.7722
vn 0.8540 -0.3055 0.4211
vn 0.3003 -0.5603 0.7720
vn 0.3004 -0.7084 0.6387
vn 0.2995 -0.3876 -0.8718
vn 0.8538 -0.2114 -0.4757
vn 0.8539 -0.3056 -0.4214
vn 0.8537 -0.2114 0.4760
vn 0.8541 -0.1080 0.5089
vn 0.3003 -0.1980 0.9331
vn 0.2990 -0.3876 0.8720
vn 0.2998 -0.1982 -0.9332
vn 0.8541 0.0000 0.5201
vn 0.8540 -0.1081 -0.5090
vn 0.3035 0.0003 -0.9528
vn 0.8551 0.0002 -0.5185
vn 0.8541 0.1079 0.5089
vn 0.3002 0.1979 0.9331
vn 0.3001 0.0000 0.9539
vn 0.3000 0.1980 -0.9332
vn 0.8537 0.2116 0.4759
vn 0.2995 0.3876 -0.8718
vn 0.8538 0.2114 -0.4757
vn 0.8539 0.1079 -0.5091
vn 0.8540 0.3055 0.4211
vn 0.3003 0.5602 0.7720
vn 0.2990 0.3878 0.8719
vn 0.2997 0.5601 -0.7723
vn 0.8541 0.3863 0.3483
vn 0.3010 0.7082 -0.6386
vn 0.8542 0.3861 -0.3482
vn 0.8539 0.3055 -0.4214
vn 0.8542 0.4501 0.2604
vn 0.3008 0.8256 0.4775
vn 0.3004 0.7084 0.6387
vn 0.3003 0.8257 -0.4775
vn 0.8539 0.4948 0.1611
vn 0.3007 0.9069 -0.2950
vn 0.8541 0.4946 -0.1609
vn 0.8540 0.4504 -0.2605
vn 0.8541 0.5173 0.0545
vn 0.3008 0.9485 0.0998
vn 0.3002 0.9071 0.2951
vn 0.3002 0.9486 -0.0999
vn 0.8539 0.5175 -0.0546
vn 0.1937 0.8461 -0.4966
vn 0.2226 0.8355 0.5024
vn 0.7425 0.5592 0.3688
vn 0.7216 0.5664 -0.3981
vn 0.8128 -0.5742 -0.0986
vn 0.2157 -0.9540 -0.2080
vn 0.2157 -0.9540 0.2080
vn 0.8128 -0.5742 0.0986
vn 0.8128 -0.3724 -0.4480
vn 0.8126 -0.2018 -0.5468
vn 0.2155 -0.2968 -0.9303
vn 0.2158 -0.6571 -0.7223
vn 0.8128 -0.3724 0.4480
vn 0.2158 -0.6570 0.7223
vn 0.2155 -0.2968 0.9303
vn 0.8126 -0.2018 0.5468
vn 0.8126 0.2019 0.5467
vn 0.2155 0.2969 0.9303
vn 0.2158 0.6571 0.7223
vn 0.8128 0.3724 0.4480
vn 0.2158 0.6571 -0.7223
vn 0.2155 0.2969 -0.9303
vn 0.8126 0.2019 -0.5467
vn 0.8128 0.3724 -0.4479
vn 0.8127 0.5742 -0.0986
vn 0.8127 0.5742 0.0986
vn 0.2156 0.9540 0.2081
vn 0.2156 0.9540 -0.2081
vn 0.0580 -0.0067 -0.9983
vn 0.6149 -0.0877 -0.7837
vn 0.1157 -0.0258 0.9930
vn 0.6568 -0.1011 0.7472
vn 0.2080 -0.7373 -0.6427
vn 0.2080 -0.7373 0.6427
vn 0.2082 -0.9252 -0.3173
vn 0.2083 -0.9252 0.3173
vn 0.8154 -0.4831 -0.3191
vn 0.8154 -0.4831 0.3191
vn 0.2081 0.1877 0.9599
vn 0.2081 0.1877 -0.9599
vn 0.8154 -0.5178 -0.2588
vn 0.8154 -0.5178 0.2589
vn 0.2081 -0.1877 0.9599
vn 0.2081 -0.1877 -0.9599
vn 0.8155 0.0345 0.5778
vn 0.8155 0.0345 -0.5778
vn 0.8155 -0.0345 0.5778
vn 0.2082 0.9252 0.3172
vn 0.8155 -0.0345 -0.5778
vn 0.2082 0.9252 -0.3172
vn 0.2080 0.7373 0.6427
vn 0.2080 0.7373 -0.6427
vn 0.8154 0.5178 0.2588
vn 0.8154 0.5178 -0.2588
vn 0.8154 0.4831 0.3190
vn 0.8154 0.4831 -0.3190
vn 0.6093 -0.3995 -0.6849
vn 0.6112 -0.7915 0.0005
vn 0.0000 -1.0000 0.0006
vn 0.0000 -0.5039 -0.8638
vn 0.6094 -0.7929 0.0036
vn 0.6114 -0.3961 0.6851
vn 0.6094 -0.7929 -0.0036
vn 0.0000 -0.5006 -0.8657
vn 0.6114 -0.3961 -0.6851
vn 0.6094 -0.3991 0.6851
vn 0.0000 -0.5033 0.8641
vn 0.6093 0.3931 0.6887
vn 0.6092 0.3932 -0.6886
vn 0.6093 -0.3931 0.6887
vn 0.6114 0.3961 0.6851
vn 0.6093 -0.3931 -0.6887
vn 0.6114 0.3961 -0.6851
vn 0.6094 0.3991 0.6851
vn 0.6112 0.7915 0.0005
vn 0.0000 1.0000 0.0006
vn 0.0000 0.5033 0.8641
vn 0.6094 0.7929 -0.0037
vn 0.6093 0.3995 -0.6849
vn 0.0000 0.5039 -0.8638
vn 0.6094 0.7929 0.0037
vn 0.8035 -0.1511 0.5759
vn 0.9887 0.1501 -0.0006
vn 0.6174 -0.7867 -0.0003
vn 0.9029 -0.4222 0.0803
vn 0.9029 -0.4224 -0.0802
vn 0.8034 0.1511 -0.5760
vn 0.9886 -0.1503 -0.0005
vn 0.6174 0.7867 -0.0003
vn 0.2710 -0.8610 0.4303
vn 0.2711 -0.8604 -0.4315
vn 0.9027 -0.1418 -0.4062
vn 0.9029 -0.1416 0.4058
vn 0.9030 -0.2806 0.3255
vn 0.9030 -0.2806 -0.3255
vn 0.0000 -0.7071 0.7071
vn 0.0000 -0.9659 -0.2587
vn 0.6100 -0.7654 -0.2050
vn 0.6100 -0.5603 0.5603
vn 0.2709 -0.0572 -0.9609
vn 0.2705 -0.0569 0.9610
vn 0.2710 -0.8035 0.5301
vn 0.2709 -0.8035 -0.5301
vn 0.0000 -0.2588 -0.9659
vn 0.6100 -0.2051 -0.7654
vn 0.9030 0.2806 -0.3255
vn 0.9030 0.2806 0.3255
vn 0.0000 0.2588 0.9659
vn 0.6100 0.2051 0.7654
vn 0.9029 0.1415 0.4059
vn 0.9027 0.1418 -0.4062
vn 0.2710 0.8034 -0.5302
vn 0.2709 0.8035 0.5301
vn 0.2705 0.0569 0.9610
vn 0.2709 0.0573 -0.9609
vn 0.9028 0.4224 -0.0802
vn 0.9029 0.4222 0.0803
vn 0.0000 0.7071 -0.7071
vn 0.6100 0.5603 -0.5603
vn 0.2711 0.8604 -0.4315
vn 0.2710 0.8611 0.4303
vn 0.6152 0.3978 -0.6807
vn 0.6186 -0.3909 -0.6815
vn 0.8033 -0.1510 -0.5761
vn 0.0000 0.9659 0.2588
vn 0.6100 0.7654 0.2050
vn 0.6094 -0.3991 0.6850
vn 0.6112 -0.7914 0.0005
vn 0.6093 -0.3996 -0.6849
vn 0.6092 0.3932 0.6886
vn 0.6092 -0.3932 0.6886
vn 0.6094 0.7929 -0.0036
vn 0.6152 -0.3980 0.6806
vn 0.6187 0.3910 0.6814
vn 0.8035 0.1512 0.5758
vn 0.9379 -0.3468 -0.0000
vn 0.9268 -0.3636 -0.0943
vn 0.9268 -0.3636 0.0943
vn 0.9434 0.2872 -0.1658
vn 0.9268 0.2633 -0.2676
vn 0.9381 0.1732 -0.2999
vn 0.9270 0.0999 -0.3615
vn 0.9435 -0.0000 -0.3315
vn 0.9270 -0.0999 -0.3615
vn 0.9381 -0.1732 -0.2999
vn 0.9268 -0.2634 -0.2677
vn 0.9434 -0.2872 -0.1657
vn 0.9267 0.3637 -0.0943
vn 0.9064 0.4076 -0.1106
vn 0.9066 0.2991 -0.2976
vn 0.9379 0.3468 -0.0000
vn 0.9267 0.3637 0.0943
vn 0.9935 -0.0986 0.0569
vn 0.9929 -0.1150 0.0315
vn 0.9929 -0.0848 0.0839
vn 0.8397 0.5356 -0.0895
vn 0.8398 0.3451 -0.4191
vn 0.9928 -0.1196 0.0000
vn 0.9928 -0.0598 0.1036
vn 0.8326 0.5539 -0.0000
vn 0.8326 0.2769 -0.4798
vn 0.8398 0.5355 0.0895
vn 0.8397 0.1903 -0.5086
vn 0.9929 -0.1150 -0.0315
vn 0.9929 -0.0303 0.1154
vn 0.9066 -0.1078 -0.4081
vn 0.9935 0.0000 0.1139
vn 0.9064 0.2998 0.2977
vn 0.9935 -0.0986 -0.0569
vn 0.9066 0.1079 -0.4080
vn 0.9929 0.0303 0.1154
vn 0.8397 -0.1903 -0.5086
vn 0.9928 0.0598 0.1036
vn 0.8325 -0.2769 -0.4798
vn 0.8398 -0.3451 -0.4191
vn 0.9929 0.0848 0.0839
vn 0.9064 -0.4076 -0.1106
vn 0.9935 0.0986 0.0569
vn 0.9066 -0.2991 -0.2976
vn 0.9929 0.1150 0.0315
vn 0.8397 -0.5356 -0.0895
vn 0.9928 0.1196 0.0000
vn 0.8326 -0.5539 -0.0000
vn 0.8397 -0.5356 0.0895
vn 0.9929 0.1150 -0.0315
vn 0.9064 -0.2998 0.2977
vn 0.9935 0.0986 -0.0569
vn 0.9064 -0.4076 0.1106
vn 0.9929 0.0848 -0.0839
vn 0.8398 -0.3451 0.4191
vn 0.9928 0.0598 -0.1036
vn 0.8325 -0.2769 0.4798
vn 0.8397 -0.1903 0.5086
vn 0.9929 0.0303 -0.1154
vn 0.9066 0.1080 0.4079
vn 0.9935 0.0000 -0.1139
vn 0.9066 -0.1079 0.4079
vn 0.9434 -0.2872 0.1657
vn 0.9929 -0.0303 -0.1154
vn 0.8397 0.1903 0.5086
vn 0.9928 -0.0598 -0.1036
vn 0.8326 0.2769 0.4798
vn 0.8398 0.3451 0.4191
vn 0.9929 -0.0848 -0.0839
vn 0.9065 0.4076 0.1106
vn 0.9434 0.2872 0.1658
vn 0.9268 0.2633 0.2676
vn 0.9381 0.1730 0.2999
vn 0.9267 0.1002 0.3621
vn 0.9435 -0.0000 0.3315
vn 0.9267 -0.1002 0.3621
vn 0.9382 -0.1730 0.2999
vn 0.9268 -0.2634 0.2677
vn 0.0000 -0.4958 0.8684
vn 0.5295 -0.7466 -0.4027
vn 0.5505 -0.7526 0.3614
vn 0.0000 -0.5034 0.8640
vn 0.0000 -0.5040 -0.8637
vn 0.7954 -0.5250 -0.3030
vn 0.8036 -0.4227 0.4189
vn 0.9886 -0.0753 -0.1306
vn 0.7947 -0.0000 -0.6070
vn 0.8033 0.5745 -0.1571
vn 0.8032 -0.5746 -0.1571
vn 0.9886 0.0754 -0.1304
vn 0.4697 0.1005 -0.8771
vn 0.4697 -0.1005 -0.8771
vn 0.7953 0.5250 -0.3030
vn 0.8036 0.4228 0.4189
vn 0.7954 0.5250 0.3030
vn 0.8036 0.4228 -0.4189
vn 0.9886 0.0746 0.1308
vn 0.6850 -0.6312 0.3639
vn 0.6844 -0.7291 0.0000
vn 0.6842 -0.6315 -0.3648
vn 0.6842 -0.3646 0.6316
vn 0.6844 -0.3646 -0.6315
vn 0.6851 -0.0000 0.7284
vn 0.6835 -0.0000 -0.7299
vn 0.6843 0.3643 0.6317
vn 0.6844 0.3645 -0.6314
vn 0.6842 0.6315 0.3648
vn 0.6842 0.6315 -0.3648
vn 0.6846 0.7289 -0.0001
vn 0.8033 0.5745 0.1571
vn 0.9886 -0.0750 0.1303
vn 0.7960 -0.0000 0.6052
vn 0.8032 -0.5746 0.1571
vn 0.4694 -0.1005 0.8773
vn 0.4694 0.1005 0.8772
vn 0.7960 -0.5240 0.3028
vn 0.8036 -0.4227 -0.4189
vn 0.6144 -0.7890 -0.0003
vn 0.6152 -0.3977 -0.6807
vn 0.6187 0.3908 -0.6815
vn 0.6142 -0.3944 0.6835
vn 0.6149 -0.7886 0.0042
vn 0.6187 -0.3947 -0.6793
vn 0.6178 0.3935 -0.6809
vn 0.6184 0.7859 0.0022
vn 0.6146 0.3906 0.6853
vn 0.6142 0.3944 0.6835
vn 0.6146 -0.3906 0.6853
vn 0.6183 -0.7860 0.0022
vn 0.6178 -0.3934 -0.6809
vn 0.6187 0.3946 -0.6793
vn 0.6149 0.7886 0.0042
vn 0.6144 0.7890 -0.0003
vn 0.6152 0.3980 0.6806
vn 0.6186 -0.3912 0.6814
vn 0.6142 0.3944 -0.6835
vn 0.6149 0.7886 -0.0042
vn 0.6187 0.3946 0.6793
vn 0.6178 -0.3935 0.6809
vn 0.6183 -0.7860 -0.0022
vn 0.6146 -0.3906 -0.6853
vn 0.6142 -0.3944 -0.6835
vn 0.6146 0.3906 -0.6853
vn 0.6184 0.7859 -0.0022
vn 0.6178 0.3935 0.6809
vn 0.6187 -0.3947 0.6793
vn 0.6149 -0.7886 -0.0042
vn 0.4698 -0.8097 0.3518
vn 0.4700 -0.7094 0.5252
vn 0.4700 -0.7093 -0.5254
vn 0.4697 -0.8097 -0.3518
vn 0.4698 0.8097 -0.3518
vn 0.4700 0.7093 -0.5254
vn 0.4700 0.7094 0.5252
vn 0.4698 0.8097 0.3518
vn 0.4755 -0.8797 -0.0001
vn 0.4758 -0.4396 0.7618
vn 0.4759 -0.4397 -0.7617
vn 0.4758 0.4395 0.7618
vn 0.4760 0.4397 -0.7616
vn 0.4755 0.8797 -0.0001
vn -0.0479 -0.8634 -0.5022
vn -0.0191 -0.8715 0.4900
vn 0.2686 -0.8969 -0.3513
vn 0.2685 -0.8969 0.3513
vn 0.2688 -0.1447 0.9523
vn 0.2688 -0.1434 -0.9525
vn 0.2688 -0.7529 -0.6008
vn 0.2683 -0.7528 0.6011
vn 0.2683 0.7528 0.6011
vn 0.2688 0.7529 -0.6007
vn 0.2688 0.1435 -0.9525
vn 0.2688 0.1448 0.9523
vn 0.2685 0.8970 0.3511
vn 0.2685 0.8969 -0.3513
vn 0.2310 -0.9595 -0.1613
vn 0.2313 -0.9729 -0.0000
vn 0.2310 -0.9595 0.1612
vn 0.2312 -0.6191 -0.7505
vn 0.2311 -0.6191 0.7505
vn 0.2314 -0.4864 -0.8425
vn 0.2314 -0.4864 0.8425
vn 0.2309 -0.3402 -0.9116
vn 0.2309 -0.3402 0.9116
vn 0.2309 0.3402 0.9116
vn 0.2309 0.3402 -0.9116
vn 0.2314 0.4864 0.8425
vn 0.2314 0.4864 -0.8425
vn 0.2312 0.6191 0.7505
vn 0.2312 0.6191 -0.7505
vn 0.2310 0.9595 0.1612
vn 0.2310 0.9595 -0.1613
vn 0.2313 0.9729 -0.0000
vn -0.2719 -0.0129 0.9622
vn -0.3804 -0.1674 0.9095
vn -0.3229 -0.3850 0.8646
vn -0.2304 -0.5827 0.7793
vn -0.2238 0.9247 0.3078
vn -0.3313 0.8300 0.4488
vn -0.3068 0.6976 0.6475
vn -0.2718 0.5551 0.7861
vn -0.2305 0.5827 -0.7793
vn -0.3312 0.6833 -0.6507
vn -0.2825 0.8379 -0.4671
vn -0.2238 0.9291 -0.2945
vn -0.3804 0.3992 0.8342
vn -0.3409 0.1881 0.9211
vn -0.3312 -0.6833 0.6507
vn -0.2914 -0.8321 0.4719
vn -0.2305 -0.9295 0.2880
vn -0.2305 0.0133 -0.9730
vn -0.3313 0.1704 -0.9280
vn -0.2914 0.3958 -0.8709
vn -0.3313 -0.9352 0.1248
vn -0.2915 -0.9505 -0.1074
vn -0.2305 -0.9212 -0.3133
vn -0.3312 -0.8300 -0.4488
vn -0.2914 -0.7059 -0.6456
vn -0.2305 -0.5612 -0.7950
vn -0.3313 -0.4077 -0.8509
vn -0.2915 -0.1917 -0.9372
vn -0.3313 0.9352 -0.1248
vn -0.2825 0.9524 0.1146
usemtl Obj61Mtl.001
s 1
f 1/1/1 2/2/2 3/3/3
f 4/4/4 5/5/5 6/6/6
f 5/7/5 4/8/4 7/9/7
f 2/10/2 1/11/1 8/12/8
f 3/3/3 6/6/6 1/1/1
f 6/6/6 3/3/3 4/4/4
f 9/13/9 10/14/10 11/15/11
f 7/9/7 11/15/11 5/7/5
f 11/15/11 7/9/7 9/13/9
f 12/16/12 13/17/13 14/18/14
f 14/18/14 8/12/8 12/16/12
f 8/12/8 14/18/14 2/10/2
f 10/19/10 9/20/9 15/21/15
f 13/22/13 12/23/12 16/24/16
f 17/25/17 18/26/18 19/27/19
f 15/21/15 19/27/19 10/19/10
f 19/27/19 15/21/15 17/25/17
f 20/28/20 21/29/21 22/30/22
f 18/31/18 17/32/17 23/33/23
f 22/30/22 16/24/16 20/28/20
f 16/24/16 22/30/22 13/22/13
f 24/34/24 25/35/25 26/36/26
f 23/33/23 26/36/26 18/31/18
f 26/36/26 23/33/23 24/34/24
f 21/37/21 20/38/20 27/39/27
f 25/40/25 24/41/24 28/42/28
f 27/39/27 29/43/29 21/37/21
f 29/43/29 27/39/27 30/44/30
f 30/44/30 31/45/31 29/43/29
f 32/46/32 33/47/33 34/48/34
f 34/48/34 28/42/28 32/46/32
f 28/42/28 34/48/34 25/40/25
f 31/49/31 30/50/30 35/51/35
f 33/52/33 32/53/32 36/54/36
f 37/55/37 38/56/38 39/57/39
f 39/57/39 35/51/35 37/55/37
f 35/51/35 39/57/39 31/49/31
f 40/58/40 41/59/41 42/60/42
f 36/54/36 42/60/42 33/52/33
f 42/60/42 36/54/36 40/58/40
f 38/61/38 37/62/37 43/63/43
f 41/64/41 40/65/40 44/66/44
f 45/67/45 46/68/46 47/69/47
f 47/69/47 43/63/43 45/67/45
f 43/63/43 47/69/47 38/61/38
f 48/70/48 49/71/49 50/72/50
f 46/73/46 45/74/45 51/75/51
f 44/66/44 50/72/50 41/64/41
f 50/72/50 44/66/44 48/70/48
f 49/76/49 48/77/48 52/78/52
f 53/79/53 54/80/54 55/81/55
f 56/82/56 57/83/57 58/84/58
f 54/85/54 53/86/53 59/87/59
f 57/88/57 56/89/56 60/90/60
f 55/81/55 51/75/51 53/79/53
f 51/75/51 55/81/55 46/73/46
f 52/78/52 58/84/58 49/76/49
f 58/84/58 52/78/52 56/82/56
f 60/90/60 59/87/59 57/88/57
f 59/87/59 60/90/60 54/85/54
f 61/91/61 62/92/62 63/93/63
f 63/93/63 64/94/64 61/91/61
f 65/95/65 66/96/66 67/97/67
f 67/97/67 68/98/68 65/95/65
f 69/99/69 70/100/70 71/101/71
f 71/101/71 72/102/72 69/99/69
f 73/103/73 74/104/74 75/105/75
f 75/105/75 76/106/76 73/103/73
f 77/107/77 78/108/78 79/109/79
f 79/109/79 80/110/80 77/107/77
f 81/111/81 82/112/82 83/113/83
f 83/113/83 84/114/84 81/111/81
f 85/115/85 86/116/86 87/117/87
f 87/117/87 88/118/88 85/115/85
f 89/119/89 61/91/61 64/94/64
f 64/94/64 90/120/90 89/119/89
f 62/92/62 91/121/91 92/122/92
f 92/122/92 63/93/63 62/92/62
f 93/123/93 66/96/66 65/95/65
f 68/98/68 67/97/67 94/124/94
f 69/99/69 72/102/72 95/125/95
f 96/126/96 74/104/74 73/103/73
f 65/95/65 97/127/97 93/123/93
f 94/124/94 98/128/98 68/98/68
f 76/106/76 75/105/75 99/129/99
f 100/130/100 71/101/71 70/100/70
f 95/125/95 101/131/101 69/99/69
f 73/103/73 102/132/102 96/126/96
f 103/133/103 78/108/78 77/107/77
f 83/113/83 82/112/82 104/134/104
f 99/129/99 105/135/105 76/106/76
f 70/100/70 106/136/106 100/130/100
f 77/107/77 107/137/107 103/133/103
f 80/110/80 79/109/79 108/138/108
f 104/134/104 109/139/109 83/113/83
f 110/140/110 81/111/81 84/114/84
f 111/141/111 87/117/87 86/116/86
f 85/115/85 88/118/88 112/142/112
f 108/138/108 113/143/113 80/110/80
f 84/114/84 114/144/114 110/140/110
f 86/116/86 115/145/115 111/141/111
f 112/142/112 116/146/116 85/115/85
f 117/147/117 118/148/118 119/149/119
f 119/149/119 120/150/120 117/147/117
f 121/151/121 122/152/122 123/153/123
f 123/153/123 124/154/124 121/151/121
f 125/155/125 126/156/126 127/157/127
f 127/157/127 128/158/128 125/155/125
f 129/159/129 130/160/130 119/149/119
f 119/149/119 118/148/118 129/159/129
f 131/161/131 132/162/132 123/153/123
f 123/153/123 122/152/122 131/161/131
f 133/163/133 128/158/128 127/157/127
f 127/157/127 134/164/134 133/163/133
f 135/165/135 136/166/136 137/167/137
f 137/167/137 138/168/138 135/165/135
f 139/169/139 140/170/140 141/171/141
f 141/171/141 142/172/142 139/169/139
f 143/173/143 144/174/144 145/175/145
f 145/175/145 146/176/146 143/173/143
f 147/177/147 142/172/142 141/171/141
f 141/171/141 148/178/148 147/177/147
f 149/179/149 150/180/150 145/175/145
f 145/175/145 144/174/144 149/179/149
f 151/181/151 152/182/152 137/167/137
f 137/167/137 136/166/136 151/181/151
f 153/183/153 154/184/154 155/185/155
f 156/186/156 101/131/101 95/125/95
f 96/126/96 102/132/102 157/187/157
f 158/188/158 159/189/159 160/190/160
f 95/125/95 161/191/161 156/186/156
f 157/187/157 162/192/162 96/126/96
f 93/123/93 97/127/97 163/193/163
f 164/194/164 98/128/98 94/124/94
f 103/133/103 107/137/107 165/195/165
f 166/196/166 109/139/109 104/134/104
f 167/197/167 168/198/168 169/199/169
f 169/199/169 170/200/170 167/197/167
f 163/193/163 171/201/171 93/123/93
f 94/124/94 172/202/172 164/194/164
f 165/195/165 173/203/173 103/133/103
f 104/134/104 174/204/174 166/196/166
f 168/198/168 175/205/175 176/206/176
f 176/206/176 169/199/169 168/198/168
f 100/130/100 106/136/106 177/207/177
f 178/208/178 105/135/105 99/129/99
f 179/209/179 167/197/167 170/200/170
f 170/200/170 180/210/180 179/209/179
f 111/141/111 115/145/115 181/211/181
f 182/212/182 116/146/116 112/142/112
f 177/207/177 183/213/183 100/130/100
f 99/129/99 184/214/184 178/208/178
f 181/211/181 185/215/185 111/141/111
f 112/142/112 186/216/186 182/212/182
f 187/217/187 113/143/113 108/138/108
f 110/140/110 114/144/114 188/218/188
f 175/205/175 189/219/189 190/220/190
f 190/220/190 176/206/176 175/205/175
f 108/138/108 191/221/191 187/217/187
f 188/218/188 192/222/192 110/140/110
f 193/223/193 194/224/194 195/225/195
f 195/225/195 194/224/194 155/226/155
f 155/226/155 154/227/154 195/225/195
f 196/228/196 179/209/179 180/210/180
f 180/210/180 197/229/197 196/228/196
f 144/230/144 143/231/143 198/232/198
f 198/232/198 199/233/199 144/230/144
f 144/230/144 199/233/199 200/234/200
f 200/234/200 149/235/149 144/230/144
f 142/236/142 147/237/147 201/238/201
f 201/238/201 202/239/122 142/236/142
f 142/236/142 202/239/122 203/240/121
f 203/240/121 139/241/139 142/236/142
f 128/242/128 133/243/133 204/244/151
f 204/244/151 205/245/136 128/242/128
f 128/242/128 205/245/136 206/246/202
f 206/246/202 125/247/125 128/242/128
f 118/248/118 117/249/117 207/250/149
f 207/250/149 208/251/144 118/248/118
f 118/248/118 208/251/144 209/252/143
f 209/252/143 129/253/129 118/248/118
f 122/254/122 121/255/121 210/256/139
f 210/256/139 211/257/203 122/254/122
f 122/254/122 211/257/203 212/258/204
f 212/258/204 131/259/131 122/254/122
f 136/260/136 135/261/135 213/262/125
f 213/262/125 214/263/128 136/260/136
f 136/260/136 214/263/128 215/264/133
f 215/264/133 151/265/151 136/260/136
f 189/219/189 196/228/196 197/229/197
f 197/229/197 190/220/190 189/219/189
f 216/266/205 217/267/206 218/268/207
f 218/268/207 217/267/206 160/269/160
f 160/269/160 159/270/159 218/268/207
f 219/271/208 85/272/85 220/273/209
f 219/271/208 86/274/86 85/272/85
f 219/271/208 221/275/210 86/274/86
f 105/276/105 222/277/211 223/278/212
f 223/278/212 76/279/76 105/276/105
f 76/279/76 223/278/212 224/280/213
f 76/279/76 224/280/213 73/281/73
f 224/280/213 225/282/214 73/281/73
f 102/283/102 73/281/73 225/282/214
f 225/282/214 226/284/215 102/283/102
f 102/283/102 226/284/215 113/285/113
f 113/285/113 226/284/215 227/286/216
f 227/286/216 80/287/80 113/285/113
f 80/287/80 227/286/216 228/288/217
f 80/287/80 228/288/217 77/289/77
f 228/288/217 229/290/218 77/289/77
f 107/291/107 77/289/77 229/290/218
f 229/290/218 230/292/219 107/291/107
f 231/293/220 222/277/211 97/294/97
f 97/294/97 65/295/65 231/293/220
f 97/294/97 222/277/211 105/276/105
f 97/294/97 105/276/105 178/296/178
f 178/296/178 163/297/163 97/294/97
f 163/297/163 178/296/178 232/298/221
f 232/298/221 233/299/222 163/297/163
f 234/300/223 231/293/220 65/295/65
f 68/301/68 234/300/223 65/295/65
f 68/301/68 235/302/224 234/300/223
f 236/303/225 233/299/222 232/298/221
f 236/303/225 237/304/226 233/299/222
f 238/305/227 236/303/225 232/298/221
f 237/304/226 239/306/228 233/299/222
f 238/305/227 232/298/221 240/307/229
f 239/306/228 237/304/226 241/308/230
f 242/309/231 238/305/227 240/307/229
f 241/308/230 243/310/232 239/306/228
f 240/307/229 244/311/233 242/309/231
f 245/312/234 243/310/232 241/308/230
f 242/309/231 244/311/233 246/313/235
f 241/308/230 247/314/236 245/312/234
f 246/313/235 248/315/237 242/309/231
f 248/315/237 246/313/235 249/316/238
f 250/317/239 248/315/237 249/316/238
f 247/314/236 251/318/240 245/312/234
f 247/314/236 252/319/241 251/318/240
f 250/317/239 249/316/238 253/320/242
f 253/320/242 249/316/238 157/321/157
f 254/322/243 250/317/239 253/320/242
f 157/321/157 187/323/187 253/320/242
f 254/322/243 253/320/242 255/324/244
f 256/325/245 254/322/243 255/324/244
f 255/324/244 257/326/246 256/325/245
f 256/325/245 257/326/246 258/327/247
f 258/327/247 259/328/248 256/325/245
f 259/328/248 258/327/247 260/329/249
f 187/323/187 157/321/157 102/283/102
f 261/330/250 259/328/248 260/329/249
f 102/283/102 113/285/113 187/323/187
f 260/329/249 262/331/251 261/330/250
f 262/331/251 263/332/252 261/330/250
f 262/331/251 260/329/249 165/333/165
f 262/331/251 264/334/253 263/332/252
f 165/333/165 182/335/182 262/331/251
f 265/336/254 263/332/252 264/334/253
f 264/334/253 266/337/255 265/336/254
f 265/336/254 266/337/255 267/338/256
f 267/338/256 268/339/257 265/336/254
f 268/339/257 267/338/256 269/340/258
f 182/335/182 165/333/165 107/291/107
f 270/341/259 268/339/257 269/340/258
f 107/291/107 116/342/116 182/335/182
f 270/341/259 269/340/258 271/343/260
f 107/291/107 230/292/219 116/342/116
f 116/342/116 230/292/219 220/273/209
f 220/273/209 85/272/85 116/342/116
f 271/343/260 269/340/258 181/344/181
f 271/343/260 272/345/261 270/341/259
f 181/344/181 166/346/166 271/343/260
f 271/343/260 273/347/262 272/345/261
f 274/348/263 272/345/261 273/347/262
f 273/347/262 275/349/264 274/348/263
f 274/348/263 275/349/264 276/350/265
f 276/350/265 277/351/266 274/348/263
f 277/351/266 276/350/265 278/352/267
f 166/346/166 181/344/181 115/353/115
f 279/354/268 277/351/266 278/352/267
f 115/353/115 109/355/109 166/346/166
f 279/354/268 278/352/267 280/356/269
f 115/353/115 281/357/270 109/355/109
f 221/275/210 281/357/270 115/353/115
f 115/353/115 86/274/86 221/275/210
f 280/356/269 278/352/267 188/358/188
f 282/359/271 279/354/268 280/356/269
f 188/358/188 156/360/156 280/356/269
f 282/359/271 280/356/269 283/361/272
f 284/362/273 282/359/271 283/361/272
f 283/361/272 285/363/274 284/362/273
f 284/362/273 285/363/274 286/364/275
f 286/364/275 287/365/276 284/362/273
f 287/365/276 286/364/275 288/366/277
f 252/319/241 287/365/276 288/366/277
f 252/319/241 288/366/277 251/318/240
f 251/318/240 288/366/277 177/367/177
f 177/367/177 164/368/164 251/318/240
f 164/368/164 177/367/177 106/369/106
f 106/369/106 98/370/98 164/368/164
f 106/369/106 289/371/278 98/370/98
f 98/370/98 289/371/278 235/302/224
f 235/302/224 68/301/68 98/370/98
f 290/372/279 289/371/278 106/369/106
f 106/369/106 70/373/70 290/372/279
f 291/374/280 290/372/279 70/373/70
f 291/374/280 70/373/70 69/375/69
f 291/374/280 69/375/69 292/376/281
f 292/376/281 69/375/69 101/377/101
f 101/377/101 293/378/282 292/376/281
f 114/379/114 293/378/282 101/377/101
f 114/379/114 101/377/101 156/360/156
f 156/360/156 188/358/188 114/379/114
f 294/380/283 293/378/282 114/379/114
f 114/379/114 84/381/84 294/380/283
f 295/382/284 294/380/283 84/381/84
f 295/382/284 84/381/84 83/383/83
f 295/382/284 83/383/83 296/384/285
f 296/384/285 83/383/83 109/355/109
f 109/355/109 281/357/270 296/384/285
f 210/385/139 121/386/121 124/387/124
f 124/387/124 297/388/140 210/385/139
f 213/389/125 135/390/135 138/391/138
f 138/391/138 298/392/286 213/389/125
f 203/393/121 299/394/287 140/395/140
f 140/395/140 139/396/139 203/393/121
f 206/397/202 300/398/288 126/156/126
f 126/156/126 125/155/125 206/397/202
f 64/399/64 63/400/63 92/401/92
f 64/399/64 92/401/92 90/402/90
f 92/401/92 301/403/289 90/402/90
f 92/401/92 302/404/290 301/403/289
f 198/405/198 143/173/143 146/176/146
f 146/176/146 303/406/291 198/405/198
f 209/407/143 304/408/146 130/160/130
f 130/160/130 129/159/129 209/407/143
f 207/409/149 117/410/117 120/411/120
f 120/411/120 305/412/150 207/409/149
f 200/413/200 306/414/292 150/415/150
f 150/415/150 149/416/149 200/413/200
f 201/417/201 147/177/147 148/178/148
f 148/178/148 307/418/132 201/417/201
f 204/419/151 133/420/133 134/421/134
f 134/421/134 308/422/293 204/419/151
f 212/423/204 309/424/294 132/162/132
f 132/162/132 131/161/131 212/423/204
f 215/425/133 310/426/134 152/182/152
f 152/182/152 151/181/151 215/425/133
f 15/427/15 9/428/9 311/429/295
f 311/429/295 312/430/296 15/427/15
f 15/427/15 312/430/296 313/431/297
f 313/431/297 17/432/17 15/427/15
f 17/432/17 313/431/297 314/433/298
f 314/433/298 23/434/23 17/432/17
f 23/434/23 314/433/298 315/435/299
f 315/435/299 24/436/24 23/434/23
f 24/436/24 315/435/299 316/437/300
f 316/437/300 28/438/28 24/436/24
f 28/438/28 316/437/300 317/439/301
f 317/439/301 32/440/32 28/438/28
f 32/440/32 317/439/301 318/441/302
f 318/441/302 36/442/36 32/440/32
f 36/442/36 318/441/302 319/443/303
f 319/443/303 40/444/40 36/442/36
f 40/444/40 319/443/303 320/445/304
f 320/445/304 44/446/44 40/444/40
f 170/200/170 169/199/169 176/206/176
f 176/206/176 180/210/180 170/200/170
f 180/210/180 176/206/176 190/220/190
f 190/220/190 197/229/197 180/210/180
f 321/447/305 13/448/13 22/449/22
f 22/449/22 322/450/306 321/447/305
f 322/450/306 22/449/22 21/451/21
f 21/451/21 323/452/307 322/450/306
f 323/452/307 21/451/21 29/453/29
f 29/453/29 324/454/308 323/452/307
f 324/454/308 29/453/29 31/455/31
f 31/455/31 325/456/309 324/454/308
f 325/456/309 31/455/31 39/457/39
f 39/457/39 326/458/310 325/456/309
f 326/458/310 39/457/39 38/459/38
f 38/459/38 327/460/311 326/458/310
f 327/460/311 38/459/38 47/461/47
f 47/461/47 328/462/312 327/460/311
f 328/462/312 47/461/47 46/463/46
f 46/463/46 329/464/313 328/462/312
f 330/465/314 159/466/159 158/467/158
f 331/468/315 330/465/314 158/467/158
f 331/468/315 332/469/316 330/465/314
f 333/470/317 332/469/316 334/471/318
f 335/472/319 333/470/317 334/471/318
f 335/472/319 336/473/320 333/470/317
f 335/472/319 334/471/318 337/474/321
f 337/474/321 338/475/322 335/472/319
f 339/476/323 336/473/320 340/477/324
f 195/478/195 339/476/323 340/477/324
f 195/478/195 154/479/154 339/476/323
f 341/480/325 154/479/154 153/481/153
f 341/480/325 153/481/153 342/482/326
f 341/480/325 342/482/326 343/483/327
f 344/484/328 345/485/329 346/486/330
f 346/486/330 347/487/331 344/484/328
f 347/487/331 346/486/330 348/488/332
f 348/488/332 349/489/333 347/487/331
f 349/489/333 348/488/332 350/490/334
f 350/490/334 351/491/335 349/489/333
f 351/491/335 350/490/334 352/492/336
f 352/492/336 353/493/337 351/491/335
f 353/493/337 352/492/336 354/494/338
f 354/494/338 355/495/339 353/493/337
f 356/496/340 357/497/341 358/498/342
f 356/496/340 358/498/342 359/499/343
f 358/498/342 343/483/327 359/499/343
f 356/496/340 359/499/343 360/500/344
f 360/500/344 361/501/345 356/496/340
f 362/502/346 357/497/341 363/503/347
f 362/502/346 363/503/347 218/504/207
f 362/502/346 218/504/207 159/466/159
f 329/464/313 46/463/46 55/505/55
f 55/505/55 364/506/348 329/464/313
f 364/506/348 55/505/55 54/507/54
f 54/507/54 365/508/349 364/506/348
f 365/508/349 54/507/54 60/509/60
f 60/509/60 366/510/350 365/508/349
f 366/510/350 60/509/60 56/511/56
f 56/511/56 367/512/351 366/510/350
f 368/513/352 367/512/351 56/511/56
f 56/511/56 52/514/52 368/513/352
f 368/513/352 52/514/52 48/515/48
f 48/515/48 369/516/353 368/513/352
f 369/516/353 48/515/48 44/446/44
f 44/446/44 320/445/304 369/516/353
f 370/517/354 371/518/355 372/519/356
f 372/519/356 160/520/160 370/517/354
f 370/517/354 160/520/160 217/521/206
f 217/521/206 216/522/205 370/517/354
f 373/523/357 374/524/358 375/525/359
f 375/525/359 376/526/360 373/523/357
f 373/523/357 376/526/360 377/527/361
f 377/527/361 378/528/362 373/523/357
f 379/529/363 380/530/364 381/531/365
f 381/531/365 382/532/366 379/529/363
f 379/529/363 382/532/366 383/533/367
f 383/533/367 384/534/368 379/529/363
f 385/535/369 386/536/370 387/537/371
f 387/537/371 155/538/155 385/535/369
f 385/535/369 155/538/155 194/539/194
f 194/539/194 193/540/193 385/535/369
f 388/541/372 389/542/373 390/543/374
f 390/543/374 391/544/375 388/541/372
f 388/541/372 391/544/375 392/545/376
f 392/545/376 393/546/377 388/541/372
f 394/547/378 395/548/379 396/549/380
f 396/549/380 397/550/381 394/547/378
f 394/547/378 397/550/381 398/551/382
f 398/551/382 399/552/383 394/547/378
f 400/553/384 14/554/14 13/448/13
f 13/448/13 321/447/305 400/553/384
f 311/429/295 9/428/9 7/555/7
f 7/555/7 401/556/385 311/429/295
f 401/556/385 7/555/7 4/557/4
f 4/557/4 402/558/386 401/556/385
f 402/558/386 4/557/4 3/559/3
f 3/559/3 403/560/387 402/558/386
f 403/560/387 3/559/3 2/561/2
f 2/561/2 404/562/388 403/560/387
f 404/562/388 2/561/2 14/554/14
f 14/554/14 400/553/384 404/562/388
f 405/563/389 406/564/390 218/504/207
f 218/504/207 363/503/347 405/563/389
f 158/467/158 407/565/391 408/566/392
f 408/566/392 331/468/315 158/467/158
f 340/477/324 409/567/393 410/568/394
f 410/568/394 195/478/195 340/477/324
f 411/569/395 412/570/396 342/482/326
f 342/482/326 153/481/153 411/569/395
f 344/571/328 362/572/346 159/573/159
f 159/573/159 345/574/329 344/571/328
f 346/575/330 345/576/329 159/577/159
f 159/577/159 330/578/314 346/575/330
f 344/571/328 347/579/331 357/580/341
f 357/580/341 362/572/346 344/571/328
f 346/575/330 330/578/314 332/581/316
f 332/581/316 348/582/332 346/575/330
f 405/563/389 281/357/270 406/564/390
f 407/565/391 230/292/219 408/566/392
f 349/583/333 358/584/342 357/585/341
f 357/585/341 347/586/331 349/583/333
f 350/587/334 348/588/332 332/589/316
f 332/589/316 333/590/317 350/587/334
f 199/591/199 198/405/198 303/406/291
f 303/406/291 413/592/119 199/591/199
f 214/593/128 213/389/125 298/392/286
f 298/392/286 414/594/397 214/593/128
f 199/591/199 413/592/119 306/414/292
f 306/414/292 200/413/200 199/591/199
f 202/595/122 415/596/123 299/394/287
f 299/394/287 203/393/121 202/595/122
f 349/583/333 351/597/335 343/598/327
f 343/598/327 358/584/342 349/583/333
f 350/587/334 333/590/317 336/599/320
f 336/599/320 352/600/336 350/587/334
f 353/601/337 341/602/325 343/603/327
f 343/603/327 351/604/335 353/601/337
f 221/275/210 219/271/208 416/605/398
f 416/605/398 219/271/208 220/273/209
f 354/606/338 352/607/336 336/608/320
f 336/608/320 339/609/323 354/606/338
f 202/595/122 201/417/201 307/418/132
f 307/418/132 415/596/123 202/595/122
f 211/610/203 210/385/139 297/388/140
f 297/388/140 417/611/141 211/610/203
f 409/567/393 222/277/211 410/568/394
f 411/569/395 289/371/278 412/570/396
f 205/612/136 418/613/137 300/398/288
f 300/398/288 206/397/202 205/612/136
f 214/593/128 414/594/397 310/426/134
f 310/426/134 215/425/133 214/593/128
f 353/601/337 355/614/339 154/615/154
f 154/615/154 341/602/325 353/601/337
f 419/616/399 295/382/284 296/384/285
f 229/290/218 228/288/217 420/617/400
f 354/606/338 339/609/323 154/618/154
f 154/618/154 355/619/339 354/606/338
f 294/380/283 295/382/284 419/616/399
f 420/617/400 228/288/217 227/286/216
f 360/500/344 293/378/282 361/501/345
f 360/500/344 292/376/281 293/378/282
f 292/376/281 360/500/344 421/620/401
f 293/378/282 294/380/283 361/501/345
f 419/616/399 361/501/345 294/380/283
f 227/286/216 337/474/321 420/617/400
f 337/474/321 227/286/216 226/284/215
f 337/474/321 226/284/215 338/475/322
f 226/284/215 225/282/214 338/475/322
f 422/621/402 338/475/322 225/282/214
f 205/612/136 204/419/151 308/422/293
f 308/422/293 418/613/137 205/612/136
f 208/622/144 207/409/149 305/412/150
f 305/412/150 423/623/145 208/622/144
f 225/282/214 224/280/213 422/621/402
f 421/620/401 291/374/280 292/376/281
f 208/622/144 423/623/145 304/408/146
f 304/408/146 209/407/143 208/622/144
f 211/610/203 417/611/141 309/424/294
f 309/424/294 212/423/204 211/610/203
f 281/357/270 221/275/210 406/564/390
f 407/565/391 220/273/209 230/292/219
f 290/372/279 291/374/280 421/620/401
f 422/621/402 224/280/213 223/278/212
f 405/563/389 296/384/285 281/357/270
f 230/292/219 229/290/218 408/566/392
f 231/293/220 234/300/223 424/624/403
f 424/624/403 234/300/223 235/302/224
f 416/605/398 406/564/390 221/275/210
f 220/273/209 407/565/391 416/605/398
f 296/384/285 405/563/389 419/616/399
f 420/617/400 408/566/392 229/290/218
f 289/371/278 290/372/279 412/570/396
f 409/567/393 223/278/212 222/277/211
f 222/277/211 231/293/220 410/568/394
f 411/569/395 235/302/224 289/371/278
f 223/278/212 409/567/393 422/621/402
f 421/620/401 412/570/396 290/372/279
f 424/624/403 410/568/394 231/293/220
f 235/302/224 411/569/395 424/624/403
f 363/625/347 357/626/341 376/627/360
f 376/627/360 375/628/359 363/625/347
f 363/625/347 375/628/359 374/629/358
f 374/629/358 405/630/389 363/625/347
f 405/630/389 374/629/358 373/631/357
f 373/631/357 419/632/399 405/630/389
f 361/633/345 419/632/399 373/631/357
f 373/631/357 378/634/362 361/633/345
f 356/635/340 361/633/345 378/634/362
f 378/634/362 377/636/361 356/635/340
f 356/635/340 377/636/361 376/637/360
f 376/637/360 357/638/341 356/635/340
f 334/639/318 332/640/316 397/641/381
f 397/641/381 396/642/380 334/639/318
f 334/639/318 396/642/380 395/643/379
f 395/643/379 337/644/321 334/639/318
f 337/644/321 395/643/379 394/645/378
f 394/645/378 420/646/400 337/644/321
f 408/647/392 420/646/400 394/645/378
f 394/645/378 399/648/383 408/647/392
f 331/649/315 408/647/392 399/648/383
f 399/648/383 398/650/382 331/649/315
f 331/649/315 398/650/382 397/651/381
f 397/651/381 332/652/316 331/649/315
f 160/190/160 372/653/356 158/188/158
f 158/188/158 372/653/356 371/654/355
f 371/654/355 407/655/391 158/188/158
f 407/655/391 371/654/355 370/656/354
f 370/656/354 416/657/398 407/655/391
f 406/658/390 416/657/398 370/656/354
f 370/656/354 216/266/205 406/658/390
f 218/268/207 406/658/390 216/266/205
f 359/659/343 343/660/327 382/661/366
f 382/661/366 381/662/365 359/659/343
f 359/659/343 381/662/365 380/663/364
f 380/663/364 360/664/344 359/659/343
f 360/664/344 380/663/364 379/665/363
f 379/665/363 421/666/401 360/664/344
f 412/667/396 421/666/401 379/665/363
f 379/665/363 384/668/368 412/667/396
f 342/669/326 412/667/396 384/668/368
f 384/668/368 383/670/367 342/669/326
f 342/669/326 383/670/367 382/671/366
f 382/671/366 343/672/327 342/669/326
f 340/673/324 336/674/320 391/675/375
f 391/675/375 390/676/374 340/673/324
f 340/673/324 390/676/374 389/677/373
f 389/677/373 409/678/393 340/673/324
f 409/678/393 389/677/373 388/679/372
f 388/679/372 422/680/402 409/678/393
f 338/681/322 422/680/402 388/679/372
f 388/679/372 393/682/377 338/681/322
f 335/683/319 338/681/322 393/682/377
f 393/682/377 392/684/376 335/683/319
f 335/683/319 392/684/376 391/685/375
f 391/685/375 336/686/320 335/683/319
f 155/185/155 387/687/371 153/183/153
f 153/183/153 387/687/371 386/688/370
f 386/688/370 411/689/395 153/183/153
f 411/689/395 386/688/370 385/690/369
f 385/690/369 424/691/403 411/689/395
f 410/692/394 424/691/403 385/690/369
f 385/690/369 193/223/193 410/692/394
f 195/225/195 410/692/394 193/223/193
f 90/120/90 301/693/289 425/694/404
f 425/694/404 89/119/89 90/120/90
f 91/121/91 426/695/405 302/696/290
f 302/696/290 92/122/92 91/121/91
f 173/203/173 165/195/165 260/697/249
f 271/698/260 166/196/166 174/204/174
f 260/697/249 427/699/406 173/203/173
f 174/204/174 428/700/407 271/698/260
f 280/701/269 156/702/156 161/703/161
f 162/192/162 157/187/157 249/704/238
f 161/703/161 429/705/408 280/701/269
f 249/704/238 430/706/409 162/192/162
f 262/707/251 182/708/182 186/709/186
f 185/215/185 181/211/181 269/710/258
f 186/709/186 431/711/410 262/707/251
f 269/710/258 432/712/411 185/215/185
f 251/713/240 164/714/164 172/715/172
f 171/201/171 163/193/163 233/716/222
f 172/715/172 433/717/412 251/713/240
f 233/716/222 434/718/413 171/201/171
f 253/719/242 187/720/187 191/721/191
f 192/722/192 188/723/188 278/724/267
f 191/721/191 435/725/414 253/719/242
f 278/724/267 436/726/415 192/722/192
f 183/213/183 177/207/177 288/727/277
f 232/728/221 178/729/178 184/730/184
f 288/727/277 437/731/416 183/213/183
f 184/730/184 438/732/417 232/728/221
f 264/733/253 262/707/251 431/711/410
f 431/711/410 439/734/418 264/733/253
f 266/735/255 264/733/253 439/734/418
f 439/734/418 440/736/419 266/735/255
f 266/735/255 440/736/419 441/737/420
f 441/737/420 267/738/256 266/735/255
f 267/738/256 441/737/420 432/712/411
f 432/712/411 269/710/258 267/738/256
f 258/739/247 442/740/421 427/699/406
f 427/699/406 260/697/249 258/739/247
f 428/700/407 443/741/422 273/742/262
f 273/742/262 271/698/260 428/700/407
f 257/743/246 444/744/423 442/740/421
f 442/740/421 258/739/247 257/743/246
f 443/741/422 445/745/424 275/746/264
f 275/746/264 273/742/262 443/741/422
f 257/743/246 255/747/244 446/748/425
f 446/748/425 444/744/423 257/743/246
f 447/749/426 276/750/265 275/746/264
f 275/746/264 445/745/424 447/749/426
f 436/726/415 278/724/267 276/750/265
f 276/750/265 447/749/426 436/726/415
f 255/747/244 253/719/242 435/725/414
f 435/725/414 446/748/425 255/747/244
f 283/751/272 280/701/269 429/705/408
f 429/705/408 448/752/427 283/751/272
f 246/753/235 449/754/428 430/706/409
f 430/706/409 249/704/238 246/753/235
f 285/755/274 283/751/272 448/752/427
f 448/752/427 450/756/429 285/755/274
f 244/757/233 451/758/430 449/754/428
f 449/754/428 246/753/235 244/757/233
f 285/755/274 450/756/429 452/759/431
f 452/759/431 286/760/275 285/755/274
f 244/757/233 240/761/229 453/762/432
f 453/762/432 451/758/430 244/757/233
f 286/760/275 452/759/431 437/731/416
f 437/731/416 288/727/277 286/760/275
f 240/761/229 232/728/221 438/732/417
f 438/732/417 453/762/432 240/761/229
f 245/763/234 251/713/240 433/717/412
f 433/717/412 454/764/433 245/763/234
f 239/765/228 455/766/434 434/718/413
f 434/718/413 233/716/222 239/765/228
f 243/767/232 245/763/234 454/764/433
f 454/764/433 456/768/435 243/767/232
f 243/767/232 456/768/435 455/766/434
f 455/766/434 239/765/228 243/767/232
f 426/695/405 425/694/404 301/693/289
f 301/693/289 302/696/290 426/695/405
f 368/769/352 457/770/436 458/771/437
f 458/771/437 367/772/351 368/769/352
f 366/773/350 367/772/351 458/771/437
f 366/773/350 458/771/437 459/774/438
f 459/774/438 365/775/349 366/773/350
f 319/776/303 460/777/439 461/778/440
f 461/778/440 320/779/304 319/776/303
f 369/780/353 320/779/304 461/778/440
f 369/780/353 462/781/441 463/782/442
f 463/782/442 368/783/352 369/780/353
f 365/784/349 459/785/438 464/786/443
f 464/786/443 364/787/348 365/784/349
f 329/788/313 364/787/348 464/786/443
f 329/788/313 465/789/444 466/790/445
f 466/790/445 328/791/312 329/788/313
f 328/792/312 466/793/445 467/794/446
f 467/794/446 327/795/311 328/792/312
f 326/796/310 327/795/311 467/794/446
f 326/796/310 468/797/447 469/798/448
f 469/798/448 325/799/309 326/796/310
f 317/800/301 316/801/300 470/802/449
f 470/802/449 471/803/450 317/800/301
f 318/804/302 317/800/301 471/803/450
f 318/804/302 472/805/451 460/806/439
f 460/806/439 319/807/303 318/804/302
f 325/808/309 469/809/448 473/810/452
f 473/810/452 324/811/308 325/808/309
f 323/812/307 324/811/308 473/810/452
f 323/812/307 474/813/453 475/814/454
f 475/814/454 322/815/306 323/812/307
f 313/816/297 476/817/455 477/818/456
f 477/818/456 314/819/298 313/816/297
f 315/820/299 314/819/298 477/818/456
f 315/820/299 478/821/457 470/822/449
f 470/822/449 316/823/300 315/820/299
f 322/824/306 475/825/454 479/826/458
f 479/826/458 321/827/305 322/824/306
f 400/828/384 321/827/305 479/826/458
f 400/828/384 480/829/459 481/830/460
f 481/830/460 404/831/388 400/828/384
f 311/832/295 401/833/385 482/834/461
f 482/834/461 483/835/462 311/832/295
f 312/836/296 311/832/295 483/835/462
f 313/837/297 312/836/296 483/835/462
f 484/838/463 313/837/297 483/835/462
f 404/839/388 481/840/460 485/841/464
f 485/841/464 403/842/387 404/839/388
f 402/843/386 403/842/387 485/841/464
f 401/844/385 402/843/386 485/841/464
f 486/845/465 401/844/385 485/841/464
f 487/846/466 488/847/467 489/848/468
f 489/848/468 490/849/469 487/846/466
f 491/850/470 492/851/471 493/852/472
f 493/852/472 494/853/473 491/850/470
f 495/854/474 488/847/467 496/855/475
f 495/854/474 489/848/468 488/847/467
f 496/855/475 497/856/476 495/854/474
f 496/855/475 498/857/477 497/856/476
f 498/857/477 496/855/475 499/858/478
f 500/859/479 498/857/477 499/858/478
f 499/858/478 492/851/471 500/859/479
f 491/850/470 500/859/479 492/851/471
f 493/852/472 501/860/480 494/853/473
f 501/860/480 493/852/472 502/861/481
f 503/862/482 501/860/480 502/861/481
f 502/861/481 8/863/8 6/864/483
f 502/861/481 504/865/484 503/862/482
f 6/864/483 504/865/484 502/861/481
f 505/866/485 504/865/484 506/867/486
f 504/865/484 6/864/483 11/868/487
f 505/866/485 503/862/482 504/865/484
f 42/869/488 507/870/489 508/871/490
f 509/872/491 510/873/492 507/870/489
f 507/870/489 42/869/488 50/874/493
f 507/870/489 511/875/494 509/872/491
f 512/876/495 509/872/491 511/875/494
f 50/874/493 511/875/494 507/870/489
f 511/875/494 50/874/493 58/877/496
f 510/873/492 508/871/490 507/870/489
f 508/871/490 510/873/492 513/878/497
f 508/871/490 513/878/497 514/879/498
f 514/879/498 515/880/499 508/871/490
f 514/879/498 516/881/500 515/880/499
f 517/882/501 515/880/499 516/881/500
f 516/881/500 518/883/502 517/882/501
f 519/884/503 515/880/499 517/882/501
f 520/885/504 517/882/501 506/867/486
f 517/882/501 520/885/504 519/884/503
f 518/883/502 506/867/486 517/882/501
f 506/867/486 518/883/502 521/886/505
f 506/867/486 521/886/505 505/866/485
f 58/877/496 522/887/506 511/875/494
f 512/876/495 511/875/494 522/887/506
f 522/887/506 523/888/507 512/876/495
f 522/887/506 490/849/469 523/888/507
f 522/887/506 58/877/496 59/889/59
f 490/849/469 522/887/506 487/846/466
f 59/889/59 487/846/466 522/887/506
f 487/846/466 59/889/59 51/890/51
f 524/891/508 525/892/509 526/893/510
f 527/894/511 528/895/512 529/896/513
f 528/895/512 530/897/514 529/896/513
f 528/895/512 531/898/515 530/897/514
f 531/898/515 532/899/516 530/897/514
f 531/898/515 528/895/512 533/900/517
f 528/895/512 534/901/518 533/900/517
f 535/902/519 524/891/508 526/893/510
f 535/902/519 526/893/510 536/903/520
f 535/902/519 537/904/521 538/905/522
f 535/902/519 538/905/522 539/906/523
f 540/907/524 541/908/525 542/909/526
f 540/907/524 543/910/527 544/911/528
f 545/912/529 546/913/530 543/910/527
f 547/914/531 548/915/532 549/916/533
f 548/915/532 550/917/534 546/913/530
f 547/914/531 549/916/533 551/918/535
f 547/914/531 552/919/536 553/920/537
f 552/919/536 547/914/531 551/918/535
f 552/919/536 554/921/538 553/920/537
f 547/914/531 553/920/537 550/917/534
f 552/919/536 551/918/535 555/922/539
f 556/923/540 552/919/536 555/922/539
f 552/919/536 556/923/540 554/921/538
f 556/923/540 557/924/541 554/921/538
f 558/925/542 559/926/543 560/927/544
f 558/925/542 560/927/544 561/928/545
f 558/925/542 562/929/546 563/930/547
f 558/925/542 563/930/547 564/931/548
f 565/932/549 566/933/550 567/934/551
f 565/932/549 568/935/552 569/936/553
f 570/937/554 571/938/555 572/939/556
f 571/938/555 573/940/557 532/899/516
f 571/938/555 531/898/515 574/941/558
f 531/898/515 571/938/555 532/899/516
f 531/898/515 533/900/517 574/941/558
f 571/938/555 574/941/558 572/939/556
f 524/891/508 527/894/511 525/892/509
f 527/894/511 529/896/513 525/892/509
f 528/895/512 527/894/511 534/901/518
f 524/891/508 535/902/519 539/906/523
f 524/891/508 539/906/523 575/942/559
f 527/894/511 524/891/508 575/942/559
f 527/894/511 575/942/559 534/901/518
f 537/904/521 535/902/519 536/903/520
f 537/904/521 536/903/520 541/908/525
f 537/904/521 544/911/528 538/905/522
f 537/904/521 540/907/524 544/911/528
f 545/912/529 540/907/524 542/909/526
f 548/915/532 545/912/529 576/943/560
f 545/912/529 548/915/532 546/913/530
f 548/915/532 547/914/531 550/917/534
f 556/923/540 577/944/561 557/924/541
f 577/944/561 578/945/562 579/946/563
f 577/944/561 559/926/543 580/947/564
f 577/944/561 580/947/564 557/924/541
f 559/926/543 564/931/548 580/947/564
f 559/926/543 558/925/542 564/931/548
f 562/929/546 558/925/542 561/928/545
f 562/929/546 561/928/545 566/933/550
f 562/929/546 569/936/553 563/930/547
f 562/929/546 565/932/549 569/936/553
f 581/948/565 565/932/549 567/934/551
f 570/937/554 581/948/565 582/949/566
f 581/948/565 570/937/554 583/950/567
f 571/938/555 570/937/554 573/940/557
f 581/948/565 583/950/567 568/935/552
f 570/937/554 572/939/556 583/950/567
f 556/923/540 555/922/539 578/945/562
f 577/944/561 556/923/540 578/945/562
f 559/926/543 577/944/561 579/946/563
f 559/926/543 579/946/563 560/927/544
f 540/907/524 537/904/521 541/908/525
f 540/907/524 545/912/529 543/910/527
f 545/912/529 542/909/526 576/943/560
f 548/915/532 576/943/560 549/916/533
f 565/932/549 562/929/546 566/933/550
f 565/932/549 581/948/565 568/935/552
f 581/948/565 567/934/551 582/949/566
f 570/937/554 582/949/566 573/940/557
f 51/890/51 488/847/467 487/846/466
f 488/847/467 51/890/51 43/951/43
f 43/951/43 496/855/475 488/847/467
f 496/855/475 43/951/43 35/952/568
f 35/952/568 499/858/478 496/855/475
f 499/858/478 35/952/568 27/953/569
f 27/953/569 492/851/471 499/858/478
f 492/851/471 27/953/569 584/954/570
f 584/954/570 493/852/472 492/851/471
f 493/852/472 584/954/570 8/863/8
f 508/871/490 34/955/34 42/869/488
f 34/955/34 508/871/490 515/880/499
f 515/880/499 519/884/503 34/955/34
f 506/867/486 11/868/487 520/885/504
f 11/868/487 506/867/486 504/865/484
f 8/863/8 502/861/481 493/852/472
f 585/956/571 586/957/572 587/958/573
f 588/959/574 589/960/575 590/961/576
f 589/962/575 588/963/574 591/964/577
f 586/965/572 585/966/571 592/967/578
f 587/958/573 590/961/576 585/956/571
f 590/961/576 587/958/573 588/959/574
f 593/968/579 594/969/580 595/970/581
f 591/964/577 595/970/581 589/962/575
f 595/970/581 591/964/577 593/968/579
f 596/971/582 597/972/583 598/973/584
f 598/973/584 592/967/578 596/971/582
f 592/967/578 598/973/584 586/965/572
f 594/974/580 593/975/579 599/976/585
f 597/977/583 596/978/582 600/979/586
f 601/980/587 602/981/588 603/982/589
f 599/976/585 603/982/589 594/974/580
f 603/982/589 599/976/585 601/980/587
f 604/983/590 605/984/591 606/985/592
f 602/986/588 601/987/587 607/988/593
f 606/985/592 600/979/586 604/983/590
f 600/979/586 606/985/592 597/977/583
f 608/989/594 609/990/595 610/991/596
f 607/988/593 610/991/596 602/986/588
f 610/991/596 607/988/593 608/989/594
f 605/992/591 604/993/590 611/994/597
f 609/995/595 608/996/594 612/997/598
f 611/994/597 613/998/599 605/992/591
f 613/998/599 611/994/597 614/999/600
f 614/999/600 615/1000/601 613/998/599
f 616/1001/602 617/1002/603 618/1003/604
f 618/1003/604 612/997/598 616/1001/602
f 612/997/598 618/1003/604 609/995/595
f 615/1004/601 614/1005/600 619/1006/605
f 617/1007/603 616/1008/602 620/1009/606
f 621/1010/607 622/1011/608 623/1012/609
f 623/1012/609 619/1006/605 621/1010/607
f 619/1006/605 623/1012/609 615/1004/601
f 624/1013/610 625/1014/611 626/1015/612
f 620/1009/606 626/1015/612 617/1007/603
f 626/1015/612 620/1009/606 624/1013/610
f 622/1016/608 621/1017/607 627/1018/613
f 625/1019/611 624/1020/610 628/1021/614
f 629/1022/615 630/1023/616 631/1024/617
f 631/1024/617 627/1018/613 629/1022/615
f 627/1018/613 631/1024/617 622/1016/608
f 632/1025/618 633/1026/619 634/1027/620
f 630/1028/616 629/1029/615 635/1030/621
f 628/1021/614 634/1027/620 625/1019/611
f 634/1027/620 628/1021/614 632/1025/618
f 633/1031/619 632/1032/618 636/1033/622
f 637/1034/623 638/1035/624 639/1036/625
f 640/1037/626 641/1038/627 642/1039/628
f 638/1040/624 637/1041/623 643/1042/629
f 641/1043/627 640/1044/626 644/1045/630
f 639/1036/625 635/1030/621 637/1034/623
f 635/1030/621 639/1036/625 630/1028/616
f 636/1033/622 642/1039/628 633/1031/619
f 642/1039/628 636/1033/622 640/1037/626
f 644/1045/630 643/1042/629 641/1043/627
f 643/1042/629 644/1045/630 638/1040/624
f 645/1046/631 646/1047/632 647/1048/633
f 647/1048/633 648/1049/634 645/1046/631
f 649/1050/635 650/1051/636 651/1052/637
f 651/1052/637 652/1053/638 649/1050/635
f 653/1054/639 654/1055/640 655/1056/641
f 655/1056/641 656/1057/642 653/1054/639
f 657/1058/643 658/1059/644 659/1060/645
f 659/1060/645 660/1061/646 657/1058/643
f 661/1062/647 662/1063/648 663/1064/649
f 663/1064/649 664/1065/650 661/1062/647
f 665/1066/651 666/1067/652 667/1068/653
f 667/1068/653 668/1069/654 665/1066/651
f 669/1070/655 670/1071/656 671/1072/657
f 671/1072/657 672/1073/658 669/1070/655
f 673/1074/659 645/1046/631 648/1049/634
f 648/1049/634 674/1075/660 673/1074/659
f 646/1047/632 675/1076/661 676/1077/662
f 676/1077/662 647/1048/633 646/1047/632
f 677/1078/663 650/1051/636 649/1050/635
f 652/1053/638 651/1052/637 678/1079/664
f 653/1054/639 656/1057/642 679/1080/665
f 680/1081/666 658/1059/644 657/1058/643
f 649/1050/635 681/1082/667 677/1078/663
f 678/1079/664 682/1083/668 652/1053/638
f 660/1061/646 659/1060/645 683/1084/669
f 684/1085/670 655/1056/641 654/1055/640
f 679/1080/665 685/1086/671 653/1054/639
f 657/1058/643 686/1087/672 680/1081/666
f 687/1088/673 662/1063/648 661/1062/647
f 667/1068/653 666/1067/652 688/1089/674
f 683/1084/669 689/1090/675 660/1061/646
f 654/1055/640 690/1091/676 684/1085/670
f 661/1062/647 691/1092/677 687/1088/673
f 664/1065/650 663/1064/649 692/1093/678
f 688/1089/674 693/1094/679 667/1068/653
f 694/1095/680 665/1066/651 668/1069/654
f 695/1096/681 671/1072/657 670/1071/656
f 669/1070/655 672/1073/658 696/1097/682
f 692/1093/678 697/1098/683 664/1065/650
f 668/1069/654 698/1099/684 694/1095/680
f 670/1071/656 699/1100/685 695/1096/681
f 696/1097/682 700/1101/686 669/1070/655
f 701/1102/687 702/1103/688 703/1104/689
f 703/1104/689 704/1105/690 701/1102/687
f 705/1106/691 706/1107/692 707/1108/397
f 707/1108/397 708/1109/126 705/1106/691
f 709/1110/693 710/1111/124 711/1112/694
f 711/1112/694 712/1113/695 709/1110/693
f 713/1114/696 714/1115/697 703/1104/689
f 703/1104/689 702/1103/688 713/1114/696
f 715/1116/698 716/1117/134 707/1108/397
f 707/1108/397 706/1107/692 715/1116/698
f 717/1118/699 712/1113/695 711/1112/694
f 711/1112/694 718/1119/132 717/1118/699
f 719/1120/700 720/1121/701 721/1122/141
f 721/1122/141 722/1123/140 719/1120/700
f 723/1124/702 724/1125/138 725/1126/137
f 725/1126/137 726/1127/703 723/1124/702
f 727/1128/704 728/1129/705 729/1130/706
f 729/1130/706 730/1131/707 727/1128/704
f 731/1132/708 726/1127/703 725/1126/137
f 725/1126/137 732/1133/152 731/1132/708
f 733/1134/709 734/1135/710 729/1130/706
f 729/1130/706 728/1129/705 733/1134/709
f 735/1136/711 736/1137/148 721/1122/141
f 721/1122/141 720/1121/701 735/1136/711
f 737/1138/712 738/1139/713 739/1140/714
f 740/1141/715 685/1086/671 679/1080/665
f 680/1081/666 686/1087/672 741/1142/716
f 742/1143/717 743/1144/718 744/1145/719
f 679/1080/665 745/1146/720 740/1141/715
f 741/1142/716 746/1147/721 680/1081/666
f 677/1078/663 681/1082/667 747/1148/722
f 748/1149/723 682/1083/668 678/1079/664
f 687/1088/673 691/1092/677 749/1150/724
f 750/1151/725 693/1094/679 688/1089/674
f 751/1152/726 752/1153/727 753/1154/728
f 753/1154/728 754/1155/729 751/1152/726
f 747/1148/722 755/1156/730 677/1078/663
f 678/1079/664 756/1157/731 748/1149/723
f 749/1150/724 757/1158/732 687/1088/673
f 688/1089/674 758/1159/733 750/1151/725
f 752/1153/727 759/1160/734 760/1161/735
f 760/1161/735 753/1154/728 752/1153/727
f 684/1085/670 690/1091/676 761/1162/736
f 762/1163/737 689/1090/675 683/1084/669
f 763/1164/738 751/1152/726 754/1155/729
f 754/1155/729 764/1165/739 763/1164/738
f 695/1096/681 699/1100/685 765/1166/740
f 766/1167/741 700/1101/686 696/1097/682
f 761/1162/736 767/1168/742 684/1085/670
f 683/1084/669 768/1169/743 762/1163/737
f 765/1166/740 769/1170/744 695/1096/681
f 696/1097/682 770/1171/745 766/1167/741
f 771/1172/746 697/1098/683 692/1093/678
f 694/1095/680 698/1099/684 772/1173/747
f 759/1160/734 773/1174/748 774/1175/749
f 774/1175/749 760/1161/735 759/1160/734
f 692/1093/678 775/1176/750 771/1172/746
f 772/1173/747 776/1177/751 694/1095/680
f 777/1178/752 778/1179/753 779/1180/754
f 779/1180/754 778/1179/753 739/1181/714
f 739/1181/714 738/1182/713 779/1180/754
f 780/1183/755 763/1164/738 764/1165/739
f 764/1165/739 781/1184/756 780/1183/755
f 728/1185/705 727/1186/704 782/1187/757
f 782/1187/757 783/1188/758 728/1185/705
f 728/1185/705 783/1188/758 784/1189/759
f 784/1189/759 733/1190/709 728/1185/705
f 726/1191/703 731/1192/708 785/1193/760
f 785/1193/760 786/1194/692 726/1191/703
f 726/1191/703 786/1194/692 787/1195/691
f 787/1195/691 723/1196/702 726/1191/703
f 712/1197/695 717/1198/699 788/1199/711
f 788/1199/711 789/1200/701 712/1197/695
f 712/1197/695 789/1200/701 790/1201/761
f 790/1201/761 709/1202/693 712/1197/695
f 702/1203/688 701/1204/687 791/1205/709
f 791/1205/709 792/1206/705 702/1203/688
f 702/1203/688 792/1206/705 793/1207/704
f 793/1207/704 713/1208/696 702/1203/688
f 706/1209/692 705/1210/691 794/1211/702
f 794/1211/702 795/1212/703 706/1209/692
f 706/1209/692 795/1212/703 796/1213/762
f 796/1213/762 715/1214/698 706/1209/692
f 720/1215/701 719/1216/700 797/1217/693
f 797/1217/693 798/1218/695 720/1215/701
f 720/1215/701 798/1218/695 799/1219/699
f 799/1219/699 735/1220/711 720/1215/701
f 773/1174/748 780/1183/755 781/1184/756
f 781/1184/756 774/1175/749 773/1174/748
f 800/1221/763 801/1222/764 802/1223/765
f 802/1223/765 801/1222/764 744/1224/719
f 744/1224/719 743/1225/718 802/1223/765
f 803/1226/766 669/1227/655 804/1228/767
f 803/1226/766 670/1229/656 669/1227/655
f 803/1226/766 805/1230/768 670/1229/656
f 689/1231/675 806/1232/769 807/1233/770
f 807/1233/770 660/1234/646 689/1231/675
f 660/1234/646 807/1233/770 808/1235/771
f 660/1234/646 808/1235/771 657/1236/643
f 808/1235/771 809/1237/772 657/1236/643
f 686/1238/672 657/1236/643 809/1237/772
f 809/1237/772 810/1239/773 686/1238/672
f 686/1238/672 810/1239/773 697/1240/683
f 697/1240/683 810/1239/773 811/1241/774
f 811/1241/774 664/1242/650 697/1240/683
f 664/1242/650 811/1241/774 812/1243/775
f 664/1242/650 812/1243/775 661/1244/647
f 812/1243/775 813/1245/776 661/1244/647
f 691/1246/677 661/1244/647 813/1245/776
f 813/1245/776 814/1247/777 691/1246/677
f 815/1248/778 806/1232/769 681/1249/667
f 681/1249/667 649/1250/635 815/1248/778
f 681/1249/667 806/1232/769 689/1231/675
f 681/1249/667 689/1231/675 762/1251/737
f 762/1251/737 747/1252/722 681/1249/667
f 747/1252/722 762/1251/737 816/1253/779
f 816/1253/779 817/1254/780 747/1252/722
f 818/1255/781 815/1248/778 649/1250/635
f 652/1256/638 818/1255/781 649/1250/635
f 652/1256/638 819/1257/782 818/1255/781
f 820/1258/783 817/1254/780 816/1253/779
f 820/1258/783 821/1259/784 817/1254/780
f 822/1260/785 820/1258/783 816/1253/779
f 821/1259/784 823/1261/786 817/1254/780
f 822/1260/785 816/1253/779 824/1262/787
f 823/1261/786 821/1259/784 825/1263/788
f 826/1264/789 822/1260/785 824/1262/787
f 825/1263/788 827/1265/790 823/1261/786
f 824/1262/787 828/1266/791 826/1264/789
f 829/1267/792 827/1265/790 825/1263/788
f 826/1264/789 828/1266/791 830/1268/793
f 825/1263/788 831/1269/794 829/1267/792
f 830/1268/793 832/1270/795 826/1264/789
f 832/1270/795 830/1268/793 833/1271/796
f 834/1272/797 832/1270/795 833/1271/796
f 831/1269/794 835/1273/798 829/1267/792
f 831/1269/794 836/1274/799 835/1273/798
f 834/1272/797 833/1271/796 837/1275/800
f 837/1275/800 833/1271/796 741/1276/716
f 838/1277/801 834/1272/797 837/1275/800
f 741/1276/716 771/1278/746 837/1275/800
f 838/1277/801 837/1275/800 839/1279/802
f 840/1280/803 838/1277/801 839/1279/802
f 839/1279/802 841/1281/804 840/1280/803
f 840/1280/803 841/1281/804 842/1282/805
f 842/1282/805 843/1283/806 840/1280/803
f 843/1283/806 842/1282/805 844/1284/807
f 771/1278/746 741/1276/716 686/1238/672
f 845/1285/808 843/1283/806 844/1284/807
f 686/1238/672 697/1240/683 771/1278/746
f 844/1284/807 846/1286/809 845/1285/808
f 846/1286/809 847/1287/810 845/1285/808
f 846/1286/809 844/1284/807 749/1288/724
f 846/1286/809 848/1289/811 847/1287/810
f 749/1288/724 766/1290/741 846/1286/809
f 849/1291/812 847/1287/810 848/1289/811
f 848/1289/811 850/1292/813 849/1291/812
f 849/1291/812 850/1292/813 851/1293/814
f 851/1293/814 852/1294/815 849/1291/812
f 852/1294/815 851/1293/814 853/1295/816
f 766/1290/741 749/1288/724 691/1246/677
f 854/1296/817 852/1294/815 853/1295/816
f 691/1246/677 700/1297/686 766/1290/741
f 854/1296/817 853/1295/816 855/1298/818
f 691/1246/677 814/1247/777 700/1297/686
f 700/1297/686 814/1247/777 804/1228/767
f 804/1228/767 669/1227/655 700/1297/686
f 855/1298/818 853/1295/816 765/1299/740
f 855/1298/818 856/1300/819 854/1296/817
f 765/1299/740 750/1301/725 855/1298/818
f 855/1298/818 857/1302/820 856/1300/819
f 858/1303/821 856/1300/819 857/1302/820
f 857/1302/820 859/1304/822 858/1303/821
f 858/1303/821 859/1304/822 860/1305/823
f 860/1305/823 861/1306/824 858/1303/821
f 861/1306/824 860/1305/823 862/1307/825
f 750/1301/725 765/1299/740 699/1308/685
f 863/1309/826 861/1306/824 862/1307/825
f 699/1308/685 693/1310/679 750/1301/725
f 863/1309/826 862/1307/825 864/1311/827
f 699/1308/685 865/1312/828 693/1310/679
f 805/1230/768 865/1312/828 699/1308/685
f 699/1308/685 670/1229/656 805/1230/768
f 864/1311/827 862/1307/825 772/1313/747
f 866/1314/829 863/1309/826 864/1311/827
f 772/1313/747 740/1315/715 864/1311/827
f 866/1314/829 864/1311/827 867/1316/830
f 868/1317/831 866/1314/829 867/1316/830
f 867/1316/830 869/1318/832 868/1317/831
f 868/1317/831 869/1318/832 870/1319/833
f 870/1319/833 871/1320/834 868/1317/831
f 871/1320/834 870/1319/833 872/1321/835
f 836/1274/799 871/1320/834 872/1321/835
f 836/1274/799 872/1321/835 835/1273/798
f 835/1273/798 872/1321/835 761/1322/736
f 761/1322/736 748/1323/723 835/1273/798
f 748/1323/723 761/1322/736 690/1324/676
f 690/1324/676 682/1325/668 748/1323/723
f 690/1324/676 873/1326/836 682/1325/668
f 682/1325/668 873/1326/836 819/1257/782
f 819/1257/782 652/1256/638 682/1325/668
f 874/1327/837 873/1326/836 690/1324/676
f 690/1324/676 654/1328/640 874/1327/837
f 875/1329/838 874/1327/837 654/1328/640
f 875/1329/838 654/1328/640 653/1330/639
f 875/1329/838 653/1330/639 876/1331/839
f 876/1331/839 653/1330/639 685/1332/671
f 685/1332/671 877/1333/840 876/1331/839
f 698/1334/684 877/1333/840 685/1332/671
f 698/1334/684 685/1332/671 740/1315/715
f 740/1315/715 772/1313/747 698/1334/684
f 878/1335/841 877/1333/840 698/1334/684
f 698/1334/684 668/1336/654 878/1335/841
f 879/1337/842 878/1335/841 668/1336/654
f 879/1337/842 668/1336/654 667/1338/653
f 879/1337/842 667/1338/653 880/1339/843
f 880/1339/843 667/1338/653 693/1310/679
f 693/1310/679 865/1312/828 880/1339/843
f 794/1340/702 705/1341/691 708/1342/126
f 708/1342/126 881/1343/138 794/1340/702
f 797/1344/693 719/1345/700 722/1346/140
f 722/1346/140 882/1347/287 797/1344/693
f 787/1348/691 883/1349/286 724/1350/138
f 724/1350/138 723/1351/702 787/1348/691
f 790/1352/761 884/1353/844 710/1111/124
f 710/1111/124 709/1110/693 790/1352/761
f 648/1354/634 647/1355/633 676/1356/662
f 648/1354/634 676/1356/662 674/1357/660
f 676/1356/662 885/1358/845 674/1357/660
f 676/1356/662 886/1359/846 885/1358/845
f 782/1360/757 727/1128/704 730/1131/707
f 730/1131/707 887/1361/847 782/1360/757
f 793/1362/704 888/1363/707 714/1115/697
f 714/1115/697 713/1114/696 793/1362/704
f 791/1364/709 701/1365/687 704/1366/690
f 704/1366/690 889/1367/710 791/1364/709
f 784/1368/759 890/1369/848 734/1370/710
f 734/1370/710 733/1371/709 784/1368/759
f 785/1372/760 731/1132/708 732/1133/152
f 732/1133/152 891/1373/134 785/1372/760
f 788/1374/711 717/1375/699 718/1376/132
f 718/1376/132 892/1377/294 788/1374/711
f 796/1378/762 893/1379/293 716/1117/134
f 716/1117/134 715/1116/698 796/1378/762
f 799/1380/699 894/1381/132 736/1137/148
f 736/1137/148 735/1136/711 799/1380/699
f 599/1382/585 593/1383/579 480/1384/459
f 480/1384/459 479/1385/458 599/1382/585
f 599/1382/585 479/1385/458 475/1386/454
f 475/1386/454 601/1387/587 599/1382/585
f 601/1387/587 475/1386/454 474/1388/453
f 474/1388/453 607/1389/593 601/1387/587
f 607/1389/593 474/1388/453 473/1390/452
f 473/1390/452 608/1391/594 607/1389/593
f 608/1391/594 473/1390/452 469/1392/448
f 469/1392/448 612/1393/598 608/1391/594
f 612/1393/598 469/1392/448 468/1394/447
f 468/1394/447 616/1395/602 612/1393/598
f 616/1395/602 468/1394/447 467/1396/446
f 467/1396/446 620/1397/606 616/1395/602
f 620/1397/606 467/1396/446 466/1398/445
f 466/1398/445 624/1399/610 620/1397/606
f 624/1399/610 466/1398/445 465/1400/444
f 465/1400/444 628/1401/614 624/1399/610
f 754/1155/729 753/1154/728 760/1161/735
f 760/1161/735 764/1165/739 754/1155/729
f 764/1165/739 760/1161/735 774/1175/749
f 774/1175/749 781/1184/756 764/1165/739
f 484/1402/463 597/1403/583 606/1404/592
f 606/1404/592 476/1405/455 484/1402/463
f 476/1405/455 606/1404/592 605/1406/591
f 605/1406/591 477/1407/456 476/1405/455
f 477/1407/456 605/1406/591 613/1408/599
f 613/1408/599 478/1409/457 477/1407/456
f 478/1409/457 613/1408/599 615/1410/601
f 615/1410/601 470/1411/449 478/1409/457
f 470/1411/449 615/1410/601 623/1412/609
f 623/1412/609 471/1413/450 470/1411/449
f 471/1413/450 623/1412/609 622/1414/608
f 622/1414/608 472/1415/451 471/1413/450
f 472/1415/451 622/1414/608 631/1416/617
f 631/1416/617 460/1417/439 472/1415/451
f 460/1417/439 631/1416/617 630/1418/616
f 630/1418/616 461/1419/440 460/1417/439
f 895/1420/849 743/1421/718 742/1422/717
f 896/1423/850 895/1420/849 742/1422/717
f 896/1423/850 897/1424/851 895/1420/849
f 898/1425/852 897/1424/851 899/1426/853
f 900/1427/854 898/1425/852 899/1426/853
f 900/1427/854 901/1428/855 898/1425/852
f 900/1427/854 899/1426/853 902/1429/856
f 902/1429/856 903/1430/857 900/1427/854
f 904/1431/858 901/1428/855 905/1432/859
f 779/1433/754 904/1431/858 905/1432/859
f 779/1433/754 738/1434/713 904/1431/858
f 906/1435/860 738/1434/713 737/1436/712
f 906/1435/860 737/1436/712 907/1437/861
f 906/1435/860 907/1437/861 908/1438/862
f 909/1439/863 910/1440/864 911/1441/865
f 911/1441/865 912/1442/866 909/1439/863
f 912/1442/866 911/1441/865 913/1443/867
f 913/1443/867 914/1444/868 912/1442/866
f 914/1444/868 913/1443/867 915/1445/869
f 915/1445/869 916/1446/870 914/1444/868
f 916/1446/870 915/1445/869 917/1447/871
f 917/1447/871 918/1448/872 916/1446/870
f 918/1448/872 917/1447/871 919/1449/873
f 919/1449/873 920/1450/874 918/1448/872
f 921/1451/875 922/1452/876 923/1453/877
f 921/1451/875 923/1453/877 924/1454/878
f 923/1453/877 908/1438/862 924/1454/878
f 921/1451/875 924/1454/878 925/1455/879
f 925/1455/879 926/1456/880 921/1451/875
f 927/1457/881 922/1452/876 928/1458/882
f 927/1457/881 928/1458/882 802/1459/765
f 927/1457/881 802/1459/765 743/1421/718
f 461/1419/440 630/1418/616 639/1460/625
f 639/1460/625 462/1461/441 461/1419/440
f 462/1461/441 639/1460/625 638/1462/624
f 638/1462/624 463/1463/442 462/1461/441
f 463/1463/442 638/1462/624 644/1464/630
f 644/1464/630 457/1465/436 463/1463/442
f 457/1465/436 644/1464/630 640/1466/626
f 640/1466/626 458/1467/437 457/1465/436
f 459/1468/438 458/1467/437 640/1466/626
f 640/1466/626 636/1469/622 459/1468/438
f 459/1468/438 636/1469/622 632/1470/618
f 632/1470/618 464/1471/443 459/1468/438
f 464/1471/443 632/1470/618 628/1401/614
f 628/1401/614 465/1400/444 464/1471/443
f 929/1472/883 930/1473/884 931/1474/885
f 931/1474/885 744/1475/719 929/1472/883
f 929/1472/883 744/1475/719 801/1476/764
f 801/1476/764 800/1477/763 929/1472/883
f 932/1478/886 933/1479/887 934/1480/888
f 934/1480/888 935/1481/889 932/1478/886
f 932/1478/886 935/1481/889 936/1482/890
f 936/1482/890 937/1483/891 932/1478/886
f 938/1484/892 939/1485/893 940/1486/894
f 940/1486/894 941/1487/895 938/1484/892
f 938/1484/892 941/1487/895 942/1488/896
f 942/1488/896 943/1489/897 938/1484/892
f 944/1490/898 945/1491/899 946/1492/900
f 946/1492/900 739/1493/714 944/1490/898
f 944/1490/898 739/1493/714 778/1494/753
f 778/1494/753 777/1495/752 944/1490/898
f 947/1496/901 948/1497/902 949/1498/903
f 949/1498/903 950/1499/904 947/1496/901
f 947/1496/901 950/1499/904 951/1500/905
f 951/1500/905 952/1501/906 947/1496/901
f 953/1502/907 954/1503/908 955/1504/909
f 955/1504/909 956/1505/910 953/1502/907
f 953/1502/907 956/1505/910 957/1506/911
f 957/1506/911 958/1507/912 953/1502/907
f 483/1508/462 598/1509/584 597/1403/583
f 597/1403/583 484/1402/463 483/1508/462
f 480/1384/459 593/1383/579 591/1510/577
f 591/1510/577 481/1511/460 480/1384/459
f 481/1511/460 591/1510/577 588/1512/574
f 588/1512/574 485/1513/464 481/1511/460
f 485/1513/464 588/1512/574 587/1514/573
f 587/1514/573 486/1515/465 485/1513/464
f 486/1515/465 587/1514/573 586/1516/572
f 586/1516/572 482/1517/461 486/1515/465
f 482/1517/461 586/1516/572 598/1509/584
f 598/1509/584 483/1508/462 482/1517/461
f 959/1518/913 960/1519/914 802/1459/765
f 802/1459/765 928/1458/882 959/1518/913
f 742/1422/717 961/1520/915 962/1521/916
f 962/1521/916 896/1423/850 742/1422/717
f 905/1432/859 963/1522/917 964/1523/918
f 964/1523/918 779/1433/754 905/1432/859
f 965/1524/919 966/1525/920 907/1437/861
f 907/1437/861 737/1436/712 965/1524/919
f 909/1526/863 927/1527/881 743/1528/718
f 743/1528/718 910/1529/864 909/1526/863
f 911/1530/865 910/1531/864 743/1532/718
f 743/1532/718 895/1533/849 911/1530/865
f 909/1526/863 912/1534/866 922/1535/876
f 922/1535/876 927/1527/881 909/1526/863
f 911/1530/865 895/1533/849 897/1536/851
f 897/1536/851 913/1537/867 911/1530/865
f 959/1518/913 865/1312/828 960/1519/914
f 961/1520/915 814/1247/777 962/1521/916
f 914/1538/868 923/1539/877 922/1540/876
f 922/1540/876 912/1541/866 914/1538/868
f 915/1542/869 913/1543/867 897/1544/851
f 897/1544/851 898/1545/852 915/1542/869
f 783/1546/758 782/1360/757 887/1361/847
f 887/1361/847 967/1547/689 783/1546/758
f 798/1548/695 797/1344/693 882/1347/287
f 882/1347/287 968/1549/123 798/1548/695
f 783/1546/758 967/1547/689 890/1369/848
f 890/1369/848 784/1368/759 783/1546/758
f 786/1550/692 969/1551/397 883/1349/286
f 883/1349/286 787/1348/691 786/1550/692
f 914/1538/868 916/1552/870 908/1553/862
f 908/1553/862 923/1539/877 914/1538/868
f 915/1542/869 898/1545/852 901/1554/855
f 901/1554/855 917/1555/871 915/1542/869
f 918/1556/872 906/1557/860 908/1558/862
f 908/1558/862 916/1559/870 918/1556/872
f 805/1230/768 803/1226/766 970/1560/921
f 970/1560/921 803/1226/766 804/1228/767
f 919/1561/873 917/1562/871 901/1563/855
f 901/1563/855 904/1564/858 919/1561/873
f 786/1550/692 785/1372/760 891/1373/134
f 891/1373/134 969/1551/397 786/1550/692
f 795/1565/703 794/1340/702 881/1343/138
f 881/1343/138 971/1566/137 795/1565/703
f 963/1522/917 806/1232/769 964/1523/918
f 965/1524/919 873/1326/836 966/1525/920
f 789/1567/701 972/1568/141 884/1353/844
f 884/1353/844 790/1352/761 789/1567/701
f 798/1548/695 968/1549/123 894/1381/132
f 894/1381/132 799/1380/699 798/1548/695
f 918/1556/872 920/1569/874 738/1570/713
f 738/1570/713 906/1557/860 918/1556/872
f 973/1571/922 879/1337/842 880/1339/843
f 813/1245/776 812/1243/775 974/1572/923
f 919/1561/873 904/1564/858 738/1573/713
f 738/1573/713 920/1574/874 919/1561/873
f 878/1335/841 879/1337/842 973/1571/922
f 974/1572/923 812/1243/775 811/1241/774
f 925/1455/879 877/1333/840 926/1456/880
f 925/1455/879 876/1331/839 877/1333/840
f 876/1331/839 925/1455/879 975/1575/924
f 877/1333/840 878/1335/841 926/1456/880
f 973/1571/922 926/1456/880 878/1335/841
f 811/1241/774 902/1429/856 974/1572/923
f 902/1429/856 811/1241/774 810/1239/773
f 902/1429/856 810/1239/773 903/1430/857
f 810/1239/773 809/1237/772 903/1430/857
f 976/1576/925 903/1430/857 809/1237/772
f 789/1567/701 788/1374/711 892/1377/294
f 892/1377/294 972/1568/141 789/1567/701
f 792/1577/705 791/1364/709 889/1367/710
f 889/1367/710 977/1578/706 792/1577/705
f 809/1237/772 808/1235/771 976/1576/925
f 975/1575/924 875/1329/838 876/1331/839
f 792/1577/705 977/1578/706 888/1363/707
f 888/1363/707 793/1362/704 792/1577/705
f 795/1565/703 971/1566/137 893/1379/293
f 893/1379/293 796/1378/762 795/1565/703
f 865/1312/828 805/1230/768 960/1519/914
f 961/1520/915 804/1228/767 814/1247/777
f 874/1327/837 875/1329/838 975/1575/924
f 976/1576/925 808/1235/771 807/1233/770
f 959/1518/913 880/1339/843 865/1312/828
f 814/1247/777 813/1245/776 962/1521/916
f 815/1248/778 818/1255/781 978/1579/926
f 978/1579/926 818/1255/781 819/1257/782
f 970/1560/921 960/1519/914 805/1230/768
f 804/1228/767 961/1520/915 970/1560/921
f 880/1339/843 959/1518/913 973/1571/922
f 974/1572/923 962/1521/916 813/1245/776
f 873/1326/836 874/1327/837 966/1525/920
f 963/1522/917 807/1233/770 806/1232/769
f 806/1232/769 815/1248/778 964/1523/918
f 965/1524/919 819/1257/782 873/1326/836
f 807/1233/770 963/1522/917 976/1576/925
f 975/1575/924 966/1525/920 874/1327/837
f 978/1579/926 964/1523/918 815/1248/778
f 819/1257/782 965/1524/919 978/1579/926
f 928/1580/882 922/1581/876 935/1582/889
f 935/1582/889 934/1583/888 928/1580/882
f 928/1580/882 934/1583/888 933/1584/887
f 933/1584/887 959/1585/913 928/1580/882
f 959/1585/913 933/1584/887 932/1586/886
f 932/1586/886 973/1587/922 959/1585/913
f 926/1588/880 973/1587/922 932/1586/886
f 932/1586/886 937/1589/891 926/1588/880
f 921/1590/875 926/1588/880 937/1589/891
f 937/1589/891 936/1591/890 921/1590/875
f 921/1590/875 936/1591/890 935/1592/889
f 935/1592/889 922/1593/876 921/1590/875
f 899/1594/853 897/1595/851 956/1596/910
f 956/1596/910 955/1597/909 899/1594/853
f 899/1594/853 955/1597/909 954/1598/908
f 954/1598/908 902/1599/856 899/1594/853
f 902/1599/856 954/1598/908 953/1600/907
f 953/1600/907 974/1601/923 902/1599/856
f 962/1602/916 974/1601/923 953/1600/907
f 953/1600/907 958/1603/912 962/1602/916
f 896/1604/850 962/1602/916 958/1603/912
f 958/1603/912 957/1605/911 896/1604/850
f 896/1604/850 957/1605/911 956/1606/910
f 956/1606/910 897/1607/851 896/1604/850
f 744/1145/719 931/1608/885 742/1143/717
f 742/1143/717 931/1608/885 930/1609/884
f 930/1609/884 961/1610/915 742/1143/717
f 961/1610/915 930/1609/884 929/1611/883
f 929/1611/883 970/1612/921 961/1610/915
f 960/1613/914 970/1612/921 929/1611/883
f 929/1611/883 800/1221/763 960/1613/914
f 802/1223/765 960/1613/914 800/1221/763
f 924/1614/878 908/1615/862 941/1616/895
f 941/1616/895 940/1617/894 924/1614/878
f 924/1614/878 940/1617/894 939/1618/893
f 939/1618/893 925/1619/879 924/1614/878
f 925/1619/879 939/1618/893 938/1620/892
f 938/1620/892 975/1621/924 925/1619/879
f 966/1622/920 975/1621/924 938/1620/892
f 938/1620/892 943/1623/897 966/1622/920
f 907/1624/861 966/1622/920 943/1623/897
f 943/1623/897 942/1625/896 907/1624/861
f 907/1624/861 942/1625/896 941/1626/895
f 941/1626/895 908/1627/862 907/1624/861
f 905/1628/859 901/1629/855 950/1630/904
f 950/1630/904 949/1631/903 905/1628/859
f 905/1628/859 949/1631/903 948/1632/902
f 948/1632/902 963/1633/917 905/1628/859
f 963/1633/917 948/1632/902 947/1634/901
f 947/1634/901 976/1635/925 963/1633/917
f 903/1636/857 976/1635/925 947/1634/901
f 947/1634/901 952/1637/906 903/1636/857
f 900/1638/854 903/1636/857 952/1637/906
f 952/1637/906 951/1639/905 900/1638/854
f 900/1638/854 951/1639/905 950/1640/904
f 950/1640/904 901/1641/855 900/1638/854
f 739/1140/714 946/1642/900 737/1138/712
f 737/1138/712 946/1642/900 945/1643/899
f 945/1643/899 965/1644/919 737/1138/712
f 965/1644/919 945/1643/899 944/1645/898
f 944/1645/898 978/1646/926 965/1644/919
f 964/1647/918 978/1646/926 944/1645/898
f 944/1645/898 777/1178/752 964/1647/918
f 779/1180/754 964/1647/918 777/1178/752
f 674/1075/660 885/1648/845 979/1649/927
f 979/1649/927 673/1074/659 674/1075/660
f 675/1076/661 980/1650/928 886/1651/846
f 886/1651/846 676/1077/662 675/1076/661
f 757/1158/732 749/1150/724 844/1652/807
f 855/1653/818 750/1151/725 758/1159/733
f 844/1652/807 981/1654/929 757/1158/732
f 758/1159/733 982/1655/930 855/1653/818
f 864/1656/827 740/1657/715 745/1658/720
f 746/1147/721 741/1142/716 833/1659/796
f 745/1658/720 983/1660/931 864/1656/827
f 833/1659/796 984/1661/932 746/1147/721
f 846/1662/809 766/1663/741 770/1664/745
f 769/1170/744 765/1166/740 853/1665/816
f 770/1664/745 985/1666/933 846/1662/809
f 853/1665/816 986/1667/934 769/1170/744
f 835/1668/798 748/1669/723 756/1670/731
f 755/1156/730 747/1148/722 817/1671/780
f 756/1670/731 987/1672/935 835/1668/798
f 817/1671/780 988/1673/936 755/1156/730
f 837/1674/800 771/1675/746 775/1676/750
f 776/1677/751 772/1678/747 862/1679/825
f 775/1676/750 989/1680/937 837/1674/800
f 862/1679/825 990/1681/938 776/1677/751
f 767/1168/742 761/1162/736 872/1682/835
f 816/1683/779 762/1684/737 768/1685/743
f 872/1682/835 991/1686/939 767/1168/742
f 768/1685/743 992/1687/940 816/1683/779
f 848/1688/811 846/1662/809 985/1666/933
f 985/1666/933 993/1689/941 848/1688/811
f 850/1690/813 848/1688/811 993/1689/941
f 993/1689/941 994/1691/942 850/1690/813
f 850/1690/813 994/1691/942 995/1692/943
f 995/1692/943 851/1693/814 850/1690/813
f 851/1693/814 995/1692/943 986/1667/934
f 986/1667/934 853/1665/816 851/1693/814
f 842/1694/805 996/1695/944 981/1654/929
f 981/1654/929 844/1652/807 842/1694/805
f 982/1655/930 997/1696/945 857/1697/820
f 857/1697/820 855/1653/818 982/1655/930
f 841/1698/804 998/1699/946 996/1695/944
f 996/1695/944 842/1694/805 841/1698/804
f 997/1696/945 999/1700/947 859/1701/822
f 859/1701/822 857/1697/820 997/1696/945
f 841/1698/804 839/1702/802 1000/1703/948
f 1000/1703/948 998/1699/946 841/1698/804
f 1001/1704/949 860/1705/823 859/1701/822
f 859/1701/822 999/1700/947 1001/1704/949
f 990/1681/938 862/1679/825 860/1705/823
f 860/1705/823 1001/1704/949 990/1681/938
f 839/1702/802 837/1674/800 989/1680/937
f 989/1680/937 1000/1703/948 839/1702/802
f 867/1706/830 864/1656/827 983/1660/931
f 983/1660/931 1002/1707/950 867/1706/830
f 830/1708/793 1003/1709/951 984/1661/932
f 984/1661/932 833/1659/796 830/1708/793
f 869/1710/832 867/1706/830 1002/1707/950
f 1002/1707/950 1004/1711/952 869/1710/832
f 828/1712/791 1005/1713/953 1003/1709/951
f 1003/1709/951 830/1708/793 828/1712/791
f 869/1710/832 1004/1711/952 1006/1714/954
f 1006/1714/954 870/1715/833 869/1710/832
f 828/1712/791 824/1716/787 1007/1717/955
f 1007/1717/955 1005/1713/953 828/1712/791
f 870/1715/833 1006/1714/954 991/1686/939
f 991/1686/939 872/1682/835 870/1715/833
f 824/1716/787 816/1683/779 992/1687/940
f 992/1687/940 1007/1717/955 824/1716/787
f 829/1718/792 835/1668/798 987/1672/935
f 987/1672/935 1008/1719/956 829/1718/792
f 823/1720/786 1009/1721/957 988/1673/936
f 988/1673/936 817/1671/780 823/1720/786
f 827/1722/790 829/1718/792 1008/1719/956
f 1008/1719/956 1010/1723/958 827/1722/790
f 827/1722/790 1010/1723/958 1009/1721/957
f 1009/1721/957 823/1720/786 827/1722/790
f 980/1650/928 979/1649/927 885/1648/845
f 885/1648/845 886/1651/846 980/1650/928
f 368/769/352 463/1724/442 457/770/436
f 369/780/353 461/778/440 462/781/441
f 329/788/313 464/786/443 465/789/444
f 326/796/310 467/794/446 468/797/447
f 318/804/302 471/803/450 472/805/451
f 323/812/307 473/810/452 474/813/453
f 315/820/299 477/818/456 478/821/457
f 400/828/384 479/826/458 480/829/459
f 484/838/463 476/1725/455 313/837/297
f 486/845/465 482/1726/461 401/844/385
usemtl Obj81Mtl.001
f 1011/1727/959 500/1728/479 1012/1729/960
f 1012/1729/960 500/1728/479 1013/1730/961
f 566/1731/550 1012/1729/960 1013/1730/961
f 1012/1729/960 566/1731/550 561/1732/545
f 561/1732/545 1011/1733/959 1012/1729/960
f 567/1734/551 566/1731/550 1013/1730/961
f 1013/1730/961 1014/1735/962 567/1734/551
f 489/1736/468 1015/1737/963 490/1738/469
f 1015/1737/963 489/1736/468 1016/1739/964
f 1016/1739/964 489/1736/468 1017/1740/965
f 578/1741/562 1016/1739/964 1017/1740/965
f 1016/1739/964 578/1741/562 555/1742/539
f 555/1742/539 1015/1743/963 1016/1739/964
f 579/1744/563 578/1741/562 1017/1740/965
f 1017/1740/965 1018/1745/966 579/1744/563
f 1019/1746/967 509/1747/491 1020/1748/968
f 1020/1748/968 509/1747/491 1021/1749/969
f 576/1750/560 1020/1748/968 1021/1749/969
f 1020/1748/968 576/1750/560 542/1751/526
f 542/1751/526 1019/1752/967 1020/1748/968
f 1022/1753/970 549/1754/533 576/1750/560
f 576/1750/560 1021/1749/969 1022/1753/970
f 1021/1749/969 512/1755/495 1022/1756/970
f 1018/1757/966 497/1758/476 1023/1759/971
f 1023/1759/971 497/1758/476 1024/1760/972
f 560/1761/544 1023/1759/971 1024/1760/972
f 1023/1759/971 560/1761/544 579/1762/563
f 579/1762/563 1018/1763/966 1023/1759/971
f 561/1764/545 560/1761/544 1024/1760/972
f 1024/1760/972 1011/1765/959 561/1764/545
f 498/1766/477 1024/1760/972 497/1758/476
f 1014/1767/962 494/1768/473 1025/1769/973
f 1025/1769/973 494/1768/473 1026/1770/974
f 582/1771/566 1025/1769/973 1026/1770/974
f 1025/1769/973 582/1771/566 567/1772/551
f 567/1772/551 1014/1773/962 1025/1769/973
f 573/1774/557 582/1771/566 1026/1770/974
f 1026/1770/974 1027/1775/975 573/1774/557
f 501/1776/480 1026/1770/974 494/1768/473
f 1028/1777/976 513/1778/497 1029/1779/977
f 1029/1779/977 513/1778/497 1030/1780/978
f 541/1781/525 1029/1779/977 1030/1780/978
f 1029/1779/977 541/1781/525 536/1782/520
f 536/1782/520 1028/1783/976 1029/1779/977
f 542/1784/526 541/1781/525 1030/1780/978
f 1030/1780/978 1019/1785/967 542/1784/526
f 510/1786/492 1030/1780/978 513/1778/497
f 1027/1787/975 503/1788/482 1031/1789/979
f 1031/1789/979 503/1788/482 1032/1790/980
f 532/1791/516 1031/1789/979 1032/1790/980
f 1031/1789/979 532/1791/516 573/1792/557
f 573/1792/557 1027/1793/975 1031/1789/979
f 530/1794/514 532/1791/516 1032/1790/980
f 1032/1790/980 1033/1795/981 530/1794/514
f 505/1796/485 1032/1790/980 503/1788/482
f 1033/1797/981 521/1798/505 1034/1799/982
f 1034/1799/982 521/1798/505 1035/1800/983
f 529/1801/513 1034/1799/982 1035/1800/983
f 1034/1799/982 529/1801/513 530/1802/514
f 530/1802/514 1033/1803/981 1034/1799/982
f 525/1804/509 529/1801/513 1035/1800/983
f 1035/1800/983 1036/1805/984 525/1804/509
f 518/1806/502 1035/1800/983 521/1798/505
f 1036/1807/984 516/1808/500 1037/1809/985
f 1037/1809/985 516/1808/500 1038/1810/986
f 526/1811/510 1037/1809/985 1038/1810/986
f 1037/1809/985 526/1811/510 525/1812/509
f 525/1812/509 1036/1813/984 1037/1809/985
f 536/1814/520 526/1811/510 1038/1810/986
f 1038/1810/986 1028/1815/976 536/1814/520
f 514/1816/498 1038/1810/986 516/1808/500
f 523/1817/507 1022/1818/970 512/1819/495
f 1022/1818/970 523/1817/507 1039/1820/987
f 1039/1820/987 523/1817/507 1040/1821/988
f 551/1822/535 1039/1820/987 1040/1821/988
f 1039/1820/987 551/1822/535 549/1823/533
f 549/1823/533 1022/1824/970 1039/1820/987
f 1015/1825/963 555/1826/539 551/1822/535
f 551/1822/535 1040/1821/988 1015/1825/963
f 1040/1821/988 490/1827/469 1015/1828/963
f 1013/1730/961 491/1829/470 1014/1830/962
f 1026/1770/974 501/1776/480 1027/1831/975
f 1030/1780/978 510/1786/492 1019/1832/967
f 1032/1790/980 505/1796/485 1033/1833/981
f 1035/1800/983 518/1806/502 1036/1834/984
f 1038/1810/986 514/1816/498 1028/1835/976
f 509/1747/491 1019/1746/967 510/1836/492
f 494/1768/473 1014/1767/962 491/1837/470
f 503/1788/482 1027/1787/975 501/1838/480
f 513/1778/497 1028/1777/976 514/1839/498
f 521/1798/505 1033/1797/981 505/1840/485
f 516/1808/500 1036/1807/984 518/1841/502
f 1017/1740/965 495/1842/474 1018/1843/966
f 1024/1760/972 498/1766/477 1011/1844/959
f 497/1758/476 1018/1757/966 495/1845/474
f 500/1728/479 1011/1727/959 498/1846/477
f 512/1755/495 1021/1749/969 509/1747/491
f 490/1827/469 1040/1821/988 523/1817/507
f 495/1842/474 1017/1740/965 489/1736/468
f 491/1829/470 1013/1730/961 500/1728/479
