# Blender v3.0.1 OBJ File: ''
# www.blender.org
mtllib volkswagen_wheel.mtl
o Object_26_Object_16
v 0.245547 -0.080819 -0.408183
v 0.245547 0.000353 -0.000098
v 0.245547 -0.158873 -0.384506
v 0.245547 0.294566 0.294111
v 0.245547 0.346310 0.231062
v 0.245547 -0.230807 -0.346055
v 0.245547 0.384761 0.159128
v 0.245547 -0.293856 -0.294311
v 0.245547 0.408438 0.081074
v 0.245547 -0.345603 -0.231258
v 0.245547 0.416432 -0.000098
v 0.245547 -0.384051 -0.159327
v 0.245547 0.408438 -0.081273
v 0.245547 -0.407728 -0.081273
v 0.245547 0.384761 -0.159327
v 0.245547 -0.293856 0.294111
v 0.245544 -0.230807 0.345855
v 0.245547 -0.415725 -0.000098
v 0.245547 0.346310 -0.231261
v 0.245544 -0.158873 0.384306
v 0.245544 0.231513 0.345855
v 0.245547 0.000353 -0.416177
v 0.245544 0.159579 0.384306
v 0.245547 0.081525 -0.408183
v 0.245544 0.081525 0.407983
v 0.245547 0.159579 -0.384506
v 0.245544 -0.345603 0.231062
v 0.245544 0.000353 0.415977
v 0.245547 0.231513 -0.346055
v 0.245544 -0.384051 0.159128
v 0.245544 -0.080819 0.407983
v 0.245547 0.294566 -0.294311
v 0.245544 -0.407728 0.081074
v -0.244260 0.082868 0.407286
v -0.244260 0.000270 -0.000510
v -0.244260 0.001723 0.415565
v -0.244260 0.158154 -0.385471
v -0.244260 0.230223 -0.347272
v -0.244260 -0.079476 0.407854
v -0.244260 0.293454 -0.295749
v -0.244260 -0.157613 0.384448
v -0.244260 0.345419 -0.232877
v -0.244260 -0.229679 0.346252
v -0.244260 0.384119 -0.161078
v -0.244260 -0.292910 0.294726
v -0.244260 0.408069 -0.083108
v -0.244260 -0.344875 0.231857
v -0.244260 0.416346 -0.001963
v -0.244260 -0.384687 -0.158393
v -0.244260 -0.346488 -0.230463
v -0.244260 -0.383575 0.160055
v -0.244260 0.408635 0.079237
v -0.244260 -0.294965 -0.293694
v -0.244260 0.080020 -0.408874
v -0.244260 0.160839 0.383339
v -0.244260 -0.001180 -0.416585
v -0.244260 0.232638 0.344636
v -0.244260 -0.082324 -0.408309
v -0.244260 0.295509 0.292674
v -0.244260 -0.408094 -0.080260
v -0.244260 -0.160295 -0.384358
v -0.244260 0.347032 0.229443
v -0.244260 -0.415805 0.000940
v -0.244260 -0.232094 -0.345659
v -0.244260 0.385231 0.157373
v -0.244260 -0.407526 0.082088
v 0.203738 0.000353 -0.416177
v 0.245547 0.000353 -0.416177
v 0.245547 -0.080819 -0.408183
v 0.203738 -0.080819 -0.408183
v 0.203738 -0.293856 0.294111
v 0.245547 -0.293856 0.294111
v 0.245544 -0.230807 0.345855
v 0.203738 -0.230807 0.345855
v 0.203738 -0.407728 -0.081273
v 0.245547 -0.407728 -0.081273
v 0.245547 -0.415725 -0.000098
v 0.203738 -0.415725 -0.000098
v 0.203738 0.231513 0.345855
v 0.245544 0.231513 0.345855
v 0.245547 0.294566 0.294111
v 0.203738 0.294566 0.294111
v 0.203738 0.384761 -0.159327
v 0.245547 0.384761 -0.159327
v 0.245547 0.346310 -0.231261
v 0.203738 0.346310 -0.231261
v 0.245547 -0.158873 -0.384506
v 0.203738 -0.158873 -0.384506
v 0.245544 -0.158873 0.384306
v 0.203738 -0.158873 0.384306
v 0.245544 -0.407728 0.081074
v 0.203738 -0.407728 0.081074
v 0.245547 0.346310 0.231062
v 0.203738 0.346310 0.231062
v 0.245547 0.294566 -0.294311
v 0.203738 0.294566 -0.294311
v 0.245547 -0.230807 -0.346055
v 0.203738 -0.230807 -0.346055
v 0.245544 -0.080819 0.407983
v 0.203738 -0.080819 0.407983
v 0.245544 -0.384051 0.159128
v 0.203738 -0.384051 0.159128
v 0.245547 0.384761 0.159128
v 0.203738 0.384761 0.159128
v 0.245547 0.231513 -0.346055
v 0.203738 0.231513 -0.346055
v 0.245547 -0.293856 -0.294311
v 0.203738 -0.293856 -0.294311
v 0.245544 0.000353 0.415977
v 0.203738 0.000353 0.415977
v 0.245544 -0.345603 0.231062
v 0.203738 -0.345603 0.231062
v 0.245547 0.408438 0.081074
v 0.203738 0.408438 0.081074
v 0.245547 0.159579 -0.384506
v 0.203738 0.159579 -0.384506
v 0.245547 -0.345603 -0.231258
v 0.203738 -0.345603 -0.231258
v 0.245544 0.081525 0.407983
v 0.203738 0.081525 0.407983
v 0.245547 0.416432 -0.000098
v 0.203738 0.416432 -0.000098
v 0.245547 0.081525 -0.408183
v 0.203738 0.081525 -0.408183
v 0.245547 -0.384051 -0.159327
v 0.203738 -0.384051 -0.159327
v 0.245544 0.159579 0.384306
v 0.203738 0.159579 0.384306
v 0.245547 0.408438 -0.081273
v 0.203738 0.408438 -0.081273
v -0.202454 0.160839 0.383339
v -0.244260 0.160839 0.383339
v -0.244260 0.082868 0.407286
v -0.202454 0.082868 0.407286
v -0.202454 -0.384687 -0.158393
v -0.244260 -0.384687 -0.158393
v -0.244260 -0.346488 -0.230463
v -0.202451 -0.346488 -0.230463
v -0.202454 -0.344875 0.231857
v -0.244260 -0.344875 0.231857
v -0.244260 -0.383575 0.160055
v -0.202454 -0.383575 0.160055
v -0.202451 0.080020 -0.408874
v -0.244260 0.080020 -0.408874
v -0.244260 0.158154 -0.385471
v -0.202454 0.158154 -0.385471
v -0.202454 0.416346 -0.001963
v -0.244260 0.416346 -0.001963
v -0.244260 0.408635 0.079237
v -0.202454 0.408635 0.079237
v -0.244260 0.001723 0.415565
v -0.202454 0.001723 0.415565
v -0.244260 -0.294965 -0.293694
v -0.202451 -0.294965 -0.293694
v -0.244260 -0.407526 0.082088
v -0.202451 -0.407526 0.082088
v -0.244260 0.230223 -0.347272
v -0.202454 0.230223 -0.347272
v -0.244260 0.385231 0.157373
v -0.202454 0.385231 0.157373
v -0.244260 -0.079476 0.407854
v -0.202454 -0.079476 0.407854
v -0.244260 -0.232094 -0.345659
v -0.202451 -0.232094 -0.345659
v -0.244260 -0.415805 0.000940
v -0.202451 -0.415805 0.000940
v -0.244260 0.293454 -0.295749
v -0.202454 0.293454 -0.295749
v -0.244260 0.347032 0.229443
v -0.202454 0.347032 0.229443
v -0.244260 -0.157613 0.384448
v -0.202454 -0.157613 0.384448
v -0.244260 -0.160295 -0.384358
v -0.202451 -0.160295 -0.384358
v -0.244260 -0.408094 -0.080260
v -0.202451 -0.408094 -0.080260
v -0.244260 0.345419 -0.232877
v -0.202454 0.345419 -0.232877
v -0.244260 0.295509 0.292674
v -0.202454 0.295509 0.292674
v -0.244260 -0.229679 0.346252
v -0.202454 -0.229679 0.346252
v -0.244260 -0.082324 -0.408309
v -0.202451 -0.082324 -0.408309
v -0.244260 0.384119 -0.161078
v -0.202454 0.384119 -0.161078
v -0.244260 0.232638 0.344636
v -0.202454 0.232638 0.344636
v -0.244260 -0.292910 0.294726
v -0.202454 -0.292910 0.294726
v -0.244260 -0.001180 -0.416585
v -0.202451 -0.001180 -0.416585
v -0.244260 0.408069 -0.083108
v -0.202454 0.408069 -0.083108
v -0.117986 0.981137 -0.195188
v -0.117986 0.924232 -0.382783
v -0.184316 0.846458 -0.350568
v -0.184316 0.898573 -0.178768
v -0.184316 0.916170 -0.000098
v -0.117986 1.000350 -0.000098
v -0.184316 0.898573 0.178568
v -0.117986 0.981137 0.194992
v 0.118010 0.981137 0.194992
v 0.118010 0.924232 0.382583
v 0.184341 0.846458 0.350368
v 0.184341 0.898573 0.178568
v -0.184316 0.179020 0.898119
v -0.184316 0.000353 0.915716
v -0.117986 0.000353 0.999899
v -0.117986 0.195443 0.980682
v 0.118010 0.831822 0.555471
v 0.184341 0.761826 0.508700
v 0.118010 0.000353 0.999899
v 0.118010 -0.194734 0.980682
v 0.184341 -0.178310 0.898119
v 0.184341 0.000353 0.915716
v 0.118010 0.707459 0.707007
v 0.184341 0.647933 0.647481
v 0.118010 -0.382328 0.923777
v 0.184341 -0.350113 0.846003
v 0.118010 0.555922 0.831367
v 0.184341 0.509155 0.761375
v 0.118010 -0.555212 0.831370
v 0.184341 -0.508445 0.761375
v 0.118010 0.383038 0.923777
v 0.184341 0.350820 0.846003
v 0.118010 -0.706749 0.707007
v 0.184341 -0.647223 0.647481
v 0.118010 0.195443 0.980682
v 0.184341 0.179020 0.898119
v 0.118010 -0.831112 0.555471
v 0.184341 -0.761120 0.508700
v 0.118010 -0.923522 0.382583
v 0.184341 -0.845748 0.350368
v 0.118010 -0.980427 0.194992
v 0.184341 -0.897864 0.178568
v 0.118010 -0.999644 -0.000098
v 0.184341 -0.915461 -0.000098
v 0.176381 0.242475 0.584435
v 0.176381 0.123786 0.620437
v 0.176381 -0.351152 0.525969
v 0.176381 -0.447027 0.447285
v 0.176381 0.000353 -0.632793
v 0.184341 0.000353 -0.915915
v 0.184341 0.179020 -0.898318
v 0.176381 0.123786 -0.620637
v 0.176381 0.351861 0.525966
v 0.176381 -0.241768 0.584435
v 0.176381 -0.123079 -0.620637
v 0.184341 -0.178313 -0.898318
v 0.176381 0.447737 0.447285
v 0.176381 -0.123079 0.620437
v 0.176381 -0.241768 -0.584634
v 0.184341 -0.350113 -0.846203
v 0.176381 0.526420 0.351407
v 0.176381 0.000353 0.632597
v 0.176381 -0.351152 -0.526165
v 0.184341 -0.508445 -0.761571
v 0.176381 0.584886 0.242023
v 0.176381 -0.447030 -0.447482
v 0.184341 -0.647226 -0.647678
v 0.176381 0.620892 0.123334
v 0.176381 -0.525714 -0.351606
v 0.184341 -0.761120 -0.508897
v 0.176381 0.633048 -0.000098
v 0.184341 0.916170 -0.000098
v 0.176381 -0.584180 -0.242220
v 0.184341 -0.845748 -0.350565
v 0.176381 0.620892 -0.123531
v 0.184341 0.898573 -0.178768
v 0.176381 -0.620185 -0.123531
v 0.184341 -0.897864 -0.178765
v 0.176381 0.584886 -0.242220
v 0.184341 0.846458 -0.350565
v 0.176381 -0.632342 -0.000098
v 0.176381 0.526420 -0.351606
v 0.184341 0.761826 -0.508900
v 0.176381 -0.620182 0.123334
v 0.176381 0.447737 -0.447482
v 0.184341 0.647933 -0.647678
v 0.176381 -0.584180 0.242023
v 0.176381 0.351861 -0.526165
v 0.184341 0.509152 -0.761571
v 0.176381 -0.525711 0.351407
v 0.176381 0.242475 -0.584634
v 0.184341 0.350820 -0.846203
v 0.118010 -0.706752 -0.707203
v 0.118010 -0.831115 -0.555667
v -0.117986 -0.831115 -0.555667
v -0.117986 -0.706752 -0.707203
v 0.118010 -0.923522 -0.382782
v -0.117986 -0.923522 -0.382782
v -0.184316 -0.845748 0.350368
v -0.184316 -0.897864 0.178568
v -0.117986 -0.980427 0.194992
v -0.117986 -0.923522 0.382583
v 0.118010 -0.980430 -0.195188
v -0.117986 -0.980430 -0.195188
v -0.117986 -0.999644 -0.000098
v -0.184316 -0.915461 -0.000098
v 0.118010 0.924232 -0.382783
v 0.118010 0.831822 -0.555667
v -0.117986 0.831822 -0.555667
v -0.184316 -0.897864 -0.178765
v 0.118010 0.707458 -0.707204
v -0.117986 0.707458 -0.707204
v 0.118010 0.555922 -0.831567
v -0.117986 0.555922 -0.831567
v -0.184316 0.761826 -0.508900
v -0.184316 0.647933 -0.647678
v -0.184316 0.509152 -0.761571
v -0.117986 0.383034 -0.923977
v -0.184316 0.350820 -0.846203
v -0.117986 0.195443 -0.980882
v -0.184316 0.179020 -0.898318
v -0.117986 0.000353 -1.000098
v -0.184316 0.000353 -0.915915
v -0.117986 -0.194737 -0.980882
v -0.184316 -0.178313 -0.898318
v -0.117986 -0.382328 -0.923977
v -0.184316 -0.350113 -0.846203
v -0.117986 -0.555216 -0.831567
v -0.184316 -0.508445 -0.761571
v -0.184316 -0.647226 -0.647678
v -0.184316 -0.761120 -0.508897
v -0.184316 -0.845748 -0.350565
v -0.176356 0.242475 0.584435
v -0.176356 0.123786 0.620437
v -0.184316 0.350820 0.846003
v -0.176356 -0.351152 0.525969
v -0.176356 -0.447027 0.447285
v -0.184316 -0.647223 0.647481
v -0.184316 -0.508445 0.761375
v -0.176356 0.000353 -0.632793
v -0.176356 0.123786 -0.620637
v -0.176356 0.351861 0.525966
v -0.184316 0.509155 0.761375
v -0.176356 -0.241768 0.584435
v -0.184316 -0.350113 0.846003
v -0.176356 -0.123079 -0.620637
v -0.176356 0.447737 0.447285
v -0.184316 0.647933 0.647481
v -0.176356 -0.123079 0.620437
v -0.184316 -0.178310 0.898119
v -0.176356 -0.241768 -0.584634
v -0.176356 0.526420 0.351407
v -0.184316 0.761826 0.508700
v -0.176356 0.000353 0.632597
v -0.176356 -0.351152 -0.526165
v -0.176356 0.584886 0.242023
v -0.184316 0.846458 0.350368
v -0.176356 -0.447030 -0.447482
v -0.176356 0.620892 0.123334
v -0.176356 -0.525714 -0.351606
v -0.176356 0.633048 -0.000098
v -0.176356 -0.584180 -0.242220
v -0.176356 0.620892 -0.123531
v -0.176356 -0.620185 -0.123531
v -0.176356 0.584886 -0.242220
v -0.176356 -0.632342 -0.000098
v -0.176356 0.526420 -0.351606
v -0.176356 -0.620182 0.123334
v -0.176356 0.447737 -0.447482
v -0.176356 -0.584180 0.242023
v -0.176356 0.351861 -0.526165
v -0.176356 -0.525711 0.351407
v -0.184316 -0.761120 0.508700
v -0.176356 0.242475 -0.584634
v 0.118010 0.383034 -0.923977
v 0.118010 0.195443 -0.980882
v 0.118010 0.000353 -1.000095
v 0.118010 -0.194737 -0.980882
v 0.118010 -0.382328 -0.923977
v 0.118010 -0.555216 -0.831567
v -0.117986 -0.831112 0.555471
v -0.117986 -0.706749 0.707007
v -0.117986 0.383038 0.923777
v -0.117986 -0.555212 0.831370
v -0.117986 0.555922 0.831367
v -0.117986 -0.382328 0.923777
v -0.117986 0.707459 0.707007
v -0.117986 -0.194734 0.980682
v -0.117986 0.831822 0.555471
v -0.117986 0.924232 0.382583
v 0.118010 1.000350 -0.000098
v 0.118010 0.981137 -0.195188
v -0.176356 -0.429900 -0.430351
v -0.176356 -0.337693 -0.506024
v 0.176381 -0.561799 -0.232951
v 0.176381 -0.596425 -0.118806
v -0.176356 -0.505570 -0.338147
v 0.176381 -0.608115 -0.000098
v -0.176356 -0.561799 -0.232951
v 0.176381 -0.596422 0.118606
v -0.176356 -0.596425 -0.118806
v 0.176381 -0.561799 0.232752
v -0.176356 -0.608115 -0.000098
v 0.176381 -0.505570 0.337948
v 0.176381 0.000353 0.608370
v 0.176381 0.119061 0.596677
v -0.176356 -0.596422 0.118606
v 0.176381 -0.429900 0.430155
v 0.176381 0.233206 0.562054
v -0.176356 -0.561799 0.232752
v 0.176381 -0.337693 0.505825
v 0.176381 0.338402 0.505825
v -0.176356 -0.505570 0.337948
v -0.176356 0.119061 0.596677
v -0.176356 0.000353 0.608370
v 0.176381 -0.232496 0.562054
v 0.176381 0.430607 0.430155
v -0.176356 -0.429900 0.430155
v 0.176381 -0.118351 0.596677
v -0.176356 0.233206 0.562054
v 0.176381 0.506276 0.337948
v -0.176356 -0.337693 0.505825
v -0.176356 0.338402 0.505825
v 0.176381 0.562506 0.232751
v -0.176356 -0.232496 0.562054
v -0.176356 0.430607 0.430155
v 0.176381 0.597132 0.118606
v -0.176356 -0.118351 0.596677
v -0.176356 0.506276 0.337948
v 0.176381 0.608824 -0.000098
v -0.176356 0.562506 0.232751
v 0.176381 0.597132 -0.118806
v -0.176356 0.597132 0.118606
v 0.176381 0.562506 -0.232951
v -0.176356 0.608824 -0.000098
v 0.176381 0.506276 -0.338147
v -0.176356 0.597132 -0.118806
v 0.176381 0.430606 -0.430352
v -0.176356 0.562506 -0.232951
v 0.176381 0.338402 -0.506024
v -0.176356 0.506276 -0.338147
v 0.176381 0.233206 -0.562251
v -0.176356 0.430606 -0.430352
v 0.176381 0.119061 -0.596877
v -0.176356 0.338402 -0.506024
v 0.176381 0.000353 -0.608569
v -0.176356 0.233206 -0.562254
v 0.176381 -0.118354 -0.596877
v -0.176356 0.119061 -0.596877
v 0.176381 -0.232497 -0.562251
v -0.176356 0.000353 -0.608569
v 0.176381 -0.337693 -0.506024
v -0.176356 -0.118354 -0.596877
v 0.176381 -0.429900 -0.430351
v -0.176356 -0.232497 -0.562251
v 0.176381 -0.505570 -0.338147
v -0.184316 -0.584180 -0.242220
v -0.184316 -0.539486 -0.223710
v -0.184316 -0.485490 -0.324728
v -0.184316 -0.525714 -0.351606
v -0.184316 -0.584180 0.242023
v -0.184316 -0.539486 0.223511
v -0.184316 -0.572739 0.113897
v -0.184316 -0.620182 0.123334
v -0.184316 0.000353 -0.632793
v -0.184316 0.000353 -0.584419
v -0.184316 0.114348 -0.573191
v -0.184316 0.123786 -0.620637
v -0.184316 -0.241768 -0.584634
v -0.184316 -0.223256 -0.539941
v -0.184316 -0.113642 -0.573191
v -0.184316 -0.123079 -0.620637
v 0.184341 0.447737 -0.447482
v 0.184341 0.413528 -0.413277
v 0.184341 0.324983 -0.485942
v 0.184341 0.351861 -0.526165
v -0.184316 -0.351152 0.525969
v -0.184316 -0.324277 0.485745
v -0.184316 -0.412822 0.413077
v -0.184316 -0.447027 0.447285
v -0.184316 0.223962 -0.539941
v -0.184316 0.242475 -0.584634
v -0.184316 0.447737 -0.447482
v -0.184316 0.413528 -0.413277
v -0.184316 0.486197 -0.324731
v -0.184316 0.526420 -0.351606
v -0.184316 0.620892 -0.123531
v -0.184316 0.573446 -0.114093
v -0.184316 0.584674 -0.000098
v -0.184316 0.633048 -0.000098
v 0.184341 -0.447027 0.447285
v 0.184341 -0.412822 0.413077
v 0.184341 -0.324277 0.485745
v 0.184341 -0.351152 0.525969
v -0.184316 0.584886 -0.242220
v -0.184316 0.540196 -0.223710
v 0.184341 -0.584180 -0.242220
v 0.184341 -0.539486 -0.223710
v 0.184341 -0.572739 -0.114093
v 0.184341 -0.620185 -0.123531
v -0.184316 0.584886 0.242023
v -0.184316 0.540196 0.223510
v -0.184316 0.486197 0.324532
v -0.184316 0.526420 0.351407
v 0.184341 -0.351152 -0.526165
v 0.184341 -0.324277 -0.485942
v 0.184341 -0.412822 -0.413277
v 0.184341 -0.447030 -0.447482
v -0.184316 0.413532 0.413077
v -0.184316 0.447737 0.447285
v -0.184316 0.324983 -0.485942
v -0.184316 0.351861 -0.526165
v -0.184316 0.123786 0.620437
v -0.184316 0.114348 0.572991
v -0.184316 0.000353 0.584220
v -0.184316 0.000353 0.632597
v -0.184316 -0.113642 0.572991
v -0.184316 -0.123079 0.620437
v -0.184316 0.324983 0.485745
v -0.184316 0.351861 0.525966
v 0.184341 0.620892 -0.123531
v 0.184341 0.573446 -0.114093
v 0.184341 0.540196 -0.223710
v 0.184341 0.584886 -0.242220
v 0.184341 0.000353 0.632597
v 0.184341 0.000353 0.584220
v 0.184341 0.114348 0.572991
v 0.184341 0.123786 0.620437
v -0.184316 -0.447030 -0.447482
v -0.184316 -0.412822 -0.413277
v -0.184316 -0.324277 -0.485942
v -0.184316 -0.351152 -0.526165
v 0.184341 0.633048 -0.000098
v 0.184341 0.584674 -0.000098
v 0.184341 0.351861 0.525966
v 0.184341 0.324983 0.485745
v 0.184341 0.413532 0.413077
v 0.184341 0.447737 0.447285
v 0.184341 0.584886 0.242023
v 0.184341 0.540196 0.223510
v 0.184341 0.573446 0.113896
v 0.184341 0.620892 0.123334
v -0.184316 -0.632342 -0.000098
v -0.184316 -0.583965 -0.000098
v -0.184316 -0.572739 -0.114093
v -0.184316 -0.620185 -0.123531
v 0.184341 0.526420 -0.351606
v 0.184341 0.486197 -0.324731
v -0.184316 -0.241768 0.584435
v -0.184316 -0.223255 0.539741
v 0.184341 0.242475 -0.584634
v 0.184341 0.223962 -0.539941
v 0.184341 0.114348 -0.573191
v 0.184341 0.123786 -0.620637
v 0.184341 0.223962 0.539741
v 0.184341 0.242475 0.584435
v 0.184341 -0.123079 -0.620637
v 0.184341 -0.113642 -0.573191
v 0.184341 -0.223256 -0.539941
v 0.184341 -0.241768 -0.584634
v 0.184341 -0.525711 0.351407
v 0.184341 -0.485490 0.324532
v 0.184341 0.486197 0.324532
v 0.184341 0.526420 0.351407
v 0.184341 -0.620182 0.123334
v 0.184341 -0.572739 0.113897
v 0.184341 -0.539486 0.223511
v 0.184341 -0.584180 0.242023
v 0.184341 -0.123079 0.620437
v 0.184341 -0.113642 0.572991
v 0.184341 0.000353 -0.632793
v 0.184341 0.000353 -0.584419
v -0.184316 0.223962 0.539741
v -0.184316 0.242475 0.584435
v -0.184316 -0.525711 0.351407
v -0.184316 -0.485490 0.324532
v 0.184341 -0.525714 -0.351606
v 0.184341 -0.485490 -0.324728
v 0.184341 -0.632342 -0.000098
v 0.184341 -0.583965 -0.000098
v 0.184341 -0.241768 0.584435
v 0.184341 -0.223255 0.539741
v -0.184316 0.573446 0.113896
v -0.184316 0.620892 0.123334
v 0.117174 0.175674 -0.423365
v 0.173450 0.175677 -0.423365
v 0.112870 0.207867 -0.501081
v 0.056598 0.207867 -0.501081
v 0.117174 -0.174968 -0.423365
v 0.173450 -0.174968 -0.423365
v 0.112870 -0.207161 -0.501081
v 0.056598 -0.207161 -0.501081
v 0.056598 0.000353 -0.542359
v 0.112870 0.000353 -0.542359
v 0.173450 0.000353 -0.458237
v 0.117174 0.000353 -0.458237
v 0.117174 0.423617 -0.175422
v 0.173450 0.423617 -0.175422
v 0.112870 0.501336 -0.207612
v 0.056598 0.501336 -0.207612
v 0.056598 0.542614 -0.000098
v 0.112870 0.542614 -0.000098
v 0.173450 0.458492 -0.000098
v 0.117174 0.458492 -0.000098
v 0.056598 0.383790 0.383335
v 0.112870 0.383790 0.383335
v 0.173450 0.324307 0.323853
v 0.117174 0.324307 0.323853
v 0.056598 0.383790 -0.383535
v 0.112870 0.383790 -0.383535
v 0.173450 0.324307 -0.324052
v 0.117174 0.324307 -0.324052
v 0.117174 0.423617 0.175223
v 0.173450 0.423617 0.175223
v 0.112870 0.501336 0.207416
v 0.056598 0.501336 0.207416
v 0.117174 -0.422911 -0.175422
v 0.173450 -0.422911 -0.175422
v 0.112870 -0.500630 -0.207612
v 0.056598 -0.500630 -0.207612
v 0.056598 -0.383081 -0.383535
v 0.112870 -0.383081 -0.383535
v 0.173450 -0.323598 -0.324052
v 0.117174 -0.323598 -0.324052
v 0.056598 -0.541904 -0.000098
v 0.112870 -0.541904 -0.000098
v 0.173450 -0.457786 -0.000098
v 0.117174 -0.457786 -0.000098
v 0.117174 -0.422911 0.175223
v 0.173450 -0.422911 0.175223
v 0.112870 -0.500627 0.207416
v 0.056598 -0.500627 0.207416
v 0.117174 -0.174968 0.423166
v 0.173450 -0.174968 0.423166
v 0.112870 -0.207157 0.500882
v 0.056598 -0.207157 0.500882
v 0.056598 -0.383080 0.383336
v 0.112870 -0.383080 0.383336
v 0.173450 -0.323598 0.323853
v 0.117174 -0.323598 0.323853
v 0.056598 0.000353 0.542159
v 0.112870 0.000353 0.542159
v 0.173450 0.000353 0.458038
v 0.117174 0.000353 0.458038
v 0.117174 0.175677 0.423166
v 0.173450 0.175677 0.423166
v 0.112870 0.207867 0.500882
v 0.056598 0.207867 0.500882
v -0.115890 0.325352 0.322307
v -0.172163 0.325352 0.322311
v -0.111586 0.385044 0.381584
v -0.055311 0.385041 0.381584
v -0.115890 0.001871 0.457626
v -0.172163 0.001871 0.457626
v -0.111586 0.002163 0.541744
v -0.055311 0.002163 0.541744
v -0.055311 0.209532 0.499745
v -0.111586 0.209532 0.499745
v -0.172163 0.177069 0.422140
v -0.115890 0.177069 0.422140
v -0.115890 0.458406 -0.002111
v -0.172163 0.458406 -0.002111
v -0.111586 0.542528 -0.002402
v -0.055311 0.542528 -0.002402
v -0.055311 0.500525 -0.209772
v -0.172163 0.422920 -0.177309
v -0.115890 0.422920 -0.177309
v -0.055311 0.206036 -0.502215
v -0.172163 0.174114 -0.424385
v -0.115890 0.174114 -0.424385
v -0.111586 0.501975 0.205253
v -0.115890 0.424146 0.173333
v -0.055311 0.501975 0.205253
v -0.115890 0.323091 -0.325592
v -0.172163 0.323091 -0.325592
v -0.111586 0.382365 -0.385283
v -0.055311 0.382365 -0.385283
v -0.115890 -0.322550 0.324572
v -0.172163 -0.322550 0.324572
v -0.111586 -0.381824 0.384260
v -0.055311 -0.381824 0.384260
v -0.111586 -0.205492 0.501192
v -0.115890 -0.173573 0.423362
v -0.055311 -0.205492 0.501192
v -0.055311 -0.499985 0.208749
v -0.111586 -0.499985 0.208749
v -0.172163 -0.422379 0.176289
v -0.115890 -0.422379 0.176289
v -0.115890 -0.457863 0.001088
v -0.172163 -0.457863 0.001088
v -0.111586 -0.541984 0.001382
v -0.055311 -0.541984 0.001382
v -0.115890 -0.324808 -0.323330
v -0.172163 -0.324808 -0.323330
v -0.111586 -0.384500 -0.382604
v -0.055311 -0.384500 -0.382604
v -0.111586 -0.501432 -0.206276
v -0.115890 -0.423602 -0.174353
v -0.055311 -0.501432 -0.206276
v -0.055311 -0.208988 -0.500765
v -0.111586 -0.208988 -0.500765
v -0.172163 -0.176528 -0.423163
v -0.115890 -0.176528 -0.423163
v -0.115890 -0.001327 -0.458646
v -0.172163 -0.001327 -0.458646
v -0.111586 -0.001622 -0.542767
v -0.055311 -0.001622 -0.542767
v -0.172163 0.422920 -0.177309
v -0.111586 0.500525 -0.209772
v -0.119158 0.444204 -0.286534
v -0.172163 0.174114 -0.424385
v -0.055311 0.206036 -0.502215
v -0.111586 0.206036 -0.502215
v -0.172163 0.424146 0.173333
v -0.172163 -0.173573 0.423362
v -0.172163 -0.423602 -0.174353
v -0.055311 0.500525 -0.209772
v 0.147466 0.294566 -0.294311
v 0.147466 0.000353 -0.000098
v 0.147466 0.346310 -0.231261
v 0.147466 -0.080819 0.407983
v 0.147466 -0.158873 0.384306
v 0.147466 -0.384051 0.159128
v 0.147466 -0.407728 0.081074
v 0.147466 0.231513 -0.346055
v 0.147466 0.000353 0.415977
v 0.147466 -0.345603 0.231062
v 0.147466 0.159579 -0.384506
v 0.147466 0.081525 0.407983
v 0.147466 -0.293856 0.294111
v 0.147466 0.081525 -0.408183
v 0.147466 0.159579 0.384306
v 0.147466 0.000353 -0.416177
v 0.147466 0.231513 0.345855
v 0.147466 -0.080819 -0.408183
v 0.147466 0.294566 0.294111
v 0.147466 -0.158873 -0.384506
v 0.147466 -0.415725 -0.000098
v 0.147466 -0.230807 0.345855
v 0.147466 0.384761 -0.159327
v 0.147466 -0.407728 -0.081273
v 0.147466 0.408438 -0.081273
v 0.147466 -0.384051 -0.159327
v 0.147466 0.416432 -0.000098
v 0.147466 -0.345603 -0.231258
v 0.147466 0.408438 0.081074
v 0.147466 -0.293856 -0.294311
v 0.147466 0.384761 0.159128
v 0.147466 -0.230807 -0.346055
v 0.147466 0.346310 0.231062
v 0.026307 -0.412822 0.413077
v -0.184316 -0.412822 0.413077
v -0.184316 -0.324277 0.485745
v 0.026307 -0.324277 0.485745
v -0.184316 -0.223255 0.539741
v 0.026307 -0.223255 0.539741
v -0.184316 -0.113642 0.572991
v 0.026307 -0.113642 0.572991
v -0.184316 0.000353 0.584220
v 0.026307 0.000353 0.584220
v -0.184316 0.114348 0.572991
v 0.026307 0.114348 0.572991
v -0.184316 0.223962 0.539741
v 0.026307 0.223962 0.539741
v -0.184316 0.324983 0.485745
v 0.026307 0.324983 0.485745
v -0.184316 0.413532 0.413077
v 0.026307 0.413532 0.413077
v -0.184316 0.486197 0.324532
v 0.026307 0.486197 0.324532
v -0.184316 0.540196 0.223510
v 0.026307 0.540196 0.223510
v -0.184316 0.573446 0.113896
v 0.026307 0.573446 0.113896
v -0.184316 0.584674 -0.000098
v 0.026307 0.584674 -0.000098
v -0.184316 0.573446 -0.114093
v 0.026307 0.573446 -0.114093
v -0.184316 0.540196 -0.223710
v 0.026307 0.540196 -0.223710
v -0.184316 0.486197 -0.324731
v 0.026307 0.486197 -0.324731
v -0.184316 0.413528 -0.413277
v 0.026307 0.413528 -0.413277
v -0.184316 0.324983 -0.485942
v 0.026307 0.324983 -0.485942
v -0.184316 0.223962 -0.539941
v 0.026307 0.223962 -0.539941
v -0.184316 0.114348 -0.573191
v 0.026307 0.114348 -0.573191
v -0.184316 0.000353 -0.584419
v 0.026307 0.000353 -0.584419
v -0.184316 -0.113642 -0.573191
v 0.026307 -0.113642 -0.573191
v -0.184316 -0.223256 -0.539941
v 0.026307 -0.223256 -0.539941
v -0.184316 -0.324277 -0.485942
v 0.026307 -0.324277 -0.485942
v -0.184316 -0.412822 -0.413277
v 0.026307 -0.412822 -0.413277
v -0.184316 -0.485490 -0.324728
v 0.026307 -0.485490 -0.324728
v -0.184316 -0.539486 -0.223710
v 0.026307 -0.539486 -0.223710
v -0.184316 -0.572739 -0.114093
v 0.026307 -0.572739 -0.114093
v -0.184316 -0.583965 -0.000098
v 0.026307 -0.583965 -0.000098
v -0.184316 -0.572739 0.113897
v 0.026307 -0.572739 0.113897
v -0.184316 -0.539486 0.223511
v 0.026307 -0.539486 0.223511
v -0.184316 -0.485490 0.324532
v 0.026307 -0.485490 0.324532
v 0.184341 -0.485490 0.324532
v 0.082582 -0.485490 0.324532
v 0.082582 -0.412822 0.413077
v 0.184341 -0.412822 0.413077
v 0.117174 -0.323598 0.323853
v 0.117174 -0.380574 0.254429
v 0.184341 -0.539486 0.223511
v 0.082582 -0.539486 0.223511
v 0.117174 0.089731 -0.449436
v 0.117174 0.175674 -0.423365
v 0.184341 -0.572739 0.113897
v 0.082582 -0.572739 0.113897
v 0.117174 0.175677 0.423166
v 0.117174 0.089731 0.449236
v 0.184341 -0.583965 -0.000098
v 0.082582 -0.583965 -0.000098
v 0.173450 -0.380574 0.254429
v 0.203738 -0.345603 0.231062
v 0.203738 -0.293856 0.294111
v 0.173450 -0.323598 0.323853
v 0.184341 -0.572739 -0.114093
v 0.082582 -0.572739 -0.114093
v 0.173450 0.175677 -0.423365
v 0.203738 0.159579 -0.384506
v 0.203738 0.081525 -0.408183
v 0.173450 0.089731 -0.449436
v 0.184341 -0.539486 -0.223710
v 0.082582 -0.539486 -0.223710
v 0.173450 0.089731 0.449236
v 0.203738 0.081525 0.407983
v 0.203738 0.159579 0.384306
v 0.173450 0.175677 0.423166
v 0.184341 -0.485490 -0.324728
v 0.082582 -0.485490 -0.324728
v 0.117174 0.000353 -0.458237
v 0.184341 -0.412822 -0.413277
v 0.082582 -0.412822 -0.413277
v 0.117174 0.254883 0.380829
v 0.184341 -0.324277 -0.485942
v 0.082582 -0.324277 -0.485942
v 0.203738 0.000353 -0.416177
v 0.173450 0.000353 -0.458237
v 0.184341 -0.223256 -0.539941
v 0.082582 -0.223256 -0.539941
v 0.203738 0.231513 0.345855
v 0.173450 0.254883 0.380829
v 0.184341 -0.113642 -0.573191
v 0.082582 -0.113642 -0.573191
v 0.117174 -0.089024 -0.449436
v 0.184341 0.000353 -0.584419
v 0.082582 0.000353 -0.584419
v 0.117174 0.324307 0.323853
v 0.184341 0.114348 -0.573191
v 0.082582 0.114348 -0.573191
v 0.203738 -0.080819 -0.408183
v 0.173450 -0.089024 -0.449436
v 0.184341 0.223962 -0.539941
v 0.082582 0.223962 -0.539941
v 0.203738 0.294566 0.294111
v 0.173450 0.324307 0.323853
v 0.184341 0.324983 -0.485942
v 0.082582 0.324983 -0.485942
v 0.117174 -0.174968 -0.423365
v 0.184341 0.413528 -0.413277
v 0.082582 0.413528 -0.413277
v 0.117174 0.381283 0.254428
v 0.184341 0.486197 -0.324731
v 0.082582 0.486197 -0.324731
v 0.203738 -0.158873 -0.384506
v 0.173450 -0.174968 -0.423365
v 0.184341 0.540196 -0.223710
v 0.082582 0.540196 -0.223710
v 0.203738 0.346310 0.231062
v 0.173450 0.381283 0.254428
v 0.184341 0.573446 -0.114093
v 0.082582 0.573446 -0.114093
v 0.117174 -0.254174 -0.381028
v 0.184341 0.584674 -0.000098
v 0.082582 0.584674 -0.000098
v 0.117174 0.423617 0.175223
v 0.184341 0.573446 0.113896
v 0.082582 0.573446 0.113896
v 0.203738 -0.230807 -0.346055
v 0.173450 -0.254174 -0.381028
v 0.184341 0.540196 0.223510
v 0.082582 0.540196 0.223510
v 0.203738 0.384761 0.159128
v 0.173450 0.423617 0.175223
v 0.184341 0.486197 0.324532
v 0.082582 0.486197 0.324532
v 0.117174 -0.323598 -0.324052
v 0.184341 0.413532 0.413077
v 0.082582 0.413532 0.413077
v 0.117174 0.449688 0.089279
v 0.184341 0.324983 0.485745
v 0.082582 0.324983 0.485745
v 0.203738 -0.293856 -0.294311
v 0.173450 -0.323598 -0.324052
v 0.184341 0.223962 0.539741
v 0.082582 0.223962 0.539741
v 0.203738 0.408438 0.081074
v 0.173450 0.449691 0.089279
v 0.184341 0.114348 0.572991
v 0.082582 0.114348 0.572991
v 0.117174 -0.380574 -0.254628
v 0.184341 0.000353 0.584220
v 0.082582 0.000353 0.584220
v 0.117174 0.458492 -0.000098
v 0.184341 -0.113642 0.572991
v 0.082582 -0.113642 0.572991
v 0.203738 -0.345603 -0.231258
v 0.173450 -0.380574 -0.254628
v 0.184341 -0.223255 0.539741
v 0.082582 -0.223255 0.539741
v 0.203738 0.416432 -0.000098
v 0.173450 0.458492 -0.000098
v 0.184341 -0.324277 0.485745
v 0.082582 -0.324277 0.485745
v 0.117174 -0.422911 -0.175422
v 0.117174 0.449691 -0.089479
v 0.173450 0.000353 0.458038
v 0.203738 0.000353 0.415977
v 0.173450 0.254883 -0.381028
v 0.203738 0.231513 -0.346055
v 0.173450 -0.422911 0.175223
v 0.203738 -0.384051 0.159128
v 0.117174 0.000353 0.458038
v 0.117174 0.254883 -0.381028
v 0.117174 -0.422911 0.175223
v 0.173450 -0.089024 0.449236
v 0.203738 -0.080819 0.407983
v 0.173450 0.324307 -0.324052
v 0.203738 0.294566 -0.294311
v 0.173450 -0.448981 0.089279
v 0.203738 -0.407728 0.081074
v 0.117174 -0.089024 0.449236
v 0.117174 0.324307 -0.324052
v 0.117174 -0.448981 0.089279
v 0.173450 -0.174968 0.423166
v 0.203738 -0.158873 0.384306
v 0.173450 0.381283 -0.254628
v 0.203738 0.346310 -0.231261
v 0.173450 -0.457786 -0.000098
v 0.203738 -0.415725 -0.000098
v 0.117174 -0.174968 0.423166
v 0.117174 0.381283 -0.254628
v 0.117174 -0.457786 -0.000098
v 0.173450 -0.254173 0.380829
v 0.203738 -0.230807 0.345855
v 0.173450 0.423617 -0.175422
v 0.203738 0.384761 -0.159327
v 0.173450 -0.448981 -0.089479
v 0.203738 -0.407728 -0.081273
v 0.117174 -0.254173 0.380829
v 0.117174 0.423617 -0.175422
v 0.117174 -0.448981 -0.089479
v 0.173450 0.449691 -0.089479
v 0.203738 0.408438 -0.081273
v 0.173450 -0.422911 -0.175422
v 0.203738 -0.384051 -0.159327
v 0.082582 -0.485490 -0.324728
v 0.112870 -0.450517 -0.301362
v 0.112870 -0.500630 -0.207612
v 0.082582 -0.539486 -0.223710
v 0.056598 0.301617 -0.450972
v 0.112870 0.301617 -0.450972
v 0.112870 0.383790 -0.383535
v 0.056598 0.383790 -0.383535
v 0.082582 0.584674 -0.000098
v 0.112870 0.542614 -0.000098
v 0.112870 0.532193 -0.105891
v 0.082582 0.573446 -0.114093
v 0.112870 -0.531486 -0.105887
v 0.082582 -0.572739 -0.114093
v 0.112870 0.501336 -0.207612
v 0.082582 0.540196 -0.223710
v 0.082582 -0.412822 0.413077
v 0.112870 -0.383080 0.383336
v 0.112870 -0.300910 0.450772
v 0.082582 -0.324277 0.485745
v 0.117174 -0.089024 -0.449436
v 0.173450 -0.089024 -0.449436
v 0.173450 -0.174968 -0.423365
v 0.117174 -0.174968 -0.423365
v 0.112870 -0.541904 -0.000098
v 0.082582 -0.583965 -0.000098
v 0.112870 0.451227 -0.301362
v 0.082582 0.486197 -0.324731
v 0.112870 -0.207157 0.500882
v 0.082582 -0.223255 0.539741
v 0.117174 0.324307 -0.324052
v 0.173450 0.324307 -0.324052
v 0.173450 0.254883 -0.381028
v 0.117174 0.254883 -0.381028
v 0.112870 -0.531486 0.105691
v 0.082582 -0.572739 0.113897
v 0.117174 -0.254173 0.380829
v 0.173450 -0.254173 0.380829
v 0.173450 -0.174968 0.423166
v 0.117174 -0.174968 0.423166
v 0.112870 0.383790 -0.383535
v 0.082582 0.413528 -0.413277
v 0.112870 -0.105436 0.531741
v 0.082582 -0.113642 0.572991
v 0.112870 -0.500627 0.207416
v 0.082582 -0.539486 0.223511
v 0.173450 0.175677 -0.423365
v 0.117174 0.175674 -0.423365
v 0.112870 0.301617 -0.450972
v 0.082582 0.324983 -0.485942
v 0.056598 -0.531486 0.105691
v 0.112870 -0.531486 0.105691
v 0.112870 -0.541904 -0.000098
v 0.056598 -0.541904 -0.000098
v 0.112870 0.000353 0.542159
v 0.082582 0.000353 0.584220
v 0.112870 -0.450517 0.301165
v 0.082582 -0.485490 0.324532
v 0.112870 0.207867 -0.501081
v 0.082582 0.223962 -0.539941
v 0.112870 0.106142 0.531738
v 0.082582 0.114348 0.572991
v 0.117174 0.000353 -0.458237
v 0.173450 0.000353 -0.458237
v 0.082582 0.573446 0.113896
v 0.112870 0.532193 0.105691
v 0.082582 -0.412822 -0.413277
v 0.112870 -0.383081 -0.383535
v 0.082582 0.540196 0.223510
v 0.112870 0.501336 0.207416
v 0.082582 -0.324277 -0.485942
v 0.112870 -0.300910 -0.450972
v 0.082582 0.486197 0.324532
v 0.112870 0.451227 0.301162
v 0.117174 -0.380574 -0.254628
v 0.173450 -0.380574 -0.254628
v 0.173450 -0.422911 -0.175422
v 0.117174 -0.422911 -0.175422
v 0.082582 -0.223256 -0.539941
v 0.112870 -0.207161 -0.501081
v 0.082582 0.413532 0.413077
v 0.112870 0.383790 0.383335
v 0.056598 -0.207161 -0.501081
v 0.112870 -0.207161 -0.501081
v 0.112870 -0.105436 -0.531938
v 0.056598 -0.105436 -0.531938
v 0.082582 -0.113642 -0.573191
v 0.112870 -0.105436 -0.531938
v 0.117174 0.381283 0.254428
v 0.173450 0.381283 0.254428
v 0.173450 0.423617 0.175223
v 0.117174 0.423617 0.175223
v 0.082582 0.324983 0.485745
v 0.112870 0.301617 0.450772
v 0.082582 0.000353 -0.584419
v 0.112870 0.000353 -0.542359
v 0.112870 0.000353 -0.542359
v 0.056598 0.000353 -0.542359
v 0.082582 0.223962 0.539741
v 0.112870 0.207867 0.500882
v 0.082582 0.114348 -0.573191
v 0.112870 0.106142 -0.531938
v 0.026307 -0.572739 -0.114093
v 0.056598 -0.531486 -0.105887
v 0.056598 -0.500630 -0.207612
v 0.026307 -0.539486 -0.223710
v 0.026307 0.540196 -0.223710
v 0.056598 0.501336 -0.207612
v 0.056598 0.532193 -0.105891
v 0.026307 0.573446 -0.114093
v 0.056598 0.106142 0.531738
v 0.112870 0.106142 0.531738
v 0.112870 0.000353 0.542159
v 0.056598 0.000353 0.542159
v 0.026307 -0.324277 0.485745
v 0.056598 -0.300910 0.450772
v 0.056598 -0.383080 0.383336
v 0.026307 -0.412822 0.413077
v 0.026307 -0.583965 -0.000098
v 0.056598 -0.541904 -0.000098
v 0.026307 0.486197 -0.324731
v 0.056598 0.451227 -0.301362
v 0.026307 -0.223255 0.539741
v 0.056598 -0.207157 0.500882
v 0.056598 0.501336 -0.207612
v 0.112870 0.501336 -0.207612
v 0.112870 0.532193 -0.105891
v 0.056598 0.532193 -0.105891
v 0.026307 -0.572739 0.113897
v 0.056598 -0.531486 0.105691
v 0.117174 -0.323598 0.323853
v 0.173450 -0.323598 0.323853
v 0.026307 0.413528 -0.413277
v 0.056598 0.383790 -0.383535
v 0.026307 -0.113642 0.572991
v 0.056598 -0.105436 0.531741
v 0.026307 -0.539486 0.223511
v 0.056598 -0.500627 0.207416
v 0.112870 0.542614 -0.000098
v 0.056598 0.542614 -0.000098
v 0.026307 0.324983 -0.485942
v 0.056598 0.301617 -0.450972
v 0.056598 -0.500627 0.207416
v 0.112870 -0.500627 0.207416
v 0.026307 0.000353 0.584220
v 0.056598 0.000353 0.542159
v 0.026307 -0.485490 0.324532
v 0.056598 -0.450517 0.301165
v 0.026307 0.223962 -0.539941
v 0.056598 0.207867 -0.501081
v 0.026307 0.114348 0.572991
v 0.056598 0.106142 0.531738
v 0.056598 0.207867 -0.501081
v 0.112870 0.207867 -0.501081
v 0.056598 0.542614 -0.000098
v 0.026307 0.584674 -0.000098
v 0.056598 0.501336 0.207416
v 0.112870 0.501336 0.207416
v 0.112870 0.451227 0.301162
v 0.056598 0.451227 0.301162
v 0.056598 -0.450517 -0.301362
v 0.026307 -0.485490 -0.324728
v 0.117174 0.449691 -0.089479
v 0.173450 0.449691 -0.089479
v 0.173450 0.423617 -0.175422
v 0.117174 0.423617 -0.175422
v 0.056598 0.532193 0.105691
v 0.026307 0.573446 0.113896
v 0.056598 -0.383081 -0.383535
v 0.026307 -0.412822 -0.413277
v 0.112870 0.383790 0.383335
v 0.056598 0.383790 0.383335
v 0.056598 0.501336 0.207416
v 0.026307 0.540196 0.223510
v 0.056598 -0.300910 -0.450972
v 0.026307 -0.324277 -0.485942
v 0.056598 0.451227 0.301162
v 0.026307 0.486197 0.324532
v 0.117174 -0.323598 -0.324052
v 0.173450 -0.323598 -0.324052
v 0.056598 -0.207161 -0.501081
v 0.026307 -0.223256 -0.539941
v 0.056598 0.383790 0.383335
v 0.026307 0.413532 0.413077
v 0.056598 -0.105436 -0.531938
v 0.026307 -0.113642 -0.573191
v 0.117174 0.324307 0.323853
v 0.173450 0.324307 0.323853
v 0.056598 0.301617 0.450772
v 0.026307 0.324983 0.485745
v 0.056598 0.000353 -0.542359
v 0.026307 0.000353 -0.584419
v 0.056598 0.207867 0.500882
v 0.026307 0.223962 0.539741
v 0.056598 0.106142 -0.531938
v 0.026307 0.114348 -0.573191
v 0.117174 0.458492 -0.000098
v 0.173450 0.458492 -0.000098
v 0.056598 0.207867 0.500882
v 0.112870 0.207867 0.500882
v 0.056598 -0.500630 -0.207612
v 0.112870 -0.500630 -0.207612
v 0.112870 -0.450517 -0.301362
v 0.056598 -0.450517 -0.301362
v 0.112870 -0.383081 -0.383535
v 0.056598 -0.383081 -0.383535
v 0.117174 -0.457786 -0.000098
v 0.173450 -0.457786 -0.000098
v 0.173450 -0.448981 0.089279
v 0.117174 -0.448981 0.089279
v 0.173450 -0.422911 0.175223
v 0.117174 -0.422911 0.175223
v 0.056598 -0.207157 0.500882
v 0.112870 -0.207157 0.500882
v 0.112870 -0.300910 0.450772
v 0.056598 -0.300910 0.450772
v 0.112870 -0.383080 0.383336
v 0.056598 -0.383080 0.383336
v 0.117174 0.000353 0.458038
v 0.173450 0.000353 0.458038
v 0.173450 0.089731 0.449236
v 0.117174 0.089731 0.449236
v 0.173450 0.175677 0.423166
v 0.117174 0.175677 0.423166
v -0.146179 0.385231 0.157373
v -0.146179 0.000270 -0.000510
v -0.146179 0.408635 0.079237
v -0.146179 -0.232094 -0.345659
v -0.146179 -0.294965 -0.293694
v -0.146179 -0.415805 0.000940
v -0.146179 -0.407526 0.082088
v -0.146179 0.347032 0.229443
v -0.146179 -0.160295 -0.384358
v -0.146179 -0.408094 -0.080260
v -0.146179 0.295509 0.292674
v -0.146179 -0.082324 -0.408309
v -0.146179 -0.384687 -0.158393
v -0.146179 0.232638 0.344636
v -0.146179 -0.001180 -0.416585
v -0.146179 0.160839 0.383339
v -0.146179 0.080020 -0.408874
v -0.146179 0.082868 0.407286
v -0.146179 0.158154 -0.385471
v -0.146179 0.001723 0.415565
v -0.146179 -0.383575 0.160055
v -0.146179 -0.346488 -0.230463
v -0.146179 0.416346 -0.001963
v -0.146179 -0.344875 0.231857
v -0.146179 0.408069 -0.083108
v -0.146179 -0.292910 0.294726
v -0.146179 0.384119 -0.161078
v -0.146179 -0.229679 0.346252
v -0.146179 0.345419 -0.232877
v -0.146179 -0.157613 0.384448
v -0.146179 0.293454 -0.295749
v -0.146179 -0.079476 0.407854
v -0.146179 0.230223 -0.347272
v -0.115890 -0.423602 -0.174353
v -0.115890 -0.449374 -0.088321
v -0.115890 0.256127 0.379526
v -0.115890 0.325352 0.322307
v -0.115890 -0.001327 -0.458646
v -0.115890 -0.090674 -0.449531
v -0.172163 -0.449374 -0.088321
v -0.202451 -0.408094 -0.080260
v -0.202454 -0.384687 -0.158393
v -0.172163 -0.423602 -0.174353
v -0.172163 0.325352 0.322311
v -0.202454 0.295509 0.292674
v -0.202454 0.232638 0.344636
v -0.172163 0.256127 0.379526
v -0.172163 -0.090674 -0.449531
v -0.202451 -0.082324 -0.408309
v -0.202451 -0.001180 -0.416585
v -0.172163 -0.001327 -0.458646
v -0.115890 0.177069 0.422140
v -0.115890 0.088081 -0.450155
v -0.202454 0.160839 0.383339
v -0.172163 0.177069 0.422140
v -0.202451 0.080020 -0.408874
v -0.172163 0.088081 -0.450155
v -0.115890 0.091218 0.448511
v -0.115890 0.174114 -0.424385
v -0.202454 0.082868 0.407286
v -0.172163 0.091218 0.448511
v -0.202454 0.158154 -0.385471
v -0.172163 0.174114 -0.424385
v -0.115890 0.001871 0.457626
v -0.115890 0.253467 -0.382325
v -0.202454 0.001723 0.415565
v -0.172163 0.001871 0.457626
v -0.202454 0.230223 -0.347272
v -0.172163 0.253467 -0.382325
v -0.115890 -0.087538 0.449135
v -0.115890 0.323091 -0.325592
v -0.202454 -0.079476 0.407854
v -0.172163 -0.087538 0.449135
v -0.202454 0.293454 -0.295749
v -0.172163 0.323091 -0.325592
v -0.115890 -0.173573 0.423362
v -0.115890 0.380309 -0.256367
v -0.202454 -0.157613 0.384448
v -0.172163 -0.173573 0.423362
v -0.202454 0.345419 -0.232877
v -0.172163 0.380309 -0.256367
v -0.115890 -0.252926 0.381305
v -0.115890 0.422920 -0.177309
v -0.202454 -0.229679 0.346252
v -0.172163 -0.252926 0.381305
v -0.202454 0.384119 -0.161078
v -0.172163 0.422920 -0.177309
v -0.115890 -0.322550 0.324572
v -0.115890 0.449291 -0.091458
v -0.172163 -0.176528 -0.423163
v -0.202451 -0.160295 -0.384358
v -0.172163 0.382085 0.252687
v -0.202454 0.347032 0.229443
v -0.172163 -0.457863 0.001088
v -0.202451 -0.415805 0.000940
v -0.115890 -0.176528 -0.423163
v -0.115890 0.382085 0.252687
v -0.115890 -0.457863 0.001088
v -0.172163 -0.255584 -0.380549
v -0.202451 -0.232094 -0.345659
v -0.172163 0.424146 0.173333
v -0.202454 0.385231 0.157373
v -0.172163 -0.448747 0.090435
v -0.202451 -0.407526 0.082088
v -0.115890 -0.255584 -0.380549
v -0.115890 0.424146 0.173333
v -0.115890 -0.448747 0.090435
v -0.172163 -0.324808 -0.323330
v -0.202451 -0.294965 -0.293694
v -0.172163 0.449915 0.087298
v -0.202454 0.408635 0.079237
v -0.172163 -0.422379 0.176289
v -0.202454 -0.383575 0.160055
v -0.115890 -0.324808 -0.323330
v -0.115890 0.449915 0.087298
v -0.115890 -0.422379 0.176289
v -0.172163 -0.381541 -0.253707
v -0.202451 -0.346488 -0.230463
v -0.172163 0.458406 -0.002111
v -0.202454 0.416346 -0.001963
v -0.172163 -0.379766 0.255347
v -0.202454 -0.344875 0.231857
v -0.115890 -0.381541 -0.253707
v -0.115890 0.458406 -0.002111
v -0.115890 -0.379766 0.255347
v -0.172163 0.449291 -0.091458
v -0.202454 0.408069 -0.083108
v -0.172163 -0.322550 0.324572
v -0.202454 -0.292910 0.294726
v -0.081295 -0.322661 0.486464
v -0.111586 -0.299417 0.451411
v -0.111586 -0.381824 0.384260
v -0.081295 -0.411461 0.414106
v -0.055311 0.452191 0.299177
v -0.111586 0.452191 0.299177
v -0.111586 0.501975 0.205253
v -0.055311 0.501975 0.205253
v -0.081295 0.539326 -0.226002
v -0.111586 0.500525 -0.209772
v -0.111586 0.531738 -0.108155
v -0.081295 0.572960 -0.116505
v -0.111586 -0.449546 0.302323
v -0.081295 -0.484437 0.325813
v -0.111586 0.542528 -0.002402
v -0.081295 0.584588 -0.002550
v -0.081295 -0.540346 -0.222236
v -0.111586 -0.501432 -0.206276
v -0.111586 -0.451648 -0.300197
v -0.081295 -0.486701 -0.323444
v -0.115890 0.091218 0.448511
v -0.172163 0.091218 0.448511
v -0.172163 0.001871 0.457626
v -0.115890 0.001871 0.457626
v -0.111586 -0.499985 0.208749
v -0.081295 -0.538786 0.224982
v -0.111586 0.532476 0.103420
v -0.081295 0.573756 0.111482
v -0.111586 -0.384500 -0.382604
v -0.081295 -0.414343 -0.412244
v -0.115890 0.424146 0.173333
v -0.172163 0.424146 0.173333
v -0.172163 0.382085 0.252687
v -0.115890 0.382085 0.252687
v -0.111586 -0.531195 0.107135
v -0.081295 -0.572420 0.115485
v -0.115890 -0.381541 -0.253707
v -0.172163 -0.381541 -0.253707
v -0.172163 -0.324808 -0.323330
v -0.115890 -0.324808 -0.323330
v -0.081295 0.540890 0.221212
v -0.111586 -0.302563 -0.450330
v -0.081295 -0.326052 -0.485220
v -0.111586 -0.541984 0.001382
v -0.081295 -0.584045 0.001527
v -0.172163 0.325352 0.322311
v -0.115890 0.325352 0.322307
v -0.111586 0.452191 0.299177
v -0.081295 0.487244 0.322421
v -0.055311 -0.531195 0.107135
v -0.111586 -0.531195 0.107135
v -0.111586 -0.499985 0.208749
v -0.055311 -0.499985 0.208749
v -0.111586 -0.208988 -0.500765
v -0.081295 -0.225222 -0.539569
v -0.111586 -0.531935 -0.104444
v -0.081295 -0.573215 -0.112505
v -0.111586 0.385044 0.381584
v -0.081295 0.414886 0.411221
v -0.111586 -0.107374 -0.531978
v -0.081295 -0.115724 -0.573200
v -0.115890 0.177069 0.422140
v -0.172163 0.177069 0.422140
v -0.081295 0.484980 -0.326836
v -0.081295 -0.221452 0.540107
v -0.111586 -0.205492 0.501192
v -0.081295 0.412002 -0.415126
v -0.111586 0.382365 -0.385283
v -0.081295 -0.111721 0.572976
v -0.111586 -0.103660 0.531695
v -0.081295 0.323204 -0.487484
v -0.111586 0.299958 -0.452431
v -0.115890 -0.252926 0.381305
v -0.172163 -0.252926 0.381305
v -0.172163 -0.322550 0.324572
v -0.115890 -0.322550 0.324572
v -0.081295 0.002310 0.583805
v -0.111586 0.002163 0.541744
v -0.081295 0.221996 -0.541130
v -0.111586 0.206036 -0.502215
v -0.055311 0.002163 0.541744
v -0.111586 0.002163 0.541744
v -0.111586 0.107915 0.530958
v -0.055311 0.107915 0.530958
v -0.081295 0.116265 0.572180
v -0.111586 0.107915 0.530958
v -0.115890 0.253467 -0.382325
v -0.172163 0.253467 -0.382325
v -0.172163 0.323091 -0.325592
v -0.115890 0.323091 -0.325592
v -0.081295 0.112265 -0.573996
v -0.111586 0.104204 -0.532715
v -0.081295 0.225762 0.538546
v -0.111586 0.209532 0.499745
v -0.111586 0.209532 0.499745
v -0.055311 0.209532 0.499745
v -0.081295 -0.001770 -0.584828
v -0.111586 -0.001622 -0.542767
v -0.081295 0.326596 0.484197
v -0.111586 0.303107 0.449307
v -0.025023 -0.484437 0.325813
v -0.055311 -0.449546 0.302323
v -0.055311 -0.381824 0.384260
v -0.025023 -0.411461 0.414106
v -0.025023 0.584588 -0.002550
v -0.055311 0.542528 -0.002402
v -0.055311 0.531738 -0.108155
v -0.025023 0.572960 -0.116505
v -0.055311 -0.107374 -0.531978
v -0.111586 -0.107374 -0.531978
v -0.111586 -0.208988 -0.500765
v -0.055311 -0.208988 -0.500765
v -0.025023 -0.486701 -0.323444
v -0.055311 -0.451648 -0.300197
v -0.055311 -0.501432 -0.206276
v -0.025023 -0.540346 -0.222236
v -0.025023 -0.538786 0.224982
v -0.055311 -0.499985 0.208749
v -0.025023 0.573756 0.111482
v -0.055311 0.532476 0.103420
v -0.025023 -0.414343 -0.412244
v -0.055311 -0.384500 -0.382604
v -0.055311 0.542528 -0.002402
v -0.111586 0.542528 -0.002402
v -0.111586 0.531738 -0.108155
v -0.055311 0.531738 -0.108155
v -0.025023 -0.572420 0.115485
v -0.055311 -0.531195 0.107135
v -0.115890 -0.423602 -0.174353
v -0.172163 -0.423602 -0.174353
v -0.025023 0.540890 0.221212
v -0.055311 0.501975 0.205253
v -0.025023 -0.326052 -0.485220
v -0.055311 -0.302563 -0.450330
v -0.025023 -0.584045 0.001527
v -0.055311 -0.541984 0.001382
v -0.055311 0.500525 -0.209772
v -0.025023 0.487244 0.322421
v -0.055311 0.452191 0.299177
v -0.055311 -0.541984 0.001382
v -0.111586 -0.541984 0.001382
v -0.025023 -0.225222 -0.539569
v -0.055311 -0.208988 -0.500765
v -0.025023 -0.573215 -0.112505
v -0.055311 -0.531935 -0.104444
v -0.025023 0.414886 0.411221
v -0.055311 0.385041 0.381584
v -0.025023 -0.115724 -0.573200
v -0.055311 -0.107374 -0.531978
v -0.055311 0.385041 0.381584
v -0.111586 0.385044 0.381584
v -0.025023 0.539326 -0.226002
v -0.055311 0.382365 -0.385283
v -0.111586 0.382365 -0.385283
v -0.111586 0.299958 -0.452431
v -0.055311 0.299958 -0.452431
v -0.055311 -0.299417 0.451411
v -0.025023 -0.322661 0.486464
v -0.115890 0.449291 -0.091458
v -0.172163 0.449291 -0.091458
v -0.172163 0.458406 -0.002111
v -0.115890 0.458406 -0.002111
v -0.055311 0.450090 -0.303346
v -0.025023 0.484980 -0.326836
v -0.055311 -0.205492 0.501192
v -0.025023 -0.221452 0.540107
v -0.055311 0.206036 -0.502215
v -0.055311 0.382365 -0.385283
v -0.025023 0.412002 -0.415126
v -0.055311 -0.103660 0.531695
v -0.025023 -0.111721 0.572976
v -0.055311 0.299958 -0.452431
v -0.025023 0.323204 -0.487484
v -0.115890 -0.173573 0.423362
v -0.172163 -0.173573 0.423362
v -0.055311 0.002163 0.541744
v -0.025023 0.002310 0.583805
v -0.025023 0.221996 -0.541130
v -0.055311 0.107915 0.530958
v -0.025023 0.116265 0.572180
v -0.115890 0.174114 -0.424385
v -0.055311 0.104204 -0.532715
v -0.025023 0.112265 -0.573996
v -0.055311 0.209532 0.499745
v -0.025023 0.225762 0.538546
v -0.055311 -0.001622 -0.542767
v -0.025023 -0.001770 -0.584828
v -0.055311 0.303107 0.449307
v -0.025023 0.326596 0.484197
v -0.115890 0.422920 -0.177309
v -0.055311 -0.001622 -0.542767
v -0.111586 -0.001622 -0.542767
v -0.055311 -0.381824 0.384260
v -0.111586 -0.381824 0.384260
v -0.111586 -0.299417 0.451411
v -0.055311 -0.299417 0.451411
v -0.055311 -0.205492 0.501192
v -0.115890 -0.422379 0.176289
v -0.172163 -0.422379 0.176289
v -0.172163 -0.448747 0.090435
v -0.115890 -0.448747 0.090435
v -0.172163 -0.457863 0.001088
v -0.115890 -0.457863 0.001088
v -0.055311 -0.384500 -0.382604
v -0.111586 -0.384500 -0.382604
v -0.111586 -0.451648 -0.300197
v -0.055311 -0.451648 -0.300197
v -0.055311 -0.501432 -0.206276
v -0.115890 -0.176528 -0.423163
v -0.172163 -0.176528 -0.423163
v -0.172163 -0.090674 -0.449531
v -0.115890 -0.090674 -0.449531
v -0.172163 -0.001327 -0.458646
v -0.115890 -0.001327 -0.458646
vt 0.069672 0.430371
vt 0.110938 0.464237
vt 0.063858 0.439073
vt 0.164063 0.469468
vt 0.164063 0.459004
vt 0.059854 0.448741
vt 0.162021 0.448740
vt 0.057813 0.459004
vt 0.158016 0.439072
vt 0.057813 0.469469
vt 0.152202 0.430371
vt 0.059854 0.479733
vt 0.144802 0.422971
vt 0.063859 0.489401
vt 0.136101 0.417157
vt 0.105706 0.517361
vt 0.116170 0.517361
vt 0.069673 0.498102
vt 0.126433 0.413153
vt 0.126434 0.515320
vt 0.162021 0.479732
vt 0.077072 0.422972
vt 0.158016 0.489400
vt 0.085773 0.417158
vt 0.152203 0.498101
vt 0.095441 0.413153
vt 0.095442 0.515320
vt 0.144803 0.505501
vt 0.105705 0.411112
vt 0.085774 0.511315
vt 0.136102 0.511315
vt 0.116169 0.411111
vt 0.077073 0.505502
vt 0.162021 0.479732
vt 0.110938 0.464236
vt 0.164063 0.469468
vt 0.059854 0.479733
vt 0.063859 0.489401
vt 0.164063 0.459004
vt 0.069673 0.498102
vt 0.162021 0.448740
vt 0.077072 0.505502
vt 0.158016 0.439072
vt 0.085774 0.511315
vt 0.152202 0.430371
vt 0.095442 0.515320
vt 0.144803 0.422971
vt 0.105705 0.517361
vt 0.095441 0.413153
vt 0.085773 0.417158
vt 0.136101 0.417158
vt 0.116170 0.517361
vt 0.077072 0.422972
vt 0.057813 0.469469
vt 0.158017 0.489400
vt 0.057813 0.459004
vt 0.152203 0.498101
vt 0.059854 0.448741
vt 0.144803 0.505501
vt 0.105705 0.411111
vt 0.063859 0.439073
vt 0.136102 0.511315
vt 0.116169 0.411111
vt 0.069672 0.430372
vt 0.126434 0.515320
vt 0.126434 0.413153
vt 0.057813 0.566705
vt 0.063177 0.566705
vt 0.063177 0.576380
vt 0.057813 0.576380
vt 0.084633 0.583813
vt 0.079269 0.583813
vt 0.079269 0.574152
vt 0.084633 0.574152
vt 0.063177 0.556438
vt 0.068541 0.556438
vt 0.068541 0.566706
vt 0.063177 0.566706
vt 0.068541 0.517361
vt 0.073904 0.517361
vt 0.073905 0.526052
vt 0.068541 0.526052
vt 0.068541 0.585092
vt 0.073905 0.585092
vt 0.073905 0.592504
vt 0.068541 0.592504
vt 0.063177 0.585092
vt 0.057813 0.585092
vt 0.079269 0.563892
vt 0.084633 0.563892
vt 0.068540 0.576380
vt 0.063177 0.576380
vt 0.073905 0.535713
vt 0.068541 0.535713
vt 0.057813 0.517361
vt 0.063177 0.517361
vt 0.063177 0.526052
vt 0.057813 0.526052
vt 0.063177 0.592504
vt 0.057813 0.592504
vt 0.079269 0.553427
vt 0.084633 0.553427
vt 0.068540 0.585092
vt 0.063177 0.585092
vt 0.073905 0.545973
vt 0.068541 0.545973
vt 0.063177 0.535714
vt 0.057813 0.535714
vt 0.063177 0.517361
vt 0.068541 0.517361
vt 0.068541 0.526052
vt 0.063177 0.526052
vt 0.079269 0.543160
vt 0.084633 0.543160
vt 0.068540 0.592504
vt 0.063177 0.592504
vt 0.073905 0.556438
vt 0.068541 0.556438
vt 0.063177 0.545974
vt 0.057813 0.545974
vt 0.068541 0.535714
vt 0.063177 0.535714
vt 0.079269 0.533485
vt 0.084633 0.533485
vt 0.084633 0.592504
vt 0.079269 0.592504
vt 0.073905 0.566705
vt 0.068541 0.566705
vt 0.063177 0.556438
vt 0.057813 0.556438
vt 0.068541 0.545973
vt 0.063177 0.545973
vt 0.079269 0.524774
vt 0.084633 0.524774
vt 0.073905 0.576380
vt 0.068541 0.576380
vt 0.079269 0.517361
vt 0.084633 0.517361
vt 0.095360 0.517361
vt 0.100724 0.517361
vt 0.100724 0.526052
vt 0.095360 0.526052
vt 0.084633 0.556438
vt 0.089997 0.556438
vt 0.089997 0.566705
vt 0.084633 0.566705
vt 0.095360 0.585092
vt 0.100724 0.585092
vt 0.100724 0.592504
vt 0.095360 0.592504
vt 0.079269 0.563892
vt 0.073905 0.563892
vt 0.073905 0.553428
vt 0.079268 0.553428
vt 0.095360 0.574152
vt 0.089997 0.574152
vt 0.089997 0.563892
vt 0.095360 0.563892
vt 0.100724 0.535714
vt 0.095360 0.535714
vt 0.089997 0.576380
vt 0.084633 0.576380
vt 0.084633 0.517361
vt 0.089997 0.517361
vt 0.089997 0.526052
vt 0.084633 0.526052
vt 0.073905 0.543160
vt 0.079268 0.543160
vt 0.089997 0.553428
vt 0.095360 0.553428
vt 0.100724 0.545974
vt 0.095360 0.545974
vt 0.089997 0.585092
vt 0.084633 0.585092
vt 0.089997 0.535713
vt 0.084633 0.535713
vt 0.073905 0.533485
vt 0.079268 0.533485
vt 0.089997 0.543160
vt 0.095360 0.543160
vt 0.100724 0.556439
vt 0.095360 0.556439
vt 0.089997 0.592504
vt 0.084633 0.592504
vt 0.089997 0.545973
vt 0.084633 0.545973
vt 0.073905 0.524774
vt 0.079268 0.524774
vt 0.089997 0.533485
vt 0.095360 0.533485
vt 0.100724 0.566705
vt 0.095360 0.566705
vt 0.079269 0.592504
vt 0.073905 0.592504
vt 0.073905 0.583813
vt 0.079269 0.583813
vt 0.073905 0.517361
vt 0.079268 0.517361
vt 0.089997 0.524774
vt 0.095360 0.524774
vt 0.100724 0.576380
vt 0.095360 0.576380
vt 0.073905 0.574152
vt 0.079269 0.574152
vt 0.095360 0.592505
vt 0.089997 0.592505
vt 0.089997 0.583814
vt 0.095360 0.583814
vt 0.089997 0.517361
vt 0.761760 0.590143
vt 0.742926 0.590143
vt 0.743719 0.582095
vt 0.760967 0.582095
vt 0.777885 0.578730
vt 0.780232 0.586469
vt 0.793820 0.572129
vt 0.797633 0.579262
vt 0.797633 0.409801
vt 0.813293 0.420264
vt 0.808162 0.426516
vt 0.793820 0.416933
vt 0.839907 0.485907
vt 0.836542 0.468990
vt 0.844282 0.466643
vt 0.847956 0.485115
vt 0.826610 0.433582
vt 0.820358 0.438713
vt 0.844282 0.522420
vt 0.837074 0.539820
vt 0.829942 0.536007
vt 0.836542 0.520072
vt 0.837074 0.449241
vt 0.829941 0.453054
vt 0.826611 0.555480
vt 0.820359 0.550349
vt 0.844281 0.466642
vt 0.836542 0.468989
vt 0.813294 0.568798
vt 0.808163 0.562546
vt 0.847956 0.485114
vt 0.839907 0.485907
vt 0.797634 0.579261
vt 0.793821 0.572128
vt 0.847956 0.503948
vt 0.839907 0.503155
vt 0.780234 0.586469
vt 0.777886 0.578730
vt 0.761761 0.590143
vt 0.760969 0.582094
vt 0.742928 0.590143
vt 0.743720 0.582095
vt 0.724456 0.586469
vt 0.726803 0.578730
vt 0.812837 0.488573
vt 0.812837 0.500489
vt 0.790907 0.541519
vt 0.780999 0.548140
vt 0.694175 0.476886
vt 0.668145 0.468991
vt 0.674746 0.453055
vt 0.698735 0.465877
vt 0.810512 0.476886
vt 0.799332 0.533093
vt 0.691850 0.488574
vt 0.664780 0.485908
vt 0.805952 0.465877
vt 0.805952 0.523185
vt 0.691850 0.500490
vt 0.664781 0.503156
vt 0.799332 0.455969
vt 0.810513 0.512176
vt 0.694175 0.512177
vt 0.668146 0.520073
vt 0.790906 0.447543
vt 0.698735 0.523186
vt 0.674747 0.536009
vt 0.780998 0.440922
vt 0.705356 0.533094
vt 0.684330 0.550350
vt 0.769989 0.436363
vt 0.777885 0.410333
vt 0.713782 0.541520
vt 0.696526 0.562546
vt 0.758302 0.434038
vt 0.760967 0.406968
vt 0.723690 0.548140
vt 0.710868 0.572129
vt 0.746386 0.434038
vt 0.743719 0.406968
vt 0.734699 0.552700
vt 0.734698 0.436363
vt 0.726802 0.410333
vt 0.746386 0.555025
vt 0.723689 0.440923
vt 0.710867 0.416934
vt 0.758302 0.555025
vt 0.713781 0.447543
vt 0.696525 0.426517
vt 0.769990 0.552700
vt 0.705355 0.455969
vt 0.684329 0.438713
vt 0.648426 0.203461
vt 0.648426 0.247969
vt 0.600961 0.247969
vt 0.600961 0.203461
vt 0.678078 0.555481
vt 0.667614 0.539821
vt 0.648426 0.296648
vt 0.600961 0.296648
vt 0.691395 0.568798
vt 0.760969 0.406968
vt 0.743720 0.406968
vt 0.742928 0.398919
vt 0.761761 0.398919
vt 0.648426 0.347398
vt 0.600961 0.347398
vt 0.600961 0.449609
vt 0.600961 0.397310
vt 0.648426 0.397310
vt 0.648426 0.449609
vt 0.707055 0.579262
vt 0.726803 0.410333
vt 0.724455 0.402593
vt 0.600961 0.500038
vt 0.600961 0.547277
vt 0.648426 0.547277
vt 0.648426 0.500038
vt 0.710868 0.416933
vt 0.707055 0.409800
vt 0.724454 0.402594
vt 0.742926 0.398919
vt 0.648426 0.449632
vt 0.648426 0.397256
vt 0.600961 0.397256
vt 0.600961 0.449632
vt 0.600961 0.593776
vt 0.648426 0.593776
vt 0.707054 0.409801
vt 0.648426 0.203461
vt 0.648426 0.247969
vt 0.600961 0.247969
vt 0.600961 0.203461
vt 0.691394 0.420265
vt 0.724454 0.586469
vt 0.726802 0.578729
vt 0.707054 0.579261
vt 0.710867 0.572128
vt 0.691394 0.568798
vt 0.696525 0.562545
vt 0.678077 0.555480
vt 0.684329 0.550349
vt 0.667613 0.539820
vt 0.674746 0.536007
vt 0.660406 0.522420
vt 0.668145 0.520072
vt 0.656732 0.503947
vt 0.664780 0.503155
vt 0.656732 0.485114
vt 0.664781 0.485906
vt 0.660406 0.466641
vt 0.668146 0.468989
vt 0.667614 0.449241
vt 0.674747 0.453054
vt 0.678077 0.433581
vt 0.684330 0.438712
vt 0.691395 0.420264
vt 0.696526 0.426516
vt 0.812837 0.500490
vt 0.812837 0.488573
vt 0.839907 0.503156
vt 0.790907 0.447543
vt 0.780999 0.440923
vt 0.793821 0.416934
vt 0.808163 0.426517
vt 0.694175 0.512176
vt 0.698735 0.523185
vt 0.810512 0.512177
vt 0.836542 0.520073
vt 0.799332 0.455969
vt 0.820359 0.438713
vt 0.691850 0.500489
vt 0.805952 0.523186
vt 0.829941 0.536008
vt 0.805952 0.465877
vt 0.829942 0.453055
vt 0.691850 0.488573
vt 0.799332 0.533094
vt 0.820358 0.550350
vt 0.810513 0.476886
vt 0.694175 0.476885
vt 0.790906 0.541520
vt 0.808162 0.562546
vt 0.698735 0.465876
vt 0.780998 0.548140
vt 0.705356 0.455968
vt 0.769989 0.552700
vt 0.713782 0.447543
vt 0.758302 0.555025
vt 0.723690 0.440922
vt 0.746385 0.555024
vt 0.734699 0.436362
vt 0.734698 0.552700
vt 0.746386 0.434038
vt 0.723689 0.548140
vt 0.758302 0.434038
vt 0.713781 0.541519
vt 0.769990 0.436363
vt 0.777886 0.410333
vt 0.705355 0.533093
vt 0.648426 0.296649
vt 0.600961 0.296649
vt 0.678077 0.433583
vt 0.648426 0.347398
vt 0.600961 0.347398
vt 0.667613 0.449243
vt 0.648426 0.397310
vt 0.600961 0.397310
vt 0.660406 0.466643
vt 0.648426 0.449608
vt 0.600961 0.449608
vt 0.656732 0.485115
vt 0.648426 0.499851
vt 0.600961 0.499851
vt 0.656732 0.503949
vt 0.648426 0.547345
vt 0.600961 0.547345
vt 0.660406 0.522421
vt 0.648426 0.594235
vt 0.600961 0.594235
vt 0.600961 0.499851
vt 0.648426 0.499851
vt 0.780234 0.402594
vt 0.600961 0.547345
vt 0.648426 0.547345
vt 0.797634 0.409801
vt 0.600961 0.594235
vt 0.648426 0.594235
vt 0.847956 0.503949
vt 0.648426 0.500039
vt 0.600961 0.500039
vt 0.813294 0.420265
vt 0.648426 0.247892
vt 0.648426 0.203490
vt 0.600961 0.203490
vt 0.600961 0.247892
vt 0.844281 0.522421
vt 0.648426 0.547278
vt 0.600961 0.547278
vt 0.826611 0.433582
vt 0.648426 0.296596
vt 0.600961 0.296596
vt 0.837074 0.539821
vt 0.648426 0.593777
vt 0.600961 0.593777
vt 0.837074 0.449243
vt 0.648426 0.347487
vt 0.600961 0.347487
vt 0.826610 0.555481
vt 0.648426 0.247891
vt 0.648426 0.203490
vt 0.600961 0.203490
vt 0.600961 0.247891
vt 0.813293 0.568798
vt 0.648426 0.296596
vt 0.600961 0.296596
vt 0.648426 0.347486
vt 0.600961 0.347486
vt 0.780232 0.402593
vt 0.600961 0.397256
vt 0.648426 0.397256
vt 0.761760 0.398919
vt 0.600961 0.449632
vt 0.648426 0.449632
vt 0.243071 0.754449
vt 0.243071 0.754449
vt 0.243071 0.754449
vt 0.243071 0.754449
vt 0.243071 0.754449
vt 0.243071 0.754449
vt 0.243071 0.754449
vt 0.243071 0.754449
vt 0.243071 0.754449
vt 0.243071 0.754449
vt 0.243071 0.754449
vt 0.243071 0.754449
vt 0.243071 0.754449
vt 0.243071 0.754449
vt 0.243071 0.754449
vt 0.243071 0.754449
vt 0.243071 0.754449
vt 0.243071 0.754449
vt 0.243071 0.754449
vt 0.243071 0.754449
vt 0.243071 0.754449
vt 0.243071 0.754449
vt 0.243071 0.754449
vt 0.243071 0.754449
vt 0.243071 0.754449
vt 0.243071 0.754449
vt 0.243071 0.754449
vt 0.245551 0.759410
vt 0.245551 0.759410
vt 0.245551 0.759410
vt 0.243071 0.754449
vt 0.243071 0.754449
vt 0.243071 0.754449
vt 0.243071 0.754449
vt 0.243071 0.754449
vt 0.243071 0.754449
vt 0.243071 0.754449
vt 0.243071 0.754449
vt 0.243071 0.754449
vt 0.243071 0.754449
vt 0.243071 0.754449
vt 0.243071 0.754449
vt 0.243071 0.754449
vt 0.243071 0.754449
vt 0.243071 0.754449
vt 0.243071 0.754449
vt 0.243071 0.754449
vt 0.243071 0.754449
vt 0.243071 0.754449
vt 0.243071 0.754449
vt 0.243071 0.754449
vt 0.243071 0.754449
vt 0.243071 0.754449
vt 0.243071 0.754449
vt 0.243071 0.754449
vt 0.243071 0.754449
vt 0.243071 0.754449
vt 0.243071 0.754449
vt 0.243071 0.754449
vt 0.243071 0.754449
vt 0.243071 0.754449
vt 0.243071 0.754449
vt 0.243071 0.754449
vt 0.243071 0.754449
vt 0.243071 0.754449
vt 0.243071 0.754449
vt 0.243071 0.754449
vt 0.243071 0.754449
vt 0.243071 0.754449
vt 0.243071 0.754449
vt 0.243071 0.754449
vt 0.243071 0.754449
vt 0.243071 0.754449
vt 0.243071 0.754449
vt 0.243071 0.754449
vt 0.243071 0.754449
vt 0.243071 0.754449
vt 0.243071 0.754449
vt 0.243071 0.754449
vt 0.243071 0.754449
vt 0.243071 0.754449
vt 0.243071 0.754449
vt 0.243071 0.754449
vt 0.243071 0.754449
vt 0.243071 0.754449
vt 0.243071 0.754449
vt 0.243071 0.754449
vt 0.243071 0.754449
vt 0.243071 0.754449
vt 0.243071 0.754449
vt 0.243071 0.754449
vt 0.243071 0.754449
vt 0.243071 0.754449
vt 0.243071 0.754449
vt 0.243071 0.754449
vt 0.243071 0.754449
vt 0.243071 0.754449
vt 0.243071 0.754449
vt 0.243071 0.754449
vt 0.243071 0.754449
vt 0.243071 0.754449
vt 0.243071 0.754449
vt 0.243071 0.754449
vt 0.243071 0.754449
vt 0.243071 0.754449
vt 0.243071 0.754449
vt 0.243071 0.754449
vt 0.243071 0.754449
vt 0.243071 0.754449
vt 0.243071 0.754449
vt 0.243071 0.754449
vt 0.243071 0.754449
vt 0.243071 0.754449
vt 0.243071 0.754449
vt 0.243071 0.754449
vt 0.243071 0.754449
vt 0.243071 0.754449
vt 0.243071 0.754449
vt 0.243071 0.754449
vt 0.243071 0.754449
vt 0.243071 0.754449
vt 0.243071 0.754449
vt 0.243071 0.754449
vt 0.243071 0.754449
vt 0.243071 0.754449
vt 0.243071 0.754449
vt 0.243071 0.754449
vt 0.243071 0.754449
vt 0.243071 0.754449
vt 0.243071 0.754449
vt 0.243071 0.754449
vt 0.416139 0.456560
vt 0.418355 0.458379
vt 0.414584 0.464024
vt 0.412055 0.462672
vt 0.441451 0.443030
vt 0.441732 0.445884
vt 0.435073 0.447208
vt 0.434241 0.444465
vt 0.412055 0.498026
vt 0.414584 0.496675
vt 0.418355 0.502320
vt 0.416139 0.504139
vt 0.407808 0.484025
vt 0.410661 0.483744
vt 0.411985 0.490403
vt 0.409242 0.491235
vt 0.481011 0.469395
vt 0.478268 0.470227
vt 0.475669 0.463955
vt 0.478198 0.462603
vt 0.462804 0.447277
vt 0.461452 0.449806
vt 0.455180 0.447208
vt 0.456012 0.444464
vt 0.423156 0.507120
vt 0.421337 0.509337
vt 0.434241 0.516234
vt 0.435073 0.513490
vt 0.441732 0.514815
vt 0.441451 0.517668
vt 0.456012 0.516234
vt 0.455180 0.513490
vt 0.461452 0.510892
vt 0.462804 0.513421
vt 0.409242 0.491165
vt 0.411985 0.490333
vt 0.414583 0.496605
vt 0.412055 0.497957
vt 0.448802 0.517668
vt 0.448521 0.514815
vt 0.421337 0.451292
vt 0.423156 0.453509
vt 0.418355 0.458309
vt 0.416139 0.456490
vt 0.474114 0.504138
vt 0.471898 0.502320
vt 0.475670 0.496674
vt 0.478198 0.498026
vt 0.441451 0.442961
vt 0.441732 0.445814
vt 0.435074 0.447139
vt 0.434241 0.444395
vt 0.478268 0.490402
vt 0.481011 0.491234
vt 0.428801 0.510892
vt 0.427450 0.513421
vt 0.481011 0.469463
vt 0.478267 0.470296
vt 0.475669 0.464023
vt 0.478198 0.462672
vt 0.471897 0.458378
vt 0.474114 0.456560
vt 0.479592 0.483743
vt 0.482445 0.484025
vt 0.481011 0.491166
vt 0.478267 0.490334
vt 0.479592 0.483675
vt 0.482445 0.483956
vt 0.427449 0.513352
vt 0.428801 0.510823
vt 0.435073 0.513421
vt 0.434241 0.516165
vt 0.409242 0.469464
vt 0.411985 0.470296
vt 0.410661 0.476955
vt 0.407808 0.476674
vt 0.478198 0.497957
vt 0.475669 0.496606
vt 0.448802 0.517599
vt 0.448521 0.514746
vt 0.455180 0.513421
vt 0.456012 0.516165
vt 0.468916 0.509268
vt 0.467097 0.507051
vt 0.471897 0.502251
vt 0.474114 0.504070
vt 0.427449 0.447278
vt 0.428801 0.449806
vt 0.423156 0.453578
vt 0.421337 0.451362
vt 0.482445 0.476605
vt 0.479592 0.476886
vt 0.468916 0.451361
vt 0.467097 0.453578
vt 0.474114 0.456491
vt 0.471898 0.458310
vt 0.467097 0.453509
vt 0.468916 0.451293
vt 0.441732 0.514745
vt 0.441451 0.517599
vt 0.456012 0.444395
vt 0.455180 0.447139
vt 0.448521 0.445814
vt 0.448802 0.442961
vt 0.407808 0.483955
vt 0.410661 0.483674
vt 0.461452 0.510823
vt 0.462803 0.513352
vt 0.409242 0.469394
vt 0.411985 0.470227
vt 0.410661 0.476885
vt 0.407808 0.476604
vt 0.421337 0.509267
vt 0.423156 0.507051
vt 0.462804 0.447209
vt 0.461452 0.449737
vt 0.479592 0.476954
vt 0.482445 0.476673
vt 0.448802 0.443030
vt 0.448521 0.445884
vt 0.427449 0.447208
vt 0.428801 0.449737
vt 0.412055 0.462603
vt 0.414584 0.463954
vt 0.416139 0.504069
vt 0.418355 0.502250
vt 0.467097 0.507120
vt 0.468916 0.509337
vt 0.465137 0.538451
vt 0.467458 0.536056
vt 0.467458 0.541056
vt 0.465137 0.543451
vt 0.454502 0.529917
vt 0.457208 0.527968
vt 0.457208 0.534111
vt 0.454502 0.536061
vt 0.431854 0.529862
vt 0.434490 0.531906
vt 0.434490 0.537765
vt 0.431854 0.535721
vt 0.563860 0.535376
vt 0.566486 0.533319
vt 0.566486 0.539144
vt 0.563860 0.541200
vt 0.465137 0.527963
vt 0.467844 0.529912
vt 0.467844 0.536056
vt 0.465137 0.534107
vt 0.427819 0.529862
vt 0.430455 0.531906
vt 0.430455 0.537765
vt 0.427819 0.535721
vt 0.569113 0.533319
vt 0.571738 0.535377
vt 0.571738 0.541198
vt 0.569112 0.539140
vt 0.421849 0.531911
vt 0.424484 0.529866
vt 0.424484 0.535722
vt 0.421849 0.537767
vt 0.425184 0.531911
vt 0.427819 0.529866
vt 0.427819 0.535722
vt 0.425184 0.537767
vt 0.474514 0.535354
vt 0.476863 0.537722
vt 0.476863 0.542780
vt 0.474514 0.540412
vt 0.458466 0.527967
vt 0.461173 0.529917
vt 0.461173 0.536060
vt 0.458466 0.534111
vt 0.566486 0.535376
vt 0.569112 0.533319
vt 0.569112 0.539143
vt 0.566486 0.541200
vt 0.444496 0.530039
vt 0.447202 0.528090
vt 0.447202 0.534234
vt 0.444496 0.536183
vt 0.434490 0.536028
vt 0.436814 0.538420
vt 0.436814 0.543426
vt 0.434490 0.541033
vt 0.571738 0.533319
vt 0.574363 0.535377
vt 0.574363 0.541198
vt 0.571738 0.539140
vt 0.471179 0.535811
vt 0.473531 0.533445
vt 0.473531 0.538509
vt 0.471179 0.540874
vt 0.417113 0.535726
vt 0.414478 0.537771
vt 0.414478 0.531917
vt 0.417113 0.529871
vt 0.410434 0.535701
vt 0.407808 0.537757
vt 0.407808 0.531931
vt 0.410434 0.529875
vt 0.440872 0.543442
vt 0.438524 0.541073
vt 0.438524 0.536018
vt 0.440872 0.538387
vt 0.454502 0.534114
vt 0.451795 0.536063
vt 0.451795 0.529920
vt 0.454502 0.527971
vt 0.454502 0.536063
vt 0.454502 0.544366
vt 0.452662 0.541584
vt 0.583877 0.523644
vt 0.583877 0.531401
vt 0.582375 0.528423
vt 0.434490 0.533984
vt 0.437126 0.530166
vt 0.437126 0.536028
vt 0.414478 0.535701
vt 0.411852 0.537757
vt 0.411852 0.531930
vt 0.414478 0.529875
vt 0.463879 0.541053
vt 0.461560 0.543450
vt 0.461560 0.538453
vt 0.463879 0.536056
vt 0.461173 0.534107
vt 0.463879 0.529912
vt 0.463879 0.536056
vt 0.554001 0.541198
vt 0.551377 0.539140
vt 0.551377 0.533322
vt 0.554001 0.535380
vt 0.443867 0.534243
vt 0.441161 0.536192
vt 0.441161 0.530049
vt 0.443867 0.528100
vt 0.563025 0.538389
vt 0.560672 0.540752
vt 0.560672 0.535685
vt 0.563025 0.533322
vt 0.438524 0.533975
vt 0.441161 0.530157
vt 0.441161 0.536018
vt 0.451166 0.536064
vt 0.448460 0.534114
vt 0.448460 0.527971
vt 0.451166 0.529920
vt 0.420448 0.535726
vt 0.417814 0.537771
vt 0.417814 0.531917
vt 0.420448 0.529871
vt 0.472829 0.533445
vt 0.467844 0.533445
vt 0.469167 0.527960
vt 0.438316 0.536028
vt 0.438316 0.543784
vt 0.436814 0.540806
vt 0.434490 0.528123
vt 0.461173 0.527963
vt 0.438524 0.528114
vt 0.576203 0.533319
vt 0.576203 0.541622
vt 0.574363 0.538840
vt 0.492369 0.543099
vt 0.516911 0.540681
vt 0.493312 0.547840
vt 0.538660 0.552306
vt 0.540510 0.547840
vt 0.538660 0.529056
vt 0.535974 0.525037
vt 0.492369 0.538264
vt 0.535974 0.556326
vt 0.540510 0.533522
vt 0.493312 0.533523
vt 0.532556 0.559744
vt 0.541453 0.538264
vt 0.495162 0.529057
vt 0.528536 0.562430
vt 0.497848 0.525037
vt 0.524070 0.564280
vt 0.501266 0.521619
vt 0.519328 0.565223
vt 0.505286 0.518933
vt 0.532555 0.521618
vt 0.541453 0.543098
vt 0.495162 0.552307
vt 0.528535 0.518932
vt 0.497848 0.556326
vt 0.524069 0.517082
vt 0.501267 0.559745
vt 0.519328 0.516139
vt 0.505286 0.562430
vt 0.514493 0.516139
vt 0.509753 0.564280
vt 0.509752 0.517083
vt 0.514494 0.565223
vt 0.576344 0.491437
vt 0.563860 0.491437
vt 0.563860 0.485409
vt 0.576344 0.485409
vt 0.563860 0.533322
vt 0.551377 0.533322
vt 0.551377 0.527300
vt 0.563860 0.527300
vt 0.551377 0.520783
vt 0.563860 0.520783
vt 0.551377 0.514020
vt 0.563860 0.514020
vt 0.551377 0.507271
vt 0.563860 0.507271
vt 0.551377 0.500795
vt 0.563860 0.500795
vt 0.551377 0.494842
vt 0.563860 0.494842
vt 0.576344 0.485409
vt 0.563860 0.485409
vt 0.563860 0.479463
vt 0.576344 0.479463
vt 0.563860 0.472992
vt 0.576344 0.472992
vt 0.563860 0.466244
vt 0.576344 0.466244
vt 0.563860 0.459480
vt 0.576344 0.459480
vt 0.563860 0.452959
vt 0.576344 0.452959
vt 0.563860 0.446931
vt 0.576344 0.446931
vt 0.563860 0.441628
vt 0.576344 0.441628
vt 0.563860 0.437254
vt 0.576344 0.437254
vt 0.551377 0.437254
vt 0.563860 0.441617
vt 0.551377 0.441617
vt 0.563860 0.446911
vt 0.551377 0.446911
vt 0.563860 0.452932
vt 0.551377 0.452932
vt 0.563860 0.459450
vt 0.551377 0.459450
vt 0.563860 0.466213
vt 0.551377 0.466213
vt 0.563860 0.472962
vt 0.551377 0.472962
vt 0.563860 0.479437
vt 0.551377 0.479437
vt 0.563860 0.485390
vt 0.551377 0.485390
vt 0.563860 0.490592
vt 0.551377 0.490592
vt 0.563860 0.494842
vt 0.551377 0.494842
vt 0.576344 0.533319
vt 0.563860 0.533319
vt 0.563860 0.529080
vt 0.576344 0.529080
vt 0.563860 0.523887
vt 0.576344 0.523887
vt 0.563860 0.517941
vt 0.576344 0.517941
vt 0.563860 0.511470
vt 0.576344 0.511470
vt 0.563860 0.504722
vt 0.576344 0.504722
vt 0.563860 0.497958
vt 0.576344 0.497958
vt 0.588406 0.449804
vt 0.582375 0.449804
vt 0.582375 0.443282
vt 0.588406 0.443282
vt 0.543934 0.538019
vt 0.542895 0.532799
vt 0.588406 0.456568
vt 0.582375 0.456568
vt 0.492963 0.527881
vt 0.490926 0.532799
vt 0.588406 0.463315
vt 0.582375 0.463315
vt 0.529711 0.564629
vt 0.534137 0.561671
vt 0.588406 0.469786
vt 0.582375 0.469786
vt 0.490927 0.463837
vt 0.493312 0.464561
vt 0.492369 0.469302
vt 0.489888 0.469058
vt 0.588406 0.475733
vt 0.582375 0.475733
vt 0.542896 0.463838
vt 0.540510 0.464562
vt 0.538660 0.460095
vt 0.540859 0.458920
vt 0.588406 0.480925
vt 0.582375 0.480925
vt 0.499685 0.492710
vt 0.501266 0.490783
vt 0.505286 0.493468
vt 0.504111 0.495667
vt 0.588406 0.485165
vt 0.582375 0.485165
vt 0.495921 0.523456
vt 0.576344 0.490592
vt 0.582375 0.490592
vt 0.582375 0.494842
vt 0.576344 0.494842
vt 0.524794 0.566666
vt 0.576344 0.485390
vt 0.582375 0.485390
vt 0.535974 0.456076
vt 0.537901 0.454494
vt 0.576344 0.479437
vt 0.582375 0.479437
vt 0.509752 0.495319
vt 0.509028 0.497704
vt 0.576344 0.472962
vt 0.582375 0.472962
vt 0.499684 0.519692
vt 0.576344 0.466213
vt 0.582375 0.466213
vt 0.519573 0.567704
vt 0.576344 0.459450
vt 0.582375 0.459450
vt 0.532556 0.452657
vt 0.534137 0.450730
vt 0.576344 0.452932
vt 0.582375 0.452932
vt 0.514494 0.496262
vt 0.514249 0.498743
vt 0.576344 0.446911
vt 0.582375 0.446911
vt 0.504110 0.516734
vt 0.576344 0.441617
vt 0.582375 0.441617
vt 0.514250 0.567704
vt 0.576344 0.437254
vt 0.582375 0.437254
vt 0.528536 0.449971
vt 0.529712 0.447773
vt 0.582375 0.499216
vt 0.576344 0.499216
vt 0.576344 0.494842
vt 0.582375 0.494842
vt 0.519328 0.496262
vt 0.519572 0.498743
vt 0.582375 0.504519
vt 0.576344 0.504519
vt 0.509028 0.514697
vt 0.582375 0.510547
vt 0.576344 0.510547
vt 0.509029 0.566666
vt 0.582375 0.517068
vt 0.576344 0.517068
vt 0.524070 0.448121
vt 0.524794 0.445736
vt 0.582375 0.523832
vt 0.576344 0.523832
vt 0.524069 0.495319
vt 0.524793 0.497704
vt 0.582375 0.530580
vt 0.576344 0.530580
vt 0.514249 0.513659
vt 0.582375 0.537051
vt 0.576344 0.537051
vt 0.504111 0.564629
vt 0.582375 0.542997
vt 0.576344 0.542997
vt 0.519329 0.447178
vt 0.519573 0.444697
vt 0.588406 0.491118
vt 0.582375 0.491118
vt 0.582375 0.485165
vt 0.588406 0.485165
vt 0.528536 0.493469
vt 0.529711 0.495668
vt 0.588406 0.497593
vt 0.582375 0.497593
vt 0.519572 0.513658
vt 0.588406 0.504342
vt 0.582375 0.504342
vt 0.499685 0.561672
vt 0.588406 0.511105
vt 0.582375 0.511105
vt 0.514494 0.447178
vt 0.514250 0.444697
vt 0.588406 0.517623
vt 0.582375 0.517623
vt 0.532555 0.490783
vt 0.534137 0.492710
vt 0.588406 0.523644
vt 0.582375 0.523644
vt 0.524793 0.514697
vt 0.582375 0.437254
vt 0.588406 0.437254
vt 0.495921 0.557908
vt 0.495921 0.488946
vt 0.497848 0.487364
vt 0.543934 0.469059
vt 0.541453 0.469303
vt 0.492964 0.458919
vt 0.495162 0.460095
vt 0.537901 0.557907
vt 0.489888 0.538020
vt 0.540858 0.527881
vt 0.492964 0.484520
vt 0.495162 0.483345
vt 0.543934 0.474382
vt 0.541453 0.474137
vt 0.495921 0.454494
vt 0.497848 0.456075
vt 0.540858 0.553481
vt 0.489888 0.543343
vt 0.537901 0.523455
vt 0.490927 0.479602
vt 0.493312 0.478878
vt 0.542895 0.479603
vt 0.540510 0.478879
vt 0.499685 0.450730
vt 0.501267 0.452657
vt 0.542895 0.548563
vt 0.490927 0.548564
vt 0.534137 0.519691
vt 0.489888 0.474381
vt 0.492369 0.474137
vt 0.540858 0.484520
vt 0.538660 0.483345
vt 0.504111 0.447772
vt 0.505286 0.449971
vt 0.543934 0.543343
vt 0.492964 0.553482
vt 0.529711 0.516734
vt 0.537901 0.488946
vt 0.535974 0.487365
vt 0.509029 0.445735
vt 0.509753 0.448121
vt 0.513517 0.437254
vt 0.513761 0.439735
vt 0.507582 0.440964
vt 0.506858 0.438579
vt 0.444496 0.522512
vt 0.441161 0.522512
vt 0.441161 0.517599
vt 0.444496 0.517599
vt 0.538881 0.498491
vt 0.537300 0.496564
vt 0.541755 0.492109
vt 0.543682 0.493691
vt 0.501761 0.443375
vt 0.500586 0.441177
vt 0.545255 0.486871
vt 0.547454 0.488046
vt 0.482446 0.468325
vt 0.484926 0.468569
vt 0.484926 0.474870
vt 0.482445 0.475114
vt 0.461173 0.522676
vt 0.457837 0.522676
vt 0.457837 0.517599
vt 0.461173 0.517599
vt 0.496522 0.446876
vt 0.494941 0.444949
vt 0.547666 0.481050
vt 0.550052 0.481773
vt 0.486156 0.481049
vt 0.483770 0.481773
vt 0.454502 0.536061
vt 0.457837 0.536061
vt 0.457837 0.540787
vt 0.454502 0.540787
vt 0.492067 0.451331
vt 0.490140 0.449749
vt 0.481185 0.531204
vt 0.477849 0.531204
vt 0.477849 0.526483
vt 0.481185 0.526483
vt 0.548896 0.474871
vt 0.551377 0.475115
vt 0.488566 0.486870
vt 0.486368 0.488045
vt 0.488567 0.456569
vt 0.486368 0.455394
vt 0.451795 0.540785
vt 0.448460 0.540785
vt 0.448460 0.536064
vt 0.451795 0.536064
vt 0.548896 0.468570
vt 0.551377 0.468326
vt 0.424484 0.523604
vt 0.421149 0.523604
vt 0.421149 0.517599
vt 0.424484 0.517599
vt 0.492067 0.492109
vt 0.490140 0.493690
vt 0.486156 0.462390
vt 0.483770 0.461666
vt 0.547667 0.462391
vt 0.550052 0.461667
vt 0.496522 0.496564
vt 0.494940 0.498491
vt 0.461173 0.527967
vt 0.457837 0.527967
vt 0.533236 0.502263
vt 0.532061 0.500065
vt 0.520306 0.437254
vt 0.520062 0.439735
vt 0.526964 0.504861
vt 0.526240 0.502476
vt 0.526965 0.438579
vt 0.526241 0.440964
vt 0.520305 0.506185
vt 0.520061 0.503705
vt 0.464508 0.522673
vt 0.467844 0.522673
vt 0.467844 0.527963
vt 0.464508 0.527963
vt 0.533237 0.441177
vt 0.532062 0.443376
vt 0.513516 0.506185
vt 0.513760 0.503705
vt 0.417814 0.529871
vt 0.414478 0.529871
vt 0.414478 0.523862
vt 0.417814 0.523862
vt 0.538882 0.444949
vt 0.537300 0.446876
vt 0.421160 0.541103
vt 0.421160 0.537767
vt 0.424484 0.537767
vt 0.424484 0.541103
vt 0.506857 0.504861
vt 0.507581 0.502475
vt 0.543682 0.449750
vt 0.541755 0.451331
vt 0.414478 0.517599
vt 0.417814 0.517599
vt 0.500585 0.502263
vt 0.501760 0.500064
vt 0.547454 0.455395
vt 0.545256 0.456570
vt 0.533236 0.510138
vt 0.532061 0.512337
vt 0.526240 0.509926
vt 0.526964 0.507540
vt 0.486368 0.557007
vt 0.488567 0.555832
vt 0.492067 0.561071
vt 0.490140 0.562652
vt 0.417814 0.523608
vt 0.421149 0.523608
vt 0.421149 0.529871
vt 0.417814 0.529871
vt 0.551377 0.544075
vt 0.548896 0.543831
vt 0.548895 0.537531
vt 0.551376 0.537286
vt 0.538881 0.513910
vt 0.537300 0.515837
vt 0.483770 0.550735
vt 0.486156 0.550011
vt 0.550052 0.550734
vt 0.547666 0.550011
vt 0.437825 0.517599
vt 0.441161 0.517599
vt 0.441161 0.522520
vt 0.437825 0.522520
vt 0.543682 0.518710
vt 0.541755 0.520292
vt 0.481185 0.535354
vt 0.477849 0.535354
vt 0.482445 0.544076
vt 0.484926 0.543832
vt 0.547454 0.557006
vt 0.545256 0.555831
vt 0.547454 0.524355
vt 0.545255 0.525531
vt 0.441161 0.528114
vt 0.437825 0.528114
vt 0.482445 0.537287
vt 0.484926 0.537532
vt 0.424484 0.529866
vt 0.421149 0.529866
vt 0.543682 0.562651
vt 0.541755 0.561070
vt 0.550052 0.530628
vt 0.547666 0.531351
vt 0.483770 0.530628
vt 0.486155 0.531352
vt 0.538882 0.567452
vt 0.537300 0.565525
vt 0.444496 0.528100
vt 0.441161 0.528100
vt 0.496522 0.565526
vt 0.494941 0.567453
vt 0.424484 0.517599
vt 0.427819 0.517599
vt 0.427819 0.523860
vt 0.424484 0.523860
vt 0.520061 0.508697
vt 0.520305 0.506216
vt 0.464508 0.522889
vt 0.461173 0.522889
vt 0.461173 0.517599
vt 0.464508 0.517599
vt 0.501761 0.569026
vt 0.500586 0.571225
vt 0.513760 0.508697
vt 0.513516 0.506216
vt 0.427819 0.529866
vt 0.424484 0.529866
vt 0.507582 0.571437
vt 0.506858 0.573823
vt 0.507581 0.509926
vt 0.506857 0.507540
vt 0.513761 0.572666
vt 0.513517 0.575147
vt 0.464508 0.517599
vt 0.467844 0.517599
vt 0.501760 0.512337
vt 0.500585 0.510139
vt 0.520061 0.572666
vt 0.520306 0.575147
vt 0.496522 0.515838
vt 0.494940 0.513910
vt 0.424486 0.541102
vt 0.424486 0.537767
vt 0.427819 0.537767
vt 0.427819 0.541102
vt 0.526241 0.571437
vt 0.526965 0.573822
vt 0.492067 0.520293
vt 0.490139 0.518711
vt 0.532062 0.569026
vt 0.533237 0.571224
vt 0.488566 0.525531
vt 0.486368 0.524356
vt 0.464508 0.527963
vt 0.461173 0.527963
vt 0.417814 0.517599
vt 0.421149 0.517599
vt 0.407808 0.537757
vt 0.411143 0.537757
vt 0.411143 0.541691
vt 0.407808 0.541691
vt 0.444496 0.540137
vt 0.441161 0.540137
vt 0.441161 0.536192
vt 0.444496 0.536192
vt 0.477849 0.517599
vt 0.481185 0.517599
vt 0.481185 0.522325
vt 0.477849 0.522325
vt 0.481185 0.526483
vt 0.477849 0.526483
vt 0.467844 0.533445
vt 0.471179 0.533445
vt 0.471179 0.539033
vt 0.467844 0.539033
vt 0.557337 0.533322
vt 0.560672 0.533322
vt 0.560672 0.538915
vt 0.557337 0.538915
vt 0.457837 0.527968
vt 0.454502 0.527968
vt 0.454502 0.522676
vt 0.457837 0.522676
vt 0.454502 0.517599
vt 0.457837 0.517599
vt 0.540510 0.533493
vt 0.516911 0.540651
vt 0.538660 0.529026
vt 0.493312 0.533492
vt 0.492369 0.538234
vt 0.497848 0.556296
vt 0.501266 0.559714
vt 0.541453 0.538234
vt 0.495162 0.529026
vt 0.495162 0.552276
vt 0.541453 0.543068
vt 0.497848 0.525006
vt 0.493312 0.547810
vt 0.540510 0.547810
vt 0.501267 0.521588
vt 0.538660 0.552276
vt 0.505286 0.518902
vt 0.535974 0.556296
vt 0.509752 0.517052
vt 0.532555 0.559714
vt 0.505286 0.562400
vt 0.492369 0.543068
vt 0.535974 0.525007
vt 0.509752 0.564250
vt 0.532556 0.521588
vt 0.514494 0.565193
vt 0.528536 0.518902
vt 0.519328 0.565193
vt 0.524070 0.517052
vt 0.524069 0.564250
vt 0.519328 0.516109
vt 0.528536 0.562400
vt 0.514494 0.516109
vt 0.490927 0.548533
vt 0.492963 0.553451
vt 0.542895 0.548533
vt 0.543934 0.543313
vt 0.499685 0.519661
vt 0.495921 0.523425
vt 0.540859 0.484511
vt 0.538660 0.483336
vt 0.540510 0.478870
vt 0.542896 0.479593
vt 0.489888 0.474373
vt 0.492369 0.474129
vt 0.493313 0.478870
vt 0.490927 0.479594
vt 0.537901 0.454485
vt 0.535974 0.456066
vt 0.532556 0.452648
vt 0.534137 0.450721
vt 0.540858 0.553451
vt 0.504111 0.516704
vt 0.495162 0.483336
vt 0.492964 0.484511
vt 0.528536 0.449962
vt 0.529711 0.447764
vt 0.537901 0.557877
vt 0.509029 0.514667
vt 0.497848 0.487356
vt 0.495921 0.488937
vt 0.524070 0.448112
vt 0.524793 0.445727
vt 0.534137 0.561641
vt 0.514250 0.513628
vt 0.501267 0.490774
vt 0.499685 0.492701
vt 0.519328 0.447169
vt 0.519573 0.444688
vt 0.529711 0.564599
vt 0.519573 0.513628
vt 0.505286 0.493460
vt 0.504111 0.495659
vt 0.514494 0.447169
vt 0.514250 0.444688
vt 0.524793 0.566635
vt 0.524793 0.514667
vt 0.509753 0.495310
vt 0.509029 0.497696
vt 0.509752 0.448112
vt 0.509029 0.445727
vt 0.519572 0.567674
vt 0.529711 0.516704
vt 0.514494 0.496253
vt 0.514250 0.498734
vt 0.505286 0.449962
vt 0.504111 0.447764
vt 0.514249 0.567674
vt 0.534137 0.519661
vt 0.540859 0.458911
vt 0.538660 0.460086
vt 0.489888 0.469050
vt 0.492369 0.469294
vt 0.537901 0.488937
vt 0.535975 0.487356
vt 0.492964 0.527851
vt 0.543934 0.537990
vt 0.495921 0.557877
vt 0.542896 0.463829
vt 0.540510 0.464552
vt 0.490927 0.463829
vt 0.493312 0.464553
vt 0.534137 0.492701
vt 0.532556 0.490774
vt 0.490927 0.532768
vt 0.542895 0.532769
vt 0.499685 0.561641
vt 0.543934 0.469049
vt 0.541453 0.469294
vt 0.492964 0.458911
vt 0.495162 0.460086
vt 0.529712 0.495658
vt 0.528536 0.493460
vt 0.489888 0.537989
vt 0.540858 0.527851
vt 0.504111 0.564598
vt 0.543934 0.474372
vt 0.541453 0.474128
vt 0.495921 0.454485
vt 0.497848 0.456067
vt 0.524794 0.497696
vt 0.524070 0.495310
vt 0.489888 0.543312
vt 0.537901 0.523425
vt 0.509029 0.566635
vt 0.499685 0.450721
vt 0.501267 0.452648
vt 0.519573 0.498734
vt 0.519329 0.496253
vt 0.513517 0.506177
vt 0.513761 0.503696
vt 0.520062 0.503696
vt 0.520306 0.506177
vt 0.411143 0.523863
vt 0.407808 0.523863
vt 0.407808 0.517599
vt 0.411143 0.517599
vt 0.500586 0.441168
vt 0.501761 0.443367
vt 0.496522 0.446867
vt 0.494941 0.444940
vt 0.526241 0.502466
vt 0.526965 0.504852
vt 0.492067 0.451322
vt 0.490140 0.449741
vt 0.550052 0.481764
vt 0.547667 0.481040
vt 0.548896 0.474861
vt 0.551377 0.475105
vt 0.471179 0.522670
vt 0.474514 0.522670
vt 0.474514 0.527960
vt 0.471179 0.527960
vt 0.532062 0.500055
vt 0.533237 0.502254
vt 0.488567 0.456561
vt 0.486368 0.455386
vt 0.548896 0.468561
vt 0.551377 0.468316
vt 0.431154 0.541104
vt 0.427819 0.541104
vt 0.427819 0.537765
vt 0.431154 0.537765
vt 0.537300 0.496555
vt 0.538882 0.498482
vt 0.451166 0.522678
vt 0.447831 0.522678
vt 0.447831 0.517599
vt 0.451166 0.517599
vt 0.486156 0.462382
vt 0.483770 0.461658
vt 0.547667 0.462381
vt 0.550052 0.461658
vt 0.541756 0.492100
vt 0.543683 0.493681
vt 0.414478 0.541106
vt 0.414478 0.537771
vt 0.417797 0.537771
vt 0.417797 0.541106
vt 0.484927 0.468561
vt 0.482446 0.468317
vt 0.411143 0.523611
vt 0.414478 0.523611
vt 0.414478 0.529875
vt 0.411143 0.529875
vt 0.545256 0.456560
vt 0.547454 0.455385
vt 0.545256 0.486861
vt 0.547454 0.488036
vt 0.484927 0.474862
vt 0.482446 0.475106
vt 0.541755 0.451322
vt 0.543682 0.449741
vt 0.471179 0.517599
vt 0.474514 0.517599
vt 0.506858 0.438570
vt 0.507222 0.441948
vt 0.506858 0.504852
vt 0.507582 0.502467
vt 0.513517 0.437246
vt 0.513761 0.439726
vt 0.500586 0.502254
vt 0.501761 0.500056
vt 0.520306 0.437246
vt 0.520061 0.439726
vt 0.474514 0.522328
vt 0.477849 0.522328
vt 0.477849 0.526491
vt 0.474514 0.526491
vt 0.494941 0.498482
vt 0.496523 0.496555
vt 0.526964 0.438570
vt 0.526241 0.440955
vt 0.431155 0.529862
vt 0.427819 0.529862
vt 0.427819 0.523602
vt 0.431155 0.523602
vt 0.490140 0.493682
vt 0.492067 0.492100
vt 0.447831 0.540900
vt 0.444496 0.540900
vt 0.444496 0.536183
vt 0.447831 0.536183
vt 0.533237 0.441168
vt 0.532061 0.443367
vt 0.486369 0.488037
vt 0.488567 0.486862
vt 0.427819 0.517599
vt 0.431155 0.517599
vt 0.538882 0.444940
vt 0.537300 0.446867
vt 0.483770 0.481765
vt 0.486156 0.481041
vt 0.506857 0.573792
vt 0.507581 0.571406
vt 0.513760 0.572636
vt 0.513516 0.575117
vt 0.543682 0.518681
vt 0.541755 0.520262
vt 0.537300 0.515807
vt 0.538882 0.513880
vt 0.431155 0.523860
vt 0.434490 0.523860
vt 0.434490 0.529862
vt 0.431155 0.529862
vt 0.482445 0.544045
vt 0.484926 0.543801
vt 0.486155 0.549980
vt 0.483770 0.550704
vt 0.500585 0.571194
vt 0.501760 0.568995
vt 0.547454 0.524326
vt 0.545255 0.525501
vt 0.482445 0.537256
vt 0.484926 0.537501
vt 0.444496 0.517599
vt 0.447831 0.517599
vt 0.447831 0.523183
vt 0.444496 0.523183
vt 0.494940 0.567422
vt 0.496522 0.565495
vt 0.451166 0.527971
vt 0.447831 0.527971
vt 0.550052 0.530598
vt 0.547667 0.531322
vt 0.483770 0.530598
vt 0.486155 0.531321
vt 0.490140 0.562621
vt 0.492067 0.561040
vt 0.447831 0.528090
vt 0.444496 0.528090
vt 0.551376 0.537257
vt 0.548896 0.537501
vt 0.411143 0.517599
vt 0.414478 0.517599
vt 0.486368 0.524325
vt 0.488567 0.525500
vt 0.486368 0.556976
vt 0.488566 0.555801
vt 0.551376 0.544046
vt 0.548896 0.543802
vt 0.490140 0.518680
vt 0.492067 0.520262
vt 0.411143 0.529875
vt 0.407808 0.529875
vt 0.532062 0.512307
vt 0.533237 0.510108
vt 0.434490 0.517599
vt 0.437825 0.517599
vt 0.437825 0.522525
vt 0.434490 0.522525
vt 0.520061 0.572636
vt 0.520305 0.575117
vt 0.451166 0.522891
vt 0.454502 0.522891
vt 0.454502 0.527970
vt 0.451166 0.527970
vt 0.526241 0.509896
vt 0.526964 0.507510
vt 0.526240 0.571407
vt 0.526964 0.573792
vt 0.437825 0.528123
vt 0.434490 0.528123
vt 0.520061 0.508666
vt 0.520306 0.506186
vt 0.532061 0.568996
vt 0.533236 0.571194
vt 0.513761 0.508666
vt 0.513517 0.506186
vt 0.474514 0.517599
vt 0.477849 0.517599
vt 0.537300 0.565495
vt 0.538881 0.567422
vt 0.507582 0.509895
vt 0.506858 0.507510
vt 0.541755 0.561040
vt 0.543682 0.562622
vt 0.457837 0.536060
vt 0.461173 0.536060
vt 0.461173 0.540790
vt 0.457837 0.540790
vt 0.501761 0.512307
vt 0.500586 0.510108
vt 0.545255 0.555802
vt 0.547454 0.556977
vt 0.496522 0.515807
vt 0.494940 0.513880
vt 0.547666 0.549981
vt 0.550052 0.550704
vt 0.451166 0.517599
vt 0.454502 0.517599
vt 0.431155 0.517599
vt 0.434490 0.517599
vt 0.481185 0.540938
vt 0.477849 0.540938
vt 0.477849 0.535354
vt 0.481185 0.535354
vt 0.557337 0.538920
vt 0.554001 0.538920
vt 0.554001 0.533322
vt 0.557337 0.533322
vt 0.477849 0.535354
vt 0.474514 0.535354
vt 0.474514 0.531208
vt 0.477849 0.531208
vt 0.474514 0.526491
vt 0.477849 0.526491
vt 0.431155 0.537765
vt 0.434490 0.537765
vt 0.434490 0.541693
vt 0.431155 0.541693
vt 0.414478 0.541708
vt 0.411143 0.541708
vt 0.411143 0.537757
vt 0.414478 0.537757
vt 0.467844 0.517599
vt 0.471179 0.517599
vt 0.471179 0.522671
vt 0.467844 0.522671
vt 0.471179 0.527960
vt 0.467844 0.527960
vn 1.0000 0.0000 -0.0000
vn -1.0000 -0.0000 0.0000
vn 0.0000 0.0000 -1.0000
vn -0.0000 -0.1951 -0.9808
vn 0.0000 -0.7071 0.7071
vn 0.0000 -0.5556 0.8315
vn -0.0000 -0.9808 -0.1951
vn -0.0000 -1.0000 0.0000
vn 0.0000 0.5556 0.8315
vn 0.0000 0.7071 0.7071
vn 0.0000 0.9239 -0.3827
vn 0.0000 0.8315 -0.5556
vn -0.0000 -0.3827 -0.9239
vn 0.0000 -0.3827 0.9239
vn 0.0000 -0.9808 0.1951
vn 0.0000 0.8315 0.5556
vn 0.0000 0.7071 -0.7071
vn 0.0000 -0.5556 -0.8315
vn 0.0000 -0.1951 0.9808
vn 0.0000 -0.9239 0.3827
vn 0.0000 0.9239 0.3827
vn 0.0000 0.5556 -0.8315
vn 0.0000 -0.7071 -0.7071
vn 0.0000 0.0000 1.0000
vn 0.0000 -0.8315 0.5556
vn 0.0000 0.9808 0.1951
vn -0.0000 0.3827 -0.9239
vn 0.0000 -0.8315 -0.5556
vn 0.0000 0.1951 0.9808
vn 0.0000 1.0000 0.0000
vn -0.0000 0.1951 -0.9808
vn -0.0000 -0.9239 -0.3827
vn 0.0000 0.3827 0.9239
vn -0.0000 0.9808 -0.1951
vn 0.0000 0.3859 0.9225
vn 0.0000 0.1985 0.9801
vn 0.0000 -0.9252 -0.3795
vn 0.0000 -0.8334 -0.5527
vn 0.0000 -0.8295 0.5585
vn 0.0000 -0.9225 0.3859
vn -0.0000 0.1917 -0.9815
vn -0.0000 0.3795 -0.9252
vn 0.0000 0.3794 -0.9252
vn -0.0000 1.0000 -0.0035
vn 0.0000 0.9815 0.1917
vn 0.0000 0.0035 1.0000
vn 0.0000 -0.7096 -0.7046
vn 0.0000 -0.9801 0.1985
vn 0.0000 0.5527 -0.8334
vn 0.0000 0.9252 0.3795
vn 0.0000 0.9252 0.3794
vn 0.0000 -0.1917 0.9815
vn 0.0000 -0.5585 -0.8295
vn -0.0000 -1.0000 0.0035
vn 0.0000 0.7046 -0.7096
vn 0.0000 0.8334 0.5527
vn 0.0000 -0.3795 0.9252
vn -0.0000 -0.3859 -0.9225
vn -0.0000 -0.9815 -0.1917
vn -0.0000 0.8295 -0.5585
vn 0.0000 0.7096 0.7046
vn 0.0000 -0.5527 0.8334
vn -0.0000 -0.1985 -0.9801
vn -0.0000 0.9225 -0.3859
vn 0.0000 0.5585 0.8295
vn 0.0000 -0.7046 0.7096
vn -0.0000 -0.0035 -1.0000
vn -0.0000 0.9801 -0.1985
vn -0.4262 0.8873 -0.1765
vn -0.4262 0.8358 -0.3462
vn -0.9429 0.3078 -0.1275
vn -0.9429 0.3267 -0.0650
vn -0.9429 0.3331 0.0000
vn -0.4262 0.9046 0.0000
vn -0.9429 0.3267 0.0650
vn -0.4262 0.8873 0.1765
vn 0.4262 0.8873 0.1765
vn 0.4262 0.8358 0.3462
vn 0.9429 0.3078 0.1275
vn 0.9429 0.3267 0.0650
vn -0.9429 0.0650 0.3267
vn -0.9429 -0.0000 0.3331
vn -0.4262 -0.0000 0.9046
vn -0.4262 0.1765 0.8873
vn 0.4262 0.7522 0.5026
vn 0.9429 0.2770 0.1851
vn 0.4262 0.0000 0.9046
vn 0.4262 -0.1765 0.8873
vn 0.9429 -0.0650 0.3267
vn 0.9429 0.0000 0.3331
vn 0.4262 0.6397 0.6397
vn 0.9429 0.2356 0.2356
vn 0.4262 -0.3462 0.8358
vn 0.9429 -0.1275 0.3078
vn 0.4262 0.5026 0.7522
vn 0.9429 0.1851 0.2770
vn 0.4262 -0.5026 0.7522
vn 0.9429 -0.1851 0.2770
vn 0.4262 0.3462 0.8358
vn 0.9429 0.1275 0.3078
vn 0.4262 -0.6397 0.6397
vn 0.9429 -0.2356 0.2356
vn 0.4262 0.1765 0.8873
vn 0.9429 0.0650 0.3267
vn 0.4262 -0.7522 0.5026
vn 0.9429 -0.2770 0.1851
vn 0.4262 -0.8358 0.3462
vn 0.9429 -0.3078 0.1275
vn 0.4262 -0.8873 0.1765
vn 0.9429 -0.3267 0.0650
vn 0.4262 -0.9046 0.0000
vn 0.9429 -0.3331 0.0000
vn 0.9999 -0.0057 -0.0138
vn 0.9999 -0.0029 -0.0146
vn 0.9999 0.0083 -0.0124
vn 0.9999 0.0106 -0.0106
vn 0.9999 0.0000 0.0149
vn 0.9429 0.0000 -0.3331
vn 0.9429 0.0650 -0.3267
vn 0.9999 -0.0029 0.0146
vn 0.9999 -0.0083 -0.0124
vn 0.9999 0.0057 -0.0138
vn 0.9999 0.0029 0.0146
vn 0.9429 -0.0650 -0.3267
vn 0.9999 -0.0106 -0.0106
vn 0.9999 0.0029 -0.0146
vn 0.9999 0.0057 0.0138
vn 0.9429 -0.1275 -0.3078
vn 0.9999 -0.0124 -0.0083
vn 0.9999 -0.0000 -0.0149
vn 0.9999 0.0083 0.0124
vn 0.9429 -0.1851 -0.2770
vn 0.9999 -0.0138 -0.0057
vn 0.9999 0.0106 0.0106
vn 0.9429 -0.2356 -0.2356
vn 0.9999 -0.0146 -0.0029
vn 0.9999 0.0124 0.0083
vn 0.9429 -0.2770 -0.1851
vn 0.9999 -0.0149 -0.0000
vn 0.9429 0.3331 -0.0000
vn 0.9999 0.0138 0.0057
vn 0.9429 -0.3078 -0.1275
vn 0.9999 -0.0146 0.0029
vn 0.9429 0.3267 -0.0650
vn 0.9999 0.0146 0.0029
vn 0.9429 -0.3267 -0.0650
vn 0.9999 -0.0138 0.0057
vn 0.9429 0.3078 -0.1275
vn 0.9999 0.0149 -0.0000
vn 0.9999 -0.0124 0.0083
vn 0.9429 0.2770 -0.1851
vn 0.9999 0.0146 -0.0029
vn 0.9999 -0.0106 0.0106
vn 0.9429 0.2356 -0.2356
vn 0.9999 0.0138 -0.0057
vn 0.9999 -0.0083 0.0124
vn 0.9429 0.1851 -0.2770
vn 0.9999 0.0124 -0.0083
vn 0.9999 -0.0057 0.0138
vn 0.9429 0.1275 -0.3078
vn 0.4262 -0.6397 -0.6397
vn 0.4262 -0.7522 -0.5026
vn -0.4262 -0.7522 -0.5026
vn -0.4262 -0.6397 -0.6397
vn 0.4262 -0.8358 -0.3462
vn -0.4262 -0.8358 -0.3462
vn -0.9429 -0.3078 0.1275
vn -0.9429 -0.3267 0.0650
vn -0.4262 -0.8873 0.1765
vn -0.4262 -0.8358 0.3462
vn 0.4262 -0.8873 -0.1765
vn -0.4262 -0.8873 -0.1765
vn -0.4262 -0.9046 0.0000
vn -0.9429 -0.3331 0.0000
vn 0.4262 0.8358 -0.3462
vn 0.4262 0.7522 -0.5026
vn -0.4262 0.7522 -0.5026
vn -0.9429 -0.3267 -0.0650
vn 0.4262 0.6397 -0.6397
vn -0.4262 0.6397 -0.6397
vn 0.4262 0.5026 -0.7522
vn -0.4262 0.5026 -0.7522
vn -0.9429 0.2770 -0.1851
vn -0.9429 0.2356 -0.2356
vn -0.9429 0.1851 -0.2770
vn -0.4262 0.3462 -0.8358
vn -0.9429 0.1275 -0.3078
vn -0.4262 0.1765 -0.8873
vn -0.9429 0.0650 -0.3267
vn -0.4262 -0.0000 -0.9046
vn -0.9429 0.0000 -0.3331
vn -0.4262 -0.1765 -0.8873
vn -0.9429 -0.0650 -0.3267
vn -0.4262 -0.3462 -0.8358
vn -0.9429 -0.1275 -0.3078
vn -0.4262 -0.5026 -0.7522
vn -0.9429 -0.1851 -0.2770
vn -0.9429 -0.2356 -0.2356
vn -0.9429 -0.2770 -0.1851
vn -0.9429 -0.3078 -0.1275
vn -0.9999 -0.0057 -0.0138
vn -0.9999 -0.0029 -0.0146
vn -0.9429 0.1275 0.3078
vn -0.9999 0.0083 -0.0124
vn -0.9999 0.0106 -0.0106
vn -0.9429 -0.2356 0.2356
vn -0.9429 -0.1851 0.2770
vn -0.9999 -0.0000 0.0149
vn -0.9999 -0.0029 0.0146
vn -0.9999 -0.0083 -0.0124
vn -0.9429 0.1851 0.2770
vn -0.9999 0.0057 -0.0138
vn -0.9429 -0.1275 0.3078
vn -0.9999 0.0029 0.0146
vn -0.9999 -0.0106 -0.0106
vn -0.9429 0.2356 0.2356
vn -0.9999 0.0029 -0.0146
vn -0.9429 -0.0650 0.3267
vn -0.9999 0.0057 0.0138
vn -0.9999 -0.0124 -0.0083
vn -0.9429 0.2770 0.1851
vn -0.9999 -0.0000 -0.0149
vn -0.9999 0.0083 0.0124
vn -0.9999 -0.0138 -0.0057
vn -0.9429 0.3078 0.1275
vn -0.9999 0.0106 0.0106
vn -0.9999 -0.0146 -0.0029
vn -0.9999 0.0124 0.0083
vn -0.9999 -0.0149 0.0000
vn -0.9999 0.0138 0.0057
vn -0.9999 -0.0146 0.0029
vn -0.9999 0.0146 0.0029
vn -0.9999 -0.0138 0.0057
vn -0.9999 0.0149 0.0000
vn -0.9999 -0.0124 0.0083
vn -0.9999 0.0146 -0.0029
vn -0.9999 -0.0106 0.0106
vn -0.9999 0.0138 -0.0057
vn -0.9999 -0.0083 0.0124
vn -0.9999 0.0124 -0.0083
vn -0.9429 -0.2770 0.1851
vn -0.9999 -0.0057 0.0138
vn 0.4262 0.3462 -0.8358
vn 0.4262 0.1765 -0.8873
vn 0.4262 -0.0000 -0.9046
vn 0.4262 -0.1765 -0.8873
vn 0.4262 -0.3462 -0.8358
vn 0.4262 -0.5026 -0.7522
vn -0.4262 -0.7522 0.5026
vn -0.4262 -0.6397 0.6397
vn -0.4262 0.3462 0.8358
vn -0.4262 -0.5026 0.7522
vn -0.4262 0.5026 0.7522
vn -0.4262 -0.3462 0.8358
vn -0.4262 0.6397 0.6397
vn -0.4262 -0.1765 0.8873
vn -0.4262 0.7522 0.5026
vn -0.4262 0.8358 0.3462
vn 0.4262 0.9046 -0.0000
vn 0.4262 0.8873 -0.1765
vn -0.0001 0.7046 -0.7096
vn -0.0000 -0.9252 -0.3794
vn 0.0000 -0.3859 -0.9226
vn -0.8092 0.5089 -0.2935
vn -0.9460 -0.2293 0.2293
vn -0.9460 -0.2696 0.1801
vn -0.9460 0.0632 -0.3180
vn -0.9460 0.1241 -0.2995
vn -0.9460 0.2995 -0.1241
vn -0.9460 0.3180 -0.0633
vn -0.9460 -0.1801 0.2696
vn -0.9460 0.0000 -0.3242
vn -0.9460 0.2696 -0.1801
vn -0.9460 -0.1241 0.2995
vn -0.9460 -0.0632 -0.3180
vn -0.9460 0.2292 -0.2292
vn -0.9460 -0.0632 0.3180
vn -0.9460 -0.1241 -0.2995
vn -0.9460 -0.0000 0.3242
vn -0.9460 -0.1801 -0.2696
vn -0.9460 0.0632 0.3180
vn -0.9460 -0.2292 -0.2293
vn -0.9460 0.1241 0.2995
vn -0.9460 0.3242 0.0000
vn -0.9460 0.1801 -0.2696
vn -0.9460 -0.2995 0.1241
vn -0.9460 0.3180 0.0633
vn -0.9460 -0.3180 0.0633
vn -0.9460 0.2995 0.1241
vn -0.9460 -0.3242 -0.0000
vn -0.9460 0.2696 0.1801
vn -0.9460 -0.3180 -0.0633
vn -0.9460 0.2292 0.2292
vn -0.9460 -0.2995 -0.1241
vn -0.9460 0.1801 0.2696
vn -0.9460 -0.2696 -0.1801
vn -0.8113 0.4276 -0.3986
vn -0.8115 0.4859 -0.3247
vn -0.8115 -0.1140 0.5732
vn -0.8113 -0.2047 0.5476
vn -0.8113 -0.2425 -0.5319
vn -0.8115 -0.1140 -0.5732
vn 0.8115 -0.4859 0.3247
vn 0.8115 -0.4132 0.4132
vn 0.8113 -0.4276 0.3986
vn 0.8113 0.2046 -0.5476
vn 0.8115 0.2236 -0.5399
vn 0.8115 0.1140 -0.5731
vn 0.8115 0.1140 -0.5732
vn 0.8115 0.1140 0.5731
vn 0.8115 0.2236 0.5399
vn 0.8113 0.2425 0.5319
vn -0.8113 -0.0205 0.5843
vn -0.8115 -0.3247 -0.4859
vn 0.8115 -0.0000 -0.5844
vn 0.8113 0.0205 -0.5843
vn 0.8115 0.3246 0.4859
vn 0.8115 0.3247 0.4859
vn -0.8115 0.1140 0.5732
vn -0.8113 -0.3986 -0.4276
vn 0.8115 -0.1140 -0.5731
vn 0.8115 0.4132 0.4132
vn 0.8113 0.3986 0.4276
vn -0.8113 0.2425 0.5320
vn -0.8115 -0.4859 -0.3247
vn 0.8115 -0.2236 -0.5399
vn 0.8113 -0.2425 -0.5319
vn 0.8115 0.4859 0.3247
vn -0.8115 0.3247 0.4859
vn -0.8113 -0.5477 -0.2047
vn 0.8115 -0.3247 -0.4859
vn 0.8115 0.5399 0.2236
vn 0.8113 0.5476 0.2047
vn -0.8113 0.3986 0.4276
vn -0.8115 -0.5732 -0.1140
vn 0.8115 -0.4132 -0.4132
vn 0.8113 -0.3986 -0.4276
vn 0.8115 0.5731 0.1140
vn -0.8115 0.4859 0.3247
vn -0.8113 -0.5843 -0.0205
vn 0.8115 -0.4859 -0.3247
vn 0.8115 0.5844 -0.0000
vn 0.8113 0.5843 0.0205
vn -0.8113 0.5476 0.2046
vn -0.8115 -0.5732 0.1140
vn 0.8113 -0.0205 0.5842
vn 0.8115 0.0000 0.5844
vn 0.8115 0.3246 -0.4859
vn 0.8113 -0.5319 0.2425
vn 0.8115 -0.5399 0.2236
vn -0.8113 0.0205 -0.5843
vn -0.8115 -0.3247 0.4859
vn -0.8113 0.5319 -0.2425
vn 0.8115 -0.1140 0.5731
vn 0.8113 0.4276 -0.3986
vn 0.8115 0.4132 -0.4132
vn 0.8115 -0.5731 0.1140
vn -0.8115 0.1140 -0.5732
vn -0.8113 -0.4276 0.3986
vn -0.8115 0.5732 -0.1140
vn 0.8113 -0.2046 0.5476
vn 0.8115 -0.2236 0.5399
vn 0.8115 0.4859 -0.3247
vn 0.8113 -0.5842 -0.0205
vn 0.8115 -0.5844 0.0000
vn -0.8113 0.2047 -0.5476
vn -0.8115 -0.4859 0.3247
vn -0.8113 0.5843 0.0205
vn 0.8115 -0.3247 0.4859
vn 0.8113 0.5319 -0.2425
vn 0.8115 0.5399 -0.2236
vn 0.8115 -0.5731 -0.1140
vn -0.8115 0.3247 -0.4859
vn -0.8113 -0.5320 0.2425
vn -0.8115 0.5732 0.1140
vn 0.8115 0.5731 -0.1140
vn 0.8113 -0.5476 -0.2046
vn 0.8115 -0.5399 -0.2236
vn 0.8114 -0.5467 -0.2070
vn 0.0000 -0.6344 0.7730
vn 0.8114 0.5843 0.0179
vn 0.8114 0.5329 -0.2401
vn 0.8114 -0.4258 0.4005
vn 0.8115 -0.3246 0.4859
vn -0.0000 -0.2903 -0.9569
vn 0.8114 -0.5843 -0.0179
vn 0.8114 -0.2070 0.5466
vn 0.0000 0.6344 -0.7730
vn 0.0000 -0.4714 0.8819
vn 0.8114 0.4258 -0.4005
vn 0.8115 -0.1140 0.5732
vn 0.8114 -0.5329 0.2401
vn -0.0000 0.4714 -0.8819
vn 0.8115 0.3247 -0.4859
vn -0.0000 0.9952 -0.0980
vn 0.8114 -0.0179 0.5843
vn 0.8114 0.2070 -0.5467
vn -0.0000 -0.0980 -0.9952
vn 0.8114 -0.4005 -0.4258
vn 0.8114 0.5467 0.2071
vn -0.0000 -0.8819 -0.4714
vn 0.8114 -0.2401 -0.5329
vn 0.8114 0.4005 0.4258
vn 0.0000 0.2903 0.9569
vn 0.0000 0.8819 0.4714
vn 0.8114 0.0179 -0.5843
vn 0.0000 0.0980 0.9952
vn 0.8114 0.2401 0.5330
vn -0.8113 0.5467 0.2071
vn -0.8115 0.5399 0.2237
vn -0.8115 -0.5399 0.2236
vn -0.8114 -0.5330 0.2401
vn -0.8113 0.4258 -0.4005
vn -0.8115 0.4132 -0.4132
vn -0.8115 0.5844 0.0000
vn -0.8113 0.5843 0.0179
vn -0.8115 0.2236 -0.5399
vn -0.8113 0.2071 -0.5467
vn 0.0000 -0.9569 0.2903
vn -0.8115 -0.4132 0.4132
vn -0.8113 -0.4258 0.4005
vn -0.8115 0.5399 -0.2236
vn -0.8113 0.5330 -0.2401
vn 0.0000 -0.9952 0.0980
vn -0.0000 0.9569 -0.2903
vn -0.8115 -0.0000 -0.5844
vn -0.8113 0.0179 -0.5843
vn -0.8115 -0.2236 0.5399
vn -0.8113 -0.2070 0.5467
vn -0.8113 -0.5843 -0.0179
vn -0.8115 -0.5844 -0.0000
vn -0.8115 -0.5731 -0.1140
vn -0.8113 0.4005 0.4258
vn -0.8115 0.4132 0.4132
vn -0.0000 -0.7730 -0.6344
vn -0.8113 -0.5467 -0.2071
vn -0.8115 -0.5399 -0.2236
vn -0.8113 0.2401 0.5330
vn -0.8115 0.2236 0.5399
vn -0.8113 -0.4005 -0.4258
vn -0.8115 -0.4132 -0.4132
vn 0.0000 0.7730 0.6344
vn -0.8113 -0.0179 0.5843
vn -0.8115 -0.0000 0.5844
vn -0.8113 -0.2401 -0.5330
vn -0.8115 -0.2236 -0.5399
vn 0.9460 -0.2999 -0.1230
vn 0.9460 -0.3182 -0.0621
vn 0.9460 0.1810 0.2689
vn 0.9460 0.2300 0.2284
vn 0.9460 0.3242 -0.0011
vn 0.9460 0.3178 -0.0644
vn 0.9460 -0.2702 -0.1792
vn 0.9460 0.1251 0.2991
vn 0.9460 0.3182 0.0621
vn 0.9460 -0.2301 -0.2284
vn 0.9460 0.0644 0.3177
vn 0.9460 0.2999 0.1230
vn 0.9460 -0.1810 -0.2689
vn 0.9460 0.0011 0.3242
vn 0.9460 -0.1251 -0.2991
vn 0.9460 -0.0621 0.3182
vn 0.9460 -0.0643 -0.3177
vn 0.9460 -0.1230 0.2999
vn 0.9460 -0.0011 -0.3242
vn 0.9460 0.2991 -0.1251
vn 0.9460 0.2702 0.1792
vn 0.9460 -0.3242 0.0011
vn 0.9460 0.2689 -0.1810
vn 0.9460 -0.3177 0.0644
vn 0.9460 0.2284 -0.2300
vn 0.9460 -0.2991 0.1251
vn 0.9460 0.1792 -0.2702
vn 0.9460 -0.2689 0.1810
vn 0.9460 0.1230 -0.2999
vn 0.9460 -0.2284 0.2300
vn 0.9460 0.0621 -0.3182
vn 0.9460 -0.1792 0.2702
vn 0.8113 0.5483 0.2027
vn 0.8115 0.5735 0.1120
vn 0.8115 -0.3264 -0.4848
vn 0.8113 -0.4001 -0.4262
vn 0.8113 -0.0185 0.5843
vn 0.8115 0.1160 0.5727
vn -0.8115 -0.5735 -0.1120
vn -0.8115 -0.5407 -0.2218
vn -0.8113 -0.5483 -0.2027
vn -0.8113 0.4001 0.4263
vn -0.8115 0.4147 0.4118
vn -0.8115 0.3264 0.4848
vn -0.8115 -0.1160 -0.5727
vn -0.8115 -0.0020 -0.5844
vn -0.8113 0.0185 -0.5843
vn 0.8113 -0.2444 -0.5311
vn 0.8115 -0.1120 0.5735
vn -0.8115 0.2255 0.5391
vn -0.8113 0.2444 0.5311
vn -0.8115 0.1120 -0.5735
vn 0.8115 -0.1160 -0.5727
vn 0.8113 -0.2027 0.5483
vn -0.8115 0.1160 0.5728
vn -0.8115 0.2217 -0.5407
vn -0.8113 0.2027 -0.5484
vn 0.8113 0.0185 -0.5843
vn 0.8115 -0.3230 0.4870
vn -0.8115 0.0020 0.5844
vn -0.8113 -0.0185 0.5843
vn -0.8115 0.3230 -0.4870
vn -0.8115 0.3230 -0.4871
vn 0.8115 0.1120 -0.5735
vn 0.8113 -0.4262 0.4001
vn -0.8115 -0.1120 0.5736
vn -0.8115 0.4118 -0.4147
vn -0.8113 0.4262 -0.4001
vn 0.8113 0.2027 -0.5483
vn 0.8115 -0.4848 0.3264
vn -0.8115 -0.2218 0.5407
vn -0.8113 -0.2027 0.5483
vn -0.8115 0.4848 -0.3264
vn -0.8063 0.4918 -0.3286
vn 0.8115 0.3230 -0.4870
vn 0.8113 -0.5311 0.2444
vn -0.8115 -0.3230 0.4870
vn -0.8115 0.5391 -0.2255
vn -0.8092 0.5371 -0.2382
vn 0.8113 0.4262 -0.4001
vn 0.8115 -0.5728 0.1160
vn -0.8113 -0.2444 -0.5311
vn -0.8115 -0.2255 -0.5391
vn -0.8115 0.4870 0.3230
vn -0.8113 -0.5843 -0.0185
vn -0.8115 -0.5844 0.0020
vn 0.8113 0.2444 0.5311
vn 0.8115 -0.4870 -0.3230
vn 0.8113 0.5843 0.0185
vn -0.8115 -0.3264 -0.4847
vn -0.8115 -0.3263 -0.4847
vn -0.8113 0.5484 0.2027
vn -0.8115 0.5407 0.2217
vn -0.8115 -0.5728 0.1160
vn 0.8115 0.3264 0.4848
vn 0.8113 -0.5483 -0.2027
vn 0.8115 0.5728 -0.1160
vn -0.8113 -0.4001 -0.4262
vn -0.8115 -0.4147 -0.4118
vn -0.8115 0.5736 0.1120
vn -0.8113 -0.5311 0.2444
vn -0.8115 -0.5391 0.2255
vn 0.8113 0.4001 0.4262
vn 0.8115 -0.5735 -0.1120
vn 0.8113 0.5311 -0.2444
vn -0.8115 -0.4870 -0.3230
vn -0.8113 0.5843 0.0185
vn -0.8115 0.5844 -0.0020
vn -0.8115 -0.4848 0.3264
vn 0.8115 0.4870 0.3230
vn 0.8113 -0.5843 -0.0185
vn 0.8115 0.4848 -0.3264
vn -0.8115 0.5728 -0.1160
vn -0.8113 -0.4262 0.4001
vn -0.8115 -0.4118 0.4147
vn -0.8113 -0.4244 0.4020
vn -0.0000 -0.8836 -0.4683
vn -0.8142 0.5339 -0.2281
vn -0.8113 0.5844 0.0159
vn -0.8113 -0.5474 -0.2052
vn 0.0000 0.1015 0.9948
vn -0.8113 -0.5321 0.2420
vn -0.8113 -0.4020 -0.4244
vn 0.0000 0.8836 0.4683
vn 0.0000 -0.7752 -0.6317
vn -0.8113 0.5474 0.2051
vn -0.8115 0.5407 0.2218
vn -0.8115 -0.3264 -0.4848
vn -0.8113 -0.5843 -0.0159
vn 0.0000 0.7752 0.6317
vn -0.8115 0.4871 0.3230
vn -0.0000 0.9559 -0.2936
vn -0.8113 -0.2420 -0.5321
vn -0.8115 -0.5736 -0.1120
vn -0.8113 0.4020 0.4244
vn -0.8115 -0.1160 -0.5728
vn 0.0000 0.2936 0.9559
vn -0.8288 0.4594 -0.3196
vn -0.8139 0.4825 -0.3236
vn -0.8113 -0.2051 0.5474
vn -0.8156 0.4130 -0.4053
vn -0.8091 0.4358 -0.3943
vn 0.0000 -0.6317 0.7752
vn -0.8113 -0.0159 0.5844
vn -0.8115 0.2218 -0.5407
vn -0.8113 0.2051 -0.5474
vn -0.0000 -0.1015 -0.9948
vn -0.0000 0.6317 -0.7752
vn -0.8115 0.1120 -0.5736
vn -0.8113 0.2420 0.5321
vn 0.0000 -0.2936 -0.9559
vn -0.8113 0.0159 -0.5844
vn 0.8115 0.4847 -0.3263
vn 0.8114 0.4244 -0.4020
vn 0.8115 0.4118 -0.4146
vn 0.8115 -0.5844 0.0020
vn 0.8114 -0.5843 -0.0159
vn 0.8115 -0.5727 0.1160
vn 0.8114 0.5474 0.2051
vn 0.8115 0.5407 0.2217
vn 0.8115 0.5391 -0.2255
vn 0.8114 0.5321 -0.2420
vn 0.8115 0.4146 0.4118
vn 0.8114 0.4020 0.4244
vn 0.0000 -0.9948 0.1015
vn 0.8115 0.5727 -0.1160
vn 0.8115 -0.5407 -0.2217
vn 0.8114 -0.5474 -0.2051
vn 0.8115 0.3264 0.4847
vn 0.8115 0.5843 -0.0020
vn 0.8114 0.5843 0.0159
vn 0.0000 -0.9559 0.2936
vn -0.0000 0.9948 -0.1015
vn 0.8115 0.2255 0.5391
vn 0.8114 0.2420 0.5321
vn 0.8115 -0.4146 -0.4118
vn 0.8114 -0.4020 -0.4244
vn 0.8114 -0.5321 0.2420
vn 0.8115 -0.5391 0.2255
vn 0.8115 -0.4848 0.3263
vn 0.8115 -0.4847 0.3263
vn 0.8114 0.2051 -0.5474
vn 0.8115 0.2217 -0.5407
vn 0.0000 -0.4683 0.8836
vn 0.8114 -0.4244 0.4020
vn 0.8115 -0.4118 0.4147
vn 0.8114 0.0159 -0.5843
vn 0.8115 -0.0020 -0.5844
vn 0.8114 -0.2051 0.5474
vn 0.8115 -0.2217 0.5407
vn -0.0000 0.4683 -0.8836
vn 0.8114 -0.2420 -0.5321
vn 0.8115 -0.2255 -0.5391
vn 0.8114 -0.0159 0.5843
vn 0.8115 0.0020 0.5844
vn 0.8115 -0.3264 -0.4847
vn 0.8115 -0.3263 -0.4847
usemtl Chrom
s off
f 1/1/1 2/2/1 3/3/1
f 4/4/1 2/2/1 5/5/1
f 3/3/1 2/2/1 6/6/1
f 5/5/1 2/2/1 7/7/1
f 6/6/1 2/2/1 8/8/1
f 7/7/1 2/2/1 9/9/1
f 8/8/1 2/2/1 10/10/1
f 9/9/1 2/2/1 11/11/1
f 10/10/1 2/2/1 12/12/1
f 11/11/1 2/2/1 13/13/1
f 12/12/1 2/2/1 14/14/1
f 13/13/1 2/2/1 15/15/1
f 16/16/1 2/2/1 17/17/1
f 14/14/1 2/2/1 18/18/1
f 15/15/1 2/2/1 19/19/1
f 17/17/1 2/2/1 20/20/1
f 21/21/1 2/2/1 4/4/1
f 22/22/1 2/2/1 1/1/1
f 23/23/1 2/2/1 21/21/1
f 24/24/1 2/2/1 22/22/1
f 25/25/1 2/2/1 23/23/1
f 26/26/1 2/2/1 24/24/1
f 27/27/1 2/2/1 16/16/1
f 28/28/1 2/2/1 25/25/1
f 29/29/1 2/2/1 26/26/1
f 30/30/1 2/2/1 27/27/1
f 31/31/1 2/2/1 28/28/1
f 32/32/1 2/2/1 29/29/1
f 33/33/1 2/2/1 30/30/1
f 20/20/1 2/2/1 31/31/1
f 19/19/1 2/2/1 32/32/1
f 18/18/1 2/2/1 33/33/1
f 34/34/2 35/35/2 36/36/2
f 37/37/2 35/35/2 38/38/2
f 36/36/2 35/35/2 39/39/2
f 38/38/2 35/35/2 40/40/2
f 39/39/2 35/35/2 41/41/2
f 40/40/2 35/35/2 42/42/2
f 41/41/2 35/35/2 43/43/2
f 42/42/2 35/35/2 44/44/2
f 43/43/2 35/35/2 45/45/2
f 44/44/2 35/35/2 46/46/2
f 45/45/2 35/35/2 47/47/2
f 46/46/2 35/35/2 48/48/2
f 49/49/2 35/35/2 50/50/2
f 47/47/2 35/35/2 51/51/2
f 48/48/2 35/35/2 52/52/2
f 50/50/2 35/35/2 53/53/2
f 54/54/2 35/35/2 37/37/2
f 55/55/2 35/35/2 34/34/2
f 56/56/2 35/35/2 54/54/2
f 57/57/2 35/35/2 55/55/2
f 58/58/2 35/35/2 56/56/2
f 59/59/2 35/35/2 57/57/2
f 60/60/2 35/35/2 49/49/2
f 61/61/2 35/35/2 58/58/2
f 62/62/2 35/35/2 59/59/2
f 63/63/2 35/35/2 60/60/2
f 64/64/2 35/35/2 61/61/2
f 65/65/2 35/35/2 62/62/2
f 66/66/2 35/35/2 63/63/2
f 53/53/2 35/35/2 64/64/2
f 52/52/2 35/35/2 65/65/2
f 51/51/2 35/35/2 66/66/2
s 1
f 67/67/3 68/68/3 69/69/4
f 67/67/3 69/69/4 70/70/4
f 71/71/5 72/72/5 73/73/6
f 71/71/5 73/73/6 74/74/6
f 75/75/7 76/76/7 77/77/8
f 75/75/7 77/77/8 78/78/8
f 79/79/9 80/80/9 81/81/10
f 79/79/9 81/81/10 82/82/10
f 83/83/11 84/84/11 85/85/12
f 83/83/11 85/85/12 86/86/12
f 70/70/4 69/69/4 87/87/13
f 70/70/4 87/87/13 88/88/13
f 74/74/6 73/73/6 89/89/14
f 74/74/6 89/89/14 90/90/14
f 78/78/8 77/77/8 91/91/15
f 78/78/8 91/91/15 92/92/15
f 82/82/10 81/81/10 93/93/16
f 82/82/10 93/93/16 94/94/16
f 86/95/12 85/96/12 95/97/17
f 86/95/12 95/97/17 96/98/17
f 88/88/13 87/87/13 97/99/18
f 88/88/13 97/99/18 98/100/18
f 90/90/14 89/89/14 99/101/19
f 90/90/14 99/101/19 100/102/19
f 92/92/15 91/91/15 101/103/20
f 92/92/15 101/103/20 102/104/20
f 94/94/16 93/93/16 103/105/21
f 94/94/16 103/105/21 104/106/21
f 96/98/17 95/97/17 105/107/22
f 96/98/17 105/107/22 106/108/22
f 98/109/18 97/110/18 107/111/23
f 98/109/18 107/111/23 108/112/23
f 100/102/19 99/101/19 109/113/24
f 100/102/19 109/113/24 110/114/24
f 102/104/20 101/103/20 111/115/25
f 102/104/20 111/115/25 112/116/25
f 104/106/21 103/105/21 113/117/26
f 104/106/21 113/117/26 114/118/26
f 106/108/22 105/107/22 115/119/27
f 106/108/22 115/119/27 116/120/27
f 108/112/23 107/111/23 117/121/28
f 108/112/23 117/121/28 118/122/28
f 110/114/24 109/113/24 119/123/29
f 110/114/24 119/123/29 120/124/29
f 112/125/25 111/126/25 72/72/5
f 112/125/25 72/72/5 71/71/5
f 114/118/26 113/117/26 121/127/30
f 114/118/26 121/127/30 122/128/30
f 116/120/27 115/119/27 123/129/31
f 116/120/27 123/129/31 124/130/31
f 118/122/28 117/121/28 125/131/32
f 118/122/28 125/131/32 126/132/32
f 120/124/29 119/123/29 127/133/33
f 120/124/29 127/133/33 128/134/33
f 122/128/30 121/127/30 129/135/34
f 122/128/30 129/135/34 130/136/34
f 124/130/31 123/129/31 68/68/3
f 124/130/31 68/68/3 67/67/3
f 126/132/32 125/131/32 76/76/7
f 126/132/32 76/76/7 75/75/7
f 128/134/33 127/133/33 80/137/9
f 128/134/33 80/137/9 79/138/9
f 130/136/34 129/135/34 84/84/11
f 130/136/34 84/84/11 83/83/11
f 131/139/35 132/140/35 133/141/36
f 131/139/35 133/141/36 134/142/36
f 135/143/37 136/144/37 137/145/38
f 135/143/37 137/145/38 138/146/38
f 139/147/39 140/148/39 141/149/40
f 139/147/39 141/149/40 142/150/40
f 143/151/41 144/152/41 145/153/42
f 143/151/41 145/153/42 146/154/43
f 147/155/44 148/156/44 149/157/45
f 147/155/44 149/157/45 150/158/45
f 134/142/36 133/141/36 151/159/46
f 134/142/36 151/159/46 152/160/46
f 138/146/38 137/145/38 153/161/47
f 138/146/38 153/161/47 154/162/47
f 142/163/40 141/164/40 155/165/48
f 142/163/40 155/165/48 156/166/48
f 146/154/43 145/153/42 157/167/49
f 146/154/43 157/167/49 158/168/49
f 150/158/45 149/157/45 159/169/50
f 150/158/45 159/169/50 160/170/51
f 152/160/46 151/159/46 161/171/52
f 152/160/46 161/171/52 162/172/52
f 154/162/47 153/161/47 163/173/53
f 154/162/47 163/173/53 164/174/53
f 156/166/48 155/165/48 165/175/54
f 156/166/48 165/175/54 166/176/54
f 158/168/49 157/167/49 167/177/55
f 158/168/49 167/177/55 168/178/55
f 160/170/51 159/169/50 169/179/56
f 160/170/51 169/179/56 170/180/56
f 162/172/52 161/171/52 171/181/57
f 162/172/52 171/181/57 172/182/57
f 164/174/53 163/173/53 173/183/58
f 164/174/53 173/183/58 174/184/58
f 166/176/54 165/175/54 175/185/59
f 166/176/54 175/185/59 176/186/59
f 168/178/55 167/177/55 177/187/60
f 168/178/55 177/187/60 178/188/60
f 170/180/56 169/179/56 179/189/61
f 170/180/56 179/189/61 180/190/61
f 172/182/57 171/181/57 181/191/62
f 172/182/57 181/191/62 182/192/62
f 174/193/58 173/194/58 183/195/63
f 174/193/58 183/195/63 184/196/63
f 176/186/59 175/185/59 136/144/37
f 176/186/59 136/144/37 135/143/37
f 178/188/60 177/187/60 185/197/64
f 178/188/60 185/197/64 186/198/64
f 180/190/61 179/189/61 187/199/65
f 180/190/61 187/199/65 188/200/65
f 182/192/62 181/191/62 189/201/66
f 182/192/62 189/201/66 190/202/66
f 184/196/63 183/195/63 191/203/67
f 184/196/63 191/203/67 192/204/67
f 186/205/64 185/206/64 193/207/68
f 186/205/64 193/207/68 194/208/68
f 188/200/65 187/199/65 132/209/35
f 188/200/65 132/209/35 131/139/35
f 190/202/66 189/201/66 140/148/39
f 190/202/66 140/148/39 139/147/39
f 192/204/67 191/203/67 144/152/41
f 192/204/67 144/152/41 143/151/41
f 194/208/68 193/207/68 148/156/44
f 194/208/68 148/156/44 147/155/44
usemtl Rubber
f 195/210/69 196/211/70 197/212/71
f 195/210/69 197/212/71 198/213/72
f 195/210/69 198/213/72 199/214/73
f 195/210/69 199/214/73 200/215/74
f 200/215/74 199/214/73 201/216/75
f 200/215/74 201/216/75 202/217/76
f 203/218/77 204/219/78 205/220/79
f 203/218/77 205/220/79 206/221/80
f 207/222/81 208/223/82 209/224/83
f 207/222/81 209/224/83 210/225/84
f 204/219/78 211/226/85 212/227/86
f 204/219/78 212/227/86 205/220/79
f 213/228/87 214/229/88 215/230/89
f 213/228/87 215/230/89 216/231/90
f 211/226/85 217/232/91 218/233/92
f 211/226/85 218/233/92 212/227/86
f 214/229/88 219/234/93 220/235/94
f 214/229/88 220/235/94 215/230/89
f 217/232/91 221/236/95 222/237/96
f 217/232/91 222/237/96 218/233/92
f 219/234/93 223/238/97 224/239/98
f 219/234/93 224/239/98 220/235/94
f 221/236/95 225/240/99 226/241/100
f 221/236/95 226/241/100 222/237/96
f 223/238/97 227/242/101 228/243/102
f 223/238/97 228/243/102 224/239/98
f 225/240/99 229/244/103 230/245/104
f 225/240/99 230/245/104 226/241/100
f 227/242/101 231/246/105 232/247/106
f 227/242/101 232/247/106 228/243/102
f 231/246/105 233/248/107 234/249/108
f 231/246/105 234/249/108 232/247/106
f 233/248/107 235/250/109 236/251/110
f 233/248/107 236/251/110 234/249/108
f 235/250/109 237/252/111 238/253/112
f 235/250/109 238/253/112 236/251/110
f 239/254/113 226/241/100 230/245/104
f 239/254/113 230/245/104 240/255/114
f 241/256/115 224/239/98 228/243/102
f 241/256/115 228/243/102 242/257/116
f 243/258/117 244/259/118 245/260/119
f 243/258/117 245/260/119 246/261/120
f 247/262/121 222/237/96 226/241/100
f 247/262/121 226/241/100 239/254/113
f 248/263/122 220/235/94 224/239/98
f 248/263/122 224/239/98 241/256/115
f 249/264/123 250/265/124 244/259/118
f 249/264/123 244/259/118 243/258/117
f 251/266/125 218/233/92 222/237/96
f 251/266/125 222/237/96 247/262/121
f 252/267/126 215/230/89 220/235/94
f 252/267/126 220/235/94 248/263/122
f 253/268/127 254/269/128 250/265/124
f 253/268/127 250/265/124 249/264/123
f 255/270/129 212/227/86 218/233/92
f 255/270/129 218/233/92 251/266/125
f 256/271/130 216/231/90 215/230/89
f 256/271/130 215/230/89 252/267/126
f 257/272/131 258/273/132 254/269/128
f 257/272/131 254/269/128 253/268/127
f 259/274/133 205/220/79 212/227/86
f 259/274/133 212/227/86 255/270/129
f 260/275/134 261/276/135 258/273/132
f 260/275/134 258/273/132 257/272/131
f 262/277/136 206/221/80 205/220/79
f 262/277/136 205/220/79 259/274/133
f 263/278/137 264/279/138 261/276/135
f 263/278/137 261/276/135 260/275/134
f 265/280/139 266/281/140 206/221/80
f 265/280/139 206/221/80 262/277/136
f 267/282/141 268/283/142 264/279/138
f 267/282/141 264/279/138 263/278/137
f 269/284/143 270/285/144 266/281/140
f 269/284/143 266/281/140 265/280/139
f 271/286/145 272/287/146 268/283/142
f 271/286/145 268/283/142 267/282/141
f 273/288/147 274/289/148 270/285/144
f 273/288/147 270/285/144 269/284/143
f 275/290/149 238/253/112 272/287/146
f 275/290/149 272/287/146 271/286/145
f 276/291/150 277/292/151 274/289/148
f 276/291/150 274/289/148 273/288/147
f 278/293/152 236/251/110 238/253/112
f 278/293/152 238/253/112 275/290/149
f 279/294/153 280/295/154 277/292/151
f 279/294/153 277/292/151 276/291/150
f 281/296/155 234/249/108 236/251/110
f 281/296/155 236/251/110 278/293/152
f 282/297/156 283/298/157 280/295/154
f 282/297/156 280/295/154 279/294/153
f 284/299/158 232/247/106 234/249/108
f 284/299/158 234/249/108 281/296/155
f 285/300/159 286/301/160 283/298/157
f 285/300/159 283/298/157 282/297/156
f 240/255/114 230/245/104 216/231/90
f 240/255/114 216/231/90 256/271/130
f 242/257/116 228/243/102 232/247/106
f 242/257/116 232/247/106 284/299/158
f 246/261/120 245/260/119 286/301/160
f 246/261/120 286/301/160 285/300/159
f 287/302/161 288/303/162 289/304/163
f 287/302/161 289/304/163 290/305/164
f 261/276/135 264/279/138 288/306/162
f 261/276/135 288/306/162 287/307/161
f 288/303/162 291/308/165 292/309/166
f 288/303/162 292/309/166 289/304/163
f 264/279/138 268/283/142 291/310/165
f 264/279/138 291/310/165 288/306/162
f 293/311/167 294/312/168 295/313/169
f 293/311/167 295/313/169 296/314/170
f 291/308/165 297/315/171 298/316/172
f 291/308/165 298/316/172 292/309/166
f 295/317/169 299/318/173 237/319/111
f 295/317/169 237/319/111 235/320/109
f 268/283/142 272/287/146 297/321/171
f 268/283/142 297/321/171 291/310/165
f 294/312/168 300/322/174 299/323/173
f 294/312/168 299/323/173 295/313/169
f 299/318/173 298/316/172 297/315/171
f 299/318/173 297/315/171 237/319/111
f 301/324/175 302/325/176 303/326/177
f 301/324/175 303/326/177 196/327/70
f 300/322/174 304/328/178 298/329/172
f 300/322/174 298/329/172 299/323/173
f 274/289/148 277/292/151 302/330/176
f 274/289/148 302/330/176 301/331/175
f 210/332/84 209/333/83 213/334/87
f 210/332/84 213/334/87 229/335/103
f 302/325/176 305/336/179 306/337/180
f 302/325/176 306/337/180 303/326/177
f 277/292/151 280/295/154 305/338/179
f 277/292/151 305/338/179 302/330/176
f 305/339/179 307/340/181 308/341/182
f 305/339/179 308/341/182 306/342/180
f 280/295/154 283/298/157 307/343/181
f 280/295/154 307/343/181 305/338/179
f 196/211/70 303/344/177 309/345/183
f 196/211/70 309/345/183 197/212/71
f 303/344/177 306/346/180 310/347/184
f 303/344/177 310/347/184 309/345/183
f 306/346/180 308/348/182 311/349/185
f 306/346/180 311/349/185 310/347/184
f 308/348/182 312/350/186 313/351/187
f 308/348/182 313/351/187 311/349/185
f 312/350/186 314/352/188 315/353/189
f 312/350/186 315/353/189 313/351/187
f 314/352/188 316/354/190 317/355/191
f 314/352/188 317/355/191 315/353/189
f 316/354/190 318/356/192 319/357/193
f 316/354/190 319/357/193 317/355/191
f 318/356/192 320/358/194 321/359/195
f 318/356/192 321/359/195 319/357/193
f 320/358/194 322/360/196 323/361/197
f 320/358/194 323/361/197 321/359/195
f 322/360/196 290/362/164 324/363/198
f 322/360/196 324/363/198 323/361/197
f 290/362/164 289/364/163 325/365/199
f 290/362/164 325/365/199 324/363/198
f 289/364/163 292/366/166 326/367/200
f 289/364/163 326/367/200 325/365/199
f 292/366/166 298/329/172 304/328/178
f 292/366/166 304/328/178 326/367/200
f 237/252/111 297/321/171 272/287/146
f 237/252/111 272/287/146 238/253/112
f 327/368/201 328/369/202 207/222/81
f 327/368/201 207/222/81 329/370/203
f 330/371/204 331/372/205 332/373/206
f 330/371/204 332/373/206 333/374/207
f 334/375/208 335/376/209 315/353/189
f 334/375/208 315/353/189 317/355/191
f 336/377/210 327/368/201 329/370/203
f 336/377/210 329/370/203 337/378/211
f 338/379/212 330/371/204 333/374/207
f 338/379/212 333/374/207 339/380/213
f 340/381/214 334/375/208 317/355/191
f 340/381/214 317/355/191 319/357/193
f 341/382/215 336/377/210 337/378/211
f 341/382/215 337/378/211 342/383/216
f 343/384/217 338/379/212 339/380/213
f 343/384/217 339/380/213 344/385/218
f 345/386/219 340/381/214 319/357/193
f 345/386/219 319/357/193 321/359/195
f 346/387/220 341/382/215 342/383/216
f 346/387/220 342/383/216 347/388/221
f 348/389/222 343/384/217 344/385/218
f 348/389/222 344/385/218 208/223/82
f 349/390/223 345/386/219 321/359/195
f 349/390/223 321/359/195 323/361/197
f 350/391/224 346/387/220 347/388/221
f 350/391/224 347/388/221 351/392/225
f 352/393/226 349/390/223 323/361/197
f 352/393/226 323/361/197 324/363/198
f 353/394/227 350/391/224 351/392/225
f 353/394/227 351/392/225 201/216/75
f 354/395/228 352/393/226 324/363/198
f 354/395/228 324/363/198 325/365/199
f 355/396/229 353/394/227 201/216/75
f 355/396/229 201/216/75 199/214/73
f 356/397/230 354/395/228 325/365/199
f 356/397/230 325/365/199 326/367/200
f 357/398/231 355/396/229 199/214/73
f 357/398/231 199/214/73 198/213/72
f 358/399/232 356/397/230 326/367/200
f 358/399/232 326/367/200 304/328/178
f 359/400/233 357/398/231 198/213/72
f 359/400/233 198/213/72 197/212/71
f 360/401/234 358/399/232 304/328/178
f 360/401/234 304/328/178 300/322/174
f 361/402/235 359/400/233 197/212/71
f 361/402/235 197/212/71 309/345/183
f 362/403/236 360/401/234 300/322/174
f 362/403/236 300/322/174 294/312/168
f 363/404/237 361/402/235 309/345/183
f 363/404/237 309/345/183 310/347/184
f 364/405/238 362/403/236 294/312/168
f 364/405/238 294/312/168 293/311/167
f 365/406/239 363/404/237 310/347/184
f 365/406/239 310/347/184 311/349/185
f 366/407/240 364/405/238 293/311/167
f 366/407/240 293/311/167 367/408/241
f 368/409/242 365/406/239 311/349/185
f 368/409/242 311/349/185 313/351/187
f 328/369/202 348/389/222 208/223/82
f 328/369/202 208/223/82 207/222/81
f 331/372/205 366/407/240 367/408/241
f 331/372/205 367/408/241 332/373/206
f 335/376/209 368/409/242 313/351/187
f 335/376/209 313/351/187 315/353/189
f 307/340/181 369/410/243 312/411/186
f 307/340/181 312/411/186 308/341/182
f 283/298/157 286/301/160 369/412/243
f 283/298/157 369/412/243 307/343/181
f 369/410/243 370/413/244 314/414/188
f 369/410/243 314/414/188 312/411/186
f 286/301/160 245/260/119 370/415/244
f 286/301/160 370/415/244 369/412/243
f 370/413/244 371/416/245 316/417/190
f 370/413/244 316/417/190 314/414/188
f 245/260/119 244/259/118 371/418/245
f 245/260/119 371/418/245 370/415/244
f 371/416/245 372/419/246 318/420/192
f 371/416/245 318/420/192 316/417/190
f 244/259/118 250/265/124 372/421/246
f 244/259/118 372/421/246 371/418/245
f 372/419/246 373/422/247 320/423/194
f 372/419/246 320/423/194 318/420/192
f 250/265/124 254/269/128 373/424/247
f 250/265/124 373/424/247 372/421/246
f 373/422/247 374/425/248 322/426/196
f 373/422/247 322/426/196 320/423/194
f 254/269/128 258/273/132 374/427/248
f 254/269/128 374/427/248 373/424/247
f 374/425/248 287/428/161 290/429/164
f 374/425/248 290/429/164 322/426/196
f 258/273/132 261/276/135 287/307/161
f 258/273/132 287/307/161 374/427/248
f 229/244/103 213/228/87 216/231/90
f 229/244/103 216/231/90 230/245/104
f 296/430/170 295/317/169 235/320/109
f 296/430/170 235/320/109 233/431/107
f 367/408/241 293/311/167 296/314/170
f 367/408/241 296/314/170 375/432/249
f 375/433/249 296/430/170 233/431/107
f 375/433/249 233/431/107 231/434/105
f 332/373/206 367/408/241 375/432/249
f 332/373/206 375/432/249 376/435/250
f 376/436/250 375/433/249 231/434/105
f 376/436/250 231/434/105 227/437/101
f 329/370/203 207/222/81 210/225/84
f 329/370/203 210/225/84 377/438/251
f 377/439/251 210/332/84 229/335/103
f 377/439/251 229/335/103 225/440/99
f 333/374/207 332/373/206 376/435/250
f 333/374/207 376/435/250 378/441/252
f 378/442/252 376/443/250 227/444/101
f 378/442/252 227/444/101 223/445/97
f 337/378/211 329/370/203 377/438/251
f 337/378/211 377/438/251 379/446/253
f 379/447/253 377/439/251 225/440/99
f 379/447/253 225/440/99 221/448/95
f 339/380/213 333/374/207 378/441/252
f 339/380/213 378/441/252 380/449/254
f 380/450/254 378/442/252 223/445/97
f 380/450/254 223/445/97 219/451/93
f 342/383/216 337/378/211 379/446/253
f 342/383/216 379/446/253 381/452/255
f 381/453/255 379/447/253 221/448/95
f 381/453/255 221/448/95 217/454/91
f 344/385/218 339/380/213 380/449/254
f 344/385/218 380/449/254 382/455/256
f 382/456/256 380/450/254 219/451/93
f 382/456/256 219/451/93 214/457/88
f 347/388/221 342/383/216 381/452/255
f 347/388/221 381/452/255 383/458/257
f 383/459/257 381/460/255 217/461/91
f 383/459/257 217/461/91 211/462/85
f 208/223/82 344/385/218 382/455/256
f 208/223/82 382/455/256 209/224/83
f 209/333/83 382/456/256 214/457/88
f 209/333/83 214/457/88 213/334/87
f 351/392/225 347/388/221 383/458/257
f 351/392/225 383/458/257 384/463/258
f 384/464/258 383/459/257 211/462/85
f 384/464/258 211/462/85 204/465/78
f 201/216/75 351/392/225 384/463/258
f 201/216/75 384/463/258 202/217/76
f 202/466/76 384/464/258 204/465/78
f 202/466/76 204/465/78 203/467/77
f 266/281/140 385/468/259 203/218/77
f 266/281/140 203/218/77 206/221/80
f 385/469/259 200/470/74 202/466/76
f 385/469/259 202/466/76 203/467/77
f 270/285/144 386/471/260 385/468/259
f 270/285/144 385/468/259 266/281/140
f 386/472/260 195/473/69 200/470/74
f 386/472/260 200/470/74 385/469/259
f 270/285/144 274/289/148 301/331/175
f 270/285/144 301/331/175 386/471/260
f 386/472/260 301/324/175 196/327/70
f 386/472/260 196/327/70 195/473/69
f 352/474/226 387/475/2 388/476/2
f 352/474/226 388/476/2 349/477/223
f 267/478/141 389/479/1 390/480/1
f 267/478/141 390/480/1 271/481/145
f 354/482/228 391/483/2 387/475/2
f 354/482/228 387/475/2 352/474/226
f 271/481/145 390/480/1 392/484/1
f 271/481/145 392/484/1 275/485/149
f 356/486/230 393/487/2 391/483/2
f 356/486/230 391/483/2 354/482/228
f 275/485/149 392/484/1 394/488/1
f 275/485/149 394/488/1 278/489/152
f 358/490/232 395/491/2 393/487/2
f 358/490/232 393/487/2 356/486/230
f 278/489/152 394/488/1 396/492/1
f 278/489/152 396/492/1 281/493/155
f 360/494/234 397/495/2 395/491/2
f 360/494/234 395/491/2 358/490/232
f 281/493/155 396/492/1 398/496/1
f 281/493/155 398/496/1 284/497/158
f 256/498/130 399/499/1 400/500/1
f 256/501/130 400/502/1 240/503/114
f 362/504/236 401/505/2 397/495/2
f 362/504/236 397/495/2 360/494/234
f 284/497/158 398/496/1 402/506/1
f 284/497/158 402/506/1 242/507/116
f 240/508/114 400/500/1 403/509/1
f 240/508/114 403/509/1 239/510/113
f 364/511/238 404/512/2 401/505/2
f 364/511/238 401/505/2 362/504/236
f 242/507/116 402/506/1 405/513/1
f 242/507/116 405/513/1 241/514/115
f 239/510/113 403/509/1 406/515/1
f 239/510/113 406/515/1 247/516/121
f 366/517/240 407/518/2 404/512/2
f 366/517/240 404/512/2 364/511/238
f 328/519/202 408/520/2 409/521/2
f 328/519/202 409/521/2 348/522/222
f 241/514/115 405/513/1 410/523/1
f 241/514/115 410/523/1 248/524/122
f 247/516/121 406/515/1 411/525/1
f 247/516/121 411/525/1 251/526/125
f 331/527/205 412/528/2 407/518/2
f 331/527/205 407/518/2 366/517/240
f 248/524/122 410/523/1 413/529/1
f 248/524/122 413/529/1 252/530/126
f 327/531/201 414/532/2 408/520/2
f 327/531/201 408/520/2 328/519/202
f 251/526/125 411/525/1 415/533/1
f 251/526/125 415/533/1 255/534/129
f 330/535/204 416/536/2 412/528/2
f 330/535/204 412/528/2 331/527/205
f 252/530/126 413/529/1 399/499/1
f 252/530/126 399/499/1 256/498/130
f 336/537/210 417/538/2 414/532/2
f 336/537/210 414/532/2 327/531/201
f 255/534/129 415/533/1 418/539/1
f 255/534/129 418/539/1 259/540/133
f 338/541/212 419/542/2 416/536/2
f 338/541/212 416/536/2 330/535/204
f 341/543/215 420/544/2 417/538/2
f 341/543/215 417/538/2 336/537/210
f 259/540/133 418/539/1 421/545/1
f 259/540/133 421/545/1 262/546/136
f 343/547/217 422/548/2 419/542/2
f 343/547/217 419/542/2 338/541/212
f 346/549/220 423/550/2 420/544/2
f 346/549/220 420/544/2 341/543/215
f 262/546/136 421/545/1 424/551/1
f 262/546/136 424/551/1 265/552/139
f 348/522/222 409/521/2 422/548/2
f 348/522/222 422/548/2 343/547/217
f 350/553/224 425/554/2 423/550/2
f 350/553/224 423/550/2 346/549/220
f 265/552/139 424/551/1 426/555/1
f 265/552/139 426/555/1 269/556/143
f 353/557/227 427/558/2 425/554/2
f 353/557/227 425/554/2 350/553/224
f 269/556/143 426/555/1 428/559/1
f 269/556/143 428/559/1 273/560/147
f 355/561/229 429/562/2 427/558/2
f 355/561/229 427/558/2 353/557/227
f 273/560/147 428/559/1 430/563/1
f 273/560/147 430/563/1 276/564/150
f 357/565/231 431/566/2 429/562/2
f 357/565/231 429/562/2 355/561/229
f 276/564/150 430/563/1 432/567/1
f 276/564/150 432/567/1 279/568/153
f 359/569/233 433/570/2 431/566/2
f 359/569/233 431/566/2 357/565/231
f 279/568/153 432/567/1 434/571/1
f 279/568/153 434/571/1 282/572/156
f 361/573/235 435/574/2 433/570/2
f 361/573/235 433/570/2 359/569/233
f 282/572/156 434/571/1 436/575/1
f 282/572/156 436/575/1 285/576/159
f 363/577/237 437/578/2 435/574/2
f 363/577/237 435/574/2 361/573/235
f 285/576/159 436/575/1 438/579/1
f 285/576/159 438/579/1 246/580/120
f 365/581/239 439/582/2 437/578/2
f 365/581/239 437/578/2 363/577/237
f 246/580/120 438/579/1 440/583/1
f 246/580/120 440/583/1 243/584/117
f 368/585/242 441/586/2 439/582/2
f 368/585/242 439/582/2 365/581/239
f 243/584/117 440/583/1 442/587/1
f 243/584/117 442/587/1 249/588/123
f 335/589/209 443/590/2 441/586/2
f 335/589/209 441/586/2 368/585/242
f 249/588/123 442/587/1 444/591/1
f 249/588/123 444/591/1 253/592/127
f 334/593/208 445/594/2 443/590/2
f 334/593/208 443/590/2 335/589/209
f 253/592/127 444/591/1 446/595/1
f 253/592/127 446/595/1 257/596/131
f 340/597/214 447/598/2 445/594/2
f 340/597/214 445/594/2 334/593/208
f 257/596/131 446/595/1 448/599/1
f 257/596/131 448/599/1 260/600/134
f 345/601/219 449/602/2 447/598/2
f 345/601/219 447/598/2 340/597/214
f 260/600/134 448/599/1 450/603/1
f 260/600/134 450/603/1 263/604/137
f 349/477/223 388/476/2 449/602/2
f 349/477/223 449/602/2 345/601/219
f 263/604/137 450/603/1 389/479/1
f 263/604/137 389/479/1 267/478/141
usemtl Steel
s off
f 451/605/2 452/606/2 453/607/2
f 451/605/2 453/607/2 454/608/2
f 455/609/2 456/610/2 457/611/2
f 455/609/2 457/611/2 458/612/2
f 459/613/2 460/614/2 461/615/2
f 459/613/2 461/615/2 462/616/2
f 463/617/2 464/618/2 465/619/2
f 463/617/2 465/619/2 466/620/2
f 467/621/1 468/622/1 469/623/1
f 467/621/1 469/623/1 470/624/1
f 471/625/2 472/626/2 473/627/2
f 471/625/2 473/627/2 474/628/2
f 462/616/2 461/615/2 475/629/2
f 462/616/2 475/629/2 476/630/2
f 477/631/2 478/632/2 479/633/2
f 477/631/2 479/633/2 480/634/2
f 481/635/2 482/636/2 483/637/2
f 481/635/2 483/637/2 484/638/2
f 485/639/1 486/640/1 487/641/1
f 485/639/1 487/641/1 488/642/1
f 489/643/2 490/644/2 482/636/2
f 489/643/2 482/636/2 481/635/2
f 491/645/1 492/646/1 493/647/1
f 491/645/1 493/647/1 494/648/1
f 495/649/2 496/650/2 497/651/2
f 495/649/2 497/651/2 498/652/2
f 499/653/1 500/654/1 501/655/1
f 499/653/1 501/655/1 502/656/1
f 498/652/2 497/651/2 503/657/2
f 498/652/2 503/657/2 504/658/2
f 476/630/2 475/629/2 505/659/2
f 476/630/2 505/659/2 506/660/2
f 507/661/2 508/662/2 509/663/2
f 507/661/2 509/663/2 510/664/2
f 510/664/2 509/663/2 511/665/2
f 510/664/2 511/665/2 512/666/2
f 504/658/2 503/657/2 513/667/2
f 504/658/2 513/667/2 514/668/2
f 515/669/1 516/670/1 517/671/1
f 515/669/1 517/671/1 518/672/1
f 466/620/2 465/619/2 460/614/2
f 466/620/2 460/614/2 459/613/2
f 506/660/2 505/659/2 478/632/2
f 506/660/2 478/632/2 477/631/2
f 519/673/1 520/674/1 521/675/1
f 519/673/1 521/675/1 522/676/1
f 523/677/2 524/678/2 525/679/2
f 523/677/2 525/679/2 526/680/2
f 527/681/1 528/682/1 516/670/1
f 527/681/1 516/670/1 515/669/1
f 529/683/1 530/684/1 531/685/1
f 529/683/1 531/685/1 532/686/1
f 454/608/2 453/607/2 524/678/2
f 454/608/2 524/678/2 523/677/2
f 533/687/1 534/688/1 535/689/1
f 533/687/1 535/689/1 536/690/1
f 537/691/2 538/692/2 539/693/2
f 537/691/2 539/693/2 540/694/2
f 541/695/1 542/696/1 468/622/1
f 541/695/1 468/622/1 467/621/1
f 540/694/2 539/693/2 452/606/2
f 540/694/2 452/606/2 451/605/2
f 458/612/2 457/611/2 538/692/2
f 458/612/2 538/692/2 537/691/2
f 543/697/2 544/698/2 472/626/2
f 543/697/2 472/626/2 471/625/2
f 545/699/1 546/700/1 547/701/1
f 545/699/1 547/701/1 548/702/1
f 522/676/1 521/675/1 549/703/1
f 522/676/1 549/703/1 550/704/1
f 551/705/1 552/706/1 553/707/1
f 551/705/1 553/707/1 554/708/1
f 512/666/2 511/665/2 544/698/2
f 512/666/2 544/698/2 543/697/2
f 555/709/1 556/710/1 486/640/1
f 555/709/1 486/640/1 485/639/1
f 532/686/1 531/685/1 557/711/1
f 532/686/1 557/711/1 558/712/1
f 536/690/1 535/689/1 528/682/1
f 536/690/1 528/682/1 527/681/1
f 518/672/1 517/671/1 542/696/1
f 518/672/1 542/696/1 541/695/1
f 559/713/1 560/714/1 561/715/1
f 559/713/1 561/715/1 562/716/1
f 470/624/1 469/623/1 546/700/1
f 470/624/1 546/700/1 545/699/1
f 563/717/1 564/718/1 520/674/1
f 563/717/1 520/674/1 519/673/1
f 565/719/1 566/720/1 552/706/1
f 565/719/1 552/706/1 551/705/1
f 514/668/2 513/667/2 567/721/2
f 514/668/2 567/721/2 568/722/2
f 548/702/1 547/701/1 566/720/1
f 548/702/1 566/720/1 565/719/1
f 526/680/2 525/679/2 464/618/2
f 526/680/2 464/618/2 463/617/2
f 569/723/2 570/724/2 456/610/2
f 569/723/2 456/610/2 455/609/2
f 550/704/1 549/703/1 530/684/1
f 550/704/1 530/684/1 529/683/1
f 554/708/1 553/707/1 500/654/1
f 554/708/1 500/654/1 499/653/1
f 558/712/1 557/711/1 534/688/1
f 558/712/1 534/688/1 533/687/1
f 474/628/2 473/627/2 570/724/2
f 474/628/2 570/724/2 569/723/2
f 571/725/1 572/726/1 492/646/1
f 571/725/1 492/646/1 491/645/1
f 573/727/1 574/728/1 560/714/1
f 573/727/1 560/714/1 559/713/1
f 502/656/1 501/655/1 572/726/1
f 502/656/1 572/726/1 571/725/1
f 494/648/1 493/647/1 574/728/1
f 494/648/1 574/728/1 573/727/1
f 575/729/1 576/730/1 564/718/1
f 575/729/1 564/718/1 563/717/1
f 562/716/1 561/715/1 556/710/1
f 562/716/1 556/710/1 555/709/1
f 484/638/2 483/637/2 577/731/2
f 484/638/2 577/731/2 578/732/2
f 568/722/2 567/721/2 508/662/2
f 568/722/2 508/662/2 507/661/2
f 480/634/2 479/633/2 490/644/2
f 480/634/2 490/644/2 489/643/2
f 488/642/1 487/641/1 576/730/1
f 488/642/1 576/730/1 575/729/1
f 578/732/2 577/731/2 496/650/2
f 578/732/2 496/650/2 495/649/2
f 579/733/21 580/734/21 581/735/21
f 579/733/21 581/735/21 582/736/21
f 583/737/11 584/738/11 585/739/11
f 583/737/11 585/739/11 586/740/11
f 587/741/8 588/742/8 589/743/8
f 587/741/8 589/743/8 590/744/8
f 591/745/33 592/746/33 593/747/33
f 591/745/33 593/747/33 594/748/33
f 595/749/3 596/750/3 597/751/3
f 595/749/3 597/751/3 598/752/3
f 599/753/17 600/754/17 601/755/17
f 599/753/17 601/755/17 602/756/17
f 603/757/23 604/758/23 605/759/23
f 603/757/23 605/759/23 606/760/23
f 607/761/14 608/762/14 609/763/14
f 607/761/14 609/763/14 610/764/14
f 611/765/27 612/766/27 613/767/27
f 611/765/27 613/767/27 614/768/27
f 615/769/5 616/770/5 617/771/5
f 615/769/5 617/771/5 618/772/5
f 619/773/24 620/774/24 621/775/24
f 619/773/24 621/775/24 622/776/24
f 623/777/13 624/778/13 625/779/13
f 623/777/13 625/779/13 626/780/13
f 627/781/32 628/782/32 629/783/32
f 627/781/32 629/783/32 630/784/32
f 631/785/10 632/786/10 633/787/10
f 631/785/10 633/787/10 634/788/10
f 635/789/30 636/790/30 637/791/30
f 635/789/30 637/791/30 638/792/30
f 639/793/20 640/794/20 641/795/20
f 639/793/20 641/795/20 642/796/20
f 643/797/261 644/798/261 645/799/261
f 643/797/55 645/799/55 646/800/55
f 647/801/44 648/802/44 649/803/44
f 647/801/44 649/803/44 650/804/44
f 651/805/40 652/806/40 653/807/40
f 651/805/40 653/807/40 654/808/40
f 655/809/67 656/810/67 657/811/67
f 655/809/67 657/811/67 658/812/67
f 659/813/35 660/814/35 661/815/35
f 662/816/50 663/817/50 664/818/50
f 665/819/57 666/820/57 667/821/57
f 668/822/47 669/823/47 670/824/47
f 668/822/47 670/824/47 671/825/47
f 672/826/61 673/827/61 674/828/61
f 672/826/61 674/828/61 675/829/61
f 676/830/262 677/831/262 678/832/262
f 679/833/263 680/834/263 681/835/263
f 679/833/263 681/835/263 682/836/263
f 683/837/46 684/838/46 685/839/46
f 683/837/46 685/839/46 686/840/46
f 687/841/66 688/842/66 689/843/66
f 687/841/66 689/843/66 690/844/66
f 691/845/42 692/846/42 693/847/42
f 694/848/64 695/849/64 696/850/64
f 694/848/64 696/850/64 697/851/64
f 698/852/54 699/853/54 700/854/54
f 698/852/54 700/854/54 701/855/54
f 702/856/264 703/857/264 704/858/264
f 705/859/50 706/860/50 707/861/50
f 665/819/57 708/862/57 666/820/57
f 676/830/262 709/863/262 677/831/262
f 691/845/42 710/864/42 692/846/42
f 702/865/35 711/866/35 703/867/35
s 1
f 712/868/265 713/869/2 714/870/266
f 715/871/267 713/869/2 716/872/268
f 717/873/269 713/869/2 718/874/270
f 719/875/271 713/869/2 712/868/265
f 720/876/272 713/869/2 715/871/267
f 721/877/273 713/869/2 717/873/269
f 722/878/274 713/869/2 719/875/271
f 723/879/275 713/869/2 720/876/272
f 724/880/276 713/869/2 721/877/273
f 725/881/277 713/869/2 722/878/274
f 726/882/278 713/869/2 723/879/275
f 727/883/279 713/869/2 725/881/277
f 728/884/280 713/869/2 726/882/278
f 729/885/281 713/869/2 727/883/279
f 730/886/282 713/869/2 728/884/280
f 731/887/283 713/869/2 729/885/281
f 718/874/270 713/869/2 732/888/284
f 716/872/268 713/869/2 733/889/285
f 714/870/266 713/869/2 734/890/286
f 732/888/284 713/869/2 735/891/287
f 733/889/285 713/869/2 724/880/276
f 734/890/286 713/869/2 736/892/288
f 735/891/287 713/869/2 737/893/289
f 736/892/288 713/869/2 738/894/290
f 737/893/289 713/869/2 739/895/291
f 738/894/290 713/869/2 740/896/292
f 739/895/291 713/869/2 741/897/293
f 740/896/292 713/869/2 742/898/294
f 741/897/293 713/869/2 743/899/295
f 742/898/294 713/869/2 744/900/296
f 743/899/295 713/869/2 731/887/283
f 744/900/296 713/869/2 730/886/282
f 745/901/17 746/902/17 747/903/22
f 745/901/17 747/903/22 748/904/22
f 748/905/22 747/906/22 749/907/27
f 748/905/22 749/907/27 750/908/27
f 750/908/27 749/907/27 751/909/31
f 750/908/27 751/909/31 752/910/31
f 752/910/31 751/909/31 753/911/3
f 752/910/31 753/911/3 754/912/3
f 754/912/3 753/911/3 755/913/4
f 754/912/3 755/913/4 756/914/4
f 756/914/4 755/913/4 757/915/13
f 756/914/4 757/915/13 758/916/13
f 758/916/13 757/915/13 759/917/18
f 758/916/13 759/917/18 760/918/18
f 760/919/18 759/920/18 761/921/23
f 760/919/18 761/921/23 762/922/23
f 762/922/23 761/921/23 763/923/28
f 762/922/23 763/923/28 764/924/28
f 764/924/28 763/923/28 765/925/32
f 764/924/28 765/925/32 766/926/32
f 766/926/32 765/925/32 767/927/7
f 766/926/32 767/927/7 768/928/7
f 768/928/7 767/927/7 769/929/8
f 768/928/7 769/929/8 770/930/8
f 770/930/8 769/929/8 771/931/15
f 770/930/8 771/931/15 772/932/15
f 772/932/15 771/931/15 773/933/20
f 772/932/15 773/933/20 774/934/20
f 774/934/20 773/933/20 775/935/25
f 774/934/20 775/935/25 776/936/25
f 776/937/25 775/935/25 777/938/5
f 776/937/25 777/938/5 778/939/5
f 778/939/5 777/938/5 779/940/6
f 778/939/5 779/940/6 780/941/6
f 780/941/6 779/940/6 781/942/14
f 780/941/6 781/942/14 782/943/14
f 782/943/14 781/942/14 783/944/19
f 782/943/14 783/944/19 784/945/19
f 784/945/19 783/944/19 785/946/24
f 784/945/19 785/946/24 786/947/24
f 786/947/24 785/946/24 787/948/29
f 786/947/24 787/948/29 788/949/29
f 788/949/29 787/948/29 789/950/33
f 788/949/29 789/950/33 790/951/33
f 790/951/33 789/950/33 791/952/9
f 790/951/33 791/952/9 792/953/9
f 792/953/9 791/952/9 793/954/10
f 792/953/9 793/954/10 794/955/10
f 794/955/10 793/954/10 795/956/16
f 794/955/10 795/956/16 796/957/16
f 796/958/16 795/959/16 797/960/21
f 796/958/16 797/960/21 798/961/21
f 798/961/21 797/960/21 799/962/26
f 798/961/21 799/962/26 800/963/26
f 800/963/26 799/962/26 801/964/30
f 800/963/26 801/964/30 802/965/30
f 802/965/30 801/964/30 803/966/34
f 802/965/30 803/966/34 804/967/34
f 804/967/34 803/966/34 805/968/11
f 804/967/34 805/968/11 806/969/11
f 806/969/11 805/968/11 807/970/12
f 806/969/11 807/970/12 808/971/12
f 808/971/12 807/970/12 746/902/17
f 808/971/12 746/902/17 745/901/17
f 809/972/12 810/973/12 811/974/17
f 809/972/12 811/974/17 812/975/17
f 813/976/297 724/880/276 721/877/273
f 813/976/297 721/877/273 814/977/298
f 815/978/11 816/979/11 810/973/12
f 815/978/11 810/973/12 809/972/12
f 817/980/299 725/881/277 722/878/274
f 817/980/299 722/878/274 818/981/300
f 819/982/34 820/983/34 816/979/11
f 819/982/34 816/979/11 815/978/11
f 821/984/301 726/882/278 723/879/275
f 821/984/301 723/879/275 822/985/302
f 823/986/30 824/987/30 820/983/34
f 823/986/30 820/983/34 819/982/34
f 825/988/303 826/989/303 827/990/304
f 825/988/303 827/990/304 828/991/305
f 829/992/26 830/993/26 824/987/30
f 829/992/26 824/987/30 823/986/30
f 831/994/306 832/995/307 833/996/308
f 831/994/306 833/996/308 834/997/309
f 835/998/21 836/999/21 830/993/26
f 835/998/21 830/993/26 829/992/26
f 837/1000/310 838/1001/310 839/1002/311
f 837/1000/310 839/1002/311 840/1003/312
f 841/1004/16 842/1005/16 836/999/21
f 841/1004/16 836/999/21 835/998/21
f 843/1006/313 727/883/279 725/881/277
f 843/1006/313 725/881/277 817/980/299
f 844/1007/10 845/1008/10 842/1009/16
f 844/1007/10 842/1009/16 841/1010/16
f 846/1011/314 728/884/280 726/882/278
f 846/1011/314 726/882/278 821/984/301
f 847/1012/9 848/1013/9 845/1008/10
f 847/1012/9 845/1008/10 844/1007/10
f 834/997/309 833/996/308 849/1014/315
f 834/997/309 849/1014/315 850/1015/316
f 851/1016/33 852/1017/33 848/1013/9
f 851/1016/33 848/1013/9 847/1012/9
f 840/1003/312 839/1002/311 853/1018/317
f 840/1003/312 853/1018/317 854/1019/318
f 855/1020/29 856/1021/29 852/1017/33
f 855/1020/29 852/1017/33 851/1016/33
f 857/1022/319 729/885/281 727/883/279
f 857/1022/319 727/883/279 843/1006/313
f 858/1023/24 859/1024/24 856/1021/29
f 858/1023/24 856/1021/29 855/1020/29
f 860/1025/320 730/886/282 728/884/280
f 860/1025/320 728/884/280 846/1011/314
f 861/1026/19 862/1027/19 859/1024/24
f 861/1026/19 859/1024/24 858/1023/24
f 850/1015/316 849/1014/315 863/1028/321
f 850/1015/316 863/1028/321 864/1029/321
f 865/1030/14 866/1031/14 862/1027/19
f 865/1030/14 862/1027/19 861/1026/19
f 854/1019/318 853/1018/317 867/1032/322
f 854/1019/318 867/1032/322 868/1033/323
f 869/1034/6 870/1035/6 866/1031/14
f 869/1034/6 866/1031/14 865/1030/14
f 871/1036/324 731/887/283 729/885/281
f 871/1036/324 729/885/281 857/1022/319
f 872/1037/5 873/1038/5 870/1035/6
f 872/1037/5 870/1035/6 869/1034/6
f 874/1039/325 744/900/296 730/886/282
f 874/1039/325 730/886/282 860/1025/320
f 875/1040/25 876/1041/25 873/1038/5
f 875/1040/25 873/1038/5 872/1037/5
f 864/1029/321 863/1028/321 877/1042/326
f 864/1029/321 877/1042/326 878/1043/327
f 879/1044/20 880/1045/20 876/1046/25
f 879/1044/20 876/1046/25 875/1047/25
f 868/1033/323 867/1032/322 881/1048/328
f 868/1033/323 881/1048/328 882/1049/328
f 883/1050/15 884/1051/15 880/1045/20
f 883/1050/15 880/1045/20 879/1044/20
f 885/1052/329 743/899/295 731/887/283
f 885/1052/329 731/887/283 871/1036/324
f 886/1053/8 887/1054/8 884/1051/15
f 886/1053/8 884/1051/15 883/1050/15
f 888/1055/330 742/898/294 744/900/296
f 888/1055/330 744/900/296 874/1039/325
f 889/1056/7 890/1057/7 887/1054/8
f 889/1056/7 887/1054/8 886/1053/8
f 878/1043/327 877/1042/326 891/1058/331
f 878/1043/327 891/1058/331 892/1059/331
f 893/1060/32 894/1061/32 890/1057/7
f 893/1060/32 890/1057/7 889/1056/7
f 882/1049/328 881/1048/328 895/1062/332
f 882/1049/328 895/1062/332 896/1063/333
f 897/1064/28 898/1065/28 894/1061/32
f 897/1064/28 894/1061/32 893/1060/32
f 899/1066/334 741/897/293 743/899/295
f 899/1066/334 743/899/295 885/1052/329
f 900/1067/23 901/1068/23 898/1065/28
f 900/1067/23 898/1065/28 897/1064/28
f 902/1069/335 740/896/292 742/898/294
f 902/1069/335 742/898/294 888/1055/330
f 903/1070/18 904/1071/18 901/1068/23
f 903/1070/18 901/1068/23 900/1067/23
f 892/1059/331 891/1058/331 905/1072/336
f 892/1059/331 905/1072/336 906/1073/337
f 907/1074/13 908/1075/13 904/1076/18
f 907/1074/13 904/1076/18 903/1077/18
f 896/1063/333 895/1062/332 909/1078/338
f 896/1063/333 909/1078/338 910/1079/338
f 911/1080/4 912/1081/4 908/1075/13
f 911/1080/4 908/1075/13 907/1074/13
f 913/1082/339 739/895/291 741/897/293
f 913/1082/339 741/897/293 899/1066/334
f 914/1083/3 915/1084/3 912/1081/4
f 914/1083/3 912/1081/4 911/1080/4
f 916/1085/340 738/894/290 740/896/292
f 916/1085/340 740/896/292 902/1069/335
f 917/1086/31 918/1087/31 915/1084/3
f 917/1086/31 915/1084/3 914/1083/3
f 906/1073/337 905/1072/336 919/1088/341
f 906/1073/337 919/1088/341 920/1089/341
f 921/1090/27 922/1091/27 918/1087/31
f 921/1090/27 918/1087/31 917/1086/31
f 910/1079/338 909/1078/338 923/1092/342
f 910/1079/338 923/1092/342 924/1093/343
f 925/1094/22 926/1095/22 922/1091/27
f 925/1094/22 922/1091/27 921/1090/27
f 927/1096/344 737/893/289 739/895/291
f 927/1096/344 739/895/291 913/1082/339
f 812/975/17 811/974/17 926/1097/22
f 812/975/17 926/1097/22 925/1098/22
f 928/1099/345 736/892/288 738/894/290
f 928/1099/345 738/894/290 916/1085/340
f 929/1100/346 930/1101/347 838/1001/310
f 929/1100/346 838/1001/310 837/1000/310
f 931/1102/348 932/1103/348 832/995/307
f 931/1102/348 832/995/307 831/994/306
f 933/1104/349 934/1105/350 826/989/303
f 933/1104/349 826/989/303 825/988/303
f 822/985/302 723/879/275 720/876/272
f 822/985/302 720/876/272 935/1106/351
f 818/981/300 722/878/274 719/875/271
f 818/981/300 719/875/271 936/1107/352
f 814/977/298 721/877/273 717/873/269
f 814/977/298 717/873/269 937/1108/353
f 938/1109/354 939/1110/354 930/1101/347
f 938/1109/354 930/1101/347 929/1100/346
f 940/1111/355 941/1112/356 932/1103/348
f 940/1111/355 932/1103/348 931/1102/348
f 942/1113/357 943/1114/357 934/1105/350
f 942/1113/357 934/1105/350 933/1104/349
f 935/1106/351 720/876/272 715/871/267
f 935/1106/351 715/871/267 944/1115/358
f 936/1107/352 719/875/271 712/868/265
f 936/1107/352 712/868/265 945/1116/359
f 937/1108/353 717/873/269 718/874/270
f 937/1108/353 718/874/270 946/1117/360
f 947/1118/361 948/1119/362 939/1110/354
f 947/1118/361 939/1110/354 938/1109/354
f 949/1120/363 950/1121/363 941/1112/356
f 949/1120/363 941/1112/356 940/1111/355
f 951/1122/364 952/1123/365 943/1114/357
f 951/1122/364 943/1114/357 942/1113/357
f 944/1115/358 715/871/267 716/872/268
f 944/1115/358 716/872/268 953/1124/366
f 945/1116/359 712/868/265 714/870/266
f 945/1116/359 714/870/266 954/1125/367
f 946/1117/360 718/874/270 732/888/284
f 946/1117/360 732/888/284 955/1126/368
f 956/1127/369 957/1128/369 948/1119/362
f 956/1127/369 948/1119/362 947/1118/361
f 958/1129/370 959/1130/371 950/1121/363
f 958/1129/370 950/1121/363 949/1120/363
f 960/1131/372 961/1132/372 952/1123/365
f 960/1131/372 952/1123/365 951/1122/364
f 953/1124/366 716/872/268 733/889/285
f 953/1124/366 733/889/285 962/1133/373
f 954/1125/367 714/870/266 734/890/286
f 954/1125/367 734/890/286 963/1134/374
f 955/1126/368 732/888/284 735/891/287
f 955/1126/368 735/891/287 964/1135/375
f 828/991/305 827/990/304 957/1128/369
f 828/991/305 957/1128/369 956/1127/369
f 965/1136/376 966/1137/376 959/1130/371
f 965/1136/376 959/1130/371 958/1129/370
f 967/1138/377 968/1139/378 961/1132/372
f 967/1138/377 961/1132/372 960/1131/372
f 962/1133/373 733/889/285 724/880/276
f 962/1133/373 724/880/276 813/976/297
f 963/1134/374 734/890/286 736/892/288
f 963/1134/374 736/892/288 928/1099/345
f 964/1135/375 735/891/287 737/893/289
f 964/1135/375 737/893/289 927/1096/344
f 924/1093/343 923/1092/342 966/1137/376
f 924/1093/343 966/1137/376 965/1136/376
f 920/1089/341 919/1088/341 968/1139/378
f 920/1089/341 968/1139/378 967/1138/377
f 969/1140/341 970/1141/341 971/1142/379
f 969/1140/341 971/1142/379 972/1143/378
f 973/1144/6 974/1145/6 975/1146/380
f 973/1144/6 975/1146/380 976/1147/380
f 977/1148/342 978/1149/381 979/1150/376
f 977/1148/342 979/1150/376 980/1151/376
f 972/1143/378 971/1142/379 981/1152/372
f 972/1143/378 981/1152/372 982/1153/372
f 971/1142/379 967/1138/377 960/1131/372
f 971/1142/379 960/1131/372 981/1152/372
f 980/1151/376 979/1150/376 983/1154/382
f 980/1151/376 983/1154/382 984/1155/371
f 985/1156/304 986/1157/383 987/1158/384
f 985/1156/304 987/1158/384 988/1159/384
f 989/1160/4 990/1161/4 991/1162/385
f 989/1160/4 991/1162/385 992/1163/385
f 982/1153/372 981/1152/372 993/1164/386
f 982/1153/372 993/1164/386 994/1165/365
f 981/1152/372 960/1131/372 951/1122/364
f 981/1152/372 951/1122/364 993/1164/386
f 984/1155/371 983/1154/382 995/1166/363
f 984/1155/371 995/1166/363 996/1167/363
f 983/1154/382 958/1129/370 949/1120/363
f 983/1154/382 949/1120/363 995/1166/363
f 988/1159/384 987/1158/384 997/1168/387
f 988/1159/384 997/1168/387 998/1169/362
f 999/1170/388 1000/1171/388 1001/1172/22
f 999/1170/388 1001/1172/22 1002/1173/22
f 994/1165/365 993/1164/386 1003/1174/357
f 994/1165/365 1003/1174/357 1004/1175/357
f 1005/1176/6 1006/1177/6 1007/1178/389
f 1005/1176/6 1007/1178/389 1008/1179/389
f 996/1167/363 995/1166/363 1009/1180/390
f 996/1167/363 1009/1180/390 1010/1181/356
f 995/1166/363 949/1120/363 940/1111/355
f 995/1166/363 940/1111/355 1009/1180/390
f 998/1169/362 997/1168/387 1011/1182/391
f 998/1169/362 1011/1182/391 1012/1183/354
f 997/1168/387 947/1118/361 938/1109/354
f 997/1168/387 938/1109/354 1011/1182/391
f 1004/1175/357 1003/1174/357 1013/1184/392
f 1004/1175/357 1013/1184/392 1014/1185/350
f 1002/1186/22 1001/1187/22 1015/1188/393
f 1002/1186/22 1015/1188/393 1016/1189/393
f 1010/1181/356 1009/1180/390 1017/1190/394
f 1010/1181/356 1017/1190/394 1018/1191/394
f 1019/1192/34 1020/1193/34 1021/1194/395
f 1019/1192/34 1021/1194/395 1022/1195/395
f 1012/1183/354 1011/1182/391 1023/1196/396
f 1012/1183/354 1023/1196/396 1024/1197/347
f 1011/1182/391 938/1109/354 929/1100/346
f 1011/1182/391 929/1100/346 1023/1196/396
f 1014/1185/350 1013/1184/392 1025/1198/303
f 1014/1185/350 1025/1198/303 1026/1199/303
f 1013/1184/392 933/1104/349 825/988/303
f 1013/1184/392 825/988/303 1025/1198/303
f 1018/1191/394 1017/1190/394 1027/1200/397
f 1018/1191/394 1027/1200/397 1028/1201/307
f 1024/1197/347 1023/1196/396 1029/1202/310
f 1024/1197/347 1029/1202/310 1030/1203/310
f 1031/1204/398 1032/1205/398 990/1161/4
f 1031/1204/398 990/1161/4 989/1160/4
f 1033/1206/338 1034/1207/338 978/1149/381
f 1033/1206/338 978/1149/381 977/1148/342
f 1034/1207/338 910/1079/338 924/1093/343
f 1034/1207/338 924/1093/343 978/1149/381
f 1035/1208/336 1036/1209/399 970/1141/341
f 1035/1208/336 970/1141/341 969/1140/341
f 1037/1210/332 1038/1211/400 1034/1207/338
f 1037/1210/332 1034/1207/338 1033/1206/338
f 1038/1211/400 896/1063/333 910/1079/338
f 1038/1211/400 910/1079/338 1034/1207/338
f 1039/1212/331 1040/1213/331 1036/1209/399
f 1039/1212/331 1036/1209/399 1035/1208/336
f 1040/1213/331 892/1059/331 906/1073/337
f 1040/1213/331 906/1073/337 1036/1209/399
f 1041/1214/328 1042/1215/328 1038/1211/400
f 1041/1214/328 1038/1211/400 1037/1210/332
f 1043/1216/28 1044/1217/28 1045/1218/401
f 1043/1216/28 1045/1218/401 1046/1219/401
f 1047/1220/326 1048/1221/402 1040/1213/331
f 1047/1220/326 1040/1213/331 1039/1212/331
f 1048/1221/402 878/1043/327 892/1059/331
f 1048/1221/402 892/1059/331 1040/1213/331
f 1049/1222/322 1050/1223/403 1042/1215/328
f 1049/1222/322 1042/1215/328 1041/1214/328
f 1051/1224/404 1052/1225/404 1053/1226/29
f 1051/1224/404 1053/1226/29 1054/1227/29
f 1055/1228/321 1056/1229/321 1048/1221/402
f 1055/1228/321 1048/1221/402 1047/1220/326
f 1057/1230/16 1058/1231/16 1059/1232/405
f 1057/1230/16 1059/1232/405 1060/1233/405
f 1061/1234/317 1062/1235/318 1050/1223/403
f 1061/1234/317 1050/1223/403 1049/1222/322
f 1062/1235/318 854/1019/318 868/1033/323
f 1062/1235/318 868/1033/323 1050/1223/403
f 1063/1236/315 1064/1237/406 1056/1229/321
f 1063/1236/315 1056/1229/321 1055/1228/321
f 1054/1227/29 1053/1226/29 1065/1238/407
f 1054/1227/29 1065/1238/407 1066/1239/407
f 1067/1240/311 1068/1241/408 1062/1235/318
f 1067/1240/311 1062/1235/318 1061/1234/317
f 1068/1241/408 840/1003/312 854/1019/318
f 1068/1241/408 854/1019/318 1062/1235/318
f 1069/1242/308 1070/1243/308 1064/1237/406
f 1069/1242/308 1064/1237/406 1063/1236/315
f 1070/1243/308 834/997/309 850/1015/316
f 1070/1243/308 850/1015/316 1064/1237/406
f 1030/1203/310 1029/1202/310 1068/1241/408
f 1030/1203/310 1068/1241/408 1067/1240/311
f 1028/1201/307 1027/1200/397 1070/1243/308
f 1028/1201/307 1070/1243/308 1069/1242/308
f 1027/1200/397 831/994/306 834/997/309
f 1027/1200/397 834/997/309 1070/1243/308
f 1026/1199/303 1025/1198/303 986/1157/383
f 1026/1199/303 986/1157/383 985/1156/304
f 1025/1198/303 825/988/303 828/991/305
f 1025/1198/303 828/991/305 986/1157/383
f 1071/1244/375 1072/1245/375 1073/1246/409
f 1071/1244/375 1073/1246/409 1074/1247/410
f 1072/1245/375 964/1135/375 927/1096/344
f 1072/1245/375 927/1096/344 1073/1246/409
f 1075/1248/411 1076/1249/412 1077/1250/345
f 1075/1248/411 1077/1250/345 1078/1251/345
f 1079/1252/4 1080/1253/4 1081/1254/398
f 1079/1252/4 1081/1254/398 1082/1255/398
f 1083/1256/373 1084/1257/373 1085/1258/413
f 1083/1256/373 1085/1258/413 1086/1259/414
f 1087/1260/415 1088/1261/416 1072/1245/375
f 1087/1260/415 1072/1245/375 1071/1244/375
f 1088/1261/416 955/1126/368 964/1135/375
f 1088/1261/416 964/1135/375 1072/1245/375
f 1089/1262/367 1090/1263/367 1076/1249/412
f 1089/1262/367 1076/1249/412 1075/1248/411
f 1090/1263/367 954/1125/367 963/1134/374
f 1090/1263/367 963/1134/374 1076/1249/412
f 1091/1264/417 1092/1265/418 1084/1257/373
f 1091/1264/417 1084/1257/373 1083/1256/373
f 1093/1266/419 1094/1267/419 1095/1268/15
f 1093/1266/419 1095/1268/15 1096/1269/15
f 1097/1270/360 1098/1271/360 1088/1261/416
f 1097/1270/360 1088/1261/416 1087/1260/415
f 1099/1272/380 1100/1273/380 1006/1177/6
f 1099/1272/380 1006/1177/6 1005/1176/6
f 1101/1274/420 1102/1275/421 1090/1263/367
f 1101/1274/420 1090/1263/367 1089/1262/367
f 1102/1275/421 945/1116/359 954/1125/367
f 1102/1275/421 954/1125/367 1090/1263/367
f 1103/1276/358 1104/1277/358 1092/1265/418
f 1103/1276/358 1092/1265/418 1091/1264/417
f 1104/1277/358 944/1115/358 953/1124/366
f 1104/1277/358 953/1124/366 1092/1265/418
f 1105/1278/422 1106/1279/423 1098/1271/360
f 1105/1278/422 1098/1271/360 1097/1270/360
f 1096/1269/15 1095/1268/15 1107/1280/424
f 1096/1269/15 1107/1280/424 1108/1281/424
f 1109/1282/352 1110/1283/352 1102/1275/421
f 1109/1282/352 1102/1275/421 1101/1274/420
f 1111/1284/425 1112/1285/425 1020/1193/34
f 1111/1284/425 1020/1193/34 1019/1192/34
f 1113/1286/426 1114/1287/427 1104/1277/358
f 1113/1286/426 1104/1277/358 1103/1276/358
f 1114/1287/427 935/1106/351 944/1115/358
f 1114/1287/427 944/1115/358 1104/1277/358
f 1115/1288/298 1116/1289/298 1106/1279/423
f 1115/1288/298 1106/1279/423 1105/1278/422
f 1116/1289/298 814/977/298 937/1108/353
f 1116/1289/298 937/1108/353 1106/1279/423
f 1117/1290/428 1118/1291/429 1110/1283/352
f 1117/1290/428 1110/1283/352 1109/1282/352
f 1119/1292/302 1120/1293/302 1114/1287/427
f 1119/1292/302 1114/1287/427 1113/1286/426
f 1121/1294/389 1122/1295/389 974/1145/6
f 1121/1294/389 974/1145/6 973/1144/6
f 1078/1251/345 1077/1250/345 1123/1296/430
f 1078/1251/345 1123/1296/430 1124/1297/431
f 1125/1298/401 1126/1299/401 1127/1300/28
f 1125/1298/401 1127/1300/28 1128/1301/28
f 1074/1247/410 1073/1246/409 1129/1302/339
f 1074/1247/410 1129/1302/339 1130/1303/339
f 1131/1304/34 1132/1305/34 1133/1306/425
f 1131/1304/34 1133/1306/425 1134/1307/425
f 1124/1297/431 1123/1296/430 1135/1308/432
f 1124/1297/431 1135/1308/432 1136/1309/335
f 1123/1296/430 916/1085/340 902/1069/335
f 1123/1296/430 902/1069/335 1135/1308/432
f 1130/1303/339 1129/1302/339 1137/1310/433
f 1130/1303/339 1137/1310/433 1138/1311/434
f 1128/1301/28 1127/1300/28 1139/1312/435
f 1128/1301/28 1139/1312/435 1140/1313/435
f 1136/1309/335 1135/1308/432 1141/1314/436
f 1136/1309/335 1141/1314/436 1142/1315/437
f 1135/1308/432 902/1069/335 888/1055/330
f 1135/1308/432 888/1055/330 1141/1314/436
f 1138/1311/434 1137/1310/433 1143/1316/329
f 1138/1311/434 1143/1316/329 1144/1317/329
f 1137/1310/433 899/1066/334 885/1052/329
f 1137/1310/433 885/1052/329 1143/1316/329
f 1142/1315/437 1141/1314/436 1145/1318/325
f 1142/1315/437 1145/1318/325 1146/1319/325
f 1147/1320/435 1148/1321/435 1044/1217/28
f 1147/1320/435 1044/1217/28 1043/1216/28
f 1144/1317/329 1143/1316/329 1149/1322/438
f 1144/1317/329 1149/1322/438 1150/1323/439
f 1143/1316/329 885/1052/329 871/1036/324
f 1143/1316/329 871/1036/324 1149/1322/438
f 1146/1319/325 1145/1318/325 1151/1324/440
f 1146/1319/325 1151/1324/440 1152/1325/441
f 1150/1323/439 1149/1322/438 1153/1326/319
f 1150/1323/439 1153/1326/319 1154/1327/319
f 1155/1328/442 1156/1329/442 1058/1330/16
f 1155/1328/442 1058/1330/16 1057/1331/16
f 1152/1325/441 1151/1324/440 1157/1332/314
f 1152/1325/441 1157/1332/314 1158/1333/314
f 1151/1324/440 860/1025/320 846/1011/314
f 1151/1324/440 846/1011/314 1157/1332/314
f 1154/1327/319 1153/1326/319 1159/1334/443
f 1154/1327/319 1159/1334/443 1160/1335/444
f 1158/1333/314 1157/1332/314 1161/1336/445
f 1158/1333/314 1161/1336/445 1162/1337/446
f 1157/1332/314 846/1011/314 821/984/301
f 1157/1332/314 821/984/301 1161/1336/445
f 1160/1335/444 1159/1334/443 1163/1338/299
f 1160/1335/444 1163/1338/299 1164/1339/299
f 1159/1334/443 843/1006/313 817/980/299
f 1159/1334/443 817/980/299 1163/1338/299
f 1162/1337/446 1161/1336/445 1120/1293/302
f 1162/1337/446 1120/1293/302 1119/1292/302
f 1164/1339/299 1163/1338/299 1118/1291/429
f 1164/1339/299 1118/1291/429 1117/1290/428
f 1163/1338/299 817/980/299 818/981/300
f 1163/1338/299 818/981/300 1118/1291/429
f 1086/1259/414 1085/1258/413 1116/1289/298
f 1086/1259/414 1116/1289/298 1115/1288/298
f 1085/1258/413 813/976/297 814/977/298
f 1085/1258/413 814/977/298 1116/1289/298
f 1165/1340/395 1166/1341/395 1132/1305/34
f 1165/1340/395 1132/1305/34 1131/1304/34
f 1167/1342/385 1168/1343/385 1080/1253/4
f 1167/1342/385 1080/1253/4 1079/1252/4
f 1169/1344/405 1170/1345/405 1171/1346/16
f 1169/1344/405 1171/1346/16 1172/1347/16
f 1172/1348/16 1171/1349/16 1173/1350/442
f 1172/1348/16 1173/1350/442 1174/1351/442
f 1175/1352/424 1176/1353/424 1177/1354/15
f 1175/1352/424 1177/1354/15 1178/1355/15
f 1178/1355/15 1177/1354/15 1179/1356/419
f 1178/1355/15 1179/1356/419 1180/1357/419
f 1181/1358/393 1182/1359/393 1183/1360/22
f 1181/1358/393 1183/1360/22 1184/1361/22
f 1184/1362/22 1183/1363/22 1185/1364/388
f 1184/1362/22 1185/1364/388 1186/1365/388
f 1187/1366/407 1188/1367/407 1189/1368/29
f 1187/1366/407 1189/1368/29 1190/1369/29
f 1190/1369/29 1189/1368/29 1191/1370/404
f 1190/1369/29 1191/1370/404 1192/1371/404
f 1193/1372/447 1194/1373/1 1195/1374/448
f 1196/1375/449 1194/1373/1 1197/1376/450
f 1198/1377/451 1194/1373/1 1199/1378/452
f 1200/1379/453 1194/1373/1 1193/1372/447
f 1201/1380/454 1194/1373/1 1196/1375/449
f 1202/1381/455 1194/1373/1 1198/1377/451
f 1203/1382/456 1194/1373/1 1200/1379/453
f 1204/1383/457 1194/1373/1 1201/1380/454
f 1205/1384/458 1194/1373/1 1202/1381/455
f 1206/1385/459 1194/1373/1 1203/1382/456
f 1207/1386/460 1194/1373/1 1204/1383/457
f 1208/1387/461 1194/1373/1 1206/1385/459
f 1209/1388/462 1194/1373/1 1207/1386/460
f 1210/1389/463 1194/1373/1 1208/1387/461
f 1211/1390/464 1194/1373/1 1209/1388/462
f 1212/1391/465 1194/1373/1 1210/1389/463
f 1199/1378/452 1194/1373/1 1213/1392/466
f 1197/1376/450 1194/1373/1 1214/1393/467
f 1195/1374/448 1194/1373/1 1215/1394/468
f 1213/1392/466 1194/1373/1 1216/1395/469
f 1214/1393/467 1194/1373/1 1205/1384/458
f 1215/1394/468 1194/1373/1 1217/1396/470
f 1216/1395/469 1194/1373/1 1218/1397/471
f 1217/1396/470 1194/1373/1 1219/1398/472
f 1218/1397/471 1194/1373/1 1220/1399/473
f 1219/1398/472 1194/1373/1 1221/1400/474
f 1220/1399/473 1194/1373/1 1222/1401/475
f 1221/1400/474 1194/1373/1 1223/1402/476
f 1222/1401/475 1194/1373/1 1224/1403/477
f 1223/1402/476 1194/1373/1 1225/1404/478
f 1224/1403/477 1194/1373/1 1212/1391/465
f 1225/1404/478 1194/1373/1 1211/1390/464
f 1226/1405/479 1205/1384/458 1202/1381/455
f 1226/1405/479 1202/1381/455 1227/1406/480
f 1228/1407/481 1206/1385/459 1203/1382/456
f 1228/1407/481 1203/1382/456 1229/1408/482
f 1230/1409/483 1207/1386/460 1204/1383/457
f 1230/1409/483 1204/1383/457 1231/1410/484
f 1232/1411/485 1233/1412/485 1234/1413/486
f 1232/1411/485 1234/1413/486 1235/1414/487
f 1236/1415/488 1237/1416/489 1238/1417/490
f 1236/1415/488 1238/1417/490 1239/1418/490
f 1240/1419/491 1241/1420/491 1242/1421/492
f 1240/1419/491 1242/1421/492 1243/1422/493
f 1244/1423/494 1208/1387/461 1206/1385/459
f 1244/1423/494 1206/1385/459 1228/1407/481
f 1245/1424/495 1209/1388/462 1207/1386/460
f 1245/1424/495 1207/1386/460 1230/1409/483
f 1239/1418/490 1238/1417/490 1246/1425/496
f 1239/1418/490 1246/1425/496 1247/1426/497
f 1243/1422/493 1242/1421/492 1248/1427/498
f 1243/1422/493 1248/1427/498 1249/1428/498
f 1250/1429/499 1210/1389/463 1208/1387/461
f 1250/1429/499 1208/1387/461 1244/1423/494
f 1251/1430/500 1211/1390/464 1209/1388/462
f 1251/1430/500 1209/1388/462 1245/1424/495
f 1247/1426/497 1246/1425/496 1252/1431/501
f 1247/1426/497 1252/1431/501 1253/1432/501
f 1249/1428/498 1248/1427/498 1254/1433/502
f 1249/1428/498 1254/1433/502 1255/1434/503
f 1256/1435/504 1212/1391/465 1210/1389/463
f 1256/1435/504 1210/1389/463 1250/1429/499
f 1257/1436/505 1225/1404/478 1211/1390/464
f 1257/1436/505 1211/1390/464 1251/1430/500
f 1253/1432/501 1252/1431/501 1258/1437/506
f 1253/1432/501 1258/1437/506 1259/1438/507
f 1255/1434/503 1254/1433/502 1260/1439/508
f 1255/1434/503 1260/1439/508 1261/1440/509
f 1262/1441/510 1224/1403/477 1212/1391/465
f 1262/1441/510 1212/1391/465 1256/1435/504
f 1263/1442/511 1223/1402/476 1225/1404/478
f 1263/1442/511 1225/1404/478 1257/1436/505
f 1259/1438/507 1258/1437/506 1264/1443/512
f 1259/1438/507 1264/1443/512 1265/1444/512
f 1261/1440/509 1260/1439/508 1266/1445/513
f 1261/1440/509 1266/1445/513 1267/1446/514
f 1268/1447/515 1222/1401/475 1224/1403/477
f 1268/1447/515 1224/1403/477 1262/1441/510
f 1269/1448/516 1221/1400/474 1223/1402/476
f 1269/1448/516 1223/1402/476 1263/1442/511
f 1265/1444/512 1264/1443/512 1270/1449/517
f 1265/1444/512 1270/1449/517 1271/1450/518
f 1267/1446/514 1266/1445/513 1272/1451/519
f 1267/1446/514 1272/1451/519 1273/1452/520
f 1274/1453/521 1220/1399/473 1222/1401/475
f 1274/1453/521 1222/1401/475 1268/1447/515
f 1275/1454/522 1219/1398/472 1221/1400/474
f 1275/1454/522 1221/1400/474 1269/1448/516
f 1271/1450/518 1270/1449/517 1276/1455/523
f 1271/1450/518 1276/1455/523 1277/1456/523
f 1273/1452/520 1272/1451/519 1278/1457/524
f 1273/1452/520 1278/1457/524 1279/1458/525
f 1280/1459/526 1218/1397/471 1220/1399/473
f 1280/1459/526 1220/1399/473 1274/1453/521
f 1281/1460/527 1217/1396/470 1219/1398/472
f 1281/1460/527 1219/1398/472 1275/1454/522
f 1282/1461/528 1283/1462/529 1241/1420/491
f 1282/1461/528 1241/1420/491 1240/1419/491
f 1284/1463/530 1285/1464/530 1237/1416/489
f 1284/1463/530 1237/1416/489 1236/1415/488
f 1286/1465/531 1287/1466/532 1233/1412/485
f 1286/1465/531 1233/1412/485 1232/1411/485
f 1231/1410/484 1204/1383/457 1201/1380/454
f 1231/1410/484 1201/1380/454 1288/1467/533
f 1229/1408/482 1203/1382/456 1200/1379/453
f 1229/1408/482 1200/1379/453 1289/1468/534
f 1227/1406/480 1202/1381/455 1198/1377/451
f 1227/1406/480 1198/1377/451 1290/1469/535
f 1291/1470/536 1292/1471/537 1283/1462/529
f 1291/1470/536 1283/1462/529 1282/1461/528
f 1293/1472/538 1294/1473/539 1285/1464/530
f 1293/1472/538 1285/1464/530 1284/1463/530
f 1295/1474/540 1296/1475/540 1287/1466/532
f 1295/1474/540 1287/1466/532 1286/1465/531
f 1288/1467/533 1201/1380/454 1196/1375/449
f 1288/1467/533 1196/1375/449 1297/1476/541
f 1289/1468/534 1200/1379/453 1193/1372/447
f 1289/1468/534 1193/1372/447 1298/1477/542
f 1290/1469/535 1198/1377/451 1199/1378/452
f 1290/1469/535 1199/1378/452 1299/1478/543
f 1300/1479/544 1301/1480/545 1292/1471/537
f 1300/1479/544 1292/1471/537 1291/1470/536
f 1302/1481/546 1303/1482/546 1294/1473/539
f 1302/1481/546 1294/1473/539 1293/1472/538
f 1304/1483/547 1305/1484/548 1296/1475/540
f 1304/1483/547 1296/1475/540 1295/1474/540
f 1297/1476/541 1196/1375/449 1197/1376/450
f 1297/1476/541 1197/1376/450 1306/1485/549
f 1298/1477/542 1193/1372/447 1195/1374/448
f 1298/1477/542 1195/1374/448 1307/1486/550
f 1299/1478/543 1199/1378/452 1213/1392/466
f 1299/1478/543 1213/1392/466 1308/1487/551
f 1309/1488/552 1310/1489/552 1301/1480/545
f 1309/1488/552 1301/1480/545 1300/1479/544
f 1311/1490/553 1312/1491/554 1303/1482/546
f 1311/1490/553 1303/1482/546 1302/1481/546
f 1313/1492/555 1314/1493/555 1305/1484/548
f 1313/1492/555 1305/1484/548 1304/1483/547
f 1306/1485/549 1197/1376/450 1214/1393/467
f 1306/1485/549 1214/1393/467 1315/1494/556
f 1307/1486/550 1195/1374/448 1215/1394/468
f 1307/1486/550 1215/1394/468 1316/1495/557
f 1308/1487/551 1213/1392/466 1216/1395/469
f 1308/1487/551 1216/1395/469 1317/1496/558
f 1235/1414/487 1234/1413/486 1310/1489/552
f 1235/1414/487 1310/1489/552 1309/1488/552
f 1318/1497/559 1319/1498/559 1312/1491/554
f 1318/1497/559 1312/1491/554 1311/1490/553
f 1320/1499/560 1321/1500/561 1314/1493/555
f 1320/1499/560 1314/1493/555 1313/1492/555
f 1315/1494/556 1214/1393/467 1205/1384/458
f 1315/1494/556 1205/1384/458 1226/1405/479
f 1316/1495/557 1215/1394/468 1217/1396/470
f 1316/1495/557 1217/1396/470 1281/1460/527
f 1317/1496/558 1216/1395/469 1218/1397/471
f 1317/1496/558 1218/1397/471 1280/1459/526
f 1279/1458/525 1278/1457/524 1319/1498/559
f 1279/1458/525 1319/1498/559 1318/1497/559
f 1277/1456/523 1276/1455/523 1321/1500/561
f 1277/1456/523 1321/1500/561 1320/1499/560
f 1322/1501/523 1323/1502/523 1324/1503/562
f 1322/1501/523 1324/1503/562 1325/1504/561
f 1326/1505/38 1327/1506/38 1328/1507/563
f 1326/1505/38 1328/1507/563 1329/1508/563
f 1330/1509/524 1331/1510/564 1332/1511/559
f 1330/1509/524 1332/1511/559 1333/1512/559
f 1325/1504/561 1324/1503/562 1334/1513/555
f 1325/1504/561 1334/1513/555 1335/1514/555
f 1324/1503/562 1320/1499/560 1313/1492/555
f 1324/1503/562 1313/1492/555 1334/1513/555
f 1333/1512/559 1332/1511/559 1336/1515/565
f 1333/1512/559 1336/1515/565 1337/1516/554
f 1338/1517/486 1339/1518/566 1340/1519/552
f 1338/1517/486 1340/1519/552 1341/1520/552
f 1342/1521/36 1343/1522/36 1344/1523/567
f 1342/1521/36 1344/1523/567 1345/1524/567
f 1335/1514/555 1334/1513/555 1346/1525/568
f 1335/1514/555 1346/1525/568 1347/1526/548
f 1334/1513/555 1313/1492/555 1304/1483/547
f 1334/1513/555 1304/1483/547 1346/1525/568
f 1337/1516/554 1336/1515/565 1348/1527/546
f 1337/1516/554 1348/1527/546 1349/1528/546
f 1336/1515/565 1311/1490/553 1302/1481/546
f 1336/1515/565 1302/1481/546 1348/1527/546
f 1341/1520/552 1340/1519/552 1350/1529/569
f 1341/1520/552 1350/1529/569 1351/1530/545
f 1352/1531/570 1353/1532/570 1354/1533/56
f 1352/1531/570 1354/1533/56 1355/1534/56
f 1347/1526/548 1346/1525/568 1356/1535/540
f 1347/1526/548 1356/1535/540 1357/1536/540
f 1358/1537/38 1359/1538/38 1360/1539/571
f 1358/1537/38 1360/1539/571 1361/1540/571
f 1349/1528/546 1348/1527/546 665/1541/572
f 1349/1528/546 665/1541/572 1362/1542/573
f 1348/1527/546 1302/1481/546 1293/1472/538
f 1348/1527/546 1293/1472/538 665/1541/572
f 1351/1530/545 1350/1529/569 1363/1543/574
f 1351/1530/545 1363/1543/574 1364/1544/574
f 1350/1529/569 1300/1479/544 1291/1470/536
f 1350/1529/569 1291/1470/536 1363/1543/574
f 1357/1536/540 1356/1535/540 1365/1545/575
f 1357/1536/540 1365/1545/575 1366/1546/532
f 1355/1547/56 1354/1548/56 1367/1549/576
f 1355/1547/56 1367/1549/576 1368/1550/576
f 1362/1542/573 665/1541/572 1369/1551/530
f 1362/1542/573 1369/1551/530 1370/1552/577
f 1371/1553/68 1372/1554/68 1373/1555/578
f 1371/1553/68 1373/1555/578 1374/1556/578
f 1364/1544/574 1363/1543/574 1375/1557/579
f 1364/1544/574 1375/1557/579 1376/1558/529
f 1363/1543/574 1291/1470/536 1282/1461/528
f 1363/1543/574 1282/1461/528 1375/1557/579
f 1366/1546/532 1365/1545/575 1377/1559/580
f 1366/1546/532 1377/1559/580 1378/1560/580
f 1365/1545/575 1286/1465/531 1232/1411/485
f 1365/1545/575 1232/1411/485 1377/1559/580
f 1370/1552/577 1369/1551/530 1379/1561/581
f 1370/1552/577 1379/1561/581 1380/1562/489
f 1376/1558/529 1375/1557/579 1381/1563/582
f 1376/1558/529 1381/1563/582 1382/1564/582
f 1383/1565/583 1384/1566/583 1343/1522/36
f 1383/1565/583 1343/1522/36 1342/1521/36
f 1385/1567/584 704/1568/585 1331/1510/564
f 1385/1567/584 1331/1510/564 1330/1509/524
f 704/1568/585 1273/1452/520 1279/1458/525
f 1386/1569/517 1387/1570/586 1323/1502/523
f 1386/1569/517 1323/1502/523 1322/1501/523
f 1388/1571/587 1389/1572/588 704/1568/585
f 1388/1571/587 704/1568/585 1385/1567/584
f 1389/1572/588 1267/1446/514 1273/1452/520
f 1389/1572/588 1273/1452/520 704/1568/585
f 1390/1573/512 1391/1574/512 1387/1570/586
f 1390/1573/512 1387/1570/586 1386/1569/517
f 1391/1574/512 1265/1444/512 1271/1450/518
f 1391/1574/512 1271/1450/518 1387/1570/586
f 1392/1575/508 1393/1576/508 1389/1572/588
f 1392/1575/508 1389/1572/588 1388/1571/587
f 1394/1577/62 1395/1578/62 1396/1579/589
f 1394/1577/62 1396/1579/589 1397/1580/589
f 1398/1581/506 1399/1582/590 1391/1574/512
f 1398/1581/506 1391/1574/512 1390/1573/512
f 1399/1582/590 1259/1438/507 1265/1444/512
f 1399/1582/590 1265/1444/512 1391/1574/512
f 1400/1583/591 1401/1584/592 1393/1576/508
f 1400/1583/591 1393/1576/508 1392/1575/508
f 1402/1585/593 1403/1586/593 1404/1587/63
f 1402/1585/593 1404/1587/63 1405/1588/63
f 1406/1589/501 1407/1590/501 1399/1582/590
f 1406/1589/501 1399/1582/590 1398/1581/506
f 1408/1591/49 1409/1592/49 1410/1593/594
f 1408/1591/49 1410/1593/594 1411/1594/594
f 1412/1595/595 1413/1596/595 1401/1584/592
f 1412/1595/595 1401/1584/592 1400/1583/591
f 1413/1596/595 1249/1428/498 1255/1434/503
f 1413/1596/595 1255/1434/503 1401/1584/592
f 1414/1597/496 1415/1598/596 1407/1590/501
f 1414/1597/496 1407/1590/501 1406/1589/501
f 1405/1588/63 1404/1587/63 1416/1599/597
f 1405/1588/63 1416/1599/597 1417/1600/597
f 1418/1601/492 1419/1602/598 1413/1596/595
f 1418/1601/492 1413/1596/595 1412/1595/595
f 1419/1602/598 1243/1422/493 1249/1428/498
f 1419/1602/598 1249/1428/498 1413/1596/595
f 1420/1603/490 1421/1604/490 1415/1598/596
f 1420/1603/490 1415/1598/596 1414/1597/496
f 1421/1604/490 1239/1418/490 1247/1426/497
f 1421/1604/490 1247/1426/497 1415/1598/596
f 1382/1564/582 1381/1563/582 1419/1602/598
f 1382/1564/582 1419/1602/598 1418/1601/492
f 1380/1562/489 1379/1561/581 1421/1604/490
f 1380/1562/489 1421/1604/490 1420/1603/490
f 1379/1561/581 1236/1415/488 1239/1418/490
f 1379/1561/581 1239/1418/490 1421/1604/490
f 1378/1560/580 1377/1559/580 1339/1518/566
f 1378/1560/580 1339/1518/566 1338/1517/486
f 1377/1559/580 1232/1411/485 1235/1414/487
f 1377/1559/580 1235/1414/487 1339/1518/566
f 1422/1605/599 1423/1606/558 1424/1607/600
f 1422/1605/599 1424/1607/600 1425/1608/601
f 1423/1606/558 1317/1496/558 1280/1459/526
f 1423/1606/558 1280/1459/526 1424/1607/600
f 1426/1609/602 1427/1610/603 1428/1611/604
f 1426/1609/602 1428/1611/604 1429/1612/604
f 1430/1613/36 1431/1614/36 1432/1615/583
f 1430/1613/36 1432/1615/583 1433/1616/583
f 1434/1617/556 1435/1618/556 1436/1619/605
f 1434/1617/556 1436/1619/605 1437/1620/606
f 1438/1621/607 1439/1622/608 1423/1606/558
f 1438/1621/607 1423/1606/558 1422/1605/599
f 1439/1622/608 1308/1487/551 1317/1496/558
f 1439/1622/608 1317/1496/558 1423/1606/558
f 1440/1623/550 1441/1624/550 1427/1610/603
f 1440/1623/550 1427/1610/603 1426/1609/602
f 1441/1624/550 1307/1486/550 1316/1495/557
f 1441/1624/550 1316/1495/557 1427/1610/603
f 1442/1625/609 1443/1626/610 1435/1618/556
f 1442/1625/609 1435/1618/556 1434/1617/556
f 1444/1627/611 1445/1628/611 1446/1629/48
f 1444/1627/611 1446/1629/48 1447/1630/48
f 1448/1631/612 1449/1632/612 1439/1622/608
f 1448/1631/612 1439/1622/608 1438/1621/607
f 1450/1633/563 1451/1634/563 1359/1538/38
f 1450/1633/563 1359/1538/38 1358/1537/38
f 1452/1635/613 1453/1636/614 1441/1624/550
f 1452/1635/613 1441/1624/550 1440/1623/550
f 1453/1636/614 1298/1477/542 1307/1486/550
f 1453/1636/614 1307/1486/550 1441/1624/550
f 1454/1637/615 1455/1638/615 1443/1626/610
f 1454/1637/615 1443/1626/610 1442/1625/609
f 1455/1638/615 1297/1476/541 1306/1485/549
f 1455/1638/615 1306/1485/549 1443/1626/610
f 1456/1639/616 1457/1640/617 1449/1632/612
f 1456/1639/616 1449/1632/612 1448/1631/612
f 1447/1630/48 1446/1629/48 703/1641/618
f 1447/1630/48 703/1641/618 1458/1642/618
f 1459/1643/534 1460/1644/534 1453/1636/614
f 1459/1643/534 1453/1636/614 1452/1635/613
f 1461/1645/619 1462/1646/619 1372/1554/68
f 1461/1645/619 1372/1554/68 1371/1553/68
f 1463/1647/620 1464/1648/621 1455/1638/615
f 1463/1647/620 1455/1638/615 1454/1637/615
f 1464/1648/621 1288/1467/533 1297/1476/541
f 1464/1648/621 1297/1476/541 1455/1638/615
f 1465/1649/480 1466/1650/480 1457/1640/617
f 1465/1649/480 1457/1640/617 1456/1639/616
f 1466/1650/480 1227/1406/480 1290/1469/535
f 1466/1650/480 1290/1469/535 1457/1640/617
f 1467/1651/622 1468/1652/623 1460/1644/534
f 1467/1651/622 1460/1644/534 1459/1643/534
f 1469/1653/484 1470/1654/484 1464/1648/621
f 1469/1653/484 1464/1648/621 1463/1647/620
f 1471/1655/571 1472/1656/571 1327/1506/38
f 1471/1655/571 1327/1506/38 1326/1505/38
f 1429/1612/604 1428/1611/604 711/1657/624
f 1429/1612/604 711/1657/624 1473/1658/625
f 1474/1659/589 1475/1660/589 1476/1661/62
f 1474/1659/589 1476/1661/62 1477/1662/62
f 1425/1608/601 1424/1607/600 1478/1663/521
f 1425/1608/601 1478/1663/521 1479/1664/521
f 1480/1665/68 1481/1666/68 1482/1667/619
f 1480/1665/68 1482/1667/619 1483/1668/619
f 1473/1658/625 711/1657/624 1484/1669/626
f 1473/1658/625 1484/1669/626 1485/1670/627
f 711/1657/624 1275/1454/522 1269/1448/516
f 711/1657/624 1269/1448/516 1484/1669/626
f 1479/1664/521 1478/1663/521 1486/1671/628
f 1479/1664/521 1486/1671/628 1487/1672/629
f 1477/1662/62 1476/1661/62 707/1673/630
f 1477/1662/62 707/1673/630 1488/1674/630
f 1485/1670/627 1484/1669/626 1489/1675/631
f 1485/1670/627 1489/1675/631 1490/1676/632
f 1484/1669/626 1269/1448/516 1263/1442/511
f 1484/1669/626 1263/1442/511 1489/1675/631
f 1487/1672/629 1486/1671/628 1491/1677/510
f 1487/1672/629 1491/1677/510 1492/1678/510
f 1486/1671/628 1268/1447/515 1262/1441/510
f 1486/1671/628 1262/1441/510 1491/1677/510
f 1490/1676/632 1489/1675/631 1493/1679/505
f 1490/1676/632 1493/1679/505 1494/1680/505
f 1495/1681/630 1496/1682/630 1395/1578/62
f 1495/1681/630 1395/1578/62 1394/1577/62
f 1492/1678/510 1491/1677/510 1497/1683/633
f 1492/1678/510 1497/1683/633 1498/1684/634
f 1491/1677/510 1262/1441/510 1256/1435/504
f 1491/1677/510 1256/1435/504 1497/1683/633
f 1494/1680/505 1493/1679/505 706/1685/635
f 1494/1680/505 706/1685/635 1499/1686/636
f 1498/1684/634 1497/1683/633 1500/1687/499
f 1498/1684/634 1500/1687/499 1501/1688/499
f 1502/1689/637 705/1690/637 1409/1691/49
f 1502/1689/637 1409/1691/49 1408/1692/49
f 1499/1686/636 706/1685/635 1503/1693/495
f 1499/1686/636 1503/1693/495 1504/1694/495
f 706/1685/635 1251/1430/500 1245/1424/495
f 706/1685/635 1245/1424/495 1503/1693/495
f 1501/1688/499 1500/1687/499 1505/1695/638
f 1501/1688/499 1505/1695/638 1506/1696/639
f 1504/1694/495 1503/1693/495 1507/1697/640
f 1504/1694/495 1507/1697/640 1508/1698/641
f 1503/1693/495 1245/1424/495 1230/1409/483
f 1503/1693/495 1230/1409/483 1507/1697/640
f 1506/1696/639 1505/1695/638 1509/1699/642
f 1506/1696/639 1509/1699/642 1510/1700/643
f 1505/1695/638 1244/1423/494 1228/1407/481
f 1505/1695/638 1228/1407/481 1509/1699/642
f 1508/1698/641 1507/1697/640 1470/1654/484
f 1508/1698/641 1470/1654/484 1469/1653/484
f 1510/1700/643 1509/1699/642 1468/1652/623
f 1510/1700/643 1468/1652/623 1467/1651/622
f 1509/1699/642 1228/1407/481 1229/1408/482
f 1509/1699/642 1229/1408/482 1468/1652/623
f 1437/1620/606 1436/1619/605 1466/1650/480
f 1437/1620/606 1466/1650/480 1465/1649/480
f 1436/1619/605 1226/1405/479 1227/1406/480
f 1436/1619/605 1227/1406/480 1466/1650/480
f 1511/1701/578 702/1702/578 1481/1666/68
f 1511/1701/578 1481/1666/68 1480/1665/68
f 1512/1703/567 1513/1704/567 1431/1614/36
f 1512/1703/567 1431/1614/36 1430/1613/36
f 1514/1705/594 1515/1706/594 1516/1707/49
f 1514/1705/594 1516/1707/49 1517/1708/49
f 1517/1709/49 1516/1710/49 676/1711/637
f 1517/1709/49 676/1711/637 1518/1712/637
f 1519/1713/618 1520/1714/618 1521/1715/48
f 1519/1713/618 1521/1715/48 1522/1716/48
f 1522/1716/48 1521/1715/48 1523/1717/611
f 1522/1716/48 1523/1717/611 1524/1718/611
f 1525/1719/576 1526/1720/576 1527/1721/56
f 1525/1719/576 1527/1721/56 1528/1722/56
f 1528/1723/56 1527/1724/56 691/1725/570
f 1528/1723/56 691/1725/570 1529/1726/570
f 1530/1727/597 1531/1728/597 1532/1729/63
f 1530/1727/597 1532/1729/63 1533/1730/63
f 1533/1730/63 1532/1729/63 1534/1731/593
f 1533/1730/63 1534/1731/593 1535/1732/593
