# Blender v3.0.1 OBJ File: ''
# www.blender.org
mtllib rally_wheel.mtl
o Nissan_Navara_From_CMR2005.001
v -0.291139 -0.547616 0.173888
v -0.308380 -0.542445 0.172220
v -0.308380 -0.566875 0.057488
v -0.308380 -0.566875 -0.059839
v -0.291139 -0.572283 -0.060394
v -0.291139 -0.572238 0.058045
v -0.308380 -0.542445 -0.174571
v -0.291102 -0.499361 0.282137
v -0.308380 -0.494651 -0.281708
v -0.291139 -0.499361 -0.284426
v -0.291139 -0.547571 -0.176238
v -0.291139 -0.429626 0.377972
v -0.308380 -0.425583 0.374330
v -0.308380 -0.494651 0.279419
v -0.308380 -0.425583 -0.376619
v -0.291102 -0.341461 0.457198
v -0.308380 -0.338262 -0.455164
v -0.291139 -0.341460 -0.459550
v -0.291102 -0.429626 -0.380261
v -0.291139 -0.238715 0.516418
v -0.308380 -0.236503 0.511478
v -0.308380 -0.338262 0.452814
v -0.308380 -0.236503 -0.513828
v -0.308380 -0.124747 -0.550076
v -0.291139 -0.125877 -0.555385
v -0.291102 -0.238714 -0.518767
v -0.291102 -0.125883 0.553035
v -0.308380 -0.007884 -0.562301
v -0.308380 -0.124747 0.547726
v -0.291139 -0.007884 0.565447
v -0.308380 -0.007884 0.559951
v -0.308380 0.108972 -0.550076
v -0.291139 0.110102 -0.555385
v -0.291145 -0.007841 -0.567735
v -0.291102 0.110108 0.553035
v -0.308380 0.220728 -0.513828
v -0.291139 0.222939 0.516418
v -0.308380 0.220728 0.511478
v -0.308380 0.108972 0.547726
v -0.308380 0.322487 -0.455164
v -0.291139 0.325686 -0.459550
v -0.291145 0.222982 -0.518767
v -0.291139 0.325729 0.457198
v -0.308380 0.409808 -0.376619
v -0.291139 0.413853 0.377972
v -0.308380 0.409808 0.374330
v -0.308380 0.322487 0.452814
v -0.308380 0.478876 -0.281708
v -0.291139 0.483588 -0.284426
v -0.291102 0.413853 -0.380261
v -0.291139 0.483631 0.282137
v -0.308380 0.526671 -0.174571
v -0.291139 0.531846 0.173888
v -0.308380 0.526671 0.172220
v -0.308380 0.478876 0.279419
v -0.308380 0.551100 -0.059839
v -0.291139 0.556509 -0.060394
v -0.291102 0.531846 -0.176238
v -0.291139 0.556552 0.058045
v -0.308380 0.551100 0.057489
v -0.203206 0.489973 0.008273
v -0.203700 0.489806 -0.011179
v -0.287057 0.471435 -0.004819
v -0.286748 0.471534 0.007100
v -0.241146 -0.264254 -0.054466
v -0.182162 -0.277067 -0.052058
v -0.182162 -0.277067 0.049770
v -0.241146 -0.264254 0.052177
v -0.241146 -0.089765 0.247741
v -0.241146 -0.182132 0.194450
v -0.182162 -0.186424 0.206739
v -0.182162 -0.098281 0.257620
v -0.241146 -0.089765 -0.250030
v -0.182162 -0.098281 -0.259909
v -0.182162 -0.186424 -0.209028
v -0.241146 -0.182132 -0.196739
v -0.241146 0.166851 -0.196739
v -0.182162 0.171149 -0.209028
v -0.182162 0.083000 -0.259909
v -0.241146 0.074485 -0.250030
v -0.182162 0.083000 0.257620
v -0.182162 0.171149 0.206739
v -0.241146 0.166851 0.194450
v -0.241146 0.074485 0.247741
v -0.241146 0.248979 -0.054466
v -0.241146 0.248979 0.052177
v -0.182162 0.261786 0.049770
v -0.182162 0.261786 -0.052058
v -0.200433 0.473387 0.018092
v -0.285056 0.461401 0.013088
v -0.201428 0.473059 -0.020811
v -0.285668 0.461203 -0.010685
v -0.180815 -0.287299 -0.074227
v -0.180815 -0.287299 0.071938
v -0.180815 -0.084196 0.277567
v -0.180815 -0.084196 -0.279856
v -0.238818 -0.278506 -0.081946
v -0.238818 -0.278506 0.079657
v -0.180815 -0.210747 -0.206804
v -0.180815 -0.210747 0.204515
v -0.238818 -0.073105 0.273800
v -0.238818 -0.073105 -0.276090
v -0.180815 0.195466 -0.206804
v -0.180815 0.195466 0.204515
v -0.238818 -0.213038 -0.195319
v -0.238818 -0.213038 0.193030
v -0.238818 0.197757 -0.195319
v -0.180815 0.068921 -0.279856
v -0.238818 0.197757 0.193030
v -0.180815 0.068921 0.277567
v -0.180815 0.272025 0.071938
v -0.180815 0.272025 -0.074227
v -0.238818 0.057831 -0.276090
v -0.238818 0.057831 0.273800
v -0.238818 0.263225 0.079657
v -0.238818 0.263225 -0.081946
v -0.268371 -0.195476 0.020315
v -0.268371 -0.207629 -0.001175
v -0.156733 -0.207629 -0.001175
v -0.156733 -0.195476 0.020315
v -0.268371 -0.120153 -0.153083
v -0.268371 -0.107636 -0.174323
v -0.156733 -0.107636 -0.174323
v -0.156733 -0.120153 -0.153083
v -0.268371 -0.120147 0.150793
v -0.156733 -0.120147 0.150793
v -0.156733 -0.107636 0.172034
v -0.268371 -0.107636 0.172034
v -0.268371 -0.195476 -0.022604
v -0.156733 -0.195476 -0.022604
v -0.268371 -0.082973 -0.174571
v -0.156733 -0.082967 -0.174571
v -0.268371 -0.082967 0.172281
v -0.156733 -0.082967 0.172281
v -0.268371 0.067692 -0.174571
v -0.268371 0.092355 -0.174323
v -0.156733 0.092355 -0.174323
v -0.156733 0.067692 -0.174571
v -0.268371 0.067692 0.172281
v -0.156733 0.067692 0.172281
v -0.156733 0.092355 0.172034
v -0.268371 0.092355 0.172034
v -0.268371 0.180202 -0.022604
v -0.268371 0.192354 -0.001175
v -0.156733 0.192354 -0.001175
v -0.156733 0.180202 -0.022604
v -0.268371 0.104872 0.150794
v -0.156733 0.104872 0.150794
v -0.268371 0.180202 0.020315
v -0.156733 0.180202 0.020315
v -0.268371 0.104872 -0.153083
v -0.156733 0.104872 -0.153083
v -0.188497 -0.159624 0.039579
v -0.188479 -0.135875 -0.001175
v -0.166551 -0.136344 -0.001175
v -0.223374 -0.066610 0.397116
v -0.223374 -0.066609 -0.399405
v -0.188497 0.144343 -0.041868
v -0.188479 0.120594 -0.001175
v -0.166551 0.121063 -0.001175
v -0.168286 -0.079311 0.387915
v -0.168286 -0.079311 -0.390265
v -0.223374 -0.382031 -0.149191
v -0.223374 -0.382031 0.146903
v -0.223374 0.307778 -0.251328
v -0.223374 0.307778 0.249039
v -0.170293 -0.079632 -0.073115
v -0.170293 -0.105981 0.025191
v -0.194981 -0.105981 0.025191
v -0.194981 -0.079632 -0.073115
v -0.168286 -0.380437 -0.133630
v -0.168286 -0.380437 0.131341
v -0.168286 0.293483 -0.257748
v -0.168286 0.293483 0.255460
v -0.170293 -0.033992 0.097192
v -0.194981 -0.033992 0.097192
v -0.223374 -0.323059 0.249039
v -0.223374 -0.323059 -0.251328
v -0.170293 0.018712 -0.099481
v -0.194981 0.018712 -0.099481
v -0.223374 0.366750 0.146903
v -0.223374 0.366750 -0.149191
v -0.168286 -0.308757 0.255460
v -0.168286 -0.308764 -0.257749
v -0.168286 0.365157 0.131341
v -0.168286 0.365157 -0.133630
v -0.223374 0.051334 -0.399405
v -0.223374 0.051334 0.397116
v -0.170293 0.064358 0.070826
v -0.194981 0.064358 0.070826
v -0.168286 0.064037 -0.390265
v -0.168286 0.064036 0.387915
v -0.166545 -0.206387 -0.041376
v -0.166545 -0.159852 -0.041437
v -0.188497 -0.159624 -0.041868
v -0.170293 0.090707 -0.027480
v -0.194981 0.090707 -0.027480
v -0.268371 0.155903 -0.022604
v -0.268371 0.143756 -0.001175
v -0.268371 0.155903 0.020315
v -0.268371 0.092726 0.129735
v -0.268371 0.068056 0.129982
v -0.268371 0.055540 0.151225
v -0.268371 -0.070820 0.151225
v -0.268371 -0.083337 0.129982
v -0.268371 -0.108000 0.129735
v -0.268371 -0.171184 0.020315
v -0.268371 -0.159031 -0.001175
v -0.268371 -0.171184 -0.022604
v -0.268371 -0.108000 -0.132024
v -0.268371 -0.083337 -0.132271
v -0.268371 -0.070820 -0.153514
v -0.268371 0.055540 -0.153514
v -0.268371 0.068056 -0.132271
v -0.268371 0.092726 -0.132024
v -0.166545 0.191107 0.039087
v -0.166545 0.144578 0.039148
v -0.188497 0.144343 0.039579
v -0.242770 0.225891 -0.001175
v -0.242770 0.217937 -0.061568
v -0.242770 0.217937 0.059279
v -0.242770 -0.209883 -0.117883
v -0.242770 -0.172770 -0.166295
v -0.242770 -0.124407 -0.203407
v -0.242770 -0.068085 -0.226749
v -0.242770 -0.007637 -0.234654
v -0.242770 0.052804 -0.226749
v -0.242770 0.109127 -0.203407
v -0.242770 0.157490 -0.166295
v -0.242770 0.194608 -0.117883
v -0.242770 -0.233212 -0.061568
v -0.220996 -0.324806 -0.280534
v -0.220996 -0.408171 -0.136162
v -0.242770 -0.241172 -0.001175
v -0.242770 -0.233212 0.059279
v -0.209313 -0.460212 -0.262441
v -0.209313 -0.512419 -0.136410
v -0.209313 -0.377165 -0.370690
v -0.220996 -0.426009 -0.069471
v -0.220996 -0.275999 -0.329317
v -0.209313 -0.530226 -0.001175
v -0.209313 -0.268935 -0.453744
v -0.220996 -0.430523 -0.001175
v -0.220996 -0.219083 -0.367354
v -0.220996 -0.426009 0.067182
v -0.220996 -0.157648 -0.397615
v -0.209313 -0.512419 0.134121
v -0.209313 -0.142896 -0.505925
v -0.220996 -0.091007 -0.415522
v -0.209313 -0.007637 -0.523707
v -0.220996 -0.408171 0.133812
v -0.209313 -0.460212 0.260152
v -0.220996 0.075726 -0.415522
v -0.209313 0.127615 -0.505925
v -0.220996 0.142373 -0.397615
v -0.209313 0.253654 -0.453744
v -0.220996 0.203803 -0.367354
v -0.220996 0.260718 -0.329317
v -0.209313 0.361884 -0.370690
v -0.220996 0.309526 -0.280534
v -0.209313 0.444932 -0.262441
v -0.220996 0.392895 -0.136162
v -0.209313 0.497142 -0.136410
v -0.220996 0.410729 -0.069471
v -0.209313 0.514951 -0.001175
v -0.220996 0.415249 -0.001175
v -0.220996 0.410729 0.067182
v -0.209313 0.497142 0.134121
v -0.220996 0.392895 0.133812
v -0.209313 0.444932 0.260152
v -0.220996 0.309526 0.278246
v -0.209313 0.361884 0.368401
v -0.220996 0.260718 0.327028
v -0.209313 0.253654 0.451455
v -0.220996 0.203803 0.365066
v -0.220996 0.142373 0.395325
v -0.209313 0.127614 0.503636
v -0.220996 0.075725 0.413233
v -0.209313 -0.007638 0.521418
v -0.220996 -0.091007 0.413233
v -0.242770 0.194608 0.115594
v -0.209313 -0.142896 0.503636
v -0.220996 -0.157648 0.395325
v -0.209313 -0.268935 0.451455
v -0.220996 -0.219084 0.365066
v -0.220996 -0.275999 0.327028
v -0.209313 -0.377165 0.368401
v -0.220996 -0.324806 0.278245
v -0.242770 -0.209883 0.115594
v -0.242770 -0.172770 0.164006
v -0.242770 -0.124401 0.201119
v -0.242770 -0.068079 0.224399
v -0.242770 -0.007637 0.232366
v -0.242770 0.052804 0.224399
v -0.242770 0.109127 0.201119
v -0.242770 0.157490 0.164006
v -0.156733 -0.108000 -0.132024
v -0.156733 0.055540 -0.153514
v -0.156733 0.055540 0.151225
v -0.156733 -0.108000 0.129735
v -0.283667 0.451169 0.007161
v -0.283976 0.451070 -0.004694
v -0.156733 0.155903 -0.022604
v -0.156733 -0.171184 -0.022604
v -0.156733 -0.171184 0.020315
v -0.156733 0.155903 0.020315
v -0.156733 0.092726 0.129735
v -0.156733 -0.070820 0.151225
v -0.156733 -0.070820 -0.153514
v -0.156733 0.092726 -0.132024
v -0.295356 -0.450235 -0.256142
v -0.295356 -0.387471 -0.342409
v -0.295356 -0.308115 -0.413731
v -0.295356 -0.215644 -0.467022
v -0.295356 -0.114083 -0.499996
v -0.295356 -0.007884 -0.511112
v -0.295356 0.098314 -0.499996
v -0.295356 0.199869 -0.467022
v -0.295356 0.292347 -0.413731
v -0.295356 0.371702 -0.342409
v -0.295356 -0.387471 0.340059
v -0.295356 -0.308115 0.411379
v -0.295356 -0.215644 0.464669
v -0.295356 -0.114083 0.497645
v -0.295356 -0.007884 0.508759
v -0.295356 0.098314 0.497645
v -0.295356 0.199868 0.464669
v -0.295356 0.292347 0.411379
v -0.295356 0.371702 0.340059
v -0.188479 0.103415 -0.065273
v -0.188497 0.103619 -0.112387
v -0.188479 0.056478 -0.112204
v -0.188479 -0.007637 -0.129369
v -0.188497 0.033081 -0.153144
v -0.188497 -0.048362 -0.153144
v -0.188479 -0.071759 -0.112204
v -0.201996 0.056633 -0.193776
v -0.201996 -0.071913 -0.193776
v -0.188479 -0.118689 -0.065273
v -0.188497 -0.118899 -0.112387
v -0.188479 -0.118689 0.062984
v -0.188497 -0.118899 0.110099
v -0.188479 -0.071753 0.109915
v -0.174980 0.102421 0.062367
v -0.174980 0.119445 -0.001175
v -0.174980 0.102421 -0.064717
v -0.174980 0.055904 0.108925
v -0.174980 0.055904 -0.111215
v -0.174980 -0.007637 0.125907
v -0.174980 -0.007637 -0.128257
v -0.174980 -0.071179 0.108925
v -0.174980 -0.071179 -0.111215
v -0.174980 -0.117695 0.062429
v -0.174980 -0.117695 -0.064717
v -0.174980 -0.134720 -0.001175
v -0.188497 0.033081 0.150855
v -0.188479 0.056478 0.109915
v -0.188479 -0.007637 0.127080
v -0.188497 -0.048362 0.150855
v -0.201996 -0.071913 0.191486
v -0.201996 0.056633 0.191486
v -0.188479 0.103415 0.062984
v -0.188497 0.103619 0.110099
v -0.295356 0.434465 0.253792
v -0.295350 0.477895 0.156412
v -0.295350 0.500094 0.052116
v -0.295350 0.500094 -0.054466
v -0.295350 0.477895 -0.158762
v -0.295356 0.434465 -0.256142
v -0.166551 0.213985 -0.001175
v -0.166545 0.191107 -0.041375
v -0.166545 0.144578 -0.041437
v -0.166551 0.103174 0.190806
v -0.166545 0.126602 0.150855
v -0.166545 0.103384 0.110532
v -0.166551 0.056713 0.110346
v -0.166545 0.033556 0.150855
v -0.166545 0.056867 0.191117
v -0.166551 -0.118449 0.190806
v -0.166545 -0.072148 0.191117
v -0.166545 -0.048831 0.150855
v -0.166551 -0.071994 0.110346
v -0.166545 -0.118659 0.110532
v -0.166545 -0.141877 0.150855
v -0.166551 -0.229260 -0.001175
v -0.166545 -0.206387 0.039087
v -0.166545 -0.159852 0.039148
v -0.166551 -0.118449 -0.193095
v -0.166545 -0.141877 -0.153144
v -0.166545 -0.118659 -0.112821
v -0.166551 -0.071994 -0.112635
v -0.166545 -0.048831 -0.153144
v -0.166545 -0.072148 -0.193406
v -0.166551 0.103174 -0.193095
v -0.166545 0.056867 -0.193406
v -0.166545 0.033556 -0.153144
v -0.166551 0.056713 -0.112635
v -0.166545 0.103384 -0.112821
v -0.166545 0.126602 -0.153144
v -0.295356 -0.450235 0.253792
v -0.295350 -0.493664 -0.158762
v -0.295350 -0.515866 -0.054466
v -0.295350 -0.515866 0.052116
v -0.295350 -0.493664 0.156412
v -0.201996 0.127071 0.150855
v -0.201996 0.191341 0.039518
v -0.201996 0.191341 -0.041807
v -0.201996 0.127071 -0.153144
v -0.201996 -0.142346 -0.153144
v -0.201996 -0.206622 -0.041807
v -0.201996 -0.206622 0.039518
v -0.201996 -0.142346 0.150855
v -0.156733 0.143756 -0.001175
v -0.156733 0.068056 -0.132271
v -0.156733 0.068056 0.129982
v -0.229944 0.214448 -0.001175
v -0.156733 -0.083337 -0.132271
v -0.156733 -0.083337 0.129982
v -0.229944 0.103409 0.191178
v -0.229944 0.103402 -0.193467
v -0.229944 -0.118683 0.191178
v -0.229944 -0.118683 -0.193467
v -0.156733 -0.159031 -0.001175
v -0.229944 -0.229729 -0.001175
v -0.198161 0.456646 0.008457
v -0.198655 0.456479 -0.010993
v -0.166903 0.294625 -0.277015
v -0.166897 0.294625 0.274726
v -0.166897 -0.095398 0.398537
v -0.166903 -0.095397 -0.400825
v -0.166897 0.382385 -0.124985
v -0.166897 0.382385 0.122696
v -0.166897 -0.397663 0.122696
v -0.166897 -0.397663 -0.124985
v -0.166897 0.080116 -0.400825
v -0.166897 0.080116 0.398537
v -0.166897 -0.309906 0.274726
v -0.166897 -0.309906 -0.277015
v -0.166749 0.397965 -0.067742
v -0.166749 0.402349 -0.001175
v -0.166749 0.397965 0.065453
v -0.166749 0.252814 -0.319128
v -0.166749 0.252820 0.316840
v -0.166749 0.197356 -0.356179
v -0.166749 0.197356 0.353891
v -0.166749 0.137507 -0.385695
v -0.166749 0.137507 0.383406
v -0.166749 -0.152789 0.383406
v -0.166749 -0.152788 -0.385695
v -0.166749 -0.212631 0.353891
v -0.166749 -0.212630 -0.356179
v -0.166749 -0.268095 0.316840
v -0.166749 -0.268095 -0.319128
v -0.166749 -0.413242 0.065453
v -0.166749 -0.413242 -0.067742
v -0.166749 -0.417627 -0.001175
v 0.278032 0.500094 -0.053538
v 0.278032 0.500094 0.053043
v 0.278032 0.477895 0.157340
v 0.278038 0.292347 -0.412802
v 0.278038 0.371702 -0.341481
v 0.278038 0.434465 -0.255215
v 0.278032 0.477895 -0.157834
v 0.278038 0.434465 0.254720
v 0.278038 0.371702 0.340986
v 0.278038 0.292347 0.412309
v 0.278038 0.199869 0.465599
v 0.278038 0.098314 0.498573
v 0.278038 -0.007884 0.509689
v 0.278038 -0.007884 -0.510182
v 0.278038 0.098314 -0.499068
v 0.278038 0.199868 -0.466092
v 0.278038 -0.114083 0.498573
v 0.278038 -0.215644 0.465599
v 0.278038 -0.308115 0.412309
v 0.278038 -0.308115 -0.412801
v 0.278038 -0.215644 -0.466092
v 0.278038 -0.114083 -0.499068
v 0.278038 -0.387471 0.340986
v 0.278038 -0.450235 0.254720
v 0.278032 -0.493664 0.157340
v 0.278032 -0.493664 -0.157834
v 0.278038 -0.450235 -0.255215
v 0.278038 -0.387471 -0.341482
v 0.278032 -0.515866 0.053043
v 0.278032 -0.515866 -0.053538
v -0.394818 0.701320 0.314493
v -0.394818 0.511654 0.575512
v -0.308423 0.781935 0.572488
v -0.308429 0.925666 0.302082
v -0.308435 -0.584381 0.792750
v -0.394818 -0.395598 0.670916
v -0.394818 -0.635399 0.454976
v -0.308429 -0.797124 0.572488
v -0.298870 0.569193 0.792750
v -0.394818 0.232202 0.736866
v -0.298870 0.293977 0.926997
v -0.298864 -0.007594 0.980163
v -0.394818 -0.088710 0.770581
v -0.298870 -0.309172 0.926997
v -0.308429 -0.940855 0.302082
v -0.394818 -0.766644 0.160178
v -0.308429 -0.983506 -0.001114
v -0.394818 -0.766644 -0.162467
v -0.308429 -0.940855 -0.304371
v -0.394818 -0.635399 -0.457266
v -0.394818 0.511654 -0.577801
v -0.394818 0.232202 -0.739155
v -0.308435 0.781935 -0.574776
v -0.308423 0.569193 -0.795039
v -0.394818 0.701320 -0.316783
v -0.308429 0.925666 -0.304371
v -0.308423 0.293977 -0.929286
v -0.308423 -0.007594 -0.982452
v -0.394818 -0.088709 -0.772871
v -0.308423 -0.309171 -0.929286
v -0.394818 -0.395598 -0.673205
v -0.308429 -0.584381 -0.795039
v -0.291145 -0.238664 -0.518767
v -0.291145 -0.429582 -0.380261
v -0.308429 -0.797124 -0.574777
v -0.394818 0.768412 -0.001114
v -0.308435 0.968317 -0.001114
v 0.337193 -0.469047 -0.635909
v 0.254865 -0.598616 -0.814614
v 0.254865 -0.316612 -0.952195
v 0.337786 -0.625387 -0.449732
v 0.336705 -0.767907 -0.248053
v 0.254865 -0.816610 -0.588917
v 0.254865 -0.963888 -0.311843
v 0.336940 -0.795895 -0.001114
v 0.254865 -1.007593 -0.001114
v 0.269963 -0.569133 -0.001114
v 0.269963 -0.544589 -0.175312
v 0.337193 -0.248866 -0.743232
v 0.254865 -0.007594 -1.006659
v 0.337193 -0.007594 -0.785776
v 0.269963 -0.181119 -0.534328
v 0.269963 -0.339478 -0.457202
v 0.337193 0.233678 -0.743232
v 0.254865 0.301424 -0.952195
v 0.254878 0.583426 -0.814614
v 0.269963 0.165931 -0.534328
v 0.269963 -0.007594 -0.564834
v 0.337193 0.453855 -0.635909
v 0.269963 0.324290 -0.457202
v 0.338403 0.705593 -0.232678
v 0.337193 0.624064 -0.459795
v 0.254865 0.948699 -0.311842
v 0.269963 0.446704 -0.330676
v 0.254865 0.992406 -0.001114
v 0.337193 0.773179 -0.001114
v 0.269963 0.529407 -0.175312
v 0.269963 0.553946 -0.001114
v 0.254865 0.948699 0.309554
v 0.337193 0.739050 0.241319
v 0.269963 0.529407 0.173024
v 0.337193 0.233677 0.741005
v 0.337193 0.453861 0.633620
v 0.254865 0.301424 0.949905
v 0.254865 -0.007594 1.004369
v 0.337193 -0.007594 0.783488
v 0.269963 0.165930 0.532040
v 0.269963 0.324290 0.454913
v 0.337193 -0.248866 0.741005
v 0.254865 -0.316613 0.949905
v 0.254865 -0.598616 0.812325
v 0.269963 -0.181119 0.532040
v 0.269963 -0.007594 0.562545
v 0.338434 -0.610232 0.436388
v 0.337193 -0.754239 0.241319
v 0.269963 -0.461889 0.328387
v 0.254865 -0.963888 0.309554
v 0.269963 -0.544589 0.173024
v 0.269963 -0.461889 -0.330676
v 0.254865 0.801424 -0.588917
v 0.337193 0.624064 0.457506
v 0.254865 0.801424 0.586629
v 0.254865 0.583426 0.812325
v 0.269963 0.446704 0.328387
v 0.337193 -0.469047 0.633620
v 0.254865 -0.816610 0.586628
v 0.269963 -0.339479 0.454913
v -0.291139 -0.341411 0.457198
v 0.273820 -0.547616 -0.175311
v 0.291062 -0.542445 -0.173643
v 0.291062 -0.566875 -0.058911
v 0.291062 -0.566875 0.058416
v 0.273820 -0.572283 0.058972
v 0.273783 -0.572283 -0.059467
v 0.291062 -0.542445 0.173148
v 0.273783 -0.499361 -0.283560
v 0.291062 -0.494651 0.280285
v 0.273820 -0.499361 0.283003
v 0.273783 -0.547616 0.174816
v 0.273820 -0.429626 -0.379395
v 0.291061 -0.425583 -0.375753
v 0.291061 -0.494651 -0.280841
v 0.291062 -0.425583 0.375197
v 0.273783 -0.341460 -0.458620
v 0.291062 -0.338262 0.453741
v 0.273820 -0.341461 0.458128
v 0.273783 -0.429626 0.378838
v 0.273820 -0.238714 -0.517840
v 0.291061 -0.236503 -0.512900
v 0.291061 -0.338262 -0.454237
v 0.291062 -0.236503 0.512405
v 0.291062 -0.124747 0.548653
v 0.273820 -0.125877 0.553963
v 0.273783 -0.238714 0.517345
v 0.273783 -0.125883 -0.554458
v 0.291062 -0.007884 0.560879
v 0.291061 -0.124747 -0.549148
v 0.273820 -0.007884 -0.566870
v 0.291061 -0.007884 -0.561374
v 0.291062 0.108972 0.548653
v 0.273820 0.110102 0.553963
v 0.273783 -0.007884 0.566313
v 0.273783 0.110108 -0.554458
v 0.291062 0.220728 0.512405
v 0.273820 0.222939 -0.517840
v 0.291061 0.220728 -0.512900
v 0.291061 0.108972 -0.549148
v 0.291062 0.322487 0.453741
v 0.273820 0.325686 0.458128
v 0.273783 0.222939 0.517345
v 0.273783 0.325686 -0.458620
v 0.291062 0.409808 0.375197
v 0.273820 0.413853 -0.379394
v 0.291061 0.409808 -0.375753
v 0.291061 0.322487 -0.454237
v 0.291062 0.478876 0.280285
v 0.273820 0.483588 0.283003
v 0.273783 0.413853 0.378838
v 0.273783 0.483588 -0.283560
v 0.291062 0.526671 0.173148
v 0.273820 0.531846 -0.175311
v 0.291062 0.526671 -0.173643
v 0.291061 0.478876 -0.280841
v 0.291062 0.551100 0.058416
v 0.273820 0.556509 0.058972
v 0.273783 0.531846 0.174816
v 0.273783 0.556509 -0.059467
v 0.291062 0.551100 -0.058911
v 0.185888 0.489973 -0.009696
v 0.186382 0.489806 0.009757
v 0.269739 0.471435 0.003396
v 0.269430 0.471534 -0.008523
v 0.223828 -0.264254 0.053043
v 0.164843 -0.277067 0.050635
v 0.164843 -0.277067 -0.051192
v 0.223828 -0.264254 -0.053599
v 0.223827 -0.089765 -0.249163
v 0.223827 -0.182132 -0.195873
v 0.164843 -0.186424 -0.208162
v 0.164843 -0.098281 -0.259043
v 0.223828 -0.089765 0.248607
v 0.164844 -0.098281 0.258486
v 0.164844 -0.186424 0.207605
v 0.223828 -0.182132 0.195316
v 0.223828 0.166851 0.195316
v 0.164844 0.171149 0.207605
v 0.164844 0.083000 0.258486
v 0.223828 0.074485 0.248607
v 0.164843 0.083000 -0.259043
v 0.164843 0.171149 -0.208162
v 0.223827 0.166851 -0.195873
v 0.223827 0.074485 -0.249163
v 0.223828 0.248979 0.053043
v 0.223828 0.248979 -0.053599
v 0.164843 0.261786 -0.051192
v 0.164843 0.261786 0.050635
v 0.183115 0.473387 -0.019514
v 0.267738 0.461401 -0.014511
v 0.184109 0.473059 0.019388
v 0.268349 0.461203 0.009262
v 0.163497 -0.287299 0.072804
v 0.163497 -0.287299 -0.073360
v 0.163497 -0.084196 -0.278990
v 0.163497 -0.084196 0.278434
v 0.221499 -0.278506 0.080523
v 0.221499 -0.278506 -0.081080
v 0.163497 -0.210747 0.205382
v 0.163497 -0.210747 -0.205938
v 0.221499 -0.073105 -0.275223
v 0.221499 -0.073105 0.274667
v 0.163497 0.195466 0.205382
v 0.163497 0.195466 -0.205938
v 0.221499 -0.213038 0.193896
v 0.221499 -0.213038 -0.194452
v 0.221499 0.197757 0.193896
v 0.163497 0.068921 0.278434
v 0.221499 0.197757 -0.194452
v 0.163497 0.068921 -0.278990
v 0.163497 0.272025 -0.073360
v 0.163497 0.272025 0.072804
v 0.221499 0.057831 0.274667
v 0.221499 0.057831 -0.275223
v 0.221499 0.263225 -0.081080
v 0.221499 0.263225 0.080523
v 0.251053 -0.195476 -0.021737
v 0.251053 -0.207629 -0.000248
v 0.139414 -0.207629 -0.000248
v 0.139414 -0.195476 -0.021737
v 0.251053 -0.120153 0.151660
v 0.251053 -0.107636 0.172900
v 0.139414 -0.107636 0.172900
v 0.139414 -0.120153 0.151660
v 0.251053 -0.120147 -0.152216
v 0.139414 -0.120147 -0.152216
v 0.139414 -0.107636 -0.173457
v 0.251053 -0.107636 -0.173457
v 0.251053 -0.195476 0.021181
v 0.139414 -0.195476 0.021181
v 0.251053 -0.082973 0.173148
v 0.139414 -0.082967 0.173148
v 0.251053 -0.082967 -0.173704
v 0.139414 -0.082967 -0.173704
v 0.251053 0.067692 0.173148
v 0.251053 0.092355 0.172900
v 0.139414 0.092355 0.172900
v 0.139414 0.067692 0.173148
v 0.251053 0.067692 -0.173704
v 0.139414 0.067692 -0.173704
v 0.139414 0.092355 -0.173457
v 0.251053 0.092355 -0.173457
v 0.251053 0.180202 0.021181
v 0.251053 0.192354 -0.000248
v 0.139414 0.192354 -0.000248
v 0.139414 0.180202 0.021181
v 0.251053 0.104872 -0.152216
v 0.139414 0.104872 -0.152216
v 0.251053 0.180202 -0.021737
v 0.139414 0.180202 -0.021737
v 0.251053 0.104872 0.151660
v 0.139414 0.104872 0.151660
v 0.171179 -0.159624 -0.041002
v 0.171161 -0.135875 -0.000248
v 0.149232 -0.136344 -0.000248
v 0.206055 -0.066610 -0.398538
v 0.206056 -0.066609 0.397982
v 0.171179 0.144343 0.040445
v 0.171161 0.120594 -0.000248
v 0.149232 0.121063 -0.000248
v 0.150968 -0.079311 -0.389338
v 0.150968 -0.079311 0.388842
v 0.206056 -0.382031 0.147768
v 0.206055 -0.382031 -0.148325
v 0.206056 0.307778 0.249905
v 0.206055 0.307778 -0.250461
v 0.152975 -0.079632 0.071692
v 0.152975 -0.105981 -0.026614
v 0.177663 -0.105981 -0.026614
v 0.177663 -0.079632 0.071692
v 0.150968 -0.380437 0.132208
v 0.150968 -0.380437 -0.132764
v 0.150968 0.293483 0.256326
v 0.150968 0.293483 -0.256883
v 0.152975 -0.033992 -0.098615
v 0.177663 -0.033992 -0.098615
v 0.206055 -0.323059 -0.250461
v 0.206056 -0.323059 0.249905
v 0.152975 0.018712 0.098059
v 0.177663 0.018712 0.098059
v 0.206055 0.366750 -0.148325
v 0.206056 0.366750 0.147768
v 0.150968 -0.308757 -0.256883
v 0.150968 -0.308764 0.256326
v 0.150968 0.365157 -0.132764
v 0.150968 0.365157 0.132207
v 0.206056 0.051334 0.397982
v 0.206055 0.051334 -0.398538
v 0.152975 0.064358 -0.072249
v 0.177663 0.064358 -0.072249
v 0.150968 0.064036 0.388842
v 0.150968 0.064036 -0.389338
v 0.149226 -0.206387 0.039953
v 0.149226 -0.159852 0.040014
v 0.171179 -0.159624 0.040445
v 0.152975 0.090707 0.026057
v 0.177663 0.090707 0.026057
v 0.251053 0.155903 0.021181
v 0.251053 0.143756 -0.000248
v 0.251053 0.155903 -0.021737
v 0.251053 0.092726 -0.131157
v 0.251053 0.068056 -0.131404
v 0.251053 0.055540 -0.152647
v 0.251053 -0.070820 -0.152647
v 0.251053 -0.083337 -0.131404
v 0.251053 -0.108000 -0.131157
v 0.251053 -0.171184 -0.021737
v 0.251053 -0.159031 -0.000248
v 0.251053 -0.171184 0.021181
v 0.251053 -0.108000 0.130601
v 0.251053 -0.083337 0.130848
v 0.251053 -0.070820 0.152091
v 0.251053 0.055540 0.152091
v 0.251053 0.068056 0.130848
v 0.251053 0.092726 0.130601
v 0.149226 0.191107 -0.040510
v 0.149226 0.144578 -0.040571
v 0.171179 0.144343 -0.041002
v 0.225451 0.225891 -0.000248
v 0.225451 0.217937 0.060145
v 0.225451 0.217937 -0.060701
v 0.225451 -0.209883 0.116460
v 0.225451 -0.172770 0.164873
v 0.225451 -0.124408 0.201985
v 0.225451 -0.068085 0.225326
v 0.225451 -0.007637 0.233232
v 0.225451 0.052804 0.225326
v 0.225451 0.109127 0.201985
v 0.225451 0.157490 0.164873
v 0.225451 0.194608 0.116460
v 0.225451 -0.233212 0.060145
v 0.203678 -0.324806 0.279112
v 0.203678 -0.408171 0.134740
v 0.225451 -0.241172 -0.000248
v 0.225451 -0.233212 -0.060701
v 0.191995 -0.460212 0.261019
v 0.191995 -0.512419 0.134987
v 0.191995 -0.377165 0.369267
v 0.203678 -0.426009 0.068048
v 0.203678 -0.275999 0.327894
v 0.191995 -0.530226 -0.000248
v 0.191995 -0.268935 0.452321
v 0.203678 -0.430523 -0.000248
v 0.203678 -0.219083 0.365932
v 0.203678 -0.426009 -0.068605
v 0.203678 -0.157648 0.396192
v 0.191995 -0.512419 -0.135544
v 0.191995 -0.142896 0.504502
v 0.203678 -0.091007 0.414099
v 0.191995 -0.007637 0.522285
v 0.203678 -0.408171 -0.135235
v 0.191995 -0.460212 -0.261575
v 0.203678 0.075726 0.414099
v 0.191995 0.127615 0.504502
v 0.203678 0.142373 0.396192
v 0.191995 0.253654 0.452321
v 0.203678 0.203803 0.365932
v 0.203678 0.260718 0.327894
v 0.191995 0.361884 0.369267
v 0.203678 0.309526 0.279112
v 0.191995 0.444932 0.261019
v 0.203678 0.392895 0.134740
v 0.191995 0.497142 0.134987
v 0.203678 0.410729 0.068048
v 0.191995 0.514951 -0.000248
v 0.203678 0.415249 -0.000248
v 0.203678 0.410729 -0.068605
v 0.191995 0.497142 -0.135544
v 0.203678 0.392895 -0.135235
v 0.191995 0.444932 -0.261575
v 0.203678 0.309526 -0.279668
v 0.191995 0.361884 -0.369824
v 0.203678 0.260718 -0.328450
v 0.191995 0.253654 -0.452878
v 0.203678 0.203803 -0.366489
v 0.203678 0.142373 -0.396748
v 0.191995 0.127614 -0.505059
v 0.203678 0.075725 -0.414656
v 0.191995 -0.007638 -0.522841
v 0.203678 -0.091007 -0.414656
v 0.225451 0.194608 -0.117017
v 0.191995 -0.142896 -0.505059
v 0.203678 -0.157648 -0.396748
v 0.191995 -0.268935 -0.452878
v 0.203678 -0.219084 -0.366489
v 0.203678 -0.275999 -0.328450
v 0.191995 -0.377165 -0.369824
v 0.203678 -0.324806 -0.279668
v 0.225451 -0.209883 -0.117017
v 0.225451 -0.172770 -0.165429
v 0.225451 -0.124401 -0.202541
v 0.225451 -0.068079 -0.225822
v 0.225451 -0.007637 -0.233788
v 0.225451 0.052804 -0.225822
v 0.225451 0.109127 -0.202542
v 0.225451 0.157490 -0.165429
v 0.139414 -0.108000 0.130601
v 0.139414 0.055540 0.152091
v 0.139414 0.055540 -0.152647
v 0.139414 -0.108000 -0.131157
v 0.266349 0.451169 -0.008584
v 0.266657 0.451070 0.003272
v 0.139414 0.155903 0.021181
v 0.139414 -0.171184 0.021181
v 0.139414 -0.171184 -0.021737
v 0.139414 0.155903 -0.021737
v 0.139414 0.092726 -0.131157
v 0.139414 -0.070820 -0.152647
v 0.139414 -0.070820 0.152091
v 0.139414 0.092726 0.130601
v 0.171161 0.103415 0.063851
v 0.171179 0.103619 0.110965
v 0.171161 0.056478 0.110781
v 0.171161 -0.007637 0.127946
v 0.171179 0.033081 0.151721
v 0.171179 -0.048362 0.151721
v 0.171161 -0.071759 0.110781
v 0.184677 0.056633 0.192353
v 0.184677 -0.071913 0.192353
v 0.171161 -0.118689 0.063851
v 0.171179 -0.118899 0.110965
v 0.171161 -0.118689 -0.064407
v 0.171179 -0.118899 -0.111521
v 0.171161 -0.071753 -0.111337
v 0.157661 0.102421 -0.063789
v 0.157661 0.119445 -0.000248
v 0.157661 0.102421 0.063295
v 0.157661 0.055904 -0.110348
v 0.157661 0.055904 0.109792
v 0.157661 -0.007637 -0.127330
v 0.157661 -0.007637 0.126834
v 0.157661 -0.071179 -0.110348
v 0.157661 -0.071179 0.109792
v 0.157661 -0.117695 -0.063851
v 0.157661 -0.117695 0.063295
v 0.157661 -0.134720 -0.000248
v 0.171179 0.033081 -0.152277
v 0.171161 0.056478 -0.111337
v 0.171161 -0.007637 -0.128503
v 0.171179 -0.048362 -0.152277
v 0.184677 -0.071913 -0.192909
v 0.184677 0.056633 -0.192909
v 0.171161 0.103415 -0.064407
v 0.171179 0.103619 -0.111521
v 0.149232 0.213985 -0.000248
v 0.149226 0.191107 0.039953
v 0.149226 0.144578 0.040014
v 0.149232 0.103174 -0.192229
v 0.149226 0.126602 -0.152277
v 0.149226 0.103384 -0.111954
v 0.149232 0.056713 -0.111768
v 0.149226 0.033556 -0.152277
v 0.149226 0.056867 -0.192539
v 0.149232 -0.118449 -0.192229
v 0.149226 -0.072148 -0.192539
v 0.149226 -0.048831 -0.152277
v 0.149232 -0.071994 -0.111768
v 0.149226 -0.118659 -0.111954
v 0.149226 -0.141877 -0.152277
v 0.149232 -0.229260 -0.000248
v 0.149226 -0.206387 -0.040510
v 0.149226 -0.159852 -0.040571
v 0.149233 -0.118449 0.191672
v 0.149227 -0.141877 0.151721
v 0.149226 -0.118659 0.111399
v 0.149232 -0.071994 0.111212
v 0.149227 -0.048831 0.151721
v 0.149227 -0.072148 0.191983
v 0.149233 0.103174 0.191672
v 0.149227 0.056867 0.191983
v 0.149227 0.033556 0.151721
v 0.149232 0.056713 0.111212
v 0.149226 0.103384 0.111398
v 0.149227 0.126602 0.151721
v 0.184677 0.127071 -0.152277
v 0.184677 0.191341 -0.040941
v 0.184677 0.191341 0.040384
v 0.184677 0.127071 0.151721
v 0.184677 -0.142346 0.151721
v 0.184677 -0.206622 0.040384
v 0.184677 -0.206622 -0.040941
v 0.184677 -0.142346 -0.152277
v 0.139414 0.143756 -0.000248
v 0.139414 0.068056 0.130848
v 0.139414 0.068056 -0.131404
v 0.212626 0.214448 -0.000248
v 0.139414 -0.083337 0.130848
v 0.139414 -0.083337 -0.131404
v 0.212626 0.103409 -0.192601
v 0.212626 0.103402 0.192044
v 0.212626 -0.118683 -0.192600
v 0.212626 -0.118683 0.192045
v 0.139414 -0.159031 -0.000248
v 0.212626 -0.229729 -0.000248
v 0.180843 0.456646 -0.009879
v 0.181337 0.456479 0.009571
v 0.149584 0.294625 0.275592
v 0.149578 0.294625 -0.276149
v 0.149578 -0.095398 -0.399959
v 0.149584 -0.095397 0.399403
v 0.149578 0.382385 0.123563
v 0.149578 0.382385 -0.124119
v 0.149578 -0.397663 -0.124119
v 0.149578 -0.397663 0.123563
v 0.149578 0.080116 0.399403
v 0.149578 0.080116 -0.399959
v 0.149578 -0.309906 -0.276149
v 0.149578 -0.309906 0.275592
v 0.149430 0.397965 0.066319
v 0.149430 0.402349 -0.000248
v 0.149430 0.397965 -0.066876
v 0.149431 0.252814 0.317706
v 0.149430 0.252820 -0.318262
v 0.149431 0.197356 0.354757
v 0.149430 0.197356 -0.355314
v 0.149431 0.137507 0.384273
v 0.149430 0.137507 -0.384829
v 0.149430 -0.152789 -0.384829
v 0.149431 -0.152788 0.384273
v 0.149430 -0.212631 -0.355314
v 0.149431 -0.212630 0.354757
v 0.149430 -0.268095 -0.318262
v 0.149431 -0.268095 0.317706
v 0.149430 -0.413242 -0.066876
v 0.149430 -0.413242 0.066319
v 0.149430 -0.417627 -0.000248
v -0.258640 -0.007594 1.004369
v -0.258640 -0.216651 0.982387
v -0.258640 -0.416571 0.917424
v -0.258640 -0.598616 0.812325
v -0.258640 0.948699 0.309554
v -0.258640 0.863199 0.501599
v -0.258640 0.739643 0.671658
v -0.258640 0.583426 0.812325
v -0.258640 0.583426 -0.814614
v -0.258640 0.739643 -0.673947
v -0.258640 0.863199 -0.503887
v -0.258640 0.948699 -0.311842
v -0.258640 0.401379 0.917424
v -0.258640 0.201462 0.982387
v -0.258640 -0.754829 0.671658
v -0.258640 -0.878388 0.501598
v -0.258640 -0.963888 0.309554
v -0.258640 -0.007594 -1.006659
v -0.258640 0.201462 -0.984676
v -0.258640 0.401380 -0.919713
v -0.258640 -1.007594 0.103986
v -0.258640 -1.007594 -0.106275
v -0.258640 -0.963888 -0.311843
v -0.258640 -0.878388 -0.503887
v -0.258640 -0.754829 -0.673947
v -0.258640 -0.598616 -0.814614
v -0.258640 -0.416571 -0.919713
v -0.258640 -0.216650 -0.984676
v -0.258640 0.992406 -0.106274
v -0.258640 0.992406 0.103986
vt 0.964938 0.387488
vt 0.992236 0.387488
vt 0.992236 0.462058
vt 0.992236 0.536610
vt 0.964938 0.536610
vt 0.964878 0.462058
vt 0.964938 0.387488
vt 0.992236 0.387488
vt 0.992236 0.462058
vt 0.992236 0.536610
vt 0.964938 0.536610
vt 0.964878 0.462058
vt 0.992236 0.536610
vt 0.964938 0.536610
vt 0.964878 0.462058
vt 0.964938 0.387488
vt 0.992236 0.387488
vt 0.992236 0.462058
vt 0.964938 0.387488
vt 0.992236 0.387488
vt 0.992236 0.462058
vt 0.992236 0.536610
vt 0.964938 0.536610
vt 0.964878 0.462058
vt 0.992236 0.536610
vt 0.964938 0.536610
vt 0.964878 0.462058
vt 0.964938 0.387488
vt 0.992236 0.387488
vt 0.992236 0.462058
vt 0.964938 0.387488
vt 0.992236 0.387488
vt 0.992236 0.462058
vt 0.992236 0.536610
vt 0.964938 0.536610
vt 0.964878 0.462058
vt 0.992236 0.536610
vt 0.964938 0.536610
vt 0.964878 0.462058
vt 0.964938 0.387488
vt 0.992236 0.387488
vt 0.992236 0.462058
vt 0.992236 0.462058
vt 0.964938 0.387488
vt 0.992236 0.387488
vt 0.992236 0.536610
vt 0.964938 0.536610
vt 0.964878 0.462058
vt 0.992236 0.536610
vt 0.964938 0.536610
vt 0.964878 0.462058
vt 0.964938 0.387488
vt 0.992236 0.387488
vt 0.992236 0.462058
vt 0.964938 0.387488
vt 0.992236 0.387488
vt 0.992236 0.462058
vt 0.992236 0.536610
vt 0.964938 0.536610
vt 0.964878 0.462058
vt 0.992236 0.536610
vt 0.964938 0.536610
vt 0.964878 0.462058
vt 0.964938 0.387488
vt 0.992236 0.387488
vt 0.992236 0.462058
vt 0.964938 0.387488
vt 0.992236 0.387488
vt 0.992236 0.462058
vt 0.992236 0.536610
vt 0.964938 0.536610
vt 0.964878 0.462058
vt 0.992236 0.536610
vt 0.964938 0.536610
vt 0.964878 0.462058
vt 0.964938 0.387488
vt 0.992236 0.387488
vt 0.992236 0.462058
vt 0.964938 0.387488
vt 0.992236 0.387488
vt 0.992236 0.462058
vt 0.992236 0.536610
vt 0.964938 0.536610
vt 0.964878 0.462058
vt 0.992236 0.536610
vt 0.964938 0.536610
vt 0.964878 0.462058
vt 0.964938 0.387488
vt 0.992236 0.387488
vt 0.992236 0.462058
vt 0.087322 0.959604
vt 0.087322 0.981901
vt 0.252584 0.977564
vt 0.252584 0.963941
vt 0.803157 0.337379
vt 0.807605 0.366742
vt 0.766304 0.366742
vt 0.761947 0.337379
vt 0.762456 0.337379
vt 0.802025 0.337379
vt 0.806585 0.366742
vt 0.766936 0.366742
vt 0.802598 0.337379
vt 0.807165 0.366742
vt 0.763563 0.366742
vt 0.759087 0.337379
vt 0.802106 0.337379
vt 0.806669 0.366742
vt 0.767020 0.366742
vt 0.762533 0.337379
vt 0.766507 0.366742
vt 0.806498 0.366742
vt 0.802539 0.337379
vt 0.762627 0.337379
vt 0.761343 0.337379
vt 0.802186 0.337379
vt 0.807228 0.366742
vt 0.766304 0.366742
vt 0.087322 0.948457
vt 0.252584 0.957130
vt 0.087322 0.993049
vt 0.252584 0.984375
vt 0.817888 0.366742
vt 0.756971 0.366742
vt 0.757994 0.366742
vt 0.818007 0.366742
vt 0.815640 0.337379
vt 0.750829 0.337379
vt 0.753685 0.366742
vt 0.816488 0.366742
vt 0.751817 0.337379
vt 0.815755 0.337379
vt 0.816572 0.366742
vt 0.816446 0.366742
vt 0.747327 0.337379
vt 0.814048 0.337379
vt 0.814124 0.337379
vt 0.758078 0.366742
vt 0.814613 0.337379
vt 0.757446 0.366742
vt 0.817466 0.366742
vt 0.757086 0.366742
vt 0.751894 0.337379
vt 0.751835 0.337379
vt 0.814613 0.337379
vt 0.750378 0.337379
vt 0.994628 0.993394
vt 0.968223 0.993394
vt 0.968223 0.940310
vt 0.994628 0.940310
vt 0.836975 0.993394
vt 0.863383 0.993394
vt 0.863383 0.940310
vt 0.836975 0.940310
vt 0.941815 0.993394
vt 0.941815 0.940310
vt 0.968223 0.940310
vt 0.968223 0.993394
vt 0.941815 0.993394
vt 0.941815 0.940310
vt 0.889791 0.993394
vt 0.889791 0.940310
vt 0.994628 0.993394
vt 0.994628 0.940310
vt 0.836975 0.993394
vt 0.863383 0.993394
vt 0.863383 0.940310
vt 0.836975 0.940310
vt 0.836975 0.993394
vt 0.836975 0.940310
vt 0.863383 0.940310
vt 0.863383 0.993394
vt 0.941815 0.993394
vt 0.968223 0.993394
vt 0.968223 0.940310
vt 0.941815 0.940310
vt 0.889791 0.993394
vt 0.889791 0.940310
vt 0.994628 0.993394
vt 0.994628 0.940310
vt 0.889791 0.993394
vt 0.889791 0.940310
vt 0.033489 0.513788
vt 0.031415 0.549427
vt 0.007022 0.548913
vt 0.713132 0.337379
vt 0.868973 0.337379
vt 0.033109 0.372403
vt 0.031352 0.336764
vt 0.007022 0.337277
vt 0.721435 0.366742
vt 0.867946 0.366742
vt 0.866183 0.337379
vt 0.710251 0.337379
vt 0.862943 0.337379
vt 0.863414 0.337379
vt 0.466043 0.643669
vt 0.512686 0.634791
vt 0.510982 0.639891
vt 0.471340 0.646955
vt 0.865314 0.366742
vt 0.718631 0.366742
vt 0.862363 0.366742
vt 0.862244 0.366742
vt 0.545785 0.657739
vt 0.539999 0.659190
vt 0.862862 0.337379
vt 0.704329 0.337379
vt 0.453564 0.674375
vt 0.460718 0.673318
vt 0.865157 0.337379
vt 0.710604 0.337379
vt 0.862283 0.366742
vt 0.713069 0.366742
vt 0.864874 0.366742
vt 0.719487 0.366742
vt 0.713212 0.337379
vt 0.712388 0.337379
vt 0.534018 0.689073
vt 0.529377 0.685553
vt 0.721519 0.366742
vt 0.720178 0.366742
vt 0.007022 0.408328
vt 0.007022 0.373139
vt 0.033109 0.372403
vt 0.007022 0.337880
vt 0.031352 0.336764
vt 0.486875 0.697771
vt 0.489738 0.692616
vt 0.949249 0.931596
vt 0.904425 0.914725
vt 0.904425 0.880979
vt 0.949249 0.864108
vt 0.994076 0.880979
vt 0.994076 0.914725
vt 0.991433 0.914472
vt 0.947709 0.931596
vt 0.904425 0.914976
vt 0.904858 0.881230
vt 0.948582 0.864108
vt 0.991870 0.880728
vt 0.991433 0.881230
vt 0.991870 0.914976
vt 0.948582 0.931596
vt 0.904858 0.914472
vt 0.904425 0.880728
vt 0.947709 0.864108
vt 0.949249 0.864108
vt 0.994076 0.880979
vt 0.994076 0.914725
vt 0.949249 0.931596
vt 0.904425 0.914725
vt 0.904425 0.880979
vt 0.904858 0.881230
vt 0.948582 0.864108
vt 0.991870 0.880728
vt 0.991433 0.914472
vt 0.947709 0.931596
vt 0.904425 0.914976
vt 0.904858 0.914472
vt 0.904425 0.880728
vt 0.947709 0.864108
vt 0.991433 0.881230
vt 0.991870 0.914976
vt 0.948582 0.931596
vt 0.007022 0.477862
vt 0.007022 0.513051
vt 0.033489 0.513788
vt 0.007022 0.548310
vt 0.031415 0.549427
vt 0.500284 0.742900
vt 0.473956 0.750476
vt 0.470443 0.740289
vt 0.526608 0.750476
vt 0.530121 0.740289
vt 0.404420 0.598875
vt 0.442641 0.599909
vt 0.418765 0.612088
vt 0.403736 0.609017
vt 0.400440 0.627958
vt 0.377408 0.639325
vt 0.388924 0.646439
vt 0.364541 0.644789
vt 0.384996 0.666272
vt 0.364541 0.687753
vt 0.388924 0.686105
vt 0.377408 0.693221
vt 0.400440 0.704586
vt 0.403736 0.723527
vt 0.418765 0.720456
vt 0.404420 0.733668
vt 0.442641 0.732633
vt 0.470443 0.592255
vt 0.460401 0.577393
vt 0.473956 0.582068
vt 0.376766 0.562773
vt 0.427190 0.543424
vt 0.362362 0.562200
vt 0.433647 0.534847
vt 0.500284 0.589644
vt 0.526608 0.582068
vt 0.530121 0.592255
vt 0.371291 0.517769
vt 0.433510 0.500639
vt 0.317859 0.545020
vt 0.466550 0.528993
vt 0.338283 0.578217
vt 0.500284 0.494795
vt 0.276863 0.580534
vt 0.500284 0.527512
vt 0.319487 0.596891
vt 0.534014 0.528993
vt 0.304552 0.617048
vt 0.567053 0.500639
vt 0.251090 0.621891
vt 0.295725 0.638917
vt 0.242297 0.666272
vt 0.566921 0.534847
vt 0.629277 0.517769
vt 0.295725 0.693627
vt 0.303676 0.646921
vt 0.251090 0.710653
vt 0.303676 0.685621
vt 0.304552 0.715494
vt 0.276863 0.752010
vt 0.319487 0.735653
vt 0.338283 0.754329
vt 0.317859 0.787524
vt 0.362362 0.770342
vt 0.371291 0.814775
vt 0.433647 0.797699
vt 0.433510 0.831905
vt 0.376766 0.769769
vt 0.466550 0.803551
vt 0.427190 0.789120
vt 0.500284 0.837747
vt 0.500284 0.805034
vt 0.534014 0.803551
vt 0.567053 0.831905
vt 0.566921 0.797699
vt 0.629277 0.814775
vt 0.460401 0.755151
vt 0.638202 0.770342
vt 0.573377 0.789120
vt 0.682704 0.787524
vt 0.623798 0.769769
vt 0.662281 0.754329
vt 0.723705 0.752010
vt 0.681077 0.735653
vt 0.696012 0.715496
vt 0.749474 0.710653
vt 0.704842 0.693627
vt 0.540167 0.755151
vt 0.758266 0.666272
vt 0.596143 0.733668
vt 0.704842 0.638917
vt 0.557926 0.732633
vt 0.696892 0.685621
vt 0.749474 0.621891
vt 0.696892 0.646921
vt 0.696012 0.617048
vt 0.723705 0.580534
vt 0.681077 0.596891
vt 0.662281 0.578217
vt 0.682704 0.545020
vt 0.638202 0.562200
vt 0.623798 0.562773
vt 0.573377 0.543424
vt 0.596143 0.598875
vt 0.540167 0.577393
vt 0.557926 0.599910
vt 0.581803 0.612088
vt 0.596831 0.609017
vt 0.600124 0.627958
vt 0.623159 0.639325
vt 0.611643 0.646439
vt 0.636026 0.644789
vt 0.615571 0.666272
vt 0.636026 0.687753
vt 0.611643 0.686105
vt 0.623159 0.693221
vt 0.600124 0.704586
vt 0.596831 0.723527
vt 0.581803 0.720456
vt 0.968618 0.993394
vt 0.994628 0.993394
vt 0.994628 0.940310
vt 0.968618 0.940310
vt 0.968618 0.993394
vt 0.994628 0.993394
vt 0.994628 0.940310
vt 0.968618 0.940310
vt 0.968618 0.993394
vt 0.968618 0.940310
vt 0.994628 0.940310
vt 0.994628 0.993394
vt 0.915801 0.993394
vt 0.915801 0.940310
vt 0.144130 0.915480
vt 0.144130 0.934007
vt 0.120005 0.943270
vt 0.120005 0.906216
vt 0.095880 0.915480
vt 0.095880 0.934007
vt 0.915801 0.993394
vt 0.915801 0.940310
vt 0.915801 0.993394
vt 0.915801 0.940310
vt 0.862988 0.993394
vt 0.836975 0.993394
vt 0.836975 0.940310
vt 0.862988 0.940310
vt 0.862988 0.993394
vt 0.862988 0.940310
vt 0.836975 0.940310
vt 0.836975 0.993394
vt 0.915801 0.993394
vt 0.915801 0.940310
vt 0.862988 0.993394
vt 0.836975 0.993394
vt 0.836975 0.940310
vt 0.862988 0.940310
vt 0.915801 0.993394
vt 0.915801 0.940310
vt 0.915801 0.993394
vt 0.915801 0.940310
vt 0.314912 0.529132
vt 0.361762 0.506469
vt 0.374402 0.521043
vt 0.331827 0.541638
vt 0.296608 0.567675
vt 0.276161 0.557785
vt 0.270291 0.598022
vt 0.247203 0.591176
vt 0.254026 0.631344
vt 0.229308 0.627844
vt 0.248527 0.666190
vt 0.223253 0.666190
vt 0.254026 0.701037
vt 0.229308 0.704536
vt 0.270291 0.734363
vt 0.247203 0.741206
vt 0.296608 0.764705
vt 0.276161 0.774596
vt 0.331827 0.790744
vt 0.314912 0.803248
vt 0.668720 0.541638
vt 0.685634 0.529132
vt 0.724386 0.557785
vt 0.703938 0.567675
vt 0.753340 0.591176
vt 0.730252 0.598020
vt 0.771238 0.627844
vt 0.746516 0.631344
vt 0.777293 0.666190
vt 0.752020 0.666190
vt 0.771238 0.704536
vt 0.746516 0.701037
vt 0.753343 0.741206
vt 0.730252 0.734363
vt 0.724386 0.774596
vt 0.703938 0.764705
vt 0.685634 0.803248
vt 0.668720 0.790744
vt 0.468631 0.702711
vt 0.500284 0.708350
vt 0.480178 0.716140
vt 0.445358 0.702779
vt 0.445459 0.687311
vt 0.436978 0.666272
vt 0.425256 0.679634
vt 0.425256 0.652910
vt 0.445459 0.645233
vt 0.405175 0.687361
vt 0.405175 0.645181
vt 0.468631 0.629833
vt 0.445358 0.629765
vt 0.480178 0.616403
vt 0.500284 0.624194
vt 0.531937 0.629833
vt 0.520386 0.616403
vt 0.555209 0.629765
vt 0.555108 0.645233
vt 0.528291 0.698517
vt 0.500284 0.703503
vt 0.472276 0.698517
vt 0.548795 0.684889
vt 0.451772 0.684889
vt 0.556299 0.666272
vt 0.444269 0.666272
vt 0.548795 0.647657
vt 0.451772 0.647657
vt 0.528291 0.634029
vt 0.472276 0.634029
vt 0.500284 0.629041
vt 0.575311 0.679634
vt 0.555108 0.687311
vt 0.563586 0.666272
vt 0.575311 0.652910
vt 0.595389 0.645181
vt 0.595389 0.687361
vt 0.531937 0.702711
vt 0.555209 0.702779
vt 0.520386 0.716140
vt 0.638781 0.825912
vt 0.626144 0.811339
vt 0.585878 0.841594
vt 0.578066 0.825589
vt 0.529230 0.849610
vt 0.526587 0.832874
vt 0.471316 0.849610
vt 0.473959 0.832874
vt 0.422480 0.825589
vt 0.414669 0.841594
vt 0.361762 0.825912
vt 0.374402 0.811339
vt 0.125515 0.424875
vt 0.071515 0.404467
vt 0.071438 0.362960
vt 0.125515 0.341989
vt 0.179592 0.362960
vt 0.179515 0.404467
vt 0.179222 0.404005
vt 0.125721 0.424875
vt 0.071707 0.404192
vt 0.071438 0.362619
vt 0.125710 0.341989
vt 0.179648 0.362757
vt 0.179222 0.362856
vt 0.179648 0.404106
vt 0.125710 0.424875
vt 0.071438 0.404244
vt 0.071707 0.362669
vt 0.125721 0.341989
vt 0.125515 0.341989
vt 0.179515 0.362395
vt 0.179592 0.403903
vt 0.125515 0.424875
vt 0.071438 0.403903
vt 0.071515 0.362395
vt 0.071864 0.362856
vt 0.125365 0.341989
vt 0.179379 0.362669
vt 0.179648 0.404244
vt 0.125375 0.424875
vt 0.071438 0.404106
vt 0.071864 0.404005
vt 0.071438 0.362757
vt 0.125375 0.341989
vt 0.179648 0.362619
vt 0.179379 0.404192
vt 0.125365 0.424875
vt 0.626144 0.521043
vt 0.638781 0.506469
vt 0.414669 0.490786
vt 0.422480 0.506793
vt 0.471316 0.482771
vt 0.473959 0.499508
vt 0.529230 0.482771
vt 0.526587 0.499508
vt 0.585878 0.490786
vt 0.578066 0.506793
vt 0.575315 0.710474
vt 0.520358 0.731565
vt 0.480206 0.731565
vt 0.425252 0.710474
vt 0.425252 0.622070
vt 0.480206 0.600979
vt 0.520358 0.600979
vt 0.575315 0.622070
vt 0.847980 0.353891
vt 0.847980 0.372833
vt 0.985794 0.372833
vt 0.985794 0.353891
vt 0.847980 0.353891
vt 0.710827 0.353891
vt 0.710827 0.372833
vt 0.847980 0.372833
vt 0.710827 0.353891
vt 0.710827 0.372833
vt 0.985794 0.372833
vt 0.985794 0.353891
vt 0.847980 0.353891
vt 0.847980 0.372833
vt 0.985794 0.372833
vt 0.985794 0.353891
vt 0.847980 0.353891
vt 0.710827 0.353891
vt 0.710827 0.372833
vt 0.847980 0.372833
vt 0.889396 0.993394
vt 0.889396 0.940310
vt 0.942209 0.993394
vt 0.942209 0.940310
vt 0.942209 0.993394
vt 0.942209 0.940310
vt 0.710827 0.353891
vt 0.710827 0.372833
vt 0.985794 0.372833
vt 0.985794 0.353891
vt 0.847980 0.353891
vt 0.847980 0.372833
vt 0.985794 0.372833
vt 0.985794 0.353891
vt 0.500284 0.739146
vt 0.847980 0.353891
vt 0.710827 0.353891
vt 0.710827 0.372833
vt 0.847980 0.372833
vt 0.942209 0.993394
vt 0.942209 0.940310
vt 0.889396 0.993394
vt 0.889396 0.940310
vt 0.710827 0.353891
vt 0.710827 0.372833
vt 0.595232 0.702709
vt 0.405332 0.702709
vt 0.985794 0.372833
vt 0.985794 0.353891
vt 0.595232 0.629835
vt 0.405332 0.629835
vt 0.889396 0.993394
vt 0.889396 0.940310
vt 0.500284 0.593398
vt 0.033489 0.513788
vt 0.031415 0.549427
vt 0.007022 0.548440
vt 0.007022 0.513171
vt 0.007022 0.477978
vt 0.049747 0.478406
vt 0.007022 0.442946
vt 0.081281 0.443095
vt 0.048982 0.407785
vt 0.007022 0.407910
vt 0.033109 0.372403
vt 0.007022 0.372705
vt 0.007022 0.337409
vt 0.031352 0.336764
vt 0.033109 0.372403
vt 0.031352 0.336764
vt 0.007022 0.337518
vt 0.007022 0.372807
vt 0.007022 0.408008
vt 0.048982 0.407785
vt 0.007022 0.443042
vt 0.081281 0.443095
vt 0.049747 0.478406
vt 0.007022 0.478073
vt 0.033489 0.513788
vt 0.007022 0.513270
vt 0.007022 0.548549
vt 0.031415 0.549427
vt 0.007022 0.372586
vt 0.007022 0.407797
vt 0.048982 0.407785
vt 0.007022 0.442832
vt 0.081281 0.443095
vt 0.049747 0.478406
vt 0.033489 0.513788
vt 0.031415 0.549427
vt 0.007022 0.548672
vt 0.007022 0.513384
vt 0.007022 0.478183
vt 0.049747 0.478406
vt 0.007022 0.443149
vt 0.081281 0.443095
vt 0.048982 0.407785
vt 0.007022 0.408115
vt 0.033109 0.372403
vt 0.007022 0.372918
vt 0.007022 0.337642
vt 0.031352 0.336764
vt 0.033109 0.372403
vt 0.031352 0.336764
vt 0.007022 0.337751
vt 0.007022 0.373020
vt 0.007022 0.408213
vt 0.048982 0.407785
vt 0.007022 0.443245
vt 0.081281 0.443095
vt 0.049747 0.478406
vt 0.007022 0.478278
vt 0.033489 0.513788
vt 0.007022 0.513485
vt 0.007022 0.548782
vt 0.031415 0.549427
vt 0.007022 0.513605
vt 0.007022 0.478394
vt 0.049747 0.478406
vt 0.007022 0.443358
vt 0.081281 0.443095
vt 0.048982 0.407785
vt 0.252584 0.963941
vt 0.087322 0.959604
vt 0.087322 0.981901
vt 0.252584 0.977564
vt 0.874169 0.337379
vt 0.874574 0.337379
vt 0.870143 0.366742
vt 0.869979 0.366742
vt 0.972326 0.337379
vt 0.981635 0.337379
vt 0.971059 0.366742
vt 0.881142 0.337379
vt 0.964661 0.366742
vt 0.876379 0.366742
vt 0.978936 0.337379
vt 0.988640 0.337379
vt 0.977962 0.366742
vt 0.876808 0.337379
vt 0.971292 0.366742
vt 0.872947 0.366742
vt 0.978681 0.337379
vt 0.988200 0.337379
vt 0.977057 0.366742
vt 0.877765 0.337379
vt 0.970517 0.366742
vt 0.873338 0.366742
vt 0.972406 0.337379
vt 0.981715 0.337379
vt 0.971139 0.366742
vt 0.969697 0.366742
vt 0.980745 0.337379
vt 0.971614 0.337379
vt 0.964742 0.366742
vt 0.963426 0.366742
vt 0.874092 0.337379
vt 0.986978 0.337379
vt 0.996936 0.337379
vt 0.985134 0.366742
vt 0.870063 0.366742
vt 0.978293 0.366742
vt 0.954012 0.337379
vt 0.948764 0.366742
vt 0.928724 0.337379
vt 0.922893 0.366742
vt 0.896677 0.366742
vt 0.903098 0.337379
vt 0.899474 0.337379
vt 0.892986 0.366742
vt 0.892584 0.366742
vt 0.899617 0.337379
vt 0.924129 0.337379
vt 0.918207 0.366742
vt 0.917509 0.366742
vt 0.923983 0.337379
vt 0.948446 0.337379
vt 0.943086 0.366742
vt 0.942073 0.366742
vt 0.947992 0.337379
vt 0.948366 0.337379
vt 0.943002 0.366742
vt 0.908455 0.337379
vt 0.901031 0.366742
vt 0.924049 0.337379
vt 0.918123 0.366742
vt 0.935027 0.337379
vt 0.928215 0.366742
vt 0.892902 0.366742
vt 0.899397 0.337379
vt 0.961212 0.337379
vt 0.955003 0.366742
vt 0.954099 0.337379
vt 0.948299 0.366742
vt 0.903793 0.337379
vt 0.896830 0.366742
vt 0.929126 0.337379
vt 0.922750 0.366742
vt 0.065638 0.994968
vt 0.051720 0.848358
vt 0.037802 0.848358
vt 0.047093 0.994968
vt 0.028541 0.994968
vt 0.009976 0.848358
vt 0.009976 0.994968
vt 0.065638 0.994970
vt 0.065638 0.848358
vt 0.037802 0.848358
vt 0.047093 0.994970
vt 0.028541 0.994968
vt 0.023887 0.848358
vt 0.009976 0.848358
vt 0.009976 0.994968
vt 0.065638 0.994968
vt 0.065638 0.848358
vt 0.037802 0.848358
vt 0.047093 0.994968
vt 0.028541 0.994970
vt 0.023887 0.848358
vt 0.009976 0.848358
vt 0.009976 0.994970
vt 0.065638 0.994970
vt 0.065638 0.848358
vt 0.037802 0.848358
vt 0.047093 0.994970
vt 0.028541 0.994970
vt 0.023887 0.848358
vt 0.009976 0.848358
vt 0.009976 0.994970
vt 0.047093 0.994970
vt 0.065638 0.994970
vt 0.065638 0.848358
vt 0.037802 0.848358
vt 0.028541 0.994970
vt 0.023887 0.848358
vt 0.009976 0.848358
vt 0.009976 0.994970
vt 0.065638 0.994970
vt 0.065638 0.848358
vt 0.037802 0.848358
vt 0.047093 0.994970
vt 0.028541 0.994970
vt 0.023887 0.848358
vt 0.009976 0.848358
vt 0.009976 0.994970
vt 0.065638 0.994970
vt 0.065638 0.848358
vt 0.037802 0.848358
vt 0.047093 0.994970
vt 0.028541 0.994970
vt 0.023887 0.848358
vt 0.009976 0.848358
vt 0.009976 0.994970
vt 0.065638 0.994970
vt 0.065638 0.848358
vt 0.037802 0.848358
vt 0.047093 0.994970
vt 0.028541 0.994968
vt 0.023887 0.848358
vt 0.009976 0.848358
vt 0.009976 0.994968
vt 0.047093 0.994968
vt 0.065638 0.994968
vt 0.065638 0.848358
vt 0.037802 0.848358
vt 0.028541 0.994970
vt 0.009976 0.994970
vt 0.023887 0.848358
vt 0.065638 0.994968
vt 0.065638 0.848358
vt 0.037802 0.848358
vt 0.047093 0.994968
vt 0.028541 0.994968
vt 0.009976 0.994968
vt 0.023887 0.848358
vt 0.656101 0.898889
vt 0.784975 0.836654
vt 0.783463 0.925338
vt 0.649980 0.972502
vt 0.892193 0.477012
vt 0.832047 0.538957
vt 0.725458 0.460271
vt 0.783463 0.407206
vt 0.892197 0.855531
vt 0.864622 0.744958
vt 0.958481 0.765227
vt 0.984711 0.666272
vt 0.881274 0.639656
vt 0.958481 0.567317
vt 0.649980 0.360042
vt 0.579931 0.417206
vt 0.500284 0.346047
vt 0.640122 0.504925
vt 0.529510 0.480995
vt 0.420636 0.417206
vt 0.350588 0.360042
vt 0.275110 0.460271
vt 0.413841 0.489090
vt 0.244756 0.741931
vt 0.215592 0.836654
vt 0.135942 0.744958
vt 0.217104 0.925338
vt 0.108370 0.855531
vt 0.313117 0.804574
vt 0.344467 0.898889
vt 0.350588 0.972502
vt 0.413841 0.843292
vt 0.042086 0.765227
vt 0.015852 0.666272
vt 0.119293 0.639656
vt 0.042086 0.567317
vt 0.168516 0.538957
vt 0.108370 0.477012
vt 0.244756 0.590450
vt 0.313117 0.527807
vt 0.217104 0.407203
vt 0.500284 0.920904
vt 0.500284 0.986497
vt 0.529510 0.851385
vt 0.640122 0.827458
vt 0.804009 0.519508
vt 0.882598 0.481646
vt 0.947259 0.569739
vt 0.715307 0.469427
vt 0.618253 0.424811
vt 0.776528 0.413547
vt 0.646313 0.367540
vt 0.500284 0.415751
vt 0.500284 0.353889
vt 0.500284 0.482014
vt 0.586279 0.490068
vt 0.855380 0.589538
vt 0.972853 0.666272
vt 0.875709 0.666272
vt 0.763497 0.609333
vt 0.725419 0.557373
vt 0.855376 0.743008
vt 0.947259 0.762805
vt 0.882598 0.850898
vt 0.763497 0.723213
vt 0.778564 0.666272
vt 0.804009 0.813035
vt 0.725419 0.775173
vt 0.611504 0.893961
vt 0.719745 0.867167
vt 0.646313 0.965004
vt 0.662959 0.815340
vt 0.500284 0.978656
vt 0.500284 0.914594
vt 0.586279 0.842478
vt 0.500284 0.850529
vt 0.354251 0.965004
vt 0.384269 0.903740
vt 0.414288 0.842478
vt 0.145188 0.743008
vt 0.196559 0.813035
vt 0.053305 0.762805
vt 0.027714 0.666272
vt 0.124859 0.666272
vt 0.237070 0.723213
vt 0.275148 0.775173
vt 0.145188 0.589538
vt 0.053305 0.569739
vt 0.117966 0.481646
vt 0.237070 0.609333
vt 0.222000 0.666272
vt 0.290114 0.473856
vt 0.384269 0.428804
vt 0.337609 0.517206
vt 0.354251 0.367540
vt 0.414288 0.490068
vt 0.662959 0.517206
vt 0.776528 0.918995
vt 0.280822 0.867167
vt 0.224035 0.918995
vt 0.117966 0.850898
vt 0.337609 0.815340
vt 0.196559 0.519508
vt 0.224035 0.413547
vt 0.275148 0.557373
vt 0.726554 0.775645
vt 0.773868 0.704909
vt 0.773868 0.627474
vt 0.726554 0.556736
vt 0.220575 0.666190
vt 0.964938 0.387488
vt 0.992236 0.387488
vt 0.992236 0.462058
vt 0.992236 0.536610
vt 0.964938 0.536610
vt 0.964878 0.462058
vt 0.964938 0.387488
vt 0.992236 0.387488
vt 0.992236 0.462058
vt 0.992236 0.536610
vt 0.964938 0.536610
vt 0.964878 0.462058
vt 0.992236 0.536610
vt 0.964938 0.536610
vt 0.964878 0.462058
vt 0.964938 0.387488
vt 0.992236 0.387488
vt 0.992236 0.462058
vt 0.964938 0.387488
vt 0.992236 0.387488
vt 0.992236 0.462058
vt 0.992236 0.536610
vt 0.964938 0.536610
vt 0.964878 0.462058
vt 0.992236 0.536610
vt 0.964938 0.536610
vt 0.964878 0.462058
vt 0.964938 0.387488
vt 0.992236 0.387488
vt 0.992236 0.462058
vt 0.964938 0.387488
vt 0.992236 0.387488
vt 0.992236 0.462058
vt 0.992236 0.536610
vt 0.964938 0.536610
vt 0.964878 0.462058
vt 0.992236 0.536610
vt 0.964938 0.536610
vt 0.964878 0.462058
vt 0.964938 0.387488
vt 0.992236 0.387488
vt 0.992236 0.462058
vt 0.992236 0.462058
vt 0.964938 0.387488
vt 0.992236 0.387488
vt 0.992236 0.536610
vt 0.964938 0.536610
vt 0.964878 0.462058
vt 0.992236 0.536610
vt 0.964938 0.536610
vt 0.964878 0.462058
vt 0.964938 0.387488
vt 0.992236 0.387488
vt 0.992236 0.462058
vt 0.964938 0.387488
vt 0.992236 0.387488
vt 0.992236 0.462058
vt 0.992236 0.536610
vt 0.964938 0.536610
vt 0.964878 0.462058
vt 0.992236 0.536610
vt 0.964938 0.536610
vt 0.964878 0.462058
vt 0.964938 0.387488
vt 0.992236 0.387488
vt 0.992236 0.462058
vt 0.964938 0.387488
vt 0.992236 0.387488
vt 0.992236 0.462058
vt 0.992236 0.536610
vt 0.964938 0.536610
vt 0.964878 0.462058
vt 0.992236 0.536610
vt 0.964938 0.536610
vt 0.964878 0.462058
vt 0.964938 0.387488
vt 0.992236 0.387488
vt 0.992236 0.462058
vt 0.964938 0.387488
vt 0.992236 0.387488
vt 0.992236 0.462058
vt 0.992236 0.536610
vt 0.964938 0.536610
vt 0.964878 0.462058
vt 0.992236 0.536610
vt 0.964938 0.536610
vt 0.964878 0.462058
vt 0.964938 0.387488
vt 0.992236 0.387488
vt 0.992236 0.462058
vt 0.087322 0.959604
vt 0.087322 0.981901
vt 0.252584 0.977564
vt 0.252584 0.963941
vt 0.803157 0.337379
vt 0.807605 0.366742
vt 0.766304 0.366742
vt 0.761947 0.337379
vt 0.762456 0.337379
vt 0.802025 0.337379
vt 0.806585 0.366742
vt 0.766936 0.366742
vt 0.802598 0.337379
vt 0.807165 0.366742
vt 0.763563 0.366742
vt 0.759087 0.337379
vt 0.802106 0.337379
vt 0.806669 0.366742
vt 0.767020 0.366742
vt 0.762533 0.337379
vt 0.766507 0.366742
vt 0.806498 0.366742
vt 0.802539 0.337379
vt 0.762627 0.337379
vt 0.761343 0.337379
vt 0.802186 0.337379
vt 0.807228 0.366742
vt 0.766304 0.366742
vt 0.087322 0.948457
vt 0.252584 0.957130
vt 0.087322 0.993049
vt 0.252584 0.984375
vt 0.817888 0.366742
vt 0.756971 0.366742
vt 0.757994 0.366742
vt 0.818007 0.366742
vt 0.815640 0.337379
vt 0.750829 0.337379
vt 0.753685 0.366742
vt 0.816488 0.366742
vt 0.751817 0.337379
vt 0.815755 0.337379
vt 0.816572 0.366742
vt 0.816446 0.366742
vt 0.747327 0.337379
vt 0.814048 0.337379
vt 0.814124 0.337379
vt 0.758078 0.366742
vt 0.814613 0.337379
vt 0.757446 0.366742
vt 0.817466 0.366742
vt 0.757086 0.366742
vt 0.751894 0.337379
vt 0.751835 0.337379
vt 0.814613 0.337379
vt 0.750378 0.337379
vt 0.994628 0.993394
vt 0.968223 0.993394
vt 0.968223 0.940310
vt 0.994628 0.940310
vt 0.836975 0.993394
vt 0.863383 0.993394
vt 0.863383 0.940310
vt 0.836975 0.940310
vt 0.941815 0.993394
vt 0.941815 0.940310
vt 0.968223 0.940310
vt 0.968223 0.993394
vt 0.941815 0.993394
vt 0.941815 0.940310
vt 0.889791 0.993394
vt 0.889791 0.940310
vt 0.994628 0.993394
vt 0.994628 0.940310
vt 0.836975 0.993394
vt 0.863383 0.993394
vt 0.863383 0.940310
vt 0.836975 0.940310
vt 0.836975 0.993394
vt 0.836975 0.940310
vt 0.863383 0.940310
vt 0.863383 0.993394
vt 0.941815 0.993394
vt 0.968223 0.993394
vt 0.968223 0.940310
vt 0.941815 0.940310
vt 0.889791 0.993394
vt 0.889791 0.940310
vt 0.994628 0.993394
vt 0.994628 0.940310
vt 0.889791 0.993394
vt 0.889791 0.940310
vt 0.033489 0.513788
vt 0.031415 0.549427
vt 0.007022 0.548913
vt 0.713132 0.337379
vt 0.868973 0.337379
vt 0.033109 0.372403
vt 0.031352 0.336764
vt 0.007022 0.337277
vt 0.721435 0.366742
vt 0.867946 0.366742
vt 0.866183 0.337379
vt 0.710251 0.337379
vt 0.862943 0.337379
vt 0.863414 0.337379
vt 0.466043 0.643669
vt 0.512686 0.634791
vt 0.510982 0.639891
vt 0.471340 0.646955
vt 0.865314 0.366742
vt 0.718631 0.366742
vt 0.862363 0.366742
vt 0.862244 0.366742
vt 0.545785 0.657739
vt 0.539999 0.659190
vt 0.862862 0.337379
vt 0.704329 0.337379
vt 0.453564 0.674375
vt 0.460718 0.673318
vt 0.865157 0.337379
vt 0.710604 0.337379
vt 0.862283 0.366742
vt 0.713069 0.366742
vt 0.864874 0.366742
vt 0.719487 0.366742
vt 0.713212 0.337379
vt 0.712388 0.337379
vt 0.534018 0.689073
vt 0.529377 0.685553
vt 0.721519 0.366742
vt 0.720178 0.366742
vt 0.007022 0.408328
vt 0.007022 0.373139
vt 0.033109 0.372403
vt 0.007022 0.337880
vt 0.031352 0.336764
vt 0.486875 0.697771
vt 0.489738 0.692616
vt 0.949249 0.931596
vt 0.904425 0.914725
vt 0.904425 0.880979
vt 0.949249 0.864108
vt 0.994076 0.880979
vt 0.994076 0.914725
vt 0.991433 0.914472
vt 0.947709 0.931596
vt 0.904425 0.914976
vt 0.904858 0.881230
vt 0.948582 0.864108
vt 0.991870 0.880728
vt 0.991433 0.881230
vt 0.991870 0.914976
vt 0.948582 0.931596
vt 0.904858 0.914472
vt 0.904425 0.880728
vt 0.947709 0.864108
vt 0.949249 0.864108
vt 0.994076 0.880979
vt 0.994076 0.914725
vt 0.949249 0.931596
vt 0.904425 0.914725
vt 0.904425 0.880979
vt 0.904858 0.881230
vt 0.948582 0.864108
vt 0.991870 0.880728
vt 0.991433 0.914472
vt 0.947709 0.931596
vt 0.904425 0.914976
vt 0.904858 0.914472
vt 0.904425 0.880728
vt 0.947709 0.864108
vt 0.991433 0.881230
vt 0.991870 0.914976
vt 0.948582 0.931596
vt 0.007022 0.477862
vt 0.007022 0.513051
vt 0.033489 0.513788
vt 0.007022 0.548310
vt 0.031415 0.549427
vt 0.500284 0.742900
vt 0.473956 0.750476
vt 0.470443 0.740289
vt 0.526608 0.750476
vt 0.530121 0.740289
vt 0.404420 0.598875
vt 0.442641 0.599909
vt 0.418765 0.612088
vt 0.403736 0.609017
vt 0.400440 0.627958
vt 0.377408 0.639325
vt 0.388924 0.646439
vt 0.364541 0.644789
vt 0.384996 0.666272
vt 0.364541 0.687753
vt 0.388924 0.686105
vt 0.377408 0.693221
vt 0.400440 0.704586
vt 0.403736 0.723527
vt 0.418765 0.720456
vt 0.404420 0.733668
vt 0.442641 0.732633
vt 0.470443 0.592255
vt 0.460401 0.577393
vt 0.473956 0.582068
vt 0.376766 0.562773
vt 0.427190 0.543424
vt 0.362362 0.562200
vt 0.433647 0.534847
vt 0.500284 0.589644
vt 0.526608 0.582068
vt 0.530121 0.592255
vt 0.371291 0.517769
vt 0.433510 0.500639
vt 0.317859 0.545020
vt 0.466550 0.528993
vt 0.338283 0.578217
vt 0.500284 0.494795
vt 0.276863 0.580534
vt 0.500284 0.527512
vt 0.319487 0.596891
vt 0.534014 0.528993
vt 0.304552 0.617048
vt 0.567053 0.500639
vt 0.251090 0.621891
vt 0.295725 0.638917
vt 0.242297 0.666272
vt 0.566921 0.534847
vt 0.629277 0.517769
vt 0.295725 0.693627
vt 0.303676 0.646921
vt 0.251090 0.710653
vt 0.303676 0.685621
vt 0.304552 0.715494
vt 0.276863 0.752010
vt 0.319487 0.735653
vt 0.338283 0.754329
vt 0.317859 0.787524
vt 0.362362 0.770342
vt 0.371291 0.814775
vt 0.433647 0.797699
vt 0.433510 0.831905
vt 0.376766 0.769769
vt 0.466550 0.803551
vt 0.427190 0.789120
vt 0.500284 0.837747
vt 0.500284 0.805034
vt 0.534014 0.803551
vt 0.567053 0.831905
vt 0.566921 0.797699
vt 0.629277 0.814775
vt 0.460401 0.755151
vt 0.638202 0.770342
vt 0.573377 0.789120
vt 0.682704 0.787524
vt 0.623798 0.769769
vt 0.662281 0.754329
vt 0.723705 0.752010
vt 0.681077 0.735653
vt 0.696012 0.715496
vt 0.749474 0.710653
vt 0.704842 0.693627
vt 0.540167 0.755151
vt 0.758266 0.666272
vt 0.596143 0.733668
vt 0.704842 0.638917
vt 0.557926 0.732633
vt 0.696892 0.685621
vt 0.749474 0.621891
vt 0.696892 0.646921
vt 0.696012 0.617048
vt 0.723705 0.580534
vt 0.681077 0.596891
vt 0.662281 0.578217
vt 0.682704 0.545020
vt 0.638202 0.562200
vt 0.623798 0.562773
vt 0.573377 0.543424
vt 0.596143 0.598875
vt 0.540167 0.577393
vt 0.557926 0.599910
vt 0.581803 0.612088
vt 0.596831 0.609017
vt 0.600124 0.627958
vt 0.623159 0.639325
vt 0.611643 0.646439
vt 0.636026 0.644789
vt 0.615571 0.666272
vt 0.636026 0.687753
vt 0.611643 0.686105
vt 0.623159 0.693221
vt 0.600124 0.704586
vt 0.596831 0.723527
vt 0.581803 0.720456
vt 0.968618 0.993394
vt 0.994628 0.993394
vt 0.994628 0.940310
vt 0.968618 0.940310
vt 0.968618 0.993394
vt 0.994628 0.993394
vt 0.994628 0.940310
vt 0.968618 0.940310
vt 0.968618 0.993394
vt 0.968618 0.940310
vt 0.994628 0.940310
vt 0.994628 0.993394
vt 0.915801 0.993394
vt 0.915801 0.940310
vt 0.144130 0.915480
vt 0.144130 0.934007
vt 0.120005 0.943270
vt 0.120005 0.906216
vt 0.095880 0.915480
vt 0.095880 0.934007
vt 0.915801 0.993394
vt 0.915801 0.940310
vt 0.915801 0.993394
vt 0.915801 0.940310
vt 0.862988 0.993394
vt 0.836975 0.993394
vt 0.836975 0.940310
vt 0.862988 0.940310
vt 0.862988 0.993394
vt 0.862988 0.940310
vt 0.836975 0.940310
vt 0.836975 0.993394
vt 0.915801 0.993394
vt 0.915801 0.940310
vt 0.862988 0.993394
vt 0.836975 0.993394
vt 0.836975 0.940310
vt 0.862988 0.940310
vt 0.915801 0.993394
vt 0.915801 0.940310
vt 0.915801 0.993394
vt 0.915801 0.940310
vt 0.314912 0.529132
vt 0.361762 0.506469
vt 0.374402 0.521043
vt 0.331827 0.541638
vt 0.296608 0.567675
vt 0.276161 0.557785
vt 0.270291 0.598022
vt 0.247203 0.591176
vt 0.254026 0.631344
vt 0.229308 0.627844
vt 0.248527 0.666190
vt 0.223253 0.666190
vt 0.254026 0.701037
vt 0.229308 0.704536
vt 0.270291 0.734363
vt 0.247203 0.741206
vt 0.296608 0.764705
vt 0.276161 0.774596
vt 0.331827 0.790744
vt 0.314912 0.803248
vt 0.668720 0.541638
vt 0.685634 0.529132
vt 0.724386 0.557785
vt 0.703938 0.567675
vt 0.753340 0.591176
vt 0.730252 0.598020
vt 0.771238 0.627844
vt 0.746516 0.631344
vt 0.777293 0.666190
vt 0.752020 0.666190
vt 0.771238 0.704536
vt 0.746516 0.701037
vt 0.753343 0.741206
vt 0.730252 0.734363
vt 0.724386 0.774596
vt 0.703938 0.764705
vt 0.685634 0.803248
vt 0.668720 0.790744
vt 0.468631 0.702711
vt 0.500284 0.708350
vt 0.480178 0.716140
vt 0.445358 0.702779
vt 0.445459 0.687311
vt 0.436978 0.666272
vt 0.425256 0.679634
vt 0.425256 0.652910
vt 0.445459 0.645233
vt 0.405175 0.687361
vt 0.405175 0.645181
vt 0.468631 0.629833
vt 0.445358 0.629765
vt 0.480178 0.616403
vt 0.500284 0.624194
vt 0.531937 0.629833
vt 0.520386 0.616403
vt 0.555209 0.629765
vt 0.555108 0.645233
vt 0.528291 0.698517
vt 0.500284 0.703503
vt 0.472276 0.698517
vt 0.548795 0.684889
vt 0.451772 0.684889
vt 0.556299 0.666272
vt 0.444269 0.666272
vt 0.548795 0.647657
vt 0.451772 0.647657
vt 0.528291 0.634029
vt 0.472276 0.634029
vt 0.500284 0.629041
vt 0.575311 0.679634
vt 0.555108 0.687311
vt 0.563586 0.666272
vt 0.575311 0.652910
vt 0.595389 0.645181
vt 0.595389 0.687361
vt 0.531937 0.702711
vt 0.555209 0.702779
vt 0.520386 0.716140
vt 0.638781 0.825912
vt 0.626144 0.811339
vt 0.585878 0.841594
vt 0.578066 0.825589
vt 0.529230 0.849610
vt 0.526587 0.832874
vt 0.471316 0.849610
vt 0.473959 0.832874
vt 0.422480 0.825589
vt 0.414669 0.841594
vt 0.361762 0.825912
vt 0.374402 0.811339
vt 0.125515 0.424875
vt 0.071515 0.404467
vt 0.071438 0.362960
vt 0.125515 0.341989
vt 0.179592 0.362960
vt 0.179515 0.404467
vt 0.179222 0.404005
vt 0.125721 0.424875
vt 0.071707 0.404192
vt 0.071438 0.362619
vt 0.125710 0.341989
vt 0.179648 0.362757
vt 0.179222 0.362856
vt 0.179648 0.404106
vt 0.125710 0.424875
vt 0.071438 0.404244
vt 0.071707 0.362669
vt 0.125721 0.341989
vt 0.125515 0.341989
vt 0.179515 0.362395
vt 0.179592 0.403903
vt 0.125515 0.424875
vt 0.071438 0.403903
vt 0.071515 0.362395
vt 0.071864 0.362856
vt 0.125365 0.341989
vt 0.179379 0.362669
vt 0.179648 0.404244
vt 0.125375 0.424875
vt 0.071438 0.404106
vt 0.071864 0.404005
vt 0.071438 0.362757
vt 0.125375 0.341989
vt 0.179648 0.362619
vt 0.179379 0.404192
vt 0.125365 0.424875
vt 0.626144 0.521043
vt 0.638781 0.506469
vt 0.414669 0.490786
vt 0.422480 0.506793
vt 0.471316 0.482771
vt 0.473959 0.499508
vt 0.529230 0.482771
vt 0.526587 0.499508
vt 0.585878 0.490786
vt 0.578066 0.506793
vt 0.575315 0.710474
vt 0.520358 0.731565
vt 0.480206 0.731565
vt 0.425252 0.710474
vt 0.425252 0.622070
vt 0.480206 0.600979
vt 0.520358 0.600979
vt 0.575315 0.622070
vt 0.847980 0.353891
vt 0.847980 0.372833
vt 0.985794 0.372833
vt 0.985794 0.353891
vt 0.847980 0.353891
vt 0.710827 0.353891
vt 0.710827 0.372833
vt 0.847980 0.372833
vt 0.710827 0.353891
vt 0.710827 0.372833
vt 0.985794 0.372833
vt 0.985794 0.353891
vt 0.847980 0.353891
vt 0.847980 0.372833
vt 0.985794 0.372833
vt 0.985794 0.353891
vt 0.847980 0.353891
vt 0.710827 0.353891
vt 0.710827 0.372833
vt 0.847980 0.372833
vt 0.889396 0.993394
vt 0.889396 0.940310
vt 0.942209 0.993394
vt 0.942209 0.940310
vt 0.942209 0.993394
vt 0.942209 0.940310
vt 0.710827 0.353891
vt 0.710827 0.372833
vt 0.985794 0.372833
vt 0.985794 0.353891
vt 0.847980 0.353891
vt 0.847980 0.372833
vt 0.985794 0.372833
vt 0.985794 0.353891
vt 0.500284 0.739146
vt 0.847980 0.353891
vt 0.710827 0.353891
vt 0.710827 0.372833
vt 0.847980 0.372833
vt 0.942209 0.993394
vt 0.942209 0.940310
vt 0.889396 0.993394
vt 0.889396 0.940310
vt 0.710827 0.353891
vt 0.710827 0.372833
vt 0.595232 0.702709
vt 0.405332 0.702709
vt 0.985794 0.372833
vt 0.985794 0.353891
vt 0.595232 0.629835
vt 0.405332 0.629835
vt 0.889396 0.993394
vt 0.889396 0.940310
vt 0.500284 0.593398
vt 0.033489 0.513788
vt 0.031415 0.549427
vt 0.007022 0.548440
vt 0.007022 0.513171
vt 0.007022 0.477978
vt 0.049747 0.478406
vt 0.007022 0.442946
vt 0.081281 0.443095
vt 0.048982 0.407785
vt 0.007022 0.407910
vt 0.033109 0.372403
vt 0.007022 0.372705
vt 0.007022 0.337409
vt 0.031352 0.336764
vt 0.033109 0.372403
vt 0.031352 0.336764
vt 0.007022 0.337518
vt 0.007022 0.372807
vt 0.007022 0.408008
vt 0.048982 0.407785
vt 0.007022 0.443042
vt 0.081281 0.443095
vt 0.049747 0.478406
vt 0.007022 0.478073
vt 0.033489 0.513788
vt 0.007022 0.513270
vt 0.007022 0.548549
vt 0.031415 0.549427
vt 0.007022 0.372586
vt 0.007022 0.407797
vt 0.048982 0.407785
vt 0.007022 0.442832
vt 0.081281 0.443095
vt 0.049747 0.478406
vt 0.033489 0.513788
vt 0.031415 0.549427
vt 0.007022 0.548672
vt 0.007022 0.513384
vt 0.007022 0.478183
vt 0.049747 0.478406
vt 0.007022 0.443149
vt 0.081281 0.443095
vt 0.048982 0.407785
vt 0.007022 0.408115
vt 0.033109 0.372403
vt 0.007022 0.372918
vt 0.007022 0.337642
vt 0.031352 0.336764
vt 0.033109 0.372403
vt 0.031352 0.336764
vt 0.007022 0.337751
vt 0.007022 0.373020
vt 0.007022 0.408213
vt 0.048982 0.407785
vt 0.007022 0.443245
vt 0.081281 0.443095
vt 0.049747 0.478406
vt 0.007022 0.478278
vt 0.033489 0.513788
vt 0.007022 0.513485
vt 0.007022 0.548782
vt 0.031415 0.549427
vt 0.007022 0.513605
vt 0.007022 0.478394
vt 0.049747 0.478406
vt 0.007022 0.443358
vt 0.081281 0.443095
vt 0.048982 0.407785
vt 0.252584 0.963941
vt 0.087322 0.959604
vt 0.087322 0.981901
vt 0.252584 0.977564
vt 0.874169 0.337379
vt 0.874574 0.337379
vt 0.870143 0.366742
vt 0.869979 0.366742
vt 0.972326 0.337379
vt 0.981635 0.337379
vt 0.971059 0.366742
vt 0.881142 0.337379
vt 0.964661 0.366742
vt 0.876379 0.366742
vt 0.978936 0.337379
vt 0.988640 0.337379
vt 0.977962 0.366742
vt 0.876808 0.337379
vt 0.971292 0.366742
vt 0.872947 0.366742
vt 0.978681 0.337379
vt 0.988200 0.337379
vt 0.977057 0.366742
vt 0.877765 0.337379
vt 0.970517 0.366742
vt 0.873338 0.366742
vt 0.972406 0.337379
vt 0.981715 0.337379
vt 0.971139 0.366742
vt 0.969697 0.366742
vt 0.980745 0.337379
vt 0.971614 0.337379
vt 0.964742 0.366742
vt 0.963426 0.366742
vt 0.874092 0.337379
vt 0.986978 0.337379
vt 0.996936 0.337379
vt 0.985134 0.366742
vt 0.870063 0.366742
vt 0.978293 0.366742
vt 0.954012 0.337379
vt 0.948764 0.366742
vt 0.928724 0.337379
vt 0.922893 0.366742
vt 0.896677 0.366742
vt 0.903098 0.337379
vt 0.899474 0.337379
vt 0.892986 0.366742
vt 0.892584 0.366742
vt 0.899617 0.337379
vt 0.924129 0.337379
vt 0.918207 0.366742
vt 0.917509 0.366742
vt 0.923983 0.337379
vt 0.948446 0.337379
vt 0.943086 0.366742
vt 0.942073 0.366742
vt 0.947992 0.337379
vt 0.948366 0.337379
vt 0.943002 0.366742
vt 0.908455 0.337379
vt 0.901031 0.366742
vt 0.924049 0.337379
vt 0.918123 0.366742
vt 0.935027 0.337379
vt 0.928215 0.366742
vt 0.892902 0.366742
vt 0.899397 0.337379
vt 0.961212 0.337379
vt 0.955003 0.366742
vt 0.954099 0.337379
vt 0.948299 0.366742
vt 0.903793 0.337379
vt 0.896830 0.366742
vt 0.929126 0.337379
vt 0.922750 0.366742
vt 0.065638 0.848358
vt 0.009976 0.848358
vt 0.009976 0.848358
vt -0.000213 0.029494
vt 0.497381 0.004084
vt 0.331337 0.029371
vt 0.665543 0.029371
vt 0.499730 0.329937
vt -0.000213 0.329937
vt -0.000213 0.029244
vt 0.997086 0.329937
vt 0.997086 0.029244
vt 0.497381 0.004084
vt -0.000213 0.029494
vt -0.000213 0.004084
vt 0.331337 0.029371
vt 0.665543 0.029371
vt 0.499730 0.329937
vt -0.000213 0.329937
vt -0.000213 0.029244
vt 0.997086 0.329937
vt 0.997086 0.029244
vt -0.000213 0.029494
vt 0.497381 0.004084
vt 0.331337 0.029371
vt 0.665543 0.029371
vt 0.499730 0.329937
vt -0.000213 0.329937
vt -0.000213 0.029244
vt 0.997086 0.029244
vt 0.997086 0.329937
vt 0.997086 0.004084
vt 0.997086 0.029494
vt -0.000213 0.029494
vt 0.497381 0.004084
vt 0.331337 0.029371
vt 0.665543 0.029371
vt 0.499730 0.329937
vt -0.000213 0.329937
vt -0.000213 0.029244
vt 0.997086 0.329937
vt 0.997086 0.029244
vt 0.997086 0.004084
vt -0.000213 0.029494
vt 0.497381 0.004084
vt 0.331337 0.029371
vt 0.665543 0.029371
vt 0.499730 0.329937
vt -0.000213 0.329937
vt -0.000213 0.029244
vt 0.997086 0.329937
vt 0.997086 0.029244
vt 0.997086 0.004084
vt -0.000213 0.029494
vt 0.497381 0.004084
vt 0.331337 0.029371
vt 0.665543 0.029371
vt 0.499730 0.329937
vt -0.000213 0.329937
vt -0.000213 0.029244
vt 0.997086 0.329937
vt 0.997086 0.029244
vt 0.997086 0.004084
vt -0.000213 0.029494
vt 0.497381 0.004084
vt 0.331337 0.029371
vt 0.665543 0.029371
vt 0.499730 0.329937
vt -0.000213 0.329937
vt -0.000213 0.029244
vt 0.997086 0.329937
vt 0.997086 0.029244
vt 0.997086 0.004084
vt -0.000213 0.029494
vt 0.497381 0.004084
vt 0.331337 0.029371
vt 0.665543 0.029371
vt 0.499730 0.329937
vt -0.000213 0.329937
vt -0.000213 0.029244
vt 0.997086 0.329937
vt 0.997086 0.029244
vt 0.997086 0.004084
vt -0.000213 0.029494
vt 0.497381 0.004084
vt 0.331337 0.029371
vt 0.665543 0.029371
vt 0.499730 0.329937
vt -0.000213 0.329937
vt -0.000213 0.029244
vt 0.997086 0.329937
vt 0.997086 0.029244
vt 0.997086 0.004084
vt 0.497381 0.004084
vt -0.000213 0.029494
vt -0.000213 0.004084
vt 0.331337 0.029371
vt 0.665543 0.029371
vt 0.499730 0.329937
vt -0.000213 0.329937
vt -0.000213 0.029244
vt 0.997086 0.029244
vt 0.997086 0.329937
vt 0.997086 0.004084
vt 0.997086 0.029494
vt 0.997086 0.004084
vt 0.997086 0.029494
vt 0.997086 0.029494
vt 0.997086 0.029494
vt 0.997086 0.029494
vt 0.997086 0.029494
vt 0.997086 0.029494
vt -0.000213 0.004084
vt -0.000213 0.004084
vt -0.000213 0.004084
vt -0.000213 0.004084
vt -0.000213 0.004084
vt -0.000213 0.004084
vt 0.997086 0.004084
vt 0.997086 0.029494
vt 0.997086 0.029494
vt -0.000213 0.004084
vt -0.000213 0.004084
vn -0.3005 -0.9070 0.2951
vn -0.8541 -0.4946 0.1610
vn -0.8535 -0.5183 0.0545
vn -0.8541 -0.5173 -0.0544
vn -0.3006 -0.9485 -0.0997
vn -0.8981 0.4377 -0.0426
vn -0.8535 -0.4955 -0.1614
vn -0.8982 0.3822 -0.2170
vn -0.8541 -0.4502 -0.2603
vn -0.3008 -0.8257 -0.4773
vn -0.8982 0.4170 0.1389
vn -0.3009 -0.7081 0.6388
vn -0.8542 -0.3861 0.3483
vn -0.8540 -0.4505 0.2604
vn -0.8541 -0.3863 -0.3483
vn -0.2997 -0.5602 0.7722
vn -0.8540 -0.3055 -0.4211
vn -0.3002 -0.5603 -0.7720
vn -0.3004 -0.7084 -0.6387
vn -0.2995 -0.3876 0.8718
vn -0.8538 -0.2114 0.4757
vn -0.8539 -0.3056 0.4213
vn -0.8537 -0.2114 -0.4760
vn -0.8541 -0.1080 -0.5089
vn -0.3003 -0.1980 -0.9331
vn -0.2989 -0.3876 -0.8720
vn -0.8989 0.0943 -0.4278
vn -0.8543 -0.0001 -0.5198
vn -0.8540 -0.1081 0.5090
vn -0.3035 0.0003 0.9528
vn -0.8551 0.0002 0.5185
vn -0.8541 0.1079 -0.5088
vn -0.3003 0.1979 -0.9331
vn -0.8990 -0.0032 0.4379
vn -0.8990 -0.0878 -0.4290
vn -0.8541 0.2112 -0.4754
vn -0.2995 0.3875 0.8719
vn -0.8538 0.2113 0.4757
vn -0.8539 0.1079 0.5091
vn -0.8540 0.3055 -0.4210
vn -0.3003 0.5603 -0.7719
vn -0.8989 -0.1810 0.3989
vn -0.8989 -0.2548 -0.3564
vn -0.8541 0.3862 -0.3483
vn -0.3011 0.7081 0.6387
vn -0.8542 0.3860 0.3483
vn -0.8544 0.3050 0.4207
vn -0.8542 0.4501 -0.2604
vn -0.3008 0.8255 -0.4775
vn -0.8988 -0.3278 0.2911
vn -0.8987 -0.3781 -0.2222
vn -0.8539 0.4948 -0.1611
vn -0.3009 0.9068 0.2952
vn -0.8541 0.4945 0.1610
vn -0.8546 0.4495 0.2599
vn -0.8541 0.5173 -0.0545
vn -0.3009 0.9484 -0.0999
vn -0.8986 -0.4183 0.1326
vn -0.8985 -0.4363 -0.0491
vn -0.8547 0.5163 0.0543
vn -0.1937 0.8461 0.4966
vn -0.2226 0.8355 -0.5024
vn -0.7425 0.5592 -0.3688
vn -0.7216 0.5664 0.3981
vn -0.8128 -0.5742 0.0986
vn -0.2157 -0.9540 0.2080
vn -0.2157 -0.9540 -0.2080
vn -0.8128 -0.5742 -0.0986
vn -0.8128 -0.3724 0.4480
vn -0.8126 -0.2018 0.5468
vn -0.2155 -0.2968 0.9303
vn -0.2158 -0.6570 0.7223
vn -0.8128 -0.3725 -0.4480
vn -0.2158 -0.6570 -0.7223
vn -0.2155 -0.2968 -0.9303
vn -0.8126 -0.2018 -0.5468
vn -0.8126 0.2019 -0.5467
vn -0.2155 0.2969 -0.9303
vn -0.2158 0.6571 -0.7223
vn -0.8128 0.3724 -0.4480
vn -0.2158 0.6571 0.7223
vn -0.2155 0.2969 0.9303
vn -0.8126 0.2019 0.5467
vn -0.8128 0.3724 0.4479
vn -0.8127 0.5742 0.0986
vn -0.8127 0.5742 -0.0986
vn -0.2156 0.9540 -0.2081
vn -0.2156 0.9540 0.2081
vn -0.0580 -0.0067 0.9983
vn -0.6149 -0.0878 0.7837
vn -0.1157 -0.0258 -0.9930
vn -0.6568 -0.1011 -0.7472
vn -0.2080 -0.7373 0.6427
vn -0.2080 -0.7373 -0.6427
vn -0.2082 -0.9252 0.3173
vn -0.2083 -0.9252 -0.3173
vn -0.8154 -0.4831 0.3191
vn -0.8154 -0.4831 -0.3191
vn -0.2081 0.1877 -0.9599
vn -0.2081 0.1877 0.9599
vn -0.8154 -0.5178 0.2588
vn -0.8154 -0.5178 -0.2589
vn -0.2081 -0.1877 -0.9599
vn -0.2081 -0.1877 0.9599
vn -0.8155 0.0345 -0.5778
vn -0.8155 0.0345 0.5778
vn -0.8155 -0.0345 -0.5778
vn -0.2082 0.9252 -0.3172
vn -0.8155 -0.0345 0.5778
vn -0.2082 0.9252 0.3172
vn -0.2080 0.7373 -0.6427
vn -0.2080 0.7373 0.6427
vn -0.8154 0.5178 -0.2588
vn -0.8154 0.5178 0.2588
vn -0.8154 0.4831 -0.3190
vn -0.8154 0.4831 0.3190
vn -0.6094 -0.3995 0.6849
vn -0.6112 -0.7915 -0.0005
vn 0.0000 -1.0000 -0.0006
vn 0.0000 -0.5039 0.8638
vn -0.6094 -0.7929 -0.0036
vn -0.6114 -0.3961 -0.6851
vn 0.0000 -0.5005 -0.8657
vn 0.0000 -1.0000 -0.0046
vn -0.6094 -0.7929 0.0036
vn 0.0000 -1.0000 0.0045
vn 0.0000 -0.5006 0.8657
vn -0.6114 -0.3961 0.6851
vn -0.6094 -0.3991 -0.6851
vn 0.0000 -0.5033 -0.8641
vn -0.6093 0.3931 -0.6887
vn -0.0000 0.4958 -0.8684
vn -0.6092 0.3932 0.6886
vn 0.0000 0.4958 0.8684
vn -0.6093 -0.3931 -0.6887
vn -0.6114 0.3961 -0.6851
vn 0.0000 0.5005 -0.8657
vn 0.0000 -0.4957 -0.8685
vn -0.6093 -0.3931 0.6887
vn 0.0000 -0.4957 0.8685
vn 0.0000 0.5005 0.8658
vn -0.6114 0.3960 0.6851
vn -0.6094 0.3991 -0.6851
vn -0.6112 0.7915 -0.0005
vn 0.0000 1.0000 -0.0006
vn 0.0000 0.5033 -0.8641
vn -0.6094 0.7929 0.0037
vn 0.0000 1.0000 0.0047
vn -0.6093 0.3995 0.6849
vn 0.0000 0.5039 0.8638
vn -0.6094 0.7929 -0.0037
vn 0.0000 1.0000 -0.0047
vn -0.8034 -0.1511 -0.5759
vn -0.9887 0.1501 0.0006
vn -0.6174 -0.7867 0.0003
vn -0.9029 -0.4222 -0.0802
vn -0.9029 -0.4224 0.0802
vn -0.8034 0.1510 0.5760
vn -0.9886 -0.1503 0.0005
vn -0.6174 0.7867 0.0003
vn -0.2710 -0.8610 -0.4303
vn -0.2711 -0.8604 0.4315
vn -0.9027 -0.1419 0.4062
vn -0.9029 -0.1416 -0.4058
vn -0.9030 -0.2806 -0.3255
vn -0.9030 -0.2806 0.3255
vn 0.0000 -0.7071 -0.7071
vn 0.0000 -0.9659 0.2587
vn -0.6100 -0.7654 0.2050
vn -0.6100 -0.5603 -0.5603
vn -0.2709 -0.0572 0.9609
vn -0.2706 -0.0569 -0.9610
vn -0.2710 -0.8035 -0.5301
vn -0.2709 -0.8035 0.5301
vn 0.0000 -0.2588 0.9659
vn -0.6100 -0.2051 0.7654
vn -0.9030 0.2805 0.3255
vn -0.9030 0.2806 -0.3255
vn 0.0000 0.2588 -0.9659
vn -0.6100 0.2051 -0.7654
vn -0.9029 0.1416 -0.4058
vn -0.9027 0.1419 0.4062
vn -0.2710 0.8034 0.5302
vn -0.2709 0.8035 -0.5301
vn -0.2706 0.0569 -0.9610
vn -0.2709 0.0573 0.9609
vn -0.9028 0.4224 0.0802
vn -0.9029 0.4222 -0.0802
vn 0.0000 0.7071 0.7071
vn -0.6100 0.5603 0.5603
vn -0.2711 0.8604 0.4315
vn -0.2710 0.8611 -0.4303
vn -0.6152 0.3978 0.6807
vn -0.6186 -0.3909 0.6815
vn -0.8033 -0.1510 0.5761
vn 0.0000 0.9659 -0.2588
vn -0.6100 0.7654 -0.2050
vn -0.6093 -0.3996 0.6849
vn -0.6092 0.3932 -0.6886
vn -0.6092 -0.3932 -0.6886
vn -0.6094 0.3995 0.6849
vn -0.6114 0.3961 0.6851
vn -0.6094 0.7929 0.0036
vn -0.6152 -0.3980 -0.6806
vn -0.6187 0.3910 -0.6814
vn -0.8035 0.1512 -0.5758
vn -0.9379 -0.3468 0.0000
vn -0.9268 -0.3636 0.0943
vn -0.9268 -0.3636 -0.0943
vn -0.9434 0.2872 0.1658
vn -0.9268 0.2633 0.2676
vn -0.9381 0.1732 0.2999
vn -0.9270 0.0999 0.3615
vn -0.9435 -0.0000 0.3315
vn -0.9270 -0.0999 0.3615
vn -0.9381 -0.1732 0.2999
vn -0.9268 -0.2634 0.2677
vn -0.9434 -0.2872 0.1657
vn -0.9267 0.3637 0.0943
vn -0.9064 0.4076 0.1106
vn -0.9066 0.2991 0.2976
vn -0.9379 0.3468 0.0000
vn -0.9267 0.3637 -0.0943
vn -0.9935 -0.0986 -0.0569
vn -0.9929 -0.1150 -0.0315
vn -0.9929 -0.0848 -0.0839
vn -0.8397 0.5356 0.0895
vn -0.8398 0.3451 0.4191
vn -0.9928 -0.1196 -0.0000
vn -0.9928 -0.0598 -0.1036
vn -0.8326 0.5539 0.0000
vn -0.8325 0.2769 0.4798
vn -0.8398 0.5355 -0.0895
vn -0.8397 0.1903 0.5086
vn -0.9929 -0.1150 0.0315
vn -0.9929 -0.0303 -0.1154
vn -0.9066 -0.1078 0.4081
vn -0.9935 0.0000 -0.1139
vn -0.9064 0.2998 -0.2977
vn -0.9935 -0.0986 0.0569
vn -0.9066 0.1079 0.4080
vn -0.9929 0.0303 -0.1154
vn -0.8397 -0.1903 0.5086
vn -0.9928 0.0598 -0.1036
vn -0.8325 -0.2769 0.4798
vn -0.8398 -0.3451 0.4191
vn -0.9929 0.0848 -0.0839
vn -0.9064 -0.4076 0.1106
vn -0.9935 0.0986 -0.0569
vn -0.9066 -0.2991 0.2976
vn -0.9929 0.1150 -0.0315
vn -0.8397 -0.5356 0.0895
vn -0.9928 0.1196 -0.0000
vn -0.8326 -0.5539 0.0000
vn -0.8397 -0.5356 -0.0895
vn -0.9929 0.1150 0.0315
vn -0.9064 -0.2998 -0.2977
vn -0.9935 0.0986 0.0569
vn -0.9064 -0.4076 -0.1106
vn -0.9929 0.0848 0.0839
vn -0.8398 -0.3451 -0.4191
vn -0.9928 0.0598 0.1036
vn -0.8325 -0.2769 -0.4798
vn -0.8397 -0.1903 -0.5086
vn -0.9929 0.0303 0.1154
vn -0.9066 0.1080 -0.4079
vn -0.9935 0.0000 0.1139
vn -0.9066 -0.1079 -0.4079
vn -0.9434 -0.2872 -0.1657
vn -0.9929 -0.0303 0.1154
vn -0.8397 0.1903 -0.5086
vn -0.9928 -0.0598 0.1036
vn -0.8326 0.2769 -0.4798
vn -0.8398 0.3451 -0.4191
vn -0.9929 -0.0848 0.0839
vn -0.9064 0.4076 -0.1106
vn -0.9434 0.2872 -0.1658
vn -0.9268 0.2633 -0.2676
vn -0.9381 0.1730 -0.2999
vn -0.9267 0.1002 -0.3621
vn -0.9435 -0.0000 -0.3314
vn -0.9267 -0.1002 -0.3621
vn -0.9382 -0.1730 -0.2999
vn -0.9268 -0.2634 -0.2677
vn 0.0000 -1.0000 -0.0045
vn 0.0000 -0.4958 -0.8684
vn -0.5295 -0.7466 0.4027
vn -0.5505 -0.7526 -0.3613
vn 0.0000 -0.5034 -0.8640
vn 0.0000 -0.5039 0.8637
vn 0.0000 0.4959 -0.8684
vn 0.0000 1.0000 -0.0046
vn 0.0000 1.0000 0.0046
vn 0.0000 0.4959 0.8684
vn -0.6348 0.6689 0.3869
vn -0.6432 0.5636 0.5183
vn -0.6400 0.4567 0.6179
vn -0.6349 0.3138 0.7059
vn -0.6350 0.1603 0.7557
vn -0.6349 -0.0000 0.7726
vn -0.6350 -0.1604 0.7557
vn -0.6349 -0.3138 0.7060
vn -0.6349 -0.4535 0.6254
vn -0.6348 -0.5738 0.5175
vn -0.6341 0.5743 -0.5179
vn -0.6339 0.4541 -0.6261
vn -0.6338 0.3143 -0.7068
vn -0.6338 0.1606 -0.7567
vn -0.6336 0.0000 -0.7736
vn -0.6338 -0.1606 -0.7567
vn -0.6338 -0.3143 -0.7068
vn -0.6339 -0.4541 -0.6261
vn -0.6341 -0.5743 -0.5179
vn -0.7954 -0.5250 0.3030
vn -0.8036 -0.4227 -0.4189
vn -0.9886 -0.0753 0.1306
vn -0.7947 -0.0000 0.6070
vn -0.8032 0.5746 0.1571
vn -0.8032 -0.5746 0.1571
vn -0.9886 0.0753 0.1304
vn -0.4697 0.1005 0.8771
vn -0.4697 -0.1005 0.8771
vn -0.7953 0.5250 0.3030
vn -0.8036 0.4228 -0.4189
vn -0.7954 0.5250 -0.3030
vn -0.8036 0.4228 0.4189
vn -0.9886 0.0745 -0.1308
vn -0.6850 -0.6312 -0.3639
vn -0.6845 -0.7290 0.0000
vn -0.6842 -0.6315 0.3648
vn -0.6842 -0.3645 -0.6316
vn -0.6843 -0.3646 0.6315
vn -0.6851 -0.0000 -0.7284
vn -0.6835 -0.0000 0.7299
vn -0.6843 0.3643 -0.6317
vn -0.6844 0.3645 0.6314
vn -0.6842 0.6316 -0.3648
vn -0.6842 0.6315 0.3648
vn -0.6846 0.7289 0.0001
vn -0.8032 0.5746 -0.1571
vn -0.9886 -0.0750 -0.1303
vn -0.7960 -0.0000 -0.6053
vn -0.8032 -0.5746 -0.1571
vn -0.4694 -0.1005 -0.8773
vn -0.4694 0.1005 -0.8773
vn -0.7960 -0.5240 -0.3028
vn -0.8036 -0.4228 0.4189
vn -0.6342 -0.6694 -0.3870
vn -0.6343 -0.7352 -0.2392
vn -0.6344 -0.7687 -0.0808
vn -0.6429 -0.7609 0.0876
vn -0.6398 -0.7329 0.2313
vn -0.6348 -0.6689 0.3869
vn -0.6144 -0.7890 0.0003
vn -0.6152 -0.3977 0.6807
vn -0.6187 0.3908 0.6815
vn -0.6142 -0.3944 -0.6835
vn -0.6149 -0.7886 -0.0042
vn -0.6187 -0.3947 0.6793
vn -0.6178 0.3935 0.6809
vn -0.6184 0.7859 -0.0022
vn -0.6146 0.3906 -0.6853
vn -0.6142 0.3944 -0.6835
vn -0.6146 -0.3906 -0.6853
vn -0.6183 -0.7860 -0.0022
vn -0.6178 -0.3934 0.6809
vn -0.6187 0.3946 0.6793
vn -0.6149 0.7886 -0.0042
vn -0.6144 0.7890 0.0003
vn -0.6152 0.3980 -0.6806
vn -0.6186 -0.3912 -0.6814
vn -0.6142 0.3944 0.6835
vn -0.6149 0.7886 0.0042
vn -0.6187 0.3946 -0.6793
vn -0.6178 -0.3935 -0.6809
vn -0.6183 -0.7860 0.0022
vn -0.6146 -0.3906 0.6853
vn -0.6142 -0.3944 0.6835
vn -0.6146 0.3906 0.6853
vn -0.6184 0.7859 0.0022
vn -0.6178 0.3935 -0.6809
vn -0.6187 -0.3947 -0.6793
vn -0.6149 -0.7886 0.0042
vn -0.6342 0.6693 -0.3870
vn -0.6398 0.7329 0.2313
vn -0.6429 0.7609 0.0876
vn -0.6345 0.7687 -0.0809
vn -0.6343 0.7352 -0.2392
vn -0.4698 -0.8097 -0.3518
vn -0.4700 -0.7094 -0.5252
vn -0.4700 -0.7093 0.5254
vn -0.4697 -0.8097 0.3518
vn -0.4697 0.8097 0.3518
vn -0.4700 0.7093 0.5254
vn -0.4700 0.7094 -0.5252
vn -0.4698 0.8097 -0.3518
vn 0.0000 -0.5005 0.8657
vn -0.4755 -0.8797 0.0001
vn 0.0000 0.5005 0.8657
vn -0.4758 -0.4396 -0.7618
vn -0.4759 -0.4397 0.7617
vn -0.4758 0.4395 -0.7618
vn -0.4760 0.4397 0.7616
vn -0.4755 0.8797 0.0001
vn 0.0479 -0.8634 0.5022
vn 0.0191 -0.8715 -0.4900
vn -0.2686 -0.8969 0.3513
vn -0.2685 -0.8969 -0.3513
vn -0.2688 -0.1447 -0.9523
vn -0.2688 -0.1434 0.9525
vn -0.2688 -0.7529 0.6007
vn -0.2683 -0.7528 -0.6011
vn -0.2683 0.7528 -0.6011
vn -0.2688 0.7529 0.6007
vn -0.2688 0.1435 0.9525
vn -0.2688 0.1448 -0.9523
vn -0.2685 0.8970 -0.3511
vn -0.2685 0.8969 0.3513
vn -0.2310 -0.9595 0.1613
vn -0.2313 -0.9729 0.0000
vn -0.2310 -0.9595 -0.1612
vn -0.2312 -0.6191 0.7505
vn -0.2311 -0.6191 -0.7505
vn -0.2314 -0.4864 0.8425
vn -0.2314 -0.4864 -0.8425
vn -0.2309 -0.3402 0.9116
vn -0.2309 -0.3402 -0.9116
vn -0.2309 0.3402 -0.9116
vn -0.2309 0.3402 0.9116
vn -0.2314 0.4864 -0.8425
vn -0.2314 0.4864 0.8425
vn -0.2312 0.6191 -0.7505
vn -0.2312 0.6190 0.7505
vn -0.2310 0.9595 -0.1612
vn -0.2310 0.9595 0.1612
vn -0.2313 0.9729 0.0000
vn 0.6428 -0.7626 0.0728
vn 0.6397 -0.7651 -0.0736
vn 0.6347 -0.7348 -0.2392
vn 0.6339 -0.4541 0.6261
vn 0.6341 -0.5743 0.5179
vn 0.6342 -0.6694 0.3870
vn 0.6343 -0.7352 0.2392
vn 0.6348 -0.6689 -0.3869
vn 0.6348 -0.5738 -0.5175
vn 0.6349 -0.4535 -0.6254
vn 0.6349 -0.3138 -0.7060
vn 0.6350 -0.1604 -0.7557
vn 0.6349 -0.0000 -0.7726
vn 0.6336 0.0000 0.7736
vn 0.6338 -0.1606 0.7567
vn 0.6338 -0.3143 0.7068
vn 0.6350 0.1603 -0.7557
vn 0.6349 0.3138 -0.7059
vn 0.6349 0.4536 -0.6254
vn 0.6339 0.4541 0.6261
vn 0.6338 0.3143 0.7068
vn 0.6338 0.1606 0.7567
vn 0.6348 0.5737 -0.5175
vn 0.6348 0.6689 -0.3869
vn 0.6347 0.7348 -0.2392
vn 0.6343 0.7352 0.2392
vn 0.6393 0.6622 0.3909
vn 0.6424 0.5740 0.5077
vn 0.6397 0.7651 -0.0736
vn 0.6428 0.7626 0.0728
vn -0.9999 0.0136 0.0082
vn -0.9996 0.0144 0.0260
vn -0.9177 0.3158 0.2410
vn -0.9215 0.3706 0.1159
vn -0.9199 -0.2244 0.3218
vn -0.9997 -0.0050 0.0251
vn -0.9998 -0.0148 0.0098
vn -0.9180 -0.3209 0.2331
vn -0.9073 0.2337 0.3496
vn -0.9992 0.0117 0.0380
vn -0.9015 0.1337 0.4115
vn -0.9057 0.0046 0.4240
vn -0.9993 -0.0060 0.0369
vn -0.9068 -0.1213 0.4038
vn -0.9215 -0.3679 0.1241
vn -0.9999 -0.0153 0.0012
vn -0.9203 -0.3913 -0.0000
vn -0.8981 0.4377 -0.0427
vn -0.9999 -0.0151 -0.0024
vn -0.9215 -0.3680 -0.1241
vn -0.9998 -0.0140 -0.0109
vn -0.8982 0.4170 0.1390
vn -0.8990 -0.1810 0.3989
vn -0.9999 0.0122 -0.0105
vn -0.9998 0.0063 -0.0173
vn -0.9203 0.3165 -0.2300
vn -0.9215 0.2247 -0.3167
vn -0.8987 -0.3279 0.2912
vn -0.9999 0.0141 -0.0070
vn -0.9215 0.3706 -0.1158
vn -0.8985 -0.4184 0.1326
vn -0.9179 0.1191 -0.3784
vn -0.9215 0.0043 -0.3883
vn -0.9999 -0.0025 -0.0159
vn -0.9203 -0.1209 -0.3722
vn -0.9999 -0.0063 -0.0148
vn -0.9215 -0.2318 -0.3116
vn -0.8989 0.1752 0.4017
vn -0.8985 0.3240 0.2962
vn -0.9179 -0.3231 -0.2302
vn -0.9998 0.0179 0.0006
vn -0.9180 0.3967 0.0000
vn -0.8985 -0.4362 -0.0491
vn 0.9975 -0.0455 -0.0546
vn 0.5535 -0.4917 -0.6722
vn 0.5575 -0.2565 -0.7896
vn 0.9997 -0.0141 -0.0202
vn 0.9955 -0.0910 -0.0247
vn 0.5619 -0.6662 -0.4904
vn 0.5444 -0.7981 -0.2581
vn 0.9975 -0.0706 0.0010
vn 0.5542 -0.8324 0.0013
vn 0.9597 0.2812 -0.0025
vn 0.9589 0.2655 0.0997
vn 0.9982 -0.0183 -0.0563
vn 0.5515 -0.0000 -0.8342
vn 0.9978 -0.0000 -0.0661
vn 0.9562 0.0903 0.2784
vn 0.9566 0.1711 0.2358
vn 0.9982 0.0184 -0.0564
vn 0.5575 0.2565 -0.7895
vn 0.5515 0.4903 -0.6749
vn 0.9562 -0.0903 0.2785
vn 0.9567 -0.0000 0.2911
vn 0.9978 0.0389 -0.0535
vn 0.9566 -0.1711 0.2358
vn 0.9999 0.0031 0.0123
vn 0.9977 0.0520 -0.0427
vn 0.5588 0.7886 -0.2568
vn 0.9522 -0.2559 0.1671
vn 0.5584 0.8296 -0.0007
vn 0.9975 0.0695 -0.0098
vn 0.9426 -0.3119 0.1190
vn 0.9561 -0.2932 0.0000
vn 0.5469 0.7979 0.2535
vn 0.9978 0.0629 0.0204
vn 0.9565 -0.2773 -0.0902
vn 0.9982 0.0184 0.0564
vn 0.9978 0.0389 0.0534
vn 0.5575 0.2565 0.7896
vn 0.5515 -0.0000 0.8342
vn 0.9978 -0.0000 0.0661
vn 0.9562 -0.0903 -0.2783
vn 0.9566 -0.1711 -0.2358
vn 0.9982 -0.0184 0.0565
vn 0.5575 -0.2565 0.7896
vn 0.5515 -0.4903 0.6749
vn 0.9562 0.0903 -0.2784
vn 0.9567 0.0000 -0.2911
vn 0.9999 0.0003 -0.0162
vn 0.9972 -0.0680 0.0326
vn 0.9417 0.2620 -0.2112
vn 0.5556 -0.7891 0.2621
vn 0.9572 0.2741 -0.0923
vn 0.9501 0.2566 0.1776
vn 0.5543 0.6762 -0.4853
vn 0.9982 0.0481 0.0349
vn 0.5573 0.6717 0.4880
vn 0.5514 0.4903 0.6749
vn 0.9561 -0.2369 -0.1723
vn 0.9973 -0.0406 0.0618
vn 0.5696 -0.6681 0.4788
vn 0.9526 0.1917 -0.2364
vn -0.8990 -0.0878 -0.4291
vn -0.8989 0.0943 -0.4279
vn -0.8986 0.2605 -0.3530
vn 0.3005 -0.9070 -0.2951
vn 0.8541 -0.4946 -0.1610
vn 0.8539 -0.5175 -0.0545
vn 0.8541 -0.5173 0.0545
vn 0.3007 -0.9485 0.0998
vn 0.3002 -0.9487 -0.0998
vn 0.8539 -0.4949 0.1612
vn 0.3003 -0.8258 -0.4774
vn 0.8541 -0.4502 0.2603
vn 0.3008 -0.8256 0.4774
vn 0.3000 -0.9071 0.2953
vn 0.3009 -0.7081 -0.6388
vn 0.8542 -0.3861 -0.3483
vn 0.8540 -0.4505 -0.2604
vn 0.8541 -0.3863 0.3483
vn 0.2997 -0.5602 -0.7722
vn 0.8540 -0.3055 0.4211
vn 0.3003 -0.5602 0.7720
vn 0.3003 -0.7084 0.6387
vn 0.2995 -0.3876 -0.8718
vn 0.8538 -0.2114 -0.4757
vn 0.8538 -0.3056 -0.4214
vn 0.8537 -0.2114 0.4760
vn 0.8541 -0.1080 0.5088
vn 0.3003 -0.1980 0.9331
vn 0.2990 -0.3876 0.8720
vn 0.2998 -0.1982 -0.9332
vn 0.8541 0.0000 0.5201
vn 0.8540 -0.1081 -0.5090
vn 0.3035 0.0003 -0.9528
vn 0.8551 0.0002 -0.5185
vn 0.8541 0.1078 0.5089
vn 0.3002 0.1979 0.9331
vn 0.3000 0.0000 0.9539
vn 0.3000 0.1980 -0.9332
vn 0.8537 0.2116 0.4759
vn 0.2995 0.3876 -0.8718
vn 0.8538 0.2114 -0.4757
vn 0.8539 0.1079 -0.5091
vn 0.8540 0.3055 0.4211
vn 0.3004 0.5602 0.7720
vn 0.2990 0.3878 0.8719
vn 0.2996 0.5602 -0.7723
vn 0.8541 0.3863 0.3483
vn 0.3010 0.7082 -0.6386
vn 0.8542 0.3861 -0.3482
vn 0.8539 0.3055 -0.4214
vn 0.8542 0.4501 0.2604
vn 0.3008 0.8255 0.4775
vn 0.3004 0.7084 0.6387
vn 0.3004 0.8257 -0.4774
vn 0.8539 0.4948 0.1611
vn 0.3007 0.9069 -0.2950
vn 0.8541 0.4946 -0.1609
vn 0.8540 0.4504 -0.2605
vn 0.8541 0.5173 0.0545
vn 0.3007 0.9485 0.0998
vn 0.3002 0.9071 0.2951
vn 0.3002 0.9486 -0.0999
vn 0.8539 0.5175 -0.0546
vn 0.1937 0.8461 -0.4966
vn 0.2226 0.8355 0.5025
vn 0.7425 0.5592 0.3688
vn 0.7216 0.5664 -0.3981
vn 0.8128 -0.5742 -0.0986
vn 0.2157 -0.9540 -0.2080
vn 0.2157 -0.9540 0.2080
vn 0.8128 -0.5742 0.0986
vn 0.8128 -0.3724 -0.4480
vn 0.8126 -0.2018 -0.5468
vn 0.2155 -0.2968 -0.9303
vn 0.2158 -0.6570 -0.7223
vn 0.8128 -0.3724 0.4480
vn 0.2158 -0.6571 0.7223
vn 0.2155 -0.2968 0.9303
vn 0.8126 -0.2018 0.5467
vn 0.8126 0.2019 0.5467
vn 0.2155 0.2969 0.9303
vn 0.2158 0.6571 0.7223
vn 0.8128 0.3724 0.4480
vn 0.2158 0.6571 -0.7223
vn 0.2155 0.2969 -0.9303
vn 0.8126 0.2019 -0.5467
vn 0.8128 0.3724 -0.4479
vn 0.8127 0.5742 -0.0986
vn 0.8127 0.5742 0.0986
vn 0.2156 0.9540 0.2081
vn 0.2156 0.9540 -0.2081
vn 0.0580 -0.0067 -0.9983
vn 0.6149 -0.0878 -0.7837
vn 0.1157 -0.0258 0.9930
vn 0.6568 -0.1011 0.7472
vn 0.2080 -0.7373 -0.6427
vn 0.2080 -0.7373 0.6427
vn 0.2083 -0.9252 -0.3173
vn 0.2083 -0.9252 0.3173
vn 0.8154 -0.4831 -0.3191
vn 0.8154 -0.4831 0.3191
vn 0.2081 0.1877 0.9599
vn 0.2081 0.1877 -0.9599
vn 0.8154 -0.5178 -0.2588
vn 0.8154 -0.5178 0.2589
vn 0.2081 -0.1877 0.9599
vn 0.2081 -0.1877 -0.9599
vn 0.8155 0.0345 0.5778
vn 0.8155 0.0345 -0.5778
vn 0.8155 -0.0345 0.5778
vn 0.2082 0.9252 0.3172
vn 0.8155 -0.0345 -0.5778
vn 0.2082 0.9252 -0.3172
vn 0.2080 0.7373 0.6427
vn 0.2080 0.7373 -0.6427
vn 0.8154 0.5178 0.2588
vn 0.8154 0.5178 -0.2588
vn 0.8154 0.4831 0.3190
vn 0.8154 0.4831 -0.3190
vn 0.6094 -0.3995 -0.6849
vn 0.6112 -0.7915 0.0005
vn 0.0000 -1.0000 0.0006
vn 0.0000 -0.5038 -0.8638
vn 0.6094 -0.7929 0.0036
vn 0.6114 -0.3961 0.6851
vn 0.0000 -1.0000 0.0046
vn 0.6094 -0.7929 -0.0036
vn 0.0000 -0.5006 -0.8657
vn 0.6114 -0.3961 -0.6851
vn 0.6094 -0.3991 0.6851
vn 0.0000 -0.5033 0.8641
vn 0.6093 0.3931 0.6887
vn 0.6092 0.3932 -0.6886
vn 0.6093 -0.3931 0.6887
vn 0.6114 0.3961 0.6851
vn 0.6093 -0.3931 -0.6887
vn 0.6114 0.3961 -0.6851
vn 0.6094 0.3991 0.6851
vn 0.6112 0.7915 0.0005
vn 0.0000 1.0000 0.0006
vn 0.0000 0.5033 0.8641
vn 0.6094 0.7929 -0.0037
vn 0.6093 0.3995 -0.6849
vn 0.0000 0.5039 -0.8638
vn 0.6094 0.7929 0.0037
vn 0.8035 -0.1511 0.5759
vn 0.9887 0.1501 -0.0006
vn 0.6174 -0.7867 -0.0003
vn 0.9029 -0.4222 0.0803
vn 0.9029 -0.4224 -0.0802
vn 0.8034 0.1511 -0.5760
vn 0.9886 -0.1503 -0.0005
vn 0.6174 0.7867 -0.0003
vn 0.2710 -0.8610 0.4304
vn 0.2711 -0.8604 -0.4315
vn 0.9027 -0.1419 -0.4062
vn 0.9029 -0.1416 0.4058
vn 0.9030 -0.2806 0.3255
vn 0.9030 -0.2806 -0.3255
vn 0.0000 -0.7071 0.7071
vn 0.0000 -0.9659 -0.2587
vn 0.6100 -0.7654 -0.2050
vn 0.6100 -0.5603 0.5603
vn 0.2709 -0.0572 -0.9609
vn 0.2705 -0.0569 0.9610
vn 0.2710 -0.8035 0.5301
vn 0.2710 -0.8035 -0.5301
vn 0.0000 -0.2588 -0.9659
vn 0.6100 -0.2051 -0.7654
vn 0.9030 0.2805 -0.3255
vn 0.9030 0.2806 0.3255
vn 0.0000 0.2588 0.9659
vn 0.6100 0.2051 0.7654
vn 0.9029 0.1416 0.4059
vn 0.9027 0.1419 -0.4062
vn 0.2710 0.8034 -0.5302
vn 0.2709 0.8035 0.5301
vn 0.2705 0.0569 0.9610
vn 0.2709 0.0573 -0.9609
vn 0.9028 0.4224 -0.0802
vn 0.9029 0.4222 0.0803
vn 0.0000 0.7071 -0.7071
vn 0.6100 0.5603 -0.5603
vn 0.2711 0.8604 -0.4314
vn 0.2710 0.8611 0.4303
vn 0.6152 0.3978 -0.6807
vn 0.6186 -0.3909 -0.6815
vn 0.8033 -0.1510 -0.5761
vn 0.0000 0.9659 0.2588
vn 0.6100 0.7654 0.2050
vn 0.6093 -0.3996 -0.6849
vn 0.6092 0.3932 0.6886
vn 0.6092 -0.3932 0.6886
vn 0.6094 0.3995 -0.6849
vn 0.6094 0.7929 -0.0036
vn 0.6152 -0.3980 0.6806
vn 0.6187 0.3910 0.6814
vn 0.8035 0.1512 0.5758
vn 0.9379 -0.3468 -0.0000
vn 0.9268 -0.3636 -0.0943
vn 0.9268 -0.3636 0.0942
vn 0.9434 0.2872 -0.1658
vn 0.9268 0.2633 -0.2676
vn 0.9381 0.1732 -0.2999
vn 0.9270 0.0999 -0.3615
vn 0.9435 -0.0000 -0.3315
vn 0.9270 -0.0999 -0.3615
vn 0.9381 -0.1732 -0.2999
vn 0.9268 -0.2633 -0.2677
vn 0.9434 -0.2872 -0.1657
vn 0.9267 0.3637 -0.0943
vn 0.9064 0.4076 -0.1106
vn 0.9066 0.2991 -0.2976
vn 0.9379 0.3468 -0.0000
vn 0.9267 0.3637 0.0943
vn 0.9935 -0.0986 0.0569
vn 0.9929 -0.1150 0.0315
vn 0.9929 -0.0848 0.0839
vn 0.8397 0.5356 -0.0895
vn 0.8398 0.3451 -0.4191
vn 0.9928 -0.1196 0.0000
vn 0.9928 -0.0598 0.1036
vn 0.8326 0.5539 -0.0000
vn 0.8325 0.2769 -0.4798
vn 0.8398 0.5355 0.0895
vn 0.8397 0.1903 -0.5086
vn 0.9929 -0.1150 -0.0315
vn 0.9929 -0.0303 0.1154
vn 0.9066 -0.1078 -0.4081
vn 0.9935 0.0000 0.1139
vn 0.9064 0.2998 0.2977
vn 0.9935 -0.0986 -0.0569
vn 0.9066 0.1079 -0.4081
vn 0.9929 0.0303 0.1154
vn 0.8397 -0.1903 -0.5086
vn 0.9928 0.0598 0.1036
vn 0.8325 -0.2769 -0.4798
vn 0.8398 -0.3451 -0.4191
vn 0.9929 0.0848 0.0839
vn 0.9064 -0.4076 -0.1106
vn 0.9935 0.0986 0.0569
vn 0.9066 -0.2991 -0.2976
vn 0.9929 0.1150 0.0315
vn 0.8397 -0.5356 -0.0895
vn 0.9928 0.1196 0.0000
vn 0.8326 -0.5539 -0.0000
vn 0.8397 -0.5356 0.0895
vn 0.9929 0.1150 -0.0315
vn 0.9064 -0.2998 0.2977
vn 0.9935 0.0986 -0.0569
vn 0.9064 -0.4076 0.1106
vn 0.9929 0.0848 -0.0839
vn 0.8398 -0.3451 0.4191
vn 0.9928 0.0598 -0.1036
vn 0.8325 -0.2769 0.4798
vn 0.8397 -0.1903 0.5086
vn 0.9929 0.0303 -0.1154
vn 0.9066 0.1080 0.4078
vn 0.9935 0.0000 -0.1139
vn 0.9066 -0.1079 0.4079
vn 0.9434 -0.2872 0.1657
vn 0.9929 -0.0303 -0.1154
vn 0.8397 0.1903 0.5086
vn 0.9928 -0.0598 -0.1036
vn 0.8326 0.2769 0.4798
vn 0.8398 0.3451 0.4191
vn 0.9929 -0.0848 -0.0839
vn 0.9064 0.4076 0.1106
vn 0.9434 0.2872 0.1658
vn 0.9268 0.2633 0.2676
vn 0.9382 0.1730 0.2999
vn 0.9267 0.1002 0.3621
vn 0.9435 -0.0000 0.3315
vn 0.9267 -0.1002 0.3621
vn 0.9382 -0.1730 0.2999
vn 0.9268 -0.2634 0.2677
vn 0.0000 -0.4958 0.8684
vn 0.5295 -0.7466 -0.4027
vn 0.5505 -0.7526 0.3614
vn 0.0000 -0.5034 0.8640
vn 0.0000 0.5038 -0.8638
vn 0.0000 -0.5039 -0.8637
vn 0.7954 -0.5250 -0.3030
vn 0.8036 -0.4227 0.4189
vn 0.9886 -0.0753 -0.1306
vn 0.7947 -0.0000 -0.6070
vn 0.8032 0.5746 -0.1571
vn 0.8032 -0.5746 -0.1571
vn 0.9886 0.0754 -0.1305
vn 0.4697 0.1005 -0.8771
vn 0.4697 -0.1005 -0.8771
vn 0.7953 0.5250 -0.3030
vn 0.8036 0.4228 0.4189
vn 0.7954 0.5250 0.3030
vn 0.8036 0.4228 -0.4189
vn 0.9886 0.0746 0.1309
vn 0.6850 -0.6312 0.3639
vn 0.6845 -0.7291 0.0000
vn 0.6842 -0.6315 -0.3648
vn 0.6842 -0.3646 0.6316
vn 0.6843 -0.3646 -0.6315
vn 0.6851 -0.0000 0.7284
vn 0.6835 -0.0000 -0.7299
vn 0.6843 0.3643 0.6317
vn 0.6844 0.3645 -0.6314
vn 0.6842 0.6315 0.3648
vn 0.6842 0.6315 -0.3648
vn 0.6846 0.7289 -0.0001
vn 0.8032 0.5746 0.1571
vn 0.9886 -0.0750 0.1303
vn 0.7960 -0.0000 0.6052
vn 0.8032 -0.5746 0.1571
vn 0.4694 -0.1005 0.8773
vn 0.4694 0.1005 0.8772
vn 0.7960 -0.5240 0.3028
vn 0.8036 -0.4227 -0.4189
vn 0.6144 -0.7890 -0.0003
vn 0.6152 -0.3977 -0.6807
vn 0.6187 0.3908 -0.6815
vn 0.6142 -0.3944 0.6835
vn 0.6149 -0.7886 0.0042
vn 0.6187 -0.3947 -0.6793
vn 0.6178 0.3935 -0.6809
vn 0.6184 0.7859 0.0022
vn 0.6146 0.3907 0.6853
vn 0.6142 0.3944 0.6835
vn 0.6146 -0.3906 0.6853
vn 0.6183 -0.7860 0.0022
vn 0.6178 -0.3934 -0.6809
vn 0.6187 0.3946 -0.6793
vn 0.6149 0.7886 0.0042
vn 0.6144 0.7890 -0.0003
vn 0.6152 0.3980 0.6806
vn 0.6186 -0.3912 0.6814
vn 0.6142 0.3944 -0.6835
vn 0.6149 0.7886 -0.0042
vn 0.6187 0.3946 0.6793
vn 0.6178 -0.3934 0.6809
vn 0.6183 -0.7860 -0.0022
vn 0.6146 -0.3906 -0.6853
vn 0.6142 -0.3944 -0.6835
vn 0.6146 0.3906 -0.6853
vn 0.6184 0.7859 -0.0022
vn 0.6178 0.3935 0.6809
vn 0.6187 -0.3947 0.6793
vn 0.6149 -0.7886 -0.0042
vn 0.4698 -0.8097 0.3517
vn 0.4700 -0.7094 0.5252
vn 0.4700 -0.7093 -0.5254
vn 0.4697 -0.8097 -0.3518
vn 0.4698 0.8097 -0.3518
vn 0.4700 0.7093 -0.5254
vn 0.4700 0.7094 0.5252
vn 0.4698 0.8097 0.3518
vn 0.4755 -0.8797 -0.0001
vn 0.4759 -0.4396 0.7618
vn 0.4760 -0.4397 -0.7616
vn 0.4758 0.4395 0.7618
vn 0.4760 0.4397 -0.7616
vn 0.4755 0.8797 -0.0001
vn -0.0479 -0.8634 -0.5022
vn -0.0191 -0.8715 0.4900
vn 0.2686 -0.8969 -0.3513
vn 0.2685 -0.8969 0.3513
vn 0.2688 -0.1446 0.9523
vn 0.2688 -0.1434 -0.9525
vn 0.2688 -0.7529 -0.6008
vn 0.2683 -0.7528 0.6011
vn 0.2683 0.7528 0.6011
vn 0.2688 0.7529 -0.6007
vn 0.2688 0.1435 -0.9525
vn 0.2688 0.1447 0.9523
vn 0.2685 0.8970 0.3511
vn 0.2685 0.8969 -0.3513
vn 0.2310 -0.9595 -0.1613
vn 0.2313 -0.9729 -0.0000
vn 0.2310 -0.9595 0.1612
vn 0.2312 -0.6191 -0.7505
vn 0.2311 -0.6191 0.7505
vn 0.2314 -0.4864 -0.8425
vn 0.2314 -0.4864 0.8425
vn 0.2309 -0.3402 -0.9116
vn 0.2309 -0.3402 0.9116
vn 0.2309 0.3402 0.9116
vn 0.2309 0.3402 -0.9116
vn 0.2314 0.4864 0.8425
vn 0.2314 0.4864 -0.8425
vn 0.2312 0.6191 0.7505
vn 0.2312 0.6191 -0.7505
vn 0.2310 0.9595 0.1612
vn 0.2310 0.9595 -0.1612
vn 0.2313 0.9729 -0.0000
vn -0.2719 -0.0129 0.9622
vn -0.3804 -0.1674 0.9095
vn -0.3229 -0.3850 0.8646
vn -0.2304 -0.5827 0.7793
vn -0.2238 0.9247 0.3078
vn -0.3313 0.8300 0.4488
vn -0.3068 0.6976 0.6475
vn -0.2718 0.5551 0.7861
vn -0.2305 0.5827 -0.7793
vn -0.3312 0.6833 -0.6507
vn -0.2825 0.8379 -0.4671
vn -0.2238 0.9291 -0.2945
vn -0.3804 0.3992 0.8342
vn -0.3409 0.1881 0.9211
vn -0.3312 -0.6833 0.6507
vn -0.2914 -0.8321 0.4719
vn -0.2305 -0.9295 0.2880
vn -0.2305 0.0133 -0.9730
vn -0.3313 0.1704 -0.9280
vn -0.2914 0.3958 -0.8709
vn -0.3313 -0.9352 0.1248
vn -0.2915 -0.9505 -0.1074
vn -0.2305 -0.9212 -0.3133
vn -0.3312 -0.8300 -0.4488
vn -0.2914 -0.7059 -0.6456
vn -0.2305 -0.5612 -0.7950
vn -0.3313 -0.4077 -0.8509
vn -0.2915 -0.1917 -0.9372
vn -0.3313 0.9352 -0.1248
vn -0.2825 0.9524 0.1146
usemtl Obj61Mtl.001
s 1
f 1/1/1 2/2/2 3/3/3
f 4/4/4 5/5/5 6/6/6
f 5/7/5 4/8/4 7/9/7
f 2/10/2 1/11/1 8/12/8
f 3/3/3 6/6/6 1/1/1
f 6/6/6 3/3/3 4/4/4
f 9/13/9 10/14/10 11/15/11
f 7/9/7 11/15/11 5/7/5
f 11/15/11 7/9/7 9/13/9
f 12/16/12 13/17/13 14/18/14
f 14/18/14 8/12/8 12/16/12
f 8/12/8 14/18/14 2/10/2
f 10/19/10 9/20/9 15/21/15
f 13/22/13 12/23/12 16/24/16
f 17/25/17 18/26/18 19/27/19
f 15/21/15 19/27/19 10/19/10
f 19/27/19 15/21/15 17/25/17
f 20/28/20 21/29/21 22/30/22
f 18/31/18 17/32/17 23/33/23
f 22/30/22 16/24/16 20/28/20
f 16/24/16 22/30/22 13/22/13
f 24/34/24 25/35/25 26/36/26
f 23/33/23 26/36/26 18/31/18
f 26/36/26 23/33/23 24/34/24
f 21/37/21 20/38/20 27/39/27
f 25/40/25 24/41/24 28/42/28
f 27/39/27 29/43/29 21/37/21
f 29/43/29 27/39/27 30/44/30
f 30/44/30 31/45/31 29/43/29
f 32/46/32 33/47/33 34/48/34
f 34/48/34 28/42/28 32/46/32
f 28/42/28 34/48/34 25/40/25
f 31/49/31 30/50/30 35/51/35
f 33/52/33 32/53/32 36/54/36
f 37/55/37 38/56/38 39/57/39
f 39/57/39 35/51/35 37/55/37
f 35/51/35 39/57/39 31/49/31
f 40/58/40 41/59/41 42/60/42
f 36/54/36 42/60/42 33/52/33
f 42/60/42 36/54/36 40/58/40
f 38/61/38 37/62/37 43/63/43
f 41/64/41 40/65/40 44/66/44
f 45/67/45 46/68/46 47/69/47
f 47/69/47 43/63/43 45/67/45
f 43/63/43 47/69/47 38/61/38
f 48/70/48 49/71/49 50/72/50
f 46/73/46 45/74/45 51/75/51
f 44/66/44 50/72/50 41/64/41
f 50/72/50 44/66/44 48/70/48
f 49/76/49 48/77/48 52/78/52
f 53/79/53 54/80/54 55/81/55
f 56/82/56 57/83/57 58/84/58
f 54/85/54 53/86/53 59/87/59
f 57/88/57 56/89/56 60/90/60
f 55/81/55 51/75/51 53/79/53
f 51/75/51 55/81/55 46/73/46
f 52/78/52 58/84/58 49/76/49
f 58/84/58 52/78/52 56/82/56
f 60/90/60 59/87/59 57/88/57
f 59/87/59 60/90/60 54/85/54
f 61/91/61 62/92/62 63/93/63
f 63/93/63 64/94/64 61/91/61
f 65/95/65 66/96/66 67/97/67
f 67/97/67 68/98/68 65/95/65
f 69/99/69 70/100/70 71/101/71
f 71/101/71 72/102/72 69/99/69
f 73/103/73 74/104/74 75/105/75
f 75/105/75 76/106/76 73/103/73
f 77/107/77 78/108/78 79/109/79
f 79/109/79 80/110/80 77/107/77
f 81/111/81 82/112/82 83/113/83
f 83/113/83 84/114/84 81/111/81
f 85/115/85 86/116/86 87/117/87
f 87/117/87 88/118/88 85/115/85
f 89/119/89 61/91/61 64/94/64
f 64/94/64 90/120/90 89/119/89
f 62/92/62 91/121/91 92/122/92
f 92/122/92 63/93/63 62/92/62
f 93/123/93 66/96/66 65/95/65
f 68/98/68 67/97/67 94/124/94
f 69/99/69 72/102/72 95/125/95
f 96/126/96 74/104/74 73/103/73
f 65/95/65 97/127/97 93/123/93
f 94/124/94 98/128/98 68/98/68
f 76/106/76 75/105/75 99/129/99
f 100/130/100 71/101/71 70/100/70
f 95/125/95 101/131/101 69/99/69
f 73/103/73 102/132/102 96/126/96
f 103/133/103 78/108/78 77/107/77
f 83/113/83 82/112/82 104/134/104
f 99/129/99 105/135/105 76/106/76
f 70/100/70 106/136/106 100/130/100
f 77/107/77 107/137/107 103/133/103
f 80/110/80 79/109/79 108/138/108
f 104/134/104 109/139/109 83/113/83
f 110/140/110 81/111/81 84/114/84
f 111/141/111 87/117/87 86/116/86
f 85/115/85 88/118/88 112/142/112
f 108/138/108 113/143/113 80/110/80
f 84/114/84 114/144/114 110/140/110
f 86/116/86 115/145/115 111/141/111
f 112/142/112 116/146/116 85/115/85
f 117/147/117 118/148/118 119/149/119
f 119/149/119 120/150/120 117/147/117
f 121/151/121 122/152/122 123/153/123
f 123/153/123 124/154/124 121/151/121
f 125/155/125 126/156/126 127/157/127
f 127/157/127 128/158/128 125/155/125
f 129/159/129 130/160/130 119/149/119
f 119/149/119 118/148/118 129/159/129
f 131/161/131 132/162/132 123/153/123
f 123/153/123 122/152/122 131/161/131
f 133/163/133 128/158/128 127/157/127
f 127/157/127 134/164/134 133/163/133
f 135/165/135 136/166/136 137/167/137
f 137/167/137 138/168/138 135/165/135
f 139/169/139 140/170/140 141/171/141
f 141/171/141 142/172/142 139/169/139
f 143/173/143 144/174/144 145/175/145
f 145/175/145 146/176/146 143/173/143
f 147/177/147 142/172/142 141/171/141
f 141/171/141 148/178/148 147/177/147
f 149/179/149 150/180/150 145/175/145
f 145/175/145 144/174/144 149/179/149
f 151/181/151 152/182/152 137/167/137
f 137/167/137 136/166/136 151/181/151
f 153/183/153 154/184/154 155/185/155
f 156/186/156 101/131/101 95/125/95
f 96/126/96 102/132/102 157/187/157
f 158/188/158 159/189/159 160/190/160
f 95/125/95 161/191/161 156/186/156
f 157/187/157 162/192/162 96/126/96
f 93/123/93 97/127/97 163/193/163
f 164/194/164 98/128/98 94/124/94
f 103/133/103 107/137/107 165/195/165
f 166/196/166 109/139/109 104/134/104
f 167/197/167 168/198/168 169/199/169
f 169/199/169 170/200/170 167/197/167
f 163/193/163 171/201/171 93/123/93
f 94/124/94 172/202/172 164/194/164
f 165/195/165 173/203/173 103/133/103
f 104/134/104 174/204/174 166/196/166
f 168/198/168 175/205/175 176/206/176
f 176/206/176 169/199/169 168/198/168
f 100/130/100 106/136/106 177/207/177
f 178/208/178 105/135/105 99/129/99
f 179/209/179 167/197/167 170/200/170
f 170/200/170 180/210/180 179/209/179
f 111/141/111 115/145/115 181/211/181
f 182/212/182 116/146/116 112/142/112
f 177/207/177 183/213/183 100/130/100
f 99/129/99 184/214/184 178/208/178
f 181/211/181 185/215/185 111/141/111
f 112/142/112 186/216/186 182/212/182
f 187/217/187 113/143/113 108/138/108
f 110/140/110 114/144/114 188/218/188
f 175/205/175 189/219/189 190/220/190
f 190/220/190 176/206/176 175/205/175
f 108/138/108 191/221/191 187/217/187
f 188/218/188 192/222/192 110/140/110
f 193/223/193 194/224/194 195/225/195
f 195/225/195 194/224/194 155/226/155
f 155/226/155 154/227/154 195/225/195
f 196/228/196 179/209/179 180/210/180
f 180/210/180 197/229/197 196/228/196
f 144/230/144 143/231/143 198/232/129
f 198/232/129 199/233/118 144/230/144
f 144/230/144 199/233/118 200/234/198
f 200/234/198 149/235/149 144/230/144
f 142/236/142 147/237/147 201/238/199
f 201/238/199 202/239/122 142/236/142
f 142/236/142 202/239/122 203/240/121
f 203/240/121 139/241/139 142/236/142
f 128/242/128 133/243/133 204/244/151
f 204/244/151 205/245/136 128/242/128
f 128/242/128 205/245/136 206/246/200
f 206/246/200 125/247/125 128/242/128
f 118/248/118 117/249/117 207/250/201
f 207/250/201 208/251/144 118/248/118
f 118/248/118 208/251/144 209/252/143
f 209/252/143 129/253/129 118/248/118
f 122/254/122 121/255/121 210/256/139
f 210/256/139 211/257/202 122/254/122
f 122/254/122 211/257/202 212/258/203
f 212/258/203 131/259/131 122/254/122
f 136/260/136 135/261/135 213/262/125
f 213/262/125 214/263/128 136/260/136
f 136/260/136 214/263/128 215/264/133
f 215/264/133 151/265/151 136/260/136
f 189/219/189 196/228/196 197/229/197
f 197/229/197 190/220/190 189/219/189
f 216/266/204 217/267/205 218/268/206
f 218/268/206 217/267/205 160/269/160
f 160/269/160 159/270/159 218/268/206
f 219/271/207 85/272/85 220/273/208
f 219/271/207 86/274/86 85/272/85
f 219/271/207 221/275/209 86/274/86
f 105/276/105 222/277/210 223/278/211
f 223/278/211 76/279/76 105/276/105
f 76/279/76 223/278/211 224/280/212
f 76/279/76 224/280/212 73/281/73
f 224/280/212 225/282/213 73/281/73
f 102/283/102 73/281/73 225/282/213
f 225/282/213 226/284/214 102/283/102
f 102/283/102 226/284/214 113/285/113
f 113/285/113 226/284/214 227/286/215
f 227/286/215 80/287/80 113/285/113
f 80/287/80 227/286/215 228/288/216
f 80/287/80 228/288/216 77/289/77
f 228/288/216 229/290/217 77/289/77
f 107/291/107 77/289/77 229/290/217
f 229/290/217 230/292/218 107/291/107
f 231/293/219 222/277/210 97/294/97
f 97/294/97 65/295/65 231/293/219
f 97/294/97 222/277/210 105/276/105
f 97/294/97 105/276/105 178/296/178
f 178/296/178 163/297/163 97/294/97
f 163/297/163 178/296/178 232/298/220
f 232/298/220 233/299/221 163/297/163
f 234/300/222 231/293/219 65/295/65
f 68/301/68 234/300/222 65/295/65
f 68/301/68 235/302/223 234/300/222
f 236/303/224 233/299/221 232/298/220
f 236/303/224 237/304/225 233/299/221
f 238/305/226 236/303/224 232/298/220
f 237/304/225 239/306/227 233/299/221
f 238/305/226 232/298/220 240/307/228
f 239/306/227 237/304/225 241/308/229
f 242/309/230 238/305/226 240/307/228
f 241/308/229 243/310/231 239/306/227
f 240/307/228 244/311/232 242/309/230
f 245/312/233 243/310/231 241/308/229
f 242/309/230 244/311/232 246/313/234
f 241/308/229 247/314/235 245/312/233
f 246/313/234 248/315/236 242/309/230
f 248/315/236 246/313/234 249/316/237
f 250/317/238 248/315/236 249/316/237
f 247/314/235 251/318/239 245/312/233
f 247/314/235 252/319/240 251/318/239
f 250/317/238 249/316/237 253/320/241
f 253/320/241 249/316/237 157/321/157
f 254/322/242 250/317/238 253/320/241
f 157/321/157 187/323/187 253/320/241
f 254/322/242 253/320/241 255/324/243
f 256/325/244 254/322/242 255/324/243
f 255/324/243 257/326/245 256/325/244
f 256/325/244 257/326/245 258/327/246
f 258/327/246 259/328/247 256/325/244
f 259/328/247 258/327/246 260/329/248
f 187/323/187 157/321/157 102/283/102
f 261/330/249 259/328/247 260/329/248
f 102/283/102 113/285/113 187/323/187
f 260/329/248 262/331/250 261/330/249
f 262/331/250 263/332/251 261/330/249
f 262/331/250 260/329/248 165/333/165
f 262/331/250 264/334/252 263/332/251
f 165/333/165 182/335/182 262/331/250
f 265/336/253 263/332/251 264/334/252
f 264/334/252 266/337/254 265/336/253
f 265/336/253 266/337/254 267/338/255
f 267/338/255 268/339/256 265/336/253
f 268/339/256 267/338/255 269/340/257
f 182/335/182 165/333/165 107/291/107
f 270/341/258 268/339/256 269/340/257
f 107/291/107 116/342/116 182/335/182
f 270/341/258 269/340/257 271/343/259
f 107/291/107 230/292/218 116/342/116
f 116/342/116 230/292/218 220/273/208
f 220/273/208 85/272/85 116/342/116
f 271/343/259 269/340/257 181/344/181
f 271/343/259 272/345/260 270/341/258
f 181/344/181 166/346/166 271/343/259
f 271/343/259 273/347/261 272/345/260
f 274/348/262 272/345/260 273/347/261
f 273/347/261 275/349/263 274/348/262
f 274/348/262 275/349/263 276/350/264
f 276/350/264 277/351/265 274/348/262
f 277/351/265 276/350/264 278/352/266
f 166/346/166 181/344/181 115/353/115
f 279/354/267 277/351/265 278/352/266
f 115/353/115 109/355/109 166/346/166
f 279/354/267 278/352/266 280/356/268
f 115/353/115 281/357/269 109/355/109
f 221/275/209 281/357/269 115/353/115
f 115/353/115 86/274/86 221/275/209
f 280/356/268 278/352/266 188/358/188
f 282/359/270 279/354/267 280/356/268
f 188/358/188 156/360/156 280/356/268
f 282/359/270 280/356/268 283/361/271
f 284/362/272 282/359/270 283/361/271
f 283/361/271 285/363/273 284/362/272
f 284/362/272 285/363/273 286/364/274
f 286/364/274 287/365/275 284/362/272
f 287/365/275 286/364/274 288/366/276
f 252/319/240 287/365/275 288/366/276
f 252/319/240 288/366/276 251/318/239
f 251/318/239 288/366/276 177/367/177
f 177/367/177 164/368/164 251/318/239
f 164/368/164 177/367/177 106/369/106
f 106/369/106 98/370/98 164/368/164
f 106/369/106 289/371/277 98/370/98
f 98/370/98 289/371/277 235/302/223
f 235/302/223 68/301/68 98/370/98
f 290/372/278 289/371/277 106/369/106
f 106/369/106 70/373/70 290/372/278
f 291/374/279 290/372/278 70/373/70
f 291/374/279 70/373/70 69/375/69
f 291/374/279 69/375/69 292/376/280
f 292/376/280 69/375/69 101/377/101
f 101/377/101 293/378/281 292/376/280
f 114/379/114 293/378/281 101/377/101
f 114/379/114 101/377/101 156/360/156
f 156/360/156 188/358/188 114/379/114
f 294/380/282 293/378/281 114/379/114
f 114/379/114 84/381/84 294/380/282
f 295/382/283 294/380/282 84/381/84
f 295/382/283 84/381/84 83/383/83
f 295/382/283 83/383/83 296/384/284
f 296/384/284 83/383/83 109/355/109
f 109/355/109 281/357/269 296/384/284
f 210/385/139 121/386/121 124/387/124
f 124/387/124 297/388/140 210/385/139
f 213/389/125 135/390/135 138/391/138
f 138/391/138 298/392/126 213/389/125
f 203/393/121 299/394/285 140/395/140
f 140/395/140 139/396/139 203/393/121
f 206/397/200 300/398/286 126/156/126
f 126/156/126 125/155/125 206/397/200
f 64/399/64 63/400/63 92/401/92
f 64/399/64 92/401/92 90/402/90
f 92/401/92 301/403/287 90/402/90
f 92/401/92 302/404/288 301/403/287
f 198/405/129 143/173/143 146/176/146
f 146/176/146 303/406/289 198/405/129
f 209/407/143 304/408/146 130/160/130
f 130/160/130 129/159/129 209/407/143
f 207/409/201 117/410/117 120/411/120
f 120/411/120 305/412/150 207/409/201
f 200/413/198 306/414/290 150/415/150
f 150/415/150 149/416/149 200/413/198
f 201/417/199 147/177/147 148/178/148
f 148/178/148 307/418/291 201/417/199
f 204/419/151 133/420/133 134/421/134
f 134/421/134 308/422/292 204/419/151
f 212/423/203 309/424/293 132/162/132
f 132/162/132 131/161/131 212/423/203
f 215/425/133 310/426/294 152/182/152
f 152/182/152 151/181/151 215/425/133
f 15/427/15 9/428/9 311/429/295
f 311/429/295 312/430/296 15/427/15
f 15/427/15 312/430/296 313/431/297
f 313/431/297 17/432/17 15/427/15
f 17/432/17 313/431/297 314/433/298
f 314/433/298 23/434/23 17/432/17
f 23/434/23 314/433/298 315/435/299
f 315/435/299 24/436/24 23/434/23
f 24/436/24 315/435/299 316/437/300
f 316/437/300 28/438/28 24/436/24
f 28/438/28 316/437/300 317/439/301
f 317/439/301 32/440/32 28/438/28
f 32/440/32 317/439/301 318/441/302
f 318/441/302 36/442/36 32/440/32
f 36/442/36 318/441/302 319/443/303
f 319/443/303 40/444/40 36/442/36
f 40/444/40 319/443/303 320/445/304
f 320/445/304 44/446/44 40/444/40
f 170/200/170 169/199/169 176/206/176
f 176/206/176 180/210/180 170/200/170
f 180/210/180 176/206/176 190/220/190
f 190/220/190 197/229/197 180/210/180
f 321/447/305 13/448/13 22/449/22
f 22/449/22 322/450/306 321/447/305
f 322/450/306 22/449/22 21/451/21
f 21/451/21 323/452/307 322/450/306
f 323/452/307 21/451/21 29/453/29
f 29/453/29 324/454/308 323/452/307
f 324/454/308 29/453/29 31/455/31
f 31/455/31 325/456/309 324/454/308
f 325/456/309 31/455/31 39/457/39
f 39/457/39 326/458/310 325/456/309
f 326/458/310 39/457/39 38/459/38
f 38/459/38 327/460/311 326/458/310
f 327/460/311 38/459/38 47/461/47
f 47/461/47 328/462/312 327/460/311
f 328/462/312 47/461/47 46/463/46
f 46/463/46 329/464/313 328/462/312
f 330/465/314 159/466/159 158/467/158
f 331/468/315 330/465/314 158/467/158
f 331/468/315 332/469/316 330/465/314
f 333/470/317 332/469/316 334/471/318
f 335/472/319 333/470/317 334/471/318
f 335/472/319 336/473/320 333/470/317
f 335/472/319 334/471/318 337/474/321
f 337/474/321 338/475/322 335/472/319
f 339/476/323 336/473/320 340/477/324
f 195/478/195 339/476/323 340/477/324
f 195/478/195 154/479/154 339/476/323
f 341/480/325 154/479/154 153/481/153
f 341/480/325 153/481/153 342/482/326
f 341/480/325 342/482/326 343/483/327
f 344/484/328 345/485/329 346/486/330
f 346/486/330 347/487/331 344/484/328
f 347/487/331 346/486/330 348/488/332
f 348/488/332 349/489/333 347/487/331
f 349/489/333 348/488/332 350/490/334
f 350/490/334 351/491/335 349/489/333
f 351/491/335 350/490/334 352/492/336
f 352/492/336 353/493/337 351/491/335
f 353/493/337 352/492/336 354/494/338
f 354/494/338 355/495/339 353/493/337
f 356/496/340 357/497/341 358/498/342
f 356/496/340 358/498/342 359/499/343
f 358/498/342 343/483/327 359/499/343
f 356/496/340 359/499/343 360/500/344
f 360/500/344 361/501/345 356/496/340
f 362/502/346 357/497/341 363/503/347
f 362/502/346 363/503/347 218/504/206
f 362/502/346 218/504/206 159/466/159
f 329/464/313 46/463/46 55/505/55
f 55/505/55 364/506/348 329/464/313
f 364/506/348 55/505/55 54/507/54
f 54/507/54 365/508/349 364/506/348
f 365/508/349 54/507/54 60/509/60
f 60/509/60 366/510/350 365/508/349
f 366/510/350 60/509/60 56/511/56
f 56/511/56 367/512/351 366/510/350
f 368/513/352 367/512/351 56/511/56
f 56/511/56 52/514/52 368/513/352
f 368/513/352 52/514/52 48/515/48
f 48/515/48 369/516/353 368/513/352
f 369/516/353 48/515/48 44/446/44
f 44/446/44 320/445/304 369/516/353
f 370/517/354 371/518/355 372/519/356
f 372/519/356 160/520/160 370/517/354
f 370/517/354 160/520/160 217/521/205
f 217/521/205 216/522/204 370/517/354
f 373/523/357 374/524/358 375/525/359
f 375/525/359 376/526/360 373/523/357
f 373/523/357 376/526/360 377/527/361
f 377/527/361 378/528/362 373/523/357
f 379/529/363 380/530/364 381/531/365
f 381/531/365 382/532/366 379/529/363
f 379/529/363 382/532/366 383/533/367
f 383/533/367 384/534/368 379/529/363
f 385/535/369 386/536/370 387/537/371
f 387/537/371 155/538/155 385/535/369
f 385/535/369 155/538/155 194/539/194
f 194/539/194 193/540/193 385/535/369
f 388/541/372 389/542/373 390/543/374
f 390/543/374 391/544/375 388/541/372
f 388/541/372 391/544/375 392/545/376
f 392/545/376 393/546/377 388/541/372
f 394/547/378 395/548/379 396/549/380
f 396/549/380 397/550/381 394/547/378
f 394/547/378 397/550/381 398/551/382
f 398/551/382 399/552/383 394/547/378
f 400/553/384 14/554/14 13/448/13
f 13/448/13 321/447/305 400/553/384
f 311/429/295 9/428/9 7/555/7
f 7/555/7 401/556/385 311/429/295
f 401/556/385 7/555/7 4/557/4
f 4/557/4 402/558/386 401/556/385
f 402/558/386 4/557/4 3/559/3
f 3/559/3 403/560/387 402/558/386
f 403/560/387 3/559/3 2/561/2
f 2/561/2 404/562/388 403/560/387
f 404/562/388 2/561/2 14/554/14
f 14/554/14 400/553/384 404/562/388
f 405/563/389 406/564/390 218/504/206
f 218/504/206 363/503/347 405/563/389
f 158/467/158 407/565/391 408/566/392
f 408/566/392 331/468/315 158/467/158
f 340/477/324 409/567/393 410/568/394
f 410/568/394 195/478/195 340/477/324
f 411/569/395 412/570/396 342/482/326
f 342/482/326 153/481/153 411/569/395
f 344/571/328 362/572/346 159/573/159
f 159/573/159 345/574/329 344/571/328
f 346/575/330 345/576/329 159/577/159
f 159/577/159 330/578/314 346/575/330
f 344/571/328 347/579/331 357/580/341
f 357/580/341 362/572/346 344/571/328
f 346/575/330 330/578/314 332/581/316
f 332/581/316 348/582/332 346/575/330
f 405/563/389 281/357/269 406/564/390
f 407/565/391 230/292/218 408/566/392
f 349/583/333 358/584/342 357/585/341
f 357/585/341 347/586/331 349/583/333
f 350/587/334 348/588/332 332/589/316
f 332/589/316 333/590/317 350/587/334
f 199/591/118 198/405/129 303/406/289
f 303/406/289 413/592/119 199/591/118
f 214/593/128 213/389/125 298/392/126
f 298/392/126 414/594/397 214/593/128
f 199/591/118 413/592/119 306/414/290
f 306/414/290 200/413/198 199/591/118
f 202/595/122 415/596/123 299/394/285
f 299/394/285 203/393/121 202/595/122
f 349/583/333 351/597/335 343/598/327
f 343/598/327 358/584/342 349/583/333
f 350/587/334 333/590/317 336/599/320
f 336/599/320 352/600/336 350/587/334
f 353/601/337 341/602/325 343/603/327
f 343/603/327 351/604/335 353/601/337
f 221/275/209 219/271/207 416/605/398
f 416/605/398 219/271/207 220/273/208
f 354/606/338 352/607/336 336/608/320
f 336/608/320 339/609/323 354/606/338
f 202/595/122 201/417/199 307/418/291
f 307/418/291 415/596/123 202/595/122
f 211/610/202 210/385/139 297/388/140
f 297/388/140 417/611/399 211/610/202
f 409/567/393 222/277/210 410/568/394
f 411/569/395 289/371/277 412/570/396
f 205/612/136 418/613/137 300/398/286
f 300/398/286 206/397/200 205/612/136
f 214/593/128 414/594/397 310/426/294
f 310/426/294 215/425/133 214/593/128
f 353/601/337 355/614/339 154/615/154
f 154/615/154 341/602/325 353/601/337
f 419/616/400 295/382/283 296/384/284
f 229/290/217 228/288/216 420/617/401
f 354/606/338 339/609/323 154/618/154
f 154/618/154 355/619/339 354/606/338
f 294/380/282 295/382/283 419/616/400
f 420/617/401 228/288/216 227/286/215
f 360/500/344 293/378/281 361/501/345
f 360/500/344 292/376/280 293/378/281
f 292/376/280 360/500/344 421/620/402
f 293/378/281 294/380/282 361/501/345
f 419/616/400 361/501/345 294/380/282
f 227/286/215 337/474/321 420/617/401
f 337/474/321 227/286/215 226/284/214
f 337/474/321 226/284/214 338/475/322
f 226/284/214 225/282/213 338/475/322
f 422/621/403 338/475/322 225/282/213
f 205/612/136 204/419/151 308/422/292
f 308/422/292 418/613/137 205/612/136
f 208/622/144 207/409/201 305/412/150
f 305/412/150 423/623/145 208/622/144
f 225/282/213 224/280/212 422/621/403
f 421/620/402 291/374/279 292/376/280
f 208/622/144 423/623/145 304/408/146
f 304/408/146 209/407/143 208/622/144
f 211/610/202 417/611/399 309/424/293
f 309/424/293 212/423/203 211/610/202
f 281/357/269 221/275/209 406/564/390
f 407/565/391 220/273/208 230/292/218
f 290/372/278 291/374/279 421/620/402
f 422/621/403 224/280/212 223/278/211
f 405/563/389 296/384/284 281/357/269
f 230/292/218 229/290/217 408/566/392
f 231/293/219 234/300/222 424/624/404
f 424/624/404 234/300/222 235/302/223
f 416/605/398 406/564/390 221/275/209
f 220/273/208 407/565/391 416/605/398
f 296/384/284 405/563/389 419/616/400
f 420/617/401 408/566/392 229/290/217
f 289/371/277 290/372/278 412/570/396
f 409/567/393 223/278/211 222/277/210
f 222/277/210 231/293/219 410/568/394
f 411/569/395 235/302/223 289/371/277
f 223/278/211 409/567/393 422/621/403
f 421/620/402 412/570/396 290/372/278
f 424/624/404 410/568/394 231/293/219
f 235/302/223 411/569/395 424/624/404
f 363/625/347 357/626/341 376/627/360
f 376/627/360 375/628/359 363/625/347
f 363/625/347 375/628/359 374/629/358
f 374/629/358 405/630/389 363/625/347
f 405/630/389 374/629/358 373/631/357
f 373/631/357 419/632/400 405/630/389
f 361/633/345 419/632/400 373/631/357
f 373/631/357 378/634/362 361/633/345
f 356/635/340 361/633/345 378/634/362
f 378/634/362 377/636/361 356/635/340
f 356/635/340 377/636/361 376/637/360
f 376/637/360 357/638/341 356/635/340
f 334/639/318 332/640/316 397/641/381
f 397/641/381 396/642/380 334/639/318
f 334/639/318 396/642/380 395/643/379
f 395/643/379 337/644/321 334/639/318
f 337/644/321 395/643/379 394/645/378
f 394/645/378 420/646/401 337/644/321
f 408/647/392 420/646/401 394/645/378
f 394/645/378 399/648/383 408/647/392
f 331/649/315 408/647/392 399/648/383
f 399/648/383 398/650/382 331/649/315
f 331/649/315 398/650/382 397/651/381
f 397/651/381 332/652/316 331/649/315
f 160/190/160 372/653/356 158/188/158
f 158/188/158 372/653/356 371/654/355
f 371/654/355 407/655/391 158/188/158
f 407/655/391 371/654/355 370/656/354
f 370/656/354 416/657/398 407/655/391
f 406/658/390 416/657/398 370/656/354
f 370/656/354 216/266/204 406/658/390
f 218/268/206 406/658/390 216/266/204
f 359/659/343 343/660/327 382/661/366
f 382/661/366 381/662/365 359/659/343
f 359/659/343 381/662/365 380/663/364
f 380/663/364 360/664/344 359/659/343
f 360/664/344 380/663/364 379/665/363
f 379/665/363 421/666/402 360/664/344
f 412/667/396 421/666/402 379/665/363
f 379/665/363 384/668/368 412/667/396
f 342/669/326 412/667/396 384/668/368
f 384/668/368 383/670/367 342/669/326
f 342/669/326 383/670/367 382/671/366
f 382/671/366 343/672/327 342/669/326
f 340/673/324 336/674/320 391/675/375
f 391/675/375 390/676/374 340/673/324
f 340/673/324 390/676/374 389/677/373
f 389/677/373 409/678/393 340/673/324
f 409/678/393 389/677/373 388/679/372
f 388/679/372 422/680/403 409/678/393
f 338/681/322 422/680/403 388/679/372
f 388/679/372 393/682/377 338/681/322
f 335/683/319 338/681/322 393/682/377
f 393/682/377 392/684/376 335/683/319
f 335/683/319 392/684/376 391/685/375
f 391/685/375 336/686/320 335/683/319
f 155/185/155 387/687/371 153/183/153
f 153/183/153 387/687/371 386/688/370
f 386/688/370 411/689/395 153/183/153
f 411/689/395 386/688/370 385/690/369
f 385/690/369 424/691/404 411/689/395
f 410/692/394 424/691/404 385/690/369
f 385/690/369 193/223/193 410/692/394
f 195/225/195 410/692/394 193/223/193
f 90/120/90 301/693/287 425/694/405
f 425/694/405 89/119/89 90/120/90
f 91/121/91 426/695/406 302/696/288
f 302/696/288 92/122/92 91/121/91
f 173/203/173 165/195/165 260/697/248
f 271/698/259 166/196/166 174/204/174
f 260/697/248 427/699/407 173/203/173
f 174/204/174 428/700/408 271/698/259
f 280/701/268 156/702/156 161/703/161
f 162/192/162 157/187/157 249/704/237
f 161/703/161 429/705/409 280/701/268
f 249/704/237 430/706/410 162/192/162
f 262/707/250 182/708/182 186/709/186
f 185/215/185 181/211/181 269/710/257
f 186/709/186 431/711/411 262/707/250
f 269/710/257 432/712/412 185/215/185
f 251/713/239 164/714/164 172/715/172
f 171/201/171 163/193/163 233/716/221
f 172/715/172 433/717/413 251/713/239
f 233/716/221 434/718/414 171/201/171
f 253/719/241 187/720/187 191/721/191
f 192/722/192 188/723/188 278/724/266
f 191/721/191 435/725/415 253/719/241
f 278/724/266 436/726/416 192/722/192
f 183/213/183 177/207/177 288/727/276
f 232/728/220 178/729/178 184/730/184
f 288/727/276 437/731/417 183/213/183
f 184/730/184 438/732/418 232/728/220
f 264/733/252 262/707/250 431/711/411
f 431/711/411 439/734/419 264/733/252
f 266/735/254 264/733/252 439/734/419
f 439/734/419 440/736/420 266/735/254
f 266/735/254 440/736/420 441/737/421
f 441/737/421 267/738/255 266/735/254
f 267/738/255 441/737/421 432/712/412
f 432/712/412 269/710/257 267/738/255
f 258/739/246 442/740/422 427/699/407
f 427/699/407 260/697/248 258/739/246
f 428/700/408 443/741/423 273/742/261
f 273/742/261 271/698/259 428/700/408
f 257/743/245 444/744/424 442/740/422
f 442/740/422 258/739/246 257/743/245
f 443/741/423 445/745/425 275/746/263
f 275/746/263 273/742/261 443/741/423
f 257/743/245 255/747/243 446/748/426
f 446/748/426 444/744/424 257/743/245
f 447/749/427 276/750/264 275/746/263
f 275/746/263 445/745/425 447/749/427
f 436/726/416 278/724/266 276/750/264
f 276/750/264 447/749/427 436/726/416
f 255/747/243 253/719/241 435/725/415
f 435/725/415 446/748/426 255/747/243
f 283/751/271 280/701/268 429/705/409
f 429/705/409 448/752/428 283/751/271
f 246/753/234 449/754/429 430/706/410
f 430/706/410 249/704/237 246/753/234
f 285/755/273 283/751/271 448/752/428
f 448/752/428 450/756/430 285/755/273
f 244/757/232 451/758/431 449/754/429
f 449/754/429 246/753/234 244/757/232
f 285/755/273 450/756/430 452/759/432
f 452/759/432 286/760/274 285/755/273
f 244/757/232 240/761/228 453/762/433
f 453/762/433 451/758/431 244/757/232
f 286/760/274 452/759/432 437/731/417
f 437/731/417 288/727/276 286/760/274
f 240/761/228 232/728/220 438/732/418
f 438/732/418 453/762/433 240/761/228
f 245/763/233 251/713/239 433/717/413
f 433/717/413 454/764/434 245/763/233
f 239/765/227 455/766/435 434/718/414
f 434/718/414 233/716/221 239/765/227
f 243/767/231 245/763/233 454/764/434
f 454/764/434 456/768/436 243/767/231
f 243/767/231 456/768/436 455/766/435
f 455/766/435 239/765/227 243/767/231
f 426/695/406 425/694/405 301/693/287
f 301/693/287 302/696/288 426/695/406
f 368/769/352 457/770/437 458/771/438
f 458/771/438 367/772/351 368/769/352
f 366/773/350 367/772/351 458/771/438
f 366/773/350 458/771/438 459/774/439
f 459/774/439 365/775/349 366/773/350
f 319/776/303 460/777/440 461/778/441
f 461/778/441 320/779/304 319/776/303
f 369/780/353 320/779/304 461/778/441
f 369/780/353 462/781/442 463/782/443
f 463/782/443 368/783/352 369/780/353
f 365/784/349 459/785/439 464/786/444
f 464/786/444 364/787/348 365/784/349
f 329/788/313 364/787/348 464/786/444
f 329/788/313 465/789/445 466/790/446
f 466/790/446 328/791/312 329/788/313
f 328/792/312 466/793/446 467/794/447
f 467/794/447 327/795/311 328/792/312
f 326/796/310 327/795/311 467/794/447
f 326/796/310 468/797/448 469/798/449
f 469/798/449 325/799/309 326/796/310
f 317/800/301 316/801/300 470/802/450
f 470/802/450 471/803/451 317/800/301
f 318/804/302 317/800/301 471/803/451
f 318/804/302 472/805/452 460/806/440
f 460/806/440 319/807/303 318/804/302
f 325/808/309 469/809/449 473/810/453
f 473/810/453 324/811/308 325/808/309
f 323/812/307 324/811/308 473/810/453
f 323/812/307 474/813/454 475/814/455
f 475/814/455 322/815/306 323/812/307
f 313/816/297 476/817/456 477/818/457
f 477/818/457 314/819/298 313/816/297
f 315/820/299 314/819/298 477/818/457
f 315/820/299 478/821/458 470/822/450
f 470/822/450 316/823/300 315/820/299
f 322/824/306 475/825/455 479/826/459
f 479/826/459 321/827/305 322/824/306
f 400/828/384 321/827/305 479/826/459
f 400/828/384 480/829/460 481/830/461
f 481/830/461 404/831/388 400/828/384
f 311/832/295 401/833/385 482/834/462
f 482/834/462 483/835/463 311/832/295
f 312/836/296 311/832/295 483/835/463
f 313/837/297 312/836/296 483/835/463
f 484/838/464 313/837/297 483/835/463
f 404/839/388 481/840/461 485/841/465
f 485/841/465 403/842/387 404/839/388
f 402/843/386 403/842/387 485/841/465
f 401/844/385 402/843/386 485/841/465
f 486/845/466 401/844/385 485/841/465
f 487/846/467 488/847/468 489/848/469
f 489/848/469 490/849/470 487/846/467
f 491/850/471 492/851/472 493/852/473
f 493/852/473 494/853/474 491/850/471
f 495/854/475 488/847/468 496/855/476
f 495/854/475 489/848/469 488/847/468
f 496/855/476 497/856/477 495/854/475
f 496/855/476 498/857/478 497/856/477
f 498/857/478 496/855/476 499/858/479
f 500/859/480 498/857/478 499/858/479
f 499/858/479 492/851/472 500/859/480
f 491/850/471 500/859/480 492/851/472
f 493/852/473 501/860/481 494/853/474
f 501/860/481 493/852/473 502/861/482
f 503/862/483 501/860/481 502/861/482
f 502/861/482 8/863/8 6/864/484
f 502/861/482 504/865/485 503/862/483
f 6/864/484 504/865/485 502/861/482
f 505/866/486 504/865/485 506/867/487
f 504/865/485 6/864/484 11/868/488
f 505/866/486 503/862/483 504/865/485
f 42/869/489 507/870/490 508/871/491
f 509/872/492 510/873/493 507/870/490
f 507/870/490 42/869/489 50/874/494
f 507/870/490 511/875/495 509/872/492
f 512/876/496 509/872/492 511/875/495
f 50/874/494 511/875/495 507/870/490
f 511/875/495 50/874/494 58/877/497
f 510/873/493 508/871/491 507/870/490
f 508/871/491 510/873/493 513/878/498
f 508/871/491 513/878/498 514/879/499
f 514/879/499 515/880/500 508/871/491
f 514/879/499 516/881/501 515/880/500
f 517/882/502 515/880/500 516/881/501
f 516/881/501 518/883/503 517/882/502
f 519/884/504 515/880/500 517/882/502
f 520/885/505 517/882/502 506/867/487
f 517/882/502 520/885/505 519/884/504
f 518/883/503 506/867/487 517/882/502
f 506/867/487 518/883/503 521/886/506
f 506/867/487 521/886/506 505/866/486
f 58/877/497 522/887/507 511/875/495
f 512/876/496 511/875/495 522/887/507
f 522/887/507 523/888/508 512/876/496
f 522/887/507 490/849/470 523/888/508
f 522/887/507 58/877/497 59/889/509
f 490/849/470 522/887/507 487/846/467
f 59/889/509 487/846/467 522/887/507
f 487/846/467 59/889/509 51/890/51
f 524/891/510 525/892/511 526/893/512
f 527/894/513 528/895/514 529/896/515
f 528/895/514 530/897/516 529/896/515
f 528/895/514 531/898/517 530/897/516
f 531/898/517 532/899/518 530/897/516
f 531/898/517 528/895/514 533/900/519
f 528/895/514 534/901/520 533/900/519
f 535/902/521 524/891/510 526/893/512
f 535/902/521 526/893/512 536/903/522
f 535/902/521 537/904/523 538/905/524
f 535/902/521 538/905/524 539/906/525
f 540/907/526 541/908/527 542/909/528
f 540/907/526 543/910/529 544/911/530
f 545/912/531 546/913/532 543/910/529
f 547/914/533 548/915/534 549/916/535
f 548/915/534 550/917/536 546/913/532
f 547/914/533 549/916/535 551/918/537
f 547/914/533 552/919/538 553/920/539
f 552/919/538 547/914/533 551/918/537
f 552/919/538 554/921/540 553/920/539
f 547/914/533 553/920/539 550/917/536
f 552/919/538 551/918/537 555/922/541
f 556/923/542 552/919/538 555/922/541
f 552/919/538 556/923/542 554/921/540
f 556/923/542 557/924/543 554/921/540
f 558/925/544 559/926/545 560/927/546
f 558/925/544 560/927/546 561/928/547
f 558/925/544 562/929/548 563/930/549
f 558/925/544 563/930/549 564/931/550
f 565/932/551 566/933/552 567/934/553
f 565/932/551 568/935/554 569/936/555
f 570/937/556 571/938/557 572/939/558
f 571/938/557 573/940/559 532/899/518
f 571/938/557 531/898/517 574/941/560
f 531/898/517 571/938/557 532/899/518
f 531/898/517 533/900/519 574/941/560
f 571/938/557 574/941/560 572/939/558
f 524/891/510 527/894/513 525/892/511
f 527/894/513 529/896/515 525/892/511
f 528/895/514 527/894/513 534/901/520
f 524/891/510 535/902/521 539/906/525
f 524/891/510 539/906/525 575/942/561
f 527/894/513 524/891/510 575/942/561
f 527/894/513 575/942/561 534/901/520
f 537/904/523 535/902/521 536/903/522
f 537/904/523 536/903/522 541/908/527
f 537/904/523 544/911/530 538/905/524
f 537/904/523 540/907/526 544/911/530
f 545/912/531 540/907/526 542/909/528
f 548/915/534 545/912/531 576/943/562
f 545/912/531 548/915/534 546/913/532
f 548/915/534 547/914/533 550/917/536
f 556/923/542 577/944/563 557/924/543
f 577/944/563 578/945/564 579/946/565
f 577/944/563 559/926/545 580/947/566
f 577/944/563 580/947/566 557/924/543
f 559/926/545 564/931/550 580/947/566
f 559/926/545 558/925/544 564/931/550
f 562/929/548 558/925/544 561/928/547
f 562/929/548 561/928/547 566/933/552
f 562/929/548 569/936/555 563/930/549
f 562/929/548 565/932/551 569/936/555
f 581/948/567 565/932/551 567/934/553
f 570/937/556 581/948/567 582/949/568
f 581/948/567 570/937/556 583/950/569
f 571/938/557 570/937/556 573/940/559
f 581/948/567 583/950/569 568/935/554
f 570/937/556 572/939/558 583/950/569
f 556/923/542 555/922/541 578/945/564
f 577/944/563 556/923/542 578/945/564
f 559/926/545 577/944/563 579/946/565
f 559/926/545 579/946/565 560/927/546
f 540/907/526 537/904/523 541/908/527
f 540/907/526 545/912/531 543/910/529
f 545/912/531 542/909/528 576/943/562
f 548/915/534 576/943/562 549/916/535
f 565/932/551 562/929/548 566/933/552
f 565/932/551 581/948/567 568/935/554
f 581/948/567 567/934/553 582/949/568
f 570/937/556 582/949/568 573/940/559
f 51/890/51 488/847/468 487/846/467
f 488/847/468 51/890/51 43/951/43
f 43/951/43 496/855/476 488/847/468
f 496/855/476 43/951/43 35/952/570
f 35/952/570 499/858/479 496/855/476
f 499/858/479 35/952/570 27/953/571
f 27/953/571 492/851/472 499/858/479
f 492/851/472 27/953/571 584/954/572
f 584/954/572 493/852/473 492/851/472
f 493/852/473 584/954/572 8/863/8
f 508/871/491 34/955/34 42/869/489
f 34/955/34 508/871/491 515/880/500
f 515/880/500 519/884/504 34/955/34
f 506/867/487 11/868/488 520/885/505
f 11/868/488 506/867/487 504/865/485
f 8/863/8 502/861/482 493/852/473
f 585/956/573 586/957/574 587/958/575
f 588/959/576 589/960/577 590/961/578
f 589/962/577 588/963/576 591/964/579
f 586/965/574 585/966/573 592/967/580
f 587/958/575 590/961/578 585/956/573
f 590/961/578 587/958/575 588/959/576
f 593/968/581 594/969/582 595/970/583
f 591/964/579 595/970/583 589/962/577
f 595/970/583 591/964/579 593/968/581
f 596/971/584 597/972/585 598/973/586
f 598/973/586 592/967/580 596/971/584
f 592/967/580 598/973/586 586/965/574
f 594/974/582 593/975/581 599/976/587
f 597/977/585 596/978/584 600/979/588
f 601/980/589 602/981/590 603/982/591
f 599/976/587 603/982/591 594/974/582
f 603/982/591 599/976/587 601/980/589
f 604/983/592 605/984/593 606/985/594
f 602/986/590 601/987/589 607/988/595
f 606/985/594 600/979/588 604/983/592
f 600/979/588 606/985/594 597/977/585
f 608/989/596 609/990/597 610/991/598
f 607/988/595 610/991/598 602/986/590
f 610/991/598 607/988/595 608/989/596
f 605/992/593 604/993/592 611/994/599
f 609/995/597 608/996/596 612/997/600
f 611/994/599 613/998/601 605/992/593
f 613/998/601 611/994/599 614/999/602
f 614/999/602 615/1000/603 613/998/601
f 616/1001/604 617/1002/605 618/1003/606
f 618/1003/606 612/997/600 616/1001/604
f 612/997/600 618/1003/606 609/995/597
f 615/1004/603 614/1005/602 619/1006/607
f 617/1007/605 616/1008/604 620/1009/608
f 621/1010/609 622/1011/610 623/1012/611
f 623/1012/611 619/1006/607 621/1010/609
f 619/1006/607 623/1012/611 615/1004/603
f 624/1013/612 625/1014/613 626/1015/614
f 620/1009/608 626/1015/614 617/1007/605
f 626/1015/614 620/1009/608 624/1013/612
f 622/1016/610 621/1017/609 627/1018/615
f 625/1019/613 624/1020/612 628/1021/616
f 629/1022/617 630/1023/618 631/1024/619
f 631/1024/619 627/1018/615 629/1022/617
f 627/1018/615 631/1024/619 622/1016/610
f 632/1025/620 633/1026/621 634/1027/622
f 630/1028/618 629/1029/617 635/1030/623
f 628/1021/616 634/1027/622 625/1019/613
f 634/1027/622 628/1021/616 632/1025/620
f 633/1031/621 632/1032/620 636/1033/624
f 637/1034/625 638/1035/626 639/1036/627
f 640/1037/628 641/1038/629 642/1039/630
f 638/1040/626 637/1041/625 643/1042/631
f 641/1043/629 640/1044/628 644/1045/632
f 639/1036/627 635/1030/623 637/1034/625
f 635/1030/623 639/1036/627 630/1028/618
f 636/1033/624 642/1039/630 633/1031/621
f 642/1039/630 636/1033/624 640/1037/628
f 644/1045/632 643/1042/631 641/1043/629
f 643/1042/631 644/1045/632 638/1040/626
f 645/1046/633 646/1047/634 647/1048/635
f 647/1048/635 648/1049/636 645/1046/633
f 649/1050/637 650/1051/638 651/1052/639
f 651/1052/639 652/1053/640 649/1050/637
f 653/1054/641 654/1055/642 655/1056/643
f 655/1056/643 656/1057/644 653/1054/641
f 657/1058/645 658/1059/646 659/1060/647
f 659/1060/647 660/1061/648 657/1058/645
f 661/1062/649 662/1063/650 663/1064/651
f 663/1064/651 664/1065/652 661/1062/649
f 665/1066/653 666/1067/654 667/1068/655
f 667/1068/655 668/1069/656 665/1066/653
f 669/1070/657 670/1071/658 671/1072/659
f 671/1072/659 672/1073/660 669/1070/657
f 673/1074/661 645/1046/633 648/1049/636
f 648/1049/636 674/1075/662 673/1074/661
f 646/1047/634 675/1076/663 676/1077/664
f 676/1077/664 647/1048/635 646/1047/634
f 677/1078/665 650/1051/638 649/1050/637
f 652/1053/640 651/1052/639 678/1079/666
f 653/1054/641 656/1057/644 679/1080/667
f 680/1081/668 658/1059/646 657/1058/645
f 649/1050/637 681/1082/669 677/1078/665
f 678/1079/666 682/1083/670 652/1053/640
f 660/1061/648 659/1060/647 683/1084/671
f 684/1085/672 655/1056/643 654/1055/642
f 679/1080/667 685/1086/673 653/1054/641
f 657/1058/645 686/1087/674 680/1081/668
f 687/1088/675 662/1063/650 661/1062/649
f 667/1068/655 666/1067/654 688/1089/676
f 683/1084/671 689/1090/677 660/1061/648
f 654/1055/642 690/1091/678 684/1085/672
f 661/1062/649 691/1092/679 687/1088/675
f 664/1065/652 663/1064/651 692/1093/680
f 688/1089/676 693/1094/681 667/1068/655
f 694/1095/682 665/1066/653 668/1069/656
f 695/1096/683 671/1072/659 670/1071/658
f 669/1070/657 672/1073/660 696/1097/684
f 692/1093/680 697/1098/685 664/1065/652
f 668/1069/656 698/1099/686 694/1095/682
f 670/1071/658 699/1100/687 695/1096/683
f 696/1097/684 700/1101/688 669/1070/657
f 701/1102/689 702/1103/690 703/1104/691
f 703/1104/691 704/1105/692 701/1102/689
f 705/1106/693 706/1107/694 707/1108/397
f 707/1108/397 708/1109/695 705/1106/693
f 709/1110/696 710/1111/124 711/1112/697
f 711/1112/697 712/1113/698 709/1110/696
f 713/1114/699 714/1115/700 703/1104/691
f 703/1104/691 702/1103/690 713/1114/699
f 715/1116/701 716/1117/134 707/1108/397
f 707/1108/397 706/1107/694 715/1116/701
f 717/1118/702 712/1113/698 711/1112/697
f 711/1112/697 718/1119/132 717/1118/702
f 719/1120/703 720/1121/704 721/1122/399
f 721/1122/399 722/1123/140 719/1120/703
f 723/1124/705 724/1125/138 725/1126/137
f 725/1126/137 726/1127/706 723/1124/705
f 727/1128/707 728/1129/708 729/1130/709
f 729/1130/709 730/1131/710 727/1128/707
f 731/1132/711 726/1127/706 725/1126/137
f 725/1126/137 732/1133/152 731/1132/711
f 733/1134/712 734/1135/713 729/1130/709
f 729/1130/709 728/1129/708 733/1134/712
f 735/1136/714 736/1137/148 721/1122/399
f 721/1122/399 720/1121/704 735/1136/714
f 737/1138/715 738/1139/716 739/1140/717
f 740/1141/718 685/1086/673 679/1080/667
f 680/1081/668 686/1087/674 741/1142/719
f 742/1143/720 743/1144/721 744/1145/722
f 679/1080/667 745/1146/723 740/1141/718
f 741/1142/719 746/1147/724 680/1081/668
f 677/1078/665 681/1082/669 747/1148/725
f 748/1149/726 682/1083/670 678/1079/666
f 687/1088/675 691/1092/679 749/1150/727
f 750/1151/728 693/1094/681 688/1089/676
f 751/1152/729 752/1153/730 753/1154/731
f 753/1154/731 754/1155/732 751/1152/729
f 747/1148/725 755/1156/733 677/1078/665
f 678/1079/666 756/1157/734 748/1149/726
f 749/1150/727 757/1158/735 687/1088/675
f 688/1089/676 758/1159/736 750/1151/728
f 752/1153/730 759/1160/737 760/1161/738
f 760/1161/738 753/1154/731 752/1153/730
f 684/1085/672 690/1091/678 761/1162/739
f 762/1163/740 689/1090/677 683/1084/671
f 763/1164/741 751/1152/729 754/1155/732
f 754/1155/732 764/1165/742 763/1164/741
f 695/1096/683 699/1100/687 765/1166/743
f 766/1167/744 700/1101/688 696/1097/684
f 761/1162/739 767/1168/745 684/1085/672
f 683/1084/671 768/1169/746 762/1163/740
f 765/1166/743 769/1170/747 695/1096/683
f 696/1097/684 770/1171/748 766/1167/744
f 771/1172/749 697/1098/685 692/1093/680
f 694/1095/682 698/1099/686 772/1173/750
f 759/1160/737 773/1174/751 774/1175/752
f 774/1175/752 760/1161/738 759/1160/737
f 692/1093/680 775/1176/753 771/1172/749
f 772/1173/750 776/1177/754 694/1095/682
f 777/1178/755 778/1179/756 779/1180/757
f 779/1180/757 778/1179/756 739/1181/717
f 739/1181/717 738/1182/716 779/1180/757
f 780/1183/758 763/1164/741 764/1165/742
f 764/1165/742 781/1184/759 780/1183/758
f 728/1185/708 727/1186/707 782/1187/699
f 782/1187/699 783/1188/690 728/1185/708
f 728/1185/708 783/1188/690 784/1189/760
f 784/1189/760 733/1190/712 728/1185/708
f 726/1191/706 731/1192/711 785/1193/761
f 785/1193/761 786/1194/694 726/1191/706
f 726/1191/706 786/1194/694 787/1195/693
f 787/1195/693 723/1196/705 726/1191/706
f 712/1197/698 717/1198/702 788/1199/714
f 788/1199/714 789/1200/704 712/1197/698
f 712/1197/698 789/1200/704 790/1201/762
f 790/1201/762 709/1202/696 712/1197/698
f 702/1203/690 701/1204/689 791/1205/763
f 791/1205/763 792/1206/708 702/1203/690
f 702/1203/690 792/1206/708 793/1207/707
f 793/1207/707 713/1208/699 702/1203/690
f 706/1209/694 705/1210/693 794/1211/705
f 794/1211/705 795/1212/706 706/1209/694
f 706/1209/694 795/1212/706 796/1213/764
f 796/1213/764 715/1214/701 706/1209/694
f 720/1215/704 719/1216/703 797/1217/696
f 797/1217/696 798/1218/698 720/1215/704
f 720/1215/704 798/1218/698 799/1219/702
f 799/1219/702 735/1220/714 720/1215/704
f 773/1174/751 780/1183/758 781/1184/759
f 781/1184/759 774/1175/752 773/1174/751
f 800/1221/765 801/1222/766 802/1223/767
f 802/1223/767 801/1222/766 744/1224/722
f 744/1224/722 743/1225/721 802/1223/767
f 803/1226/768 669/1227/657 804/1228/769
f 803/1226/768 670/1229/658 669/1227/657
f 803/1226/768 805/1230/770 670/1229/658
f 689/1231/677 806/1232/771 807/1233/772
f 807/1233/772 660/1234/648 689/1231/677
f 660/1234/648 807/1233/772 808/1235/773
f 660/1234/648 808/1235/773 657/1236/645
f 808/1235/773 809/1237/774 657/1236/645
f 686/1238/674 657/1236/645 809/1237/774
f 809/1237/774 810/1239/775 686/1238/674
f 686/1238/674 810/1239/775 697/1240/685
f 697/1240/685 810/1239/775 811/1241/776
f 811/1241/776 664/1242/652 697/1240/685
f 664/1242/652 811/1241/776 812/1243/777
f 664/1242/652 812/1243/777 661/1244/649
f 812/1243/777 813/1245/778 661/1244/649
f 691/1246/679 661/1244/649 813/1245/778
f 813/1245/778 814/1247/779 691/1246/679
f 815/1248/780 806/1232/771 681/1249/669
f 681/1249/669 649/1250/637 815/1248/780
f 681/1249/669 806/1232/771 689/1231/677
f 681/1249/669 689/1231/677 762/1251/740
f 762/1251/740 747/1252/725 681/1249/669
f 747/1252/725 762/1251/740 816/1253/781
f 816/1253/781 817/1254/782 747/1252/725
f 818/1255/783 815/1248/780 649/1250/637
f 652/1256/640 818/1255/783 649/1250/637
f 652/1256/640 819/1257/784 818/1255/783
f 820/1258/785 817/1254/782 816/1253/781
f 820/1258/785 821/1259/786 817/1254/782
f 822/1260/787 820/1258/785 816/1253/781
f 821/1259/786 823/1261/788 817/1254/782
f 822/1260/787 816/1253/781 824/1262/789
f 823/1261/788 821/1259/786 825/1263/790
f 826/1264/791 822/1260/787 824/1262/789
f 825/1263/790 827/1265/792 823/1261/788
f 824/1262/789 828/1266/793 826/1264/791
f 829/1267/794 827/1265/792 825/1263/790
f 826/1264/791 828/1266/793 830/1268/795
f 825/1263/790 831/1269/796 829/1267/794
f 830/1268/795 832/1270/797 826/1264/791
f 832/1270/797 830/1268/795 833/1271/798
f 834/1272/799 832/1270/797 833/1271/798
f 831/1269/796 835/1273/800 829/1267/794
f 831/1269/796 836/1274/801 835/1273/800
f 834/1272/799 833/1271/798 837/1275/802
f 837/1275/802 833/1271/798 741/1276/719
f 838/1277/803 834/1272/799 837/1275/802
f 741/1276/719 771/1278/749 837/1275/802
f 838/1277/803 837/1275/802 839/1279/804
f 840/1280/805 838/1277/803 839/1279/804
f 839/1279/804 841/1281/806 840/1280/805
f 840/1280/805 841/1281/806 842/1282/807
f 842/1282/807 843/1283/808 840/1280/805
f 843/1283/808 842/1282/807 844/1284/809
f 771/1278/749 741/1276/719 686/1238/674
f 845/1285/810 843/1283/808 844/1284/809
f 686/1238/674 697/1240/685 771/1278/749
f 844/1284/809 846/1286/811 845/1285/810
f 846/1286/811 847/1287/812 845/1285/810
f 846/1286/811 844/1284/809 749/1288/727
f 846/1286/811 848/1289/813 847/1287/812
f 749/1288/727 766/1290/744 846/1286/811
f 849/1291/814 847/1287/812 848/1289/813
f 848/1289/813 850/1292/815 849/1291/814
f 849/1291/814 850/1292/815 851/1293/816
f 851/1293/816 852/1294/817 849/1291/814
f 852/1294/817 851/1293/816 853/1295/818
f 766/1290/744 749/1288/727 691/1246/679
f 854/1296/819 852/1294/817 853/1295/818
f 691/1246/679 700/1297/688 766/1290/744
f 854/1296/819 853/1295/818 855/1298/820
f 691/1246/679 814/1247/779 700/1297/688
f 700/1297/688 814/1247/779 804/1228/769
f 804/1228/769 669/1227/657 700/1297/688
f 855/1298/820 853/1295/818 765/1299/743
f 855/1298/820 856/1300/821 854/1296/819
f 765/1299/743 750/1301/728 855/1298/820
f 855/1298/820 857/1302/822 856/1300/821
f 858/1303/823 856/1300/821 857/1302/822
f 857/1302/822 859/1304/824 858/1303/823
f 858/1303/823 859/1304/824 860/1305/825
f 860/1305/825 861/1306/826 858/1303/823
f 861/1306/826 860/1305/825 862/1307/827
f 750/1301/728 765/1299/743 699/1308/687
f 863/1309/828 861/1306/826 862/1307/827
f 699/1308/687 693/1310/681 750/1301/728
f 863/1309/828 862/1307/827 864/1311/829
f 699/1308/687 865/1312/830 693/1310/681
f 805/1230/770 865/1312/830 699/1308/687
f 699/1308/687 670/1229/658 805/1230/770
f 864/1311/829 862/1307/827 772/1313/750
f 866/1314/831 863/1309/828 864/1311/829
f 772/1313/750 740/1315/718 864/1311/829
f 866/1314/831 864/1311/829 867/1316/832
f 868/1317/833 866/1314/831 867/1316/832
f 867/1316/832 869/1318/834 868/1317/833
f 868/1317/833 869/1318/834 870/1319/835
f 870/1319/835 871/1320/836 868/1317/833
f 871/1320/836 870/1319/835 872/1321/837
f 836/1274/801 871/1320/836 872/1321/837
f 836/1274/801 872/1321/837 835/1273/800
f 835/1273/800 872/1321/837 761/1322/739
f 761/1322/739 748/1323/726 835/1273/800
f 748/1323/726 761/1322/739 690/1324/678
f 690/1324/678 682/1325/670 748/1323/726
f 690/1324/678 873/1326/838 682/1325/670
f 682/1325/670 873/1326/838 819/1257/784
f 819/1257/784 652/1256/640 682/1325/670
f 874/1327/839 873/1326/838 690/1324/678
f 690/1324/678 654/1328/642 874/1327/839
f 875/1329/840 874/1327/839 654/1328/642
f 875/1329/840 654/1328/642 653/1330/641
f 875/1329/840 653/1330/641 876/1331/841
f 876/1331/841 653/1330/641 685/1332/673
f 685/1332/673 877/1333/842 876/1331/841
f 698/1334/686 877/1333/842 685/1332/673
f 698/1334/686 685/1332/673 740/1315/718
f 740/1315/718 772/1313/750 698/1334/686
f 878/1335/843 877/1333/842 698/1334/686
f 698/1334/686 668/1336/656 878/1335/843
f 879/1337/844 878/1335/843 668/1336/656
f 879/1337/844 668/1336/656 667/1338/655
f 879/1337/844 667/1338/655 880/1339/845
f 880/1339/845 667/1338/655 693/1310/681
f 693/1310/681 865/1312/830 880/1339/845
f 794/1340/705 705/1341/693 708/1342/695
f 708/1342/695 881/1343/138 794/1340/705
f 797/1344/696 719/1345/703 722/1346/140
f 722/1346/140 882/1347/285 797/1344/696
f 787/1348/693 883/1349/126 724/1350/138
f 724/1350/138 723/1351/705 787/1348/693
f 790/1352/762 884/1353/846 710/1111/124
f 710/1111/124 709/1110/696 790/1352/762
f 648/1354/636 647/1355/635 676/1356/664
f 648/1354/636 676/1356/664 674/1357/662
f 676/1356/664 885/1358/847 674/1357/662
f 676/1356/664 886/1359/848 885/1358/847
f 782/1360/699 727/1128/707 730/1131/710
f 730/1131/710 887/1361/849 782/1360/699
f 793/1362/707 888/1363/710 714/1115/700
f 714/1115/700 713/1114/699 793/1362/707
f 791/1364/763 701/1365/689 704/1366/692
f 704/1366/692 889/1367/850 791/1364/763
f 784/1368/760 890/1369/851 734/1370/713
f 734/1370/713 733/1371/712 784/1368/760
f 785/1372/761 731/1132/711 732/1133/152
f 732/1133/152 891/1373/294 785/1372/761
f 788/1374/714 717/1375/702 718/1376/132
f 718/1376/132 892/1377/293 788/1374/714
f 796/1378/764 893/1379/292 716/1117/134
f 716/1117/134 715/1116/701 796/1378/764
f 799/1380/702 894/1381/291 736/1137/148
f 736/1137/148 735/1136/714 799/1380/702
f 599/1382/587 593/1383/581 480/1384/460
f 480/1384/460 479/1385/459 599/1382/587
f 599/1382/587 479/1385/459 475/1386/455
f 475/1386/455 601/1387/589 599/1382/587
f 601/1387/589 475/1386/455 474/1388/454
f 474/1388/454 607/1389/595 601/1387/589
f 607/1389/595 474/1388/454 473/1390/453
f 473/1390/453 608/1391/596 607/1389/595
f 608/1391/596 473/1390/453 469/1392/449
f 469/1392/449 612/1393/600 608/1391/596
f 612/1393/600 469/1392/449 468/1394/448
f 468/1394/448 616/1395/604 612/1393/600
f 616/1395/604 468/1394/448 467/1396/447
f 467/1396/447 620/1397/608 616/1395/604
f 620/1397/608 467/1396/447 466/1398/446
f 466/1398/446 624/1399/612 620/1397/608
f 624/1399/612 466/1398/446 465/1400/445
f 465/1400/445 628/1401/616 624/1399/612
f 754/1155/732 753/1154/731 760/1161/738
f 760/1161/738 764/1165/742 754/1155/732
f 764/1165/742 760/1161/738 774/1175/752
f 774/1175/752 781/1184/759 764/1165/742
f 484/1402/464 597/1403/585 606/1404/594
f 606/1404/594 476/1405/456 484/1402/464
f 476/1405/456 606/1404/594 605/1406/593
f 605/1406/593 477/1407/457 476/1405/456
f 477/1407/457 605/1406/593 613/1408/601
f 613/1408/601 478/1409/458 477/1407/457
f 478/1409/458 613/1408/601 615/1410/603
f 615/1410/603 470/1411/450 478/1409/458
f 470/1411/450 615/1410/603 623/1412/611
f 623/1412/611 471/1413/451 470/1411/450
f 471/1413/451 623/1412/611 622/1414/610
f 622/1414/610 472/1415/452 471/1413/451
f 472/1415/452 622/1414/610 631/1416/619
f 631/1416/619 460/1417/440 472/1415/452
f 460/1417/440 631/1416/619 630/1418/618
f 630/1418/618 461/1419/441 460/1417/440
f 895/1420/852 743/1421/721 742/1422/720
f 896/1423/853 895/1420/852 742/1422/720
f 896/1423/853 897/1424/854 895/1420/852
f 898/1425/855 897/1424/854 899/1426/856
f 900/1427/857 898/1425/855 899/1426/856
f 900/1427/857 901/1428/858 898/1425/855
f 900/1427/857 899/1426/856 902/1429/859
f 902/1429/859 903/1430/860 900/1427/857
f 904/1431/861 901/1428/858 905/1432/862
f 779/1433/757 904/1431/861 905/1432/862
f 779/1433/757 738/1434/716 904/1431/861
f 906/1435/863 738/1434/716 737/1436/715
f 906/1435/863 737/1436/715 907/1437/864
f 906/1435/863 907/1437/864 908/1438/865
f 909/1439/866 910/1440/867 911/1441/868
f 911/1441/868 912/1442/869 909/1439/866
f 912/1442/869 911/1441/868 913/1443/870
f 913/1443/870 914/1444/871 912/1442/869
f 914/1444/871 913/1443/870 915/1445/872
f 915/1445/872 916/1446/873 914/1444/871
f 916/1446/873 915/1445/872 917/1447/874
f 917/1447/874 918/1448/875 916/1446/873
f 918/1448/875 917/1447/874 919/1449/876
f 919/1449/876 920/1450/877 918/1448/875
f 921/1451/878 922/1452/879 923/1453/880
f 921/1451/878 923/1453/880 924/1454/881
f 923/1453/880 908/1438/865 924/1454/881
f 921/1451/878 924/1454/881 925/1455/882
f 925/1455/882 926/1456/883 921/1451/878
f 927/1457/884 922/1452/879 928/1458/885
f 927/1457/884 928/1458/885 802/1459/767
f 927/1457/884 802/1459/767 743/1421/721
f 461/1419/441 630/1418/618 639/1460/627
f 639/1460/627 462/1461/442 461/1419/441
f 462/1461/442 639/1460/627 638/1462/626
f 638/1462/626 463/1463/443 462/1461/442
f 463/1463/443 638/1462/626 644/1464/632
f 644/1464/632 457/1465/437 463/1463/443
f 457/1465/437 644/1464/632 640/1466/628
f 640/1466/628 458/1467/438 457/1465/437
f 459/1468/439 458/1467/438 640/1466/628
f 640/1466/628 636/1469/624 459/1468/439
f 459/1468/439 636/1469/624 632/1470/620
f 632/1470/620 464/1471/444 459/1468/439
f 464/1471/444 632/1470/620 628/1401/616
f 628/1401/616 465/1400/445 464/1471/444
f 929/1472/886 930/1473/887 931/1474/888
f 931/1474/888 744/1475/722 929/1472/886
f 929/1472/886 744/1475/722 801/1476/766
f 801/1476/766 800/1477/765 929/1472/886
f 932/1478/889 933/1479/890 934/1480/891
f 934/1480/891 935/1481/892 932/1478/889
f 932/1478/889 935/1481/892 936/1482/893
f 936/1482/893 937/1483/894 932/1478/889
f 938/1484/895 939/1485/896 940/1486/897
f 940/1486/897 941/1487/898 938/1484/895
f 938/1484/895 941/1487/898 942/1488/899
f 942/1488/899 943/1489/900 938/1484/895
f 944/1490/901 945/1491/902 946/1492/903
f 946/1492/903 739/1493/717 944/1490/901
f 944/1490/901 739/1493/717 778/1494/756
f 778/1494/756 777/1495/755 944/1490/901
f 947/1496/904 948/1497/905 949/1498/906
f 949/1498/906 950/1499/907 947/1496/904
f 947/1496/904 950/1499/907 951/1500/908
f 951/1500/908 952/1501/909 947/1496/904
f 953/1502/910 954/1503/911 955/1504/912
f 955/1504/912 956/1505/913 953/1502/910
f 953/1502/910 956/1505/913 957/1506/914
f 957/1506/914 958/1507/915 953/1502/910
f 483/1508/463 598/1509/586 597/1403/585
f 597/1403/585 484/1402/464 483/1508/463
f 480/1384/460 593/1383/581 591/1510/579
f 591/1510/579 481/1511/461 480/1384/460
f 481/1511/461 591/1510/579 588/1512/576
f 588/1512/576 485/1513/465 481/1511/461
f 485/1513/465 588/1512/576 587/1514/575
f 587/1514/575 486/1515/466 485/1513/465
f 486/1515/466 587/1514/575 586/1516/574
f 586/1516/574 482/1517/462 486/1515/466
f 482/1517/462 586/1516/574 598/1509/586
f 598/1509/586 483/1508/463 482/1517/462
f 959/1518/916 960/1519/917 802/1459/767
f 802/1459/767 928/1458/885 959/1518/916
f 742/1422/720 961/1520/918 962/1521/919
f 962/1521/919 896/1423/853 742/1422/720
f 905/1432/862 963/1522/920 964/1523/921
f 964/1523/921 779/1433/757 905/1432/862
f 965/1524/922 966/1525/923 907/1437/864
f 907/1437/864 737/1436/715 965/1524/922
f 909/1526/866 927/1527/884 743/1528/721
f 743/1528/721 910/1529/867 909/1526/866
f 911/1530/868 910/1531/867 743/1532/721
f 743/1532/721 895/1533/852 911/1530/868
f 909/1526/866 912/1534/869 922/1535/879
f 922/1535/879 927/1527/884 909/1526/866
f 911/1530/868 895/1533/852 897/1536/854
f 897/1536/854 913/1537/870 911/1530/868
f 959/1518/916 865/1312/830 960/1519/917
f 961/1520/918 814/1247/779 962/1521/919
f 914/1538/871 923/1539/880 922/1540/879
f 922/1540/879 912/1541/869 914/1538/871
f 915/1542/872 913/1543/870 897/1544/854
f 897/1544/854 898/1545/855 915/1542/872
f 783/1546/690 782/1360/699 887/1361/849
f 887/1361/849 967/1547/691 783/1546/690
f 798/1548/698 797/1344/696 882/1347/285
f 882/1347/285 968/1549/123 798/1548/698
f 783/1546/690 967/1547/691 890/1369/851
f 890/1369/851 784/1368/760 783/1546/690
f 786/1550/694 969/1551/397 883/1349/126
f 883/1349/126 787/1348/693 786/1550/694
f 914/1538/871 916/1552/873 908/1553/865
f 908/1553/865 923/1539/880 914/1538/871
f 915/1542/872 898/1545/855 901/1554/858
f 901/1554/858 917/1555/874 915/1542/872
f 918/1556/875 906/1557/863 908/1558/865
f 908/1558/865 916/1559/873 918/1556/875
f 805/1230/770 803/1226/768 970/1560/924
f 970/1560/924 803/1226/768 804/1228/769
f 919/1561/876 917/1562/874 901/1563/858
f 901/1563/858 904/1564/861 919/1561/876
f 786/1550/694 785/1372/761 891/1373/294
f 891/1373/294 969/1551/397 786/1550/694
f 795/1565/706 794/1340/705 881/1343/138
f 881/1343/138 971/1566/137 795/1565/706
f 963/1522/920 806/1232/771 964/1523/921
f 965/1524/922 873/1326/838 966/1525/923
f 789/1567/704 972/1568/399 884/1353/846
f 884/1353/846 790/1352/762 789/1567/704
f 798/1548/698 968/1549/123 894/1381/291
f 894/1381/291 799/1380/702 798/1548/698
f 918/1556/875 920/1569/877 738/1570/716
f 738/1570/716 906/1557/863 918/1556/875
f 973/1571/925 879/1337/844 880/1339/845
f 813/1245/778 812/1243/777 974/1572/926
f 919/1561/876 904/1564/861 738/1573/716
f 738/1573/716 920/1574/877 919/1561/876
f 878/1335/843 879/1337/844 973/1571/925
f 974/1572/926 812/1243/777 811/1241/776
f 925/1455/882 877/1333/842 926/1456/883
f 925/1455/882 876/1331/841 877/1333/842
f 876/1331/841 925/1455/882 975/1575/927
f 877/1333/842 878/1335/843 926/1456/883
f 973/1571/925 926/1456/883 878/1335/843
f 811/1241/776 902/1429/859 974/1572/926
f 902/1429/859 811/1241/776 810/1239/775
f 902/1429/859 810/1239/775 903/1430/860
f 810/1239/775 809/1237/774 903/1430/860
f 976/1576/928 903/1430/860 809/1237/774
f 789/1567/704 788/1374/714 892/1377/293
f 892/1377/293 972/1568/399 789/1567/704
f 792/1577/708 791/1364/763 889/1367/850
f 889/1367/850 977/1578/709 792/1577/708
f 809/1237/774 808/1235/773 976/1576/928
f 975/1575/927 875/1329/840 876/1331/841
f 792/1577/708 977/1578/709 888/1363/710
f 888/1363/710 793/1362/707 792/1577/708
f 795/1565/706 971/1566/137 893/1379/292
f 893/1379/292 796/1378/764 795/1565/706
f 865/1312/830 805/1230/770 960/1519/917
f 961/1520/918 804/1228/769 814/1247/779
f 874/1327/839 875/1329/840 975/1575/927
f 976/1576/928 808/1235/773 807/1233/772
f 959/1518/916 880/1339/845 865/1312/830
f 814/1247/779 813/1245/778 962/1521/919
f 815/1248/780 818/1255/783 978/1579/929
f 978/1579/929 818/1255/783 819/1257/784
f 970/1560/924 960/1519/917 805/1230/770
f 804/1228/769 961/1520/918 970/1560/924
f 880/1339/845 959/1518/916 973/1571/925
f 974/1572/926 962/1521/919 813/1245/778
f 873/1326/838 874/1327/839 966/1525/923
f 963/1522/920 807/1233/772 806/1232/771
f 806/1232/771 815/1248/780 964/1523/921
f 965/1524/922 819/1257/784 873/1326/838
f 807/1233/772 963/1522/920 976/1576/928
f 975/1575/927 966/1525/923 874/1327/839
f 978/1579/929 964/1523/921 815/1248/780
f 819/1257/784 965/1524/922 978/1579/929
f 928/1580/885 922/1581/879 935/1582/892
f 935/1582/892 934/1583/891 928/1580/885
f 928/1580/885 934/1583/891 933/1584/890
f 933/1584/890 959/1585/916 928/1580/885
f 959/1585/916 933/1584/890 932/1586/889
f 932/1586/889 973/1587/925 959/1585/916
f 926/1588/883 973/1587/925 932/1586/889
f 932/1586/889 937/1589/894 926/1588/883
f 921/1590/878 926/1588/883 937/1589/894
f 937/1589/894 936/1591/893 921/1590/878
f 921/1590/878 936/1591/893 935/1592/892
f 935/1592/892 922/1593/879 921/1590/878
f 899/1594/856 897/1595/854 956/1596/913
f 956/1596/913 955/1597/912 899/1594/856
f 899/1594/856 955/1597/912 954/1598/911
f 954/1598/911 902/1599/859 899/1594/856
f 902/1599/859 954/1598/911 953/1600/910
f 953/1600/910 974/1601/926 902/1599/859
f 962/1602/919 974/1601/926 953/1600/910
f 953/1600/910 958/1603/915 962/1602/919
f 896/1604/853 962/1602/919 958/1603/915
f 958/1603/915 957/1605/914 896/1604/853
f 896/1604/853 957/1605/914 956/1606/913
f 956/1606/913 897/1607/854 896/1604/853
f 744/1145/722 931/1608/888 742/1143/720
f 742/1143/720 931/1608/888 930/1609/887
f 930/1609/887 961/1610/918 742/1143/720
f 961/1610/918 930/1609/887 929/1611/886
f 929/1611/886 970/1612/924 961/1610/918
f 960/1613/917 970/1612/924 929/1611/886
f 929/1611/886 800/1221/765 960/1613/917
f 802/1223/767 960/1613/917 800/1221/765
f 924/1614/881 908/1615/865 941/1616/898
f 941/1616/898 940/1617/897 924/1614/881
f 924/1614/881 940/1617/897 939/1618/896
f 939/1618/896 925/1619/882 924/1614/881
f 925/1619/882 939/1618/896 938/1620/895
f 938/1620/895 975/1621/927 925/1619/882
f 966/1622/923 975/1621/927 938/1620/895
f 938/1620/895 943/1623/900 966/1622/923
f 907/1624/864 966/1622/923 943/1623/900
f 943/1623/900 942/1625/899 907/1624/864
f 907/1624/864 942/1625/899 941/1626/898
f 941/1626/898 908/1627/865 907/1624/864
f 905/1628/862 901/1629/858 950/1630/907
f 950/1630/907 949/1631/906 905/1628/862
f 905/1628/862 949/1631/906 948/1632/905
f 948/1632/905 963/1633/920 905/1628/862
f 963/1633/920 948/1632/905 947/1634/904
f 947/1634/904 976/1635/928 963/1633/920
f 903/1636/860 976/1635/928 947/1634/904
f 947/1634/904 952/1637/909 903/1636/860
f 900/1638/857 903/1636/860 952/1637/909
f 952/1637/909 951/1639/908 900/1638/857
f 900/1638/857 951/1639/908 950/1640/907
f 950/1640/907 901/1641/858 900/1638/857
f 739/1140/717 946/1642/903 737/1138/715
f 737/1138/715 946/1642/903 945/1643/902
f 945/1643/902 965/1644/922 737/1138/715
f 965/1644/922 945/1643/902 944/1645/901
f 944/1645/901 978/1646/929 965/1644/922
f 964/1647/921 978/1646/929 944/1645/901
f 944/1645/901 777/1178/755 964/1647/921
f 779/1180/757 964/1647/921 777/1178/755
f 674/1075/662 885/1648/847 979/1649/930
f 979/1649/930 673/1074/661 674/1075/662
f 675/1076/663 980/1650/931 886/1651/848
f 886/1651/848 676/1077/664 675/1076/663
f 757/1158/735 749/1150/727 844/1652/809
f 855/1653/820 750/1151/728 758/1159/736
f 844/1652/809 981/1654/932 757/1158/735
f 758/1159/736 982/1655/933 855/1653/820
f 864/1656/829 740/1657/718 745/1658/723
f 746/1147/724 741/1142/719 833/1659/798
f 745/1658/723 983/1660/934 864/1656/829
f 833/1659/798 984/1661/935 746/1147/724
f 846/1662/811 766/1663/744 770/1664/748
f 769/1170/747 765/1166/743 853/1665/818
f 770/1664/748 985/1666/936 846/1662/811
f 853/1665/818 986/1667/937 769/1170/747
f 835/1668/800 748/1669/726 756/1670/734
f 755/1156/733 747/1148/725 817/1671/782
f 756/1670/734 987/1672/938 835/1668/800
f 817/1671/782 988/1673/939 755/1156/733
f 837/1674/802 771/1675/749 775/1676/753
f 776/1677/754 772/1678/750 862/1679/827
f 775/1676/753 989/1680/940 837/1674/802
f 862/1679/827 990/1681/941 776/1677/754
f 767/1168/745 761/1162/739 872/1682/837
f 816/1683/781 762/1684/740 768/1685/746
f 872/1682/837 991/1686/942 767/1168/745
f 768/1685/746 992/1687/943 816/1683/781
f 848/1688/813 846/1662/811 985/1666/936
f 985/1666/936 993/1689/944 848/1688/813
f 850/1690/815 848/1688/813 993/1689/944
f 993/1689/944 994/1691/945 850/1690/815
f 850/1690/815 994/1691/945 995/1692/946
f 995/1692/946 851/1693/816 850/1690/815
f 851/1693/816 995/1692/946 986/1667/937
f 986/1667/937 853/1665/818 851/1693/816
f 842/1694/807 996/1695/947 981/1654/932
f 981/1654/932 844/1652/809 842/1694/807
f 982/1655/933 997/1696/948 857/1697/822
f 857/1697/822 855/1653/820 982/1655/933
f 841/1698/806 998/1699/949 996/1695/947
f 996/1695/947 842/1694/807 841/1698/806
f 997/1696/948 999/1700/950 859/1701/824
f 859/1701/824 857/1697/822 997/1696/948
f 841/1698/806 839/1702/804 1000/1703/951
f 1000/1703/951 998/1699/949 841/1698/806
f 1001/1704/952 860/1705/825 859/1701/824
f 859/1701/824 999/1700/950 1001/1704/952
f 990/1681/941 862/1679/827 860/1705/825
f 860/1705/825 1001/1704/952 990/1681/941
f 839/1702/804 837/1674/802 989/1680/940
f 989/1680/940 1000/1703/951 839/1702/804
f 867/1706/832 864/1656/829 983/1660/934
f 983/1660/934 1002/1707/953 867/1706/832
f 830/1708/795 1003/1709/954 984/1661/935
f 984/1661/935 833/1659/798 830/1708/795
f 869/1710/834 867/1706/832 1002/1707/953
f 1002/1707/953 1004/1711/955 869/1710/834
f 828/1712/793 1005/1713/956 1003/1709/954
f 1003/1709/954 830/1708/795 828/1712/793
f 869/1710/834 1004/1711/955 1006/1714/957
f 1006/1714/957 870/1715/835 869/1710/834
f 828/1712/793 824/1716/789 1007/1717/958
f 1007/1717/958 1005/1713/956 828/1712/793
f 870/1715/835 1006/1714/957 991/1686/942
f 991/1686/942 872/1682/837 870/1715/835
f 824/1716/789 816/1683/781 992/1687/943
f 992/1687/943 1007/1717/958 824/1716/789
f 829/1718/794 835/1668/800 987/1672/938
f 987/1672/938 1008/1719/959 829/1718/794
f 823/1720/788 1009/1721/960 988/1673/939
f 988/1673/939 817/1671/782 823/1720/788
f 827/1722/792 829/1718/794 1008/1719/959
f 1008/1719/959 1010/1723/961 827/1722/792
f 827/1722/792 1010/1723/961 1009/1721/960
f 1009/1721/960 823/1720/788 827/1722/792
f 980/1650/931 979/1649/930 885/1648/847
f 885/1648/847 886/1651/848 980/1650/931
f 368/769/352 463/1724/443 457/770/437
f 369/780/353 461/778/441 462/781/442
f 329/788/313 464/786/444 465/789/445
f 326/796/310 467/794/447 468/797/448
f 318/804/302 471/803/451 472/805/452
f 323/812/307 473/810/453 474/813/454
f 315/820/299 477/818/457 478/821/458
f 400/828/384 479/826/459 480/829/460
f 484/838/464 476/1725/456 313/837/297
f 486/845/466 482/1726/462 401/844/385
usemtl Obj81Mtl.001
f 1011/1727/962 500/1728/480 1012/1729/963
f 1012/1729/963 500/1728/480 1013/1730/964
f 566/1731/552 1012/1729/963 1013/1730/964
f 1012/1729/963 566/1731/552 561/1732/547
f 561/1732/547 1011/1733/962 1012/1729/963
f 567/1734/553 566/1731/552 1013/1730/964
f 1013/1730/964 1014/1735/965 567/1734/553
f 489/1736/469 1015/1737/966 490/1738/470
f 1015/1737/966 489/1736/469 1016/1739/967
f 1016/1739/967 489/1736/469 1017/1740/968
f 578/1741/564 1016/1739/967 1017/1740/968
f 1016/1739/967 578/1741/564 555/1742/541
f 555/1742/541 1015/1743/966 1016/1739/967
f 579/1744/565 578/1741/564 1017/1740/968
f 1017/1740/968 1018/1745/969 579/1744/565
f 1019/1746/970 509/1747/492 1020/1748/971
f 1020/1748/971 509/1747/492 1021/1749/972
f 576/1750/562 1020/1748/971 1021/1749/972
f 1020/1748/971 576/1750/562 542/1751/528
f 542/1751/528 1019/1752/970 1020/1748/971
f 1022/1753/973 549/1754/535 576/1750/562
f 576/1750/562 1021/1749/972 1022/1753/973
f 1021/1749/972 512/1755/496 1022/1756/973
f 1018/1757/969 497/1758/477 1023/1759/974
f 1023/1759/974 497/1758/477 1024/1760/975
f 560/1761/546 1023/1759/974 1024/1760/975
f 1023/1759/974 560/1761/546 579/1762/565
f 579/1762/565 1018/1763/969 1023/1759/974
f 561/1764/547 560/1761/546 1024/1760/975
f 1024/1760/975 1011/1765/962 561/1764/547
f 498/1766/478 1024/1760/975 497/1758/477
f 1014/1767/965 494/1768/474 1025/1769/976
f 1025/1769/976 494/1768/474 1026/1770/977
f 582/1771/568 1025/1769/976 1026/1770/977
f 1025/1769/976 582/1771/568 567/1772/553
f 567/1772/553 1014/1773/965 1025/1769/976
f 573/1774/559 582/1771/568 1026/1770/977
f 1026/1770/977 1027/1775/978 573/1774/559
f 501/1776/481 1026/1770/977 494/1768/474
f 1028/1777/979 513/1778/498 1029/1779/980
f 1029/1779/980 513/1778/498 1030/1780/981
f 541/1781/527 1029/1779/980 1030/1780/981
f 1029/1779/980 541/1781/527 536/1782/522
f 536/1782/522 1028/1783/979 1029/1779/980
f 542/1784/528 541/1781/527 1030/1780/981
f 1030/1780/981 1019/1785/970 542/1784/528
f 510/1786/493 1030/1780/981 513/1778/498
f 1027/1787/978 503/1788/483 1031/1789/982
f 1031/1789/982 503/1788/483 1032/1790/983
f 532/1791/518 1031/1789/982 1032/1790/983
f 1031/1789/982 532/1791/518 573/1792/559
f 573/1792/559 1027/1793/978 1031/1789/982
f 530/1794/516 532/1791/518 1032/1790/983
f 1032/1790/983 1033/1795/984 530/1794/516
f 505/1796/486 1032/1790/983 503/1788/483
f 1033/1797/984 521/1798/506 1034/1799/985
f 1034/1799/985 521/1798/506 1035/1800/986
f 529/1801/515 1034/1799/985 1035/1800/986
f 1034/1799/985 529/1801/515 530/1802/516
f 530/1802/516 1033/1803/984 1034/1799/985
f 525/1804/511 529/1801/515 1035/1800/986
f 1035/1800/986 1036/1805/987 525/1804/511
f 518/1806/503 1035/1800/986 521/1798/506
f 1036/1807/987 516/1808/501 1037/1809/988
f 1037/1809/988 516/1808/501 1038/1810/989
f 526/1811/512 1037/1809/988 1038/1810/989
f 1037/1809/988 526/1811/512 525/1812/511
f 525/1812/511 1036/1813/987 1037/1809/988
f 536/1814/522 526/1811/512 1038/1810/989
f 1038/1810/989 1028/1815/979 536/1814/522
f 514/1816/499 1038/1810/989 516/1808/501
f 523/1817/508 1022/1818/973 512/1819/496
f 1022/1818/973 523/1817/508 1039/1820/990
f 1039/1820/990 523/1817/508 1040/1821/991
f 551/1822/537 1039/1820/990 1040/1821/991
f 1039/1820/990 551/1822/537 549/1823/535
f 549/1823/535 1022/1824/973 1039/1820/990
f 1015/1825/966 555/1826/541 551/1822/537
f 551/1822/537 1040/1821/991 1015/1825/966
f 1040/1821/991 490/1827/470 1015/1828/966
f 1013/1730/964 491/1829/471 1014/1830/965
f 1026/1770/977 501/1776/481 1027/1831/978
f 1030/1780/981 510/1786/493 1019/1832/970
f 1032/1790/983 505/1796/486 1033/1833/984
f 1035/1800/986 518/1806/503 1036/1834/987
f 1038/1810/989 514/1816/499 1028/1835/979
f 509/1747/492 1019/1746/970 510/1836/493
f 494/1768/474 1014/1767/965 491/1837/471
f 503/1788/483 1027/1787/978 501/1838/481
f 513/1778/498 1028/1777/979 514/1839/499
f 521/1798/506 1033/1797/984 505/1840/486
f 516/1808/501 1036/1807/987 518/1841/503
f 1017/1740/968 495/1842/475 1018/1843/969
f 1024/1760/975 498/1766/478 1011/1844/962
f 497/1758/477 1018/1757/969 495/1845/475
f 500/1728/480 1011/1727/962 498/1846/478
f 512/1755/496 1021/1749/972 509/1747/492
f 490/1827/470 1040/1821/991 523/1817/508
f 495/1842/475 1017/1740/968 489/1736/469
f 491/1829/471 1013/1730/964 500/1728/480
