# Blender v3.0.1 OBJ File: ''
# www.blender.org
mtllib pickup.mtl
o PickUp.001
v 0.000000 -0.254182 0.823002
v 0.463037 -0.222637 1.139665
v -0.000001 -0.222494 1.150407
v -0.463038 -0.222637 1.139665
v 0.000000 -0.254182 0.823002
v -0.000001 -0.222494 1.150407
v 0.000000 -0.254182 0.823002
v 0.574921 -0.223880 1.123416
v 0.463037 -0.222637 1.139665
v -0.463038 -0.222637 1.139665
v -0.574922 -0.223880 1.123415
v 0.000000 -0.254182 0.823002
v 0.608863 -0.228018 1.080243
v 0.574921 -0.223880 1.123416
v 0.000000 -0.254182 0.823002
v 0.000000 -0.254182 0.823002
v -0.574922 -0.223880 1.123415
v -0.608864 -0.228018 1.080242
v 0.608863 -0.228018 1.080243
v 0.000000 -0.254182 0.823002
v 0.697097 -0.254760 0.824662
v 0.000000 -0.254182 0.823002
v -0.608864 -0.228018 1.080242
v -0.697098 -0.254760 0.824662
v 0.000000 -0.257563 0.799576
v 0.697097 -0.254760 0.824662
v 0.000000 -0.254182 0.823002
v -0.697098 -0.254760 0.824662
v 0.000000 -0.257563 0.799576
v 0.000000 -0.254182 0.823002
v 0.697097 -0.254760 0.824662
v 0.000000 -0.257563 0.799576
v 0.687736 -0.257566 0.799982
v 0.000000 -0.257563 0.799576
v -0.697098 -0.254760 0.824662
v -0.687737 -0.257566 0.799981
v -0.432565 0.528341 1.303622
v -0.229528 0.528341 1.302795
v -0.423401 0.528341 1.295305
v -0.427735 0.528341 1.407472
v -0.432565 0.528341 1.303622
v -0.436229 0.528341 1.398473
v -0.229528 0.528341 1.302795
v -0.432565 0.528341 1.303622
v -0.427735 0.528341 1.407472
v -0.224699 0.528341 1.406646
v -0.229528 0.528341 1.302795
v -0.427735 0.528341 1.407472
v -0.224699 0.528341 1.406646
v -0.221033 0.528341 1.311795
v -0.229528 0.528341 1.302795
v -0.224699 0.528341 1.406646
v -0.427735 0.528341 1.407472
v -0.233862 0.528341 1.414963
v -0.002558 0.534236 1.410376
v -0.205245 0.522867 1.414022
v -0.011577 0.533484 1.418816
v -0.008992 0.536968 1.306648
v -0.002558 0.534236 1.410376
v -0.000372 0.537182 1.315524
v -0.008992 0.536968 1.306648
v -0.205245 0.522867 1.414022
v -0.002558 0.534236 1.410376
v -0.211679 0.525598 1.310295
v -0.205245 0.522867 1.414022
v -0.008992 0.536968 1.306648
v -0.211679 0.525598 1.310295
v -0.213865 0.522652 1.405146
v -0.205245 0.522867 1.414022
v -0.211679 0.525598 1.310295
v -0.008992 0.536968 1.306648
v -0.202660 0.526351 1.301855
v 0.012956 0.527736 1.312453
v 0.215809 0.528211 1.303802
v 0.021791 0.528211 1.303802
v 0.021791 0.522067 1.415885
v 0.012956 0.527736 1.312453
v 0.012956 0.522541 1.407233
v 0.021791 0.522067 1.415885
v 0.215809 0.528211 1.303802
v 0.012956 0.527736 1.312453
v 0.224644 0.522541 1.407233
v 0.215809 0.528211 1.303802
v 0.021791 0.522067 1.415885
v 0.224644 0.522541 1.407233
v 0.224644 0.527736 1.312454
v 0.215809 0.528211 1.303802
v 0.224644 0.522541 1.407233
v 0.021791 0.522067 1.415885
v 0.215809 0.522067 1.415885
v 0.242720 0.536385 1.307719
v 0.444948 0.520473 1.299055
v 0.251528 0.535692 1.299055
v 0.251528 0.535692 1.411305
v 0.242720 0.536385 1.307719
v 0.242720 0.536385 1.402642
v 0.251528 0.535692 1.411305
v 0.444948 0.520473 1.299055
v 0.242720 0.536385 1.307719
v 0.453756 0.519780 1.402642
v 0.444948 0.520473 1.299055
v 0.251528 0.535692 1.411305
v 0.453756 0.519780 1.402642
v 0.453756 0.519780 1.307719
v 0.444948 0.520473 1.299055
v 0.453756 0.519780 1.402642
v 0.251528 0.535692 1.411305
v 0.444948 0.520473 1.411305
v 0.778371 -2.189587 0.377417
v 0.825391 -2.171120 0.373288
v 0.828062 -2.169991 0.531310
v 0.778371 -2.189587 0.377417
v 0.828062 -2.169991 0.531310
v 0.731830 -2.168622 0.530591
v 0.778371 -2.189587 0.377417
v 0.824335 -2.169918 0.310585
v 0.825391 -2.171120 0.373288
v 0.778371 -2.189587 0.377417
v 0.731830 -2.168622 0.530591
v 0.734828 -2.171034 0.372341
v 0.824335 -2.169918 0.310585
v 0.778371 -2.189587 0.377417
v 0.777043 -2.188901 0.311338
v 0.734828 -2.171034 0.372341
v 0.777043 -2.188901 0.311338
v 0.778371 -2.189587 0.377417
v 0.822613 -2.166776 0.258052
v 0.824335 -2.169918 0.310585
v 0.777043 -2.188901 0.311338
v 0.777043 -2.188901 0.311338
v 0.734828 -2.171034 0.372341
v 0.729750 -2.170863 0.312091
v 0.822613 -2.166776 0.258052
v 0.777043 -2.188901 0.311338
v 0.728885 -2.169282 0.262489
v 0.728885 -2.169282 0.262489
v 0.777043 -2.188901 0.311338
v 0.729750 -2.170863 0.312091
v -0.730288 -2.171034 0.377037
v -0.777043 -2.188901 0.311338
v -0.729751 -2.170863 0.312090
v -0.777043 -2.188901 0.311338
v -0.824335 -2.169918 0.310584
v -0.822614 -2.166776 0.258051
v -0.777043 -2.188901 0.311338
v -0.730288 -2.171034 0.377037
v -0.778372 -2.189587 0.377417
v -0.778372 -2.189587 0.377417
v -0.824335 -2.169918 0.310584
v -0.777043 -2.188901 0.311338
v -0.731830 -2.168622 0.530591
v -0.778372 -2.189587 0.377417
v -0.730288 -2.171034 0.377037
v -0.824335 -2.169918 0.310584
v -0.778372 -2.189587 0.377417
v -0.826455 -2.171120 0.377798
v -0.828062 -2.169991 0.531309
v -0.778372 -2.189587 0.377417
v -0.731830 -2.168622 0.530591
v -0.828062 -2.169991 0.531309
v -0.826455 -2.171120 0.377798
v -0.778372 -2.189587 0.377417
v -0.733359 2.064793 0.403601
v -0.750792 2.064793 0.419667
v -0.668158 2.104036 0.469718
v -0.750792 2.064793 0.419667
v -0.750458 2.064793 0.514336
v -0.668158 2.104036 0.469718
v -0.600597 2.064793 0.404084
v -0.733359 2.064793 0.403601
v -0.668158 2.104036 0.469718
v -0.750458 2.064793 0.514336
v -0.735719 2.064792 0.532352
v -0.668158 2.104036 0.469718
v -0.584733 2.064792 0.422467
v -0.600597 2.064793 0.404084
v -0.668158 2.104036 0.469718
v -0.735719 2.064792 0.532352
v -0.602956 2.064793 0.532186
v -0.668158 2.104036 0.469718
v -0.585015 2.064793 0.517135
v -0.584733 2.064792 0.422467
v -0.668158 2.104036 0.469718
v -0.602956 2.064793 0.532186
v -0.585015 2.064793 0.517135
v -0.668158 2.104036 0.469718
v -0.671899 0.035201 1.105587
v -0.795340 0.049274 0.739516
v -0.680216 0.027303 1.082036
v -0.665413 0.049319 1.123584
v -0.661263 0.075573 1.133812
v -0.671899 0.035201 1.105587
v -0.671899 0.035201 1.105587
v -0.661263 0.075573 1.133812
v -0.795340 0.049274 0.739516
v -0.656490 0.484410 1.122937
v -0.795340 0.049274 0.739516
v -0.661263 0.075573 1.133812
v -0.795340 0.049274 0.739516
v -0.656490 0.484410 1.122937
v -0.787803 0.545316 0.735597
v -0.656490 0.484410 1.122937
v -0.784118 0.744861 0.733024
v -0.787803 0.545316 0.735597
v -0.778262 0.766266 0.748563
v -0.784118 0.744861 0.733024
v -0.656490 0.484410 1.122937
v -0.778262 0.766266 0.748563
v -0.656490 0.484410 1.122937
v -0.769072 0.766484 0.775304
v -0.769072 0.766484 0.775304
v -0.656490 0.484410 1.122937
v -0.657326 0.508937 1.118774
v -0.769072 0.766484 0.775304
v -0.657326 0.508937 1.118774
v -0.660840 0.531688 1.106943
v 0.629979 0.633898 1.102021
v 0.572409 0.613403 1.149169
v 0.608653 0.614624 1.134133
v 0.629979 0.633898 1.102021
v 0.729108 0.877026 0.780488
v 0.714567 0.905029 0.768220
v 0.629979 0.633898 1.102021
v 0.714567 0.905029 0.768220
v 0.572409 0.613403 1.149169
v -0.777043 -2.188901 0.311338
v -0.728886 -2.169282 0.262489
v -0.729751 -2.170863 0.312090
v -0.777043 -2.188901 0.311338
v -0.822614 -2.166776 0.258051
v -0.728886 -2.169282 0.262489
v 0.666526 2.104036 0.465042
v 0.749291 2.064793 0.414911
v 0.731832 2.064793 0.398819
v 0.666526 2.104036 0.465042
v 0.748958 2.064793 0.509730
v 0.749291 2.064793 0.414911
v 0.666526 2.104036 0.465042
v 0.731832 2.064793 0.398819
v 0.598857 2.064793 0.399303
v 0.666526 2.104036 0.465042
v 0.734195 2.064792 0.527774
v 0.748958 2.064793 0.509730
v 0.666526 2.104036 0.465042
v 0.598857 2.064793 0.399303
v 0.582969 2.064792 0.417715
v 0.666526 2.104036 0.465042
v 0.601221 2.064793 0.527608
v 0.734195 2.064792 0.527774
v 0.666526 2.104036 0.465042
v 0.582969 2.064792 0.417715
v 0.583252 2.064793 0.512533
v 0.666526 2.104036 0.465042
v 0.583252 2.064793 0.512533
v 0.601221 2.064793 0.527608
v 0.572409 0.613403 1.149169
v 0.714567 0.905029 0.768220
v 0.657096 0.922642 0.769080
v 0.532982 0.942061 0.774023
v 0.572409 0.613403 1.149169
v 0.657096 0.922642 0.769080
v 0.572409 0.613403 1.149169
v 0.532982 0.942061 0.774023
v 0.460029 0.625388 1.163785
v 0.532982 0.942061 0.774023
v -0.000001 0.637482 1.172579
v 0.460029 0.625388 1.163785
v -0.000001 0.637482 1.172579
v 0.532982 0.942061 0.774023
v 0.000000 0.962777 0.776945
v -0.532982 0.942061 0.774023
v -0.000001 0.637482 1.172579
v 0.000000 0.962777 0.776945
v -0.000001 0.637482 1.172579
v -0.532982 0.942061 0.774023
v -0.460030 0.625388 1.163785
v -0.532982 0.942061 0.774023
v -0.572410 0.613403 1.149168
v -0.460030 0.625388 1.163785
v -0.572410 0.613403 1.149168
v -0.532982 0.942061 0.774023
v -0.657096 0.922642 0.769080
v -0.714568 0.905030 0.768220
v -0.572410 0.613403 1.149168
v -0.657096 0.922642 0.769080
v -0.572410 0.613403 1.149168
v -0.629980 0.633898 1.102020
v -0.608654 0.614624 1.134132
v -0.714568 0.905030 0.768220
v -0.629980 0.633898 1.102020
v -0.572410 0.613403 1.149168
v -0.714568 0.905030 0.768220
v -0.729109 0.877026 0.780488
v -0.629980 0.633898 1.102020
v -0.680216 0.027303 1.082036
v -0.795340 0.049274 0.739516
v -0.779802 0.006808 0.787434
v -0.779802 0.006808 0.787434
v -0.795340 0.049274 0.739516
v -0.787073 0.011666 0.765488
v -0.787073 0.011666 0.765488
v -0.795340 0.049274 0.739516
v -0.791611 0.024398 0.748150
v 0.657325 0.508937 1.118775
v 0.769070 0.766484 0.775305
v 0.660839 0.531688 1.106943
v 0.656489 0.484411 1.122938
v 0.769070 0.766484 0.775305
v 0.657325 0.508937 1.118775
v 0.656489 0.484411 1.122938
v 0.778261 0.766266 0.748565
v 0.769070 0.766484 0.775305
v 0.656489 0.484411 1.122938
v 0.784118 0.744861 0.733025
v 0.778261 0.766266 0.748565
v 0.787802 0.545316 0.735598
v 0.784118 0.744861 0.733025
v 0.656489 0.484411 1.122938
v 0.656489 0.484411 1.122938
v 0.795338 0.049274 0.739517
v 0.787802 0.545316 0.735598
v 0.795338 0.049274 0.739517
v 0.656489 0.484411 1.122938
v 0.661262 0.075574 1.133812
v 0.671898 0.035202 1.105588
v 0.661262 0.075574 1.133812
v 0.665412 0.049320 1.123584
v 0.795338 0.049274 0.739517
v 0.661262 0.075574 1.133812
v 0.671898 0.035202 1.105588
v 0.795338 0.049274 0.739517
v 0.671898 0.035202 1.105588
v 0.680215 0.027303 1.082037
v 0.795338 0.049274 0.739517
v 0.680215 0.027303 1.082037
v 0.779801 0.006808 0.787434
v 0.795338 0.049274 0.739517
v 0.779801 0.006808 0.787434
v 0.787072 0.011666 0.765489
v 0.795338 0.049274 0.739517
v 0.787072 0.011666 0.765489
v 0.791609 0.024398 0.748150
v -0.449393 -0.398648 0.874635
v -0.449168 -0.402639 0.869671
v -0.449393 -0.401625 0.874635
v -0.449189 -0.400136 0.870100
v -0.449168 -0.397633 0.869671
v -0.014813 -0.414798 0.871755
v 0.042765 -0.414798 0.869911
v 0.042532 -0.414798 0.874611
v -0.014579 -0.414798 0.867055
v -0.014579 -0.413520 0.867055
v 0.042765 -0.413520 0.869911
v 0.042531 -0.413520 0.874611
v -0.014813 -0.413520 0.871755
v -0.014813 -0.385474 0.871755
v 0.042765 -0.385474 0.869911
v -0.014579 -0.385474 0.867055
v 0.042532 -0.385474 0.874611
v -0.014579 -0.386753 0.867055
v 0.042765 -0.386753 0.869911
v 0.042531 -0.386753 0.874611
v -0.014813 -0.386753 0.871755
v -0.017233 -0.418300 0.868047
v -0.017551 -0.414439 0.874427
v -0.017233 -0.414439 0.868047
v -0.017551 -0.418300 0.874427
v 0.034057 -0.418300 0.876458
v 0.034846 -0.414439 0.877328
v 0.034057 -0.414439 0.876458
v 0.034846 -0.418300 0.877328
v 0.037019 -0.414439 0.877436
v 0.036279 -0.411354 0.892304
v 0.037019 -0.411354 0.877436
v 0.036279 -0.414439 0.892304
v 0.038402 -0.385834 0.849688
v 0.037019 -0.388918 0.877436
v 0.037019 -0.385834 0.877436
v 0.038402 -0.414439 0.849688
v 0.034105 -0.414439 0.892196
v 0.034136 -0.418300 0.891562
v 0.034105 -0.417992 0.892196
v 0.034105 -0.411354 0.892196
v 0.034846 -0.411354 0.877328
v -0.017233 -0.381972 0.868047
v -0.017551 -0.385834 0.874427
v -0.017551 -0.381972 0.874427
v -0.017233 -0.385834 0.868047
v 0.034057 -0.381972 0.876458
v 0.034846 -0.385834 0.877328
v 0.034846 -0.381972 0.877328
v 0.034057 -0.385834 0.876458
v 0.036279 -0.388918 0.892304
v 0.033922 -0.414906 0.895866
v 0.034136 -0.381972 0.891562
v 0.033922 -0.385367 0.895866
v 0.034105 -0.388918 0.892196
v 0.033810 -0.410858 0.898106
v 0.033810 -0.389415 0.898106
v 0.034846 -0.388918 0.877328
v -0.308456 -0.407162 0.861053
v -0.448154 -0.406968 0.849322
v -0.308223 -0.407162 0.856380
v -0.448395 -0.406968 0.854169
v -0.204050 -0.407532 0.861735
v -0.204265 -0.407532 0.866079
v -0.308456 -0.393109 0.861053
v -0.448154 -0.393304 0.849322
v -0.448395 -0.393304 0.854169
v -0.308223 -0.393109 0.856380
v -0.204050 -0.392740 0.861735
v -0.204265 -0.392740 0.866079
v 0.117049 -0.402260 0.881818
v 0.117022 -0.402260 0.881036
v 0.117851 -0.404311 0.880853
v 0.117851 -0.395962 0.880853
v 0.117022 -0.398012 0.881036
v 0.117049 -0.398012 0.881818
v -0.036359 -0.417732 0.846575
v -0.028509 -0.418784 0.846870
v -0.028566 -0.418300 0.847207
v -0.036270 -0.418422 0.846461
v -0.017236 -0.413529 0.868109
v -0.017551 -0.413529 0.874427
v -0.036359 -0.382540 0.846575
v -0.028509 -0.381489 0.846870
v -0.036270 -0.381851 0.846461
v -0.028566 -0.381972 0.847207
v -0.017236 -0.386743 0.868109
v -0.017551 -0.386743 0.874427
v 0.035591 -0.413550 0.891952
v 0.035678 -0.418300 0.891302
v 0.035591 -0.417998 0.891952
v 0.035678 -0.413852 0.891302
v 0.046495 -0.413724 0.889412
v 0.046496 -0.417911 0.890086
v 0.046495 -0.418172 0.889412
v 0.046496 -0.413463 0.890086
v 0.046497 -0.412824 0.890884
v 0.045545 -0.416763 0.891810
v 0.046497 -0.417272 0.890884
v 0.045545 -0.412315 0.891810
v 0.045187 -0.412266 0.891984
v 0.044571 -0.416543 0.892283
v 0.045187 -0.416714 0.891984
v 0.044571 -0.412095 0.892283
v 0.034210 -0.414381 0.887363
v 0.037857 -0.411299 0.887610
v 0.037859 -0.414381 0.887544
v 0.034207 -0.411299 0.887428
v 0.033933 -0.411299 0.892941
v 0.036739 -0.414381 0.893081
v 0.036739 -0.411299 0.893081
v 0.033933 -0.414381 0.892941
v 0.034042 -0.411299 0.890755
v 0.034041 -0.414381 0.890755
v 0.034505 -0.413520 0.869500
v 0.034272 -0.413520 0.874200
v 0.034210 -0.385890 0.887363
v 0.037857 -0.388973 0.887610
v 0.034207 -0.388973 0.887428
v 0.037859 -0.385890 0.887544
v 0.033933 -0.388973 0.892941
v 0.036739 -0.385890 0.893081
v 0.033933 -0.385890 0.892941
v 0.036739 -0.388973 0.893081
v 0.034042 -0.388973 0.890755
v 0.034041 -0.385890 0.890755
v 0.034505 -0.386753 0.869500
v 0.034272 -0.386753 0.874200
v 0.111128 -0.401198 0.839289
v 0.113655 -0.398408 0.835488
v 0.111128 -0.399074 0.839289
v 0.113655 -0.401865 0.835488
v 0.101921 -0.402228 0.842820
v 0.102068 -0.398107 0.839864
v 0.101921 -0.398045 0.842820
v 0.102068 -0.402166 0.839864
v 0.097649 -0.402456 0.839183
v 0.097649 -0.397817 0.839183
v 0.096487 -0.402057 0.836025
v 0.098398 -0.402567 0.836315
v 0.090499 -0.402456 0.839711
v 0.092795 -0.400710 0.817475
v 0.092261 -0.400136 0.817150
v 0.092571 -0.400659 0.817061
v 0.092351 -0.400136 0.817726
v 0.130036 -0.397854 0.839218
v 0.130036 -0.401750 0.839990
v 0.130036 -0.402418 0.839218
v 0.130036 -0.398523 0.839990
v 0.113222 -0.398292 0.834434
v 0.110600 -0.401314 0.838844
v 0.110600 -0.398958 0.838844
v 0.113222 -0.401981 0.834434
v 0.096487 -0.398215 0.836025
v 0.090499 -0.397817 0.839711
v 0.098398 -0.397704 0.836315
v 0.092795 -0.399563 0.817475
v 0.092571 -0.399613 0.817061
v -0.449102 -0.398028 0.868359
v 0.033953 -0.402597 0.895245
v -0.449102 -0.402244 0.868359
v 0.033953 -0.397675 0.895245
v 0.034068 -0.393413 0.892918
v -0.449003 -0.394386 0.866371
v 0.034270 -0.390952 0.888889
v -0.448832 -0.392284 0.862928
v 0.034501 -0.390952 0.884237
v -0.448634 -0.392284 0.858953
v 0.034702 -0.393413 0.880207
v -0.448462 -0.394386 0.855511
v 0.034818 -0.397675 0.877881
v -0.448364 -0.398028 0.853523
v -0.448364 -0.402244 0.853523
v 0.034818 -0.402597 0.877881
v -0.448462 -0.405886 0.855511
v 0.034702 -0.406859 0.880207
v -0.448634 -0.407989 0.858953
v 0.034501 -0.409320 0.884237
v -0.448832 -0.407989 0.862928
v 0.034270 -0.409320 0.888889
v -0.449003 -0.405886 0.866371
v 0.034069 -0.406859 0.892918
v 0.116632 -0.400136 0.881123
v 0.116750 -0.400136 0.882318
v 0.108495 -0.404311 0.882920
v 0.108107 -0.395962 0.881164
v 0.108107 -0.404311 0.881164
v 0.108495 -0.395962 0.882920
v 0.035905 -0.418300 0.886712
v 0.035905 -0.413852 0.886712
v 0.044633 -0.418084 0.886943
v 0.044633 -0.413637 0.886943
v 0.045874 -0.418084 0.887933
v 0.045874 -0.413637 0.887933
v 0.046495 -0.418146 0.889118
v 0.046495 -0.413698 0.889118
v 0.409877 -0.400136 0.755934
v 0.391642 -0.406145 0.758152
v 0.391645 -0.400136 0.757205
v 0.409827 -0.407403 0.756880
v 0.391614 -0.417255 0.768335
v 0.409249 -0.419718 0.767036
v 0.391584 -0.418928 0.782865
v 0.408101 -0.421573 0.781511
v 0.391499 -0.416747 0.829994
v 0.407398 -0.419156 0.828609
v 0.391494 -0.411511 0.854691
v 0.409297 -0.413351 0.853401
v 0.391500 -0.406867 0.864190
v 0.409712 -0.408204 0.862919
v 0.391504 -0.403382 0.866531
v 0.409749 -0.404342 0.865263
v 0.409747 -0.400136 0.865745
v 0.391501 -0.400136 0.866944
v 0.391504 -0.396890 0.866531
v 0.409749 -0.395931 0.865263
v 0.409712 -0.392069 0.862919
v 0.391500 -0.393405 0.864190
v 0.409297 -0.386921 0.853401
v 0.391494 -0.388762 0.854691
v 0.407398 -0.381116 0.828609
v 0.391499 -0.383525 0.829994
v 0.408101 -0.378699 0.781511
v 0.391584 -0.381344 0.782865
v 0.409249 -0.380555 0.767036
v 0.391614 -0.383018 0.768335
v 0.409827 -0.392869 0.756880
v 0.391642 -0.394127 0.758152
v -0.024138 -0.418300 0.865823
v -0.024138 -0.414439 0.865823
v -0.027053 -0.418300 0.863280
v -0.026926 -0.414439 0.863454
v -0.030308 -0.418300 0.857066
v -0.030236 -0.414439 0.856999
v -0.030533 -0.418300 0.853352
v -0.030533 -0.414439 0.853352
v -0.029875 -0.418300 0.849754
v -0.029875 -0.414439 0.849754
v -0.028566 -0.414439 0.847207
v -0.026104 -0.416301 0.844564
v -0.026104 -0.412439 0.844564
v -0.023445 -0.414113 0.842634
v -0.023445 -0.410252 0.842634
v -0.021333 -0.411549 0.841495
v -0.021333 -0.407021 0.841495
v -0.019705 -0.406714 0.840601
v -0.019467 -0.400136 0.840316
v -0.019468 -0.400136 0.840316
v -0.020762 -0.400136 0.841582
v -0.021333 -0.393252 0.841495
v -0.019705 -0.393558 0.840601
v -0.021333 -0.388723 0.841495
v -0.023445 -0.390021 0.842634
v -0.023445 -0.386160 0.842634
v -0.026104 -0.387833 0.844564
v -0.026104 -0.383972 0.844564
v -0.028357 -0.385922 0.846997
v -0.028566 -0.385834 0.847207
v -0.029875 -0.385834 0.849754
v -0.029875 -0.381972 0.849754
v -0.030533 -0.385834 0.853352
v -0.030533 -0.381972 0.853352
v -0.026926 -0.385834 0.863454
v -0.026926 -0.381972 0.863454
v -0.024138 -0.385834 0.865823
v -0.024138 -0.381972 0.865823
v -0.020832 -0.385834 0.867390
v -0.020832 -0.381972 0.867390
v 0.051137 -0.402615 0.892016
v 0.051137 -0.397658 0.892016
v 0.050670 -0.400136 0.892089
v 0.054468 -0.406119 0.891494
v 0.054468 -0.394153 0.891494
v 0.059342 -0.407171 0.890730
v 0.062128 -0.407421 0.890294
v 0.062128 -0.392851 0.890294
v 0.059342 -0.393101 0.890730
v 0.079423 -0.406901 0.887336
v 0.062190 -0.407850 0.889916
v 0.079423 -0.393371 0.887336
v 0.062190 -0.392423 0.889916
v 0.079458 -0.406665 0.887737
v 0.095195 -0.406140 0.883874
v 0.079458 -0.393607 0.887737
v 0.095195 -0.394133 0.883874
v 0.095286 -0.405904 0.884280
v 0.109922 -0.405153 0.880276
v 0.095286 -0.394367 0.884280
v 0.109922 -0.395120 0.880276
v 0.109977 -0.404959 0.880685
v 0.109977 -0.395313 0.880685
v 0.131123 -0.403341 0.876062
v 0.131288 -0.403538 0.875561
v 0.131123 -0.396932 0.876062
v 0.131288 -0.396735 0.875561
v 0.132936 -0.402465 0.875592
v 0.133212 -0.402676 0.874986
v 0.133772 -0.400136 0.874896
v 0.133492 -0.400136 0.875533
v 0.132936 -0.397807 0.875592
v 0.133212 -0.397596 0.874986
v 0.224474 -0.400136 0.799071
v 0.226673 -0.394996 0.804546
v 0.227732 -0.400136 0.803666
v 0.223846 -0.395249 0.798930
v 0.217049 -0.387641 0.810729
v 0.211553 -0.383967 0.797566
v 0.209056 -0.386640 0.824114
v 0.197916 -0.383609 0.814239
v 0.204044 -0.382201 0.796849
v 0.185518 -0.385626 0.795176
v 0.191469 -0.385349 0.831774
v 0.183134 -0.386643 0.810682
v 0.179798 -0.391443 0.794626
v 0.195659 -0.390147 0.851488
v 0.174966 -0.388290 0.827194
v 0.178896 -0.386757 0.840701
v 0.173653 -0.391381 0.821958
v 0.182222 -0.389911 0.851922
v 0.172438 -0.395546 0.818170
v 0.183477 -0.396624 0.861034
v 0.171810 -0.400136 0.816668
v 0.189132 -0.396795 0.862065
v 0.178095 -0.400136 0.794355
v 0.188209 -0.400136 0.863609
v 0.183643 -0.400136 0.862603
v 0.179798 -0.408830 0.794626
v 0.172438 -0.404726 0.818170
v 0.173653 -0.408892 0.821958
v 0.174966 -0.411983 0.827194
v 0.183134 -0.413630 0.810682
v 0.185518 -0.414645 0.795176
v 0.191469 -0.414923 0.831774
v 0.178896 -0.413515 0.840701
v 0.197916 -0.416664 0.814239
v 0.204044 -0.418072 0.796849
v 0.211553 -0.416305 0.797566
v 0.209056 -0.413632 0.824114
v 0.195659 -0.410125 0.851488
v 0.182222 -0.410362 0.851922
v 0.217049 -0.412630 0.810729
v 0.183477 -0.403648 0.861034
v 0.223846 -0.405024 0.798930
v 0.189132 -0.403476 0.862065
v 0.226673 -0.405276 0.804546
v 0.053429 -0.381972 0.883863
v 0.051959 -0.382591 0.888197
v 0.053411 -0.382345 0.885397
v 0.048532 -0.381972 0.881792
v 0.046412 -0.381972 0.877614
v 0.046738 -0.381972 0.871069
v 0.048104 -0.381972 0.857073
v 0.049339 -0.381972 0.855608
v 0.053654 -0.381972 0.853453
v 0.053854 -0.382345 0.850234
v 0.053938 -0.383774 0.847758
v 0.054052 -0.386160 0.845447
v 0.054186 -0.393132 0.843367
v 0.054179 -0.400136 0.843085
v 0.054186 -0.407140 0.843367
v 0.054052 -0.414113 0.845447
v 0.053938 -0.416498 0.847758
v 0.053854 -0.417927 0.850234
v 0.053654 -0.418300 0.853453
v 0.048104 -0.418300 0.857073
v 0.047220 -0.418300 0.861388
v 0.046738 -0.418300 0.871069
v 0.046412 -0.418300 0.877614
v 0.048532 -0.418300 0.881792
v 0.053411 -0.417927 0.885397
v 0.053429 -0.418300 0.883863
v 0.051959 -0.417681 0.888197
v 0.053128 -0.414337 0.889263
v 0.051742 -0.414367 0.893103
v 0.052133 -0.411095 0.895244
v 0.053775 -0.411468 0.890060
v 0.053234 -0.409520 0.895015
v 0.054622 -0.410214 0.890182
v 0.050945 -0.402615 0.895210
v 0.054724 -0.408290 0.894729
v 0.056096 -0.409003 0.890248
v 0.050469 -0.400136 0.895391
v 0.058907 -0.407568 0.893820
v 0.059826 -0.407878 0.890164
v 0.058886 -0.407171 0.893797
v 0.060310 -0.407555 0.893470
v 0.054298 -0.406119 0.894585
v 0.060268 -0.407348 0.893466
v 0.050945 -0.397658 0.895210
v 0.052133 -0.389177 0.895244
v 0.054298 -0.394153 0.894585
v 0.051742 -0.385905 0.893103
v 0.053128 -0.385936 0.889263
v 0.053775 -0.388804 0.890060
v 0.053234 -0.390752 0.895015
v 0.054622 -0.390058 0.890182
v 0.057071 -0.392579 0.894240
v 0.057841 -0.392196 0.890217
v 0.058886 -0.393101 0.893797
v 0.060310 -0.392718 0.893470
v 0.060268 -0.392923 0.893466
v 0.061156 -0.392653 0.892693
v 0.061722 -0.392602 0.891648
v 0.061144 -0.392874 0.892708
v 0.061681 -0.392851 0.891642
v 0.061681 -0.407421 0.891642
v 0.061144 -0.407398 0.892708
v 0.061722 -0.407671 0.891648
v 0.061156 -0.407619 0.892693
v 0.077609 -0.398045 0.843740
v 0.077682 -0.398107 0.842273
v 0.077644 -0.397438 0.843044
v 0.077609 -0.402228 0.843740
v 0.077682 -0.402166 0.842273
v 0.077644 -0.402834 0.843044
v 0.068744 -0.406288 0.891822
v 0.065582 -0.403989 0.889834
v 0.068631 -0.407641 0.889381
v 0.065058 -0.402341 0.892904
v 0.064130 -0.404070 0.890057
v 0.064098 -0.402422 0.893173
v 0.062870 -0.404842 0.890229
v 0.062613 -0.404842 0.893698
v 0.060969 -0.405960 0.890488
v 0.060755 -0.405960 0.893933
v 0.059139 -0.406520 0.890808
v 0.058953 -0.406520 0.894119
v 0.056816 -0.406612 0.891178
v 0.056665 -0.406612 0.894376
v 0.054450 -0.406119 0.891544
v 0.054333 -0.406119 0.894631
v 0.052444 -0.404716 0.891855
v 0.052356 -0.404716 0.894846
v 0.051103 -0.402615 0.892063
v 0.051035 -0.402615 0.894990
v 0.050633 -0.400136 0.892136
v 0.050572 -0.400136 0.895041
v 0.051035 -0.397658 0.894990
v 0.051103 -0.397658 0.892063
v 0.052356 -0.395557 0.894846
v 0.052444 -0.395557 0.891855
v 0.054333 -0.394153 0.894631
v 0.054450 -0.394153 0.891544
v 0.056665 -0.393660 0.894376
v 0.056816 -0.393660 0.891178
v 0.058953 -0.393752 0.894119
v 0.059139 -0.393752 0.890808
v 0.060755 -0.394312 0.893933
v 0.060969 -0.394312 0.890488
v 0.062613 -0.395430 0.893698
v 0.062870 -0.395430 0.890229
v 0.064098 -0.397850 0.893173
v 0.064130 -0.396203 0.890057
v 0.065058 -0.397931 0.892904
v 0.065582 -0.396283 0.889834
v 0.068744 -0.393985 0.891822
v 0.068631 -0.392632 0.889381
v 0.032781 -0.410858 0.898054
v 0.033225 -0.414906 0.895830
v 0.033436 -0.417992 0.892162
v 0.033373 -0.418300 0.891479
v 0.033191 -0.418300 0.887874
v 0.032814 -0.418300 0.885297
v 0.031979 -0.418300 0.882595
v 0.030186 -0.418300 0.879847
v 0.027605 -0.418300 0.878021
v 0.022845 -0.418300 0.877388
v 0.034058 -0.418300 0.876458
v -0.017535 -0.418300 0.875384
v -0.017488 -0.418300 0.874431
v -0.370376 -0.402582 0.873347
v -0.322612 -0.402161 0.877327
v -0.370456 -0.402216 0.874947
v -0.322533 -0.402528 0.875735
v -0.273093 -0.402167 0.879803
v -0.273014 -0.402536 0.878211
v -0.221917 -0.402186 0.882276
v -0.221843 -0.402613 0.880767
v -0.165983 -0.402158 0.885474
v -0.165893 -0.402935 0.883669
v -0.109506 -0.402212 0.888588
v -0.109422 -0.402979 0.886914
v 0.030530 -0.401619 0.898611
v 0.022746 -0.403268 0.894459
v -0.109559 -0.402033 0.889655
v 0.028763 -0.401619 0.895232
v 0.031425 -0.401625 0.897987
v 0.031134 -0.401621 0.895914
v 0.031425 -0.398648 0.897987
v 0.028763 -0.398653 0.895232
v 0.031134 -0.398650 0.895914
v -0.109656 -0.401621 0.891610
v -0.166037 -0.402030 0.886561
v 0.030530 -0.398653 0.898611
v 0.022746 -0.397003 0.894459
v -0.109422 -0.397294 0.886914
v -0.166148 -0.401570 0.888787
v -0.221978 -0.402039 0.883474
v -0.109506 -0.398060 0.888588
v -0.165893 -0.397337 0.883669
v -0.165983 -0.398114 0.885474
v -0.221843 -0.397520 0.880767
v -0.109559 -0.398239 0.889655
v -0.221917 -0.398086 0.882276
v -0.273013 -0.397737 0.878211
v -0.273093 -0.398106 0.879804
v -0.322533 -0.397745 0.875735
v -0.322612 -0.398111 0.877327
v -0.370376 -0.397690 0.873347
v -0.370456 -0.398057 0.874947
v -0.416743 -0.397634 0.871034
v -0.416824 -0.397944 0.872645
v -0.416879 -0.398132 0.873754
v -0.417004 -0.398648 0.876253
v -0.417004 -0.401624 0.876253
v -0.370636 -0.398703 0.878568
v -0.370511 -0.398188 0.876060
v -0.370636 -0.401568 0.878568
v -0.416879 -0.402139 0.873754
v -0.370511 -0.402083 0.876060
v -0.322793 -0.398759 0.880957
v -0.322667 -0.398243 0.878440
v -0.322793 -0.401514 0.880957
v -0.322667 -0.402028 0.878440
v -0.273274 -0.398751 0.883432
v -0.273148 -0.398237 0.880916
v -0.273274 -0.401521 0.883432
v -0.273148 -0.402034 0.880916
v -0.222102 -0.398745 0.885989
v -0.221978 -0.398233 0.883474
v -0.222102 -0.401528 0.885989
v -0.166148 -0.398703 0.888787
v -0.166037 -0.398243 0.886561
v -0.109656 -0.398652 0.891610
v -0.416743 -0.402639 0.871034
v -0.416824 -0.402328 0.872645
v 0.034058 -0.413529 0.876458
v 0.034846 -0.413529 0.877328
v -0.016174 -0.413529 0.874497
v -0.017633 -0.381972 0.875379
v 0.034058 -0.381972 0.876458
v -0.017586 -0.381972 0.874426
v 0.022845 -0.381972 0.877388
v 0.034845 -0.381972 0.877328
v 0.027605 -0.381972 0.878021
v 0.030186 -0.381972 0.879847
v 0.031979 -0.381972 0.882595
v 0.032814 -0.381972 0.885297
v 0.033191 -0.381972 0.887874
v 0.033373 -0.381972 0.891479
v 0.033436 -0.382280 0.892162
v 0.034105 -0.382280 0.892196
v 0.033225 -0.385367 0.895830
v 0.032781 -0.389415 0.898054
v 0.033810 -0.400136 0.898106
v -0.449174 -0.397668 0.869788
v -0.449056 -0.393279 0.867418
v -0.448851 -0.390772 0.863312
v -0.448615 -0.390772 0.858571
v -0.448186 -0.398028 0.849968
v -0.448087 -0.394386 0.847980
v -0.448186 -0.402244 0.849968
v -0.447915 -0.392284 0.844537
v -0.447934 -0.390772 0.844920
v -0.447718 -0.392284 0.840561
v -0.447699 -0.390772 0.840179
v -0.447547 -0.394386 0.837119
v -0.447494 -0.393279 0.836073
v -0.447447 -0.398028 0.835132
v -0.447376 -0.397622 0.833702
v -0.447376 -0.402649 0.833702
v -0.447447 -0.402244 0.835132
v -0.447494 -0.406992 0.836073
v -0.447547 -0.405886 0.837119
v -0.447699 -0.409500 0.840179
v -0.447718 -0.407989 0.840561
v -0.447934 -0.409500 0.844920
v -0.447915 -0.407989 0.844537
v -0.448087 -0.405886 0.847980
v -0.448615 -0.409500 0.858571
v -0.448851 -0.409500 0.863312
v -0.449056 -0.406992 0.867418
v -0.449174 -0.402604 0.869788
v 0.133071 -0.398162 0.876757
v 0.133710 -0.399336 0.875507
v 0.132898 -0.398162 0.875686
v 0.134015 -0.399336 0.876946
v 0.133976 -0.400136 0.875447
v 0.134320 -0.400136 0.877004
v 0.134015 -0.400935 0.876946
v 0.133710 -0.400935 0.875507
v 0.133071 -0.402110 0.876757
v 0.132898 -0.402110 0.875686
v 0.131520 -0.397274 0.876859
v 0.131346 -0.397274 0.876029
v 0.124114 -0.396602 0.878556
v 0.117671 -0.395962 0.879051
v -0.024787 -0.418300 0.874998
v -0.025496 -0.420000 0.874617
v -0.024751 -0.418300 0.874069
v -0.029939 -0.418300 0.870540
v -0.030516 -0.420411 0.871183
v -0.034150 -0.418300 0.865692
v -0.034918 -0.420720 0.866111
v -0.037176 -0.418300 0.858794
v -0.038116 -0.421298 0.859068
v -0.038036 -0.418300 0.850637
v -0.039040 -0.420756 0.850586
v -0.035266 -0.418668 0.841363
v -0.033781 -0.416837 0.841475
v -0.031941 -0.412518 0.839262
v -0.031928 -0.413053 0.838132
v -0.030655 -0.400136 0.837296
v -0.030669 -0.400136 0.838440
v -0.031941 -0.387754 0.839262
v -0.031928 -0.387219 0.838132
v -0.035266 -0.381604 0.841363
v -0.033781 -0.383435 0.841475
v -0.039040 -0.379516 0.850586
v -0.038036 -0.381972 0.850637
v -0.038116 -0.378973 0.859068
v -0.037176 -0.381972 0.858794
v -0.034918 -0.379552 0.866111
v -0.034150 -0.381972 0.865692
v -0.030516 -0.379862 0.871183
v -0.029939 -0.381972 0.870540
v -0.025496 -0.380273 0.874617
v -0.024751 -0.381972 0.874069
v -0.024787 -0.381972 0.874998
v -0.017599 -0.418300 0.875381
v -0.020703 -0.418300 0.866980
v -0.026926 -0.418300 0.863454
v -0.028660 -0.418300 0.860277
v -0.030236 -0.418300 0.856999
v -0.025896 -0.414692 0.882651
v -0.024838 -0.414503 0.881099
v -0.025840 -0.414015 0.881539
v -0.025101 -0.414848 0.881085
v -0.024719 -0.417275 0.876521
v -0.025101 -0.385424 0.881085
v -0.024838 -0.385769 0.881099
v -0.024719 -0.382996 0.876521
v -0.025896 -0.385581 0.882651
v -0.025840 -0.386258 0.881539
v 0.100416 -0.402403 0.831709
v 0.100416 -0.397869 0.831709
v 0.100945 -0.401829 0.826335
v 0.100945 -0.398444 0.826335
v 0.098962 -0.398673 0.821352
v 0.098962 -0.401600 0.821352
v 0.035032 -0.406859 0.873599
v 0.034916 -0.402597 0.875925
v 0.035232 -0.409320 0.869569
v 0.035464 -0.409320 0.864917
v 0.035665 -0.406859 0.860887
v 0.035781 -0.402597 0.858562
v 0.035781 -0.397675 0.858562
v 0.035665 -0.393413 0.860887
v 0.035463 -0.390952 0.864917
v 0.035232 -0.390952 0.869569
v 0.035032 -0.393413 0.873599
v 0.034916 -0.397675 0.875925
v 0.034058 -0.386743 0.876458
v 0.034846 -0.386743 0.877328
v -0.016174 -0.386743 0.874497
v 0.131520 -0.402997 0.876859
v 0.131346 -0.402997 0.876029
v 0.124114 -0.403671 0.878556
v 0.117671 -0.404311 0.879051
v -0.017599 -0.381972 0.875381
v -0.027005 -0.381972 0.863436
v -0.028227 -0.381972 0.860029
v -0.029280 -0.381972 0.857047
v 0.037691 -0.414381 0.890937
v 0.037691 -0.411299 0.890938
v 0.037691 -0.385890 0.890937
v 0.037691 -0.388973 0.890938
v 0.080028 -0.402228 0.844283
v 0.080175 -0.402166 0.841328
v 0.092998 -0.401055 0.817135
v 0.097970 -0.401050 0.821648
v 0.096821 -0.400136 0.821742
v 0.099713 -0.401308 0.826415
v 0.098010 -0.400136 0.826353
v 0.099206 -0.401769 0.831105
v 0.097718 -0.400136 0.830491
v 0.094948 -0.400136 0.835351
v 0.080028 -0.400136 0.844283
v 0.080188 -0.400136 0.841057
v 0.080175 -0.398107 0.841328
v 0.080028 -0.398045 0.844283
v 0.092998 -0.399218 0.817135
v 0.097970 -0.399222 0.821648
v 0.099713 -0.398965 0.826415
v 0.099206 -0.398503 0.831105
v 0.080943 -0.402615 0.889011
v 0.080805 -0.403599 0.887579
v 0.085301 -0.402333 0.886900
v 0.085554 -0.401464 0.889141
v 0.089930 -0.401238 0.886194
v 0.090875 -0.401060 0.891215
v 0.095170 -0.401070 0.894503
v 0.093800 -0.401238 0.885634
v 0.101970 -0.401054 0.888384
v 0.098960 -0.401238 0.884894
v 0.102018 -0.401054 0.892545
v 0.099298 -0.401054 0.894501
v 0.080943 -0.397658 0.889011
v 0.080805 -0.396672 0.887579
v 0.085301 -0.397940 0.886900
v 0.085554 -0.398808 0.889141
v 0.089930 -0.399034 0.886194
v 0.090875 -0.399212 0.891215
v 0.095170 -0.399202 0.894503
v 0.093800 -0.399035 0.885634
v 0.102018 -0.399219 0.892545
v 0.099298 -0.399219 0.894501
v 0.101970 -0.399219 0.888384
v 0.098960 -0.399035 0.884894
v -0.113267 -0.400136 0.888384
v -0.113352 -0.400136 0.889466
v -0.414451 -0.400136 0.872779
v -0.414513 -0.400136 0.873876
v 0.121715 -0.400136 0.880256
v -0.020832 -0.413529 0.867390
v -0.023263 -0.413208 0.866300
v -0.026980 -0.412447 0.863514
v -0.028823 -0.412236 0.860823
v -0.029999 -0.411420 0.858341
v -0.030480 -0.409362 0.856237
v -0.030524 -0.406680 0.854639
v -0.030588 -0.403556 0.853632
v -0.030591 -0.400136 0.853289
v -0.030588 -0.396715 0.853632
v -0.030524 -0.393592 0.854639
v -0.030480 -0.390909 0.856237
v -0.029999 -0.388851 0.858341
v -0.028823 -0.388036 0.860823
v -0.026980 -0.387824 0.863514
v -0.023263 -0.387063 0.866300
v -0.020832 -0.386743 0.867390
v -0.025940 -0.417266 0.843660
v -0.025940 -0.383007 0.843660
v -0.023061 -0.415321 0.841573
v -0.023061 -0.384951 0.841573
v -0.020941 -0.412518 0.840277
v -0.020941 -0.387754 0.840277
v -0.019460 -0.406767 0.839295
v -0.019460 -0.393506 0.839295
v -0.019073 -0.400136 0.839018
v 0.081545 -0.400136 0.843650
v 0.081711 -0.407245 0.844190
v 0.100195 -0.400136 0.842362
v 0.100768 -0.407183 0.843103
v 0.124523 -0.400136 0.840229
v 0.082649 -0.412982 0.846071
v 0.124750 -0.405030 0.840933
v 0.146300 -0.400136 0.835503
v 0.102220 -0.411660 0.845137
v 0.083645 -0.415977 0.848912
v 0.147932 -0.404673 0.836070
v 0.158891 -0.400136 0.829884
v 0.125975 -0.409382 0.843115
v 0.104605 -0.415391 0.849354
v 0.084955 -0.417927 0.851409
v 0.091437 -0.418300 0.854295
v 0.099510 -0.417927 0.861478
v 0.107954 -0.417783 0.862016
v 0.099297 -0.418300 0.865166
v 0.096357 -0.418300 0.871937
v 0.127286 -0.412216 0.847021
v 0.092754 -0.417927 0.876196
v 0.109280 -0.416289 0.872884
v 0.130161 -0.415301 0.858312
v 0.151098 -0.409086 0.837669
v 0.154524 -0.411938 0.840257
v 0.159651 -0.404673 0.831112
v 0.160690 -0.409001 0.833193
v 0.167585 -0.404698 0.826003
v 0.167041 -0.400136 0.824605
v 0.168055 -0.408955 0.827977
v 0.168267 -0.411771 0.832810
v 0.161563 -0.411900 0.837209
v 0.162527 -0.413115 0.849597
v 0.164688 -0.411813 0.858735
v 0.132269 -0.414786 0.867642
v 0.165528 -0.405762 0.865619
v 0.133150 -0.407997 0.874575
v 0.109803 -0.409005 0.879900
v 0.165569 -0.400136 0.866488
v 0.165528 -0.394511 0.865619
v 0.095017 -0.409772 0.883765
v 0.079232 -0.409990 0.887143
v 0.078707 -0.417927 0.881792
v 0.061952 -0.409990 0.889799
v 0.061710 -0.417927 0.885276
v 0.133150 -0.392276 0.874575
v 0.164688 -0.388459 0.858735
v 0.109803 -0.391267 0.879900
v 0.132269 -0.385487 0.867642
v 0.162527 -0.387158 0.849597
v 0.095017 -0.390500 0.883765
v 0.109280 -0.383984 0.872884
v 0.079232 -0.390282 0.887143
v 0.130161 -0.384971 0.858312
v 0.061952 -0.390282 0.889799
v 0.061710 -0.382345 0.885276
v 0.078707 -0.382345 0.881792
v 0.092754 -0.382345 0.876196
v 0.096688 -0.382345 0.872039
v 0.107954 -0.382488 0.862016
v 0.099716 -0.381972 0.861556
v 0.098493 -0.382345 0.858626
v 0.094625 -0.382345 0.854468
v 0.104605 -0.384882 0.849354
v 0.089574 -0.383075 0.851187
v 0.083645 -0.384295 0.848912
v 0.127286 -0.388057 0.847021
v 0.082649 -0.387290 0.846071
v 0.102220 -0.388612 0.845137
v 0.081711 -0.393027 0.844190
v 0.100768 -0.393089 0.843103
v 0.124750 -0.395243 0.840933
v 0.125975 -0.390890 0.843115
v 0.147932 -0.395599 0.836070
v 0.151098 -0.391185 0.837669
v 0.159651 -0.395599 0.831112
v 0.154524 -0.388334 0.840257
v 0.160690 -0.391271 0.833193
v 0.161563 -0.388372 0.837209
v 0.168267 -0.388501 0.832810
v 0.168055 -0.391318 0.827977
v 0.167585 -0.395575 0.826003
v 0.092965 -0.400136 0.817152
v 0.070073 -0.397437 0.842314
v 0.070292 -0.398106 0.841574
v 0.065975 -0.397263 0.838832
v 0.066538 -0.397931 0.838303
v 0.063195 -0.396437 0.833638
v 0.070292 -0.402167 0.841574
v 0.070073 -0.402835 0.842314
v 0.065975 -0.403010 0.838832
v 0.066538 -0.402340 0.838303
v 0.063195 -0.403835 0.833638
v 0.063929 -0.397106 0.833400
v 0.063129 -0.395770 0.827371
v 0.063929 -0.403166 0.833400
v 0.063129 -0.404502 0.827371
v 0.063889 -0.396438 0.827508
v 0.065656 -0.395282 0.821894
v 0.063889 -0.403834 0.827508
v 0.065656 -0.404989 0.821894
v 0.066311 -0.395951 0.822303
v 0.074811 -0.395283 0.815188
v 0.066311 -0.404321 0.822303
v 0.074811 -0.404988 0.815188
v 0.075026 -0.395952 0.815928
v 0.087216 -0.395646 0.814206
v 0.075026 -0.404320 0.815928
v 0.087216 -0.404625 0.814206
v 0.087166 -0.396315 0.814976
v 0.101097 -0.396285 0.817216
v 0.087166 -0.403957 0.814976
v 0.101097 -0.403987 0.817216
v 0.100797 -0.397209 0.817928
v 0.110833 -0.396696 0.824528
v 0.100797 -0.403064 0.817928
v 0.110833 -0.403575 0.824528
v 0.110209 -0.397365 0.824983
v 0.114348 -0.397739 0.835146
v 0.110209 -0.402907 0.824983
v 0.114348 -0.402533 0.835146
v 0.118420 -0.398054 0.838758
v 0.118420 -0.402218 0.838758
v 0.118222 -0.398722 0.839504
v 0.123432 -0.397772 0.840337
v 0.118222 -0.401549 0.839504
v 0.123432 -0.402500 0.840337
v 0.123432 -0.398440 0.841108
v 0.123432 -0.401832 0.841108
v 0.063000 -0.400136 0.890218
v 0.099411 -0.400136 0.884824
v 0.031348 -0.408579 0.895436
v 0.028807 -0.408265 0.893550
v 0.031665 -0.412187 0.893876
v 0.022817 -0.409220 0.892164
v -0.065988 -0.402989 0.889711
v 0.028800 -0.410900 0.891890
v 0.031999 -0.415682 0.890394
v 0.028939 -0.413056 0.889680
v 0.031783 -0.416794 0.887658
v 0.031498 -0.417230 0.884944
v 0.030578 -0.417599 0.882766
v 0.028791 -0.414619 0.887277
v 0.029027 -0.417780 0.880889
v 0.027197 -0.415599 0.884412
v 0.026397 -0.417739 0.879172
v 0.022711 -0.417771 0.878888
v -0.024762 -0.418300 0.875000
v -0.024702 -0.417275 0.876522
v -0.024828 -0.414503 0.881101
v 0.022401 -0.415454 0.884188
v -0.025772 -0.414015 0.881542
v -0.065878 -0.408742 0.887506
v -0.073530 -0.412744 0.879271
v -0.153459 -0.410562 0.878171
v -0.153333 -0.411313 0.875657
v -0.153675 -0.407770 0.882523
v -0.153800 -0.402904 0.885036
v -0.205076 -0.402617 0.882335
v -0.204953 -0.407556 0.879862
v -0.204739 -0.410270 0.875576
v -0.309245 -0.402721 0.876892
v -0.309126 -0.407187 0.874486
v -0.308918 -0.409766 0.870318
v -0.308678 -0.409766 0.865506
v -0.204493 -0.410270 0.870629
v -0.308001 -0.409766 0.851927
v -0.203823 -0.410270 0.857185
v -0.307762 -0.409766 0.847114
v -0.203577 -0.410270 0.852237
v -0.307554 -0.407187 0.842947
v -0.203362 -0.407556 0.847951
v -0.307435 -0.402721 0.840541
v -0.203233 -0.402856 0.845398
v -0.307435 -0.397552 0.840541
v -0.203233 -0.397416 0.845398
v -0.203362 -0.392716 0.847951
v -0.307554 -0.393085 0.842947
v -0.203577 -0.390002 0.852237
v -0.307762 -0.390507 0.847114
v -0.203823 -0.390002 0.857185
v -0.308001 -0.390507 0.851927
v 0.031348 -0.391694 0.895436
v 0.031665 -0.388084 0.893876
v 0.028807 -0.392008 0.893550
v 0.022817 -0.391053 0.892164
v -0.065988 -0.397284 0.889711
v 0.028800 -0.389372 0.891890
v 0.031999 -0.384591 0.890394
v -0.065878 -0.391530 0.887506
v 0.031783 -0.383479 0.887658
v 0.028939 -0.387216 0.889680
v 0.031498 -0.383041 0.884944
v 0.028791 -0.385653 0.887277
v 0.030578 -0.382674 0.882766
v 0.027197 -0.384673 0.884412
v 0.029027 -0.382492 0.880889
v 0.026397 -0.382534 0.879172
v 0.022711 -0.382500 0.878888
v -0.025015 -0.382996 0.876506
v -0.025075 -0.381972 0.874984
v -0.025140 -0.385769 0.881085
v 0.022401 -0.384818 0.884188
v -0.025848 -0.386258 0.881538
v -0.073530 -0.387529 0.879271
v -0.153333 -0.388959 0.875657
v -0.153459 -0.389710 0.878171
v -0.153675 -0.392503 0.882523
v -0.153800 -0.397368 0.885036
v -0.205076 -0.397655 0.882335
v -0.204953 -0.392716 0.879862
v -0.204739 -0.390002 0.875576
v -0.309126 -0.393085 0.874486
v -0.309245 -0.397552 0.876892
v -0.308918 -0.390507 0.870318
v -0.308678 -0.390507 0.865506
v -0.204493 -0.390002 0.870629
v 0.321768 -0.400136 0.774221
v 0.321631 -0.405955 0.775042
v 0.319759 -0.415140 0.783850
v 0.218921 -0.413683 0.813449
v 0.212184 -0.414984 0.825964
v 0.318299 -0.416524 0.796616
v 0.204057 -0.413203 0.851558
v 0.315227 -0.414721 0.836739
v 0.198828 -0.408333 0.865903
v 0.202942 -0.408993 0.866762
v 0.314906 -0.410391 0.859077
v 0.199751 -0.405727 0.870702
v 0.202810 -0.406081 0.871761
v 0.315035 -0.406552 0.867399
v 0.199979 -0.402988 0.872661
v 0.315117 -0.403671 0.869339
v 0.202872 -0.402988 0.873529
v 0.315275 -0.400136 0.869839
v 0.315117 -0.396602 0.869339
v 0.202975 -0.400136 0.873931
v 0.315035 -0.393721 0.867399
v 0.202872 -0.397284 0.873529
v 0.200088 -0.400136 0.873070
v 0.314906 -0.389881 0.859077
v 0.202810 -0.394192 0.871761
v 0.199979 -0.397284 0.872661
v 0.188227 -0.400136 0.863627
v 0.199751 -0.394545 0.870702
v 0.198828 -0.391940 0.865903
v 0.202942 -0.391280 0.866762
v 0.204057 -0.387069 0.851558
v 0.315227 -0.385552 0.836739
v 0.318299 -0.383748 0.796616
v 0.212184 -0.385288 0.825964
v 0.319759 -0.385132 0.783850
v 0.218921 -0.386589 0.813449
v 0.321631 -0.394317 0.775042
v 0.089490 -0.400136 0.838682
v 0.063957 -0.400136 0.893494
v 0.068643 -0.400136 0.892658
v 0.080900 -0.400136 0.889854
v 0.085493 -0.400136 0.889822
v 0.088118 -0.400136 0.890556
v 0.090555 -0.400136 0.891928
v 0.092372 -0.400136 0.893718
v 0.094721 -0.400136 0.895200
v 0.097470 -0.400136 0.895544
v 0.099680 -0.400136 0.895222
v 0.101472 -0.400136 0.894308
v 0.102571 -0.400136 0.892682
v 0.102979 -0.400136 0.890603
v 0.102507 -0.400136 0.888350
v 0.101374 -0.400136 0.886432
v -0.015860 -0.413529 0.868178
v 0.035245 -0.413529 0.869313
v -0.021553 -0.413208 0.866385
v -0.019262 -0.413529 0.867467
v 0.035379 -0.413305 0.866621
v -0.025042 -0.412447 0.863612
v -0.027856 -0.411420 0.858448
v 0.035638 -0.412163 0.861421
v 0.035745 -0.409969 0.859268
v -0.028300 -0.409362 0.856346
v -0.028381 -0.403556 0.853526
v 0.035890 -0.403779 0.856360
v 0.035890 -0.396493 0.856360
v -0.028381 -0.396715 0.853526
v -0.028299 -0.390909 0.856346
v 0.035745 -0.390303 0.859268
v -0.027856 -0.388851 0.858448
v 0.035638 -0.388108 0.861421
v -0.025042 -0.387824 0.863612
v 0.035379 -0.386967 0.866621
v -0.021553 -0.387063 0.866385
v 0.035245 -0.386743 0.869313
v -0.015860 -0.386743 0.868178
v -0.019262 -0.386743 0.867467
v -0.238426 -0.408953 0.859016
v -0.237651 -0.408925 0.857766
v -0.237713 -0.408019 0.858999
v -0.238373 -0.409882 0.857960
v -0.237538 -0.409956 0.855482
v -0.240562 -0.409882 0.857852
v -0.240615 -0.408953 0.858907
v -0.241321 -0.408019 0.858819
v -0.241260 -0.408925 0.857586
v -0.240449 -0.411401 0.855585
v -0.241145 -0.409956 0.855302
v -0.238260 -0.411401 0.855694
v -0.237416 -0.410307 0.853031
v -0.240308 -0.411777 0.852747
v -0.241024 -0.410307 0.852851
v -0.238119 -0.411777 0.852856
v -0.237293 -0.409956 0.850581
v -0.240166 -0.411350 0.849897
v -0.240902 -0.409956 0.850401
v -0.237977 -0.411350 0.850006
v -0.237180 -0.408925 0.848296
v -0.240041 -0.410216 0.847383
v -0.240787 -0.408925 0.848117
v -0.237851 -0.410216 0.847492
v -0.237082 -0.407288 0.846335
v -0.239925 -0.408343 0.845053
v -0.240690 -0.407288 0.846156
v -0.237735 -0.408343 0.845163
v -0.237007 -0.405153 0.844830
v -0.239839 -0.405741 0.843335
v -0.240615 -0.405153 0.844651
v -0.237650 -0.405741 0.843444
v -0.236960 -0.402668 0.843885
v -0.283708 -0.402899 0.840127
v -0.240568 -0.402668 0.843705
v -0.280801 -0.402899 0.840271
v -0.240553 -0.400136 0.843398
v -0.236945 -0.400136 0.843578
v -0.283697 -0.400136 0.839910
v -0.280790 -0.400136 0.840054
v -0.280801 -0.397372 0.840271
v -0.236960 -0.397604 0.843885
v -0.283708 -0.397372 0.840127
v -0.240568 -0.397604 0.843705
v -0.240615 -0.395119 0.844651
v -0.237650 -0.394531 0.843443
v -0.237007 -0.395119 0.844830
v -0.239839 -0.394531 0.843335
v -0.240690 -0.392984 0.846156
v -0.237735 -0.391929 0.845163
v -0.237082 -0.392984 0.846335
v -0.239925 -0.391929 0.845053
v -0.240787 -0.391346 0.848117
v -0.237851 -0.390056 0.847492
v -0.237180 -0.391346 0.848296
v -0.240041 -0.390056 0.847383
v -0.240902 -0.390317 0.850401
v -0.237977 -0.388923 0.850006
v -0.237293 -0.390317 0.850581
v -0.240167 -0.388923 0.849897
v -0.241024 -0.389966 0.852851
v -0.238119 -0.388494 0.852856
v -0.237416 -0.389966 0.853031
v -0.240308 -0.388494 0.852747
v -0.241145 -0.390317 0.855302
v -0.238261 -0.388872 0.855694
v -0.237538 -0.390317 0.855482
v -0.240449 -0.388872 0.855585
v -0.241260 -0.391346 0.857586
v -0.238373 -0.390390 0.857960
v -0.237651 -0.391346 0.857766
v -0.240562 -0.390390 0.857852
v -0.241321 -0.392253 0.858819
v -0.240615 -0.391319 0.858907
v -0.238426 -0.391319 0.859016
v -0.237713 -0.392253 0.858999
v -0.370514 -0.400136 0.876072
v -0.322670 -0.400136 0.878460
v -0.273151 -0.400136 0.880936
v -0.221981 -0.400136 0.883493
v -0.166039 -0.400136 0.886577
v -0.109562 -0.400136 0.889666
v -0.030124 -0.419738 0.879501
v -0.030047 -0.418606 0.881058
v -0.085047 -0.420702 0.869291
v -0.085130 -0.413250 0.879992
v -0.079867 -0.412744 0.878955
v -0.085142 -0.417544 0.878859
v -0.085133 -0.418915 0.877429
v -0.153878 -0.414527 0.876507
v -0.153930 -0.411516 0.877533
v -0.144730 -0.411313 0.876086
v -0.195825 -0.410451 0.876322
v -0.195223 -0.409377 0.875186
v -0.202374 -0.409340 0.873918
v -0.153829 -0.415981 0.875029
v -0.191578 -0.413303 0.875350
v -0.202889 -0.410571 0.875369
v -0.153640 -0.418250 0.867961
v -0.204800 -0.410799 0.873283
v -0.203943 -0.409408 0.872393
v -0.198676 -0.411876 0.875258
v -0.199744 -0.412578 0.873648
v -0.191777 -0.414675 0.873814
v -0.202022 -0.413979 0.867808
v -0.206780 -0.411021 0.868261
v -0.205576 -0.409703 0.867722
v -0.203433 -0.407518 0.867307
v -0.208730 -0.411250 0.856203
v -0.208724 -0.410492 0.856191
v -0.205357 -0.408911 0.856359
v -0.192146 -0.416194 0.867914
v -0.204417 -0.414686 0.856672
v -0.192949 -0.417893 0.856771
v -0.204281 -0.414090 0.849101
v -0.153549 -0.419677 0.856739
v -0.193701 -0.417028 0.848919
v -0.084844 -0.421245 0.857822
v -0.153248 -0.418922 0.847760
v -0.084525 -0.420649 0.848483
v -0.194644 -0.414299 0.840969
v -0.084284 -0.419450 0.840154
v -0.153159 -0.416293 0.839968
v -0.084124 -0.413311 0.836394
v -0.153225 -0.411994 0.836710
v -0.195152 -0.410557 0.838330
v -0.198485 -0.413790 0.841315
v -0.153177 -0.400136 0.835772
v -0.084079 -0.400136 0.835495
v -0.084124 -0.386962 0.836394
v -0.084284 -0.380822 0.840154
v -0.153225 -0.388279 0.836710
v -0.084525 -0.379624 0.848483
v -0.153159 -0.383979 0.839968
v -0.195152 -0.389716 0.838330
v -0.084844 -0.379028 0.857822
v -0.153248 -0.381350 0.847760
v -0.085047 -0.379570 0.869291
v -0.153549 -0.380595 0.856739
v -0.194644 -0.385973 0.840969
v -0.193701 -0.383244 0.848919
v -0.192949 -0.382380 0.856771
v -0.204281 -0.386183 0.849101
v -0.198485 -0.386483 0.841315
v -0.153640 -0.382023 0.867961
v -0.202843 -0.390344 0.839710
v -0.203456 -0.386838 0.845197
v -0.195235 -0.400136 0.837051
v -0.206754 -0.390322 0.844047
v -0.202843 -0.409928 0.839710
v -0.203772 -0.400136 0.838625
v -0.208549 -0.400136 0.843387
v -0.206754 -0.409951 0.844047
v -0.203457 -0.413434 0.845197
v -0.208077 -0.410682 0.848987
v -0.209155 -0.405737 0.845655
v -0.208106 -0.409752 0.849147
v -0.207142 -0.408222 0.849196
v -0.208438 -0.405326 0.846219
v -0.208781 -0.400136 0.844339
v -0.208365 -0.400136 0.844888
v -0.208438 -0.394946 0.846219
v -0.209155 -0.394536 0.845655
v -0.208106 -0.390521 0.849147
v -0.207142 -0.392051 0.849196
v -0.205357 -0.391362 0.856359
v -0.208077 -0.389591 0.848987
v -0.208724 -0.389779 0.856191
v -0.203433 -0.392755 0.867307
v -0.208730 -0.389022 0.856203
v -0.205576 -0.390570 0.867722
v -0.203943 -0.390865 0.872393
v -0.204417 -0.385586 0.856672
v -0.206780 -0.389251 0.868261
v -0.204800 -0.389474 0.873283
v -0.202374 -0.390933 0.873918
v -0.202022 -0.386294 0.867808
v -0.192146 -0.384078 0.867914
v -0.191777 -0.385597 0.873814
v -0.199744 -0.387694 0.873648
v -0.202889 -0.389702 0.875369
v -0.195223 -0.390896 0.875186
v -0.198676 -0.388396 0.875258
v -0.195825 -0.389821 0.876322
v -0.144730 -0.388959 0.876086
v -0.191578 -0.386969 0.875350
v -0.153829 -0.384292 0.875029
v -0.153878 -0.385745 0.876507
v -0.153930 -0.388756 0.877533
v -0.079867 -0.387529 0.878955
v -0.085133 -0.381357 0.877429
v -0.085130 -0.387021 0.879992
v -0.085142 -0.382728 0.878859
v -0.030124 -0.380533 0.879501
v -0.030047 -0.381666 0.881058
v 0.034095 -0.389109 0.892401
v 0.033927 -0.393225 0.895768
v 0.034419 -0.386914 0.885889
v 0.033927 -0.407047 0.895768
v 0.034095 -0.411163 0.892401
v 0.034419 -0.413359 0.885889
v -0.165985 -0.400136 0.885523
v -0.221918 -0.400136 0.882279
v -0.273093 -0.400136 0.879808
v -0.322612 -0.400136 0.877333
v -0.370455 -0.400136 0.874945
v -0.378092 -0.400136 0.874568
v 0.069874 -0.402229 0.842984
v 0.065467 -0.402402 0.839309
v 0.069874 -0.398044 0.842984
v 0.065467 -0.397869 0.839309
v 0.062531 -0.397044 0.833852
v 0.062531 -0.403228 0.833852
v 0.062442 -0.396376 0.827247
v 0.062442 -0.403896 0.827247
v 0.065065 -0.395890 0.821524
v 0.065065 -0.404383 0.821524
v 0.074616 -0.395890 0.814518
v 0.074616 -0.404382 0.814518
v 0.087260 -0.404019 0.813509
v 0.087260 -0.396253 0.813509
v 0.101368 -0.403380 0.816574
v 0.101368 -0.396891 0.816574
v 0.111396 -0.402969 0.824116
v 0.111396 -0.397303 0.824116
v 0.115184 -0.401926 0.834451
v 0.115184 -0.398346 0.834451
v 0.118598 -0.401611 0.838083
v 0.118598 -0.398661 0.838083
v 0.123432 -0.401893 0.839640
v 0.123432 -0.398378 0.839640
v 0.129798 -0.401812 0.838828
v 0.129798 -0.398461 0.838828
v -0.270181 -0.400136 0.879884
v -0.273483 -0.398955 0.880924
v -0.270240 -0.400136 0.881097
v -0.273483 -0.401318 0.880924
v -0.273421 -0.398972 0.879684
v -0.273421 -0.401301 0.879684
v -0.276421 -0.400136 0.880789
v -0.276357 -0.400136 0.879577
v -0.244347 -0.400136 0.881180
v -0.247736 -0.398872 0.882220
v -0.244405 -0.400136 0.882399
v -0.247736 -0.401400 0.882220
v -0.247674 -0.398889 0.880975
v -0.247674 -0.401383 0.880975
v -0.250752 -0.400136 0.882082
v -0.250689 -0.400136 0.880864
v -0.391010 -0.400136 0.873923
v -0.394080 -0.398866 0.874903
v -0.391065 -0.400136 0.875065
v -0.394080 -0.401406 0.874903
v -0.394022 -0.398883 0.873737
v -0.394022 -0.401388 0.873737
v -0.396814 -0.400136 0.874779
v -0.396755 -0.400136 0.873638
v -0.367618 -0.400136 0.875052
v -0.370719 -0.398897 0.876104
v -0.367677 -0.400136 0.876269
v -0.370719 -0.401376 0.876104
v -0.370657 -0.398914 0.874862
v -0.370657 -0.401358 0.874862
v -0.373477 -0.400136 0.875980
v -0.373414 -0.400136 0.874763
v -0.343785 -0.400136 0.876262
v -0.346920 -0.398921 0.877267
v -0.343841 -0.400136 0.877433
v -0.346920 -0.401351 0.877267
v -0.346861 -0.398938 0.876071
v -0.346861 -0.401333 0.876071
v -0.349711 -0.400136 0.877140
v -0.349649 -0.400136 0.875969
v -0.319498 -0.400136 0.877465
v -0.322678 -0.398943 0.878483
v -0.319554 -0.400136 0.878651
v -0.322678 -0.401329 0.878483
v -0.322618 -0.398961 0.877271
v -0.322617 -0.401312 0.877271
v -0.325508 -0.400136 0.878354
v -0.325447 -0.400136 0.877168
v -0.294930 -0.400136 0.878641
v -0.298168 -0.398944 0.879687
v -0.294988 -0.400136 0.879857
v -0.298168 -0.401328 0.879687
v -0.298106 -0.398961 0.878444
v -0.298106 -0.401311 0.878444
v -0.301049 -0.400136 0.879556
v -0.300986 -0.400136 0.878340
v -0.218099 -0.400136 0.882446
v -0.221574 -0.398876 0.883547
v -0.218161 -0.400136 0.883731
v -0.221574 -0.401395 0.883547
v -0.221508 -0.398894 0.882234
v -0.221508 -0.401378 0.882234
v -0.224662 -0.400136 0.883407
v -0.224597 -0.400136 0.882122
v -0.190850 -0.400136 0.884012
v -0.194412 -0.398874 0.885014
v -0.190906 -0.400136 0.885200
v -0.194412 -0.401399 0.885014
v -0.194351 -0.398891 0.883800
v -0.194351 -0.401381 0.883800
v -0.197584 -0.400136 0.884868
v -0.197522 -0.400136 0.883680
v -0.162653 -0.400136 0.885657
v -0.166324 -0.398797 0.886565
v -0.162705 -0.400136 0.886757
v -0.166324 -0.401474 0.886565
v -0.166268 -0.398814 0.885442
v -0.166268 -0.401457 0.885442
v -0.169598 -0.400136 0.886413
v -0.169540 -0.400136 0.885314
v -0.134938 -0.400136 0.887179
v -0.138726 -0.398713 0.888080
v -0.134990 -0.400136 0.888278
v -0.138726 -0.401559 0.888080
v -0.138670 -0.398730 0.886957
v -0.138670 -0.401542 0.886957
v -0.142106 -0.400136 0.887923
v -0.142049 -0.400136 0.886824
v 0.219070 -0.400136 0.798034
v 0.219053 -0.400136 0.798031
v 0.209381 -0.411050 0.796831
v 0.209381 -0.389223 0.796831
v 0.211402 -0.400136 0.796776
v 0.203771 -0.388011 0.796165
v 0.211405 -0.400136 0.796777
v 0.203771 -0.412261 0.796165
v 0.202348 -0.400136 0.795426
v 0.202340 -0.400136 0.795424
v 0.196790 -0.412070 0.795453
v 0.196790 -0.388202 0.795453
v 0.189812 -0.410133 0.794626
v 0.189812 -0.390140 0.794626
v 0.190761 -0.400136 0.794259
v 0.185657 -0.394351 0.794145
v 0.190759 -0.400136 0.794259
v 0.184449 -0.400136 0.794003
v 0.185657 -0.405921 0.794145
v 0.412317 -0.400136 0.760845
v 0.412270 -0.405975 0.761715
v 0.412270 -0.394298 0.761715
v 0.412557 -0.400136 0.768476
v 0.411741 -0.415867 0.771033
v 0.411741 -0.384405 0.771033
v 0.410687 -0.417359 0.784315
v 0.412523 -0.400136 0.784764
v 0.410041 -0.415416 0.827530
v 0.410687 -0.382914 0.784315
v 0.410041 -0.384857 0.827530
v 0.411849 -0.400136 0.836502
v 0.411784 -0.389520 0.850279
v 0.411784 -0.410753 0.850279
v 0.412165 -0.393654 0.859013
v 0.412430 -0.400136 0.848535
v 0.412198 -0.396757 0.861163
v 0.412165 -0.406617 0.859013
v 0.412197 -0.400136 0.861606
v 0.412198 -0.403514 0.861163
v -0.246365 -0.408960 0.860268
v -0.247013 -0.407291 0.863298
v -0.246856 -0.407291 0.860133
v -0.245272 -0.408960 0.858639
v -0.245681 -0.407291 0.858382
v -0.246512 -0.408960 0.863213
v -0.246018 -0.407291 0.865159
v -0.233998 -0.408961 0.859202
v -0.233561 -0.407291 0.858986
v -0.233060 -0.408961 0.860932
v -0.232552 -0.407291 0.860846
v -0.245586 -0.408960 0.864943
v -0.233898 -0.407291 0.865761
v -0.234312 -0.408961 0.865504
v -0.232711 -0.407291 0.864011
v -0.233207 -0.408961 0.863875
v -0.247013 -0.392981 0.863298
v -0.246365 -0.391313 0.860268
v -0.246856 -0.392981 0.860133
v -0.245272 -0.391313 0.858639
v -0.245681 -0.392981 0.858382
v -0.246512 -0.391313 0.863213
v -0.246018 -0.392981 0.865159
v -0.233998 -0.391312 0.859202
v -0.233561 -0.392980 0.858986
v -0.233060 -0.391312 0.860932
v -0.232552 -0.392980 0.860846
v -0.245586 -0.391313 0.864943
v -0.233898 -0.392980 0.865761
v -0.233207 -0.391312 0.863875
v -0.232711 -0.392980 0.864011
v -0.234312 -0.391312 0.865504
v -0.430946 -0.398439 1.005543
v -0.425614 -0.388893 1.012079
v -0.431548 -0.388893 1.010875
v -0.425958 -0.399987 1.006489
v -0.430000 -0.402223 0.997459
v -0.385796 -0.398353 1.010187
v -0.386398 -0.388893 1.014831
v -0.367478 -0.388893 1.018357
v -0.353632 -0.388893 1.024205
v -0.425872 -0.403943 0.998319
v -0.354922 -0.398783 1.019475
v -0.248196 -0.388893 1.017497
v -0.384936 -0.402739 1.001759
v -0.247422 -0.394569 1.015519
v -0.424496 -0.403857 0.971401
v -0.428882 -0.401277 0.971057
v -0.246906 -0.397579 1.012165
v -0.423120 -0.401965 0.948353
v -0.428624 -0.400245 0.948525
v -0.246734 -0.399213 0.998491
v -0.422346 -0.398267 0.918855
v -0.429742 -0.396977 0.918597
v -0.430516 -0.392075 0.907761
v -0.246562 -0.398267 0.979399
v -0.421486 -0.392505 0.908879
v -0.421486 -0.388893 0.908191
v -0.430602 -0.388893 0.906901
v -0.430516 -0.385711 0.907761
v -0.250432 -0.388893 0.957641
v -0.421486 -0.385281 0.908879
v -0.429742 -0.380809 0.918597
v -0.247336 -0.393967 0.962457
v -0.243896 -0.392419 0.958243
v -0.246046 -0.388893 0.957039
v -0.241230 -0.393881 0.962715
v -0.242606 -0.388893 0.953943
v -0.241316 -0.393451 0.955061
v -0.236844 -0.394655 0.961597
v -0.223256 -0.394913 0.979227
v -0.243896 -0.385367 0.958243
v -0.241316 -0.384335 0.955061
v -0.221192 -0.394999 0.988171
v -0.212162 -0.395429 0.994449
v -0.218354 -0.396891 1.003823
v -0.212678 -0.395945 1.005027
v -0.218698 -0.395257 1.011993
v -0.208206 -0.394655 1.006145
v -0.205540 -0.393537 1.003995
v -0.204594 -0.391817 1.007177
v -0.212076 -0.393451 1.012165
v -0.219214 -0.393365 1.014659
v -0.217150 -0.388893 1.015261
v -0.210700 -0.388893 1.014659
v -0.212936 -0.392247 1.014315
v -0.211474 -0.390699 1.014401
v -0.207948 -0.390613 1.012251
v -0.207088 -0.388893 1.012509
v -0.203390 -0.388893 1.008811
v -0.241230 -0.383905 0.962715
v -0.236844 -0.383131 0.961597
v -0.223256 -0.382873 0.979227
v -0.247336 -0.383819 0.962457
v -0.223084 -0.382787 0.987311
v -0.212420 -0.382099 0.994879
v -0.234866 -0.380293 0.976217
v -0.422346 -0.379519 0.918855
v -0.428624 -0.377541 0.948525
v -0.247594 -0.382529 0.966757
v -0.423120 -0.375821 0.948353
v -0.428882 -0.376509 0.971057
v -0.334454 -0.379949 0.944053
v -0.424496 -0.373929 0.971401
v -0.430000 -0.375563 0.997459
v -0.334368 -0.369457 0.950159
v -0.425872 -0.373757 0.998319
v -0.245186 -0.376165 0.974497
v -0.425958 -0.377799 1.006489
v -0.430946 -0.379347 1.005543
v -0.384936 -0.375047 1.001759
v -0.385796 -0.379433 1.010187
v -0.361888 -0.377713 0.967187
v -0.363436 -0.375821 1.005543
v -0.366618 -0.380207 1.013885
v -0.360082 -0.378143 0.958673
v -0.355524 -0.369629 0.969251
v -0.357588 -0.372725 1.011907
v -0.356470 -0.378487 1.021109
v -0.356470 -0.372123 1.013111
v -0.355094 -0.378229 1.021711
v -0.354492 -0.367909 0.969595
v -0.247336 -0.383045 1.016035
v -0.246906 -0.380207 1.012165
v -0.216290 -0.384421 1.014401
v -0.353632 -0.367307 0.962371
v -0.354492 -0.369027 0.961855
v -0.351740 -0.368769 0.957039
v -0.351052 -0.367049 0.957469
v -0.356384 -0.378659 0.952997
v -0.344172 -0.368855 0.951277
v -0.347526 -0.379347 0.945859
v -0.343742 -0.367135 0.952051
v -0.334454 -0.367737 0.951019
v -0.244928 -0.375047 0.975529
v -0.234694 -0.375993 0.979141
v -0.223600 -0.379003 0.989719
v -0.216032 -0.382529 1.011821
v -0.211560 -0.383561 1.011649
v -0.208292 -0.384593 1.006145
v -0.205540 -0.384249 1.003995
v -0.204594 -0.385969 1.007177
v -0.212936 -0.385539 1.014315
v -0.207948 -0.387173 1.012251
v -0.211474 -0.387087 1.014401
v -0.101566 -0.382357 1.041233
v -0.073186 -0.382529 1.042867
v -0.073358 -0.382357 1.039685
v -0.101136 -0.382443 1.044415
v -0.101136 -0.395343 1.044415
v -0.073358 -0.395429 1.039685
v -0.073186 -0.395257 1.042867
v -0.101308 -0.395429 1.041147
v -0.074218 -0.377627 1.022743
v -0.102426 -0.372725 1.024377
v -0.090988 -0.372725 1.023861
v -0.102426 -0.377541 1.024119
v -0.102082 -0.375821 1.030655
v -0.090644 -0.372811 1.030397
v -0.102082 -0.372725 1.030999
v -0.073874 -0.375907 1.029193
v -0.101910 -0.395859 1.034697
v -0.073702 -0.398439 1.033235
v -0.101910 -0.398439 1.034697
v -0.073702 -0.395859 1.033235
v -0.074132 -0.395859 1.025151
v -0.102340 -0.398439 1.026699
v -0.074132 -0.398439 1.025151
v -0.102340 -0.395859 1.026699
v -0.012040 -0.398439 1.021969
v -0.013072 -0.398439 1.022743
v -0.011782 -0.398525 1.026011
v -0.013760 -0.398439 1.022055
v -0.081442 -0.392075 0.984301
v -0.081700 -0.385711 0.979743
v -0.081442 -0.385711 0.984301
v -0.081700 -0.392075 0.979743
v -0.120830 -0.388119 0.961425
v -0.120056 -0.389667 0.961769
v -0.120830 -0.389667 0.961425
v -0.120056 -0.388119 0.961769
v -0.431548 -0.388893 0.907761
v -0.100964 -0.379175 1.034439
v -0.011696 -0.381841 1.029881
v -0.011696 -0.379175 1.029795
v -0.100964 -0.381841 1.034525
v -0.012126 -0.379347 1.021797
v -0.101394 -0.382013 1.026527
v -0.101394 -0.379347 1.026441
v -0.012126 -0.382013 1.021883
v -0.011696 -0.398353 1.030139
v -0.100964 -0.395773 1.034783
v -0.100964 -0.398353 1.034783
v -0.011696 -0.395773 1.030139
v -0.101394 -0.398525 1.026785
v -0.012126 -0.395945 1.022055
v -0.012126 -0.398525 1.022141
v -0.101394 -0.395945 1.026699
v -0.111370 -0.394311 1.031601
v -0.102512 -0.390183 1.025495
v -0.111628 -0.390183 1.026011
v -0.102254 -0.394311 1.031085
v -0.111198 -0.413489 1.009758
v -0.114724 -0.426647 1.006661
v -0.110940 -0.416585 1.013971
v -0.114982 -0.423551 1.002447
v -0.120056 -0.432839 0.996427
v -0.119884 -0.435419 1.000039
v 0.246131 -0.388807 1.022658
v 0.025627 -0.383389 1.033493
v 0.025713 -0.388893 1.034956
v 0.246131 -0.383905 1.021368
v 0.025455 -0.379433 1.029537
v 0.245873 -0.380121 1.017584
v 0.025111 -0.377971 1.024033
v 0.480739 -0.381668 1.004512
v 0.480911 -0.384764 1.007521
v 0.480481 -0.380550 1.000384
v 0.480911 -0.388892 1.008640
v 0.245615 -0.378831 1.012510
v 0.025025 -0.378315 1.021195
v 0.480395 -0.380894 0.998233
v 0.245529 -0.379089 1.010015
v 0.480223 -0.383044 0.994536
v 0.245271 -0.381669 1.005543
v 0.480137 -0.386742 0.992386
v 0.245099 -0.386399 1.002791
v 0.480137 -0.391042 0.992386
v 0.245099 -0.391559 1.002877
v 0.480223 -0.394740 0.994536
v 0.245271 -0.396117 1.005543
v 0.480395 -0.396890 0.998233
v 0.245529 -0.398697 1.010015
v 0.480481 -0.397148 1.000384
v 0.025111 -0.399815 1.024033
v 0.025025 -0.399471 1.021195
v 0.245615 -0.398955 1.012681
v 0.480739 -0.396116 1.004512
v 0.025455 -0.398353 1.029537
v 0.245873 -0.397579 1.017669
v 0.480911 -0.393020 1.007521
v 0.025627 -0.394397 1.033493
v 0.246131 -0.393967 1.021281
v 0.024595 -0.382615 1.037535
v 0.024595 -0.388893 1.037535
v 0.024595 -0.395171 1.037535
v 0.023735 -0.376509 1.020851
v 0.023907 -0.376079 1.024119
v 0.024251 -0.377799 1.030483
v 0.024423 -0.382529 1.034353
v -0.011266 -0.382443 1.036245
v -0.011094 -0.382615 1.039428
v -0.011266 -0.379777 1.035127
v -0.011438 -0.377541 1.031945
v -0.011782 -0.375993 1.026011
v -0.073616 -0.377455 1.035299
v -0.011954 -0.376423 1.022657
v -0.101738 -0.377541 1.037191
v -0.073444 -0.379691 1.038395
v -0.101566 -0.379605 1.039943
v -0.012126 -0.377713 1.019561
v 0.023563 -0.377799 1.017756
v -0.074046 -0.376337 1.025839
v -0.011266 -0.395343 1.036245
v 0.024251 -0.399987 1.030483
v 0.024423 -0.395257 1.034353
v -0.011438 -0.400073 1.032461
v 0.023907 -0.401707 1.024119
v -0.011610 -0.401363 1.029279
v -0.011782 -0.401793 1.026011
v 0.023735 -0.401277 1.020851
v -0.011954 -0.401363 1.022657
v 0.023563 -0.399987 1.017756
v -0.013072 -0.401363 1.022743
v -0.011954 -0.401105 1.021969
v -0.012126 -0.400073 1.019561
v -0.013760 -0.401105 1.022055
v -0.072240 -0.401191 1.025065
v -0.074218 -0.400159 1.022743
v -0.074132 -0.401191 1.025151
v -0.074046 -0.401449 1.025839
v -0.072842 -0.401449 1.025839
v -0.102254 -0.401535 1.027301
v -0.073874 -0.401879 1.029193
v -0.102426 -0.400245 1.024119
v -0.102082 -0.401965 1.030655
v -0.074390 -0.398095 1.020077
v -0.101910 -0.401535 1.034095
v -0.102598 -0.398181 1.021453
v -0.102684 -0.395429 1.019389
v -0.073702 -0.401449 1.032547
v -0.101738 -0.400245 1.037191
v -0.073530 -0.400159 1.035729
v -0.101566 -0.398181 1.039943
v -0.073444 -0.398095 1.038395
v -0.073186 -0.385281 1.042867
v -0.101136 -0.385281 1.044415
v -0.073186 -0.388893 1.042867
v -0.101136 -0.388893 1.044415
v -0.073186 -0.392505 1.042867
v -0.101136 -0.392505 1.044415
v -0.011610 -0.381927 1.029967
v -0.101910 -0.379261 1.034697
v -0.011610 -0.379261 1.029967
v -0.073702 -0.381927 1.033235
v -0.101910 -0.381927 1.034697
v -0.126678 -0.385711 0.981205
v -0.131408 -0.385711 0.985849
v -0.121948 -0.385711 0.985591
v -0.130462 -0.385711 0.976819
v -0.131580 -0.385711 0.976733
v -0.130376 -0.385711 0.968391
v -0.131150 -0.385711 0.967961
v -0.127538 -0.385711 0.963661
v -0.128054 -0.385711 0.962973
v -0.124098 -0.385711 0.960737
v -0.124442 -0.385711 0.959963
v -0.119540 -0.385711 0.959103
v -0.119454 -0.385711 0.958157
v -0.112660 -0.385711 0.958415
v -0.112660 -0.385711 0.957555
v -0.106898 -0.385711 0.958673
v -0.106554 -0.385711 0.957813
v -0.101738 -0.385711 0.959705
v -0.101136 -0.385711 0.958931
v -0.097352 -0.385711 0.961683
v -0.096750 -0.385711 0.960995
v -0.094428 -0.385711 0.964435
v -0.093482 -0.385711 0.963919
v -0.092106 -0.385711 0.967703
v -0.090730 -0.385711 0.967617
v -0.091934 -0.385711 0.971057
v -0.086086 -0.385711 0.970799
v -0.091590 -0.385711 0.976303
v -0.085054 -0.385711 0.976991
v -0.093482 -0.385711 0.980431
v -0.100018 -0.385711 0.985333
v -0.116530 -0.387001 0.981893
v -0.120142 -0.387001 0.984645
v -0.111886 -0.387001 0.984473
v -0.122034 -0.387173 0.977593
v -0.123840 -0.387173 0.977765
v -0.124012 -0.387345 0.972261
v -0.125216 -0.387345 0.972003
v -0.123066 -0.387431 0.966671
v -0.123754 -0.387431 0.966327
v -0.121518 -0.387689 0.963575
v -0.122378 -0.387689 0.963231
v -0.100018 -0.392075 0.985333
v -0.093482 -0.392075 0.980431
v -0.085054 -0.392075 0.976991
v -0.091590 -0.392075 0.976303
v -0.086086 -0.392075 0.970799
v -0.091934 -0.392075 0.971057
v -0.090730 -0.392075 0.967617
v -0.092106 -0.392075 0.967703
v -0.093482 -0.392075 0.963919
v -0.094428 -0.392075 0.964435
v -0.096750 -0.392075 0.960995
v -0.097352 -0.392075 0.961683
v -0.101136 -0.392075 0.958931
v -0.101738 -0.392075 0.959705
v -0.106554 -0.392075 0.957813
v -0.106898 -0.392075 0.958673
v -0.112660 -0.392075 0.957555
v -0.112660 -0.392075 0.958415
v -0.119454 -0.392075 0.958157
v -0.119540 -0.392075 0.959103
v -0.124442 -0.392075 0.959963
v -0.124098 -0.392075 0.960737
v -0.128054 -0.392075 0.962973
v -0.127538 -0.392075 0.963661
v -0.131150 -0.392075 0.967961
v -0.130376 -0.392075 0.968391
v -0.131580 -0.392075 0.976733
v -0.130462 -0.392075 0.976819
v -0.131408 -0.392075 0.985849
v -0.126678 -0.392075 0.981205
v -0.121948 -0.392075 0.985591
v -0.122378 -0.390097 0.963231
v -0.121518 -0.390097 0.963575
v -0.123754 -0.390355 0.966327
v -0.123066 -0.390355 0.966671
v -0.125216 -0.390441 0.972003
v -0.124012 -0.390441 0.972261
v -0.123840 -0.390613 0.977765
v -0.122034 -0.390613 0.977593
v -0.120142 -0.390785 0.984645
v -0.116530 -0.390785 0.981893
v -0.111886 -0.390785 0.984473
v -0.112574 -0.398611 1.024205
v -0.111112 -0.397321 1.020507
v -0.112746 -0.388893 1.021883
v -0.112402 -0.404889 1.024205
v -0.111542 -0.401449 1.017411
v -0.112746 -0.406781 1.023001
v -0.113176 -0.409017 1.017154
v -0.111714 -0.404201 1.014487
v -0.112746 -0.409017 1.009758
v -0.111370 -0.404545 1.010101
v -0.109822 -0.404545 1.008123
v -0.110596 -0.409017 1.006145
v -0.107500 -0.404545 1.007177
v -0.107328 -0.409017 1.005113
v -0.104146 -0.409017 1.006145
v -0.105264 -0.404545 1.008123
v -0.101996 -0.409017 1.009499
v -0.103716 -0.404545 1.010015
v -0.102942 -0.404201 1.014230
v -0.100792 -0.409017 1.016723
v -0.102684 -0.401449 1.017067
v -0.100362 -0.406781 1.022485
v -0.100276 -0.404889 1.023689
v -0.102512 -0.397321 1.020163
v -0.100276 -0.398611 1.023689
v -0.099846 -0.388893 1.023345
v -0.101566 -0.389065 1.022571
v -0.012212 -0.385023 1.018959
v -0.012298 -0.389065 1.017927
v -0.101566 -0.385023 1.023603
v -0.101824 -0.389151 1.018959
v -0.112574 -0.394999 1.021195
v -0.112660 -0.389151 1.019475
v -0.101738 -0.394999 1.020593
v -0.112402 -0.399127 1.025495
v -0.101480 -0.399127 1.024979
v -0.112058 -0.400503 1.031430
v -0.101136 -0.400503 1.030828
v -0.111800 -0.398955 1.037191
v -0.100878 -0.398955 1.036675
v -0.109650 -0.394655 1.039857
v -0.100706 -0.394569 1.040030
v -0.108704 -0.388721 1.040889
v -0.100620 -0.388721 1.041491
v -0.109650 -0.382959 1.039599
v -0.100706 -0.382873 1.039857
v -0.111800 -0.378659 1.036847
v -0.100878 -0.378659 1.036331
v -0.112144 -0.377369 1.030999
v -0.101222 -0.377369 1.030397
v -0.112402 -0.378917 1.025151
v -0.101480 -0.378917 1.024635
v -0.112660 -0.383217 1.020937
v -0.101738 -0.383217 1.020422
v -0.112488 -0.389065 1.023432
v -0.135794 -0.392849 1.025667
v -0.135880 -0.388893 1.024635
v -0.112402 -0.392935 1.024549
v -0.135708 -0.395687 1.028505
v -0.112316 -0.395773 1.027387
v -0.135450 -0.396633 1.032375
v -0.112058 -0.396633 1.031343
v -0.135278 -0.395687 1.036331
v -0.111886 -0.395601 1.035213
v -0.135106 -0.392849 1.039169
v -0.111714 -0.392677 1.038051
v -0.135020 -0.388807 1.040287
v -0.111714 -0.388807 1.038997
v -0.135106 -0.384937 1.039169
v -0.111714 -0.384851 1.037879
v -0.135278 -0.382099 1.036245
v -0.111886 -0.382099 1.034956
v -0.135450 -0.381239 1.032375
v -0.112058 -0.381153 1.031085
v -0.135708 -0.382271 1.028505
v -0.112316 -0.382185 1.027215
v -0.135794 -0.385023 1.025667
v -0.112488 -0.385109 1.024377
v -0.135708 -0.388893 1.027215
v -0.148006 -0.391473 1.028591
v -0.148006 -0.388893 1.027903
v -0.135708 -0.391473 1.027903
v -0.147920 -0.393365 1.030483
v -0.135622 -0.393365 1.029795
v -0.147748 -0.394053 1.033063
v -0.135450 -0.394053 1.032375
v -0.147662 -0.393365 1.035643
v -0.135364 -0.393365 1.035041
v -0.147490 -0.391473 1.037535
v -0.135192 -0.391473 1.036933
v -0.147490 -0.388893 1.038224
v -0.135192 -0.388893 1.037707
v -0.135192 -0.386313 1.036933
v -0.147490 -0.386313 1.037535
v -0.147662 -0.384421 1.035643
v -0.135364 -0.384421 1.035041
v -0.147748 -0.383819 1.033063
v -0.135450 -0.383819 1.032375
v -0.147920 -0.384421 1.030483
v -0.135622 -0.384507 1.029795
v -0.148006 -0.386313 1.028591
v -0.135708 -0.386313 1.027903
v 0.397663 -0.388291 1.005801
v 0.480653 -0.388892 1.003393
v 0.397663 -0.388893 1.005974
v 0.480653 -0.387344 1.002964
v 0.397663 -0.387775 1.005286
v 0.480567 -0.386226 1.001846
v 0.397577 -0.387603 1.004683
v 0.480481 -0.385882 1.000384
v 0.397577 -0.387688 1.004339
v 0.480481 -0.385968 0.999610
v 0.397577 -0.387946 1.003737
v 0.480395 -0.386742 0.998233
v 0.397577 -0.388548 1.003393
v 0.480395 -0.388118 0.997460
v 0.397577 -0.389236 1.003393
v 0.480395 -0.389666 0.997460
v 0.397577 -0.389838 1.003737
v 0.480395 -0.391042 0.998233
v 0.397577 -0.390096 1.004339
v 0.480481 -0.391816 0.999610
v 0.397577 -0.390183 1.004683
v 0.480481 -0.391902 1.000384
v 0.397663 -0.390011 1.005286
v 0.480567 -0.391558 1.001846
v 0.397663 -0.389495 1.005801
v 0.480653 -0.390440 1.002964
v -0.073616 -0.379777 1.035213
v -0.011438 -0.379863 1.031945
v -0.101652 -0.386829 1.038481
v -0.073444 -0.388893 1.037277
v -0.101652 -0.388893 1.038739
v -0.073530 -0.386829 1.036933
v -0.101738 -0.384937 1.037621
v -0.073530 -0.384937 1.036159
v -0.101824 -0.383217 1.036331
v -0.073616 -0.383217 1.034869
v -0.073530 -0.391043 1.036933
v -0.101652 -0.391043 1.038481
v -0.073530 -0.392935 1.036159
v -0.101738 -0.392935 1.037621
v -0.101824 -0.394569 1.036331
v -0.073616 -0.394569 1.034869
v -0.102426 -0.383217 1.024979
v -0.074132 -0.381927 1.025237
v -0.102340 -0.381927 1.026699
v -0.074218 -0.383217 1.023517
v -0.102512 -0.386829 1.022915
v -0.074304 -0.386829 1.021453
v -0.012040 -0.383475 1.020335
v -0.102512 -0.391043 1.022915
v -0.012212 -0.387001 1.018271
v -0.074304 -0.391043 1.021453
v -0.102426 -0.394569 1.024979
v -0.012212 -0.391043 1.018271
v -0.074218 -0.394569 1.023517
v -0.012040 -0.394569 1.020335
v -0.072842 -0.398955 1.025839
v -0.072240 -0.398439 1.025065
v -0.073874 -0.399299 1.029193
v -0.073788 -0.399041 1.031773
v -0.145598 -0.381841 0.983785
v -0.148436 -0.391559 0.983269
v -0.148436 -0.386227 0.983269
v -0.145598 -0.395945 0.983785
v -0.143620 -0.381067 0.983871
v -0.143620 -0.396719 0.983871
v -0.096836 -0.380981 0.983871
v -0.096836 -0.396805 0.983871
v -0.090730 -0.382529 0.983871
v -0.090730 -0.395257 0.983871
v -0.083678 -0.381325 0.983785
v -0.083678 -0.396461 0.983785
v -0.080066 -0.400417 0.983785
v -0.079034 -0.376853 0.983785
v -0.080066 -0.377369 0.983785
v -0.016684 -0.377025 0.983441
v -0.016684 -0.400761 0.983441
v -0.079034 -0.400933 0.983785
v -0.012470 -0.378315 0.984043
v -0.012470 -0.399471 0.984043
v -0.010578 -0.381067 0.983957
v -0.010578 -0.396719 0.983957
v 0.018146 -0.396289 0.984301
v 0.018146 -0.381497 0.984301
v 0.023994 -0.391387 0.984215
v 0.023134 -0.393279 0.984301
v 0.023134 -0.384507 0.984301
v 0.023994 -0.386399 0.984215
v -0.101136 -0.399299 1.030828
v -0.011868 -0.399299 1.026183
v -0.111628 -0.407469 1.021883
v -0.102684 -0.408157 1.020765
v -0.105092 -0.417875 1.012681
v -0.110252 -0.428023 1.005457
v -0.116186 -0.436795 0.998749
v -0.011094 -0.395171 1.039428
v -0.011094 -0.388893 1.039513
v -0.011696 -0.385281 1.028075
v -0.011782 -0.384679 1.026011
v -0.011610 -0.386829 1.029624
v -0.011782 -0.378487 1.026011
v -0.011868 -0.384851 1.024893
v -0.011954 -0.378831 1.023259
v -0.011524 -0.388893 1.030226
v -0.011610 -0.390957 1.029624
v -0.011696 -0.392505 1.028075
v -0.011782 -0.393107 1.026011
v -0.011868 -0.392935 1.024893
v -0.011954 -0.391903 1.023001
v -0.011954 -0.390011 1.021969
v -0.011954 -0.387775 1.021969
v -0.011954 -0.385883 1.023001
v -0.011954 -0.379261 1.021969
v -0.102340 -0.379261 1.026699
v -0.102082 -0.378573 1.030655
v -0.102254 -0.378831 1.027989
v -0.101996 -0.399041 1.033235
v -0.102082 -0.399299 1.030655
v -0.102254 -0.399041 1.028161
v -0.074046 -0.399041 1.026699
v -0.133472 -0.398611 1.025065
v -0.139836 -0.388893 1.023087
v -0.133472 -0.404889 1.025065
v -0.151618 -0.388893 1.019389
v -0.151188 -0.396891 1.018185
v -0.133472 -0.406781 1.023861
v -0.151016 -0.403341 1.013628
v -0.133816 -0.409017 1.017841
v -0.129430 -0.409017 0.995997
v -0.148436 -0.406953 0.994879
v -0.127624 -0.406523 0.988773
v -0.148006 -0.399729 0.986193
v -0.013674 -0.409017 1.013628
v -0.126936 -0.395773 0.985763
v -0.148006 -0.392677 0.985247
v -0.014018 -0.406781 1.018787
v -0.127108 -0.401707 0.985935
v -0.085140 -0.394225 0.985505
v -0.077830 -0.399987 0.985591
v -0.127280 -0.405233 0.986451
v -0.012212 -0.401707 0.985333
v -0.012212 -0.396891 0.985247
v -0.012298 -0.405663 0.985763
v 0.024510 -0.401707 0.985849
v 0.024510 -0.388893 0.985419
v 0.020468 -0.405663 0.986279
v -0.012470 -0.407555 0.988171
v 0.025542 -0.407383 0.986881
v 0.019608 -0.407899 0.987655
v -0.012728 -0.409017 0.995395
v -0.010922 -0.409017 1.013628
v 0.023392 -0.409017 0.995051
v -0.010148 -0.407211 1.021711
v 0.029239 -0.409189 1.015003
v -0.014104 -0.404889 1.020077
v -0.014104 -0.398611 1.020077
v -0.010148 -0.404889 1.023001
v -0.010148 -0.398611 1.023001
v 0.034055 -0.404889 1.020679
v 0.034055 -0.398611 1.020765
v 0.247335 -0.403255 1.010617
v 0.247335 -0.398611 1.010617
v 0.247421 -0.404545 1.010015
v 0.028551 -0.407211 1.019733
v 0.033367 -0.407211 1.019475
v 0.247507 -0.407555 1.006232
v 0.032077 -0.410393 1.016379
v 0.247421 -0.409189 1.003135
v 0.030701 -0.411855 1.008209
v 0.247163 -0.409103 0.995395
v 0.027613 -0.409103 1.008725
v 0.026487 -0.411683 0.993675
v 0.247163 -0.406093 0.989891
v 0.026143 -0.409103 0.988601
v 0.246905 -0.405061 0.989031
v 0.247077 -0.400417 0.988172
v 0.247077 -0.377369 0.988172
v 0.024510 -0.376079 0.985849
v -0.012212 -0.380981 0.985161
v 0.025542 -0.370403 0.986881
v 0.246905 -0.372725 0.989031
v -0.012212 -0.376079 0.985333
v -0.077314 -0.379003 0.985591
v 0.020468 -0.372123 0.986279
v 0.026143 -0.368683 0.988601
v 0.247163 -0.371693 0.989891
v 0.019608 -0.369887 0.987655
v 0.026487 -0.366103 0.993675
v 0.247163 -0.368683 0.995395
v 0.022016 -0.369113 0.988945
v 0.017028 -0.370145 0.987913
v 0.023392 -0.368769 0.995051
v 0.030701 -0.365931 1.008209
v 0.247421 -0.368597 1.003135
v 0.027347 -0.368683 1.008725
v 0.032077 -0.367393 1.016379
v 0.247507 -0.370231 1.006232
v 0.029239 -0.368597 1.015003
v -0.012728 -0.368769 0.995395
v 0.033367 -0.370489 1.019475
v 0.247421 -0.373241 1.010015
v 0.034055 -0.372897 1.020679
v 0.247335 -0.374531 1.010617
v 0.034055 -0.379175 1.020765
v 0.247335 -0.379175 1.010617
v -0.010148 -0.379175 1.023001
v -0.010148 -0.372897 1.023001
v -0.014104 -0.379175 1.020077
v 0.028551 -0.370489 1.019733
v -0.014104 -0.372897 1.020077
v -0.010148 -0.370489 1.021711
v -0.099674 -0.379175 1.023689
v -0.010922 -0.368769 1.013628
v -0.133472 -0.379175 1.025065
v -0.133472 -0.372897 1.025065
v -0.014018 -0.371005 1.018787
v -0.151188 -0.380895 1.018185
v -0.133472 -0.371005 1.023861
v -0.151016 -0.374445 1.013628
v -0.013674 -0.368769 1.013628
v -0.133816 -0.368769 1.017841
v -0.148436 -0.370833 0.994879
v -0.129430 -0.368769 0.995997
v -0.127624 -0.371263 0.988773
v -0.148006 -0.378057 0.986193
v -0.012470 -0.370231 0.988171
v -0.127280 -0.372553 0.986451
v -0.012298 -0.372123 0.985763
v -0.127108 -0.376079 0.985935
v -0.126936 -0.382099 0.985763
v -0.148006 -0.385797 0.985161
v -0.085656 -0.383389 0.985505
v -0.101566 -0.393107 1.023775
v -0.012212 -0.393107 1.019131
v -0.100792 -0.384765 1.037535
v -0.011524 -0.384765 1.032891
v -0.011438 -0.388807 1.034009
v -0.100792 -0.388807 1.038653
v -0.011524 -0.392849 1.032977
v -0.100792 -0.392849 1.037621
v -0.101222 -0.378573 1.030483
v -0.011868 -0.378487 1.025839
v -0.112058 -0.403341 1.016293
v -0.103028 -0.404029 1.015175
v -0.105264 -0.414779 1.008467
v -0.110424 -0.424927 1.001158
v -0.116358 -0.434129 0.995223
v -0.241746 -0.388893 0.951105
v -0.240026 -0.382615 0.952137
v -0.243036 -0.388893 0.947063
v -0.240370 -0.379777 0.945859
v -0.234264 -0.375563 0.943881
v -0.233146 -0.380465 0.960995
v -0.227298 -0.376939 0.959361
v -0.213968 -0.374875 0.938635
v -0.222052 -0.379949 0.977335
v -0.208894 -0.374875 0.951621
v -0.205712 -0.379519 0.937603
v -0.218956 -0.376509 0.974067
v -0.210958 -0.380207 0.992901
v -0.207862 -0.376595 0.989117
v -0.200122 -0.384421 1.004855
v -0.199434 -0.388893 1.007951
v -0.194274 -0.388893 1.007779
v -0.193930 -0.383217 1.005457
v -0.180514 -0.388893 1.010875
v -0.192640 -0.377197 0.999007
v -0.179740 -0.382443 1.008725
v -0.178450 -0.376853 1.004511
v -0.193672 -0.374875 0.974325
v -0.182922 -0.374875 0.983527
v -0.172000 -0.374875 0.988687
v -0.202358 -0.374875 0.963575
v -0.169420 -0.379691 0.981635
v -0.200552 -0.379433 0.949815
v -0.203132 -0.388893 0.937345
v -0.194704 -0.379519 0.960565
v -0.198402 -0.388893 0.948869
v -0.187222 -0.379605 0.969767
v -0.192812 -0.388893 0.959361
v -0.200552 -0.398353 0.949815
v -0.205712 -0.398267 0.937603
v -0.194704 -0.398267 0.960565
v -0.208894 -0.402911 0.951621
v -0.213968 -0.402911 0.938635
v -0.234264 -0.402137 0.943881
v -0.202358 -0.402911 0.963575
v -0.227298 -0.400847 0.959361
v -0.187222 -0.398181 0.969767
v -0.218956 -0.401277 0.974067
v -0.193672 -0.402911 0.974325
v -0.207862 -0.401191 0.989117
v -0.222052 -0.397837 0.977335
v -0.233146 -0.397321 0.960995
v -0.240026 -0.395171 0.952137
v -0.240370 -0.398009 0.945859
v -0.210958 -0.397579 0.992901
v -0.200122 -0.393365 1.004855
v -0.192640 -0.400589 0.999007
v -0.193930 -0.394483 1.005457
v -0.182922 -0.402911 0.983527
v -0.179740 -0.395343 1.008725
v -0.178450 -0.400933 1.004511
v -0.172000 -0.402911 0.988687
v -0.178450 -0.398181 0.977163
v -0.169420 -0.398095 0.981635
v -0.148006 -0.388893 0.984731
v -0.168732 -0.388893 0.979743
v -0.177074 -0.388893 0.975185
v -0.178450 -0.379605 0.977163
v -0.185416 -0.388893 0.968305
v -0.117132 -0.437913 0.987741
v -0.121518 -0.439289 0.986709
v -0.121432 -0.434817 0.987999
v -0.117046 -0.433355 0.990493
v -0.121260 -0.431635 0.991439
v -0.118422 -0.431119 0.995137
v -0.125732 -0.437913 0.988171
v -0.125560 -0.433355 0.991009
v -0.123668 -0.431119 0.995395
v -0.120830 -0.431979 0.999695
v -0.116358 -0.433097 0.998835
v -0.118078 -0.435677 1.002361
v -0.123324 -0.435677 1.002619
v -0.120658 -0.439289 1.003823
v -0.125388 -0.433097 0.999265
v -0.127968 -0.434215 0.995567
v -0.127710 -0.437053 1.000125
v -0.124958 -0.440665 1.002705
v -0.128484 -0.436881 0.991783
v -0.129602 -0.439289 0.995653
v -0.128140 -0.441611 0.999437
v -0.128226 -0.441525 0.991095
v -0.124098 -0.442901 0.988085
v -0.127968 -0.444277 0.995567
v -0.125130 -0.445137 0.999953
v -0.120658 -0.443761 1.002533
v -0.125732 -0.445481 0.991697
v -0.123668 -0.447373 0.995395
v -0.120830 -0.446943 0.999093
v -0.121260 -0.446513 0.990751
v -0.118766 -0.442901 0.987827
v -0.118422 -0.447373 0.995137
v -0.116530 -0.445137 0.999523
v -0.116444 -0.440665 1.002275
v -0.116788 -0.445481 0.991181
v -0.114122 -0.444277 0.994879
v -0.113606 -0.441611 0.998663
v -0.114380 -0.441525 0.990407
v -0.113950 -0.437053 0.999351
v -0.112488 -0.439289 0.994793
v -0.114122 -0.434215 0.994879
v -0.114036 -0.436881 0.991009
v -0.102770 -0.392247 1.018099
v -0.102770 -0.388893 1.017583
v -0.102770 -0.385539 1.018099
v -0.102684 -0.382357 1.019389
v -0.102598 -0.379605 1.021453
v -0.102254 -0.376251 1.027301
v -0.431548 -0.388893 0.919629
v -0.428538 -0.388893 0.948697
v -0.429484 -0.388893 0.970885
v -0.432236 -0.388893 0.996857
v -0.432838 -0.388893 1.005285
v -0.096750 -0.380551 0.985677
v -0.090730 -0.382099 0.985763
v -0.143620 -0.380637 0.985763
v -0.145856 -0.381497 0.985591
v -0.083850 -0.380895 0.985591
v -0.080410 -0.377025 0.985591
v -0.148866 -0.386227 0.985075
v -0.079120 -0.376423 0.985591
v -0.148866 -0.391559 0.985075
v -0.016598 -0.376595 0.985333
v -0.145856 -0.396289 0.985591
v -0.012212 -0.377971 0.985247
v -0.143620 -0.397149 0.985763
v -0.010320 -0.380637 0.985161
v -0.096750 -0.397235 0.985677
v 0.018232 -0.381067 0.985591
v -0.090730 -0.395687 0.985763
v 0.023478 -0.384249 0.985505
v -0.083850 -0.396891 0.985591
v 0.024510 -0.386313 0.985419
v -0.080410 -0.400761 0.985591
v 0.024510 -0.391473 0.985419
v -0.079120 -0.401363 0.985591
v 0.023478 -0.393537 0.985505
v -0.016598 -0.401191 0.985333
v 0.018232 -0.396719 0.985591
v -0.012212 -0.399815 0.985247
v -0.010320 -0.397149 0.985161
v 0.253527 -0.378487 1.009671
v 0.253699 -0.379175 1.009671
v 0.252065 -0.374617 1.008296
v 0.254989 -0.378229 1.004254
v 0.255247 -0.383819 1.004081
v 0.251549 -0.372209 1.005199
v 0.254301 -0.399471 0.995223
v 0.255247 -0.393967 1.004081
v 0.251291 -0.371091 0.995568
v 0.254301 -0.378315 0.995223
v 0.250775 -0.372811 0.990923
v 0.249915 -0.373671 0.989891
v 0.252323 -0.377799 0.990838
v 0.250087 -0.377627 0.989031
v 0.252323 -0.399987 0.990838
v 0.250087 -0.400159 0.989031
v 0.249915 -0.404115 0.989891
v 0.250775 -0.404975 0.990923
v 0.251291 -0.406695 0.995568
v 0.251549 -0.405577 1.005199
v 0.254989 -0.399557 1.004254
v 0.252065 -0.403169 1.008296
v 0.253699 -0.398611 1.009671
v 0.253527 -0.399299 1.009671
v -0.206314 -0.388893 0.935797
v -0.208894 -0.380637 0.936141
v -0.208894 -0.397149 0.936141
v -0.215258 -0.388893 0.936657
v -0.214914 -0.376681 0.937345
v -0.214914 -0.401105 0.937345
v -0.234522 -0.377799 0.942591
v -0.234952 -0.388893 0.941989
v -0.238478 -0.380895 0.943795
v -0.241058 -0.388893 0.944569
v -0.238478 -0.396891 0.943795
v -0.234522 -0.399987 0.942591
v 0.786038 -1.046878 -0.038669
v 0.072928 -1.092888 -0.084593
v 0.072928 -1.046878 -0.038669
v 0.786038 -1.092888 -0.084593
v 0.072928 -1.138813 -0.038669
v 0.786038 -1.138813 -0.038669
v 0.786038 1.536219 -0.037808
v 0.072927 1.490295 -0.083732
v 0.072927 1.536219 -0.037808
v 0.786038 1.490295 -0.083732
v 0.072927 1.444371 -0.037808
v 0.786038 1.444371 -0.037808
v -0.154886 -0.442901 0.906127
v -0.154886 -0.430259 0.905869
v -0.161164 -0.436537 0.906041
v -0.148522 -0.436537 0.906041
v 0.151789 -0.436365 1.054649
v 0.151789 -0.423723 1.054305
v 0.145511 -0.430001 1.054477
v 0.158153 -0.430001 1.054477
v -0.154886 -0.436365 1.054649
v -0.154886 -0.423723 1.054305
v -0.161164 -0.430001 1.054477
v -0.148522 -0.430001 1.054477
v 0.151789 -0.442901 0.906127
v 0.151789 -0.430259 0.905869
v 0.145511 -0.436537 0.906041
v 0.158153 -0.436537 0.906041
v 0.178277 -0.411424 0.213569
v 0.128398 -0.536124 0.213569
v 0.128398 -0.411424 0.213569
v 0.178277 -0.536124 0.213569
v 0.178277 -0.411424 0.227759
v 0.128398 -0.536124 0.227759
v 0.178277 -0.536124 0.227759
v 0.128398 -0.411424 0.227759
v -0.129430 -0.411424 0.213569
v -0.179396 -0.536124 0.213569
v -0.179396 -0.411424 0.213569
v -0.129430 -0.536124 0.213569
v -0.129430 -0.411424 0.227759
v -0.179396 -0.536124 0.227759
v -0.129430 -0.536124 0.227759
v -0.179396 -0.411424 0.227759
v 0.261611 -0.311063 1.204031
v -0.238048 -0.340131 1.204031
v -0.238048 -0.311063 1.204031
v 0.261611 -0.340131 1.204031
v 0.261611 -0.311063 1.231552
v -0.238048 -0.340131 1.231551
v 0.261611 -0.340131 1.231552
v -0.238048 -0.311063 1.231551
v 0.135622 -2.190335 0.059973
v -0.136481 -2.190335 0.176761
v -0.135621 -2.190335 0.059973
v 0.136482 -2.190335 0.176761
v 0.072928 -1.092888 0.007341
v 0.786038 -1.092888 0.007341
v -0.076110 -1.046878 -0.038669
v -0.789221 -1.092888 -0.084593
v -0.789221 -1.046879 -0.038669
v -0.076110 -1.092888 -0.084593
v -0.789221 -1.138813 -0.038669
v -0.076110 -1.138813 -0.038669
v -0.789221 -1.092888 0.007341
v -0.076110 -1.092888 0.007341
v 0.072927 1.490295 0.008116
v 0.786038 1.490295 0.008116
v -0.076110 1.536219 -0.037808
v -0.789221 1.490295 -0.083732
v -0.789221 1.536218 -0.037808
v -0.076110 1.490295 -0.083732
v -0.789221 1.444370 -0.037808
v -0.076110 1.444371 -0.037808
v -0.789221 1.490295 0.008116
v -0.076110 1.490295 0.008116
v -0.590819 -1.505603 0.038817
v -0.585745 -0.737622 0.191897
v -0.590733 -0.698578 0.007685
v -0.585745 -1.474557 0.166957
v -0.585745 -0.793695 0.331389
v -0.590905 -1.397329 0.342397
v -0.590905 -0.884768 0.370691
v -0.590905 -1.291119 0.368111
v 0.497508 1.871189 0.045784
v 0.508087 1.125396 0.225954
v 0.508001 1.061756 0.007686
v 0.497938 1.836015 0.250034
v 0.507915 1.181211 0.355298
v 0.499228 1.759991 0.383764
v 0.507227 1.263168 0.395718
v 0.501808 1.592893 0.398986
v -0.557279 -1.058918 0.035291
v -0.678367 -1.102090 0.363209
v -0.633647 -1.062616 0.374303
v -0.591851 -1.098392 0.031851
v -0.633647 -1.141564 0.374303
v -0.557279 -1.137866 0.035291
v -0.588669 -1.102090 0.385397
v -0.553151 -1.098392 0.046385
v -0.809860 1.011962 -0.024565
v -0.605697 1.034495 0.020070
v -0.604751 1.011962 0.033055
v -0.812612 1.034495 -0.037550
v -0.607589 1.057027 0.033056
v -0.818460 1.057027 -0.024564
v -0.608621 1.057027 0.059113
v -0.821556 1.057027 0.001494
v -0.818718 1.034495 0.014480
v -0.607675 1.034495 0.072099
v -0.812871 1.011962 0.001493
v -0.605783 1.011962 0.059113
v 0.809860 1.011962 -0.024564
v 0.617307 1.011962 0.063414
v 0.616275 1.011962 0.037356
v 0.812870 1.011962 0.001494
v 0.619199 1.034495 0.076400
v 0.818718 1.034495 0.014480
v 0.620145 1.057027 0.063414
v 0.821556 1.057027 0.001494
v 0.818460 1.057027 -0.024564
v 0.619113 1.057027 0.037356
v 0.812612 1.034495 -0.037550
v 0.617221 1.034495 0.024370
v 0.809774 -0.642678 -0.024392
v 0.617479 -0.665124 0.024370
v 0.616275 -0.642678 0.037528
v 0.813472 -0.665124 -0.037550
v 0.619457 -0.687742 0.037270
v 0.819406 -0.687742 -0.024736
v 0.620145 -0.687914 0.063242
v 0.821642 -0.687914 0.001322
v 0.817944 -0.665468 0.014480
v 0.618941 -0.665468 0.076400
v 0.812010 -0.642850 0.001580
v 0.616963 -0.642850 0.063586
v -0.809775 -0.642679 -0.024393
v -0.605439 -0.642850 0.059285
v -0.604751 -0.642678 0.033227
v -0.812010 -0.642850 0.001579
v -0.607417 -0.665468 0.072099
v -0.817944 -0.665469 0.014479
v -0.608621 -0.687914 0.058941
v -0.821642 -0.687914 0.001321
v -0.819406 -0.687743 -0.024737
v -0.607933 -0.687742 0.032969
v -0.813473 -0.665124 -0.037551
v -0.605955 -0.665124 0.020069
v -0.001634 -1.213461 -0.038669
v 0.105092 -1.092888 0.007341
v -0.001634 -1.092888 0.081989
v 0.105092 -1.138813 -0.038669
v -0.001634 -1.092888 -0.159241
v 0.105092 -1.092888 -0.084593
v -0.001634 -0.972230 -0.038669
v 0.105092 -1.046878 -0.038669
v -0.108274 -1.046878 -0.038669
v -0.108274 -1.092888 -0.084593
v -0.108274 -1.092888 0.007341
v -0.108274 -1.138813 -0.038669
v -0.001634 1.398877 -0.037808
v 0.105091 1.490295 0.008116
v -0.001635 1.490295 0.053610
v 0.105091 1.444371 -0.037808
v -0.001635 1.490295 -0.129226
v 0.105091 1.490295 -0.083732
v -0.001635 1.581713 -0.037808
v 0.105091 1.536219 -0.037808
v -0.108274 1.536219 -0.037808
v -0.108274 1.490295 -0.083732
v -0.108274 1.490295 0.008116
v -0.108274 1.444371 -0.037808
v -0.752757 1.871189 0.045698
v -0.497510 1.871189 0.045784
v -0.808829 1.858203 0.077518
v -0.497940 1.836015 0.250034
v -0.827061 1.856655 0.117507
v -0.845465 1.849001 0.201702
v -0.856129 1.830855 0.297764
v -0.860687 1.814600 0.339216
v -0.499230 1.759990 0.383764
v -0.865331 1.784758 0.372928
v -0.868513 1.735137 0.394428
v -0.501810 1.592893 0.398986
v -0.874447 1.592892 0.398899
v -0.507227 1.263168 0.395718
v -0.884079 1.263254 0.395631
v -0.507915 1.181211 0.355298
v -0.886143 1.199270 0.374734
v -0.883304 1.160742 0.328465
v -0.872726 1.121011 0.206861
v -0.508087 1.125396 0.225954
v -0.853548 1.091254 0.085516
v -0.841250 1.081880 0.042602
v -0.508001 1.061756 0.007686
v -0.789651 1.061756 0.007686
v -0.792403 -1.505603 0.038817
v -0.828522 -1.502249 0.070465
v -0.856214 -1.483415 0.146231
v -0.880810 -1.460453 0.235241
v -0.892592 -1.428117 0.314619
v -0.896033 -1.370669 0.357447
v -0.899042 -1.291119 0.368025
v -0.903428 -0.884769 0.370605
v -0.902310 -0.815969 0.351857
v -0.899300 -0.769271 0.310061
v -0.886314 -0.735645 0.191037
v -0.865674 -0.714144 0.091191
v -0.851742 -0.705975 0.048019
v -0.801175 -0.699524 0.007685
v 0.590819 -0.737622 0.205486
v 0.590819 -1.505689 0.038817
v 0.590733 -0.698578 0.007686
v 0.590819 -1.474557 0.182437
v 0.590905 -0.793694 0.334658
v 0.590905 -1.397329 0.342397
v 0.590905 -0.884768 0.370691
v 0.590905 -1.291119 0.368111
v 0.808828 1.858203 0.077518
v 0.752756 1.871189 0.045698
v 0.827060 1.856655 0.117508
v 0.845464 1.849001 0.201702
v 0.856128 1.830855 0.297764
v 0.860686 1.814601 0.339216
v 0.865330 1.784759 0.372928
v 0.868512 1.735137 0.394428
v 0.874446 1.592893 0.398900
v 0.884078 1.263255 0.395632
v 0.886142 1.199270 0.374734
v 0.883304 1.160743 0.328466
v 0.872726 1.121011 0.206862
v 0.853548 1.091254 0.085516
v 0.841250 1.081880 0.042602
v 0.789650 1.061756 0.007686
v 0.828522 -1.502249 0.070465
v 0.792402 -1.505603 0.038817
v 0.856214 -1.483415 0.146231
v 0.880810 -1.460453 0.235241
v 0.892592 -1.428117 0.314619
v 0.896032 -1.370669 0.357447
v 0.899042 -1.291119 0.368025
v 0.903428 -0.884768 0.370606
v 0.902310 -0.815968 0.351857
v 0.899300 -0.769270 0.310062
v 0.886314 -0.735644 0.191038
v 0.865674 -0.714144 0.091192
v 0.851742 -0.705974 0.048020
v 0.801174 -0.699524 0.007686
v 0.677162 -1.102090 0.357447
v 0.555215 -1.058918 0.035377
v 0.628745 -1.062616 0.369402
v 0.602601 -1.098392 0.031851
v 0.632271 -1.141564 0.374303
v 0.555215 -1.137866 0.035377
v 0.587207 -1.102090 0.385397
v 0.551087 -1.098392 0.046472
v -0.081185 2.220951 0.397352
v 0.138115 2.171071 0.366478
v -0.081443 2.171070 0.368542
v 0.138373 2.220951 0.395202
v -0.080669 2.220951 0.454886
v 0.138975 2.220951 0.452822
v -0.080325 2.171070 0.483696
v 0.139233 2.171070 0.481632
v -0.080669 2.121191 0.454886
v 0.138975 2.121191 0.452822
v -0.081185 2.121191 0.397352
v 0.138373 2.121191 0.395202
v -0.155746 -0.461906 0.219503
v -0.171484 -0.328091 1.209793
v -0.171484 -0.446254 0.217611
v -0.155746 -0.343743 1.211685
v -0.139922 -0.446254 0.217611
v -0.139922 -0.328091 1.209793
v -0.155746 -0.430516 0.215805
v -0.155746 -0.312439 1.207901
v 0.150930 -0.461906 0.219503
v 0.135191 -0.328091 1.209793
v 0.135192 -0.446254 0.217611
v 0.150929 -0.343743 1.211685
v 0.166753 -0.446254 0.217611
v 0.166753 -0.328091 1.209793
v 0.150930 -0.430516 0.215805
v 0.150929 -0.312439 1.207901
v -0.000001 2.066925 0.108564
v -0.764367 2.004919 0.078722
v -0.525546 2.054885 0.112004
v -0.000001 2.007155 0.080270
v 0.764366 2.004919 0.078722
v 0.525544 2.054885 0.112004
v -0.778126 -2.120073 0.093685
v 0.000000 -2.120073 0.093943
v 0.778127 -2.120073 0.093685
v 0.805216 -0.298076 0.007686
v -0.805216 -0.298076 0.007685
v 0.794552 -0.250948 0.007686
v -0.794553 -0.250948 0.007685
v -0.796359 -0.070262 0.007685
v 0.796358 -0.070262 0.007686
v -0.792919 0.812184 0.007685
v 0.792918 0.812184 0.007686
v -0.154886 -0.380551 0.821589
v -0.161164 -0.379949 0.827867
v -0.154886 -0.379261 0.834145
v -0.148522 -0.379949 0.827867
v -0.161164 -0.416671 0.831651
v -0.154886 -0.419509 0.825545
v -0.161164 -0.437827 0.852721
v -0.154886 -0.444277 0.850141
v -0.154886 -0.413747 0.837671
v -0.154886 -0.431463 0.855301
v -0.148522 -0.437827 0.852721
v -0.148522 -0.416671 0.831651
v 0.151789 -0.361717 0.967359
v 0.145511 -0.360857 0.973637
v 0.151789 -0.360083 0.979915
v 0.158153 -0.360857 0.973637
v 0.145511 -0.410135 0.980087
v 0.151789 -0.413059 0.974067
v 0.145511 -0.431291 1.001158
v 0.151789 -0.437655 0.998577
v 0.151789 -0.407125 0.986021
v 0.151789 -0.424927 1.003737
v 0.158153 -0.431291 1.001158
v 0.158153 -0.410135 0.980087
v -0.154886 -0.361717 0.967359
v -0.161164 -0.360857 0.973637
v -0.154886 -0.360083 0.979915
v -0.148522 -0.360857 0.973637
v -0.161164 -0.410135 0.980087
v -0.154886 -0.413059 0.974067
v -0.161164 -0.431291 1.001158
v -0.154886 -0.437655 0.998577
v -0.154886 -0.407125 0.986021
v -0.154886 -0.424927 1.003737
v -0.148522 -0.431291 1.001158
v -0.148522 -0.410135 0.980087
v 0.151789 -0.380551 0.821589
v 0.145511 -0.379949 0.827867
v 0.151789 -0.379261 0.834145
v 0.158153 -0.379949 0.827867
v 0.145511 -0.416671 0.831651
v 0.151789 -0.419509 0.825545
v 0.145511 -0.437827 0.852721
v 0.151789 -0.444277 0.850141
v 0.151789 -0.413747 0.837671
v 0.151789 -0.431463 0.855301
v 0.158153 -0.437827 0.852721
v 0.158153 -0.416671 0.831651
v 0.523395 -1.749843 0.061779
v 0.508087 -1.942225 0.014049
v 0.504905 -1.760593 0.087493
v 0.526577 -1.935259 -0.013213
v 0.536553 -2.115687 0.013017
v 0.558053 -1.749843 0.063155
v 0.555731 -2.112677 -0.014245
v 0.561235 -1.932851 -0.010891
v 0.574307 -1.760593 0.090245
v 0.589959 -2.107689 -0.011923
v 0.577403 -1.937323 0.018693
v 0.555817 -1.771257 0.115959
v 0.605009 -2.105625 0.017661
v 0.558827 -1.944289 0.045955
v 0.521073 -1.771257 0.114583
v 0.585831 -2.108635 0.045009
v 0.524169 -1.946783 0.043633
v 0.551517 -2.113623 0.042601
v -0.001721 2.192227 0.185706
v -0.149898 2.196355 0.175472
v -0.149898 2.187755 0.185706
v -0.001721 2.200827 0.175472
v 0.146457 2.187755 0.185706
v -0.149898 2.191883 0.130150
v 0.146457 2.196355 0.175472
v -0.001721 2.196355 0.130150
v 0.146457 2.191883 0.130150
v -0.001721 2.177521 0.023940
v -0.149898 2.173049 0.023940
v 0.146457 2.173049 0.023940
v 0.152563 2.171071 0.380582
v 0.152735 2.208566 0.402254
v 0.152735 2.133575 0.402254
v 0.152993 2.171070 0.423926
v 0.153165 2.208566 0.445512
v 0.153165 2.133575 0.445512
v 0.153423 2.171070 0.467184
v -0.095461 2.208566 0.404576
v -0.095632 2.171070 0.382990
v -0.095031 2.208566 0.447920
v -0.095203 2.171070 0.426248
v -0.095461 2.133575 0.404576
v -0.094773 2.171070 0.469506
v -0.095031 2.133575 0.447920
v -0.157724 2.396391 0.680894
v -0.152478 2.396907 0.678916
v -0.171054 2.380739 0.605816
v -0.183352 2.384093 0.612008
v -0.160046 2.392004 0.683474
v -0.161078 2.371451 0.609858
v -0.148350 2.393209 0.679002
v -0.223342 2.343587 0.544240
v -0.210786 2.325699 0.548368
v -0.161078 2.363281 0.621296
v -0.210786 2.312712 0.566256
v -0.148350 2.388049 0.681152
v -0.223342 2.314347 0.584488
v -0.171054 2.362249 0.631358
v -0.152478 2.385297 0.683732
v -0.157724 2.387103 0.684678
v -0.183352 2.369215 0.632562
v -0.188856 2.378933 0.623962
v -0.239080 2.329397 0.589304
v -0.246046 2.346510 0.577092
v -0.239080 2.352789 0.556968
v -0.314416 2.306951 0.548368
v -0.304440 2.315637 0.524116
v -0.281908 2.306091 0.509668
v -0.263934 2.285537 0.515946
v -0.309514 2.248643 0.468130
v -0.263934 2.269455 0.538220
v -0.286466 2.238580 0.481976
v -0.286466 2.222499 0.504250
v -0.281908 2.269885 0.559720
v -0.309514 2.212436 0.518182
v -0.304440 2.286568 0.564278
v -0.338324 2.216049 0.513194
v -0.351052 2.230582 0.493156
v -0.338324 2.245031 0.473032
v -0.321038 2.167717 0.447662
v -0.311578 2.189131 0.432612
v -0.290164 2.208137 0.438804
v -0.273050 2.210459 0.461680
v -0.200466 2.178036 0.400018
v -0.273050 2.194376 0.483954
v -0.197714 2.186465 0.427280
v -0.197714 2.170297 0.449554
v -0.290164 2.171931 0.488856
v -0.200466 2.141830 0.450070
v -0.311578 2.160063 0.472774
v -0.203906 2.122308 0.428484
v -0.205454 2.126609 0.400964
v -0.203906 2.151377 0.388322
v -0.080325 2.156365 0.412402
v -0.081787 2.180531 0.399330
v -0.084969 2.205814 0.410080
v -0.087549 2.213211 0.436568
v 0.010663 2.205729 0.409994
v -0.087549 2.197129 0.458842
v 0.010663 2.213125 0.436482
v -0.084969 2.169609 0.460132
v 0.010663 2.197042 0.458756
v -0.081787 2.151463 0.439492
v 0.010663 2.169523 0.460046
v 0.010663 2.151377 0.439406
v 0.010663 2.156278 0.412316
v 0.106295 2.169609 0.460132
v 0.010663 2.180444 0.399244
v 0.101565 2.156365 0.412402
v 0.103027 2.151463 0.439492
v 0.103027 2.180531 0.399330
v 0.225233 2.122309 0.428484
v 0.106295 2.205814 0.410080
v 0.226695 2.126609 0.400964
v 0.225233 2.151377 0.388322
v 0.108875 2.213211 0.436568
v 0.221707 2.178037 0.400018
v 0.108875 2.197129 0.458842
v 0.218955 2.186465 0.427280
v 0.218955 2.170297 0.449554
v 0.221707 2.141830 0.450070
v 0.294291 2.210459 0.461680
v 0.294291 2.194377 0.483954
v 0.311405 2.171931 0.488856
v 0.311405 2.208137 0.438804
v 0.307707 2.238581 0.481976
v 0.332819 2.189131 0.432612
v 0.330841 2.248643 0.468130
v 0.359565 2.245031 0.473032
v 0.342365 2.167717 0.447662
v 0.372379 2.230583 0.493156
v 0.332819 2.160063 0.472774
v 0.359565 2.216049 0.513194
v 0.330841 2.212437 0.518182
v 0.307707 2.222499 0.504250
v 0.303235 2.269885 0.559720
v 0.285175 2.269455 0.538220
v 0.285175 2.285537 0.515946
v 0.325681 2.286568 0.564278
v 0.232027 2.312712 0.566256
v 0.335657 2.306951 0.548368
v 0.244669 2.314347 0.584488
v 0.260321 2.329397 0.589304
v 0.325681 2.315637 0.524116
v 0.267373 2.346510 0.577092
v 0.303235 2.306091 0.509668
v 0.260321 2.352789 0.556968
v 0.244669 2.343587 0.544240
v 0.232027 2.325699 0.548368
v 0.204679 2.384093 0.612008
v 0.192295 2.380739 0.605816
v 0.182405 2.371451 0.609858
v 0.210183 2.378933 0.623962
v 0.179051 2.396391 0.680894
v 0.204679 2.369215 0.632562
v 0.173805 2.396907 0.678916
v 0.181287 2.392004 0.683474
v 0.169591 2.393209 0.679002
v 0.182405 2.363281 0.621296
v 0.169591 2.388049 0.681152
v 0.192295 2.362249 0.631358
v 0.173805 2.385297 0.683732
v 0.179051 2.387103 0.684678
v -0.881240 -0.066994 0.208323
v -0.855182 0.831534 0.085774
v -0.857848 -0.067768 0.086117
v -0.875822 0.839016 0.208323
v -0.891904 -0.065188 0.331131
v -0.888292 0.843488 0.331303
v -0.890614 -0.061662 0.534263
v -0.886401 0.849680 0.531425
v -0.886401 0.850712 0.551635
v -0.890443 -0.061318 0.555419
v -0.849851 -0.061060 0.615275
v -0.845723 0.848304 0.609083
v -0.839531 -0.060286 0.637549
v -0.836091 0.847702 0.629809
v -0.826717 -0.060544 0.707639
v -0.818719 0.849680 0.697061
v -0.820095 -0.059684 0.720281
v -0.810635 0.848304 0.708929
v -0.805045 0.046956 0.738255
v -0.797391 0.548250 0.734299
v -0.801261 0.021844 0.747027
v -0.793693 0.749318 0.731719
v -0.796703 0.009030 0.764485
v -0.787329 0.840994 0.734729
v -0.801089 -0.056502 0.765173
v -0.776665 0.835232 0.754337
v -0.784405 -0.052976 0.809033
v -0.787759 0.770904 0.747371
v -0.789307 0.004042 0.786759
v -0.778471 0.771162 0.774375
v -0.688859 0.024768 1.083889
v -0.766001 0.822160 0.781169
v -0.686795 -0.027606 1.078901
v -0.669251 0.534060 1.109259
v -0.664951 -0.016942 1.132995
v -0.657985 0.566396 1.133425
v -0.680431 0.032680 1.107797
v -0.665639 0.511098 1.121213
v -0.673809 0.047042 1.126029
v -0.650761 0.509550 1.156731
v -0.654803 0.011868 1.159655
v -0.664865 0.486330 1.125341
v -0.652567 0.068112 1.171007
v -0.651019 0.460702 1.161633
v -0.669681 0.073530 1.136349
v -0.288616 0.939894 0.828297
v -0.288358 0.943936 0.820730
v -0.288616 0.931122 0.818665
v 0.136223 0.919254 0.825201
v 0.136653 0.932670 0.827609
v 0.136395 0.928456 0.835435
v 0.262729 0.927940 0.828900
v 0.262557 0.932068 0.821245
v 0.261267 0.919512 0.819267
v 0.684300 0.874018 0.782546
v 0.685676 0.886574 0.784696
v 0.685934 0.882360 0.792522
v -0.805302 -2.082749 0.112261
v -0.778126 -2.120073 0.093685
v -0.815536 -2.119471 0.187683
v 0.815537 -2.119471 0.187683
v 0.778127 -2.120073 0.093685
v 0.805303 -2.082749 0.112261
v 0.725237 -2.129791 0.185017
v -0.725236 -2.129791 0.185017
v 0.000000 -2.130909 0.184587
v -0.845464 -2.133059 0.182351
v -0.846152 -2.122309 0.183383
v -0.854150 -2.133317 0.173665
v -0.799970 -2.075095 0.714863
v -0.729279 -2.104937 0.714691
v -0.728762 -2.072945 0.714949
v -0.789392 -2.098315 0.714691
v -0.567083 -0.795587 0.394083
v -0.734009 -1.406789 0.392535
v -0.567083 -1.406789 0.392621
v -0.738481 -0.795587 0.394083
v -0.732719 -1.485393 0.225781
v -0.560031 -1.485737 0.213827
v -0.739427 -0.713371 0.225781
v -0.560031 -0.714059 0.213827
v -0.459240 2.166513 0.190006
v -0.442900 2.073805 0.193532
v -0.442212 2.168405 0.190866
v -0.459928 2.071913 0.192672
v -0.442126 2.165739 0.128860
v -0.458552 2.163416 0.127570
v -0.750521 -0.318373 0.225781
v 0.745790 -0.318372 0.730172
v -0.745791 -0.318373 0.730171
v 0.750520 -0.318372 0.225782
v 0.799971 -2.075095 0.714863
v 0.729279 -2.104937 0.714691
v 0.789393 -2.098315 0.714691
v 0.728763 -2.072945 0.714949
v 0.000000 -2.169867 0.225523
v 0.727989 -2.166943 0.225781
v 0.567083 -0.795586 0.394084
v 0.738910 -1.406789 0.389095
v 0.743726 -0.795586 0.390730
v 0.567083 -1.406789 0.392621
v 0.732718 -1.485393 0.225781
v 0.567083 -1.485737 0.225781
v 0.739426 -0.713370 0.225782
v 0.567083 -0.714058 0.225782
v 0.459238 2.166513 0.190006
v 0.442899 2.073805 0.193532
v 0.459926 2.071913 0.192672
v 0.442210 2.168405 0.190866
v 0.442124 2.165739 0.128860
v 0.458550 2.163417 0.127570
v -0.071466 -2.150431 0.531683
v -0.071380 -2.175887 0.453939
v -0.071294 -2.165997 0.456433
v -0.088408 -2.174769 0.531941
v 0.071466 -2.150431 0.531683
v 0.071380 -2.175887 0.453939
v 0.088408 -2.174769 0.531941
v 0.071294 -2.165997 0.456433
v 0.778298 0.766260 0.748576
v 0.791112 0.749318 0.731720
v 0.785264 0.770904 0.747372
v 0.784146 0.744846 0.733010
v 0.769096 0.766518 0.775322
v 0.775976 0.771162 0.774376
v 0.660822 0.531652 1.106938
v 0.666670 0.534060 1.109260
v -0.778299 0.766260 0.748575
v -0.784147 0.744846 0.733009
v -0.769097 0.766518 0.775321
v 0.041710 0.928972 0.825717
v 0.041968 0.942302 0.840681
v -0.070434 0.933788 0.825029
v -0.070176 0.950042 0.841541
v -0.182664 0.935422 0.822793
v -0.182492 0.948752 0.837843
v 0.042312 0.947634 0.831049
v -0.069832 0.955288 0.831910
v -0.182148 0.954084 0.828126
v 0.590732 0.903516 0.798542
v 0.592710 0.912116 0.812130
v 0.479879 0.916330 0.810152
v 0.481857 0.925962 0.822793
v 0.367649 0.920974 0.814967
v 0.369713 0.930950 0.828986
v 0.592452 0.917448 0.802498
v 0.481599 0.931294 0.813162
v 0.369455 0.936282 0.819354
v -0.639237 2.101755 0.586552
v -0.746737 2.079738 0.650708
v -0.651793 2.085243 0.656298
v -0.750435 2.097111 0.583972
v -0.765141 2.076728 0.646838
v -0.785351 2.089542 0.578210
v -0.513764 2.125577 0.556882
v -0.502412 2.099261 0.309546
v -0.513420 2.099088 0.318920
v -0.502240 2.126092 0.563246
v -0.000001 2.112419 0.308600
v -0.000001 2.139165 0.567374
v 0.502238 2.126093 0.563246
v 0.502410 2.099261 0.309546
v 0.513762 2.125577 0.556882
v 0.513418 2.099089 0.318920
v -0.662199 0.941786 0.761217
v -0.582735 0.996998 0.753821
v -0.675099 0.973434 0.749951
v -0.546271 0.957954 0.767066
v -0.567771 0.999234 0.753735
v 0.000000 1.025120 0.766119
v 0.000000 0.981690 0.772656
v 0.546271 0.957954 0.767066
v 0.567770 0.999234 0.753736
v 0.582735 0.996998 0.753822
v 0.662198 0.941786 0.761218
v 0.675098 0.973434 0.749952
v -0.792145 2.050756 0.195768
v -0.810377 2.081115 0.192242
v -0.809345 2.021861 0.190694
v -0.766861 2.067269 0.198692
v -0.771591 2.113623 0.194220
v -0.577661 2.078707 0.201616
v -0.654803 2.132628 0.196456
v -0.485728 2.084813 0.203078
v -0.394396 2.146044 0.198434
v -0.000001 2.091779 0.203938
v -0.000001 2.156623 0.199380
v 0.394395 2.146045 0.198434
v 0.485726 2.084813 0.203078
v 0.654802 2.132629 0.196456
v 0.577660 2.078707 0.201616
v 0.771590 2.113623 0.194220
v 0.766860 2.067269 0.198692
v 0.810376 2.081115 0.192242
v 0.792144 2.050757 0.195768
v 0.809344 2.021861 0.190694
v -0.621435 0.602344 1.135317
v -0.574393 0.611460 1.158623
v -0.615759 0.612578 1.137725
v -0.574737 0.601828 1.161805
v -0.459842 0.624188 1.172039
v -0.460272 0.613180 1.175651
v -0.000001 0.636228 1.180382
v -0.000001 0.624618 1.183735
v 0.460271 0.613180 1.175652
v 0.459841 0.624188 1.172040
v 0.574736 0.601828 1.161806
v 0.574392 0.611460 1.158624
v 0.621434 0.602344 1.135318
v 0.615758 0.612578 1.137726
v -0.442642 2.053766 0.110112
v -0.442642 2.119040 0.111058
v -0.458466 2.116375 0.109338
v -0.458466 2.051015 0.108392
v 0.574908 -0.223859 1.123450
v 0.661768 -0.208809 1.138242
v 0.645944 -0.205712 1.166106
v 0.608878 -0.227987 1.080278
v 0.683612 -0.213452 1.083202
v 0.697114 -0.254732 0.824686
v 0.780018 -0.239166 0.815312
v 0.687740 -0.257570 0.800004
v 0.796960 -0.243552 0.770678
v 0.707090 -0.264020 0.724840
v 0.815622 -0.248884 0.721400
v 0.000000 -0.268149 0.725785
v 0.000000 -0.257571 0.799573
v -0.687741 -0.257571 0.800003
v -0.707091 -0.264021 0.724839
v -0.796961 -0.243553 0.770677
v -0.815623 -0.248885 0.721399
v -0.780019 -0.239167 0.815311
v -0.697115 -0.254733 0.824685
v -0.683613 -0.213453 1.083201
v -0.608879 -0.227987 1.080277
v -0.661769 -0.208809 1.138241
v -0.574909 -0.223859 1.123449
v -0.645945 -0.205713 1.166105
v 0.771246 2.111387 0.188028
v 0.811580 2.081287 0.188716
v 0.769870 2.062023 0.185104
v 0.654286 2.129705 0.189834
v 0.459926 2.080255 0.192672
v 0.390525 2.143465 0.191210
v 0.442899 2.082147 0.193532
v -0.000001 2.154645 0.193016
v -0.000001 2.089801 0.194048
v -0.442900 2.082146 0.193532
v -0.390526 2.143465 0.191210
v -0.459928 2.080255 0.192672
v -0.654287 2.129704 0.189834
v -0.769871 2.062023 0.185104
v -0.771247 2.111387 0.188028
v -0.811581 2.081286 0.188716
v 0.442641 2.053767 0.110112
v 0.442641 2.119041 0.111058
v 0.458464 2.116375 0.109338
v 0.458464 2.051015 0.108392
v -0.459326 1.529769 0.035378
v -0.612663 1.486166 0.407672
v -0.569577 1.525641 0.419626
v -0.499316 1.490295 0.031852
v -0.569577 1.446692 0.419626
v -0.459325 1.450821 0.035378
v -0.535951 1.486166 0.427452
v -0.419422 1.490295 0.046472
v -0.492092 2.181820 -0.007536
v -0.455026 2.215877 0.123700
v -0.454510 2.185519 -0.006676
v -0.492608 2.213125 0.123700
v -0.454940 2.218972 0.205056
v -0.492522 2.216049 0.205486
v 0.855182 0.831534 0.085774
v 0.881240 -0.066994 0.208324
v 0.857848 -0.067768 0.086118
v 0.875822 0.839016 0.208324
v 0.891904 -0.065188 0.331132
v 0.888292 0.843488 0.331304
v 0.890614 -0.061662 0.534264
v 0.886400 0.849680 0.531426
v 0.886400 0.850712 0.551636
v 0.890442 -0.061318 0.555420
v 0.849850 -0.061060 0.615276
v 0.845722 0.848304 0.609084
v 0.839530 -0.060286 0.637550
v 0.836090 0.847702 0.629810
v 0.826716 -0.060544 0.707640
v 0.818718 0.849680 0.697062
v 0.820094 -0.059684 0.720282
v 0.810634 0.848304 0.708930
v 0.802550 0.046956 0.738256
v 0.798766 0.021844 0.747028
v 0.794896 0.548250 0.734300
v 0.794122 0.009030 0.764486
v 0.801088 -0.056502 0.765174
v 0.787328 0.840994 0.734730
v 0.784404 -0.052976 0.809034
v 0.776664 0.835232 0.754338
v 0.786812 0.004042 0.786760
v 0.686278 0.024768 1.083890
v 0.686794 -0.027606 1.078902
v 0.766000 0.822160 0.781170
v 0.664950 -0.016942 1.132996
v 0.677850 0.032680 1.107798
v 0.657984 0.566396 1.133426
v 0.671314 0.047042 1.126030
v 0.663144 0.511098 1.121214
v 0.654802 0.011868 1.159656
v 0.650760 0.509550 1.156732
v 0.652566 0.068112 1.171008
v 0.662284 0.486330 1.125342
v 0.667100 0.073530 1.136350
v 0.651018 0.460702 1.161634
v 0.665380 0.049278 1.123622
v 0.661252 0.075594 1.133856
v 0.671916 0.035174 1.105562
v 0.680258 0.027262 1.081998
v 0.779760 0.006794 0.787448
v 0.787070 0.011696 0.765518
v 0.791628 0.024424 0.748146
v 0.795326 0.049278 0.739546
v 0.787844 0.545326 0.735590
v 0.657296 0.508948 1.118806
v 0.656522 0.484438 1.122934
v -0.639667 0.614814 1.110635
v -0.742093 0.874706 0.772053
v -0.750005 0.885026 0.759325
v -0.722141 0.915556 0.757605
v -0.730139 0.928542 0.745909
v -0.777181 0.896636 0.733009
v -0.764023 1.042062 0.726216
v -0.675185 1.068636 0.734557
v -0.761873 1.311070 0.711252
v -0.670971 1.318036 0.725528
v -0.800487 1.302814 0.697148
v -0.753101 1.677172 0.697148
v -0.662887 1.679236 0.708156
v -0.786211 1.674764 0.685108
v -0.810033 1.299202 0.687344
v -0.744931 2.009562 0.674358
v -0.654287 2.011971 0.679776
v -0.827233 1.275896 0.623962
v -0.795413 1.672958 0.675304
v -0.811839 1.659714 0.614416
v -0.836349 1.271768 0.605128
v -0.820267 1.657220 0.597388
v -0.879607 1.255600 0.549056
v -0.864213 1.644062 0.540284
v -0.880295 1.256460 0.529362
v -0.855441 1.916167 0.531684
v -0.886143 1.199270 0.374734
v -0.883304 1.160742 0.328465
v -0.884079 1.263254 0.395631
v -0.872726 1.121011 0.206861
v -0.853548 1.091254 0.085516
v -0.841250 1.081880 0.042602
v -0.865933 1.637440 0.521880
v -0.874447 1.592892 0.398899
v -0.868513 1.735137 0.394428
v -0.857505 1.905502 0.512420
v -0.865331 1.784758 0.372928
v -0.792919 0.812184 0.007685
v -0.789651 1.061756 0.007686
v -0.854753 1.950739 0.502530
v -0.842712 0.824826 0.041655
v -0.796359 -0.070262 0.007685
v -0.860687 1.814600 0.339216
v -0.845120 -0.067682 0.042343
v -0.794553 -0.250948 0.007685
v -0.844260 -0.250433 0.044579
v -0.858794 -0.249917 0.087321
v -0.882358 -0.248713 0.205313
v -0.893022 -0.247939 0.333109
v -0.891302 -0.246735 0.534607
v -0.891216 -0.246735 0.554473
v -0.849851 -0.248283 0.615705
v -0.839273 -0.248369 0.649761
v -0.824739 -0.248541 0.709961
v -0.728590 -2.063227 0.225781
v -0.727988 -2.166943 0.225781
v 0.728591 -2.063227 0.225781
v 0.746736 2.079739 0.650708
v 0.639236 2.101755 0.586552
v 0.651792 2.085243 0.656298
v 0.750434 2.097111 0.583972
v 0.765140 2.076729 0.646838
v 0.785350 2.089543 0.578210
v 0.639666 0.614814 1.110636
v 0.742092 0.874706 0.772054
v 0.750004 0.885026 0.759326
v 0.722140 0.915556 0.757606
v 0.730138 0.928542 0.745910
v 0.777180 0.896636 0.733010
v 0.764022 1.042062 0.726216
v 0.675184 1.068636 0.734558
v 0.761872 1.311071 0.711252
v 0.670970 1.318037 0.725528
v 0.800486 1.302814 0.697148
v 0.753100 1.677173 0.697148
v 0.662886 1.679237 0.708156
v 0.786210 1.674765 0.685108
v 0.810032 1.299203 0.687344
v 0.795412 1.672959 0.675304
v 0.744930 2.009563 0.674358
v 0.654286 2.011971 0.679776
v 0.770644 2.010079 0.663866
v 0.744414 2.056261 0.667908
v 0.653942 2.059099 0.673068
v 0.768838 2.055917 0.657502
v 0.776148 2.069161 0.640474
v 0.778728 2.052821 0.647956
v 0.780534 2.005521 0.654320
v 0.793090 2.063227 0.580704
v 0.796358 2.086361 0.537446
v 0.796616 2.034761 0.593604
v 0.799712 1.976625 0.600570
v 0.807710 2.025989 0.574856
v 0.812870 2.057895 0.535812
v 0.796100 2.074063 0.360028
v 0.811838 1.659715 0.614416
v 0.809860 1.968713 0.587412
v 0.827232 1.275897 0.623962
v 0.820266 1.657221 0.597388
v 0.836348 1.271769 0.605128
v 0.855440 1.916167 0.531684
v 0.864212 1.644063 0.540284
v 0.879606 1.255601 0.549056
v 0.880294 1.256461 0.529362
v 0.865932 1.637441 0.521880
v 0.886142 1.199270 0.374734
v 0.884078 1.263255 0.395632
v 0.883304 1.160743 0.328466
v 0.874446 1.592893 0.398900
v 0.868512 1.735137 0.394428
v 0.872726 1.121011 0.206862
v 0.853548 1.091254 0.085516
v 0.841250 1.081880 0.042602
v 0.857504 1.905503 0.512420
v 0.865330 1.784759 0.372928
v 0.792918 0.812184 0.007686
v 0.789650 1.061756 0.007686
v 0.854752 1.950739 0.502530
v 0.842712 0.824826 0.041656
v 0.796358 -0.070262 0.007686
v 0.860686 1.814601 0.339216
v 0.845120 -0.067682 0.042344
v 0.794552 -0.250948 0.007686
v 0.844260 -0.250432 0.044580
v 0.858794 -0.249916 0.087322
v 0.882358 -0.248712 0.205314
v 0.893022 -0.247938 0.333110
v 0.891302 -0.246734 0.534608
v 0.891216 -0.246734 0.554474
v 0.849850 -0.248282 0.615706
v 0.839272 -0.248884 0.642796
v 0.824738 -0.248540 0.709962
v 0.609481 1.486167 0.402856
v 0.457949 1.529769 0.035378
v 0.574478 1.525641 0.416358
v 0.497939 1.490295 0.031852
v 0.574478 1.446693 0.416358
v 0.457949 1.450821 0.035378
v 0.534574 1.486167 0.427452
v 0.418045 1.490295 0.046472
v 0.451585 2.215877 0.123700
v 0.488651 2.181821 -0.007536
v 0.451069 2.185519 -0.006676
v 0.489166 2.213125 0.123700
v 0.451585 2.218973 0.205056
v 0.489080 2.216049 0.205486
v -0.665381 0.049278 1.123621
v -0.661253 0.075594 1.133855
v -0.671917 0.035174 1.105561
v -0.680259 0.027262 1.081997
v -0.779761 0.006794 0.787447
v -0.787071 0.011696 0.765517
v -0.791629 0.024424 0.748145
v -0.795327 0.049278 0.739545
v -0.787845 0.545326 0.735589
v -0.660823 0.531652 1.106937
v -0.657297 0.508948 1.118805
v -0.656523 0.484438 1.122933
v -0.792403 -1.505603 0.038817
v -0.828522 -1.502249 0.070465
v -0.851656 -2.059271 0.186737
v -0.856214 -1.483415 0.146231
v -0.868168 -2.053337 0.268093
v -0.880810 -1.460453 0.235241
v -0.856902 -2.112591 0.229479
v -0.821814 -2.161611 0.229565
v -0.822588 -2.166771 0.258031
v -0.728848 -2.169265 0.262503
v -0.861632 -2.115085 0.298021
v -0.824308 -2.169953 0.310577
v -0.874532 -2.049897 0.344461
v -0.892592 -1.428117 0.314619
v -0.896033 -1.370669 0.357447
v -0.863438 -2.115085 0.369917
v -0.826458 -2.171157 0.377829
v -0.877198 -2.064087 0.530995
v -0.862750 -2.121707 0.530995
v -0.828092 -2.169953 0.531339
v -0.891475 -1.353383 0.533575
v -0.899042 -1.291119 0.368025
v -0.877112 -2.066667 0.552409
v -0.895517 -0.852175 0.534779
v -0.903428 -0.884769 0.370605
v -0.890357 -1.360435 0.555333
v -0.902310 -0.815969 0.351857
v -0.862578 -2.123255 0.551291
v -0.828092 -2.169609 0.553183
v -0.731858 -2.168663 0.530565
v -0.731858 -2.167975 0.553699
v -0.730224 -2.136155 0.620521
v -0.820696 -2.138219 0.619059
v -0.729880 -2.131167 0.638667
v -0.842196 -2.077245 0.618199
v -0.812354 -2.133403 0.641677
v -0.728676 -2.113623 0.707381
v -0.796616 -2.107173 0.707639
v -0.832220 -2.077675 0.652857
v -0.851915 -1.367401 0.620435
v -0.810290 -2.075439 0.707725
v -0.841680 -1.368089 0.654577
v -0.857333 -0.851401 0.620177
v -0.846927 -0.852347 0.654233
v -0.894829 -0.848133 0.556709
v -0.858451 -0.286209 0.618199
v -0.847959 -0.287413 0.652427
v -0.900247 -0.286725 0.555935
v -0.900333 -0.286897 0.534693
v -0.901966 -0.289219 0.331475
v -0.899300 -0.769271 0.310061
v -0.886314 -0.735645 0.191037
v -0.891216 -0.291111 0.205829
v -0.865674 -0.714144 0.091191
v -0.867996 -0.294121 0.088181
v -0.851742 -0.705975 0.048019
v -0.805216 -0.298076 0.007685
v -0.854494 -0.295755 0.045267
v -0.801175 -0.699524 0.007685
v -0.736761 -1.368261 0.722603
v -0.740029 -0.857507 0.726215
v -0.624617 -0.203735 1.191217
v -0.593485 -0.202101 1.206267
v -0.471796 -0.199607 1.223209
v -0.463024 -0.222655 1.139703
v -0.000001 -0.222483 1.150367
v -0.000001 -0.197113 1.234561
v 0.471795 -0.199607 1.223209
v 0.463023 -0.222655 1.139704
v 0.593484 -0.202101 1.206268
v 0.624616 -0.203735 1.191218
v -0.637087 0.630552 1.107539
v -0.737449 0.878404 0.778331
v -0.720335 0.909622 0.765689
v -0.659017 0.931380 0.769645
v -0.537671 0.950816 0.774548
v 0.000000 0.970768 0.778589
v 0.537671 0.950816 0.774548
v 0.659016 0.931380 0.769646
v 0.720334 0.909622 0.765690
v 0.737448 0.878404 0.778332
v 0.637086 0.630552 1.107540
v 0.792402 -1.505603 0.038817
v 0.828522 -1.502249 0.070465
v 0.851657 -2.059271 0.186737
v 0.856214 -1.483415 0.146231
v 0.868168 -2.053337 0.268093
v 0.880810 -1.460453 0.235241
v 0.856903 -2.112591 0.229479
v 0.821815 -2.161611 0.229565
v 0.822589 -2.166771 0.258031
v 0.728849 -2.169265 0.262503
v 0.861633 -2.115085 0.298021
v 0.824309 -2.169953 0.310577
v 0.874532 -2.049897 0.344461
v 0.892592 -1.428117 0.314619
v 0.863438 -2.115085 0.369917
v 0.825427 -2.171157 0.373271
v 0.896032 -1.370669 0.357447
v 0.862750 -2.121707 0.530995
v 0.828093 -2.169953 0.531339
v 0.877198 -2.064087 0.530995
v 0.862578 -2.123255 0.551291
v 0.891474 -1.353383 0.533575
v 0.899042 -1.291119 0.368025
v 0.877112 -2.066667 0.552409
v 0.890356 -1.360435 0.555333
v 0.895516 -0.852174 0.534780
v 0.903428 -0.884768 0.370606
v 0.902310 -0.815968 0.351857
v 0.842196 -2.077245 0.618199
v 0.900332 -0.286896 0.534694
v 0.894828 -0.848132 0.556710
v 0.851914 -1.367401 0.620435
v 0.820697 -2.138219 0.619059
v 0.832220 -2.077675 0.664037
v 0.828093 -2.169609 0.553183
v 0.731859 -2.168663 0.530565
v 0.731859 -2.167975 0.553699
v 0.730225 -2.136155 0.620521
v 0.729881 -2.131167 0.638667
v 0.812354 -2.133403 0.641677
v 0.728677 -2.113623 0.707381
v 0.796616 -2.107173 0.707639
v 0.810290 -2.075439 0.707725
v 0.841680 -1.368089 0.665757
v 0.857332 -0.851400 0.620178
v 0.846926 -0.852346 0.665414
v 0.900246 -0.286724 0.555936
v 0.858450 -0.286208 0.618200
v 0.847958 -0.287412 0.668166
v 0.901966 -0.289218 0.331476
v 0.899300 -0.769270 0.310062
v 0.886314 -0.735644 0.191038
v 0.891216 -0.291110 0.205830
v 0.865674 -0.714144 0.091192
v 0.867996 -0.294120 0.088182
v 0.851742 -0.705974 0.048020
v 0.805216 -0.298076 0.007686
v 0.854494 -0.295754 0.045268
v 0.801174 -0.699524 0.007686
v 0.736760 -1.368261 0.722603
v 0.740028 -0.857506 0.726216
v 0.764624 2.071999 0.230512
v 0.580412 2.087737 0.324682
v 0.767634 2.079309 0.324768
v 0.576886 2.083265 0.232146
v 0.552032 2.091435 0.283832
v 0.555042 2.094445 0.326058
v 0.538358 2.088855 0.259064
v -0.528556 0.441610 1.191561
v -0.541455 0.427936 1.196033
v -0.554441 0.441610 1.200591
v -0.541455 0.455284 1.196033
v -0.512818 0.427936 1.278163
v -0.500778 0.441610 1.271025
v -0.493726 0.427936 1.299147
v -0.487620 0.441610 1.285473
v -0.524858 0.441610 1.285301
v 0.009545 0.428108 1.298975
v 0.009545 0.441782 1.285731
v 0.506796 0.441610 1.285474
v 0.009545 0.441352 1.312649
v 0.512816 0.427936 1.299147
v 0.519954 0.441610 1.271025
v -0.499746 0.441610 1.312907
v 0.009545 0.455112 1.299405
v 0.518922 0.441610 1.312907
v -0.493726 0.455284 1.299147
v 0.531908 0.427936 1.278163
v 0.547732 0.441610 1.191561
v 0.560632 0.455284 1.196034
v 0.573532 0.441610 1.200592
v 0.560632 0.427936 1.196034
v 0.543948 0.441610 1.285301
v 0.512816 0.455284 1.299147
v 0.531908 0.455284 1.278163
v -0.512818 0.455284 1.278163
v 0.000000 -2.076815 0.714863
v 0.000000 -2.107087 0.714691
v 0.000000 -2.076471 0.225781
v 0.000000 -2.151119 0.531855
v 0.000000 -2.166599 0.456433
v 0.000000 -2.175629 0.532113
v 0.000000 -2.176489 0.453939
v -0.525546 2.054885 0.112004
v -0.764367 2.004919 0.078722
v -0.766517 2.036051 0.120948
v -0.768323 2.064689 0.191898
v -0.523138 2.080857 0.199810
v -0.000001 2.090833 0.199036
v -0.000001 2.066925 0.108564
v 0.525544 2.054885 0.112004
v 0.766516 2.036051 0.120948
v 0.764366 2.004919 0.078722
v 0.768322 2.064689 0.191898
v 0.523136 2.080857 0.199810
v -0.000001 2.094015 0.230942
v -0.492522 2.087823 0.231888
v 0.492520 2.087823 0.231888
v -0.000001 2.098573 0.250034
v -0.501380 2.091263 0.250808
v 0.501378 2.091263 0.250808
v -0.432408 0.526836 1.303619
v -0.415724 0.442814 1.388329
v -0.436106 0.526836 1.398477
v -0.412972 0.442814 1.315315
v -0.427592 0.526836 1.407507
v -0.407038 0.442814 1.397703
v -0.233748 0.526836 1.414989
v -0.393450 0.402394 1.336815
v -0.253528 0.442814 1.403637
v -0.224546 0.526836 1.406647
v -0.394654 0.402394 1.368463
v -0.385624 0.402394 1.378181
v -0.273394 0.402394 1.382567
v -0.244068 0.442814 1.394951
v -0.383646 0.402394 1.327699
v -0.263590 0.402394 1.373451
v -0.241230 0.442814 1.321937
v -0.220934 0.526836 1.311789
v -0.229448 0.526836 1.302759
v -0.262386 0.402394 1.341889
v -0.250002 0.442814 1.312563
v -0.271416 0.402394 1.332085
v -0.403512 0.442814 1.306629
v -0.423292 0.526836 1.295277
v -0.002581 0.532770 1.410345
v -0.015911 0.450382 1.323399
v -0.000431 0.535694 1.315487
v -0.017631 0.448146 1.396413
v -0.009031 0.535522 1.306629
v -0.024769 0.450210 1.314197
v -0.202702 0.524858 1.301813
v -0.035175 0.407296 1.374053
v -0.178106 0.441782 1.310413
v -0.211732 0.524084 1.310241
v -0.034400 0.408328 1.342405
v -0.043602 0.408070 1.332773
v -0.155746 0.401964 1.329936
v -0.187394 0.441008 1.319185
v -0.044720 0.406522 1.383255
v -0.165378 0.401104 1.339137
v -0.189114 0.438772 1.392199
v -0.213882 0.521160 1.405099
v -0.205282 0.521418 1.413957
v -0.166066 0.400158 1.370785
v -0.180170 0.438944 1.401401
v -0.156950 0.400330 1.380417
v -0.026919 0.447372 1.405185
v -0.011611 0.531996 1.418773
v 0.013071 0.526234 1.312391
v 0.033023 0.437740 1.391597
v 0.013071 0.521074 1.407163
v 0.033023 0.441782 1.318669
v 0.021929 0.520558 1.415763
v 0.042139 0.437224 1.400627
v 0.215945 0.520558 1.415763
v 0.053319 0.400244 1.337159
v 0.195735 0.437224 1.400628
v 0.224803 0.521074 1.407163
v 0.053319 0.398524 1.368721
v 0.062779 0.398008 1.378181
v 0.175095 0.398008 1.378181
v 0.204851 0.437740 1.391598
v 0.062779 0.400760 1.327699
v 0.184555 0.398524 1.368721
v 0.204851 0.441782 1.318670
v 0.224803 0.526234 1.312392
v 0.215945 0.526750 1.303705
v 0.184555 0.400244 1.337160
v 0.195735 0.442212 1.309726
v 0.175095 0.400760 1.327699
v 0.042139 0.442212 1.309725
v 0.021929 0.526750 1.303705
v 0.242691 0.534920 1.307747
v 0.256021 0.449522 1.391684
v 0.242691 0.534920 1.402606
v 0.256021 0.449522 1.318670
v 0.251549 0.534232 1.411292
v 0.265137 0.448834 1.400713
v 0.444963 0.519010 1.411292
v 0.273049 0.407640 1.339396
v 0.418217 0.436794 1.400713
v 0.453734 0.518322 1.402606
v 0.273049 0.407640 1.371044
v 0.282509 0.406952 1.380417
v 0.394481 0.398094 1.380417
v 0.427247 0.436106 1.391684
v 0.282509 0.406952 1.329936
v 0.403855 0.397406 1.371044
v 0.427247 0.436106 1.318670
v 0.453735 0.518322 1.307747
v 0.444963 0.519010 1.299062
v 0.403855 0.397406 1.339396
v 0.418217 0.436794 1.309639
v 0.394481 0.398094 1.329936
v 0.265137 0.448834 1.309639
v 0.251549 0.534232 1.299062
v -0.730310 -2.171071 0.377055
v -0.729794 -2.170899 0.312125
v 0.734869 -2.171071 0.372325
v 0.729709 -2.170899 0.312125
v -0.729708 -2.170899 0.312125
v 0.730311 -2.171071 0.377055
v -0.793349 2.061162 0.233006
v -0.813129 2.037340 0.231974
v -0.796101 2.074063 0.360028
v -0.808399 1.984107 0.133418
v -0.826115 1.971636 0.164378
v -0.807539 1.929411 0.103232
v -0.752757 1.871189 0.045698
v -0.808829 1.858203 0.077518
v -0.827061 1.856655 0.117507
v -0.825341 1.910834 0.132729
v -0.845465 1.849001 0.201702
v -0.834285 1.981097 0.227157
v -0.837467 1.945923 0.220020
v -0.856129 1.830855 0.297764
v -0.843831 1.991846 0.334830
v -0.845551 1.967509 0.329153
v -0.815881 2.051445 0.349106
v -0.852087 1.974818 0.466754
v -0.850195 1.997351 0.484469
v -0.812871 2.057895 0.535812
v -0.796359 2.086361 0.537446
v -0.853119 1.965531 0.520504
v -0.793091 2.063227 0.580703
v -0.807711 2.025988 0.574856
v -0.809861 1.968713 0.587412
v -0.799713 1.976624 0.600570
v -0.796617 2.034760 0.593604
v -0.780535 2.005521 0.654320
v -0.778729 2.052821 0.647956
v -0.770645 2.010079 0.663866
v -0.776149 2.069160 0.640474
v -0.768839 2.055917 0.657502
v -0.744415 2.056261 0.667908
v -0.653943 2.059098 0.673068
v 0.793348 2.061163 0.233006
v 0.813128 2.037341 0.231974
v 0.808398 1.984107 0.133418
v 0.815880 2.051445 0.349106
v 0.807538 1.929411 0.103232
v 0.752756 1.871189 0.045698
v 0.808828 1.858203 0.077518
v 0.827060 1.856655 0.117508
v 0.826114 1.971637 0.164378
v 0.825340 1.910835 0.132730
v 0.845464 1.849001 0.201702
v 0.834284 1.981097 0.227158
v 0.837466 1.945923 0.220020
v 0.856128 1.830855 0.297764
v 0.843830 1.991847 0.334830
v 0.845550 1.967509 0.329154
v 0.850194 1.997351 0.484470
v 0.852086 1.974819 0.466754
v 0.853118 1.965531 0.520504
v -0.600881 1.082912 0.742125
v -0.677765 1.072420 0.734557
v -0.677679 0.977304 0.749951
v -0.673551 1.321820 0.725528
v -0.585315 1.000782 0.753821
v -0.592109 1.328012 0.732666
v -0.665467 1.683020 0.708156
v -0.590045 1.085062 0.743071
v -0.580757 1.086868 0.749349
v -0.570351 1.003104 0.753735
v -0.582736 1.328786 0.733526
v -0.567599 1.087556 0.749780
v -0.002580 1.028904 0.766119
v -0.571900 1.331366 0.743932
v -0.568460 1.685256 0.715465
v -0.578006 1.684998 0.714778
v -0.656868 2.015841 0.679776
v -0.567170 2.018162 0.685108
v -0.656523 2.062883 0.673068
v -0.556248 2.018507 0.685710
v -0.565794 2.065721 0.678314
v -0.568718 2.094100 0.661286
v -0.654373 2.089113 0.656298
v -0.641817 2.105538 0.586552
v -0.576286 2.109839 0.586896
v -0.567686 2.110355 0.586896
v -0.559430 2.094702 0.661888
v -0.529846 2.130908 0.593690
v -0.555990 2.066065 0.678830
v -0.529330 2.117492 0.675562
v -0.513764 2.131425 0.593776
v -0.531050 2.094187 0.693708
v -0.532856 2.028483 0.703082
v -0.514366 2.118009 0.676078
v -0.002581 2.148711 0.596098
v -0.515742 2.094702 0.694224
v -0.518236 2.028740 0.703598
v -0.554098 1.690330 0.730344
v -0.558914 1.331710 0.744362
v -0.540854 1.690244 0.730774
v -0.002580 1.114217 0.765001
v -0.002580 1.342890 0.758724
v -0.002581 1.689213 0.744620
v 0.562438 1.087556 0.749780
v 0.565190 1.003104 0.753736
v 0.553752 1.331711 0.744362
v 0.535692 1.690245 0.730774
v 0.575511 1.086869 0.749350
v 0.580154 1.000782 0.753822
v 0.566653 1.331367 0.743932
v 0.548850 1.690331 0.730344
v 0.584885 1.085063 0.743072
v 0.595720 1.082912 0.742126
v 0.672518 0.977304 0.749952
v 0.672604 1.072420 0.734558
v 0.668390 1.321820 0.725528
v 0.586948 1.328012 0.732666
v 0.660306 1.683021 0.708156
v 0.577574 1.328787 0.733526
v 0.563298 1.685257 0.715466
v 0.572758 1.684999 0.714778
v 0.651706 2.015841 0.679776
v 0.551086 2.018507 0.685710
v 0.562008 2.018163 0.685108
v 0.651362 2.062883 0.673068
v 0.560632 2.065721 0.678314
v 0.527608 2.028483 0.703082
v 0.563556 2.094101 0.661286
v 0.649212 2.089113 0.656298
v 0.636656 2.105539 0.586552
v 0.571124 2.109839 0.586896
v 0.562524 2.110355 0.586896
v 0.550828 2.066065 0.678830
v 0.554268 2.094703 0.661888
v 0.524684 2.130909 0.593690
v 0.525888 2.094187 0.693708
v 0.524168 2.117493 0.675562
v 0.508602 2.131425 0.593776
v 0.513074 2.028741 0.703598
v 0.510494 2.094703 0.694224
v 0.509204 2.118009 0.676078
v -0.002581 2.037083 0.717100
v -0.002581 2.137272 0.688462
v -0.002581 2.112504 0.706952
v 0.000000 -2.174769 0.260181
v 0.000000 -2.178037 0.309889
v 0.000000 -2.177349 0.375765
v -0.088494 -2.175027 0.554731
v 0.000000 -2.175973 0.554903
v 0.000000 -2.146045 0.621897
v 0.088494 -2.175027 0.554731
v 0.000000 -2.139767 0.639699
v 0.000000 -2.116547 0.707467
v -0.580413 2.087736 0.324682
v -0.556334 2.098573 0.359082
v -0.555044 2.094445 0.326058
v -0.582048 2.096509 0.351514
v -0.552034 2.091435 0.283832
v -0.759465 2.087393 0.352460
v -0.576887 2.083265 0.232146
v -0.767635 2.079309 0.324768
v -0.764625 2.071999 0.230512
v -0.629175 -0.041108 1.191561
v -0.596323 -0.060974 1.206697
v -0.632013 0.065188 1.193281
v -0.597441 0.061834 1.206439
v -0.471022 -0.060888 1.221833
v -0.633045 0.461218 1.182015
v -0.593743 0.461734 1.196893
v -0.632529 0.519354 1.174103
v -0.469732 0.059598 1.219597
v -0.631841 0.576544 1.155785
v -0.591765 0.533716 1.191647
v -0.580069 0.592282 1.177973
v -0.464744 0.462766 1.210911
v -0.463884 0.539650 1.205321
v -0.461476 0.602688 1.190357
v -0.000001 0.461648 1.219597
v -0.000001 0.545584 1.213405
v -0.000001 0.591508 1.188551
v 0.461475 0.602688 1.190357
v 0.463883 0.539650 1.205322
v 0.580068 0.592282 1.177974
v 0.631840 0.576544 1.155786
v 0.591764 0.533716 1.191648
v 0.632528 0.519354 1.174104
v 0.464743 0.462766 1.210912
v 0.593742 0.461734 1.196894
v 0.633044 0.461218 1.182016
v 0.632012 0.065188 1.193282
v 0.469730 0.059598 1.219598
v 0.597440 0.061834 1.206439
v 0.629174 -0.041108 1.191562
v 0.596322 -0.060974 1.206698
v 0.471021 -0.060888 1.221833
v -0.000001 -0.060716 1.233099
v -0.000001 0.057534 1.230605
v -0.972142 0.606558 0.726129
v -0.960189 0.611890 0.820041
v -0.972142 0.606558 0.807571
v -0.808485 0.679572 0.807571
v -0.820439 0.674240 0.820041
v -0.820439 0.674240 0.713659
v -0.808485 0.679572 0.726129
v -0.960188 0.611890 0.713659
v -0.438342 0.990548 0.796134
v -0.475321 0.969478 0.774203
v -0.445049 0.967242 0.779966
v 0.113949 0.991322 0.798197
v 0.070605 0.979368 0.780309
v 0.100791 0.972402 0.780137
v 0.822932 0.665124 0.699212
v 0.833424 0.654288 0.655868
v 0.824222 0.657986 0.694138
v 0.823620 0.727130 0.693278
v 0.822416 0.720508 0.698610
v 0.834628 0.720250 0.648902
v 0.833080 0.726012 0.655266
v 0.834972 0.659964 0.649418
v -0.822417 0.720508 0.698609
v -0.833081 0.726012 0.655265
v -0.823621 0.727130 0.693277
v -0.824223 0.657986 0.694137
v -0.822933 0.665124 0.699211
v -0.834973 0.659964 0.649417
v -0.833425 0.654288 0.655867
v -0.834629 0.720250 0.648901
v -0.827662 -2.133575 0.059973
v -0.837552 -2.133489 0.069089
v -0.778126 -2.120073 0.093685
v 0.778127 -2.120073 0.093685
v 0.837553 -2.133489 0.069089
v 0.827663 -2.133575 0.059973
v -0.472999 0.980056 0.748317
v -0.433526 0.985216 0.760701
v -0.060888 0.952880 0.831479
v -0.061060 0.954600 0.841627
v -0.062092 0.949182 0.838704
v -0.059856 0.958384 0.834404
v -0.435160 1.003018 0.776870
v 0.070347 0.994074 0.756402
v 0.111713 0.991924 0.762164
v 0.491231 0.931294 0.811699
v 0.492091 0.932928 0.821847
v 0.490801 0.927510 0.818924
v 0.492521 0.936798 0.814538
v 0.115583 1.003878 0.783921
v 0.586346 -0.311321 1.135748
v -0.595033 -0.302549 1.144605
v 0.586346 -0.302549 1.144606
v -0.595033 -0.311321 1.135747
v -0.595033 -0.311321 1.153377
v 0.586346 -0.311321 1.153378
v -0.595033 -0.320179 1.144605
v 0.586346 -0.320179 1.144606
v 0.667272 -0.347182 0.813506
v -0.675959 -0.338411 0.822277
v 0.667272 -0.338410 0.822278
v -0.675959 -0.347183 0.813505
v -0.675959 -0.347183 0.831049
v 0.667272 -0.347182 0.831050
v -0.675959 -0.355955 0.822277
v 0.667272 -0.355954 0.822278
v 0.385021 -0.310633 1.142112
v 0.377539 -0.341592 0.822793
v 0.377539 -0.303667 1.141165
v 0.385021 -0.348644 0.823654
v 0.370057 -0.348644 0.823654
v 0.370057 -0.310633 1.142112
v 0.377539 -0.355696 0.824600
v 0.377539 -0.317685 1.143058
v 0.132095 -0.310633 1.142112
v 0.124613 -0.341593 0.822793
v 0.124613 -0.303667 1.141165
v 0.132095 -0.348645 0.823653
v 0.117131 -0.348645 0.823653
v 0.117131 -0.310633 1.142112
v 0.124613 -0.355697 0.824599
v 0.124613 -0.317685 1.143057
v -0.120830 -0.310633 1.142112
v -0.128312 -0.341593 0.822793
v -0.128312 -0.303667 1.141165
v -0.120830 -0.348645 0.823653
v -0.135794 -0.348645 0.823653
v -0.135794 -0.310633 1.142112
v -0.128312 -0.355697 0.824599
v -0.128312 -0.317685 1.143057
v -0.373756 -0.310633 1.142111
v -0.381238 -0.341593 0.822793
v -0.381238 -0.303667 1.141165
v -0.373756 -0.348645 0.823653
v -0.388720 -0.348645 0.823653
v -0.388720 -0.310633 1.142111
v -0.381238 -0.355697 0.824599
v -0.381238 -0.317685 1.143057
v -0.454510 2.185519 -0.006676
v -0.492264 2.132628 -0.016050
v -0.492092 2.181820 -0.007536
v -0.451758 2.135209 -0.016050
v -0.492436 2.137272 0.225008
v -0.446168 2.135209 0.192930
v -0.451930 2.139767 0.225008
v -0.497768 2.132628 0.192930
v -0.497768 2.132628 0.023940
v -0.446168 2.135209 0.023940
v 0.451069 2.185519 -0.006676
v 0.488822 2.132629 -0.016050
v 0.448317 2.135209 -0.016050
v 0.488651 2.181821 -0.007536
v 0.489080 2.137273 0.225008
v 0.442813 2.135209 0.192930
v 0.494326 2.132629 0.192930
v 0.448488 2.139767 0.225008
v 0.494326 2.132629 0.023940
v 0.442813 2.135209 0.023940
v -0.854150 -2.133317 0.173665
v -0.846152 -2.122309 0.183383
v -0.095030 0.963888 0.834747
v -0.096062 0.958212 0.831651
v -0.130290 0.978680 0.818751
v -0.131408 0.972574 0.815483
v -0.097782 0.954428 0.839306
v -0.133128 0.968704 0.823051
v -0.419594 0.974036 0.789856
v -0.132010 0.974896 0.826320
v -0.096664 0.960018 0.842316
v 0.457433 0.941958 0.817891
v 0.456143 0.936282 0.814882
v 0.420797 0.956492 0.805077
v 0.419421 0.950472 0.801895
v 0.455283 0.932412 0.822622
v 0.418389 0.946516 0.809550
v 0.128311 0.974122 0.786244
v 0.419765 0.952708 0.812732
v 0.456573 0.938088 0.825545
v -0.815623 -0.248885 0.721399
v -0.733321 -0.297475 0.730171
v -0.707091 -0.264021 0.724839
v -0.824911 -0.296615 0.730171
v -0.745791 -0.318373 0.730171
v -0.819235 -0.857679 0.726215
v -0.740029 -0.857507 0.726215
v -0.736761 -1.368261 0.722603
v -0.812612 -1.369465 0.722517
v -0.728762 -2.072945 0.714949
v -0.799970 -2.075095 0.714863
v 0.538358 2.088855 0.259064
v 0.492520 2.087823 0.231888
v 0.501378 2.091263 0.250808
v 0.576886 2.083265 0.232146
v 0.523136 2.080857 0.199810
v 0.768322 2.064689 0.191898
v 0.764624 2.071999 0.230512
v 0.793348 2.061163 0.233006
v 0.767634 2.079309 0.324768
v 0.796100 2.074063 0.360028
v 0.777610 2.084297 0.362780
v 0.759464 2.087393 0.352460
v 0.580412 2.087737 0.324682
v 0.776750 2.101927 0.552926
v 0.796358 2.086361 0.537446
v 0.785350 2.089543 0.578210
v 0.582046 2.096509 0.351514
v 0.762990 2.103475 0.567116
v 0.750434 2.097111 0.583972
v 0.556332 2.098573 0.359082
v 0.555042 2.094445 0.326058
v 0.581788 2.091349 0.364414
v 0.757228 2.083695 0.364156
v 0.767892 2.084125 0.374734
v 0.588840 2.069763 0.381356
v 0.767204 2.099347 0.544842
v 0.749918 2.073375 0.381700
v 0.756626 2.101411 0.556280
v 0.760324 2.071053 0.534952
v 0.760754 2.073375 0.394858
v 0.731858 2.064775 0.398814
v 0.749316 2.064775 0.414896
v 0.598816 2.064775 0.399330
v 0.748972 2.064775 0.509754
v 0.734180 2.064775 0.527814
v 0.576198 2.069677 0.390644
v 0.582992 2.064775 0.417734
v 0.747510 2.070881 0.546734
v 0.601224 2.064775 0.527642
v 0.576370 2.070881 0.538736
v 0.583250 2.064775 0.512506
v 0.571038 2.092897 0.372670
v 0.591506 2.070967 0.546562
v 0.569404 2.106485 0.548798
v 0.554784 2.111215 0.547336
v 0.579724 2.106485 0.556366
v 0.576112 2.111989 0.569954
v 0.639236 2.101755 0.586552
v 0.573704 2.106055 0.586896
v 0.553322 2.112419 0.571330
v 0.565104 2.106571 0.586896
v 0.527694 2.137617 0.587498
v 0.527264 2.127125 0.593690
v 0.511182 2.127641 0.593776
v -0.000001 2.144927 0.596098
v -0.000001 2.157569 0.592314
v -0.527696 2.137617 0.587498
v -0.511184 2.127640 0.593776
v -0.527266 2.127125 0.593690
v -0.565106 2.106571 0.586896
v -0.553324 2.112419 0.571330
v -0.576114 2.111989 0.569954
v -0.573706 2.106055 0.586896
v -0.639237 2.101755 0.586552
v -0.554786 2.111215 0.547336
v -0.750435 2.097111 0.583972
v -0.569406 2.106484 0.548798
v -0.556334 2.098573 0.359082
v -0.762991 2.103474 0.567116
v -0.785351 2.089542 0.578210
v -0.579726 2.106484 0.556366
v -0.776751 2.101926 0.552926
v -0.796359 2.086361 0.537446
v -0.756627 2.101411 0.556280
v -0.796101 2.074063 0.360028
v -0.748973 2.070881 0.551292
v -0.777611 2.084296 0.362780
v -0.593228 2.070966 0.551120
v -0.767205 2.099346 0.544842
v -0.602946 2.064774 0.532200
v -0.761787 2.071053 0.539510
v -0.767893 2.084124 0.374734
v -0.735729 2.064774 0.532372
v -0.750435 2.064774 0.514312
v -0.750779 2.064774 0.419712
v -0.762303 2.073375 0.399674
v -0.733321 2.064774 0.403630
v -0.751381 2.073375 0.386516
v -0.600623 2.064774 0.404060
v -0.757229 2.083694 0.364156
v -0.590647 2.069762 0.386172
v -0.578005 2.069677 0.395374
v -0.584714 2.064774 0.422464
v -0.581789 2.091348 0.364414
v -0.759465 2.087393 0.352460
v -0.767635 2.079309 0.324768
v -0.582048 2.096509 0.351514
v -0.793349 2.061162 0.233006
v -0.764625 2.071999 0.230512
v -0.768323 2.064689 0.191898
v -0.576887 2.083265 0.232146
v -0.523138 2.080857 0.199810
v -0.492522 2.087823 0.231888
v -0.538360 2.088855 0.259064
v -0.501380 2.091263 0.250808
v -0.552034 2.091435 0.283832
v -0.571040 2.092896 0.372670
v -0.578092 2.070881 0.543294
v -0.585058 2.064774 0.517150
v -0.879865 2.000360 0.023940
v -0.850711 2.036825 0.023940
v -0.869545 1.987976 0.023940
v -0.869889 2.059184 0.023940
v -0.808399 2.091520 0.023940
v -0.825427 2.110355 0.023940
v -0.692041 2.119385 0.023940
v -0.712079 2.144668 0.023940
v -0.497768 2.161267 0.023940
v -0.446168 2.164105 0.023940
v -0.149898 2.191883 0.130150
v -0.149898 2.173049 0.023940
v -0.446168 2.182939 0.130150
v -0.149898 2.196355 0.175472
v -0.446168 2.187411 0.175472
v -0.149898 2.187755 0.185706
v -0.446168 2.178811 0.185706
v -0.001721 2.192227 0.185706
v -0.001721 2.148625 0.192930
v 0.146457 2.187755 0.185706
v 0.442813 2.178811 0.185706
v 0.146457 2.196355 0.175472
v 0.442813 2.187411 0.175472
v 0.146457 2.191883 0.130150
v 0.442813 2.182939 0.130150
v 0.146457 2.173049 0.023940
v 0.442813 2.164105 0.023940
v -0.491834 2.204353 0.221052
v -0.454252 2.207707 0.220708
v -0.492522 2.216049 0.205486
v -0.454940 2.218972 0.205056
v 0.450810 2.207707 0.220708
v 0.451585 2.218973 0.205056
v 0.451585 2.215877 0.123700
v 0.488392 2.204353 0.221052
v 0.494326 2.176059 0.185706
v 0.489080 2.216049 0.205486
v 0.494326 2.184573 0.175472
v 0.489166 2.213125 0.123700
v 0.494326 2.180187 0.130150
v 0.494326 2.161267 0.023940
v 0.848904 0.676218 0.698266
v 0.843744 0.682324 0.701448
v 0.843830 0.705200 0.701104
v 0.849076 0.711134 0.697750
v 0.861890 0.710704 0.689838
v 0.869114 0.693762 0.747716
v 0.878574 0.693590 0.742728
v 0.866620 0.704942 0.687000
v 0.881842 0.688774 0.741008
v 0.866534 0.681808 0.687258
v 0.881842 0.683356 0.741008
v 0.861890 0.676304 0.690182
v 0.878488 0.678712 0.742814
v 0.869028 0.678712 0.747888
v 0.865760 0.683270 0.749608
v 0.865760 0.689032 0.749522
v 0.846153 -2.122309 0.183383
v 0.815537 -2.119471 0.187683
v 0.854151 -2.133317 0.173665
v 0.187652 -2.218973 0.177449
v 0.169162 -2.209771 0.059973
v 0.185244 -2.218973 0.069089
v 0.136482 -2.190335 0.176761
v 0.135622 -2.190335 0.059973
v 0.733320 -0.297474 0.730172
v 0.815622 -0.248884 0.721400
v 0.707090 -0.264020 0.724840
v 0.824910 -0.296614 0.730172
v 0.745790 -0.318372 0.730172
v 0.819234 -0.857678 0.726216
v 0.740028 -0.857506 0.726216
v 0.736760 -1.368261 0.722603
v 0.812612 -1.369465 0.722517
v 0.728763 -2.072945 0.714949
v 0.799971 -2.075095 0.714863
v -0.455026 2.215877 0.123700
v -0.497768 2.176059 0.185706
v -0.497682 2.184573 0.175472
v -0.492608 2.213125 0.123700
v -0.497682 2.180187 0.130150
v 0.847270 2.036825 0.023940
v 0.876424 2.000361 0.023940
v 0.866104 1.987977 0.023940
v 0.866534 2.059185 0.023940
v 0.805044 2.091521 0.023940
v 0.822072 2.110355 0.023940
v 0.688686 2.119385 0.023940
v 0.708638 2.144669 0.023940
v -0.848905 0.676218 0.698265
v -0.843745 0.682324 0.701447
v -0.843831 0.705200 0.701103
v -0.849077 0.711134 0.697749
v -0.861891 0.710704 0.689837
v -0.869115 0.693762 0.747715
v -0.878575 0.693590 0.742727
v -0.866621 0.704942 0.686999
v -0.881843 0.688774 0.741007
v -0.866535 0.681808 0.687257
v -0.881843 0.683356 0.741007
v -0.861891 0.676304 0.690181
v -0.878489 0.678712 0.742813
v -0.869029 0.678712 0.747887
v -0.865761 0.683270 0.749607
v -0.865761 0.689032 0.749521
v -0.135621 -2.190335 0.059973
v -0.136481 -2.190335 0.176761
v -0.169161 -2.209771 0.059973
v -0.187651 -2.218973 0.177449
v -0.185243 -2.218973 0.069089
v 0.000000 -0.268149 0.725785
v -0.668735 -1.096243 0.388751
v -0.692471 -1.057285 0.388063
v -0.668735 -1.070271 0.388235
v -0.692471 -1.109314 0.388923
v -0.716293 -1.096243 0.388751
v -0.716293 -1.070271 0.388235
v -0.609223 -0.304269 1.080363
v -0.584283 -0.315879 1.116913
v -0.585229 -0.309945 1.091629
v -0.607417 -0.316137 1.130931
v -0.631411 -0.310547 1.119751
v -0.632271 -0.304527 1.094381
v 0.693932 -1.057284 0.384194
v 0.668218 -1.096243 0.384967
v 0.668218 -1.070271 0.384452
v 0.692470 -1.109314 0.388923
v 0.716292 -1.096243 0.388752
v 0.719646 -1.070271 0.384452
v 0.609222 -0.304269 1.080364
v 0.631410 -0.310547 1.119752
v 0.632270 -0.304527 1.094382
v 0.607416 -0.316137 1.130932
v 0.584282 -0.315879 1.116914
v 0.585228 -0.309945 1.091630
v -0.873587 1.968369 0.130149
v -0.870835 1.976624 0.192930
v -0.873587 1.968369 0.175472
v -0.850711 2.036825 0.192930
v -0.808399 2.091520 0.192930
v -0.692041 2.119385 0.192930
v -0.001721 2.148625 0.023940
v 0.688686 2.119385 0.192930
v 0.805044 2.091521 0.192930
v 0.847270 2.036825 0.192930
v 0.867394 1.976625 0.192930
v 0.870146 1.968369 0.130150
v 0.870146 1.968369 0.175472
v 0.000000 -2.133575 0.059973
v 0.000000 -2.120073 0.093943
v 0.845465 -2.133059 0.182351
v 0.836865 -2.189733 0.182265
v 0.847701 -2.189475 0.173751
v 0.808055 -2.210459 0.182781
v 0.834371 -2.186809 0.069089
v 0.823019 -2.186637 0.059973
v 0.799283 -2.218973 0.069089
v 0.795413 -2.209771 0.059973
v 0.811323 -2.218973 0.174525
v 0.189372 -2.210459 0.185705
v -0.823018 -2.186637 0.059973
v -0.795412 -2.209771 0.059973
v -0.799282 -2.218973 0.069089
v -0.834370 -2.186809 0.069089
v -0.847700 -2.189476 0.173751
v -0.836864 -2.189734 0.182265
v -0.845464 -2.133059 0.182351
v -0.808054 -2.210459 0.182781
v -0.811322 -2.218973 0.174525
v -0.189371 -2.210459 0.185705
v -0.135192 -2.186035 0.185103
v -0.725236 -2.129791 0.185017
v 0.000000 -2.130909 0.184587
v 0.135192 -2.186035 0.185103
v 0.725237 -2.129791 0.185017
v -0.810290 -2.075439 0.707725
v -0.841680 -1.368089 0.654577
v -0.832220 -2.077675 0.652857
v -0.822846 -1.369379 0.715465
v -0.846927 -0.852347 0.654233
v -0.829469 -0.857249 0.719077
v -0.847959 -0.287413 0.652427
v -0.835403 -0.295841 0.722861
v -0.839273 -0.248369 0.649761
v -0.824739 -0.248541 0.709961
v 0.841680 -1.368089 0.665757
v 0.810290 -2.075439 0.707725
v 0.832220 -2.077675 0.664037
v 0.822846 -1.369379 0.715465
v 0.846926 -0.852346 0.665414
v 0.829468 -0.857248 0.719078
v 0.847958 -0.287412 0.668166
v 0.835402 -0.295840 0.722862
v 0.839272 -0.248884 0.642796
v 0.824738 -0.248540 0.709962
v -0.692471 -1.051265 0.735245
v -0.668735 -1.064165 0.738255
v -0.692471 -1.037849 0.763711
v -0.668735 -1.048599 0.771451
v -0.692643 -1.007921 0.792177
v -0.668735 -1.090137 0.744275
v -0.668821 -1.016005 0.802325
v -0.668735 -1.070099 0.786931
v -0.692471 -1.103037 0.747285
v -0.668649 -1.030023 0.824857
v -0.692471 -1.080849 0.794671
v -0.716293 -1.090137 0.744275
v -0.692299 -1.036043 0.837327
v -0.716293 -1.070099 0.786931
v -0.716293 -1.064165 0.738255
v -0.716207 -1.027959 0.827265
v -0.716293 -1.048599 0.771451
v -0.716379 -1.013941 0.804647
v 0.692470 -1.051264 0.735245
v 0.668734 -1.064165 0.738255
v 0.692470 -1.037848 0.763712
v 0.668734 -1.090137 0.744276
v 0.668734 -1.048599 0.771452
v 0.692642 -1.007921 0.792178
v 0.692470 -1.103037 0.747286
v 0.668734 -1.070099 0.786931
v 0.668820 -1.016004 0.802326
v 0.668648 -1.030023 0.824858
v 0.692470 -1.080849 0.794672
v 0.692298 -1.036042 0.837328
v 0.716292 -1.090137 0.744276
v 0.716292 -1.070099 0.786931
v 0.716206 -1.027958 0.827265
v 0.716292 -1.064165 0.738255
v 0.716292 -1.048599 0.771452
v 0.716378 -1.013941 0.804648
v -0.678023 -0.341077 0.771107
v -0.681291 -0.367049 0.195423
v -0.679313 -0.341077 0.208753
v -0.678023 -0.367049 0.771107
v -0.577833 -0.298851 1.120525
v -0.703049 -0.380121 0.208753
v -0.577833 -0.324737 1.123707
v -0.701759 -0.380121 0.774977
v -0.726785 -0.367049 0.208839
v -0.561063 -0.294809 1.153721
v -0.725495 -0.367049 0.778933
v -0.726785 -0.341077 0.208839
v -0.599591 -0.336519 1.134285
v -0.561063 -0.320609 1.156903
v -0.725495 -0.341077 0.778933
v -0.703049 -0.328091 0.208753
v -0.621435 -0.322501 1.141681
v -0.701759 -0.328091 0.774977
v -0.621435 -0.296701 1.138499
v -0.599591 -0.284833 1.127921
v -0.597699 -0.316653 1.188723
v -0.579381 -0.279845 1.167997
v -0.597699 -0.290853 1.185541
v -0.547561 -0.276319 1.196807
v -0.535779 -0.291627 1.179005
v -0.501982 -0.290595 1.187347
v -0.559343 -0.286811 1.217877
v -0.508002 -0.274943 1.207987
v -0.000001 -0.273911 1.216329
v -0.000001 -0.289563 1.195603
v 0.501980 -0.290595 1.187347
v -0.514022 -0.285091 1.231809
v -0.000001 -0.284059 1.240237
v 0.508000 -0.274943 1.207988
v 0.547560 -0.276319 1.196808
v 0.535778 -0.291627 1.179006
v 0.561062 -0.294809 1.153722
v 0.514020 -0.285091 1.231809
v 0.579380 -0.279845 1.167998
v 0.577832 -0.298851 1.120526
v 0.559342 -0.286811 1.217878
v 0.599590 -0.284833 1.127922
v 0.678022 -0.341076 0.771108
v 0.597698 -0.290853 1.185542
v 0.701758 -0.328090 0.774978
v 0.679312 -0.341076 0.208754
v 0.703048 -0.328090 0.208754
v 0.621434 -0.296701 1.138499
v 0.725494 -0.341076 0.778934
v 0.726784 -0.341076 0.208840
v 0.597698 -0.316653 1.188724
v 0.621434 -0.322501 1.141682
v 0.725494 -0.367048 0.778934
v 0.726784 -0.367048 0.208840
v 0.579380 -0.331531 1.174448
v 0.701758 -0.380120 0.774978
v 0.703048 -0.380120 0.208754
v 0.599590 -0.336519 1.134286
v 0.678022 -0.367048 0.771108
v 0.679312 -0.367048 0.208754
v 0.577832 -0.324737 1.123708
v 0.561062 -0.320609 1.156904
v 0.535778 -0.317427 1.182188
v 0.547560 -0.327919 1.203258
v 0.501980 -0.316395 1.190530
v 0.559342 -0.312611 1.221060
v 0.508000 -0.326543 1.214352
v -0.000001 -0.315363 1.198785
v 0.514020 -0.310891 1.234992
v -0.000001 -0.309859 1.243505
v -0.000001 -0.325511 1.222693
v -0.514022 -0.310891 1.234991
v -0.508002 -0.326543 1.214351
v -0.559343 -0.312611 1.221059
v -0.501982 -0.316395 1.190529
v -0.547561 -0.327919 1.203257
v -0.535779 -0.317427 1.182187
v -0.579381 -0.331531 1.174447
v -0.838584 1.001814 -0.031359
v -0.812612 1.034495 -0.037550
v -0.809860 1.011962 -0.024565
v -0.853462 1.020304 -0.046581
v -0.849420 0.974122 -0.036691
v -0.818460 1.057027 -0.024564
v -0.869802 0.979024 -0.054149
v -0.849420 -0.603979 -0.036777
v -0.874618 1.036988 -0.036433
v -0.821556 1.057027 0.001494
v -0.869888 -0.610515 -0.054149
v -0.834456 -0.632789 -0.028435
v -0.895946 0.982722 -0.046151
v -0.880810 1.035268 -0.011148
v -0.818718 1.034495 0.014480
v -0.848388 -0.651192 -0.043055
v -0.809775 -0.642679 -0.024393
v -0.813473 -0.665124 -0.037551
v -0.865932 1.016864 0.003987
v -0.812871 1.011962 0.001493
v -0.868426 -0.668048 -0.032305
v -0.819406 -0.687743 -0.024737
v -0.895946 -0.615159 -0.046065
v -0.874618 -0.666415 -0.006935
v -0.821642 -0.687914 0.001321
v -0.901622 -0.613180 -0.020609
v -0.901622 0.981432 -0.020695
v -0.881240 0.976530 -0.003237
v -0.881240 -0.606644 -0.003237
v -0.860686 -0.648010 0.007685
v -0.817944 -0.665469 0.014479
v -0.844776 1.000094 -0.006075
v -0.855182 0.972832 -0.011234
v -0.855182 -0.602000 -0.011321
v -0.840648 -0.631241 -0.003065
v -0.812010 -0.642850 0.001579
v 0.812612 1.034495 -0.037550
v 0.838584 1.001814 -0.031358
v 0.809860 1.011962 -0.024564
v 0.853462 1.020304 -0.046580
v 0.818460 1.057027 -0.024564
v 0.849420 0.974122 -0.036690
v 0.874618 1.036988 -0.036432
v 0.821556 1.057027 0.001494
v 0.869802 0.979024 -0.054148
v 0.849420 -0.603978 -0.036776
v 0.880810 1.035268 -0.011148
v 0.818718 1.034495 0.014480
v 0.895946 0.982722 -0.046150
v 0.869888 -0.610514 -0.054148
v 0.834456 -0.632788 -0.028434
v 0.865932 1.016864 0.003988
v 0.812870 1.011962 0.001494
v 0.848388 -0.651192 -0.043054
v 0.809774 -0.642678 -0.024392
v 0.813472 -0.665124 -0.037550
v 0.895946 -0.615158 -0.046064
v 0.868426 -0.668048 -0.032304
v 0.819406 -0.687742 -0.024736
v 0.901622 0.981432 -0.020694
v 0.901622 -0.613180 -0.020608
v 0.874618 -0.666414 -0.006934
v 0.821642 -0.687914 0.001322
v 0.881240 0.976530 -0.003236
v 0.881240 -0.606644 -0.003236
v 0.860686 -0.648010 0.007686
v 0.817944 -0.665468 0.014480
v 0.844776 1.000094 -0.006074
v 0.855182 0.972832 -0.011234
v 0.855182 -0.602000 -0.011320
v 0.840648 -0.631240 -0.003064
v 0.812010 -0.642850 0.001580
v -0.708725 2.159805 0.185706
v -0.712079 2.167975 0.175472
v -0.838155 2.126092 0.185706
v -0.881929 2.068730 0.185706
v -0.844175 2.133059 0.175472
v -0.712079 2.163589 0.130150
v -0.841423 2.128672 0.130149
v -0.885799 2.075524 0.130149
v -0.888637 2.075524 0.175472
v -0.895775 1.986772 0.130149
v -0.887949 1.991416 0.185706
v -0.898527 1.986772 0.175472
v 0.705284 2.159805 0.185706
v 0.834714 2.126093 0.185706
v 0.708638 2.167975 0.175472
v 0.878488 2.068731 0.185706
v 0.840734 2.133059 0.175472
v 0.708638 2.163589 0.130150
v 0.837982 2.128673 0.130150
v 0.882444 2.075525 0.130150
v 0.885196 2.075525 0.175472
v 0.892334 1.986773 0.130150
v 0.884508 1.991417 0.185706
v 0.895172 1.986773 0.175472
v -0.001721 2.177521 0.023940
v -0.432408 0.526836 1.303619
v -0.229448 0.526836 1.302759
v -0.423292 0.526836 1.295277
v -0.427592 0.526836 1.407507
v -0.436106 0.526836 1.398477
v -0.224546 0.526836 1.406647
v -0.220934 0.526836 1.311789
v -0.233748 0.526836 1.414989
v -0.002581 0.532770 1.410345
v -0.205282 0.521418 1.413957
v -0.011611 0.531996 1.418773
v -0.009031 0.535522 1.306629
v -0.000431 0.535694 1.315487
v -0.211732 0.524084 1.310241
v -0.213882 0.521160 1.405099
v -0.202702 0.524858 1.301813
v 0.013071 0.526234 1.312391
v 0.215945 0.526750 1.303705
v 0.021929 0.526750 1.303705
v 0.021929 0.520558 1.415763
v 0.013071 0.521074 1.407163
v 0.224803 0.521074 1.407163
v 0.224803 0.526234 1.312392
v 0.215945 0.520558 1.415763
v 0.242691 0.534920 1.307747
v 0.444963 0.519010 1.299062
v 0.251549 0.534232 1.299062
v 0.251549 0.534232 1.411292
v 0.242691 0.534920 1.402606
v 0.453734 0.518322 1.402606
v 0.453735 0.518322 1.307747
v 0.444963 0.519010 1.411292
v 0.960188 0.611890 0.820042
v 0.972142 0.606558 0.726130
v 0.972142 0.606558 0.807572
v 0.808484 0.679572 0.807572
v 0.820438 0.674240 0.820042
v 0.820438 0.674240 0.713660
v 0.960188 0.611890 0.713660
v 0.808484 0.679572 0.726130
v 0.856816 0.147576 0.674874
v 0.831446 0.043688 0.675046
v 0.831016 0.164346 0.672294
v 0.857504 0.006450 0.677970
v 0.854838 0.005246 0.662146
v 0.835144 0.026144 0.652944
v 0.835660 -0.003268 0.653288
v 0.831618 -0.016684 0.676336
v 0.851570 0.009030 0.688376
v 0.829038 -0.013072 0.691902
v 0.852086 0.146458 0.685366
v 0.828952 0.162712 0.689322
v -0.833941 0.043688 0.675045
v -0.859311 0.147576 0.674873
v -0.833597 0.164346 0.672293
v -0.860085 0.006450 0.677969
v -0.857333 0.005246 0.662145
v -0.837725 0.026144 0.652943
v -0.838155 -0.003268 0.653287
v -0.834113 -0.016684 0.676335
v -0.854151 0.009030 0.688375
v -0.831533 -0.013072 0.691901
v -0.854667 0.146458 0.685365
v -0.831533 0.162712 0.689321
v -0.000001 2.112419 0.308600
v 0.504130 2.114225 0.301548
v -0.000001 2.123943 0.301892
v -0.504132 2.114225 0.301548
v 0.502410 2.099261 0.309546
v -0.502412 2.099261 0.309546
v 0.520040 2.115171 0.317630
v -0.520042 2.115171 0.317630
v 0.513418 2.099089 0.318920
v -0.513420 2.099088 0.318920
v 0.513762 2.125577 0.556882
v -0.513764 2.125577 0.556882
v 0.520986 2.134779 0.562214
v -0.520988 2.134779 0.562214
v 0.503872 2.135983 0.571072
v -0.503874 2.135983 0.571072
v 0.502238 2.126093 0.563246
v -0.502240 2.126092 0.563246
v -0.000001 2.139165 0.567374
v -0.000001 2.155505 0.575372
v 0.537326 2.135553 0.568320
v 0.536638 2.115085 0.316770
v 0.552032 2.091435 0.283832
v 0.522878 2.110957 0.272996
v 0.505248 2.111387 0.268954
v -0.000001 2.122137 0.265256
v -0.000001 2.098573 0.250034
v -0.505250 2.111387 0.268954
v -0.522880 2.110957 0.272996
v -0.536640 2.115084 0.316770
v -0.555044 2.094445 0.326058
v -0.537328 2.135553 0.568320
v -0.817343 0.697374 0.807571
v -0.817343 0.697374 0.726129
v -0.829297 0.692042 0.820041
v -0.859053 0.716638 0.778331
v -0.829297 0.692042 0.713659
v -0.859053 0.716638 0.755455
v -0.969992 0.667102 0.755455
v -0.969046 0.629692 0.713659
v -0.969992 0.667102 0.778331
v -0.981000 0.624446 0.726129
v -0.969046 0.629692 0.820041
v -0.981000 0.624446 0.807571
v 0.817342 0.697374 0.807572
v 0.817342 0.697374 0.726130
v 0.829296 0.692042 0.820042
v 0.859052 0.716638 0.778332
v 0.829296 0.692042 0.713660
v 0.859052 0.716638 0.755456
v 0.969046 0.629692 0.713660
v 0.969992 0.667102 0.755456
v 0.981000 0.624446 0.726130
v 0.969992 0.667102 0.778332
v 0.981000 0.624446 0.807572
v 0.969046 0.629692 0.820042
v -0.826458 -2.171157 0.377829
v -0.731858 -2.168663 0.530565
v -0.828092 -2.169953 0.531339
v -0.730310 -2.171071 0.377055
v -0.729794 -2.170899 0.312125
v -0.824308 -2.169953 0.310577
v -0.728848 -2.169265 0.262503
v -0.822588 -2.166771 0.258031
v 0.824309 -2.169953 0.310577
v 0.728849 -2.169265 0.262503
v 0.822589 -2.166771 0.258031
v 0.729709 -2.170899 0.312125
v 0.825427 -2.171157 0.373271
v 0.734869 -2.171071 0.372325
v 0.731859 -2.168663 0.530565
v 0.828093 -2.169953 0.531339
v 0.723516 2.089199 0.289938
v 0.592022 2.085587 0.319522
v 0.741404 2.079137 0.319608
v 0.739512 2.074149 0.261558
v 0.609308 2.095219 0.290368
v 0.589958 2.083351 0.262848
v -0.587810 2.085587 0.314964
v -0.719217 2.089199 0.285294
v -0.737105 2.079136 0.315050
v -0.735213 2.074148 0.257000
v -0.605009 2.095219 0.285724
v -0.585660 2.083350 0.258204
v -0.602946 2.064774 0.532200
v -0.585058 2.064774 0.517150
v -0.668133 2.050069 0.469678
v -0.584714 2.064774 0.422464
v -0.735729 2.064774 0.532372
v -0.600623 2.064774 0.404060
v -0.750435 2.064774 0.514312
v -0.733321 2.064774 0.403630
v -0.750779 2.064774 0.419712
v 0.666498 2.050069 0.465034
v 0.583250 2.064775 0.512506
v 0.601224 2.064775 0.527642
v 0.582992 2.064775 0.417734
v 0.734180 2.064775 0.527814
v 0.598816 2.064775 0.399330
v 0.748972 2.064775 0.509754
v 0.731858 2.064775 0.398814
v 0.749316 2.064775 0.414896
v 0.672541 0.977275 0.749939
v 0.580143 1.000776 0.746129
v 0.668712 0.977274 0.742230
v 0.580143 1.000776 0.753838
v 0.565189 1.003072 0.746049
v 0.565189 1.003072 0.753758
v -0.002590 1.028883 0.758450
v -0.002590 1.028883 0.766159
v -0.570368 1.003072 0.753757
v -0.570368 1.003072 0.746048
v -0.585322 1.000776 0.753838
v -0.585322 1.000776 0.746129
v -0.677721 0.977275 0.749939
v -0.673890 0.977274 0.742230
v 0.636633 2.105571 0.586561
v 0.645371 2.080961 0.649962
v 0.632803 2.097451 0.580264
v 0.649202 2.089080 0.656259
v 0.647494 2.054790 0.666786
v 0.651325 2.062910 0.673083
v 0.647844 2.007679 0.673449
v 0.651674 2.015799 0.679746
v 0.656442 1.683061 0.700427
v 0.660272 1.683062 0.708136
v 0.664547 1.321821 0.717790
v 0.668378 1.321821 0.725499
v 0.668753 1.072449 0.726850
v 0.672583 1.072449 0.734558
v 0.571128 2.109823 0.586856
v 0.571128 2.101704 0.580559
v 0.562525 2.110382 0.586895
v 0.562525 2.102262 0.580597
v 0.524667 2.130880 0.593724
v 0.524667 2.122760 0.587426
v 0.508588 2.131410 0.593793
v 0.508589 2.123290 0.587496
v -0.002590 2.148738 0.596091
v -0.002590 2.140619 0.589794
v -0.513768 2.123290 0.587496
v -0.513768 2.131410 0.593793
v -0.529847 2.122760 0.587426
v -0.529847 2.130880 0.593723
v -0.567704 2.102262 0.580597
v -0.567704 2.110382 0.586895
v -0.576307 2.101704 0.580559
v -0.576307 2.109823 0.586856
v -0.637983 2.097451 0.580263
v -0.641812 2.105571 0.586561
v -0.650550 2.080961 0.649961
v -0.654380 2.089080 0.656258
v -0.652673 2.054790 0.666785
v -0.656503 2.062910 0.673082
v -0.653022 2.007679 0.673449
v -0.656853 2.015799 0.679745
v -0.661621 1.683061 0.700427
v -0.665451 1.683062 0.708136
v -0.669726 1.321821 0.717789
v -0.673557 1.321821 0.725498
v -0.673932 1.072449 0.726849
v -0.677763 1.072449 0.734558
v -0.761337 -0.055369 0.156388
v -0.881264 -0.066995 0.208331
v -0.857879 -0.067728 0.086080
v -0.771272 -0.055057 0.208331
v -0.891879 -0.065221 0.331159
v -0.770142 -0.053284 0.331160
v -0.890631 -0.061635 0.534220
v -0.765043 -0.049543 0.544835
v -0.890418 -0.061326 0.555449
v -0.849828 -0.061020 0.615315
v -0.743243 -0.048713 0.626430
v -0.839556 -0.060281 0.637546
v -0.826701 -0.060512 0.707676
v -0.742004 -0.048167 0.713964
v -0.820134 -0.059696 0.720253
v -0.801065 -0.056497 0.765174
v -0.752088 -0.044560 0.765174
v -0.629980 0.633898 1.102020
v -0.608654 0.614624 1.134132
v -0.614499 0.557006 1.124006
v -0.597232 -0.028964 0.156388
v -0.628042 0.356995 0.156229
v -0.761336 -0.055369 0.156389
v -0.100936 -0.238391 0.205757
v 0.000000 -0.234717 0.636234
v 0.100935 -0.238391 0.205757
v 0.614498 0.557006 1.124007
v 0.608653 0.614624 1.134133
v 0.629979 0.633898 1.102021
v 0.761336 -0.055369 0.156389
v 0.628042 0.356995 0.156229
v 0.597231 -0.028964 0.156389
v -0.156891 1.026954 0.456493
v -0.104045 0.861226 0.485075
v -0.103629 0.746290 0.570319
v -0.726727 0.734036 0.572834
v -0.752713 0.839599 0.541494
v -0.719373 0.985292 0.465252
v 0.717824 0.985292 0.460568
v 0.752712 0.839599 0.541494
v 0.726726 0.734036 0.572835
v 0.103629 0.746290 0.570319
v 0.104045 0.867372 0.473209
v 0.156891 1.026954 0.456493
v -0.332742 1.029029 0.382954
v -0.345457 0.985078 0.325818
v -0.358077 1.029031 0.382971
v -0.453568 1.029028 0.382954
v -0.466283 0.985078 0.325818
v -0.478904 1.029031 0.382971
v -0.048659 0.483733 0.414557
v 0.055108 0.483733 0.414557
v 0.003224 0.501918 0.428392
v 0.055108 0.520103 0.414557
v -0.048659 0.520103 0.414557
v -0.567146 0.512208 0.634552
v -0.535005 0.515374 0.615485
v -0.547157 0.492081 0.593352
v -0.212171 0.515359 0.615266
v -0.180002 0.512191 0.634290
v -0.200054 0.492066 0.593117
v -0.754993 0.825222 0.156069
v -0.855197 0.831538 0.085761
v -0.597232 -0.030836 0.252999
v -0.162997 -0.028964 0.156388
v -0.162997 -0.030837 0.252999
v 0.857878 -0.067728 0.086080
v 0.754992 0.825222 0.156070
v 0.697097 -0.230663 0.824662
v 0.642318 -0.016743 1.078862
v 0.735410 -0.041076 0.809043
v 0.608863 -0.203922 1.080243
v 0.687736 -0.233470 0.799982
v 0.752087 -0.044560 0.765175
v 0.597231 -0.030836 0.252999
v 0.162997 -0.028964 0.156388
v 0.162997 -0.030837 0.252999
v 0.518064 0.429086 0.420328
v 0.624676 0.466270 0.415328
v 0.519836 0.496300 0.416779
v 0.651771 0.413864 0.430308
v -0.103629 0.732635 0.706169
v 0.103629 0.733377 0.610503
v 0.103629 0.732635 0.706169
v -0.103629 0.733377 0.610503
v -0.391984 0.897721 0.253938
v -0.304980 0.892893 0.263476
v -0.385878 0.892906 0.263568
v -0.298883 0.897706 0.253832
v -0.305838 0.918029 0.320456
v -0.298005 0.933553 0.310655
v -0.332800 0.918036 0.320506
v -0.345474 0.933562 0.310723
v -0.384523 0.918045 0.320574
v -0.392362 0.933572 0.310791
v -0.358136 0.918038 0.320523
v -0.286051 0.894594 0.170716
v -0.206597 1.005021 0.319937
v -0.224459 0.894590 0.170674
v -0.268189 1.005024 0.319979
v -0.282091 0.872550 0.174785
v -0.210549 0.999464 0.326394
v -0.264227 0.999467 0.326430
v -0.228414 0.872547 0.174748
v -0.512810 0.897720 0.253938
v -0.425806 0.892893 0.263476
v -0.506705 0.892905 0.263568
v -0.419709 0.897706 0.253832
v -0.426664 0.918029 0.320456
v -0.418831 0.933553 0.310655
v -0.453627 0.918036 0.320506
v -0.466299 0.933562 0.310723
v -0.505349 0.918044 0.320574
v -0.513189 0.933571 0.310790
v -0.478962 0.918038 0.320523
v 0.011740 0.494975 0.381863
v 0.055108 0.520103 0.397457
v 0.055108 0.483733 0.397457
v 0.011740 0.508861 0.381863
v -0.005292 0.508861 0.381863
v -0.048659 0.483733 0.397457
v -0.048659 0.520103 0.397457
v -0.005292 0.494975 0.381863
v 0.011741 0.494975 0.211492
v 0.011741 0.508861 0.211492
v -0.005292 0.508861 0.211492
v -0.005292 0.494975 0.211492
v -0.556398 0.544602 0.725201
v -0.544422 0.555272 0.700139
v -0.567077 0.555403 0.722950
v -0.543257 0.542333 0.704203
v 0.761336 -0.055369 0.156389
v 0.855197 0.831538 0.085761
v -0.855197 0.831538 0.085760
v -0.201487 -0.238391 0.156388
v -0.081691 -0.028965 0.212360
v -0.142483 0.358240 0.156229
v -0.071362 0.338085 0.226677
v -0.124193 0.833338 0.156069
v -0.062145 0.799597 0.274921
v -0.122196 1.026954 0.212552
v -0.082478 0.845898 0.353155
v -0.083579 0.359215 0.304248
v -0.141637 0.240699 0.252878
v -0.142483 0.386768 0.252839
v -0.080420 0.216122 0.301184
v -0.140791 0.073853 0.252919
v -0.117718 0.073855 0.301224
v -0.137595 -0.001341 0.349576
v -0.139099 -0.027687 0.349608
v -0.103603 0.001805 0.472385
v -0.621131 -0.027687 0.349608
v -0.139099 -0.063324 0.509030
v -0.103673 -0.012162 0.595196
v -0.124111 -0.061096 0.704868
v -0.664117 0.073262 0.295291
v -0.624586 0.073230 0.252919
v -0.639413 -0.001612 0.347508
v -0.707177 0.215108 0.295248
v -0.674730 0.001496 0.472385
v -0.624064 0.239766 0.243081
v -0.707353 0.357850 0.298553
v -0.628042 0.385523 0.252838
v -0.621131 -0.063324 0.509030
v -0.674873 -0.012473 0.595196
v -0.646564 -0.061404 0.704867
v -0.604978 -0.115788 0.685173
v -0.603518 -0.110325 0.814538
v -0.155253 -0.115788 0.685174
v -0.159286 -0.110038 0.814539
v -0.563202 -0.170616 0.803213
v -0.532711 -0.117183 0.859051
v -0.197029 -0.170616 0.803213
v -0.230105 -0.116988 0.859051
v -0.524635 -0.179408 0.838933
v -0.235584 -0.179408 0.838933
v -0.460446 -0.182322 0.855758
v -0.299760 -0.182323 0.855758
v -0.461904 -0.120484 0.872787
v -0.300925 -0.120380 0.872787
v -0.302064 -0.063611 0.815873
v -0.205818 -0.051766 0.823219
v -0.463338 -0.063818 0.815873
v -0.272406 -0.009109 0.719112
v -0.170971 -0.072114 0.807514
v -0.165356 0.020320 0.724953
v -0.133289 -0.012904 0.718378
v -0.109473 0.043642 0.608519
v -0.140792 0.081773 0.614185
v -0.109439 0.066272 0.477874
v -0.140791 0.107402 0.481053
v -0.242748 0.043170 0.612494
v -0.246661 0.066733 0.447904
v -0.140791 0.075315 0.370714
v -0.139193 0.036987 0.360144
v -0.122713 0.085199 0.331540
v -0.100506 0.222896 0.378777
v -0.140908 0.094659 0.353928
v -0.087374 0.349146 0.397469
v -0.101149 0.433366 0.314883
v -0.120592 0.223166 0.408057
v -0.284120 0.068460 0.353116
v -0.250898 0.233482 0.380485
v -0.518716 0.066383 0.447904
v -0.283494 0.087805 0.333267
v -0.481281 0.068207 0.353116
v -0.482265 0.087549 0.333268
v -0.522605 0.042810 0.612494
v -0.624587 0.106780 0.481053
v -0.492972 -0.009393 0.719112
v -0.559560 -0.052221 0.823219
v -0.600022 0.019761 0.724952
v -0.593120 -0.072507 0.807514
v -0.634737 -0.013345 0.718378
v -0.624587 0.081150 0.614185
v -0.662488 0.043154 0.608519
v -0.662416 0.065783 0.477874
v -0.622199 0.074693 0.370337
v -0.630806 0.036541 0.358922
v -0.650415 0.084576 0.328035
v -0.622459 0.094035 0.352218
v -0.677082 0.221881 0.379047
v -0.517232 0.232968 0.380488
v -0.647539 0.222149 0.408062
v -0.694067 0.347763 0.399230
v -0.691143 0.432036 0.310035
v -0.516293 0.350987 0.409930
v -0.687506 0.415514 0.400172
v -0.658578 0.350623 0.430528
v -0.657914 0.490606 0.318518
v -0.653501 0.413864 0.430627
v -0.654460 0.479705 0.390319
v -0.514498 0.528060 0.321910
v -0.626374 0.466270 0.420084
v -0.518064 0.429086 0.420328
v -0.517167 0.519414 0.381929
v -0.519836 0.496300 0.416779
v -0.252847 0.429766 0.420328
v -0.254208 0.351660 0.409930
v -0.251486 0.496988 0.416779
v -0.111947 0.352025 0.430528
v -0.117434 0.415237 0.430627
v -0.094851 0.416866 0.398340
v -0.133765 0.491751 0.322732
v -0.142893 0.467516 0.416779
v -0.126925 0.480950 0.389217
v -0.276895 0.528579 0.321910
v -0.264190 0.520018 0.381929
v -0.466616 0.508541 0.274118
v -0.603258 0.482366 0.266019
v -0.304755 0.508956 0.274118
v -0.628247 0.431949 0.263478
v -0.466205 0.385938 0.252838
v -0.304344 0.386353 0.252839
v -0.164322 0.483504 0.274118
v -0.142689 0.433194 0.263479
v 0.881262 -0.066995 0.208332
v 0.771271 -0.055057 0.208332
v 0.891878 -0.065221 0.331160
v 0.770141 -0.053284 0.331160
v 0.890630 -0.061635 0.534221
v 0.765042 -0.049543 0.544836
v 0.890418 -0.061326 0.555451
v 0.849827 -0.061020 0.615315
v 0.757125 -0.048713 0.626431
v 0.839555 -0.060281 0.637546
v 0.826701 -0.060512 0.707677
v 0.753893 -0.048167 0.713965
v 0.762271 0.828412 0.208361
v 0.875791 0.839018 0.208361
v 0.753214 0.832883 0.331317
v 0.888285 0.843488 0.331317
v 0.886440 0.849710 0.531391
v 0.886368 0.850699 0.551598
v 0.742072 0.837406 0.619471
v 0.845737 0.848334 0.609107
v 0.836082 0.847689 0.629832
v 0.734828 0.838379 0.703006
v 0.818743 0.849672 0.697064
v 0.810596 0.848299 0.708949
v 0.732687 0.830373 0.734771
v 0.787303 0.840979 0.734771
v 0.727720 0.824659 0.754358
v 0.776697 0.835265 0.754358
v 0.721691 0.812550 0.781137
v 0.766012 0.822148 0.781137
v 0.657998 0.566427 1.133395
v 0.607241 0.509576 1.147347
v 0.650799 0.509576 1.156749
v 0.609059 0.460660 1.152616
v 0.651031 0.460660 1.161675
v 0.611913 0.068152 1.162189
v 0.652582 0.068152 1.170967
v 0.615531 0.018724 1.151162
v 0.654822 0.011834 1.159642
v 0.625701 -0.007387 1.124541
v 0.664936 -0.016950 1.133010
v 0.686759 -0.027576 1.078862
v 0.784386 -0.053014 0.809043
v 0.801064 -0.056497 0.765175
v 0.820134 -0.059696 0.720253
v 0.572409 0.613403 1.149169
v 0.572409 0.551240 1.144292
v 0.460029 0.625388 1.163785
v 0.460029 0.563225 1.158907
v -0.000001 0.637482 1.172579
v 0.460443 0.458400 1.174170
v -0.000001 0.575319 1.167701
v 0.461994 0.065431 1.180108
v -0.000001 0.458035 1.182617
v -0.460030 0.563225 1.158907
v -0.460030 0.625388 1.163785
v 0.463037 -0.198541 1.139665
v -0.572410 0.551240 1.144291
v 0.574921 -0.199784 1.123416
v -0.572410 0.613403 1.149168
v -0.607243 0.509576 1.147347
v -0.609060 0.460660 1.152615
v -0.460444 0.458400 1.174170
v -0.611914 0.068152 1.162188
v -0.461995 0.065431 1.180107
v -0.615532 0.018724 1.151161
v -0.000001 0.063780 1.190041
v -0.000001 -0.198397 1.150407
v -0.463038 -0.198541 1.139665
v -0.574922 -0.199784 1.123415
v -0.625702 -0.007387 1.124540
v -0.608864 -0.203922 1.080242
v -0.642319 -0.016743 1.078861
v 0.745907 -0.238391 0.156389
v 0.745012 -0.237941 0.208332
v 0.743882 -0.236168 0.331160
v 0.738783 -0.232427 0.544836
v 0.730865 -0.231597 0.626431
v 0.707110 -0.231051 0.713965
v 0.714567 0.985292 0.214663
v 0.201486 -0.238391 0.156388
v 0.703436 0.357850 0.304245
v 0.626314 0.239766 0.252878
v 0.628042 0.385523 0.252839
v 0.703273 0.215108 0.301184
v 0.624586 0.073230 0.252919
v 0.663401 0.073262 0.301224
v 0.621131 -0.027687 0.349609
v 0.640526 -0.001612 0.349576
v 0.674733 0.001496 0.475477
v 0.621130 -0.063324 0.509030
v 0.674872 -0.012473 0.595196
v 0.646563 -0.061404 0.704868
v 0.139098 -0.027687 0.349609
v 0.604977 -0.115788 0.697113
v 0.603518 -0.110325 0.814539
v 0.139098 -0.063324 0.509030
v 0.563201 -0.170616 0.803214
v 0.137594 -0.001341 0.349576
v 0.532710 -0.117183 0.859052
v 0.117717 0.073855 0.301224
v 0.103603 0.001805 0.472386
v 0.140790 0.073853 0.252919
v 0.080419 0.216122 0.301184
v 0.103672 -0.012162 0.595196
v 0.141636 0.240699 0.252878
v 0.083578 0.359215 0.304248
v 0.142483 0.386768 0.252839
v 0.124110 -0.061096 0.704868
v 0.155253 -0.115788 0.685174
v 0.159285 -0.110038 0.814539
v 0.197028 -0.170616 0.803213
v 0.230105 -0.116988 0.859052
v 0.524634 -0.179408 0.838934
v 0.235583 -0.179408 0.838934
v 0.299759 -0.182323 0.855759
v 0.460445 -0.182322 0.855759
v 0.461903 -0.120484 0.872787
v 0.300924 -0.120380 0.872787
v 0.302063 -0.063611 0.815873
v 0.205817 -0.051766 0.823220
v 0.463337 -0.063818 0.815873
v 0.272405 -0.009109 0.719113
v 0.170971 -0.072114 0.807514
v 0.165354 0.020320 0.724953
v 0.133288 -0.012904 0.718378
v 0.109472 0.043642 0.608519
v 0.242747 0.043170 0.612494
v 0.109439 0.066272 0.477874
v 0.140790 0.081773 0.614185
v 0.140790 0.107402 0.481053
v 0.139192 0.036987 0.360144
v 0.140790 0.075315 0.370714
v 0.246660 0.066733 0.447904
v 0.122713 0.085199 0.331540
v 0.100505 0.222896 0.378777
v 0.140908 0.094659 0.353928
v 0.087373 0.349146 0.397469
v 0.101148 0.433366 0.314883
v 0.120591 0.223166 0.408058
v 0.284120 0.068460 0.353117
v 0.094851 0.416866 0.398340
v 0.133765 0.491751 0.322732
v 0.111947 0.352025 0.430529
v 0.250898 0.233482 0.380485
v 0.126924 0.480950 0.389218
v 0.276895 0.528579 0.321911
v 0.117433 0.415237 0.430627
v 0.142893 0.467516 0.416779
v 0.254207 0.351660 0.409930
v 0.252847 0.429766 0.420328
v 0.251485 0.496988 0.416779
v 0.264190 0.520018 0.381929
v 0.517166 0.519414 0.381929
v 0.516292 0.350987 0.409930
v 0.517232 0.232968 0.380488
v 0.657262 0.350623 0.430201
v 0.482265 0.087549 0.333269
v 0.647538 0.222149 0.408063
v 0.685905 0.415514 0.395385
v 0.692477 0.347763 0.394441
v 0.624827 0.094035 0.353937
v 0.675405 0.221881 0.378780
v 0.688425 0.432036 0.314878
v 0.657657 0.490606 0.322732
v 0.652807 0.479705 0.385516
v 0.514498 0.528060 0.321911
v 0.650714 0.084576 0.331544
v 0.629116 0.036541 0.354069
v 0.620494 0.074693 0.365501
v 0.661414 0.065783 0.481413
v 0.481280 0.068207 0.353117
v 0.620494 0.106780 0.484852
v 0.662488 0.043154 0.608519
v 0.634736 -0.013345 0.718378
v 0.624586 0.081150 0.614185
v 0.593119 -0.072507 0.807514
v 0.600022 0.019761 0.724953
v 0.559560 -0.052221 0.823220
v 0.492971 -0.009393 0.719113
v 0.522605 0.042810 0.612494
v 0.518716 0.066383 0.447904
v 0.283493 0.087805 0.333267
v -0.118562 0.578622 1.096102
v -0.115641 0.567525 1.084840
v -0.126722 0.571563 1.093253
v -0.107748 0.573983 1.087362
v -0.001878 0.521871 1.082671
v 0.003018 0.532864 1.086051
v 0.111126 0.485868 1.088761
v 0.111741 0.475986 1.086294
v 0.122050 0.481755 1.097641
v 0.122399 0.471271 1.094846
v 0.114845 0.472289 1.135298
v 0.104372 0.476156 1.142216
v -0.003440 0.519374 1.145253
v -0.111067 0.562888 1.140839
v -0.121191 0.567313 1.133789
v -0.661060 0.033463 0.311692
v -0.616574 0.004029 0.323884
v -0.616574 0.033463 0.311692
v -0.661060 0.004029 0.323884
v -0.616574 -0.025405 0.311692
v -0.661060 -0.025405 0.311692
v -0.661060 0.045656 0.282258
v -0.616574 0.045656 0.282258
v -0.661060 0.033463 0.252824
v -0.616574 0.033463 0.252824
v -0.661060 0.004029 0.240632
v -0.616574 0.004029 0.240632
v -0.661060 -0.025405 0.252824
v -0.616574 -0.025405 0.252824
v -0.661060 -0.037597 0.282258
v -0.616574 -0.037597 0.282258
v 0.654348 -0.025800 0.311692
v 0.610537 0.004631 0.323884
v 0.609873 -0.024796 0.311692
v 0.655011 0.003627 0.323884
v 0.611202 0.034058 0.311692
v 0.655676 0.033054 0.311692
v 0.654072 -0.037989 0.282259
v 0.609598 -0.036984 0.282259
v 0.654348 -0.025800 0.252825
v 0.609873 -0.024796 0.252825
v 0.655011 0.003627 0.240633
v 0.610537 0.004631 0.240632
v 0.655676 0.033054 0.252825
v 0.611202 0.034058 0.252825
v 0.655952 0.045243 0.282259
v 0.611477 0.046247 0.282259
v -0.425278 0.614403 0.843607
v -0.373396 0.612417 0.863877
v -0.373406 0.617243 0.849392
v -0.428240 0.609413 0.857761
v -0.373400 0.598024 0.858783
v -0.425272 0.595183 0.853000
v -0.373410 0.603031 0.844668
v -0.422421 0.600346 0.839203
v -0.473624 0.606068 0.826580
v -0.479358 0.600601 0.839758
v -0.473617 0.586848 0.835972
v -0.468100 0.592472 0.823115
v -0.515149 0.592809 0.799470
v -0.523264 0.586582 0.811093
v -0.515144 0.573589 0.808862
v -0.507335 0.579944 0.797499
v -0.547025 0.575528 0.764124
v -0.556966 0.568310 0.773721
v -0.547018 0.556308 0.773515
v -0.537452 0.563616 0.764103
v -0.578168 0.547032 0.730187
v -0.567071 0.536183 0.732342
v -0.573940 0.533960 0.678855
v -0.585425 0.524196 0.683460
v -0.573934 0.514586 0.688148
v -0.562883 0.524196 0.683444
v -0.578241 0.501361 0.636723
v -0.567140 0.492989 0.643944
v -0.556464 0.503789 0.641679
v -0.557108 0.480081 0.593160
v -0.547151 0.472862 0.602744
v -0.537578 0.484773 0.602752
v -0.515338 0.474798 0.557963
v -0.523463 0.461806 0.555742
v -0.515331 0.455578 0.567354
v -0.507513 0.468443 0.569314
v -0.473855 0.461535 0.530796
v -0.479602 0.447783 0.527018
v -0.473849 0.442315 0.540188
v -0.468318 0.455911 0.543646
v -0.425536 0.453197 0.513702
v -0.428513 0.438966 0.508945
v -0.425530 0.433976 0.523094
v -0.422664 0.448032 0.527495
v -0.373673 0.450351 0.507848
v -0.373677 0.435957 0.502755
v -0.373667 0.431131 0.517240
v -0.373662 0.445344 0.521964
v -0.321800 0.453192 0.513632
v -0.318831 0.438961 0.508870
v -0.321794 0.433972 0.523024
v -0.324651 0.448028 0.527429
v -0.273454 0.461526 0.530660
v -0.267714 0.447773 0.526873
v -0.273448 0.442306 0.540051
v -0.278972 0.455903 0.543517
v -0.231929 0.474785 0.557771
v -0.223809 0.461792 0.555538
v -0.231923 0.455565 0.567162
v -0.239737 0.468431 0.569132
v -0.190106 0.480064 0.592911
v -0.200048 0.472847 0.602508
v -0.209621 0.484758 0.602528
v -0.168905 0.501342 0.636444
v -0.179996 0.492971 0.643681
v -0.190675 0.503773 0.641430
v -0.173139 0.533942 0.678583
v -0.161648 0.524178 0.683172
v -0.173133 0.514568 0.687875
v -0.184190 0.524178 0.683187
v -0.179934 0.555386 0.722687
v -0.168832 0.547013 0.729909
v -0.179927 0.536166 0.732079
v -0.190610 0.544585 0.724952
v -0.199921 0.575513 0.763888
v -0.189965 0.568294 0.773472
v -0.199915 0.556293 0.773279
v -0.209495 0.563602 0.763880
v -0.231740 0.592796 0.799277
v -0.223609 0.586569 0.810890
v -0.231734 0.573577 0.808669
v -0.239559 0.579932 0.797318
v -0.273224 0.606060 0.826444
v -0.267471 0.600592 0.839614
v -0.273217 0.586840 0.835836
v -0.278754 0.592463 0.822986
v -0.321543 0.614398 0.843537
v -0.318560 0.609409 0.857686
v -0.321537 0.595178 0.852929
v -0.324409 0.600343 0.839136
v -0.202637 0.555262 0.699906
v -0.219008 0.552199 0.672990
v -0.232458 0.563351 0.689051
v -0.264878 0.570760 0.668695
v -0.276980 0.578287 0.684765
v -0.318017 0.605170 0.670027
v -0.335638 0.611555 0.683047
v -0.319700 0.594852 0.648974
v -0.263921 0.548319 0.630735
v -0.221962 0.530417 0.632607
v -0.237987 0.527130 0.618860
v -0.310871 0.533969 0.602425
v -0.334601 0.581339 0.621426
v -0.412560 0.581343 0.621479
v -0.436311 0.533974 0.602510
v -0.427418 0.594857 0.649046
v -0.483228 0.548329 0.630884
v -0.509161 0.527139 0.619028
v -0.525187 0.530430 0.632814
v -0.528076 0.552212 0.673201
v -0.482212 0.570767 0.668843
v -0.429069 0.605184 0.670098
v -0.470083 0.578293 0.684896
v -0.411427 0.611559 0.683099
v -0.514621 0.563352 0.689233
v 0.741209 0.766266 0.748565
v 0.784118 0.744861 0.733025
v 0.778261 0.766266 0.748565
v 0.747066 0.744861 0.733025
v 0.787802 0.545316 0.735598
v 0.750751 0.545316 0.735598
v 0.795338 0.049274 0.739517
v 0.758287 0.049274 0.739517
v 0.791609 0.024398 0.748150
v 0.754558 0.024398 0.748150
v 0.787072 0.011666 0.765489
v 0.750020 0.011666 0.765489
v 0.779801 0.006808 0.787434
v 0.742749 0.006808 0.787434
v 0.680215 0.027303 1.082037
v 0.643163 0.027303 1.082037
v 0.671898 0.035202 1.105588
v 0.634846 0.035202 1.105588
v 0.665412 0.049320 1.123584
v 0.628359 0.049319 1.123584
v 0.661262 0.075574 1.133812
v 0.624210 0.075574 1.133812
v 0.656489 0.484411 1.122938
v 0.619437 0.484411 1.122938
v 0.657325 0.508937 1.118775
v 0.620274 0.508937 1.118775
v 0.660839 0.531688 1.106943
v 0.623787 0.531688 1.106943
v 0.769071 0.766484 0.775305
v 0.732019 0.766484 0.775305
v -0.762272 0.828412 0.208360
v -0.875791 0.839018 0.208360
v -0.766795 0.832883 0.331317
v -0.888286 0.843488 0.331317
v -0.752712 0.839599 0.541494
v -0.886441 0.849710 0.531391
v -0.886368 0.850699 0.551597
v -0.728189 0.837406 0.619470
v -0.845737 0.848334 0.609107
v -0.836083 0.847689 0.629832
v -0.722940 0.838380 0.703006
v -0.818744 0.849672 0.697063
v -0.810597 0.848299 0.708948
v -0.732689 0.830373 0.734771
v -0.787304 0.840979 0.734771
v -0.728469 0.824822 0.754357
v -0.776697 0.835265 0.754357
v -0.721622 0.812534 0.781137
v -0.766013 0.822148 0.781137
v -0.614661 0.557042 1.124040
v -0.657999 0.566426 1.133394
v -0.608291 0.509576 1.147574
v -0.650800 0.509576 1.156748
v -0.609474 0.460660 1.152704
v -0.651033 0.460660 1.161674
v -0.612452 0.068151 1.162304
v -0.652582 0.068151 1.170966
v -0.615324 0.018760 1.151117
v -0.654823 0.011834 1.159642
v -0.626101 -0.007485 1.124627
v -0.664937 -0.016951 1.133009
v -0.641995 -0.016665 1.078861
v -0.686761 -0.027576 1.078861
v -0.737446 -0.041573 0.809043
v -0.784387 -0.053014 0.809043
v -0.758287 0.049274 0.739516
v -0.791611 0.024398 0.748150
v -0.754559 0.024398 0.748150
v -0.795340 0.049274 0.739516
v -0.750751 0.545316 0.735597
v -0.787803 0.545316 0.735597
v -0.747066 0.744861 0.733024
v -0.784118 0.744861 0.733024
v -0.741210 0.766266 0.748563
v -0.778262 0.766266 0.748563
v -0.787073 0.011666 0.765488
v -0.750020 0.011666 0.765488
v -0.779802 0.006808 0.787434
v -0.742751 0.006808 0.787434
v -0.680216 0.027303 1.082036
v -0.643165 0.027303 1.082036
v -0.671899 0.035201 1.105587
v -0.634847 0.035201 1.105587
v -0.665413 0.049319 1.123584
v -0.628360 0.049319 1.123584
v -0.661263 0.075573 1.133812
v -0.624212 0.075573 1.133812
v -0.656490 0.484410 1.122937
v -0.619439 0.484410 1.122937
v -0.657326 0.508937 1.118774
v -0.620275 0.508937 1.118774
v -0.660840 0.531688 1.106943
v -0.623788 0.531688 1.106943
v -0.769072 0.766484 0.775304
v -0.732020 0.766484 0.775304
v -0.881263 -0.066995 0.208331
v -0.771272 -0.055057 0.208331
v -0.890418 -0.061326 0.555450
v -0.849827 -0.061020 0.615315
v -0.757126 -0.048713 0.626430
v -0.826701 -0.060512 0.707677
v -0.753894 -0.048167 0.713964
v -0.762272 0.828412 0.208361
v -0.875791 0.839018 0.208360
v -0.888286 0.843488 0.331317
v -0.886369 0.850699 0.551597
v -0.742072 0.837406 0.619470
v -0.734828 0.838379 0.703006
v -0.732688 0.830373 0.734771
v -0.727721 0.824659 0.754357
v -0.721692 0.812550 0.781137
v -0.657999 0.566427 1.133394
v -0.651032 0.460660 1.161674
v -0.652583 0.068152 1.170966
v -0.654823 0.011834 1.159642
v -0.664937 -0.016950 1.133009
v -0.686760 -0.027576 1.078861
v -0.735411 -0.041076 0.809043
v -0.697098 -0.230663 0.824662
v -0.687737 -0.233470 0.799981
v -0.745908 -0.238391 0.156388
v -0.745012 -0.237941 0.208331
v -0.743882 -0.236168 0.331160
v -0.738784 -0.232427 0.544835
v -0.730866 -0.231597 0.626430
v -0.707111 -0.231051 0.713964
v -0.714568 0.985292 0.214662
v 0.081690 -0.028965 0.212360
v 0.071362 0.338085 0.226677
v 0.062145 0.805743 0.263055
v 0.142483 0.358240 0.156229
v 0.124192 0.833338 0.156069
v 0.122196 1.026954 0.212552
v 0.082478 0.852045 0.341290
v 0.156890 1.026954 0.456493
v 0.304343 0.386353 0.252839
v 0.466204 0.385938 0.252839
v -0.320128 0.743925 0.570857
v -0.532982 1.021065 0.457155
v -0.532982 0.741599 0.571387
v -0.510583 0.761115 0.697267
v -0.525148 0.734101 0.645005
v -0.510580 0.749134 0.645242
v -0.525151 0.728459 0.702247
v -0.480027 0.765339 0.759554
v -0.492230 0.711368 0.767302
v -0.471374 0.765800 0.765141
v -0.482907 0.709918 0.773165
v -0.321321 0.767952 0.765449
v -0.321240 0.712009 0.774218
v -0.166645 0.770239 0.765776
v -0.154592 0.714233 0.775339
v -0.158041 0.769961 0.760405
v -0.145322 0.715795 0.769759
v -0.126618 0.765753 0.697938
v -0.111467 0.732963 0.704527
v -0.126614 0.753299 0.644447
v -0.111464 0.738627 0.645625
v -0.320292 0.751198 0.644848
v -0.320132 0.736344 0.645313
v 0.266492 0.744510 0.570724
v 0.532982 1.021065 0.457155
v 0.532982 0.741599 0.571387
v 0.000783 0.567379 1.154195
v -0.005909 0.530987 1.136835
v 0.000772 0.528764 1.142759
v -0.005898 0.569602 1.148271
v 0.000829 0.573143 1.194573
v -0.005849 0.578885 1.191909
v 0.000763 0.533210 1.130902
v 0.000774 0.571825 1.142338
v 0.000826 0.584626 1.189235
v 0.891877 -0.065221 0.331160
v 0.890629 -0.061635 0.534221
v 0.743242 -0.048713 0.626431
v 0.839554 -0.060281 0.637546
v 0.826700 -0.060512 0.707677
v 0.742004 -0.048167 0.713965
v 0.762271 0.828413 0.208360
v 0.766795 0.832883 0.331317
v 0.888285 0.843489 0.331317
v 0.752711 0.839599 0.541494
v 0.886367 0.850699 0.551598
v 0.728189 0.837406 0.619471
v 0.722939 0.838380 0.703006
v 0.728468 0.824822 0.754358
v 0.776696 0.835265 0.754358
v 0.721621 0.812534 0.781137
v 0.614660 0.557042 1.124041
v 0.608290 0.509576 1.147574
v 0.609473 0.460660 1.152705
v 0.612451 0.068152 1.162304
v 0.652581 0.068152 1.170967
v 0.615323 0.018760 1.151117
v 0.626100 -0.007485 1.124627
v 0.641993 -0.016664 1.078862
v 0.737446 -0.041573 0.809043
v -0.729109 0.877026 0.780488
v -0.714568 0.842867 0.752237
v -0.714568 0.905030 0.768220
v -0.532982 1.021065 0.213215
v 0.729108 0.877026 0.780488
v 0.714567 0.842867 0.752238
v 0.714567 0.905030 0.768220
v 0.532982 1.021065 0.213215
v 0.532982 1.021065 0.457155
v -0.722612 0.721123 0.607682
v -0.718498 0.720381 0.698012
v -0.718498 0.732757 0.707744
v -0.320289 0.763518 0.699136
v 0.742072 0.837406 0.619471
v 0.722612 0.721123 0.607683
v 0.718497 0.720380 0.698012
v 0.732688 0.830373 0.734771
v 0.718497 0.732756 0.707745
v -0.354912 0.971373 0.337715
v -0.335987 0.971371 0.337702
v -0.332732 1.017143 0.396941
v -0.358068 1.017145 0.396958
v -0.475738 0.971373 0.337714
v -0.456814 0.971371 0.337702
v -0.453559 1.017142 0.396941
v -0.478894 1.017145 0.396958
v 0.007444 0.530986 1.136827
v 0.007455 0.569601 1.148261
v 0.007504 0.578884 1.191900
v -0.591605 0.830849 0.156069
v 0.591604 0.830849 0.156070
v 0.142687 0.433194 0.263479
v 0.164321 0.483504 0.274119
v 0.304754 0.508956 0.274119
v 0.466616 0.508541 0.274119
v 0.607046 0.482366 0.274119
v 0.628247 0.431949 0.263479
v -0.532982 0.728686 0.609859
v -0.320128 0.731011 0.610179
v -0.532982 0.727943 0.703815
v -0.532982 0.737252 0.712102
v 0.266492 0.731598 0.610259
v -0.657096 0.857966 0.753097
v -0.541918 0.863641 0.757685
v -0.657096 0.922642 0.769080
v -0.532982 0.942061 0.774023
v -0.523852 0.864437 0.758091
v -0.307396 0.872850 0.759278
v 0.000000 0.962777 0.776945
v -0.133133 0.879623 0.760232
v -0.115134 0.880323 0.760331
v 0.000000 0.884798 0.760962
v -0.103629 0.743719 0.714737
v 0.307395 0.872850 0.759278
v 0.532982 0.942061 0.774023
v 0.103629 0.743719 0.714737
v 0.266492 0.730855 0.705276
v 0.266492 0.741267 0.713737
v 0.532982 0.728686 0.609860
v 0.532981 0.727943 0.703816
v 0.532981 0.737252 0.712102
v 0.532981 0.864081 0.758041
v 0.657096 0.922642 0.769080
v 0.657096 0.857966 0.753098
v 0.714567 0.905029 0.768220
v -0.281010 0.562309 0.692748
v -0.235152 0.548595 0.690850
v -0.278663 0.544317 0.683067
v -0.203780 0.542318 0.703974
v -0.235450 0.536602 0.683185
v -0.200871 0.528734 0.683211
v -0.240219 0.523373 0.644781
v -0.287973 0.529070 0.644548
v -0.209890 0.517517 0.644929
v -0.246923 0.520000 0.624218
v -0.310869 0.522114 0.608239
v -0.220405 0.508910 0.622799
v -0.466036 0.562317 0.692873
v -0.511905 0.548602 0.691032
v -0.468413 0.544326 0.683196
v -0.511621 0.536614 0.683374
v -0.506914 0.523385 0.644963
v -0.459156 0.529078 0.644666
v -0.546200 0.528749 0.683445
v -0.537242 0.517531 0.645153
v -0.500231 0.520009 0.624381
v -0.436309 0.522119 0.608324
v -0.526761 0.508924 0.623008
v -0.673890 0.977274 0.742230
v -0.673932 1.072449 0.726849
v -0.585322 1.000776 0.746129
v -0.579450 1.367902 0.726095
v -0.669726 1.321821 0.717789
v -0.570368 1.003072 0.746048
v -0.661621 1.683061 0.700427
v -0.551500 1.376497 0.733066
v -0.002590 1.028883 0.758450
v -0.576514 1.716165 0.699203
v -0.653022 2.007679 0.673449
v -0.652673 2.054790 0.666785
v -0.002590 1.399424 0.741422
v -0.542066 1.727881 0.715645
v -0.573577 2.064427 0.663314
v -0.650550 2.080961 0.649961
v -0.637983 2.097451 0.580263
v -0.576307 2.101704 0.580559
v -0.567704 2.102262 0.580597
v -0.529847 2.122760 0.587426
v -0.532633 2.079266 0.680920
v -0.513768 2.123290 0.587496
v -0.002590 1.749395 0.714008
v -0.002590 2.099367 0.686595
v -0.002590 2.140619 0.589794
v 0.508589 2.123290 0.587496
v 0.527453 2.079266 0.680921
v 0.524667 2.122760 0.587426
v 0.536888 1.727881 0.715646
v 0.568398 2.064427 0.663315
v 0.562525 2.102262 0.580597
v 0.571128 2.101704 0.580559
v 0.632803 2.097451 0.580264
v 0.645371 2.080961 0.649962
v 0.647494 2.054790 0.666786
v 0.571334 1.716165 0.699203
v 0.647844 2.007679 0.673449
v 0.656442 1.683061 0.700427
v 0.546322 1.376497 0.733067
v 0.565189 1.003072 0.746049
v 0.574271 1.367902 0.726096
v 0.664547 1.321821 0.717790
v 0.580143 1.000776 0.746129
v 0.668753 1.072449 0.726850
v 0.668712 0.977274 0.742230
v 0.000000 -0.233466 0.799576
v -0.300122 0.521748 0.644557
v -0.447040 0.521755 0.644657
v -0.292085 0.536995 0.683076
v -0.454939 0.537003 0.683186
v -0.442866 0.559261 0.708924
v -0.304188 0.559260 0.708895
v -0.440114 0.584597 0.703991
v -0.306944 0.584593 0.703942
v -0.101188 0.624833 0.711957
v -0.092351 0.621416 0.703045
v -0.096864 0.632047 0.708522
v -0.113746 0.629246 0.711865
v -0.107630 0.639449 0.707008
v -0.166111 0.646699 0.684354
v -0.092502 0.633913 0.700771
v -0.161787 0.653914 0.680920
v -0.166173 0.646279 0.671660
v -0.101462 0.642085 0.696046
v -0.090658 0.629335 0.693243
v -0.157425 0.655778 0.673168
v -0.098855 0.635611 0.685401
v -0.092412 0.620996 0.690350
v -0.155581 0.651200 0.665642
v -0.101336 0.623819 0.681308
v -0.096737 0.613782 0.693784
v -0.157335 0.642862 0.662748
v -0.107452 0.613616 0.686166
v -0.101098 0.611917 0.701536
v -0.161660 0.635647 0.666183
v -0.113620 0.610979 0.697128
v -0.102942 0.616494 0.709063
v -0.166021 0.633783 0.673934
v -0.116227 0.617453 0.707773
v -0.167865 0.638361 0.681461
v -0.139187 0.714599 0.779041
v -0.139101 0.725715 0.783082
v -0.152292 0.723417 0.791104
v -0.152254 0.712393 0.786905
v -0.321266 0.710118 0.785764
v -0.321266 0.720282 0.789827
v -0.485337 0.707976 0.784689
v -0.485226 0.717330 0.788626
v -0.498525 0.719364 0.780196
v -0.498428 0.710006 0.776456
v -0.342190 0.692291 0.611242
v -0.244420 0.675216 0.633051
v -0.341615 0.689114 0.607175
v -0.159841 0.649651 0.673374
v -0.159112 0.646484 0.669320
v -0.245150 0.678383 0.637104
v -0.343823 0.690404 0.615822
v -0.162473 0.647954 0.677597
v -0.247782 0.676686 0.641327
v -0.344882 0.685337 0.616335
v -0.164374 0.643090 0.677765
v -0.249682 0.671822 0.641497
v -0.344307 0.682159 0.612267
v -0.163644 0.639923 0.673712
v -0.248952 0.668655 0.637443
v -0.342675 0.684047 0.607688
v -0.161013 0.641620 0.669489
v -0.246321 0.670352 0.633220
v 0.004896 0.537458 1.111071
v -0.113127 0.574612 1.128199
v 0.114847 0.482833 1.129657
v -0.103187 0.569774 1.134889
v 0.104192 0.486287 1.136214
v 0.001633 0.530602 1.138430
v -0.407259 0.618120 0.589978
v -0.339949 0.618119 0.589959
v -0.339108 0.724464 0.536914
v -0.408164 0.724468 0.536933
v -0.373705 1.090236 0.407440
v -0.420334 0.732445 0.551742
v -0.419175 0.625347 0.604645
v -0.420985 0.637039 0.628358
v -0.422097 0.745301 0.575614
v -0.422298 0.648730 0.652056
v -0.423348 0.758100 0.599387
v -0.410819 0.655955 0.666691
v -0.411586 0.765981 0.614024
v -0.336262 0.655954 0.666670
v -0.335558 0.765977 0.614006
v -0.324814 0.648726 0.652005
v -0.323826 0.758089 0.599338
v -0.326159 0.637035 0.628294
v -0.325110 0.745287 0.575553
v -0.328005 0.625344 0.604594
v -0.326909 0.732433 0.551692
v -0.459866 0.624158 1.172022
v -0.000001 0.636249 1.180419
v 0.459865 0.624158 1.172022
v -0.574378 0.611475 1.158647
v 0.574377 0.611475 1.158648
v -0.615770 0.612543 1.137739
v 0.615769 0.612543 1.137740
v -0.637070 0.630594 1.107504
v 0.637069 0.630594 1.107504
v -0.737453 0.878427 0.778289
v 0.737453 0.878427 0.778290
v -0.720342 0.909621 0.765698
v 0.720341 0.909621 0.765699
v -0.658991 0.931368 0.769677
v 0.658990 0.931368 0.769678
v 0.657096 0.922642 0.769080
v -0.537631 0.950787 0.774530
v 0.537631 0.950787 0.774530
v 0.532981 0.942061 0.774023
v 0.000000 0.970800 0.778579
v 0.000000 -0.257563 0.799576
v 0.687736 -0.257566 0.799982
v -0.687737 -0.257566 0.799981
v 0.697097 -0.254760 0.824662
v -0.697098 -0.254760 0.824662
v 0.608863 -0.228018 1.080243
v -0.608864 -0.228018 1.080242
v 0.574921 -0.223880 1.123416
v -0.574922 -0.223880 1.123415
v 0.463037 -0.222637 1.139665
v -0.463038 -0.222637 1.139665
v -0.000001 -0.222494 1.150407
v -0.675131 0.973476 0.749939
v -0.547913 1.087600 0.650648
v -0.675173 1.068649 0.734558
v -0.582733 0.996977 0.753838
v -0.670967 1.318022 0.725497
v -0.567779 0.999272 0.753757
v -0.537160 1.306653 0.619613
v -0.421753 1.082692 0.643984
v -0.520673 1.642512 0.572027
v -0.662862 1.679262 0.708136
v -0.384951 1.303537 0.574032
v -0.380836 1.640157 0.523135
v -0.532422 1.921623 0.530482
v -0.654264 2.011999 0.679745
v -0.415934 1.936762 0.560905
v -0.548900 1.993024 0.521443
v -0.653915 2.059110 0.673082
v -0.651791 2.085281 0.656258
v -0.639224 2.101771 0.586561
v -0.573718 2.106024 0.586856
v -0.565114 2.106582 0.586895
v -0.527257 2.127080 0.593722
v -0.440307 1.998223 0.542778
v -0.511179 2.127610 0.593793
v -0.297258 1.996201 0.575519
v -0.247406 1.938182 0.603378
v 0.000000 2.013944 0.579081
v 0.000000 2.144939 0.596091
v 0.511178 2.127610 0.593793
v 0.000000 1.941103 0.609776
v 0.297258 1.996201 0.575519
v -0.177962 1.727490 0.681480
v 0.000000 1.721200 0.692318
v 0.247405 1.938182 0.603378
v 0.440306 1.998223 0.542778
v 0.527256 2.127080 0.593723
v 0.415933 1.936762 0.560905
v 0.548899 1.993024 0.521443
v 0.565114 2.106582 0.586895
v 0.573717 2.106024 0.586856
v 0.639223 2.101771 0.586561
v 0.651790 2.085281 0.656259
v 0.653914 2.059110 0.673083
v 0.654264 2.011999 0.679746
v 0.532422 1.921623 0.530482
v 0.662861 1.679262 0.708136
v 0.520672 1.642512 0.572027
v 0.670967 1.318022 0.725498
v 0.380836 1.640157 0.523135
v 0.537159 1.306653 0.619613
v 0.177962 1.727490 0.681480
v 0.384951 1.303537 0.574032
v 0.547912 1.087600 0.650649
v 0.675172 1.068649 0.734558
v 0.675130 0.973476 0.749939
v 0.582732 0.996977 0.753838
v 0.567778 0.999272 0.753758
v 0.421751 1.082692 0.643984
v 0.170354 1.299981 0.693855
v 0.181582 1.048820 0.669815
v 0.000000 1.025083 0.766159
v 0.000000 1.320561 0.704016
v 0.000000 1.047653 0.681527
v -0.170355 1.299981 0.693855
v -0.181583 1.048820 0.669815
vt 0.126932 0.201870
vt 0.117960 0.199253
vt 0.126932 0.199851
vt 0.118558 0.200860
vt 0.117960 0.202542
vt 0.173886 0.174766
vt 0.139792 0.175813
vt 0.139792 0.174766
vt 0.173886 0.175813
vt 0.041995 0.157943
vt 0.008200 0.157495
vt 0.041995 0.157495
vt 0.008200 0.157943
vt 0.312356 0.194430
vt 0.278561 0.193944
vt 0.312356 0.193944
vt 0.278561 0.194430
vt 0.139792 0.176112
vt 0.173886 0.177233
vt 0.139792 0.177233
vt 0.173886 0.176112
vt 0.171194 0.184037
vt 0.137399 0.184486
vt 0.137399 0.184037
vt 0.171194 0.184486
vt 0.083865 0.172299
vt 0.050070 0.172747
vt 0.050070 0.172299
vt 0.083865 0.172747
vt 0.138596 0.228431
vt 0.133212 0.229945
vt 0.138596 0.229945
vt 0.133212 0.228431
vt 0.087155 0.228431
vt 0.085660 0.229945
vt 0.087155 0.229945
vt 0.085660 0.228431
vt 0.083566 0.229945
vt 0.070706 0.231160
vt 0.083566 0.231160
vt 0.070706 0.229945
vt 0.107791 0.241141
vt 0.083566 0.239917
vt 0.083566 0.241141
vt 0.107791 0.229945
vt 0.072800 0.229945
vt 0.073398 0.228431
vt 0.072800 0.228562
vt 0.044089 0.166018
vt 0.042892 0.163028
vt 0.042892 0.166018
vt 0.044089 0.163028
vt 0.356918 0.219029
vt 0.072501 0.219029
vt 0.072501 0.219029
vt 0.356918 0.219029
vt 0.234897 0.194281
vt 0.227121 0.193757
vt 0.234897 0.193757
vt 0.227121 0.194281
vt 0.138596 0.242646
vt 0.133212 0.241141
vt 0.133212 0.242646
vt 0.138596 0.241141
vt 0.087155 0.242646
vt 0.085660 0.241141
vt 0.085660 0.242646
vt 0.087155 0.241141
vt 0.070706 0.239917
vt 0.069510 0.229758
vt 0.073398 0.242646
vt 0.069510 0.241328
vt 0.072800 0.239917
vt 0.072800 0.231160
vt 0.067715 0.231347
vt 0.067715 0.239740
vt 0.085660 0.239917
vt 0.085660 0.231160
vt 0.129922 0.174691
vt 0.131119 0.177757
vt 0.129922 0.177757
vt 0.131119 0.174691
vt 0.226523 0.194281
vt 0.218448 0.193757
vt 0.218448 0.194281
vt 0.226523 0.193757
vt 0.262411 0.227608
vt 0.385629 0.229328
vt 0.262411 0.229197
vt 0.385629 0.227552
vt 0.178073 0.228992
vt 0.178073 0.227739
vt 0.262411 0.243015
vt 0.385629 0.241450
vt 0.385629 0.243076
vt 0.262411 0.241571
vt 0.178073 0.241824
vt 0.178073 0.242922
vt 0.124838 0.187589
vt 0.124838 0.187103
vt 0.127829 0.187103
vt 0.229214 0.204225
vt 0.232205 0.204225
vt 0.232205 0.204711
vt 0.140091 0.137382
vt 0.134109 0.137233
vt 0.134109 0.137233
vt 0.140091 0.137307
vt 0.016574 0.231309
vt 0.024350 0.232300
vt 0.016574 0.232300
vt 0.024350 0.231309
vt 0.140091 0.149719
vt 0.134109 0.149868
vt 0.140091 0.149794
vt 0.134109 0.149868
vt 0.016574 0.238880
vt 0.024350 0.237870
vt 0.024350 0.238880
vt 0.016574 0.237870
vt 0.404770 0.203328
vt 0.409032 0.203103
vt 0.408807 0.203328
vt 0.404994 0.203103
vt 0.306674 0.168112
vt 0.310562 0.167887
vt 0.310861 0.168112
vt 0.306375 0.167887
vt 0.046481 0.164149
vt 0.047079 0.165570
vt 0.046780 0.165719
vt 0.047079 0.163925
vt 0.047079 0.163925
vt 0.047977 0.165420
vt 0.047378 0.165495
vt 0.047678 0.163850
vt 0.054257 0.165719
vt 0.053958 0.164149
vt 0.320731 0.166542
vt 0.316244 0.167813
vt 0.316244 0.166542
vt 0.320731 0.167813
vt 0.445332 0.196337
vt 0.441892 0.197608
vt 0.441892 0.196337
vt 0.445332 0.197608
vt 0.139194 0.175813
vt 0.135904 0.174766
vt 0.139194 0.174766
vt 0.135904 0.175813
vt 0.051565 0.163102
vt 0.054257 0.163551
vt 0.051565 0.163551
vt 0.054257 0.163102
vt 0.005209 0.143139
vt 0.007901 0.143588
vt 0.005209 0.143588
vt 0.007901 0.143139
vt 0.048874 0.189495
vt 0.044089 0.190580
vt 0.044089 0.189495
vt 0.048874 0.190580
vt 0.009695 0.187813
vt 0.004910 0.186505
vt 0.009695 0.186505
vt 0.004910 0.187813
vt 0.003714 0.156149
vt 0.000125 0.154878
vt 0.003714 0.154878
vt 0.000125 0.156149
vt 0.262860 0.199477
vt 0.266000 0.198393
vt 0.266000 0.199477
vt 0.262860 0.198393
vt 0.135904 0.184037
vt 0.133212 0.184486
vt 0.133212 0.184037
vt 0.135904 0.184486
vt 0.045883 0.172747
vt 0.048575 0.172299
vt 0.048575 0.172747
vt 0.045883 0.172299
vt 0.007303 0.183664
vt 0.002518 0.182617
vt 0.007303 0.182617
vt 0.002518 0.183664
vt 0.051565 0.210991
vt 0.056351 0.211702
vt 0.051565 0.211515
vt 0.056351 0.210804
vt 0.274374 0.200823
vt 0.271085 0.201533
vt 0.270935 0.200823
vt 0.274374 0.201533
vt 0.285290 0.199178
vt 0.288730 0.200299
vt 0.285141 0.200299
vt 0.288580 0.199178
vt 0.453294 0.199477
vt 0.452659 0.198692
vt 0.453892 0.198804
vt 0.448621 0.199477
vt 0.259271 0.201084
vt 0.258823 0.201010
vt 0.259271 0.201010
vt 0.258823 0.201159
vt 0.060239 0.176635
vt 0.059939 0.175589
vt 0.060239 0.175439
vt 0.059939 0.176486
vt 0.164316 0.185084
vt 0.169998 0.185832
vt 0.169699 0.185159
vt 0.164316 0.186056
vt 0.079379 0.174093
vt 0.079977 0.173346
vt 0.083865 0.174093
vt 0.078781 0.173420
vt 0.257477 0.201084
vt 0.258075 0.201010
vt 0.258075 0.201159
vt 0.257626 0.201010
vt 0.224728 0.205421
vt 0.133810 0.206206
vt 0.224728 0.206057
vt 0.133810 0.205496
vt 0.133810 0.204823
vt 0.224728 0.204636
vt 0.133810 0.204150
vt 0.224728 0.203888
vt 0.133810 0.203477
vt 0.224728 0.203253
vt 0.133810 0.202767
vt 0.224728 0.202617
vt 0.133810 0.202019
vt 0.224728 0.201944
vt 0.224728 0.201271
vt 0.133810 0.201197
vt 0.224728 0.200636
vt 0.133810 0.200449
vt 0.224728 0.200000
vt 0.133810 0.199739
vt 0.224728 0.199327
vt 0.133810 0.199066
vt 0.224728 0.198617
vt 0.133810 0.198393
vt 0.224728 0.197795
vt 0.133810 0.197720
vt 0.119455 0.186056
vt 0.116165 0.185533
vt 0.119455 0.185308
vt 0.116165 0.186056
vt 0.015677 0.202019
vt 0.003714 0.200898
vt 0.015677 0.200898
vt 0.003714 0.202019
vt 0.128427 0.180149
vt 0.125436 0.180598
vt 0.125436 0.180149
vt 0.128427 0.180897
vt 0.409032 0.201757
vt 0.404994 0.201757
vt 0.128427 0.179551
vt 0.122446 0.177906
vt 0.128427 0.177981
vt 0.122147 0.179551
vt 0.121548 0.177906
vt 0.121249 0.179551
vt 0.306525 0.168486
vt 0.310712 0.168187
vt 0.310712 0.168486
vt 0.306674 0.168187
vt 0.309964 0.167663
vt 0.305777 0.167663
vt 0.313852 0.194879
vt 0.328506 0.192337
vt 0.328506 0.194767
vt 0.314001 0.191851
vt 0.329553 0.187252
vt 0.315497 0.186355
vt 0.331198 0.184411
vt 0.317889 0.183589
vt 0.336432 0.170953
vt 0.323721 0.171476
vt 0.339273 0.164672
vt 0.324918 0.165196
vt 0.340170 0.162130
vt 0.325665 0.162579
vt 0.340619 0.160784
vt 0.325815 0.161009
vt 0.325964 0.159439
vt 0.340619 0.159513
vt 0.340619 0.158242
vt 0.325964 0.157869
vt 0.325815 0.156298
vt 0.340320 0.156822
vt 0.325217 0.153682
vt 0.339423 0.154280
vt 0.323871 0.147700
vt 0.336731 0.148149
vt 0.318338 0.136634
vt 0.331497 0.135812
vt 0.315646 0.133943
vt 0.329852 0.133046
vt 0.314151 0.128784
vt 0.328656 0.128111
vt 0.313852 0.125793
vt 0.328506 0.125718
vt 0.146670 0.228431
vt 0.146670 0.229945
vt 0.151157 0.228431
vt 0.151157 0.229945
vt 0.159830 0.228431
vt 0.159830 0.229945
vt 0.163419 0.228431
vt 0.163419 0.229945
vt 0.166110 0.228431
vt 0.166110 0.229945
vt 0.167306 0.228431
vt 0.167306 0.229945
vt 0.170297 0.229197
vt 0.168802 0.230730
vt 0.171493 0.230057
vt 0.168204 0.231590
vt 0.171793 0.231066
vt 0.167606 0.232842
vt 0.171493 0.232973
vt 0.171493 0.235543
vt 0.170895 0.235543
vt 0.165512 0.235543
vt 0.167606 0.238235
vt 0.171493 0.238113
vt 0.171793 0.240011
vt 0.168204 0.239497
vt 0.171493 0.240992
vt 0.168802 0.240347
vt 0.170297 0.241852
vt 0.168503 0.241085
vt 0.168503 0.242492
vt 0.167306 0.241141
vt 0.166110 0.241141
vt 0.166110 0.242646
vt 0.163419 0.241141
vt 0.163419 0.242646
vt 0.151157 0.241141
vt 0.151157 0.242646
vt 0.146670 0.241141
vt 0.146670 0.242646
vt 0.142184 0.241141
vt 0.142184 0.242646
vt 0.499587 0.230020
vt 0.499587 0.228468
vt 0.499954 0.229272
vt 0.497015 0.231066
vt 0.497015 0.227422
vt 0.493220 0.231347
vt 0.491015 0.231403
vt 0.491015 0.227085
vt 0.493220 0.227141
vt 0.477538 0.231216
vt 0.490893 0.231552
vt 0.477538 0.227272
vt 0.490893 0.226936
vt 0.477538 0.231123
vt 0.465182 0.231048
vt 0.477538 0.227365
vt 0.465182 0.227459
vt 0.465182 0.230954
vt 0.453519 0.230786
vt 0.465182 0.227552
vt 0.453519 0.227702
vt 0.453519 0.230730
vt 0.453519 0.227758
vt 0.436845 0.230281
vt 0.436771 0.230337
vt 0.436845 0.228225
vt 0.436771 0.228169
vt 0.435500 0.230001
vt 0.435126 0.230094
vt 0.434752 0.229272
vt 0.435051 0.229272
vt 0.435500 0.228506
vt 0.435126 0.228412
vt 0.123044 0.154280
vt 0.116165 0.152784
vt 0.123044 0.153233
vt 0.114670 0.154205
vt 0.105099 0.149195
vt 0.094931 0.152859
vt 0.103006 0.143364
vt 0.089847 0.145083
vt 0.088950 0.151962
vt 0.076089 0.149719
vt 0.090744 0.138055
vt 0.077585 0.144036
vt 0.070108 0.149046
vt 0.104501 0.131924
vt 0.075790 0.137158
vt 0.082968 0.133120
vt 0.071603 0.138803
vt 0.089548 0.129756
vt 0.066818 0.139849
vt 0.098221 0.126316
vt 0.062033 0.140298
vt 0.108987 0.126765
vt 0.062033 0.148896
vt 0.111679 0.125045
vt 0.103006 0.124746
vt 0.053958 0.149046
vt 0.056949 0.139849
vt 0.052164 0.138803
vt 0.047977 0.137158
vt 0.046182 0.144036
vt 0.047378 0.149719
vt 0.033023 0.138055
vt 0.040799 0.133120
vt 0.033920 0.145083
vt 0.034817 0.151962
vt 0.028836 0.152859
vt 0.020761 0.143364
vt 0.019266 0.131924
vt 0.034219 0.129756
vt 0.018668 0.149195
vt 0.025247 0.126541
vt 0.009097 0.154205
vt 0.016574 0.127363
vt 0.011191 0.125718
vt 0.019864 0.124672
vt 0.007602 0.152784
vt 0.000723 0.154280
vt 0.000723 0.153233
vt 0.305926 0.191963
vt 0.309665 0.191589
vt 0.306824 0.191963
vt 0.304431 0.190318
vt 0.312356 0.185832
vt 0.300394 0.189495
vt 0.301141 0.185682
vt 0.300095 0.185383
vt 0.294263 0.189383
vt 0.302188 0.168560
vt 0.296655 0.168486
vt 0.296207 0.167289
vt 0.295010 0.166168
vt 0.293216 0.165196
vt 0.283047 0.189421
vt 0.285739 0.163700
vt 0.282150 0.189794
vt 0.280057 0.191028
vt 0.282898 0.163850
vt 0.277365 0.191103
vt 0.280057 0.164224
vt 0.274524 0.191028
vt 0.277216 0.164897
vt 0.271683 0.191028
vt 0.274374 0.165719
vt 0.265402 0.190916
vt 0.271982 0.166317
vt 0.267795 0.166766
vt 0.261514 0.166766
vt 0.259122 0.190841
vt 0.253738 0.190729
vt 0.256131 0.166616
vt 0.251495 0.166018
vt 0.249252 0.165271
vt 0.246860 0.190654
vt 0.246262 0.164373
vt 0.243869 0.190580
vt 0.243570 0.163626
vt 0.241476 0.190542
vt 0.241177 0.163177
vt 0.238486 0.190505
vt 0.238187 0.163028
vt 0.235794 0.188710
vt 0.235794 0.163102
vt 0.234598 0.188486
vt 0.230710 0.164224
vt 0.224429 0.188299
vt 0.228616 0.165121
vt 0.226523 0.167364
vt 0.220840 0.167289
vt 0.219644 0.184187
vt 0.218149 0.188224
vt 0.218149 0.184411
vt 0.210373 0.184860
vt 0.214560 0.188935
vt 0.207980 0.184785
vt 0.207980 0.184262
vt 0.207083 0.184710
vt 0.207083 0.184262
vt 0.203494 0.184187
vt 0.206186 0.187664
vt 0.212167 0.190505
vt 0.213065 0.190505
vt 0.210074 0.187664
vt 0.208877 0.190056
vt 0.209476 0.188075
vt 0.208877 0.188299
vt 0.206186 0.190430
vt 0.208578 0.188299
vt 0.204092 0.190019
vt 0.207382 0.188299
vt 0.206485 0.187963
vt 0.200803 0.190131
vt 0.203195 0.190617
vt 0.199905 0.184187
vt 0.199606 0.190467
vt 0.201999 0.190841
vt 0.193326 0.189608
vt 0.198410 0.190916
vt 0.200803 0.191327
vt 0.190933 0.189421
vt 0.183157 0.183888
vt 0.198111 0.192262
vt 0.199606 0.192524
vt 0.197513 0.192224
vt 0.198111 0.192710
vt 0.196616 0.190729
vt 0.197812 0.192710
vt 0.195120 0.190991
vt 0.193326 0.190467
vt 0.195419 0.192337
vt 0.190933 0.190355
vt 0.188541 0.190393
vt 0.188541 0.189533
vt 0.186746 0.190841
vt 0.181064 0.189832
vt 0.179568 0.183813
vt 0.185251 0.190580
vt 0.185849 0.192187
vt 0.177774 0.189608
vt 0.175381 0.183813
vt 0.172690 0.189495
vt 0.175680 0.189981
vt 0.170297 0.189907
vt 0.178372 0.190206
vt 0.182260 0.190168
vt 0.179568 0.190505
vt 0.183456 0.191439
vt 0.181662 0.191589
vt 0.183755 0.192038
vt 0.183157 0.192486
vt 0.183456 0.192486
vt 0.182858 0.192748
vt 0.182858 0.192897
vt 0.181363 0.193010
vt 0.183157 0.192748
vt 0.183157 0.192897
vt 0.183755 0.193159
vt 0.197214 0.193383
vt 0.198111 0.193122
vt 0.199606 0.193309
vt 0.198111 0.192972
vt 0.198410 0.193159
vt 0.198111 0.192972
vt 0.057248 0.211851
vt 0.051565 0.211627
vt 0.051565 0.210879
vt 0.057248 0.210692
vt 0.128427 0.176561
vt 0.127530 0.176561
vt 0.128128 0.176785
vt 0.128427 0.175514
vt 0.127530 0.175514
vt 0.128128 0.175289
vt 0.393854 0.200299
vt 0.391162 0.201197
vt 0.394078 0.201159
vt 0.390340 0.200112
vt 0.389816 0.201197
vt 0.389368 0.200075
vt 0.388695 0.201197
vt 0.388022 0.199963
vt 0.386900 0.201197
vt 0.386153 0.200000
vt 0.385181 0.201197
vt 0.384582 0.200000
vt 0.382938 0.201197
vt 0.382339 0.200038
vt 0.380769 0.201159
vt 0.380171 0.200075
vt 0.378825 0.201159
vt 0.378302 0.200112
vt 0.377106 0.201159
vt 0.376582 0.200150
vt 0.375311 0.201159
vt 0.375311 0.200150
vt 0.374414 0.200150
vt 0.373965 0.201159
vt 0.372769 0.200112
vt 0.372320 0.201159
vt 0.370975 0.200075
vt 0.370526 0.201159
vt 0.368732 0.200038
vt 0.368133 0.201197
vt 0.366638 0.200000
vt 0.366040 0.201197
vt 0.364993 0.200000
vt 0.364246 0.201197
vt 0.363199 0.199963
vt 0.362451 0.201197
vt 0.361703 0.200075
vt 0.361255 0.201197
vt 0.360956 0.200112
vt 0.359909 0.201197
vt 0.357367 0.200299
vt 0.357068 0.201159
vt 0.015079 0.223421
vt 0.014481 0.224244
vt 0.014481 0.223421
vt 0.014780 0.224244
vt 0.014481 0.225104
vt 0.014780 0.225104
vt 0.014481 0.225216
vt 0.014780 0.225216
vt 0.015079 0.225795
vt 0.014481 0.228038
vt 0.015378 0.226263
vt 0.015976 0.226805
vt 0.017172 0.227403
vt 0.018668 0.227795
vt 0.021658 0.227889
vt 0.014780 0.228225
vt 0.045883 0.227889
vt 0.045883 0.228094
vt 0.330600 0.212674
vt 0.293066 0.212374
vt 0.330600 0.212374
vt 0.293066 0.212674
vt 0.255383 0.212374
vt 0.255383 0.212674
vt 0.217850 0.212412
vt 0.217850 0.212674
vt 0.179269 0.212262
vt 0.179269 0.212599
vt 0.142184 0.212188
vt 0.142184 0.212524
vt 0.059341 0.211141
vt 0.063528 0.212262
vt 0.142184 0.211702
vt 0.060239 0.212374
vt 0.058743 0.211216
vt 0.059042 0.212038
vt 0.058743 0.210169
vt 0.060239 0.209010
vt 0.059042 0.209309
vt 0.142184 0.211141
vt 0.179269 0.211851
vt 0.059341 0.210244
vt 0.063528 0.209122
vt 0.142184 0.208860
vt 0.179269 0.211103
vt 0.217850 0.211963
vt 0.142184 0.209197
vt 0.179269 0.208786
vt 0.179269 0.209122
vt 0.217850 0.208748
vt 0.142184 0.209645
vt 0.217850 0.208973
vt 0.255383 0.208711
vt 0.255383 0.208973
vt 0.293066 0.208711
vt 0.293066 0.208973
vt 0.330600 0.208711
vt 0.330600 0.208973
vt 0.367984 0.208711
vt 0.367984 0.209010
vt 0.394452 0.208748
vt 0.367984 0.209384
vt 0.367984 0.210244
vt 0.394452 0.210244
vt 0.394452 0.211141
vt 0.367984 0.211141
vt 0.330600 0.210281
vt 0.330600 0.209384
vt 0.330600 0.211103
vt 0.367984 0.212001
vt 0.330600 0.212001
vt 0.293066 0.210281
vt 0.293066 0.209384
vt 0.293066 0.211103
vt 0.293066 0.212001
vt 0.255383 0.210281
vt 0.255383 0.209384
vt 0.255383 0.211103
vt 0.255383 0.211963
vt 0.217850 0.210281
vt 0.217850 0.209421
vt 0.217850 0.211103
vt 0.179269 0.210281
vt 0.179269 0.209533
vt 0.142184 0.210244
vt 0.040799 0.217272
vt 0.078183 0.217533
vt 0.040799 0.217533
vt 0.078183 0.217234
vt 0.104501 0.217459
vt 0.078183 0.216823
vt 0.078183 0.216001
vt 0.104501 0.216001
vt 0.033023 0.197010
vt 0.032724 0.198131
vt 0.033023 0.198131
vt 0.032724 0.197010
vt 0.008499 0.198131
vt 0.008499 0.197010
vt 0.045883 0.242768
vt 0.014780 0.242403
vt 0.045883 0.242525
vt 0.021658 0.242740
vt 0.014481 0.242613
vt 0.018668 0.242828
vt 0.017172 0.243230
vt 0.015976 0.243810
vt 0.015378 0.244361
vt 0.015079 0.244819
vt 0.014481 0.245403
vt 0.014780 0.245403
vt 0.014780 0.245525
vt 0.014481 0.245525
vt 0.014780 0.246382
vt 0.014481 0.246382
vt 0.015079 0.247209
vt 0.014481 0.247209
vt 0.015677 0.248894
vt 0.014481 0.249200
vt 0.015677 0.249506
vt 0.015079 0.251160
vt 0.014481 0.251160
vt 0.117960 0.202617
vt 0.111978 0.204748
vt 0.115567 0.202318
vt 0.113773 0.205496
vt 0.105698 0.206169
vt 0.106296 0.207178
vt 0.098520 0.206169
vt 0.097922 0.207178
vt 0.092239 0.204748
vt 0.089847 0.205458
vt 0.081174 0.205458
vt 0.088650 0.202281
vt 0.082370 0.202281
vt 0.078781 0.204748
vt 0.082370 0.199440
vt 0.072501 0.206169
vt 0.088650 0.199440
vt 0.073099 0.207178
vt 0.065323 0.206169
vt 0.064725 0.207178
vt 0.059042 0.204748
vt 0.057248 0.205496
vt 0.055453 0.202281
vt 0.053061 0.202542
vt 0.053061 0.199141
vt 0.055453 0.199440
vt 0.057248 0.196225
vt 0.059042 0.196972
vt 0.064725 0.194542
vt 0.065323 0.195589
vt 0.073099 0.194542
vt 0.072501 0.195589
vt 0.081174 0.196262
vt 0.078781 0.196972
vt 0.092239 0.196972
vt 0.089847 0.196262
vt 0.097922 0.194542
vt 0.098520 0.195589
vt 0.106296 0.194542
vt 0.105698 0.195589
vt 0.113773 0.196225
vt 0.111978 0.196972
vt 0.117960 0.199253
vt 0.115567 0.199440
vt 0.319086 0.200038
vt 0.320880 0.200711
vt 0.319086 0.200711
vt 0.320880 0.199776
vt 0.321927 0.200711
vt 0.321927 0.199701
vt 0.323123 0.199776
vt 0.323123 0.200711
vt 0.324768 0.200038
vt 0.324768 0.200711
vt 0.123044 0.161607
vt 0.120053 0.161084
vt 0.123044 0.160934
vt 0.120053 0.161607
vt 0.105698 0.161158
vt 0.093735 0.161831
vt 0.093436 0.160635
vt 0.075491 0.160784
vt 0.075491 0.161906
vt 0.130221 0.128335
vt 0.133212 0.128709
vt 0.130221 0.128559
vt 0.134408 0.129457
vt 0.137100 0.129606
vt 0.137698 0.130952
vt 0.140689 0.131027
vt 0.140390 0.133494
vt 0.143381 0.133270
vt 0.141287 0.136186
vt 0.144577 0.135887
vt 0.141885 0.138279
vt 0.138296 0.138653
vt 0.137100 0.139924
vt 0.139493 0.139999
vt 0.138596 0.143513
vt 0.136203 0.143513
vt 0.137100 0.147102
vt 0.139493 0.147102
vt 0.141885 0.148747
vt 0.138296 0.148448
vt 0.144577 0.151214
vt 0.141287 0.150915
vt 0.143381 0.153831
vt 0.140390 0.153607
vt 0.140689 0.156074
vt 0.137698 0.156149
vt 0.137100 0.157495
vt 0.134408 0.157644
vt 0.133212 0.158392
vt 0.130221 0.158541
vt 0.130221 0.158766
vt 0.124539 0.128559
vt 0.124539 0.128335
vt 0.124539 0.130429
vt 0.127231 0.130653
vt 0.129922 0.131102
vt 0.132315 0.131924
vt 0.133810 0.132971
vt 0.135007 0.134242
vt 0.135306 0.135513
vt 0.135007 0.136560
vt 0.133212 0.126092
vt 0.132315 0.126316
vt 0.133212 0.126092
vt 0.132614 0.126391
vt 0.132315 0.127812
vt 0.132614 0.160710
vt 0.132315 0.160784
vt 0.132315 0.159289
vt 0.133212 0.161009
vt 0.133212 0.160934
vt 0.002518 0.213272
vt 0.000723 0.214730
vt 0.000723 0.213309
vt 0.002518 0.214730
vt 0.005508 0.213309
vt 0.005508 0.214692
vt 0.008798 0.213496
vt 0.008798 0.214543
vt 0.011789 0.214431
vt 0.011789 0.213571
vt 0.016275 0.181720
vt 0.107193 0.181047
vt 0.016275 0.180972
vt 0.107193 0.181794
vt 0.016275 0.182392
vt 0.107193 0.182467
vt 0.016275 0.183065
vt 0.107193 0.183140
vt 0.016275 0.183738
vt 0.107193 0.183813
vt 0.016275 0.184486
vt 0.107193 0.184561
vt 0.016275 0.185308
vt 0.107193 0.185234
vt 0.107193 0.185981
vt 0.016275 0.186056
vt 0.107193 0.186654
vt 0.016275 0.186729
vt 0.107193 0.187327
vt 0.016275 0.187439
vt 0.107193 0.188000
vt 0.016275 0.188112
vt 0.107193 0.188785
vt 0.016275 0.188785
vt 0.016275 0.189495
vt 0.107193 0.189458
vt 0.032724 0.204449
vt 0.033023 0.205571
vt 0.033023 0.204449
vt 0.032724 0.205571
vt 0.008499 0.204449
vt 0.008499 0.205571
vt 0.008200 0.155326
vt 0.004910 0.155850
vt 0.005209 0.155102
vt 0.007901 0.155850
vt 0.022256 0.155401
vt 0.034219 0.155999
vt 0.034817 0.154878
vt 0.052762 0.155027
vt 0.052463 0.156149
vt 0.124539 0.158541
vt 0.124539 0.158766
vt 0.124539 0.156672
vt 0.127231 0.156523
vt 0.129922 0.155999
vt 0.132315 0.155177
vt 0.133810 0.154130
vt 0.135007 0.152859
vt 0.135306 0.151588
vt 0.135007 0.150541
vt 0.290823 0.200524
vt 0.297851 0.200711
vt 0.291721 0.200785
vt 0.297851 0.199365
vt 0.290375 0.200187
vt 0.290375 0.200112
vt 0.290225 0.199888
vt 0.297851 0.199178
vt 0.291571 0.199215
vt 0.291122 0.199327
vt 0.290823 0.199365
vt 0.290225 0.199664
vt 0.233701 0.204225
vt 0.237887 0.205421
vt 0.233701 0.205421
vt 0.237887 0.204225
vt 0.240579 0.204225
vt 0.240579 0.205421
vt 0.065323 0.191252
vt 0.060837 0.189495
vt 0.065323 0.189495
vt 0.060837 0.191252
vt 0.058145 0.190841
vt 0.058145 0.189495
vt 0.267496 0.198393
vt 0.271683 0.200150
vt 0.267496 0.200150
vt 0.271683 0.198393
vt 0.274374 0.198393
vt 0.274374 0.199739
vt 0.123642 0.186505
vt 0.127530 0.185308
vt 0.127829 0.186505
vt 0.123642 0.185308
vt 0.120950 0.185308
vt 0.120950 0.186505
vt 0.451089 0.196337
vt 0.446902 0.198094
vt 0.446902 0.196337
vt 0.451089 0.198094
vt 0.453892 0.197683
vt 0.453892 0.196337
vt 0.053061 0.174691
vt 0.048874 0.176486
vt 0.048874 0.174691
vt 0.053061 0.176486
vt 0.055753 0.176486
vt 0.055753 0.175140
vt 0.424882 0.201795
vt 0.410677 0.202468
vt 0.410751 0.201757
vt 0.424733 0.202505
vt 0.418004 0.202729
vt 0.413443 0.202729
vt 0.241177 0.200785
vt 0.244467 0.199477
vt 0.241177 0.200898
vt 0.241476 0.200860
vt 0.244467 0.199701
vt 0.241476 0.200972
vt 0.247458 0.199141
vt 0.244467 0.200000
vt 0.247458 0.199440
vt 0.250748 0.199440
vt 0.247458 0.199851
vt 0.250449 0.199739
vt 0.253290 0.200112
vt 0.249850 0.200075
vt 0.252991 0.200561
vt 0.252542 0.200935
vt 0.118259 0.178729
vt 0.119754 0.177981
vt 0.119754 0.178729
vt 0.118259 0.177906
vt 0.116464 0.177981
vt 0.116464 0.178729
vt 0.320731 0.165794
vt 0.306375 0.165046
vt 0.320431 0.165046
vt 0.306674 0.165794
vt 0.313403 0.166018
vt 0.317889 0.166018
vt 0.207382 0.170205
vt 0.204092 0.168859
vt 0.207083 0.170130
vt 0.207083 0.170205
vt 0.203793 0.169084
vt 0.207083 0.170280
vt 0.200803 0.168560
vt 0.204092 0.169383
vt 0.200803 0.168859
vt 0.197513 0.168934
vt 0.201102 0.169308
vt 0.198111 0.169159
vt 0.194821 0.169607
vt 0.198709 0.169532
vt 0.195419 0.170056
vt 0.196017 0.170430
vt 0.405518 0.200636
vt 0.405518 0.201159
vt 0.409779 0.201159
vt 0.409705 0.200337
vt 0.414116 0.201159
vt 0.414340 0.199327
vt 0.417779 0.197944
vt 0.417779 0.201122
vt 0.424882 0.199701
vt 0.422639 0.201122
vt 0.424359 0.198243
vt 0.421518 0.197683
vt 0.345703 0.200636
vt 0.345554 0.201159
vt 0.341366 0.201159
vt 0.341366 0.200337
vt 0.337030 0.201159
vt 0.336880 0.199327
vt 0.333292 0.197944
vt 0.333292 0.201122
vt 0.326862 0.198243
vt 0.329553 0.197683
vt 0.326263 0.199701
vt 0.328506 0.201122
vt 0.135306 0.176336
vt 0.139194 0.177233
vt 0.135306 0.177159
vt 0.139194 0.176336
vt 0.135306 0.176336
vt 0.135306 0.177159
vt 0.118259 0.199178
vt 0.047378 0.174766
vt 0.044388 0.175589
vt 0.044388 0.174691
vt 0.047378 0.175589
vt 0.044388 0.175589
vt 0.044388 0.174691
vt 0.168503 0.190841
vt 0.164017 0.189720
vt 0.167007 0.190206
vt 0.149960 0.189346
vt 0.144577 0.191327
vt 0.169101 0.191327
vt 0.137399 0.189009
vt 0.168503 0.191738
vt 0.164017 0.192897
vt 0.167007 0.192374
vt 0.149960 0.193271
vt 0.137399 0.193608
vt 0.134708 0.191327
vt 0.135605 0.190131
vt 0.135605 0.192486
vt 0.135904 0.190131
vt 0.119455 0.189009
vt 0.119455 0.193608
vt 0.135007 0.191327
vt 0.135904 0.192486
vt 0.024948 0.231309
vt 0.024948 0.232300
vt 0.026144 0.232394
vt 0.026742 0.231309
vt 0.029434 0.231309
vt 0.029434 0.232543
vt 0.032425 0.232562
vt 0.032724 0.231309
vt 0.035416 0.232749
vt 0.036911 0.231309
vt 0.037808 0.233179
vt 0.039902 0.233739
vt 0.041098 0.234375
vt 0.041397 0.231309
vt 0.041696 0.235085
vt 0.045883 0.231309
vt 0.041397 0.238880
vt 0.041098 0.235786
vt 0.039902 0.236459
vt 0.037808 0.237011
vt 0.035416 0.237440
vt 0.045883 0.238880
vt 0.036911 0.238880
vt 0.049173 0.231309
vt 0.032724 0.238880
vt 0.032425 0.237590
vt 0.029434 0.238880
vt 0.029434 0.237655
vt 0.026144 0.237805
vt 0.026742 0.238880
vt 0.024948 0.238880
vt 0.024948 0.237870
vt 0.049173 0.238880
vt 0.053360 0.231534
vt 0.049472 0.231216
vt 0.052463 0.231739
vt 0.053360 0.238665
vt 0.049472 0.238973
vt 0.054855 0.232169
vt 0.056052 0.231926
vt 0.052463 0.238450
vt 0.054855 0.237992
vt 0.056052 0.238235
vt 0.056351 0.232730
vt 0.057846 0.232506
vt 0.056351 0.237468
vt 0.057846 0.237655
vt 0.057547 0.233739
vt 0.059341 0.233702
vt 0.057547 0.236459
vt 0.059341 0.236459
vt 0.057846 0.235085
vt 0.059640 0.235085
vt 0.469556 0.249537
vt 0.490155 0.247639
vt 0.490155 0.249537
vt 0.469556 0.247055
vt 0.455350 0.249537
vt 0.490641 0.245768
vt 0.455014 0.246719
vt 0.436621 0.249537
vt 0.469070 0.245095
vt 0.491015 0.244973
vt 0.436621 0.247179
vt 0.419499 0.249537
vt 0.454266 0.244852
vt 0.468734 0.243782
vt 0.491501 0.244300
vt 0.418378 0.247394
vt 0.409181 0.249537
vt 0.436023 0.244913
vt 0.453033 0.242740
vt 0.468584 0.242800
vt 0.462229 0.241609
vt 0.492118 0.243628
vt 0.496767 0.243076
vt 0.458678 0.238880
vt 0.497627 0.242679
vt 0.452285 0.238179
vt 0.459276 0.237749
vt 0.462341 0.235936
vt 0.499832 0.239095
vt 0.501057 0.237104
vt 0.435500 0.242740
vt 0.465893 0.235169
vt 0.500077 0.235908
vt 0.452920 0.234898
vt 0.435051 0.237749
vt 0.416135 0.245188
vt 0.413966 0.243319
vt 0.408807 0.247730
vt 0.408359 0.245800
vt 0.402078 0.248006
vt 0.402302 0.249537
vt 0.397293 0.248373
vt 0.397517 0.249537
vt 0.396919 0.247055
vt 0.401929 0.246443
vt 0.396695 0.245525
vt 0.402602 0.244730
vt 0.395723 0.241057
vt 0.408209 0.243871
vt 0.409331 0.238543
vt 0.409032 0.234683
vt 0.394826 0.235384
vt 0.434752 0.234749
vt 0.409405 0.231347
vt 0.395200 0.230674
vt 0.435126 0.231739
vt 0.453519 0.231964
vt 0.409555 0.229272
vt 0.395349 0.229272
vt 0.395200 0.227833
vt 0.409405 0.227141
vt 0.394826 0.223104
vt 0.465295 0.232057
vt 0.477650 0.232057
vt 0.477295 0.234618
vt 0.496646 0.235235
vt 0.491136 0.232151
vt 0.492725 0.231590
vt 0.495543 0.231964
vt 0.496646 0.232319
vt 0.497258 0.232655
vt 0.497749 0.233459
vt 0.490641 0.234590
vt 0.496893 0.234992
vt 0.435126 0.226749
vt 0.409032 0.223814
vt 0.395723 0.217459
vt 0.453519 0.226543
vt 0.434752 0.223758
vt 0.409331 0.219945
vt 0.465295 0.226450
vt 0.452920 0.223590
vt 0.477650 0.226450
vt 0.435051 0.220748
vt 0.491136 0.226356
vt 0.494319 0.226842
vt 0.496646 0.226169
vt 0.497258 0.225833
vt 0.497749 0.225029
vt 0.490641 0.223777
vt 0.496893 0.223627
vt 0.496646 0.223253
vt 0.500077 0.222580
vt 0.477407 0.223758
vt 0.501057 0.221384
vt 0.466005 0.223197
vt 0.462603 0.222468
vt 0.499832 0.219403
vt 0.496767 0.215403
vt 0.452285 0.220319
vt 0.458902 0.219590
vt 0.459051 0.218618
vt 0.495664 0.215141
vt 0.492361 0.214917
vt 0.462117 0.216786
vt 0.491501 0.214318
vt 0.453033 0.215739
vt 0.464921 0.216150
vt 0.468734 0.214730
vt 0.491015 0.213533
vt 0.435500 0.215739
vt 0.469070 0.213384
vt 0.490641 0.212711
vt 0.454266 0.213646
vt 0.469556 0.211440
vt 0.490155 0.210842
vt 0.469556 0.208973
vt 0.490155 0.208973
vt 0.455350 0.208973
vt 0.455014 0.211776
vt 0.436621 0.208973
vt 0.436621 0.211328
vt 0.419499 0.208973
vt 0.436023 0.213571
vt 0.418378 0.211103
vt 0.409181 0.208973
vt 0.416135 0.213309
vt 0.408807 0.210767
vt 0.413966 0.215178
vt 0.408359 0.212711
vt 0.408209 0.214617
vt 0.402602 0.213758
vt 0.396695 0.212973
vt 0.401929 0.212038
vt 0.396919 0.211440
vt 0.402078 0.210505
vt 0.397293 0.210131
vt 0.402302 0.208973
vt 0.397517 0.208973
vt 0.297851 0.201346
vt 0.297851 0.202281
vt 0.293964 0.202094
vt 0.293814 0.201832
vt 0.293515 0.201982
vt 0.293964 0.201533
vt 0.293365 0.201832
vt 0.293515 0.201683
vt 0.125137 0.176785
vt 0.124838 0.176561
vt 0.122147 0.176785
vt 0.122147 0.176635
vt 0.118857 0.177009
vt 0.124838 0.175514
vt 0.125137 0.175289
vt 0.122147 0.175289
vt 0.122147 0.175439
vt 0.118857 0.175065
vt 0.118857 0.176860
vt 0.114969 0.177233
vt 0.118857 0.175215
vt 0.114969 0.174841
vt 0.114969 0.177009
vt 0.111380 0.177308
vt 0.114969 0.175065
vt 0.111380 0.174691
vt 0.111380 0.177159
vt 0.105099 0.177308
vt 0.111380 0.174916
vt 0.105099 0.174691
vt 0.105398 0.177159
vt 0.098221 0.177233
vt 0.105398 0.174916
vt 0.098221 0.174841
vt 0.098520 0.177084
vt 0.086258 0.177084
vt 0.098520 0.174990
vt 0.086258 0.174990
vt 0.086258 0.176860
vt 0.073099 0.176934
vt 0.086258 0.175215
vt 0.073099 0.175140
vt 0.072800 0.176785
vt 0.059939 0.176710
vt 0.072800 0.175289
vt 0.059939 0.175364
vt 0.060239 0.176561
vt 0.060239 0.175514
vt 0.059341 0.176486
vt 0.059341 0.175589
vt 0.057846 0.176561
vt 0.057846 0.175514
vt 0.057248 0.176411
vt 0.058444 0.176710
vt 0.057248 0.175663
vt 0.058444 0.175364
vt 0.057846 0.176486
vt 0.057846 0.175589
vt 0.175980 0.179850
vt 0.177176 0.181420
vt 0.175680 0.181720
vt 0.217551 0.180299
vt 0.177475 0.178280
vt 0.175980 0.177981
vt 0.178970 0.181420
vt 0.179269 0.178355
vt 0.196316 0.181420
vt 0.182260 0.182916
vt 0.201401 0.180972
vt 0.206784 0.180598
vt 0.210971 0.180598
vt 0.216952 0.180673
vt 0.211270 0.179776
vt 0.216952 0.179776
vt 0.206784 0.179701
vt 0.201401 0.179252
vt 0.196316 0.178654
vt 0.182559 0.176860
vt 0.015976 0.221720
vt 0.015677 0.221702
vt 0.015976 0.223235
vt 0.017471 0.221720
vt 0.017471 0.223328
vt 0.021060 0.222132
vt 0.015677 0.224057
vt 0.021060 0.223664
vt 0.077884 0.222094
vt 0.017471 0.224057
vt 0.015677 0.225066
vt 0.017471 0.224767
vt 0.015976 0.225683
vt 0.015976 0.226225
vt 0.016574 0.226730
vt 0.017770 0.225440
vt 0.017770 0.227122
vt 0.018668 0.226132
vt 0.019266 0.227478
vt 0.021658 0.227515
vt 0.050369 0.227889
vt 0.050070 0.227515
vt 0.050070 0.226207
vt 0.021658 0.226132
vt 0.050668 0.226020
vt 0.077884 0.223571
vt 0.083267 0.225833
vt 0.139194 0.224767
vt 0.139194 0.225496
vt 0.139194 0.223440
vt 0.139194 0.222076
vt 0.178073 0.222001
vt 0.178073 0.223421
vt 0.178073 0.224730
vt 0.262411 0.222038
vt 0.262411 0.223347
vt 0.385629 0.222038
vt 0.385629 0.223291
vt 0.385629 0.224580
vt 0.262411 0.224636
vt 0.385629 0.225889
vt 0.262411 0.225964
vt 0.178073 0.226038
vt 0.385629 0.230487
vt 0.262411 0.230394
vt 0.385629 0.231777
vt 0.178073 0.230207
vt 0.262411 0.231721
vt 0.385629 0.233179
vt 0.178073 0.231552
vt 0.262411 0.233123
vt 0.385629 0.234655
vt 0.178073 0.233067
vt 0.262411 0.234618
vt 0.385629 0.236151
vt 0.178073 0.234618
vt 0.262411 0.236151
vt 0.178073 0.236188
vt 0.178073 0.237749
vt 0.262411 0.237655
vt 0.385629 0.237627
vt 0.178073 0.239216
vt 0.262411 0.239095
vt 0.385629 0.239029
vt 0.178073 0.240562
vt 0.262411 0.240412
vt 0.385629 0.240319
vt 0.015976 0.248864
vt 0.015976 0.247364
vt 0.017471 0.248864
vt 0.015677 0.246567
vt 0.017471 0.247270
vt 0.021060 0.248465
vt 0.021060 0.246964
vt 0.077884 0.248526
vt 0.017471 0.246567
vt 0.015677 0.245557
vt 0.077884 0.247025
vt 0.015976 0.244945
vt 0.017471 0.245833
vt 0.015976 0.244394
vt 0.017770 0.245188
vt 0.016574 0.243903
vt 0.018668 0.244483
vt 0.017770 0.243506
vt 0.019266 0.243137
vt 0.021658 0.243104
vt 0.050070 0.243137
vt 0.050369 0.242740
vt 0.050070 0.244422
vt 0.021658 0.244483
vt 0.050668 0.244604
vt 0.083267 0.244791
vt 0.139194 0.245095
vt 0.139194 0.245833
vt 0.139194 0.247149
vt 0.139194 0.248526
vt 0.178073 0.248588
vt 0.178073 0.247209
vt 0.178073 0.245894
vt 0.262411 0.247270
vt 0.262411 0.248556
vt 0.385629 0.247300
vt 0.385629 0.248588
vt 0.385629 0.246043
vt 0.262411 0.245983
vt 0.385629 0.244730
vt 0.262411 0.244670
vt 0.178073 0.244576
vt 0.132315 0.138279
vt 0.130221 0.139027
vt 0.128427 0.139924
vt 0.126932 0.143513
vt 0.127530 0.141569
vt 0.128427 0.147177
vt 0.127530 0.145532
vt 0.130221 0.148074
vt 0.132315 0.148896
vt 0.385928 0.194505
vt 0.386003 0.191738
vt 0.463799 0.193795
vt 0.464659 0.190094
vt 0.388321 0.186953
vt 0.471781 0.184037
vt 0.472884 0.185159
vt 0.480716 0.181346
vt 0.478398 0.180299
vt 0.494440 0.170953
vt 0.390938 0.184187
vt 0.487706 0.171701
vt 0.397816 0.171626
vt 0.493463 0.166168
vt 0.500812 0.163925
vt 0.490276 0.166243
vt 0.400508 0.165196
vt 0.493342 0.164000
vt 0.491015 0.164000
vt 0.401330 0.162728
vt 0.493342 0.162280
vt 0.401555 0.161383
vt 0.491136 0.162130
vt 0.401480 0.159813
vt 0.401555 0.158242
vt 0.491136 0.160485
vt 0.401480 0.156822
vt 0.491136 0.158766
vt 0.493342 0.160560
vt 0.400732 0.154354
vt 0.491136 0.156897
vt 0.493342 0.158766
vt 0.501669 0.160934
vt 0.501669 0.160934
vt 0.500812 0.157943
vt 0.493342 0.157046
vt 0.493585 0.154878
vt 0.494566 0.149943
vt 0.490398 0.154654
vt 0.487949 0.148747
vt 0.398041 0.147924
vt 0.391162 0.135588
vt 0.478641 0.138952
vt 0.480958 0.137756
vt 0.388620 0.132821
vt 0.471893 0.134915
vt 0.473127 0.133718
vt 0.464809 0.128485
vt 0.386153 0.128111
vt 0.463799 0.124672
vt 0.385928 0.125419
vt 0.318188 0.197683
vt 0.315497 0.198393
vt 0.314450 0.197795
vt 0.318188 0.199141
vt 0.314450 0.198991
vt 0.318936 0.198393
vt 0.324768 0.197795
vt 0.324768 0.199028
vt 0.324768 0.198393
vt 0.113473 0.154878
vt 0.118857 0.155102
vt 0.116165 0.154878
vt 0.109286 0.155551
vt 0.111380 0.155177
vt 0.122446 0.156448
vt 0.120950 0.155625
vt 0.107791 0.157495
vt 0.123044 0.157495
vt 0.107492 0.156523
vt 0.122446 0.158467
vt 0.106595 0.156597
vt 0.118857 0.159887
vt 0.120950 0.159289
vt 0.116165 0.160037
vt 0.113473 0.160037
vt 0.109286 0.159364
vt 0.111380 0.159813
vt 0.107492 0.158392
vt 0.106595 0.158392
vt 0.102408 0.157495
vt 0.102109 0.159962
vt 0.102109 0.155027
vt 0.088351 0.158467
vt 0.088351 0.156448
vt 0.088351 0.157495
vt 0.082968 0.158018
vt 0.082968 0.156897
vt 0.083267 0.157495
vt 0.080276 0.157495
vt 0.077884 0.157869
vt 0.077884 0.157121
vt 0.077884 0.157495
vt 0.076089 0.157495
vt 0.073398 0.157869
vt 0.073398 0.157121
vt 0.073398 0.157495
vt 0.070407 0.157495
vt 0.068014 0.157869
vt 0.068014 0.157121
vt 0.068014 0.157495
vt 0.065921 0.157495
vt 0.064426 0.157869
vt 0.064426 0.157121
vt 0.064426 0.157495
vt 0.062033 0.157495
vt 0.059939 0.157869
vt 0.059939 0.157121
vt 0.059939 0.157495
vt 0.056949 0.157495
vt 0.054257 0.157943
vt 0.054257 0.157046
vt 0.054257 0.157495
vt 0.033621 0.161906
vt 0.033621 0.163028
vt 0.005807 0.161981
vt 0.005209 0.163252
vt 0.005209 0.161906
vt 0.036911 0.163327
vt 0.035715 0.163102
vt 0.005209 0.163775
vt 0.039004 0.163850
vt 0.040799 0.164822
vt 0.005209 0.164747
vt 0.005209 0.165345
vt 0.041098 0.165345
vt 0.041397 0.166691
vt 0.005209 0.166616
vt 0.005209 0.168112
vt 0.041397 0.168112
vt 0.041098 0.169308
vt 0.005209 0.169383
vt 0.040799 0.169906
vt 0.005209 0.169906
vt 0.039004 0.170878
vt 0.005209 0.170953
vt 0.036911 0.171476
vt 0.005209 0.171476
vt 0.033621 0.171701
vt 0.035715 0.171626
vt 0.005807 0.172747
vt 0.033621 0.172822
vt 0.005209 0.172822
vt 0.001022 0.209832
vt 0.002219 0.210094
vt 0.000424 0.210094
vt 0.002219 0.209832
vt 0.004611 0.210094
vt 0.002219 0.208973
vt 0.001022 0.208973
vt 0.000424 0.208711
vt 0.002219 0.208711
vt 0.004611 0.208973
vt 0.004611 0.208711
vt 0.004611 0.209832
vt 0.007004 0.210094
vt 0.007004 0.208973
vt 0.007004 0.208711
vt 0.007004 0.209832
vt 0.009097 0.210094
vt 0.009097 0.208973
vt 0.009097 0.208711
vt 0.009097 0.209832
vt 0.011789 0.210094
vt 0.011789 0.208973
vt 0.011789 0.208711
vt 0.011789 0.209832
vt 0.014780 0.210094
vt 0.014780 0.208973
vt 0.014780 0.208711
vt 0.014780 0.209832
vt 0.018668 0.210094
vt 0.018668 0.208973
vt 0.018668 0.208711
vt 0.018668 0.209832
vt 0.023453 0.210094
vt 0.023752 0.208973
vt 0.023453 0.208711
vt 0.023752 0.209832
vt 0.028836 0.208711
vt 0.028836 0.210094
vt 0.028836 0.208973
vt 0.028836 0.209832
vt 0.034219 0.209832
vt 0.034518 0.210094
vt 0.034219 0.208973
vt 0.034518 0.208711
vt 0.039304 0.208711
vt 0.039004 0.209832
vt 0.039304 0.210094
vt 0.039004 0.208973
vt 0.043191 0.208711
vt 0.043191 0.209832
vt 0.043191 0.210094
vt 0.043191 0.208973
vt 0.046182 0.208711
vt 0.046182 0.209832
vt 0.046182 0.210094
vt 0.046182 0.208973
vt 0.048575 0.208711
vt 0.048575 0.209832
vt 0.048575 0.210094
vt 0.048575 0.208973
vt 0.050967 0.208711
vt 0.050967 0.209832
vt 0.050967 0.210094
vt 0.050967 0.208973
vt 0.053061 0.208711
vt 0.053061 0.209832
vt 0.053061 0.210094
vt 0.053061 0.208973
vt 0.055453 0.208711
vt 0.055453 0.209832
vt 0.055453 0.210094
vt 0.055453 0.208973
vt 0.057248 0.208711
vt 0.056650 0.208973
vt 0.056650 0.209832
vt 0.057248 0.210094
vt 0.388097 0.216674
vt 0.343460 0.215926
vt 0.390414 0.215889
vt 0.343460 0.217459
vt 0.390414 0.217496
vt 0.343460 0.216674
vt 0.295908 0.215926
vt 0.295908 0.217459
vt 0.295908 0.216674
vt 0.248355 0.215926
vt 0.248355 0.217459
vt 0.248355 0.216674
vt 0.201102 0.215926
vt 0.201102 0.217459
vt 0.201102 0.216674
vt 0.152353 0.215926
vt 0.152353 0.217459
vt 0.152353 0.216674
vt 0.105698 0.215926
vt 0.105698 0.217459
vt 0.105698 0.216674
vt 0.136502 0.127587
vt 0.136502 0.127064
vt 0.182260 0.129382
vt 0.181662 0.125718
vt 0.175082 0.125793
vt 0.181662 0.126840
vt 0.181961 0.127288
vt 0.256131 0.126017
vt 0.256131 0.125195
vt 0.247159 0.125419
vt 0.293515 0.124821
vt 0.293066 0.124672
vt 0.299197 0.124746
vt 0.256131 0.126541
vt 0.289926 0.125643
vt 0.299496 0.124896
vt 0.256131 0.128485
vt 0.301291 0.125195
vt 0.300543 0.124971
vt 0.296057 0.125270
vt 0.296954 0.125643
vt 0.290225 0.126167
vt 0.299197 0.127064
vt 0.303085 0.126092
vt 0.303534 0.125793
vt 0.308020 0.125195
vt 0.305179 0.130354
vt 0.306674 0.130204
vt 0.309964 0.129756
vt 0.290823 0.127587
vt 0.301590 0.130802
vt 0.292020 0.131326
vt 0.301739 0.134317
vt 0.256729 0.132074
vt 0.292917 0.134317
vt 0.182559 0.132896
vt 0.256729 0.135214
vt 0.182858 0.135812
vt 0.293964 0.137532
vt 0.183157 0.137905
vt 0.257028 0.137905
vt 0.183157 0.139849
vt 0.257327 0.139550
vt 0.294711 0.139251
vt 0.297253 0.137532
vt 0.257327 0.143513
vt 0.183157 0.143513
vt 0.183157 0.147251
vt 0.183157 0.149121
vt 0.257327 0.147551
vt 0.182858 0.151289
vt 0.257028 0.149195
vt 0.294711 0.147850
vt 0.182559 0.154205
vt 0.256729 0.151812
vt 0.182260 0.157719
vt 0.256729 0.155027
vt 0.293964 0.149569
vt 0.292917 0.152784
vt 0.292020 0.155775
vt 0.301739 0.152784
vt 0.297253 0.149644
vt 0.256131 0.158616
vt 0.300992 0.148074
vt 0.301291 0.150990
vt 0.294711 0.143513
vt 0.304132 0.149569
vt 0.300992 0.139027
vt 0.301739 0.143513
vt 0.305478 0.143513
vt 0.304132 0.137532
vt 0.301291 0.136111
vt 0.304880 0.134690
vt 0.309515 0.138578
vt 0.308618 0.134840
vt 0.312356 0.135139
vt 0.312356 0.138578
vt 0.309366 0.143513
vt 0.312356 0.143513
vt 0.312356 0.148523
vt 0.309515 0.148523
vt 0.308618 0.152261
vt 0.312356 0.151962
vt 0.309964 0.157345
vt 0.304880 0.152336
vt 0.306674 0.156897
vt 0.308020 0.161981
vt 0.305179 0.156747
vt 0.303534 0.161308
vt 0.302188 0.162130
vt 0.301590 0.156298
vt 0.303085 0.161009
vt 0.301291 0.161831
vt 0.299197 0.162280
vt 0.299197 0.160037
vt 0.290823 0.159439
vt 0.290225 0.160934
vt 0.296954 0.161457
vt 0.299496 0.162130
vt 0.293066 0.162429
vt 0.296057 0.161831
vt 0.293515 0.162280
vt 0.247159 0.161682
vt 0.289926 0.161457
vt 0.256131 0.160485
vt 0.256131 0.161084
vt 0.256131 0.161906
vt 0.175082 0.161308
vt 0.181961 0.159738
vt 0.181662 0.161383
vt 0.181662 0.160261
vt 0.136502 0.159513
vt 0.136502 0.159962
vt 0.042294 0.205496
vt 0.041696 0.205571
vt 0.044388 0.204748
vt 0.045883 0.203814
vt 0.042294 0.203888
vt 0.044388 0.202916
vt 0.045883 0.201309
vt 0.038107 0.204412
vt 0.045883 0.198804
vt 0.044388 0.199664
vt 0.026443 0.204412
vt 0.028238 0.204449
vt 0.042294 0.198692
vt 0.023453 0.204113
vt 0.042294 0.197122
vt 0.044388 0.197795
vt 0.038107 0.198169
vt 0.041696 0.197010
vt 0.026443 0.198206
vt 0.028238 0.198131
vt 0.023453 0.198468
vt 0.042593 0.199701
vt 0.040201 0.199141
vt 0.044388 0.201309
vt 0.037210 0.199141
vt 0.044089 0.201870
vt 0.042593 0.202879
vt 0.040201 0.203440
vt 0.034817 0.199701
vt 0.037210 0.203440
vt 0.033322 0.200711
vt 0.034817 0.202879
vt 0.033322 0.201870
vt 0.032126 0.201870
vt 0.030630 0.202879
vt 0.028238 0.203440
vt 0.032126 0.200711
vt 0.030630 0.199701
vt 0.025546 0.203440
vt 0.028238 0.199141
vt 0.022855 0.202879
vt 0.025546 0.199141
vt 0.021658 0.201870
vt 0.022855 0.199701
vt 0.021658 0.200711
vt 0.021957 0.198991
vt 0.020462 0.202169
vt 0.021957 0.203589
vt 0.020462 0.200449
vt 0.016275 0.214132
vt 0.060538 0.213346
vt 0.013284 0.213309
vt 0.060538 0.214954
vt 0.013284 0.214991
vt 0.060538 0.214132
vt 0.110184 0.214132
vt 0.110184 0.213309
vt 0.110184 0.214954
vt 0.158035 0.214132
vt 0.158035 0.213346
vt 0.158035 0.214954
vt 0.206186 0.214132
vt 0.206186 0.213346
vt 0.206186 0.214954
vt 0.254336 0.214132
vt 0.254336 0.213309
vt 0.254336 0.214991
vt 0.262112 0.214132
vt 0.302188 0.213272
vt 0.302188 0.215029
vt 0.299646 0.214132
vt 0.394975 0.205122
vt 0.397517 0.204935
vt 0.397891 0.205122
vt 0.394601 0.204935
vt 0.397891 0.206243
vt 0.391910 0.205085
vt 0.391760 0.204898
vt 0.394975 0.206243
vt 0.397517 0.206430
vt 0.394601 0.206430
vt 0.391910 0.206281
vt 0.391760 0.206430
vt 0.388321 0.206505
vt 0.388321 0.206655
vt 0.388321 0.204860
vt 0.388321 0.204711
vt 0.384433 0.206692
vt 0.384433 0.206842
vt 0.384433 0.204673
vt 0.384433 0.204524
vt 0.380620 0.206804
vt 0.380769 0.206991
vt 0.380620 0.204561
vt 0.380769 0.204412
vt 0.374414 0.206804
vt 0.374414 0.204561
vt 0.374713 0.204412
vt 0.374713 0.206991
vt 0.367386 0.204636
vt 0.367685 0.204486
vt 0.367386 0.206729
vt 0.367685 0.206879
vt 0.355722 0.204823
vt 0.355872 0.204636
vt 0.355722 0.206580
vt 0.355872 0.206729
vt 0.342862 0.204898
vt 0.342712 0.204748
vt 0.342862 0.206430
vt 0.342712 0.206617
vt 0.330450 0.205197
vt 0.329404 0.205047
vt 0.330450 0.206169
vt 0.329404 0.206318
vt 0.328058 0.205271
vt 0.327609 0.205122
vt 0.328058 0.206094
vt 0.327609 0.206243
vt 0.328357 0.205234
vt 0.327908 0.205047
vt 0.328357 0.206131
vt 0.327908 0.206318
vt 0.330002 0.205234
vt 0.329852 0.205085
vt 0.329852 0.206281
vt 0.330002 0.206131
vt 0.185849 0.169532
vt 0.190036 0.168560
vt 0.185849 0.168560
vt 0.190036 0.168560
vt 0.190036 0.169532
vt 0.190036 0.169532
vt 0.193326 0.168560
vt 0.193326 0.169532
vt 0.317291 0.173794
vt 0.313403 0.174766
vt 0.317291 0.174766
vt 0.313403 0.174766
vt 0.313403 0.173794
vt 0.313403 0.173794
vt 0.309814 0.174766
vt 0.309814 0.173794
vt 0.006406 0.131550
vt 0.010294 0.130653
vt 0.006406 0.130653
vt 0.010294 0.130653
vt 0.010294 0.131625
vt 0.010294 0.131625
vt 0.013882 0.130653
vt 0.013882 0.131550
vt 0.045285 0.157719
vt 0.049173 0.156747
vt 0.045285 0.156747
vt 0.049173 0.156747
vt 0.049173 0.157719
vt 0.049173 0.157719
vt 0.052762 0.156747
vt 0.052762 0.157719
vt 0.245962 0.202505
vt 0.249850 0.201570
vt 0.245962 0.201533
vt 0.249850 0.201570
vt 0.249850 0.202542
vt 0.249850 0.202542
vt 0.253290 0.201533
vt 0.253290 0.202505
vt 0.239682 0.199141
vt 0.235794 0.200112
vt 0.239682 0.200112
vt 0.235794 0.200112
vt 0.235794 0.199141
vt 0.235794 0.199141
vt 0.232205 0.200112
vt 0.232205 0.199141
vt 0.066519 0.161607
vt 0.070407 0.160635
vt 0.066519 0.160635
vt 0.070407 0.160635
vt 0.070407 0.161607
vt 0.070407 0.161607
vt 0.073996 0.160635
vt 0.073996 0.161607
vt 0.209476 0.165345
vt 0.205588 0.166317
vt 0.209476 0.166392
vt 0.205588 0.166317
vt 0.205588 0.165271
vt 0.205588 0.165271
vt 0.201999 0.166392
vt 0.201999 0.165345
vt 0.199905 0.171925
vt 0.203793 0.171028
vt 0.199905 0.171028
vt 0.203793 0.171028
vt 0.203793 0.172000
vt 0.203793 0.172000
vt 0.207382 0.171028
vt 0.207382 0.171925
vt 0.312955 0.197720
vt 0.308917 0.198580
vt 0.312955 0.198617
vt 0.308917 0.198580
vt 0.308917 0.197683
vt 0.308917 0.197683
vt 0.305478 0.198617
vt 0.305478 0.197720
vt 0.277066 0.193982
vt 0.273029 0.194841
vt 0.277066 0.194841
vt 0.273029 0.194841
vt 0.273029 0.193944
vt 0.273029 0.193944
vt 0.269589 0.194841
vt 0.269589 0.193982
vt 0.069510 0.131475
vt 0.071902 0.131475
vt 0.071603 0.132522
vt 0.071603 0.130503
vt 0.069510 0.131475
vt 0.065024 0.133718
vt 0.065921 0.134690
vt 0.065024 0.129307
vt 0.065921 0.128260
vt 0.065921 0.131475
vt 0.062631 0.129083
vt 0.062631 0.127961
vt 0.065921 0.131475
vt 0.062631 0.133868
vt 0.062631 0.135064
vt 0.062033 0.131475
vt 0.062033 0.131475
vt 0.059341 0.133868
vt 0.059341 0.129158
vt 0.056351 0.133494
vt 0.054556 0.134391
vt 0.056351 0.129531
vt 0.054556 0.128634
vt 0.056650 0.131475
vt 0.054556 0.130354
vt 0.051865 0.129831
vt 0.050967 0.131475
vt 0.056650 0.131475
vt 0.053958 0.131475
vt 0.054556 0.132672
vt 0.051865 0.133195
vt 0.089249 0.168560
vt 0.086258 0.166691
vt 0.085660 0.168560
vt 0.086258 0.170430
vt 0.089847 0.167065
vt 0.094034 0.163476
vt 0.089847 0.170130
vt 0.094034 0.173645
vt 0.095230 0.168560
vt 0.097324 0.164448
vt 0.105398 0.163028
vt 0.097324 0.172673
vt 0.105398 0.174168
vt 0.107492 0.164074
vt 0.142184 0.163626
vt 0.107791 0.168560
vt 0.141287 0.164598
vt 0.161624 0.165121
vt 0.107492 0.173046
vt 0.142184 0.173495
vt 0.141287 0.172523
vt 0.161624 0.172000
vt 0.148166 0.168560
vt 0.158932 0.171327
vt 0.169101 0.170654
vt 0.158932 0.165794
vt 0.169101 0.166467
vt 0.165811 0.170280
vt 0.170895 0.169682
vt 0.157736 0.168560
vt 0.167606 0.169458
vt 0.171194 0.168560
vt 0.165811 0.166915
vt 0.170895 0.167439
vt 0.167905 0.168560
vt 0.167606 0.167663
vt 0.055453 0.163850
vt 0.055154 0.165271
vt 0.055154 0.164224
vt 0.056650 0.163252
vt 0.056052 0.163551
vt 0.055453 0.164672
vt 0.056052 0.165719
vt 0.067715 0.163252
vt 0.068014 0.163551
vt 0.068613 0.163850
vt 0.069211 0.164224
vt 0.056650 0.165121
vt 0.068014 0.165719
vt 0.067715 0.165121
vt 0.069211 0.165271
vt 0.068613 0.164672
vt 0.069809 0.163700
vt 0.070407 0.165196
vt 0.069809 0.164747
vt 0.071304 0.165719
vt 0.071005 0.165420
vt 0.070407 0.164299
vt 0.071005 0.163252
vt 0.082370 0.165719
vt 0.082968 0.165420
vt 0.083566 0.165196
vt 0.083865 0.164747
vt 0.071304 0.163850
vt 0.082968 0.163252
vt 0.083566 0.164299
vt 0.083865 0.163700
vt 0.082370 0.163850
vt 0.684412 0.244212
vt 0.696062 0.242287
vt 0.696162 0.244000
vt 0.682812 0.242800
vt 0.678062 0.244375
vt 0.680612 0.231300
vt 0.692512 0.231112
vt 0.691512 0.225612
vt 0.691512 0.221450
vt 0.676462 0.243175
vt 0.679762 0.222150
vt 0.672412 0.191950
vt 0.673512 0.231475
vt 0.664712 0.192012
vt 0.657812 0.244150
vt 0.659812 0.245412
vt 0.659912 0.192162
vt 0.641762 0.244950
vt 0.643362 0.246487
vt 0.647662 0.192837
vt 0.621962 0.246237
vt 0.620862 0.248362
vt 0.612012 0.249125
vt 0.632012 0.193787
vt 0.612262 0.246512
vt 0.607712 0.246612
vt 0.607962 0.249250
vt 0.603962 0.249250
vt 0.608712 0.196100
vt 0.603062 0.246637
vt 0.595862 0.248700
vt 0.602362 0.196187
vt 0.617312 0.194925
vt 0.612012 0.194187
vt 0.605162 0.194962
vt 0.616562 0.193150
vt 0.604812 0.192900
vt 0.611912 0.192325
vt 0.615812 0.190850
vt 0.628562 0.186912
vt 0.597562 0.194412
vt 0.597062 0.192500
vt 0.638862 0.186400
vt 0.643762 0.183450
vt 0.654262 0.185112
vt 0.658812 0.183087
vt 0.663962 0.184862
vt 0.660512 0.182012
vt 0.656962 0.180562
vt 0.663612 0.180012
vt 0.666662 0.182687
vt 0.669362 0.183937
vt 0.679162 0.183575
vt 0.678912 0.181887
vt 0.670962 0.182650
vt 0.673762 0.182075
vt 0.670712 0.181337
vt 0.676812 0.180350
vt 0.671312 0.178975
vt 0.591812 0.193787
vt 0.591712 0.191425
vt 0.576862 0.188387
vt 0.592162 0.195387
vt 0.555412 0.188700
vt 0.544412 0.183850
vt 0.571012 0.191987
vt 0.593762 0.246612
vt 0.569862 0.247475
vt 0.584462 0.195325
vt 0.568562 0.245937
vt 0.545262 0.247187
vt 0.587762 0.220775
vt 0.545612 0.245350
vt 0.524312 0.246762
vt 0.570862 0.220712
vt 0.524312 0.245287
vt 0.565862 0.194587
vt 0.516012 0.245075
vt 0.514162 0.246550
vt 0.502012 0.246637
vt 0.501912 0.244925
vt 0.523112 0.233537
vt 0.515262 0.233537
vt 0.502862 0.233687
vt 0.556762 0.229237
vt 0.523562 0.227525
vt 0.514512 0.227950
vt 0.503512 0.228200
vt 0.504212 0.223987
vt 0.564962 0.229087
vt 0.555212 0.226575
vt 0.525312 0.225437
vt 0.516012 0.224762
vt 0.525812 0.224975
vt 0.516362 0.224362
vt 0.555212 0.225950
vt 0.520412 0.193762
vt 0.513912 0.193675
vt 0.508512 0.185137
vt 0.525912 0.193700
vt 0.516712 0.185625
vt 0.507312 0.183025
vt 0.559612 0.225950
vt 0.559712 0.226687
vt 0.562912 0.225950
vt 0.562662 0.225462
vt 0.571612 0.228262
vt 0.568762 0.223475
vt 0.582362 0.224637
vt 0.567312 0.223312
vt 0.569012 0.220712
vt 0.564012 0.194750
vt 0.561412 0.191400
vt 0.550312 0.188612
vt 0.522012 0.185200
vt 0.518462 0.183700
vt 0.523362 0.181675
vt 0.526012 0.181237
vt 0.521512 0.181000
vt 0.514762 0.184187
vt 0.515762 0.182712
vt 0.511212 0.183637
vt 0.508762 0.181912
vt 0.515362 0.179987
vt 0.746162 0.235187
vt 0.745312 0.226512
vt 0.746162 0.226512
vt 0.745312 0.235100
vt 0.738662 0.235100
vt 0.737562 0.226512
vt 0.738662 0.226512
vt 0.737562 0.235100
vt 0.758662 0.226512
vt 0.757312 0.235187
vt 0.757312 0.231662
vt 0.758662 0.235187
vt 0.754612 0.235187
vt 0.754362 0.231662
vt 0.754362 0.235187
vt 0.754612 0.226512
vt 0.878812 0.164725
vt 0.878312 0.156137
vt 0.878312 0.164725
vt 0.878812 0.156137
vt 0.874412 0.156137
vt 0.874862 0.164725
vt 0.874862 0.156137
vt 0.874412 0.164725
vt 0.890062 0.148037
vt 0.889712 0.148000
vt 0.888012 0.147825
vt 0.890062 0.148037
vt 0.840562 0.170687
vt 0.838012 0.168687
vt 0.840562 0.168687
vt 0.838012 0.170687
vt 0.599062 0.148612
vt 0.597912 0.149112
vt 0.599062 0.149112
vt 0.597912 0.148612
vt 0.998862 0.168750
vt 0.998112 0.168750
vt 0.998112 0.169787
vt 0.998112 0.167712
vt 0.999962 0.181512
vt 0.959162 0.181912
vt 0.959162 0.181512
vt 0.999962 0.181912
vt 0.959162 0.179275
vt 0.999962 0.178937
vt 0.999962 0.179275
vt 0.959162 0.178937
vt 0.959162 0.188237
vt 0.999962 0.187837
vt 0.999962 0.188237
vt 0.959162 0.187837
vt 0.999962 0.190512
vt 0.959162 0.190850
vt 0.959162 0.190512
vt 0.999962 0.190850
vt 0.998612 0.159600
vt 0.989312 0.156012
vt 0.998612 0.156012
vt 0.989312 0.159600
vt 0.989762 0.132225
vt 0.988062 0.135112
vt 0.987812 0.132262
vt 0.990012 0.135087
vt 0.990162 0.137287
vt 0.987962 0.135087
vt 0.988062 0.137287
vt 0.800162 0.174762
vt 0.684412 0.176550
vt 0.684412 0.174700
vt 0.800162 0.176487
vt 0.684412 0.178450
vt 0.800162 0.178475
vt 0.684412 0.180325
vt 0.955462 0.178475
vt 0.955462 0.176450
vt 0.955462 0.180437
vt 0.800162 0.174462
vt 0.955462 0.174550
vt 0.800162 0.180350
vt 0.684412 0.181175
vt 0.955462 0.181362
vt 0.800162 0.181175
vt 0.955462 0.182962
vt 0.800162 0.182837
vt 0.955462 0.184400
vt 0.800162 0.184337
vt 0.955462 0.185750
vt 0.800162 0.185725
vt 0.955462 0.187012
vt 0.800162 0.187012
vt 0.955462 0.188275
vt 0.800162 0.188325
vt 0.955462 0.188912
vt 0.684412 0.189000
vt 0.684412 0.188325
vt 0.800162 0.189000
vt 0.955462 0.190262
vt 0.684412 0.190387
vt 0.800162 0.190387
vt 0.955462 0.191700
vt 0.684412 0.191862
vt 0.800162 0.191800
vt 0.955462 0.193337
vt 0.800162 0.193487
vt 0.684412 0.193512
vt 0.745312 0.196337
vt 0.741612 0.195975
vt 0.745912 0.195975
vt 0.741862 0.196337
vt 0.737712 0.195975
vt 0.738662 0.196337
vt 0.756662 0.196337
vt 0.754862 0.195975
vt 0.756912 0.195975
vt 0.754612 0.196337
vt 0.750412 0.195975
vt 0.750312 0.196337
vt 0.746162 0.196337
vt 0.746262 0.207362
vt 0.745312 0.207362
vt 0.748112 0.207362
vt 0.750662 0.207362
vt 0.754612 0.207362
vt 0.750662 0.226512
vt 0.756662 0.207362
vt 0.750312 0.235187
vt 0.748112 0.226512
vt 0.748112 0.235187
vt 0.758662 0.207362
vt 0.758662 0.196337
vt 0.756662 0.226512
vt 0.737562 0.207362
vt 0.734262 0.196337
vt 0.737562 0.196337
vt 0.734262 0.207362
vt 0.730962 0.196337
vt 0.732562 0.207362
vt 0.730962 0.207362
vt 0.729262 0.196337
vt 0.729262 0.207362
vt 0.727662 0.196337
vt 0.729262 0.207700
vt 0.729012 0.207362
vt 0.727662 0.207362
vt 0.729012 0.207875
vt 0.729012 0.225925
vt 0.727662 0.226512
vt 0.729012 0.226512
vt 0.729262 0.226512
vt 0.729262 0.226137
vt 0.729262 0.235187
vt 0.730962 0.226512
vt 0.727662 0.235187
vt 0.730962 0.235187
vt 0.726062 0.226512
vt 0.732562 0.235187
vt 0.726062 0.235187
vt 0.724462 0.235187
vt 0.732562 0.226512
vt 0.734262 0.235187
vt 0.734262 0.226512
vt 0.736112 0.235187
vt 0.736112 0.226512
vt 0.743812 0.226512
vt 0.743812 0.235100
vt 0.741862 0.226512
vt 0.741862 0.235100
vt 0.739912 0.226512
vt 0.739912 0.235100
vt 0.860662 0.137237
vt 0.862162 0.164725
vt 0.862162 0.137237
vt 0.860662 0.156137
vt 0.860662 0.164725
vt 0.890212 0.147150
vt 0.889812 0.147050
vt 0.888112 0.146775
vt 0.860812 0.128612
vt 0.857962 0.127600
vt 0.863512 0.127625
vt 0.858612 0.129562
vt 0.857962 0.129587
vt 0.858712 0.131400
vt 0.858362 0.131487
vt 0.860412 0.132412
vt 0.860162 0.132562
vt 0.862512 0.133062
vt 0.862262 0.133212
vt 0.865062 0.133400
vt 0.865062 0.133612
vt 0.869012 0.133550
vt 0.869012 0.133737
vt 0.872312 0.133462
vt 0.872562 0.133637
vt 0.875262 0.133237
vt 0.875612 0.133400
vt 0.877812 0.132787
vt 0.878212 0.132937
vt 0.879562 0.132200
vt 0.880012 0.132287
vt 0.880762 0.131462
vt 0.881512 0.131487
vt 0.880862 0.130725
vt 0.884212 0.130787
vt 0.881012 0.129587
vt 0.884662 0.129437
vt 0.879762 0.128700
vt 0.886662 0.128825
vt 0.876112 0.127625
vt 0.886762 0.127837
vt 0.871962 0.169887
vt 0.872562 0.168900
vt 0.874162 0.170712
vt 0.868612 0.169025
vt 0.868262 0.168600
vt 0.865562 0.169000
vt 0.865212 0.168750
vt 0.862862 0.169637
vt 0.862612 0.169512
vt 0.861662 0.170225
vt 0.861312 0.170075
vt 0.861062 0.170687
vt 0.860662 0.170525
vt 0.874662 0.167150
vt 0.885162 0.168325
vt 0.885312 0.167337
vt 0.878312 0.168225
vt 0.883212 0.168937
vt 0.879562 0.169112
vt 0.882712 0.170287
vt 0.879412 0.170250
vt 0.880012 0.170987
vt 0.879312 0.170987
vt 0.878562 0.171825
vt 0.877962 0.171700
vt 0.876712 0.172462
vt 0.876362 0.172312
vt 0.874162 0.172925
vt 0.873762 0.172737
vt 0.871062 0.173175
vt 0.870862 0.172987
vt 0.867512 0.173225
vt 0.867512 0.173050
vt 0.863612 0.173112
vt 0.863612 0.172925
vt 0.860812 0.172737
vt 0.860912 0.172550
vt 0.858712 0.172100
vt 0.858962 0.171937
vt 0.856762 0.171025
vt 0.857262 0.170925
vt 0.856512 0.169087
vt 0.857112 0.169087
vt 0.856512 0.167125
vt 0.859312 0.168100
vt 0.862012 0.167150
vt 0.984012 0.174425
vt 0.984262 0.173812
vt 0.983662 0.174300
vt 0.984612 0.173962
vt 0.985512 0.173262
vt 0.985862 0.173387
vt 0.988062 0.172500
vt 0.988562 0.172737
vt 0.991262 0.172375
vt 0.991512 0.172775
vt 0.995512 0.172650
vt 0.994812 0.173662
vt 0.997012 0.174462
vt 0.536212 0.166325
vt 0.537662 0.165375
vt 0.536212 0.171600
vt 0.536462 0.164512
vt 0.537412 0.162525
vt 0.536212 0.163775
vt 0.536062 0.161512
vt 0.537412 0.160737
vt 0.536712 0.158862
vt 0.537812 0.158687
vt 0.539262 0.157850
vt 0.538762 0.157675
vt 0.541362 0.157550
vt 0.541612 0.157400
vt 0.544262 0.157787
vt 0.543162 0.158012
vt 0.545862 0.158962
vt 0.544412 0.158837
vt 0.544912 0.160837
vt 0.546612 0.161562
vt 0.544912 0.162587
vt 0.546712 0.163812
vt 0.546712 0.164550
vt 0.544912 0.165437
vt 0.546712 0.166350
vt 0.547112 0.171600
vt 0.999962 0.175687
vt 0.959162 0.177337
vt 0.959162 0.175687
vt 0.999962 0.177337
vt 0.544762 0.176762
vt 0.541362 0.173812
vt 0.544762 0.173812
vt 0.541362 0.176762
vt 0.537912 0.173812
vt 0.537912 0.176762
vt 0.534712 0.173812
vt 0.534712 0.176762
vt 0.531562 0.173812
vt 0.531562 0.176762
vt 0.528712 0.174337
vt 0.528462 0.176762
vt 0.525062 0.174575
vt 0.525062 0.176762
vt 0.521362 0.174337
vt 0.521512 0.176762
vt 0.518562 0.173812
vt 0.518562 0.176762
vt 0.515362 0.173812
vt 0.515362 0.176762
vt 0.512062 0.173812
vt 0.512062 0.176762
vt 0.508762 0.173812
vt 0.508762 0.176762
vt 0.505212 0.173812
vt 0.505212 0.176762
vt 0.926562 0.131762
vt 0.923412 0.125812
vt 0.926562 0.125812
vt 0.923412 0.131762
vt 0.920312 0.125812
vt 0.920312 0.131762
vt 0.917362 0.125812
vt 0.917362 0.131762
vt 0.914462 0.125812
vt 0.914462 0.131762
vt 0.911612 0.125812
vt 0.911612 0.131762
vt 0.908712 0.125812
vt 0.908712 0.131762
vt 0.905862 0.125812
vt 0.905862 0.131762
vt 0.902912 0.125812
vt 0.902912 0.131762
vt 0.900112 0.125812
vt 0.900112 0.131762
vt 0.897162 0.125812
vt 0.897162 0.131762
vt 0.894112 0.125812
vt 0.894112 0.131762
vt 0.890912 0.125812
vt 0.890912 0.131762
vt 0.991612 0.154725
vt 0.997262 0.153287
vt 0.997262 0.154725
vt 0.991612 0.153287
vt 0.997262 0.151937
vt 0.991612 0.151937
vt 0.997262 0.150637
vt 0.991612 0.150637
vt 0.997262 0.149412
vt 0.991612 0.149412
vt 0.997262 0.148187
vt 0.991612 0.148187
vt 0.997262 0.146962
vt 0.991612 0.146962
vt 0.991612 0.145737
vt 0.997262 0.145737
vt 0.997262 0.144500
vt 0.991612 0.144500
vt 0.997262 0.143275
vt 0.991612 0.143275
vt 0.997262 0.142025
vt 0.991612 0.142025
vt 0.997262 0.140637
vt 0.991612 0.140637
vt 0.997262 0.139225
vt 0.991612 0.139225
vt 0.686012 0.197450
vt 0.688962 0.197262
vt 0.687462 0.197137
vt 0.685012 0.198087
vt 0.690162 0.197787
vt 0.684762 0.198887
vt 0.690762 0.198550
vt 0.690562 0.199350
vt 0.685412 0.199650
vt 0.689562 0.199987
vt 0.686612 0.200175
vt 0.688112 0.200300
vt 0.851362 0.155925
vt 0.851712 0.174337
vt 0.851712 0.155925
vt 0.851362 0.174337
vt 0.851012 0.155925
vt 0.851012 0.174337
vt 0.850612 0.155925
vt 0.850612 0.174337
vt 0.850362 0.155925
vt 0.850362 0.174337
vt 0.850162 0.155925
vt 0.850162 0.174337
vt 0.849762 0.155925
vt 0.849762 0.174337
vt 0.849412 0.155925
vt 0.849412 0.174337
vt 0.849062 0.155925
vt 0.849062 0.174337
vt 0.848662 0.155925
vt 0.848662 0.174337
vt 0.848412 0.155925
vt 0.848412 0.174337
vt 0.848062 0.155925
vt 0.848062 0.174337
vt 0.847712 0.155925
vt 0.847712 0.174337
vt 0.847312 0.155925
vt 0.847312 0.174337
vt 0.859462 0.156137
vt 0.858362 0.137237
vt 0.858362 0.156137
vt 0.859462 0.137237
vt 0.857612 0.164725
vt 0.856512 0.156137
vt 0.856512 0.164725
vt 0.857612 0.156137
vt 0.858612 0.164725
vt 0.858612 0.156137
vt 0.859712 0.164725
vt 0.859712 0.156137
vt 0.882112 0.156137
vt 0.883212 0.164725
vt 0.883212 0.156137
vt 0.882112 0.164725
vt 0.881012 0.156137
vt 0.881012 0.164725
vt 0.879912 0.164725
vt 0.879912 0.156137
vt 0.866812 0.164725
vt 0.865812 0.156137
vt 0.865812 0.164725
vt 0.866812 0.156137
vt 0.868862 0.164725
vt 0.868862 0.156137
vt 0.866912 0.137237
vt 0.871062 0.164725
vt 0.869012 0.137237
vt 0.871062 0.156137
vt 0.873162 0.164725
vt 0.871062 0.137237
vt 0.873162 0.156137
vt 0.873162 0.137237
vt 0.875512 0.137750
vt 0.875512 0.137237
vt 0.887762 0.134375
vt 0.887512 0.133612
vt 0.888112 0.134412
vt 0.887112 0.133612
vt 0.886012 0.134750
vt 0.885412 0.133975
vt 0.884912 0.135200
vt 0.883962 0.134625
vt 0.884312 0.135575
vt 0.882712 0.135450
vt 0.884912 0.136337
vt 0.882012 0.136437
vt 0.884462 0.136950
vt 0.884212 0.137625
vt 0.882012 0.137412
vt 0.881112 0.138737
vt 0.880412 0.137937
vt 0.884312 0.138337
vt 0.882012 0.139812
vt 0.884662 0.138975
vt 0.882862 0.140850
vt 0.885312 0.139562
vt 0.886162 0.139987
vt 0.885062 0.141250
vt 0.883462 0.141712
vt 0.887112 0.140300
vt 0.886262 0.141862
vt 0.887762 0.141375
vt 0.888212 0.140450
vt 0.888212 0.142075
vt 0.836912 0.170687
vt 0.836912 0.168687
vt 0.832262 0.170687
vt 0.832262 0.168687
vt 0.828962 0.170687
vt 0.828962 0.168687
vt 0.824312 0.170687
vt 0.824312 0.168687
vt 0.819512 0.170687
vt 0.819512 0.168687
vt 0.813762 0.170687
vt 0.813762 0.168687
vt 0.806912 0.170687
vt 0.806912 0.168687
vt 0.799562 0.170687
vt 0.799562 0.168687
vt 0.792962 0.170687
vt 0.792962 0.168687
vt 0.788912 0.170687
vt 0.788912 0.168687
vt 0.785362 0.170687
vt 0.785362 0.168687
vt 0.781162 0.170687
vt 0.781162 0.168687
vt 0.775062 0.170687
vt 0.775062 0.168687
vt 0.769412 0.168687
vt 0.769412 0.170687
vt 0.760462 0.174337
vt 0.755312 0.172375
vt 0.755312 0.174337
vt 0.760462 0.172375
vt 0.764662 0.174337
vt 0.764662 0.172375
vt 0.770762 0.174337
vt 0.770762 0.172375
vt 0.774812 0.174337
vt 0.774812 0.172375
vt 0.778362 0.174337
vt 0.778362 0.172375
vt 0.782162 0.174337
vt 0.782162 0.172375
vt 0.788912 0.174337
vt 0.788912 0.172375
vt 0.796262 0.174337
vt 0.796262 0.172375
vt 0.803362 0.174337
vt 0.803362 0.172375
vt 0.809462 0.174337
vt 0.809462 0.172375
vt 0.814112 0.174337
vt 0.814112 0.172375
vt 0.818562 0.174337
vt 0.818562 0.172375
vt 0.822212 0.174337
vt 0.822212 0.172375
vt 0.827612 0.174337
vt 0.827612 0.172375
vt 0.832362 0.174337
vt 0.832362 0.172375
vt 0.840962 0.172375
vt 0.840962 0.174337
vt 0.582612 0.149475
vt 0.580562 0.148250
vt 0.580562 0.149475
vt 0.582612 0.148250
vt 0.586162 0.149412
vt 0.586162 0.148312
vt 0.590212 0.149387
vt 0.590212 0.148337
vt 0.594362 0.149350
vt 0.594362 0.148375
vt 0.596712 0.149262
vt 0.596712 0.148462
vt 0.681362 0.174975
vt 0.683562 0.172162
vt 0.683562 0.173687
vt 0.681362 0.170862
vt 0.679762 0.175200
vt 0.679762 0.170650
vt 0.643362 0.175225
vt 0.643362 0.170625
vt 0.638612 0.174762
vt 0.638612 0.171087
vt 0.633112 0.175137
vt 0.633112 0.170712
vt 0.630262 0.169550
vt 0.629562 0.176425
vt 0.630262 0.176300
vt 0.580912 0.176362
vt 0.580912 0.169487
vt 0.629562 0.169425
vt 0.577612 0.175987
vt 0.577612 0.169850
vt 0.576112 0.175200
vt 0.576112 0.170650
vt 0.553862 0.170775
vt 0.553862 0.175075
vt 0.549162 0.172187
vt 0.549912 0.171637
vt 0.549912 0.174212
vt 0.549162 0.173662
vt 0.999962 0.189375
vt 0.959162 0.189375
vt 0.999212 0.129587
vt 0.993562 0.125662
vt 1.000312 0.126212
vt 0.992962 0.129250
vt 0.996412 0.132112
vt 0.994212 0.132075
vt 0.994412 0.135050
vt 0.996662 0.134962
vt 0.996762 0.137175
vt 0.994562 0.137350
vt 0.729262 0.195975
vt 0.730812 0.195975
vt 0.734162 0.195975
vt 0.738662 0.207362
vt 0.741862 0.207362
vt 0.883712 0.153712
vt 0.882012 0.153587
vt 0.883462 0.154450
vt 0.884812 0.153100
vt 0.886012 0.152087
vt 0.881512 0.152700
vt 0.887112 0.152362
vt 0.884662 0.153962
vt 0.885312 0.151537
vt 0.886762 0.154362
vt 0.887612 0.152325
vt 0.888112 0.154362
vt 0.880262 0.150462
vt 0.879912 0.152512
vt 0.885162 0.150825
vt 0.880662 0.148400
vt 0.885562 0.150150
vt 0.882362 0.148500
vt 0.884662 0.147087
vt 0.886512 0.149725
vt 0.886412 0.146775
vt 0.887612 0.149600
vt 0.888212 0.149687
vt 0.890662 0.149325
vt 0.889112 0.150125
vt 0.891562 0.150550
vt 0.889562 0.150762
vt 0.891312 0.151900
vt 0.889462 0.151475
vt 0.890062 0.152975
vt 0.888712 0.152050
vt 0.865312 0.137237
vt 0.865312 0.164725
vt 0.863712 0.164725
vt 0.863712 0.137237
vt 0.864712 0.137237
vt 0.864712 0.164725
vt 0.877562 0.164725
vt 0.877562 0.156137
vt 0.876612 0.156137
vt 0.876612 0.164725
vt 0.875512 0.164725
vt 0.875512 0.156137
vt 0.875762 0.155800
vt 0.875512 0.155587
vt 0.616562 0.148250
vt 0.611312 0.149412
vt 0.616562 0.149475
vt 0.611312 0.148312
vt 0.606862 0.148337
vt 0.606862 0.149387
vt 0.602712 0.148375
vt 0.602712 0.149350
vt 0.600362 0.148462
vt 0.600362 0.149262
vt 0.518462 0.166262
vt 0.513062 0.171600
vt 0.518462 0.164450
vt 0.503262 0.171600
vt 0.503612 0.162700
vt 0.518462 0.163712
vt 0.503962 0.159325
vt 0.518462 0.161387
vt 0.523112 0.154750
vt 0.507062 0.153962
vt 0.525062 0.153062
vt 0.507762 0.151225
vt 0.620712 0.162087
vt 0.525662 0.150362
vt 0.507762 0.149537
vt 0.620212 0.164050
vt 0.525662 0.151750
vt 0.561312 0.150062
vt 0.567412 0.151562
vt 0.525412 0.152550
vt 0.623162 0.152362
vt 0.623312 0.151075
vt 0.623162 0.153337
vt 0.654412 0.152725
vt 0.654412 0.148587
vt 0.650962 0.153712
vt 0.622912 0.154137
vt 0.655262 0.154237
vt 0.652212 0.154850
vt 0.622312 0.156012
vt 0.623062 0.162150
vt 0.653062 0.156437
vt 0.623312 0.164825
vt 0.656962 0.163287
vt 0.620112 0.164825
vt 0.620112 0.166637
vt 0.623312 0.165650
vt 0.623312 0.167425
vt 0.660912 0.165650
vt 0.660912 0.167462
vt 0.842662 0.165587
vt 0.842662 0.167462
vt 0.842812 0.164975
vt 0.656362 0.164825
vt 0.660412 0.164825
vt 0.843012 0.162762
vt 0.659562 0.163475
vt 0.843012 0.161175
vt 0.658212 0.160887
vt 0.843162 0.157575
vt 0.655862 0.161112
vt 0.655362 0.156475
vt 0.843412 0.154537
vt 0.655612 0.154912
vt 0.843262 0.153862
vt 0.843412 0.152112
vt 0.843412 0.145062
vt 0.654412 0.144437
vt 0.623312 0.146137
vt 0.655262 0.142975
vt 0.843262 0.143312
vt 0.623162 0.144812
vt 0.567912 0.145912
vt 0.650962 0.143487
vt 0.655612 0.142300
vt 0.843412 0.142637
vt 0.650012 0.142700
vt 0.655762 0.140725
vt 0.843162 0.139600
vt 0.651962 0.142300
vt 0.648012 0.142912
vt 0.653062 0.140762
vt 0.658712 0.136312
vt 0.843012 0.136000
vt 0.655862 0.136062
vt 0.659562 0.133700
vt 0.843012 0.134437
vt 0.656962 0.133912
vt 0.622312 0.141187
vt 0.660412 0.132350
vt 0.842812 0.132225
vt 0.660912 0.131550
vt 0.842662 0.131612
vt 0.660912 0.129737
vt 0.842662 0.129737
vt 0.623312 0.129737
vt 0.623312 0.131550
vt 0.620112 0.130537
vt 0.656362 0.132350
vt 0.620112 0.132387
vt 0.623312 0.132350
vt 0.546612 0.130387
vt 0.623062 0.135050
vt 0.536212 0.125600
vt 0.547112 0.125600
vt 0.518462 0.130937
vt 0.513062 0.125600
vt 0.518462 0.132750
vt 0.620212 0.133150
vt 0.503612 0.134500
vt 0.503262 0.125600
vt 0.518462 0.133487
vt 0.503962 0.137875
vt 0.620712 0.135112
vt 0.518462 0.135825
vt 0.507062 0.143250
vt 0.523112 0.142450
vt 0.525062 0.144137
vt 0.507762 0.145975
vt 0.622912 0.143062
vt 0.525412 0.144662
vt 0.623162 0.143862
vt 0.525662 0.145462
vt 0.525662 0.146862
vt 0.507762 0.147850
vt 0.560812 0.147087
vt 0.959162 0.194075
vt 0.999962 0.192412
vt 0.999962 0.194075
vt 0.959162 0.192412
vt 0.999962 0.183387
vt 0.959162 0.183387
vt 0.959162 0.184862
vt 0.999962 0.184862
vt 0.959162 0.186362
vt 0.999962 0.186362
vt 0.999962 0.180412
vt 0.959162 0.180412
vt 0.943462 0.129625
vt 0.945212 0.128275
vt 0.945062 0.129525
vt 0.944462 0.127075
vt 0.942862 0.127200
vt 0.942012 0.130637
vt 0.940912 0.126425
vt 0.938462 0.126250
vt 0.939812 0.131125
vt 0.937362 0.130937
vt 0.936262 0.126737
vt 0.935412 0.130175
vt 0.934762 0.127750
vt 0.933062 0.129100
vt 0.933912 0.130262
vt 0.933312 0.127837
vt 0.989062 0.125750
vt 0.983912 0.129862
vt 0.982162 0.126550
vt 0.990162 0.129312
vt 0.992112 0.132075
vt 0.992362 0.135050
vt 0.992462 0.137325
vt 0.980612 0.129962
vt 0.976662 0.126675
vt 0.987562 0.132350
vt 0.876862 0.137750
vt 0.876862 0.155587
vt 0.893762 0.160987
vt 0.887862 0.162362
vt 0.888112 0.161075
vt 0.895462 0.161537
vt 0.887862 0.163937
vt 0.900012 0.162887
vt 0.894112 0.158500
vt 0.905162 0.162087
vt 0.897662 0.158500
vt 0.894862 0.154112
vt 0.905162 0.158500
vt 0.922512 0.162087
vt 0.897412 0.154112
vt 0.922512 0.158500
vt 0.931362 0.162087
vt 0.905162 0.154112
vt 0.897662 0.149200
vt 0.894362 0.149200
vt 0.892412 0.147700
vt 0.902312 0.149225
vt 0.894212 0.145462
vt 0.892012 0.146525
vt 0.891312 0.145400
vt 0.891312 0.146100
vt 0.891312 0.143712
vt 0.895712 0.143950
vt 0.893012 0.140637
vt 0.905162 0.144837
vt 0.899112 0.140637
vt 0.893012 0.132900
vt 0.899262 0.132900
vt 0.905012 0.132900
vt 0.905012 0.140662
vt 0.922662 0.132900
vt 0.923262 0.149287
vt 0.922662 0.144962
vt 0.922512 0.140662
vt 0.931212 0.132900
vt 0.922662 0.154112
vt 0.931112 0.140662
vt 0.931212 0.158500
vt 0.939562 0.162087
vt 0.930962 0.154112
vt 0.939562 0.158500
vt 0.931712 0.149262
vt 0.939562 0.154112
vt 0.948012 0.158500
vt 0.947862 0.162087
vt 0.948262 0.154112
vt 0.956712 0.158500
vt 0.956712 0.162087
vt 0.974112 0.162087
vt 0.956562 0.154112
vt 0.974112 0.158500
vt 0.947512 0.149262
vt 0.974112 0.154112
vt 0.955962 0.149287
vt 0.976912 0.149225
vt 0.981812 0.154112
vt 0.981562 0.158500
vt 0.983762 0.161537
vt 0.979262 0.162887
vt 0.991362 0.163937
vt 0.991362 0.162362
vt 0.985512 0.161050
vt 0.991112 0.161075
vt 0.985112 0.158500
vt 0.984412 0.154112
vt 0.981562 0.149200
vt 0.984862 0.149200
vt 0.986862 0.147700
vt 0.985012 0.145462
vt 0.987212 0.146587
vt 0.987962 0.145400
vt 0.987962 0.146075
vt 0.987962 0.143712
vt 0.974112 0.144837
vt 0.983512 0.143950
vt 0.986212 0.140637
vt 0.956562 0.144962
vt 0.980112 0.140637
vt 0.986212 0.132900
vt 0.979962 0.132900
vt 0.974212 0.140662
vt 0.974212 0.132900
vt 0.956712 0.140662
vt 0.956562 0.132900
vt 0.948012 0.132900
vt 0.948262 0.144962
vt 0.948112 0.140662
vt 0.942512 0.132900
vt 0.939812 0.132900
vt 0.939562 0.140662
vt 0.937462 0.132900
vt 0.939562 0.144962
vt 0.930962 0.144962
vt 0.939562 0.149200
vt 0.694112 0.215550
vt 0.692112 0.215250
vt 0.693212 0.214350
vt 0.694962 0.214725
vt 0.694812 0.214050
vt 0.696412 0.214112
vt 0.691262 0.214050
vt 0.692512 0.213125
vt 0.694212 0.213500
vt 0.695912 0.213500
vt 0.697762 0.213525
vt 0.697862 0.214175
vt 0.699462 0.213862
vt 0.698612 0.212662
vt 0.700562 0.212975
vt 0.697162 0.212937
vt 0.695562 0.212912
vt 0.696912 0.212300
vt 0.697862 0.211437
vt 0.699862 0.211750
vt 0.694112 0.212850
vt 0.695212 0.212300
vt 0.696312 0.211750
vt 0.693462 0.212300
vt 0.690562 0.212825
vt 0.691762 0.211925
vt 0.694812 0.211687
vt 0.696162 0.211100
vt 0.697162 0.210237
vt 0.699112 0.210550
vt 0.693362 0.211625
vt 0.694462 0.211075
vt 0.695562 0.210525
vt 0.692612 0.211075
vt 0.689812 0.211625
vt 0.690912 0.210700
vt 0.694112 0.210487
vt 0.695412 0.209875
vt 0.696312 0.209012
vt 0.698262 0.209325
vt 0.692512 0.210425
vt 0.693612 0.209875
vt 0.694712 0.209325
vt 0.695562 0.207812
vt 0.697512 0.208125
vt 0.691862 0.209875
vt 0.694562 0.208675
vt 0.693962 0.208100
vt 0.693212 0.209262
vt 0.692862 0.208650
vt 0.692512 0.208062
vt 0.691162 0.208650
vt 0.691762 0.209200
vt 0.690162 0.209500
vt 0.688962 0.210400
vt 0.905012 0.168775
vt 0.904262 0.168162
vt 0.903812 0.169300
vt 0.901562 0.169300
vt 0.904012 0.170075
vt 0.901362 0.168750
vt 0.901562 0.169850
vt 0.903312 0.167375
vt 0.903562 0.170925
vt 0.900962 0.168262
vt 0.901212 0.170375
vt 0.902212 0.166600
vt 0.901962 0.170925
vt 0.900262 0.167862
vt 0.902712 0.171700
vt 0.901562 0.171300
vt 0.901362 0.172337
vt 0.900612 0.171762
vt 0.899862 0.172737
vt 0.899512 0.172062
vt 0.898162 0.172950
vt 0.898762 0.172187
vt 0.898012 0.171600
vt 0.896912 0.171600
vt 0.896462 0.172925
vt 0.894862 0.172650
vt 0.895112 0.171150
vt 0.893362 0.172162
vt 0.892262 0.171487
vt 0.893862 0.170225
vt 0.891562 0.170687
vt 0.891162 0.169787
vt 0.893612 0.169112
vt 0.891162 0.168875
vt 0.894012 0.168600
vt 0.891662 0.168012
vt 0.893262 0.168012
vt 0.893112 0.165900
vt 0.890462 0.166937
vt 0.892662 0.167250
vt 0.893612 0.167712
vt 0.893862 0.166637
vt 0.894612 0.167212
vt 0.897062 0.166012
vt 0.896562 0.166750
vt 0.897312 0.167375
vt 0.898262 0.167375
vt 0.898762 0.166050
vt 0.899362 0.167550
vt 0.900012 0.166450
vt 0.901362 0.165987
vt 0.988662 0.171362
vt 0.988662 0.166112
vt 0.987962 0.168750
vt 0.962712 0.172462
vt 0.962712 0.165037
vt 0.962562 0.168750
vt 0.943362 0.168750
vt 0.943212 0.172775
vt 0.943212 0.164725
vt 0.921062 0.168750
vt 0.920462 0.173075
vt 0.920462 0.164425
vt 0.913462 0.171850
vt 0.913462 0.165650
vt 0.913712 0.168750
vt 0.908812 0.168750
vt 0.643362 0.175350
vt 0.638612 0.174887
vt 0.679862 0.175350
vt 0.681612 0.175100
vt 0.633312 0.175262
vt 0.630662 0.176387
vt 0.683912 0.173687
vt 0.629662 0.176575
vt 0.683912 0.172162
vt 0.580912 0.176512
vt 0.681612 0.170750
vt 0.577462 0.176112
vt 0.679862 0.170500
vt 0.576012 0.175350
vt 0.643362 0.170500
vt 0.553712 0.175225
vt 0.638612 0.170962
vt 0.549662 0.174275
vt 0.633312 0.170587
vt 0.548812 0.173687
vt 0.630662 0.169450
vt 0.548812 0.172162
vt 0.629662 0.169275
vt 0.549662 0.171575
vt 0.580912 0.169337
vt 0.553712 0.170625
vt 0.577462 0.169737
vt 0.576012 0.170500
vt 0.562162 0.181062
vt 0.558612 0.181637
vt 0.560062 0.180625
vt 0.561562 0.180537
vt 0.559962 0.182525
vt 0.562512 0.179212
vt 0.556412 0.182100
vt 0.561812 0.179275
vt 0.556662 0.183237
vt 0.561212 0.177500
vt 0.553962 0.181950
vt 0.560962 0.178075
vt 0.553212 0.182987
vt 0.559462 0.178175
vt 0.552012 0.181175
vt 0.558512 0.176612
vt 0.550312 0.181850
vt 0.557512 0.177400
vt 0.550412 0.181275
vt 0.554962 0.176362
vt 0.549812 0.180075
vt 0.555212 0.177250
vt 0.549062 0.180137
vt 0.551612 0.177062
vt 0.549812 0.178850
vt 0.552862 0.177712
vt 0.549412 0.178300
vt 0.551412 0.178725
vt 0.867312 0.130537
vt 0.863962 0.129350
vt 0.867762 0.130175
vt 0.867062 0.128700
vt 0.862512 0.130362
vt 0.868862 0.129925
vt 0.867412 0.130937
vt 0.870862 0.128550
vt 0.863112 0.131462
vt 0.870212 0.129862
vt 0.868262 0.131250
vt 0.874412 0.128950
vt 0.865462 0.132325
vt 0.871562 0.130025
vt 0.868862 0.131337
vt 0.875762 0.129350
vt 0.867062 0.132600
vt 0.872062 0.130175
vt 0.870212 0.131400
vt 0.877312 0.130362
vt 0.870962 0.132725
vt 0.872562 0.130537
vt 0.871562 0.131250
vt 0.876862 0.131425
vt 0.874512 0.132325
vt 0.872412 0.130937
vt 0.965512 0.126925
vt 0.967362 0.125912
vt 0.964312 0.126462
vt 0.967612 0.126487
vt 0.964162 0.127837
vt 0.970662 0.126025
vt 0.962212 0.127412
vt 0.969712 0.126637
vt 0.963912 0.128975
vt 0.973262 0.126675
vt 0.961862 0.129125
vt 0.971512 0.127350
vt 0.964812 0.130050
vt 0.974462 0.128275
vt 0.963062 0.130725
vt 0.972362 0.128425
vt 0.966512 0.130750
vt 0.974112 0.129987
vt 0.965662 0.131762
vt 0.972162 0.129562
vt 0.968712 0.130912
vt 0.972012 0.131337
vt 0.968962 0.132012
vt 0.970812 0.130475
vt 0.952062 0.129037
vt 0.950312 0.128175
vt 0.950712 0.129375
vt 0.951812 0.128237
vt 0.953162 0.129650
vt 0.951212 0.127012
vt 0.952162 0.130300
vt 0.952412 0.127500
vt 0.954612 0.129925
vt 0.953162 0.126275
vt 0.954512 0.130700
vt 0.953762 0.127012
vt 0.956212 0.129800
vt 0.955462 0.126125
vt 0.956812 0.130537
vt 0.955362 0.126887
vt 0.957462 0.129350
vt 0.957662 0.126550
vt 0.958662 0.129800
vt 0.956812 0.127200
vt 0.958062 0.128612
vt 0.959262 0.127500
vt 0.959662 0.128700
vt 0.957812 0.127812
vt 0.696562 0.219700
vt 0.699962 0.219812
vt 0.696562 0.223137
vt 0.699962 0.219262
vt 0.701312 0.222425
vt 0.697162 0.224087
vt 0.704762 0.219975
vt 0.704862 0.216137
vt 0.704112 0.224112
vt 0.702312 0.227612
vt 0.705612 0.228900
vt 0.712962 0.205300
vt 0.704862 0.209075
vt 0.712812 0.224912
vt 0.713712 0.228837
vt 0.719462 0.226450
vt 0.712962 0.219875
vt 0.717012 0.223687
vt 0.717962 0.223075
vt 0.720412 0.224112
vt 0.721262 0.220800
vt 0.717012 0.220250
vt 0.718712 0.220400
vt 0.721262 0.204375
vt 0.717012 0.204962
vt 0.718712 0.204812
vt 0.717962 0.202112
vt 0.720412 0.201100
vt 0.719462 0.198762
vt 0.717012 0.201525
vt 0.712812 0.200300
vt 0.713712 0.196375
vt 0.705612 0.196312
vt 0.704112 0.201100
vt 0.702312 0.197562
vt 0.697162 0.201125
vt 0.704762 0.205237
vt 0.701312 0.202750
vt 0.696562 0.202050
vt 0.699962 0.205912
vt 0.699962 0.205400
vt 0.696562 0.205487
vt 0.620712 0.184187
vt 0.621462 0.180350
vt 0.624162 0.184187
vt 0.621212 0.188025
vt 0.618162 0.180812
vt 0.612762 0.178450
vt 0.617912 0.187562
vt 0.612262 0.189925
vt 0.611162 0.184187
vt 0.611762 0.179212
vt 0.590962 0.178787
vt 0.611412 0.189187
vt 0.590562 0.189650
vt 0.590712 0.179650
vt 0.584212 0.180475
vt 0.590112 0.184212
vt 0.586312 0.180962
vt 0.583462 0.184212
vt 0.581162 0.184212
vt 0.583962 0.187925
vt 0.586062 0.187475
vt 0.590362 0.188762
vt 0.107654 0.825563
vt 0.210554 0.830463
vt 0.210554 0.825563
vt 0.107654 0.830463
vt 0.107654 0.840363
vt 0.210554 0.845263
vt 0.210554 0.840363
vt 0.107654 0.845263
vt 0.107654 0.825563
vt 0.210554 0.830463
vt 0.210554 0.825563
vt 0.107654 0.830463
vt 0.107654 0.840363
vt 0.210554 0.845263
vt 0.210554 0.840363
vt 0.107654 0.845263
vt 0.529954 0.685763
vt 0.529954 0.685763
vt 0.529954 0.685763
vt 0.529954 0.685763
vt 0.529954 0.685763
vt 0.529954 0.685763
vt 0.529954 0.685763
vt 0.529954 0.685763
vt 0.529954 0.685763
vt 0.529954 0.685763
vt 0.529954 0.685763
vt 0.529954 0.685763
vt 0.529954 0.685763
vt 0.529954 0.685763
vt 0.529954 0.685763
vt 0.529954 0.685763
vt 0.499254 0.735863
vt 0.518354 0.730463
vt 0.518354 0.735863
vt 0.499254 0.730463
vt 0.518354 0.735863
vt 0.499254 0.730463
vt 0.518354 0.730463
vt 0.499254 0.735863
vt 0.518354 0.735863
vt 0.499254 0.730463
vt 0.518354 0.730463
vt 0.499254 0.735863
vt 0.518354 0.730463
vt 0.499254 0.735863
vt 0.518354 0.735863
vt 0.499254 0.730463
vt 0.518354 0.730463
vt 0.499254 0.735863
vt 0.518354 0.735863
vt 0.499254 0.730463
vt 0.499254 0.735863
vt 0.518354 0.730463
vt 0.518354 0.735863
vt 0.499254 0.730463
vt 0.518354 0.735863
vt 0.499254 0.730463
vt 0.518354 0.730463
vt 0.499254 0.735863
vt 0.518354 0.735863
vt 0.499254 0.730463
vt 0.518354 0.730463
vt 0.499254 0.735863
vt 0.518354 0.730463
vt 0.499254 0.735863
vt 0.518354 0.735863
vt 0.499254 0.730463
vt 0.518354 0.730463
vt 0.499254 0.735863
vt 0.518354 0.735863
vt 0.499254 0.730463
vt 0.482354 0.679763
vt 0.625954 0.686613
vt 0.625954 0.679763
vt 0.482354 0.686613
vt 0.625954 0.679763
vt 0.482354 0.686613
vt 0.625954 0.686613
vt 0.482354 0.679763
vt 0.625954 0.679763
vt 0.482354 0.686613
vt 0.625954 0.686613
vt 0.482354 0.679763
vt 0.625954 0.686613
vt 0.482354 0.679763
vt 0.625954 0.679763
vt 0.482354 0.686613
vt 0.625954 0.686613
vt 0.482354 0.679763
vt 0.625954 0.679763
vt 0.482354 0.686613
vt 0.092654 0.975063
vt 0.003954 0.997763
vt 0.003954 0.975063
vt 0.092654 0.997763
vt 0.107654 0.830463
vt 0.210554 0.835463
vt 0.210554 0.830463
vt 0.107654 0.835463
vt 0.210554 0.840363
vt 0.107654 0.840363
vt 0.107654 0.825563
vt 0.210554 0.830463
vt 0.210554 0.825563
vt 0.107654 0.830463
vt 0.210554 0.835463
vt 0.107654 0.835463
vt 0.210554 0.840363
vt 0.107654 0.840363
vt 0.210554 0.845263
vt 0.107654 0.845263
vt 0.107654 0.830463
vt 0.210554 0.835463
vt 0.210554 0.830463
vt 0.107654 0.835463
vt 0.210554 0.840363
vt 0.107654 0.840363
vt 0.107654 0.825563
vt 0.210554 0.830463
vt 0.210554 0.825563
vt 0.107654 0.830463
vt 0.210554 0.835463
vt 0.107654 0.835463
vt 0.210554 0.840363
vt 0.107654 0.840363
vt 0.210554 0.845263
vt 0.107654 0.845263
vt 0.974254 0.535563
vt 0.910054 0.525013
vt 0.905154 0.534563
vt 0.973554 0.527863
vt 0.916154 0.518913
vt 0.967154 0.520763
vt 0.924754 0.517713
vt 0.957854 0.519513
vt 0.974254 0.535563
vt 0.909854 0.525013
vt 0.905154 0.534313
vt 0.972054 0.527113
vt 0.916454 0.518913
vt 0.966954 0.520863
vt 0.924054 0.517563
vt 0.952754 0.519313
vt 0.211554 0.850763
vt 0.117854 0.843063
vt 0.117654 0.850513
vt 0.211554 0.843413
vt 0.117654 0.835963
vt 0.211554 0.835963
vt 0.117654 0.829013
vt 0.211554 0.828613
vt 0.117654 0.821763
vt 0.211554 0.821313
vt 0.901754 0.514913
vt 0.931854 0.512213
vt 0.931654 0.514913
vt 0.901754 0.512563
vt 0.932154 0.509263
vt 0.901754 0.510113
vt 0.932354 0.507413
vt 0.901754 0.507813
vt 0.901454 0.505463
vt 0.932154 0.506113
vt 0.901454 0.503013
vt 0.931654 0.504113
vt 0.901454 0.500713
vt 0.931354 0.501913
vt 0.161254 0.499863
vt 0.130654 0.502813
vt 0.130854 0.499863
vt 0.161254 0.502313
vt 0.130154 0.505613
vt 0.161054 0.504613
vt 0.130154 0.507413
vt 0.161054 0.506963
vt 0.161054 0.509263
vt 0.130154 0.508663
vt 0.161054 0.511713
vt 0.130654 0.510613
vt 0.161054 0.514013
vt 0.130854 0.512913
vt 0.491654 0.514263
vt 0.526454 0.511113
vt 0.526254 0.514263
vt 0.491654 0.511813
vt 0.526954 0.508313
vt 0.491654 0.509413
vt 0.526954 0.506463
vt 0.491654 0.506963
vt 0.491654 0.505363
vt 0.526754 0.505863
vt 0.491654 0.503013
vt 0.526254 0.504113
vt 0.491654 0.499613
vt 0.526254 0.500813
vt 0.564754 0.500463
vt 0.528154 0.504263
vt 0.528454 0.500463
vt 0.564754 0.503763
vt 0.527754 0.507213
vt 0.564754 0.506213
vt 0.527454 0.508163
vt 0.564754 0.507663
vt 0.564754 0.510113
vt 0.527454 0.509763
vt 0.564754 0.512563
vt 0.527954 0.511463
vt 0.564754 0.514913
vt 0.528154 0.513663
vt 0.714754 0.578213
vt 0.726954 0.567313
vt 0.709054 0.566713
vt 0.729454 0.572113
vt 0.738254 0.583813
vt 0.738454 0.574163
vt 0.762054 0.578463
vt 0.747554 0.572213
vt 0.769154 0.566713
vt 0.750254 0.567463
vt 0.747554 0.572213
vt 0.769154 0.566713
vt 0.750254 0.567563
vt 0.738454 0.574313
vt 0.738454 0.583813
vt 0.729654 0.572213
vt 0.714954 0.578463
vt 0.726954 0.567463
vt 0.709054 0.567063
vt 0.714754 0.578213
vt 0.726954 0.567313
vt 0.709054 0.566713
vt 0.729454 0.572113
vt 0.738254 0.583813
vt 0.738454 0.574163
vt 0.762054 0.578463
vt 0.747554 0.572213
vt 0.769154 0.566713
vt 0.750254 0.567463
vt 0.747554 0.572213
vt 0.769154 0.566713
vt 0.750254 0.567563
vt 0.738454 0.574313
vt 0.738454 0.583813
vt 0.729654 0.572213
vt 0.714954 0.578463
vt 0.726954 0.567463
vt 0.709054 0.567063
vt 1.000254 0.523563
vt 0.999554 0.530763
vt 0.997554 0.521113
vt 0.981354 0.530313
vt 0.994154 0.520263
vt 0.986754 0.519313
vt 0.978154 0.518663
vt 0.974554 0.518413
vt 0.967854 0.529913
vt 0.970554 0.518213
vt 0.965654 0.518063
vt 0.953154 0.529813
vt 0.953154 0.517713
vt 0.924254 0.529563
vt 0.924554 0.517313
vt 0.916454 0.529413
vt 0.918654 0.517213
vt 0.913254 0.517313
vt 0.902254 0.517813
vt 0.903954 0.529563
vt 0.891154 0.518663
vt 0.887254 0.519163
vt 0.884054 0.529563
vt 0.883854 0.521363
vt 0.909554 0.525263
vt 0.974054 0.535813
vt 0.905154 0.534463
vt 0.972054 0.527363
vt 0.916154 0.519063
vt 0.966954 0.521113
vt 0.923754 0.517713
vt 0.952454 0.519513
vt 0.996054 0.529813
vt 0.996054 0.521513
vt 0.993354 0.520013
vt 0.983054 0.529813
vt 0.986554 0.518813
vt 0.978454 0.517713
vt 0.967654 0.529663
vt 0.971054 0.517213
vt 0.964754 0.517113
vt 0.957854 0.516963
vt 0.957854 0.529813
vt 0.922354 0.529913
vt 0.922054 0.516963
vt 0.915954 0.516963
vt 0.913754 0.529913
vt 0.910254 0.517213
vt 0.899554 0.517813
vt 0.901454 0.530063
vt 0.890654 0.518813
vt 0.887054 0.519413
vt 0.883854 0.530313
vt 0.883354 0.521613
vt 0.910054 0.525013
vt 0.974254 0.535563
vt 0.905154 0.534563
vt 0.973554 0.527863
vt 0.916154 0.518913
vt 0.967154 0.520763
vt 0.924254 0.517813
vt 0.957854 0.519513
vt 0.997354 0.521013
vt 0.999254 0.530513
vt 1.000054 0.523463
vt 0.981154 0.530163
vt 0.993854 0.520163
vt 0.986554 0.519163
vt 0.977954 0.518563
vt 0.974054 0.518313
vt 0.967654 0.529813
vt 0.970354 0.518063
vt 0.965454 0.517963
vt 0.952954 0.529663
vt 0.952954 0.517563
vt 0.924054 0.529413
vt 0.924254 0.517213
vt 0.916154 0.529313
vt 0.918354 0.517113
vt 0.912954 0.517213
vt 0.901954 0.517713
vt 0.903654 0.529413
vt 0.890954 0.518563
vt 0.887054 0.519063
vt 0.883854 0.529413
vt 0.883554 0.521263
vt 0.993354 0.520013
vt 0.996054 0.521513
vt 0.996054 0.529813
vt 0.983054 0.529813
vt 0.986554 0.518813
vt 0.978454 0.517713
vt 0.967654 0.529663
vt 0.971054 0.517213
vt 0.964754 0.517113
vt 0.957854 0.516963
vt 0.957854 0.529813
vt 0.922354 0.529913
vt 0.922054 0.516963
vt 0.915954 0.516963
vt 0.913754 0.529913
vt 0.910254 0.517213
vt 0.899554 0.517813
vt 0.901454 0.530063
vt 0.890654 0.518813
vt 0.887054 0.519413
vt 0.883854 0.530313
vt 0.883354 0.521613
vt 0.117854 0.843063
vt 0.211554 0.850763
vt 0.117654 0.850613
vt 0.211554 0.843413
vt 0.117654 0.835863
vt 0.211554 0.835963
vt 0.117654 0.829013
vt 0.211554 0.828613
vt 0.117654 0.821663
vt 0.211554 0.821313
vt 0.629954 0.585763
vt 0.636054 0.576113
vt 0.639254 0.585763
vt 0.626754 0.576113
vt 0.620554 0.585763
vt 0.617454 0.576113
vt 0.611254 0.585913
vt 0.608054 0.576263
vt 0.601954 0.585913
vt 0.598754 0.576263
vt 0.592454 0.586013
vt 0.589254 0.576363
vt 0.583054 0.586013
vt 0.579954 0.576363
vt 0.552454 0.684913
vt 0.486254 0.686263
vt 0.552454 0.686263
vt 0.486254 0.684913
vt 0.552454 0.683413
vt 0.486254 0.683413
vt 0.552454 0.682063
vt 0.486254 0.682063
vt 0.552454 0.680613
vt 0.486254 0.680613
vt 0.552454 0.684913
vt 0.486254 0.686263
vt 0.552454 0.686263
vt 0.486254 0.684913
vt 0.552454 0.683413
vt 0.486254 0.683413
vt 0.552454 0.682063
vt 0.486254 0.682063
vt 0.552454 0.680613
vt 0.486254 0.680613
vt 0.626954 0.716913
vt 0.766454 0.712663
vt 0.722754 0.717063
vt 0.627754 0.712763
vt 0.486054 0.712013
vt 0.529454 0.717063
vt 0.966154 0.967713
vt 0.984854 0.999113
vt 0.986254 0.967713
vt 0.907854 0.999113
vt 0.849554 0.967713
vt 0.831154 0.999013
vt 0.829654 0.967713
vt 0.966154 0.925913
vt 0.849554 0.925813
vt 0.828454 0.905013
vt 0.828654 0.925913
vt 0.987554 0.905013
vt 0.987054 0.925913
vt 0.829454 0.902563
vt 0.986554 0.902563
vt 0.986554 0.893263
vt 0.829154 0.893163
vt 0.986254 0.847463
vt 0.829654 0.847313
vt 0.986054 0.834513
vt 0.966154 0.834513
vt 0.849554 0.834363
vt 0.829954 0.834363
vt 0.965254 0.792463
vt 0.850754 0.792463
vt 0.907354 0.786813
vt 0.982354 0.792463
vt 0.982854 0.787313
vt 0.833554 0.792463
vt 0.831854 0.787313
vt 0.529954 0.685763
vt 0.529954 0.685763
vt 0.529954 0.685763
vt 0.529954 0.685763
vt 0.576254 0.684413
vt 0.576254 0.685763
vt 0.529954 0.684413
vt 0.613754 0.684413
vt 0.613754 0.685763
vt 0.576254 0.682963
vt 0.529954 0.682963
vt 0.680654 0.684413
vt 0.680654 0.685763
vt 0.680654 0.682963
vt 0.613754 0.682963
vt 0.680654 0.681613
vt 0.613754 0.681613
vt 0.680654 0.680263
vt 0.613754 0.680263
vt 0.576254 0.681613
vt 0.576254 0.680263
vt 0.529954 0.681613
vt 0.529954 0.680263
vt 0.529954 0.685763
vt 0.529954 0.685763
vt 0.529954 0.685763
vt 0.529954 0.685763
vt 0.576254 0.684413
vt 0.576254 0.685763
vt 0.529954 0.684413
vt 0.613754 0.684413
vt 0.613754 0.685763
vt 0.576254 0.682963
vt 0.529954 0.682963
vt 0.680654 0.684413
vt 0.680654 0.685763
vt 0.680654 0.682963
vt 0.613754 0.682963
vt 0.680654 0.681613
vt 0.613754 0.681613
vt 0.680654 0.680263
vt 0.613754 0.680263
vt 0.576254 0.681613
vt 0.576254 0.680263
vt 0.529954 0.681613
vt 0.529954 0.680263
vt 0.529954 0.685763
vt 0.529954 0.685763
vt 0.529954 0.685763
vt 0.529954 0.685763
vt 0.576254 0.684413
vt 0.576254 0.685763
vt 0.529954 0.684413
vt 0.613754 0.684413
vt 0.613754 0.685763
vt 0.576254 0.682963
vt 0.529954 0.682963
vt 0.680654 0.684413
vt 0.680654 0.685763
vt 0.680654 0.682963
vt 0.613754 0.682963
vt 0.680654 0.681613
vt 0.613754 0.681613
vt 0.680654 0.680263
vt 0.613754 0.680263
vt 0.576254 0.681613
vt 0.576254 0.680263
vt 0.529954 0.681613
vt 0.529954 0.680263
vt 0.529954 0.685763
vt 0.529954 0.685763
vt 0.529954 0.685763
vt 0.529954 0.685763
vt 0.576254 0.684413
vt 0.576254 0.685763
vt 0.529954 0.684413
vt 0.613754 0.684413
vt 0.613754 0.685763
vt 0.576254 0.682963
vt 0.529954 0.682963
vt 0.680654 0.684413
vt 0.680654 0.685763
vt 0.680654 0.682963
vt 0.613754 0.682963
vt 0.680654 0.681613
vt 0.613754 0.681613
vt 0.680654 0.680263
vt 0.613754 0.680263
vt 0.576254 0.681613
vt 0.576254 0.680263
vt 0.529954 0.681613
vt 0.529954 0.680263
vt 0.660554 0.580513
vt 0.615254 0.576513
vt 0.660554 0.576263
vt 0.615254 0.580763
vt 0.574754 0.576513
vt 0.660554 0.584663
vt 0.574754 0.580663
vt 0.615254 0.585063
vt 0.660754 0.588963
vt 0.574554 0.584913
vt 0.615254 0.589213
vt 0.660754 0.593113
vt 0.574554 0.589063
vt 0.615454 0.593463
vt 0.660754 0.597413
vt 0.574554 0.593363
vt 0.615454 0.597613
vt 0.660754 0.601563
vt 0.574554 0.597613
vt 0.615454 0.601913
vt 0.574554 0.601813
vt 0.559354 0.597863
vt 0.574554 0.597613
vt 0.566954 0.599813
vt 0.567154 0.591263
vt 0.574554 0.593363
vt 0.559554 0.593613
vt 0.048554 0.997763
vt 0.092654 0.995713
vt 0.092654 0.997763
vt 0.048554 0.995713
vt 0.003954 0.997763
vt 0.092654 0.989363
vt 0.003954 0.995713
vt 0.048754 0.989363
vt 0.003954 0.989363
vt 0.049054 0.975063
vt 0.092654 0.975063
vt 0.003954 0.975063
vt 0.596854 0.575763
vt 0.587954 0.574513
vt 0.587954 0.573063
vt 0.594654 0.576513
vt 0.597054 0.581513
vt 0.581654 0.576963
vt 0.579654 0.576263
vt 0.588254 0.578913
vt 0.594854 0.580913
vt 0.588754 0.584663
vt 0.581854 0.581263
vt 0.579954 0.582113
vt 0.588454 0.583213
vt 0.585554 0.587013
vt 0.593154 0.590413
vt 0.595554 0.589563
vt 0.585754 0.588463
vt 0.575954 0.590163
vt 0.593354 0.594713
vt 0.595854 0.595413
vt 0.586054 0.592763
vt 0.578454 0.590813
vt 0.576254 0.595913
vt 0.586254 0.597163
vt 0.586254 0.598613
vt 0.578654 0.595213
vt 0.590254 0.610963
vt 0.590654 0.610813
vt 0.589254 0.606413
vt 0.588254 0.606913
vt 0.590254 0.610713
vt 0.589954 0.606063
vt 0.591154 0.610613
vt 0.584854 0.601313
vt 0.585754 0.600313
vt 0.589954 0.606063
vt 0.585754 0.600313
vt 0.591154 0.610363
vt 0.584854 0.601313
vt 0.589254 0.606413
vt 0.590654 0.610363
vt 0.590254 0.610463
vt 0.588254 0.606913
vt 0.587754 0.607163
vt 0.583554 0.602513
vt 0.583054 0.603013
vt 0.583554 0.602513
vt 0.577254 0.599213
vt 0.578154 0.598613
vt 0.579954 0.597413
vt 0.581354 0.596313
vt 0.577754 0.591763
vt 0.581354 0.596313
vt 0.579654 0.591763
vt 0.579654 0.591763
vt 0.579954 0.597413
vt 0.577754 0.591763
vt 0.578154 0.598613
vt 0.575254 0.591763
vt 0.574254 0.591763
vt 0.575254 0.591763
vt 0.576754 0.585763
vt 0.577454 0.586413
vt 0.579454 0.587863
vt 0.580654 0.589063
vt 0.586754 0.584213
vt 0.580654 0.589063
vt 0.587054 0.586013
vt 0.587054 0.586013
vt 0.579454 0.587863
vt 0.586754 0.584213
vt 0.577454 0.586413
vt 0.586554 0.582013
vt 0.586254 0.581013
vt 0.586554 0.582013
vt 0.596854 0.583463
vt 0.596554 0.584313
vt 0.596354 0.586413
vt 0.596054 0.588113
vt 0.604154 0.586413
vt 0.596054 0.588113
vt 0.604154 0.588113
vt 0.596354 0.586413
vt 0.604154 0.588113
vt 0.596554 0.584313
vt 0.604154 0.586413
vt 0.604154 0.584313
vt 0.604154 0.583463
vt 0.612254 0.586413
vt 0.604154 0.584313
vt 0.611754 0.583463
vt 0.612054 0.584313
vt 0.612054 0.584313
vt 0.622054 0.582013
vt 0.612254 0.586413
vt 0.622354 0.581013
vt 0.622054 0.582013
vt 0.612554 0.588113
vt 0.621854 0.584213
vt 0.612554 0.588113
vt 0.621554 0.586013
vt 0.621554 0.586013
vt 0.621854 0.584213
vt 0.627754 0.589063
vt 0.627754 0.589063
vt 0.629154 0.587863
vt 0.629154 0.587863
vt 0.628954 0.591763
vt 0.630854 0.586413
vt 0.630854 0.591763
vt 0.633054 0.591763
vt 0.631854 0.585763
vt 0.634354 0.591763
vt 0.630854 0.586413
vt 0.633054 0.591763
vt 0.630854 0.591763
vt 0.628954 0.591763
vt 0.628454 0.597413
vt 0.626954 0.596313
vt 0.626954 0.596313
vt 0.630354 0.598613
vt 0.622554 0.600313
vt 0.631154 0.599213
vt 0.623754 0.601313
vt 0.625054 0.602513
vt 0.630354 0.598613
vt 0.625454 0.603013
vt 0.628454 0.597413
vt 0.625054 0.602513
vt 0.623754 0.601313
vt 0.622554 0.600313
vt 0.620354 0.606913
vt 0.619354 0.606413
vt 0.618654 0.606063
vt 0.620854 0.607163
vt 0.618154 0.610963
vt 0.620354 0.606913
vt 0.617854 0.610813
vt 0.618354 0.610713
vt 0.617454 0.610613
vt 0.618654 0.606063
vt 0.617454 0.610363
vt 0.619354 0.606413
vt 0.617854 0.610363
vt 0.618154 0.610463
vt 0.427459 0.829852
vt 0.270554 0.842183
vt 0.427751 0.842183
vt 0.270554 0.829852
vt 0.427459 0.818295
vt 0.270554 0.818159
vt 0.427459 0.798912
vt 0.271235 0.799185
vt 0.271235 0.797229
vt 0.427459 0.796956
vt 0.427459 0.790040
vt 0.271235 0.790267
vt 0.427945 0.787719
vt 0.271235 0.787947
vt 0.428237 0.782123
vt 0.271527 0.782942
vt 0.428432 0.780621
vt 0.271527 0.781622
vt 0.407699 0.778437
vt 0.323407 0.778710
vt 0.413053 0.776845
vt 0.286614 0.778710
vt 0.414805 0.775298
vt 0.272987 0.777709
vt 0.428432 0.775525
vt 0.274155 0.775161
vt 0.427945 0.771248
vt 0.283694 0.776253
vt 0.415292 0.771248
vt 0.283694 0.774206
vt 0.411885 0.746542
vt 0.276394 0.772477
vt 0.423078 0.745905
vt 0.320487 0.743129
vt 0.421326 0.740809
vt 0.317275 0.740536
vt 0.410425 0.744085
vt 0.326327 0.741264
vt 0.407991 0.742265
vt 0.325354 0.737851
vt 0.417238 0.738124
vt 0.333627 0.741264
vt 0.404293 0.737760
vt 0.334893 0.737851
vt 0.403319 0.741264
vt 0.769397 0.660274
vt 0.771831 0.659773
vt 0.769884 0.658181
vt 0.644127 0.664141
vt 0.644322 0.661821
vt 0.641888 0.662685
vt 0.769397 0.660274
vt 0.771831 0.659773
vt 0.769884 0.658181
vt 0.644127 0.664141
vt 0.644322 0.661821
vt 0.641888 0.662685
vt 0.777671 0.838634
vt 0.784290 0.840226
vt 0.784290 0.831581
vt 0.783803 0.597120
vt 0.783511 0.588475
vt 0.777184 0.590067
vt 0.803951 0.851920
vt 0.746718 0.993288
vt 0.746718 0.855196
vt 0.803951 0.996564
vt 0.826630 1.037287
vt 0.067318 1.031781
vt 0.871210 1.031781
vt 0.111606 1.037287
vt 0.469118 1.037742
vt 0.468145 0.700723
vt 0.466198 0.700587
vt 0.468145 0.699722
vt 0.461137 0.700450
vt 0.457924 0.691669
vt 0.775432 0.781122
vt 0.783024 0.773569
vt 0.775432 0.773432
vt 0.780883 0.780394
vt 0.205437 0.867526
vt 0.102359 0.880949
vt 0.102845 0.867890
vt 0.205242 0.881176
vt 0.071893 0.880676
vt 0.071698 0.867526
vt 0.236876 0.881040
vt 0.236681 0.867299
vt 0.218869 0.853148
vt 0.089413 0.854240
vt 0.602954 0.661730
vt 0.599255 0.669738
vt 0.600229 0.661457
vt 0.602175 0.670011
vt 0.613856 0.660638
vt 0.615608 0.661821
vt 0.602954 0.660274
vt 0.408965 0.882860
vt 0.329247 0.998293
vt 0.328566 0.883133
vt 0.408965 0.998885
vt 0.774945 0.647443
vt 0.782343 0.655132
vt 0.780104 0.648171
vt 0.774945 0.655132
vt 0.788378 0.952475
vt 0.800058 0.891414
vt 0.792076 0.891414
vt 0.797917 0.952202
vt 0.373827 0.867526
vt 0.271041 0.880949
vt 0.373632 0.881176
vt 0.271235 0.867890
vt 0.240283 0.880676
vt 0.240088 0.867526
vt 0.405266 0.881040
vt 0.405071 0.867299
vt 0.387454 0.853148
vt 0.257803 0.854240
vt 0.602954 0.661730
vt 0.599255 0.669738
vt 0.602175 0.670011
vt 0.600229 0.661457
vt 0.613856 0.660638
vt 0.602954 0.660274
vt 0.615608 0.661821
vt 0.645587 0.675744
vt 0.644614 0.670238
vt 0.645782 0.670602
vt 0.640915 0.675243
vt 0.667779 0.675744
vt 0.668753 0.670102
vt 0.672354 0.675243
vt 0.667487 0.670602
vt 0.371199 0.573960
vt 0.375579 0.573733
vt 0.371199 0.573733
vt 0.375579 0.573960
vt 0.366527 0.573960
vt 0.366527 0.573733
vt 0.296835 0.573960
vt 0.296835 0.573733
vt 0.371199 0.573960
vt 0.375579 0.573733
vt 0.375579 0.573960
vt 0.371199 0.573733
vt 0.366527 0.573960
vt 0.366527 0.573733
vt 0.480312 0.708640
vt 0.500557 0.708003
vt 0.485470 0.709004
vt 0.480312 0.707776
vt 0.645295 0.659864
vt 0.675274 0.657316
vt 0.643835 0.657680
vt 0.675761 0.660501
vt 0.707005 0.657316
vt 0.706713 0.660274
vt 0.738639 0.657316
vt 0.737958 0.660638
vt 0.675761 0.662094
vt 0.675274 0.664414
vt 0.706713 0.662685
vt 0.707005 0.665870
vt 0.737958 0.662094
vt 0.738931 0.664414
vt 0.769397 0.661730
vt 0.770079 0.663641
vt 0.644322 0.659773
vt 0.675274 0.657316
vt 0.643835 0.657680
vt 0.675761 0.660501
vt 0.707005 0.657316
vt 0.706713 0.660274
vt 0.738639 0.657316
vt 0.737958 0.660638
vt 0.675761 0.662094
vt 0.675274 0.664414
vt 0.706713 0.662685
vt 0.707005 0.665870
vt 0.737958 0.662094
vt 0.738931 0.664414
vt 0.769397 0.661730
vt 0.770079 0.663641
vt 0.737666 0.764787
vt 0.757717 0.771248
vt 0.740391 0.771749
vt 0.757912 0.764696
vt 0.761124 0.770793
vt 0.765212 0.764332
vt 0.713527 0.761511
vt 0.712359 0.737624
vt 0.714306 0.738625
vt 0.711386 0.762103
vt 0.623394 0.737396
vt 0.623394 0.762376
vt 0.533943 0.762103
vt 0.532970 0.737624
vt 0.531802 0.761511
vt 0.531023 0.738625
vt 0.251963 0.768109
vt 0.240769 0.762103
vt 0.246123 0.769565
vt 0.247388 0.758690
vt 0.240088 0.760920
vt 0.235708 0.714100
vt 0.243203 0.714237
vt 0.246610 0.670011
vt 0.239601 0.667827
vt 0.240088 0.666598
vt 0.251282 0.660638
vt 0.245442 0.659136
vt 0.004634 0.790495
vt 0.010766 0.791496
vt 0.000546 0.792588
vt 0.006386 0.788083
vt 0.014660 0.787583
vt 0.002201 0.771976
vt 0.013394 0.777618
vt 0.002979 0.763695
vt 0.013200 0.755778
vt 0.002201 0.723018
vt 0.015146 0.723109
vt 0.013394 0.690122
vt 0.003174 0.682296
vt 0.013394 0.668282
vt 0.002201 0.674015
vt 0.014660 0.658408
vt 0.006581 0.657817
vt 0.010766 0.654541
vt 0.004634 0.655496
vt 0.000546 0.653449
vt 0.541730 0.572413
vt 0.530342 0.571321
vt 0.541049 0.571321
vt 0.530537 0.572413
vt 0.509317 0.571321
vt 0.509609 0.572277
vt 0.432812 0.571321
vt 0.432812 0.572277
vt 0.356306 0.572277
vt 0.356306 0.571321
vt 0.335087 0.572413
vt 0.335379 0.571321
vt 0.323894 0.572413
vt 0.324867 0.571321
vt 0.621253 0.661730
vt 0.619793 0.671694
vt 0.619793 0.665961
vt 0.633420 0.661366
vt 0.634393 0.669738
vt 0.617068 0.666234
vt 0.617068 0.671967
vt 0.079680 0.952111
vt 0.082892 0.959391
vt 0.087758 0.958071
vt 0.072185 0.955023
vt 0.073353 0.961347
vt 0.025561 0.961711
vt 0.024588 0.968764
vt 0.021181 0.960983
vt 0.016801 0.970265
vt 0.008041 0.962712
vt 0.008041 0.971949
vt 0.005607 0.903471
vt 0.018748 0.903471
vt 0.021181 0.845959
vt 0.008041 0.844139
vt 0.016801 0.836586
vt 0.008041 0.834994
vt 0.024588 0.838179
vt 0.025561 0.845231
vt 0.071893 0.846551
vt 0.070725 0.853012
vt 0.081432 0.848507
vt 0.078220 0.855833
vt 0.086298 0.849872
vt 0.030720 0.654404
vt 0.015828 0.658408
vt 0.020500 0.654768
vt 0.024588 0.658044
vt 0.014854 0.668418
vt 0.026048 0.684252
vt 0.014660 0.690486
vt 0.025074 0.685845
vt 0.015146 0.723109
vt 0.026535 0.722882
vt 0.025074 0.760192
vt 0.015633 0.756006
vt 0.026048 0.761739
vt 0.014854 0.777618
vt 0.024393 0.787810
vt 0.015828 0.787446
vt 0.030720 0.791587
vt 0.020208 0.791132
vt 0.633420 0.661366
vt 0.619793 0.671694
vt 0.634393 0.669738
vt 0.621253 0.661730
vt 0.619793 0.665961
vt 0.617068 0.666234
vt 0.617068 0.671967
vt 0.210304 0.851192
vt 0.105571 0.843502
vt 0.105571 0.850964
vt 0.210304 0.843866
vt 0.105571 0.836450
vt 0.210304 0.836450
vt 0.105571 0.829488
vt 0.210304 0.829124
vt 0.105571 0.822299
vt 0.210304 0.821844
vt 0.773485 0.547070
vt 0.780883 0.557671
vt 0.780104 0.547070
vt 0.774264 0.557762
vt 0.781078 0.564087
vt 0.773972 0.564087
vt 0.269775 0.587155
vt 0.427264 0.598348
vt 0.427459 0.587246
vt 0.269581 0.598212
vt 0.427264 0.609905
vt 0.269289 0.609905
vt 0.426972 0.629288
vt 0.269094 0.629197
vt 0.269094 0.631108
vt 0.426972 0.631245
vt 0.427264 0.638206
vt 0.269289 0.638070
vt 0.426972 0.640390
vt 0.269289 0.640390
vt 0.426972 0.646260
vt 0.269289 0.646123
vt 0.426972 0.647443
vt 0.269289 0.647352
vt 0.407991 0.649536
vt 0.412566 0.651128
vt 0.321460 0.649263
vt 0.415000 0.652812
vt 0.286322 0.649263
vt 0.425512 0.652584
vt 0.269289 0.651356
vt 0.425025 0.656725
vt 0.270262 0.653904
vt 0.415292 0.656588
vt 0.283402 0.651583
vt 0.411106 0.682068
vt 0.282916 0.653676
vt 0.421618 0.682569
vt 0.272014 0.656725
vt 0.419866 0.687528
vt 0.320195 0.684844
vt 0.410133 0.683888
vt 0.313674 0.688893
vt 0.407699 0.685617
vt 0.325840 0.686573
vt 0.414513 0.691441
vt 0.321947 0.691669
vt 0.405558 0.691305
vt 0.333141 0.686709
vt 0.403125 0.686573
vt 0.329734 0.691578
vt 0.558569 0.573733
vt 0.553994 0.573960
vt 0.558569 0.573960
vt 0.553994 0.573733
vt 0.549809 0.573960
vt 0.549809 0.573733
vt 0.545429 0.573960
vt 0.545429 0.573733
vt 0.498124 0.573960
vt 0.498124 0.573733
vt 0.493257 0.573960
vt 0.493257 0.573733
vt 0.489656 0.573960
vt 0.489656 0.573733
vt 0.482745 0.573960
vt 0.482745 0.573733
vt 0.405558 0.573960
vt 0.405558 0.573733
vt 0.292162 0.573960
vt 0.292162 0.573733
vt 0.285154 0.573960
vt 0.285154 0.573733
vt 0.221497 0.573960
vt 0.221497 0.573733
vt 0.315328 0.740445
vt 0.307347 0.738124
vt 0.305595 0.741400
vt 0.273669 0.771885
vt 0.264422 0.772841
vt 0.262475 0.774206
vt 0.271722 0.774661
vt 0.256343 0.772841
vt 0.270262 0.777118
vt 0.254688 0.773796
vt 0.261015 0.777209
vt 0.269581 0.780894
vt 0.235221 0.777345
vt 0.229576 0.770156
vt 0.188403 0.778938
vt 0.186164 0.771385
vt 0.190058 0.782350
vt 0.124259 0.780394
vt 0.122799 0.772977
vt 0.125232 0.783579
vt 0.190544 0.783306
vt 0.269581 0.782350
vt 0.066345 0.782942
vt 0.063619 0.775389
vt 0.193951 0.787947
vt 0.269581 0.787810
vt 0.125525 0.784534
vt 0.127666 0.789676
vt 0.195509 0.790267
vt 0.269581 0.790131
vt 0.128153 0.791359
vt 0.198137 0.797229
vt 0.269581 0.797092
vt 0.130683 0.798412
vt 0.198137 0.799185
vt 0.269581 0.799049
vt 0.083573 0.799276
vt 0.207383 0.814655
vt 0.213516 0.819160
vt 0.269581 0.818295
vt 0.196969 0.812426
vt 0.221497 0.830125
vt 0.269775 0.829852
vt 0.226364 0.841318
vt 0.270554 0.842319
vt 0.227921 0.845231
vt 0.131851 0.800277
vt 0.139443 0.812426
vt 0.115499 0.812790
vt 0.085325 0.801096
vt 0.107031 0.814883
vt 0.275129 0.851920
vt 0.231328 0.851920
vt 0.077538 0.802097
vt 0.272987 0.845231
vt 0.427264 0.851920
vt 0.427459 0.842547
vt 0.102164 0.817931
vt 0.427264 0.845231
vt 0.459190 0.851920
vt 0.459190 0.845231
vt 0.459190 0.841182
vt 0.459190 0.830125
vt 0.459190 0.818432
vt 0.459190 0.799185
vt 0.427264 0.799049
vt 0.459190 0.797229
vt 0.427264 0.797092
vt 0.459190 0.790267
vt 0.427264 0.790131
vt 0.459190 0.787219
vt 0.427751 0.787810
vt 0.458411 0.782350
vt 0.429211 0.781986
vt 0.458411 0.781031
vt 0.429211 0.780621
vt 0.456756 0.775889
vt 0.428237 0.775662
vt 0.427945 0.771385
vt 0.455783 0.771612
vt 0.423078 0.746041
vt 0.450332 0.746041
vt 0.422397 0.740536
vt 0.447704 0.740536
vt 0.446926 0.737851
vt 0.420840 0.737988
vt 0.010766 0.791496
vt 0.010766 0.654541
vt 0.601202 0.996428
vt 0.711094 0.988056
vt 0.710899 0.996064
vt 0.491602 0.987919
vt 0.491797 0.995836
vt 0.487417 0.771157
vt 0.507663 0.764787
vt 0.504743 0.771749
vt 0.487222 0.764787
vt 0.484010 0.770793
vt 0.480798 0.764059
vt 0.304913 0.687301
vt 0.306860 0.690486
vt 0.271722 0.656861
vt 0.263741 0.655860
vt 0.261989 0.654541
vt 0.270067 0.654040
vt 0.255662 0.655724
vt 0.269094 0.651492
vt 0.254202 0.654905
vt 0.260334 0.651492
vt 0.269289 0.647807
vt 0.234735 0.651356
vt 0.229089 0.658545
vt 0.187624 0.649763
vt 0.185483 0.657316
vt 0.189376 0.646351
vt 0.123772 0.648307
vt 0.122118 0.655724
vt 0.124551 0.645122
vt 0.189863 0.645395
vt 0.269289 0.646260
vt 0.125038 0.644167
vt 0.065566 0.645759
vt 0.062841 0.653312
vt 0.066345 0.643302
vt 0.057487 0.644758
vt 0.052620 0.651947
vt 0.046294 0.650628
vt 0.053107 0.643439
vt 0.054567 0.641710
vt 0.058460 0.642574
vt 0.056027 0.640982
vt 0.058947 0.641710
vt 0.067318 0.642347
vt 0.057292 0.635385
vt 0.054372 0.640754
vt 0.053399 0.635294
vt 0.052620 0.630881
vt 0.062159 0.636614
vt 0.072185 0.637205
vt 0.063619 0.634794
vt 0.057292 0.630881
vt 0.052912 0.613227
vt 0.126985 0.639071
vt 0.073645 0.636022
vt 0.193270 0.640618
vt 0.269289 0.640618
vt 0.127471 0.637342
vt 0.194730 0.638297
vt 0.269289 0.638297
vt 0.082892 0.629425
vt 0.130197 0.630153
vt 0.197163 0.631381
vt 0.269289 0.631381
vt 0.197163 0.629425
vt 0.269289 0.629425
vt 0.131170 0.628469
vt 0.206897 0.614819
vt 0.196677 0.617094
vt 0.213516 0.609905
vt 0.138957 0.616867
vt 0.269289 0.610178
vt 0.114331 0.616366
vt 0.220816 0.598576
vt 0.269289 0.598576
vt 0.225877 0.587519
vt 0.269289 0.587519
vt 0.227629 0.583470
vt 0.084546 0.627605
vt 0.105571 0.614455
vt 0.274447 0.576781
vt 0.231036 0.576781
vt 0.076760 0.626604
vt 0.270262 0.583470
vt 0.426777 0.576781
vt 0.426972 0.587383
vt 0.100412 0.611270
vt 0.426777 0.583470
vt 0.458703 0.576781
vt 0.458703 0.583470
vt 0.458703 0.587519
vt 0.458703 0.598576
vt 0.426972 0.598485
vt 0.458703 0.610178
vt 0.426972 0.610042
vt 0.458703 0.629425
vt 0.458703 0.631472
vt 0.426972 0.631381
vt 0.458703 0.638297
vt 0.426972 0.638297
vt 0.458411 0.641118
vt 0.427751 0.641346
vt 0.458411 0.646351
vt 0.426777 0.646351
vt 0.458411 0.647716
vt 0.426777 0.647579
vt 0.457730 0.652812
vt 0.425512 0.652675
vt 0.424830 0.656861
vt 0.456951 0.657089
vt 0.421618 0.682660
vt 0.452279 0.682660
vt 0.419866 0.687665
vt 0.451598 0.687665
vt 0.448678 0.691441
vt 0.105571 0.843502
vt 0.210304 0.851192
vt 0.105571 0.850964
vt 0.210304 0.843866
vt 0.105571 0.836450
vt 0.210304 0.836450
vt 0.105571 0.829488
vt 0.210304 0.829124
vt 0.105571 0.822299
vt 0.210304 0.821844
vt 0.804730 0.556898
vt 0.797625 0.547070
vt 0.804243 0.547070
vt 0.798111 0.556898
vt 0.804730 0.564087
vt 0.798111 0.564087
vt 0.553994 0.573960
vt 0.558569 0.573733
vt 0.558569 0.573960
vt 0.553994 0.573733
vt 0.549809 0.573960
vt 0.549809 0.573733
vt 0.545429 0.573960
vt 0.545429 0.573733
vt 0.498124 0.573960
vt 0.498124 0.573733
vt 0.493257 0.573960
vt 0.493257 0.573733
vt 0.490337 0.573960
vt 0.490337 0.573733
vt 0.482745 0.573960
vt 0.482745 0.573733
vt 0.405558 0.573960
vt 0.405558 0.573733
vt 0.296835 0.573960
vt 0.296835 0.573733
vt 0.292162 0.573960
vt 0.292454 0.573733
vt 0.285154 0.573960
vt 0.285154 0.573733
vt 0.221497 0.573960
vt 0.221497 0.573733
vt 0.676248 0.845459
vt 0.675761 0.842683
vt 0.774945 0.831718
vt 0.673327 0.835585
vt 0.774945 0.823892
vt 0.669239 0.827441
vt 0.783024 0.827668
vt 0.791784 0.827577
vt 0.792076 0.835494
vt 0.800350 0.891778
vt 0.791103 0.891914
vt 0.800058 0.831718
vt 0.792563 0.824984
vt 0.808818 0.825712
vt 0.783511 0.821207
vt 0.793050 0.819888
vt 0.774945 0.816703
vt 0.663886 0.820616
vt 0.654834 0.816339
vt 0.783511 0.814382
vt 0.792758 0.813563
vt 0.775237 0.798912
vt 0.784484 0.799185
vt 0.792758 0.799185
vt 0.653179 0.799185
vt 0.640428 0.815019
vt 0.775237 0.796956
vt 0.564215 0.799185
vt 0.569763 0.814883
vt 0.653179 0.797229
vt 0.557888 0.816339
vt 0.784776 0.797229
vt 0.792758 0.796728
vt 0.809597 0.799276
vt 0.808623 0.794408
vt 0.799863 0.786127
vt 0.787404 0.789676
vt 0.798111 0.784534
vt 0.775432 0.790267
vt 0.786723 0.787446
vt 0.793245 0.780621
vt 0.782051 0.781850
vt 0.775432 0.787219
vt 0.653179 0.790267
vt 0.785263 0.773569
vt 0.775432 0.782214
vt 0.651427 0.787082
vt 0.564215 0.790267
vt 0.562949 0.786991
vt 0.564215 0.797229
vt 0.466490 0.790267
vt 0.467171 0.787082
vt 0.466490 0.797229
vt 0.466685 0.799185
vt 0.466685 0.818523
vt 0.551269 0.818659
vt 0.542995 0.829989
vt 0.466685 0.830125
vt 0.540270 0.841091
vt 0.466685 0.841182
vt 0.538810 0.845231
vt 0.466685 0.851920
vt 0.466685 0.845231
vt 0.537642 0.851920
vt 0.738445 0.937960
vt 0.712067 0.943784
vt 0.787891 0.988875
vt 0.790324 0.935276
vt 0.739613 0.891414
vt 0.791784 0.896419
vt 0.793245 0.855332
vt 0.714792 0.854377
vt 0.713332 0.884589
vt 0.973607 0.553030
vt 0.957741 0.549709
vt 0.959688 0.546433
vt 0.956086 0.552530
vt 0.955600 0.562631
vt 0.972633 0.562767
vt 0.971855 0.601533
vt 0.954821 0.601761
vt 0.954626 0.640618
vt 0.972633 0.640254
vt 0.973607 0.650036
vt 0.955113 0.650855
vt 0.955600 0.654177
vt 0.956573 0.657680
vt 0.202809 0.572641
vt 0.191518 0.571412
vt 0.191518 0.572641
vt 0.203295 0.571412
vt 0.268607 0.571412
vt 0.270262 0.572641
vt 0.284376 0.571412
vt 0.285349 0.572641
vt 0.295375 0.571412
vt 0.296348 0.572641
vt 0.314355 0.571412
vt 0.315815 0.572641
vt 0.403319 0.571412
vt 0.403125 0.572641
vt 0.490337 0.572641
vt 0.491797 0.571412
vt 0.510096 0.572641
vt 0.511070 0.571412
vt 0.521290 0.572641
vt 0.522555 0.571412
vt 0.532775 0.572641
vt 0.532289 0.571412
vt 0.602662 0.572641
vt 0.602175 0.571412
vt 0.611227 0.571412
vt 0.610741 0.572641
vt 0.675274 0.583015
vt 0.674787 0.585927
vt 0.774459 0.597029
vt 0.672841 0.593116
vt 0.774751 0.604809
vt 0.668947 0.601533
vt 0.782343 0.601033
vt 0.791298 0.601169
vt 0.797138 0.591887
vt 0.804243 0.597029
vt 0.792076 0.603717
vt 0.807163 0.603080
vt 0.782830 0.607494
vt 0.792563 0.608813
vt 0.774459 0.611998
vt 0.662621 0.609086
vt 0.782830 0.614182
vt 0.792271 0.615047
vt 0.653666 0.612954
vt 0.783998 0.629425
vt 0.792271 0.629425
vt 0.774945 0.629652
vt 0.784290 0.631381
vt 0.652692 0.629425
vt 0.640233 0.614319
vt 0.774945 0.631745
vt 0.652887 0.631472
vt 0.563923 0.629425
vt 0.565675 0.614546
vt 0.556914 0.612954
vt 0.774945 0.638297
vt 0.466198 0.629425
vt 0.563923 0.631472
vt 0.652887 0.638297
vt 0.786723 0.639071
vt 0.772317 0.642711
vt 0.792271 0.631973
vt 0.809110 0.629425
vt 0.807845 0.634293
vt 0.800545 0.643075
vt 0.798890 0.644531
vt 0.785263 0.642711
vt 0.792758 0.650400
vt 0.781370 0.646715
vt 0.784484 0.655132
vt 0.774945 0.646487
vt 0.652206 0.642847
vt 0.563923 0.638297
vt 0.561976 0.642847
vt 0.466198 0.631472
vt 0.466198 0.638297
vt 0.466003 0.642847
vt 0.466198 0.610178
vt 0.548057 0.608722
vt 0.542022 0.598485
vt 0.466198 0.598576
vt 0.538615 0.587610
vt 0.466198 0.587519
vt 0.537155 0.583470
vt 0.466198 0.576781
vt 0.466198 0.583470
vt 0.534917 0.576918
vt 0.464738 0.937824
vt 0.490824 0.943557
vt 0.415292 0.988784
vt 0.412858 0.935139
vt 0.463278 0.891141
vt 0.411398 0.896282
vt 0.409646 0.855196
vt 0.488682 0.854240
vt 0.489850 0.884361
vt 0.484010 0.729479
vt 0.517883 0.738716
vt 0.483718 0.738852
vt 0.518370 0.729570
vt 0.523042 0.734712
vt 0.522555 0.738989
vt 0.525475 0.732255
vt 0.508636 0.686345
vt 0.508636 0.686345
vt 0.508636 0.686345
vt 0.508636 0.686345
vt 0.520608 0.684844
vt 0.520608 0.686345
vt 0.508636 0.684844
vt 0.524502 0.684844
vt 0.524502 0.686345
vt 0.520608 0.683297
vt 0.508636 0.683297
vt 0.592928 0.684844
vt 0.592928 0.686345
vt 0.524502 0.686345
vt 0.592928 0.683388
vt 0.524502 0.684844
vt 0.520608 0.686345
vt 0.524502 0.683297
vt 0.592928 0.683297
vt 0.592928 0.681932
vt 0.524502 0.683297
vt 0.524502 0.681841
vt 0.592928 0.681841
vt 0.520608 0.684844
vt 0.508636 0.686345
vt 0.508636 0.686345
vt 0.508636 0.686345
vt 0.508636 0.686345
vt 0.508636 0.684844
vt 0.520608 0.683297
vt 0.508636 0.683297
vt 0.524502 0.681841
vt 0.520608 0.681841
vt 0.508636 0.681841
vt 0.592928 0.680476
vt 0.524502 0.680339
vt 0.592928 0.680339
vt 0.520608 0.680339
vt 0.508636 0.680339
vt 0.524502 0.680339
vt 0.520608 0.681841
vt 0.520608 0.680339
vt 0.508636 0.681841
vt 0.508636 0.680339
vt 0.876369 0.777118
vt 0.871210 0.722381
vt 0.871502 0.778437
vt 0.876077 0.722381
vt 0.876369 0.667827
vt 0.871502 0.667827
vt 0.796943 0.778346
vt 0.796943 0.722654
vt 0.797138 0.668282
vt 0.657072 0.675835
vt 0.656780 0.670602
vt 0.970395 0.722381
vt 0.955794 0.776845
vt 0.972147 0.776981
vt 0.955794 0.722381
vt 0.955794 0.667918
vt 0.972147 0.667918
vt 0.643153 0.677655
vt 0.657072 0.677655
vt 0.670213 0.677655
vt 0.656780 0.669738
vt 0.645782 0.669874
vt 0.667293 0.669738
vt 0.687052 0.943784
vt 0.515936 0.943557
vt 0.687246 0.884225
vt 0.516131 0.884088
vt 0.718686 0.717877
vt 0.762097 0.713509
vt 0.762292 0.717877
vt 0.764725 0.726658
vt 0.718978 0.726658
vt 0.623394 0.726522
vt 0.623394 0.717786
vt 0.526449 0.717877
vt 0.483037 0.717877
vt 0.483232 0.712872
vt 0.481090 0.726158
vt 0.526449 0.726658
vt 0.623394 0.729206
vt 0.711580 0.729570
vt 0.533749 0.729570
vt 0.623394 0.731163
vt 0.713040 0.731436
vt 0.532289 0.731436
vt 0.294888 0.595163
vt 0.369447 0.617959
vt 0.294888 0.618596
vt 0.369447 0.595800
vt 0.298100 0.620780
vt 0.369447 0.618596
vt 0.298781 0.592979
vt 0.366527 0.620780
vt 0.294888 0.598212
vt 0.365553 0.592979
vt 0.369447 0.618596
vt 0.294888 0.615547
vt 0.300241 0.620780
vt 0.364093 0.620780
vt 0.294888 0.617959
vt 0.300241 0.592979
vt 0.369447 0.615547
vt 0.294888 0.595800
vt 0.369447 0.595163
vt 0.298100 0.620780
vt 0.369447 0.598212
vt 0.298781 0.592979
vt 0.364093 0.592979
vt 0.365553 0.592979
vt 0.366527 0.620780
vt 0.369447 0.595163
vt 0.294888 0.595163
vt 0.369447 0.617959
vt 0.294888 0.618596
vt 0.369447 0.595800
vt 0.298100 0.620780
vt 0.369447 0.618596
vt 0.298781 0.592979
vt 0.366527 0.620780
vt 0.294888 0.598212
vt 0.365553 0.592979
vt 0.369447 0.618596
vt 0.294888 0.615547
vt 0.300241 0.620780
vt 0.364093 0.620780
vt 0.294888 0.617959
vt 0.300241 0.592979
vt 0.369447 0.615547
vt 0.294888 0.595800
vt 0.369447 0.595163
vt 0.298100 0.620780
vt 0.369447 0.598212
vt 0.298781 0.592979
vt 0.364093 0.592979
vt 0.365553 0.592979
vt 0.366527 0.620780
vt 0.369447 0.595163
vt 0.294888 0.595163
vt 0.369447 0.617959
vt 0.294888 0.618596
vt 0.369447 0.595800
vt 0.298100 0.620780
vt 0.369447 0.618596
vt 0.298781 0.592979
vt 0.366527 0.620780
vt 0.294888 0.598212
vt 0.365553 0.592979
vt 0.369447 0.618596
vt 0.294888 0.615547
vt 0.300241 0.620780
vt 0.364093 0.620780
vt 0.294888 0.617959
vt 0.300241 0.592979
vt 0.369447 0.615547
vt 0.294888 0.595800
vt 0.369447 0.595163
vt 0.298100 0.620780
vt 0.369447 0.598212
vt 0.298781 0.592979
vt 0.364093 0.592979
vt 0.365553 0.592979
vt 0.366527 0.620780
vt 0.369447 0.595163
vt 0.294888 0.595163
vt 0.369447 0.617959
vt 0.294888 0.618596
vt 0.369447 0.595800
vt 0.298100 0.620780
vt 0.369447 0.618596
vt 0.298781 0.592979
vt 0.366527 0.620780
vt 0.294888 0.598212
vt 0.365553 0.592979
vt 0.369447 0.618596
vt 0.294888 0.615547
vt 0.300241 0.620780
vt 0.364093 0.620780
vt 0.294888 0.617959
vt 0.300241 0.592979
vt 0.369447 0.615547
vt 0.294888 0.595800
vt 0.369447 0.595163
vt 0.298100 0.620780
vt 0.369447 0.598212
vt 0.298781 0.592979
vt 0.364093 0.592979
vt 0.365553 0.592979
vt 0.366527 0.620780
vt 0.369447 0.595163
vt 0.734551 0.996064
vt 0.762292 0.996064
vt 0.758690 0.996064
vt 0.716544 0.995836
vt 0.724331 0.996064
vt 0.772804 0.993652
vt 0.775724 0.993288
vt 0.786431 0.991923
vt 0.787696 0.991332
vt 0.440599 0.995836
vt 0.468437 0.995973
vt 0.444298 0.995973
vt 0.486444 0.995700
vt 0.478657 0.995973
vt 0.430184 0.993516
vt 0.427264 0.993152
vt 0.416460 0.991832
vt 0.415292 0.991195
vt 0.796457 0.665142
vt 0.795483 0.665870
vt 0.871502 0.667827
vt 0.811544 0.662321
vt 0.821764 0.661821
vt 0.825462 0.661730
vt 0.846390 0.660865
vt 0.857096 0.660638
vt 0.864883 0.660638
vt 0.871502 0.778437
vt 0.821569 0.785399
vt 0.825170 0.785535
vt 0.847655 0.785535
vt 0.857875 0.785626
vt 0.865662 0.785626
vt 0.869263 0.785535
vt 0.061381 0.831809
vt 0.053594 0.828032
vt 0.051160 0.832446
vt 0.059921 0.839134
vt 0.060213 0.827805
vt 0.053594 0.815474
vt 0.071698 0.836677
vt 0.065566 0.843138
vt 0.073839 0.833902
vt 0.081140 0.839635
vt 0.088732 0.846187
vt 0.093793 0.842046
vt 0.094280 0.838406
vt 0.084352 0.836814
vt 0.095740 0.830489
vt 0.072185 0.827941
vt 0.078220 0.828669
vt 0.098952 0.821571
vt 0.070433 0.817795
vt 0.074618 0.818432
vt 0.058947 0.816475
vt 0.073353 0.805373
vt 0.069459 0.803690
vt 0.057974 0.797820
vt 0.053107 0.797820
vt 0.074813 0.800368
vt 0.057779 0.793316
vt 0.055346 0.793452
vt 0.064301 0.793907
vt 0.055346 0.786991
vt 0.074326 0.792724
vt 0.072866 0.791496
vt 0.062841 0.792087
vt 0.067805 0.786354
vt 0.059726 0.786991
vt 0.067026 0.785399
vt 0.056806 0.787583
vt 0.058947 0.786127
vt 0.058266 0.783943
vt 0.053886 0.785262
vt 0.047072 0.778073
vt 0.053399 0.776754
vt 0.052912 0.600532
vt 0.060699 0.596892
vt 0.050479 0.596301
vt 0.059434 0.589567
vt 0.050674 0.596301
vt 0.059434 0.600896
vt 0.070919 0.592024
vt 0.064787 0.585563
vt 0.058266 0.612226
vt 0.080458 0.589112
vt 0.087953 0.582514
vt 0.093599 0.586655
vt 0.093793 0.590431
vt 0.073158 0.594799
vt 0.083573 0.591887
vt 0.094767 0.598485
vt 0.071406 0.600805
vt 0.077733 0.600077
vt 0.097005 0.606038
vt 0.069751 0.610906
vt 0.073839 0.610269
vt 0.068778 0.624920
vt 0.072671 0.623328
vt 0.074326 0.628333
vt 0.228116 0.762831
vt 0.230841 0.769656
vt 0.244468 0.769428
vt 0.184996 0.769656
vt 0.239601 0.761284
vt 0.183536 0.762103
vt 0.123286 0.769201
vt 0.227921 0.762012
vt 0.227629 0.761011
vt 0.239309 0.760055
vt 0.183536 0.761375
vt 0.227921 0.760055
vt 0.235221 0.714100
vt 0.183244 0.760192
vt 0.122604 0.760419
vt 0.122604 0.761147
vt 0.066345 0.768837
vt 0.065566 0.760647
vt 0.058266 0.768837
vt 0.065566 0.759828
vt 0.057487 0.760556
vt 0.050674 0.761011
vt 0.053107 0.768700
vt 0.041914 0.769292
vt 0.038507 0.763331
vt 0.038020 0.762740
vt 0.050479 0.760283
vt 0.035587 0.758099
vt 0.057292 0.759828
vt 0.048240 0.756870
vt 0.034613 0.755642
vt 0.053399 0.756779
vt 0.064106 0.757143
vt 0.047754 0.755414
vt 0.030915 0.714100
vt 0.052912 0.755551
vt 0.064301 0.755642
vt 0.122118 0.758690
vt 0.183244 0.759054
vt 0.122118 0.757598
vt 0.222470 0.714237
vt 0.181590 0.714100
vt 0.122604 0.714100
vt 0.227435 0.668555
vt 0.239309 0.668054
vt 0.183244 0.669010
vt 0.122118 0.670466
vt 0.227435 0.667463
vt 0.239601 0.666826
vt 0.183244 0.668054
vt 0.122118 0.669374
vt 0.227435 0.666598
vt 0.227921 0.665734
vt 0.243008 0.659864
vt 0.231036 0.660001
vt 0.183731 0.660274
vt 0.183536 0.665961
vt 0.123286 0.660729
vt 0.183244 0.666826
vt 0.122604 0.667690
vt 0.122604 0.666962
vt 0.066345 0.661002
vt 0.065566 0.668418
vt 0.065566 0.667463
vt 0.058266 0.661002
vt 0.057487 0.667554
vt 0.064106 0.670966
vt 0.050674 0.667190
vt 0.053107 0.661093
vt 0.041719 0.660274
vt 0.038507 0.665370
vt 0.038020 0.665961
vt 0.057292 0.668418
vt 0.050479 0.667918
vt 0.036073 0.670102
vt 0.053399 0.671330
vt 0.048240 0.671239
vt 0.035100 0.672559
vt 0.064301 0.672422
vt 0.052912 0.672695
vt 0.047754 0.672695
vt 0.065858 0.714100
vt 0.047267 0.714100
vt 0.052912 0.714100
vt 0.950246 0.722381
vt 0.949954 0.776981
vt 0.949954 0.667918
vt 0.942459 0.722381
vt 0.942167 0.776981
vt 0.942167 0.667827
vt 0.931947 0.722381
vt 0.931947 0.777118
vt 0.931947 0.667827
vt 0.919780 0.727887
vt 0.919780 0.722381
vt 0.919780 0.717058
vt 0.907321 0.729115
vt 0.907321 0.715693
vt 0.907808 0.777209
vt 0.907808 0.667690
vt 0.903915 0.729115
vt 0.904109 0.777209
vt 0.892429 0.777118
vt 0.903623 0.722381
vt 0.907321 0.722381
vt 0.892234 0.722381
vt 0.903915 0.715693
vt 0.904109 0.667690
vt 0.892429 0.667690
vt 0.889314 0.722381
vt 0.889509 0.777118
vt 0.889509 0.667827
vt 0.878121 0.722381
vt 0.878316 0.776981
vt 0.878316 0.667827
vt 0.727446 0.738852
vt 0.722871 0.742265
vt 0.722579 0.738989
vt 0.727446 0.741537
vt 0.722384 0.734712
vt 0.759858 0.741628
vt 0.726959 0.729570
vt 0.761610 0.738852
vt 0.761318 0.729479
vt 0.931947 0.550209
vt 0.924160 0.546205
vt 0.933115 0.552029
vt 0.911215 0.549618
vt 0.907808 0.546433
vt 0.911701 0.552029
vt 0.933115 0.562540
vt 0.842009 0.549618
vt 0.841717 0.546706
vt 0.833249 0.546797
vt 0.842009 0.552757
vt 0.832471 0.549345
vt 0.823224 0.544613
vt 0.911993 0.562631
vt 0.822737 0.548526
vt 0.815242 0.547070
vt 0.830329 0.553258
vt 0.820304 0.553258
vt 0.815242 0.552666
vt 0.841717 0.562904
vt 0.828091 0.562995
vt 0.817676 0.563131
vt 0.813490 0.563131
vt 0.841523 0.601533
vt 0.826923 0.601533
vt 0.814269 0.601624
vt 0.811057 0.601624
vt 0.813782 0.639799
vt 0.817189 0.639890
vt 0.815437 0.650400
vt 0.828091 0.640026
vt 0.818844 0.650036
vt 0.815242 0.655997
vt 0.822056 0.655132
vt 0.822542 0.658044
vt 0.829356 0.650764
vt 0.831789 0.654541
vt 0.833249 0.657453
vt 0.841717 0.640026
vt 0.842009 0.650855
vt 0.841717 0.654177
vt 0.841717 0.657453
vt 0.910047 0.657316
vt 0.910728 0.654404
vt 0.923187 0.657316
vt 0.911993 0.640390
vt 0.911701 0.650992
vt 0.929222 0.652675
vt 0.933115 0.650855
vt 0.933115 0.640390
vt 0.932921 0.601533
vt 0.912188 0.601533
vt 0.166254 0.600813
vt 0.169154 0.612413
vt 0.166254 0.610813
vt 0.208354 0.610813
vt 0.205454 0.612413
vt 0.205454 0.599363
vt 0.208354 0.600813
vt 0.169154 0.599363
vt 0.783054 0.672913
vt 0.793554 0.671063
vt 0.785754 0.670363
vt 0.783054 0.672913
vt 0.793554 0.671063
vt 0.785754 0.670363
vt 0.120654 0.609863
vt 0.147854 0.594963
vt 0.151554 0.600563
vt 0.115454 0.600563
vt 0.115754 0.601813
vt 0.123554 0.593713
vt 0.119854 0.595213
vt 0.144854 0.593713
vt 0.115754 0.601813
vt 0.119854 0.595213
vt 0.115454 0.600563
vt 0.121854 0.610963
vt 0.120654 0.609863
vt 0.144854 0.593713
vt 0.147854 0.594963
vt 0.123554 0.593713
vt 0.471454 0.688463
vt 0.471654 0.689163
vt 0.460654 0.690763
vt 0.790854 0.690763
vt 0.779654 0.689163
vt 0.779854 0.688463
vt 0.793054 0.666313
vt 0.784254 0.666813
vt 0.684254 0.669613
vt 0.686454 0.670463
vt 0.686454 0.669613
vt 0.684254 0.670463
vt 0.793854 0.676713
vt 0.782754 0.675713
vt 0.793054 0.666313
vt 0.784254 0.666813
vt 0.684254 0.669613
vt 0.686454 0.670463
vt 0.686454 0.669613
vt 0.684254 0.670463
vt 0.793854 0.676713
vt 0.782754 0.675713
vt 1.000254 0.534213
vt 0.996554 0.701763
vt 0.996554 0.534213
vt 1.000254 0.701763
vt 0.992854 0.701763
vt 0.992854 0.534213
vt 0.989254 0.701763
vt 0.989254 0.534213
vt 0.985554 0.701763
vt 0.985554 0.534213
vt 0.989454 0.534213
vt 0.986254 0.700163
vt 0.986254 0.534213
vt 0.989454 0.700163
vt 0.999254 0.534213
vt 0.996054 0.700163
vt 0.996054 0.534213
vt 0.999254 0.700163
vt 0.992654 0.700163
vt 0.992654 0.534213
vt 0.992154 0.536013
vt 0.987954 0.594213
vt 0.988254 0.536013
vt 0.991954 0.594213
vt 0.983854 0.594213
vt 0.984054 0.536013
vt 1.000254 0.536013
vt 0.996054 0.594213
vt 0.996354 0.536013
vt 1.000054 0.594213
vt 0.992154 0.536013
vt 0.987954 0.594213
vt 0.988254 0.536013
vt 0.991954 0.594213
vt 0.983854 0.594213
vt 0.984054 0.536013
vt 1.000254 0.536013
vt 0.996054 0.594213
vt 0.996354 0.536013
vt 1.000054 0.594213
vt 0.992154 0.536013
vt 0.987954 0.594213
vt 0.988254 0.536013
vt 0.991954 0.594213
vt 0.983854 0.594213
vt 0.984054 0.536013
vt 1.000254 0.536013
vt 0.996054 0.594213
vt 0.996354 0.536013
vt 1.000054 0.594213
vt 0.992154 0.536013
vt 0.987954 0.594213
vt 0.988254 0.536013
vt 0.991954 0.594213
vt 0.983854 0.594213
vt 0.984054 0.536013
vt 1.000254 0.536013
vt 0.996054 0.594213
vt 0.996354 0.536013
vt 1.000054 0.594213
vt 0.784754 0.545713
vt 0.777654 0.541063
vt 0.778154 0.545713
vt 0.785054 0.540913
vt 0.328054 0.562313
vt 0.319654 0.559763
vt 0.320654 0.562313
vt 0.329054 0.559763
vt 0.320654 0.543513
vt 0.329054 0.546563
vt 0.328054 0.543513
vt 0.319654 0.546563
vt 0.809054 0.545713
vt 0.801654 0.540913
vt 0.809054 0.540813
vt 0.802454 0.545713
vt 0.152954 0.562413
vt 0.161054 0.559863
vt 0.152054 0.559863
vt 0.160054 0.562413
vt 0.160054 0.543613
vt 0.152054 0.546663
vt 0.161054 0.546663
vt 0.152954 0.543613
vt 0.470954 0.698813
vt 0.468954 0.699663
vt 0.686254 0.672313
vt 0.695254 0.671563
vt 0.686254 0.671563
vt 0.695254 0.672563
vt 0.706554 0.671963
vt 0.706554 0.672913
vt 0.783254 0.678663
vt 0.695554 0.668513
vt 0.686254 0.668663
vt 0.695254 0.669613
vt 0.707054 0.668763
vt 0.706554 0.669863
vt 0.778854 0.670863
vt 0.706354 0.670863
vt 0.695254 0.670463
vt 0.686254 0.672313
vt 0.695254 0.671563
vt 0.686254 0.671563
vt 0.695254 0.672563
vt 0.706554 0.671963
vt 0.706554 0.672913
vt 0.783254 0.678663
vt 0.695554 0.668513
vt 0.686254 0.668663
vt 0.695254 0.669613
vt 0.707054 0.668763
vt 0.706554 0.669863
vt 0.778854 0.670863
vt 0.706354 0.670863
vt 0.695254 0.670463
vt 0.461154 0.780363
vt 0.469254 0.770313
vt 0.461654 0.768863
vt 0.468954 0.780463
vt 0.474354 0.772663
vt 0.567754 0.780613
vt 0.567754 0.772763
vt 0.657054 0.772763
vt 0.657054 0.780463
vt 0.780054 0.772763
vt 0.780054 0.780463
vt 0.528554 0.731463
vt 0.536954 0.728763
vt 0.535454 0.730613
vt 0.521454 0.728763
vt 0.529554 0.725863
vt 0.483954 0.725363
vt 0.486854 0.728663
vt 0.481254 0.728913
vt 0.486654 0.738063
vt 0.481254 0.741613
vt 0.484954 0.741863
vt 0.488354 0.740863
vt 0.520954 0.737963
vt 0.485654 0.760813
vt 0.481454 0.759213
vt 0.483754 0.763363
vt 0.520954 0.740763
vt 0.488154 0.762263
vt 0.490054 0.764113
vt 0.525654 0.741463
vt 0.525654 0.738163
vt 0.520754 0.741963
vt 0.488654 0.741963
vt 0.486654 0.743063
vt 0.518554 0.744063
vt 0.487354 0.760063
vt 0.493554 0.744163
vt 0.489354 0.761163
vt 0.491754 0.756163
vt 0.491754 0.745513
vt 0.494454 0.745013
vt 0.493954 0.746013
vt 0.517054 0.744913
vt 0.493754 0.755563
vt 0.495254 0.756663
vt 0.520254 0.745163
vt 0.518254 0.745663
vt 0.494454 0.757613
vt 0.516554 0.756663
vt 0.519754 0.756763
vt 0.518054 0.755763
vt 0.523454 0.742713
vt 0.517054 0.757763
vt 0.523454 0.760313
vt 0.526354 0.760163
vt 0.521754 0.761063
vt 0.522454 0.762513
vt 0.510654 0.764113
vt 0.522654 0.764113
vt 0.526654 0.762613
vt 0.524354 0.764113
vt 0.531954 0.764213
vt 0.531754 0.764813
vt 0.534654 0.764813
vt 0.627154 0.764963
vt 0.627154 0.764563
vt 0.720554 0.764363
vt 0.717854 0.764813
vt 0.720754 0.764813
vt 0.728354 0.764213
vt 0.726154 0.762613
vt 0.730354 0.762513
vt 0.730054 0.764213
vt 0.742054 0.764113
vt 0.726454 0.760163
vt 0.762454 0.763963
vt 0.729154 0.760413
vt 0.727154 0.741463
vt 0.764454 0.762263
vt 0.769854 0.763613
vt 0.731054 0.761163
vt 0.767154 0.760913
vt 0.771054 0.759313
vt 0.763454 0.761163
vt 0.771554 0.741613
vt 0.758754 0.757963
vt 0.767854 0.741863
vt 0.734954 0.757963
vt 0.765354 0.760063
vt 0.735954 0.756863
vt 0.760954 0.756863
vt 0.766154 0.743063
vt 0.758554 0.756863
vt 0.759254 0.756263
vt 0.759254 0.745763
vt 0.761254 0.745263
vt 0.757754 0.744763
vt 0.759554 0.743813
vt 0.736254 0.744913
vt 0.764154 0.741963
vt 0.735254 0.743813
vt 0.733054 0.744913
vt 0.734254 0.745663
vt 0.732054 0.741963
vt 0.764454 0.740863
vt 0.766154 0.738063
vt 0.731854 0.740763
vt 0.770554 0.728763
vt 0.765854 0.728663
vt 0.769354 0.725863
vt 0.731354 0.728763
vt 0.723254 0.725863
vt 0.715854 0.728763
vt 0.724254 0.731463
vt 0.717354 0.730613
vt 0.726654 0.733913
vt 0.729854 0.742813
vt 0.732754 0.757263
vt 0.734254 0.756263
vt 0.428554 0.546663
vt 0.439054 0.543863
vt 0.426354 0.543863
vt 0.440754 0.546663
vt 0.454554 0.543863
vt 0.454054 0.546663
vt 0.478054 0.543863
vt 0.475354 0.546663
vt 0.513154 0.543863
vt 0.513854 0.546663
vt 0.673954 0.546663
vt 0.621254 0.555213
vt 0.621454 0.546663
vt 0.674154 0.555213
vt 0.621254 0.558913
vt 0.674154 0.558913
vt 0.621254 0.560013
vt 0.674154 0.560013
vt 0.674654 0.563763
vt 0.594754 0.560013
vt 0.594554 0.563763
vt 0.515354 0.563763
vt 0.568554 0.560013
vt 0.515554 0.560013
vt 0.568554 0.558913
vt 0.515854 0.558913
vt 0.568554 0.555213
vt 0.515854 0.555213
vt 0.568754 0.546663
vt 0.515854 0.546663
vt 0.786254 0.571963
vt 0.779154 0.565613
vt 0.778854 0.571963
vt 0.785954 0.565513
vt 0.778654 0.562813
vt 0.785754 0.562813
vt 0.809054 0.571713
vt 0.814654 0.566463
vt 0.814154 0.572113
vt 0.809554 0.565263
vt 0.814154 0.561563
vt 0.809554 0.562813
vt 0.814154 0.555713
vt 0.809554 0.555613
vt 0.814454 0.544963
vt 0.814954 0.541063
vt 0.796554 0.571863
vt 0.802854 0.565363
vt 0.801654 0.571713
vt 0.796754 0.565963
vt 0.802854 0.562813
vt 0.796054 0.561713
vt 0.802854 0.555613
vt 0.796554 0.555713
vt 0.796754 0.545313
vt 0.794854 0.541163
vt 0.126954 0.607163
vt 0.121854 0.610963
vt 0.124754 0.606413
vt 0.122854 0.603113
vt 0.123854 0.602013
vt 0.127754 0.601063
vt 0.130454 0.609963
vt 0.133154 0.609363
vt 0.129954 0.600713
vt 0.134854 0.609263
vt 0.137054 0.600713
vt 0.136554 0.609263
vt 0.139454 0.601063
vt 0.138254 0.609363
vt 0.143454 0.602013
vt 0.141254 0.609863
vt 0.146154 0.602263
vt 0.142954 0.609963
vt 0.152954 0.602913
vt 0.144654 0.610213
vt 0.155454 0.603113
vt 0.146654 0.610463
vt 0.782354 0.699663
vt 0.787454 0.699563
vt 0.780354 0.698813
vt 0.657554 0.699213
vt 0.654054 0.688563
vt 0.657054 0.689563
vt 0.648254 0.698213
vt 0.648254 0.687113
vt 0.468554 0.656663
vt 0.461154 0.646663
vt 0.460654 0.658263
vt 0.468554 0.646513
vt 0.473654 0.654363
vt 0.567354 0.646413
vt 0.567354 0.654213
vt 0.656754 0.654113
vt 0.656754 0.646513
vt 0.779654 0.654113
vt 0.779654 0.646413
vt 0.791354 0.566813
vt 0.791354 0.572313
vt 0.791154 0.561813
vt 0.790354 0.556463
vt 0.785454 0.556313
vt 0.790354 0.545913
vt 0.791354 0.541313
vt 0.773754 0.572113
vt 0.772754 0.566463
vt 0.772754 0.561563
vt 0.778854 0.556463
vt 0.772954 0.556463
vt 0.773254 0.545913
vt 0.771254 0.541913
vt 0.750954 0.543863
vt 0.760254 0.546663
vt 0.762454 0.543863
vt 0.749254 0.546663
vt 0.735954 0.543863
vt 0.736454 0.546663
vt 0.711654 0.543863
vt 0.714154 0.546663
vt 0.676854 0.543863
vt 0.676154 0.546663
vt 0.126954 0.607163
vt 0.124754 0.606413
vt 0.122854 0.603113
vt 0.123854 0.602013
vt 0.127754 0.601063
vt 0.130454 0.609963
vt 0.133154 0.609363
vt 0.129954 0.600713
vt 0.134854 0.609263
vt 0.137054 0.600713
vt 0.136554 0.609263
vt 0.139454 0.601063
vt 0.151554 0.600563
vt 0.138254 0.609363
vt 0.143454 0.602013
vt 0.141254 0.609863
vt 0.146154 0.602263
vt 0.142954 0.609963
vt 0.152954 0.602913
vt 0.144654 0.610213
vt 0.155454 0.603113
vt 0.146654 0.610463
vt 0.603854 0.687363
vt 0.604054 0.698213
vt 0.597454 0.688563
vt 0.593754 0.699213
vt 0.594554 0.689563
vt 0.327754 0.997313
vt 0.330454 0.882763
vt 0.331254 0.998263
vt 0.327254 0.883763
vt 0.322854 0.940463
vt 0.321854 0.885713
vt 0.322354 0.995313
vt 0.882854 0.517813
vt 0.870354 0.517713
vt 0.876654 0.516013
vt 0.882854 0.521363
vt 0.876454 0.523213
vt 0.870354 0.521363
vt 0.519954 0.538863
vt 0.512854 0.533363
vt 0.519754 0.535063
vt 0.506554 0.535413
vt 0.506954 0.539113
vt 0.513654 0.540813
vt 0.870354 0.517713
vt 0.882854 0.517813
vt 0.876654 0.516013
vt 0.882854 0.521363
vt 0.876454 0.523213
vt 0.870354 0.521363
vt 0.519954 0.538863
vt 0.506954 0.539113
vt 0.513654 0.540813
vt 0.506554 0.535413
vt 0.512854 0.533363
vt 0.519754 0.535063
vt 0.411154 0.554863
vt 0.409654 0.559763
vt 0.411154 0.558413
vt 0.407454 0.546563
vt 0.397654 0.546563
vt 0.397654 0.559763
vt 0.384954 0.559763
vt 0.384954 0.546563
vt 0.363554 0.559763
vt 0.363554 0.546563
vt 0.240254 0.559863
vt 0.240254 0.546663
vt 0.117454 0.546663
vt 0.117454 0.559863
vt 0.095854 0.546663
vt 0.095854 0.559863
vt 0.083154 0.546663
vt 0.083154 0.559863
vt 0.071354 0.559863
vt 0.073554 0.546663
vt 0.069654 0.554963
vt 0.069654 0.558513
vt 0.494954 0.678413
vt 0.625854 0.682563
vt 0.486654 0.681613
vt 0.625654 0.678663
vt 0.756554 0.678413
vt 0.764854 0.681613
vt 0.780554 0.699813
vt 0.769554 0.700163
vt 0.770254 0.699063
vt 0.762254 0.700063
vt 0.769354 0.689763
vt 0.768354 0.688663
vt 0.760754 0.689413
vt 0.760754 0.688463
vt 0.762454 0.698963
vt 0.657554 0.700063
vt 0.766854 0.701863
vt 0.764154 0.686263
vt 0.487354 0.686263
vt 0.490854 0.688463
vt 0.490554 0.689413
vt 0.482954 0.688663
vt 0.481954 0.689763
vt 0.481054 0.699063
vt 0.481754 0.700163
vt 0.470954 0.699813
vt 0.489054 0.700063
vt 0.489054 0.698963
vt 0.593754 0.700063
vt 0.484654 0.701863
vt 0.603854 0.700563
vt 0.503554 0.707163
vt 0.483254 0.706913
vt 0.625854 0.706163
vt 0.648254 0.700563
vt 0.747954 0.707163
vt 0.768054 0.706913
vt 0.768354 0.707763
vt 0.763154 0.708113
vt 0.780054 0.781563
vt 0.655354 0.786463
vt 0.780054 0.786563
vt 0.657054 0.781563
vt 0.566354 0.786363
vt 0.567554 0.781713
vt 0.469954 0.786463
vt 0.468954 0.781563
vt 0.461854 0.786563
vt 0.461154 0.781713
vt 0.656054 0.641763
vt 0.779654 0.645413
vt 0.776954 0.641613
vt 0.656754 0.645413
vt 0.565354 0.641763
vt 0.567354 0.645313
vt 0.468754 0.641763
vt 0.468554 0.645413
vt 0.461154 0.640063
vt 0.461154 0.645313
vt 0.771254 0.539113
vt 0.869854 0.535813
vt 0.869554 0.539313
vt 0.771254 0.535413
vt 0.758054 0.539113
vt 0.869854 0.532113
vt 0.758254 0.535413
vt 0.742554 0.539113
vt 0.771254 0.531763
vt 0.869854 0.528563
vt 0.742854 0.535413
vt 0.758254 0.531763
vt 0.771554 0.528213
vt 0.870054 0.524913
vt 0.742854 0.531763
vt 0.518554 0.531263
vt 0.758254 0.528113
vt 0.771554 0.524563
vt 0.742554 0.528113
vt 0.517754 0.527613
vt 0.758254 0.524413
vt 0.771754 0.520863
vt 0.771754 0.517213
vt 0.742554 0.524313
vt 0.518054 0.523813
vt 0.758254 0.520763
vt 0.758554 0.516963
vt 0.742854 0.520613
vt 0.519254 0.520163
vt 0.742554 0.516863
vt 0.520254 0.516363
vt 0.869854 0.535813
vt 0.771254 0.539113
vt 0.869554 0.539313
vt 0.771254 0.535413
vt 0.869854 0.532113
vt 0.758054 0.539113
vt 0.771254 0.531763
vt 0.869854 0.528563
vt 0.758254 0.535413
vt 0.742554 0.539113
vt 0.771554 0.528213
vt 0.870054 0.524913
vt 0.758254 0.531763
vt 0.742854 0.535413
vt 0.742854 0.531763
vt 0.518554 0.531263
vt 0.758254 0.528113
vt 0.742554 0.527363
vt 0.517754 0.526863
vt 0.771554 0.524563
vt 0.758254 0.524413
vt 0.742554 0.523563
vt 0.518054 0.523063
vt 0.771754 0.520863
vt 0.771754 0.517213
vt 0.758254 0.520763
vt 0.758554 0.516963
vt 0.742854 0.520613
vt 0.742554 0.516863
vt 0.519254 0.520163
vt 0.520254 0.516363
vt 0.322154 0.541413
vt 0.506254 0.537263
vt 0.506254 0.543513
vt 0.322654 0.537113
vt 0.201554 0.541163
vt 0.506254 0.533113
vt 0.201554 0.537013
vt 0.322654 0.532863
vt 0.506254 0.528813
vt 0.187354 0.541163
vt 0.321854 0.528713
vt 0.506254 0.524563
vt 0.201054 0.532713
vt 0.187354 0.537013
vt 0.321454 0.524413
vt 0.506254 0.520263
vt 0.200554 0.528563
vt 0.321654 0.520163
vt 0.506254 0.516013
vt 0.322154 0.515863
vt 0.200554 0.524313
vt 0.200754 0.520013
vt 0.201254 0.515863
vt 0.185354 0.528563
vt 0.186854 0.520163
vt 0.187754 0.515863
vt 0.186054 0.524413
vt 0.173854 0.519913
vt 0.174354 0.515763
vt 0.160354 0.515513
vt 0.173354 0.524063
vt 0.160854 0.519763
vt 0.001954 0.520163
vt 0.002254 0.515863
vt 0.160354 0.515513
vt 0.161054 0.524163
vt 0.001954 0.524313
vt 0.160854 0.519763
vt 0.173854 0.519913
vt 0.174354 0.515763
vt 0.187754 0.515863
vt 0.161054 0.524163
vt 0.186854 0.520163
vt 0.201254 0.515863
vt 0.173354 0.524063
vt 0.200754 0.520013
vt 0.322154 0.515863
vt 0.186054 0.524413
vt 0.321654 0.520163
vt 0.506254 0.516013
vt 0.506254 0.520263
vt 0.200554 0.524313
vt 0.321454 0.524413
vt 0.506254 0.524563
vt 0.185354 0.528563
vt 0.200554 0.528563
vt 0.321854 0.528713
vt 0.506254 0.528813
vt 0.186354 0.532713
vt 0.322654 0.532863
vt 0.506254 0.533113
vt 0.201054 0.532713
vt 0.322654 0.537113
vt 0.506254 0.537263
vt 0.322154 0.541413
vt 0.506254 0.543513
vt 0.201554 0.541163
vt 0.201554 0.537013
vt 0.187354 0.541163
vt 0.187354 0.537013
vt 0.173854 0.537013
vt 0.173554 0.541313
vt 0.173054 0.532863
vt 0.159854 0.537263
vt 0.160054 0.541513
vt 0.002254 0.541413
vt 0.172854 0.528463
vt 0.160354 0.532863
vt 0.002254 0.537113
vt 0.161054 0.528463
vt 0.001954 0.528563
vt 0.001954 0.532863
vt 0.161054 0.528463
vt 0.160354 0.532863
vt 0.172854 0.528463
vt 0.159854 0.537263
vt 0.160054 0.541513
vt 0.173554 0.541313
vt 0.173054 0.532863
vt 0.173854 0.537013
vt 0.186354 0.532713
vt 0.892654 0.515113
vt 0.901954 0.512563
vt 0.901954 0.514913
vt 0.892654 0.512713
vt 0.878154 0.515113
vt 0.901954 0.510113
vt 0.878454 0.512563
vt 0.584454 0.515013
vt 0.892654 0.510263
vt 0.901954 0.507813
vt 0.584454 0.512563
vt 0.573954 0.514913
vt 0.878654 0.510113
vt 0.892654 0.507913
vt 0.901654 0.505463
vt 0.573954 0.512563
vt 0.564854 0.514913
vt 0.564854 0.512563
vt 0.892354 0.505463
vt 0.901654 0.503013
vt 0.574154 0.510113
vt 0.564854 0.510113
vt 0.584454 0.510113
vt 0.574154 0.507663
vt 0.564854 0.507663
vt 0.584454 0.507813
vt 0.878854 0.507813
vt 0.878654 0.505463
vt 0.584754 0.505363
vt 0.574154 0.505363
vt 0.564854 0.506213
vt 0.892354 0.503013
vt 0.901654 0.500713
vt 0.892354 0.500613
vt 0.878454 0.502913
vt 0.877954 0.500613
vt 0.584254 0.502913
vt 0.584754 0.500613
vt 0.574454 0.502913
vt 0.574454 0.500463
vt 0.564854 0.503763
vt 0.564854 0.500463
vt 0.161054 0.511713
vt 0.169454 0.514013
vt 0.161054 0.514013
vt 0.169454 0.511713
vt 0.161054 0.509263
vt 0.180954 0.514013
vt 0.169454 0.509413
vt 0.161054 0.506963
vt 0.180954 0.511713
vt 0.474854 0.514013
vt 0.169454 0.506963
vt 0.161054 0.504613
vt 0.180954 0.509263
vt 0.474654 0.511713
vt 0.483954 0.514163
vt 0.169454 0.504613
vt 0.161354 0.502313
vt 0.483954 0.511813
vt 0.491754 0.514263
vt 0.491754 0.511813
vt 0.474654 0.509263
vt 0.483954 0.509413
vt 0.491754 0.509413
vt 0.180954 0.506963
vt 0.474654 0.506963
vt 0.483754 0.506963
vt 0.491754 0.506963
vt 0.180954 0.504513
vt 0.474654 0.504513
vt 0.483754 0.504513
vt 0.491754 0.505363
vt 0.169454 0.502313
vt 0.161354 0.499863
vt 0.169454 0.499963
vt 0.180954 0.502163
vt 0.180954 0.499713
vt 0.474654 0.502063
vt 0.474654 0.499613
vt 0.483754 0.502063
vt 0.483754 0.499613
vt 0.491754 0.503013
vt 0.491754 0.499613
vt 0.514554 0.560013
vt 0.478054 0.563763
vt 0.514354 0.563763
vt 0.476854 0.560013
vt 0.514854 0.558913
vt 0.451854 0.563763
vt 0.476354 0.558913
vt 0.451854 0.560013
vt 0.437154 0.560013
vt 0.435454 0.563763
vt 0.451854 0.558913
vt 0.476154 0.555213
vt 0.514554 0.555213
vt 0.452354 0.555213
vt 0.438854 0.555213
vt 0.437654 0.558913
vt 0.420454 0.555213
vt 0.415054 0.555213
vt 0.420254 0.560013
vt 0.417054 0.563763
vt 0.419754 0.558913
vt 0.414854 0.558913
vt 0.711454 0.563763
vt 0.675454 0.560013
vt 0.675654 0.563763
vt 0.712954 0.560013
vt 0.738654 0.563763
vt 0.675154 0.558913
vt 0.738654 0.560013
vt 0.713154 0.558913
vt 0.752854 0.560013
vt 0.757554 0.563763
vt 0.738654 0.558913
vt 0.713454 0.555213
vt 0.675454 0.555213
vt 0.738154 0.555213
vt 0.750154 0.555213
vt 0.751654 0.558913
vt 0.766354 0.555213
vt 0.771554 0.555113
vt 0.767154 0.560013
vt 0.769554 0.563763
vt 0.767854 0.558913
vt 0.772954 0.558913
vt 0.595054 0.543863
vt 0.674154 0.543863
vt 0.595054 0.546663
vt 0.515854 0.543863
vt 0.456454 0.701163
vt 0.390054 0.697613
vt 0.449154 0.697263
vt 0.449154 0.728913
vt 0.456454 0.725463
vt 0.383154 0.725213
vt 0.383454 0.701013
vt 0.391054 0.728913
vt 0.383154 0.725013
vt 0.449554 0.728563
vt 0.390454 0.728913
vt 0.390454 0.697263
vt 0.383154 0.700713
vt 0.456454 0.700963
vt 0.383154 0.725213
vt 0.383454 0.701013
vt 0.390054 0.697613
vt 0.448554 0.697263
vt 0.456454 0.701163
vt 0.390054 0.697613
vt 0.449154 0.697263
vt 0.449154 0.728913
vt 0.456454 0.725463
vt 0.383154 0.725213
vt 0.383454 0.701013
vt 0.391054 0.728913
vt 0.456454 0.701163
vt 0.390054 0.697613
vt 0.449154 0.697263
vt 0.449154 0.728913
vt 0.456454 0.725463
vt 0.383154 0.725213
vt 0.383454 0.701013
vt 0.391054 0.728913
vt 0.169154 0.612413
vt 0.166254 0.600813
vt 0.166254 0.610813
vt 0.208354 0.610813
vt 0.205454 0.612413
vt 0.205454 0.599363
vt 0.169154 0.599363
vt 0.208354 0.600813
vt 0.513154 0.666813
vt 0.550154 0.662763
vt 0.507254 0.662513
vt 0.563154 0.667063
vt 0.566054 0.664613
vt 0.564154 0.660063
vt 0.573654 0.664113
vt 0.574454 0.668863
vt 0.562354 0.668863
vt 0.570954 0.672163
vt 0.513654 0.668763
vt 0.503054 0.668263
vt 0.506554 0.671963
vt 0.550154 0.662763
vt 0.513154 0.666813
vt 0.507254 0.662513
vt 0.563154 0.667063
vt 0.566054 0.664613
vt 0.564154 0.660063
vt 0.573654 0.664113
vt 0.574454 0.668863
vt 0.562354 0.668863
vt 0.570954 0.672163
vt 0.513654 0.668763
vt 0.503054 0.668263
vt 0.506554 0.671963
vt 0.627154 0.736613
vt 0.535654 0.735763
vt 0.627154 0.735613
vt 0.717054 0.735763
vt 0.536154 0.736863
vt 0.716654 0.736863
vt 0.532754 0.737313
vt 0.720054 0.737313
vt 0.534254 0.737813
vt 0.718554 0.737813
vt 0.534954 0.760813
vt 0.717854 0.760813
vt 0.533254 0.761763
vt 0.719554 0.761763
vt 0.536454 0.762613
vt 0.716354 0.762613
vt 0.537154 0.761413
vt 0.715654 0.761413
vt 0.627154 0.761663
vt 0.627154 0.762863
vt 0.530254 0.762363
vt 0.529754 0.737213
vt 0.526154 0.733913
vt 0.531954 0.732913
vt 0.535454 0.732463
vt 0.627154 0.731963
vt 0.627154 0.730363
vt 0.717354 0.732563
vt 0.720554 0.732913
vt 0.722954 0.737313
vt 0.726854 0.738163
vt 0.722454 0.762363
vt 0.157154 0.579313
vt 0.160854 0.592013
vt 0.156454 0.592863
vt 0.161354 0.580263
vt 0.164954 0.575613
vt 0.166454 0.594563
vt 0.164754 0.596763
vt 0.171654 0.587713
vt 0.166754 0.577963
vt 0.208654 0.575613
vt 0.171654 0.584813
vt 0.201754 0.584813
vt 0.206654 0.577963
vt 0.215954 0.579063
vt 0.202054 0.587613
vt 0.211854 0.580013
vt 0.217954 0.592113
vt 0.207654 0.594213
vt 0.209854 0.596313
vt 0.213254 0.591513
vt 0.160854 0.592013
vt 0.157154 0.579313
vt 0.156454 0.592863
vt 0.161354 0.580263
vt 0.164954 0.575613
vt 0.166454 0.594563
vt 0.164754 0.596763
vt 0.171654 0.587713
vt 0.166754 0.577963
vt 0.208654 0.575613
vt 0.171654 0.584813
vt 0.206654 0.577963
vt 0.215954 0.579063
vt 0.201754 0.584813
vt 0.211854 0.580013
vt 0.217954 0.592113
vt 0.202054 0.587613
vt 0.213254 0.591513
vt 0.209854 0.596313
vt 0.207654 0.594213
vt 0.012058 0.626828
vt 0.044233 0.600548
vt 0.011608 0.600683
vt 0.044233 0.626828
vt 0.044458 0.638078
vt 0.012058 0.638168
vt 0.044233 0.646853
vt 0.012328 0.646853
vt 0.012553 0.557663
vt 0.043738 0.549248
vt 0.012778 0.549113
vt 0.043738 0.557663
vt 0.012553 0.567923
vt 0.043243 0.567923
vt 0.043513 0.594203
vt 0.012553 0.594338
vt 0.308168 0.983233
vt 0.245528 0.991693
vt 0.317843 0.991783
vt 0.317348 0.974953
vt 0.253043 0.983233
vt 0.244583 0.975178
vt 0.168893 0.991288
vt 0.236348 0.983233
vt 0.245753 0.991693
vt 0.245303 0.975043
vt 0.176363 0.983098
vt 0.168173 0.975043
vt 0.391068 0.728713
vt 0.383328 0.725068
vt 0.420588 0.713683
vt 0.383328 0.702478
vt 0.448398 0.728848
vt 0.390123 0.698068
vt 0.454698 0.724573
vt 0.447408 0.698068
vt 0.454923 0.701983
vt 0.339398 0.714088
vt 0.376883 0.725563
vt 0.368918 0.729208
vt 0.376883 0.702703
vt 0.311138 0.729478
vt 0.370133 0.698293
vt 0.304838 0.725068
vt 0.312353 0.698293
vt 0.304613 0.702208
vt 0.457728 0.741870
vt 0.458525 0.741769
vt 0.457761 0.741870
vt 0.458525 0.741769
vt 0.458654 0.741759
vt 0.458654 0.741759
vt 0.463548 0.741647
vt 0.463548 0.741647
vt 0.468443 0.741759
vt 0.468443 0.741759
vt 0.468572 0.741769
vt 0.468572 0.741769
vt 0.469368 0.741870
vt 0.469335 0.741870
vt 0.458038 0.737007
vt 0.457962 0.737113
vt 0.458071 0.737042
vt 0.457929 0.737078
vt 0.457944 0.737226
vt 0.457911 0.737191
vt 0.457941 0.737429
vt 0.457908 0.737394
vt 0.457867 0.738828
vt 0.457834 0.738828
vt 0.457797 0.740385
vt 0.457764 0.740385
vt 0.457761 0.741460
vt 0.457728 0.741460
vt 0.458602 0.736988
vt 0.458602 0.737023
vt 0.458677 0.736986
vt 0.458677 0.737021
vt 0.459003 0.736898
vt 0.459003 0.736933
vt 0.459142 0.736895
vt 0.459141 0.736930
vt 0.463548 0.736821
vt 0.463548 0.736856
vt 0.467955 0.736930
vt 0.467955 0.736895
vt 0.468093 0.736933
vt 0.468093 0.736898
vt 0.468420 0.737021
vt 0.468420 0.736986
vt 0.468494 0.737023
vt 0.468494 0.736988
vt 0.469025 0.737042
vt 0.469058 0.737007
vt 0.469134 0.737113
vt 0.469167 0.737078
vt 0.469152 0.737226
vt 0.469185 0.737191
vt 0.469155 0.737429
vt 0.469188 0.737394
vt 0.469229 0.738828
vt 0.469262 0.738828
vt 0.469299 0.740385
vt 0.469332 0.740385
vt 0.469335 0.741460
vt 0.469368 0.741460
vt 0.315316 0.407675
vt 0.323056 0.415936
vt 0.331689 0.408568
vt 0.311149 0.410726
vt 0.311149 0.423378
vt 0.300135 0.417796
vt 0.290906 0.435211
vt 0.278404 0.429108
vt 0.290906 0.435211
vt 0.275724 0.437592
vt 0.267985 0.432681
vt 0.275724 0.437592
vt 0.266794 0.440979
vt 0.257863 0.436997
vt 0.266794 0.441053
vt 0.259649 0.440495
vt 0.255482 0.439155
vt 0.028647 0.335115
vt 0.030972 0.337794
vt 0.039140 0.337199
vt 0.162009 0.485380
vt 0.204578 0.486720
vt 0.159181 0.493976
vt 0.003171 0.315319
vt 0.014265 0.290313
vt 0.025484 0.315319
vt 0.039140 0.337199
vt 0.030972 0.337794
vt 0.028647 0.335115
vt 0.159181 0.493976
vt 0.204578 0.486720
vt 0.162009 0.485380
vt 0.124501 0.379470
vt 0.132985 0.391824
vt 0.131497 0.402838
vt 0.040740 0.403061
vt 0.031103 0.396810
vt 0.043159 0.381926
vt 0.249379 0.381479
vt 0.261733 0.395991
vt 0.252505 0.402540
vt 0.162307 0.403061
vt 0.160372 0.392121
vt 0.167963 0.379842
vt 0.052644 0.276918
vt 0.051305 0.272899
vt 0.049965 0.276918
vt 0.052644 0.276918
vt 0.051305 0.272899
vt 0.049965 0.276918
vt 0.441534 0.313086
vt 0.474577 0.313086
vt 0.457907 0.314426
vt 0.474577 0.315765
vt 0.441534 0.315765
vt 0.019884 0.471417
vt 0.028777 0.472645
vt 0.020851 0.472570
vt 0.109840 0.472887
vt 0.116315 0.470375
vt 0.116910 0.472031
vt 0.315019 0.407824
vt 0.337047 0.342408
vt 0.320079 0.342855
vt 0.331391 0.408717
vt 0.367113 0.259205
vt 0.432902 0.251466
vt 0.432604 0.259205
vt 0.366220 0.251763
vt 0.337047 0.342408
vt 0.315019 0.407824
vt 0.320079 0.342855
vt 0.302516 0.291802
vt 0.329605 0.279746
vt 0.329605 0.291951
vt 0.302516 0.280043
vt 0.302516 0.291802
vt 0.329308 0.293588
vt 0.329605 0.291951
vt 0.302516 0.293439
vt 0.367113 0.259205
vt 0.432902 0.251466
vt 0.366220 0.251763
vt 0.432604 0.259205
vt 0.379616 0.389740
vt 0.362648 0.393386
vt 0.379318 0.395098
vt 0.359374 0.388475
vt 0.169302 0.324398
vt 0.197434 0.352529
vt 0.169898 0.352678
vt 0.196987 0.324100
vt 0.043267 0.263522
vt 0.055584 0.262778
vt 0.044384 0.262926
vt 0.056700 0.263522
vt 0.055361 0.258163
vt 0.058263 0.258461
vt 0.056440 0.256824
vt 0.051677 0.258163
vt 0.049854 0.256973
vt 0.044495 0.258312
vt 0.043379 0.256973
vt 0.048142 0.258312
vt 0.041556 0.258461
vt 0.010355 0.259503
vt 0.024737 0.277364
vt 0.021574 0.259503
vt 0.013527 0.277364
vt 0.035118 0.257866
vt 0.026448 0.277513
vt 0.036197 0.276918
vt 0.025351 0.258461
vt 0.020829 0.257270
vt 0.010959 0.257270
vt 0.037909 0.276769
vt 0.038988 0.258759
vt 0.043267 0.263522
vt 0.055584 0.262778
vt 0.044384 0.262926
vt 0.056700 0.263522
vt 0.055361 0.258163
vt 0.058263 0.258461
vt 0.056440 0.256824
vt 0.051677 0.258163
vt 0.049854 0.256973
vt 0.044495 0.258312
vt 0.043379 0.256973
vt 0.048142 0.258312
vt 0.041556 0.258461
vt 0.446595 0.307728
vt 0.460288 0.309365
vt 0.460288 0.306984
vt 0.446595 0.308621
vt 0.468921 0.308770
vt 0.455228 0.306984
vt 0.455228 0.309514
vt 0.468921 0.307728
vt 0.455228 0.306388
vt 0.460288 0.309812
vt 0.455228 0.309812
vt 0.460288 0.306388
vt 0.459098 0.306984
vt 0.457014 0.273941
vt 0.459098 0.273941
vt 0.457014 0.306984
vt 0.460288 0.306388
vt 0.455228 0.309812
vt 0.460288 0.309812
vt 0.455228 0.306388
vt 0.457014 0.306984
vt 0.459098 0.273941
vt 0.457014 0.273941
vt 0.459098 0.306984
vt 0.023047 0.488366
vt 0.028293 0.486961
vt 0.024870 0.489892
vt 0.026098 0.485808
vt 0.314721 0.407824
vt 0.337345 0.342110
vt 0.320079 0.342706
vt 0.331391 0.408494
vt 0.315316 0.407750
vt 0.336750 0.341961
vt 0.331391 0.408568
vt 0.320079 0.342855
vt 0.138046 0.458914
vt 0.161265 0.462561
vt 0.138343 0.464831
vt 0.160967 0.457388
vt 0.203834 0.461072
vt 0.201155 0.455677
vt 0.256077 0.460068
vt 0.251910 0.452886
vt 0.279297 0.458988
vt 0.257863 0.448979
vt 0.279892 0.443807
vt 0.260543 0.443546
vt 0.495415 0.265010
vt 0.476661 0.259056
vt 0.499880 0.259056
vt 0.472791 0.265010
vt 0.450167 0.259056
vt 0.450167 0.263224
vt 0.439153 0.266796
vt 0.435283 0.266945
vt 0.447488 0.276173
vt 0.363541 0.267094
vt 0.436771 0.280043
vt 0.449572 0.285848
vt 0.445404 0.295225
vt 0.348657 0.263522
vt 0.350145 0.259801
vt 0.358481 0.266945
vt 0.326926 0.266647
vt 0.351634 0.276173
vt 0.323652 0.259503
vt 0.304302 0.266201
vt 0.300432 0.259205
vt 0.363541 0.280192
vt 0.350145 0.285997
vt 0.355801 0.295374
vt 0.366518 0.294630
vt 0.362648 0.306984
vt 0.434688 0.294630
vt 0.439153 0.306835
vt 0.372769 0.305346
vt 0.375449 0.313681
vt 0.428734 0.305197
vt 0.425162 0.313681
vt 0.378723 0.307877
vt 0.422185 0.307579
vt 0.388249 0.309365
vt 0.412957 0.309365
vt 0.387356 0.314277
vt 0.413850 0.314277
vt 0.412361 0.320677
vt 0.427246 0.320528
vt 0.388249 0.320677
vt 0.416529 0.329459
vt 0.434092 0.319784
vt 0.437069 0.317105
vt 0.446297 0.326333
vt 0.433199 0.329756
vt 0.439748 0.328268
vt 0.454632 0.337199
vt 0.446000 0.338389
vt 0.438558 0.339282
vt 0.445702 0.349850
vt 0.455228 0.351041
vt 0.437962 0.349701
vt 0.421590 0.338836
vt 0.420399 0.352083
vt 0.436771 0.359078
vt 0.441832 0.358929
vt 0.446595 0.358929
vt 0.444809 0.360864
vt 0.440641 0.361460
vt 0.455823 0.369795
vt 0.444214 0.372474
vt 0.461777 0.383116
vt 0.436474 0.361757
vt 0.447190 0.383042
vt 0.457907 0.391824
vt 0.439153 0.373367
vt 0.415041 0.359674
vt 0.419804 0.373814
vt 0.379616 0.352232
vt 0.414743 0.361906
vt 0.385272 0.359674
vt 0.385570 0.361757
vt 0.378723 0.338985
vt 0.364434 0.349850
vt 0.383784 0.329608
vt 0.373365 0.320826
vt 0.366816 0.330054
vt 0.366220 0.320379
vt 0.363244 0.317551
vt 0.353122 0.327226
vt 0.359969 0.329012
vt 0.344787 0.337943
vt 0.361755 0.339729
vt 0.353420 0.338836
vt 0.355801 0.349552
vt 0.346871 0.349850
vt 0.362946 0.358483
vt 0.357885 0.358036
vt 0.352527 0.357441
vt 0.353122 0.361162
vt 0.358183 0.361162
vt 0.342108 0.369497
vt 0.363839 0.361460
vt 0.353718 0.372474
vt 0.336154 0.384233
vt 0.379914 0.373814
vt 0.359969 0.373218
vt 0.350443 0.383414
vt 0.340917 0.392344
vt 0.379914 0.383414
vt 0.352825 0.389219
vt 0.357885 0.383563
vt 0.351634 0.399935
vt 0.359374 0.388475
vt 0.356992 0.395768
vt 0.379914 0.403284
vt 0.362648 0.393386
vt 0.379616 0.389740
vt 0.379914 0.398447
vt 0.379318 0.395098
vt 0.419506 0.389814
vt 0.419506 0.383563
vt 0.419804 0.395172
vt 0.440939 0.383637
vt 0.440046 0.388698
vt 0.445702 0.389219
vt 0.444214 0.399935
vt 0.436474 0.393386
vt 0.439748 0.395545
vt 0.416529 0.403359
vt 0.418017 0.398521
vt 0.387356 0.407303
vt 0.366220 0.409089
vt 0.356694 0.406633
vt 0.411766 0.407378
vt 0.363244 0.413257
vt 0.351336 0.412289
vt 0.387356 0.417127
vt 0.363244 0.417052
vt 0.348955 0.418169
vt 0.411766 0.417201
vt 0.432902 0.409387
vt 0.439748 0.406708
vt 0.436176 0.413480
vt 0.436474 0.417201
vt 0.445702 0.411992
vt 0.449572 0.417796
vt 0.320079 0.342557
vt 0.327224 0.334073
vt 0.336750 0.341813
vt 0.315912 0.339282
vt 0.316209 0.326928
vt 0.304004 0.332584
vt 0.294479 0.315021
vt 0.281976 0.320975
vt 0.294181 0.315021
vt 0.280785 0.312342
vt 0.272450 0.317700
vt 0.280785 0.312342
vt 0.264710 0.306984
vt 0.259352 0.309365
vt 0.331391 0.408717
vt 0.309958 0.411099
vt 0.322461 0.416457
vt 0.299241 0.418169
vt 0.310851 0.424197
vt 0.277511 0.429183
vt 0.292097 0.434616
vt 0.290013 0.435658
vt 0.266794 0.432457
vt 0.280190 0.437295
vt 0.276022 0.437630
vt 0.258161 0.436848
vt 0.268282 0.440867
vt 0.266496 0.441239
vt 0.256077 0.438858
vt 0.263519 0.441425
vt 0.252505 0.439788
vt 0.260245 0.442020
vt 0.249528 0.441053
vt 0.254589 0.443025
vt 0.200708 0.442653
vt 0.201601 0.445332
vt 0.192968 0.442690
vt 0.193117 0.445742
vt 0.185824 0.443137
vt 0.186122 0.446114
vt 0.128371 0.444030
vt 0.128817 0.446895
vt 0.120929 0.444476
vt 0.120482 0.447156
vt 0.115496 0.444588
vt 0.114603 0.447453
vt 0.108277 0.444588
vt 0.105970 0.447565
vt 0.074639 0.443025
vt 0.072034 0.446300
vt 0.067792 0.442951
vt 0.065262 0.446225
vt 0.060722 0.441797
vt 0.058155 0.446300
vt 0.057783 0.446300
vt 0.031103 0.340473
vt 0.039624 0.340324
vt 0.029633 0.347915
vt 0.045354 0.337943
vt 0.037912 0.337347
vt 0.052201 0.337794
vt 0.038284 0.347915
vt 0.029149 0.378353
vt 0.053057 0.347766
vt 0.107086 0.337050
vt 0.037801 0.378279
vt 0.107756 0.347171
vt 0.114231 0.336901
vt 0.054248 0.378056
vt 0.038284 0.347915
vt 0.029633 0.347915
vt 0.145041 0.346576
vt 0.039624 0.340324
vt 0.145190 0.339133
vt 0.118622 0.335710
vt 0.146530 0.336008
vt 0.122194 0.332733
vt 0.031103 0.340473
vt 0.037912 0.337347
vt 0.045354 0.337943
vt 0.052201 0.337794
vt 0.053057 0.347766
vt 0.107086 0.337050
vt 0.107756 0.347171
vt 0.114231 0.336901
vt 0.109096 0.377609
vt 0.146083 0.377163
vt 0.145041 0.346576
vt 0.145190 0.339133
vt 0.118622 0.335710
vt 0.146530 0.336008
vt 0.122194 0.332733
vt 0.348657 0.277364
vt 0.342406 0.268285
vt 0.347764 0.268285
vt 0.343596 0.277513
vt 0.330201 0.268582
vt 0.331391 0.277662
vt 0.308470 0.269029
vt 0.310553 0.278108
vt 0.299539 0.269922
vt 0.302516 0.278704
vt 0.291204 0.270517
vt 0.293883 0.279746
vt 0.286143 0.270666
vt 0.285548 0.280639
vt 0.273938 0.499463
vt 0.275427 0.490683
vt 0.267985 0.499280
vt 0.287334 0.499768
vt 0.302814 0.491538
vt 0.310553 0.500073
vt 0.138343 0.464831
vt 0.161265 0.462561
vt 0.139088 0.493306
vt 0.304302 0.266201
vt 0.323652 0.259503
vt 0.300432 0.259205
vt 0.326926 0.266647
vt 0.350145 0.259801
vt 0.348657 0.263522
vt 0.363541 0.267094
vt 0.358481 0.266945
vt 0.351634 0.276173
vt 0.363541 0.280192
vt 0.350145 0.285997
vt 0.355801 0.295374
vt 0.435283 0.266945
vt 0.366518 0.295672
vt 0.362648 0.306984
vt 0.436771 0.280043
vt 0.372769 0.305346
vt 0.439153 0.266796
vt 0.375449 0.313681
vt 0.450167 0.263224
vt 0.447488 0.276173
vt 0.450167 0.259056
vt 0.472791 0.265010
vt 0.449572 0.285848
vt 0.476661 0.259056
vt 0.495415 0.265010
vt 0.499880 0.259056
vt 0.445404 0.295225
vt 0.434688 0.294630
vt 0.439153 0.306835
vt 0.428734 0.305197
vt 0.425162 0.313681
vt 0.378723 0.307877
vt 0.422185 0.307579
vt 0.412957 0.309365
vt 0.388249 0.309365
vt 0.387356 0.314277
vt 0.413850 0.314277
vt 0.412361 0.320677
vt 0.427246 0.320528
vt 0.388249 0.320677
vt 0.416529 0.329459
vt 0.434092 0.319784
vt 0.437069 0.317105
vt 0.446297 0.326333
vt 0.433199 0.329756
vt 0.439748 0.328268
vt 0.454632 0.337199
vt 0.446000 0.338389
vt 0.421590 0.338836
vt 0.445702 0.349850
vt 0.455228 0.351041
vt 0.438558 0.339282
vt 0.437962 0.349701
vt 0.441832 0.358929
vt 0.446595 0.358929
vt 0.444809 0.360864
vt 0.436771 0.359078
vt 0.420399 0.352083
vt 0.440641 0.361460
vt 0.455823 0.369795
vt 0.444214 0.372474
vt 0.461777 0.383116
vt 0.436474 0.361757
vt 0.447190 0.383042
vt 0.457907 0.391824
vt 0.439153 0.373367
vt 0.415041 0.359674
vt 0.445702 0.389219
vt 0.444214 0.399935
vt 0.440939 0.383637
vt 0.419804 0.373814
vt 0.439748 0.395545
vt 0.416529 0.403359
vt 0.440046 0.388698
vt 0.436474 0.393386
vt 0.419506 0.383563
vt 0.419506 0.389814
vt 0.419804 0.395172
vt 0.418017 0.398521
vt 0.379914 0.398447
vt 0.379914 0.383414
vt 0.379914 0.373814
vt 0.357885 0.383563
vt 0.385570 0.361757
vt 0.359969 0.373218
vt 0.352825 0.389219
vt 0.350443 0.383414
vt 0.363839 0.361460
vt 0.353718 0.372474
vt 0.340917 0.392344
vt 0.336154 0.384233
vt 0.351634 0.399935
vt 0.342108 0.369497
vt 0.356992 0.395768
vt 0.379914 0.403284
vt 0.358183 0.361162
vt 0.353122 0.361162
vt 0.357885 0.358036
vt 0.352527 0.357441
vt 0.346871 0.349850
vt 0.362946 0.358483
vt 0.355801 0.349552
vt 0.344787 0.337943
vt 0.385272 0.359674
vt 0.364434 0.349850
vt 0.353420 0.338836
vt 0.359969 0.329012
vt 0.353122 0.327226
vt 0.361755 0.339729
vt 0.366220 0.320379
vt 0.363244 0.317551
vt 0.366816 0.330054
vt 0.373365 0.320826
vt 0.383784 0.329608
vt 0.378723 0.338985
vt 0.379616 0.352232
vt 0.414743 0.361906
vt 0.229435 0.301923
vt 0.224672 0.302965
vt 0.227500 0.304156
vt 0.226011 0.302518
vt 0.196243 0.302667
vt 0.196541 0.302072
vt 0.166326 0.302369
vt 0.168112 0.303263
vt 0.163349 0.301625
vt 0.165284 0.303560
vt 0.166623 0.309812
vt 0.169302 0.310556
vt 0.196243 0.311002
vt 0.223034 0.310556
vt 0.226160 0.309960
vt 0.333177 0.311598
vt 0.339726 0.320826
vt 0.333177 0.320826
vt 0.339726 0.311598
vt 0.346276 0.320826
vt 0.346276 0.311598
vt 0.339726 0.311598
vt 0.339726 0.320826
vt 0.346276 0.311598
vt 0.346276 0.320826
vt 0.333177 0.320826
vt 0.339726 0.311598
vt 0.333177 0.311598
vt 0.339726 0.320826
vt 0.346276 0.311598
vt 0.346276 0.320826
vt 0.339726 0.311598
vt 0.339726 0.320826
vt 0.333177 0.311598
vt 0.333177 0.320826
vt 0.333177 0.311598
vt 0.339726 0.320826
vt 0.333177 0.320826
vt 0.339726 0.311598
vt 0.346276 0.320826
vt 0.346276 0.311598
vt 0.339726 0.311598
vt 0.339726 0.320826
vt 0.346276 0.311598
vt 0.346276 0.320826
vt 0.333177 0.320826
vt 0.339726 0.311598
vt 0.333177 0.311598
vt 0.339726 0.320826
vt 0.346276 0.311598
vt 0.346276 0.320826
vt 0.339726 0.311598
vt 0.339726 0.320826
vt 0.333177 0.311598
vt 0.333177 0.320826
vt 0.047550 0.440458
vt 0.037428 0.457202
vt 0.047326 0.456719
vt 0.037689 0.440011
vt 0.027549 0.456793
vt 0.027809 0.440495
vt 0.017800 0.456309
vt 0.018042 0.440941
vt 0.008051 0.456719
vt 0.008293 0.440458
vt 0.047550 0.440458
vt 0.037428 0.457202
vt 0.047326 0.456719
vt 0.037689 0.440011
vt 0.027549 0.456793
vt 0.027809 0.440495
vt 0.017800 0.456309
vt 0.018042 0.440941
vt 0.008051 0.456719
vt 0.008293 0.440458
vt 0.047550 0.440458
vt 0.037428 0.457202
vt 0.047326 0.456719
vt 0.037689 0.440011
vt 0.027549 0.456793
vt 0.027809 0.440495
vt 0.017800 0.456309
vt 0.018042 0.440941
vt 0.008051 0.456719
vt 0.008293 0.440458
vt 0.047550 0.440458
vt 0.037428 0.457202
vt 0.047326 0.456719
vt 0.037689 0.440011
vt 0.027549 0.456793
vt 0.027809 0.440495
vt 0.017800 0.456309
vt 0.018042 0.440941
vt 0.008051 0.456719
vt 0.008293 0.440458
vt 0.047550 0.440458
vt 0.037428 0.457202
vt 0.047326 0.456719
vt 0.037689 0.440011
vt 0.027549 0.456793
vt 0.027809 0.440495
vt 0.017800 0.456309
vt 0.018042 0.440941
vt 0.008051 0.456719
vt 0.008293 0.440458
vt 0.047922 0.440569
vt 0.037801 0.457388
vt 0.047922 0.456905
vt 0.037912 0.440086
vt 0.027809 0.456905
vt 0.027921 0.440495
vt 0.018042 0.456421
vt 0.018042 0.440979
vt 0.047922 0.440569
vt 0.037801 0.457388
vt 0.047922 0.456905
vt 0.037912 0.440086
vt 0.027809 0.456905
vt 0.027921 0.440495
vt 0.018042 0.456421
vt 0.018042 0.440979
vt 0.047922 0.440569
vt 0.037801 0.457388
vt 0.047922 0.456905
vt 0.037912 0.440086
vt 0.027809 0.456905
vt 0.027921 0.440495
vt 0.018042 0.456421
vt 0.018042 0.440979
vt 0.047550 0.440458
vt 0.037428 0.457202
vt 0.047326 0.456719
vt 0.037689 0.440011
vt 0.027549 0.456793
vt 0.027809 0.440495
vt 0.017800 0.456309
vt 0.018042 0.440941
vt 0.008051 0.456719
vt 0.008293 0.440458
vt 0.047550 0.440458
vt 0.037428 0.457202
vt 0.047326 0.456719
vt 0.037689 0.440011
vt 0.027549 0.456793
vt 0.027809 0.440495
vt 0.017800 0.456309
vt 0.018042 0.440941
vt 0.008051 0.456719
vt 0.008293 0.440458
vt 0.047550 0.440458
vt 0.037428 0.457202
vt 0.047326 0.456719
vt 0.037689 0.440011
vt 0.027549 0.456793
vt 0.027809 0.440495
vt 0.017800 0.456309
vt 0.018042 0.440941
vt 0.008051 0.456719
vt 0.008293 0.440458
vt 0.047550 0.440458
vt 0.037428 0.457202
vt 0.047326 0.456719
vt 0.037689 0.440011
vt 0.027549 0.456793
vt 0.027809 0.440495
vt 0.017800 0.456309
vt 0.018042 0.440941
vt 0.008051 0.456719
vt 0.008293 0.440458
vt 0.047550 0.440458
vt 0.037428 0.457202
vt 0.047326 0.456719
vt 0.037689 0.440011
vt 0.027549 0.456793
vt 0.027809 0.440495
vt 0.017800 0.456309
vt 0.018042 0.440941
vt 0.008051 0.456719
vt 0.008293 0.440458
vt 0.047550 0.440458
vt 0.037428 0.457202
vt 0.047326 0.456719
vt 0.037689 0.440011
vt 0.027549 0.456793
vt 0.027809 0.440495
vt 0.017800 0.456309
vt 0.018042 0.440941
vt 0.008051 0.456719
vt 0.008293 0.440458
vt 0.047550 0.440458
vt 0.037428 0.457202
vt 0.047326 0.456719
vt 0.037689 0.440011
vt 0.027549 0.456793
vt 0.027809 0.440495
vt 0.017800 0.456309
vt 0.018042 0.440941
vt 0.008051 0.456719
vt 0.008293 0.440458
vt 0.047550 0.440458
vt 0.037428 0.457202
vt 0.047326 0.456719
vt 0.037689 0.440011
vt 0.027549 0.456793
vt 0.027809 0.440495
vt 0.017800 0.456309
vt 0.018042 0.440941
vt 0.008051 0.456719
vt 0.008293 0.440458
vt 0.047922 0.440569
vt 0.037801 0.457388
vt 0.047922 0.456905
vt 0.037912 0.440086
vt 0.027809 0.456905
vt 0.027921 0.440495
vt 0.018042 0.456421
vt 0.018042 0.440979
vt 0.047922 0.440569
vt 0.037801 0.457388
vt 0.047922 0.456905
vt 0.037912 0.440086
vt 0.027809 0.456905
vt 0.027921 0.440495
vt 0.018042 0.456421
vt 0.018042 0.440979
vt 0.047922 0.440569
vt 0.037801 0.457388
vt 0.047922 0.456905
vt 0.037912 0.440086
vt 0.027809 0.456905
vt 0.027921 0.440495
vt 0.018042 0.456421
vt 0.018042 0.440979
vt 0.047550 0.440458
vt 0.037428 0.457202
vt 0.047326 0.456719
vt 0.037689 0.440011
vt 0.027549 0.456793
vt 0.027809 0.440495
vt 0.017800 0.456309
vt 0.018042 0.440941
vt 0.008051 0.456719
vt 0.008293 0.440458
vt 0.047550 0.440458
vt 0.037428 0.457202
vt 0.047326 0.456719
vt 0.037689 0.440011
vt 0.027549 0.456793
vt 0.027809 0.440495
vt 0.017800 0.456309
vt 0.018042 0.440941
vt 0.008051 0.456719
vt 0.008293 0.440458
vt 0.047550 0.440458
vt 0.037428 0.457202
vt 0.047326 0.456719
vt 0.037689 0.440011
vt 0.027549 0.456793
vt 0.027809 0.440495
vt 0.017800 0.456309
vt 0.018042 0.440941
vt 0.008051 0.456719
vt 0.008293 0.440458
vt 0.047550 0.440458
vt 0.037428 0.457202
vt 0.047326 0.456719
vt 0.037689 0.440011
vt 0.027549 0.456793
vt 0.027809 0.440495
vt 0.017800 0.456309
vt 0.018042 0.440941
vt 0.008051 0.456719
vt 0.008293 0.440458
vt 0.047550 0.440458
vt 0.037428 0.457202
vt 0.047326 0.456719
vt 0.037689 0.440011
vt 0.027549 0.456793
vt 0.027809 0.440495
vt 0.017800 0.456309
vt 0.018042 0.440941
vt 0.008051 0.456719
vt 0.008293 0.440458
vt 0.123161 0.465203
vt 0.117654 0.461072
vt 0.123980 0.459398
vt 0.111552 0.463677
vt 0.109468 0.460440
vt 0.099496 0.461668
vt 0.098007 0.458877
vt 0.084835 0.457537
vt 0.080816 0.455081
vt 0.083644 0.460514
vt 0.097561 0.467398
vt 0.108277 0.469463
vt 0.103291 0.472031
vt 0.084835 0.470691
vt 0.079030 0.464086
vt 0.059643 0.463863
vt 0.053764 0.470635
vt 0.055103 0.460328
vt 0.041224 0.467324
vt 0.035605 0.471975
vt 0.030489 0.469352
vt 0.027307 0.463565
vt 0.039252 0.461593
vt 0.054248 0.457351
vt 0.040740 0.458914
vt 0.058266 0.454970
vt 0.029503 0.460737
vt 0.021335 0.460812
vt 0.015484 0.465314
vt 0.014144 0.458914
vt 0.492736 0.275131
vt 0.498690 0.276769
vt 0.498690 0.274685
vt 0.492736 0.277364
vt 0.492736 0.276769
vt 0.498690 0.294183
vt 0.492736 0.294183
vt 0.498690 0.337496
vt 0.492736 0.337496
vt 0.492736 0.337347
vt 0.498690 0.340027
vt 0.492736 0.341515
vt 0.492736 0.340920
vt 0.498690 0.341813
vt 0.492736 0.342855
vt 0.498690 0.343896
vt 0.492736 0.344938
vt 0.498690 0.370986
vt 0.492736 0.372028
vt 0.498690 0.373218
vt 0.492736 0.374260
vt 0.498690 0.376046
vt 0.492736 0.375674
vt 0.498690 0.378428
vt 0.492736 0.378056
vt 0.498690 0.413852
vt 0.492736 0.413480
vt 0.498690 0.416085
vt 0.492736 0.415638
vt 0.498690 0.418317
vt 0.492736 0.417871
vt 0.498690 0.454598
vt 0.492736 0.454226
vt 0.498690 0.456979
vt 0.492736 0.456607
vt 0.310553 0.410801
vt 0.322461 0.416382
vt 0.298944 0.418169
vt 0.310851 0.423973
vt 0.277511 0.429183
vt 0.291502 0.435137
vt 0.290906 0.435285
vt 0.267092 0.432681
vt 0.276022 0.437592
vt 0.275724 0.437592
vt 0.257863 0.436699
vt 0.268580 0.440941
vt 0.266496 0.441165
vt 0.255482 0.438932
vt 0.258756 0.440383
vt 0.253100 0.439825
vt 0.255184 0.441723
vt 0.249231 0.440979
vt 0.249528 0.442579
vt 0.201601 0.442690
vt 0.202345 0.445444
vt 0.193564 0.442653
vt 0.193564 0.445742
vt 0.186122 0.442951
vt 0.186419 0.445928
vt 0.128520 0.443918
vt 0.128817 0.446783
vt 0.121078 0.444402
vt 0.120259 0.447267
vt 0.115570 0.444700
vt 0.114529 0.447528
vt 0.108426 0.444551
vt 0.106342 0.447565
vt 0.074639 0.443062
vt 0.072183 0.446300
vt 0.067941 0.442951
vt 0.492736 0.337347
vt 0.498690 0.340027
vt 0.492736 0.341515
vt 0.498690 0.337496
vt 0.492736 0.294183
vt 0.492736 0.337496
vt 0.498690 0.294183
vt 0.492736 0.276769
vt 0.498690 0.276769
vt 0.492736 0.275131
vt 0.498690 0.274685
vt 0.492736 0.277364
vt 0.498690 0.341813
vt 0.492736 0.340920
vt 0.492736 0.342855
vt 0.498690 0.343896
vt 0.492736 0.344938
vt 0.498690 0.370986
vt 0.492736 0.372028
vt 0.498690 0.373218
vt 0.492736 0.374260
vt 0.498690 0.376046
vt 0.492736 0.375674
vt 0.498690 0.378428
vt 0.492736 0.378056
vt 0.498690 0.413852
vt 0.492736 0.413480
vt 0.498690 0.416085
vt 0.492736 0.415638
vt 0.498690 0.418317
vt 0.492736 0.417871
vt 0.498690 0.454598
vt 0.492736 0.454226
vt 0.498690 0.456979
vt 0.492736 0.456607
vt 0.149804 0.253996
vt 0.149953 0.250424
vt 0.281380 0.250424
vt 0.281976 0.254145
vt 0.149804 0.261289
vt 0.282869 0.261736
vt 0.150251 0.276471
vt 0.283167 0.276918
vt 0.327224 0.334073
vt 0.320079 0.342557
vt 0.336750 0.341813
vt 0.315912 0.339282
vt 0.316209 0.326928
vt 0.304004 0.332584
vt 0.294479 0.315021
vt 0.294181 0.315021
vt 0.281976 0.320975
vt 0.280785 0.312342
vt 0.272450 0.317700
vt 0.280785 0.312342
vt 0.264710 0.306984
vt 0.259352 0.309365
vt 0.309958 0.411099
vt 0.322461 0.416457
vt 0.299241 0.418169
vt 0.310851 0.424197
vt 0.277511 0.429183
vt 0.292097 0.434616
vt 0.290311 0.435434
vt 0.266794 0.432457
vt 0.280190 0.437295
vt 0.258161 0.436848
vt 0.268282 0.440867
vt 0.256077 0.438858
vt 0.263519 0.441425
vt 0.252505 0.439788
vt 0.260245 0.442020
vt 0.249528 0.441053
vt 0.254589 0.443025
vt 0.200708 0.442653
vt 0.201601 0.445332
vt 0.192968 0.442690
vt 0.193117 0.445742
vt 0.185824 0.443137
vt 0.186122 0.446114
vt 0.128371 0.444030
vt 0.128817 0.446895
vt 0.120929 0.444476
vt 0.120482 0.447156
vt 0.115496 0.444588
vt 0.114603 0.447453
vt 0.108277 0.444588
vt 0.105970 0.447565
vt 0.074639 0.443025
vt 0.072034 0.446300
vt 0.067792 0.442951
vt 0.065262 0.446225
vt 0.060722 0.441797
vt 0.058155 0.446300
vt 0.057783 0.446300
vt 0.302516 0.291802
vt 0.329605 0.279746
vt 0.302516 0.280043
vt 0.329605 0.291951
vt 0.302516 0.293439
vt 0.329308 0.293588
vt 0.342406 0.268285
vt 0.348657 0.277364
vt 0.347764 0.268285
vt 0.343596 0.277513
vt 0.330201 0.268582
vt 0.331391 0.277662
vt 0.308470 0.269029
vt 0.310553 0.278108
vt 0.299539 0.269922
vt 0.302516 0.278704
vt 0.291204 0.270517
vt 0.293883 0.279746
vt 0.286143 0.270666
vt 0.285548 0.280639
vt 0.139088 0.493306
vt 0.275427 0.490683
vt 0.273938 0.499463
vt 0.267985 0.499280
vt 0.287334 0.499768
vt 0.302814 0.491538
vt 0.310553 0.500073
vt 0.305195 0.251763
vt 0.436176 0.425239
vt 0.362946 0.425164
vt 0.495415 0.251466
vt 0.023288 0.327524
vt 0.005246 0.327524
vt 0.022191 0.348957
vt 0.006465 0.348957
vt 0.020981 0.375823
vt 0.009027 0.375823
vt 0.138046 0.458914
vt 0.160967 0.457388
vt 0.203834 0.461072
vt 0.201155 0.455677
vt 0.256077 0.460068
vt 0.251910 0.452886
vt 0.279297 0.458988
vt 0.257863 0.448979
vt 0.279892 0.443807
vt 0.260543 0.443025
vt 0.305195 0.251763
vt 0.411766 0.417201
vt 0.436176 0.425239
vt 0.436474 0.417201
vt 0.362946 0.425164
vt 0.387356 0.417127
vt 0.363244 0.417052
vt 0.495415 0.251466
vt 0.100016 0.402763
vt 0.069727 0.379544
vt 0.068983 0.402615
vt 0.221844 0.335710
vt 0.218569 0.329459
vt 0.221844 0.330352
vt 0.215146 0.336454
vt 0.227797 0.341961
vt 0.219016 0.345236
vt 0.229435 0.342557
vt 0.224523 0.347469
vt 0.257863 0.342408
vt 0.257863 0.348213
vt 0.287334 0.342408
vt 0.292395 0.347320
vt 0.288823 0.341961
vt 0.297753 0.345087
vt 0.294776 0.335710
vt 0.301921 0.336305
vt 0.294479 0.330203
vt 0.298051 0.329310
vt 0.257863 0.330352
vt 0.257863 0.328715
vt 0.185526 0.402838
vt 0.222588 0.379395
vt 0.224225 0.402540
vt 0.049965 0.268582
vt 0.043528 0.268582
vt 0.056552 0.268582
vt 0.049965 0.268582
vt 0.043528 0.268582
vt 0.056552 0.268582
vt 0.241937 0.298946
vt 0.244468 0.292844
vt 0.241937 0.292844
vt 0.244468 0.298648
vt 0.242086 0.310109
vt 0.244914 0.310109
vt 0.234049 0.298648
vt 0.236728 0.292844
vt 0.234049 0.292844
vt 0.236728 0.298351
vt 0.233304 0.310109
vt 0.236132 0.310109
vt 0.441534 0.309812
vt 0.474280 0.313086
vt 0.474280 0.309812
vt 0.455228 0.306835
vt 0.460586 0.306835
vt 0.455228 0.273792
vt 0.460586 0.273792
vt 0.474280 0.309812
vt 0.441534 0.313086
vt 0.474280 0.313086
vt 0.441534 0.309812
vt 0.460586 0.306835
vt 0.455228 0.306835
vt 0.460586 0.273792
vt 0.455228 0.273792
vt 0.323056 0.416308
vt 0.315019 0.407898
vt 0.331689 0.408494
vt 0.310851 0.410950
vt 0.311149 0.423750
vt 0.299539 0.417945
vt 0.290013 0.435434
vt 0.278106 0.429406
vt 0.290013 0.435509
vt 0.275724 0.437630
vt 0.267092 0.432755
vt 0.275724 0.437630
vt 0.266794 0.441351
vt 0.258161 0.436923
vt 0.267985 0.441053
vt 0.262031 0.441537
vt 0.255780 0.439304
vt 0.309958 0.410875
vt 0.322461 0.416382
vt 0.298944 0.418169
vt 0.310851 0.423973
vt 0.277511 0.429183
vt 0.292097 0.434690
vt 0.289716 0.435658
vt 0.266794 0.432309
vt 0.257863 0.436699
vt 0.268580 0.440941
vt 0.255482 0.438932
vt 0.256077 0.438858
vt 0.253100 0.439825
vt 0.253100 0.439900
vt 0.249231 0.440979
vt 0.249231 0.440941
vt 0.201601 0.442690
vt 0.202345 0.445444
vt 0.193564 0.442653
vt 0.193564 0.445742
vt 0.186122 0.442951
vt 0.186419 0.445928
vt 0.128520 0.443918
vt 0.128817 0.446783
vt 0.121078 0.444402
vt 0.120259 0.447267
vt 0.115570 0.444700
vt 0.114529 0.447528
vt 0.108426 0.444551
vt 0.106342 0.447565
vt 0.074639 0.443062
vt 0.072183 0.446300
vt 0.067941 0.442951
vt 0.149506 0.252954
vt 0.281678 0.250424
vt 0.149804 0.250275
vt 0.282274 0.253400
vt 0.149655 0.261587
vt 0.282869 0.262182
vt 0.149804 0.276769
vt 0.282869 0.277215
vt 0.036945 0.340920
vt 0.029744 0.367860
vt 0.040256 0.370093
vt 0.027921 0.340473
vt 0.033298 0.338687
vt 0.024516 0.338985
vt 0.036349 0.338836
vt 0.036089 0.337347
vt 0.306981 0.462263
vt 0.277808 0.481110
vt 0.304004 0.481910
vt 0.023419 0.381181
vt 0.006827 0.381107
vt 0.004269 0.388251
vt 0.026098 0.388177
vt 0.029744 0.367860
vt 0.036945 0.340920
vt 0.040256 0.370093
vt 0.027921 0.340473
vt 0.033298 0.338687
vt 0.024516 0.338985
vt 0.036349 0.338836
vt 0.036089 0.337347
vt 0.277808 0.481110
vt 0.306981 0.462263
vt 0.304004 0.481910
vt 0.028163 0.406857
vt 0.041447 0.405964
vt 0.042191 0.412810
vt 0.028405 0.418020
vt 0.039884 0.421666
vt 0.042415 0.413927
vt 0.257863 0.335859
vt 0.270068 0.404698
vt 0.251910 0.405368
vt 0.252207 0.412215
vt 0.265008 0.416234
vt 0.254291 0.420848
vt 0.251612 0.413108
vt 0.046691 0.269029
vt 0.049109 0.272601
vt 0.049630 0.269029
vt 0.047063 0.272452
vt 0.045091 0.276769
vt 0.047919 0.276918
vt 0.046691 0.269029
vt 0.049109 0.272601
vt 0.049630 0.269029
vt 0.047063 0.272452
vt 0.045091 0.276769
vt 0.047919 0.276918
vt 0.239258 0.292844
vt 0.239258 0.298648
vt 0.239109 0.310109
vt 0.282869 0.282871
vt 0.149953 0.282722
vt 0.149953 0.288974
vt 0.283167 0.288825
vt 0.164539 0.291206
vt 0.239109 0.291206
vt 0.160818 0.291355
vt 0.269175 0.291206
vt 0.158883 0.292546
vt 0.281976 0.290909
vt 0.150399 0.292546
vt 0.281083 0.292397
vt 0.158139 0.294183
vt 0.272152 0.291802
vt 0.150846 0.295820
vt 0.279297 0.294332
vt 0.161116 0.315914
vt 0.272450 0.293885
vt 0.154418 0.315765
vt 0.240747 0.319486
vt 0.155758 0.319189
vt 0.236877 0.318147
vt 0.162307 0.317700
vt 0.233453 0.319040
vt 0.159777 0.321124
vt 0.233602 0.321124
vt 0.164391 0.319040
vt 0.229881 0.319337
vt 0.167219 0.321868
vt 0.226160 0.321570
vt 0.168261 0.319784
vt 0.283167 0.282574
vt 0.150251 0.282425
vt 0.150251 0.288676
vt 0.283464 0.288527
vt 0.164688 0.290909
vt 0.160818 0.291355
vt 0.239407 0.290909
vt 0.158883 0.292546
vt 0.269473 0.290909
vt 0.150399 0.292546
vt 0.282274 0.290611
vt 0.158139 0.294183
vt 0.281380 0.292099
vt 0.150846 0.295820
vt 0.272748 0.291504
vt 0.161116 0.315914
vt 0.279594 0.294034
vt 0.154418 0.315765
vt 0.272748 0.293588
vt 0.155758 0.319189
vt 0.240895 0.319189
vt 0.162307 0.317700
vt 0.237174 0.317849
vt 0.159777 0.321124
vt 0.233751 0.318742
vt 0.164391 0.319040
vt 0.233900 0.320826
vt 0.167219 0.321868
vt 0.229881 0.319337
vt 0.168261 0.319784
vt 0.226160 0.321570
vt 0.256375 0.493064
vt 0.256673 0.484524
vt 0.256375 0.493064
vt 0.256673 0.484524
vt 0.445702 0.411992
vt 0.449572 0.417796
vt 0.436176 0.413480
vt 0.439748 0.406708
vt 0.432902 0.409387
vt 0.411766 0.407378
vt 0.387356 0.407303
vt 0.366220 0.409089
vt 0.356694 0.406633
vt 0.363244 0.413257
vt 0.351336 0.412289
vt 0.348955 0.418169
vt 0.068983 0.405740
vt 0.100016 0.405889
vt 0.069355 0.413108
vt 0.131348 0.406038
vt 0.069504 0.414224
vt 0.161860 0.406038
vt 0.043159 0.423006
vt 0.185526 0.405815
vt 0.051568 0.424122
vt 0.043270 0.427918
vt 0.068388 0.424569
vt 0.051717 0.429183
vt 0.069727 0.430671
vt 0.070992 0.424569
vt 0.102398 0.425090
vt 0.147274 0.432011
vt 0.127775 0.425536
vt 0.130306 0.425536
vt 0.147125 0.425908
vt 0.131943 0.414522
vt 0.191926 0.424792
vt 0.224672 0.430076
vt 0.162009 0.414448
vt 0.131943 0.413480
vt 0.162009 0.413331
vt 0.185824 0.413108
vt 0.185824 0.414075
vt 0.224374 0.405591
vt 0.224672 0.412736
vt 0.224672 0.413703
vt 0.251017 0.422187
vt 0.224672 0.423973
vt 0.242830 0.428439
vt 0.242830 0.423378
vt 0.251017 0.427099
vt 0.093244 0.485566
vt 0.103886 0.486720
vt 0.095849 0.488729
vt 0.104407 0.484524
vt 0.093765 0.482878
vt 0.110733 0.487027
vt 0.116538 0.488003
vt 0.115347 0.489408
vt 0.112891 0.485808
vt 0.105003 0.482766
vt 0.113859 0.482506
vt 0.118175 0.482338
vt 0.104035 0.477463
vt 0.091607 0.477463
vt 0.111180 0.477389
vt 0.116538 0.477036
vt 0.117059 0.472142
vt 0.102026 0.474710
vt 0.085504 0.472459
vt 0.110138 0.474282
vt 0.034861 0.486478
vt 0.045987 0.485501
vt 0.043159 0.488673
vt 0.034377 0.484589
vt 0.045131 0.482878
vt 0.033893 0.482822
vt 0.035010 0.477519
vt 0.047326 0.477463
vt 0.025242 0.482636
vt 0.021223 0.482636
vt 0.021819 0.477036
vt 0.027196 0.477631
vt 0.021335 0.473556
vt 0.036833 0.474766
vt 0.053168 0.472459
vt 0.029149 0.474412
vt 0.140725 0.326631
vt 0.140725 0.320826
vt 0.132836 0.325440
vt 0.132241 0.303114
vt 0.140576 0.305644
vt 0.131050 0.325142
vt 0.139981 0.283764
vt 0.128817 0.302518
vt 0.068164 0.323803
vt 0.132390 0.281829
vt 0.139683 0.263968
vt 0.139385 0.261140
vt 0.068164 0.302369
vt 0.127924 0.281234
vt 0.132836 0.260247
vt 0.139832 0.259354
vt 0.140278 0.256824
vt 0.135366 0.256377
vt 0.134325 0.256228
vt 0.128520 0.255633
vt 0.127031 0.259950
vt 0.125394 0.255484
vt 0.067197 0.281085
vt 0.066601 0.259205
vt 0.066601 0.255187
vt 0.126138 0.255484
vt 0.127478 0.259950
vt 0.128966 0.255633
vt 0.128371 0.281234
vt 0.133431 0.260247
vt 0.134920 0.256228
vt 0.135962 0.256377
vt 0.140725 0.256824
vt 0.140278 0.259354
vt 0.139981 0.261140
vt 0.132985 0.281829
vt 0.140129 0.263968
vt 0.140576 0.283764
vt 0.129562 0.302518
vt 0.131497 0.325142
vt 0.132836 0.303114
vt 0.141022 0.305644
vt 0.133283 0.325440
vt 0.141171 0.320826
vt 0.141320 0.326631
vt 0.349252 0.302965
vt 0.302218 0.312640
vt 0.344489 0.307728
vt 0.286143 0.312788
vt 0.349252 0.302965
vt 0.344489 0.307728
vt 0.087663 0.477036
vt 0.051196 0.477036
vt 0.089598 0.482450
vt 0.049150 0.482450
vt 0.052201 0.486906
vt 0.086546 0.486961
vt 0.051568 0.490078
vt 0.058043 0.495562
vt 0.087514 0.490255
vt 0.082081 0.495743
vt 0.058266 0.312491
vt 0.056703 0.314128
vt 0.055103 0.312491
vt 0.058266 0.310407
vt 0.055103 0.310407
vt 0.058266 0.302369
vt 0.053541 0.314128
vt 0.051940 0.312491
vt 0.055103 0.302369
vt 0.056703 0.300137
vt 0.051940 0.310407
vt 0.050340 0.314128
vt 0.048778 0.312491
vt 0.051940 0.302369
vt 0.053541 0.300137
vt 0.048778 0.310407
vt 0.047178 0.314128
vt 0.045615 0.312491
vt 0.048778 0.302369
vt 0.050340 0.300137
vt 0.045615 0.310407
vt 0.044015 0.314128
vt 0.042415 0.312491
vt 0.045615 0.302369
vt 0.047178 0.300137
vt 0.042415 0.310407
vt 0.040852 0.314128
vt 0.039252 0.312491
vt 0.042415 0.302369
vt 0.044015 0.300137
vt 0.039252 0.310407
vt 0.037689 0.314128
vt 0.036089 0.312491
vt 0.039252 0.302369
vt 0.040852 0.300137
vt 0.034526 0.314128
vt 0.032926 0.312491
vt 0.036089 0.310407
vt 0.032926 0.310407
vt 0.036089 0.302369
vt 0.037689 0.300137
vt 0.032926 0.302369
vt 0.034526 0.300137
vt 0.054728 0.276918
vt 0.053500 0.272601
vt 0.051677 0.269922
vt 0.054021 0.269178
vt 0.054728 0.276918
vt 0.053500 0.272601
vt 0.051677 0.269922
vt 0.054021 0.269178
vt 0.240747 0.368009
vt 0.230923 0.366223
vt 0.241491 0.367265
vt 0.230625 0.367116
vt 0.234495 0.377163
vt 0.231370 0.377237
vt 0.228690 0.366818
vt 0.228690 0.366074
vt 0.207555 0.366074
vt 0.207555 0.366669
vt 0.209639 0.377014
vt 0.187015 0.366074
vt 0.187163 0.366669
vt 0.182698 0.376642
vt 0.180019 0.376567
vt 0.185229 0.366967
vt 0.184782 0.366372
vt 0.175256 0.368009
vt 0.174214 0.367265
vt 0.061578 0.284806
vt 0.031586 0.284062
vt 0.061578 0.284062
vt 0.001587 0.284806
vt 0.001587 0.284062
vt 0.031586 0.284806
vt 0.061578 0.285550
vt 0.001587 0.285550
vt 0.031586 0.285550
vt 0.061578 0.286295
vt 0.001587 0.286295
vt 0.031586 0.286295
vt 0.061578 0.287188
vt 0.001587 0.287188
vt 0.031586 0.287188
vt 0.061578 0.287783
vt 0.001587 0.287783
vt 0.031586 0.287783
vt 0.061578 0.288527
vt 0.001587 0.288527
vt 0.031586 0.288527
vt 0.329605 0.317551
vt 0.329605 0.325142
vt 0.332880 0.321272
vt 0.314721 0.325142
vt 0.322163 0.326631
vt 0.314721 0.317551
vt 0.322163 0.316063
vt 0.311447 0.321272
vt 0.329605 0.317551
vt 0.329605 0.325142
vt 0.332880 0.321272
vt 0.314721 0.325142
vt 0.322163 0.326631
vt 0.314721 0.317551
vt 0.322163 0.316063
vt 0.311447 0.321272
vt 0.196392 0.298797
vt 0.226904 0.296713
vt 0.231370 0.300881
vt 0.228988 0.295523
vt 0.166028 0.296565
vt 0.161414 0.300881
vt 0.163944 0.295523
vt 0.224225 0.295820
vt 0.225565 0.294481
vt 0.168856 0.295672
vt 0.167367 0.294332
vt 0.196392 0.295225
vt 0.196392 0.293439
vt 0.297158 0.351190
vt 0.285548 0.354911
vt 0.295967 0.355208
vt 0.297158 0.366818
vt 0.283464 0.351190
vt 0.286739 0.365776
vt 0.265305 0.398149
vt 0.283464 0.365776
vt 0.282274 0.355060
vt 0.278106 0.355060
vt 0.277808 0.351041
vt 0.278999 0.365627
vt 0.273641 0.355060
vt 0.273938 0.351041
vt 0.274236 0.365479
vt 0.270366 0.355208
vt 0.270366 0.351190
vt 0.270961 0.365330
vt 0.258756 0.355208
vt 0.258459 0.351339
vt 0.258756 0.365479
vt 0.255482 0.355208
vt 0.254887 0.351190
vt 0.255482 0.365479
vt 0.251017 0.355208
vt 0.251017 0.351190
vt 0.251017 0.365776
vt 0.246700 0.355208
vt 0.245510 0.351339
vt 0.243426 0.355208
vt 0.246403 0.365925
vt 0.243128 0.366074
vt 0.485592 0.451621
vt 0.487378 0.406336
vt 0.487378 0.451658
vt 0.487378 0.406336
vt 0.485592 0.406336
vt 0.485592 0.406336
vt 0.487378 0.394726
vt 0.487378 0.394726
vt 0.485592 0.394875
vt 0.485592 0.394875
vt 0.487378 0.390335
vt 0.487378 0.390335
vt 0.485592 0.390484
vt 0.485592 0.390484
vt 0.487378 0.385572
vt 0.487378 0.385572
vt 0.485592 0.385647
vt 0.485592 0.385647
vt 0.487378 0.351785
vt 0.487378 0.351785
vt 0.485592 0.351934
vt 0.485592 0.352083
vt 0.487378 0.348064
vt 0.487378 0.348064
vt 0.485592 0.348064
vt 0.485592 0.348064
vt 0.487378 0.341366
vt 0.487378 0.341366
vt 0.485592 0.341217
vt 0.485592 0.341217
vt 0.487378 0.329459
vt 0.487378 0.329459
vt 0.485592 0.329012
vt 0.485592 0.329012
vt 0.487378 0.276620
vt 0.485592 0.276620
vt 0.481126 0.338687
vt 0.479043 0.311747
vt 0.479043 0.338687
vt 0.479043 0.311747
vt 0.481126 0.311747
vt 0.481126 0.311747
vt 0.479043 0.310705
vt 0.479043 0.310705
vt 0.481126 0.310705
vt 0.481126 0.310705
vt 0.479043 0.299690
vt 0.479043 0.299690
vt 0.481126 0.299839
vt 0.481126 0.299839
vt 0.479043 0.297458
vt 0.479043 0.297458
vt 0.481126 0.297607
vt 0.481126 0.297607
vt 0.479340 0.292099
vt 0.479340 0.292099
vt 0.481126 0.292099
vt 0.481126 0.292099
vt 0.479340 0.273941
vt 0.481126 0.273941
vt 0.469517 0.498975
vt 0.455823 0.490255
vt 0.471601 0.492999
vt 0.458502 0.498244
vt 0.477257 0.478375
vt 0.457014 0.498061
vt 0.458205 0.477389
vt 0.442427 0.489464
vt 0.458502 0.457835
vt 0.480829 0.457202
vt 0.441237 0.476291
vt 0.442725 0.456979
vt 0.459395 0.441537
vt 0.482019 0.437072
vt 0.445107 0.440086
vt 0.459693 0.437332
vt 0.479936 0.433350
vt 0.477852 0.431788
vt 0.469219 0.430225
vt 0.461479 0.429853
vt 0.460288 0.429853
vt 0.456121 0.428662
vt 0.447786 0.436699
vt 0.452549 0.428290
vt 0.430520 0.436030
vt 0.424566 0.439602
vt 0.395989 0.434690
vt 0.395989 0.427174
vt 0.339429 0.428290
vt 0.395989 0.439155
vt 0.361457 0.436030
vt 0.414743 0.452142
vt 0.395989 0.452514
vt 0.367113 0.439602
vt 0.344192 0.436699
vt 0.335559 0.428662
vt 0.346871 0.440086
vt 0.332284 0.437332
vt 0.331391 0.429853
vt 0.330498 0.429853
vt 0.322759 0.430225
vt 0.313828 0.431788
vt 0.312042 0.433350
vt 0.309958 0.437072
vt 0.332582 0.441537
vt 0.311149 0.457202
vt 0.333475 0.457835
vt 0.314721 0.478375
vt 0.348955 0.456979
vt 0.333475 0.477389
vt 0.377235 0.452142
vt 0.350741 0.476291
vt 0.336154 0.490255
vt 0.320377 0.492999
vt 0.322461 0.498975
vt 0.333475 0.498244
vt 0.334964 0.498061
vt 0.349550 0.489464
vt 0.377235 0.476477
vt 0.375449 0.490803
vt 0.395989 0.495927
vt 0.395989 0.475324
vt 0.395989 0.490869
vt 0.414743 0.476477
vt 0.416529 0.490803
vt 0.182103 0.360567
vt 0.180912 0.354613
vt 0.182103 0.356995
vt 0.207406 0.354315
vt 0.181210 0.360716
vt 0.207555 0.356697
vt 0.186270 0.365032
vt 0.234346 0.354167
vt 0.185526 0.365627
vt 0.233304 0.356548
vt 0.187461 0.365330
vt 0.234495 0.360418
vt 0.233602 0.360269
vt 0.207555 0.365330
vt 0.230179 0.365330
vt 0.229435 0.364734
vt 0.228244 0.365181
vt 0.875005 0.383368
vt 0.958320 0.496285
vt 0.875292 0.500000
vt 0.792261 0.496053
vt 0.875005 0.383368
vt 0.875292 0.500000
vt 0.875005 0.383368
vt 0.978372 0.490524
vt 0.958320 0.496285
vt 0.792261 0.496053
vt 0.772187 0.490234
vt 0.875005 0.383368
vt 0.984420 0.475152
vt 0.978372 0.490524
vt 0.875005 0.383368
vt 0.875005 0.383368
vt 0.772187 0.490234
vt 0.766064 0.474846
vt 0.984420 0.475152
vt 0.875005 0.383368
vt 1.000000 0.384138
vt 0.875005 0.383368
vt 0.766064 0.474846
vt 0.750000 0.383788
vt 0.874974 0.375029
vt 1.000000 0.384138
vt 0.875005 0.383368
vt 0.750000 0.383788
vt 0.874974 0.375029
vt 0.875005 0.383368
vt 1.000000 0.384138
vt 0.874974 0.375029
vt 0.998296 0.375346
vt 0.874974 0.375029
vt 0.750000 0.383788
vt 0.751653 0.375000
vt 0.449463 0.702210
vt 0.388844 0.702031
vt 0.446727 0.700404
vt 0.448021 0.724764
vt 0.449463 0.702210
vt 0.450557 0.722810
vt 0.388844 0.702031
vt 0.449463 0.702210
vt 0.448021 0.724764
vt 0.387402 0.724585
vt 0.388844 0.702031
vt 0.448021 0.724764
vt 0.387402 0.724585
vt 0.386308 0.703985
vt 0.388844 0.702031
vt 0.387402 0.724585
vt 0.448021 0.724764
vt 0.390138 0.726391
vt 0.385724 0.725395
vt 0.446239 0.726187
vt 0.388416 0.727228
vt 0.387644 0.702867
vt 0.385724 0.725395
vt 0.385071 0.704795
vt 0.387644 0.702867
vt 0.446239 0.726187
vt 0.385724 0.725395
vt 0.448160 0.703659
vt 0.446239 0.726187
vt 0.387644 0.702867
vt 0.448160 0.703659
vt 0.448812 0.724259
vt 0.446239 0.726187
vt 0.448160 0.703659
vt 0.387644 0.702867
vt 0.445467 0.701826
vt 0.449482 0.704128
vt 0.388918 0.702249
vt 0.446844 0.702249
vt 0.446844 0.726592
vt 0.449482 0.704128
vt 0.449482 0.724713
vt 0.446844 0.726592
vt 0.388918 0.702249
vt 0.449482 0.704128
vt 0.386280 0.724713
vt 0.388918 0.702249
vt 0.446844 0.726592
vt 0.386280 0.724713
vt 0.386280 0.704128
vt 0.388918 0.702249
vt 0.386280 0.724713
vt 0.446844 0.726592
vt 0.388918 0.726592
vt 0.448879 0.703100
vt 0.388501 0.701218
vt 0.446249 0.701218
vt 0.446249 0.725597
vt 0.448879 0.703100
vt 0.448879 0.723715
vt 0.446249 0.725597
vt 0.388501 0.701218
vt 0.448879 0.703100
vt 0.385871 0.723715
vt 0.388501 0.701218
vt 0.446249 0.725597
vt 0.385871 0.723715
vt 0.385871 0.703100
vt 0.388501 0.701218
vt 0.385871 0.723715
vt 0.446249 0.725597
vt 0.388501 0.725597
vt 0.028392 0.627031
vt 0.012372 0.627749
vt 0.011892 0.600267
vt 0.028392 0.627031
vt 0.011892 0.600267
vt 0.043847 0.600392
vt 0.028392 0.627031
vt 0.012548 0.638364
vt 0.012372 0.627749
vt 0.028392 0.627031
vt 0.043847 0.600392
vt 0.043056 0.627914
vt 0.012548 0.638364
vt 0.028392 0.627031
vt 0.028252 0.638330
vt 0.043056 0.627914
vt 0.028252 0.638330
vt 0.028392 0.627031
vt 0.012638 0.647256
vt 0.012261 0.638410
vt 0.028740 0.638279
vt 0.028252 0.638330
vt 0.043056 0.627914
vt 0.044343 0.638102
vt 0.012638 0.647256
vt 0.028740 0.638279
vt 0.044344 0.647066
vt 0.044344 0.647066
vt 0.028740 0.638279
vt 0.044444 0.638148
vt 0.043702 0.568714
vt 0.028177 0.557288
vt 0.043880 0.557419
vt 0.028177 0.557288
vt 0.012473 0.557157
vt 0.013044 0.548021
vt 0.028177 0.557288
vt 0.043702 0.568714
vt 0.027736 0.568780
vt 0.027736 0.568780
vt 0.012473 0.557157
vt 0.028177 0.557288
vt 0.043190 0.595419
vt 0.027736 0.568780
vt 0.043702 0.568714
vt 0.012473 0.557157
vt 0.027736 0.568780
vt 0.011769 0.568847
vt 0.011236 0.595544
vt 0.027736 0.568780
vt 0.043190 0.595419
vt 0.011236 0.595544
vt 0.011769 0.568847
vt 0.027736 0.568780
vt 0.447231 0.729716
vt 0.454931 0.725754
vt 0.418430 0.713411
vt 0.454931 0.725754
vt 0.454784 0.702408
vt 0.418430 0.713411
vt 0.388586 0.729597
vt 0.447231 0.729716
vt 0.418430 0.713411
vt 0.454784 0.702408
vt 0.448274 0.697965
vt 0.418430 0.713411
vt 0.381579 0.725064
vt 0.388586 0.729597
vt 0.418430 0.713411
vt 0.448274 0.697965
vt 0.389628 0.698006
vt 0.418430 0.713411
vt 0.381704 0.701717
vt 0.381579 0.725064
vt 0.418430 0.713411
vt 0.389628 0.698006
vt 0.381704 0.701717
vt 0.418430 0.713411
vt 0.740656 0.491197
vt 0.736025 0.377025
vt 0.743255 0.483852
vt 0.736010 0.496810
vt 0.727370 0.500000
vt 0.740656 0.491197
vt 0.740656 0.491197
vt 0.727370 0.500000
vt 0.736025 0.377025
vt 0.592827 0.496608
vt 0.736025 0.377025
vt 0.727370 0.500000
vt 0.736025 0.377025
vt 0.592827 0.496608
vt 0.572783 0.375803
vt 0.592827 0.496608
vt 0.507116 0.375000
vt 0.572783 0.375803
vt 0.500072 0.379847
vt 0.507116 0.375000
vt 0.592827 0.496608
vt 0.500072 0.379847
vt 0.592827 0.496608
vt 0.500000 0.388187
vt 0.500000 0.388187
vt 0.592827 0.496608
vt 0.584756 0.495310
vt 0.500000 0.388187
vt 0.584756 0.495310
vt 0.577268 0.491620
vt 0.766995 0.353188
vt 0.776865 0.367763
vt 0.770651 0.363115
vt 0.766995 0.353188
vt 0.750000 0.253792
vt 0.752493 0.250000
vt 0.766995 0.353188
vt 0.752493 0.250000
vt 0.776865 0.367763
vt 0.028177 0.557288
vt 0.044167 0.548793
vt 0.043880 0.557419
vt 0.028177 0.557288
vt 0.013044 0.548021
vt 0.044167 0.548793
vt 0.418687 0.714267
vt 0.381589 0.701904
vt 0.389414 0.697935
vt 0.418687 0.714267
vt 0.381739 0.725287
vt 0.381589 0.701904
vt 0.418687 0.714267
vt 0.389414 0.697935
vt 0.449019 0.698055
vt 0.418687 0.714267
vt 0.388355 0.729737
vt 0.381739 0.725287
vt 0.418687 0.714267
vt 0.449019 0.698055
vt 0.456140 0.702595
vt 0.418687 0.714267
vt 0.447959 0.729696
vt 0.388355 0.729737
vt 0.418687 0.714267
vt 0.456140 0.702595
vt 0.456014 0.725979
vt 0.418687 0.714267
vt 0.456014 0.725979
vt 0.447959 0.729696
vt 0.776865 0.367763
vt 0.752493 0.250000
vt 0.762346 0.250266
vt 0.783625 0.251794
vt 0.776865 0.367763
vt 0.762346 0.250266
vt 0.776865 0.367763
vt 0.783625 0.251794
vt 0.796131 0.372281
vt 0.783625 0.251794
vt 0.875000 0.375000
vt 0.796131 0.372281
vt 0.875000 0.375000
vt 0.783625 0.251794
vt 0.875000 0.252697
vt 0.966375 0.251794
vt 0.875000 0.375000
vt 0.875000 0.252697
vt 0.875000 0.375000
vt 0.966375 0.251794
vt 0.953869 0.372281
vt 0.966375 0.251794
vt 0.973135 0.367763
vt 0.953869 0.372281
vt 0.973135 0.367763
vt 0.966375 0.251794
vt 0.987654 0.250266
vt 0.997507 0.250000
vt 0.973135 0.367763
vt 0.987654 0.250266
vt 0.973135 0.367763
vt 0.983005 0.353188
vt 0.979349 0.363115
vt 0.997507 0.250000
vt 0.983005 0.353188
vt 0.973135 0.367763
vt 0.997507 0.250000
vt 1.000000 0.253792
vt 0.983005 0.353188
vt 0.743255 0.483852
vt 0.736025 0.377025
vt 0.750000 0.391970
vt 0.750000 0.391970
vt 0.736025 0.377025
vt 0.748401 0.385125
vt 0.748401 0.385125
vt 0.736025 0.377025
vt 0.744211 0.379717
vt 0.584756 0.495310
vt 0.500000 0.388187
vt 0.577268 0.491620
vt 0.592826 0.496608
vt 0.500000 0.388187
vt 0.584756 0.495310
vt 0.592826 0.496608
vt 0.500072 0.379847
vt 0.500000 0.388187
vt 0.592826 0.496608
vt 0.507116 0.375000
vt 0.500072 0.379847
vt 0.572783 0.375803
vt 0.507116 0.375000
vt 0.592826 0.496608
vt 0.592826 0.496608
vt 0.736025 0.377025
vt 0.572783 0.375803
vt 0.736025 0.377025
vt 0.592826 0.496608
vt 0.727370 0.500000
vt 0.740656 0.491197
vt 0.727370 0.500000
vt 0.736009 0.496810
vt 0.736025 0.377025
vt 0.727370 0.500000
vt 0.740656 0.491197
vt 0.736025 0.377025
vt 0.740656 0.491197
vt 0.743255 0.483852
vt 0.736025 0.377025
vt 0.743255 0.483852
vt 0.750000 0.391970
vt 0.736025 0.377025
vt 0.750000 0.391970
vt 0.748401 0.385125
vt 0.736025 0.377025
vt 0.748401 0.385125
vt 0.744211 0.379717
vn -0.9040 0.2897 0.3145
vn -0.4544 -0.8782 0.1493
vn -0.4246 -0.3751 0.8240
vn -0.9989 -0.0000 -0.0468
vn -0.2506 0.9526 0.1727
vn -0.3661 -0.6667 0.6492
vn 0.3661 -0.6666 -0.6493
vn 0.7953 -0.4080 0.4484
vn -0.7952 -0.4082 -0.4484
vn -0.4021 0.0000 -0.9156
vn 0.8357 0.4083 -0.3673
vn 0.2997 0.6668 0.6823
vn -0.9156 0.0000 0.4022
vn -0.3661 0.6667 0.6493
vn 0.3661 0.6666 -0.6493
vn -0.7952 0.4083 -0.4483
vn 0.7953 0.4080 0.4483
vn -0.4021 -0.0001 -0.9156
vn 0.8357 -0.4084 -0.3673
vn 0.2997 -0.6668 0.6823
vn -0.9156 -0.0002 0.4022
vn -0.2458 -0.9692 -0.0130
vn -0.9147 0.0000 0.4040
vn -0.6561 0.0000 0.7547
vn 0.1678 -0.9122 0.3737
vn -0.3712 -0.7319 0.5714
vn -0.7214 0.5816 0.3760
vn -0.2935 0.0003 0.9560
vn -0.0233 -0.9976 -0.0654
vn -0.9475 0.3162 -0.0472
vn -0.6326 -0.3334 -0.6990
vn -0.3874 0.8165 -0.4280
vn -0.9988 0.0000 -0.0498
vn -0.7875 0.5345 -0.3068
vn -0.8888 -0.4379 -0.1351
vn -0.8936 0.1826 -0.4101
vn 0.0108 -0.9678 0.2514
vn 0.3837 -0.7529 0.5347
vn -0.8609 -0.4364 -0.2614
vn -0.5479 -0.5774 -0.6053
vn -0.2429 0.9700 -0.0119
vn -0.9147 0.0001 0.4040
vn 0.1678 0.9122 0.3737
vn -0.5780 0.0000 0.8160
vn -0.3712 0.7319 0.5714
vn -0.8515 -0.4820 0.2064
vn -0.6390 0.7345 0.2283
vn -0.2935 0.0000 0.9560
vn -0.6780 -0.6640 -0.3153
vn -0.3087 -0.6123 0.7279
vn -0.0880 0.9678 0.2358
vn -0.4273 0.5556 0.7133
vn -0.6849 0.7074 -0.1748
vn 0.5117 -0.1409 0.8475
vn 0.5410 0.1175 0.8327
vn -0.6327 0.3333 -0.6990
vn 0.0083 -0.9743 -0.2253
vn -0.9024 -0.4298 0.0298
vn -0.0182 -0.9502 0.3111
vn -0.5526 -0.7730 -0.3116
vn -0.0171 -0.9644 0.2637
vn 0.0095 -0.9636 -0.2671
vn 0.0083 0.9743 -0.2253
vn -0.9024 0.4298 0.0298
vn -0.5526 0.7730 -0.3116
vn -0.0180 0.9502 0.3110
vn -0.0171 0.9644 0.2639
vn 0.0095 0.9636 -0.2671
vn -0.8800 -0.3168 0.3539
vn -0.5763 -0.2183 0.7875
vn 0.1734 -0.6193 0.7657
vn 0.1869 0.5260 0.8297
vn -0.5764 0.2183 0.7875
vn -0.8799 0.3170 0.3540
vn 0.4130 -0.5825 0.7001
vn 0.1995 -0.8555 0.4778
vn 0.2468 -0.9643 0.0956
vn 0.6274 -0.6431 0.4391
vn 0.1679 -0.9122 0.3737
vn 0.8045 0.0330 -0.5930
vn 0.9988 0.0000 0.0498
vn -0.2458 -0.9692 -0.0131
vn 0.4130 0.5824 0.7002
vn 0.1999 0.8555 0.4777
vn 0.6274 0.6430 0.4392
vn 0.1068 0.9941 0.0172
vn 0.1679 0.9122 0.3737
vn 0.7864 -0.0043 -0.6177
vn -0.2430 0.9700 -0.0121
vn -0.9401 0.0000 0.3408
vn -0.3321 -0.9387 0.0926
vn -0.0748 -0.7033 0.7070
vn -0.9970 -0.0000 -0.0776
vn 1.0000 -0.0000 -0.0014
vn 0.5287 -0.7177 0.4532
vn 0.6043 -0.7690 0.2084
vn 1.0000 0.0000 -0.0013
vn 0.8581 -0.0000 0.5134
vn 0.4066 -0.4884 0.7721
vn 0.6966 -0.5000 0.5145
vn 0.5296 0.0000 0.8483
vn 0.4369 0.0000 0.8995
vn 0.1886 -0.5318 0.8256
vn 0.3454 -0.3585 0.8673
vn 0.1240 0.0000 0.9923
vn 0.0448 -0.4319 -0.9008
vn 0.6967 0.3457 -0.6286
vn 0.4310 -0.8137 -0.3901
vn 0.0222 0.8964 -0.4428
vn -0.3660 0.6667 0.6493
vn 0.2522 -0.6190 0.7438
vn 0.6519 0.3666 0.6638
vn -0.8358 -0.4083 0.3671
vn -0.7062 0.7072 -0.0351
vn -0.2423 -0.9701 -0.0120
vn 0.0000 1.0000 0.0000
vn 0.0448 0.4319 -0.9008
vn 0.6957 -0.3458 -0.6296
vn 0.0218 -0.8964 -0.4428
vn 0.4311 0.8136 -0.3901
vn -0.3660 -0.6667 0.6493
vn 0.2522 0.6190 0.7438
vn -0.8358 0.4081 0.3672
vn 0.6519 -0.3666 0.6638
vn -0.7062 -0.7072 -0.0351
vn -0.2423 0.9701 -0.0118
vn 0.0000 -1.0000 -0.0000
vn 0.1055 -0.5517 0.8273
vn -0.2126 0.5965 0.7740
vn 0.0738 0.7672 0.6372
vn -0.2933 -0.7142 0.6355
vn 0.8936 -0.4475 0.0351
vn 0.4921 0.8233 -0.2828
vn 0.7061 0.7078 0.0203
vn 0.2891 -0.9522 -0.0987
vn 0.2954 -0.8381 -0.4587
vn 0.5313 0.8409 -0.1027
vn -0.3853 -0.8651 -0.3212
vn 0.5701 -0.8091 0.1427
vn -0.1962 -0.9041 -0.3796
vn -0.5405 -0.7881 0.2945
vn -0.9487 -0.0001 -0.3162
vn -0.5186 -0.7503 -0.4099
vn -0.8169 0.0000 0.5768
vn 0.8718 0.4734 -0.1257
vn 0.6689 -0.2046 0.7147
vn 0.6875 -0.7261 -0.0107
vn 0.5815 0.3391 0.7395
vn -0.7325 0.6800 0.0331
vn -0.9197 -0.3916 -0.0293
vn -0.8024 0.3772 0.4625
vn -0.7284 -0.6598 0.1847
vn -0.3855 0.8650 -0.3212
vn -0.1962 0.9041 -0.3796
vn 0.5560 0.8102 0.1856
vn -0.5408 0.7882 0.2937
vn -0.5192 0.7505 -0.4089
vn -0.4110 -0.2205 -0.8846
vn 0.6084 0.1352 -0.7820
vn -0.7780 0.1943 -0.5975
vn 0.8659 -0.1340 -0.4819
vn 0.6006 -0.5123 -0.6139
vn -0.6923 -0.5247 -0.4954
vn 0.7316 -0.6476 -0.2129
vn -0.7107 -0.6849 -0.1606
vn 0.5608 -0.8091 0.1757
vn -0.7299 -0.6493 0.2137
vn 0.5391 -0.6192 0.5709
vn -0.8306 -0.3665 0.4194
vn 0.5731 -0.1957 0.7958
vn -0.9199 -0.1078 0.3770
vn -0.7504 0.1145 0.6510
vn 0.6832 0.2292 0.6933
vn -0.8306 0.3663 0.4194
vn 0.5391 0.6192 0.5710
vn -0.7299 0.6493 0.2137
vn 0.7125 0.6831 0.1603
vn -0.7107 0.6850 -0.1606
vn 0.5838 0.7670 -0.2664
vn -0.6923 0.5246 -0.4954
vn 0.7458 0.4326 -0.5066
vn -0.8451 0.0000 0.5346
vn 0.0439 0.0001 0.9990
vn -0.1522 -0.3481 0.9250
vn -0.8734 0.4472 0.1930
vn -0.6905 -0.7071 0.1526
vn -0.3106 0.8165 0.4867
vn -0.2562 -0.9564 -0.1405
vn -0.4191 -0.0000 -0.9079
vn 0.1692 -0.8102 -0.5612
vn 0.4450 0.0000 -0.8955
vn 0.3900 -0.8369 -0.3841
vn 0.8141 0.0000 -0.5808
vn 0.5722 -0.7826 -0.2451
vn 0.9870 -0.0000 -0.1605
vn 0.2952 0.0000 -0.9554
vn -0.1592 -0.3833 -0.9098
vn -0.1537 0.0000 -0.9881
vn 0.4915 -0.3950 -0.7761
vn -0.1199 -0.8805 -0.4587
vn 0.4682 -0.8097 -0.3537
vn -0.0953 -0.9947 -0.0388
vn 0.4120 -0.9112 0.0003
vn -0.0775 -0.9892 0.1247
vn 0.4163 -0.9007 0.1242
vn -0.0420 -0.9443 0.3264
vn 0.4294 -0.8543 0.2930
vn 0.0007 -0.7493 0.6622
vn 0.4803 -0.6435 0.5960
vn 0.0421 -0.3423 0.9386
vn 0.6092 -0.2916 0.7375
vn 0.5255 -0.0000 0.8508
vn 0.0470 0.0000 0.9989
vn 0.0421 0.3423 0.9387
vn 0.6092 0.2916 0.7375
vn 0.4803 0.6435 0.5960
vn 0.0009 0.7493 0.6622
vn 0.4294 0.8543 0.2929
vn -0.0420 0.9443 0.3264
vn 0.4163 0.9007 0.1241
vn -0.0775 0.9892 0.1246
vn 0.4120 0.9112 0.0003
vn -0.0953 0.9947 -0.0388
vn 0.4683 0.8097 -0.3536
vn -0.1199 0.8805 -0.4587
vn 0.4915 0.3950 -0.7762
vn -0.1592 0.3833 -0.9098
vn -0.0597 -0.9808 0.1858
vn -0.5468 -0.0044 0.8373
vn -0.5200 -0.7133 0.4699
vn -0.8214 0.0068 0.5703
vn -0.6660 -0.7078 0.2354
vn -0.9791 0.0150 0.2028
vn 0.0003 -0.9999 0.0142
vn -0.9956 0.0000 -0.0935
vn 0.1937 -0.9808 0.0201
vn -0.9298 0.0000 -0.3682
vn 0.2469 -0.9643 0.0958
vn -0.7910 0.0000 -0.6119
vn 0.4636 -0.8391 -0.2847
vn -0.6377 0.0000 -0.7703
vn 0.6577 -0.7184 -0.2266
vn -0.5132 0.0000 -0.8583
vn 0.8593 -0.3701 0.3530
vn -0.4412 -0.0253 -0.8971
vn 0.7418 -0.2169 -0.6345
vn 0.6284 0.0011 -0.7779
vn -0.3799 -0.0005 -0.9250
vn -0.6993 -0.0000 -0.7148
vn -0.4411 0.0253 -0.8971
vn 0.9042 0.2104 -0.3716
vn 0.7200 0.5482 -0.4255
vn 0.6413 0.7376 -0.2113
vn -0.6388 -0.0000 -0.7694
vn 0.4342 0.8641 -0.2545
vn -0.7252 -0.0008 -0.6885
vn 0.1067 0.9941 0.0171
vn -0.8090 0.0000 -0.5878
vn -0.0169 0.9993 0.0330
vn -1.0000 -0.0000 -0.0081
vn 0.5086 0.8598 0.0444
vn -0.8700 -0.0000 0.4931
vn -0.5353 0.7179 0.4451
vn -0.5788 -0.0000 0.8155
vn -0.0851 0.9809 0.1752
vn -0.3480 -0.0000 0.9375
vn 0.0838 0.9803 -0.1790
vn 0.7830 0.2746 0.5581
vn 0.6911 -0.2305 0.6850
vn 0.8861 0.0000 0.4635
vn 0.4388 0.4510 0.7772
vn 0.4388 -0.4510 0.7772
vn 0.1643 0.9684 0.1877
vn 0.3227 -0.1099 0.9401
vn 0.3213 0.1100 0.9406
vn 0.1642 -0.9684 0.1877
vn 0.1819 -0.4702 0.8636
vn 0.4628 -0.3408 0.8183
vn 0.1819 0.4706 0.8634
vn 0.4626 0.3390 0.8192
vn 0.1751 -0.4977 0.8495
vn 0.2233 -0.5257 0.8208
vn 0.1880 0.4980 0.8466
vn 0.2233 0.5260 0.8206
vn 0.2213 -0.5125 0.8297
vn 0.2167 -0.6315 0.7445
vn 0.2259 0.5131 0.8281
vn 0.2166 0.6328 0.7434
vn 0.2353 -0.4222 0.8755
vn 0.2298 0.4235 0.8763
vn 0.2841 -0.4312 0.8564
vn 0.3696 -0.5799 0.7260
vn 0.2910 0.5045 0.8129
vn 0.3694 0.5799 0.7262
vn 0.6667 -0.4265 0.6112
vn 0.5859 -0.2930 0.7556
vn 0.6040 -0.0000 0.7970
vn 0.5685 0.0000 0.8227
vn 0.6667 0.4266 0.6112
vn 0.5858 0.2930 0.7557
vn 0.6832 -0.0000 -0.7302
vn 0.3926 0.5604 -0.7292
vn 0.0795 -0.0000 -0.9968
vn 0.4699 0.3125 -0.8256
vn 0.3306 0.9213 -0.2048
vn 0.3600 0.7704 -0.5262
vn -0.0108 0.9999 0.0121
vn -0.0143 0.9965 0.0820
vn 0.0847 0.5463 -0.8333
vn -0.2426 0.6957 -0.6761
vn -0.0331 0.9952 0.0916
vn -0.3690 0.9289 -0.0320
vn -0.7344 0.4860 -0.4738
vn -0.1575 0.9571 0.2431
vn -0.3734 0.9070 -0.1948
vn -0.0076 0.9964 0.0848
vn -0.7118 0.5915 -0.3787
vn 0.1554 0.8746 0.4592
vn -0.8494 0.3609 -0.3851
vn 0.0476 0.5904 0.8057
vn -0.9361 -0.0000 -0.3518
vn -0.4411 0.6705 0.5966
vn -0.4246 -0.0001 -0.9054
vn -0.3681 0.0004 0.9298
vn -0.0034 -0.0000 1.0000
vn -0.7344 -0.4860 -0.4738
vn -0.8494 -0.3609 -0.3851
vn -0.7118 -0.5915 -0.3787
vn -0.3734 -0.9070 -0.1948
vn -0.3690 -0.9289 -0.0320
vn -0.2425 -0.6957 -0.6761
vn -0.0331 -0.9952 0.0916
vn -0.0076 -0.9964 0.0848
vn -0.0142 -0.9965 0.0821
vn 0.0847 -0.5463 -0.8333
vn 0.3600 -0.7703 -0.5263
vn -0.0108 -0.9999 0.0120
vn -0.1575 -0.9571 0.2431
vn 0.1554 -0.8746 0.4592
vn 0.3307 -0.9212 -0.2048
vn 0.0476 -0.5904 0.8057
vn 0.4699 -0.3124 -0.8256
vn -0.4411 -0.6705 0.5966
vn 0.3927 -0.5605 -0.7292
vn 0.0795 0.9912 0.1060
vn 0.3906 0.8601 0.3281
vn 0.3016 0.8452 0.4412
vn 0.0158 0.9998 0.0122
vn 0.0046 1.0000 0.0029
vn 0.0017 1.0000 0.0001
vn -0.2430 0.9699 -0.0121
vn 0.0838 0.9803 -0.1791
vn 0.0033 0.9999 -0.0128
vn 0.0034 1.0000 0.0044
vn 0.0055 0.9993 -0.0375
vn -0.0169 0.9993 0.0329
vn 0.0199 0.9553 -0.2948
vn 0.1067 0.9941 0.0172
vn 0.0317 0.7752 -0.6309
vn 0.0329 0.5056 -0.8621
vn 0.6414 0.7375 -0.2113
vn 0.0341 0.1773 -0.9836
vn 0.7200 0.5483 -0.4253
vn 0.6284 0.0016 -0.7779
vn 0.0291 -0.0000 -0.9996
vn 0.0342 -0.1774 -0.9835
vn 0.7419 -0.2169 -0.6345
vn 0.8594 -0.3701 0.3528
vn 0.0328 -0.5055 -0.8622
vn 0.4637 -0.8391 -0.2846
vn 0.0317 -0.7752 -0.6309
vn 0.2469 -0.9643 0.0957
vn 0.0144 -0.9560 -0.2929
vn 0.1936 -0.9809 0.0206
vn 0.0015 -0.9989 -0.0460
vn 0.0017 -1.0000 0.0083
vn 0.0020 -0.9999 -0.0141
vn 0.0027 -0.9999 0.0132
vn -0.2560 -0.9564 -0.1406
vn -0.0067 -0.9987 0.0501
vn -0.0748 -0.7033 0.7069
vn 0.3837 -0.7530 0.5346
vn 0.1887 -0.5318 0.8256
vn 0.1238 -0.9512 0.2825
vn -0.0148 -0.9899 0.1411
vn 0.1691 -0.8102 -0.5612
vn 0.3440 -0.9197 0.1893
vn 0.5723 -0.7825 -0.2452
vn 0.6098 -0.4786 0.6318
vn 0.6044 -0.7688 0.2090
vn 0.3802 -0.6964 0.6087
vn 0.6966 -0.5000 0.5146
vn 0.4063 -0.4883 0.7723
vn 0.5354 -0.3524 0.7675
vn 0.6157 -0.4177 0.6682
vn 0.6081 -0.4116 0.6788
vn 0.5030 -0.5351 0.6787
vn 0.5398 0.2727 0.7964
vn 0.4109 -0.3713 0.8327
vn 0.2953 -0.7025 0.6476
vn 0.8130 -0.0000 0.5822
vn 0.2570 -0.7284 0.6351
vn 0.0993 -0.8930 0.4390
vn 0.2618 0.4810 0.8367
vn 0.3394 -0.4829 0.8072
vn 0.4295 0.7394 0.5185
vn 0.4734 0.5794 0.6635
vn 0.5864 -0.2999 0.7525
vn 0.5354 0.3524 0.7676
vn 0.3887 -0.6385 0.6642
vn 0.4847 0.6448 0.5910
vn 0.6098 0.4786 0.6317
vn 0.6156 0.4178 0.6682
vn 0.5278 0.3604 0.7691
vn 0.4576 0.5961 0.6598
vn 0.3647 0.5343 0.7626
vn 0.1606 0.8729 0.4607
vn 0.2688 -0.5726 0.7745
vn 0.3481 0.4820 0.8041
vn 0.4737 -0.5797 0.6630
vn 0.6321 0.5014 0.5908
vn 0.7989 0.4641 0.3825
vn 0.6864 -0.5645 0.4585
vn 0.7768 -0.5665 0.2752
vn 0.7765 0.5665 0.2760
vn 0.6864 0.5644 0.4586
vn 0.7940 -0.4724 0.3827
vn 0.6273 -0.5109 0.5878
vn 0.5216 0.2261 0.8227
vn 0.7738 0.3619 -0.5198
vn 0.3672 0.8872 0.2795
vn 0.8242 -0.2192 0.5222
vn 0.5467 -0.3560 -0.7579
vn 0.3671 -0.8873 0.2790
vn -0.1539 -0.6153 0.7731
vn -0.4844 -0.3176 -0.8152
vn -0.0643 -0.9866 0.1497
vn 0.0505 -0.5690 0.8208
vn 0.1382 -0.8214 -0.5534
vn 0.5407 -0.5441 0.6415
vn 0.6260 -0.7602 -0.1738
vn 0.4518 -0.3631 0.8149
vn 0.4442 -0.8954 0.0296
vn 0.3811 -0.8600 0.3394
vn 0.2128 -0.9770 0.0125
vn 0.1619 -0.6802 0.7149
vn -0.0419 -0.9991 -0.0019
vn -0.0840 -0.9457 0.3140
vn -0.3355 -0.9419 -0.0134
vn -0.1921 -0.5397 0.8197
vn -0.6777 -0.7350 -0.0215
vn -0.7174 -0.6242 0.3095
vn -0.9052 -0.4243 -0.0227
vn -0.5078 -0.1901 0.8402
vn -0.9998 0.0000 -0.0222
vn -0.6658 0.0000 0.7461
vn -0.5078 0.1901 0.8402
vn -0.9052 0.4243 -0.0227
vn -0.7173 0.6242 0.3095
vn -0.6777 0.7350 -0.0215
vn -0.1921 0.5397 0.8197
vn -0.3355 0.9419 -0.0134
vn -0.0840 0.9457 0.3140
vn -0.0422 0.9991 -0.0019
vn 0.1617 0.6801 0.7150
vn 0.2130 0.9770 0.0125
vn 0.3816 0.8598 0.3394
vn 0.4443 0.8954 0.0296
vn 0.4518 0.3631 0.8149
vn 0.6260 0.7602 -0.1738
vn 0.5393 0.5450 0.6420
vn 0.1382 0.8214 -0.5534
vn 0.0505 0.5690 0.8208
vn -0.4834 0.3181 -0.8155
vn -0.1539 0.6153 0.7731
vn -0.0643 0.9866 0.1499
vn -0.5269 -0.2516 0.8118
vn 0.5118 -0.1410 0.8475
vn -0.5604 -0.5659 0.6048
vn 0.3836 -0.7533 0.5342
vn -0.4476 -0.7657 0.4619
vn -0.6485 -0.7256 0.2302
vn -0.4409 -0.8933 0.0872
vn -0.0233 -0.9976 -0.0655
vn -0.4380 -0.8926 0.1067
vn -0.3043 -0.9385 0.1633
vn -0.1612 -0.9739 0.1599
vn -0.0868 -0.9784 0.1876
vn -0.0145 -0.9838 0.1786
vn 0.2001 -0.7317 -0.6516
vn -0.0169 -0.9553 0.2952
vn 0.0278 -0.7060 -0.7076
vn -0.0099 -0.9749 0.2225
vn -0.0387 -0.6238 0.7807
vn -0.0375 -0.6274 0.7778
vn -0.0107 -0.9745 0.2241
vn -0.0386 -0.6230 0.7812
vn -0.0125 -0.9705 0.2406
vn -0.0409 -0.6103 0.7911
vn -0.0186 -0.9496 0.3128
vn -0.0495 -0.4910 0.8698
vn -0.0243 -0.9157 0.4011
vn -0.1177 -0.8714 0.4763
vn -0.0252 -0.9101 0.4137
vn 0.1869 -0.8260 0.5318
vn -0.0026 -0.6752 0.7376
vn -0.1718 -0.9476 -0.2693
vn -0.1512 -0.7958 0.5864
vn -0.1393 -0.5812 0.8018
vn -0.7335 -0.4345 0.5227
vn 0.0016 0.4094 0.9123
vn -0.1511 0.7958 0.5864
vn -0.7334 0.4345 0.5228
vn -0.0391 -0.6302 0.7754
vn 0.0349 -0.7732 -0.6332
vn 0.0974 0.8249 0.5568
vn -0.0026 0.6752 0.7376
vn -0.0252 0.9101 0.4136
vn -0.0425 -0.5380 0.8419
vn 0.0328 -0.7712 -0.6358
vn -0.1177 0.8714 0.4762
vn -0.0235 0.9156 0.4014
vn -0.0494 0.4817 0.8749
vn -0.0215 0.9307 0.3650
vn -0.1717 0.9476 -0.2695
vn -0.0424 0.5876 0.8080
vn -0.0147 0.9635 0.2672
vn -0.0386 0.6229 0.7813
vn -0.0107 0.9746 0.2235
vn -0.0387 0.6240 0.7805
vn -0.0100 0.9747 0.2231
vn -0.0375 0.6273 0.7779
vn -0.0083 0.9797 0.2002
vn 0.1186 0.8011 0.5866
vn 0.2378 0.9713 -0.0061
vn -0.0384 0.6319 0.7741
vn -0.0383 -0.6320 0.7740
vn -0.0379 0.6321 0.7740
vn 0.0325 0.7729 -0.6337
vn -0.0379 -0.6321 0.7740
vn 0.2378 -0.9713 -0.0060
vn 0.0325 -0.7729 -0.6337
vn -0.0416 0.5383 0.8417
vn 0.0322 0.7713 -0.6357
vn -0.0325 -0.7489 0.6619
vn 0.0320 -0.7714 -0.6356
vn -0.0387 0.6325 0.7736
vn 0.0317 0.7712 -0.6358
vn -0.0387 -0.6326 0.7735
vn 0.0317 -0.7711 -0.6359
vn -0.0389 0.6327 0.7734
vn 0.0328 0.7713 -0.6356
vn -0.0389 -0.6328 0.7733
vn -0.0337 0.7485 0.6623
vn 0.0349 0.7726 -0.6339
vn -0.0391 0.6300 0.7756
vn -0.0083 -0.9797 0.2001
vn 0.1185 -0.8010 0.5868
vn 0.3714 -0.7320 -0.5712
vn 0.9980 -0.0634 0.0048
vn 0.0350 -0.4462 -0.8943
vn -0.0168 0.9554 0.2948
vn 0.2002 0.7316 -0.6516
vn 0.0278 0.7059 -0.7077
vn -0.0145 0.9838 0.1788
vn 0.6747 0.7292 -0.1140
vn -0.0868 0.9784 0.1877
vn -0.1611 0.9739 0.1599
vn -0.3042 0.9385 0.1631
vn -0.4381 0.8926 0.1067
vn -0.4410 0.8933 0.0872
vn -0.0880 0.9678 0.2359
vn -0.6485 0.7256 0.2301
vn -0.4475 0.7658 0.4619
vn 0.6883 0.5751 0.4421
vn -0.5603 0.5659 0.6048
vn -0.4273 0.5556 0.7132
vn -0.6040 0.2933 0.7411
vn 0.5410 0.1175 0.8328
vn 0.8710 -0.0000 0.4913
vn -0.9796 0.1153 0.1646
vn -0.7448 0.4315 0.5090
vn -0.7312 0.6476 0.2144
vn -0.7116 0.6853 -0.1547
vn -0.5712 -0.1960 -0.7971
vn -0.5367 -0.6204 -0.5718
vn -0.7785 0.1940 -0.5970
vn -0.7108 -0.6848 -0.1605
vn -0.7295 0.6530 0.2036
vn -0.7296 -0.6495 0.2139
vn -0.7124 0.6832 -0.1603
vn -0.7435 -0.4341 0.5086
vn -0.6945 0.5221 -0.4951
vn -0.9197 -0.1080 0.3775
vn -0.4159 0.2187 -0.8827
vn -0.6837 -0.2279 -0.6932
vn -0.7497 0.1147 0.6517
vn -0.6944 -0.5221 -0.4952
vn -0.7435 0.4341 0.5087
vn -0.7125 -0.6832 -0.1603
vn -0.7296 0.6495 0.2139
vn -0.7296 -0.6529 0.2037
vn -0.7108 0.6848 -0.1605
vn -0.5367 0.6204 -0.5719
vn -0.7116 -0.6854 -0.1547
vn -0.7312 -0.6476 0.2144
vn -0.8596 -0.3723 0.3499
vn -0.8556 -0.2634 0.4457
vn 0.6899 0.7074 0.1539
vn 0.8467 0.5056 -0.1657
vn 0.6044 0.7896 -0.1056
vn 0.6749 0.4484 0.5860
vn 0.9777 -0.0002 -0.2101
vn 0.8403 -0.0002 0.5421
vn 0.6748 -0.4486 0.5860
vn 0.8467 -0.5057 -0.1656
vn 0.6900 -0.7073 0.1538
vn 0.6044 -0.7896 -0.1056
vn 0.3806 0.8363 0.3947
vn 0.2258 0.9736 -0.0322
vn 0.2300 0.7883 0.5706
vn 0.0497 0.9988 0.0033
vn 0.5361 -0.8400 0.0834
vn 0.7266 -0.6773 -0.1152
vn 0.2784 -0.9506 -0.1372
vn 0.3477 -0.8396 -0.4174
vn 0.4105 -0.8383 -0.3588
vn 0.3959 -0.8758 -0.2761
vn 0.5108 -0.8248 -0.2423
vn 0.4711 -0.8694 -0.1492
vn 0.5621 -0.8166 -0.1314
vn 0.4709 -0.8821 -0.0131
vn 0.6213 -0.7780 0.0930
vn 0.5743 -0.7505 -0.3271
vn 0.2892 -0.7853 -0.5474
vn 0.8142 -0.3696 -0.4478
vn 0.5725 -0.3333 -0.7491
vn 0.9087 0.0000 -0.4175
vn 0.4988 -0.0000 -0.8667
vn 0.8142 0.3695 -0.4478
vn 0.5725 0.3333 -0.7491
vn 0.5744 0.7504 -0.3271
vn 0.2893 0.7853 -0.5473
vn 0.6213 0.7780 0.0930
vn 0.4709 0.8821 -0.0130
vn 0.5621 0.8166 -0.1313
vn 0.4711 0.8694 -0.1492
vn 0.5108 0.8248 -0.2423
vn 0.3959 0.8758 -0.2761
vn 0.4106 0.8383 -0.3588
vn 0.3477 0.8396 -0.4174
vn 0.7266 0.6773 -0.1153
vn 0.2784 0.9506 -0.1372
vn 0.5362 0.8400 0.0833
vn 0.2527 -0.5723 -0.7802
vn 0.6721 -0.4434 -0.5930
vn 0.6532 -0.6856 -0.3214
vn 0.9259 -0.3557 -0.1275
vn 0.0003 -0.9999 0.0144
vn 0.5480 -0.0235 0.8362
vn 0.8347 -0.1802 0.5204
vn 0.1872 0.8512 0.4904
vn 0.6438 -0.6546 0.3963
vn 0.6733 -0.6047 0.4254
vn 0.6433 0.6551 0.3964
vn 0.8344 0.1812 0.5206
vn 0.6731 0.6049 0.4255
vn 0.5480 0.0239 0.8361
vn 0.1875 -0.8510 0.4905
vn 0.5142 -0.8469 0.1354
vn 0.5365 0.8429 0.0407
vn 0.6905 -0.7135 -0.1188
vn 0.2494 0.9663 -0.0640
vn 0.4910 0.7341 -0.4692
vn 0.0172 -0.9998 -0.0095
vn 0.5999 0.5125 -0.6144
vn 0.6074 0.1353 -0.7828
vn 0.5834 0.7672 -0.2664
vn 0.7127 0.6829 0.1603
vn 0.5398 0.6188 0.5707
vn 0.7796 0.1935 0.5956
vn 0.5741 -0.1984 0.7944
vn 0.5398 -0.6189 0.5706
vn 0.5610 -0.8090 0.1757
vn 0.7315 -0.6477 -0.2130
vn 0.5999 -0.5125 -0.6144
vn 0.9488 -0.0893 -0.3029
vn 0.3714 0.7320 -0.5712
vn 0.9969 0.0784 -0.0058
vn 0.0350 0.4461 -0.8943
vn 0.3806 -0.8363 0.3945
vn 0.2258 -0.9736 -0.0323
vn 0.2295 -0.7886 0.5705
vn 0.0497 -0.9988 0.0032
vn 0.1678 0.9123 0.3737
vn -0.0851 0.9808 0.1752
vn 0.6942 0.4378 -0.5713
vn 0.7076 0.6540 -0.2674
vn 0.7192 0.6487 -0.2488
vn 0.5086 0.8599 0.0443
vn -0.2561 -0.9564 -0.1406
vn 0.1692 -0.8104 -0.5609
vn -0.3321 -0.9386 0.0932
vn 0.5722 -0.7826 -0.2452
vn -0.0748 -0.7024 0.7078
vn 0.8671 -0.4534 0.2065
vn 0.4291 0.8974 0.1022
vn 0.8671 0.4534 0.2065
vn 0.4291 -0.8974 0.1023
vn -0.4475 -0.8934 -0.0410
vn -0.6167 -0.6586 -0.4313
vn 0.3780 -0.1860 -0.9069
vn -0.4789 -0.8147 0.3269
vn -0.8852 0.0000 0.4652
vn -0.4926 -0.8703 0.0009
vn -0.9997 0.0002 -0.0252
vn -0.4965 -0.8481 -0.1848
vn -0.9276 0.0000 -0.3735
vn -0.6371 0.0000 -0.7708
vn -0.9988 -0.0000 -0.0496
vn -0.7762 0.0000 -0.6305
vn -0.6167 0.6586 -0.4312
vn -0.4475 0.8934 -0.0410
vn 0.1962 0.3336 -0.9221
vn -0.4789 0.8147 0.3270
vn -0.4925 0.8703 0.0008
vn -0.4965 0.8481 -0.1848
vn 0.2703 -0.6373 0.7217
vn 0.1843 -0.8456 -0.5009
vn 0.1756 -0.9422 -0.2854
vn 0.0079 -0.7167 0.6973
vn -0.0438 -0.8266 -0.5611
vn -0.3008 -0.8103 0.5029
vn -0.1085 -0.9404 0.3224
vn -0.0701 -0.8426 -0.5340
vn 0.4728 -0.8644 -0.1711
vn 0.3454 -0.6256 -0.6995
vn 0.4870 -0.8461 0.2168
vn 0.1762 -0.8133 0.5546
vn 0.2703 0.6372 0.7218
vn 0.1844 0.8455 -0.5012
vn 0.1756 0.9422 -0.2852
vn 0.0078 0.7167 0.6973
vn -0.0434 0.8263 -0.5616
vn -0.3009 0.8102 0.5030
vn -0.1085 0.9404 0.3224
vn -0.0727 0.8426 -0.5336
vn 0.4870 0.8461 0.2168
vn 0.1762 0.8132 0.5546
vn 0.4728 0.8644 -0.1711
vn 0.3454 0.6256 -0.6995
vn -0.4465 -0.0000 0.8948
vn -0.9969 -0.0000 -0.0783
vn -0.9989 -0.0000 -0.0477
vn 0.7266 -0.0000 0.6871
vn 0.3548 0.0000 -0.9349
vn 0.3102 0.0000 0.9507
vn 0.3085 0.0896 -0.9470
vn 0.5026 0.0244 -0.8642
vn 0.7230 0.0138 -0.6907
vn 0.8728 0.0474 -0.4857
vn 0.9340 0.0413 -0.3548
vn 0.9950 0.0187 -0.0979
vn 0.9991 0.0306 0.0288
vn 0.9999 0.0136 -0.0064
vn 0.9937 0.0000 0.1122
vn 0.1936 -0.9809 0.0205
vn 0.9999 -0.0039 -0.0118
vn 0.9993 -0.0033 -0.0366
vn 0.9946 -0.0264 -0.1002
vn 0.9444 -0.1274 -0.3030
vn -0.0170 0.9993 0.0329
vn 0.8970 -0.0939 -0.4319
vn 0.7225 -0.0061 -0.6913
vn 0.5232 0.0048 -0.8522
vn 0.3046 0.0000 -0.9525
vn 0.1066 0.9942 0.0172
vn 0.6975 -0.6641 0.2694
vn 0.4636 -0.8391 -0.2846
vn 0.6975 0.6640 0.2694
vn 0.7206 -0.6867 0.0954
vn 0.7206 0.6867 0.0955
vn 0.8593 -0.3701 0.3529
vn 0.5159 -0.4164 -0.7486
vn 0.7201 0.5482 -0.4254
vn 0.5160 0.4164 -0.7486
vn 0.9898 -0.1217 -0.0740
vn 0.9898 0.1216 -0.0740
vn 0.6284 0.0015 -0.7779
vn 0.7418 -0.2170 -0.6345
vn 0.2868 0.0005 -0.9580
vn -0.0062 -0.0000 -1.0000
vn -0.0147 -0.1969 -0.9803
vn -0.0711 0.0000 -0.9975
vn -0.0558 -0.2571 -0.9648
vn -0.1257 0.0000 -0.9921
vn 0.0102 -0.5291 -0.8485
vn -0.1239 -0.3122 -0.9419
vn -0.2745 -0.0000 -0.9616
vn -0.0050 -0.5880 -0.8089
vn 0.0301 -0.7593 -0.6501
vn -0.2794 -0.3709 -0.8857
vn -0.4719 0.0000 -0.8816
vn -0.0746 -0.6429 -0.7623
vn 0.0688 -0.8712 -0.4860
vn 0.0391 -0.8976 -0.4391
vn 0.0355 -0.9941 -0.1023
vn 0.0111 -0.9997 -0.0229
vn 0.0873 -0.9941 -0.0639
vn 0.0253 -0.9988 -0.0423
vn 0.0520 -0.9966 0.0639
vn -0.0151 -0.9013 -0.4329
vn 0.1306 -0.9134 0.3856
vn 0.1681 -0.9069 0.3864
vn 0.0535 -0.9953 -0.0812
vn -0.2387 -0.6533 -0.7185
vn -0.1187 -0.9166 -0.3818
vn -0.4354 -0.4162 -0.7982
vn -0.3413 -0.7134 -0.6120
vn -0.6351 -0.3810 -0.6719
vn -0.7684 0.0000 -0.6400
vn -0.4874 -0.6408 -0.5932
vn -0.2189 -0.9304 -0.2941
vn -0.1619 -0.9335 -0.3199
vn 0.0160 -0.9996 -0.0237
vn 0.1917 -0.8914 0.4107
vn 0.1614 -0.9044 0.3951
vn 0.2767 -0.4730 0.8365
vn 0.2890 -0.3470 0.8922
vn 0.2354 -0.4128 0.8799
vn 0.2443 0.0000 0.9697
vn 0.2767 0.4730 0.8365
vn 0.2248 -0.3962 0.8902
vn 0.1935 -0.3520 0.9158
vn 0.1245 -0.8656 0.4850
vn 0.1133 -0.2650 0.9576
vn 0.0874 -0.7989 0.5951
vn 0.2890 0.3470 0.8922
vn 0.1917 0.8914 0.4107
vn 0.2354 0.4127 0.8799
vn 0.1614 0.9043 0.3951
vn 0.0160 0.9996 -0.0237
vn 0.2351 0.4225 0.8754
vn 0.1626 0.9127 0.3750
vn 0.1707 0.3141 0.9339
vn 0.0535 0.9953 -0.0812
vn 0.1075 0.2379 0.9653
vn 0.0945 0.8400 0.5343
vn 0.1199 0.8908 0.4384
vn 0.1309 0.9378 0.3215
vn 0.0459 0.9978 0.0475
vn 0.0932 0.9923 -0.0811
vn 0.0347 0.9982 -0.0499
vn 0.0520 0.9944 -0.0917
vn 0.0583 0.9832 -0.1730
vn 0.0745 0.8976 -0.4344
vn 0.0421 0.9074 -0.4181
vn 0.0315 0.7819 -0.6226
vn -0.0151 0.9013 -0.4329
vn 0.0102 0.5290 -0.8486
vn -0.0050 0.5880 -0.8089
vn -0.0146 0.1969 -0.9803
vn -0.0558 0.2571 -0.9648
vn -0.1239 0.3121 -0.9419
vn -0.0747 0.6429 -0.7623
vn -0.2794 0.3709 -0.8857
vn -0.2376 0.6528 -0.7193
vn -0.4354 0.4162 -0.7982
vn -0.1186 0.9166 -0.3817
vn -0.3413 0.7134 -0.6120
vn -0.1619 0.9335 -0.3199
vn -0.2189 0.9304 -0.2941
vn -0.4875 0.6408 -0.5931
vn -0.6351 0.3810 -0.6719
vn 0.2661 0.0000 -0.9639
vn -0.0672 0.9974 -0.0243
vn 0.3473 0.4236 -0.8366
vn 0.0198 0.9995 0.0230
vn 0.7311 0.4181 -0.5392
vn 0.0194 0.9987 0.0479
vn 0.4520 -0.4214 -0.7862
vn -0.0672 -0.9974 -0.0241
vn 0.0196 -0.9995 0.0230
vn 0.7699 -0.4158 -0.4841
vn 0.0195 -0.9987 0.0479
vn 0.8875 0.4208 -0.1877
vn 0.0004 0.9996 0.0289
vn 0.9031 -0.4176 -0.1000
vn 0.0006 -0.9996 0.0289
vn 0.8809 0.4207 0.2169
vn 0.0272 0.9994 -0.0231
vn 0.8588 -0.4185 0.2955
vn 0.0273 -0.9994 -0.0231
vn 0.7045 0.4150 0.5757
vn 0.0927 0.9953 -0.0264
vn 0.6427 -0.4135 0.6449
vn 0.0926 -0.9954 -0.0263
vn 0.3400 0.4205 0.8412
vn 0.0791 0.9968 0.0060
vn 0.2430 -0.4196 0.8746
vn 0.0791 -0.9969 0.0057
vn -0.0661 0.3334 0.9405
vn 0.0790 0.9931 0.0862
vn -0.0632 -0.4659 0.8826
vn 0.0790 -0.9932 0.0860
vn -0.3883 0.4367 0.8115
vn 0.0376 0.9882 0.1487
vn -0.4049 -0.3130 0.8591
vn 0.0377 -0.9882 0.1487
vn -0.7588 0.3723 0.5344
vn -0.1325 0.9870 0.0912
vn -0.7012 -0.5165 0.4915
vn -0.1323 -0.9870 0.0910
vn -0.0597 0.9980 -0.0203
vn -0.0598 -0.9980 -0.0201
vn -0.3961 0.4093 0.8219
vn -0.0909 0.9946 -0.0493
vn -0.4643 -0.4097 0.7852
vn -0.0909 -0.9946 -0.0493
vn 0.0080 0.4176 0.9086
vn -0.0784 -0.4185 0.9048
vn -0.1413 -0.0000 -0.9900
vn -0.0297 0.0009 -0.9996
vn -0.7434 -0.2129 0.6340
vn -0.3738 -0.3674 0.8516
vn -0.8041 -0.3912 0.4477
vn -0.0984 -0.4921 0.8650
vn -0.0516 -0.3844 0.9217
vn -0.4506 -0.5864 0.6731
vn -0.7542 -0.5598 0.3432
vn -0.3635 -0.7692 0.5255
vn -0.7014 -0.6766 0.2241
vn -0.5072 -0.7996 0.3216
vn -0.3423 -0.8901 0.3009
vn -0.3752 -0.7768 0.5057
vn -0.2376 -0.9205 0.3103
vn -0.2437 -0.8760 0.4162
vn -0.1113 -0.9278 0.3562
vn -0.0309 -0.9094 0.4147
vn -0.0297 -0.8285 0.5591
vn -0.0326 -0.8430 0.5369
vn -0.0466 -0.8424 0.5368
vn -0.0503 -0.8796 0.4731
vn -0.0525 -0.8420 0.5369
vn -0.0488 -0.7491 0.6607
vn -0.0356 -0.9128 0.4068
vn -0.0329 -0.8801 0.4737
vn -0.0301 -0.9581 0.2847
vn -0.0472 -0.5886 0.8071
vn -0.0485 -0.4593 0.8870
vn -0.0479 -0.4519 0.8908
vn -0.0393 -0.7035 0.7096
vn -0.0189 -0.9605 0.2777
vn -0.0461 -0.4660 0.8836
vn -0.0388 -0.6860 0.7266
vn -0.0169 -0.9615 0.2741
vn 0.0096 -0.9655 -0.2602
vn 0.0129 -0.9364 -0.3507
vn -0.0163 -0.9649 0.2622
vn -0.0137 -0.9841 0.1770
vn 0.0103 -0.9619 -0.2731
vn 0.0136 -0.9306 -0.3658
vn 0.0335 -0.6859 -0.7270
vn 0.0354 -0.6170 -0.7862
vn 0.0461 -0.2448 -0.9685
vn 0.0457 -0.1638 -0.9854
vn 0.0461 0.2448 -0.9685
vn 0.0448 0.2465 -0.9681
vn 0.0353 0.6169 -0.7863
vn 0.0335 0.6859 -0.7269
vn 0.0136 0.9306 -0.3658
vn 0.0103 0.9619 -0.2730
vn -0.0138 0.9841 0.1770
vn -0.0163 0.9648 0.2623
vn -0.7435 0.2129 0.6340
vn -0.8041 0.3912 0.4477
vn -0.3739 0.3674 0.8516
vn -0.0842 0.3898 0.9170
vn -0.0516 0.3845 0.9217
vn -0.4208 0.6100 0.6714
vn -0.7542 0.5598 0.3432
vn -0.0482 0.6891 0.7231
vn -0.7014 0.6766 0.2242
vn -0.6691 0.6354 0.3855
vn -0.5071 0.7996 0.3216
vn -0.3113 0.8259 0.4701
vn -0.3423 0.8901 0.3009
vn -0.2110 0.8980 0.3861
vn -0.2376 0.9205 0.3103
vn -0.1112 0.9278 0.3562
vn -0.0308 0.9096 0.4143
vn -0.0325 0.8431 0.5368
vn -0.0297 0.8288 0.5588
vn -0.0466 0.8405 0.5398
vn -0.0488 0.8962 0.4409
vn -0.0544 0.8465 0.5296
vn -0.0356 0.9128 0.4069
vn -0.0301 0.9581 0.2847
vn -0.0329 0.8801 0.4737
vn -0.0472 0.5885 0.8071
vn -0.0485 0.4594 0.8869
vn -0.0476 0.4577 0.8878
vn -0.0379 0.7372 0.6746
vn -0.0190 0.9605 0.2777
vn -0.0386 0.6832 0.7292
vn -0.0453 0.4747 0.8790
vn -0.0169 0.9615 0.2742
vn 0.0096 0.9655 -0.2601
vn 0.0129 0.9364 -0.3506
vn -0.2569 -0.0000 -0.9664
vn -0.2551 -0.3931 -0.8834
vn -0.1298 -0.8824 -0.4522
vn -0.1289 -0.8780 -0.4610
vn -0.1805 -0.9797 -0.0874
vn -0.0302 -0.9991 -0.0306
vn -0.1472 -0.9803 0.1320
vn -0.0068 -0.9914 0.1309
vn -0.3728 -0.8659 0.3335
vn -0.1116 -0.9216 0.3717
vn 0.0060 -0.9458 0.3246
vn -0.4484 -0.6526 0.6108
vn -0.1363 -0.7194 0.6811
vn 0.0225 -0.7512 0.6597
vn -0.4362 -0.3410 0.8327
vn 0.0348 -0.3567 0.9336
vn -0.1019 -0.3045 0.9470
vn 0.0372 0.0000 0.9993
vn 0.0347 0.3566 0.9336
vn -0.1267 -0.0000 0.9919
vn 0.0225 0.7512 0.6597
vn -0.1019 0.3046 0.9470
vn -0.4056 0.0000 0.9140
vn 0.0060 0.9458 0.3246
vn -0.1363 0.7194 0.6811
vn -0.4362 0.3410 0.8327
vn -0.6717 0.0003 0.7408
vn -0.4484 0.6526 0.6108
vn -0.3727 0.8659 0.3335
vn -0.1116 0.9216 0.3717
vn -0.1472 0.9803 0.1320
vn -0.0068 0.9914 0.1309
vn -0.0302 0.9991 -0.0305
vn -0.1805 0.9797 -0.0874
vn -0.1298 0.8824 -0.4522
vn -0.1289 0.8780 -0.4610
vn -0.2551 0.3930 -0.8834
vn -0.3112 0.0001 -0.9503
vn 0.2323 0.0000 0.9726
vn 0.2020 -0.0000 0.9794
vn 0.0978 -0.0000 0.9952
vn -0.1329 0.0000 0.9911
vn -0.3619 -0.0001 0.9322
vn -0.6028 -0.0002 0.7979
vn -0.6191 -0.0001 0.7853
vn -0.3324 -0.0000 0.9431
vn 0.0083 -0.0000 1.0000
vn 0.3013 -0.0000 0.9535
vn 0.6506 -0.0000 0.7595
vn 0.9227 -0.0000 0.3856
vn 1.0000 -0.0000 -0.0089
vn 0.9316 -0.0000 -0.3635
vn 0.7619 -0.0000 -0.6477
vn 0.0259 -0.9856 -0.1673
vn 0.2437 -0.9683 -0.0540
vn 0.0252 -0.9670 -0.2536
vn 0.0977 -0.8785 -0.4676
vn 0.4478 -0.8819 -0.1473
vn -0.0024 -0.9735 -0.2285
vn 0.0117 -0.8796 -0.4755
vn 0.9407 -0.3145 -0.1271
vn 0.6328 -0.4610 -0.6221
vn 0.0315 -0.5823 -0.8124
vn 0.0416 -0.2206 -0.9745
vn 0.4942 -0.1945 -0.8473
vn 0.8158 0.1363 -0.5620
vn 0.0421 0.2238 -0.9737
vn 0.0340 0.5315 -0.8464
vn 0.3487 0.5898 -0.7284
vn 0.0167 0.8298 -0.5578
vn 0.9301 0.3527 -0.1025
vn -0.0020 0.9745 -0.2242
vn 0.5565 0.8208 -0.1290
vn 0.0252 0.9671 -0.2532
vn 0.2437 0.9683 -0.0539
vn 0.0259 0.9856 -0.1670
vn 0.0975 0.8792 -0.4664
vn 0.3871 -0.6934 0.6077
vn 0.7577 -0.5213 0.3926
vn 0.7199 -0.5416 0.4341
vn 0.4402 -0.7229 0.5325
vn 0.8582 -0.4574 0.2331
vn -0.4516 -0.7115 0.5384
vn -0.4213 -0.6912 0.5872
vn -0.7749 -0.5097 0.3737
vn -0.8433 -0.4728 0.2557
vn -0.5244 -0.7841 0.3318
vn -0.9026 -0.4267 0.0566
vn 0.5210 -0.8113 0.2652
vn 0.8984 -0.4344 0.0643
vn -0.5348 -0.8450 0.0071
vn -0.8983 -0.4344 -0.0660
vn 0.5348 -0.8448 -0.0195
vn 0.9062 -0.4192 -0.0562
vn -0.5247 -0.8207 -0.2263
vn -0.8952 -0.4062 -0.1832
vn 0.5488 -0.7984 -0.2479
vn 0.9132 -0.3726 -0.1650
vn -0.5157 -0.7374 -0.4363
vn -0.8931 -0.3498 -0.2830
vn 0.5607 -0.6986 -0.4444
vn 0.9206 -0.3008 -0.2490
vn -0.5110 -0.5971 -0.6183
vn -0.8885 -0.2695 -0.3715
vn 0.5711 -0.5357 -0.6219
vn 0.9206 -0.2133 -0.3271
vn -0.3819 -0.6318 -0.6745
vn -0.6522 -0.5157 0.5556
vn 0.4046 -0.2966 -0.8651
vn 0.4193 -0.0587 -0.9059
vn -0.1538 -0.9306 0.3322
vn -0.0815 0.2402 0.9673
vn 0.0654 -0.0963 -0.9932
vn -0.0825 0.0000 0.9966
vn 0.0827 -0.0000 -0.9966
vn 0.0188 0.0002 -0.9998
vn 0.0648 -0.0000 -0.9979
vn 0.0654 0.0966 -0.9932
vn 0.4193 0.0584 -0.9060
vn -0.1514 0.9310 0.3321
vn -0.0815 -0.2402 0.9673
vn -0.6521 0.5155 0.5559
vn 0.4045 0.2976 -0.8648
vn 0.9207 0.2133 -0.3269
vn -0.3819 0.6327 -0.6737
vn -0.8885 0.2695 -0.3714
vn 0.5711 0.5359 -0.6219
vn 0.9206 0.3009 -0.2491
vn -0.5110 0.5972 -0.6183
vn -0.8930 0.3499 -0.2830
vn 0.5607 0.6986 -0.4445
vn 0.9132 0.3727 -0.1651
vn -0.5157 0.7374 -0.4363
vn -0.8953 0.4060 -0.1832
vn 0.5488 0.7983 -0.2480
vn 0.9062 0.4191 -0.0562
vn -0.5248 0.8205 -0.2264
vn -0.8984 0.4342 -0.0659
vn 0.5349 0.8447 -0.0195
vn 0.8984 0.4344 0.0644
vn -0.5349 0.8449 0.0073
vn -0.9027 0.4266 0.0566
vn 0.5202 0.8119 0.2648
vn 0.8580 0.4577 0.2330
vn -0.5244 0.7842 0.3318
vn -0.8433 0.4728 0.2556
vn 0.4401 0.7231 0.5324
vn 0.7577 0.5214 0.3925
vn -0.4515 0.7115 0.5384
vn -0.7747 0.5098 0.3741
vn -0.4209 0.6912 0.5875
vn 0.3871 0.6935 0.6077
vn 0.7200 0.5416 0.4339
vn 0.0498 0.0000 -0.9988
vn 0.0499 0.0000 -0.9988
vn 0.0525 0.0000 -0.9986
vn 0.0549 -0.0000 -0.9985
vn 0.0546 0.0000 -0.9985
vn 0.1674 -0.8923 0.4192
vn 0.2865 -0.6571 0.6973
vn -0.0164 -0.9935 0.1127
vn -0.0324 0.2709 0.9621
vn 0.0060 0.9271 0.3748
vn -0.0457 -0.5766 0.8157
vn -0.0449 -0.8730 0.4856
vn -0.0466 -0.5031 0.8630
vn -0.0118 0.6134 0.7897
vn 0.0154 0.9179 0.3965
vn -0.0767 0.2663 0.9608
vn -0.0482 0.7384 0.6726
vn -0.3323 0.7508 0.5709
vn -0.0492 -0.8345 0.5488
vn -0.0795 -0.6144 0.7850
vn -0.4143 -0.1928 0.8895
vn -0.0456 -0.9761 0.2123
vn -0.7985 -0.1502 0.5829
vn -0.6678 0.6825 0.2970
vn -0.1733 -0.6749 0.7173
vn -0.2776 -0.8646 0.4189
vn -0.1443 -0.8883 0.4359
vn -0.3862 -0.8949 0.2237
vn -0.9571 0.1016 0.2713
vn -0.7840 0.5918 0.1875
vn -0.6100 0.7861 0.0997
vn -0.9013 -0.4283 0.0648
vn -0.8718 0.4876 0.0468
vn -0.5824 0.8074 0.0942
vn -0.1619 -0.9687 0.1881
vn -0.4103 -0.9098 0.0621
vn -0.1597 -0.9867 0.0302
vn -0.4328 -0.8883 -0.1539
vn -0.0371 -0.9993 0.0039
vn -0.1400 -0.9718 -0.1896
vn -0.0116 -0.9999 -0.0058
vn -0.0373 -0.9790 -0.2004
vn -0.0141 -0.9909 -0.1336
vn -0.0955 -0.8387 -0.5362
vn -0.0054 -0.8378 -0.5460
vn -0.0429 -0.8251 -0.5634
vn 0.0117 -0.3049 -0.9523
vn -0.0286 -0.3912 -0.9199
vn -0.1028 -0.3908 -0.9147
vn -0.2973 -0.8079 -0.5088
vn -0.0206 0.0000 -0.9998
vn 0.0211 -0.0000 -0.9998
vn 0.0119 0.3043 -0.9525
vn -0.0054 0.8376 -0.5462
vn -0.0286 0.3911 -0.9199
vn -0.0141 0.9909 -0.1336
vn -0.0429 0.8251 -0.5634
vn -0.1028 0.3908 -0.9147
vn -0.0116 0.9999 -0.0066
vn -0.0373 0.9790 -0.2003
vn -0.0164 0.9935 0.1127
vn -0.0371 0.9993 0.0039
vn -0.1245 0.8728 -0.4719
vn -0.1369 0.9747 -0.1769
vn -0.1596 0.9867 0.0302
vn -0.3976 0.9034 -0.1604
vn -0.2496 0.8107 -0.5296
vn -0.0447 0.9759 0.2134
vn -0.4623 0.3915 -0.7956
vn -0.5171 0.7767 -0.3597
vn -0.1330 0.0000 -0.9911
vn -0.7439 0.4471 -0.4967
vn -0.4486 -0.3376 -0.8275
vn -0.4641 0.0000 -0.8858
vn -0.8146 -0.0000 -0.5800
vn -0.7005 -0.5010 -0.5083
vn -0.5201 -0.7837 -0.3395
vn -0.9011 -0.4098 -0.1414
vn -0.9971 -0.0110 0.0752
vn -0.8611 0.3917 0.3242
vn -0.7542 0.4605 0.4682
vn -0.7058 0.2822 0.6498
vn -0.9162 -0.0000 0.4008
vn -0.7971 0.0000 0.6039
vn -0.7058 -0.2822 0.6498
vn -0.9971 0.0110 0.0752
vn -0.8611 -0.3917 0.3242
vn -0.7542 -0.4605 0.4681
vn -0.5825 -0.8073 0.0943
vn -0.9011 0.4099 -0.1414
vn -0.8718 -0.4876 0.0468
vn -0.6100 -0.7861 0.0997
vn -0.9443 0.3266 0.0412
vn -0.7840 -0.5918 0.1875
vn -0.6678 -0.6825 0.2971
vn -0.4279 0.9013 0.0680
vn -0.9564 0.1094 0.2708
vn -0.7985 0.1500 0.5830
vn -0.4063 -0.7408 0.5349
vn -0.3411 0.9091 0.2393
vn -0.1618 0.9687 0.1881
vn -0.1443 0.8884 0.4358
vn -0.2777 0.8645 0.4189
vn -0.3793 -0.0350 0.9246
vn -0.0640 -0.7508 0.6574
vn -0.1733 0.6749 0.7173
vn -0.0676 -0.1590 0.9850
vn 0.0154 -0.9179 0.3965
vn -0.0795 0.6145 0.7849
vn -0.0492 0.8346 0.5486
vn -0.0466 0.5031 0.8630
vn -0.0118 -0.6133 0.7898
vn 0.0060 -0.9270 0.3751
vn -0.0449 0.8731 0.4855
vn -0.0324 -0.2707 0.9621
vn -0.0457 0.5766 0.8157
vn 0.1674 0.8923 0.4193
vn 0.2865 0.6569 0.6974
vn 0.9988 0.0002 0.0498
vn 0.9988 -0.0000 0.0499
vn 0.9988 0.0001 0.0496
vn 0.9988 -0.0001 0.0498
vn -0.0560 -0.0000 0.9984
vn -0.0527 0.0000 0.9986
vn -0.0491 -0.0002 0.9988
vn -0.0499 -0.0000 0.9988
vn -0.0495 -0.0000 0.9988
vn -0.0496 -0.0000 0.9988
vn -0.3280 -0.3625 0.8723
vn -0.6958 -0.4138 0.5871
vn -0.2894 0.5030 0.8144
vn -0.6489 0.4124 0.6394
vn -0.8395 0.4189 0.3461
vn -0.8681 -0.4216 0.2618
vn -0.9051 0.4171 -0.0822
vn -0.8930 -0.4193 -0.1632
vn -0.7505 0.3589 -0.5549
vn -0.7083 -0.5001 -0.4982
vn -0.2988 0.4154 -0.8592
vn -0.3938 -0.4144 -0.8205
vn 0.0303 -0.4143 -0.9096
vn 0.0842 0.4140 -0.9064
vn 0.3334 -0.4162 -0.8460
vn 0.4059 0.4166 -0.8134
vn 0.6875 -0.4173 -0.5943
vn 0.7524 0.4179 -0.5092
vn 0.8029 -0.4680 -0.3692
vn 0.7667 0.4706 -0.4367
vn 0.5111 -0.3817 -0.7701
vn 0.4763 0.5322 -0.6999
vn 0.0563 -0.4184 -0.9065
vn 0.1367 0.4181 -0.8981
vn 0.3457 -0.3322 -0.8776
vn 0.0944 0.3149 -0.9444
vn 0.9996 -0.0000 0.0297
vn 0.1089 0.9940 -0.0039
vn 0.9989 0.0001 0.0479
vn 0.1089 -0.9940 -0.0039
vn -0.1420 0.9897 -0.0182
vn -0.1420 -0.9897 -0.0166
vn -0.9977 0.0000 -0.0685
vn -0.9986 0.0001 -0.0528
vn 0.9995 0.0000 0.0304
vn 0.1136 0.9935 -0.0043
vn 0.9989 -0.0000 0.0475
vn 0.1136 -0.9935 -0.0043
vn -0.1477 0.9889 -0.0185
vn -0.1478 -0.9889 -0.0173
vn -0.9977 0.0000 -0.0672
vn -0.9987 0.0000 -0.0517
vn 0.9995 -0.0001 0.0318
vn 0.1267 0.9919 -0.0036
vn 0.9988 -0.0000 0.0481
vn 0.1266 -0.9920 -0.0036
vn -0.1626 0.9865 -0.0198
vn -0.1626 -0.9865 -0.0181
vn -0.9978 -0.0001 -0.0666
vn -0.9987 -0.0002 -0.0516
vn 0.9995 0.0000 0.0312
vn 0.1223 0.9925 -0.0033
vn 0.9989 0.0000 0.0470
vn 0.1223 -0.9925 -0.0033
vn -0.1576 0.9873 -0.0187
vn -0.1577 -0.9873 -0.0172
vn -0.9978 -0.0000 -0.0663
vn 0.9996 -0.0001 0.0298
vn 0.1182 0.9930 -0.0038
vn 0.9989 -0.0000 0.0477
vn 0.1182 -0.9930 -0.0039
vn -0.1531 0.9880 -0.0192
vn -0.1530 -0.9881 -0.0174
vn -0.9977 -0.0001 -0.0673
vn -0.9986 -0.0001 -0.0521
vn 0.9996 0.0000 0.0294
vn 0.1143 0.9934 -0.0045
vn 0.9989 -0.0000 0.0472
vn 0.1143 -0.9934 -0.0040
vn -0.1485 0.9888 -0.0175
vn -0.1484 -0.9888 -0.0170
vn -0.9977 -0.0001 -0.0679
vn -0.9987 0.0001 -0.0514
vn 0.9995 -0.0000 0.0303
vn 0.1122 0.9937 -0.0044
vn 0.9989 0.0000 0.0476
vn 0.1122 -0.9937 -0.0044
vn -0.1457 0.9892 -0.0182
vn -0.1459 -0.9891 -0.0173
vn -0.9977 -0.0000 -0.0674
vn -0.9987 0.0000 -0.0518
vn 0.9995 -0.0001 0.0306
vn 0.1103 0.9939 -0.0038
vn 0.9988 -0.0001 0.0482
vn 0.1103 -0.9939 -0.0039
vn -0.1439 0.9894 -0.0181
vn -0.1438 -0.9895 -0.0166
vn -0.9977 -0.0001 -0.0672
vn -0.9987 -0.0000 -0.0516
vn 0.9996 0.0000 0.0283
vn 0.1077 0.9942 -0.0048
vn 0.9989 0.0001 0.0471
vn 0.1076 -0.9942 -0.0048
vn -0.1406 0.9899 -0.0187
vn -0.1407 -0.9899 -0.0173
vn -0.9976 -0.0000 -0.0692
vn -0.9986 -0.0000 -0.0521
vn 0.9996 -0.0001 0.0278
vn 0.1107 0.9938 -0.0055
vn 0.9989 -0.0001 0.0476
vn 0.1107 -0.9938 -0.0050
vn -0.1444 0.9893 -0.0182
vn -0.1443 -0.9894 -0.0178
vn -0.9976 -0.0001 -0.0697
vn -0.9986 -0.0001 -0.0522
vn 0.9996 -0.0001 0.0285
vn 0.1142 0.9934 -0.0041
vn 0.9989 -0.0001 0.0479
vn 0.1141 -0.9935 -0.0047
vn -0.1485 0.9888 -0.0171
vn -0.1484 -0.9888 -0.0178
vn -0.9976 -0.0001 -0.0690
vn 0.1702 -0.0013 -0.9854
vn 0.1545 -0.1649 -0.9741
vn 0.1219 -0.0470 -0.9914
vn 0.1219 0.0470 -0.9914
vn -0.2757 -0.9529 -0.1267
vn 0.1204 0.0673 -0.9904
vn -0.0931 -0.9900 -0.1060
vn -0.1688 -0.7978 0.5787
vn 0.1544 -0.6921 -0.7051
vn -0.0103 -0.9004 -0.4349
vn -0.0019 -0.4009 -0.9161
vn 0.1204 -0.0673 -0.9904
vn 0.1307 0.0003 -0.9914
vn 0.1043 0.0003 -0.9945
vn 0.1207 -0.0723 -0.9901
vn 0.1207 0.0722 -0.9901
vn 0.0516 -0.0919 -0.9944
vn 0.0516 0.0919 -0.9944
vn 0.0310 0.0697 -0.9971
vn -0.0052 0.0622 -0.9981
vn 0.0706 -0.0000 -0.9975
vn 0.0428 0.6787 -0.7331
vn -0.0074 -0.0000 -1.0000
vn -0.0052 -0.0622 -0.9981
vn 0.0378 -0.0516 -0.9980
vn 0.9509 0.0000 -0.3094
vn 0.9621 -0.1580 -0.2223
vn 0.9621 0.1580 -0.2223
vn 1.0000 -0.0000 -0.0091
vn 0.9616 -0.2725 -0.0338
vn 0.9616 0.2725 -0.0338
vn 0.9240 -0.3806 0.0355
vn 0.9997 0.0000 0.0246
vn 0.9320 -0.3614 0.0265
vn 0.9240 0.3806 0.0355
vn 0.9320 0.3614 0.0265
vn 0.9995 0.0000 -0.0323
vn 0.9367 0.3417 0.0762
vn 0.9367 -0.3417 0.0762
vn 0.9362 0.2627 0.2335
vn 1.0000 0.0000 -0.0077
vn 0.9467 0.0954 0.3076
vn 0.9362 -0.2627 0.2335
vn 0.9622 -0.0000 0.2723
vn 0.9467 -0.0953 0.3076
vn -0.8115 -0.5530 -0.1886
vn -0.9487 -0.2913 0.1230
vn -0.8770 -0.2888 -0.3841
vn -0.3432 -0.8205 -0.4572
vn -0.2621 -0.2095 -0.9420
vn -0.4747 -0.8666 0.1537
vn -0.6538 -0.2598 0.7106
vn 0.3098 -0.5132 -0.8004
vn 0.6508 -0.2610 -0.7130
vn 0.4729 -0.8674 -0.1551
vn 0.9474 -0.2949 -0.1244
vn -0.3112 -0.5129 0.8000
vn 0.2605 -0.2100 0.9424
vn 0.3414 -0.8206 0.4583
vn 0.8748 -0.2918 0.3868
vn 0.8095 -0.5556 0.1896
vn -0.9487 0.2913 0.1230
vn -0.8116 0.5529 -0.1886
vn -0.8770 0.2888 -0.3841
vn -0.3432 0.8205 -0.4572
vn -0.2621 0.2095 -0.9420
vn -0.4747 0.8666 0.1537
vn -0.6536 0.2610 0.7105
vn 0.3098 0.5133 -0.8004
vn 0.6504 0.2627 -0.7127
vn 0.4728 0.8674 -0.1551
vn 0.9474 0.2950 -0.1244
vn -0.3112 0.5130 0.8000
vn 0.2605 0.2101 0.9423
vn 0.8095 0.5556 0.1896
vn 0.8747 0.2919 0.3868
vn 0.3413 0.8207 0.4582
vn -0.7592 -0.4735 0.4466
vn -0.1439 -0.0757 0.9867
vn -0.6470 0.1078 0.7548
vn -0.2015 -0.7709 0.6043
vn -0.6842 -0.7205 0.1132
vn -0.1690 -0.5413 0.8237
vn -0.1347 0.1034 0.9855
vn -0.2888 0.1184 0.9500
vn -0.2477 0.0393 0.9680
vn -0.2055 -0.9557 0.2107
vn -0.0597 -0.6719 0.7382
vn 0.0605 -0.1355 0.9889
vn -0.0074 -0.9558 0.2939
vn 0.0356 -0.6785 0.7337
vn -0.2225 -0.9740 -0.0436
vn -0.8219 -0.5653 -0.0701
vn 0.0465 -0.9111 0.4095
vn -0.1687 -0.9816 -0.0898
vn -0.8333 -0.5515 -0.0379
vn 0.0618 -0.9980 -0.0105
vn -0.0131 -0.9327 -0.3603
vn -0.7666 -0.6281 -0.1334
vn -0.3103 -0.5723 -0.7591
vn 0.0865 -0.9846 -0.1522
vn 0.1550 -0.5777 -0.8014
vn 0.1780 0.0000 -0.9840
vn -0.2965 0.0000 -0.9550
vn -0.3465 0.4804 -0.8057
vn 0.0432 0.0000 -0.9991
vn 0.0930 0.6663 -0.7399
vn -0.6579 0.7196 -0.2219
vn -0.0018 -0.8913 -0.4534
vn -0.4106 -0.7232 -0.5554
vn -0.4071 -0.0000 -0.9134
vn -0.0843 -0.9902 -0.1114
vn -0.8460 0.0000 -0.5331
vn -0.7076 -0.6861 -0.1691
vn -0.3988 -0.8990 0.1812
vn -0.4212 -0.8613 0.2841
vn -0.4106 0.7232 -0.5554
vn -0.7076 0.6861 -0.1691
vn 0.0624 -0.9945 -0.0838
vn -0.0583 -0.9923 0.1096
vn 0.0978 -0.9946 0.0358
vn 0.2052 -0.9672 0.1497
vn 0.1457 -0.9117 0.3841
vn 0.4009 -0.8822 0.2472
vn 0.0617 -0.9359 0.3468
vn 0.3984 -0.6881 0.6064
vn 0.3391 -0.7949 0.5032
vn 0.1048 -0.5318 0.8404
vn 0.0779 0.0491 0.9958
vn 0.2772 0.0001 0.9608
vn 0.2748 -0.4842 0.8307
vn 0.4331 -0.4549 0.7781
vn 0.5220 -0.5551 0.6476
vn 0.6699 0.0000 0.7424
vn 0.4761 0.0000 0.8794
vn -0.0274 0.9866 -0.1611
vn -0.3988 0.8990 0.1813
vn -0.4064 0.8746 0.2645
vn 0.0278 0.8985 -0.4382
vn 0.4366 0.7755 -0.4560
vn 0.0547 0.9959 0.0721
vn 0.3632 0.7509 -0.5516
vn 0.0039 0.9556 -0.2946
vn -0.8333 0.5515 -0.0378
vn 0.2072 0.7932 -0.5726
vn -0.1613 0.9830 -0.0883
vn -0.8219 0.5653 -0.0704
vn 0.0888 0.8294 -0.5516
vn -0.2169 0.9748 -0.0520
vn -0.6887 0.7162 0.1131
vn 0.0614 0.5086 -0.8588
vn -0.2130 0.9536 0.2127
vn 0.2988 0.5979 -0.7438
vn -0.2034 0.7337 0.6483
vn -0.8405 0.4462 0.3073
vn 0.0120 0.9757 0.2188
vn -0.0675 0.7023 0.7087
vn -0.2434 0.9663 -0.0843
vn -0.3520 0.9177 0.1842
vn -0.3738 0.5999 0.7074
vn -0.4666 0.8556 -0.2243
vn -0.7925 0.6066 -0.0631
vn -0.6424 0.7377 0.2078
vn -0.5582 0.4694 0.6841
vn -0.3323 0.8631 0.3803
vn -0.1341 0.5981 0.7901
vn -0.4724 0.8804 0.0428
vn 0.0682 0.4376 0.8966
vn 0.0693 0.9575 0.2801
vn 0.1251 0.5504 0.8255
vn -0.6208 0.7691 -0.1519
vn -0.8133 0.5297 -0.2408
vn -0.6867 0.5012 -0.5265
vn -0.4270 0.8053 -0.4113
vn -0.3778 0.8064 -0.4549
vn -0.3861 0.4795 -0.7880
vn -0.1422 0.7949 -0.5898
vn -0.1277 0.8111 -0.5708
vn 0.1351 0.8325 -0.5374
vn 0.1871 0.9210 -0.3416
vn 0.3872 0.8340 -0.3932
vn 0.4445 0.8367 -0.3198
vn 0.1691 0.9469 0.2735
vn 0.4112 0.7879 0.4584
vn 0.3179 0.9087 0.2705
vn -0.0428 0.9168 0.3971
vn 0.3143 0.7251 0.6127
vn 0.2687 0.4233 0.8652
vn 0.5312 0.5798 0.6178
vn 0.4182 0.4184 0.8062
vn -0.8222 0.4985 0.2747
vn 0.4273 0.8045 0.4126
vn 0.8543 0.3912 0.3423
vn -0.3457 0.3945 0.8514
vn -0.3774 -0.8059 0.4561
vn 0.7637 -0.6120 0.2054
vn 0.4469 -0.4001 0.8001
vn -0.7151 -0.4596 0.5267
vn 0.0365 0.5749 -0.8174
vn -0.3534 0.6925 -0.6290
vn 0.1221 0.9003 -0.4178
vn -0.9890 0.0135 -0.1475
vn -0.8333 0.1623 0.5284
vn 0.1164 0.8885 0.4439
vn -0.8973 0.2651 0.3530
vn 0.0390 0.9721 0.2314
vn -0.5281 0.3818 -0.7585
vn 0.6317 0.4133 -0.6559
vn -0.8995 0.2643 -0.3479
vn 0.8307 0.2277 -0.5080
vn 0.0521 0.2636 0.9632
vn -0.5805 0.2804 0.7644
vn 0.0677 0.7001 0.7108
vn -0.5593 0.4700 0.6828
vn -0.7434 0.6065 0.2819
vn -0.6543 0.5618 0.5062
vn -0.9730 0.1661 0.1604
vn -0.1365 0.4422 0.8865
vn 0.8930 -0.4472 -0.0504
vn 0.6897 0.6336 -0.3504
vn 0.7062 0.7069 -0.0400
vn 0.4644 -0.8536 -0.2360
vn 0.0452 0.3475 -0.9366
vn 0.7573 -0.5920 -0.2758
vn -0.3730 -0.3535 -0.8579
vn 0.5416 0.8004 -0.2570
vn -0.9558 -0.0000 -0.2940
vn 0.8094 0.2794 0.5166
vn 0.7656 0.2717 0.5831
vn 0.4095 0.7697 0.4897
vn 0.7637 0.2763 0.5835
vn 0.5134 0.5141 -0.6871
vn 0.6969 0.1520 -0.7008
vn 0.7710 0.3824 -0.5092
vn 0.6992 0.3371 -0.6305
vn 0.3414 -0.5892 0.7323
vn 0.6637 -0.2948 0.6875
vn 0.8092 -0.3803 0.4478
vn 0.9249 -0.1632 0.3433
vn 0.6636 -0.4651 -0.5860
vn 0.5890 -0.3171 -0.7433
vn 0.5024 -0.5460 -0.6705
vn 0.7003 -0.2743 -0.6590
vn -0.3647 0.4138 0.8341
vn 0.3224 0.9336 -0.1561
vn -0.8246 0.5641 -0.0434
vn 0.7075 -0.1260 0.6954
vn -0.9097 0.3123 -0.2737
vn -0.8179 -0.0352 0.5742
vn -0.4034 -0.5277 0.7475
vn -0.4653 0.6377 -0.6139
vn -0.8364 0.5358 -0.1158
vn -0.3779 -0.4096 0.8303
vn 0.0573 0.0376 0.9976
vn 0.5599 0.5144 0.6495
vn 0.7011 -0.0101 0.7130
vn 0.0483 0.5723 0.8186
vn 0.5042 0.7484 0.4309
vn 0.0272 0.9091 0.4157
vn 0.4838 0.8737 0.0501
vn 0.7425 0.5658 0.3585
vn 0.7536 0.2889 0.5904
vn 0.7187 0.6929 0.0578
vn 0.7543 -0.0645 0.6534
vn 0.0057 1.0000 0.0012
vn 0.3016 0.9462 -0.1173
vn 0.7052 0.6753 -0.2160
vn -0.0092 0.9512 -0.3084
vn 0.6968 0.5379 -0.4744
vn -0.0320 0.6436 -0.7647
vn 0.6862 0.2414 -0.6862
vn -0.0435 0.1676 -0.9849
vn 0.6853 -0.1305 -0.7164
vn -0.0410 -0.3519 -0.9352
vn 0.6926 -0.4459 -0.5670
vn -0.0255 -0.7682 -0.6397
vn 0.7027 -0.6510 -0.2871
vn -0.0036 -0.9820 -0.1888
vn 0.7141 -0.6993 -0.0320
vn 0.3879 -0.9217 0.0085
vn 0.6155 -0.7786 -0.1220
vn 0.0130 -0.9899 0.1410
vn 0.7363 -0.6303 0.2463
vn 0.4983 -0.7956 0.3446
vn 0.0357 -0.8158 0.5772
vn 0.7504 -0.3917 0.5324
vn 0.5640 -0.5020 0.6557
vn 0.0524 -0.4532 0.8899
vn 0.5452 0.6142 0.5705
vn 0.6914 -0.0283 0.7219
vn 0.4945 -0.5467 0.6757
vn 0.3671 0.8956 -0.2513
vn 0.4821 0.8760 0.0155
vn 0.4699 0.7654 0.4397
vn 0.2796 0.7925 0.5420
vn -0.8260 0.5037 0.2531
vn -0.5321 0.5718 0.6244
vn -0.8771 0.2812 0.3895
vn -0.1218 0.7164 0.6870
vn 0.0079 0.9946 0.1036
vn 0.3135 0.7628 0.5655
vn -0.0091 0.9766 -0.2147
vn -0.7664 0.5629 0.3094
vn 0.7423 0.4906 0.4564
vn -0.6810 0.4012 0.6126
vn -0.0178 0.9233 -0.3837
vn -0.0172 0.9232 -0.3839
vn 0.0972 0.9659 -0.2398
vn -0.5582 -0.6616 0.5007
vn 0.4743 -0.6963 0.5387
vn 0.3067 -0.8978 0.3160
vn -0.6967 -0.6087 0.3795
vn 0.4869 -0.8690 0.0886
vn -0.8226 -0.5378 0.1847
vn -0.4386 -0.8979 0.0375
vn 0.2179 -0.9535 -0.2083
vn -0.0141 -0.9628 -0.2698
vn -0.0157 -0.9265 -0.3760
vn -0.6657 -0.7290 0.1593
vn -0.0183 -0.9308 -0.3650
vn -0.0182 -0.9195 -0.3928
vn -0.2920 -0.6170 0.7308
vn 0.3172 -0.9452 0.0779
vn -0.0198 -0.9001 -0.4353
vn -0.0170 -0.9282 -0.3717
vn -0.0064 -0.9722 -0.2341
vn 0.7918 -0.5689 0.2224
vn -0.6096 -0.7628 -0.2159
vn 0.6004 -0.7986 0.0411
vn -0.8675 -0.4392 -0.2337
vn -0.7073 -0.7069 0.0014
vn -0.0309 -0.7335 -0.6790
vn -0.6945 -0.6938 0.1905
vn -0.7331 -0.4968 -0.4645
vn -0.9599 -0.1897 -0.2066
vn 0.7268 -0.6659 0.1684
vn -0.7818 -0.5343 0.3215
vn 0.7332 -0.5915 0.3354
vn -0.6778 -0.4668 0.5681
vn 0.8319 -0.3290 0.4469
vn 0.8841 0.0021 0.4673
vn -0.7462 -0.0059 0.6657
vn 0.7433 -0.0075 0.6689
vn -0.6542 -0.0008 0.7563
vn 0.8314 0.0036 0.5556
vn -0.7554 -0.0074 0.6552
vn -0.9547 -0.1606 -0.2505
vn -0.5602 -0.2498 -0.7898
vn -0.6619 -0.6297 -0.4067
vn 0.2529 -0.8220 -0.5102
vn -0.7776 -0.2912 -0.5573
vn 0.6091 0.5553 -0.5662
vn -0.5547 0.8320 0.0081
vn 0.6082 0.4471 -0.6559
vn 0.6686 0.7276 -0.1535
vn -0.5545 0.8321 -0.0084
vn 0.6499 0.7182 0.2487
vn -0.6807 0.7172 -0.1495
vn 0.5104 0.7113 0.4833
vn -0.5545 0.7112 -0.4321
vn 0.3140 0.7122 0.6278
vn -0.3846 0.7119 -0.5876
vn 0.1269 0.7095 0.6932
vn -0.1820 0.7098 -0.6805
vn 0.0024 0.7079 0.7063
vn -0.0317 0.7078 -0.7057
vn -0.1031 0.7080 0.6986
vn 0.0676 0.7081 -0.7029
vn -0.2407 0.7091 0.6627
vn 0.1962 0.7093 -0.6770
vn -0.4226 0.7114 0.5615
vn 0.3595 0.7104 -0.6050
vn -0.5470 0.7087 0.4456
vn 0.5046 0.7087 -0.4931
vn -0.6747 0.7197 0.1635
vn 0.5145 0.7114 -0.4788
vn -0.7059 0.7070 0.0428
vn 0.5169 0.7325 -0.4430
vn -0.6728 0.7167 -0.1835
vn 0.6321 0.7274 -0.2671
vn -0.4225 0.8399 -0.3406
vn -0.4242 0.7071 -0.5657
vn 0.4719 0.5547 -0.6852
vn -0.4939 0.8326 0.2506
vn 0.4343 0.4472 -0.7819
vn 0.5900 0.7164 -0.3724
vn -0.5175 0.8380 0.1731
vn 0.6970 0.7167 -0.0219
vn -0.6942 0.7188 0.0373
vn 0.6669 0.7092 0.2287
vn -0.6591 0.7093 -0.2500
vn 0.6178 0.7123 0.3331
vn -0.6314 0.5896 -0.5037
vn -0.2684 -0.8944 -0.3577
vn -0.6157 -0.6120 -0.4964
vn 0.5467 -0.7274 -0.4147
vn -0.6940 -0.7168 -0.0683
vn 0.6197 -0.7325 -0.2817
vn -0.7060 -0.7071 0.0396
vn 0.4583 -0.7114 -0.5328
vn -0.6307 -0.7197 0.2902
vn 0.5365 -0.7087 -0.4582
vn -0.5163 -0.7087 0.4808
vn 0.4166 -0.7104 -0.5672
vn -0.3575 -0.7114 0.6050
vn 0.2491 -0.7092 -0.6595
vn -0.1899 -0.7091 0.6790
vn 0.1054 -0.7081 -0.6982
vn -0.0674 -0.7080 0.7030
vn -0.0009 -0.7078 -0.7064
vn 0.0364 -0.7079 0.7053
vn -0.1223 -0.7098 -0.6937
vn 0.1831 -0.7094 0.6806
vn -0.3135 -0.7119 -0.6285
vn 0.3876 -0.7122 0.5852
vn -0.5049 -0.7112 -0.4892
vn 0.5602 -0.7113 0.4246
vn -0.6450 -0.7172 -0.2638
vn 0.6840 -0.7182 0.1280
vn -0.7997 -0.6002 -0.0120
vn 0.6098 -0.7276 -0.3144
vn -0.3162 -0.9487 0.0060
vn 0.5877 -0.5552 -0.5885
vn 0.4808 -0.7071 -0.5185
vn -0.4127 -0.8155 -0.4057
vn 0.6431 -0.7094 0.2884
vn -0.6452 -0.7082 -0.2867
vn 0.6874 -0.7080 0.1621
vn -0.6921 -0.7176 -0.0781
vn 0.6839 -0.7151 -0.1445
vn -0.7489 -0.6061 0.2678
vn 0.5120 -0.7147 -0.4764
vn -0.2843 -0.9490 0.1359
vn 0.4358 -0.5545 -0.7090
vn 0.3434 -0.7071 -0.6181
vn 0.4618 0.0874 0.8827
vn 0.6233 -0.2899 0.7262
vn 0.1232 -0.0547 0.9909
vn 0.7720 -0.2213 0.5959
vn 0.7331 -0.5165 0.4425
vn 0.5397 -0.6390 0.5481
vn 0.6240 -0.7569 0.1942
vn 0.5420 -0.8119 0.2169
vn 0.7128 -0.6547 0.2514
vn 0.7201 -0.6219 0.3078
vn 0.3443 -0.8703 0.3523
vn 0.2888 -0.8476 0.4451
vn -0.0026 -0.6194 0.7851
vn -0.0013 -0.8494 0.5278
vn -0.2797 -0.8550 0.4367
vn -0.4424 -0.7708 0.4585
vn -0.6640 -0.6906 0.2866
vn -0.3951 -0.8916 0.2211
vn -0.5592 -0.7021 0.4409
vn -0.6888 -0.6813 0.2476
vn -0.6524 -0.4785 0.5877
vn -0.4717 -0.7090 0.5243
vn -0.5507 -0.2906 0.7825
vn -0.5319 -0.2350 0.8135
vn -0.4593 0.0162 0.8881
vn -0.3880 -0.1099 0.9151
vn 0.6773 0.0499 -0.7340
vn 0.5266 0.3407 -0.7789
vn 0.7780 -0.0661 -0.6247
vn 0.6832 0.3942 -0.6147
vn 0.6764 -0.0713 -0.7331
vn -0.7485 -0.3005 -0.5911
vn -0.7499 0.0421 -0.6602
vn 0.6852 -0.4143 -0.5990
vn -0.7366 -0.5822 -0.3442
vn 0.7978 -0.5373 -0.2735
vn -0.7183 -0.6957 -0.0114
vn 0.7214 -0.6919 0.0297
vn -0.6186 -0.5999 0.5074
vn 0.8297 -0.4342 0.3509
vn -0.3574 -0.2981 0.8851
vn 0.7176 -0.2570 0.6473
vn -0.3328 0.0039 0.9430
vn 0.7151 0.0615 0.6963
vn -0.4766 0.2499 0.8428
vn 0.7238 0.3492 0.5951
vn -0.6897 0.4628 0.5569
vn 0.8215 0.5330 0.2026
vn -0.7175 0.6917 0.0819
vn 0.7091 0.6964 -0.1105
vn -0.7302 0.6329 -0.2572
vn 0.7917 0.4788 -0.3793
vn -0.7456 0.3899 -0.5404
vn 0.6852 0.2791 -0.6728
vn -0.7485 -0.0786 -0.6585
vn -0.7463 -0.2955 -0.5964
vn -0.7547 0.0598 -0.6534
vn -0.7438 -0.4031 -0.5331
vn -0.7411 -0.5705 -0.3540
vn -0.7331 -0.6358 -0.2414
vn -0.7162 -0.6977 -0.0170
vn -0.7097 -0.6966 0.1054
vn -0.7025 -0.6315 0.3282
vn -0.6976 -0.5675 0.4373
vn -0.6881 -0.3990 0.6061
vn -0.4689 -0.2954 0.8324
vn -0.6784 -0.0509 0.7329
vn -0.2971 0.0585 0.9531
vn -0.6844 0.2951 0.6668
vn -0.3463 0.4586 0.8184
vn -0.6963 0.5850 0.4159
vn -0.5925 0.6609 0.4606
vn -0.7134 0.6951 0.0892
vn -0.7256 0.6876 -0.0253
vn -0.7343 0.6304 -0.2517
vn -0.7407 0.5678 -0.3591
vn -0.7461 0.3970 -0.5346
vn -0.7492 0.2849 -0.5979
vn -0.7553 -0.0584 -0.6528
vn -0.5997 -0.3415 -0.7237
vn -0.3713 0.0822 -0.9249
vn -0.7475 -0.3987 -0.5313
vn -0.7385 -0.5693 -0.3612
vn -0.7334 -0.6298 -0.2557
vn -0.8103 -0.5860 -0.0114
vn -0.7133 -0.6938 0.0993
vn -0.6984 -0.6299 0.3399
vn -0.6965 -0.5707 0.4350
vn -0.5334 -0.4751 0.6998
vn -0.6854 -0.2959 0.6653
vn -0.2099 -0.0000 0.9777
vn -0.8141 0.0036 0.5807
vn -0.5784 0.3952 0.7136
vn -0.8125 0.2696 0.5169
vn -0.6982 0.5726 0.4298
vn -0.7051 0.6356 0.3143
vn -0.5597 0.8237 0.0902
vn -0.7151 0.6984 -0.0277
vn -0.7325 0.6360 -0.2429
vn -0.7390 0.5743 -0.3523
vn -0.7414 0.4006 -0.5383
vn -0.7494 0.2899 -0.5953
vn -0.0260 -0.4289 -0.9030
vn 0.6904 -0.0620 -0.7208
vn -0.0300 0.0921 -0.9953
vn 0.6928 -0.4006 -0.5996
vn -0.0088 -0.8150 -0.5794
vn 0.7085 -0.6237 -0.3302
vn 0.0163 -0.9958 -0.0904
vn 0.7216 -0.6923 0.0003
vn 0.0339 -0.9675 0.2505
vn 0.7295 -0.6515 0.2083
vn 0.0525 -0.7933 0.6066
vn 0.7519 -0.4361 0.4944
vn 0.0686 -0.3381 0.9386
vn 0.7560 -0.1102 0.6452
vn 0.0713 0.1701 0.9828
vn 0.7569 0.2272 0.6127
vn 0.0591 0.6651 0.7444
vn 0.7500 0.5393 0.3829
vn 0.0400 0.9260 0.3754
vn 0.7284 0.6631 0.1726
vn 0.0225 0.9994 0.0246
vn 0.7170 0.6872 -0.1166
vn -0.0006 0.9086 -0.4177
vn 0.7024 0.5639 -0.4343
vn -0.0212 0.5795 -0.8147
vn 0.6882 0.2967 -0.6621
vn 0.7620 -0.1704 0.6248
vn -0.5431 -0.3889 0.7442
vn -0.7530 -0.1804 -0.6328
vn 0.6726 -0.0314 -0.7393
vn -0.7578 0.0372 -0.6514
vn 0.5129 -0.2645 -0.8167
vn -0.7419 -0.3298 -0.5837
vn 0.6769 -0.3755 -0.6331
vn -0.6352 -0.5580 -0.5340
vn 0.8794 -0.3053 -0.3654
vn 0.6723 0.1530 -0.7243
vn -0.7565 0.2184 -0.6164
vn 0.6769 0.3618 -0.6410
vn -0.9260 0.2337 -0.2965
vn -0.7391 0.4788 -0.4738
vn 0.5277 0.6081 -0.5931
vn -0.6882 -0.5006 0.5252
vn 0.0471 -0.5036 0.8626
vn -0.8370 -0.2261 0.4983
vn 0.0385 -0.6306 0.7752
vn -0.7794 -0.2019 0.5932
vn 0.0491 -0.2586 0.9647
vn -0.6907 -0.3883 0.6100
vn -0.7785 0.1034 0.6191
vn -0.6754 -0.1184 0.7279
vn 0.0497 0.2619 0.9638
vn -0.7814 0.3632 0.5074
vn -0.6799 0.2444 0.6914
vn 0.0389 0.6598 0.7505
vn -0.5742 0.4183 0.7038
vn 0.5923 0.5905 0.5482
vn 0.2206 0.1893 0.9568
vn 0.5021 0.8572 0.1144
vn 0.8227 0.5409 -0.1747
vn -0.1989 0.3856 -0.9010
vn -0.6671 -0.1525 -0.7292
vn -0.7768 0.3500 -0.5235
vn -0.3815 -0.4474 -0.8089
vn -0.1102 0.6930 -0.7125
vn -0.1381 -0.6031 -0.7856
vn 0.0597 0.4826 -0.8738
vn 0.0500 -0.6159 -0.7862
vn 0.0657 0.6120 -0.7882
vn 0.0631 -0.6121 -0.7883
vn -0.2079 0.3673 -0.9066
vn -0.2768 -0.6645 -0.6941
vn -0.4000 -0.4617 -0.7917
vn -0.2157 0.6928 -0.6881
vn -0.4725 0.6254 -0.6210
vn 0.1336 0.6811 -0.7199
vn 0.0917 -0.4521 -0.8872
vn -0.2548 -0.8198 -0.5128
vn 0.3235 0.3483 -0.8798
vn 0.2993 -0.5003 -0.8125
vn 0.2387 0.4736 -0.8478
vn 0.3847 -0.5155 -0.7657
vn 0.1010 -0.4847 -0.8688
vn 0.2084 0.5378 -0.8169
vn 0.5264 -0.1342 -0.8396
vn 0.5477 -0.6130 -0.5695
vn 0.3952 0.3878 -0.8327
vn 0.7411 0.2464 -0.6246
vn 0.7170 -0.6964 0.0297
vn 0.7124 -0.6981 -0.0724
vn -0.7680 -0.4071 0.4945
vn 0.5854 -0.5572 0.5889
vn 0.8693 -0.4616 0.1768
vn 0.4331 -0.6861 0.5846
vn 0.7970 -0.5995 0.0730
vn -0.7816 -0.5289 0.3306
vn -0.6694 -0.0050 0.7429
vn -0.9986 0.0008 0.0536
vn -0.9987 0.0005 0.0514
vn -0.9987 -0.0094 0.0509
vn -0.8350 -0.5494 0.0318
vn -0.9981 0.0003 0.0617
vn -0.7040 -0.6883 0.1751
vn -0.9987 -0.0018 0.0517
vn -0.9984 0.0054 0.0557
vn -0.9987 -0.0014 0.0511
vn -0.9982 -0.0029 0.0601
vn -0.9988 -0.0012 0.0496
vn -0.9987 0.0018 0.0507
vn -0.9977 0.0110 0.0665
vn -0.9985 -0.0016 0.0541
vn -0.9994 -0.0050 0.0329
vn -0.3186 -0.4713 0.8224
vn -0.6510 -0.4227 0.6305
vn -0.6074 -0.7944 0.0051
vn -0.8294 -0.5342 0.1635
vn -0.6159 0.7707 -0.1636
vn -0.8351 0.5483 0.0430
vn -0.5983 0.7689 0.2254
vn 0.0528 0.9715 0.2312
vn -0.0439 0.1169 0.9922
vn -0.2366 0.0000 0.9716
vn -0.1547 -0.2402 0.9583
vn -0.3018 -0.0000 0.9534
vn -0.3802 -0.3687 0.8482
vn -0.2360 -0.7655 0.5986
vn -0.2953 -0.8955 0.3330
vn -0.1127 -0.9877 0.1080
vn -0.0564 -0.9964 -0.0631
vn -0.1169 -0.9533 -0.2786
vn -0.0723 -0.8892 -0.4518
vn -0.0190 -0.5009 -0.8653
vn 0.0038 -0.9891 0.1473
vn -0.0051 -0.0635 -0.9980
vn 0.1335 -0.1325 -0.9822
vn -0.1358 -0.7830 0.6070
vn -0.0104 -0.0698 -0.9975
vn -0.0056 -0.0258 -0.9997
vn -0.0052 -0.0301 -0.9995
vn -0.0579 -0.4695 -0.8810
vn 0.0032 -0.0813 -0.9967
vn 0.0070 -0.0228 -0.9997
vn -0.0022 -0.5731 -0.8195
vn 0.0203 -0.0922 -0.9955
vn 0.0118 0.0000 -0.9999
vn 0.0070 -0.2921 -0.9564
vn -0.0134 -0.9075 -0.4198
vn -0.0002 -0.4243 -0.9055
vn -0.1124 -0.8559 -0.5047
vn -0.0038 -0.9921 -0.1256
vn -0.0503 -0.9884 0.1432
vn -0.2586 -0.9646 0.0511
vn -0.2045 -0.7432 0.6370
vn -0.2025 -0.9393 0.2771
vn -0.2887 -0.2655 0.9199
vn -0.4026 -0.0000 0.9154
vn -0.3545 -0.1938 0.9148
vn -0.1728 -0.0048 0.9850
vn 0.0486 -0.3004 0.9526
vn 0.0484 -0.0090 0.9988
vn 0.1923 -0.2136 0.9578
vn 0.1153 -0.0122 0.9933
vn 0.2507 -0.6065 0.7545
vn 0.0349 -0.7371 0.6749
vn -0.0609 -0.6726 0.7375
vn 0.2217 -0.7926 0.5680
vn -0.1997 -0.8453 0.4956
vn 0.2986 -0.9353 0.1898
vn -0.3503 -0.9269 0.1350
vn 0.2142 -0.9556 -0.2025
vn -0.4115 -0.9051 0.1071
vn -0.2288 -0.9546 -0.1909
vn 0.2457 -0.7629 -0.5980
vn -0.0176 -0.7795 -0.6261
vn 0.1561 -0.4699 -0.8688
vn 0.1527 -0.1002 -0.9832
vn 0.1346 0.1148 -0.9842
vn 0.0207 0.0952 -0.9952
vn 0.0075 0.0345 -0.9994
vn -0.0147 0.5008 -0.8654
vn 0.1561 0.4699 -0.8688
vn 0.0030 0.0832 -0.9965
vn -0.0053 0.0300 -0.9995
vn -0.0175 0.3489 -0.9370
vn -0.0445 0.7823 -0.6213
vn 0.2457 0.7629 -0.5980
vn -0.0851 0.7300 -0.6781
vn -0.3021 0.9413 -0.1506
vn 0.2142 0.9556 -0.2025
vn -0.2147 0.9175 -0.3349
vn -0.0711 0.8879 -0.4546
vn -0.3008 0.9536 0.0129
vn -0.2908 0.9484 0.1267
vn 0.2986 0.9353 0.1898
vn -0.3844 0.9174 0.1034
vn -0.1995 0.8477 0.4916
vn 0.2216 0.7942 0.5658
vn -0.2155 0.9366 0.2763
vn -0.0021 0.9945 -0.1043
vn -0.0451 0.6428 0.7647
vn 0.2509 0.6044 0.7561
vn 0.0492 0.2329 0.9713
vn 0.1923 0.2135 0.9578
vn 0.0484 0.0090 0.9988
vn 0.1153 0.0122 0.9933
vn -0.1728 0.0048 0.9849
vn -0.2391 0.2741 0.9315
vn -0.4025 0.0000 0.9154
vn 0.0352 0.7392 0.6726
vn -0.2422 0.2280 0.9431
vn -0.2522 0.7778 0.5757
vn 0.0025 -0.0621 0.9981
vn -0.0632 0.9834 0.1698
vn -0.0268 -0.0894 0.9956
vn -0.1878 0.2847 0.9400
vn -0.1399 0.7832 0.6058
vn -0.3917 0.3233 0.8614
vn -0.2349 0.7608 0.6050
vn -0.3448 0.7908 0.5058
vn 0.0049 0.9809 0.1944
vn -0.1652 0.9724 0.1647
vn -0.1506 0.9688 -0.1968
vn -0.0385 0.9894 -0.1403
vn -0.0723 0.8892 -0.4518
vn 0.0106 0.4692 -0.8830
vn -0.0083 0.9078 -0.4194
vn -0.0579 0.4695 -0.8810
vn -0.0005 0.5950 -0.8037
vn -0.0113 0.0747 -0.9971
vn -0.0051 0.0546 -0.9985
vn 0.1575 0.1323 -0.9786
vn -0.0053 0.0297 -0.9995
vn 0.5762 -0.4111 -0.7064
vn 0.8137 -0.2886 -0.5045
vn 0.6456 0.4013 0.6497
vn 0.9177 0.2263 0.3264
vn 0.6085 0.0805 0.7894
vn 0.7523 -0.0535 0.6566
vn 0.6472 -0.3881 0.6561
vn 0.8628 -0.2667 0.4294
vn 0.6040 0.7956 -0.0461
vn 0.7154 0.6969 -0.0500
vn -0.4980 0.4842 -0.7194
vn 0.8667 0.2030 -0.4556
vn 0.3803 0.4185 -0.8248
vn 0.7876 -0.0323 -0.6154
vn 0.3348 0.3472 -0.8760
vn -0.9970 -0.0000 -0.0770
vn -0.7580 0.6178 0.2094
vn -0.9988 -0.0000 -0.0495
vn -0.7793 0.4546 -0.4314
vn -0.4289 0.8771 -0.2162
vn -0.5375 0.7832 0.3127
vn -0.2828 0.9437 0.1717
vn 0.0982 0.8750 -0.4741
vn -0.5605 0.7385 0.3746
vn 0.1854 0.9787 -0.0876
vn 0.5344 0.5417 -0.6488
vn -0.2337 0.9616 0.1442
vn -0.4077 0.8023 0.4360
vn -0.2896 0.8950 0.3394
vn -0.1059 0.7392 0.6651
vn 0.1685 0.0000 0.9857
vn -0.1267 -0.0019 0.9919
vn -0.2167 0.5425 0.8116
vn -0.2489 -0.0009 0.9685
vn -0.1682 0.9134 0.3706
vn -0.2730 0.4450 0.8529
vn -0.1839 0.9028 0.3887
vn 0.1362 0.9844 -0.1115
vn 0.1244 0.9775 -0.1703
vn 0.0585 0.9338 -0.3531
vn 0.2346 0.9613 -0.1447
vn 0.2517 0.5714 -0.7811
vn 0.7164 0.6100 -0.3387
vn 0.8051 0.0000 -0.5932
vn 0.6726 0.5976 -0.4363
vn 0.8967 -0.0000 -0.4426
vn 0.5805 0.5921 -0.5589
vn 0.8136 -0.0000 -0.5815
vn 0.7164 -0.6100 -0.3387
vn 0.5344 -0.5417 -0.6489
vn 0.6726 -0.5976 -0.4363
vn 0.1989 -0.9771 -0.0753
vn 0.1307 -0.8024 -0.5823
vn -0.3802 -0.9074 -0.1790
vn 0.1426 -0.9856 -0.0911
vn -0.2885 -0.9414 0.1746
vn 0.5805 -0.5921 -0.5589
vn -0.3128 -0.9304 0.1912
vn 0.1705 -0.9754 -0.1396
vn -0.2587 -0.9183 0.2996
vn -0.5605 -0.7385 0.3746
vn -0.5372 -0.7838 0.3115
vn -0.7567 -0.6194 0.2093
vn -0.7780 -0.4584 -0.4297
vn -0.4507 -0.7652 0.4597
vn -0.1039 -0.7390 0.6656
vn -0.1668 -0.9127 0.3731
vn -0.2151 -0.5422 0.8122
vn 0.1244 -0.9775 -0.1703
vn -0.2664 -0.4209 0.8671
vn -0.1984 -0.8477 0.4920
vn 0.0294 -0.9602 -0.2778
vn 0.4561 -0.5406 -0.7069
vn 0.2462 -0.4277 -0.8697
vn 0.2223 -0.0711 -0.9724
vn 0.3451 0.0336 -0.9380
vn 0.5602 -0.0000 -0.8283
vn 0.4561 0.5406 -0.7069
vn 0.6865 0.0000 -0.7271
vn 0.4542 0.1612 -0.8762
vn -0.0512 0.0035 -0.9987
vn -0.0459 0.5247 -0.8500
vn 0.4644 0.6897 -0.5556
vn -0.0261 0.8928 -0.4497
vn 0.3060 0.9519 -0.0131
vn -0.5417 0.1672 -0.8238
vn -0.5227 0.6902 -0.5003
vn -0.3063 0.9518 0.0164
vn 0.0260 0.8475 0.5302
vn 0.5486 0.7180 0.4284
vn 0.3531 0.4248 0.8336
vn -0.2652 0.4266 0.8647
vn 0.0482 0.0039 0.9988
vn -0.5021 0.7211 0.4775
vn -0.8083 0.5874 0.0400
vn -0.7787 0.2622 0.5700
vn -0.4587 -0.1618 0.8738
vn -0.8715 0.2800 -0.4025
vn -0.9987 0.0013 0.0503
vn -0.8277 -0.2740 0.4897
vn -0.8367 -0.2635 -0.4802
vn -0.3502 -0.4295 -0.8324
vn -0.8065 -0.5899 0.0404
vn -0.4774 -0.6868 0.5482
vn 0.0455 -0.5240 0.8505
vn -0.5433 -0.7310 -0.4129
vn -0.3065 -0.9518 0.0139
vn 0.0242 -0.8959 0.4437
vn -0.0270 -0.8537 -0.5201
vn 0.2653 -0.4266 -0.8647
vn 0.3071 -0.9515 -0.0166
vn 0.5328 -0.6838 0.4986
vn 0.5476 -0.1582 0.8217
vn 0.4990 -0.7272 -0.4713
vn 0.8077 -0.5881 -0.0411
vn 0.8717 -0.2714 0.4079
vn 0.7817 -0.2632 -0.5654
vn 0.8327 0.2591 0.4894
vn 0.9987 -0.0007 -0.0505
vn 0.8088 0.5867 -0.0397
vn 0.8247 0.2746 -0.4944
vn -0.9986 0.0013 0.0532
vn -0.9987 -0.0000 0.0506
vn -0.9986 -0.0016 0.0531
vn -0.9988 0.0000 0.0490
vn -0.9988 0.0033 0.0495
vn -0.9985 0.0058 0.0537
vn -0.9992 0.0000 0.0391
vn -0.9996 0.0000 0.0296
vn -0.9985 -0.0000 -0.0539
vn -0.9978 -0.0000 -0.0658
vn -0.9970 0.0000 0.0777
vn 0.1212 0.9662 -0.2276
vn -0.0318 0.9726 -0.2301
vn -0.1721 0.9606 -0.2183
vn -0.6049 0.7648 -0.2217
vn -0.4755 0.8445 -0.2464
vn -0.5820 0.7756 -0.2445
vn -0.9556 0.1873 -0.2275
vn -0.1389 0.9627 -0.2323
vn -0.8990 -0.3770 -0.2229
vn 0.1461 0.9632 -0.2256
vn -0.5200 -0.8237 -0.2262
vn 0.5603 0.7634 -0.3214
vn -0.1152 -0.9679 -0.2235
vn 0.4266 0.8189 -0.3839
vn 0.1620 -0.9599 -0.2289
vn 0.1807 0.9267 -0.3296
vn -0.0318 -0.9726 -0.2301
vn 0.6885 0.6377 -0.3453
vn -0.5634 -0.7862 -0.2541
vn 0.9056 0.1451 -0.3985
vn -0.5308 -0.8099 -0.2497
vn 0.8913 -0.2182 -0.3975
vn -0.1389 -0.9627 -0.2323
vn 0.7448 -0.5660 -0.3535
vn 0.2003 -0.9453 -0.2576
vn 0.3425 -0.8831 -0.3207
vn 0.6296 -0.6950 -0.3471
vn 0.2878 -0.8841 -0.3682
vn 0.5838 0.2627 0.7682
vn 0.8036 0.1205 0.5829
vn 0.6385 0.5231 0.5645
vn 0.9628 0.2534 0.0934
vn 0.9993 0.0301 -0.0216
vn 0.7074 0.6577 0.2587
vn 0.9685 -0.1776 -0.1747
vn 0.9994 -0.0289 0.0186
vn 0.6753 0.7176 -0.1705
vn 0.9455 0.2298 -0.2305
vn 0.6899 0.4918 -0.5312
vn 0.4541 0.3200 -0.8315
vn 0.7454 0.1184 -0.6560
vn 0.4280 0.0834 -0.8999
vn 0.7956 -0.1186 -0.5941
vn 0.5002 -0.0834 -0.8619
vn 0.4540 -0.3200 -0.8315
vn 0.6899 -0.4918 -0.5312
vn 0.6753 -0.7176 -0.1705
vn 0.7074 -0.6577 0.2587
vn 0.9456 -0.2928 0.1416
vn 0.6385 -0.5231 0.5645
vn 0.8035 -0.1207 0.5830
vn 0.5838 -0.2627 0.7682
vn 0.2439 -0.0000 -0.9698
vn 0.1001 0.2658 -0.9588
vn 0.1002 -0.2658 -0.9588
vn -0.1721 -0.0000 -0.9851
vn -0.1704 0.3224 -0.9311
vn -0.1707 -0.3253 -0.9301
vn -0.4020 0.3134 -0.8603
vn -0.3128 -0.0000 -0.9498
vn -0.5028 0.1718 -0.8472
vn -0.6357 -0.0000 -0.7719
vn -0.5028 -0.1718 -0.8472
vn -0.4022 -0.3197 -0.8579
vn 0.0000 0.9485 -0.3169
vn 0.0000 0.3155 -0.9489
vn 0.0000 0.9487 0.3161
vn 0.0000 -0.3164 -0.9486
vn 0.0000 -0.9486 -0.3164
vn 0.0000 -0.9489 0.3155
vn 0.0000 0.9487 -0.3162
vn 0.0000 0.3162 -0.9487
vn 0.0000 0.9487 0.3162
vn 0.0000 -0.3162 -0.9487
vn 0.0000 -0.9487 -0.3162
vn 0.0000 -0.9487 0.3162
vn 0.2344 -0.6912 0.6836
vn -0.2377 0.7218 0.6500
vn -0.8671 -0.2757 0.4149
vn 0.8640 0.3017 0.4031
vn 0.2336 -0.6902 0.6849
vn -0.2370 0.7240 0.6478
vn -0.8677 -0.2747 0.4143
vn 0.8639 0.3036 0.4018
vn 0.3333 0.6667 -0.6667
vn -0.3333 -0.6667 -0.6667
vn -0.8165 0.4083 -0.4082
vn 0.8165 -0.4083 -0.4082
vn 0.6667 0.3333 0.6667
vn -0.6667 -0.3333 0.6667
vn 0.4083 -0.8165 0.4082
vn -0.4083 0.8165 0.4082
vn 0.0000 -0.3169 0.9485
vn 0.0000 0.3161 0.9487
vn 0.0000 -0.3169 0.9484
vn 0.0000 -0.3162 0.9487
vn 0.0000 0.3162 0.9487
vn -0.4034 0.3322 -0.8526
vn -0.6062 -0.7739 -0.1832
vn -0.2043 -0.4175 -0.8854
vn -0.6122 0.7583 -0.2238
vn -0.6275 -0.5965 -0.5005
vn -0.5580 0.5022 -0.6606
vn -0.4471 -0.1410 -0.8833
vn -0.4494 0.1086 -0.8867
vn 0.4671 -0.3183 -0.8249
vn 0.5930 0.7724 -0.2274
vn 0.1573 0.3132 -0.9366
vn 0.4732 -0.8565 -0.2063
vn 0.5438 0.6126 -0.5736
vn 0.6450 -0.4242 -0.6357
vn 0.5618 0.1389 -0.8156
vn 0.3237 -0.0303 -0.9457
vn -0.2486 0.9667 -0.0614
vn -0.9254 0.3043 -0.2259
vn 0.4994 0.8625 0.0818
vn -0.9145 -0.3322 -0.2309
vn -0.3151 -0.9447 -0.0911
vn 0.4964 -0.8674 0.0359
vn 0.9889 -0.0584 0.1363
vn 0.9467 0.2878 0.1446
vn 0.1386 -0.8574 -0.4956
vn 0.2653 -0.1651 -0.9499
vn 0.1382 -0.8595 -0.4921
vn 0.2606 0.2130 -0.9417
vn 0.1716 0.7640 -0.6220
vn 0.0838 0.9481 -0.3067
vn -0.1349 0.8577 0.4962
vn -0.1352 0.8555 0.4998
vn -0.2594 0.1560 0.9531
vn -0.2591 -0.2080 0.9432
vn -0.1715 -0.7640 0.6220
vn -0.0877 -0.9449 0.3153
vn -0.1570 -0.8557 -0.4931
vn 0.0989 -0.9447 0.3126
vn -0.1564 -0.8581 -0.4891
vn 0.1930 -0.7640 0.6156
vn 0.2916 -0.2095 0.9333
vn 0.2921 0.1509 0.9444
vn 0.1526 0.8560 0.4939
vn 0.1531 0.8535 0.4980
vn -0.0941 0.9483 -0.3030
vn -0.1932 0.7640 -0.6156
vn -0.2933 0.2151 -0.9315
vn -0.2990 -0.1610 -0.9406
vn -0.1558 0.8577 -0.4900
vn -0.2984 0.1626 -0.9405
vn -0.1550 0.8610 -0.4845
vn -0.2927 -0.2125 -0.9323
vn -0.1940 -0.7605 -0.6197
vn -0.0958 -0.9462 -0.3091
vn 0.1517 -0.8581 0.4905
vn 0.1524 -0.8549 0.4959
vn 0.2925 -0.1529 0.9440
vn 0.2927 0.2048 0.9340
vn 0.1948 0.7605 0.6194
vn 0.1012 0.9425 0.3184
vn 0.1375 0.8596 -0.4921
vn -0.0897 0.9428 0.3212
vn 0.1369 0.8625 -0.4872
vn -0.1731 0.7605 0.6259
vn -0.2601 0.2032 0.9440
vn -0.2597 -0.1586 0.9526
vn -0.1340 -0.8600 0.4925
vn -0.1345 -0.8571 0.4973
vn 0.0853 -0.9460 -0.3127
vn 0.1723 -0.7605 -0.6261
vn 0.2602 -0.2099 -0.9425
vn 0.2648 0.1673 -0.9497
vn -0.0002 -1.0000 -0.0002
vn 0.5531 -0.2638 0.7903
vn -0.0002 -0.0002 1.0000
vn 0.5529 -0.7905 -0.2637
vn -0.0001 -0.0002 -1.0000
vn 0.5527 0.2631 -0.7907
vn -0.0001 1.0000 -0.0002
vn 0.5529 0.7905 0.2633
vn -0.5534 0.7901 -0.2638
vn -0.5531 -0.2636 -0.7903
vn -0.5533 0.2632 0.7903
vn -0.5530 -0.7905 0.2631
vn -0.0001 -1.0000 -0.0000
vn 0.3749 -0.2932 0.8795
vn -0.0001 0.0000 1.0000
vn 0.3749 -0.8795 -0.2932
vn -0.0001 -0.0000 -1.0000
vn 0.3749 0.2932 -0.8795
vn -0.0001 1.0000 0.0000
vn 0.3749 0.8795 0.2932
vn -0.3751 0.8794 -0.2931
vn -0.3751 -0.2931 -0.8794
vn -0.3751 0.2931 0.8794
vn -0.3751 -0.8794 0.2931
vn 0.0007 -0.1870 -0.9824
vn -0.3894 -0.2561 -0.8847
vn -0.0053 -0.9791 -0.2033
vn -0.4732 -0.8565 -0.2063
vn -0.0319 -0.9966 -0.0760
vn -0.0173 -0.9899 -0.1409
vn -0.0233 -0.9601 -0.2788
vn -0.0460 -0.8564 -0.5143
vn -0.6450 -0.4242 -0.6357
vn -0.0156 -0.5857 -0.8103
vn -0.0075 -0.1755 -0.9844
vn -0.3238 -0.0303 -0.9456
vn 0.0002 -0.0038 -1.0000
vn -0.5618 0.1389 -0.8156
vn -0.0120 0.2591 -0.9658
vn -0.5438 0.6126 -0.5736
vn -0.0157 0.5619 -0.8271
vn -0.0130 0.8747 -0.4845
vn -0.0063 0.9486 -0.3164
vn -0.5931 0.7724 -0.2274
vn -0.0042 0.9740 -0.2264
vn 0.0067 0.9424 -0.3345
vn -0.2239 0.4349 -0.8722
vn -0.0000 0.5003 -0.8659
vn 0.0000 0.6350 -0.7725
vn -0.0102 0.9806 -0.1957
vn -0.0126 0.9682 -0.2498
vn -0.0403 0.9367 -0.3478
vn -0.0238 0.7882 -0.6149
vn -0.0128 0.3765 -0.9263
vn -0.0092 0.0951 -0.9954
vn 0.0003 -0.1293 -0.9916
vn -0.0111 -0.4499 -0.8930
vn -0.0297 -0.8462 -0.5320
vn -0.0223 -0.9574 -0.2880
vn -0.0098 -0.9795 -0.2010
vn -0.0046 -0.9830 -0.1834
vn 0.0013 -0.6510 -0.7591
vn 0.6004 -0.7746 -0.1988
vn 0.3411 0.2757 -0.8987
vn 0.2040 -0.4106 -0.8887
vn 0.6077 0.7610 -0.2269
vn 0.6329 -0.6024 -0.4864
vn 0.5663 0.5058 -0.6507
vn 0.4567 -0.1394 -0.8786
vn 0.4494 0.1086 -0.8867
vn 0.0053 -0.9791 -0.2033
vn -0.0007 -0.1870 -0.9824
vn 0.0322 -0.9966 -0.0754
vn 0.0173 -0.9898 -0.1416
vn 0.0233 -0.9601 -0.2788
vn 0.0460 -0.8564 -0.5142
vn 0.0156 -0.5857 -0.8103
vn 0.0075 -0.1755 -0.9844
vn -0.0002 -0.0038 -1.0000
vn 0.0113 0.2590 -0.9658
vn 0.0157 0.5619 -0.8271
vn 0.0130 0.8745 -0.4848
vn 0.0063 0.9486 -0.3164
vn 0.0046 0.9742 -0.2256
vn -0.0067 0.9424 -0.3345
vn 0.0000 0.5004 -0.8658
vn 0.0044 0.9825 -0.1863
vn -0.0002 0.6352 -0.7723
vn -0.0012 0.9694 -0.2457
vn 0.0309 0.9335 -0.3573
vn 0.0237 0.7883 -0.6149
vn 0.0128 0.3765 -0.9263
vn 0.0092 0.0951 -0.9954
vn -0.0003 -0.1293 -0.9916
vn 0.0062 -0.4413 -0.8974
vn 0.0246 -0.8465 -0.5318
vn 0.0123 -0.9551 -0.2961
vn 0.0009 -0.9800 -0.1990
vn 0.0012 -0.9840 -0.1780
vn -0.0029 -0.6510 -0.7591
vn 0.9033 0.3796 -0.2000
vn 0.1574 0.9872 -0.0268
vn -0.5187 0.8507 0.0850
vn 0.9045 -0.3709 -0.2107
vn 0.2572 -0.9639 -0.0696
vn -0.5132 -0.8570 0.0458
vn -0.9882 -0.0674 0.1376
vn -0.9498 0.2778 0.1439
vn -0.3990 0.7831 -0.4770
vn 0.3858 0.0245 -0.9223
vn -0.4032 -0.0244 -0.9148
vn 0.3911 0.8073 -0.4419
vn -0.3910 0.8074 0.4419
vn 0.4005 0.7828 0.4762
vn -0.3865 0.0248 0.9220
vn 0.4042 -0.0245 0.9143
vn -0.3902 -0.7831 0.4842
vn 0.3999 -0.8075 0.4336
vn -0.3985 -0.8076 -0.4347
vn 0.3912 -0.7825 -0.4844
vn -0.3172 -0.9417 0.1121
vn -0.9489 -0.3134 0.0380
vn -0.9491 0.3126 -0.0372
vn 0.3146 -0.9426 0.1122
vn 0.9482 -0.3155 0.0376
vn 0.9487 0.3140 -0.0379
vn 0.3151 0.9424 -0.1122
vn -0.3181 0.9414 -0.1121
vn -0.9488 -0.3135 0.0372
vn 0.3146 -0.9426 0.1120
vn 0.9486 0.3142 -0.0373
vn -0.3181 0.9414 -0.1122
vn 0.0000 0.5254 -0.8508
vn -0.0059 0.4345 -0.9006
vn -0.0193 0.6165 -0.7872
vn 0.0000 0.2970 -0.9549
vn 0.0059 0.4345 -0.9006
vn 0.0193 0.6165 -0.7872
vn 0.0003 -0.0890 -0.9960
vn -0.0000 -0.0892 -0.9960
vn -0.0003 -0.0890 -0.9960
vn 0.0000 -0.0000 -1.0000
vn -0.2387 0.5915 -0.7702
vn -0.8673 0.4338 0.2441
vn 0.2326 0.7352 0.6367
vn 0.8660 0.3767 -0.3289
vn -0.9940 0.0995 -0.0463
vn -0.0040 -0.4273 -0.9041
vn -0.9915 0.0506 -0.1197
vn -0.0037 -0.9277 -0.3732
vn -0.0037 0.4281 0.9037
vn -0.0044 0.9283 0.3718
vn 0.9914 -0.0467 0.1222
vn 0.9938 -0.0997 0.0491
vn -0.2390 0.5698 -0.7862
vn -0.8659 0.4421 0.2340
vn 0.2323 0.7523 0.6165
vn 0.8649 0.3689 -0.3404
vn -0.9945 0.0949 -0.0454
vn -0.0030 -0.4406 -0.8977
vn -0.9916 0.0488 -0.1202
vn -0.0036 -0.9277 -0.3732
vn -0.0037 0.4405 0.8978
vn -0.0044 0.9283 0.3719
vn 0.9914 -0.0483 0.1217
vn 0.9942 -0.0962 0.0482
vn -0.8659 0.4422 0.2340
vn -0.0030 -0.9278 -0.3731
vn -0.0039 -0.9277 -0.3734
vn -0.6126 0.2872 -0.7364
vn -0.9977 -0.0447 -0.0505
vn -0.9870 -0.0749 0.1423
vn -0.4496 0.1373 -0.8826
vn -0.5116 -0.8402 -0.1797
vn 0.3557 0.3558 -0.8642
vn -0.1854 -0.3806 -0.9060
vn 0.5376 0.1826 -0.8232
vn 0.9867 0.0753 -0.1437
vn 0.5663 -0.6669 -0.4844
vn 0.9978 0.0447 0.0499
vn 0.6119 -0.2876 0.7368
vn 0.9452 -0.2100 0.2501
vn 0.4494 -0.1374 0.8827
vn -0.3558 -0.3558 0.8642
vn 0.2769 -0.7176 0.6391
vn -0.5387 -0.1824 0.8225
vn -0.5890 -0.4559 0.6672
vn -0.0077 0.7656 0.6433
vn -0.0273 0.9045 0.4256
vn -0.0231 0.7654 0.6432
vn -0.0012 0.9553 0.2958
vn 0.0231 0.7654 0.6432
vn -0.0299 0.9902 -0.1365
vn 0.0302 0.9867 0.1600
vn 0.0060 0.9916 -0.1288
vn 0.0299 0.9884 -0.1491
vn -0.0000 0.9846 -0.1746
vn -0.0297 0.9842 -0.1745
vn 0.0297 0.9842 -0.1745
vn 0.8883 0.0848 -0.4514
vn 0.8913 0.4257 -0.1559
vn 0.8896 -0.3411 -0.3038
vn 1.0000 0.0000 -0.0099
vn 0.8957 0.3408 0.2857
vn 0.8943 -0.4257 0.1380
vn 0.8972 -0.0849 0.4333
vn -0.8954 0.3405 -0.2870
vn -0.8965 -0.0855 -0.4347
vn -0.8913 0.4255 0.1566
vn -1.0000 0.0000 0.0099
vn -0.8940 -0.4257 -0.1396
vn -0.8883 0.0852 0.4514
vn -0.8901 -0.3396 0.3040
vn -0.5062 0.3888 0.7698
vn 0.2597 0.9645 0.0470
vn 0.3315 0.7717 -0.5427
vn -0.1279 0.9883 -0.0836
vn -0.1177 -0.5572 0.8220
vn 0.9029 0.0880 -0.4208
vn 0.7021 0.4620 0.5419
vn 0.2697 0.5641 -0.7804
vn 0.7187 -0.1850 -0.6703
vn 0.8209 -0.5639 0.0902
vn 0.7104 -0.7036 0.0141
vn 0.9480 -0.2614 0.1818
vn 0.1803 -0.6910 0.7000
vn 0.0535 -0.8383 0.5425
vn 0.0162 -0.3607 0.9325
vn -0.2369 0.3502 0.9062
vn -0.6503 -0.3566 0.6708
vn -0.7617 0.4546 0.4618
vn -0.4321 -0.1044 0.8957
vn -0.6218 0.6218 0.4762
vn -0.3192 0.9102 -0.2640
vn -0.7938 0.4941 0.3546
vn -0.4942 0.7347 -0.4648
vn 0.1663 0.4465 -0.8792
vn 0.7653 -0.0994 -0.6360
vn 0.1908 0.4805 -0.8560
vn 0.7227 -0.6873 0.0728
vn 0.8885 0.2447 -0.3881
vn 0.8922 -0.2727 0.3601
vn 0.0981 -0.6918 0.7154
vn 0.0992 -0.6857 0.7211
vn -0.5622 -0.1785 0.8075
vn -0.5490 -0.5322 0.6445
vn -1.0000 0.0008 0.0007
vn -0.5752 0.3850 -0.7217
vn -0.7405 -0.5336 -0.4086
vn -0.3985 0.1104 -0.9105
vn 0.1377 0.6756 -0.7243
vn 0.6143 0.7890 -0.0108
vn 0.0367 0.7342 -0.6780
vn 0.7023 0.0703 0.7084
vn 0.0817 0.9855 0.1489
vn 0.1730 0.4415 0.8804
vn 0.1797 -0.6647 0.7252
vn 0.2260 -0.5083 0.8310
vn -0.3727 -0.8919 0.2563
vn 0.0088 -0.9965 0.0832
vn -0.1237 -0.8069 -0.5776
vn -0.0168 0.0097 -0.9998
vn 0.1561 -0.4769 -0.8650
vn 0.0615 0.0361 -0.9975
vn -0.1529 0.7733 -0.6153
vn -0.3663 0.9052 0.2154
vn 0.0159 0.0522 0.9985
vn -0.0000 -0.6375 0.7704
vn 0.0145 -0.7539 0.6568
vn -0.3205 0.3562 0.8777
vn 0.0000 -0.9845 -0.1754
vn 0.0834 -0.9874 -0.1342
vn 0.1067 -0.5553 -0.8248
vn -0.0981 -0.4639 0.8805
vn -0.0000 -0.3305 -0.9438
vn 0.0939 0.2959 -0.9506
vn -0.0251 -0.7192 0.6943
vn -0.0053 0.8945 0.4470
vn -0.1228 0.9812 0.1488
vn -0.1106 0.9577 -0.2657
vn -0.0000 0.5315 -0.8471
vn -0.0000 0.9938 -0.1111
vn -0.0000 0.8098 0.5867
vn -0.0661 0.4458 -0.8927
vn 0.0000 0.2047 0.9788
vn 0.1020 0.8437 0.5271
vn -0.0265 0.9973 -0.0681
vn -0.0329 0.0088 0.9994
vn 0.1213 0.9796 0.1603
vn -0.0302 -0.7794 0.6258
vn 0.1229 -0.8067 -0.5780
vn -0.1163 -0.5351 -0.8368
vn -0.0504 -0.0264 -0.9984
vn 0.1297 -0.9357 0.3281
vn 0.1583 0.0672 -0.9851
vn 0.1609 0.7352 -0.6585
vn -0.0690 -0.9627 -0.2615
vn -0.0489 0.6627 -0.7473
vn 0.3281 0.9438 0.0389
vn -0.0997 -0.4067 -0.9081
vn -0.0340 0.9861 0.1628
vn 0.3340 0.5599 0.7583
vn -0.1545 0.4401 0.8846
vn 0.1119 -0.2513 0.9614
vn -0.0428 -0.4386 0.8977
vn -0.0455 -0.6497 0.7588
vn -0.6365 0.7713 -0.0018
vn -0.6580 0.2162 0.7213
vn -0.1144 -0.4204 0.9001
vn 0.0354 0.7388 -0.6730
vn -0.8906 0.2806 -0.3579
vn 0.6159 0.1850 -0.7658
vn -0.2228 0.6356 -0.7392
vn 0.5515 0.5417 -0.6344
vn 0.7656 -0.5242 -0.3729
vn 1.0000 0.0010 0.0007
vn 0.3321 -0.8763 0.3489
vn 0.5708 -0.3941 0.7204
vn -0.1981 -0.4853 0.8516
vn -0.8901 -0.2503 0.3809
vn -0.2440 -0.6032 0.7593
vn -0.7645 -0.6400 0.0774
vn -0.7572 -0.1372 -0.6386
vn 0.4993 -0.0118 0.8663
vn -0.6680 -0.7439 0.0221
vn 0.7914 0.4928 0.3617
vn -0.1393 -0.7050 0.6954
vn 0.4330 -0.1059 0.8951
vn 0.5873 0.7094 -0.3896
vn 0.5969 0.6874 0.4138
vn -0.0689 0.4863 -0.8711
vn 0.2986 0.9193 -0.2564
vn -0.2698 0.5652 -0.7796
vn -0.7244 -0.1859 -0.6639
vn 0.2754 0.9603 -0.0438
vn -0.3369 0.7829 -0.5230
vn -0.8839 0.0770 -0.4613
vn 0.8179 0.4491 0.3596
vn -0.2972 0.6875 0.6626
vn 0.6489 -0.3593 0.6707
vn -0.2554 0.9658 0.0442
vn 0.9823 0.1621 -0.0935
vn -0.8637 0.5041 0.0012
vn -0.7594 -0.6504 -0.0182
vn -0.9469 -0.2646 0.1829
vn -0.1166 -0.8816 0.4573
vn -0.5400 -0.2836 0.7924
vn 0.5266 -0.8493 -0.0369
vn 0.4932 -0.1734 -0.8525
vn -0.1333 -0.8019 -0.5824
vn -0.1065 -0.0662 -0.9921
vn -0.9910 0.0061 -0.1336
vn -0.9746 0.0049 -0.2241
vn -0.9721 0.0039 -0.2346
vn -0.9915 0.0070 -0.1302
vn -0.9991 0.0048 -0.0420
vn -0.9989 0.0090 -0.0454
vn -1.0000 0.0041 0.0072
vn -1.0000 0.0060 0.0007
vn -0.9647 0.0107 0.2630
vn -0.9352 0.0034 0.3542
vn -0.8794 0.0081 0.4760
vn -0.8619 0.0144 0.5068
vn -0.9502 0.0085 0.3115
vn -0.9447 0.0160 0.3275
vn -0.9305 0.0005 0.3663
vn -0.9181 0.0197 0.3958
vn -0.8929 0.0238 0.4497
vn -0.7387 0.0446 0.6726
vn -0.5356 0.0712 0.8414
vn -0.4141 0.0170 0.9101
vn -0.5624 0.3391 0.7542
vn -0.6667 -0.1154 0.7363
vn -0.7555 0.4437 0.4820
vn -0.7608 0.1476 0.6319
vn -0.9282 0.0281 0.3711
vn -0.8881 0.2060 0.4109
vn -0.9398 0.0076 0.3417
vn -0.7789 -0.4847 0.3980
vn -0.6578 0.6892 0.3038
vn -0.8807 -0.4646 0.0921
vn -0.8430 0.4853 0.2321
vn -0.8032 0.3075 0.5102
vn -0.9333 -0.0338 0.3576
vn -0.9091 -0.3508 -0.2248
vn -0.9154 -0.0475 0.3996
vn -0.7880 0.2907 0.5427
vn -0.7554 0.6544 -0.0339
vn -0.9127 -0.1666 -0.3732
vn -0.9375 0.3470 -0.0261
vn -0.8396 0.0797 0.5373
vn -0.8490 -0.0521 0.5258
vn -0.9624 -0.0205 -0.2707
vn -0.8444 -0.0174 0.5355
vn -0.8508 0.0366 0.5243
vn -0.8197 0.2201 -0.5288
vn -0.7023 0.1022 0.7045
vn -0.4296 0.8182 -0.3820
vn -0.5812 -0.7893 0.1982
vn 0.5852 -0.2018 -0.7854
vn 0.5701 0.8215 -0.0065
vn 0.4626 -0.2992 0.8345
vn -0.6324 0.1372 0.7624
vn -0.4127 0.8454 -0.3390
vn -0.5853 -0.7883 0.1897
vn 0.4240 -0.2445 -0.8720
vn 0.6708 0.7377 -0.0764
vn 0.5208 -0.4093 0.7492
vn -0.7904 -0.2428 -0.5624
vn -0.6343 -0.6234 -0.4572
vn -0.5720 -0.4724 -0.6706
vn 0.4862 -0.6736 -0.5566
vn 0.6164 -0.6406 -0.4579
vn 0.7905 -0.2427 -0.5624
vn 0.0291 -0.3400 -0.9400
vn -0.0581 -0.7211 -0.6904
vn 0.0000 -0.4264 -0.9045
vn -0.3880 -0.1126 0.9148
vn -0.3318 0.0590 0.9415
vn -0.7009 -0.1125 0.7043
vn -0.5719 -0.4726 -0.6705
vn -0.1907 -0.0942 0.9771
vn -0.0168 -0.3422 0.9395
vn 0.7998 0.2627 0.5397
vn -0.3008 -0.2862 0.9097
vn 0.2893 0.5067 0.8121
vn 0.8386 -0.1836 0.5129
vn 0.6086 -0.5476 0.5742
vn 0.9438 0.1832 0.2752
vn 0.3911 -0.6468 0.6547
vn 0.2890 -0.2396 0.9269
vn 0.3870 0.6487 0.6553
vn 0.3481 0.1495 0.9255
vn -0.4363 0.6608 0.6107
vn 0.4073 0.0228 0.9130
vn 0.7967 0.4376 0.4168
vn -0.9544 0.0125 0.2983
vn 0.5703 0.7484 -0.3386
vn -0.6242 0.5174 -0.5854
vn 0.5923 -0.5672 0.5723
vn -0.7109 -0.7033 -0.0065
vn 0.9002 -0.4355 -0.0012
vn -0.5333 -0.2618 0.8044
vn 0.1907 -0.0941 0.9771
vn -0.2403 -0.3172 0.9174
vn 0.3008 -0.2862 0.9097
vn -0.8010 0.2651 0.5367
vn -0.0000 -0.9255 -0.3787
vn 0.1875 -0.8723 -0.4516
vn -0.2711 0.5079 0.8177
vn -0.8352 -0.1827 0.5186
vn -0.9440 0.1816 0.2754
vn -0.6045 -0.5550 0.5714
vn -0.3539 -0.6436 0.6786
vn -0.1841 -0.1573 0.9702
vn -0.3513 0.6443 0.6793
vn -0.4951 0.2212 0.8402
vn 0.4363 0.6608 0.6107
vn -0.4073 0.0228 0.9130
vn 0.9544 0.0125 0.2983
vn -0.7967 0.4376 0.4168
vn -0.5703 0.7484 -0.3386
vn 0.6242 0.5174 -0.5853
vn 0.7319 -0.6349 -0.2475
vn 0.4068 -0.8719 0.2726
vn 0.2765 -0.6950 0.6637
vn 0.1289 -0.9426 -0.3082
vn -0.7319 -0.6349 -0.2475
vn -0.4068 -0.8719 0.2726
vn -0.1289 -0.9426 -0.3082
vn -0.2765 -0.6950 0.6637
vn 0.5056 -0.5979 0.6220
vn 0.6798 -0.1136 0.7245
vn 0.8091 -0.4296 0.4011
vn 0.2696 -0.1445 0.9521
vn 0.5598 -0.8286 0.0017
vn 0.8980 -0.4255 0.1119
vn 0.4919 -0.6936 -0.5262
vn 0.9234 -0.3337 -0.1895
vn -0.4037 -0.6622 0.6312
vn -0.2061 -0.1596 0.9654
vn -0.4398 -0.8969 -0.0462
vn -0.0779 -0.8407 -0.5359
vn 0.0628 0.1144 0.9914
vn -0.0218 -0.8499 -0.5265
vn -0.0013 0.3165 0.9486
vn 0.0361 -0.8620 -0.5056
vn -0.0768 0.1132 0.9906
vn 0.0843 0.9128 -0.3997
vn 0.0298 0.8095 -0.5864
vn -0.0199 0.9236 -0.3829
vn -0.2524 -0.7921 -0.5558
vn 0.2044 0.0181 0.9787
vn -0.1144 -0.8272 -0.5502
vn 0.0997 0.2777 0.9555
vn -0.0370 -0.8307 -0.5555
vn 0.0200 0.0743 0.9970
vn 0.1116 0.9050 -0.4106
vn 0.0123 0.7786 -0.6274
vn 0.0006 0.9191 -0.3941
vn -0.0578 0.9700 0.2360
vn -0.1411 0.8567 0.4961
vn -0.0765 0.7458 0.6618
vn -0.1669 0.9528 0.2537
vn -0.5095 0.7029 0.4963
vn -0.7691 0.5669 0.2950
vn -0.0479 0.9930 -0.1079
vn -0.0407 0.9934 -0.1069
vn -0.1093 0.9879 -0.1101
vn -0.0123 0.9945 -0.1044
vn -0.0000 0.9946 -0.1035
vn -0.0000 0.9947 -0.1028
vn 0.0124 0.9945 -0.1044
vn 0.0407 0.9934 -0.1070
vn 0.0479 0.9930 -0.1079
vn 0.1092 0.9879 -0.1101
vn -0.2148 0.4689 0.8567
vn -0.0785 0.2769 0.9577
vn -0.1703 0.2004 0.9648
vn -0.0685 0.4288 0.9008
vn -0.0364 0.2899 0.9564
vn -0.0000 0.2205 0.9754
vn -0.0000 0.4575 0.8892
vn 0.0685 0.4289 0.9008
vn 0.0364 0.2899 0.9564
vn 0.0785 0.2769 0.9577
vn 0.2148 0.4689 0.8567
vn 0.1703 0.2004 0.9648
vn -0.1869 0.0018 0.9824
vn -0.5912 0.3566 0.7234
vn -0.8359 0.4412 -0.3266
vn -0.0926 0.0702 0.9932
vn -0.2955 0.7867 0.5420
vn -0.0231 0.0719 0.9971
vn -0.0816 0.6800 0.7287
vn -0.0118 0.0801 0.9967
vn -0.0377 0.8491 0.5269
vn 0.0000 0.0750 0.9972
vn 0.0000 0.9842 0.1771
vn 0.0377 0.8491 0.5269
vn 0.0118 0.0802 0.9967
vn 0.0816 0.6800 0.7287
vn 0.0231 0.0719 0.9971
vn 0.2955 0.7867 0.5420
vn 0.0926 0.0702 0.9932
vn 0.5913 0.3566 0.7234
vn 0.1869 0.0018 0.9824
vn 0.8359 0.4412 -0.3266
vn -0.5599 0.4623 0.6876
vn -0.3618 0.2199 0.9059
vn -0.5964 0.1450 0.7895
vn -0.2276 0.6218 0.7494
vn -0.1051 0.3142 0.9435
vn -0.0603 0.4714 0.8799
vn -0.0000 0.2951 0.9555
vn -0.0000 0.2113 0.9774
vn 0.0603 0.4714 0.8799
vn 0.1051 0.3142 0.9435
vn 0.2276 0.6218 0.7494
vn 0.3618 0.2199 0.9059
vn 0.5599 0.4623 0.6876
vn 0.5965 0.1450 0.7894
vn 0.9502 0.0009 -0.3116
vn 0.3066 0.1796 -0.9347
vn -0.6806 0.1395 -0.7192
vn -0.3658 0.0135 -0.9306
vn 0.0857 -0.9713 0.2219
vn 0.5709 -0.7402 0.3553
vn 0.7473 -0.4152 0.5188
vn 0.1664 -0.9708 0.1726
vn 0.7115 -0.6195 0.3317
vn 0.1906 -0.9739 0.1236
vn 0.7184 -0.6283 0.2985
vn 0.1048 -0.9882 0.1113
vn 0.7646 -0.5432 0.3469
vn 0.1024 -0.9870 0.1241
vn 0.8223 -0.3045 0.4807
vn 0.0000 -0.9934 0.1145
vn 0.0000 -0.9899 0.1419
vn -0.1048 -0.9882 0.1113
vn -0.1025 -0.9870 0.1241
vn -0.7646 -0.5432 0.3469
vn -0.8223 -0.3045 0.4807
vn -0.7184 -0.6284 0.2985
vn -0.1906 -0.9739 0.1236
vn -0.7114 -0.6195 0.3318
vn -0.1663 -0.9708 0.1727
vn -0.5709 -0.7402 0.3553
vn -0.0857 -0.9713 0.2219
vn -0.7473 -0.4152 0.5188
vn 0.3348 0.5636 -0.7551
vn 0.8731 0.4160 -0.2542
vn 0.0548 0.0480 -0.9973
vn 0.0569 0.6366 -0.7691
vn -0.0298 -0.0295 -0.9991
vn 0.0051 0.5545 -0.8322
vn -0.0225 -0.0493 -0.9985
vn 0.0000 0.3635 -0.9316
vn 0.0000 -0.0159 -0.9999
vn 0.0225 -0.0493 -0.9985
vn -0.0051 0.5545 -0.8322
vn 0.0298 -0.0295 -0.9991
vn -0.0570 0.6366 -0.7691
vn -0.0548 0.0480 -0.9973
vn -0.3348 0.5637 -0.7551
vn -0.8731 0.4160 -0.2542
vn -0.9502 0.0009 -0.3116
vn -0.3066 0.1796 -0.9347
vn 0.6806 0.1395 -0.7192
vn 0.3658 0.0135 -0.9306
vn -0.2877 0.9546 -0.0766
vn -0.9064 0.3285 -0.2655
vn 0.3267 0.9387 0.1098
vn -0.9009 -0.3391 -0.2709
vn -0.2646 -0.9597 -0.0942
vn 0.3204 -0.9433 0.0866
vn 0.9107 -0.3133 0.2692
vn 0.9145 0.2944 0.2774
vn -0.0806 0.9701 -0.2290
vn -0.0784 0.9830 -0.1659
vn -0.0903 0.9699 -0.2262
vn -0.0743 0.9920 -0.1021
vn -0.0762 0.9964 -0.0363
vn -0.0779 0.9963 -0.0355
vn 0.9746 0.0049 -0.2241
vn 0.9910 0.0061 -0.1339
vn 0.9721 0.0039 -0.2346
vn 0.9915 0.0070 -0.1302
vn 0.9991 0.0048 -0.0420
vn 0.9989 0.0090 -0.0454
vn 1.0000 0.0041 0.0072
vn 1.0000 0.0060 0.0007
vn 0.9647 0.0107 0.2630
vn 0.9352 0.0034 0.3542
vn 0.8737 0.0056 0.4864
vn 0.8620 0.0144 0.5068
vn 0.9516 0.0044 0.3074
vn 0.9447 0.0160 0.3275
vn 0.9305 0.0005 0.3663
vn 0.9181 0.0196 0.3958
vn 0.8861 0.0317 0.4625
vn 0.7247 0.0425 0.6878
vn 0.5318 0.0698 0.8440
vn 0.5878 0.3250 0.7409
vn 0.4165 0.0171 0.9090
vn 0.7687 0.4332 0.4706
vn 0.9280 0.0463 0.3697
vn 0.7632 0.1387 0.6311
vn 0.9395 0.0316 0.3411
vn 0.8906 0.1816 0.4170
vn 0.6908 0.6541 0.3083
vn 0.8496 0.4720 0.2352
vn 0.9346 -0.0153 0.3554
vn 0.8137 0.2908 0.5032
vn 0.9201 -0.0288 0.3907
vn 0.7951 0.6065 -0.0003
vn 0.8018 0.2794 0.5282
vn 0.9444 0.3284 -0.0179
vn 0.9247 -0.1626 -0.3443
vn 0.8564 -0.0453 0.5144
vn 0.8568 0.0724 0.5105
vn 0.8619 -0.0124 0.5069
vn 0.9628 -0.0217 -0.2693
vn 0.8582 0.2069 -0.4698
vn 0.8676 0.0349 0.4961
vn 0.4846 0.5296 -0.6962
vn 0.4258 0.1166 -0.8973
vn 0.4647 0.8176 -0.3401
vn 0.4068 0.9101 -0.0794
vn 0.3714 0.9168 0.1470
vn 0.3726 0.8268 0.4214
vn 0.3294 0.5851 0.7411
vn 0.2298 0.1946 0.9536
vn 0.1760 0.0123 0.9843
vn 0.4690 -0.3676 -0.8031
vn 0.4154 -0.1158 -0.9022
vn -0.7114 0.3920 0.5833
vn -0.7431 0.3963 0.5392
vn -0.6204 0.3878 0.6817
vn -0.5165 0.5616 0.6464
vn -0.3362 0.3184 0.8863
vn -0.5859 0.1884 0.7882
vn -0.3234 0.0859 0.9424
vn -0.1358 0.0843 0.9871
vn -0.2471 0.0468 0.9678
vn -0.1461 0.0435 0.9883
vn -0.5709 0.0454 0.8197
vn -0.2463 0.0596 0.9674
vn -0.1021 0.0692 0.9924
vn -0.5509 0.0627 0.8322
vn -0.8863 0.0390 0.4614
vn -0.2012 0.1008 0.9743
vn -0.0617 0.1216 0.9907
vn -0.9394 0.0347 0.3412
vn -0.8707 0.0569 0.4885
vn -0.9269 0.0482 0.3723
vn -0.8541 0.0351 0.5189
vn -0.8515 0.0456 0.5224
vn -0.9209 0.0299 0.3886
vn -0.9363 0.0434 0.3486
vn -0.9990 0.0269 0.0345
vn -0.9250 0.0785 0.3719
vn -1.0000 0.0053 0.0048
vn -0.9991 0.0037 -0.0426
vn -0.9988 0.0298 0.0394
vn -0.9930 0.0118 -0.1171
vn -0.9796 0.0073 -0.2008
vn -0.8097 0.0068 -0.5868
vn -0.9974 0.0360 0.0629
vn -0.9978 0.0359 0.0560
vn -0.9984 0.0460 0.0335
vn -0.9977 0.0540 0.0405
vn -0.9970 0.0754 -0.0148
vn -0.5621 0.0044 -0.8270
vn -0.5585 0.0073 -0.8295
vn -0.9965 0.0828 -0.0065
vn -0.8125 0.0037 -0.5830
vn -0.5740 -0.0009 -0.8188
vn -0.9947 0.0906 -0.0494
vn -0.8130 -0.0032 -0.5823
vn -0.5898 0.0384 -0.8066
vn -0.8044 0.1101 -0.5838
vn -0.9627 0.0974 -0.2523
vn -0.9845 0.1065 -0.1394
vn -0.9931 0.1111 -0.0381
vn -0.9936 0.1125 0.0056
vn -0.9494 0.1141 0.2927
vn -0.8945 0.1148 0.4320
vn -0.9476 0.0673 0.3122
vn -0.9351 0.0018 0.3544
vn -0.0000 -0.9255 -0.3786
vn 0.4232 0.3932 0.8163
vn 0.1347 -0.8827 -0.4502
vn -0.7475 0.3513 0.5637
vn 0.1875 -0.8723 -0.4517
vn 0.1411 0.8567 0.4961
vn 0.0578 0.9700 0.2360
vn 0.0765 0.7458 0.6618
vn 0.1669 0.9528 0.2537
vn 0.5095 0.7029 0.4963
vn 0.7691 0.5669 0.2950
vn 0.7114 0.3920 0.5833
vn 0.7431 0.3963 0.5392
vn 0.6204 0.3878 0.6817
vn 0.5165 0.5616 0.6464
vn 0.3362 0.3184 0.8863
vn 0.5859 0.1884 0.7882
vn 0.3234 0.0859 0.9424
vn 0.1358 0.0843 0.9871
vn 0.2471 0.0468 0.9678
vn 0.1461 0.0435 0.9883
vn 0.5709 0.0454 0.8197
vn 0.2463 0.0596 0.9674
vn 0.1021 0.0692 0.9924
vn 0.5509 0.0627 0.8322
vn 0.8863 0.0390 0.4614
vn 0.8707 0.0569 0.4885
vn 0.2012 0.1008 0.9744
vn 0.0617 0.1216 0.9907
vn 0.5285 0.1083 0.8420
vn 0.2121 0.3504 0.9123
vn 0.0643 0.3500 0.9346
vn 0.5788 0.3221 0.7491
vn 0.7655 0.4956 0.4103
vn 0.8564 0.2048 0.4739
vn 0.8591 0.0848 0.5048
vn 0.8853 0.3727 0.2781
vn 0.8880 0.4272 0.1701
vn 0.9283 0.1556 0.3378
vn 0.9064 0.0852 0.4136
vn 0.8633 0.2091 0.4594
vn 0.8714 0.4564 0.1799
vn 0.7794 0.6240 -0.0571
vn 0.9269 0.0482 0.3723
vn 0.8336 0.0895 0.5451
vn 0.9390 0.0350 0.3421
vn 0.8515 0.0456 0.5224
vn 0.8544 0.0350 0.5185
vn 0.9249 0.0785 0.3719
vn 0.9363 0.0434 0.3486
vn 0.9209 0.0299 0.3886
vn 0.9990 0.0266 0.0348
vn 0.9974 0.0359 0.0623
vn 1.0000 0.0048 0.0044
vn 0.9988 0.0298 0.0394
vn 0.9991 0.0037 -0.0426
vn 0.9978 0.0354 0.0561
vn 0.9984 0.0466 0.0332
vn 0.9930 0.0118 -0.1171
vn 0.9796 0.0073 -0.2008
vn 0.8097 0.0068 -0.5868
vn 0.9977 0.0540 0.0405
vn 0.9970 0.0754 -0.0148
vn 0.5624 0.0043 -0.8269
vn 0.5584 0.0073 -0.8295
vn 0.9965 0.0828 -0.0065
vn 0.8126 0.0037 -0.5829
vn 0.5740 -0.0009 -0.8188
vn 0.9947 0.0906 -0.0494
vn 0.8128 -0.0035 -0.5825
vn 0.5898 0.0384 -0.8066
vn 0.8044 0.1101 -0.5838
vn 0.9627 0.0974 -0.2523
vn 0.9845 0.1067 -0.1392
vn 0.9931 0.1109 -0.0379
vn 0.9936 0.1125 0.0056
vn 0.9493 0.1142 0.2929
vn 0.8857 0.1476 0.4401
vn 0.9339 0.1096 0.3404
vn 0.9379 -0.0014 0.3469
vn 0.9108 0.3107 -0.2720
vn 0.3201 0.9435 -0.0860
vn -0.2773 0.9561 0.0952
vn 0.9107 -0.3049 -0.2787
vn 0.3152 -0.9432 -0.1051
vn -0.2872 -0.9547 0.0775
vn -0.9036 -0.3301 0.2728
vn -0.9017 0.3299 0.2794
vn 0.0784 0.9830 -0.1659
vn 0.0806 0.9701 -0.2290
vn 0.0903 0.9699 -0.2262
vn 0.0743 0.9920 -0.1022
vn 0.0757 0.9965 -0.0366
vn 0.0781 0.9963 -0.0355
vn -0.3609 0.5411 -0.7596
vn -0.3090 0.1164 -0.9439
vn -0.3495 0.8477 -0.3990
vn -0.3048 0.9444 -0.1235
vn -0.2811 0.9524 0.1181
vn -0.2839 0.8670 0.4095
vn -0.2517 0.6143 0.7479
vn -0.1741 0.2030 0.9636
vn -0.1303 0.0120 0.9914
vn -0.3671 -0.7195 -0.5895
vn -0.3461 -0.3775 -0.8589
vn -0.3017 -0.1188 -0.9460
vn -0.6495 -0.0817 -0.7560
vn -0.8376 -0.0621 -0.5427
vn -0.9063 -0.1880 -0.3786
vn -0.9640 -0.0292 -0.2643
vn -0.9866 -0.0708 -0.1473
vn -0.9869 -0.0320 -0.1579
vn -0.8716 -0.3939 -0.2918
vn -0.3800 -0.7734 -0.5073
vn -0.5626 -0.8190 -0.1129
vn 0.3994 -0.9158 -0.0422
vn -0.9277 -0.3689 -0.0569
vn -0.8250 -0.5637 -0.0400
vn -0.9944 -0.0888 -0.0571
vn -0.9958 -0.0330 -0.0858
vn -0.9995 -0.0310 0.0005
vn -0.9223 -0.3858 -0.0229
vn -0.8260 -0.5633 -0.0199
vn -0.9941 -0.1085 -0.0002
vn -0.9091 -0.4162 -0.0172
vn -0.6577 -0.7533 -0.0045
vn -0.9991 -0.0196 0.0388
vn -0.9990 -0.0204 0.0407
vn -0.9566 -0.1823 0.2275
vn -0.9992 -0.0036 0.0408
vn -0.9989 0.0076 0.0466
vn -0.9715 -0.0142 0.2368
vn -1.0000 0.0045 0.0030
vn -0.8730 -0.4596 0.1632
vn -0.2824 -0.9296 0.2367
vn -0.2090 -0.9778 0.0151
vn -0.0402 -0.9759 0.2143
vn -0.0007 -0.9304 0.3666
vn -0.5549 -0.7154 0.4246
vn 0.3201 -0.9168 0.2388
vn -0.9047 -0.1722 0.3897
vn -0.5215 -0.7736 0.3599
vn -0.0234 -0.8713 0.4901
vn -0.4629 -0.5918 0.6599
vn -0.9215 -0.2328 0.3110
vn -0.9169 -0.0115 0.3990
vn -0.6662 -0.2949 0.6850
vn -0.9577 -0.0114 0.2877
vn -0.9116 -0.0061 0.4110
vn -0.9564 -0.0053 0.2921
vn -0.9615 -0.0090 0.2746
vn -0.8967 0.1103 0.4287
vn -0.9437 0.1527 0.2934
vn -0.9528 0.1094 0.2831
vn -0.9959 0.0898 0.0137
vn -0.9942 0.0889 -0.0609
vn -0.9958 -0.0014 -0.0914
vn -0.9912 -0.0043 -0.1325
vn -0.9823 0.0970 -0.1605
vn -0.9719 -0.0061 -0.2354
vn -0.9578 0.0951 -0.2711
vn -0.8762 -0.0088 -0.4819
vn -0.5994 0.0836 -0.7961
vn -0.7793 0.0640 -0.6234
vn -0.6147 -0.0078 -0.7887
vn 0.7998 0.2628 0.5397
vn 0.9999 0.0090 0.0070
vn 0.9999 0.0086 0.0062
vn -0.4611 -0.5038 0.7305
vn -0.2073 -0.6204 0.7564
vn -0.0594 -0.6867 0.7245
vn -0.0167 -0.9643 0.2644
vn 0.0000 -0.9609 0.2770
vn 0.0000 -0.3789 0.9254
vn 0.0594 -0.6867 0.7245
vn 0.0167 -0.9643 0.2644
vn 0.2073 -0.6204 0.7564
vn 0.4611 -0.5038 0.7305
vn -0.7927 0.2500 0.5561
vn -0.7709 0.4540 0.4467
vn -0.4143 0.6258 0.6608
vn -0.1692 0.6013 0.7809
vn -0.0654 0.6099 0.7898
vn 0.0000 0.4773 0.8787
vn 0.0654 0.6098 0.7898
vn 0.1692 0.6013 0.7809
vn 0.4143 0.6259 0.6608
vn 0.7709 0.4540 0.4467
vn 0.7927 0.2500 0.5561
vn 0.6495 -0.0817 -0.7560
vn 0.8376 -0.0621 -0.5427
vn 0.9063 -0.1880 -0.3786
vn 0.9640 -0.0292 -0.2643
vn 0.9866 -0.0708 -0.1473
vn 0.9869 -0.0320 -0.1579
vn 0.8716 -0.3939 -0.2918
vn 0.3800 -0.7734 -0.5073
vn 0.5626 -0.8190 -0.1129
vn 0.2060 -0.9770 -0.0556
vn 0.9277 -0.3689 -0.0570
vn 0.8234 -0.5663 -0.0360
vn 0.9944 -0.0888 -0.0571
vn 0.9958 -0.0330 -0.0858
vn 0.9210 -0.3891 -0.0211
vn 0.8221 -0.5691 -0.0181
vn 0.9995 -0.0310 0.0005
vn 0.9083 -0.4178 -0.0181
vn 0.6577 -0.7533 -0.0059
vn 0.9941 -0.1084 -0.0002
vn 0.8730 -0.4596 0.1632
vn 0.9991 -0.0196 0.0389
vn 0.9990 -0.0203 0.0408
vn 0.9566 -0.1823 0.2275
vn 0.9715 -0.0142 0.2368
vn 0.9992 -0.0036 0.0408
vn 0.9989 0.0076 0.0466
vn 1.0000 0.0045 0.0030
vn 0.9119 -0.1776 0.3701
vn 0.9959 0.0898 0.0137
vn 0.9615 -0.0090 0.2747
vn 0.9297 -0.0117 0.3681
vn 0.5549 -0.7155 0.4245
vn 0.9226 -0.2509 0.2930
vn 0.2824 -0.9296 0.2367
vn 0.3165 -0.9485 0.0101
vn -0.4470 -0.8609 0.2429
vn -0.2716 -0.8973 0.3479
vn -0.3201 -0.9168 0.2388
vn 0.5109 -0.7859 0.3484
vn -0.3661 -0.8039 0.4687
vn 0.4449 -0.5947 0.6697
vn 0.6493 -0.2875 0.7041
vn 0.9751 -0.0111 0.2214
vn 0.9255 -0.0063 0.3788
vn 0.9760 -0.0045 0.2179
vn 0.9528 0.1094 0.2831
vn 0.9140 0.1108 0.3903
vn 0.9423 0.2174 0.2546
vn 0.9942 0.0889 -0.0609
vn 0.9958 -0.0014 -0.0914
vn 0.9912 -0.0043 -0.1325
vn 0.9823 0.0970 -0.1605
vn 0.9719 -0.0061 -0.2354
vn 0.9578 0.0951 -0.2711
vn 0.8762 -0.0088 -0.4819
vn 0.5994 0.0836 -0.7961
vn 0.7793 0.0640 -0.6234
vn 0.6147 -0.0078 -0.7887
vn -0.8010 0.2652 0.5367
vn -0.9999 0.0093 -0.0080
vn -0.9999 0.0084 -0.0095
vn 0.0521 0.9966 -0.0645
vn 0.1408 0.9877 -0.0680
vn 0.0449 0.9959 -0.0787
vn 0.1062 0.9912 -0.0793
vn 0.1702 0.9812 -0.0914
vn 0.2503 0.9643 -0.0866
vn 0.0517 0.9900 -0.1316
vn 0.4479 -0.2361 -0.8623
vn -0.4055 -0.8666 -0.2909
vn -0.8866 0.2364 -0.3976
vn 0.1385 0.8659 -0.4806
vn 0.0342 -0.9978 0.0568
vn 0.8590 -0.0002 -0.5120
vn 0.1216 -0.9913 0.0507
vn 0.4030 0.0030 -0.9152
vn -0.8593 -0.0000 0.5114
vn 0.0000 -0.9456 -0.3253
vn -0.0002 0.3241 -0.9460
vn -0.4035 0.0025 -0.9150
vn -0.0000 -0.3271 0.9450
vn -0.1225 -0.9912 0.0500
vn -0.8591 -0.0000 -0.5119
vn -0.4031 -0.0036 0.9151
vn -0.0000 0.9458 0.3247
vn 0.4033 -0.0038 0.9151
vn -0.1215 0.9912 -0.0524
vn -0.0351 -0.9978 0.0559
vn -0.4478 -0.2353 -0.8626
vn -0.1384 0.8655 -0.4814
vn 0.8873 0.2361 -0.3962
vn 0.4070 -0.8660 -0.2906
vn 0.8595 0.0002 0.5111
vn 0.1212 0.9912 -0.0530
vn 0.0332 0.9978 -0.0576
vn -0.0337 0.9978 -0.0570
vn 0.0000 0.7011 0.7131
vn 0.0000 -0.3235 0.9462
vn 0.4232 0.3931 0.8163
vn -0.0000 0.4483 -0.8939
vn -0.7475 0.3514 0.5637
vn -0.0000 -0.7787 -0.6274
vn 0.0000 -0.7225 0.6914
vn 0.0000 -0.7055 -0.7088
vn -0.0000 -0.6068 0.7948
vn -0.0540 0.9308 -0.3615
vn -0.6237 0.4693 -0.6251
vn -0.5125 0.7388 -0.4377
vn -0.3982 0.8502 -0.3443
vn -0.0262 0.9758 -0.2169
vn -0.0000 0.9770 -0.2134
vn 0.0000 0.9668 -0.2555
vn 0.0540 0.9308 -0.3615
vn 0.5125 0.7388 -0.4377
vn 0.6237 0.4693 -0.6251
vn 0.3982 0.8503 -0.3442
vn 0.0262 0.9758 -0.2169
vn 0.0000 0.9841 -0.1776
vn -0.0133 0.9784 -0.2061
vn 0.0133 0.9784 -0.2061
vn -0.0000 0.9779 -0.2089
vn -0.0146 0.9825 -0.1855
vn 0.0146 0.9825 -0.1855
vn -0.8768 -0.2594 -0.4048
vn -0.8866 -0.3773 0.2675
vn -0.9045 -0.2602 0.3378
vn -0.7827 -0.4527 -0.4271
vn -0.5183 -0.2236 0.8255
vn -0.3672 -0.3858 0.8463
vn 0.2045 -0.1782 0.9625
vn -0.6733 -0.7143 -0.1907
vn 0.3158 -0.3808 0.8691
vn 0.8763 -0.2597 0.4059
vn -0.4028 -0.8915 0.2071
vn -0.1914 -0.7141 0.6734
vn 0.1755 -0.9228 0.3430
vn 0.7823 -0.4531 0.4274
vn -0.1755 -0.9228 -0.3430
vn 0.6728 -0.7147 0.1910
vn 0.8860 -0.3780 -0.2684
vn 0.9046 -0.2594 -0.3383
vn 0.4017 -0.2026 -0.8931
vn 0.4023 -0.8918 -0.2069
vn 0.4282 -0.4327 -0.7934
vn 0.1921 -0.7144 -0.6729
vn -0.2658 -0.3464 -0.8997
vn -0.3323 -0.2027 -0.9211
vn 0.8952 -0.2224 0.3862
vn 0.9014 -0.3197 -0.2920
vn 0.9120 -0.1987 -0.3588
vn 0.8128 -0.4201 0.4035
vn 0.5152 -0.1698 -0.8401
vn 0.3734 -0.3397 -0.8632
vn -0.2088 -0.1615 -0.9645
vn 0.7145 -0.6810 0.1605
vn -0.3073 -0.3722 -0.8758
vn -0.8664 -0.2966 -0.4017
vn 0.4471 -0.8619 -0.2392
vn 0.2207 -0.6827 -0.6966
vn -0.1282 -0.9209 -0.3680
vn -0.7622 -0.4830 -0.4310
vn 0.2315 -0.9213 0.3123
vn -0.6341 -0.7460 -0.2034
vn -0.8592 -0.4344 0.2703
vn -0.8832 -0.3193 0.3436
vn -0.3748 -0.2502 0.8927
vn -0.3483 -0.9188 0.1854
vn -0.3910 -0.4779 0.7866
vn -0.1426 -0.7434 0.6534
vn 0.2977 -0.3563 0.8857
vn 0.3550 -0.2105 0.9109
vn -0.8909 -0.2391 -0.3862
vn -0.8752 -0.3936 0.2812
vn -0.8900 -0.2803 0.3595
vn -0.7979 -0.4301 -0.4223
vn -0.4842 -0.2691 0.8326
vn -0.3339 -0.4320 0.8378
vn 0.2408 -0.2297 0.9430
vn -0.6803 -0.7040 -0.2041
vn 0.3491 -0.4269 0.8342
vn 0.8910 -0.2798 0.3575
vn -0.3945 -0.9024 0.1734
vn -0.1656 -0.7501 0.6402
vn 0.1887 -0.9397 0.2852
vn 0.7985 -0.4738 0.3714
vn -0.1886 -0.9028 -0.3864
vn 0.6803 -0.7220 0.1261
vn 0.8751 -0.3604 -0.3230
vn 0.8907 -0.2392 -0.3866
vn 0.3662 -0.1530 -0.9179
vn 0.3945 -0.8780 -0.2710
vn 0.3968 -0.3868 -0.8324
vn 0.1658 -0.6751 -0.7188
vn -0.2993 -0.2966 -0.9069
vn -0.3658 -0.1528 -0.9181
vn -0.9084 -0.1893 -0.3727
vn -0.9019 -0.3077 0.3031
vn -0.9080 -0.1895 0.3737
vn -0.8304 -0.3889 -0.3989
vn -0.4997 -0.1846 0.8463
vn -0.3609 -0.3578 0.8612
vn 0.2279 -0.1968 0.9536
vn -0.7330 -0.6595 -0.1665
vn 0.3197 -0.4073 0.8555
vn 0.8688 -0.3288 0.3703
vn -0.4610 -0.8583 0.2252
vn -0.2193 -0.6975 0.6822
vn 0.1170 -0.9344 0.3364
vn 0.7612 -0.5136 0.3960
vn -0.2588 -0.9054 -0.3365
vn 0.6232 -0.7644 0.1652
vn 0.8435 -0.4449 -0.3009
vn 0.8682 -0.3291 -0.3714
vn 0.3514 -0.2313 -0.9072
vn 0.3252 -0.9196 -0.2206
vn 0.3642 -0.4625 -0.8084
vn 0.1101 -0.7260 -0.6788
vn -0.3252 -0.3215 -0.8893
vn -0.3798 -0.1730 -0.9088
vn 0.3290 -0.9443 0.0119
vn -0.0403 -0.9760 0.2142
vn -0.2081 -0.9780 0.0151
vn 0.9387 -0.3447 0.0065
vn 0.1347 -0.8827 -0.4503
vn -0.0234 -0.8714 0.4901
vn 0.7998 0.2627 0.5398
vn -0.4469 -0.8609 0.2430
vn -0.8767 0.4808 0.0155
vn 0.3164 -0.9486 0.0102
vn 0.6148 -0.7886 -0.0056
vn -0.7475 0.3513 0.5638
vn -0.4469 -0.8610 0.2429
vn -0.2402 -0.3172 0.9174
vn -0.0235 -0.8713 0.4901
vn -0.0168 -0.3423 0.9394
vn -0.0007 -0.9304 0.3665
vn -0.0403 -0.9759 0.2143
vn -0.5600 -0.8284 -0.0144
vn 0.4540 -0.8910 0.0037
vn 0.6148 -0.7886 -0.0057
vn -0.7269 0.6412 -0.2459
vn -0.8382 0.5242 -0.1505
vn -0.7794 0.6240 -0.0571
vn -0.8185 0.4008 -0.4115
vn -0.9175 0.2673 -0.2945
vn -0.8087 0.2109 -0.5491
vn -0.5897 0.2145 -0.7786
vn -0.7413 0.2398 -0.6269
vn -0.9263 0.1350 -0.3517
vn -0.9569 0.1248 -0.2622
vn -0.9820 0.1010 -0.1596
vn -0.9586 0.2371 -0.1576
vn -0.9866 0.1066 -0.1238
vn -0.9916 0.0968 -0.0855
vn -0.9633 0.2558 -0.0813
vn -0.9929 0.0974 -0.0680
vn -0.8314 0.5535 -0.0489
vn -0.9947 0.0966 -0.0356
vn -0.9680 0.2505 0.0113
vn -0.8714 0.4564 0.1799
vn -0.8880 0.4272 0.1701
vn -0.9596 0.1819 0.2145
vn -0.8853 0.3727 0.2781
vn -0.8633 0.2091 0.4594
vn -0.8336 0.0895 0.5451
vn -0.9064 0.0852 0.4136
vn -0.9283 0.1556 0.3378
vn -0.8591 0.0848 0.5048
vn -0.8564 0.2048 0.4739
vn -0.5285 0.1083 0.8420
vn -0.7655 0.4956 0.4103
vn -0.5788 0.3221 0.7491
vn -0.2121 0.3504 0.9123
vn -0.0643 0.3500 0.9345
vn 0.7269 0.6412 -0.2459
vn 0.8382 0.5242 -0.1505
vn 0.8185 0.4008 -0.4115
vn 0.8314 0.5535 -0.0489
vn 0.8087 0.2109 -0.5491
vn 0.5897 0.2145 -0.7786
vn 0.7413 0.2398 -0.6269
vn 0.9263 0.1350 -0.3517
vn 0.9175 0.2673 -0.2945
vn 0.9569 0.1248 -0.2622
vn 0.9820 0.1010 -0.1596
vn 0.9586 0.2371 -0.1576
vn 0.9866 0.1066 -0.1238
vn 0.9916 0.0968 -0.0855
vn 0.9633 0.2558 -0.0813
vn 0.9929 0.0973 -0.0681
vn 0.9680 0.2505 0.0113
vn 0.9947 0.0969 -0.0356
vn 0.9596 0.1819 0.2145
vn -0.0991 0.0876 0.9912
vn -0.1108 0.0983 0.9890
vn -0.0960 0.1428 0.9851
vn -0.0948 0.0431 0.9946
vn -0.1941 0.0955 0.9763
vn -0.0881 0.0478 0.9950
vn -0.0816 0.0632 0.9947
vn -0.3701 0.0631 0.9268
vn -0.2509 0.0489 0.9668
vn -0.0204 0.0491 0.9986
vn -0.4204 0.0552 0.9057
vn -0.0304 0.0298 0.9991
vn -0.0000 0.0303 0.9995
vn -0.4255 0.0457 0.9038
vn -0.4281 0.0734 0.9007
vn -0.0700 0.0775 0.9945
vn -0.0670 0.1062 0.9921
vn -0.0604 0.1216 0.9907
vn -0.0688 0.3408 0.9376
vn -0.3357 0.1166 0.9347
vn -0.0670 0.3305 0.9414
vn -0.0781 0.8455 0.5282
vn -0.0808 0.8183 0.5690
vn -0.0674 0.9743 0.2150
vn -0.0620 0.9752 0.2126
vn -0.2154 0.9507 0.2229
vn -0.4355 0.7021 0.5634
vn -0.4037 0.8969 0.1804
vn -0.4402 0.2519 0.8619
vn -0.2692 0.8319 0.4853
vn -0.0348 0.9864 0.1609
vn -0.3786 0.3303 0.8646
vn -0.4050 0.1197 0.9064
vn -0.0449 0.9003 0.4330
vn 0.0000 0.9899 0.1418
vn -0.0404 0.4226 0.9054
vn -0.0321 0.1074 0.9937
vn -0.3391 0.0757 0.9377
vn -0.0305 0.0316 0.9990
vn -0.0283 0.0566 0.9980
vn 0.0000 0.0199 0.9998
vn 0.0000 0.0357 0.9994
vn -0.0000 0.0671 0.9977
vn 0.0305 0.0297 0.9991
vn 0.0205 0.0491 0.9986
vn 0.0306 0.0316 0.9990
vn 0.0284 0.0567 0.9980
vn 0.2494 0.0490 0.9672
vn 0.1930 0.0956 0.9765
vn 0.4236 0.0457 0.9047
vn 0.3382 0.0757 0.9380
vn 0.3682 0.0632 0.9276
vn 0.0988 0.0878 0.9912
vn 0.0960 0.1428 0.9851
vn 0.1108 0.0983 0.9890
vn 0.0948 0.0431 0.9946
vn 0.0884 0.0478 0.9949
vn 0.0815 0.0632 0.9947
vn 0.4186 0.0552 0.9065
vn 0.4268 0.0733 0.9014
vn 0.0702 0.0775 0.9945
vn 0.0670 0.1062 0.9921
vn 0.3349 0.1166 0.9350
vn 0.0604 0.1216 0.9907
vn 0.0691 0.3406 0.9377
vn 0.0669 0.3305 0.9414
vn 0.4043 0.1195 0.9068
vn 0.0781 0.8455 0.5282
vn 0.0808 0.8183 0.5691
vn 0.0674 0.9743 0.2150
vn 0.0620 0.9752 0.2126
vn 0.2154 0.9507 0.2229
vn 0.4397 0.2517 0.8621
vn 0.4355 0.7021 0.5634
vn 0.4037 0.8969 0.1804
vn 0.3785 0.3302 0.8647
vn 0.2692 0.8318 0.4854
vn 0.0352 0.9863 0.1609
vn 0.0322 0.1074 0.9937
vn 0.0404 0.4226 0.9054
vn 0.0439 0.9003 0.4331
vn -0.0000 0.1180 0.9930
vn 0.0000 0.7900 0.6130
vn 0.0000 0.3779 0.9259
vn -0.0000 -0.9960 -0.0897
vn 0.2061 -0.9770 -0.0556
vn 0.0000 -0.9996 -0.0286
vn 0.0000 -1.0000 0.0078
vn -0.0111 -0.9768 0.2141
vn -0.0000 -0.9915 0.1298
vn 0.0000 -0.9233 0.3840
vn 0.0111 -0.9768 0.2141
vn -0.2716 -0.8974 0.3478
vn 0.0000 -0.9515 0.3075
vn -0.0000 -0.8295 0.5585
vn -0.1121 0.9802 -0.1632
vn -0.1175 0.9678 -0.2226
vn -0.2487 0.9625 -0.1085
vn -0.0176 0.9500 -0.3117
vn -0.2285 0.9710 -0.0708
vn -0.0469 0.9557 -0.2907
vn -0.1333 0.9897 -0.0529
vn -0.0443 0.9837 -0.1742
vn -0.0521 0.9966 -0.0645
vn -0.6117 -0.0186 0.7909
vn -0.2794 -0.0036 0.9602
vn -0.5757 -0.0159 0.8175
vn -0.2449 0.0075 0.9695
vn -0.0698 0.0125 0.9975
vn -0.6246 0.0618 0.7785
vn -0.2591 0.0549 0.9643
vn -0.5706 0.1688 0.8037
vn -0.0574 0.0223 0.9981
vn -0.5555 0.4291 0.7123
vn -0.2824 0.1764 0.9429
vn -0.2720 0.5726 0.7734
vn -0.0727 0.0532 0.9959
vn -0.0674 0.1551 0.9856
vn -0.0674 0.6109 0.7889
vn -0.0000 0.0491 0.9988
vn -0.0000 0.2644 0.9644
vn -0.0000 0.5047 0.8633
vn 0.0674 0.6109 0.7889
vn 0.0674 0.1551 0.9856
vn 0.2720 0.5726 0.7734
vn 0.5555 0.4291 0.7123
vn 0.2824 0.1764 0.9429
vn 0.5706 0.1688 0.8037
vn 0.0727 0.0532 0.9959
vn 0.2591 0.0549 0.9643
vn 0.6246 0.0618 0.7785
vn 0.5757 -0.0159 0.8175
vn 0.0575 0.0223 0.9981
vn 0.2449 0.0075 0.9695
vn 0.6117 -0.0186 0.7909
vn 0.2795 -0.0036 0.9601
vn 0.0698 0.0125 0.9975
vn -0.0000 0.0157 0.9999
vn -0.0000 0.0241 0.9997
vn -0.1017 -0.9510 -0.2920
vn -0.0036 -0.8079 0.5893
vn -0.6687 -0.7032 0.2415
vn 0.7848 -0.5411 0.3021
vn 0.3449 -0.2038 0.9163
vn 0.6042 -0.5224 -0.6017
vn 0.9639 0.0976 -0.2477
vn -0.0703 -0.4080 -0.9103
vn -0.3385 0.2231 0.9141
vn -0.6218 -0.5411 0.5662
vn 0.0842 -0.9942 0.0665
vn -0.2216 0.1368 0.9655
vn -0.5966 -0.5516 0.5829
vn -0.0591 -0.9928 -0.1045
vn -0.8724 -0.2184 0.4372
vn -0.3875 -0.8386 -0.3830
vn 0.0485 -0.8309 0.5543
vn -0.6866 0.6277 0.3667
vn -0.3222 0.2103 0.9230
vn -0.5577 0.4057 -0.7241
vn 0.1920 0.9769 -0.0941
vn 0.5689 -0.2491 -0.7838
vn 0.8954 0.1271 0.4268
vn 0.5155 0.8213 -0.2443
vn 0.0162 0.7635 0.6456
vn 0.6217 -0.7166 0.3161
vn 0.2408 -0.3175 0.9172
vn 0.5210 -0.1971 -0.8305
vn -0.3996 -0.8915 -0.2134
vn -0.5181 0.5492 -0.6557
vn -0.3106 0.3868 -0.8683
vn -0.8163 0.4725 -0.3323
vn -0.1861 0.9425 -0.2775
vn 0.1699 0.9563 -0.2380
vn 0.8163 0.4725 -0.3323
vn 0.3106 0.3868 -0.8683
vn -0.5832 0.2881 -0.7595
vn 0.2590 -0.5054 -0.8231
vn 0.6689 -0.1273 -0.7323
vn 0.8119 -0.0096 0.5837
vn 0.1935 -0.9381 0.2874
vn 0.5535 0.8314 0.0496
vn -0.0581 0.9131 -0.4036
vn -0.6551 0.5675 -0.4989
vn 0.1232 -0.3766 -0.9181
vn 0.5977 -0.1177 -0.7930
vn 0.8652 -0.0089 0.5013
vn 0.2254 -0.9396 0.2577
vn 0.5481 0.8364 -0.0036
vn 0.0029 0.9829 -0.1839
vn 0.0000 0.3199 -0.9474
vn -0.0000 0.9499 -0.3125
vn 0.0000 0.9484 0.3171
vn 0.0001 -0.3153 -0.9490
vn -0.0000 0.3171 0.9484
vn -0.0000 -0.3125 0.9499
vn -0.0003 -0.9474 0.3199
vn 0.0000 -0.9490 -0.3153
vn -0.0004 0.3162 -0.9487
vn 0.0003 0.9487 -0.3162
vn 0.0002 0.9487 0.3162
vn 0.0005 -0.3162 -0.9487
vn 0.0004 0.3162 0.9487
vn 0.0004 -0.3162 0.9487
vn -0.0003 -0.9487 0.3162
vn -0.0003 -0.9487 -0.3162
vn 0.9428 0.3310 -0.0394
vn 0.2998 0.9473 -0.1129
vn -0.3008 0.9470 -0.1129
vn 0.9437 -0.3284 0.0392
vn -0.9428 0.3310 -0.0394
vn -0.9441 -0.3274 0.0390
vn -0.3022 -0.9465 0.1130
vn 0.3022 -0.9465 0.1130
vn 0.2997 0.9473 -0.1129
vn -0.9428 0.3311 -0.0394
vn -0.9441 -0.3274 0.0391
vn 0.7532 0.1859 -0.6309
vn -0.6357 -0.2032 -0.7447
vn -0.9102 0.1727 -0.3765
vn 0.4666 -0.7431 -0.4796
vn -0.3460 -0.7465 0.5683
vn 0.2321 -0.6915 0.6841
vn 0.6102 -0.2380 0.7557
vn -0.3230 -0.9066 0.2714
vn -0.1653 -0.8698 -0.4649
vn 0.3894 -0.8855 -0.2536
vn -0.7542 0.1852 -0.6300
vn 0.6349 -0.2031 -0.7454
vn -0.4669 -0.7435 -0.4788
vn 0.9100 0.1731 -0.3768
vn 0.3465 -0.7467 0.5678
vn -0.2323 -0.6917 0.6838
vn 0.3232 -0.9067 0.2709
vn -0.6110 -0.2384 0.7549
vn 0.1653 -0.8698 -0.4649
vn -0.3897 -0.8856 -0.2527
vn -0.8745 0.4099 0.2594
vn -0.5431 0.7418 -0.3934
vn 0.2573 0.9270 -0.2730
vn 0.1567 -0.3523 -0.9227
vn 0.3207 0.9139 -0.2489
vn 0.1457 -0.2957 -0.9441
vn -0.3524 -0.8992 0.2592
vn -0.1868 -0.9344 0.3033
vn 0.0455 -0.9520 0.3028
vn -0.1907 0.3583 0.9139
vn -0.0420 0.3179 0.9472
vn 0.2251 0.9290 -0.2936
vn 0.0795 -0.3464 -0.9347
vn 0.3339 0.9095 -0.2476
vn 0.0896 -0.2634 -0.9605
vn -0.3210 -0.9031 0.2852
vn -0.2149 -0.9480 0.2346
vn -0.0314 -0.9946 0.0989
vn -0.1149 0.3568 0.9271
vn 0.0370 0.3154 0.9482
vn -0.2755 0.2187 0.9361
vn -0.0012 0.1086 0.9941
vn -0.0035 0.1601 0.9871
vn -0.3318 0.1351 0.9336
vn -0.0004 -0.0029 1.0000
vn -0.2573 -0.0097 0.9663
vn 0.0000 -0.0072 1.0000
vn -0.0009 -0.0090 1.0000
vn -0.2980 -0.0132 0.9545
vn -0.0009 -0.0109 0.9999
vn -0.3947 -0.0170 0.9187
vn 0.2522 0.8351 -0.4888
vn 0.0740 0.9820 -0.1737
vn 0.0919 0.7361 -0.6706
vn 0.0561 0.9854 -0.1609
vn 0.0565 0.9843 -0.1670
vn 0.1606 0.9730 -0.1659
vn 0.2615 0.9556 -0.1362
vn 0.3403 0.9340 -0.1089
vn 0.2875 0.9411 -0.1781
vn 0.4575 0.8813 -0.1183
vn 0.1783 0.9825 -0.0535
vn 0.0780 0.9963 0.0358
vn 0.0821 0.9629 -0.2572
vn 0.2303 0.9723 -0.0393
vn 0.6381 0.7692 0.0348
vn 0.4585 0.8304 0.3166
vn 0.0701 0.9971 0.0312
vn 0.1483 0.9737 0.1727
vn 0.1199 0.8954 0.4288
vn 0.3764 0.9260 -0.0282
vn 0.6187 0.7767 -0.1179
vn 0.2325 0.8449 0.4818
vn -0.0642 0.9187 0.3898
vn -0.4678 0.8808 0.0737
vn 0.1214 0.8563 0.5020
vn -0.5580 0.7726 -0.3027
vn -0.1808 0.9159 0.3584
vn -0.2152 0.8151 -0.5379
vn -0.6350 0.7351 -0.2375
vn -0.4812 0.8600 0.1696
vn -0.1664 0.9357 0.3110
vn -0.4456 0.8904 0.0927
vn 0.0695 0.9609 0.2679
vn -0.3406 0.9368 -0.0799
vn -0.1247 0.9682 -0.2169
vn 0.5417 0.7886 0.2910
vn 0.4903 0.8704 0.0441
vn -0.1536 0.7394 -0.6555
vn 0.0705 0.9618 -0.2644
vn 0.6662 0.7128 -0.2192
vn 0.4261 0.8994 -0.0976
vn 0.7322 0.6636 0.1535
vn 0.2520 0.6582 -0.7094
vn 0.5323 0.7519 -0.3890
vn 0.5271 0.8448 -0.0920
vn 0.1827 0.6311 -0.7539
vn 0.0938 0.9942 0.0529
vn 0.0554 0.9303 0.3627
vn 0.0596 0.9394 0.3375
vn 0.5049 0.8578 0.0961
vn 0.3147 0.8778 0.3611
vn 0.2638 0.8507 0.4547
vn 0.2098 0.4905 0.8458
vn 0.0210 0.5073 0.8615
vn 0.0000 0.4000 0.9165
vn 0.0002 0.9571 0.2899
vn -0.2638 0.8507 0.4547
vn -0.0210 0.5073 0.8615
vn -0.2098 0.4904 0.8459
vn -0.3147 0.8778 0.3612
vn -0.5050 0.8578 0.0961
vn -0.0938 0.9942 0.0529
vn -0.0596 0.9394 0.3375
vn -0.0554 0.9302 0.3627
vn -0.5271 0.8448 -0.0920
vn -0.1199 0.8954 0.4288
vn -0.5390 0.7417 -0.3992
vn -0.4566 0.8888 0.0396
vn -0.1483 0.9737 0.1728
vn -0.4585 0.8304 0.3166
vn -0.1905 0.5767 -0.7945
vn -0.2303 0.9723 -0.0393
vn -0.6381 0.7692 0.0348
vn 0.2372 0.7834 -0.5745
vn -0.4575 0.8813 -0.1183
vn 0.1664 0.6942 -0.7003
vn -0.1783 0.9825 -0.0535
vn -0.2645 0.6144 -0.7434
vn 0.5927 0.7408 -0.3162
vn -0.0704 0.9618 -0.2644
vn 0.6713 0.6976 -0.2506
vn 0.4758 0.8771 0.0664
vn 0.1250 0.9681 -0.2170
vn 0.3409 0.9367 -0.0798
vn 0.4445 0.8910 0.0923
vn 0.4912 0.8550 0.1664
vn 0.1660 0.9358 0.3111
vn 0.1701 0.9272 0.3336
vn -0.0692 0.9608 0.2686
vn 0.0577 0.9350 0.3500
vn -0.1090 0.8889 0.4450
vn -0.5117 0.8184 0.2615
vn -0.4895 0.8709 0.0442
vn -0.2158 0.8709 0.4416
vn -0.0908 0.9750 0.2029
vn -0.3457 0.9257 -0.1536
vn -0.1139 0.9216 0.3710
vn -0.3403 0.9340 -0.1089
vn -0.2615 0.9556 -0.1362
vn -0.1601 0.9730 -0.1662
vn -0.0552 0.9864 -0.1550
vn -0.0565 0.9843 -0.1673
vn -0.0727 0.9820 -0.1743
vn -0.2198 0.8748 -0.4317
vn -0.0919 0.7361 -0.6706
vn -0.5359 0.8102 -0.2376
vn -0.7036 0.6977 0.1350
vn -0.6610 0.7166 -0.2227
vn -0.4226 0.9010 -0.0978
vn -0.5910 -0.1577 -0.7911
vn 0.6967 -0.3823 -0.6070
vn 0.2082 -0.8040 -0.5570
vn -0.5977 0.2033 -0.7755
vn 0.3038 -0.6180 -0.7251
vn -0.3845 0.4786 -0.7894
vn 0.0871 -0.7006 -0.7082
vn -0.1338 0.6232 -0.7705
vn -0.7458 0.5299 -0.4036
vn 0.6078 0.5379 -0.5842
vn -0.0299 0.9884 -0.1491
vn -0.0125 0.4134 -0.9105
vn 0.5928 0.7996 -0.0964
vn -0.0302 0.9866 0.1601
vn 0.6386 0.7058 0.3068
vn -0.0149 0.4951 0.8687
vn 0.7734 0.3016 0.5576
vn -0.0000 0.1635 0.9866
vn 0.0000 -0.8808 0.4734
vn 0.0116 0.3862 0.9223
vn -0.6557 0.4303 0.6204
vn 0.0273 0.9045 0.4255
vn -0.6373 0.7580 0.1392
vn 0.0299 0.9919 -0.1237
vn -0.5935 0.7969 -0.1123
vn 0.0169 0.6422 -0.7663
vn -0.6953 0.3680 -0.6174
vn -0.6898 0.2366 0.6843
vn 0.6518 0.4701 0.5951
vn -0.7935 0.4994 0.3478
vn 0.8621 0.4686 0.1929
vn -0.6524 0.4707 0.5940
vn -0.8621 0.4688 0.1923
vn -0.9643 0.2619 -0.0385
vn 0.6901 0.2369 0.6838
vn 0.6896 0.2928 0.6624
vn 0.7931 0.4991 0.3492
vn 0.6202 0.7536 0.2179
vn 0.9875 0.1561 -0.0195
vn 0.7776 0.6221 -0.0907
vn 0.7459 0.5297 -0.4038
vn 0.0455 -0.8392 0.5419
vn -0.4734 -0.3352 0.8146
vn -0.4231 0.3621 0.8306
vn -0.0267 0.8775 0.4789
vn 0.4927 0.8700 0.0192
vn -0.1042 0.9269 0.3605
vn 0.6231 0.7798 0.0606
vn 0.8693 0.3459 -0.3532
vn 0.9571 0.1984 -0.2113
vn 0.8766 -0.3510 -0.3291
vn 0.8542 -0.4641 -0.2343
vn 0.5547 -0.8301 0.0567
vn 0.2928 -0.9550 -0.0477
vn -0.4800 -0.8429 0.2432
vn -0.8865 -0.2156 0.4094
vn -0.7313 0.4812 0.4834
vn 0.5325 0.3402 0.7751
vn 0.1647 0.4373 0.8841
vn 0.8746 0.3071 0.3752
vn -0.2723 -0.9201 0.2817
vn -0.3303 -0.7325 -0.5952
vn -0.1393 -0.9094 -0.3918
vn -0.3794 -0.9001 0.2143
vn -0.1217 -0.2100 -0.9701
vn 0.0010 0.0930 0.9957
vn 0.2755 0.2187 0.9361
vn 0.0030 0.1597 0.9872
vn 0.3318 0.1351 0.9336
vn 0.0007 -0.0028 1.0000
vn 0.2573 -0.0097 0.9663
vn 0.0009 -0.0090 1.0000
vn 0.2980 -0.0132 0.9545
vn 0.0009 -0.0109 0.9999
vn 0.3947 -0.0170 0.9187
vn 0.9636 0.2643 -0.0392
vn -0.6900 0.2937 0.6615
vn -0.6206 0.7535 0.2169
vn -0.9880 0.1535 -0.0193
vn -0.7782 0.6215 -0.0904
vn -0.6969 -0.3820 -0.6070
vn 0.5909 -0.1581 -0.7911
vn -0.2082 -0.8040 -0.5570
vn 0.5978 0.2029 -0.7755
vn -0.3039 -0.6178 -0.7252
vn 0.3844 0.4788 -0.7893
vn -0.0871 -0.7006 -0.7082
vn 0.1338 0.6232 -0.7705
vn -0.0455 -0.8392 0.5419
vn 0.4734 -0.3352 0.8146
vn 0.4231 0.3621 0.8306
vn 0.0267 0.8775 0.4789
vn -0.4928 0.8699 0.0192
vn 0.1041 0.9269 0.3605
vn -0.6231 0.7798 0.0606
vn -0.8693 0.3459 -0.3532
vn -0.9571 0.1984 -0.2113
vn -0.8766 -0.3510 -0.3291
vn -0.8542 -0.4641 -0.2343
vn -0.5547 -0.8301 0.0567
vn -0.2928 -0.9550 -0.0477
vn 0.4800 -0.8429 0.2432
vn 0.8867 -0.2156 0.4090
vn 0.7313 0.4812 0.4834
vn 0.1217 -0.2100 -0.9701
vn 0.3059 -0.9132 0.2694
vn 0.3303 -0.7325 -0.5952
vn 0.2723 -0.9201 0.2817
vn 0.1393 -0.9094 -0.3918
vn 0.0000 0.1544 0.9880
vn 0.7505 -0.2760 -0.6004
vn -0.0990 0.5322 -0.8408
vn 0.6959 0.6175 -0.3667
vn 0.1439 -0.7979 -0.5854
vn -0.5923 -0.5422 -0.5960
vn -0.8810 0.3054 -0.3613
vn 0.1804 0.9351 -0.3052
vn 0.7067 0.3437 0.6184
vn 0.8924 0.3714 -0.2564
vn -0.0595 0.3168 0.9466
vn -0.6894 0.5742 0.4416
vn -0.6403 0.6274 -0.4431
vn 0.1210 0.4945 -0.8607
vn -0.7313 -0.3066 -0.6093
vn -0.6888 0.6248 -0.3676
vn -0.0931 -0.8204 -0.5642
vn 0.5551 -0.6137 -0.5615
vn 0.8985 0.2318 -0.3727
vn -0.1804 0.9351 -0.3052
vn 0.6894 0.5742 0.4416
vn 0.6403 0.6274 -0.4432
vn 0.0595 0.3168 0.9466
vn -0.7067 0.3437 0.6184
vn -0.8924 0.3714 -0.2564
vn 0.0190 -0.9971 -0.0730
vn 0.6163 -0.5679 0.5456
vn -0.0953 -0.9697 0.2248
vn 0.3427 -0.2228 0.9126
vn 0.3261 -0.3689 0.8704
vn 0.1218 -0.6328 0.7647
vn -0.0003 -0.3161 -0.9487
vn -0.1217 -0.6328 0.7647
vn -0.3263 -0.3685 0.8705
vn -0.3429 -0.2226 0.9126
vn -0.6167 -0.5671 0.5460
vn -0.0195 -0.9971 -0.0734
vn 0.0939 -0.9699 0.2247
vn 0.0000 0.6382 -0.7699
vn 0.0000 0.9293 -0.3694
vn 0.3890 -0.0866 0.9171
vn 0.2863 -0.1280 0.9495
vn 0.8202 -0.4996 0.2789
vn 0.2536 -0.5056 0.8247
vn 0.7790 -0.3243 -0.5366
vn 0.2871 -0.2077 -0.9351
vn 0.3646 -0.8567 -0.3650
vn 0.1193 -0.5208 -0.8453
vn 0.2463 -0.8441 0.4764
vn -0.0604 -0.4287 0.9014
vn -0.2871 -0.2077 -0.9351
vn -0.1193 -0.5208 -0.8453
vn -0.3646 -0.8567 -0.3650
vn -0.7790 -0.3243 -0.5366
vn -0.8202 -0.4996 0.2789
vn -0.2863 -0.1280 0.9496
vn -0.3900 -0.0605 0.9188
vn -0.2535 -0.5055 0.8247
vn -0.2463 -0.8440 0.4764
vn 0.0604 -0.4287 0.9014
vn 0.1238 -0.3853 0.9144
vn -0.0084 -0.0119 0.9999
vn -0.0000 0.0090 1.0000
vn -0.1094 -0.4707 0.8755
vn 0.0195 -0.1587 0.9871
vn -0.8545 -0.0183 0.5191
vn -0.9470 -0.0143 0.3209
vn -0.9283 -0.0133 0.3716
vn -0.8096 -0.0168 0.5868
vn -0.9624 -0.0082 0.2714
vn -0.8261 -0.0116 0.5634
vn -0.9747 0.0715 0.2118
vn -0.8236 0.1443 0.5485
vn -0.9450 0.2492 0.2119
vn -0.7694 0.3003 0.5637
vn 0.9223 -0.0143 0.3861
vn 0.8275 -0.0182 0.5612
vn 0.8934 -0.0130 0.4491
vn 0.7921 -0.0167 0.6101
vn 0.9461 -0.0090 0.3239
vn 0.8117 -0.0119 0.5840
vn 0.9555 0.1215 0.2690
vn 0.8091 0.1696 0.5627
vn 0.9181 0.3209 0.2325
vn 0.7745 0.2996 0.5572
vn 0.0006 0.9740 -0.2266
vn 0.8645 0.4802 -0.1483
vn 0.0006 0.8114 -0.5845
vn 0.8636 0.3902 -0.3194
vn -0.0114 0.5526 -0.8334
vn 0.8647 -0.4962 0.0786
vn 0.8582 0.2145 -0.4664
vn 0.8642 -0.4257 0.2681
vn 0.0008 -0.9741 0.2259
vn 0.8636 -0.3417 0.3708
vn 0.0009 -0.8111 0.5849
vn -0.8641 -0.4809 0.1482
vn 0.0132 -0.5528 0.8332
vn -0.8629 -0.3905 0.3207
vn -0.8641 0.4972 -0.0786
vn -0.8572 -0.2156 0.4677
vn -0.8639 0.4264 -0.2680
vn -0.8630 0.3416 -0.3721
vn 0.0049 0.9742 -0.2257
vn -0.8646 0.4803 -0.1476
vn 0.0004 0.8113 -0.5847
vn -0.8641 -0.4971 0.0790
vn -0.8636 0.3902 -0.3194
vn 0.0114 0.5526 -0.8334
vn -0.0008 -0.9741 0.2260
vn -0.8642 -0.4257 0.2680
vn -0.8582 0.2145 -0.4664
vn -0.8636 -0.3417 0.3708
vn -0.0009 -0.8111 0.5849
vn -0.0132 -0.5528 0.8332
vn 0.8532 -0.4999 0.1488
vn 0.8629 -0.3905 0.3207
vn 0.8572 -0.2156 0.4677
vn 0.8614 0.5022 -0.0758
vn 0.8639 0.4264 -0.2680
vn 0.8630 0.3416 -0.3721
vn 0.8551 0.4967 -0.1486
vn 0.9374 -0.3482 -0.0041
vn 0.7588 0.6513 -0.0025
vn 0.8515 -0.5120 -0.1133
vn 0.8032 0.4730 -0.3621
vn 0.1931 -0.9812 -0.0011
vn 0.8000 -0.5426 -0.2563
vn 0.0043 -0.9994 0.0334
vn -0.7464 -0.6655 0.0014
vn 0.7208 0.3668 -0.5881
vn -0.8494 -0.5069 0.1467
vn -0.9427 0.3335 0.0021
vn -0.0012 -0.9945 0.1048
vn 0.6019 -0.7168 -0.3521
vn -0.8475 0.5186 0.1134
vn -0.1793 0.9838 0.0006
vn -0.8023 -0.4736 0.3632
vn -0.0049 0.9994 -0.0338
vn -0.7996 0.5427 0.2571
vn 0.0005 0.9945 -0.1046
vn -0.7399 -0.2659 0.6179
vn 0.0207 0.9956 -0.0914
vn -0.6353 0.6667 0.3898
vn 0.0874 0.9576 -0.2744
vn 0.3945 0.3014 -0.8680
vn 0.1009 0.5604 -0.8220
vn -0.4212 0.6621 0.6198
vn -0.0297 0.9975 0.0640
vn 0.0000 0.9514 -0.3080
vn -0.0000 0.2091 -0.9779
vn -0.1009 0.5604 -0.8220
vn -0.1485 0.4441 0.8836
vn -0.0000 0.7428 0.6695
vn 0.0297 0.9975 0.0640
vn -0.0874 0.9576 -0.2744
vn -0.3945 0.3014 -0.8680
vn -0.7208 0.3668 -0.5881
vn 0.1485 0.4441 0.8836
vn -0.0207 0.9956 -0.0914
vn -0.8032 0.4730 -0.3621
vn 0.4212 0.6621 0.6198
vn -0.0005 0.9945 -0.1046
vn -0.8491 0.5074 -0.1468
vn 0.6353 0.6667 0.3898
vn 0.0049 0.9994 -0.0338
vn -0.7450 0.6670 -0.0016
vn 0.1794 0.9838 0.0004
vn 0.7996 0.5427 0.2571
vn 0.8474 0.5187 0.1134
vn 0.9427 0.3335 0.0021
vn 0.7399 -0.2659 0.6179
vn 0.8023 -0.4736 0.3632
vn 0.8494 -0.5070 0.1466
vn 0.7464 -0.6655 0.0017
vn 0.1419 -0.9621 0.2329
vn -0.0043 -0.9994 0.0334
vn -0.1805 -0.9836 -0.0004
vn 0.0012 -0.9945 0.1048
vn -0.8483 -0.5173 -0.1127
vn -0.9430 -0.3328 -0.0021
vn -0.8000 -0.5426 -0.2563
vn -0.6019 -0.7168 -0.3521
vn -0.5055 -0.4962 -0.7058
vn -0.0869 -0.9957 -0.0310
vn -0.1290 -0.5358 -0.8344
vn 0.3621 -0.4871 0.7948
vn 0.0272 -0.9924 0.1199
vn -0.0001 -0.7422 -0.6702
vn 0.1095 -0.5007 0.8587
vn -0.0000 -0.2085 0.9780
vn 0.0000 -0.9516 0.3073
vn -0.1095 -0.5007 0.8587
vn -0.0272 -0.9924 0.1199
vn -0.3621 -0.4871 0.7948
vn 0.1290 -0.5358 -0.8344
vn 0.0869 -0.9957 -0.0310
vn 0.5055 -0.4962 -0.7059
vn -0.1419 -0.9621 0.2329
vn 0.7173 -0.5552 -0.4210
vn 0.2637 -0.1346 -0.9552
vn 0.3850 -0.8755 -0.2921
vn 0.2636 0.1229 -0.9568
vn 0.9381 -0.1185 -0.3256
vn -0.1187 0.7393 -0.6628
vn 0.2188 0.0801 -0.9725
vn 0.9145 0.2119 -0.3446
vn -0.4195 0.6759 -0.6059
vn -0.3808 0.8771 0.2927
vn 0.2101 -0.0257 -0.9773
vn 0.6502 0.6201 -0.4389
vn -0.7099 0.2031 -0.6743
vn -0.7174 0.5539 0.4225
vn -0.2584 0.1329 0.9569
vn 0.1495 -0.0364 -0.9881
vn 0.3745 0.6849 -0.6250
vn 0.0733 -0.1985 -0.9774
vn -0.2639 -0.1239 0.9566
vn 0.1230 -0.7391 0.6623
vn -0.4786 -0.6389 -0.6023
vn -0.3016 -0.8842 -0.3567
vn -0.7025 -0.2377 -0.6708
vn -0.6518 -0.6190 0.4382
vn -0.3765 -0.6845 0.6243
vn -0.9136 -0.2148 0.3453
vn -0.9374 0.1170 0.3279
vn -0.2191 -0.0811 0.9723
vn -0.2105 0.0220 0.9773
vn -0.1516 0.0374 0.9877
vn -0.0752 0.2000 0.9769
vn 0.4186 -0.6765 0.6059
vn 0.7092 -0.2041 0.6748
vn 0.7017 0.2346 0.6727
vn 0.4763 0.6405 0.6024
vn 0.2991 0.8849 0.3571
vn -0.2637 -0.1346 -0.9552
vn -0.7173 -0.5552 -0.4210
vn -0.3850 -0.8755 -0.2921
vn -0.2635 0.1229 -0.9568
vn 0.1188 0.7393 -0.6628
vn -0.9380 -0.1185 -0.3256
vn 0.4195 0.6759 -0.6059
vn 0.3808 0.8771 0.2927
vn -0.2188 0.0801 -0.9725
vn -0.9145 0.2119 -0.3446
vn 0.7174 0.5539 0.4225
vn 0.2585 0.1329 0.9568
vn 0.7099 0.2031 -0.6743
vn -0.2101 -0.0257 -0.9773
vn -0.6502 0.6201 -0.4389
vn 0.2639 -0.1239 0.9566
vn -0.1230 -0.7391 0.6623
vn -0.1495 -0.0364 -0.9881
vn -0.3745 0.6849 -0.6250
vn -0.0733 -0.1985 -0.9774
vn 0.7025 -0.2377 -0.6708
vn 0.4786 -0.6389 -0.6023
vn 0.3016 -0.8842 -0.3567
vn 0.9374 0.1170 0.3279
vn 0.9136 -0.2148 0.3453
vn 0.6518 -0.6190 0.4382
vn 0.3765 -0.6845 0.6243
vn 0.2191 -0.0811 0.9723
vn 0.2105 0.0220 0.9773
vn 0.1516 0.0375 0.9877
vn 0.0752 0.2000 0.9769
vn -0.4186 -0.6765 0.6059
vn -0.7093 -0.2041 0.6748
vn -0.7017 0.2347 0.6727
vn -0.4763 0.6405 0.6024
vn -0.2992 0.8849 0.3571
vn -0.0721 0.4928 0.8671
vn -0.1885 0.9374 0.2928
vn -0.2496 0.4760 0.8433
vn -0.4404 0.2114 0.8726
vn -0.6019 0.7308 0.3219
vn -0.1376 0.9813 -0.1346
vn -0.4457 0.8813 -0.1570
vn -0.8690 0.4743 -0.1410
vn -0.9059 0.2643 0.3308
vn -0.9553 -0.2657 -0.1294
vn -0.5547 -0.0106 0.8320
vn -0.8036 -0.4801 0.3517
vn 0.0721 0.4928 0.8672
vn 0.2497 0.4760 0.8433
vn 0.1885 0.9374 0.2928
vn 0.4404 0.2115 0.8725
vn 0.6018 0.7308 0.3221
vn 0.1377 0.9813 -0.1347
vn 0.4454 0.8815 -0.1568
vn 0.8691 0.4744 -0.1403
vn 0.9056 0.2645 0.3316
vn 0.9552 -0.2660 -0.1295
vn 0.5536 -0.0099 0.8327
vn 0.8032 -0.4802 0.3526
vn -0.0544 0.9980 0.0306
vn -0.0570 0.9979 0.0294
vn -0.0553 0.9979 0.0324
vn -0.0540 0.9981 0.0297
vn -0.0505 0.9983 0.0296
vn -0.0559 0.9980 0.0300
vn -0.0602 0.9978 0.0294
vn -0.0557 0.9979 0.0319
vn 0.0013 0.9984 0.0562
vn 0.0011 0.9984 0.0558
vn 0.0000 0.9982 0.0593
vn 0.0013 0.9985 0.0555
vn 0.0054 0.9985 0.0544
vn 0.0013 0.9984 0.0563
vn 0.0049 0.9985 0.0544
vn 0.0000 0.9982 0.0599
vn 0.0784 0.9969 0.0003
vn 0.0784 0.9969 -0.0000
vn 0.0785 0.9969 0.0011
vn 0.0781 0.9969 -0.0000
vn 0.0774 0.9970 0.0000
vn 0.0784 0.9969 0.0001
vn 0.0782 0.9969 0.0000
vn 0.0785 0.9969 0.0003
vn 0.0036 -0.8079 0.5893
vn 0.1017 -0.9510 -0.2920
vn 0.6687 -0.7032 0.2415
vn -0.7848 -0.5411 0.3021
vn -0.3449 -0.2038 0.9163
vn -0.6042 -0.5224 -0.6017
vn 0.0703 -0.4080 -0.9103
vn -0.9639 0.0976 -0.2477
vn 0.7258 0.3601 -0.5861
vn 0.5376 0.3346 -0.7740
vn 0.5716 0.7770 -0.2639
vn 0.9761 -0.2136 0.0404
vn 0.8608 -0.1088 -0.4972
vn 0.6552 0.3151 -0.6866
vn 0.5306 -0.4440 -0.7220
vn 0.6474 -0.7569 0.0897
vn 0.6577 -0.3786 0.6512
vn 0.3969 -0.2481 0.8837
vn 0.6481 0.3399 0.6815
vn 0.4810 0.5111 0.7123
vn -0.5375 0.3346 -0.7740
vn -0.7250 0.3588 -0.5879
vn -0.5721 0.7761 -0.2652
vn -0.9762 -0.2138 0.0369
vn -0.8602 -0.1092 -0.4981
vn -0.6569 0.3146 -0.6852
vn -0.5307 -0.4446 -0.7216
vn -0.6465 -0.7577 0.0888
vn -0.6571 -0.3794 0.6514
vn -0.3962 -0.2487 0.8838
vn -0.6494 0.3402 0.6801
vn -0.4809 0.5111 0.7124
vn 0.0000 0.4868 0.8735
vn -0.0900 0.9297 0.3571
vn -0.0000 0.8789 0.4770
vn 0.0900 0.9297 0.3571
vn -0.4458 0.4212 0.7898
vn 0.4458 0.4212 0.7898
vn -0.5196 0.8359 0.1771
vn 0.5196 0.8359 0.1771
vn -0.8456 0.3784 0.3766
vn 0.8455 0.3784 0.3767
vn -0.6576 0.6309 -0.4117
vn 0.6576 0.6309 -0.4117
vn -0.1996 0.9581 -0.2052
vn 0.1996 0.9581 -0.2052
vn -0.0898 0.8334 -0.5453
vn 0.0898 0.8334 -0.5453
vn -0.1784 0.6285 -0.7571
vn 0.1784 0.6285 -0.7571
vn 0.0000 0.5326 -0.8464
vn -0.0000 0.8147 -0.5799
vn 0.5315 0.8467 0.0224
vn 0.4905 0.8643 -0.1115
vn 0.6661 0.6995 -0.2587
vn 0.2678 0.9128 -0.3085
vn 0.1045 0.8449 -0.5247
vn -0.0000 0.8812 -0.4728
vn -0.0000 0.5426 -0.8400
vn -0.1045 0.8449 -0.5247
vn -0.2678 0.9128 -0.3085
vn -0.4905 0.8643 -0.1115
vn -0.7653 0.6350 -0.1054
vn -0.5315 0.8467 0.0224
vn 0.6714 0.6891 0.2728
vn 0.5867 0.7222 -0.3663
vn 0.1350 0.5651 0.8139
vn -0.0383 0.9779 0.2054
vn 0.0145 0.5036 -0.8638
vn -0.0606 0.9501 -0.3059
vn -0.5832 0.7442 -0.3257
vn -0.5324 0.1409 -0.8347
vn -0.7003 0.6319 0.3321
vn -0.9726 -0.0353 -0.2296
vn -0.3864 0.2120 0.8976
vn -0.8913 -0.0695 0.4481
vn -0.6714 0.6891 0.2728
vn -0.5867 0.7222 -0.3663
vn -0.1350 0.5651 0.8139
vn 0.0383 0.9779 0.2054
vn -0.0145 0.5036 -0.8638
vn 0.0606 0.9501 -0.3059
vn 0.5324 0.1409 -0.8347
vn 0.5832 0.7442 -0.3257
vn 0.9726 -0.0353 -0.2296
vn 0.7003 0.6319 0.3321
vn 0.8913 -0.0695 0.4481
vn 0.3864 0.2119 0.8977
vn 0.0015 -1.0000 0.0007
vn 0.0075 -0.9999 0.0117
vn 0.0135 -0.9999 0.0080
vn 0.0009 -1.0000 0.0064
vn -0.0061 -0.9998 -0.0182
vn -0.0143 -0.9992 -0.0372
vn -0.0165 -0.9988 -0.0471
vn -0.0236 -0.9978 -0.0612
vn 0.0143 -0.9992 -0.0376
vn 0.0166 -0.9988 -0.0471
vn 0.0236 -0.9978 -0.0612
vn 0.0060 -0.9998 -0.0188
vn -0.0013 -1.0000 0.0002
vn -0.0010 -1.0000 0.0060
vn -0.0073 -0.9999 0.0115
vn -0.0135 -0.9999 0.0078
vn 0.2001 0.9794 0.0281
vn -0.1453 0.9650 0.2184
vn 0.3392 0.9340 0.1123
vn 0.2427 0.9096 -0.3372
vn -0.0981 0.9838 -0.1502
vn -0.2424 0.9412 -0.2354
vn 0.1456 0.9650 0.2180
vn -0.2002 0.9794 0.0273
vn -0.3393 0.9340 0.1118
vn -0.2430 0.9094 -0.3377
vn 0.0982 0.9837 -0.1506
vn 0.2428 0.9412 -0.2351
vn -0.0523 0.9829 -0.1766
vn -0.1393 0.9883 -0.0623
vn 0.0010 1.0000 -0.0025
vn -0.1457 0.9880 0.0503
vn 0.0613 0.9844 -0.1648
vn -0.0590 0.9853 0.1601
vn 0.1492 0.9875 -0.0502
vn 0.0528 0.9845 0.1670
vn 0.1411 0.9883 0.0574
vn -0.0009 1.0000 -0.0025
vn 0.1392 0.9883 -0.0621
vn 0.0522 0.9829 -0.1764
vn 0.1456 0.9881 0.0501
vn -0.0610 0.9844 -0.1648
vn 0.0591 0.9854 0.1596
vn -0.1488 0.9876 -0.0503
vn -0.0526 0.9846 0.1667
vn -0.1408 0.9884 0.0573
vn 0.1923 -0.9691 -0.1548
vn -0.2165 -0.9754 0.0414
vn 0.7531 -0.5412 -0.3741
vn -0.1835 -0.9830 -0.0000
vn -0.1164 -0.9932 -0.0000
vn -0.0809 -0.9967 -0.0000
vn 0.0809 -0.9967 0.0001
vn 0.1164 -0.9932 -0.0000
vn 0.1835 -0.9830 0.0000
vn 0.2165 -0.9754 0.0414
vn -0.1923 -0.9691 -0.1548
vn -0.7531 -0.5412 -0.3741
vn 0.8342 0.0334 -0.5505
vn 0.9342 -0.2278 -0.2745
vn 0.4418 0.4160 -0.7948
vn 0.9287 -0.1922 -0.3171
vn 0.9106 -0.1239 -0.3942
vn 0.8988 -0.0914 -0.4288
vn 0.8784 -0.0455 -0.4757
vn 0.8822 -0.0308 -0.4699
vn 0.8857 -0.0116 -0.4641
vn 0.8956 -0.0059 -0.4449
vn 0.8955 -0.0012 -0.4450
vn 0.8953 -0.0248 -0.4448
vn 0.8945 -0.0485 -0.4444
vn 0.0367 0.6090 -0.7923
vn 0.0374 0.6124 -0.7896
vn 0.0863 0.6106 -0.7872
vn 0.1364 0.6072 -0.7828
vn 0.1300 0.6077 -0.7835
vn 0.0734 0.6112 -0.7880
vn 0.0168 0.6128 -0.7901
vn 0.0168 0.6127 -0.7901
vn -0.0172 -0.6128 0.7901
vn 0.0000 -0.6129 0.7902
vn 0.0172 -0.6128 0.7901
vn 0.0224 0.6118 -0.7907
vn -0.0168 0.6127 -0.7901
vn 0.0168 -0.6127 0.7901
vn 0.0507 -0.5908 0.8052
vn 0.0146 -0.5814 0.8135
vn -0.1364 0.6072 -0.7828
vn -0.2272 0.6043 -0.7637
vn -0.1842 0.6328 -0.7521
vn -0.0863 0.6106 -0.7872
vn -0.0374 0.6124 -0.7896
vn -0.0367 0.6088 -0.7925
vn -0.4418 0.4160 -0.7948
vn -0.8342 0.0335 -0.5505
vn -0.9342 -0.2278 -0.2745
vn -0.9287 -0.1921 -0.3172
vn -0.9106 -0.1239 -0.3942
vn -0.8988 -0.0914 -0.4288
vn -0.8784 -0.0455 -0.4757
vn -0.8821 -0.0308 -0.4700
vn -0.8857 -0.0116 -0.4641
vn -0.8955 -0.0061 -0.4450
vn -0.8955 -0.0012 -0.4450
vn -0.8952 -0.0248 -0.4449
vn -0.8945 -0.0484 -0.4445
vn 0.6520 -0.7294 -0.2069
vn 0.1079 -0.9939 0.0250
vn -0.8779 -0.2888 0.3819
vn 0.7347 -0.6731 0.0852
vn -0.0976 0.9951 -0.0170
vn 0.9976 0.0683 -0.0077
vn -0.8548 -0.0908 -0.5109
vn 0.9896 -0.0884 -0.1138
vn 0.0918 -0.9956 -0.0207
vn -0.8549 -0.0908 -0.5108
vn 0.1075 -0.9937 -0.0324
vn 0.5221 -0.8499 -0.0710
vn -0.9440 -0.1276 0.3042
vn 0.1348 -0.9908 -0.0114
vn 0.8655 -0.4911 0.0984
vn -0.8904 -0.1464 0.4311
vn -0.2599 0.9625 0.0772
vn 0.9434 0.2841 -0.1713
vn 0.7080 0.6812 0.1863
vn 0.3723 0.9274 -0.0358
vn 0.3661 -0.3437 -0.8648
vn -0.6010 -0.2762 0.7500
vn -0.4340 0.6008 0.6714
vn 0.0391 0.4655 0.8842
vn -0.2306 0.4706 0.8517
vn 0.0000 1.0000 -0.0023
vn 0.2821 0.5847 0.7606
vn -0.3661 -0.3437 -0.8648
vn -0.3723 0.9274 -0.0358
vn -0.7080 0.6812 0.1863
vn -0.0391 0.4655 0.8842
vn 0.4342 0.6049 0.6675
vn 0.6026 -0.2766 0.7486
vn -0.5086 -0.7098 -0.4875
vn -0.4454 -0.8444 -0.2977
vn -0.1330 -0.7695 -0.6246
vn -0.5193 -0.5534 -0.6512
vn -0.1504 -0.9790 -0.1378
vn 0.4595 -0.7782 -0.4280
vn -0.4740 -0.7756 -0.4169
vn 0.1555 -0.9802 -0.1228
vn 0.5219 -0.5578 -0.6454
vn 0.1613 -0.7995 -0.5786
vn 0.4591 -0.7293 -0.5073
vn 0.3218 -0.4081 -0.8543
vn 0.7089 0.4740 -0.5224
vn -0.0006 0.5191 -0.8547
vn -0.7096 0.4741 -0.5213
vn 0.7089 0.4740 -0.5223
vn -0.0006 0.5192 -0.8547
vn -0.6876 -0.4890 0.5367
vn 0.3712 -0.7691 0.5202
vn -0.0000 0.0000 1.0000
vn 0.6877 0.4890 0.5367
vn -0.3712 0.7691 0.5202
vn -0.5304 0.6946 -0.4860
vn 0.1810 0.5145 -0.8382
vn -0.0684 0.8211 -0.5667
vn -0.1822 0.5146 -0.8378
vn 0.5211 0.6811 -0.5143
vn 0.1764 0.7111 -0.6806
vn 0.6443 -0.1443 0.7510
vn -0.3296 -0.8582 0.3935
vn -0.5356 -0.8240 -0.1849
vn 0.0981 -0.5351 0.8391
vn 0.6979 -0.7021 -0.1412
vn 0.1259 0.5402 0.8321
vn -0.7945 -0.1492 0.5886
vn -0.9954 0.0954 0.0064
vn -0.4931 0.8166 -0.2999
vn -0.4986 0.8621 -0.0904
vn -0.8941 0.0895 -0.4388
vn -0.7299 0.5389 0.4205
vn -0.9434 0.2841 -0.1713
vn 0.5447 -0.8206 -0.1728
vn -0.0981 -0.5351 0.8391
vn -0.6979 -0.7021 -0.1411
vn -0.0208 0.0196 0.9996
vn 0.2972 0.5154 0.8038
vn 0.0514 0.4955 0.8671
vn 0.2362 0.1495 0.9601
vn 0.0460 -0.9684 0.2452
vn -0.0053 -0.9873 -0.1589
vn -0.0054 -0.9381 0.3463
vn -0.0811 -0.9922 -0.0943
vn -0.4278 -0.2918 -0.8555
vn 0.1913 -0.9808 0.0378
vn -0.3537 -0.9016 0.2491
vn 0.8502 -0.0359 -0.5253
vn 0.6349 -0.4589 0.6215
vn 0.4055 0.6924 0.5968
vn 0.1616 -0.4329 0.8868
vn 0.0002 0.9677 -0.2521
vn -0.3723 -0.0817 0.9245
vn -0.8770 0.2784 0.3915
vn -0.2986 -0.5371 0.7889
vn -0.2947 0.3375 -0.8940
vn 0.4964 0.6684 -0.5539
vn 0.8104 0.0185 -0.5856
vn -0.9771 0.2111 -0.0267
vn -0.6355 -0.7171 0.2861
vn 0.5862 -0.6598 0.4702
vn -0.5389 -0.6137 0.5771
vn 0.4719 -0.6244 -0.6224
vn -0.4278 -0.2917 -0.8555
vn -0.3536 -0.9016 0.2491
vn 0.1615 -0.4329 0.8869
vn -0.2983 -0.5374 0.7888
vn 0.4091 -0.6859 -0.6019
vn 0.4091 0.6859 -0.6019
vn 0.5705 -0.6398 -0.5149
vn 0.5705 0.6398 -0.5149
vn -0.4091 0.6859 -0.6019
vn -0.4091 -0.6859 -0.6019
vn -0.5705 0.6398 -0.5149
vn -0.5705 -0.6398 -0.5149
vn 0.8944 -0.4472 0.0000
vn 0.4472 0.8944 0.0000
vn -0.8944 0.4472 0.0000
vn -0.4472 -0.8944 -0.0000
vn 0.9266 -0.3137 0.2075
vn 0.1999 0.8868 0.4167
vn -0.2486 0.9533 -0.1716
vn 0.5534 -0.3665 0.7479
vn -0.6520 -0.7294 -0.2068
vn -0.5743 -0.0020 -0.8187
vn 0.3296 0.8582 -0.3935
vn -0.0739 0.8707 0.4862
vn -0.3247 -0.0107 0.9458
vn 0.2443 0.4672 0.8497
vn -0.4107 -0.0435 0.9107
vn -0.4761 -0.1323 0.8694
vn -0.5683 -0.5144 0.6422
vn -0.7688 -0.5502 0.3261
vn -0.7017 -0.7081 0.0794
vn 0.9328 0.0806 -0.3512
vn 0.8597 0.0105 -0.5107
vn 0.6489 0.3320 -0.6846
vn 0.9628 -0.1294 -0.2373
vn 0.9409 -0.1180 -0.3176
vn 0.9753 -0.2184 -0.0341
vn 0.9891 -0.0792 -0.1238
vn 0.7124 -0.6705 -0.2070
vn 0.9764 -0.1348 -0.1689
vn -0.4369 -0.8786 -0.1928
vn 0.4974 -0.8469 -0.1881
vn 0.9913 -0.1134 0.0662
vn 0.9673 -0.1767 0.1820
vn -0.9509 -0.2914 -0.1042
vn -0.8353 -0.1551 -0.5275
vn -0.9661 -0.2263 -0.1241
vn -0.9492 -0.1738 -0.2625
vn -0.9551 -0.2318 -0.1844
vn -0.8444 -0.0197 -0.5354
vn -0.9183 0.0687 -0.3898
vn -0.5477 0.3356 -0.7664
vn -0.5506 -0.8178 -0.1677
vn -0.9888 -0.1164 0.0930
vn -0.9474 -0.2458 0.2052
vn -0.4588 -0.8672 -0.1938
vn -0.8277 -0.2518 0.5015
vn 0.5035 -0.8374 -0.2127
vn 0.8444 -0.2043 0.4952
vn -0.4379 -0.8960 0.0740
vn -0.3933 0.1070 0.9132
vn 0.4403 -0.8897 0.1206
vn 0.4344 -0.0485 0.8994
vn -0.2578 -0.8676 0.4252
vn 0.2478 -0.9318 0.2651
vn -0.0682 -0.7375 0.6719
vn 0.1383 -0.5609 0.8163
vn -0.1083 0.2473 0.9629
vn 0.0393 0.1993 0.9792
vn -0.0577 0.7835 0.6188
vn 0.1320 0.6662 0.7340
vn 0.0274 0.7769 0.6290
vn -0.0961 0.8839 0.4577
vn 0.6882 0.3405 0.6406
vn 0.2937 0.7753 0.5591
vn 0.8738 0.2701 0.4044
vn 0.8688 0.4326 0.2408
vn 0.1021 0.9429 0.3169
vn 0.9542 0.2815 -0.1016
vn 0.4175 0.9086 -0.0121
vn -0.1624 0.9468 0.2779
vn -0.1846 0.9819 0.0419
vn 0.6228 0.7573 0.1967
vn 0.9997 0.0046 0.0246
vn 0.9086 -0.1191 0.4002
vn 0.8927 -0.2057 0.4011
vn 0.3068 0.0870 0.9478
vn 0.9487 -0.0034 0.3161
vn 0.8967 0.3020 -0.3235
vn 0.4581 -0.2779 0.8444
vn -0.0565 0.9152 0.3991
vn -0.1003 -0.2710 0.9573
vn 0.1334 0.9852 0.1080
vn -0.0606 0.3626 0.9300
vn 0.1027 0.8971 0.4298
vn 0.0565 0.1240 0.9907
vn 0.1943 0.9314 0.3079
vn -0.1733 0.9839 0.0432
vn 0.1319 0.8814 0.4535
vn -0.1357 0.6699 0.7300
vn -0.2726 0.7801 0.5632
vn -0.6759 0.3341 0.6569
vn -0.8377 0.3057 0.4525
vn -0.2071 0.9123 0.3534
vn -0.8200 0.5054 0.2687
vn -0.9137 0.3902 -0.1133
vn -0.6676 0.7070 0.2334
vn -0.9845 0.1390 0.1066
vn -0.8309 -0.0918 0.5489
vn -0.2284 0.0883 0.9696
vn -0.8201 -0.2565 0.5116
vn 0.0937 -0.2791 0.9557
vn -0.2581 -0.2896 0.9217
vn -0.8908 -0.0365 0.4529
vn -0.8699 0.3080 -0.3853
vn 0.0857 -0.1502 0.9849
vn -0.8121 0.3093 0.4948
vn -0.3714 -0.0553 0.9268
vn -0.6630 0.6953 -0.2773
vn -0.2130 0.1149 0.9703
vn -0.4801 0.7956 0.3696
vn -0.1553 0.9774 -0.1433
vn -0.2762 0.4969 0.8227
vn 0.0326 0.0027 0.9995
vn -0.1187 0.9286 0.3517
vn -0.0381 0.4961 0.8674
vn -0.0177 -0.0003 0.9998
vn -0.0619 -0.1680 0.9838
vn 0.1015 0.5879 0.8025
vn 0.3764 -0.0822 0.9228
vn 0.2903 0.1499 0.9451
vn 0.8828 0.3211 0.3429
vn 0.6853 0.6896 -0.2343
vn 0.3552 0.4544 0.8169
vn 0.4652 0.8208 0.3316
vn 0.1179 0.9840 -0.1334
vn 0.0988 0.9223 0.3735
vn -0.0260 0.6883 -0.7250
vn -0.2297 0.5371 -0.8116
vn 0.0420 0.5213 -0.8524
vn -0.3796 0.2605 -0.8877
vn -0.0041 0.4447 -0.8957
vn 0.0044 0.6076 -0.7942
vn 0.2689 0.6019 -0.7519
vn 0.4857 0.3245 -0.8117
vn 0.6683 -0.3829 0.6378
vn -0.9952 0.0569 0.0796
vn 0.1007 0.9948 -0.0180
vn 0.4780 -0.0190 0.8782
vn -0.9976 0.0683 -0.0074
vn 0.0951 0.9954 -0.0147
vn -0.9744 0.1966 -0.1094
vn 0.0888 0.9945 0.0551
vn -0.9744 0.1967 -0.1093
vn 0.1222 0.9915 0.0452
vn -0.4785 0.8774 -0.0343
vn 0.1351 0.9904 0.0288
vn 0.1574 0.9874 0.0175
vn -0.4255 0.9019 -0.0747
vn -0.5891 -0.3096 -0.7464
vn -0.4127 -0.9091 0.0573
vn -0.6152 -0.0217 0.7881
vn -0.5779 -0.8160 0.0133
vn 0.0781 -0.9965 0.0302
vn 0.7718 -0.0423 0.6344
vn 0.0905 -0.9956 0.0227
vn 0.1014 -0.9947 0.0146
vn 0.8558 0.0996 0.5076
vn 0.9464 0.1158 0.3014
vn 0.5096 -0.8603 -0.0107
vn 0.8984 0.1121 0.4246
vn -0.1565 0.9740 0.1641
vn -0.9971 0.0251 -0.0716
vn -0.1895 0.9763 0.1049
vn -0.1983 -0.9139 -0.3542
vn 0.2018 -0.9317 -0.3020
vn -0.6693 -0.6302 -0.3934
vn -0.2674 0.2238 -0.9372
vn 0.0874 -0.8616 0.4999
vn 0.0584 -0.2972 -0.9530
vn 0.9661 -0.1892 0.1755
vn 0.0516 -0.0839 -0.9951
vn 0.7256 -0.5943 0.3469
vn 0.0419 0.0595 -0.9973
vn 0.2203 0.1361 -0.9659
vn -0.0810 0.3007 -0.9503
vn -0.0918 0.6702 0.7365
vn -0.3729 0.6678 -0.6442
vn -0.1511 0.1899 0.9701
vn 0.9103 -0.3494 0.2219
vn 0.2236 0.9743 0.0284
vn 0.2368 0.9715 0.0129
vn 0.2599 0.9626 0.0771
vn 0.2599 0.9625 0.0772
vn 0.8903 -0.1463 0.4312
vn -0.1670 0.8202 -0.5471
vn -0.2001 -0.0787 -0.9766
vn 0.0058 0.7853 -0.6191
vn -0.0567 -0.0301 -0.9979
vn 0.0000 0.7837 -0.6212
vn -0.0970 -0.0819 -0.9919
vn -0.0000 -0.0237 -0.9997
vn -0.0736 0.0770 -0.9943
vn 0.0000 -0.0762 -0.9971
vn 0.0566 -0.0301 -0.9979
vn -0.0058 0.7853 -0.6191
vn -0.0911 0.0862 -0.9921
vn 0.2001 -0.0787 -0.9766
vn -0.6166 0.1030 -0.7805
vn 0.1670 0.8202 -0.5471
vn -0.0584 -0.2972 -0.9530
vn -0.0516 -0.0839 -0.9951
vn 0.0970 -0.0819 -0.9919
vn -0.0419 0.0595 -0.9973
vn 0.0736 0.0770 -0.9943
vn 0.0810 0.3007 -0.9503
vn -0.0000 0.0943 -0.9955
vn -0.0000 0.0499 -0.9988
vn 0.0911 0.0862 -0.9921
vn 0.6166 0.1030 -0.7805
vn 0.3729 0.6678 -0.6442
vn 0.8941 0.0895 -0.4388
vn 0.4931 0.8167 -0.2998
vn -0.6213 0.3865 0.6816
vn -0.7742 0.6327 -0.0166
vn -0.6674 0.7443 -0.0246
vn -0.9048 0.4199 -0.0710
vn -0.5537 0.8287 -0.0811
vn -0.7123 0.6910 -0.1227
vn -0.7055 -0.5500 0.4470
vn 0.0739 0.8707 0.4862
vn 0.9262 0.0533 -0.3732
vn 0.8486 -0.0178 -0.5287
vn 0.5826 0.3244 -0.7452
vn 0.9565 -0.1549 -0.2472
vn 0.8531 -0.1467 -0.5008
vn 0.9562 -0.2847 -0.0686
vn 0.4362 -0.8777 -0.1983
vn 0.9752 -0.1979 -0.0987
vn 0.9578 -0.2249 -0.1788
vn 0.5492 -0.8194 -0.1643
vn 0.9893 -0.1132 0.0920
vn 0.9466 -0.2478 0.2062
vn -0.7124 -0.6705 -0.2070
vn 0.4606 -0.8658 -0.1954
vn 0.8275 -0.2505 0.5025
vn -0.4965 -0.8479 -0.1858
vn 0.4415 -0.8947 0.0675
vn -0.9891 -0.0792 -0.1238
vn 0.3933 0.1070 0.9132
vn -0.9753 -0.2184 -0.0341
vn -0.9764 -0.1348 -0.1689
vn -0.9409 -0.1180 -0.3176
vn -0.9628 -0.1294 -0.2373
vn -0.9913 -0.1134 0.0662
vn -0.8597 0.0105 -0.5107
vn -0.9328 0.0806 -0.3512
vn -0.6489 0.3320 -0.6846
vn -0.9673 -0.1767 0.1820
vn -0.5013 -0.8368 -0.2202
vn -0.8444 -0.2043 0.4952
vn -0.4403 -0.8897 0.1206
vn -0.4343 -0.0486 0.8995
vn 0.2578 -0.8676 0.4252
vn -0.2478 -0.9318 0.2651
vn -0.1384 -0.5609 0.8162
vn 0.0682 -0.7375 0.6719
vn 0.1083 0.2473 0.9629
vn -0.0393 0.1993 0.9792
vn 0.0577 0.7835 0.6188
vn -0.1320 0.6663 0.7339
vn -0.0274 0.7769 0.6290
vn 0.0961 0.8839 0.4577
vn -0.6882 0.3405 0.6406
vn -0.2937 0.7753 0.5591
vn -0.8738 0.2701 0.4044
vn -0.8688 0.4326 0.2408
vn 0.1624 0.9468 0.2779
vn -0.9542 0.2815 -0.1016
vn -0.1021 0.9429 0.3169
vn -0.4176 0.9086 -0.0121
vn -0.9997 0.0046 0.0246
vn -0.6228 0.7573 0.1966
vn 0.1846 0.9819 0.0419
vn -0.9086 -0.1191 0.4002
vn -0.8927 -0.2056 0.4011
vn -0.3068 0.0870 0.9478
vn -0.9487 -0.0034 0.3161
vn -0.8967 0.3020 -0.3235
vn -0.4581 -0.2779 0.8444
vn 0.0565 0.9152 0.3991
vn -0.8828 0.3211 0.3429
vn -0.6853 0.6896 -0.2343
vn -0.3764 -0.0822 0.9228
vn 0.1003 -0.2710 0.9573
vn -0.4652 0.8208 0.3316
vn -0.1179 0.9840 -0.1334
vn -0.2903 0.1499 0.9451
vn -0.3552 0.4544 0.8169
vn 0.0619 -0.1680 0.9838
vn 0.0177 -0.0003 0.9998
vn -0.1016 0.5879 0.8025
vn -0.0988 0.9223 0.3735
vn 0.1278 0.9268 0.3532
vn -0.0852 -0.1502 0.9850
vn -0.0954 -0.2775 0.9560
vn 0.4116 -0.0503 0.9100
vn -0.0602 0.1245 0.9904
vn 0.2819 -0.2805 0.9175
vn 0.8249 0.3131 0.4706
vn 0.9058 -0.0299 0.4227
vn 0.2312 0.0219 0.9727
vn 0.8301 -0.2391 0.5038
vn 0.8874 0.2890 -0.3591
vn 0.6698 0.6956 -0.2597
vn 0.4806 0.7885 0.3839
vn 0.1617 0.9761 -0.1454
vn 0.8001 -0.1467 0.5816
vn 0.9759 0.1438 0.1644
vn 0.6873 0.6417 0.3405
vn 0.9076 0.4063 -0.1056
vn -0.1069 0.8824 0.4582
vn 0.1555 0.9865 0.0512
vn 0.8169 0.5120 0.2654
vn 0.8377 0.3057 0.4525
vn 0.2075 0.9124 0.3527
vn 0.6759 0.3341 0.6569
vn 0.2726 0.7801 0.5632
vn 0.1357 0.6699 0.7300
vn -0.1319 0.8814 0.4535
vn -0.1968 0.9301 0.3102
vn -0.1403 0.9840 0.1095
vn 0.0606 0.3626 0.9300
vn -0.0592 0.9577 -0.2816
vn -0.5034 -0.3811 -0.7755
vn -0.8403 0.5160 -0.1662
vn 0.0648 0.6131 -0.7874
vn -0.2135 -0.5432 -0.8120
vn 0.3306 0.8135 -0.4784
vn 0.3866 0.4741 -0.7911
vn 0.1038 -0.6356 -0.7650
vn 0.7200 0.6326 -0.2852
vn 0.9502 -0.2722 -0.1520
vn 0.6218 -0.4222 0.6596
vn -0.0301 -0.5348 0.8444
vn -0.2017 -0.4875 0.8495
vn -0.3557 -0.3998 0.8448
vn -0.7373 0.1637 0.6554
vn -0.7313 0.4118 0.5437
vn 0.0000 0.1367 0.9906
vn 0.0000 0.7971 0.6038
vn -0.3366 -0.1288 0.9328
vn 0.0000 -0.6037 0.7972
vn -0.8194 -0.4569 0.3461
vn -0.3365 0.9328 0.1288
vn 0.0000 0.9906 -0.1367
vn -0.8194 0.4569 -0.3460
vn 0.0000 0.6037 -0.7972
vn -0.3365 0.1288 -0.9328
vn 0.0000 -0.1367 -0.9906
vn -0.7313 -0.4118 -0.5437
vn 0.0000 -0.7972 -0.6037
vn -0.3365 -0.9328 -0.1288
vn 0.0000 -0.9906 0.1367
vn 0.7218 -0.4282 0.5437
vn -0.0031 -0.1367 0.9906
vn -0.0180 -0.7970 0.6037
vn 0.3394 0.1212 0.9328
vn 0.0136 0.6036 0.7972
vn 0.8295 0.4383 0.3461
vn 0.3154 -0.9402 0.1288
vn -0.0224 -0.9904 -0.1367
vn 0.8089 -0.4753 -0.3460
vn -0.0136 -0.6036 -0.7972
vn 0.3335 -0.1363 -0.9328
vn 0.0031 0.1367 -0.9906
vn 0.7404 0.3951 -0.5437
vn 0.0180 0.7970 -0.6037
vn 0.3575 0.9250 -0.1288
vn 0.0224 0.9904 0.1367
vn 0.0424 0.8984 -0.4372
vn 0.0006 0.4390 0.8985
vn 0.0413 0.8935 -0.4472
vn -0.2462 0.4258 0.8707
vn -0.0413 -0.9018 0.4301
vn -0.0377 -0.9065 0.4206
vn -0.0006 -0.4390 -0.8985
vn 0.2455 -0.4259 -0.8708
vn 0.0408 0.9032 -0.4272
vn -0.4802 0.3858 0.7878
vn -0.0316 -0.9106 0.4121
vn 0.4800 -0.3859 -0.7878
vn 0.0365 0.9079 -0.4177
vn -0.6880 0.3195 0.6516
vn -0.0234 -0.9139 0.4053
vn 0.6880 -0.3195 -0.6516
vn 0.0295 0.9119 -0.4094
vn -0.8543 0.2289 0.4668
vn -0.0132 -0.9162 0.4005
vn 0.8541 -0.2291 -0.4670
vn -0.9626 0.1186 0.2438
vn -0.0019 -0.9172 0.3983
vn -0.5148 0.7776 -0.3611
vn -1.0000 -0.0014 0.0012
vn 0.0098 -0.9168 0.3992
vn 0.5297 -0.7534 0.3896
vn -0.9627 -0.1195 -0.2428
vn 0.0207 -0.9150 0.4029
vn 0.5354 -0.6851 0.4939
vn -0.8548 -0.2289 -0.4657
vn 0.0299 -0.9119 0.4093
vn 0.8889 -0.2930 0.3521
vn -0.0238 0.9139 -0.4052
vn -0.6890 -0.3194 -0.6506
vn 0.0370 -0.9079 0.4176
vn 0.6889 0.3194 0.6507
vn -0.0321 0.9106 -0.4121
vn -0.4815 -0.3857 -0.7870
vn 0.0413 -0.9032 0.4271
vn 0.4811 0.3859 0.7872
vn -0.0382 0.9064 -0.4206
vn -0.2479 -0.4257 -0.8703
vn 0.0429 -0.8983 0.4372
vn 0.2469 0.4259 0.8704
vn -0.0419 0.9018 -0.4300
vn -0.0006 -0.4391 -0.8985
vn 0.0419 -0.8935 0.4472
vn -0.0429 0.8970 -0.4400
vn 0.2461 -0.4250 -0.8711
vn 0.0382 -0.8889 0.4566
vn -0.2457 0.4250 0.8712
vn -0.0413 0.8921 -0.4500
vn 0.4802 -0.3841 -0.7886
vn 0.0322 -0.8847 0.4650
vn -0.4799 0.3842 0.7887
vn -0.0370 0.8874 -0.4595
vn 0.6880 -0.3174 -0.6526
vn 0.0239 -0.8813 0.4720
vn -0.6880 0.3174 0.6526
vn 0.8541 -0.2273 -0.4678
vn 0.0138 -0.8790 0.4767
vn -0.9374 -0.1405 0.3186
vn 0.9626 -0.1189 -0.2434
vn 0.0024 -0.8779 0.4788
vn -0.5894 -0.6497 0.4801
vn 0.5143 0.7655 -0.3866
vn 1.0000 -0.0017 0.0001
vn -0.0092 -0.8783 0.4780
vn -0.5210 -0.7793 0.3481
vn 0.1051 0.9477 -0.3013
vn 0.9626 0.1186 0.2435
vn -0.0201 -0.8802 0.4742
vn -0.8513 -0.4367 0.2909
vn 0.0132 0.8790 -0.4767
vn 0.8549 0.2271 0.4665
vn -0.0295 -0.8833 0.4679
vn -0.8546 -0.2274 -0.4668
vn 0.0233 0.8813 -0.4720
vn 0.6890 0.3173 0.6516
vn -0.0364 -0.8874 0.4596
vn -0.6890 -0.3174 -0.6516
vn 0.0316 0.8847 -0.4651
vn 0.4812 0.3841 0.7880
vn -0.0408 -0.8920 0.4501
vn -0.4811 -0.3841 -0.7880
vn 0.0377 0.8888 -0.4567
vn 0.2487 0.4253 0.8702
vn -0.0424 -0.8969 0.4401
vn -0.2469 -0.4251 -0.8708
vn -0.1993 0.8866 0.4173
vn 0.3727 0.8420 -0.3899
vn 0.2217 0.8359 0.5022
vn 0.4418 0.8449 -0.3017
vn 0.4865 0.7193 0.4959
vn 0.7228 0.6904 -0.0301
vn 0.3194 0.9150 0.2464
vn 0.6365 0.5915 -0.4949
vn 0.3469 0.7419 -0.5739
vn 0.3520 0.7941 -0.4955
vn 0.1191 0.0329 -0.9923
vn 0.1827 0.1829 -0.9660
vn 0.4293 0.1534 -0.8900
vn -0.4729 0.3995 -0.7854
vn -0.2461 0.2582 -0.9342
vn -0.6232 0.6063 -0.4940
vn -0.3476 0.7419 -0.5734
vn -0.1205 0.0326 -0.9922
vn -0.3525 0.7942 -0.4950
vn -0.3732 0.8421 -0.3894
vn -0.4422 0.8449 -0.3011
vn -0.6944 0.7149 0.0820
vn -0.4596 0.7845 0.4162
vn -0.2038 0.8623 0.4636
vn -0.2209 0.8360 0.5024
vn -0.7039 -0.6741 0.2238
vn -0.0000 -0.4056 0.9141
vn 0.0000 -0.9527 0.3039
vn -0.7230 -0.2151 0.6566
vn 0.0000 0.0104 0.9999
vn -0.3505 0.0019 0.9366
vn -0.0000 0.1159 0.9933
vn -0.5293 0.1633 0.8326
vn -0.0000 0.5076 0.8616
vn -0.5348 0.6310 0.5621
vn 0.0000 0.8796 0.4758
vn -0.6935 0.6945 0.1918
vn 0.0000 0.9925 0.1221
vn -0.6884 0.6936 -0.2120
vn -0.0000 0.9882 -0.1533
vn -0.7207 0.5728 -0.3905
vn -0.0000 0.9060 -0.4232
vn -0.5968 0.5642 -0.5706
vn 0.0000 0.6665 -0.7455
vn -0.5716 0.3318 -0.7504
vn 0.0000 0.2373 -0.9714
vn -0.5685 0.0562 -0.8207
vn 0.0000 -0.0737 -0.9973
vn -0.5661 -0.0961 -0.8187
vn -0.0000 -0.2682 -0.9634
vn -0.5571 -0.2529 -0.7910
vn 0.0000 -0.5944 -0.8042
vn -0.4567 -0.5563 -0.6943
vn -0.0000 -0.9167 -0.3996
vn -0.6067 -0.7085 -0.3604
vn 0.7415 0.6709 0.0093
vn 0.0912 0.9952 -0.0359
vn 0.9890 -0.1477 -0.0078
vn 0.0852 0.9959 -0.0316
vn 0.4962 0.8618 -0.1052
vn -0.2112 -0.0497 -0.9762
vn 0.0856 0.9960 -0.0244
vn 0.7333 0.6696 -0.1180
vn -0.8559 0.0996 0.5075
vn -0.9463 0.1158 0.3018
vn 0.7434 0.5745 0.3424
vn -0.8977 0.1121 0.4260
vn -0.5072 -0.1195 0.8535
vn 0.6751 0.7173 0.1725
vn 0.0100 0.3047 -0.9524
vn 0.8324 0.5535 0.0268
vn -0.7709 -0.0802 0.6319
vn 0.8406 0.5380 0.0636
vn -0.6816 0.4308 0.5914
vn 0.9294 0.3612 0.0763
vn 0.2623 0.5745 0.7753
vn 0.8898 0.2024 0.4089
vn -0.6598 -0.7261 0.1936
vn 0.8800 0.0307 0.4740
vn 0.2106 0.0472 0.9764
vn 0.8884 -0.0421 0.4571
vn 0.2203 -0.1362 0.9659
vn 0.8955 -0.2729 0.3515
vn 0.2832 -0.5708 0.7707
vn 0.8430 -0.5335 0.0691
vn 0.2789 -0.9148 0.2921
vn 0.6766 -0.7262 -0.1216
vn 0.2366 -0.9709 0.0357
vn 0.7534 -0.6244 -0.2060
vn -0.2368 0.9715 0.0129
vn 0.5293 0.1633 0.8326
vn 0.5348 0.6310 0.5620
vn 0.3505 0.0033 0.9365
vn 0.7229 -0.2151 0.6566
vn 0.0000 -0.4057 0.9140
vn 0.7039 -0.6741 0.2238
vn 0.0000 -0.9527 0.3040
vn -0.0000 0.8796 0.4757
vn 0.6935 0.6945 0.1918
vn 0.6884 0.6937 -0.2120
vn 0.7207 0.5728 -0.3905
vn 0.5968 0.5639 -0.5708
vn 0.5716 0.3318 -0.7504
vn 0.0007 0.2373 -0.9714
vn 0.5685 0.0562 -0.8208
vn 0.5661 -0.0961 -0.8187
vn 0.5571 -0.2529 -0.7910
vn -0.0000 -0.5944 -0.8041
vn 0.4567 -0.5563 -0.6943
vn 0.6067 -0.7085 -0.3605
vn -0.1079 0.9939 -0.0250
vn 0.6196 0.7846 0.0219
vn 0.9976 0.0682 -0.0077
vn -0.8549 -0.0907 -0.5108
vn -0.0918 0.9956 0.0208
vn -0.1186 0.9925 0.0291
vn 0.4785 0.8774 -0.0343
vn -0.1578 0.9873 0.0175
vn 0.4255 0.9019 -0.0748
vn 0.4114 -0.9078 0.0814
vn -0.0911 -0.9952 0.0357
vn -0.0844 -0.9959 0.0320
vn -0.0905 -0.9956 0.0227
vn -0.6798 -0.7311 0.0580
vn -0.5096 -0.8603 -0.0107
vn -0.4814 -0.8759 0.0334
vn 0.1983 -0.9139 -0.3542
vn 0.6693 -0.6302 -0.3934
vn -0.2623 -0.5750 -0.7750
vn -0.2107 -0.0472 -0.9764
vn -0.2203 0.1361 -0.9659
vn -0.2832 0.5709 -0.7706
vn -0.2789 0.9148 -0.2920
vn -0.2366 0.9710 -0.0356
vn 0.4986 0.8621 -0.0904
vn -0.2368 0.9715 0.0128
vn -0.2599 0.9626 0.0771
vn 0.9954 0.0954 0.0064
vn 0.7299 0.5389 0.4205
vn 0.6213 0.3865 0.6816
vn 0.7742 0.6327 -0.0166
vn 0.6674 0.7443 -0.0246
vn 0.9048 0.4199 -0.0709
vn 0.5537 0.8287 -0.0811
vn 0.7123 0.6910 -0.1227
vn 0.6883 -0.5578 0.4639
vn 0.3247 -0.0094 0.9458
vn 0.4193 -0.0291 0.9074
vn 0.6177 -0.3167 0.7198
vn -0.2443 0.4672 0.8497
vn 0.4632 -0.1316 0.8764
vn 0.7614 -0.5538 0.3370
vn 0.5473 -0.8211 0.1619
vn 0.5729 -0.8161 -0.0767
vn -0.0044 0.6076 -0.7942
vn 0.0070 0.4634 -0.8861
vn 0.0071 -0.7309 -0.6824
vn 0.0498 -0.6878 -0.7242
vn 0.0207 -0.7841 -0.6203
vn 0.4826 -0.8757 0.0175
vn 0.5133 -0.8073 0.2911
vn 0.1936 -0.6960 0.6914
vn 0.6542 -0.7176 -0.2388
vn 0.6606 -0.5745 -0.4833
vn 0.3565 -0.7432 -0.5662
vn 0.2395 -0.8023 -0.5467
vn 0.0900 -0.7188 -0.6893
vn 0.0139 -0.8560 -0.5168
vn 0.0131 -0.7058 -0.7083
vn -0.1545 -0.4943 -0.8555
vn -0.1810 -0.7438 -0.6435
vn -0.4742 -0.7227 -0.5028
vn -0.3747 -0.7992 -0.4700
vn -0.4378 -0.8981 -0.0419
vn -0.4375 -0.8775 -0.1963
vn -0.5572 -0.7059 0.4373
vn -0.3088 -0.8229 0.4769
vn 0.0078 -0.6043 0.7967
vn 0.0067 -0.6458 0.7635
vn -0.0070 -0.7317 -0.6816
vn -0.0201 -0.3863 -0.9222
vn -0.0191 -0.8215 -0.5699
vn 0.1528 -0.7122 0.6852
vn -0.9429 -0.0943 0.3193
vn 0.0006 -0.2840 0.9588
vn -0.9760 -0.1464 -0.1613
vn -0.1739 -0.9717 0.1597
vn -0.8987 0.4245 -0.1103
vn -0.0007 0.2839 -0.9588
vn -0.1852 0.8026 -0.5670
vn 0.2015 0.9493 -0.2412
vn -0.6231 0.6064 -0.4941
vn -0.6945 0.7148 0.0820
vn -0.4729 0.3995 -0.7853
vn 0.3194 0.9150 0.2465
vn 0.4293 0.1534 -0.8901
vn -0.9952 0.0570 0.0797
vn -0.0999 -0.9948 0.0176
vn 0.4780 -0.0191 0.8782
vn -0.0951 -0.9954 0.0147
vn -0.5222 -0.8499 -0.0710
vn -0.1167 -0.9929 -0.0226
vn -0.1350 -0.9908 -0.0110
vn -0.8655 -0.4911 0.0984
vn -0.7415 0.6709 0.0093
vn -0.7397 0.6721 -0.0342
vn -0.0839 0.9960 -0.0322
vn -0.4962 0.8618 -0.1052
vn 0.7719 -0.0423 0.6344
vn -0.0856 0.9960 -0.0244
vn -0.7333 0.6696 -0.1180
vn -0.7434 0.5745 0.3424
vn -0.1561 0.9739 0.1646
vn -0.9971 0.0252 -0.0717
vn -0.1896 0.9762 0.1057
vn -0.8324 0.5535 0.0268
vn -0.1896 0.9762 0.1049
vn -0.2018 0.9317 0.3020
vn -0.8406 0.5380 0.0636
vn -0.9294 0.3612 0.0763
vn -0.8898 0.2024 0.4089
vn -0.8800 0.0307 0.4740
vn -0.8884 -0.0422 0.4571
vn -0.2203 -0.1361 0.9659
vn -0.8955 -0.2729 0.3515
vn -0.8430 -0.5335 0.0691
vn -0.6766 -0.7262 -0.1217
vn -0.7534 -0.6244 -0.2060
vn 0.5670 0.3998 0.7202
vn 0.6161 -0.4685 0.6332
vn 0.1261 0.0039 0.9920
vn 0.0862 -0.8566 0.5087
vn -0.5669 0.3998 0.7202
vn -0.6161 -0.4685 0.6332
vn -0.1629 0.1449 0.9759
vn -0.0865 -0.8567 0.5086
vn -0.1033 -0.9947 -0.0000
vn -0.4926 -0.8564 -0.1547
vn -0.7388 -0.6322 0.2334
vn -0.2679 -0.4721 0.8398
vn 0.0123 -0.9895 0.1440
vn 0.9823 -0.1703 0.0777
vn 0.4926 -0.8564 -0.1547
vn 0.7385 -0.6332 0.2318
vn 0.8916 -0.2321 0.3889
vn 0.2679 -0.4721 0.8398
vn -0.7427 -0.4362 0.5080
vn 0.9878 -0.1457 0.0557
vn 0.7622 -0.5605 0.3238
vn -0.9502 -0.2968 0.0947
vn 0.9434 -0.0944 0.3180
vn 0.9454 0.2302 -0.2305
vn 0.8957 -0.4396 0.0671
vn 0.0136 -0.1587 0.9872
vn -0.0123 -0.1589 0.9872
vn -0.4857 0.3244 -0.8117
vn -0.2689 0.6019 -0.7519
vn -0.0437 0.5212 -0.8523
vn 0.0438 0.6844 -0.7278
vn 0.2302 0.5619 -0.7945
vn 0.3914 0.2989 -0.8703
vn 0.1269 -0.9850 -0.1169
vn 0.0108 -0.9965 -0.0823
vn -0.2806 -0.9151 0.2896
vn -0.4233 -0.4374 0.7934
vn -0.0108 -0.9867 -0.1624
vn 0.0222 -0.2972 0.9546
vn -0.2406 -0.1615 0.9571
vn -0.0043 -0.1500 0.9887
vn -0.0067 -0.1632 0.9866
vn -0.0143 -0.0025 0.9999
vn -0.0051 -0.0014 1.0000
vn 0.0004 -0.2004 0.9797
vn 0.0815 0.0425 0.9958
vn 0.1995 -0.1437 0.9693
vn 0.0000 -0.2694 0.9630
vn 0.5296 -0.3464 0.7743
vn -0.0030 -0.2739 0.9617
vn 0.0023 -0.2008 0.9796
vn -0.0019 -0.4956 0.8686
vn -0.0079 -0.9029 0.4297
vn -0.0022 -0.5245 0.8514
vn -0.0261 -0.9933 -0.1129
vn -0.0108 -0.8330 0.5532
vn 0.0040 -0.4529 0.8916
vn 0.0089 -0.2651 0.9642
vn -0.0081 -0.2269 0.9739
vn -0.0222 -0.2972 0.9546
vn -0.0552 -0.2437 0.9683
vn 0.2497 -0.1132 0.9617
vn -0.2107 -0.1655 0.9634
vn 0.0407 -0.7608 0.6477
vn -0.5524 -0.3667 0.7486
vn -0.2207 -0.8077 0.5467
vn -0.2873 -0.8705 0.3995
vn -0.1858 -0.9260 0.3286
vn 0.2059 -0.9580 0.1994
vn -0.3241 -0.8445 0.4263
vn -0.1555 -0.9642 -0.2146
vn 0.1432 -0.8684 -0.4748
vn -0.5776 -0.7691 -0.2736
vn -0.3034 -0.0645 0.9507
vn 0.2120 -0.1653 0.9632
vn -0.0394 -0.7608 0.6478
vn 0.2214 -0.8077 0.5464
vn 0.1862 -0.9260 0.3283
vn -0.2058 -0.9580 0.1998
vn 0.3226 -0.8512 0.4140
vn 0.3434 -0.8369 0.4262
vn 0.1551 -0.9643 -0.2145
vn -0.1081 -0.8647 -0.4906
vn 0.5768 -0.7695 -0.2742
vn 0.0855 -0.1589 -0.9836
vn 0.1218 -0.0846 -0.9889
vn 0.0859 -0.0902 -0.9922
vn 0.1340 -0.0573 -0.9893
vn 0.1135 -0.0434 -0.9926
vn 0.0945 -0.0459 -0.9945
vn 0.0502 -0.0703 -0.9963
vn 0.1728 -0.0526 -0.9836
vn 0.0000 -0.0421 -0.9991
vn 0.1434 -0.0921 -0.9854
vn -0.0871 -0.1103 -0.9901
vn -0.0662 -0.2674 -0.9613
vn 0.0000 -0.0572 -0.9984
vn 0.2299 -0.0818 -0.9698
vn 0.2315 -0.6770 -0.6986
vn -0.0707 -0.8051 -0.5889
vn -0.0485 -0.9405 -0.3364
vn 0.0627 -0.9092 -0.4116
vn 0.2852 -0.8791 -0.3819
vn 0.3341 -0.8617 -0.3818
vn 0.1878 -0.5679 -0.8014
vn 0.0345 -0.9110 -0.4109
vn -0.0000 -0.0844 -0.9964
vn 0.0000 -0.7252 -0.6885
vn 0.0000 -0.9199 -0.3920
vn -0.0345 -0.9111 -0.4108
vn -0.1878 -0.5679 -0.8014
vn -0.3341 -0.8617 -0.3818
vn -0.2297 -0.0818 -0.9698
vn -0.2315 -0.6770 -0.6986
vn -0.2852 -0.8791 -0.3819
vn -0.0627 -0.9092 -0.4116
vn 0.0485 -0.9405 -0.3364
vn 0.0707 -0.8051 -0.5889
vn 0.0662 -0.2674 -0.9613
vn -0.1434 -0.0921 -0.9854
vn 0.0871 -0.1103 -0.9901
vn -0.0502 -0.0703 -0.9963
vn -0.1728 -0.0525 -0.9836
vn -0.0945 -0.0459 -0.9945
vn -0.1340 -0.0573 -0.9893
vn -0.1139 -0.0442 -0.9925
vn -0.0859 -0.0902 -0.9922
vn -0.1218 -0.0846 -0.9889
vn -0.0855 -0.1589 -0.9836
vn -0.0000 0.7099 0.7043
vn 0.2137 -0.9730 0.0874
vn -0.2150 -0.9620 0.1682
vn 0.2350 -0.8059 0.5434
vn -0.3141 -0.7769 0.5456
vn -0.2526 -0.3771 0.8911
vn 0.3136 -0.0739 0.9467
vn -0.2778 0.4103 0.8686
vn 0.2164 0.5270 0.8218
vn 0.2624 -0.1546 0.9525
vn 0.8584 -0.3185 0.4021
vn 0.5077 0.3432 0.7902
vn -0.2073 0.1083 0.9723
vn 0.1227 0.7191 0.6840
vn -0.6969 0.3920 0.6006
vn 0.7879 0.5304 0.3129
vn -0.3838 0.8800 0.2797
vn -0.8585 0.3185 -0.4020
vn 0.4607 0.8870 0.0307
vn 0.9357 0.2833 -0.2101
vn -0.1026 0.9449 -0.3108
vn 0.6075 0.5037 -0.6142
vn 0.8519 -0.2580 -0.4557
vn -0.0104 0.5528 -0.8332
vn 0.4693 -0.2071 -0.8584
vn 0.5936 -0.7560 -0.2757
vn -0.1591 -0.0704 -0.9848
vn 0.1360 -0.8150 -0.5633
vn 0.3216 -0.9240 0.2071
vn -0.4643 -0.5665 -0.6808
vn -0.1967 -0.9764 0.0892
vn 0.1867 -0.6765 0.7124
vn -0.7563 -0.6484 -0.0870
vn -0.3402 -0.5961 0.7273
vn -0.8565 -0.2482 0.4526
vn 0.5720 -0.7491 0.3342
vn 0.6244 -0.0601 0.7788
vn 0.2769 -0.1815 0.9436
vn 0.1728 -0.9323 0.3176
vn 0.0085 -0.8693 0.4942
vn -0.0063 -0.0939 0.9956
vn -0.2051 -0.8140 0.5435
vn -0.2026 -0.0261 0.9789
vn -0.7492 -0.2372 0.6185
vn -0.4207 -0.8928 0.1611
vn 0.2090 0.9366 -0.2813
vn 0.3836 0.5216 -0.7621
vn 0.2775 0.1906 -0.9416
vn 0.3933 0.8953 -0.2092
vn 0.4303 0.1551 -0.8893
vn 0.1917 0.9752 0.1105
vn -0.0671 0.7511 0.6568
vn -0.0392 0.7363 0.6755
vn -0.1894 0.4568 0.8692
vn -0.2764 -0.1909 0.9419
vn -0.4303 -0.1551 0.8893
vn -0.3826 -0.5218 0.7625
vn -0.2072 -0.9368 0.2818
vn -0.3937 -0.8952 0.2091
vn -0.1911 -0.9754 -0.1103
vn 0.0673 -0.7512 -0.6567
vn 0.0392 -0.7364 -0.6755
vn 0.1897 -0.4569 -0.8690
vn 0.3729 0.9267 0.0473
vn -0.0846 0.9501 0.3004
vn 0.7273 0.6096 0.3153
vn 0.0616 0.7712 0.6336
vn 0.4835 0.5915 0.6452
vn 0.3004 0.7553 0.5825
vn 0.4293 0.1535 -0.8900
vn -0.3899 -0.4887 -0.7805
vn 0.5423 -0.4357 -0.7184
vn 0.3592 -0.3637 -0.8595
vn -0.4527 -0.3315 -0.8278
vn 0.0002 0.7859 -0.6184
vn -0.9177 -0.1297 -0.3756
vn -0.9570 -0.1676 -0.2369
vn -0.9926 -0.0382 -0.1156
vn -0.6231 0.6064 -0.4940
vn -0.9972 0.0136 -0.0733
vn -0.9755 0.1566 0.1542
vn -0.9596 0.1590 0.2320
vn -0.5655 0.3428 0.7501
vn -0.3650 0.4547 0.8124
vn 0.3035 0.3729 0.8768
vn 0.5500 0.4124 0.7262
vn 0.9043 0.2056 0.3740
vn 0.9764 0.1386 0.1659
vn 0.9960 0.0325 -0.0830
vn 0.9971 0.0135 -0.0747
vn 0.9492 -0.1443 -0.2796
vn 0.9170 -0.1300 -0.3772
vn -0.0613 0.9866 0.1509
vn -0.0000 0.9879 0.1553
vn 0.0613 0.9866 0.1509
vn -0.1070 0.9798 0.1689
vn 0.1070 0.9798 0.1689
vn -0.0565 0.9366 0.3458
vn 0.0565 0.9366 0.3458
vn 0.0272 0.8430 0.5372
vn -0.0272 0.8430 0.5372
vn -0.0374 0.7012 0.7120
vn 0.0381 0.7014 0.7117
vn -0.1281 0.3918 0.9111
vn 0.1281 0.3918 0.9111
vn -0.0648 0.0550 0.9964
vn 0.0648 0.0550 0.9964
vn 0.0168 -0.0715 0.9973
vn -0.0197 -0.0685 0.9975
vn 0.0202 -0.0690 0.9974
vn 0.0104 -0.1113 0.9937
vn -0.0000 -0.1305 0.9914
vn -0.7382 0.0000 0.6746
vn 0.7382 0.0000 0.6746
vn -0.9945 0.0000 -0.1049
vn 0.9945 0.0000 -0.1049
vn -0.8497 -0.0000 -0.5273
vn 0.8497 -0.0000 -0.5273
vn -0.3820 0.0000 -0.9242
vn 0.3820 0.0000 -0.9242
vn -0.0634 -0.0000 -0.9980
vn 0.0634 -0.0002 -0.9980
vn 0.1799 0.5238 0.8326
vn 0.2498 0.4117 0.8764
vn 0.5406 0.0784 0.8376
vn -0.1677 0.7681 0.6180
vn 0.6235 0.0500 0.7802
vn -0.0153 0.8199 0.5722
vn 0.4368 0.1090 0.8929
vn -0.0892 0.4506 0.8882
vn 0.4311 0.0713 0.8995
vn 0.7292 0.0619 0.6815
vn -0.1730 0.1873 0.9669
vn -0.1071 0.0418 0.9934
vn 0.3127 0.1594 0.9364
vn 0.8172 0.1200 0.5638
vn -0.1560 0.0887 0.9838
vn 0.4435 -0.1090 0.8896
vn 0.8426 0.1562 0.5154
vn 0.8418 0.3834 0.3800
vn 0.5954 0.0134 0.8033
vn 0.0283 -0.4961 0.8678
vn 0.0672 -0.4910 0.8686
vn -0.0125 -0.4359 0.8999
vn -0.1803 -0.1435 0.9731
vn -0.0509 -0.2764 0.9597
vn -0.1280 0.1140 0.9852
vn -0.2120 0.2215 0.9518
vn 0.0000 0.0400 0.9992
vn 0.0000 -0.1288 0.9917
vn 0.0509 -0.2764 0.9597
vn 0.0000 0.3843 0.9232
vn 0.1280 0.1140 0.9852
vn -0.3385 0.1062 0.9350
vn 0.0000 0.2412 0.9705
vn 0.2120 0.2215 0.9518
vn 0.1803 -0.1435 0.9731
vn 0.0125 -0.4359 0.8999
vn 0.1560 0.0887 0.9838
vn -0.4435 -0.1090 0.8896
vn -0.0672 -0.4910 0.8686
vn -0.0283 -0.4961 0.8678
vn -0.5954 0.0134 0.8033
vn -0.8418 0.3834 0.3800
vn -0.8426 0.1564 0.5153
vn -0.8172 0.1200 0.5638
vn -0.3127 0.1594 0.9364
vn -0.7292 0.0619 0.6815
vn -0.4311 0.0713 0.8995
vn -0.6235 0.0500 0.7802
vn 0.1071 0.0418 0.9934
vn -0.4368 0.1090 0.8929
vn 0.3385 0.1062 0.9350
vn 0.1730 0.1873 0.9669
vn -0.2498 0.4117 0.8764
vn -0.5406 0.0784 0.8376
vn -0.1799 0.5239 0.8326
vn 0.1677 0.7681 0.6180
vn 0.0153 0.8199 0.5722
vn 0.0892 0.4506 0.8882
vn 0.2131 0.0203 0.9768
vn 0.0502 0.6139 0.7878
vn -0.0000 0.9562 0.2926
vn -0.0000 -0.0084 1.0000
vn 0.0000 0.3325 0.9431
vn -0.2131 0.0203 0.9768
vn -0.0502 0.6140 0.7877
vn 0.0019 -0.9953 0.0963
vn -0.0019 -0.9953 0.0963
vn 0.0028 -0.9955 0.0951
vn -0.0028 -0.9955 0.0951
vn 0.0019 -0.9953 0.0969
vn -0.0019 -0.9953 0.0969
vn -0.0011 -0.9946 0.1037
vn 0.0011 -0.9946 0.1037
vn -0.0012 -0.9897 0.1428
vn 0.0012 -0.9897 0.1428
vn -0.0001 -0.9936 0.1130
vn 0.0001 -0.9936 0.1130
vn -0.0554 0.9980 0.0297
vn -0.0555 0.9980 0.0297
vn -0.0554 0.9980 0.0298
vn 0.0000 0.9985 0.0548
vn -0.0000 0.9985 0.0547
vn 0.0001 0.9985 0.0547
vn 0.3656 -0.9308 0.0005
vn -0.0151 -0.9913 0.1311
vn 0.3636 -0.9312 -0.0240
vn -0.3926 -0.9197 0.0066
vn 0.3722 -0.9280 -0.0171
vn -0.3918 -0.9200 -0.0017
vn 0.3707 -0.9263 -0.0676
vn -0.3559 -0.9341 0.0273
vn 0.0068 -0.9256 -0.3785
vn -0.3566 -0.9340 -0.0236
vn 0.3564 -0.9343 0.0005
vn -0.3707 -0.9263 -0.0676
vn 0.3600 -0.9330 -0.0025
vn -0.3722 -0.9280 -0.0171
vn 0.3600 -0.9328 0.0183
vn -0.3586 -0.9331 -0.0280
vn 0.0151 -0.9913 0.1311
vn -0.3585 -0.9335 0.0031
vn -0.2639 0.9210 -0.2864
vn -0.4297 0.9030 0.0015
vn 0.0019 0.8591 -0.5118
vn -0.3038 0.9197 0.2486
vn 0.2916 0.9228 -0.2516
vn 0.0007 0.8471 0.5315
vn 0.4263 0.9046 0.0013
vn 0.2575 0.9163 0.3069
vn -0.9463 0.0404 0.3207
vn -0.9464 0.0241 0.3222
vn -0.9470 0.0255 0.3203
vn -0.9470 0.0196 0.3207
vn -0.9461 0.0169 0.3234
vn -0.9458 0.0216 0.3240
vn -0.9455 0.0229 0.3248
vn -0.9455 0.0228 0.3247
vn 0.2263 0.7615 0.6074
vn 0.5720 0.5597 0.5996
vn 0.2771 0.7102 0.6471
vn 0.3566 -0.9340 -0.0236
vn -0.0068 -0.9256 -0.3785
vn 0.2636 0.9213 -0.2860
vn 0.4292 0.9032 0.0015
vn -0.0019 0.8595 -0.5112
vn 0.3034 0.9200 0.2483
vn -0.2912 0.9231 -0.2513
vn -0.0007 0.8475 0.5309
vn -0.4257 0.9049 0.0013
vn -0.2571 0.9165 0.3065
vn 0.2329 0.7283 0.6444
vn 0.1433 0.7518 0.6436
vn 0.1633 0.7505 0.6403
vn 0.0324 0.7727 0.6339
vn 0.0335 0.7720 0.6347
vn -0.0335 0.7720 0.6347
vn -0.0324 0.7727 0.6339
vn -0.1633 0.7505 0.6403
vn -0.1433 0.7518 0.6436
vn -0.2328 0.7283 0.6444
vn -0.2263 0.7615 0.6074
vn -0.2771 0.7102 0.6471
vn -0.5720 0.5597 0.5996
vn -0.9475 0.0137 0.3194
vn -0.9485 0.0101 0.3165
vn -0.9770 -0.0774 0.1988
vn 0.9455 0.0229 0.3248
vn 0.9458 0.0216 0.3240
vn 0.9461 0.0169 0.3234
vn 0.9470 0.0196 0.3207
vn 0.9464 0.0241 0.3222
vn 0.9470 0.0256 0.3203
vn 0.9463 0.0404 0.3207
vn 0.9475 0.0137 0.3193
vn 0.9485 0.0101 0.3165
vn 0.9770 -0.0775 0.1988
usemtl shotgun.001
s 1
f 343/1/1 344/2/2 345/3/3
f 344/2/2 343/1/1 346/4/4
f 346/4/4 343/1/1 347/5/5
f 348/6/6 349/7/7 350/8/8
f 349/7/7 348/6/6 351/9/9
f 352/10/10 349/11/7 351/12/9
f 349/11/7 352/10/10 353/13/11
f 354/14/12 348/15/6 350/16/8
f 348/15/6 354/14/12 355/17/13
f 356/18/14 357/19/15 358/20/16
f 357/19/15 356/18/14 359/21/17
f 360/22/18 357/23/15 361/24/19
f 357/23/15 360/22/18 358/25/16
f 362/26/20 356/27/14 363/28/21
f 356/27/14 362/26/20 359/29/17
f 364/30/22 365/31/23 366/32/24
f 365/31/23 364/30/22 367/33/25
f 368/34/26 369/35/27 370/36/28
f 369/35/27 368/34/26 371/37/29
f 367/33/25 370/36/28 365/31/23
f 370/36/28 367/33/25 368/34/26
f 372/38/30 373/39/31 374/40/9
f 373/39/31 372/38/30 375/41/32
f 376/42/33 377/43/34 378/44/35
f 374/40/9 379/45/33 372/38/30
f 374/40/9 376/42/33 379/45/33
f 374/40/9 377/43/34 376/42/33
f 380/46/36 381/47/37 382/48/38
f 371/37/29 380/46/36 369/35/27
f 371/37/29 381/47/37 380/46/36
f 369/49/27 375/50/32 372/51/30
f 375/50/32 369/49/27 380/52/36
f 380/53/36 373/54/31 375/55/32
f 373/54/31 380/53/36 383/56/39
f 383/57/39 374/58/9 373/59/31
f 374/58/9 383/57/39 384/60/40
f 385/61/41 386/62/42 387/63/43
f 386/62/42 385/61/41 388/64/44
f 389/65/45 390/66/46 391/67/47
f 390/66/46 389/65/45 392/68/48
f 387/63/43 392/68/48 389/65/45
f 392/68/48 387/63/43 386/62/42
f 393/69/49 378/44/35 377/43/34
f 394/70/50 380/46/36 382/48/38
f 390/66/46 395/71/51 391/67/47
f 390/66/46 396/72/52 395/71/51
f 390/66/46 394/70/50 396/72/52
f 397/73/53 394/70/50 390/66/46
f 383/74/39 394/70/50 397/73/53
f 383/74/39 380/46/36 394/70/50
f 396/72/52 398/75/54 399/76/55
f 398/75/54 396/72/52 394/70/50
f 400/77/56 383/74/39 397/73/53
f 383/74/39 400/77/56 384/78/40
f 393/79/49 390/80/46 378/81/35
f 390/80/46 393/79/49 397/82/53
f 397/83/53 377/84/34 400/85/56
f 377/84/34 397/83/53 393/86/49
f 401/87/57 402/88/58 403/89/59
f 402/88/58 401/87/57 404/90/60
f 405/91/61 401/87/57 403/89/59
f 401/87/57 405/91/61 406/92/62
f 407/93/63 408/94/64 409/95/65
f 408/94/64 407/93/63 410/96/66
f 411/97/67 407/93/63 412/98/68
f 407/93/63 411/97/67 410/96/66
f 413/99/69 414/100/70 415/101/71
f 416/102/72 417/103/73 418/104/74
f 419/105/75 420/106/76 421/107/77
f 420/106/76 419/105/75 422/108/78
f 367/109/79 423/110/80 424/111/81
f 423/110/80 367/109/79 364/112/82
f 425/113/83 426/114/84 427/115/85
f 426/114/84 425/113/83 428/116/86
f 387/117/87 429/118/88 385/119/89
f 429/118/88 387/117/87 430/120/81
f 431/121/90 432/122/91 433/123/92
f 432/122/91 431/121/90 434/124/93
f 435/125/94 436/126/95 437/127/96
f 436/126/95 435/125/94 438/128/97
f 439/129/98 440/130/99 441/131/100
f 440/130/99 439/129/98 442/132/101
f 443/133/102 444/134/103 445/135/104
f 444/134/103 443/133/102 446/136/105
f 446/136/105 433/137/92 444/134/103
f 433/137/92 446/136/105 431/138/90
f 447/139/106 448/140/107 449/141/108
f 448/140/107 447/139/106 450/142/109
f 451/143/110 452/144/111 453/145/112
f 452/144/111 451/143/110 454/146/113
f 455/147/114 454/148/113 451/149/110
f 454/148/113 455/147/114 456/150/115
f 355/151/13 351/152/9 348/153/6
f 351/152/9 355/151/13 352/154/10
f 353/155/11 350/156/8 349/157/7
f 350/156/8 353/155/11 354/158/12
f 354/159/12 457/160/116 458/161/116
f 457/160/116 354/159/12 353/162/11
f 459/163/117 460/164/118 461/165/119
f 460/164/118 459/163/117 462/166/120
f 463/167/121 464/168/122 465/169/123
f 464/168/122 463/167/121 466/170/124
f 467/171/125 465/172/123 468/173/126
f 465/172/123 467/171/125 463/174/121
f 363/175/21 358/176/16 360/177/18
f 358/176/16 363/175/21 356/178/14
f 361/179/19 359/180/17 362/181/20
f 359/180/17 361/179/19 357/182/15
f 362/183/20 469/184/127 361/185/19
f 469/184/127 362/183/20 470/186/127
f 400/77/56 374/40/9 384/78/40
f 374/40/9 400/77/56 377/43/34
f 471/187/128 472/188/129 473/189/130
f 472/188/129 471/187/128 474/190/131
f 475/191/132 476/192/133 477/193/134
f 476/192/133 475/191/132 478/194/135
f 476/195/133 479/196/136 480/197/137
f 479/196/136 476/195/133 478/198/135
f 479/199/136 481/200/138 482/201/139
f 481/200/138 479/199/136 483/202/140
f 484/203/141 485/204/142 486/205/143
f 485/204/142 484/203/141 487/206/144
f 488/207/145 489/208/146 490/209/147
f 489/208/146 488/207/145 491/210/148
f 492/211/149 493/212/150 494/213/151
f 493/212/150 492/211/149 495/214/152
f 480/215/137 496/216/153 497/217/154
f 496/216/153 480/215/137 498/218/155
f 499/219/156 485/220/142 487/221/144
f 485/220/142 499/219/156 500/222/157
f 501/223/158 502/224/159 503/225/160
f 502/224/159 501/223/158 504/226/161
f 501/223/158 505/227/162 504/226/161
f 505/227/162 501/223/158 506/228/163
f 506/228/163 507/229/164 505/227/162
f 507/229/164 506/228/163 508/230/165
f 508/230/165 509/231/166 507/229/164
f 509/231/166 508/230/165 510/232/167
f 510/232/167 511/233/168 509/231/166
f 511/233/168 510/232/167 512/234/169
f 512/234/169 513/235/170 511/233/168
f 513/235/170 512/234/169 514/236/171
f 515/237/172 513/235/170 514/236/171
f 513/235/170 515/237/172 516/238/173
f 517/239/174 516/238/173 515/237/172
f 516/238/173 517/239/174 518/240/175
f 519/241/176 518/240/175 517/239/174
f 518/240/175 519/241/176 520/242/177
f 521/243/178 520/242/177 519/241/176
f 520/242/177 521/243/178 522/244/179
f 523/245/180 522/244/179 521/243/178
f 522/244/179 523/245/180 524/246/181
f 503/247/160 524/246/181 523/245/180
f 502/248/159 524/246/181 503/247/160
f 525/249/182 413/250/69 526/251/183
f 413/250/69 525/249/182 414/252/70
f 527/253/184 528/254/185 529/255/186
f 528/254/185 527/253/184 530/256/187
f 525/257/182 418/258/74 417/259/73
f 418/258/74 525/257/182 526/260/183
f 434/124/93 531/261/188 432/122/91
f 531/261/188 434/124/93 532/262/189
f 532/263/189 533/264/190 531/265/188
f 533/264/190 532/263/189 534/266/191
f 534/266/191 535/267/192 533/264/190
f 535/267/192 534/266/191 536/268/193
f 536/269/193 537/270/194 535/271/192
f 537/270/194 536/269/193 538/272/195
f 538/272/195 437/127/96 537/270/194
f 437/127/96 538/272/195 435/125/94
f 438/128/97 441/273/100 436/126/95
f 441/273/100 438/128/97 439/274/98
f 442/132/101 445/135/104 440/130/99
f 445/135/104 442/132/101 443/133/102
f 539/275/196 540/276/197 541/277/198
f 540/276/197 539/275/196 542/278/199
f 542/278/199 543/279/200 540/276/197
f 543/279/200 542/278/199 544/280/201
f 544/280/201 545/281/202 543/279/200
f 545/281/202 544/280/201 546/282/203
f 546/282/203 547/283/204 545/281/202
f 547/283/204 546/282/203 548/284/205
f 548/284/205 549/285/206 547/283/204
f 549/285/206 548/284/205 550/286/207
f 550/286/207 551/287/208 549/285/206
f 551/287/208 550/286/207 552/288/209
f 552/288/209 553/289/210 551/287/208
f 553/289/210 552/288/209 554/290/211
f 555/291/212 553/289/210 554/290/211
f 553/289/210 555/291/212 556/292/213
f 555/291/212 557/293/214 556/292/213
f 557/293/214 555/291/212 558/294/215
f 559/295/216 557/293/214 558/294/215
f 557/293/214 559/295/216 560/296/217
f 561/297/218 560/296/217 559/295/216
f 560/296/217 561/297/218 562/298/219
f 563/299/220 562/298/219 561/297/218
f 562/298/219 563/299/220 564/300/221
f 565/301/222 564/300/221 563/299/220
f 564/300/221 565/301/222 566/302/223
f 567/303/224 566/302/223 565/301/222
f 566/302/223 567/303/224 568/304/225
f 569/305/226 568/304/225 567/303/224
f 568/304/225 569/305/226 570/306/227
f 539/307/196 570/306/227 569/305/226
f 570/306/227 539/307/196 541/308/198
f 366/32/24 571/309/228 364/30/22
f 571/309/228 366/32/24 572/310/229
f 572/310/229 573/311/230 571/309/228
f 573/311/230 572/310/229 574/312/231
f 574/312/231 575/313/232 573/311/230
f 575/313/232 574/312/231 576/314/233
f 576/314/233 577/315/234 575/313/232
f 577/315/234 576/314/233 578/316/235
f 578/316/235 579/317/236 577/315/234
f 579/317/236 578/316/235 580/318/237
f 580/318/237 421/319/238 579/317/236
f 421/319/238 580/318/237 581/320/239
f 581/320/239 582/321/240 421/319/238
f 582/321/240 581/320/239 583/322/241
f 583/322/241 584/323/242 582/321/240
f 584/323/242 583/322/241 585/324/243
f 585/324/243 586/325/244 584/323/242
f 586/325/244 585/324/243 587/326/245
f 586/325/244 587/326/245 588/327/246
f 588/327/246 587/326/245 589/328/247
f 589/328/247 587/326/245 590/329/248
f 591/330/249 590/329/248 587/326/245
f 592/331/250 590/329/248 591/330/249
f 592/331/250 589/328/247 590/329/248
f 593/332/251 589/328/247 592/331/250
f 593/332/251 592/331/250 594/333/252
f 595/334/243 594/333/252 592/331/250
f 594/333/252 595/334/243 596/335/253
f 597/336/254 596/335/253 595/334/243
f 596/335/253 597/336/254 598/337/255
f 599/338/256 598/337/255 597/336/254
f 598/337/255 599/338/256 428/339/257
f 600/340/258 428/339/257 599/338/256
f 601/341/237 428/339/257 600/340/258
f 428/339/257 601/341/237 602/342/259
f 603/343/260 602/342/259 601/341/237
f 602/342/259 603/343/260 604/344/261
f 605/345/262 604/344/261 603/343/260
f 604/344/261 605/345/262 606/346/263
f 607/347/264 606/346/263 605/345/262
f 606/346/263 607/347/264 608/348/265
f 609/349/266 608/348/265 607/347/264
f 608/348/265 609/349/266 610/350/267
f 388/64/44 610/350/267 609/349/266
f 610/350/267 388/64/44 385/61/41
f 611/351/268 612/352/269 613/353/270
f 614/354/271 612/352/269 611/351/268
f 614/354/271 615/355/272 612/352/269
f 614/354/271 616/356/273 617/357/274
f 614/354/271 617/357/274 615/355/272
f 615/355/272 618/358/275 619/359/276
f 615/355/272 617/357/274 618/358/275
f 620/360/277 617/357/274 621/361/278
f 618/358/275 622/362/279 623/363/280
f 617/357/274 620/360/277 624/364/281
f 624/364/281 618/358/275 617/357/274
f 625/365/282 624/364/281 620/360/277
f 622/362/279 618/358/275 626/366/283
f 618/358/275 624/364/281 626/366/283
f 626/366/283 627/367/284 622/362/279
f 624/364/281 625/365/282 628/368/285
f 628/368/285 626/366/283 624/364/281
f 629/369/286 628/368/285 625/365/282
f 627/367/284 626/366/283 630/370/287
f 626/366/283 628/368/285 630/370/287
f 630/370/287 631/371/288 627/367/284
f 628/368/285 629/369/286 632/372/289
f 632/372/289 630/370/287 628/368/285
f 631/371/288 630/370/287 633/373/290
f 630/370/287 632/372/289 633/373/290
f 629/369/286 634/374/291 632/372/289
f 634/374/291 633/373/290 632/372/289
f 634/374/291 629/369/286 635/375/292
f 636/376/293 631/371/288 633/373/290
f 633/373/290 634/374/291 636/376/293
f 631/371/288 636/376/293 637/377/294
f 635/375/292 638/378/295 634/374/291
f 638/378/295 635/375/292 639/379/296
f 640/380/297 638/378/295 639/379/296
f 641/381/298 634/374/291 638/378/295
f 638/378/295 640/380/297 641/381/298
f 636/376/293 634/374/291 641/381/298
f 640/380/297 642/382/299 641/381/298
f 636/376/293 641/381/298 642/382/299
f 642/382/299 637/377/294 636/376/293
f 642/382/299 640/380/297 643/383/300
f 637/377/294 642/382/299 643/383/300
f 644/384/301 645/385/302 646/386/303
f 645/385/302 644/384/301 647/387/304
f 647/387/304 648/388/305 645/385/302
f 648/388/305 647/387/304 649/389/306
f 648/388/305 649/389/306 650/390/307
f 649/389/306 651/391/308 650/390/307
f 651/391/308 649/389/306 652/392/309
f 652/392/309 653/393/310 651/391/308
f 654/394/311 650/390/307 651/391/308
f 655/395/312 651/391/308 653/393/310
f 651/391/308 655/395/312 654/394/311
f 655/395/312 653/393/310 656/396/313
f 650/390/307 654/394/311 657/397/314
f 658/398/315 654/394/311 655/395/312
f 656/396/313 658/398/315 655/395/312
f 654/394/311 658/398/315 659/399/316
f 659/399/316 657/397/314 654/394/311
f 658/398/315 656/396/313 660/400/317
f 657/397/314 659/399/316 661/401/318
f 662/402/319 660/400/317 656/396/313
f 663/403/320 657/397/314 661/401/318
f 656/396/313 664/404/321 662/402/319
f 657/397/314 663/403/320 665/405/322
f 664/404/321 656/396/313 666/406/323
f 663/403/320 667/407/324 665/405/322
f 667/407/324 663/403/320 668/408/325
f 669/409/326 664/404/321 666/406/323
f 664/404/321 669/409/326 670/410/327
f 669/409/326 671/411/328 670/410/327
f 669/409/326 672/412/329 671/411/328
f 672/412/329 669/409/326 673/413/330
f 669/409/326 674/414/331 673/413/330
f 675/415/332 672/412/329 673/413/330
f 672/412/329 675/415/332 676/416/333
f 677/417/334 673/413/330 674/414/331
f 673/413/330 677/417/334 675/415/332
f 677/417/334 674/414/331 678/418/335
f 678/418/335 679/419/336 677/417/334
f 680/420/337 675/415/332 677/417/334
f 677/417/334 679/419/336 680/420/337
f 681/421/338 676/416/333 675/415/332
f 675/415/332 680/420/337 681/421/338
f 676/416/333 681/421/338 682/422/339
f 680/420/337 679/419/336 683/423/340
f 681/421/338 684/424/341 682/422/339
f 685/425/342 683/423/340 679/419/336
f 684/424/341 681/421/338 686/426/343
f 667/427/324 684/424/341 686/426/343
f 684/424/341 667/427/324 668/428/325
f 683/423/340 685/425/342 687/429/344
f 644/430/301 687/429/344 685/425/342
f 687/429/344 644/430/301 646/431/303
f 688/432/345 689/433/346 690/434/347
f 691/435/348 689/433/346 688/432/345
f 691/435/348 395/436/51 689/433/346
f 691/435/348 692/437/349 395/436/51
f 395/436/51 692/437/349 391/438/47
f 692/437/349 389/439/45 391/438/47
f 693/440/350 389/439/45 692/437/349
f 387/441/43 389/439/45 693/440/350
f 387/441/43 693/440/350 385/442/351
f 693/440/350 610/443/352 385/442/351
f 693/440/350 608/444/265 610/443/352
f 693/440/350 606/445/263 608/444/265
f 693/440/350 694/446/353 606/445/263
f 606/445/263 694/446/353 604/447/261
f 695/448/354 604/447/261 694/446/353
f 696/449/355 604/447/261 695/448/354
f 602/450/356 604/447/261 696/449/355
f 697/451/357 602/450/356 696/449/355
f 602/450/356 697/451/357 428/452/358
f 698/453/359 428/452/358 697/451/357
f 428/452/358 698/453/359 598/454/255
f 699/455/360 598/454/255 698/453/359
f 598/454/255 699/455/360 596/456/361
f 699/455/360 700/457/362 596/456/361
f 596/456/361 700/457/362 594/458/363
f 594/458/363 700/457/362 593/459/251
f 700/457/362 589/460/364 593/459/251
f 589/460/364 700/457/362 701/461/365
f 702/462/366 589/460/364 701/461/365
f 589/460/364 702/462/366 588/463/367
f 588/463/367 702/462/366 586/464/368
f 586/464/368 702/462/366 584/465/242
f 584/465/242 702/462/366 703/466/369
f 703/466/369 582/467/370 584/465/242
f 582/467/370 703/466/369 704/468/371
f 704/468/371 421/469/372 582/467/370
f 421/469/372 704/468/371 705/470/373
f 705/470/373 579/471/374 421/469/372
f 579/471/374 705/470/373 706/472/375
f 706/472/375 577/473/234 579/471/374
f 577/473/234 706/472/375 707/474/376
f 707/474/376 575/475/232 577/473/234
f 575/475/232 707/474/376 708/476/377
f 708/476/377 573/477/230 575/475/232
f 709/478/127 573/477/230 708/476/377
f 571/479/228 573/477/230 709/478/127
f 571/479/228 709/478/127 364/480/22
f 709/478/127 367/481/25 364/480/22
f 709/478/127 368/482/26 367/481/25
f 709/478/127 710/483/378 368/482/26
f 368/482/26 710/483/378 371/484/29
f 710/483/378 531/485/379 371/484/29
f 711/486/380 531/485/379 710/483/378
f 371/484/29 531/485/379 432/487/91
f 371/484/29 432/487/91 381/488/37
f 433/489/381 381/488/37 432/487/91
f 381/488/37 433/489/381 382/490/382
f 433/489/381 394/491/50 382/490/382
f 444/492/383 394/491/50 433/489/381
f 712/493/384 531/485/379 711/486/380
f 712/493/384 711/486/380 713/494/385
f 712/493/384 533/495/386 531/485/379
f 712/493/384 714/496/387 533/495/386
f 533/495/386 714/496/387 535/497/192
f 535/497/192 714/496/387 537/498/388
f 715/499/389 714/496/387 712/493/384
f 537/498/388 714/496/387 437/500/390
f 716/501/391 437/500/390 714/496/387
f 714/496/387 715/499/389 716/501/391
f 441/502/392 437/500/390 716/501/391
f 441/502/392 716/501/391 440/503/393
f 440/503/393 716/501/391 444/492/383
f 444/492/383 716/501/391 394/491/50
f 715/499/389 717/504/394 716/501/391
f 717/504/394 394/491/50 716/501/391
f 717/504/394 715/499/389 718/505/395
f 394/491/50 717/504/394 398/506/54
f 718/505/395 719/507/396 717/504/394
f 719/507/396 718/505/395 720/508/397
f 721/509/398 398/506/54 717/504/394
f 721/509/398 717/504/394 719/507/396
f 720/508/397 722/510/399 719/507/396
f 721/509/398 719/507/396 722/510/399
f 722/510/399 720/508/397 723/511/400
f 724/512/401 398/506/54 721/509/398
f 724/512/401 399/513/55 398/506/54
f 723/511/400 725/514/402 722/510/399
f 725/514/402 723/511/400 726/515/403
f 727/516/404 722/510/399 725/514/402
f 725/514/402 726/515/403 728/517/405
f 727/516/404 725/514/402 728/517/405
f 729/518/406 722/510/399 727/516/404
f 721/509/398 722/510/399 729/518/406
f 727/516/404 728/517/405 730/519/407
f 614/520/271 721/509/398 729/518/406
f 721/509/398 614/520/271 611/521/268
f 611/521/268 724/512/401 721/509/398
f 729/518/406 616/522/273 614/520/271
f 616/522/273 729/518/406 727/516/404
f 730/519/407 616/522/273 727/516/404
f 613/523/270 724/512/401 611/521/268
f 613/523/270 612/524/269 724/512/401
f 724/512/401 612/524/269 731/525/408
f 731/525/408 399/513/55 724/512/401
f 615/526/272 731/525/408 612/524/269
f 732/527/409 399/513/55 731/525/408
f 732/527/409 396/528/52 399/513/55
f 731/525/408 615/526/272 733/529/410
f 619/530/276 733/529/410 615/526/272
f 396/528/52 732/527/409 734/531/411
f 734/531/411 395/532/51 396/528/52
f 395/532/51 734/531/411 689/533/346
f 732/527/409 735/534/412 734/531/411
f 735/534/412 689/533/346 734/531/411
f 689/533/346 735/534/412 690/535/347
f 735/534/412 732/527/409 736/536/413
f 737/537/414 736/536/413 732/527/409
f 732/527/409 731/525/408 737/537/414
f 737/537/414 731/525/408 733/529/410
f 736/536/413 737/537/414 738/538/415
f 739/539/416 738/538/415 737/537/414
f 737/537/414 733/529/410 739/539/416
f 738/538/415 739/539/416 740/540/417
f 739/539/416 733/529/410 741/541/418
f 733/529/410 619/530/276 741/541/418
f 742/542/419 740/540/417 739/539/416
f 739/539/416 741/541/418 742/542/419
f 741/541/418 619/530/276 743/543/420
f 742/542/419 741/541/418 743/543/420
f 744/544/421 740/540/417 742/542/419
f 743/543/420 744/544/421 742/542/419
f 745/545/422 740/540/417 744/544/421
f 623/546/280 740/540/417 745/545/422
f 744/544/421 743/543/420 746/547/423
f 746/547/423 745/545/422 744/544/421
f 743/543/420 619/530/276 746/547/423
f 747/548/424 623/546/280 745/545/422
f 745/545/422 746/547/423 747/548/424
f 746/547/423 619/530/276 747/548/424
f 623/546/280 747/548/424 618/549/275
f 747/548/424 619/530/276 618/549/275
f 617/550/274 616/522/273 748/551/425
f 748/551/425 621/552/278 617/550/274
f 748/551/425 616/522/273 749/553/426
f 749/553/426 616/522/273 730/519/407
f 621/552/278 748/551/425 750/554/427
f 749/553/426 750/554/427 748/551/425
f 750/554/427 726/515/403 621/552/278
f 730/519/407 751/555/428 749/553/426
f 750/554/427 749/553/426 751/555/428
f 751/555/428 726/515/403 750/554/427
f 751/555/428 730/519/407 728/517/405
f 728/517/405 726/515/403 751/555/428
f 492/556/149 473/189/130 472/188/129
f 473/189/130 492/556/149 494/557/151
f 494/557/151 471/187/128 473/189/130
f 471/187/128 494/557/151 493/558/150
f 495/559/152 471/187/128 493/558/150
f 471/187/128 495/559/152 474/190/131
f 752/560/429 753/561/430 754/562/431
f 755/563/432 753/561/430 752/560/429
f 753/561/430 755/563/432 756/564/433
f 757/565/434 756/564/433 755/563/432
f 758/566/435 759/567/436 760/568/437
f 759/567/436 758/566/435 761/569/438
f 761/569/438 762/570/439 759/567/436
f 762/570/439 761/569/438 763/571/440
f 763/571/440 764/572/441 762/570/439
f 764/572/441 763/571/440 765/573/442
f 765/573/442 766/574/443 764/572/441
f 766/574/443 765/573/442 767/575/444
f 767/575/444 768/576/445 766/574/443
f 768/576/445 767/575/444 769/577/446
f 769/577/446 770/578/447 768/576/445
f 770/578/447 769/577/446 771/579/448
f 771/579/448 772/580/449 770/578/447
f 772/580/449 771/579/448 773/581/450
f 773/581/450 774/582/451 772/580/449
f 774/582/451 773/581/450 775/583/452
f 775/583/452 776/584/453 774/582/451
f 776/584/453 775/583/452 777/585/454
f 777/585/454 778/586/455 776/584/453
f 778/586/455 777/585/454 779/587/456
f 780/588/457 778/586/455 779/587/456
f 778/586/455 780/588/457 781/589/458
f 782/590/459 781/589/458 780/588/457
f 781/589/458 782/590/459 783/591/460
f 784/592/461 783/591/460 782/590/459
f 783/591/460 784/592/461 785/593/462
f 786/594/463 785/593/462 784/592/461
f 785/593/462 786/594/463 787/595/464
f 788/596/465 787/595/464 786/594/463
f 787/595/464 788/596/465 789/597/466
f 790/598/467 789/597/466 788/596/465
f 789/597/466 790/598/467 791/599/468
f 792/600/469 791/599/468 790/598/467
f 791/599/468 792/600/469 793/601/470
f 794/602/471 793/601/470 792/600/469
f 793/601/470 794/602/471 795/603/472
f 796/604/473 795/603/472 794/602/471
f 795/603/472 796/604/473 797/605/474
f 798/606/475 797/605/474 796/604/473
f 797/605/474 798/606/475 799/607/476
f 800/608/477 394/609/50 398/610/478
f 394/609/50 800/608/477 801/611/479
f 801/611/479 382/612/480 394/609/50
f 382/612/480 801/611/479 802/613/481
f 802/613/481 381/614/37 382/612/480
f 381/614/37 802/613/481 803/615/482
f 804/616/483 381/614/37 803/615/482
f 804/616/483 371/617/484 381/614/37
f 805/618/485 371/617/484 804/616/483
f 806/619/486 371/617/484 805/618/485
f 807/620/487 371/617/484 806/619/486
f 808/621/488 371/617/484 807/620/487
f 809/622/489 371/617/484 808/621/488
f 809/622/489 810/623/490 371/617/484
f 809/622/489 811/624/491 810/623/490
f 810/623/490 811/624/491 812/625/492
f 813/626/493 814/627/494 815/628/495
f 814/627/494 813/626/493 816/629/496
f 816/629/496 817/630/497 814/627/494
f 817/630/497 816/629/496 818/631/498
f 818/631/498 819/632/499 817/630/497
f 819/632/499 818/631/498 820/633/500
f 820/633/500 821/634/501 819/632/499
f 821/634/501 820/633/500 822/635/502
f 822/635/502 823/636/503 821/634/501
f 823/636/503 822/635/502 824/637/504
f 824/637/504 825/638/505 823/636/503
f 826/639/506 825/638/505 824/637/504
f 823/636/503 825/638/505 827/640/507
f 828/641/508 825/638/505 826/639/506
f 829/642/509 828/641/508 830/643/510
f 828/641/508 829/642/509 825/638/505
f 831/644/511 825/638/505 829/642/509
f 832/645/512 831/644/511 833/646/513
f 827/640/507 825/638/505 834/647/514
f 834/647/514 835/648/515 827/640/507
f 825/638/505 831/644/511 836/649/516
f 831/644/511 832/645/512 836/649/516
f 836/649/516 834/647/514 825/638/505
f 837/650/517 836/649/516 832/645/512
f 838/651/518 836/649/516 837/650/517
f 835/648/515 834/647/514 839/652/519
f 839/652/519 840/653/520 835/648/515
f 841/654/521 836/649/516 838/651/518
f 842/655/522 841/654/521 838/651/518
f 841/654/521 842/655/522 843/656/523
f 844/657/524 843/656/523 842/655/522
f 845/658/525 836/649/516 841/654/521
f 843/656/523 844/657/524 846/659/526
f 847/660/527 846/659/526 844/657/524
f 846/659/526 847/660/527 848/661/528
f 849/662/529 848/661/528 847/660/527
f 848/661/528 849/662/529 850/663/530
f 851/664/531 850/663/530 849/662/529
f 850/663/530 851/664/531 852/665/532
f 853/666/533 852/665/532 851/664/531
f 852/665/532 853/666/533 854/667/534
f 853/666/533 347/668/5 854/667/534
f 854/667/534 347/668/5 855/669/535
f 855/669/535 347/668/5 856/670/536
f 347/668/5 343/671/1 856/670/536
f 856/670/536 343/671/1 345/672/3
f 856/670/536 345/672/3 857/673/537
f 858/674/538 855/669/535 856/670/536
f 857/673/537 858/674/538 856/670/536
f 855/669/535 858/674/538 859/675/539
f 858/674/538 857/673/537 860/676/540
f 861/677/541 860/676/540 857/673/537
f 860/676/540 861/677/541 862/678/542
f 863/679/543 859/675/539 858/674/538
f 860/676/540 863/679/543 858/674/538
f 859/675/539 863/679/543 864/680/544
f 862/678/542 865/681/545 860/676/540
f 863/679/543 860/676/540 865/681/545
f 865/681/545 862/678/542 866/682/546
f 867/683/547 864/680/544 863/679/543
f 864/680/544 867/683/547 868/684/548
f 869/685/549 863/679/543 865/681/545
f 866/682/546 869/685/549 865/681/545
f 863/679/543 869/685/549 867/683/547
f 869/685/549 866/682/546 870/686/550
f 871/687/551 868/684/548 867/683/547
f 868/684/548 871/687/551 872/688/552
f 873/689/553 867/683/547 869/685/549
f 870/686/550 873/689/553 869/685/549
f 867/683/547 873/689/553 871/687/551
f 873/689/553 870/686/550 840/653/520
f 840/653/520 839/652/519 873/689/553
f 839/652/519 871/687/551 873/689/553
f 874/690/554 872/688/552 871/687/551
f 871/687/551 839/652/519 874/690/554
f 872/688/552 874/690/554 875/691/555
f 839/652/519 876/692/556 874/690/554
f 876/692/556 875/691/555 874/690/554
f 876/692/556 839/652/519 834/647/514
f 875/691/555 876/692/556 845/658/525
f 834/647/514 836/649/516 876/692/556
f 876/692/556 836/649/516 845/658/525
f 815/693/495 877/694/557 813/695/493
f 877/694/557 815/693/495 878/696/558
f 878/696/558 344/697/2 877/694/557
f 861/698/541 344/697/2 878/696/558
f 857/699/537 344/697/2 861/698/541
f 345/700/3 344/697/2 857/699/537
f 371/701/484 879/702/559 880/703/560
f 879/702/559 371/701/484 810/704/490
f 810/704/490 881/705/561 879/702/559
f 881/705/561 810/704/490 812/706/492
f 882/707/562 883/708/563 884/709/564
f 885/710/565 883/708/563 882/707/562
f 886/711/566 883/708/563 885/710/565
f 886/711/566 885/710/565 887/712/567
f 886/711/566 887/712/567 888/713/568
f 886/711/566 888/713/568 889/714/569
f 886/711/566 889/714/569 890/715/570
f 886/711/566 890/715/570 891/716/571
f 886/711/566 891/716/571 395/717/572
f 395/717/572 891/716/571 892/718/573
f 893/719/574 395/717/572 892/718/573
f 395/717/572 893/719/574 894/720/575
f 895/721/576 894/720/575 893/719/574
f 894/720/575 895/721/576 396/722/577
f 896/723/578 396/722/577 895/721/576
f 396/722/577 896/723/578 399/724/579
f 831/725/511 399/724/579 896/723/578
f 831/725/511 897/726/580 399/724/579
f 829/727/509 897/726/580 831/725/511
f 829/727/509 800/728/477 897/726/580
f 897/726/580 800/728/477 398/729/478
f 898/730/581 506/731/163 501/732/158
f 506/731/163 898/730/581 899/733/582
f 899/733/582 508/734/165 506/731/163
f 508/734/165 899/733/582 900/735/583
f 900/735/583 510/736/167 508/734/165
f 510/736/167 900/735/583 901/737/584
f 901/737/584 512/738/169 510/736/167
f 512/738/169 901/737/584 409/739/65
f 408/740/64 512/738/169 409/739/65
f 512/738/169 408/740/64 514/741/171
f 408/740/64 902/742/585 514/741/171
f 902/742/585 408/740/64 903/743/586
f 904/744/587 514/741/171 902/742/585
f 408/740/64 905/745/588 903/743/586
f 514/741/171 904/744/587 515/746/172
f 905/745/588 408/740/64 906/747/589
f 906/747/589 907/748/590 905/745/588
f 907/748/590 906/747/589 908/749/591
f 908/749/591 909/750/592 907/748/590
f 909/750/592 908/749/591 910/751/593
f 910/751/593 911/752/594 909/750/592
f 911/752/594 910/751/593 912/753/595
f 913/754/596 911/752/594 912/753/595
f 911/752/594 913/754/596 914/755/597
f 915/756/598 914/755/597 913/754/596
f 914/755/597 915/756/598 916/757/599
f 917/758/600 916/757/599 915/756/598
f 916/757/599 917/758/600 918/759/601
f 919/760/602 918/759/601 917/758/600
f 918/759/601 919/760/602 920/761/603
f 402/762/58 920/761/603 919/760/602
f 920/761/603 402/762/58 921/763/604
f 402/762/58 904/744/587 921/763/604
f 904/744/587 402/762/58 515/746/172
f 402/762/58 517/764/174 515/746/172
f 517/764/174 402/762/58 404/765/60
f 922/766/605 517/764/174 404/765/60
f 517/764/174 922/766/605 519/767/176
f 923/768/606 519/767/176 922/766/605
f 519/767/176 923/768/606 521/769/178
f 924/770/607 521/769/178 923/768/606
f 521/769/178 924/770/607 523/771/180
f 925/772/608 523/771/180 924/770/607
f 523/771/180 925/772/608 503/773/160
f 926/774/609 927/775/610 928/776/611
f 927/775/610 926/774/609 929/777/612
f 929/777/612 930/778/613 927/775/610
f 930/778/613 929/777/612 931/779/614
f 932/780/615 930/778/613 931/779/614
f 930/778/613 932/780/615 933/781/616
f 934/782/617 933/781/616 932/780/615
f 933/781/616 934/782/617 935/783/618
f 928/784/611 936/785/619 926/786/609
f 936/785/619 928/784/611 937/787/620
f 937/787/620 938/788/621 936/785/619
f 937/787/620 939/789/622 938/788/621
f 938/788/621 939/789/622 416/790/72
f 939/789/622 530/791/187 416/790/72
f 530/791/187 939/789/622 528/792/185
f 940/793/623 941/794/624 942/795/625
f 941/794/624 943/796/626 942/795/625
f 943/796/626 941/794/624 944/797/627
f 944/797/627 945/798/628 943/796/626
f 944/797/627 946/799/629 945/798/628
f 945/798/628 946/799/629 947/800/630
f 947/800/630 946/799/629 948/801/631
f 948/801/631 949/802/632 947/800/630
f 949/802/632 948/801/631 950/803/633
f 950/803/633 419/105/75 949/802/632
f 950/803/633 422/108/78 419/105/75
f 950/803/633 951/804/634 422/108/78
f 422/108/78 951/804/634 952/805/635
f 951/804/634 953/806/636 952/805/635
f 953/806/636 951/804/634 954/807/637
f 955/808/638 953/806/636 954/807/637
f 953/806/636 955/808/638 956/809/639
f 955/808/638 957/810/640 956/809/639
f 957/810/640 955/808/638 958/811/641
f 959/812/642 957/810/640 958/811/641
f 957/810/640 959/812/642 960/813/643
f 959/812/642 427/115/85 960/813/643
f 961/814/644 427/115/85 959/812/642
f 425/113/83 427/115/85 961/814/644
f 425/113/83 961/814/644 962/815/645
f 963/816/646 962/815/645 961/814/644
f 962/815/645 963/816/646 964/817/647
f 965/818/648 964/817/647 963/816/646
f 964/817/647 965/818/648 966/819/649
f 967/820/650 966/819/649 965/818/648
f 966/819/649 967/820/650 968/821/651
f 969/822/652 968/821/651 967/820/650
f 968/821/651 969/822/652 970/823/653
f 970/823/653 969/822/652 971/824/654
f 940/793/623 367/825/25 972/826/127
f 367/825/25 940/793/623 942/795/625
f 942/795/625 364/827/82 367/825/25
f 364/827/82 942/795/625 973/828/655
f 943/796/626 973/828/655 942/795/625
f 973/828/655 943/796/626 571/829/228
f 943/796/626 945/798/628 571/829/228
f 571/829/228 945/798/628 974/830/656
f 974/830/656 945/798/628 975/831/657
f 975/831/657 945/798/628 947/800/630
f 947/800/630 976/832/658 975/831/657
f 947/800/630 577/833/659 976/832/658
f 947/800/630 949/802/632 577/833/659
f 577/833/659 949/802/632 579/834/374
f 949/802/632 421/107/77 579/834/374
f 421/107/77 949/802/632 419/105/75
f 977/835/660 978/836/661 979/837/662
f 978/836/661 977/835/660 980/838/663
f 981/839/664 978/836/661 980/838/663
f 982/840/665 983/841/666 984/842/667
f 985/843/668 983/841/666 982/840/665
f 983/841/666 985/843/668 986/844/669
f 482/845/139 480/846/137 479/847/136
f 480/846/137 482/845/139 498/848/155
f 987/849/670 498/848/155 482/845/139
f 498/848/155 987/849/670 988/850/671
f 989/851/672 988/850/671 987/849/670
f 988/850/671 989/851/672 990/852/673
f 989/851/672 991/853/674 990/852/673
f 991/853/674 989/851/672 992/854/675
f 993/855/676 904/856/587 994/857/677
f 904/856/587 993/855/676 921/858/604
f 995/859/678 921/858/604 993/855/676
f 921/858/604 995/859/678 920/860/603
f 996/861/679 920/860/603 995/859/678
f 920/860/603 996/861/679 918/862/601
f 997/863/680 918/862/601 996/861/679
f 918/862/601 997/863/680 916/864/599
f 998/865/681 916/864/599 997/863/680
f 916/864/599 998/865/681 914/866/597
f 999/867/682 914/866/597 998/865/681
f 914/866/597 999/867/682 911/868/594
f 999/867/682 909/869/592 911/868/594
f 909/869/592 999/867/682 1000/870/683
f 1000/870/683 907/871/590 909/869/592
f 907/871/590 1000/870/683 1001/872/684
f 1001/872/684 905/873/588 907/871/590
f 905/873/588 1001/872/684 1002/874/685
f 1002/874/685 903/875/586 905/873/588
f 903/875/586 1002/874/685 1003/876/686
f 1003/876/686 902/877/585 903/875/586
f 902/877/585 1003/876/686 1004/878/687
f 994/879/677 902/877/585 1004/878/687
f 902/877/585 994/879/677 904/880/587
f 1005/881/688 886/882/566 1006/883/689
f 886/882/566 1005/881/688 883/884/563
f 1007/885/690 883/884/563 1005/881/688
f 883/884/563 1007/885/690 884/886/564
f 1008/887/691 935/888/618 934/889/617
f 935/888/618 1008/887/691 1009/890/692
f 1008/887/691 1010/891/693 1009/890/692
f 1009/890/692 1010/891/693 1011/892/694
f 1011/892/694 1010/891/693 415/893/71
f 527/894/184 1011/892/694 415/893/71
f 1011/892/694 527/894/184 529/895/186
f 387/896/695 971/824/654 1012/897/116
f 971/824/654 387/896/695 970/823/653
f 385/898/89 970/823/653 387/896/695
f 970/823/653 385/898/89 610/899/352
f 610/899/352 968/821/651 970/823/653
f 968/821/651 610/899/352 608/900/696
f 608/900/696 966/819/649 968/821/651
f 1013/901/697 966/819/649 608/900/696
f 1014/902/698 966/819/649 1013/901/697
f 964/817/647 966/819/649 1014/902/698
f 1015/903/699 964/817/647 1014/902/698
f 1015/903/699 604/904/700 964/817/647
f 964/817/647 604/904/700 962/815/645
f 962/815/645 604/904/700 602/905/259
f 428/116/86 962/815/645 602/905/259
f 962/815/645 428/116/86 425/113/83
f 535/906/192 531/907/701 533/908/702
f 535/906/192 432/909/703 531/907/701
f 535/906/192 537/910/704 432/909/703
f 432/909/703 537/910/704 437/911/96
f 436/912/95 432/909/703 437/911/96
f 432/909/703 436/912/95 433/913/705
f 433/913/705 436/912/95 444/914/103
f 444/914/103 436/912/95 445/915/104
f 445/915/104 436/912/95 440/916/99
f 440/916/99 436/912/95 441/917/100
f 448/918/107 1016/919/706 449/920/108
f 1016/919/706 448/918/107 1017/921/707
f 453/922/112 1016/919/706 1017/921/707
f 1016/919/706 453/922/112 452/923/111
f 449/924/108 456/925/115 447/926/106
f 456/925/115 449/924/108 1016/927/706
f 452/928/111 456/925/115 1016/927/706
f 456/925/115 452/928/111 454/929/113
f 450/930/109 1017/931/707 448/932/107
f 1017/931/707 450/930/109 455/933/114
f 451/934/110 1017/931/707 455/933/114
f 1017/931/707 451/934/110 453/935/112
f 1018/936/708 460/937/118 462/938/120
f 460/937/118 1018/936/708 1019/939/709
f 1018/936/708 466/940/124 1019/939/709
f 466/940/124 1018/936/708 464/941/122
f 468/942/126 462/943/120 459/944/117
f 462/943/120 468/942/126 1018/945/708
f 468/942/126 464/946/122 1018/945/708
f 464/946/122 468/942/126 465/947/123
f 1019/948/709 461/949/119 460/950/118
f 461/949/119 1019/948/709 467/951/125
f 1019/948/709 463/952/121 467/951/125
f 463/952/121 1019/948/709 466/953/124
f 1020/954/710 478/955/135 475/956/132
f 478/955/135 1020/954/710 1021/957/711
f 483/958/140 478/955/135 1021/957/711
f 478/955/135 483/958/140 479/959/136
f 1022/960/712 992/961/675 486/962/143
f 486/962/143 992/961/675 484/963/141
f 484/963/141 992/961/675 1023/964/713
f 1023/964/713 487/965/144 484/963/141
f 989/966/672 1023/964/713 992/961/675
f 487/965/144 1023/964/713 1024/967/714
f 1023/964/713 989/966/672 1025/968/715
f 1025/968/715 1024/967/714 1023/964/713
f 987/969/670 1025/968/715 989/966/672
f 1024/967/714 1025/968/715 1026/970/716
f 1025/968/715 987/969/670 1027/971/717
f 1027/971/717 1026/970/716 1025/968/715
f 482/972/139 1027/971/717 987/969/670
f 1026/970/716 1027/971/717 1028/973/718
f 1027/971/717 482/972/139 481/974/138
f 481/974/138 1028/973/718 1027/971/717
f 1028/973/718 481/974/138 1029/975/719
f 1030/976/720 1021/977/711 1020/978/710
f 1021/977/711 1030/976/720 1031/979/721
f 1030/976/720 1032/980/722 1031/979/721
f 1032/980/722 1030/976/720 1033/981/723
f 476/982/133 1033/983/723 477/984/134
f 1033/983/723 476/982/133 1032/985/722
f 476/982/133 497/986/154 1032/985/722
f 497/986/154 476/982/133 480/987/137
f 500/988/157 991/989/674 1034/990/724
f 499/991/156 991/989/674 500/988/157
f 1035/992/725 991/989/674 499/991/156
f 487/993/144 1035/992/725 499/991/156
f 1035/992/725 990/994/673 991/989/674
f 1035/992/725 487/993/144 1024/995/714
f 990/994/673 1035/992/725 1036/996/726
f 1024/995/714 1036/996/726 1035/992/725
f 1036/996/726 988/997/671 990/994/673
f 1036/996/726 1024/995/714 1026/998/716
f 988/997/671 1036/996/726 1037/999/727
f 1026/998/716 1037/999/727 1036/996/726
f 1037/999/727 498/1000/155 988/997/671
f 1037/999/727 1026/998/716 1028/1001/718
f 498/1000/155 1037/999/727 496/1002/153
f 1028/1001/718 496/1002/153 1037/999/727
f 496/1002/153 1028/1001/718 1029/1003/719
f 760/568/437 1038/1004/728 758/566/435
f 1038/1004/728 760/568/437 1039/1005/729
f 1040/1006/730 1038/1004/728 1039/1005/729
f 1038/1004/728 1040/1006/730 1041/1007/731
f 1042/1008/732 1041/1007/731 1040/1006/730
f 1041/1007/731 1042/1008/732 1043/1009/733
f 1042/1008/732 1044/1010/734 1043/1009/733
f 1044/1010/734 1042/1008/732 1045/1011/735
f 1046/1012/736 1045/1011/735 1047/1013/737
f 1046/1012/736 1044/1010/734 1045/1011/735
f 1046/1012/736 1048/1014/738 1044/1010/734
f 1044/1010/734 1048/1014/738 1049/1015/739
f 1050/1016/740 799/607/476 798/606/475
f 799/607/476 1050/1016/740 1051/1017/741
f 1050/1016/740 1052/1018/742 1051/1017/741
f 1052/1018/742 1050/1016/740 1053/1019/743
f 1053/1019/743 1054/1020/744 1052/1018/742
f 1054/1020/744 1053/1019/743 1055/1021/745
f 1056/1022/746 1054/1020/744 1055/1021/745
f 1054/1020/744 1056/1022/746 1057/1023/747
f 1058/1024/748 1056/1022/746 1059/1025/749
f 1060/1026/750 1056/1022/746 1058/1024/748
f 1057/1023/747 1056/1022/746 1060/1026/750
f 1057/1023/747 1060/1026/750 1061/1027/751
f 827/1028/507 1062/1029/752 823/1030/503
f 1062/1029/752 827/1028/507 1063/1031/753
f 845/1032/525 1062/1029/752 1063/1031/753
f 1062/1029/752 845/1032/525 841/1033/521
f 346/4/754 503/773/160 925/1034/608
f 898/730/581 503/773/160 346/4/754
f 501/732/158 503/773/160 898/730/581
f 1064/1035/755 861/1036/541 878/1037/558
f 861/1036/541 1064/1035/755 1065/1038/756
f 1064/1035/755 855/1039/535 1065/1038/756
f 855/1039/535 1064/1035/755 854/1040/534
f 932/1041/615 1008/1042/691 934/1043/617
f 932/1041/615 1010/1044/693 1008/1042/691
f 1066/1045/757 1010/1044/693 932/1041/615
f 1066/1045/757 932/1041/615 931/1046/614
f 1066/1045/757 415/1047/71 1010/1044/693
f 929/1048/612 1066/1045/757 931/1046/614
f 936/1049/619 929/1048/612 926/1050/609
f 938/1051/621 929/1048/612 936/1049/619
f 938/1051/621 1066/1045/757 929/1048/612
f 416/1052/72 1066/1045/757 938/1051/621
f 1066/1045/757 526/1053/183 415/1047/71
f 526/1053/183 1066/1045/757 416/1052/72
f 415/1047/71 526/1053/183 413/1054/69
f 526/1053/183 416/1052/72 418/1055/74
f 414/1056/70 527/1057/184 415/1047/71
f 527/1057/184 416/1052/72 530/1058/187
f 525/1059/182 527/1057/184 414/1056/70
f 417/1060/73 416/1052/72 527/1057/184
f 417/1060/73 527/1057/184 525/1059/182
f 973/1061/655 423/110/80 364/112/82
f 423/110/80 973/1061/655 1067/1062/758
f 973/1061/655 1068/1063/759 1067/1062/758
f 1068/1063/759 973/1061/655 571/1064/228
f 974/1065/656 1068/1063/759 571/1064/228
f 1068/1063/759 974/1065/656 1069/1066/760
f 974/1065/656 1070/1067/761 1069/1066/760
f 1070/1067/761 974/1065/656 975/1068/657
f 975/1068/657 1071/1069/762 1070/1067/761
f 1071/1069/762 975/1068/657 976/1070/658
f 976/1070/658 1072/1071/763 1071/1069/762
f 976/1070/658 1073/1072/764 1072/1071/763
f 976/1070/658 1074/1073/765 1073/1072/764
f 976/1070/658 577/1074/659 1074/1073/765
f 1074/1073/765 577/1074/659 1075/1075/766
f 579/1076/767 1075/1075/766 577/1074/659
f 604/1077/700 1075/1075/766 579/1076/767
f 604/1077/700 1076/1078/768 1075/1075/766
f 1077/1079/769 1076/1078/768 604/1077/700
f 1077/1079/769 604/1077/700 1078/1080/770
f 1078/1080/770 604/1077/700 1079/1081/771
f 604/1077/700 579/1076/767 602/1082/772
f 1079/1081/771 604/1077/700 1015/1083/699
f 421/1084/238 602/1082/772 579/1076/767
f 1014/1085/698 1079/1081/771 1015/1083/699
f 1079/1081/771 1014/1085/698 1080/1086/773
f 1013/1087/697 1080/1086/773 1014/1085/698
f 1080/1086/773 1013/1087/697 1081/1088/774
f 1013/1087/697 1082/1089/775 1081/1088/774
f 1082/1089/775 1013/1087/697 608/1090/696
f 610/1091/352 1082/1089/775 608/1090/696
f 1082/1089/775 610/1091/352 1083/1092/776
f 610/1091/352 429/118/88 1083/1092/776
f 429/118/88 610/1091/352 385/119/89
f 602/1082/772 421/1084/238 428/1093/777
f 1084/1094/778 421/1084/77 420/1095/76
f 582/1096/779 428/1093/777 421/1084/238
f 421/1084/77 1084/1094/778 582/1096/370
f 428/1093/86 1085/1097/780 426/1098/84
f 1084/1094/778 584/1099/242 582/1096/370
f 584/1099/242 1084/1094/778 1086/1100/781
f 428/1093/777 582/1096/779 598/1101/255
f 1085/1097/780 428/1093/86 598/1101/255
f 584/1099/242 598/1101/255 582/1096/779
f 596/1102/361 1085/1097/780 598/1101/255
f 598/1101/255 584/1099/242 596/1102/253
f 1085/1097/780 596/1102/361 1087/1103/782
f 1086/1100/781 586/1104/783 584/1099/242
f 586/1104/783 596/1102/253 584/1099/242
f 586/1104/783 1086/1100/781 1088/1105/784
f 594/1106/252 1087/1103/782 596/1102/361
f 596/1102/253 586/1104/783 594/1106/785
f 1087/1103/782 594/1106/252 1089/1107/786
f 1088/1105/784 588/1108/367 586/1104/783
f 588/1108/367 1088/1105/784 1090/1109/787
f 593/1110/251 1089/1107/786 594/1106/252
f 594/1106/785 586/1104/783 593/1110/251
f 1089/1107/786 593/1110/251 1091/1111/788
f 589/1112/789 586/1104/783 588/1108/790
f 593/1110/251 586/1104/783 589/1112/789
f 1090/1109/787 589/1112/364 588/1108/367
f 589/1112/364 1091/1111/788 593/1110/251
f 589/1112/364 1090/1109/787 1092/1113/791
f 1091/1111/788 589/1112/364 1092/1113/791
f 1093/1114/792 702/1115/366 701/1116/365
f 702/1115/366 1093/1114/792 1094/1117/793
f 1095/1118/794 1094/1117/793 1093/1114/792
f 1094/1117/793 703/1119/369 702/1115/366
f 1094/1117/793 1095/1118/794 1096/1120/795
f 1097/1121/796 1096/1120/795 1095/1118/794
f 703/1119/369 1094/1117/793 1098/1122/797
f 1096/1120/795 1098/1122/797 1094/1117/793
f 1098/1122/797 704/1123/371 703/1119/369
f 1096/1120/795 1097/1121/796 1099/1124/798
f 1100/1125/799 1099/1124/798 1097/1121/796
f 1098/1122/797 1096/1120/795 1101/1126/800
f 1099/1124/798 1101/1126/800 1096/1120/795
f 704/1123/371 1098/1122/797 1102/1127/801
f 1101/1126/800 1102/1127/801 1098/1122/797
f 1102/1127/801 705/1128/373 704/1123/371
f 1099/1124/798 1100/1125/799 1103/1129/802
f 1104/1130/803 1103/1129/802 1100/1125/799
f 1101/1126/800 1099/1124/798 1105/1131/804
f 1103/1129/802 1105/1131/804 1099/1124/798
f 1102/1127/801 1101/1126/800 1106/1132/805
f 1105/1131/804 1106/1132/805 1101/1126/800
f 705/1128/373 1102/1127/801 1107/1133/806
f 1102/1127/801 1106/1132/805 1107/1133/806
f 1108/1134/807 705/1128/373 1107/1133/806
f 1107/1133/806 1106/1132/805 1108/1134/807
f 705/1128/373 1108/1134/807 706/1135/375
f 1108/1134/807 707/1136/376 706/1135/375
f 707/1136/376 1108/1134/807 1109/1137/808
f 1109/1137/808 708/1138/377 707/1136/376
f 1108/1134/807 1106/1132/805 1110/1139/809
f 1108/1134/807 1110/1139/809 1109/1137/808
f 708/1138/377 1109/1137/808 1111/1140/810
f 1109/1137/808 1110/1139/809 1111/1140/810
f 1112/1141/811 708/1138/377 1111/1140/810
f 1111/1140/810 1110/1139/809 1112/1141/811
f 708/1138/377 1112/1141/811 709/1142/127
f 1112/1141/811 710/1143/378 709/1142/127
f 1113/1144/812 1110/1139/809 1106/1132/805
f 1106/1132/805 1105/1131/804 1113/1144/812
f 710/1143/378 1112/1141/811 1114/1145/813
f 1114/1145/813 711/1146/380 710/1143/378
f 1112/1141/811 1110/1139/809 1115/1147/814
f 1112/1141/811 1115/1147/814 1114/1145/813
f 1110/1139/809 1113/1144/812 1116/1148/815
f 1116/1148/815 1115/1147/814 1110/1139/809
f 1117/1149/816 1113/1144/812 1105/1131/804
f 1105/1131/804 1103/1129/802 1117/1149/816
f 1118/1150/817 1116/1148/815 1113/1144/812
f 1113/1144/812 1117/1149/816 1118/1150/817
f 1119/1151/818 1117/1149/816 1103/1129/802
f 1103/1129/802 1104/1130/803 1119/1151/818
f 1120/1152/819 1118/1150/817 1117/1149/816
f 1117/1149/816 1119/1151/818 1120/1152/819
f 1104/1130/803 1121/1153/820 1119/1151/818
f 1121/1153/820 1104/1130/803 1122/1154/821
f 670/1155/327 1122/1154/821 664/1156/321
f 1122/1154/821 670/1155/327 1121/1153/820
f 671/1157/328 1121/1153/820 670/1155/327
f 1123/1158/822 1119/1151/818 1121/1153/820
f 1121/1153/820 671/1157/328 1123/1158/822
f 1119/1151/818 1123/1158/822 1120/1152/819
f 672/1159/329 1123/1158/822 671/1157/328
f 1123/1158/822 672/1159/329 1124/1160/823
f 1124/1160/823 1120/1152/819 1123/1158/822
f 676/1161/333 1124/1160/823 672/1159/329
f 1120/1152/819 1124/1160/823 1125/1162/824
f 1118/1150/817 1120/1152/819 1125/1162/824
f 1126/1163/825 1125/1162/824 1124/1160/823
f 1126/1163/825 1118/1150/817 1125/1162/824
f 1124/1160/823 676/1161/333 1126/1163/825
f 1116/1148/815 1118/1150/817 1126/1163/825
f 676/1161/333 1127/1164/826 1126/1163/825
f 1127/1164/826 676/1161/333 682/1165/339
f 1126/1163/825 1128/1166/827 1116/1148/815
f 1128/1166/827 1126/1163/825 1127/1164/826
f 1115/1147/814 1116/1148/815 1128/1166/827
f 682/1165/339 1129/1167/828 1127/1164/826
f 1129/1167/828 682/1165/339 684/1168/341
f 1127/1164/826 1130/1169/829 1128/1166/827
f 1130/1169/829 1127/1164/826 1129/1167/828
f 1128/1166/827 1131/1170/830 1115/1147/814
f 1131/1170/830 1128/1166/827 1130/1169/829
f 684/1168/341 1132/1171/831 1129/1167/828
f 1132/1171/831 684/1168/341 668/1172/325
f 663/1173/320 1132/1171/831 668/1172/325
f 640/380/297 1129/1167/828 1132/1171/831
f 1130/1169/829 1129/1167/828 640/380/297
f 1132/1171/831 663/1173/320 1133/1174/832
f 1133/1174/832 640/380/297 1132/1171/831
f 661/1175/318 1133/1174/832 663/1173/320
f 1130/1169/829 640/380/297 639/379/296
f 635/375/292 1130/1169/829 639/379/296
f 629/369/286 1130/1169/829 635/375/292
f 1131/1170/830 1130/1169/829 629/369/286
f 625/365/282 1131/1170/830 629/369/286
f 1131/1170/830 625/365/282 1134/1176/833
f 1134/1176/833 1115/1147/814 1131/1170/830
f 620/360/277 1134/1176/833 625/365/282
f 1115/1147/814 1134/1176/833 1114/1145/813
f 1134/1176/833 620/360/277 1135/1177/834
f 1135/1177/834 1114/1145/813 1134/1176/833
f 621/361/278 1135/1177/834 620/360/277
f 1114/1145/813 1135/1177/834 1136/1178/835
f 711/1146/380 1114/1145/813 1136/1178/835
f 1136/1178/835 713/1179/385 711/1146/380
f 1135/1177/834 621/361/278 1137/1180/836
f 1137/1180/836 1136/1178/835 1135/1177/834
f 726/1181/403 1137/1180/836 621/361/278
f 723/1182/400 1137/1180/836 726/1181/403
f 720/1183/397 1137/1180/836 723/1182/400
f 718/1184/395 1137/1180/836 720/1183/397
f 715/1185/389 1137/1180/836 718/1184/395
f 1136/1178/835 1137/1180/836 1138/1186/837
f 715/1185/389 1138/1186/837 1137/1180/836
f 713/1179/385 1136/1178/835 1138/1186/837
f 715/1185/389 712/1187/384 1138/1186/837
f 713/1179/385 1138/1186/837 712/1187/384
f 643/383/300 640/380/297 1139/1188/838
f 643/383/300 1139/1188/838 637/377/294
f 1139/1188/838 640/380/297 1133/1174/832
f 637/377/294 1139/1188/838 631/371/288
f 1140/1189/839 1139/1188/838 1133/1174/832
f 1133/1174/832 661/1175/318 1140/1189/839
f 659/1190/316 1140/1189/839 661/1175/318
f 631/371/288 1139/1188/838 1141/1191/840
f 1141/1191/840 627/367/284 631/371/288
f 1139/1188/838 1140/1189/839 1142/1192/841
f 1142/1192/841 1141/1191/840 1139/1188/838
f 1140/1189/839 659/1190/316 1143/1193/842
f 1143/1193/842 1142/1192/841 1140/1189/839
f 627/367/284 1141/1191/840 1144/1194/843
f 1144/1194/843 622/362/279 627/367/284
f 1141/1191/840 1142/1192/841 1145/1195/844
f 1145/1195/844 1144/1194/843 1141/1191/840
f 622/362/279 1144/1194/843 1146/1196/845
f 1146/1196/845 623/363/280 622/362/279
f 1147/1197/846 1145/1195/844 1142/1192/841
f 1142/1192/841 1143/1193/842 1147/1197/846
f 623/363/280 1146/1196/845 1148/1198/847
f 1148/1198/847 740/1199/417 623/363/280
f 740/1199/417 1148/1198/847 738/1200/415
f 1148/1198/847 736/1201/413 738/1200/415
f 1148/1198/847 735/1202/412 736/1201/413
f 1149/1203/848 735/1202/412 1148/1198/847
f 1146/1196/845 1149/1203/848 1148/1198/847
f 690/1204/347 735/1202/412 1149/1203/848
f 690/1204/347 1149/1203/848 688/1205/345
f 1149/1203/848 691/1206/348 688/1205/345
f 1149/1203/848 1146/1196/845 1150/1207/849
f 691/1206/348 1149/1203/848 1150/1207/849
f 1144/1194/843 1150/1207/849 1146/1196/845
f 1150/1207/849 692/1208/349 691/1206/348
f 1150/1207/849 1144/1194/843 1151/1209/850
f 692/1208/349 1150/1207/849 1151/1209/850
f 1144/1194/843 1145/1195/844 1151/1209/850
f 1152/1210/851 692/1208/349 1151/1209/850
f 1145/1195/844 1152/1210/851 1151/1209/850
f 692/1208/349 1152/1210/851 693/1211/350
f 1152/1210/851 694/1212/353 693/1211/350
f 1145/1195/844 1153/1213/852 1152/1210/851
f 1145/1195/844 1147/1197/846 1153/1213/852
f 694/1212/353 1152/1210/851 1154/1214/853
f 1152/1210/851 1153/1213/852 1154/1214/853
f 1155/1215/854 694/1212/353 1154/1214/853
f 1153/1213/852 1155/1215/854 1154/1214/853
f 694/1212/353 1155/1215/854 695/1216/354
f 1155/1215/854 696/1217/355 695/1216/354
f 696/1217/355 1155/1215/854 1156/1218/855
f 1156/1218/855 697/1219/357 696/1217/355
f 1153/1213/852 1157/1220/856 1155/1215/854
f 1155/1215/854 1157/1220/856 1156/1218/855
f 697/1219/357 1156/1218/855 1158/1221/857
f 1156/1218/855 1157/1220/856 1158/1221/857
f 1159/1222/858 697/1219/357 1158/1221/857
f 1158/1221/857 1157/1220/856 1159/1222/858
f 697/1219/357 1159/1222/858 698/1223/359
f 1153/1213/852 1160/1224/859 1157/1220/856
f 1160/1224/859 1153/1213/852 1147/1197/846
f 1161/1225/860 698/1223/359 1159/1222/858
f 698/1223/359 1161/1225/860 699/1226/360
f 1162/1227/861 1159/1222/858 1157/1220/856
f 1159/1222/858 1162/1227/861 1161/1225/860
f 1163/1228/862 699/1226/360 1161/1225/860
f 699/1226/360 1163/1228/862 700/1229/362
f 700/1229/362 1093/1230/792 701/1231/365
f 1093/1230/792 700/1229/362 1163/1228/862
f 1163/1228/862 1095/1232/794 1093/1230/792
f 1161/1225/860 1164/1233/863 1163/1228/862
f 1095/1232/794 1163/1228/862 1164/1233/863
f 1164/1233/863 1161/1225/860 1162/1227/861
f 1164/1233/863 1097/1234/796 1095/1232/794
f 1097/1234/796 1164/1233/863 1165/1235/864
f 1162/1227/861 1165/1235/864 1164/1233/863
f 1165/1235/864 1100/1236/799 1097/1234/796
f 1157/1220/856 1166/1237/865 1162/1227/861
f 1165/1235/864 1162/1227/861 1166/1237/865
f 1166/1237/865 1157/1220/856 1160/1224/859
f 1100/1236/799 1165/1235/864 1167/1238/866
f 1166/1237/865 1167/1238/866 1165/1235/864
f 1167/1238/866 1104/1239/803 1100/1236/799
f 1160/1224/859 1168/1240/867 1166/1237/865
f 1167/1238/866 1166/1237/865 1168/1240/867
f 1104/1239/803 1167/1238/866 1169/1241/868
f 1168/1240/867 1169/1241/868 1167/1238/866
f 1168/1240/867 1160/1224/859 1170/1242/869
f 1147/1197/846 1170/1242/869 1160/1224/859
f 1170/1242/869 1147/1197/846 1143/1193/842
f 1170/1242/869 1171/1243/870 1168/1240/867
f 1169/1241/868 1168/1240/867 1171/1243/870
f 1143/1193/842 1172/1244/871 1170/1242/869
f 1171/1243/870 1170/1242/869 1172/1244/871
f 1143/1193/842 1173/1245/872 1172/1244/871
f 1173/1245/872 1171/1243/870 1172/1244/871
f 659/1190/316 1173/1245/872 1143/1193/842
f 1173/1245/872 659/1190/316 658/1246/315
f 1171/1243/870 1173/1245/872 1174/1247/873
f 658/1246/315 1174/1247/873 1173/1245/872
f 1174/1247/873 1169/1241/868 1171/1243/870
f 1174/1247/873 658/1246/315 660/1248/317
f 1169/1241/868 1174/1247/873 1175/1249/874
f 660/1248/317 1175/1249/874 1174/1247/873
f 1175/1249/874 1104/1239/803 1169/1241/868
f 1175/1249/874 660/1248/317 662/1250/319
f 1104/1239/803 1175/1249/874 1122/1251/821
f 662/1250/319 1122/1251/821 1175/1249/874
f 1122/1251/821 662/1250/319 664/1252/321
f 991/1253/674 992/1254/675 1022/1255/712
f 991/1253/674 1022/1255/712 1176/1256/875
f 486/1257/143 1176/1256/875 1022/1255/712
f 991/1253/674 1176/1256/875 1034/1258/724
f 1176/1256/875 486/1257/143 485/1259/142
f 1176/1256/875 500/1260/157 1034/1258/724
f 500/1260/157 1176/1256/875 485/1259/142
f 753/561/430 1177/1261/876 754/562/431
f 1177/1261/876 753/561/430 1178/1262/877
f 1178/1262/877 1179/1263/878 1177/1261/876
f 756/564/433 1178/1262/877 753/561/430
f 1179/1263/878 1178/1262/877 1180/1264/879
f 1180/1264/879 1181/1265/880 1179/1263/878
f 1178/1262/877 756/564/433 1182/1266/881
f 1182/1266/881 1180/1264/879 1178/1262/877
f 1183/1267/882 756/564/433 757/565/434
f 756/564/433 1183/1267/882 1182/1266/881
f 1184/1268/883 1182/1266/881 1183/1267/882
f 1182/1266/881 1184/1268/883 1185/1269/884
f 1180/1264/879 1182/1266/881 1185/1269/884
f 1186/1270/885 1185/1269/884 1184/1268/883
f 1181/1265/880 1180/1264/879 1187/1271/886
f 1185/1269/884 1187/1271/886 1180/1264/879
f 1187/1271/886 1188/1272/887 1181/1265/880
f 1185/1269/884 1186/1270/885 1189/1273/888
f 1187/1271/886 1185/1269/884 1189/1273/888
f 1190/1274/889 1189/1273/888 1186/1270/885
f 1188/1272/887 1187/1271/886 1191/1275/890
f 1189/1273/888 1191/1275/890 1187/1271/886
f 1191/1275/890 1192/1276/891 1188/1272/887
f 1189/1273/888 1190/1274/889 1193/1277/892
f 1191/1275/890 1189/1273/888 1193/1277/892
f 1194/1278/893 1193/1277/892 1190/1274/889
f 1192/1276/891 1191/1275/890 1195/1279/894
f 1193/1277/892 1195/1279/894 1191/1275/890
f 1195/1279/894 1196/1280/895 1192/1276/891
f 1193/1277/892 1194/1278/893 1197/1281/896
f 1195/1279/894 1193/1277/892 1197/1281/896
f 1198/1282/897 1197/1281/896 1194/1278/893
f 1196/1280/895 1195/1279/894 1199/1283/898
f 1197/1281/896 1199/1283/898 1195/1279/894
f 1199/1283/898 1200/1284/899 1196/1280/895
f 1197/1281/896 1198/1282/897 1201/1285/900
f 1199/1283/898 1197/1281/896 1201/1285/900
f 1202/1286/901 1201/1285/900 1198/1282/897
f 1200/1284/899 1199/1283/898 1203/1287/902
f 1201/1285/900 1203/1287/902 1199/1283/898
f 1203/1287/902 1204/1288/903 1200/1284/899
f 1201/1285/900 1202/1286/901 1205/1289/904
f 1203/1287/902 1201/1285/900 1205/1289/904
f 1206/1290/905 1205/1289/904 1202/1286/901
f 1204/1288/903 1203/1287/902 1207/1291/906
f 1207/1291/906 1208/1292/907 1204/1288/903
f 1209/1293/908 1203/1287/902 1205/1289/904
f 1205/1289/904 1206/1290/905 1209/1293/908
f 1203/1287/902 1209/1293/908 1207/1291/906
f 1210/1294/909 1209/1293/908 1206/1290/905
f 1208/1292/907 1207/1291/906 1211/1295/910
f 1209/1293/908 1211/1295/910 1207/1291/906
f 1208/1292/907 1211/1295/910 1212/1296/911
f 1209/1293/908 1210/1294/909 1213/1297/912
f 1211/1295/910 1209/1293/908 1213/1297/912
f 1214/1298/913 1213/1297/912 1210/1294/909
f 1212/1296/911 1211/1295/910 492/1299/149
f 495/1300/152 1211/1295/910 1213/1297/912
f 1211/1295/910 495/1300/152 492/1299/149
f 495/1300/152 1213/1297/912 1214/1298/913
f 1212/1296/911 492/1299/149 472/1301/129
f 495/1300/152 1214/1298/913 474/1302/131
f 472/1301/129 1215/1303/914 1212/1296/911
f 1216/1304/915 474/1302/131 1214/1298/913
f 1215/1303/914 472/1301/129 1217/1305/916
f 1217/1305/916 1218/1306/917 1215/1303/914
f 1219/1307/918 472/1301/129 474/1302/131
f 474/1302/131 1216/1304/915 1219/1307/918
f 472/1301/129 1219/1307/918 1217/1305/916
f 1220/1308/919 1219/1307/918 1216/1304/915
f 1218/1306/917 1217/1305/916 1221/1309/920
f 1221/1309/920 488/207/145 1218/1306/917
f 488/207/145 1221/1309/920 491/210/148
f 1221/1309/920 489/208/146 491/210/148
f 1222/1310/921 1217/1305/916 1219/1307/918
f 1217/1305/916 1222/1310/921 1221/1309/920
f 1219/1307/918 1220/1308/919 1222/1310/921
f 489/208/146 1221/1309/920 1222/1310/921
f 490/209/147 1222/1310/921 1220/1308/919
f 1222/1310/921 490/209/147 489/208/146
f 1223/1311/922 762/1312/439 764/1313/441
f 1224/1314/923 762/1312/439 1223/1311/922
f 795/1315/472 1223/1311/922 793/1316/470
f 795/1315/472 1224/1314/923 1223/1311/922
f 1224/1314/923 759/1317/436 762/1312/439
f 797/1318/474 1224/1314/923 795/1315/472
f 759/1317/436 1039/1319/729 760/1320/437
f 1040/1321/730 1039/1319/729 759/1317/436
f 1040/1321/730 759/1317/436 1042/1322/732
f 1042/1322/732 759/1317/436 1224/1314/923
f 1042/1322/732 1224/1314/923 1045/1323/735
f 1045/1323/735 1224/1314/923 1047/1324/737
f 1224/1314/923 1057/1325/747 1061/1326/751
f 1054/1327/744 1057/1325/747 1224/1314/923
f 1054/1327/744 1224/1314/923 797/1318/474
f 1054/1327/744 797/1318/474 1052/1328/742
f 1052/1328/742 797/1318/474 1051/1329/741
f 1051/1329/741 797/1318/474 799/1330/476
f 830/1331/510 800/608/477 829/1332/509
f 800/608/477 830/1331/510 1225/1333/924
f 828/1334/508 1225/1333/924 830/1331/510
f 1225/1333/924 801/611/479 800/608/477
f 1225/1333/924 828/1334/508 1226/1335/925
f 826/1336/506 1226/1335/925 828/1334/508
f 801/611/479 1225/1333/924 1227/1337/926
f 1226/1335/925 1227/1337/926 1225/1333/924
f 801/611/479 1227/1337/926 802/613/481
f 1227/1337/926 803/615/482 802/613/481
f 1226/1335/925 826/1336/506 1228/1338/927
f 1229/1339/928 1228/1338/927 826/1336/506
f 1227/1337/926 1226/1335/925 1230/1340/929
f 1228/1338/927 1230/1340/929 1226/1335/925
f 803/615/482 1227/1337/926 1231/1341/930
f 1230/1340/929 1231/1341/930 1227/1337/926
f 1231/1341/930 804/616/483 803/615/482
f 1228/1338/927 1232/1342/931 1230/1340/929
f 1231/1341/930 1230/1340/929 1232/1342/931
f 804/616/483 1231/1341/930 1233/1343/932
f 1231/1341/930 1232/1342/931 1233/1343/932
f 1233/1343/932 805/618/485 804/616/483
f 805/618/485 1233/1343/932 1234/1344/933
f 1232/1342/931 1234/1344/933 1233/1343/932
f 1234/1344/933 806/619/486 805/618/485
f 806/619/486 1234/1344/933 1235/1345/934
f 1235/1345/934 807/620/487 806/619/486
f 1234/1344/933 1232/1342/931 1236/1346/935
f 807/620/487 1235/1345/934 1237/1347/936
f 1237/1347/936 808/621/488 807/620/487
f 1238/1348/937 1235/1345/934 1234/1344/933
f 1238/1348/937 1234/1344/933 1236/1346/935
f 1235/1345/934 1238/1348/937 1237/1347/936
f 1236/1346/935 1232/1342/931 1238/1348/937
f 808/621/488 1237/1347/936 1239/1349/938
f 1237/1347/936 1238/1348/937 1239/1349/938
f 1239/1349/938 809/622/489 808/621/488
f 809/622/489 1239/1349/938 1240/1350/939
f 1238/1348/937 1240/1350/939 1239/1349/938
f 1240/1350/939 811/624/491 809/622/489
f 1241/1351/940 811/624/491 1242/1352/941
f 1242/1352/941 811/624/491 1240/1350/939
f 1240/1350/939 1243/1353/942 1242/1352/941
f 1240/1350/939 1238/1348/937 1244/1354/943
f 1243/1353/942 1240/1350/939 1244/1354/943
f 1238/1348/937 1232/1342/931 1244/1354/943
f 1244/1354/943 1245/1355/944 1243/1353/942
f 1244/1354/943 1232/1342/931 1246/1356/945
f 1244/1354/943 1246/1356/945 1245/1355/944
f 1246/1356/945 1232/1342/931 1228/1338/927
f 1245/1355/944 1246/1356/945 1247/1357/946
f 1228/1338/927 1229/1339/928 1246/1356/945
f 1247/1357/946 1248/1358/947 1249/1359/948
f 1246/1356/945 1248/1358/947 1247/1357/946
f 1229/1339/928 1250/1360/949 1246/1356/945
f 1250/1360/949 1248/1358/947 1246/1356/945
f 1250/1360/949 1229/1339/928 1251/1361/950
f 1252/1362/951 1250/1360/949 1251/1361/950
f 1253/1363/952 1248/1358/947 1250/1360/949
f 1250/1360/949 1252/1362/951 1253/1363/952
f 1248/1358/947 1253/1363/952 1254/1364/953
f 1255/1365/954 1253/1363/952 1252/1362/951
f 1253/1363/952 1255/1365/954 1256/1366/955
f 925/1367/608 1256/1366/955 1255/1365/954
f 1256/1366/955 925/1367/608 924/1368/607
f 923/1369/606 1256/1366/955 924/1368/607
f 1257/1370/956 1253/1363/952 1256/1366/955
f 1256/1366/955 923/1369/606 1257/1370/956
f 1253/1363/952 1257/1370/956 1254/1364/953
f 922/1371/605 1257/1370/956 923/1369/606
f 1258/1372/957 1254/1364/953 1257/1370/956
f 1257/1370/956 922/1371/605 1258/1372/957
f 404/90/60 1258/1372/957 922/1371/605
f 1254/1364/953 1258/1372/957 1259/1373/958
f 1258/1372/957 404/90/60 401/87/57
f 401/87/57 1259/1373/958 1258/1372/957
f 1259/1373/958 401/87/57 406/92/62
f 919/1374/602 403/89/59 402/88/58
f 403/89/59 919/1374/602 1260/1375/959
f 1260/1375/959 405/91/61 403/89/59
f 917/1376/600 1260/1375/959 919/1374/602
f 405/91/61 1260/1375/959 1261/1377/960
f 1260/1375/959 917/1376/600 1262/1378/961
f 1262/1378/961 1261/1377/960 1260/1375/959
f 915/1379/598 1262/1378/961 917/1376/600
f 1261/1377/960 1262/1378/961 1263/1380/962
f 1262/1378/961 915/1379/598 1264/1381/963
f 1264/1381/963 1263/1380/962 1262/1378/961
f 913/1382/596 1264/1381/963 915/1379/598
f 1263/1380/962 1264/1381/963 1265/1383/964
f 1264/1381/963 913/1382/596 1266/1384/965
f 1266/1384/965 1265/1383/964 1264/1381/963
f 912/1385/595 1266/1384/965 913/1382/596
f 1265/1383/964 1266/1384/965 1267/1386/966
f 1268/1387/967 1267/1386/966 1266/1384/965
f 1266/1384/965 912/1385/595 1268/1387/967
f 1267/1386/966 1268/1387/967 1269/1388/968
f 1268/1387/967 1270/1389/969 1269/1388/968
f 912/1385/595 1271/1390/970 1268/1387/967
f 1270/1389/969 1268/1387/967 1271/1390/970
f 1271/1390/970 912/1385/595 910/1391/593
f 1271/1390/970 1272/1392/971 1270/1389/969
f 910/1391/593 1273/1393/972 1271/1390/970
f 1272/1392/971 1271/1390/970 1273/1393/972
f 1273/1393/972 910/1391/593 908/1394/591
f 1273/1393/972 1274/1395/973 1272/1392/971
f 908/1394/591 1275/1396/974 1273/1393/972
f 1274/1395/973 1273/1393/972 1275/1396/974
f 1275/1396/974 411/97/67 1274/1395/973
f 1275/1396/974 908/1394/591 906/1397/589
f 411/97/67 1275/1396/974 410/96/66
f 906/1397/589 410/96/66 1275/1396/974
f 410/96/66 906/1397/589 408/94/64
f 896/723/578 833/1398/513 831/725/511
f 833/1398/513 896/723/578 1276/1399/975
f 895/721/576 1276/1399/975 896/723/578
f 1276/1399/975 832/1400/512 833/1398/513
f 1276/1399/975 895/721/576 1277/1401/976
f 893/719/574 1277/1401/976 895/721/576
f 832/1400/512 1276/1399/975 1278/1402/977
f 1277/1401/976 1278/1402/977 1276/1399/975
f 1278/1402/977 837/1403/517 832/1400/512
f 892/718/573 1277/1401/976 893/719/574
f 837/1403/517 1278/1402/977 1279/1404/978
f 1279/1404/978 1280/1405/979 837/1403/517
f 1278/1402/977 1277/1401/976 1281/1406/980
f 1278/1402/977 1281/1406/980 1279/1404/978
f 1277/1401/976 892/718/573 1282/1407/981
f 1282/1407/981 1281/1406/980 1277/1401/976
f 891/716/571 1282/1407/981 892/718/573
f 1280/1405/979 1279/1404/978 1283/1408/982
f 1281/1406/980 1283/1408/982 1279/1404/978
f 1282/1407/981 891/716/571 1284/1409/983
f 890/715/570 1284/1409/983 891/716/571
f 1284/1409/983 1285/1410/984 1282/1407/981
f 1281/1406/980 1282/1407/981 1285/1410/984
f 1284/1409/983 890/715/570 1286/1411/985
f 1286/1411/985 1285/1410/984 1284/1409/983
f 889/714/569 1286/1411/985 890/715/570
f 1287/1412/986 1281/1406/980 1285/1410/984
f 1285/1410/984 1286/1411/985 1287/1412/986
f 1286/1411/985 889/714/569 1288/1413/987
f 888/713/568 1288/1413/987 889/714/569
f 1287/1412/986 1286/1411/985 1289/1414/988
f 1288/1413/987 1289/1414/988 1286/1411/985
f 1288/1413/987 888/713/568 1290/1415/989
f 1289/1414/988 1288/1413/987 1290/1415/989
f 887/712/567 1290/1415/989 888/713/568
f 1290/1415/989 887/712/567 1291/1416/990
f 1291/1416/990 1289/1414/988 1290/1415/989
f 885/710/565 1291/1416/990 887/712/567
f 1291/1416/990 885/710/565 1292/1417/991
f 1292/1417/991 1289/1414/988 1291/1416/990
f 882/707/562 1292/1417/991 885/710/565
f 1293/1418/992 882/707/562 1294/1419/993
f 1293/1418/992 1292/1417/991 882/707/562
f 1295/1420/994 1292/1417/991 1293/1418/992
f 1289/1414/988 1292/1417/991 1296/1421/995
f 1292/1417/991 1295/1420/994 1296/1421/995
f 1289/1414/988 1296/1421/995 1287/1412/986
f 1297/1422/996 1296/1421/995 1295/1420/994
f 1287/1412/986 1296/1421/995 1297/1422/996
f 1287/1412/986 1297/1422/996 1281/1406/980
f 1281/1406/980 1297/1422/996 1283/1408/982
f 1283/1408/982 1297/1422/996 1298/1423/997
f 1299/1424/998 1300/1425/999 1298/1423/997
f 1298/1423/997 1300/1425/999 1283/1408/982
f 1283/1408/982 1300/1425/999 1301/1426/1000
f 1301/1426/1000 1280/1405/979 1283/1408/982
f 1280/1405/979 1301/1426/1000 1302/1427/1001
f 1301/1426/1000 1303/1428/1002 1302/1427/1001
f 1300/1425/999 1304/1429/1003 1301/1426/1000
f 1303/1428/1002 1301/1426/1000 1304/1429/1003
f 1304/1429/1003 1300/1425/999 1305/1430/1004
f 1306/1431/1005 1303/1428/1002 1304/1429/1003
f 1303/1428/1002 1306/1431/1005 1307/1432/1006
f 1307/1432/1006 899/1433/582 898/1434/581
f 899/1433/582 1307/1432/1006 1306/1431/1005
f 1306/1431/1005 900/1435/583 899/1433/582
f 1304/1429/1003 1308/1436/1007 1306/1431/1005
f 900/1435/583 1306/1431/1005 1308/1436/1007
f 1308/1436/1007 1304/1429/1003 1305/1430/1004
f 1308/1436/1007 901/1437/584 900/1435/583
f 1305/1430/1004 1309/1438/1008 1308/1436/1007
f 901/1437/584 1308/1436/1007 1309/1438/1008
f 1309/1438/1008 409/95/65 901/1437/584
f 1309/1438/1008 1305/1430/1004 1310/1439/1009
f 409/95/65 1309/1438/1008 407/93/63
f 1310/1439/1009 407/93/63 1309/1438/1008
f 407/93/63 1310/1439/1009 412/98/68
f 422/108/78 952/805/635 420/106/76
f 420/106/76 952/805/635 1084/1440/778
f 1084/1440/778 952/805/635 1086/1441/781
f 952/805/635 1088/1442/784 1086/1441/781
f 1088/1442/784 952/805/635 953/806/636
f 956/809/639 1088/1442/784 953/806/636
f 1088/1442/784 1092/1443/791 1090/1444/787
f 956/809/639 1092/1443/791 1088/1442/784
f 956/809/639 1089/1445/786 1092/1443/791
f 1092/1443/791 1089/1445/786 1091/1446/788
f 957/810/640 1089/1445/786 956/809/639
f 960/813/643 1089/1445/786 957/810/640
f 1089/1445/786 960/813/643 1087/1447/782
f 1087/1447/782 960/813/643 1085/1448/780
f 1085/1448/780 960/813/643 426/114/84
f 426/114/84 960/813/643 427/115/85
f 540/276/197 1311/1449/1010 541/277/198
f 1311/1449/1010 540/276/197 1312/1450/1011
f 1312/1450/1011 646/1451/303 1311/1449/1010
f 646/1451/303 1312/1450/1011 687/1452/344
f 540/276/197 1313/1453/1012 1312/1450/1011
f 1313/1453/1012 540/276/197 543/279/200
f 1312/1450/1011 1314/1454/1013 687/1452/344
f 1314/1454/1013 1312/1450/1011 1313/1453/1012
f 1314/1454/1013 683/1455/340 687/1452/344
f 1314/1454/1013 680/1456/337 683/1455/340
f 680/1456/337 1314/1454/1013 1315/1457/1014
f 1313/1453/1012 1315/1457/1014 1314/1454/1013
f 1315/1457/1014 681/1458/338 680/1456/337
f 543/279/200 1316/1459/1015 1313/1453/1012
f 1315/1457/1014 1313/1453/1012 1316/1459/1015
f 1316/1459/1015 543/279/200 545/281/202
f 681/1458/338 1315/1457/1014 1317/1460/1016
f 1316/1459/1015 1317/1460/1016 1315/1457/1014
f 545/281/202 1318/1461/1017 1316/1459/1015
f 1317/1460/1016 1316/1459/1015 1318/1461/1017
f 1318/1461/1017 545/281/202 547/283/204
f 1317/1460/1016 1319/1462/1018 681/1458/338
f 686/1463/343 681/1458/338 1319/1462/1018
f 1318/1461/1017 1320/1464/1019 1317/1460/1016
f 1319/1462/1018 1317/1460/1016 1320/1464/1019
f 547/283/204 1321/1465/1020 1318/1461/1017
f 1320/1464/1019 1318/1461/1017 1321/1465/1020
f 1321/1465/1020 547/283/204 549/285/206
f 1320/1464/1019 1322/1466/1021 1319/1462/1018
f 1322/1466/1021 686/1463/343 1319/1462/1018
f 1321/1465/1020 1323/1467/1022 1320/1464/1019
f 1322/1466/1021 1320/1464/1019 1323/1467/1022
f 549/285/206 1324/1468/1023 1321/1465/1020
f 1323/1467/1022 1321/1465/1020 1324/1468/1023
f 1324/1468/1023 549/285/206 551/287/208
f 1323/1467/1022 1325/1469/1024 1322/1466/1021
f 551/287/208 1326/1470/1025 1324/1468/1023
f 1326/1470/1025 551/287/208 553/289/210
f 556/292/213 1326/1470/1025 553/289/210
f 1324/1468/1023 1327/1471/1026 1323/1467/1022
f 1327/1471/1026 1324/1468/1023 1326/1470/1025
f 1325/1469/1024 1323/1467/1022 1327/1471/1026
f 1326/1470/1025 556/292/213 1328/1472/1027
f 1328/1472/1027 1327/1471/1026 1326/1470/1025
f 556/292/213 1329/1473/1028 1328/1472/1027
f 1329/1473/1028 556/292/213 557/293/214
f 560/296/217 1329/1473/1028 557/293/214
f 1327/1471/1026 1328/1472/1027 1330/1474/1029
f 1329/1473/1028 560/296/217 1331/1475/1030
f 562/298/219 1331/1475/1030 560/296/217
f 1332/1476/1031 1328/1472/1027 1329/1473/1028
f 1328/1472/1027 1332/1476/1031 1330/1474/1029
f 1331/1475/1030 1332/1476/1031 1329/1473/1028
f 1333/1477/1032 1327/1471/1026 1330/1474/1029
f 1332/1476/1031 1333/1477/1032 1330/1474/1029
f 1327/1471/1026 1333/1477/1032 1325/1469/1024
f 1331/1475/1030 562/298/219 1334/1478/1033
f 564/300/221 1334/1478/1033 562/298/219
f 1332/1476/1031 1331/1475/1030 1335/1479/1034
f 1334/1478/1033 1335/1479/1034 1331/1475/1030
f 1333/1477/1032 1332/1476/1031 1336/1480/1035
f 1335/1479/1034 1336/1480/1035 1332/1476/1031
f 1333/1477/1032 1337/1481/1036 1325/1469/1024
f 1336/1480/1035 1337/1481/1036 1333/1477/1032
f 1337/1481/1036 1322/1466/1021 1325/1469/1024
f 686/1463/343 1322/1466/1021 1337/1481/1036
f 686/1463/343 1337/1481/1036 667/1482/324
f 667/1482/324 1337/1481/1036 665/1483/322
f 1338/1484/1037 1337/1481/1036 1336/1480/1035
f 665/1483/322 1337/1481/1036 1338/1484/1037
f 1336/1480/1035 1335/1479/1034 1338/1484/1037
f 1339/1485/1038 665/1483/322 1338/1484/1037
f 657/1486/314 665/1483/322 1339/1485/1038
f 1340/1487/1039 1338/1484/1037 1335/1479/1034
f 1338/1484/1037 1340/1487/1039 1339/1485/1038
f 1335/1479/1034 1334/1478/1033 1340/1487/1039
f 1339/1485/1038 1341/1488/1040 657/1486/314
f 1341/1488/1040 1339/1485/1038 1340/1487/1039
f 1342/1489/1041 1340/1487/1039 1334/1478/1033
f 1340/1487/1039 1342/1489/1041 1341/1488/1040
f 1334/1478/1033 564/300/221 1342/1489/1041
f 566/302/223 1342/1489/1041 564/300/221
f 1342/1489/1041 566/302/223 1343/1490/1042
f 1343/1490/1042 1341/1488/1040 1342/1489/1041
f 568/304/225 1343/1490/1042 566/302/223
f 1344/1491/1043 657/1486/314 1341/1488/1040
f 1341/1488/1040 1343/1490/1042 1344/1491/1043
f 657/1486/314 1344/1491/1043 650/1492/307
f 1343/1490/1042 568/304/225 1345/1493/1044
f 1345/1493/1044 1344/1491/1043 1343/1490/1042
f 570/306/227 1345/1493/1044 568/304/225
f 1346/1494/1045 650/1492/307 1344/1491/1043
f 1344/1491/1043 1345/1493/1044 1346/1494/1045
f 650/1492/307 1346/1494/1045 648/1495/305
f 1346/1494/1045 645/1496/302 648/1495/305
f 1347/1497/1046 1346/1494/1045 1345/1493/1044
f 1346/1494/1045 1347/1497/1046 645/1496/302
f 1345/1493/1044 570/306/227 1347/1497/1046
f 1347/1497/1046 646/1498/303 645/1496/302
f 646/1498/303 1347/1497/1046 1311/1499/1010
f 570/306/227 1311/1499/1010 1347/1497/1046
f 1311/1499/1010 570/306/227 541/308/198
f 483/1500/140 1029/1501/719 481/1502/138
f 1029/1501/719 497/1503/154 496/1504/153
f 1029/1501/719 483/1500/140 1348/1505/1047
f 497/1503/154 1029/1501/719 1348/1505/1047
f 1021/1506/711 1348/1505/1047 483/1500/140
f 1348/1505/1047 1032/1507/722 497/1503/154
f 1348/1505/1047 1021/1506/711 1031/1508/721
f 1032/1507/722 1348/1505/1047 1031/1508/721
f 769/1509/446 773/1510/450 771/1511/448
f 765/1512/442 769/1509/446 767/1513/444
f 765/1512/442 773/1510/450 769/1509/446
f 773/1510/450 777/1514/454 775/1515/452
f 765/1512/442 777/1514/454 773/1510/450
f 765/1512/442 1349/1516/1048 777/1514/454
f 777/1514/454 1349/1516/1048 779/1517/456
f 765/1512/442 763/1518/440 1349/1516/1048
f 1349/1516/1048 780/1519/457 779/1517/456
f 763/1518/440 761/1520/438 1349/1516/1048
f 780/1519/457 784/1521/461 782/1522/459
f 786/1523/463 784/1521/461 788/1524/465
f 792/1525/469 784/1521/461 780/1519/457
f 788/1524/465 784/1521/461 792/1525/469
f 788/1524/465 792/1525/469 790/1526/467
f 792/1525/469 780/1519/457 1349/1516/1048
f 792/1525/469 1349/1516/1048 794/1527/471
f 1349/1516/1048 796/1528/473 794/1527/471
f 1349/1516/1048 1350/1529/1049 796/1528/473
f 1349/1516/1048 761/1520/438 1350/1529/1049
f 796/1528/473 1350/1529/1049 798/1530/475
f 1350/1529/1049 761/1520/438 758/1531/435
f 1350/1529/1049 1050/1532/740 798/1530/475
f 1038/1533/728 1350/1529/1049 758/1531/435
f 1050/1532/740 1350/1529/1049 1351/1534/1050
f 1350/1529/1049 1038/1533/728 1351/1534/1050
f 1351/1534/1050 1053/1535/743 1050/1532/740
f 1041/1536/731 1351/1534/1050 1038/1533/728
f 1053/1535/743 1351/1534/1050 1352/1537/1051
f 1351/1534/1050 1041/1536/731 1352/1537/1051
f 1352/1537/1051 1353/1538/1052 1053/1535/743
f 1041/1536/731 1353/1538/1052 1352/1537/1051
f 1053/1535/743 1353/1538/1052 1055/1539/745
f 1041/1536/731 1043/1540/733 1353/1538/1052
f 1055/1539/745 1353/1538/1052 1354/1541/1053
f 1353/1538/1052 1043/1540/733 1354/1541/1053
f 1355/1542/1054 1055/1539/745 1354/1541/1053
f 1043/1540/733 1355/1542/1054 1354/1541/1053
f 1056/1543/746 1055/1539/745 1355/1542/1054
f 1044/1544/734 1355/1542/1054 1043/1540/733
f 1056/1543/746 1355/1542/1054 1356/1545/1055
f 1356/1545/1055 1355/1542/1054 1044/1544/734
f 1356/1545/1055 1357/1546/1056 1056/1543/746
f 1044/1544/734 1357/1546/1056 1356/1545/1055
f 1056/1543/746 1357/1546/1056 1059/1547/749
f 1044/1544/734 1049/1548/739 1357/1546/1056
f 1059/1547/749 1357/1546/1056 1358/1549/1057
f 1357/1546/1056 1049/1548/739 1358/1549/1057
f 1358/1549/1057 1359/1550/1058 1059/1547/749
f 1049/1548/739 1359/1550/1058 1358/1549/1057
f 1059/1547/749 1359/1550/1058 1058/1551/748
f 1049/1548/739 1048/1552/738 1359/1550/1058
f 1058/1551/748 1359/1550/1058 1360/1553/1059
f 1359/1550/1058 1048/1552/738 1360/1553/1059
f 1360/1553/1059 1361/1554/1060 1058/1551/748
f 1048/1552/738 1361/1554/1060 1360/1553/1059
f 1058/1551/748 1361/1554/1060 1060/1555/750
f 1048/1552/738 1046/1556/736 1361/1554/1060
f 1060/1555/750 1361/1554/1060 1362/1557/1061
f 1361/1554/1060 1046/1556/736 1362/1557/1061
f 1362/1557/1061 1363/1558/1062 1060/1555/750
f 1046/1556/736 1363/1558/1062 1362/1557/1061
f 1060/1555/750 1363/1558/1062 1061/1559/751
f 1046/1556/736 1047/1560/737 1363/1558/1062
f 1061/1559/751 1363/1558/1062 1224/1561/923
f 1363/1558/1062 1047/1560/737 1224/1561/923
f 881/1562/561 1364/1563/1063 879/1564/559
f 1365/1565/1064 880/1566/560 879/1564/559
f 879/1564/559 1364/1563/1063 1365/1565/1064
f 1365/1565/1064 1364/1563/1063 1366/1567/1065
f 1366/1567/1065 1364/1563/1063 1367/1568/1066
f 1366/1567/1065 1368/1569/1067 1365/1565/1064
f 1368/1569/1067 1366/1567/1065 1369/1570/1068
f 1370/1571/1069 1368/1569/1067 1369/1570/1068
f 1368/1569/1067 1370/1571/1069 1371/1572/1070
f 1370/1571/1069 1372/1573/1071 1371/1572/1070
f 1372/1573/1071 1370/1571/1069 1373/1574/1072
f 1374/1575/1073 1372/1573/1071 1373/1574/1072
f 1372/1573/1071 1374/1575/1073 1375/1576/1074
f 1374/1575/1073 1376/1577/1075 1375/1576/1074
f 1376/1577/1075 1374/1575/1073 1377/1578/1076
f 1378/1579/1077 1376/1577/1075 1377/1578/1076
f 1376/1577/1075 1378/1579/1077 1379/1580/1078
f 1380/1581/1079 1379/1580/1078 1378/1579/1077
f 1379/1580/1078 1380/1581/1079 1381/1582/1080
f 1382/1583/1081 1381/1582/1080 1380/1581/1079
f 1381/1582/1080 1382/1583/1081 1383/1584/1082
f 1384/1585/1083 1383/1584/1082 1382/1583/1081
f 1383/1584/1082 1384/1585/1083 1385/1586/1084
f 1386/1587/1085 1384/1585/1083 1387/1588/1086
f 1385/1586/1084 1384/1585/1083 1386/1587/1085
f 1385/1586/1084 1386/1587/1085 1005/1589/688
f 1005/1589/688 1386/1587/1085 1007/1590/690
f 1005/1589/688 1006/1591/689 1385/1586/1084
f 1388/1592/1087 1389/1593/1088 1390/1594/1089
f 1389/1593/1088 1388/1592/1087 1391/1595/1090
f 1391/1595/1090 1392/1596/1091 1389/1593/1088
f 1388/1592/1087 1393/1597/1092 1391/1595/1090
f 1393/1597/1092 1388/1592/1087 1394/1598/1093
f 1395/1599/1094 1393/1597/1092 1394/1598/1093
f 1393/1597/1092 1395/1599/1094 1396/1600/1095
f 1396/1600/1095 1397/1601/1096 1393/1597/1092
f 1397/1601/1096 1391/1595/1090 1393/1597/1092
f 1397/1601/1096 1396/1600/1095 1398/1602/1097
f 1392/1596/1091 1391/1595/1090 1399/1603/1098
f 1391/1595/1090 1397/1601/1096 1399/1603/1098
f 1399/1603/1098 1400/1604/1099 1392/1596/1091
f 1398/1602/1097 1401/1605/1100 1397/1601/1096
f 1401/1605/1100 1399/1603/1098 1397/1601/1096
f 1401/1605/1100 1398/1602/1097 1402/1606/1101
f 1400/1604/1099 1399/1603/1098 1403/1607/1102
f 1399/1603/1098 1401/1605/1100 1403/1607/1102
f 1403/1607/1102 1404/1608/1103 1400/1604/1099
f 1402/1606/1101 1405/1609/1104 1401/1605/1100
f 1405/1609/1104 1403/1607/1102 1401/1605/1100
f 1405/1609/1104 1402/1606/1101 1406/1610/1105
f 1404/1608/1103 1403/1607/1102 1407/1611/1106
f 1403/1607/1102 1405/1609/1104 1407/1611/1106
f 1407/1611/1106 1408/1612/1107 1404/1608/1103
f 1406/1610/1105 1409/1613/1108 1405/1609/1104
f 1409/1613/1108 1407/1611/1106 1405/1609/1104
f 1409/1613/1108 1406/1610/1105 1410/1614/1109
f 1408/1612/1107 1407/1611/1106 1411/1615/1110
f 1407/1611/1106 1409/1613/1108 1411/1615/1110
f 1411/1615/1110 1412/1616/1111 1408/1612/1107
f 1410/1614/1109 1413/1617/1112 1409/1613/1108
f 1413/1617/1112 1411/1615/1110 1409/1613/1108
f 1413/1617/1112 1410/1614/1109 1414/1618/1113
f 1412/1616/1111 1411/1615/1110 1415/1619/1114
f 1411/1615/1110 1413/1617/1112 1415/1619/1114
f 1415/1619/1114 1416/1620/1115 1412/1616/1111
f 1414/1618/1113 1417/1621/1116 1413/1617/1112
f 1417/1621/1116 1415/1619/1114 1413/1617/1112
f 1417/1621/1116 1414/1618/1113 1418/1622/1117
f 1416/1620/1115 1415/1619/1114 1419/1623/1118
f 1415/1619/1114 1417/1621/1116 1419/1623/1118
f 1419/1623/1118 1420/1624/1119 1416/1620/1115
f 1418/1622/1117 1421/1625/1120 1417/1621/1116
f 1421/1625/1120 1419/1623/1118 1417/1621/1116
f 1421/1625/1120 1418/1622/1117 1422/1626/1121
f 1420/1624/1119 1419/1623/1118 1423/1627/1122
f 1419/1623/1118 1421/1625/1120 1423/1627/1122
f 1424/1628/1123 1421/1625/1120 1422/1626/1121
f 1423/1627/1122 1425/1629/1124 1420/1624/1119
f 1421/1625/1120 1424/1628/1123 1426/1630/1125
f 1426/1630/1125 1423/1627/1122 1421/1625/1120
f 1425/1629/1124 1423/1627/1122 1427/1631/1126
f 1423/1627/1122 1426/1630/1125 1427/1631/1126
f 1428/1632/1127 1425/1629/1124 1427/1631/1126
f 1426/1630/1125 1428/1632/1127 1427/1631/1126
f 1425/1629/1124 1428/1632/1127 1429/1633/1128
f 1424/1628/1123 1430/1634/1129 1426/1630/1125
f 1428/1632/1127 1426/1630/1125 1430/1634/1129
f 1430/1634/1129 1424/1628/1123 1431/1635/1130
f 1432/1636/1131 1430/1634/1129 1431/1635/1130
f 1433/1637/1132 1429/1633/1128 1428/1632/1127
f 1430/1634/1129 1433/1637/1132 1428/1632/1127
f 1429/1633/1128 1433/1637/1132 1434/1638/1133
f 1430/1634/1129 1432/1636/1131 1435/1639/1134
f 1433/1637/1132 1430/1634/1129 1435/1639/1134
f 1436/1640/1135 1435/1639/1134 1432/1636/1131
f 1437/1641/1136 1434/1638/1133 1433/1637/1132
f 1435/1639/1134 1437/1641/1136 1433/1637/1132
f 1434/1638/1133 1437/1641/1136 1438/1642/1137
f 1435/1639/1134 1436/1640/1135 1439/1643/1138
f 1437/1641/1136 1435/1639/1134 1439/1643/1138
f 1440/1644/1139 1439/1643/1138 1436/1640/1135
f 1441/1645/1140 1438/1642/1137 1437/1641/1136
f 1439/1643/1138 1441/1645/1140 1437/1641/1136
f 1438/1642/1137 1441/1645/1140 1442/1646/1141
f 1439/1643/1138 1440/1644/1139 1443/1647/1142
f 1441/1645/1140 1439/1643/1138 1443/1647/1142
f 1444/1648/1143 1443/1647/1142 1440/1644/1139
f 1445/1649/1144 1442/1646/1141 1441/1645/1140
f 1443/1647/1142 1445/1649/1144 1441/1645/1140
f 1442/1646/1141 1445/1649/1144 1446/1650/1145
f 1443/1647/1142 1444/1648/1143 1447/1651/1146
f 1445/1649/1144 1443/1647/1142 1447/1651/1146
f 1448/1652/1147 1447/1651/1146 1444/1648/1143
f 1449/1653/1148 1446/1650/1145 1445/1649/1144
f 1447/1651/1146 1449/1653/1148 1445/1649/1144
f 1446/1650/1145 1449/1653/1148 1450/1654/1149
f 1447/1651/1146 1448/1652/1147 1451/1655/1150
f 1449/1653/1148 1447/1651/1146 1451/1655/1150
f 1452/1656/1151 1451/1655/1150 1448/1652/1147
f 1453/1657/1152 1450/1654/1149 1449/1653/1148
f 1451/1655/1150 1453/1657/1152 1449/1653/1148
f 1450/1654/1149 1453/1657/1152 1454/1658/1153
f 1451/1655/1150 1452/1656/1151 1455/1659/1154
f 1453/1657/1152 1451/1655/1150 1455/1659/1154
f 1456/1660/1155 1455/1659/1154 1452/1656/1151
f 1457/1661/1156 1454/1658/1153 1453/1657/1152
f 1455/1659/1154 1457/1661/1156 1453/1657/1152
f 1454/1658/1153 1457/1661/1156 1458/1662/1157
f 1455/1659/1154 1456/1660/1155 1459/1663/1158
f 1457/1661/1156 1455/1659/1154 1459/1663/1158
f 1460/1664/1159 1459/1663/1158 1456/1660/1155
f 1459/1663/1158 1460/1664/1159 1461/1665/1160
f 1462/1666/1161 1459/1663/1158 1461/1665/1160
f 1459/1663/1158 1462/1666/1161 1457/1661/1156
f 1462/1666/1161 1458/1662/1157 1457/1661/1156
f 1458/1662/1157 1462/1666/1161 1463/1667/1162
f 1065/1668/756 862/1669/542 861/1670/541
f 859/1671/539 1065/1668/756 855/1672/535
f 862/1669/542 1065/1668/756 1464/1673/1163
f 1065/1668/756 859/1671/539 1464/1673/1163
f 1464/1673/1163 866/1674/546 862/1669/542
f 864/1675/544 1464/1673/1163 859/1671/539
f 866/1674/546 1464/1673/1163 1465/1676/1164
f 1464/1673/1163 864/1675/544 1465/1676/1164
f 1465/1676/1164 870/1677/550 866/1674/546
f 868/1678/548 1465/1676/1164 864/1675/544
f 870/1677/550 1465/1676/1164 1466/1679/1164
f 1465/1676/1164 868/1678/548 1466/1679/1164
f 1466/1679/1164 840/1680/520 870/1677/550
f 872/1681/552 1466/1679/1164 868/1678/548
f 840/1680/520 1466/1679/1164 1467/1682/1165
f 1466/1679/1164 872/1681/552 1467/1682/1165
f 1467/1682/1165 835/1683/515 840/1680/520
f 875/1684/555 1467/1682/1165 872/1681/552
f 835/1683/515 1467/1682/1165 1468/1685/1166
f 1467/1682/1165 875/1684/555 1468/1685/1166
f 1468/1685/1166 827/1686/507 835/1683/515
f 845/1687/525 1468/1685/1166 875/1684/555
f 827/1686/507 1468/1685/1166 1469/1688/1167
f 1468/1685/1166 845/1687/525 1469/1688/1167
f 940/793/623 981/839/664 941/794/624
f 941/794/624 981/839/664 1470/1689/1168
f 1470/1689/1168 944/797/627 941/794/624
f 1470/1689/1168 981/839/664 1471/1690/1169
f 980/838/663 1471/1690/1169 981/839/664
f 1471/1690/1169 980/838/663 977/835/660
f 1472/1691/1170 944/797/627 1470/1689/1168
f 1472/1691/1170 946/799/629 944/797/627
f 1473/1692/1171 1471/1690/1169 977/835/660
f 979/837/662 1473/1692/1171 977/835/660
f 1473/1692/1171 979/837/662 1474/1693/1172
f 1475/1694/1173 1470/1689/1168 1471/1690/1169
f 1471/1690/1169 1473/1692/1171 1475/1694/1173
f 1470/1689/1168 1475/1694/1173 1476/1695/1174
f 1472/1691/1170 1470/1689/1168 1476/1695/1174
f 1473/1692/1171 1477/1696/1175 1475/1694/1173
f 1477/1696/1175 1476/1695/1174 1475/1694/1173
f 1474/1693/1172 1478/1697/1176 1473/1692/1171
f 1477/1696/1175 1473/1692/1171 1478/1697/1176
f 1478/1697/1176 1474/1693/1172 1479/1698/1177
f 1479/1698/1177 1480/1699/1178 1478/1697/1176
f 1478/1697/1176 1480/1699/1178 1477/1696/1175
f 1480/1699/1178 1479/1698/1177 1481/1700/1179
f 1482/1701/1180 1480/1699/1178 1481/1700/1179
f 1476/1695/1174 1477/1696/1175 1483/1702/1181
f 1477/1696/1175 1480/1699/1178 1484/1703/1182
f 1484/1703/1182 1483/1702/1181 1477/1696/1175
f 1480/1699/1178 1482/1701/1180 1485/1704/1183
f 1486/1705/1184 1476/1695/1174 1483/1702/1181
f 1476/1695/1174 1486/1705/1184 1472/1691/1170
f 1482/1701/1180 1487/1706/1185 1485/1704/1183
f 1487/1706/1185 1482/1701/1180 1488/1707/1186
f 1480/1699/1178 1485/1704/1183 1489/1708/1187
f 1484/1703/1182 1480/1699/1178 1489/1708/1187
f 1485/1704/1183 1490/1709/1188 1489/1708/1187
f 1490/1709/1188 1485/1704/1183 1487/1706/1185
f 1489/1708/1187 1491/1710/1189 1484/1703/1182
f 1491/1710/1189 1489/1708/1187 1490/1709/1188
f 1483/1702/1181 1484/1703/1182 1491/1710/1189
f 1491/1710/1189 1486/1705/1184 1483/1702/1181
f 1487/1706/1185 1492/1711/1190 1490/1709/1188
f 1492/1711/1190 1491/1710/1189 1490/1709/1188
f 1488/1707/1186 1493/1712/1191 1487/1706/1185
f 1492/1711/1190 1487/1706/1185 1493/1712/1191
f 1493/1712/1191 1488/1707/1186 1494/1713/1192
f 1495/1714/1193 1494/1713/1192 1488/1707/1186
f 1494/1713/1192 1496/1715/1194 1493/1712/1191
f 1496/1715/1194 1492/1711/1190 1493/1712/1191
f 1495/1714/1193 1497/1716/1195 1494/1713/1192
f 1496/1715/1194 1494/1713/1192 1497/1716/1195
f 1497/1716/1195 1495/1714/1193 1498/1717/1196
f 1491/1710/1189 1492/1711/1190 1499/1718/1197
f 1486/1705/1184 1491/1710/1189 1499/1718/1197
f 1500/1719/1198 1499/1718/1197 1492/1711/1190
f 1492/1711/1190 1496/1715/1194 1500/1719/1198
f 1501/1720/1199 1486/1705/1184 1499/1718/1197
f 1499/1718/1197 1500/1719/1198 1501/1720/1199
f 1496/1715/1194 1502/1721/1200 1500/1719/1198
f 1502/1721/1200 1501/1720/1199 1500/1719/1198
f 1486/1705/1184 1501/1720/1199 1503/1722/1201
f 1503/1722/1201 1472/1691/1170 1486/1705/1184
f 1501/1720/1199 1502/1721/1200 1504/1723/1202
f 1504/1723/1202 1503/1722/1201 1501/1720/1199
f 1472/1691/1170 1503/1722/1201 1505/1724/1203
f 1505/1724/1203 946/799/629 1472/1691/1170
f 948/801/631 946/799/629 1505/1724/1203
f 1506/1725/1204 1505/1724/1203 1503/1722/1201
f 1503/1722/1201 1504/1723/1202 1506/1725/1204
f 1507/1726/1205 948/801/631 1505/1724/1203
f 1505/1724/1203 1506/1725/1204 1507/1726/1205
f 948/801/631 1507/1726/1205 950/803/633
f 1508/1727/1206 1506/1725/1204 1504/1723/1202
f 1509/1728/1207 950/803/633 1507/1726/1205
f 950/803/633 1509/1728/1207 951/804/634
f 1510/1729/1208 1507/1726/1205 1506/1725/1204
f 1507/1726/1205 1510/1729/1208 1509/1728/1207
f 1506/1725/1204 1508/1727/1206 1510/1729/1208
f 1511/1730/1209 951/804/634 1509/1728/1207
f 951/804/634 1511/1730/1209 954/807/637
f 1512/1731/1210 1509/1728/1207 1510/1729/1208
f 1509/1728/1207 1512/1731/1210 1511/1730/1209
f 1513/1732/1211 1510/1729/1208 1508/1727/1206
f 1510/1729/1208 1513/1732/1211 1512/1731/1210
f 1504/1723/1202 1514/1733/1212 1508/1727/1206
f 1514/1733/1212 1513/1732/1211 1508/1727/1206
f 1504/1723/1202 1502/1721/1200 1514/1733/1212
f 1513/1732/1211 1515/1734/1213 1512/1731/1210
f 1515/1734/1213 1511/1730/1209 1512/1731/1210
f 1516/1735/1214 954/807/637 1511/1730/1209
f 1511/1730/1209 1515/1734/1213 1516/1735/1214
f 954/807/637 1516/1735/1214 955/808/638
f 1516/1735/1214 958/811/641 955/808/638
f 958/811/641 1516/1735/1214 1517/1736/1215
f 1515/1734/1213 1517/1736/1215 1516/1735/1214
f 1517/1736/1215 959/812/642 958/811/641
f 959/812/642 1517/1736/1215 1518/1737/1216
f 1518/1737/1216 961/814/644 959/812/642
f 1517/1736/1215 1515/1734/1213 1519/1738/1217
f 1519/1738/1217 1518/1737/1216 1517/1736/1215
f 961/814/644 1518/1737/1216 1520/1739/1218
f 1520/1739/1218 963/816/646 961/814/644
f 1518/1737/1216 1519/1738/1217 1521/1740/1219
f 1521/1740/1219 1520/1739/1218 1518/1737/1216
f 1515/1734/1213 1522/1741/1220 1519/1738/1217
f 1522/1741/1220 1521/1740/1219 1519/1738/1217
f 963/816/646 1520/1739/1218 1523/1742/1221
f 1523/1742/1221 965/818/648 963/816/646
f 1520/1739/1218 1521/1740/1219 1524/1743/1222
f 1524/1743/1222 1523/1742/1221 1520/1739/1218
f 1525/1744/1223 965/818/648 1523/1742/1221
f 967/820/650 965/818/648 1525/1744/1223
f 1523/1742/1221 1524/1743/1222 1526/1745/1224
f 1526/1745/1224 1525/1744/1223 1523/1742/1221
f 1527/1746/1225 1524/1743/1222 1521/1740/1219
f 1521/1740/1219 1522/1741/1220 1527/1746/1225
f 1528/1747/1226 1526/1745/1224 1524/1743/1222
f 1524/1743/1222 1527/1746/1225 1528/1747/1226
f 1526/1745/1224 1528/1747/1226 1529/1748/1227
f 1527/1746/1225 1530/1749/1228 1528/1747/1226
f 1530/1749/1228 1529/1748/1227 1528/1747/1226
f 1522/1741/1220 1531/1750/1229 1527/1746/1225
f 1527/1746/1225 1531/1750/1229 1530/1749/1228
f 1529/1748/1227 1532/1751/1230 1526/1745/1224
f 1525/1744/1223 1526/1745/1224 1532/1751/1230
f 1531/1750/1229 1522/1741/1220 1533/1752/1231
f 1530/1749/1228 1531/1750/1229 1534/1753/1232
f 1533/1752/1231 1534/1753/1232 1531/1750/1229
f 1522/1741/1220 1515/1734/1213 1535/1754/1233
f 1535/1754/1233 1533/1752/1231 1522/1741/1220
f 1515/1734/1213 1513/1732/1211 1535/1754/1233
f 1534/1753/1232 1533/1752/1231 1536/1755/1234
f 1537/1756/1235 1535/1754/1233 1513/1732/1211
f 1513/1732/1211 1514/1733/1212 1537/1756/1235
f 1533/1752/1231 1535/1754/1233 1538/1757/1236
f 1535/1754/1233 1537/1756/1235 1538/1757/1236
f 1539/1758/1237 1533/1752/1231 1538/1757/1236
f 1537/1756/1235 1539/1758/1237 1538/1757/1236
f 1533/1752/1231 1539/1758/1237 1536/1755/1234
f 1514/1733/1212 1540/1759/1238 1537/1756/1235
f 1539/1758/1237 1537/1756/1235 1540/1759/1238
f 1540/1759/1238 1514/1733/1212 1541/1760/1239
f 1514/1733/1212 1502/1721/1200 1541/1760/1239
f 1542/1761/1240 1541/1760/1239 1502/1721/1200
f 1541/1760/1239 1542/1761/1240 1540/1759/1238
f 1502/1721/1200 1496/1715/1194 1542/1761/1240
f 1497/1716/1195 1542/1761/1240 1496/1715/1194
f 1542/1761/1240 1543/1762/1241 1540/1759/1238
f 1543/1762/1241 1539/1758/1237 1540/1759/1238
f 1542/1761/1240 1497/1716/1195 1544/1763/1242
f 1544/1763/1242 1543/1762/1241 1542/1761/1240
f 1498/1717/1196 1544/1763/1242 1497/1716/1195
f 1544/1763/1242 1498/1717/1196 1545/1764/1243
f 1546/1765/1244 1544/1763/1242 1545/1764/1243
f 1543/1762/1241 1544/1763/1242 1546/1765/1244
f 1546/1765/1244 1547/1766/1245 1543/1762/1241
f 1539/1758/1237 1543/1762/1241 1547/1766/1245
f 1547/1766/1245 1546/1765/1244 1548/1767/1246
f 1549/1768/1247 1547/1766/1245 1548/1767/1246
f 1550/1769/1248 1539/1758/1237 1547/1766/1245
f 1547/1766/1245 1549/1768/1247 1550/1769/1248
f 1539/1758/1237 1550/1769/1248 1536/1755/1234
f 1551/1770/1249 1550/1769/1248 1549/1768/1247
f 1552/1771/1250 1551/1770/1249 1549/1768/1247
f 1553/1772/1251 1551/1770/1249 1552/1771/1250
f 1536/1755/1234 1550/1769/1248 1554/1773/1252
f 1550/1769/1248 1551/1770/1249 1554/1773/1252
f 1554/1773/1252 1534/1753/1232 1536/1755/1234
f 1534/1753/1232 1554/1773/1252 1530/1749/1228
f 1551/1770/1249 1553/1772/1251 1555/1774/1253
f 1555/1774/1253 1554/1773/1252 1551/1770/1249
f 1556/1775/1254 1555/1774/1253 1553/1772/1251
f 1557/1776/1255 1530/1749/1228 1554/1773/1252
f 1554/1773/1252 1555/1774/1253 1557/1776/1255
f 1555/1774/1253 1556/1775/1254 1558/1777/1256
f 1558/1777/1256 1557/1776/1255 1555/1774/1253
f 1559/1778/1257 1558/1777/1256 1556/1775/1254
f 1530/1749/1228 1557/1776/1255 1560/1779/1258
f 1529/1748/1227 1530/1749/1228 1560/1779/1258
f 1557/1776/1255 1558/1777/1256 1561/1780/1259
f 1559/1778/1257 1561/1780/1259 1558/1777/1256
f 1561/1780/1259 1560/1779/1258 1557/1776/1255
f 1561/1780/1259 1559/1778/1257 1562/1781/1260
f 1563/1782/1261 1562/1781/1260 1559/1778/1257
f 1560/1779/1258 1561/1780/1259 1564/1783/1262
f 1562/1781/1260 1564/1783/1262 1561/1780/1259
f 1560/1779/1258 1565/1784/1263 1529/1748/1227
f 1565/1784/1263 1560/1779/1258 1564/1783/1262
f 1532/1751/1230 1529/1748/1227 1565/1784/1263
f 1564/1783/1262 1566/1785/1264 1565/1784/1263
f 1566/1785/1264 1532/1751/1230 1565/1784/1263
f 1564/1783/1262 1562/1781/1260 1567/1786/1265
f 1566/1785/1264 1564/1783/1262 1567/1786/1265
f 1562/1781/1260 1563/1782/1261 1568/1787/1266
f 1567/1786/1265 1562/1781/1260 1568/1787/1266
f 1569/1788/1267 1568/1787/1266 1563/1782/1261
f 1570/1789/1268 1567/1786/1265 1568/1787/1266
f 1570/1789/1268 1566/1785/1264 1567/1786/1265
f 1568/1787/1266 1569/1788/1267 1571/1790/1269
f 1568/1787/1266 1571/1790/1269 1570/1789/1268
f 1572/1791/1270 1571/1790/1269 1569/1788/1267
f 1566/1785/1264 1570/1789/1268 1573/1792/1271
f 1570/1789/1268 1571/1790/1269 1573/1792/1271
f 1573/1792/1271 1574/1793/1272 1566/1785/1264
f 1532/1751/1230 1566/1785/1264 1574/1793/1272
f 1573/1792/1271 1571/1790/1269 1575/1794/1273
f 1574/1793/1272 1573/1792/1271 1575/1794/1273
f 1571/1790/1269 1572/1791/1270 1576/1795/1274
f 1575/1794/1273 1571/1790/1269 1576/1795/1274
f 1577/1796/1275 1576/1795/1274 1572/1791/1270
f 1578/1797/1276 1532/1751/1230 1574/1793/1272
f 1575/1794/1273 1578/1797/1276 1574/1793/1272
f 1532/1751/1230 1578/1797/1276 1525/1744/1223
f 1576/1795/1274 1577/1796/1275 1579/1798/1277
f 1579/1798/1277 1575/1794/1273 1576/1795/1274
f 986/844/669 1579/1798/1277 1577/1796/1275
f 1579/1798/1277 986/844/669 985/843/668
f 1578/1797/1276 1575/1794/1273 1580/1799/1278
f 1575/1794/1273 1579/1798/1277 1580/1799/1278
f 1578/1797/1276 1581/1800/1279 1525/1744/1223
f 1580/1799/1278 1581/1800/1279 1578/1797/1276
f 1525/1744/1223 1581/1800/1279 967/820/650
f 967/820/650 1581/1800/1279 969/822/652
f 1579/1798/1277 1582/1801/1280 1580/1799/1278
f 1581/1800/1279 1580/1799/1278 1582/1801/1280
f 1582/1801/1280 1579/1798/1277 985/843/668
f 982/840/665 1582/1801/1280 985/843/668
f 1582/1801/1280 982/840/665 984/842/667
f 984/842/667 1581/1800/1279 1582/1801/1280
f 969/822/652 1581/1800/1279 984/842/667
f 969/822/652 984/842/667 971/824/654
f 894/1802/575 886/882/566 395/1803/572
f 396/1804/577 399/1805/579 894/1802/575
f 894/1802/575 399/1805/579 886/882/566
f 886/882/566 399/1805/579 1583/1806/1281
f 1583/1806/1281 399/1805/579 1584/1807/1282
f 1584/1807/1282 399/1805/579 897/1808/580
f 897/1808/580 1583/1806/1281 1584/1807/1282
f 886/882/566 1583/1806/1281 1585/1809/1281
f 886/882/566 1585/1809/1281 1006/883/689
f 1583/1806/1281 1006/883/689 1585/1809/1281
f 897/1808/580 398/1810/478 1586/1811/1282
f 1006/883/689 1383/1812/1082 1385/1813/1084
f 1586/1811/1282 398/1810/478 1587/1814/1283
f 1586/1811/1282 1587/1814/1283 897/1808/580
f 1006/883/689 1381/1815/1080 1383/1812/1082
f 382/1816/382 398/1810/478 394/1817/50
f 1588/1818/1284 398/1810/478 382/1816/382
f 1587/1814/1283 398/1810/478 1588/1818/1284
f 1588/1818/1284 382/1816/382 880/703/560
f 880/703/560 1587/1814/1283 1588/1818/1284
f 880/703/560 382/1816/382 381/1819/37
f 880/703/560 381/1819/37 371/701/484
f 1368/1820/1067 880/703/560 1365/1821/1064
f 1368/1820/1067 1371/1822/1070 880/703/560
f 897/1808/580 1587/1814/1283 524/1823/181
f 524/1823/181 1587/1814/1283 522/1824/179
f 897/1808/580 524/1823/181 502/1825/159
f 522/1824/179 1587/1814/1283 520/1826/177
f 504/1827/161 897/1808/580 502/1825/159
f 520/1826/177 1587/1814/1283 880/703/560
f 504/1827/161 1583/1806/1281 897/1808/580
f 505/1828/162 1583/1806/1281 504/1827/161
f 507/1829/164 1583/1806/1281 505/1828/162
f 507/1829/164 1006/883/689 1583/1806/1281
f 520/1826/177 880/703/560 518/1830/175
f 509/1831/166 1006/883/689 507/1829/164
f 518/1830/175 880/703/560 516/1832/173
f 511/1833/168 1006/883/689 509/1831/166
f 513/1834/170 1006/883/689 511/1833/168
f 516/1832/173 1004/1835/687 513/1834/170
f 513/1834/170 1004/1835/687 1006/883/689
f 516/1832/173 880/703/560 1004/1835/687
f 1003/1836/686 1006/883/689 1004/1835/687
f 1002/1837/685 1006/883/689 1003/1836/686
f 1004/1835/687 880/703/560 994/1838/677
f 1002/1837/685 1381/1815/1080 1006/883/689
f 880/703/560 993/1839/676 994/1838/677
f 1001/1840/684 1381/1815/1080 1002/1837/685
f 880/703/560 995/1841/678 993/1839/676
f 1000/1842/683 1381/1815/1080 1001/1840/684
f 880/703/560 996/1843/679 995/1841/678
f 999/1844/682 1381/1815/1080 1000/1842/683
f 880/703/560 1371/1822/1070 996/1843/679
f 996/1843/679 1371/1822/1070 997/1845/680
f 997/1845/680 1371/1822/1070 998/1846/681
f 998/1846/681 1371/1822/1070 1372/1847/1071
f 999/1844/682 1376/1848/1075 1381/1815/1080
f 998/1846/681 1376/1848/1075 999/1844/682
f 998/1846/681 1372/1847/1071 1376/1848/1075
f 1381/1815/1080 1376/1848/1075 1379/1849/1078
f 1376/1848/1075 1372/1847/1071 1375/1850/1074
f 1062/1851/752 821/1852/501 823/1853/503
f 843/1854/523 1062/1851/752 841/1855/521
f 821/1852/501 1062/1851/752 1589/1856/1285
f 1062/1851/752 843/1854/523 1589/1856/1285
f 1589/1856/1285 1590/1857/1286 821/1852/501
f 843/1854/523 1590/1857/1286 1589/1856/1285
f 821/1852/501 1590/1857/1286 819/1858/499
f 846/1859/526 1590/1857/1286 843/1854/523
f 1591/1860/1287 819/1858/499 1590/1857/1286
f 846/1859/526 1591/1860/1287 1590/1857/1286
f 819/1858/499 1591/1860/1287 817/1861/497
f 1591/1860/1287 846/1859/526 848/1862/528
f 1592/1863/1288 817/1861/497 1591/1860/1287
f 848/1862/528 1592/1863/1288 1591/1860/1287
f 817/1861/497 1592/1863/1288 814/1864/494
f 1592/1863/1288 848/1862/528 850/1865/530
f 1593/1866/1289 814/1864/494 1592/1863/1288
f 850/1865/530 1593/1866/1289 1592/1863/1288
f 814/1864/494 1593/1866/1289 815/1867/495
f 1593/1866/1289 850/1865/530 852/1868/532
f 1594/1869/1290 815/1867/495 1593/1866/1289
f 852/1868/532 1594/1869/1290 1593/1866/1289
f 878/1870/558 815/1867/495 1594/1869/1290
f 854/1871/534 1594/1869/1290 852/1868/532
f 878/1870/558 1594/1869/1290 1064/1872/755
f 1064/1872/755 1594/1869/1290 854/1871/534
f 1595/1873/1291 757/1874/434 755/1875/432
f 757/1874/434 1595/1873/1291 1183/1876/882
f 752/1877/429 1595/1873/1291 755/1875/432
f 1596/1878/1292 1183/1876/882 1595/1873/1291
f 1183/1876/882 1596/1878/1292 1184/1879/883
f 1595/1873/1291 752/1877/429 1597/1880/1293
f 754/1881/431 1597/1880/1293 752/1877/429
f 1597/1880/1293 754/1881/431 1177/1882/876
f 1598/1883/1294 1595/1873/1291 1597/1880/1293
f 1177/1882/876 1598/1883/1294 1597/1880/1293
f 1595/1873/1291 1598/1883/1294 1596/1878/1292
f 1598/1883/1294 1177/1882/876 1179/1884/878
f 1179/1884/878 1599/1885/1295 1598/1883/1294
f 1599/1885/1295 1596/1878/1292 1598/1883/1294
f 1599/1885/1295 1179/1884/878 1181/1886/880
f 1600/1887/1296 1184/1879/883 1596/1878/1292
f 1596/1878/1292 1599/1885/1295 1600/1887/1296
f 1184/1879/883 1600/1887/1296 1186/1888/885
f 1181/1886/880 1601/1889/1297 1599/1885/1295
f 1601/1889/1297 1600/1887/1296 1599/1885/1295
f 1601/1889/1297 1181/1886/880 1188/1890/887
f 1602/1891/1298 1186/1888/885 1600/1887/1296
f 1600/1887/1296 1601/1889/1297 1602/1891/1298
f 1186/1888/885 1602/1891/1298 1190/1892/889
f 1188/1890/887 1603/1893/1299 1601/1889/1297
f 1603/1893/1299 1602/1891/1298 1601/1889/1297
f 1603/1893/1299 1188/1890/887 1192/1894/891
f 1604/1895/1300 1190/1892/889 1602/1891/1298
f 1602/1891/1298 1603/1893/1299 1604/1895/1300
f 1190/1892/889 1604/1895/1300 1194/1896/893
f 1192/1894/891 1605/1897/1301 1603/1893/1299
f 1606/1898/1302 1194/1896/893 1604/1895/1300
f 1603/1893/1299 1606/1898/1302 1604/1895/1300
f 1606/1898/1302 1603/1893/1299 1605/1897/1301
f 1194/1896/893 1606/1898/1302 1198/1899/897
f 1605/1897/1301 1192/1894/891 1196/1900/895
f 1607/1901/1303 1198/1899/897 1606/1898/1302
f 1605/1897/1301 1607/1901/1303 1606/1898/1302
f 1198/1899/897 1607/1901/1303 1202/1902/901
f 1196/1900/895 1608/1903/1304 1605/1897/1301
f 1607/1901/1303 1605/1897/1301 1608/1903/1304
f 1608/1903/1304 1196/1900/895 1200/1904/899
f 1609/1905/1305 1202/1902/901 1607/1901/1303
f 1608/1903/1304 1609/1905/1305 1607/1901/1303
f 1202/1902/901 1609/1905/1305 1206/1906/905
f 1200/1904/899 1610/1907/1306 1608/1903/1304
f 1609/1905/1305 1608/1903/1304 1610/1907/1306
f 1610/1907/1306 1200/1904/899 1204/1908/903
f 1611/1909/1307 1206/1906/905 1609/1905/1305
f 1610/1907/1306 1611/1909/1307 1609/1905/1305
f 1206/1906/905 1611/1909/1307 1210/1910/909
f 1204/1908/903 1612/1911/1308 1610/1907/1306
f 1611/1909/1307 1610/1907/1306 1612/1911/1308
f 1612/1911/1308 1204/1908/903 1208/1912/907
f 1613/1913/1309 1210/1910/909 1611/1909/1307
f 1612/1911/1308 1613/1913/1309 1611/1909/1307
f 1210/1910/909 1613/1913/1309 1214/1914/913
f 1208/1912/907 1614/1915/1310 1612/1911/1308
f 1613/1913/1309 1612/1911/1308 1614/1915/1310
f 1614/1915/1310 1208/1912/907 1212/1916/911
f 1615/1917/1311 1214/1914/913 1613/1913/1309
f 1614/1915/1310 1615/1917/1311 1613/1913/1309
f 1214/1914/913 1615/1917/1311 1216/1918/915
f 1212/1916/911 1616/1919/1312 1614/1915/1310
f 1615/1917/1311 1614/1915/1310 1616/1919/1312
f 1616/1919/1312 1212/1916/911 1215/1920/914
f 1617/1921/1313 1216/1918/915 1615/1917/1311
f 1216/1918/915 1617/1921/1313 1220/1922/919
f 1618/1923/1314 1615/1917/1311 1616/1919/1312
f 1215/1920/914 1618/1923/1314 1616/1919/1312
f 1615/1917/1311 1618/1923/1314 1617/1921/1313
f 1618/1923/1314 1215/1920/914 1218/1924/917
f 1619/1925/1315 1220/1922/919 1617/1921/1313
f 1220/1922/919 1619/1925/1315 490/1926/147
f 1619/1925/1315 488/1927/145 490/1926/147
f 1620/1928/1316 1617/1921/1313 1618/1923/1314
f 1617/1921/1313 1620/1928/1316 1619/1925/1315
f 1218/1924/917 1620/1928/1316 1618/1923/1314
f 488/1927/145 1619/1925/1315 1620/1928/1316
f 1620/1928/1316 1218/1924/917 488/1927/145
f 1621/1929/1317 1622/1930/1318 1623/1931/1319
f 1624/1932/1320 1621/1929/1317 1623/1931/1319
f 1622/1930/1318 1621/1929/1317 1625/1933/1321
f 1621/1929/1317 1624/1932/1320 1626/1934/1322
f 1625/1933/1321 1627/1935/1323 1622/1930/1318
f 1627/1935/1323 1626/1934/1322 1624/1932/1320
f 1627/1935/1323 1625/1933/1321 1628/1936/1324
f 1626/1934/1322 1627/1935/1323 1628/1936/1324
f 1629/1937/1325 1630/1938/1326 1631/1939/1327
f 1632/1940/1328 1629/1937/1325 1631/1939/1327
f 1630/1938/1326 1629/1937/1325 1633/1941/1329
f 1629/1937/1325 1632/1940/1328 1634/1942/1330
f 1633/1941/1329 1635/1943/1331 1630/1938/1326
f 1635/1943/1331 1634/1942/1330 1632/1940/1328
f 1635/1943/1331 1633/1941/1329 1636/1944/1332
f 1634/1942/1330 1635/1943/1331 1636/1944/1332
f 1637/1945/1333 1638/1946/1334 1639/1947/1335
f 1640/1948/1336 1637/1945/1333 1639/1947/1335
f 1638/1946/1334 1637/1945/1333 1641/1949/1337
f 1637/1945/1333 1640/1948/1336 1642/1950/1338
f 1641/1949/1337 1643/1951/1339 1638/1946/1334
f 1643/1951/1339 1642/1950/1338 1640/1948/1336
f 1643/1951/1339 1641/1949/1337 1644/1952/1340
f 1642/1950/1338 1643/1951/1339 1644/1952/1340
f 1645/1953/1341 1646/1954/1342 1647/1955/1343
f 1648/1956/1344 1645/1953/1341 1647/1955/1343
f 1646/1954/1342 1645/1953/1341 1649/1957/1345
f 1645/1953/1341 1648/1956/1344 1650/1958/1346
f 1649/1957/1345 1651/1959/1347 1646/1954/1342
f 1651/1959/1347 1650/1958/1346 1648/1956/1344
f 1651/1959/1347 1649/1957/1345 1652/1960/1332
f 1650/1958/1346 1651/1959/1347 1652/1960/1332
f 1653/1961/1348 1654/1962/1349 1655/1963/1350
f 1656/1964/1351 1653/1961/1348 1655/1963/1350
f 1654/1962/1349 1653/1961/1348 1657/1965/1352
f 1653/1961/1348 1656/1964/1351 1658/1966/1353
f 1657/1965/1352 1659/1967/1354 1654/1962/1349
f 1659/1967/1354 1658/1966/1353 1656/1964/1351
f 1659/1967/1354 1657/1965/1352 1660/1968/1355
f 1658/1966/1353 1659/1967/1354 1660/1968/1355
f 1661/1969/1356 1662/1970/1357 1663/1971/1358
f 1664/1972/1359 1661/1969/1356 1663/1971/1358
f 1662/1970/1357 1661/1969/1356 1665/1973/1360
f 1661/1969/1356 1664/1972/1359 1666/1974/1361
f 1665/1973/1360 1667/1975/1362 1662/1970/1357
f 1667/1975/1362 1666/1974/1361 1664/1972/1359
f 1667/1975/1362 1665/1973/1360 1668/1976/1363
f 1666/1974/1361 1667/1975/1362 1668/1976/1363
f 1669/1977/1364 1670/1978/1365 1671/1979/1366
f 1672/1980/1367 1669/1977/1364 1671/1979/1366
f 1670/1978/1365 1669/1977/1364 1673/1981/1368
f 1669/1977/1364 1672/1980/1367 1674/1982/1369
f 1673/1981/1368 1675/1983/1370 1670/1978/1365
f 1675/1983/1370 1674/1982/1369 1672/1980/1367
f 1675/1983/1370 1673/1981/1368 1676/1984/1371
f 1674/1982/1369 1675/1983/1370 1676/1984/1371
f 1677/1985/1372 1678/1986/1373 1679/1987/1374
f 1680/1988/1375 1677/1985/1372 1679/1987/1374
f 1678/1986/1373 1677/1985/1372 1681/1989/1376
f 1677/1985/1372 1680/1988/1375 1682/1990/1377
f 1681/1989/1376 1683/1991/1378 1678/1986/1373
f 1683/1991/1378 1682/1990/1377 1680/1988/1375
f 1683/1991/1378 1681/1989/1376 1684/1992/1379
f 1682/1990/1377 1683/1991/1378 1684/1992/1379
f 1685/1993/1380 1686/1994/1381 1687/1995/1382
f 1688/1996/1383 1685/1993/1380 1687/1995/1382
f 1686/1994/1381 1685/1993/1380 1689/1997/1384
f 1685/1993/1380 1688/1996/1383 1690/1998/1385
f 1689/1997/1384 1691/1999/1386 1686/1994/1381
f 1691/1999/1386 1690/1998/1385 1688/1996/1383
f 1691/1999/1386 1689/1997/1384 1692/2000/1387
f 1690/1998/1385 1691/1999/1386 1692/2000/1387
f 1693/2001/1388 1694/2002/1389 1695/2003/1390
f 1696/2004/1391 1693/2001/1388 1695/2003/1390
f 1694/2002/1389 1693/2001/1388 1697/2005/1392
f 1693/2001/1388 1696/2004/1391 1698/2006/1393
f 1697/2005/1392 1699/2007/1394 1694/2002/1389
f 1699/2007/1394 1698/2006/1393 1696/2004/1391
f 1699/2007/1394 1697/2005/1392 1700/2008/1395
f 1698/2006/1393 1699/2007/1394 1700/2008/1395
f 1701/2009/1396 1702/2010/1397 1703/2011/1398
f 1704/2012/1399 1701/2009/1396 1703/2011/1398
f 1702/2010/1397 1701/2009/1396 1705/2013/1400
f 1701/2009/1396 1704/2012/1399 1706/2014/1401
f 1705/2013/1400 1707/2015/1402 1702/2010/1397
f 1707/2015/1402 1706/2014/1401 1704/2012/1399
f 1707/2015/1402 1705/2013/1400 1708/2016/1371
f 1706/2014/1401 1707/2015/1402 1708/2016/1371
f 1709/2017/1403 644/2018/301 685/2019/342
f 647/2020/304 644/2018/301 1709/2017/1403
f 685/2019/342 1710/2021/1404 1709/2017/1403
f 1710/2021/1404 647/2020/304 1709/2017/1403
f 685/2019/342 1711/2022/1405 1710/2021/1404
f 679/2023/336 1711/2022/1405 685/2019/342
f 1710/2021/1404 1712/2024/1406 647/2020/304
f 647/2020/304 1712/2024/1406 649/2025/306
f 1713/2026/1407 1710/2021/1404 1711/2022/1405
f 1714/2027/1408 649/2025/306 1712/2024/1406
f 649/2025/306 1714/2027/1408 652/2028/309
f 1710/2021/1404 1713/2026/1409 1712/2024/1406
f 1713/2026/1410 1710/2021/1411 1715/2029/1412
f 1715/2029/1413 1712/2024/1406 1713/2026/1409
f 1711/2022/1405 1715/2029/1413 1713/2026/1407
f 1712/2024/1406 1715/2029/1413 1714/2027/1408
f 679/2023/336 1716/2030/1414 1711/2022/1405
f 1715/2029/1413 1711/2022/1405 1716/2030/1414
f 1716/2030/1414 679/2023/336 678/2031/335
f 1714/2027/1408 1715/2029/1413 1717/2032/1415
f 1717/2032/1415 1715/2029/1413 1716/2030/1414
f 1718/2033/1416 1714/2027/1408 1717/2032/1415
f 1716/2030/1414 1718/2033/1416 1717/2032/1415
f 678/2031/335 1719/2034/1417 1716/2030/1414
f 1718/2033/1416 1716/2030/1414 1719/2034/1417
f 1714/2027/1408 1718/2033/1416 1720/2035/1418
f 1714/2027/1408 1720/2035/1418 652/2028/309
f 1721/2036/1419 1719/2034/1417 678/2031/335
f 1721/2036/1419 678/2031/335 674/2037/331
f 652/2028/309 1720/2035/1418 1722/2038/1420
f 652/2028/309 1722/2038/1420 653/2039/310
f 1720/2035/1418 1723/2040/1421 1722/2038/1420
f 1724/2041/1422 653/2039/310 1722/2038/1420
f 653/2039/310 1724/2041/1422 656/2042/313
f 1724/2041/1422 666/2043/323 656/2042/313
f 1725/2044/1423 1722/2038/1420 1723/2040/1421
f 1723/2040/1421 1720/2035/1418 1725/2044/1424
f 1722/2038/1420 1725/2044/1423 1724/2041/1422
f 1725/2044/1424 1720/2035/1418 1718/2033/1416
f 1718/2033/1416 1719/2034/1417 1725/2044/1424
f 666/2043/323 1724/2041/1422 1726/2045/1425
f 1726/2045/1425 1724/2041/1422 1725/2044/1423
f 1727/2046/1426 666/2043/323 1726/2045/1425
f 1725/2044/1423 1727/2046/1426 1726/2045/1425
f 666/2043/323 1727/2046/1426 669/2047/326
f 1727/2046/1426 674/2037/331 669/2047/326
f 674/2037/331 1727/2046/1426 1721/2036/1419
f 1725/2044/1423 1721/2036/1419 1727/2046/1426
f 1723/2040/1427 1719/2034/1417 1721/2036/1419
f 1719/2034/1417 1723/2040/1427 1725/2044/1424
f 1721/2036/1419 1725/2044/1423 1723/2040/1427
f 1728/2048/1428 542/2049/199 539/2050/196
f 569/2051/226 1728/2048/1428 539/2050/196
f 542/2049/199 1728/2048/1428 1729/2052/1429
f 1729/2052/1429 544/2053/201 542/2049/199
f 1728/2048/1428 569/2051/226 1730/2054/1430
f 567/2055/224 1730/2054/1430 569/2051/226
f 1731/2056/1431 1729/2052/1429 1728/2048/1428
f 1730/2054/1430 1731/2056/1431 1728/2048/1428
f 544/2053/201 1729/2052/1429 1732/2057/1432
f 1729/2052/1429 1731/2056/1431 1732/2057/1432
f 1732/2057/1432 546/2058/203 544/2053/201
f 1730/2054/1430 567/2055/224 1733/2059/1433
f 1731/2056/1431 1730/2054/1430 1733/2059/1433
f 565/2060/222 1733/2059/1433 567/2055/224
f 546/2058/203 1732/2057/1432 1734/2061/1434
f 1734/2061/1434 548/2062/205 546/2058/203
f 1735/2063/1435 1732/2057/1432 1731/2056/1431
f 1735/2063/1435 1734/2061/1434 1732/2057/1432
f 1731/2056/1431 1733/2059/1433 1735/2063/1435
f 548/2062/205 1734/2061/1434 1736/2064/1436
f 1735/2063/1435 1736/2064/1436 1734/2061/1434
f 1736/2064/1436 550/2065/207 548/2062/205
f 1733/2059/1433 565/2060/222 1737/2066/1437
f 1733/2059/1433 1737/2066/1437 1735/2063/1435
f 563/2067/220 1737/2066/1437 565/2060/222
f 1737/2066/1437 563/2067/220 1738/2068/1438
f 1738/2068/1438 1735/2063/1435 1737/2066/1437
f 561/2069/218 1738/2068/1438 563/2067/220
f 1735/2063/1435 1738/2068/1438 1739/2070/1439
f 1736/2064/1436 1735/2063/1435 1739/2070/1439
f 1738/2068/1438 561/2069/218 1740/2071/1440
f 1740/2071/1440 1739/2070/1439 1738/2068/1438
f 559/2072/216 1740/2071/1440 561/2069/218
f 1736/2064/1436 1739/2070/1439 1741/2073/1441
f 550/2065/207 1736/2064/1436 1741/2073/1441
f 1741/2073/1441 552/2074/209 550/2065/207
f 1740/2071/1440 559/2072/216 1742/2075/1442
f 558/2076/215 1742/2075/1442 559/2072/216
f 1743/2077/1443 1739/2070/1439 1740/2071/1440
f 1742/2075/1442 1743/2077/1443 1740/2071/1440
f 1741/2073/1441 1739/2070/1439 1743/2077/1443
f 1742/2075/1442 558/2076/215 1744/2078/1444
f 1744/2078/1444 1743/2077/1443 1742/2075/1442
f 555/2079/212 1744/2078/1444 558/2076/215
f 552/2074/209 1741/2073/1441 1745/2080/1445
f 1741/2073/1441 1743/2077/1443 1745/2080/1445
f 1745/2080/1445 554/2081/211 552/2074/209
f 1743/2077/1443 1744/2078/1444 1746/2082/1446
f 1744/2078/1444 555/2079/212 1746/2082/1446
f 1743/2077/1443 1747/2083/1447 1745/2080/1445
f 1747/2083/1447 1743/2077/1443 1746/2082/1446
f 554/2081/211 1745/2080/1445 1747/2083/1447
f 555/2079/212 1747/2083/1447 1746/2082/1446
f 1747/2083/1447 555/2079/212 554/2081/211
f 1748/2084/1448 1749/2085/1449 1750/2086/1450
f 1750/2086/1450 1751/2087/1451 1748/2084/1448
f 1751/2087/1451 1750/2086/1450 1752/2088/1452
f 1749/2085/1449 1748/2084/1448 1753/2089/1453
f 1751/2087/1451 1753/2089/1453 1748/2084/1448
f 1753/2089/1453 1754/2090/1454 1749/2085/1449
f 1752/2088/1452 1755/2091/1455 1751/2087/1451
f 1755/2091/1455 1752/2088/1452 1756/2092/1456
f 1755/2091/1455 1757/2093/1457 1751/2087/1451
f 1756/2092/1456 1757/2093/1457 1755/2091/1455
f 1751/2087/1451 1757/2093/1457 1753/2089/1453
f 1757/2093/1457 1756/2092/1456 1758/2094/1458
f 1754/2090/1454 1753/2089/1453 1759/2095/1459
f 1759/2095/1459 1760/2096/1460 1754/2090/1454
f 1753/2089/1453 1761/2097/1461 1759/2095/1459
f 1760/2096/1460 1759/2095/1459 1761/2097/1461
f 1753/2089/1453 1757/2093/1457 1761/2097/1461
f 1761/2097/1461 1762/2098/1462 1760/2096/1460
f 1758/2094/1458 1763/2099/1463 1757/2093/1457
f 1763/2099/1463 1758/2094/1458 1762/2098/1462
f 1761/2097/1461 1757/2093/1457 1763/2099/1463
f 1762/2098/1462 1761/2097/1461 1763/2099/1463
f 1764/2100/1464 1765/2101/1465 1766/2102/1466
f 1767/2103/1467 1766/2102/1466 1765/2101/1465
f 1766/2102/1466 1767/2103/1467 1768/2104/1468
f 1765/2101/1465 1764/2100/1464 1769/2105/1469
f 1769/2105/1469 1767/2103/1467 1765/2101/1465
f 1770/2106/1470 1769/2105/1469 1764/2100/1464
f 1771/2107/1471 1768/2104/1468 1767/2103/1467
f 1768/2104/1468 1771/2107/1471 1772/2108/1472
f 1771/2107/1471 1767/2103/1467 1773/2109/1473
f 1773/2109/1473 1772/2108/1472 1771/2107/1471
f 1773/2109/1473 1767/2103/1467 1769/2105/1469
f 1772/2108/1472 1773/2109/1473 1774/2110/1474
f 1769/2105/1469 1770/2106/1470 1775/2111/1475
f 1776/2112/1476 1775/2111/1475 1770/2106/1470
f 1777/2113/1477 1774/2110/1474 1773/2109/1473
f 1774/2110/1474 1777/2113/1477 1778/2114/1478
f 1773/2109/1473 1769/2105/1469 1779/2115/1479
f 1773/2109/1473 1779/2115/1479 1777/2113/1477
f 1779/2115/1479 1769/2105/1469 1775/2111/1475
f 1779/2115/1479 1778/2114/1478 1777/2113/1477
f 1775/2111/1475 1776/2112/1476 1779/2115/1479
f 1778/2114/1478 1779/2115/1479 1776/2112/1476
usemtl huntingrifle.001
f 1780/2116/1480 1781/2117/1481 1782/2118/1482
f 1781/2117/1481 1780/2116/1480 1783/2119/1483
f 1783/2119/1483 1780/2116/1480 1784/2120/1484
f 1785/2121/1485 1781/2117/1481 1783/2119/1483
f 1781/2117/1481 1785/2121/1485 1786/2122/1486
f 1785/2121/1485 1787/2123/1487 1786/2122/1486
f 1787/2123/1487 1785/2121/1485 1788/2124/1488
f 1783/2119/1483 1784/2120/1484 1789/2125/1489
f 1788/2124/1488 1785/2121/1485 1790/2126/1490
f 1790/2126/1490 1791/2127/1491 1788/2124/1488
f 1783/2119/1483 1792/2128/1492 1785/2121/1485
f 1785/2121/1485 1792/2128/1492 1790/2126/1490
f 1792/2128/1492 1783/2119/1483 1789/2125/1489
f 1790/2126/1490 1793/2129/1493 1791/2127/1491
f 1790/2126/1490 1792/2128/1492 1793/2129/1493
f 1784/2120/1484 1794/2130/1494 1789/2125/1489
f 1794/2130/1494 1792/2128/1492 1789/2125/1489
f 1794/2130/1494 1784/2120/1484 1795/2131/1495
f 1793/2129/1493 1792/2128/1492 1796/2132/1496
f 1795/2131/1495 1797/2133/1497 1794/2130/1494
f 1797/2133/1497 1795/2131/1495 1798/2134/1498
f 1794/2130/1494 1799/2135/1499 1792/2128/1492
f 1797/2133/1497 1799/2135/1499 1794/2130/1494
f 1792/2128/1492 1799/2135/1499 1796/2132/1496
f 1798/2134/1498 1800/2136/1500 1797/2133/1497
f 1800/2136/1500 1798/2134/1498 1801/2137/1501
f 1802/2138/1502 1800/2136/1500 1801/2137/1501
f 1799/2135/1499 1797/2133/1497 1803/2139/1503
f 1800/2136/1500 1803/2139/1503 1797/2133/1497
f 1800/2136/1500 1802/2138/1502 1804/2140/1504
f 1802/2138/1502 1805/2141/1505 1804/2140/1504
f 1805/2141/1505 1802/2138/1502 1806/2142/1506
f 1807/2143/1507 1805/2141/1505 1806/2142/1506
f 1808/2144/1508 1800/2136/1500 1804/2140/1504
f 1805/2141/1505 1808/2144/1508 1804/2140/1504
f 1805/2141/1505 1807/2143/1507 1809/2145/1509
f 1810/2146/1510 1809/2145/1509 1807/2143/1507
f 1808/2147/1508 1805/2141/1505 1809/2145/1509
f 1800/2136/1500 1808/2144/1508 1811/2148/1511
f 1803/2139/1503 1800/2136/1500 1811/2148/1511
f 1811/2148/1511 1808/2144/1508 1812/2149/1512
f 1808/2144/1508 1813/2150/1513 1812/2149/1512
f 1814/2151/1514 1803/2139/1503 1811/2148/1511
f 1812/2149/1512 1814/2151/1514 1811/2148/1511
f 1815/2152/1515 1812/2149/1512 1813/2150/1513
f 1812/2149/1512 1815/2152/1515 1816/2153/1516
f 1816/2153/1516 1814/2151/1514 1812/2149/1512
f 1814/2151/1514 1816/2153/1516 1817/2154/1517
f 1818/2155/1518 1814/2151/1514 1817/2154/1517
f 1819/2156/1519 1815/2152/1515 1813/2150/1513
f 1813/2150/1513 1808/2147/1508 1819/2156/1519
f 1815/2152/1515 1819/2156/1519 1820/2157/1520
f 1818/2155/1518 1821/2158/1521 1814/2151/1514
f 1814/2151/1514 1821/2158/1521 1803/2139/1503
f 1821/2158/1521 1799/2135/1499 1803/2139/1503
f 1818/2155/1518 1822/2159/1522 1821/2158/1521
f 1799/2135/1499 1821/2158/1521 1823/2160/1523
f 1822/2159/1522 1823/2160/1523 1821/2158/1521
f 1823/2160/1523 1796/2132/1496 1799/2135/1499
f 1823/2160/1523 1822/2159/1522 1824/2161/1524
f 1796/2132/1496 1823/2160/1523 1825/2162/1525
f 1824/2161/1524 1825/2162/1525 1823/2160/1523
f 1822/2159/1522 1826/2163/1526 1824/2161/1524
f 1826/2163/1526 1822/2159/1522 1827/2164/1527
f 1826/2163/1526 1827/2164/1527 1828/2165/1528
f 1825/2162/1525 1824/2161/1524 1829/2166/1529
f 1826/2163/1526 1829/2166/1529 1824/2161/1524
f 1825/2162/1525 1830/2167/1530 1796/2132/1496
f 1829/2166/1529 1830/2167/1530 1825/2162/1525
f 1796/2132/1496 1830/2167/1530 1793/2129/1493
f 1830/2167/1530 1791/2127/1491 1793/2129/1493
f 1791/2127/1491 1830/2167/1530 1831/2168/1531
f 1832/2169/1532 1831/2168/1531 1830/2167/1530
f 1830/2167/1530 1829/2166/1529 1833/2170/1533
f 1832/2169/1532 1830/2167/1530 1833/2170/1533
f 1829/2166/1529 1834/2171/1534 1833/2170/1533
f 1832/2169/1532 1833/2170/1533 1834/2171/1534
f 1834/2171/1534 1829/2166/1529 1835/2172/1535
f 1835/2172/1535 1832/2169/1532 1834/2171/1534
f 1829/2166/1529 1826/2163/1526 1835/2172/1535
f 1828/2165/1528 1835/2172/1535 1826/2163/1526
f 1832/2169/1532 1835/2172/1535 1836/2173/1536
f 1828/2165/1528 1836/2173/1536 1835/2172/1535
f 1836/2173/1536 1828/2165/1528 1837/2174/1537
f 1820/2157/1520 1838/2175/1538 1839/2176/1539
f 1838/2175/1538 1820/2157/1520 1819/2156/1519
f 1838/2175/1538 1840/2177/1540 1839/2176/1539
f 1841/2178/1541 1838/2175/1538 1819/2156/1519
f 1808/2147/1508 1841/2178/1541 1819/2156/1519
f 1840/2177/1540 1838/2175/1538 1842/2179/1542
f 1842/2179/1542 1843/2180/1543 1840/2177/1540
f 1844/2181/1544 1838/2175/1538 1841/2178/1541
f 1838/2175/1538 1844/2181/1544 1842/2179/1542
f 1808/2147/1508 1845/2182/1545 1841/2178/1541
f 1845/2182/1545 1808/2147/1508 1809/2145/1509
f 1809/2145/1509 1810/2146/1510 1845/2182/1545
f 1846/2183/1546 1845/2182/1545 1810/2146/1510
f 1847/2184/1547 1844/2181/1544 1841/2178/1541
f 1845/2182/1545 1846/2183/1546 1848/2185/1548
f 1849/2186/1549 1848/2185/1548 1846/2183/1546
f 1845/2182/1545 1850/2187/1550 1841/2178/1541
f 1841/2178/1541 1850/2187/1550 1847/2184/1547
f 1848/2185/1548 1849/2186/1549 1851/2188/1551
f 1852/2189/1552 1851/2188/1551 1849/2186/1549
f 1853/2190/1553 1847/2184/1547 1850/2187/1550
f 1851/2188/1551 1852/2189/1552 1854/2191/1554
f 1855/2192/1555 1844/2181/1544 1847/2184/1547
f 1847/2184/1547 1853/2190/1553 1855/2192/1555
f 1852/2189/1552 1856/2193/1556 1854/2191/1554
f 1856/2193/1556 1852/2189/1552 1857/2194/1557
f 1782/2195/1482 1856/2193/1556 1857/2194/1557
f 1856/2193/1556 1782/2195/1482 1781/2196/1481
f 1856/2193/1556 1858/2197/1558 1854/2191/1554
f 1858/2197/1558 1851/2188/1551 1854/2191/1554
f 1781/2196/1481 1859/2198/1559 1856/2193/1556
f 1858/2197/1558 1856/2193/1556 1859/2198/1559
f 1859/2198/1559 1781/2196/1481 1786/2199/1486
f 1860/2200/1560 1851/2188/1551 1858/2197/1558
f 1860/2200/1560 1848/2185/1548 1851/2188/1551
f 1859/2198/1559 1861/2201/1561 1858/2197/1558
f 1860/2200/1560 1858/2197/1558 1861/2201/1561
f 1786/2199/1486 1862/2202/1562 1859/2198/1559
f 1861/2201/1561 1859/2198/1559 1862/2202/1562
f 1862/2202/1562 1786/2199/1486 1787/2203/1487
f 1788/2204/1488 1862/2202/1562 1787/2203/1487
f 1863/2205/1563 1848/2185/1548 1860/2200/1560
f 1848/2185/1548 1863/2205/1563 1845/2182/1545
f 1861/2201/1561 1864/2206/1564 1860/2200/1560
f 1864/2206/1564 1863/2205/1563 1860/2200/1560
f 1862/2202/1562 1865/2207/1565 1861/2201/1561
f 1864/2206/1564 1861/2201/1561 1865/2207/1565
f 1865/2207/1565 1862/2202/1562 1866/2208/1566
f 1862/2202/1562 1788/2204/1488 1866/2208/1566
f 1866/2208/1566 1867/2209/1567 1865/2207/1565
f 1866/2208/1566 1788/2204/1488 1868/2210/1568
f 1867/2209/1567 1866/2208/1566 1868/2210/1568
f 1869/2211/1569 1865/2207/1565 1867/2209/1567
f 1865/2207/1565 1869/2211/1569 1864/2206/1564
f 1788/2204/1488 1870/2212/1570 1868/2210/1568
f 1870/2212/1570 1788/2204/1488 1791/2213/1491
f 1831/2214/1531 1870/2212/1570 1791/2213/1491
f 1868/2210/1568 1871/2215/1571 1867/2209/1567
f 1871/2215/1571 1868/2210/1568 1870/2212/1570
f 1871/2215/1571 1869/2211/1569 1867/2209/1567
f 1870/2212/1570 1831/2214/1531 1872/2216/1572
f 1872/2216/1572 1871/2215/1571 1870/2212/1570
f 1872/2216/1572 1831/2214/1531 1832/2217/1532
f 1873/2218/1573 1864/2206/1564 1869/2211/1569
f 1871/2215/1571 1873/2218/1573 1869/2211/1569
f 1864/2206/1564 1873/2218/1573 1874/2219/1574
f 1863/2205/1563 1864/2206/1564 1874/2219/1574
f 1873/2218/1573 1875/2220/1575 1874/2219/1574
f 1875/2220/1575 1863/2205/1563 1874/2219/1574
f 1875/2220/1575 1873/2218/1573 1876/2221/1576
f 1871/2215/1571 1876/2221/1576 1873/2218/1573
f 1863/2205/1563 1875/2220/1575 1877/2222/1577
f 1845/2182/1545 1863/2205/1563 1877/2222/1577
f 1876/2221/1576 1878/2223/1578 1875/2220/1575
f 1878/2223/1578 1877/2222/1577 1875/2220/1575
f 1845/2182/1545 1877/2222/1577 1879/2224/1579
f 1877/2222/1577 1878/2223/1578 1879/2224/1579
f 1845/2182/1545 1879/2224/1579 1850/2187/1550
f 1879/2224/1579 1853/2190/1553 1850/2187/1550
f 1853/2190/1553 1879/2224/1579 1878/2223/1578
f 1878/2223/1578 1876/2221/1576 1880/2225/1580
f 1880/2225/1580 1853/2190/1553 1878/2223/1578
f 1871/2215/1571 1880/2225/1580 1876/2221/1576
f 1853/2190/1553 1880/2225/1580 1881/2226/1581
f 1871/2215/1571 1881/2226/1581 1880/2225/1580
f 1881/2226/1581 1855/2192/1555 1853/2190/1553
f 1871/2215/1571 1882/2227/1582 1881/2226/1581
f 1855/2192/1555 1881/2226/1581 1882/2227/1582
f 1883/2228/1583 1855/2192/1555 1882/2227/1582
f 1871/2215/1571 1883/2228/1583 1882/2227/1582
f 1883/2228/1583 1844/2181/1544 1855/2192/1555
f 1883/2228/1583 1842/2179/1542 1844/2181/1544
f 1842/2179/1542 1883/2228/1583 1884/2229/1584
f 1884/2229/1584 1843/2180/1543 1842/2179/1542
f 1871/2215/1571 1885/2230/1585 1883/2228/1583
f 1883/2228/1583 1885/2230/1585 1884/2229/1584
f 1885/2230/1585 1843/2180/1543 1884/2229/1584
f 1871/2215/1571 1872/2216/1572 1885/2230/1585
f 1886/2231/1586 1843/2180/1543 1885/2230/1585
f 1872/2216/1572 1886/2231/1586 1885/2230/1585
f 1886/2231/1586 1887/2232/1587 1843/2180/1543
f 1843/2180/1543 1887/2232/1587 1888/2233/1588
f 1888/2233/1588 1887/2232/1587 1889/2234/1589
f 1886/2231/1586 1872/2216/1572 1890/2235/1590
f 1872/2216/1572 1832/2217/1532 1890/2235/1590
f 1891/2236/1591 1887/2232/1587 1886/2231/1586
f 1887/2232/1587 1891/2236/1591 1889/2234/1589
f 1892/2237/1592 1886/2231/1586 1890/2235/1590
f 1890/2235/1590 1832/2217/1532 1892/2237/1592
f 1886/2231/1586 1892/2237/1592 1891/2236/1591
f 1832/2217/1532 1891/2236/1591 1892/2237/1592
f 1891/2236/1591 1832/2217/1532 1836/2238/1536
f 1836/2238/1536 1889/2234/1589 1891/2236/1591
f 1889/2234/1589 1836/2238/1536 1837/2239/1537
f 1893/2240/1593 1894/2241/1594 1895/2242/1595
f 1894/2241/1594 1893/2240/1593 1896/2243/1596
f 1897/2244/1597 1898/2245/1598 1899/2246/1599
f 1898/2245/1598 1897/2244/1597 1900/2247/1600
f 1901/2248/1601 1902/2249/1602 1903/2250/1603
f 1902/2249/1602 1901/2248/1601 1904/2251/1604
f 1905/2252/1605 1906/2253/1606 1907/2254/1607
f 1906/2253/1606 1905/2252/1605 1908/2255/1608
f 1909/2256/1609 1910/2257/1610 1911/2258/1611
f 1910/2257/1610 1909/2256/1609 1912/2259/1612
f 1913/2260/1613 1914/2261/1614 1915/2262/1615
f 1914/2261/1614 1913/2260/1613 1916/2263/1616
f 1917/2264/1617 1918/2265/1618 1919/2266/1619
f 1918/2265/1618 1917/2264/1617 1920/2267/1620
f 1921/2268/1621 1922/2269/1622 1923/2270/1623
f 1922/2269/1622 1921/2268/1621 1924/2271/1624
f 1925/2272/1625 1926/2273/1626 1927/2274/1627
f 1926/2273/1626 1925/2272/1625 1928/2275/1628
f 1806/2276/1506 1929/2277/1629 1807/2278/1507
f 1802/2279/1502 1929/2277/1629 1806/2276/1506
f 1930/2280/1630 1931/2281/1631 1932/2282/1632
f 1931/2281/1631 1930/2280/1630 1933/2283/1633
f 1934/2284/1634 1935/2285/1635 1936/2286/1636
f 1935/2285/1635 1934/2284/1634 1937/2287/1637
f 1938/2288/1638 1939/2289/1639 1940/2290/1640
f 1939/2289/1639 1938/2288/1638 1941/2291/1641
f 1942/2292/1642 1943/2293/1643 1944/2294/1644
f 1943/2293/1643 1942/2292/1642 1945/2295/1645
f 1946/2296/1646 1947/2297/1647 1948/2298/1648
f 1947/2297/1647 1946/2296/1646 1949/2299/1649
f 1950/2300/1650 1951/2301/1651 1952/2302/1652
f 1951/2301/1651 1950/2300/1650 1953/2303/1653
f 1954/2304/1654 1951/2305/1651 1953/2303/1653
f 1951/2305/1651 1954/2304/1654 1955/2306/1655
f 1956/2307/1656 1957/2308/1657 1958/2309/1658
f 1957/2308/1657 1956/2307/1656 1959/2310/1659
f 1959/2310/1659 1960/2311/1660 1957/2308/1657
f 1960/2311/1660 1959/2310/1659 1961/2312/1661
f 1961/2312/1661 1962/2313/1662 1960/2311/1660
f 1959/2310/1659 1963/2314/1663 1961/2312/1661
f 1963/2314/1663 1959/2310/1659 1964/2315/1664
f 1965/2316/1665 1961/2312/1661 1963/2314/1663
f 1956/2317/1656 1964/2315/1664 1959/2310/1659
f 1964/2315/1664 1956/2317/1656 1966/2318/1666
f 1961/2312/1661 1965/2316/1665 1967/2319/1667
f 1962/2313/1662 1961/2312/1661 1967/2319/1667
f 1967/2319/1667 1968/2320/1668 1962/2313/1662
f 1969/2321/1669 1967/2319/1667 1965/2316/1665
f 1968/2320/1668 1967/2319/1667 1970/2322/1670
f 1967/2319/1667 1969/2321/1669 1970/2322/1670
f 1971/2323/1671 1970/2322/1670 1969/2321/1669
f 1970/2322/1670 1971/2323/1671 1972/2324/1672
f 1973/2325/1673 1972/2324/1672 1971/2323/1671
f 1972/2324/1672 1973/2325/1673 1974/2326/1674
f 1975/2327/1675 1974/2326/1674 1973/2325/1673
f 1974/2326/1674 1975/2327/1675 1976/2328/1676
f 1977/2329/1677 1976/2328/1676 1975/2327/1675
f 1976/2328/1676 1977/2329/1677 1978/2330/1678
f 1979/2331/1679 1978/2330/1678 1977/2329/1677
f 1978/2330/1678 1979/2331/1679 1980/2332/1680
f 1981/2333/1681 1980/2332/1680 1979/2331/1679
f 1980/2332/1680 1982/2334/1682 1983/2335/1683
f 1980/2332/1680 1981/2333/1681 1984/2336/1684
f 1982/2334/1682 1980/2332/1680 1984/2336/1684
f 1985/2337/1685 1984/2336/1684 1981/2333/1681
f 1984/2336/1684 1986/2338/1686 1982/2334/1682
f 1984/2336/1684 1985/2337/1685 1987/2339/1687
f 1986/2338/1686 1984/2336/1684 1987/2339/1687
f 1988/2340/1688 1987/2339/1687 1985/2337/1685
f 1987/2339/1687 1989/2341/1689 1986/2338/1686
f 1987/2339/1687 1988/2340/1688 1990/2342/1690
f 1989/2341/1689 1987/2339/1687 1990/2342/1690
f 1966/2343/1666 1990/2342/1690 1988/2340/1688
f 1990/2342/1690 1966/2343/1666 1956/2344/1656
f 1956/2344/1656 1989/2341/1689 1990/2342/1690
f 1989/2341/1689 1956/2344/1656 1958/2345/1658
f 1991/2346/1691 1958/2347/1658 1957/2348/1657
f 1958/2347/1658 1991/2346/1691 1992/2349/1692
f 1992/2349/1692 1989/2350/1689 1958/2347/1658
f 1989/2350/1689 1992/2349/1692 1993/2351/1693
f 1994/2352/1694 1962/2353/1662 1968/2354/1668
f 1962/2353/1662 1994/2352/1694 1995/2355/1695
f 1995/2355/1695 1960/2356/1660 1962/2353/1662
f 1960/2356/1660 1995/2355/1695 1996/2357/1696
f 1996/2357/1696 1957/2348/1657 1960/2356/1660
f 1957/2348/1657 1996/2357/1696 1997/2358/1697
f 1957/2348/1657 1997/2358/1697 1991/2346/1691
f 1998/2359/1698 1991/2346/1691 1997/2358/1697
f 1991/2346/1691 1998/2359/1698 1999/2360/1699
f 1998/2359/1698 1997/2358/1697 2000/2361/1700
f 2000/2361/1700 1997/2358/1697 2001/2362/1701
f 2001/2362/1701 1997/2358/1697 1996/2357/1696
f 1996/2357/1696 2002/2363/1702 2001/2362/1701
f 2002/2363/1702 1996/2357/1696 1995/2355/1695
f 1908/2255/1608 2001/2362/1701 2002/2363/1702
f 2001/2362/1701 1908/2255/1608 2003/2364/1703
f 1995/2355/1695 2004/2365/1704 2002/2363/1702
f 2004/2365/1704 1908/2255/1608 2002/2363/1702
f 2004/2365/1704 1995/2355/1695 1994/2352/1694
f 1908/2255/1608 2005/2366/1705 2003/2364/1703
f 2005/2366/1705 1908/2255/1608 1905/2252/1605
f 2005/2366/1705 2006/2367/1706 2003/2364/1703
f 2006/2367/1706 2005/2366/1705 2007/2368/1707
f 2007/2368/1707 1895/2242/1595 2006/2367/1706
f 1895/2242/1595 2007/2368/1707 1893/2240/1593
f 2008/2369/1708 1994/2352/1694 2009/2370/1709
f 1994/2352/1694 2008/2369/1708 2004/2365/1704
f 2008/2369/1708 2010/2371/1710 2004/2365/1704
f 1908/2255/1608 2004/2365/1704 2010/2371/1710
f 2010/2371/1710 2008/2369/1708 1901/2248/1601
f 1908/2255/1608 2010/2371/1710 1906/2253/1606
f 1903/2250/1603 2010/2371/1710 1901/2248/1601
f 1906/2253/1606 2010/2371/1710 1903/2250/1603
f 1902/2249/1602 1906/2253/1606 1903/2250/1603
f 1906/2253/1606 1902/2249/1602 1907/2254/1607
f 2011/2372/1711 2012/2373/1712 2013/2374/1713
f 2012/2373/1712 2011/2372/1711 2014/2375/1714
f 2014/2375/1714 2015/2376/1715 2012/2373/1712
f 2016/2377/1716 2015/2376/1715 2014/2375/1714
f 2017/2378/1717 2015/2376/1715 2016/2377/1716
f 2017/2378/1717 2018/2379/1718 2015/2376/1715
f 2018/2379/1718 2017/2378/1717 2019/2380/1719
f 2019/2380/1719 2020/2381/1720 2018/2379/1718
f 2019/2380/1719 2017/2378/1717 2021/2382/1721
f 2022/2383/1722 2020/2381/1720 2019/2380/1719
f 2021/2382/1721 2022/2383/1722 2019/2380/1719
f 2023/2384/1723 2020/2381/1720 2022/2383/1722
f 2022/2383/1722 2021/2382/1721 2024/2385/1724
f 2024/2385/1724 2023/2384/1723 2022/2383/1722
f 2025/2386/1725 2023/2384/1723 2024/2385/1724
f 2026/2387/1726 2023/2384/1723 2025/2386/1725
f 2026/2387/1726 2025/2386/1725 2027/2388/1727
f 2025/2386/1725 2028/2389/1728 2027/2388/1727
f 2028/2389/1728 2025/2386/1725 2029/2390/1729
f 2027/2388/1727 2030/2391/1730 2026/2387/1726
f 2028/2389/1728 2030/2391/1730 2027/2388/1727
f 2031/2392/1731 2028/2389/1728 2029/2390/1729
f 2026/2387/1726 2030/2391/1730 2032/2393/1732
f 2028/2389/1728 2033/2394/1733 2030/2391/1730
f 2033/2394/1733 2028/2389/1728 2031/2392/1731
f 2032/2393/1732 2034/2395/1734 2026/2387/1726
f 2031/2392/1731 2035/2396/1735 2033/2394/1733
f 2034/2395/1734 2032/2393/1732 2036/2397/1736
f 2034/2395/1734 2036/2397/1736 2037/2398/1737
f 2035/2396/1735 2031/2392/1731 2038/2399/1738
f 2038/2399/1738 2039/2400/1739 2035/2396/1735
f 2039/2400/1739 2038/2399/1738 2040/2401/1740
f 2040/2401/1740 2041/2402/1741 2039/2400/1739
f 2041/2402/1741 2040/2401/1740 2042/2403/1742
f 2042/2403/1742 1900/2247/1600 2041/2402/1741
f 1900/2247/1600 2042/2403/1742 1898/2245/1598
f 1896/2243/1596 2043/2404/1743 1894/2241/1594
f 2043/2404/1743 1896/2243/1596 2044/2405/1744
f 2044/2405/1744 2045/2406/1745 2043/2404/1743
f 2045/2406/1745 2044/2405/1744 2046/2407/1746
f 2046/2407/1746 2047/2408/1747 2045/2406/1745
f 2047/2408/1747 2046/2407/1746 2048/2409/1748
f 2048/2409/1748 1899/2246/1599 2047/2408/1747
f 1899/2246/1599 2048/2409/1748 1897/2244/1597
f 2049/2410/1749 2050/2411/1750 2051/2412/1751
f 2050/2411/1750 2049/2410/1749 2052/2413/1752
f 2050/2411/1750 2052/2413/1752 2053/2414/1753
f 2024/2415/1724 1918/2265/1618 1920/2267/1620
f 1918/2265/1618 2024/2415/1724 2021/2416/1721
f 2021/2416/1721 1919/2266/1619 1918/2265/1618
f 1919/2266/1619 2021/2416/1721 2017/2417/1717
f 2054/2418/1754 2055/2419/1755 2056/2420/1756
f 2054/2418/1754 2057/2421/1757 2055/2419/1755
f 2055/2419/1755 2057/2421/1757 2058/2422/1758
f 2059/2423/1759 2058/2422/1758 2057/2421/1757
f 2058/2422/1758 2059/2423/1759 2060/2424/1760
f 2061/2425/1761 2060/2424/1760 2059/2423/1759
f 2060/2424/1760 2061/2425/1761 2062/2426/1762
f 2063/2427/1763 2062/2426/1762 2061/2425/1761
f 2062/2426/1762 2063/2427/1763 2064/2428/1764
f 2065/2429/1765 2064/2428/1764 2063/2427/1763
f 2064/2428/1764 2065/2429/1765 2066/2430/1766
f 2067/2431/1767 2066/2430/1766 2065/2429/1765
f 2066/2430/1766 2067/2431/1767 2068/2432/1768
f 2069/2433/1769 2068/2432/1768 2067/2431/1767
f 2068/2432/1768 2069/2433/1769 2070/2434/1770
f 2071/2435/1771 2070/2434/1770 2069/2433/1769
f 2070/2434/1770 2071/2435/1771 2072/2436/1772
f 2073/2437/1773 2072/2436/1772 2071/2435/1771
f 2072/2436/1772 2073/2437/1773 2074/2438/1774
f 2075/2439/1775 2074/2438/1774 2073/2437/1773
f 2074/2438/1774 2075/2439/1775 2076/2440/1776
f 2077/2441/1777 2076/2440/1776 2075/2439/1775
f 2076/2440/1776 2077/2441/1777 2078/2442/1778
f 2079/2443/1779 2078/2442/1778 2077/2441/1777
f 2078/2442/1778 2079/2443/1779 2080/2444/1780
f 2081/2445/1781 2080/2444/1780 2079/2443/1779
f 2080/2444/1780 2081/2445/1781 2082/2446/1782
f 2083/2447/1783 2082/2446/1782 2081/2445/1781
f 2082/2446/1782 2083/2447/1783 1922/2448/1622
f 2084/2449/1784 1922/2448/1622 2083/2447/1783
f 1922/2448/1622 2084/2449/1784 1923/2450/1623
f 2085/2451/1785 2086/2452/1786 2087/2453/1787
f 2085/2451/1785 2088/2454/1788 2086/2452/1786
f 2086/2452/1786 2088/2454/1788 2089/2455/1789
f 2090/2456/1790 2089/2455/1789 2088/2454/1788
f 2089/2455/1789 2090/2456/1790 2091/2457/1791
f 2092/2458/1792 2091/2457/1791 2090/2456/1790
f 2091/2457/1791 2092/2458/1792 2093/2459/1793
f 2094/2460/1794 2093/2459/1793 2092/2458/1792
f 2093/2459/1793 2094/2460/1794 2095/2461/1795
f 1928/2462/1628 2095/2461/1795 2094/2460/1794
f 2095/2461/1795 1928/2462/1628 1925/2463/1625
f 2096/2464/1796 1924/2465/1624 1921/2466/1621
f 1924/2465/1624 2096/2464/1796 2097/2467/1797
f 2097/2467/1797 2098/2468/1798 1924/2465/1624
f 2098/2468/1798 2097/2467/1797 2099/2469/1799
f 2099/2469/1799 2100/2470/1800 2098/2468/1798
f 2100/2470/1800 2099/2469/1799 2101/2471/1801
f 2101/2471/1801 2102/2472/1802 2100/2470/1800
f 2102/2472/1802 2101/2471/1801 2103/2473/1803
f 2103/2473/1803 2104/2474/1804 2102/2472/1802
f 2104/2474/1804 2103/2473/1803 2105/2475/1805
f 2105/2475/1805 2106/2476/1806 2104/2474/1804
f 2106/2476/1806 2105/2475/1805 2107/2477/1807
f 2107/2477/1807 2108/2478/1808 2106/2476/1806
f 2108/2478/1808 2107/2477/1807 2109/2479/1809
f 2109/2479/1809 2110/2480/1810 2108/2478/1808
f 2110/2480/1810 2109/2479/1809 2111/2481/1811
f 2111/2481/1811 2112/2482/1812 2110/2480/1810
f 2112/2482/1812 2111/2481/1811 2113/2483/1813
f 2113/2483/1813 2114/2484/1814 2112/2482/1812
f 2114/2484/1814 2113/2483/1813 2115/2485/1815
f 2115/2485/1815 2116/2486/1816 2114/2484/1814
f 2116/2486/1816 2115/2485/1815 2117/2487/1817
f 2117/2487/1817 2118/2488/1818 2116/2486/1816
f 2118/2488/1818 2117/2487/1817 2119/2489/1819
f 2119/2489/1819 2120/2490/1820 2118/2488/1818
f 2120/2490/1820 2119/2489/1819 2121/2491/1821
f 2121/2491/1821 2122/2492/1822 2120/2490/1820
f 2122/2492/1822 2121/2491/1821 2123/2493/1823
f 2122/2492/1822 2123/2493/1823 2124/2494/1824
f 2124/2494/1824 2123/2493/1823 2125/2495/1825
f 2124/2494/1824 2125/2495/1825 2126/2496/1826
f 1926/2497/1626 2127/2498/1827 1927/2499/1627
f 2127/2498/1827 1926/2497/1626 2128/2500/1828
f 2128/2500/1828 2129/2501/1829 2127/2498/1827
f 2129/2501/1829 2128/2500/1828 2130/2502/1830
f 2130/2502/1830 2131/2503/1831 2129/2501/1829
f 2131/2503/1831 2130/2502/1830 2132/2504/1832
f 2132/2504/1832 2133/2505/1833 2131/2503/1831
f 2133/2505/1833 2132/2504/1832 2134/2506/1834
f 2133/2505/1833 2134/2506/1834 2135/2507/1835
f 2135/2507/1835 2134/2506/1834 2136/2508/1836
f 2135/2507/1835 2136/2508/1836 2137/2509/1837
f 2138/2510/1838 2139/2511/1839 2140/2512/1840
f 2139/2511/1839 2138/2510/1838 2141/2513/1841
f 2141/2513/1841 2142/2514/1842 2139/2511/1839
f 2142/2514/1842 2141/2513/1841 2143/2515/1843
f 2144/2516/1844 2142/2514/1842 2143/2515/1843
f 2142/2514/1842 2144/2516/1844 2145/2517/1845
f 2146/2518/1846 2145/2517/1845 2144/2516/1844
f 2145/2517/1845 2146/2518/1846 2147/2519/1847
f 2146/2518/1846 2148/2520/1848 2147/2519/1847
f 2148/2520/1848 2146/2518/1846 2149/2521/1849
f 2149/2521/1849 2150/2522/1850 2148/2520/1848
f 2150/2522/1850 2149/2521/1849 2151/2523/1851
f 2152/2524/1852 2150/2522/1850 2151/2523/1851
f 2150/2522/1850 2152/2524/1852 2153/2525/1853
f 2154/2526/1854 2153/2525/1853 2152/2524/1852
f 2153/2525/1853 2154/2526/1854 2155/2527/1855
f 2154/2526/1854 2156/2528/1856 2155/2527/1855
f 2156/2528/1856 2154/2526/1854 2157/2529/1857
f 2157/2529/1857 2158/2530/1858 2156/2528/1856
f 2158/2530/1858 2157/2529/1857 2159/2531/1859
f 2160/2532/1860 2158/2530/1858 2159/2531/1859
f 2158/2530/1858 2160/2532/1860 2161/2533/1861
f 2162/2534/1862 2161/2533/1861 2160/2532/1860
f 2161/2533/1861 2162/2534/1862 2163/2535/1863
f 2164/2536/1864 2165/2537/1865 2166/2538/1866
f 2165/2537/1865 2164/2536/1864 2167/2539/1867
f 2167/2539/1867 1937/2287/1637 2165/2537/1865
f 1937/2287/1637 2167/2539/1867 1935/2285/1635
f 2168/2540/1868 2169/2541/1869 2170/2542/1870
f 2169/2541/1869 2168/2540/1868 2171/2543/1871
f 2171/2543/1871 2172/2544/1872 2169/2541/1869
f 2172/2544/1872 2171/2543/1871 2173/2545/1873
f 2173/2545/1873 2174/2546/1874 2172/2544/1872
f 2174/2546/1874 2173/2545/1873 2175/2547/1875
f 2175/2547/1875 2176/2548/1876 2174/2546/1874
f 2176/2548/1876 2175/2547/1875 2177/2549/1877
f 2177/2549/1877 2178/2550/1878 2176/2548/1876
f 2178/2550/1878 2177/2549/1877 2179/2551/1879
f 2179/2551/1879 2180/2552/1880 2178/2550/1878
f 2180/2552/1880 2179/2551/1879 2181/2553/1881
f 2181/2553/1881 2182/2554/1882 2180/2552/1880
f 2182/2554/1882 2181/2553/1881 2183/2555/1883
f 2183/2555/1883 2184/2556/1884 2182/2554/1882
f 2184/2556/1884 2183/2555/1883 2185/2557/1885
f 2185/2557/1885 2186/2558/1886 2184/2556/1884
f 2186/2558/1886 2185/2557/1885 2187/2559/1887
f 2187/2559/1887 2188/2560/1888 2186/2558/1886
f 2188/2560/1888 2187/2559/1887 2189/2561/1889
f 2189/2561/1889 2190/2562/1890 2188/2560/1888
f 2190/2562/1890 2189/2561/1889 2191/2563/1891
f 2191/2563/1891 2170/2564/1870 2190/2562/1890
f 2170/2564/1870 2191/2563/1891 2168/2565/1868
f 2192/2566/1892 2193/2567/1893 2194/2568/1894
f 2193/2567/1893 2192/2566/1892 2195/2569/1895
f 2195/2569/1895 2196/2570/1896 2193/2567/1893
f 2196/2570/1896 2195/2569/1895 2197/2571/1897
f 2197/2571/1897 2198/2572/1898 2196/2570/1896
f 2198/2572/1898 2197/2571/1897 2199/2573/1899
f 2199/2573/1899 2200/2574/1900 2198/2572/1898
f 2200/2574/1900 2199/2573/1899 2201/2575/1901
f 2201/2575/1901 2202/2576/1902 2200/2574/1900
f 2202/2576/1902 2201/2575/1901 2203/2577/1903
f 2203/2577/1903 2204/2578/1904 2202/2576/1902
f 2204/2578/1904 2203/2577/1903 2205/2579/1905
f 2205/2579/1905 2206/2580/1906 2204/2578/1904
f 2206/2580/1906 2205/2579/1905 2207/2581/1907
f 2207/2581/1907 2208/2582/1908 2206/2580/1906
f 2208/2582/1908 2207/2581/1907 2209/2583/1909
f 2209/2583/1909 2210/2584/1910 2208/2582/1908
f 2210/2584/1910 2209/2583/1909 2211/2585/1911
f 2211/2585/1911 2212/2586/1912 2210/2584/1910
f 2212/2586/1912 2211/2585/1911 2213/2587/1913
f 2213/2587/1913 2214/2588/1914 2212/2586/1912
f 2214/2588/1914 2213/2587/1913 2215/2589/1915
f 2215/2589/1915 2194/2590/1894 2214/2588/1914
f 2194/2590/1894 2215/2589/1915 2192/2591/1892
f 2216/2592/1916 2217/2593/1917 2218/2594/1918
f 2217/2593/1917 2216/2592/1916 2219/2595/1919
f 2219/2595/1919 2220/2596/1920 2217/2593/1917
f 2220/2596/1920 2219/2595/1919 2221/2597/1921
f 2221/2597/1921 2222/2598/1922 2220/2596/1920
f 2222/2598/1922 2221/2597/1921 2223/2599/1923
f 2223/2599/1923 2224/2600/1924 2222/2598/1922
f 2224/2600/1924 2223/2599/1923 2225/2601/1925
f 2225/2601/1925 2226/2602/1926 2224/2600/1924
f 2226/2602/1926 2225/2601/1925 2227/2603/1927
f 2227/2603/1927 2228/2604/1928 2226/2602/1926
f 2228/2604/1928 2227/2603/1927 2229/2605/1929
f 2230/2606/1930 2228/2604/1928 2229/2605/1929
f 2228/2604/1928 2230/2606/1930 2231/2607/1931
f 2230/2606/1930 2232/2608/1932 2231/2607/1931
f 2232/2608/1932 2230/2606/1930 2233/2609/1933
f 2233/2609/1933 2234/2610/1934 2232/2608/1932
f 2234/2610/1934 2233/2609/1933 2235/2611/1935
f 2235/2611/1935 2236/2612/1936 2234/2610/1934
f 2236/2612/1936 2235/2611/1935 2237/2613/1937
f 2237/2613/1937 2238/2614/1938 2236/2612/1936
f 2238/2614/1938 2237/2613/1937 2239/2615/1939
f 2239/2615/1939 2218/2616/1918 2238/2614/1938
f 2218/2616/1918 2239/2615/1939 2216/2617/1916
f 2217/2618/1917 2238/2619/1938 2218/2620/1918
f 2220/2621/1920 2238/2619/1938 2217/2618/1917
f 2220/2621/1920 2236/2622/1936 2238/2619/1938
f 2222/2623/1922 2236/2622/1936 2220/2621/1920
f 2222/2623/1922 2234/2624/1934 2236/2622/1936
f 2222/2623/1922 2232/2625/1932 2234/2624/1934
f 2224/2626/1924 2232/2625/1932 2222/2623/1922
f 2224/2626/1924 2231/2627/1931 2232/2625/1932
f 2226/2628/1926 2231/2627/1931 2224/2626/1924
f 2228/2629/1928 2231/2627/1931 2226/2628/1926
f 2240/2630/1940 2241/2631/1941 2242/2632/1942
f 2241/2631/1941 2240/2630/1940 2243/2633/1943
f 2244/2634/1944 2243/2633/1943 2240/2630/1940
f 2243/2633/1943 2244/2634/1944 2245/2635/1945
f 2246/2636/1946 2245/2635/1945 2244/2634/1944
f 2245/2635/1945 2246/2636/1946 2247/2637/1947
f 2248/2638/1948 2247/2637/1947 2246/2636/1946
f 2247/2637/1947 2248/2638/1948 2249/2639/1949
f 2250/2640/1950 2249/2639/1949 2248/2638/1948
f 2249/2639/1949 2250/2640/1950 2251/2641/1951
f 2252/2642/1952 2251/2641/1951 2250/2640/1950
f 2251/2641/1951 2252/2642/1952 2253/2643/1953
f 2254/2644/1954 2253/2643/1953 2252/2642/1952
f 2253/2643/1953 2254/2644/1954 2255/2645/1955
f 2256/2646/1956 2255/2645/1955 2254/2644/1954
f 2255/2645/1955 2256/2646/1956 2257/2647/1957
f 2258/2648/1958 2257/2647/1957 2256/2646/1956
f 2257/2647/1957 2258/2648/1958 2259/2649/1959
f 2260/2650/1960 2259/2649/1959 2258/2648/1958
f 2259/2649/1959 2260/2650/1960 2261/2651/1961
f 2262/2652/1962 2261/2651/1961 2260/2650/1960
f 2261/2651/1961 2262/2652/1962 2263/2653/1963
f 2264/2654/1964 2263/2653/1963 2262/2652/1962
f 2263/2653/1963 2264/2654/1964 2265/2655/1965
f 2242/2656/1942 2265/2655/1965 2264/2654/1964
f 2265/2655/1965 2242/2656/1942 2241/2657/1941
f 2266/2658/1966 2001/2659/1701 2003/2660/1703
f 2001/2659/1701 2266/2658/1966 2267/2661/1967
f 2052/2413/1752 2267/2661/1967 2266/2658/1966
f 2267/2661/1967 2052/2413/1752 2049/2410/1749
f 2268/2662/1968 2269/2663/1969 2270/2664/1970
f 2269/2663/1969 2268/2662/1968 2271/2665/1971
f 2272/2666/1972 2271/2665/1971 2268/2662/1968
f 2271/2665/1971 2272/2666/1972 2273/2667/1973
f 2274/2668/1974 2273/2667/1973 2272/2666/1972
f 2273/2667/1973 2274/2668/1974 2275/2669/1975
f 2274/2668/1974 2052/2413/1752 2275/2669/1975
f 2052/2413/1752 2274/2668/1974 2053/2414/1753
f 2276/2670/1976 2270/2671/1970 2269/2672/1969
f 2270/2671/1970 2276/2670/1976 2277/2673/1977
f 2278/2674/1978 2277/2673/1977 2276/2670/1976
f 2277/2673/1977 2278/2674/1978 2279/2675/1979
f 2278/2674/1978 2280/2676/1980 2279/2675/1979
f 2280/2676/1980 2278/2674/1978 2281/2677/1981
f 2280/2676/1980 2281/2677/1981 1909/2256/1609
f 1909/2256/1609 2281/2677/1981 1912/2259/1612
f 2282/2678/1982 2283/2679/1983 2284/2680/1984
f 2283/2679/1983 2282/2678/1982 2285/2681/1985
f 2286/2682/1986 2285/2681/1985 2282/2678/1982
f 2285/2681/1985 2286/2682/1986 2287/2683/1987
f 2287/2683/1987 2288/2684/1988 2285/2681/1985
f 2289/2685/1989 2287/2683/1987 2286/2682/1986
f 2288/2684/1988 2287/2683/1987 2290/2686/1990
f 2287/2683/1987 2289/2685/1989 2291/2687/1991
f 2291/2687/1991 2290/2686/1990 2287/2683/1987
f 2292/2688/1992 2291/2687/1991 2289/2685/1989
f 2290/2686/1990 2291/2687/1991 2293/2689/1993
f 2291/2687/1991 2292/2688/1992 2294/2690/1994
f 2294/2690/1994 2293/2689/1993 2291/2687/1991
f 1916/2263/1616 2294/2690/1994 2292/2688/1992
f 1916/2263/1616 1913/2260/1613 2294/2690/1994
f 2293/2689/1993 2294/2690/1994 2295/2691/1995
f 1913/2260/1613 2295/2691/1995 2294/2690/1994
f 1913/2260/1613 1920/2692/1620 2295/2691/1995
f 2295/2691/1995 1920/2692/1620 1917/2693/1617
f 2296/2694/1996 2025/2695/1725 2297/2696/1997
f 2025/2695/1725 2296/2694/1996 2029/2697/1729
f 2298/2698/1998 2029/2697/1729 2296/2694/1996
f 2029/2697/1729 2298/2698/1998 2031/2699/1731
f 2299/2700/1999 2031/2699/1731 2298/2698/1998
f 2031/2699/1731 2299/2700/1999 2038/2701/1738
f 1910/2702/1610 2038/2701/1738 2299/2700/1999
f 1910/2702/1610 2040/2703/1740 2038/2701/1738
f 1910/2702/1610 1912/2704/1612 2040/2703/1740
f 1912/2704/1612 2042/2705/1742 2040/2703/1740
f 2281/2706/1981 2042/2705/1742 1912/2704/1612
f 2278/2707/1978 2042/2705/1742 2281/2706/1981
f 2278/2707/1978 1898/2708/1598 2042/2705/1742
f 2047/2709/1747 1898/2708/1598 2278/2707/1978
f 1899/2710/1599 1898/2708/1598 2047/2709/1747
f 2276/2711/1976 2047/2709/1747 2278/2707/1978
f 2276/2711/1976 2045/2712/1745 2047/2709/1747
f 2045/2712/1745 2276/2711/1976 2269/2713/1969
f 2269/2713/1969 2043/2714/1743 2045/2712/1745
f 2043/2714/1743 2269/2713/1969 2271/2715/1971
f 2273/2716/1973 2043/2714/1743 2271/2715/1971
f 2273/2716/1973 1895/2717/1595 2043/2714/1743
f 2043/2714/1743 1895/2717/1595 1894/2718/1594
f 2273/2716/1973 2275/2719/1975 1895/2717/1595
f 1895/2717/1595 2275/2719/1975 2006/2720/1706
f 2006/2720/1706 2275/2719/1975 2266/2721/1966
f 2266/2721/1966 2275/2719/1975 2052/2722/1752
f 2006/2720/1706 2266/2721/1966 2003/2723/1703
f 2098/2724/1798 1922/2269/1622 1924/2271/1624
f 1922/2269/1622 2098/2724/1798 2082/2725/1782
f 2100/2726/1800 2082/2725/1782 2098/2724/1798
f 2082/2725/1782 2100/2726/1800 2080/2727/1780
f 2102/2728/1802 2080/2727/1780 2100/2726/1800
f 2080/2727/1780 2102/2728/1802 2078/2729/1778
f 2104/2730/1804 2078/2729/1778 2102/2728/1802
f 2078/2729/1778 2104/2730/1804 2076/2731/1776
f 2106/2732/1806 2076/2731/1776 2104/2730/1804
f 2076/2731/1776 2106/2732/1806 2074/2733/1774
f 2108/2734/1808 2074/2733/1774 2106/2732/1806
f 2074/2733/1774 2108/2734/1808 2072/2735/1772
f 2110/2736/1810 2072/2735/1772 2108/2734/1808
f 2072/2735/1772 2110/2736/1810 2070/2737/1770
f 2112/2738/1812 2070/2737/1770 2110/2736/1810
f 2070/2737/1770 2112/2738/1812 2068/2739/1768
f 2114/2740/1814 2068/2739/1768 2112/2738/1812
f 2068/2739/1768 2114/2740/1814 2066/2741/1766
f 2116/2742/1816 2066/2741/1766 2114/2740/1814
f 2066/2741/1766 2116/2742/1816 2064/2743/1764
f 2118/2744/1818 2064/2743/1764 2116/2742/1816
f 2064/2743/1764 2118/2744/1818 2062/2745/1762
f 2120/2746/1820 2062/2745/1762 2118/2744/1818
f 2062/2745/1762 2120/2746/1820 2060/2747/1760
f 2122/2748/1822 2060/2747/1760 2120/2746/1820
f 2060/2747/1760 2122/2748/1822 2058/2749/1758
f 2122/2748/1822 2055/2750/1755 2058/2749/1758
f 2055/2750/1755 2122/2748/1822 2124/2751/1824
f 2125/2752/1825 2056/2753/1756 2126/2754/1826
f 2056/2753/1756 2125/2752/1825 2054/2755/1754
f 2123/2756/1823 2054/2755/1754 2125/2752/1825
f 2054/2755/1754 2123/2756/1823 2057/2757/1757
f 2121/2758/1821 2057/2757/1757 2123/2756/1823
f 2057/2757/1757 2121/2758/1821 2059/2759/1759
f 2119/2760/1819 2059/2759/1759 2121/2758/1821
f 2059/2759/1759 2119/2760/1819 2061/2761/1761
f 2117/2762/1817 2061/2761/1761 2119/2760/1819
f 2061/2761/1761 2117/2762/1817 2063/2763/1763
f 2115/2764/1815 2063/2763/1763 2117/2762/1817
f 2063/2763/1763 2115/2764/1815 2065/2765/1765
f 2113/2766/1813 2065/2765/1765 2115/2764/1815
f 2065/2765/1765 2113/2766/1813 2067/2767/1767
f 2111/2768/1811 2067/2767/1767 2113/2766/1813
f 2067/2767/1767 2111/2768/1811 2069/2769/1769
f 2109/2770/1809 2069/2769/1769 2111/2768/1811
f 2069/2769/1769 2109/2770/1809 2071/2771/1771
f 2107/2772/1807 2071/2771/1771 2109/2770/1809
f 2071/2771/1771 2107/2772/1807 2073/2773/1773
f 2105/2774/1805 2073/2773/1773 2107/2772/1807
f 2073/2773/1773 2105/2774/1805 2075/2775/1775
f 2103/2776/1803 2075/2775/1775 2105/2774/1805
f 2075/2775/1775 2103/2776/1803 2077/2777/1777
f 2101/2778/1801 2077/2777/1777 2103/2776/1803
f 2077/2777/1777 2101/2778/1801 2079/2779/1779
f 2099/2780/1799 2079/2779/1779 2101/2778/1801
f 2079/2779/1779 2099/2780/1799 2081/2781/1781
f 2097/2782/1797 2081/2781/1781 2099/2780/1799
f 2081/2781/1781 2097/2782/1797 2083/2783/1783
f 2097/2782/1797 2084/2784/1784 2083/2783/1783
f 2084/2784/1784 2097/2782/1797 2096/2785/1796
f 2136/2786/1836 2087/2787/1787 2137/2788/1837
f 2087/2787/1787 2136/2786/1836 2085/2789/1785
f 2134/2790/1834 2085/2789/1785 2136/2786/1836
f 2085/2789/1785 2134/2790/1834 2088/2791/1788
f 2132/2792/1832 2088/2791/1788 2134/2790/1834
f 2088/2791/1788 2132/2792/1832 2090/2793/1790
f 2130/2794/1830 2090/2793/1790 2132/2792/1832
f 2090/2793/1790 2130/2794/1830 2092/2795/1792
f 2128/2796/1828 2092/2795/1792 2130/2794/1830
f 2092/2795/1792 2128/2796/1828 2094/2797/1794
f 1926/2273/1626 2094/2797/1794 2128/2796/1828
f 2094/2797/1794 1926/2273/1626 1928/2275/1628
f 2300/2798/2000 2301/2799/2001 2302/2800/2002
f 2300/2798/2000 2303/2801/2003 2301/2799/2001
f 2304/2802/2004 2303/2801/2003 2300/2798/2000
f 2304/2802/2004 2305/2803/2005 2303/2801/2003
f 2304/2802/2004 2306/2804/2006 2305/2803/2005
f 2305/2803/2005 2306/2804/2006 2307/2805/2007
f 2307/2805/2007 2306/2804/2006 2308/2806/2008
f 2307/2805/2007 2308/2806/2008 2309/2807/2009
f 2309/2807/2009 2308/2806/2008 2310/2808/2010
f 2309/2807/2009 2310/2808/2010 2311/2809/2011
f 2311/2809/2011 2310/2808/2010 2312/2810/2012
f 2313/2811/2013 2310/2808/2010 2314/2812/2014
f 2315/2813/2015 2310/2808/2010 2313/2811/2013
f 2312/2810/2012 2310/2808/2010 2316/2814/2016
f 2316/2814/2016 2310/2808/2010 2315/2813/2015
f 2312/2810/2012 2316/2814/2016 2317/2815/2017
f 2316/2814/2016 2315/2813/2015 2318/2816/2018
f 2316/2814/2016 2318/2816/2018 2319/2817/2019
f 2320/2818/2020 2319/2817/2019 2318/2816/2018
f 2320/2818/2020 2321/2819/2021 2319/2817/2019
f 2320/2818/2020 2322/2820/2022 2321/2819/2021
f 2323/2821/2023 2322/2820/2022 2320/2818/2020
f 2324/2822/2024 2322/2820/2022 2323/2821/2023
f 2325/2823/2025 2322/2820/2022 2324/2822/2024
f 2324/2822/2024 2323/2821/2023 2326/2824/2026
f 2324/2822/2024 2326/2824/2026 2327/2825/2027
f 2328/2826/2028 1938/2288/1638 1940/2290/1640
f 1938/2288/1638 2328/2826/2028 2329/2827/2029
f 1942/2292/1642 2329/2827/2029 2328/2826/2028
f 2329/2827/2029 1942/2292/1642 1944/2294/1644
f 2330/2828/2030 1949/2829/1649 1946/2830/1646
f 1949/2829/1649 2330/2828/2030 2331/2831/2031
f 1952/2832/1652 2331/2831/2031 2330/2828/2030
f 2331/2831/2031 1952/2832/1652 2332/2833/2032
f 1952/2832/1652 2333/2834/2033 2332/2833/2032
f 2333/2834/2033 1952/2832/1652 1951/2835/1651
f 1955/2836/1655 2333/2834/2033 1951/2835/1651
f 2333/2834/2033 1955/2836/1655 2334/2837/2034
f 1983/2838/1683 2015/2376/1715 2018/2379/1718
f 2015/2376/1715 1983/2838/1683 1982/2839/1682
f 1986/2840/1686 2015/2376/1715 1982/2839/1682
f 2015/2376/1715 1986/2840/1686 2012/2373/1712
f 1989/2350/1689 2012/2373/1712 1986/2840/1686
f 2012/2373/1712 1989/2350/1689 2013/2374/1713
f 1993/2351/1693 2013/2374/1713 1989/2350/1689
f 2335/2841/2035 2013/2374/1713 1993/2351/1693
f 2013/2374/1713 2335/2841/2035 2011/2372/1711
f 2336/2842/2036 1991/2346/1691 1999/2360/1699
f 1991/2346/1691 2336/2842/2036 1992/2349/1692
f 2336/2842/2036 1993/2351/1693 1992/2349/1692
f 1993/2351/1693 2336/2842/2036 2335/2841/2035
f 2267/2843/1967 2000/2844/1700 2001/2845/1701
f 2267/2843/1967 2049/2846/1749 2000/2844/1700
f 2000/2844/1700 2049/2846/1749 2337/2847/2037
f 2000/2844/1700 2337/2847/2037 1998/2848/1698
f 2049/2846/1749 2338/2849/2038 2337/2847/2037
f 2051/2850/1751 2338/2849/2038 2049/2846/1749
f 1998/2848/1698 2337/2847/2037 2339/2851/2039
f 2051/2850/1751 2340/2852/2040 2338/2849/2038
f 2340/2852/2040 2341/2853/2041 2338/2849/2038
f 2341/2853/2041 2340/2852/2040 2342/2854/2042
f 2336/2855/2036 1998/2848/1698 2339/2851/2039
f 2336/2855/2036 1999/2856/1699 1998/2848/1698
f 2336/2855/2036 2339/2851/2039 2343/2857/2043
f 2335/2858/2035 2336/2855/2036 2343/2857/2043
f 2335/2858/2035 2343/2857/2043 2344/2859/2044
f 2335/2858/2035 2344/2859/2044 2011/2860/1711
f 2344/2859/2044 2014/2861/1714 2011/2860/1711
f 2014/2861/1714 2344/2859/2044 2345/2862/2045
f 2345/2862/2045 2016/2863/1716 2014/2861/1714
f 2345/2862/2045 1919/2266/1619 2016/2863/1716
f 1919/2266/1619 2017/2417/1717 2016/2863/1716
f 2346/2864/2046 1919/2266/1619 2345/2862/2045
f 2346/2864/2046 1917/2264/1617 1919/2266/1619
f 1917/2264/1617 2346/2864/2046 2347/2865/2047
f 2347/2865/2047 2295/2866/1995 1917/2264/1617
f 2295/2866/1995 2347/2865/2047 2348/2867/2048
f 2348/2867/2048 2293/2868/1993 2295/2866/1995
f 2293/2868/1993 2348/2867/2048 2349/2869/2049
f 2349/2869/2049 2290/2870/1990 2293/2868/1993
f 2290/2870/1990 2349/2869/2049 2350/2871/2050
f 2350/2871/2050 2288/2872/1988 2290/2870/1990
f 2288/2872/1988 2350/2871/2050 2351/2873/2051
f 2342/2854/2042 2351/2873/2051 2341/2853/2041
f 2342/2854/2042 2288/2872/1988 2351/2873/2051
f 2352/2874/2052 2288/2872/1988 2342/2854/2042
f 2352/2874/2052 2283/2679/1983 2288/2872/1988
f 2288/2872/1988 2283/2679/1983 2285/2681/1985
f 2353/2875/2053 2283/2679/1983 2352/2874/2052
f 2284/2680/1984 2283/2679/1983 2353/2875/2053
f 2354/2876/2054 2051/2412/1751 2050/2411/1750
f 2051/2412/1751 2354/2876/2054 2340/2877/2040
f 2354/2876/2054 2342/2878/2042 2340/2877/2040
f 2342/2878/2042 2354/2876/2054 2355/2879/2055
f 2353/2875/2053 2342/2878/2042 2355/2879/2055
f 2342/2878/2042 2353/2875/2053 2352/2874/2052
f 1910/2257/1610 2356/2880/2056 1911/2258/1611
f 2356/2880/2056 1910/2257/1610 2299/2881/1999
f 2298/2882/1998 2356/2880/2056 2299/2881/1999
f 2356/2880/2056 2298/2882/1998 2357/2883/2057
f 2298/2882/1998 2358/2884/2058 2357/2883/2057
f 2358/2884/2058 2298/2882/1998 2359/2885/2059
f 2298/2882/1998 2296/2886/1996 2359/2885/2059
f 1915/2262/1615 2358/2884/2058 2359/2885/2059
f 2296/2886/1996 1915/2262/1615 2359/2885/2059
f 2358/2884/2058 1915/2262/1615 1914/2261/1614
f 1915/2262/1615 2296/2886/1996 2297/2887/1997
f 2086/2888/1786 2133/2889/1833 2135/2890/1835
f 2133/2889/1833 2086/2888/1786 2089/2891/1789
f 2091/2892/1791 2133/2889/1833 2089/2891/1789
f 2133/2889/1833 2091/2892/1791 2131/2893/1831
f 2093/2894/1793 2131/2893/1831 2091/2892/1791
f 2131/2893/1831 2093/2894/1793 2129/2895/1829
f 2095/2896/1795 2129/2895/1829 2093/2894/1793
f 2129/2895/1829 2095/2896/1795 2127/2897/1827
f 2095/2896/1795 1927/2274/1627 2127/2897/1827
f 1927/2274/1627 2095/2896/1795 1925/2272/1625
f 2153/2525/1853 2148/2520/1848 2150/2522/1850
f 2155/2527/1855 2148/2520/1848 2153/2525/1853
f 2155/2527/1855 2145/2517/1845 2148/2520/1848
f 2148/2520/1848 2145/2517/1845 2147/2519/1847
f 2155/2527/1855 2156/2528/1856 2145/2517/1845
f 2156/2528/1856 2142/2514/1842 2145/2517/1845
f 2142/2514/1842 2156/2528/1856 2158/2530/1858
f 2158/2530/1858 2139/2511/1839 2142/2514/1842
f 2139/2511/1839 2158/2530/1858 2161/2533/1861
f 2161/2533/1861 2140/2512/1840 2139/2511/1839
f 2140/2512/1840 2161/2533/1861 2163/2535/1863
f 2140/2512/1840 2360/2898/2060 2138/2510/1838
f 2360/2898/2060 2140/2512/1840 2361/2899/2061
f 2362/2900/2062 2138/2510/1838 2360/2898/2060
f 2361/2899/2061 2362/2900/2062 2360/2898/2060
f 2138/2510/1838 2362/2900/2062 2141/2513/1841
f 2362/2900/2062 2143/2515/1843 2141/2513/1841
f 2361/2899/2061 2363/2901/2063 2364/2902/2064
f 2361/2899/2061 2364/2902/2064 2362/2900/2062
f 2143/2515/1843 2362/2900/2062 2365/2903/2065
f 2364/2902/2064 2365/2903/2065 2362/2900/2062
f 2365/2903/2065 2144/2516/1844 2143/2515/1843
f 2365/2903/2065 2364/2902/2064 2366/2904/2066
f 2144/2516/1844 2365/2903/2065 2367/2905/2067
f 2366/2904/2066 2367/2905/2067 2365/2903/2065
f 2367/2905/2067 2146/2518/1846 2144/2516/1844
f 2367/2905/2067 2149/2521/1849 2146/2518/1846
f 2366/2904/2066 2368/2906/2068 2367/2905/2067
f 2368/2906/2068 2149/2521/1849 2367/2905/2067
f 2368/2906/2068 2151/2523/1851 2149/2521/1849
f 2368/2906/2068 2366/2904/2066 2369/2907/2069
f 2368/2906/2068 2152/2524/1852 2151/2523/1851
f 2370/2908/2070 2368/2906/2068 2369/2907/2069
f 2371/2909/2071 2370/2908/2070 2369/2907/2069
f 2368/2906/2068 2372/2910/2072 2152/2524/1852
f 2152/2524/1852 2372/2910/2072 2154/2526/1854
f 2154/2526/1854 2372/2910/2072 2157/2529/1857
f 2372/2910/2072 2159/2531/1859 2157/2529/1857
f 2373/2911/2073 2371/2909/2071 2374/2912/2074
f 2159/2531/1859 2372/2910/2072 2375/2913/2075
f 2375/2913/2075 2160/2532/1860 2159/2531/1859
f 2371/2909/2071 2373/2911/2073 2376/2914/2076
f 2377/2915/2077 2376/2914/2076 2373/2911/2073
f 2378/2916/2078 2376/2914/2076 2377/2915/2077
f 2376/2914/2076 2379/2917/2079 2371/2909/2071
f 2370/2908/2070 2371/2909/2071 2379/2917/2079
f 2378/2916/2078 2380/2918/2080 2376/2914/2076
f 2380/2918/2080 2379/2917/2079 2376/2914/2076
f 2378/2916/2078 2381/2919/2081 2380/2918/2080
f 2382/2920/2082 2370/2908/2070 2379/2917/2079
f 2379/2917/2079 2380/2918/2080 2382/2920/2082
f 2381/2919/2081 2383/2921/2083 2380/2918/2080
f 2383/2921/2083 2381/2919/2081 2384/2922/2084
f 2380/2918/2080 2385/2923/2085 2382/2920/2082
f 2385/2923/2085 2380/2918/2080 2383/2921/2083
f 2370/2908/2070 2382/2920/2082 2386/2924/2086
f 2383/2921/2083 2387/2925/2087 2385/2923/2085
f 2388/2926/2088 2382/2920/2082 2385/2923/2085
f 2388/2926/2088 2386/2924/2086 2382/2920/2082
f 2388/2926/2088 2385/2923/2085 2387/2925/2087
f 2389/2927/2089 2370/2908/2070 2386/2924/2086
f 2370/2908/2070 2389/2927/2089 2368/2906/2068
f 2368/2906/2068 2389/2927/2089 2372/2910/2072
f 2388/2926/2088 2389/2927/2089 2386/2924/2086
f 2372/2910/2072 2389/2927/2089 2390/2928/2090
f 2390/2928/2090 2375/2913/2075 2372/2910/2072
f 2388/2926/2088 2391/2929/2091 2389/2927/2089
f 2389/2927/2089 2391/2929/2091 2390/2928/2090
f 2375/2913/2075 2390/2928/2090 2392/2930/2092
f 2390/2928/2090 2391/2929/2091 2393/2931/2093
f 2393/2931/2093 2392/2930/2092 2390/2928/2090
f 2392/2930/2092 2394/2932/2094 2375/2913/2075
f 2160/2532/1860 2375/2913/2075 2394/2932/2094
f 2394/2932/2094 2162/2534/1862 2160/2532/1860
f 2162/2534/1862 2394/2932/2094 2395/2933/2095
f 2396/2934/2096 2395/2933/2095 2394/2932/2094
f 2394/2932/2094 2392/2930/2092 2396/2934/2096
f 2395/2933/2095 2396/2934/2096 2397/2935/2097
f 2398/2936/2098 2397/2935/2097 2396/2934/2096
f 2396/2934/2096 2392/2930/2092 2398/2936/2098
f 2397/2935/2097 2398/2936/2098 2399/2937/2099
f 2399/2937/2099 2400/2938/2100 2401/2939/2101
f 2400/2938/2100 2399/2937/2099 2398/2936/2098
f 2398/2936/2098 2402/2940/2102 2400/2938/2100
f 2398/2936/2098 2392/2930/2092 2403/2941/2103
f 2392/2930/2092 2393/2931/2093 2403/2941/2103
f 2402/2940/2102 2398/2936/2098 2404/2942/2104
f 2398/2936/2098 2403/2941/2103 2404/2942/2104
f 2393/2931/2093 2404/2942/2104 2403/2941/2103
f 2404/2942/2104 2405/2943/2105 2402/2940/2102
f 2405/2943/2105 2404/2942/2104 2406/2944/2106
f 2404/2942/2104 2393/2931/2093 2406/2944/2106
f 2406/2944/2106 2407/2945/2107 2405/2943/2105
f 2407/2945/2107 2406/2944/2106 2408/2946/2108
f 2406/2944/2106 2393/2931/2093 2408/2946/2108
f 2408/2946/2108 2409/2947/2109 2407/2945/2107
f 2393/2931/2093 2410/2948/2110 2408/2946/2108
f 2393/2931/2093 2391/2929/2091 2410/2948/2110
f 2391/2929/2091 2408/2946/2108 2410/2948/2110
f 2409/2947/2109 2408/2946/2108 2411/2949/2111
f 2408/2946/2108 2391/2929/2091 2411/2949/2111
f 2411/2949/2111 2412/2950/2112 2409/2947/2109
f 2391/2929/2091 2388/2926/2088 2411/2949/2111
f 2412/2950/2112 2411/2949/2111 2413/2951/2113
f 2413/2951/2113 2411/2949/2111 2388/2926/2088
f 2413/2951/2113 2414/2952/2114 2412/2950/2112
f 2387/2925/2087 2413/2951/2113 2388/2926/2088
f 2414/2952/2114 2413/2951/2113 2387/2925/2087
f 2387/2925/2087 2415/2953/2115 2414/2952/2114
f 2415/2953/2115 2387/2925/2087 2383/2921/2083
f 2384/2922/2084 2415/2953/2115 2383/2921/2083
f 2384/2922/2084 2416/2954/2116 2415/2953/2115
f 2384/2922/2084 2417/2955/2117 2416/2954/2116
f 2418/2956/2118 2417/2955/2117 2384/2922/2084
f 2419/2957/2119 2416/2954/2116 2417/2955/2117
f 2416/2954/2116 2419/2957/2119 2420/2958/2120
f 2417/2955/2117 2418/2956/2118 2421/2959/2121
f 2418/2956/2118 2422/2960/2122 2421/2959/2121
f 2423/2961/2123 2419/2957/2119 2417/2955/2117
f 2421/2959/2121 2423/2961/2123 2417/2955/2117
f 2424/2962/2124 2420/2958/2120 2419/2957/2119
f 2420/2958/2120 2424/2962/2124 2425/2963/2125
f 2419/2957/2119 2423/2961/2123 2426/2964/2126
f 2427/2965/2127 2425/2963/2125 2424/2962/2124
f 2425/2963/2125 2427/2965/2127 2428/2966/2128
f 2419/2957/2119 2429/2967/2129 2424/2962/2124
f 2429/2967/2129 2419/2957/2119 2426/2964/2126
f 2429/2967/2129 2427/2965/2127 2424/2962/2124
f 2423/2961/2123 2430/2968/2130 2426/2964/2126
f 2430/2968/2130 2429/2967/2129 2426/2964/2126
f 2427/2965/2127 2429/2967/2129 2431/2969/2131
f 2429/2967/2129 2430/2968/2130 2431/2969/2131
f 2432/2970/2132 2428/2966/2128 2427/2965/2127
f 2428/2966/2128 2432/2970/2132 2433/2971/2133
f 2434/2972/2134 2427/2965/2127 2431/2969/2131
f 2427/2965/2127 2434/2972/2134 2432/2970/2132
f 2435/2973/2135 2433/2971/2133 2432/2970/2132
f 2433/2971/2133 2435/2973/2135 2436/2974/2136
f 2432/2970/2132 2434/2972/2134 2437/2975/2137
f 2432/2970/2132 2437/2975/2137 2435/2973/2135
f 2434/2972/2134 2431/2969/2131 2438/2976/2138
f 2434/2972/2134 2438/2976/2138 2437/2975/2137
f 2431/2969/2131 2430/2968/2130 2438/2976/2138
f 2439/2977/2139 2436/2974/2136 2435/2973/2135
f 2437/2975/2137 2439/2977/2139 2435/2973/2135
f 2436/2974/2136 2439/2977/2139 2440/2978/2140
f 2441/2979/2141 2440/2978/2140 2439/2977/2139
f 2440/2978/2140 2441/2979/2141 2442/2980/2142
f 2442/2980/2142 2443/2981/2143 2444/2982/2144
f 2443/2981/2143 2442/2980/2142 2441/2979/2141
f 2441/2979/2141 2445/2983/2145 2443/2981/2143
f 2445/2983/2145 2441/2979/2141 2446/2984/2146
f 2439/2977/2139 2446/2984/2146 2441/2979/2141
f 2446/2984/2146 2447/2985/2147 2445/2983/2145
f 2448/2986/2148 2446/2984/2146 2439/2977/2139
f 2439/2977/2139 2437/2975/2137 2448/2986/2148
f 2447/2985/2147 2446/2984/2146 2449/2987/2149
f 2448/2986/2148 2450/2988/2150 2446/2984/2146
f 2437/2975/2137 2450/2988/2150 2448/2986/2148
f 2450/2988/2150 2449/2987/2149 2446/2984/2146
f 2451/2989/2151 2447/2985/2147 2449/2987/2149
f 2450/2988/2150 2437/2975/2137 2452/2990/2152
f 2437/2975/2137 2438/2976/2138 2452/2990/2152
f 2451/2989/2151 2140/2991/1840 2163/2992/1863
f 2140/2991/1840 2451/2989/2151 2453/2993/2153
f 2451/2989/2151 2449/2987/2149 2453/2993/2153
f 2140/2991/1840 2453/2993/2153 2361/2994/2061
f 2453/2993/2153 2449/2987/2149 2454/2995/2154
f 2454/2995/2154 2361/2994/2061 2453/2993/2153
f 2449/2987/2149 2450/2988/2150 2455/2996/2155
f 2455/2996/2155 2454/2995/2154 2449/2987/2149
f 2452/2990/2152 2455/2996/2155 2450/2988/2150
f 2456/2997/2156 2361/2994/2061 2454/2995/2154
f 2456/2997/2156 2363/2998/2063 2361/2994/2061
f 2457/2999/2157 2456/2997/2156 2454/2995/2154
f 2454/2995/2154 2455/2996/2155 2457/2999/2157
f 2456/2997/2156 2457/2999/2157 2458/3000/2158
f 2455/2996/2155 2452/2990/2152 2459/3001/2159
f 2459/3001/2159 2457/2999/2157 2455/2996/2155
f 2452/2990/2152 2438/2976/2138 2459/3001/2159
f 2460/3002/2160 2458/3000/2158 2457/2999/2157
f 2457/2999/2157 2459/3001/2159 2460/3002/2160
f 2460/3002/2160 2461/3003/2161 2458/3000/2158
f 2459/3001/2159 2462/3004/2162 2460/3002/2160
f 2461/3003/2161 2460/3002/2160 2462/3004/2162
f 2462/3004/2162 2459/3001/2159 2438/2976/2138
f 2461/3003/2161 2462/3004/2162 2463/3005/2163
f 2438/2976/2138 2463/3005/2163 2462/3004/2162
f 2463/3005/2163 2464/3006/2164 2461/3003/2161
f 2463/3005/2163 2438/2976/2138 2465/3007/2165
f 2438/2976/2138 2430/2968/2130 2465/3007/2165
f 2464/3006/2164 2463/3005/2163 2466/3008/2166
f 2467/3009/2167 2463/3005/2163 2465/3007/2165
f 2465/3007/2165 2430/2968/2130 2467/3009/2167
f 2463/3005/2163 2467/3009/2167 2466/3008/2166
f 2467/3009/2167 2430/2968/2130 2423/2961/2123
f 2423/2961/2123 2421/2959/2121 2467/3009/2167
f 2421/2959/2121 2466/3008/2166 2467/3009/2167
f 2466/3008/2166 2421/2959/2121 2468/3010/2168
f 2464/3006/2164 2466/3008/2166 2468/3010/2168
f 2421/2959/2121 2422/2960/2122 2468/3010/2168
f 2469/3011/2169 2464/3006/2164 2468/3010/2168
f 2468/3010/2168 2422/2960/2122 2469/3011/2169
f 2464/3006/2164 2469/3011/2169 2470/3012/2170
f 2469/3011/2169 2422/2960/2122 2471/3013/2171
f 2166/3014/1866 2472/3015/2172 2164/3016/1864
f 2472/3015/2172 2166/3014/1866 2473/3017/2173
f 1943/2293/1643 2472/3015/2172 2473/3017/2173
f 2472/3015/2172 1943/2293/1643 1945/2295/1645
f 2474/3018/2174 1931/2281/1631 1933/2283/1633
f 1931/2281/1631 2474/3018/2174 2475/3019/2175
f 2474/3018/2174 2476/3020/2176 2475/3019/2175
f 2476/3020/2176 2474/3018/2174 2477/3021/2177
f 2477/3021/2177 2478/3022/2178 2476/3020/2176
f 2478/3022/2178 2477/3021/2177 2479/3023/2179
f 1939/2289/1639 2478/3022/2178 2479/3023/2179
f 2478/3022/2178 1939/2289/1639 1941/2291/1641
f 2480/3024/2180 1934/2284/1634 1936/2286/1636
f 1934/2284/1634 2480/3024/2180 2481/3025/2181
f 2480/3024/2180 1932/2282/1632 2481/3025/2181
f 1932/2282/1632 2480/3024/2180 1930/2280/1630
f 1931/3026/1631 2481/3027/2181 1932/3028/1632
f 1931/3026/1631 1934/3029/1634 2481/3027/2181
f 1931/3026/1631 1937/3030/1637 1934/3029/1634
f 1931/3026/1631 2475/3031/2175 1937/3030/1637
f 1937/3030/1637 2475/3031/2175 2165/3032/1865
f 2165/3032/1865 2475/3031/2175 2166/3033/1866
f 2166/3033/1866 2475/3031/2175 2476/3034/2176
f 2166/3033/1866 2476/3034/2176 2478/3035/2178
f 2166/3033/1866 2478/3035/2178 2473/3036/2173
f 2473/3036/2173 2478/3035/2178 1941/3037/1641
f 2473/3036/2173 1941/3037/1641 1943/3038/1643
f 1943/3038/1643 1941/3037/1641 2329/3039/2029
f 2329/3039/2029 1941/3037/1641 1938/3040/1638
f 1943/3038/1643 2329/3039/2029 1944/3041/1644
f 1947/3042/1647 2482/3043/2182 1948/3044/1648
f 2482/3043/2182 1947/3042/1647 2483/3045/2183
f 2484/3046/2184 2482/3043/2182 2483/3045/2183
f 2482/3043/2182 2484/3046/2184 1950/2300/1650
f 2484/3046/2184 1953/2303/1653 1950/2300/1650
f 1953/2303/1653 2484/3046/2184 2485/3047/2185
f 2486/3048/2186 1953/2303/1653 2485/3047/2185
f 1953/2303/1653 2486/3048/2186 1954/2304/1654
f 1948/3044/1648 2330/3049/2030 1946/3050/1646
f 2330/3049/2030 1948/3044/1648 2482/3043/2182
f 1950/2300/1650 2330/3049/2030 2482/3043/2182
f 2330/3049/2030 1950/2300/1650 1952/3051/1652
f 1949/2829/1649 2483/3045/2183 1947/3042/1647
f 2483/3045/2183 1949/2829/1649 2331/2831/2031
f 2332/2833/2032 2483/3045/2183 2331/2831/2031
f 2483/3045/2183 2332/2833/2032 2484/3046/2184
f 2332/2833/2032 2485/3047/2185 2484/3046/2184
f 2485/3047/2185 2332/2833/2032 2333/2834/2033
f 2334/2837/2034 2485/3047/2185 2333/2834/2033
f 2485/3047/2185 2334/2837/2034 2486/3048/2186
f 2297/2887/1997 1913/2260/1613 1915/2262/1615
f 2024/3052/1724 1913/2260/1613 2297/2887/1997
f 2024/3052/1724 1920/2692/1620 1913/2260/1613
f 2024/3052/1724 2297/2887/1997 2025/3053/1725
f 1820/3054/1520 2487/3055/2187 1815/3056/1515
f 2487/3055/2187 1820/3054/1520 2488/3057/2188
f 2488/3057/2188 2489/3058/2189 2487/3055/2187
f 2489/3058/2189 2488/3057/2188 2490/3059/2190
f 1839/3060/1539 2488/3057/2188 1820/3054/1520
f 2488/3057/2188 2491/3061/2191 2490/3059/2190
f 2488/3057/2188 1839/3060/1539 2492/3062/2192
f 2492/3062/2192 2491/3061/2191 2488/3057/2188
f 1840/3063/1540 2492/3062/2192 1839/3060/1539
f 2492/3062/2192 2493/3064/2193 2491/3061/2191
f 2493/3064/2193 2494/3065/2194 2491/3061/2191
f 2492/3062/2192 1840/3063/1540 2495/3066/2195
f 2495/3066/2195 2493/3064/2193 2492/3062/2192
f 2494/3065/2194 2493/3064/2193 2496/3067/2196
f 2496/3067/2196 2497/3068/2197 2494/3065/2194
f 2493/3064/2193 2495/3066/2195 2498/3069/2198
f 2498/3069/2198 2496/3067/2196 2493/3064/2193
f 1840/3063/1540 2499/3070/2199 2495/3066/2195
f 2499/3070/2199 1840/3063/1540 1843/3071/1543
f 1888/3072/1588 2499/3070/2199 1843/3071/1543
f 2500/3073/2200 2495/3066/2195 2499/3070/2199
f 2495/3066/2195 2500/3073/2200 2498/3069/2198
f 2499/3070/2199 1888/3072/1588 2501/3074/2201
f 2501/3074/2201 2500/3073/2200 2499/3070/2199
f 2501/3074/2201 1888/3072/1588 1889/3075/1589
f 2502/3076/2202 1889/3075/1589 1837/3077/1537
f 1889/3075/1589 2502/3076/2202 2501/3074/2201
f 2503/3078/2203 2501/3074/2201 2502/3076/2202
f 2501/3074/2201 2503/3078/2203 2504/3079/2204
f 2505/3080/2205 2504/3079/2204 2503/3078/2203
f 2500/3073/2200 2501/3074/2201 2506/3081/2206
f 2501/3074/2201 2504/3079/2204 2506/3081/2206
f 2504/3079/2204 2505/3080/2205 2507/3082/2207
f 2363/3083/2063 2507/3082/2207 2505/3080/2205
f 2507/3082/2207 2363/3083/2063 2456/3084/2156
f 2458/3085/2158 2507/3082/2207 2456/3084/2156
f 2508/3086/2208 2504/3079/2204 2507/3082/2207
f 2507/3082/2207 2458/3085/2158 2508/3086/2208
f 2504/3079/2204 2508/3086/2208 2506/3081/2206
f 2461/3087/2161 2508/3086/2208 2458/3085/2158
f 2506/3081/2206 2509/3088/2209 2500/3073/2200
f 2509/3088/2209 2498/3069/2198 2500/3073/2200
f 2508/3086/2208 2510/3089/2210 2506/3081/2206
f 2509/3088/2209 2506/3081/2206 2510/3089/2210
f 2508/3086/2208 2461/3087/2161 2511/3090/2211
f 2510/3089/2210 2508/3086/2208 2511/3090/2211
f 2464/3091/2164 2511/3090/2211 2461/3087/2161
f 2498/3069/2198 2509/3088/2209 2512/3092/2212
f 2496/3067/2196 2498/3069/2198 2512/3092/2212
f 2511/3090/2211 2464/3091/2164 2513/3093/2213
f 2512/3092/2212 2514/3094/2214 2496/3067/2196
f 2497/3068/2197 2496/3067/2196 2514/3094/2214
f 2514/3094/2214 2515/3095/2215 2497/3068/2197
f 2514/3094/2214 2512/3092/2212 2516/3096/2216
f 2509/3088/2209 2516/3096/2216 2512/3092/2212
f 2515/3095/2215 2514/3094/2214 2517/3097/2217
f 2516/3096/2216 2517/3097/2217 2514/3094/2214
f 2516/3096/2216 2509/3088/2209 2518/3098/2218
f 2510/3089/2210 2518/3098/2218 2509/3088/2209
f 2517/3097/2217 2516/3096/2216 2519/3099/2219
f 2518/3098/2218 2519/3099/2219 2516/3096/2216
f 2520/3100/2220 2515/3095/2215 2517/3097/2217
f 2515/3095/2215 2520/3100/2220 2521/3101/2221
f 2522/3102/2222 2517/3097/2217 2519/3099/2219
f 2517/3097/2217 2522/3102/2222 2520/3100/2220
f 2523/3103/2223 2521/3101/2221 2520/3100/2220
f 2521/3101/2221 2523/3103/2223 2524/3104/2224
f 2523/3103/2223 2525/3105/2225 2524/3104/2224
f 2520/3100/2220 2526/3106/2226 2523/3103/2223
f 2526/3106/2226 2520/3100/2220 2522/3102/2222
f 2525/3105/2225 2523/3103/2223 2527/3107/2227
f 2526/3106/2226 2527/3107/2227 2523/3103/2223
f 2519/3099/2219 2528/3108/2228 2522/3102/2222
f 2527/3107/2227 2526/3106/2226 2529/3109/2229
f 2522/3102/2222 2530/3110/2230 2526/3106/2226
f 2530/3110/2230 2522/3102/2222 2528/3108/2228
f 2526/3106/2226 2531/3111/2231 2529/3109/2229
f 2531/3111/2231 2526/3106/2226 2530/3110/2230
f 2532/3112/2232 2527/3107/2227 2529/3109/2229
f 2531/3111/2231 2532/3112/2232 2529/3109/2229
f 2525/3105/2225 2527/3107/2227 2533/3113/2233
f 2527/3107/2227 2532/3112/2232 2533/3113/2233
f 2525/3105/2225 2533/3113/2233 2534/3114/2234
f 2525/3105/2225 2534/3114/2234 2535/3115/2235
f 2534/3114/2234 2489/3116/2189 2535/3115/2235
f 2489/3116/2189 2534/3114/2234 2487/3117/2187
f 2487/3117/2187 1816/3118/1516 1815/3119/1515
f 1816/3118/1516 2487/3117/2187 2534/3114/2234
f 2534/3114/2234 1817/3120/1517 1816/3118/1516
f 1817/3120/1517 2534/3114/2234 2533/3113/2233
f 2533/3113/2233 1818/3121/1518 1817/3120/1517
f 1818/3121/1518 2533/3113/2233 2532/3112/2232
f 2536/3122/2236 1818/3121/1518 2532/3112/2232
f 2532/3112/2232 2531/3111/2231 2536/3122/2236
f 1818/3121/1518 2536/3122/2236 1822/3123/1522
f 2536/3122/2236 1827/3124/1527 1822/3123/1522
f 1827/3124/1527 2536/3122/2236 2537/3125/2237
f 2531/3111/2231 2537/3125/2237 2536/3122/2236
f 1828/3126/1528 1827/3124/1527 2537/3125/2237
f 1828/3126/1528 2502/3127/2202 1837/3128/1537
f 2502/3127/2202 1828/3126/1528 2537/3125/2237
f 2537/3125/2237 2503/3129/2203 2502/3127/2202
f 2537/3125/2237 2531/3111/2231 2538/3130/2238
f 2530/3110/2230 2538/3130/2238 2531/3111/2231
f 2503/3129/2203 2537/3125/2237 2539/3131/2239
f 2538/3130/2238 2539/3131/2239 2537/3125/2237
f 2539/3131/2239 2505/3132/2205 2503/3129/2203
f 2538/3130/2238 2530/3110/2230 2540/3133/2240
f 2528/3108/2228 2540/3133/2240 2530/3110/2230
f 2505/3132/2205 2539/3131/2239 2541/3134/2241
f 2541/3134/2241 2363/3135/2063 2505/3132/2205
f 2363/3135/2063 2541/3134/2241 2364/3136/2064
f 2542/3137/2242 2539/3131/2239 2538/3130/2238
f 2539/3131/2239 2542/3137/2242 2541/3134/2241
f 2542/3137/2242 2364/3136/2064 2541/3134/2241
f 2540/3133/2240 2542/3137/2242 2538/3130/2238
f 2364/3136/2064 2542/3137/2242 2366/3138/2066
f 2543/3139/2243 2366/3138/2066 2542/3137/2242
f 2542/3137/2242 2540/3133/2240 2543/3139/2243
f 2366/3138/2066 2543/3139/2243 2369/3140/2069
f 2543/3139/2243 2371/3141/2071 2369/3140/2069
f 2544/3142/2244 2543/3139/2243 2540/3133/2240
f 2540/3133/2240 2528/3108/2228 2544/3142/2244
f 2371/3141/2071 2543/3139/2243 2545/3143/2245
f 2543/3139/2243 2544/3142/2244 2545/3143/2245
f 2545/3143/2245 2374/3144/2074 2371/3141/2071
f 2545/3143/2245 2546/3145/2246 2374/3144/2074
f 2545/3143/2245 2547/3146/2247 2546/3145/2246
f 2544/3142/2244 2547/3146/2247 2545/3143/2245
f 2546/3145/2246 2547/3146/2247 2470/3147/2170
f 2470/3147/2170 2547/3146/2247 2464/3091/2164
f 2464/3091/2164 2547/3146/2247 2513/3093/2213
f 2547/3146/2247 2544/3142/2244 2548/3148/2248
f 2547/3146/2247 2549/3149/2249 2513/3093/2213
f 2549/3149/2249 2547/3146/2247 2548/3148/2248
f 2549/3149/2249 2511/3090/2211 2513/3093/2213
f 2511/3090/2211 2549/3149/2249 2510/3089/2210
f 2518/3098/2218 2510/3089/2210 2549/3149/2249
f 2544/3142/2244 2550/3150/2250 2548/3148/2248
f 2550/3150/2250 2549/3149/2249 2548/3148/2248
f 2549/3149/2249 2550/3150/2250 2518/3098/2218
f 2550/3150/2250 2544/3142/2244 2528/3108/2228
f 2519/3099/2219 2518/3098/2218 2550/3150/2250
f 2528/3108/2228 2519/3099/2219 2550/3150/2250
f 2551/3151/2251 2552/3152/2252 2553/3153/2253
f 2551/3151/2251 2553/3153/2253 2554/3154/2254
f 2554/3154/2254 2553/3153/2253 2555/3155/2255
f 2555/3155/2255 2556/3156/2256 2554/3154/2254
f 2553/3153/2253 2552/3157/2252 2557/3158/2257
f 2555/3155/2255 2553/3153/2253 2558/3159/2258
f 2553/3153/2253 2557/3158/2257 2558/3159/2258
f 2556/3156/2256 2555/3155/2255 2559/3160/2259
f 2558/3159/2258 2559/3160/2259 2555/3155/2255
f 2556/3156/2256 2559/3160/2259 2560/3161/2260
f 2561/3162/2261 2556/3156/2256 2560/3161/2260
f 2560/3161/2260 2562/3163/2262 2561/3162/2261
f 2563/3164/2263 2564/3165/2264 2562/3163/2262
f 2563/3164/2263 2562/3163/2262 2560/3161/2260
f 2560/3161/2260 2559/3160/2259 2565/3166/2265
f 2565/3166/2265 2563/3164/2263 2560/3161/2260
f 2566/3167/2266 2565/3166/2265 2559/3160/2259
f 2566/3167/2266 2559/3160/2259 2558/3159/2258
f 2567/3168/2267 2563/3164/2263 2565/3166/2265
f 2565/3166/2265 2566/3167/2266 2567/3168/2267
f 2568/3169/2268 2564/3170/2264 2563/3164/2263
f 2568/3169/2268 2563/3164/2263 2567/3168/2267
f 2569/3171/2269 2566/3167/2266 2558/3159/2258
f 2558/3159/2258 2557/3158/2257 2569/3171/2269
f 2566/3167/2266 2570/3172/2270 2567/3168/2267
f 2566/3167/2266 2569/3171/2269 2570/3172/2270
f 2571/3173/2271 2568/3169/2268 2567/3168/2267
f 2567/3168/2267 2570/3172/2270 2571/3173/2271
f 2569/3171/2269 2557/3158/2257 2572/3174/2272
f 2572/3174/2272 2570/3172/2270 2569/3171/2269
f 2557/3158/2257 2552/3175/2252 2573/3176/2273
f 2557/3158/2257 2573/3176/2273 2572/3174/2272
f 2574/3177/2274 2571/3173/2271 2570/3172/2270
f 2574/3177/2274 2570/3172/2270 2572/3174/2272
f 2575/3178/2275 2568/3169/2268 2571/3173/2271
f 2571/3173/2271 2574/3177/2274 2575/3178/2275
f 2576/3179/2276 2564/3180/2264 2568/3169/2268
f 2576/3179/2276 2568/3169/2268 2575/3178/2275
f 2577/3181/2277 2574/3177/2274 2572/3174/2272
f 2572/3174/2272 2573/3176/2273 2577/3181/2277
f 2574/3177/2274 2578/3182/2278 2575/3178/2275
f 2574/3177/2274 2577/3181/2277 2578/3182/2278
f 2579/3183/2279 2576/3179/2276 2575/3178/2275
f 2575/3178/2275 2578/3182/2278 2579/3183/2279
f 2577/3181/2277 2573/3176/2273 2580/3184/2280
f 2580/3184/2280 2578/3182/2278 2577/3181/2277
f 2573/3176/2273 2552/3185/2252 2581/3186/2281
f 2573/3176/2273 2581/3186/2281 2580/3184/2280
f 2582/3187/2282 2579/3183/2279 2578/3182/2278
f 2582/3187/2282 2578/3182/2278 2580/3184/2280
f 2583/3188/2283 2576/3179/2276 2579/3183/2279
f 2579/3183/2279 2582/3187/2282 2583/3188/2283
f 2584/3189/2284 2564/3190/2264 2576/3179/2276
f 2584/3189/2284 2576/3179/2276 2583/3188/2283
f 2585/3191/2285 2582/3187/2282 2580/3184/2280
f 2580/3184/2280 2581/3186/2281 2585/3191/2285
f 2582/3187/2282 2586/3192/2286 2583/3188/2283
f 2582/3187/2282 2585/3191/2285 2586/3192/2286
f 2587/3193/2287 2584/3189/2284 2583/3188/2283
f 2583/3188/2283 2586/3192/2286 2587/3193/2287
f 2562/3194/2262 2564/3195/2264 2584/3189/2284
f 2588/3196/2288 2586/3192/2286 2585/3191/2285
f 2585/3191/2285 2581/3186/2281 2588/3196/2288
f 2562/3194/2262 2584/3189/2284 2589/3197/2289
f 2589/3197/2289 2584/3189/2284 2587/3193/2287
f 2561/3198/2261 2562/3194/2262 2589/3197/2289
f 2590/3199/2290 2587/3193/2287 2586/3192/2286
f 2587/3193/2287 2590/3199/2290 2589/3197/2289
f 2590/3199/2290 2586/3192/2286 2588/3196/2288
f 2589/3197/2289 2591/3200/2291 2561/3198/2261
f 2590/3199/2290 2591/3200/2291 2589/3197/2289
f 2556/3201/2256 2561/3198/2261 2591/3200/2291
f 2556/3201/2256 2591/3200/2291 2554/3202/2254
f 2590/3199/2290 2592/3203/2292 2591/3200/2291
f 2554/3202/2254 2591/3200/2291 2592/3203/2292
f 2592/3203/2292 2590/3199/2290 2588/3196/2288
f 2592/3203/2292 2551/3204/2251 2554/3202/2254
f 2588/3196/2288 2551/3204/2251 2592/3203/2292
f 2581/3186/2281 2551/3204/2251 2588/3196/2288
f 2581/3186/2281 2552/3205/2252 2551/3204/2251
f 1897/3206/1597 2048/3207/1748 1900/3208/1600
f 1900/3208/1600 2048/3207/1748 2279/3209/1979
f 2279/3209/1979 2041/3210/1741 1900/3208/1600
f 2279/3209/1979 2048/3207/1748 2277/3211/1977
f 2041/3210/1741 2279/3209/1979 2280/3212/1980
f 2046/3213/1746 2277/3211/1977 2048/3207/1748
f 2280/3212/1980 2039/3214/1739 2041/3210/1741
f 2277/3211/1977 2046/3213/1746 2270/3215/1970
f 2039/3214/1739 2280/3212/1980 1909/3216/1609
f 2044/3217/1744 2270/3215/1970 2046/3213/1746
f 1909/3216/1609 1911/3218/1611 2039/3214/1739
f 2270/3215/1970 2044/3217/1744 2268/3219/1968
f 2039/3214/1739 1911/3218/1611 2035/3220/1735
f 2035/3220/1735 1911/3218/1611 2356/3221/2056
f 2356/3221/2056 2033/3222/1733 2035/3220/1735
f 2033/3222/1733 2356/3221/2056 2357/3223/2057
f 2357/3223/2057 2030/3224/1730 2033/3222/1733
f 2030/3224/1730 2357/3223/2057 2358/3225/2058
f 2358/3225/2058 2032/3226/1732 2030/3224/1730
f 1914/3227/1614 2032/3226/1732 2358/3225/2058
f 1916/3228/1616 2032/3226/1732 1914/3227/1614
f 2292/3229/1992 2032/3226/1732 1916/3228/1616
f 2032/3226/1732 2292/3229/1992 2036/3230/1736
f 2292/3229/1992 2037/3231/1737 2036/3230/1736
f 2289/3232/1989 2037/3231/1737 2292/3229/1992
f 2593/3233/2293 2037/3231/1737 2289/3232/1989
f 2594/3234/2294 2593/3233/2293 2289/3232/1989
f 2594/3234/2294 2289/3232/1989 2286/3235/1986
f 2594/3234/2294 2286/3235/1986 2595/3236/2295
f 2596/3237/2296 2595/3236/2295 2286/3235/1986
f 2596/3237/2296 2286/3235/1986 2282/3238/1982
f 2596/3237/2296 2282/3238/1982 2597/3239/2297
f 2284/3240/1984 2597/3239/2297 2282/3238/1982
f 2597/3239/2297 2284/3240/1984 1904/3241/1604
f 2284/3240/1984 2353/3242/2053 1904/3241/1604
f 1904/3241/1604 1907/3243/1607 1902/3244/1602
f 1904/3241/1604 2353/3242/2053 2598/3245/2298
f 1904/3241/1604 2598/3245/2298 1907/3243/1607
f 2598/3245/2298 2353/3242/2053 2355/3246/2055
f 1907/3243/1607 2598/3245/2298 1905/3247/1605
f 2355/3246/2055 1905/3247/1605 2598/3245/2298
f 1905/3247/1605 2355/3246/2055 2354/3248/2054
f 1905/3247/1605 2354/3248/2054 2005/3249/1705
f 2005/3249/1705 2354/3248/2054 2050/3250/1750
f 2005/3249/1705 2050/3250/1750 2053/3251/1753
f 2274/3252/1974 2005/3249/1705 2053/3251/1753
f 2005/3249/1705 2274/3252/1974 2007/3253/1707
f 2272/3254/1972 2007/3253/1707 2274/3252/1974
f 2007/3253/1707 2272/3254/1972 1893/3255/1593
f 2268/3219/1968 1893/3255/1593 2272/3254/1972
f 2044/3217/1744 1893/3255/1593 2268/3219/1968
f 1896/3256/1596 1893/3255/1593 2044/3217/1744
f 1929/2277/1629 1810/3257/1510 1807/2278/1507
f 1801/3258/1501 1929/2277/1629 1802/2279/1502
f 1810/3257/1510 1929/2277/1629 2599/3259/2299
f 1929/2277/1629 1801/3258/1501 2599/3259/2299
f 2599/3259/2299 1846/3260/1546 1810/3257/1510
f 1798/3261/1498 2599/3259/2299 1801/3258/1501
f 1846/3260/1546 2599/3259/2299 2600/3262/2300
f 2599/3259/2299 1798/3261/1498 2600/3262/2300
f 2601/3263/2301 1846/3260/1546 2600/3262/2300
f 1798/3261/1498 2601/3263/2301 2600/3262/2300
f 1846/3260/1546 2601/3263/2301 1849/3264/1549
f 2601/3263/2301 1798/3261/1498 1795/3265/1495
f 2602/3266/2302 1849/3264/1549 2601/3263/2301
f 1795/3265/1495 2602/3266/2302 2601/3263/2301
f 1849/3264/1549 2602/3266/2302 1852/3267/1552
f 2602/3266/2302 1795/3265/1495 1784/3268/1484
f 2602/3266/2302 1857/3269/1557 1852/3267/1552
f 1780/3270/1480 2602/3266/2302 1784/3268/1484
f 1857/3269/1557 2602/3266/2302 2603/3271/2303
f 2602/3266/2302 1780/3270/1480 2603/3271/2303
f 2603/3271/2303 1782/3272/1482 1857/3269/1557
f 2603/3271/2303 1780/3270/1480 1782/3272/1482
f 2604/3273/2304 2308/2806/2008 2306/2804/2006
f 2304/2802/2004 2604/3273/2304 2306/2804/2006
f 2308/2806/2008 2604/3273/2304 2605/3274/2305
f 2604/3273/2304 2304/2802/2004 2606/3275/2306
f 2605/3274/2305 2310/2808/2010 2308/2806/2008
f 2304/2802/2004 2607/3276/2307 2606/3275/2306
f 2310/2808/2010 2605/3274/2305 2608/3277/2308
f 2607/3276/2307 2304/2802/2004 2300/2798/2000
f 2609/3278/2309 2310/2808/2010 2608/3277/2308
f 2302/2800/2002 2607/3276/2307 2300/2798/2000
f 2310/2808/2010 2609/3278/2309 2314/2812/2014
f 2607/3276/2307 2302/2800/2002 2610/3279/2310
f 2609/3278/2309 2313/2811/2013 2314/2812/2014
f 2301/2799/2001 2610/3279/2310 2302/2800/2002
f 2313/2811/2013 2609/3278/2309 2611/3280/2311
f 2610/3279/2310 2301/2799/2001 2612/3281/2312
f 2611/3280/2311 2315/2813/2015 2313/2811/2013
f 2303/2801/2003 2612/3281/2312 2301/2799/2001
f 2315/2813/2015 2611/3280/2311 2613/3282/2313
f 2612/3281/2312 2303/2801/2003 2614/3283/2314
f 2615/3284/2315 2315/2813/2015 2613/3282/2313
f 2305/2803/2005 2614/3283/2314 2303/2801/2003
f 2315/2813/2015 2615/3284/2315 2318/2816/2018
f 2614/3283/2314 2305/2803/2005 2616/3285/2316
f 2615/3284/2315 2320/2818/2020 2318/2816/2018
f 2307/2805/2007 2616/3285/2316 2305/2803/2005
f 2320/2818/2020 2615/3284/2315 2617/3286/2317
f 2616/3285/2316 2307/2805/2007 2618/3287/2318
f 2619/3288/2319 2320/2818/2020 2617/3286/2317
f 2309/2807/2009 2618/3287/2318 2307/2805/2007
f 2320/2818/2020 2619/3288/2319 2323/2821/2023
f 2618/3287/2318 2309/2807/2009 2620/3289/2320
f 2621/3290/2321 2323/2821/2023 2619/3288/2319
f 2311/2809/2011 2620/3289/2320 2309/2807/2009
f 2323/2821/2023 2621/3290/2321 2326/2824/2026
f 2620/3289/2320 2311/2809/2011 2622/3291/2322
f 2621/3290/2321 2327/2825/2027 2326/2824/2026
f 2312/2810/2012 2622/3291/2322 2311/2809/2011
f 2327/2825/2027 2621/3290/2321 2623/3292/2323
f 2622/3291/2322 2312/2810/2012 2624/3293/2324
f 2623/3292/2323 2324/2822/2024 2327/2825/2027
f 2317/2815/2017 2624/3293/2324 2312/2810/2012
f 2324/2822/2024 2623/3292/2323 2625/3294/2325
f 2624/3293/2324 2317/2815/2017 2626/3295/2326
f 2627/3296/2327 2324/2822/2024 2625/3294/2325
f 2316/2814/2016 2626/3295/2326 2317/2815/2017
f 2324/2822/2024 2627/3296/2327 2325/2823/2025
f 2626/3295/2326 2316/2814/2016 2628/3297/2328
f 2629/3298/2329 2325/2823/2025 2627/3296/2327
f 2319/2817/2019 2628/3297/2328 2316/2814/2016
f 2325/2823/2025 2629/3298/2329 2322/2820/2022
f 2628/3297/2328 2319/2817/2019 2630/3299/2330
f 2631/3300/2331 2322/2820/2022 2629/3298/2329
f 2321/2819/2021 2630/3299/2330 2319/2817/2019
f 2322/2820/2022 2631/3300/2331 2321/2819/2021
f 2630/3299/2330 2321/2819/2021 2631/3300/2331
f 2173/3301/1873 2472/3302/2172 1945/3303/1645
f 2173/3301/1873 1945/3303/1645 1942/3304/1642
f 2472/3302/2172 2173/3301/1873 2171/3305/1871
f 1942/3304/1642 2175/3306/1875 2173/3301/1873
f 2171/3305/1871 2164/3307/1864 2472/3302/2172
f 2175/3306/1875 1942/3304/1642 2328/3308/2028
f 2164/3307/1864 2171/3305/1871 2168/3309/1868
f 2328/3308/2028 2177/3310/1877 2175/3306/1875
f 2168/3309/1868 2167/3311/1867 2164/3307/1864
f 2177/3310/1877 2328/3308/2028 1940/3312/1640
f 2167/3311/1867 2168/3309/1868 2191/3313/1891
f 2177/3310/1877 1940/3312/1640 1939/3314/1639
f 2191/3313/1891 1935/3315/1635 2167/3311/1867
f 1939/3314/1639 2179/3316/1879 2177/3310/1877
f 1935/3315/1635 2191/3313/1891 2189/3317/1889
f 2179/3316/1879 1939/3314/1639 2479/3318/2179
f 2189/3317/1889 1936/3319/1636 1935/3315/1635
f 2479/3318/2179 2181/3320/1881 2179/3316/1879
f 2189/3317/1889 2480/3321/2180 1936/3319/1636
f 2181/3320/1881 2479/3318/2179 2477/3322/2177
f 2480/3321/2180 2189/3317/1889 2187/3323/1887
f 2477/3322/2177 2183/3324/1883 2181/3320/1881
f 2187/3323/1887 1930/3325/1630 2480/3321/2180
f 2183/3324/1883 2477/3322/2177 2474/3326/2174
f 1930/3325/1630 2187/3323/1887 2185/3327/1885
f 2474/3326/2174 2185/3327/1885 2183/3324/1883
f 2185/3327/1885 1933/3328/1633 1930/3325/1630
f 2185/3327/1885 2474/3326/2174 1933/3328/1633
f 2243/3329/1943 1966/3330/1666 2241/3331/1941
f 1988/3332/1688 2241/3331/1941 1966/3330/1666
f 1966/3330/1666 2243/3329/1943 1964/3333/1664
f 2241/3331/1941 1988/3332/1688 2265/3334/1965
f 2245/3335/1945 1964/3333/1664 2243/3329/1943
f 1985/3336/1685 2265/3334/1965 1988/3332/1688
f 1964/3333/1664 2245/3335/1945 1963/3337/1663
f 2265/3334/1965 1985/3336/1685 2263/3338/1963
f 2247/3339/1947 1963/3337/1663 2245/3335/1945
f 1981/3340/1681 2263/3338/1963 1985/3336/1685
f 1963/3337/1663 2247/3339/1947 1965/3341/1665
f 2263/3338/1963 1981/3340/1681 2261/3342/1961
f 2249/3343/1949 1965/3341/1665 2247/3339/1947
f 1979/3344/1679 2261/3342/1961 1981/3340/1681
f 1965/3341/1665 2249/3343/1949 1969/3345/1669
f 2261/3342/1961 1979/3344/1679 2259/3346/1959
f 2251/3347/1951 1969/3345/1669 2249/3343/1949
f 1977/3348/1677 2259/3346/1959 1979/3344/1679
f 1969/3345/1669 2251/3347/1951 1971/3349/1671
f 2259/3346/1959 1977/3348/1677 2257/3350/1957
f 2253/3351/1953 1971/3349/1671 2251/3347/1951
f 1975/3352/1675 2257/3350/1957 1977/3348/1677
f 1971/3349/1671 2253/3351/1953 1973/3353/1673
f 2257/3350/1957 1975/3352/1675 2255/3354/1955
f 2255/3354/1955 1973/3353/1673 2253/3351/1953
f 1973/3353/1673 2255/3354/1955 1975/3352/1675
f 2207/3355/1907 2180/3356/1880 2182/3357/1882
f 2180/3356/1880 2207/3355/1907 2205/3358/1905
f 2182/3357/1882 2209/3359/1909 2207/3355/1907
f 2205/3358/1905 2178/3360/1878 2180/3356/1880
f 2209/3359/1909 2182/3357/1882 2184/3361/1884
f 2178/3360/1878 2205/3358/1905 2203/3362/1903
f 2184/3361/1884 2211/3363/1911 2209/3359/1909
f 2203/3362/1903 2176/3364/1876 2178/3360/1878
f 2211/3363/1911 2184/3361/1884 2186/3365/1886
f 2176/3364/1876 2203/3362/1903 2201/3366/1901
f 2186/3365/1886 2213/3367/1913 2211/3363/1911
f 2201/3366/1901 2174/3368/1874 2176/3364/1876
f 2213/3367/1913 2186/3365/1886 2188/3369/1888
f 2174/3368/1874 2201/3366/1901 2199/3370/1899
f 2188/3369/1888 2215/3371/1915 2213/3367/1913
f 2199/3370/1899 2172/3372/1872 2174/3368/1874
f 2215/3371/1915 2188/3369/1888 2190/3373/1890
f 2172/3372/1872 2199/3370/1899 2197/3374/1897
f 2190/3373/1890 2192/3375/1892 2215/3371/1915
f 2197/3374/1897 2169/3376/1869 2172/3372/1872
f 2192/3375/1892 2190/3373/1890 2170/3377/1870
f 2169/3376/1869 2197/3374/1897 2195/3378/1895
f 2170/3377/1870 2195/3378/1895 2192/3375/1892
f 2195/3378/1895 2170/3377/1870 2169/3376/1869
f 2230/3379/1930 2204/3380/1904 2206/3381/1906
f 2204/3380/1904 2230/3379/1930 2229/3382/1929
f 2206/3381/1906 2233/3383/1933 2230/3379/1930
f 2229/3382/1929 2202/3384/1902 2204/3380/1904
f 2233/3383/1933 2206/3381/1906 2208/3385/1908
f 2202/3384/1902 2229/3382/1929 2227/3386/1927
f 2208/3385/1908 2235/3387/1935 2233/3383/1933
f 2227/3386/1927 2200/3388/1900 2202/3384/1902
f 2235/3387/1935 2208/3385/1908 2210/3389/1910
f 2200/3388/1900 2227/3386/1927 2225/3390/1925
f 2210/3389/1910 2237/3391/1937 2235/3387/1935
f 2225/3390/1925 2198/3392/1898 2200/3388/1900
f 2237/3391/1937 2210/3389/1910 2212/3393/1912
f 2198/3392/1898 2225/3390/1925 2223/3394/1923
f 2212/3393/1912 2239/3395/1939 2237/3391/1937
f 2223/3394/1923 2196/3396/1896 2198/3392/1898
f 2239/3395/1939 2212/3393/1912 2214/3397/1914
f 2196/3396/1896 2223/3394/1923 2221/3398/1921
f 2214/3397/1914 2216/3399/1916 2239/3395/1939
f 2221/3398/1921 2193/3400/1893 2196/3396/1896
f 2216/3399/1916 2214/3397/1914 2194/3401/1894
f 2193/3400/1893 2221/3398/1921 2219/3402/1919
f 2194/3401/1894 2219/3402/1919 2216/3399/1916
f 2219/3402/1919 2194/3401/1894 2193/3400/1893
f 2444/3403/2144 2632/3404/2332 2442/3405/2142
f 2632/3404/2332 2444/3403/2144 2633/3406/2333
f 2634/3407/2334 2442/3405/2142 2632/3404/2332
f 2442/3405/2142 2634/3407/2334 2440/3408/2140
f 2633/3406/2333 2635/3409/2335 2632/3404/2332
f 2635/3409/2335 2634/3407/2334 2632/3404/2332
f 2635/3409/2335 2633/3406/2333 2636/3410/2336
f 2637/3411/2337 2440/3408/2140 2634/3407/2334
f 2634/3407/2334 2635/3409/2335 2637/3411/2337
f 2440/3408/2140 2637/3411/2337 2436/3412/2136
f 2637/3411/2337 2433/3413/2133 2436/3412/2136
f 2638/3414/2338 2635/3409/2335 2636/3410/2336
f 2638/3414/2338 2636/3410/2336 2639/3415/2339
f 2637/3411/2337 2640/3416/2340 2433/3413/2133
f 2433/3413/2133 2640/3416/2340 2428/3417/2128
f 2640/3416/2340 2425/3418/2125 2428/3417/2128
f 2641/3419/2341 2637/3411/2337 2635/3409/2335
f 2637/3411/2337 2641/3419/2341 2640/3416/2340
f 2638/3414/2338 2641/3419/2341 2635/3409/2335
f 2425/3418/2125 2640/3416/2340 2642/3420/2342
f 2641/3419/2341 2642/3420/2342 2640/3416/2340
f 2643/3421/2343 2425/3418/2125 2642/3420/2342
f 2425/3418/2125 2643/3421/2343 2420/3422/2120
f 2643/3421/2343 2416/3423/2116 2420/3422/2120
f 2642/3420/2342 2641/3419/2341 2644/3424/2344
f 2644/3424/2344 2643/3421/2343 2642/3420/2342
f 2416/3423/2116 2643/3421/2343 2645/3425/2345
f 2643/3421/2343 2644/3424/2344 2645/3425/2345
f 2645/3425/2345 2415/3426/2115 2416/3423/2116
f 2641/3419/2341 2646/3427/2346 2644/3424/2344
f 2646/3427/2346 2641/3419/2341 2638/3414/2338
f 2644/3424/2344 2647/3428/2347 2645/3425/2345
f 2415/3426/2115 2645/3425/2345 2647/3428/2347
f 2647/3428/2347 2644/3424/2344 2646/3427/2346
f 2648/3429/2348 2415/3426/2115 2647/3428/2347
f 2646/3427/2346 2648/3429/2348 2647/3428/2347
f 2415/3426/2115 2648/3429/2348 2414/3430/2114
f 2648/3429/2348 2412/3431/2112 2414/3430/2114
f 2648/3429/2348 2646/3427/2346 2649/3432/2349
f 2412/3431/2112 2648/3429/2348 2649/3432/2349
f 2638/3414/2338 2649/3432/2349 2646/3427/2346
f 2650/3433/2350 2412/3431/2112 2649/3432/2349
f 2649/3432/2349 2638/3414/2338 2650/3433/2350
f 2412/3431/2112 2650/3433/2350 2409/3434/2109
f 2650/3433/2350 2407/3435/2107 2409/3434/2109
f 2650/3433/2350 2651/3436/2351 2407/3435/2107
f 2638/3414/2338 2651/3436/2351 2650/3433/2350
f 2407/3435/2107 2651/3436/2351 2405/3437/2105
f 2651/3436/2351 2402/3438/2102 2405/3437/2105
f 2651/3436/2351 2638/3414/2338 2652/3439/2352
f 2638/3414/2338 2639/3415/2339 2652/3439/2352
f 2402/3438/2102 2651/3436/2351 2653/3440/2353
f 2652/3439/2352 2653/3440/2353 2651/3436/2351
f 2653/3440/2353 2400/3441/2100 2402/3438/2102
f 2654/3442/2354 2652/3439/2352 2639/3415/2339
f 2400/3441/2100 2653/3440/2353 2655/3443/2355
f 2653/3440/2353 2652/3439/2352 2655/3443/2355
f 2652/3439/2352 2654/3442/2354 2655/3443/2355
f 2655/3443/2355 2401/3444/2101 2400/3441/2100
f 2401/3444/2101 2655/3443/2355 2654/3442/2354
f 2656/3445/2356 2497/3446/2197 2515/3447/2215
f 2521/3448/2221 2656/3445/2356 2515/3447/2215
f 2497/3446/2197 2656/3445/2356 2657/3449/2357
f 2657/3449/2357 2494/3450/2194 2497/3446/2197
f 2656/3445/2356 2521/3448/2221 2658/3451/2358
f 2524/3452/2224 2658/3451/2358 2521/3448/2221
f 2659/3453/2359 2657/3449/2357 2656/3445/2356
f 2658/3451/2358 2659/3453/2359 2656/3445/2356
f 2494/3450/2194 2657/3449/2357 2660/3454/2360
f 2657/3449/2357 2659/3453/2359 2660/3454/2360
f 2660/3454/2360 2491/3455/2191 2494/3450/2194
f 2658/3451/2358 2524/3452/2224 2661/3456/2361
f 2659/3453/2359 2658/3451/2358 2661/3456/2361
f 2525/3457/2225 2661/3456/2361 2524/3452/2224
f 2491/3455/2191 2660/3454/2360 2662/3458/2362
f 2662/3458/2362 2490/3459/2190 2491/3455/2191
f 2663/3460/2363 2660/3454/2360 2659/3453/2359
f 2660/3454/2360 2663/3460/2363 2662/3458/2362
f 2661/3456/2361 2663/3460/2363 2659/3453/2359
f 2490/3459/2190 2662/3458/2362 2664/3461/2364
f 2663/3460/2363 2664/3461/2364 2662/3458/2362
f 2665/3462/2365 2490/3459/2190 2664/3461/2364
f 2664/3461/2364 2663/3460/2363 2665/3462/2365
f 2490/3459/2190 2665/3462/2365 2489/3463/2189
f 2665/3462/2365 2535/3464/2235 2489/3463/2189
f 2663/3460/2363 2666/3465/2366 2665/3462/2365
f 2535/3464/2235 2665/3462/2365 2666/3465/2366
f 2666/3465/2366 2663/3460/2363 2667/3466/2367
f 2667/3466/2367 2535/3464/2235 2666/3465/2366
f 2663/3460/2363 2661/3456/2361 2667/3466/2367
f 2535/3464/2235 2667/3466/2367 2525/3457/2225
f 2661/3456/2361 2525/3457/2225 2667/3466/2367
usemtl pickup_exterior.001
f 2668/3467/2368 2669/3468/2369 2670/3469/2370
f 2669/3468/2369 2668/3467/2368 2671/3470/2371
f 2671/3471/2371 2672/3472/2372 2669/3473/2369
f 2672/3472/2372 2671/3471/2371 2673/3474/2373
f 2674/3475/2374 2675/3476/2375 2676/3477/2376
f 2675/3476/2375 2674/3475/2374 2677/3478/2377
f 2677/3479/2377 2678/3480/2378 2675/3481/2375
f 2678/3480/2378 2677/3479/2377 2679/3482/2379
f 2680/3483/2380 2681/3484/2381 2682/3485/2382
f 2680/3483/2380 2683/3486/2383 2681/3484/2381
f 2684/3487/2384 2685/3488/2385 2686/3489/2386
f 2684/3487/2384 2687/3490/2387 2685/3488/2385
f 2688/3491/2384 2689/3492/2385 2690/3493/2386
f 2688/3491/2384 2691/3494/2387 2689/3492/2385
f 2692/3495/2380 2693/3496/2381 2694/3497/2382
f 2692/3495/2380 2695/3498/2383 2693/3496/2381
f 2696/3499/2388 2697/3500/2389 2698/3501/2390
f 2697/3500/2389 2696/3499/2388 2699/3502/2391
f 2700/3503/2392 2701/3504/2393 2702/3505/2394
f 2701/3504/2393 2700/3503/2392 2703/3506/2395
f 2702/3507/2394 2697/3508/2389 2699/3509/2391
f 2697/3508/2389 2702/3507/2394 2701/3510/2393
f 2700/3503/2392 2699/3502/2391 2696/3511/2388
f 2699/3502/2391 2700/3503/2392 2702/3512/2394
f 2703/3513/2395 2696/3514/2388 2698/3515/2390
f 2696/3514/2388 2703/3513/2395 2700/3516/2392
f 2701/3517/2393 2698/3518/2390 2697/3500/2389
f 2698/3518/2390 2701/3517/2393 2703/3506/2395
f 2704/3519/2388 2705/3520/2389 2706/3521/2390
f 2705/3520/2389 2704/3519/2388 2707/3522/2391
f 2708/3523/2392 2709/3524/2393 2710/3525/2394
f 2709/3524/2393 2708/3523/2392 2711/3526/2395
f 2710/3527/2394 2705/3528/2389 2707/3529/2391
f 2705/3528/2389 2710/3527/2394 2709/3530/2393
f 2708/3523/2392 2707/3522/2391 2704/3531/2388
f 2707/3522/2391 2708/3523/2392 2710/3532/2394
f 2711/3533/2395 2704/3534/2388 2706/3535/2390
f 2704/3534/2388 2711/3533/2395 2708/3536/2392
f 2709/3537/2393 2706/3538/2390 2705/3520/2389
f 2706/3538/2390 2709/3537/2393 2711/3526/2395
f 2712/3539/2388 2713/3540/2389 2714/3541/2390
f 2713/3540/2389 2712/3539/2388 2715/3542/2391
f 2716/3543/2392 2717/3544/2393 2718/3545/2394
f 2717/3544/2393 2716/3543/2392 2719/3546/2395
f 2718/3547/2394 2713/3548/2389 2715/3549/2391
f 2713/3548/2389 2718/3547/2394 2717/3550/2393
f 2716/3543/2392 2715/3542/2391 2712/3551/2388
f 2715/3542/2391 2716/3543/2392 2718/3552/2394
f 2719/3553/2395 2712/3554/2388 2714/3555/2390
f 2712/3554/2388 2719/3553/2395 2716/3556/2392
f 2717/3557/2393 2714/3558/2390 2713/3540/2389
f 2714/3558/2390 2717/3557/2393 2719/3546/2395
f 2720/3559/127 2721/3560/127 2722/3561/127
f 2721/3560/127 2720/3559/127 2723/3562/127
f 2673/3563/2373 2724/3564/2396 2672/3565/2372
f 2724/3564/2396 2673/3563/2373 2725/3566/2397
f 2725/3566/2397 2670/3567/2370 2724/3564/2396
f 2670/3567/2370 2725/3566/2397 2668/3568/2368
f 2726/3569/2368 2727/3570/2369 2728/3571/2370
f 2727/3570/2369 2726/3569/2368 2729/3572/2371
f 2729/3572/2371 2730/3573/2372 2727/3570/2369
f 2730/3573/2372 2729/3572/2371 2731/3574/2373
f 2731/3574/2373 2732/3575/2398 2730/3573/2372
f 2732/3575/2398 2731/3574/2373 2733/3576/2397
f 2733/3576/2397 2728/3577/2370 2732/3575/2398
f 2728/3577/2370 2733/3576/2397 2726/3578/2368
f 2679/3579/2379 2734/3580/2399 2678/3581/2378
f 2734/3580/2399 2679/3579/2379 2735/3582/2400
f 2735/3582/2400 2676/3583/2376 2734/3580/2399
f 2676/3583/2376 2735/3582/2400 2674/3584/2374
f 2736/3585/2374 2737/3586/2375 2738/3587/2376
f 2737/3586/2375 2736/3585/2374 2739/3588/2377
f 2739/3588/2377 2740/3589/2378 2737/3586/2375
f 2740/3589/2378 2739/3588/2377 2741/3590/2379
f 2741/3590/2379 2742/3591/2399 2740/3589/2378
f 2742/3591/2399 2741/3590/2379 2743/3592/2400
f 2743/3592/2400 2738/3593/2376 2742/3591/2399
f 2738/3593/2376 2743/3592/2400 2736/3594/2374
f 2744/3595/2401 2745/3596/2402 2746/3597/2403
f 2745/3596/2402 2744/3595/2401 2747/3598/2404
f 2747/3598/2404 2748/3599/2405 2745/3596/2402
f 2748/3599/2405 2747/3598/2404 2749/3600/2406
f 2749/3600/2406 2750/3601/2407 2748/3599/2405
f 2750/3601/2407 2749/3600/2406 2751/3602/2408
f 2752/3603/2409 2753/3604/2410 2754/3605/2411
f 2753/3604/2410 2752/3603/2409 2755/3606/2412
f 2755/3606/2412 2756/3607/2413 2753/3604/2410
f 2756/3607/2413 2755/3606/2412 2757/3608/2414
f 2757/3608/2414 2758/3609/2415 2756/3607/2413
f 2758/3609/2415 2757/3608/2414 2759/3610/2416
f 2760/3611/2417 2761/3612/2418 2762/3613/2419
f 2761/3612/2418 2760/3611/2417 2763/3614/2420
f 2763/3614/2420 2764/3615/2421 2761/3612/2418
f 2764/3615/2421 2763/3614/2420 2765/3616/2422
f 2765/3616/2422 2766/3617/2423 2764/3615/2421
f 2766/3617/2423 2765/3616/2422 2767/3618/2424
f 2767/3618/2424 2762/3619/2419 2766/3617/2423
f 2762/3619/2419 2767/3618/2424 2760/3620/2417
f 2768/3621/2425 2769/3622/2426 2770/3623/2427
f 2769/3622/2426 2768/3621/2425 2771/3624/2428
f 2771/3624/2428 2772/3625/2429 2769/3622/2426
f 2772/3625/2429 2771/3624/2428 2773/3626/2430
f 2773/3626/2430 2774/3627/2431 2772/3625/2429
f 2774/3627/2431 2773/3626/2430 2775/3628/2432
f 2776/3629/2433 2774/3627/2431 2775/3628/2432
f 2774/3627/2431 2776/3629/2433 2777/3630/2434
f 2778/3631/2435 2777/3630/2434 2776/3629/2433
f 2777/3630/2434 2778/3631/2435 2779/3632/2436
f 2768/3633/2425 2779/3632/2436 2778/3631/2435
f 2779/3632/2436 2768/3633/2425 2770/3634/2427
f 2780/3635/2437 2781/3636/2438 2782/3637/2439
f 2781/3636/2438 2780/3635/2437 2783/3638/2440
f 2783/3638/2440 2784/3639/2441 2781/3636/2438
f 2784/3639/2441 2783/3638/2440 2785/3640/2442
f 2785/3640/2442 2786/3641/2443 2784/3639/2441
f 2786/3641/2443 2785/3640/2442 2787/3642/2444
f 2788/3643/2445 2786/3641/2443 2787/3642/2444
f 2786/3641/2443 2788/3643/2445 2789/3644/2446
f 2790/3645/2447 2789/3644/2446 2788/3643/2445
f 2789/3644/2446 2790/3645/2447 2791/3646/2448
f 2780/3647/2437 2791/3646/2448 2790/3645/2447
f 2791/3646/2448 2780/3647/2437 2782/3648/2439
f 2792/3649/2449 2793/3650/2450 2794/3651/2451
f 2793/3650/2450 2792/3649/2449 2795/3652/2452
f 2795/3652/2452 2796/3653/2453 2793/3650/2450
f 2796/3653/2453 2795/3652/2452 2797/3654/2454
f 2797/3654/2454 2798/3655/2455 2796/3653/2453
f 2798/3655/2455 2797/3654/2454 2799/3656/2456
f 2800/3657/2457 2798/3655/2455 2799/3656/2456
f 2798/3655/2455 2800/3657/2457 2801/3658/2458
f 2802/3659/2459 2801/3658/2458 2800/3657/2457
f 2801/3658/2458 2802/3659/2459 2803/3660/2460
f 2792/3661/2449 2803/3660/2460 2802/3659/2459
f 2803/3660/2460 2792/3661/2449 2794/3662/2451
f 2804/3663/2461 2805/3664/2462 2806/3665/2463
f 2805/3664/2462 2804/3663/2461 2807/3666/2464
f 2807/3666/2464 2808/3667/2465 2805/3664/2462
f 2808/3667/2465 2807/3666/2464 2809/3668/2466
f 2809/3668/2466 2810/3669/2467 2808/3667/2465
f 2810/3669/2467 2809/3668/2466 2811/3670/2468
f 2812/3671/2469 2810/3669/2467 2811/3670/2468
f 2810/3669/2467 2812/3671/2469 2813/3672/2470
f 2814/3673/2471 2813/3672/2470 2812/3671/2469
f 2813/3672/2470 2814/3673/2471 2815/3674/2472
f 2804/3675/2461 2815/3674/2472 2814/3673/2471
f 2815/3674/2472 2804/3675/2461 2806/3676/2463
f 2816/3677/2473 2817/3678/2474 2818/3679/2475
f 2817/3678/2474 2816/3677/2473 2819/3680/2476
f 2820/3681/2477 2819/3680/2476 2816/3677/2473
f 2819/3680/2476 2820/3681/2477 2821/3682/2478
f 2822/3683/2479 2821/3682/2478 2820/3681/2477
f 2821/3682/2478 2822/3683/2479 2823/3684/2480
f 2818/3685/2475 2823/3684/2480 2822/3683/2479
f 2823/3684/2480 2818/3685/2475 2817/3686/2474
f 2824/3687/2481 2820/3688/2477 2825/3689/2482
f 2820/3688/2477 2824/3687/2481 2822/3683/2479
f 2826/3690/2483 2822/3683/2479 2824/3687/2481
f 2822/3683/2479 2826/3690/2483 2818/3691/2475
f 2827/3692/2484 2818/3691/2475 2826/3690/2483
f 2818/3691/2475 2827/3692/2484 2816/3693/2473
f 2825/3694/2482 2816/3693/2473 2827/3692/2484
f 2816/3693/2473 2825/3694/2482 2820/3695/2477
f 2828/3696/2485 2829/3697/2486 2830/3698/2487
f 2829/3697/2486 2828/3696/2485 2831/3699/2488
f 2832/3700/2489 2831/3699/2488 2828/3696/2485
f 2831/3699/2488 2832/3700/2489 2833/3701/2490
f 2834/3702/2491 2833/3701/2490 2832/3700/2489
f 2833/3701/2490 2834/3702/2491 2835/3703/2492
f 2830/3704/2487 2835/3703/2492 2834/3702/2491
f 2835/3703/2492 2830/3704/2487 2829/3705/2486
f 2836/3706/2493 2832/3707/2489 2837/3708/2494
f 2832/3707/2489 2836/3706/2493 2834/3702/2491
f 2838/3709/2495 2834/3702/2491 2836/3706/2493
f 2834/3702/2491 2838/3709/2495 2830/3710/2487
f 2839/3711/2496 2830/3710/2487 2838/3709/2495
f 2830/3710/2487 2839/3711/2496 2828/3712/2485
f 2837/3713/2494 2828/3712/2485 2839/3711/2496
f 2828/3712/2485 2837/3713/2494 2832/3714/2489
f 2840/3715/2497 2841/3716/2498 2842/3717/2499
f 2843/3718/2500 2842/3717/2499 2841/3716/2498
f 2842/3717/2499 2843/3718/2500 2844/3719/2501
f 2844/3719/2501 2843/3718/2500 2845/3720/2502
f 2845/3720/2502 2843/3718/2500 2846/3721/2503
f 2846/3721/2503 2843/3718/2500 2847/3722/2504
f 2848/3723/2505 2847/3722/2504 2843/3718/2500
f 2847/3722/2504 2848/3723/2505 2849/3724/2506
f 2848/3723/2505 2850/3725/2507 2849/3724/2506
f 2851/3726/2508 2850/3725/2507 2848/3723/2505
f 2850/3725/2507 2851/3726/2508 2852/3727/2509
f 2853/3728/2510 2852/3727/2509 2851/3726/2508
f 2852/3727/2509 2853/3728/2510 2854/3729/2511
f 2855/3730/2512 2854/3729/2511 2853/3728/2510
f 2854/3729/2511 2855/3730/2512 2856/3731/2513
f 2856/3731/2513 2855/3730/2512 2857/3732/2514
f 2855/3730/2512 2858/3733/2515 2857/3732/2514
f 2858/3733/2515 2855/3730/2512 2859/3734/2516
f 2859/3734/2516 2860/3735/2517 2858/3733/2515
f 2859/3734/2516 2861/3736/2518 2860/3735/2517
f 2861/3736/2518 2859/3734/2516 2862/3737/2519
f 2862/3737/2519 2863/3738/2520 2861/3736/2518
f 2859/3739/2516 2841/3740/2498 2862/3741/2519
f 2841/3740/2498 2859/3739/2516 2843/3742/2500
f 2855/3743/2512 2843/3742/2500 2859/3739/2516
f 2843/3742/2500 2855/3743/2512 2848/3744/2505
f 2853/3745/2510 2848/3744/2505 2855/3743/2512
f 2848/3744/2505 2853/3745/2510 2851/3746/2508
f 2744/3747/2401 2864/3748/2521 2865/3749/2522
f 2865/3749/2522 2747/3750/2404 2744/3747/2401
f 2747/3750/2404 2865/3749/2522 2866/3751/2523
f 2747/3750/2404 2866/3751/2523 2867/3752/2524
f 2867/3752/2524 2749/3753/2406 2747/3750/2404
f 2749/3753/2406 2867/3752/2524 2868/3754/2525
f 2749/3753/2406 2868/3754/2525 2869/3755/2526
f 2870/3756/2527 2749/3753/2406 2869/3755/2526
f 2749/3753/2406 2870/3756/2527 2751/3757/2408
f 2870/3756/2527 2750/3758/2407 2751/3757/2408
f 2750/3758/2407 2870/3756/2527 2871/3759/2528
f 2872/3760/2529 2750/3758/2407 2871/3759/2528
f 2750/3758/2407 2872/3760/2529 2748/3761/2405
f 2873/3762/2530 2748/3761/2405 2872/3760/2529
f 2874/3763/2531 2748/3761/2405 2873/3762/2530
f 2748/3761/2405 2874/3763/2531 2745/3764/2402
f 2875/3765/2532 2745/3764/2402 2874/3763/2531
f 2876/3766/2533 2745/3764/2402 2875/3765/2532
f 2745/3764/2402 2876/3766/2533 2746/3767/2403
f 2877/3768/2534 2746/3767/2403 2876/3766/2533
f 2878/3769/2535 2879/3770/2536 2880/3771/2537
f 2879/3770/2536 2878/3769/2535 2881/3772/2538
f 2882/3773/2539 2881/3772/2538 2878/3769/2535
f 2881/3772/2538 2882/3773/2539 2883/3774/2540
f 2884/3775/2541 2883/3774/2540 2882/3773/2539
f 2883/3774/2540 2884/3775/2541 2885/3776/2542
f 2886/3777/2543 2752/3778/2409 2887/3779/2544
f 2886/3777/2543 2755/3780/2412 2752/3778/2409
f 2755/3780/2412 2886/3777/2543 2888/3781/2545
f 2889/3782/2546 2755/3780/2412 2888/3781/2545
f 2890/3783/2547 2755/3780/2412 2889/3782/2546
f 2891/3784/2548 2755/3780/2412 2890/3783/2547
f 2891/3784/2548 2757/3785/2414 2755/3780/2412
f 2757/3785/2414 2891/3784/2548 2892/3786/2549
f 2892/3786/2549 2893/3787/2550 2757/3785/2414
f 2893/3787/2550 2759/3788/2416 2757/3785/2414
f 2759/3788/2416 2893/3787/2550 2894/3789/2551
f 2894/3789/2551 2758/3790/2415 2759/3788/2416
f 2758/3790/2415 2894/3789/2551 2895/3791/2552
f 2895/3791/2552 2756/3792/2413 2758/3790/2415
f 2756/3792/2413 2895/3791/2552 2896/3793/2553
f 2897/3794/2554 2756/3792/2413 2896/3793/2553
f 2898/3795/2555 2756/3792/2413 2897/3794/2554
f 2756/3792/2413 2898/3795/2555 2753/3796/2410
f 2898/3795/2555 2899/3797/2556 2753/3796/2410
f 2900/3798/2557 2753/3796/2410 2899/3797/2556
f 2753/3796/2410 2900/3798/2557 2754/3799/2411
f 2900/3798/2557 2901/3800/2558 2754/3799/2411
f 2902/3801/2559 2903/3802/2560 2879/3803/2536
f 2881/3804/2538 2902/3801/2559 2879/3803/2536
f 2902/3801/2559 2881/3804/2538 2904/3805/2561
f 2905/3806/2562 2904/3805/2561 2881/3804/2538
f 2883/3807/2540 2905/3806/2562 2881/3804/2538
f 2905/3806/2562 2883/3807/2540 2906/3808/2563
f 2907/3809/2564 2906/3808/2563 2883/3807/2540
f 2883/3807/2540 2908/3810/2565 2907/3809/2564
f 2908/3810/2565 2883/3807/2540 2885/3811/2542
f 2884/3812/2541 2908/3810/2565 2885/3811/2542
f 2908/3810/2565 2884/3812/2541 2909/3813/2566
f 2884/3812/2541 2910/3814/2567 2909/3813/2566
f 2910/3814/2567 2884/3812/2541 2882/3815/2539
f 2910/3814/2567 2882/3815/2539 2911/3816/2568
f 2882/3815/2539 2912/3817/2569 2911/3816/2568
f 2912/3817/2569 2882/3815/2539 2878/3818/2535
f 2912/3817/2569 2878/3818/2535 2913/3819/2570
f 2878/3818/2535 2914/3820/2571 2913/3819/2570
f 2914/3820/2571 2878/3818/2535 2880/3821/2537
f 2914/3820/2571 2880/3821/2537 2915/3822/2572
f 2916/3823/2573 2917/3824/2574 2918/3825/2575
f 2917/3824/2574 2916/3823/2573 2919/3826/2576
f 2920/3827/2577 2919/3826/2576 2916/3823/2573
f 2919/3826/2576 2920/3827/2577 2921/3828/2578
f 2922/3829/2579 2921/3828/2578 2920/3827/2577
f 2921/3828/2578 2922/3829/2579 2923/3830/2580
f 2918/3831/2575 2923/3830/2580 2922/3829/2579
f 2923/3830/2580 2918/3831/2575 2917/3832/2574
f 2924/3833/2581 2925/3834/2582 2926/3835/2583
f 2925/3834/2582 2924/3833/2581 2927/3836/2584
f 2928/3837/2585 2927/3836/2584 2924/3833/2581
f 2927/3836/2584 2928/3837/2585 2929/3838/2586
f 2930/3839/2587 2929/3838/2586 2928/3837/2585
f 2929/3838/2586 2930/3839/2587 2931/3840/2588
f 2932/3841/2589 2931/3840/2588 2930/3839/2587
f 2931/3840/2588 2932/3841/2589 2933/3842/2590
f 2934/3843/2591 2933/3842/2590 2932/3841/2589
f 2933/3842/2590 2934/3843/2591 2935/3844/2592
f 2926/3845/2583 2935/3844/2592 2934/3843/2591
f 2935/3844/2592 2926/3845/2583 2925/3846/2582
f 2936/3847/2593 2937/3848/2594 2938/3849/2595
f 2937/3848/2594 2936/3847/2593 2939/3850/2596
f 2940/3851/2597 2939/3850/2596 2936/3847/2593
f 2939/3850/2596 2940/3851/2597 2941/3852/2598
f 2942/3853/2599 2941/3852/2598 2940/3851/2597
f 2941/3852/2598 2942/3853/2599 2943/3854/2600
f 2938/3855/2595 2943/3854/2600 2942/3853/2599
f 2943/3854/2600 2938/3855/2595 2937/3856/2594
f 2944/3857/2593 2945/3858/2601 2946/3859/2595
f 2945/3858/2601 2944/3857/2593 2947/3860/2602
f 2948/3861/2597 2947/3860/2602 2944/3857/2593
f 2947/3860/2602 2948/3861/2597 2949/3862/2603
f 2950/3863/2599 2949/3862/2603 2948/3861/2597
f 2949/3862/2603 2950/3863/2599 2951/3864/2604
f 2946/3865/2595 2951/3864/2604 2950/3863/2599
f 2951/3864/2604 2946/3865/2595 2945/3866/2601
f 2952/3867/2605 2953/3868/2606 2954/3869/2607
f 2953/3868/2606 2952/3867/2605 2955/3870/2608
f 2952/3867/2605 2956/3871/2609 2955/3870/2608
f 2956/3871/2609 2952/3867/2605 2957/3872/2610
f 2744/3873/2401 2958/3874/2611 2864/3875/2521
f 2958/3874/2611 2744/3873/2401 2959/3876/2612
f 2744/3873/2401 2879/3877/2536 2959/3876/2612
f 2879/3877/2536 2960/3878/2613 2959/3876/2612
f 2960/3878/2613 2879/3877/2536 2903/3879/2560
f 2746/3880/2403 2879/3877/2536 2744/3873/2401
f 2879/3877/2536 2746/3880/2403 2880/3881/2537
f 2961/3882/2614 2915/3883/2572 2880/3881/2537
f 2962/3884/2614 2880/3881/2537 2746/3880/2403
f 2880/3881/2537 2962/3884/2614 2961/3882/2614
f 2746/3880/2403 2877/3885/2534 2962/3884/2614
f 2962/3884/2614 2963/3886/2614 2961/3882/2614
f 2963/3886/2614 2962/3884/2614 2964/3887/2614
f 2965/3888/2614 2963/3886/2614 2964/3887/2614
f 2963/3886/2614 2965/3888/2614 2966/3889/2614
f 2967/3890/2614 2966/3889/2614 2965/3888/2614
f 2966/3889/2614 2967/3890/2614 2968/3891/2614
f 2863/3892/2520 2862/3893/2519 2967/3890/2614
f 2967/3890/2614 2754/3894/2411 2968/3891/2614
f 2754/3894/2411 2967/3890/2614 2862/3893/2519
f 2968/3891/2614 2754/3894/2411 2901/3895/2558
f 2841/3896/2498 2754/3894/2411 2862/3893/2519
f 2754/3894/2411 2841/3896/2498 2752/3897/2409
f 2752/3897/2409 2841/3896/2498 2955/3898/2608
f 2840/3899/2497 2955/3898/2608 2841/3896/2498
f 2955/3898/2608 2840/3899/2497 2953/3900/2606
f 2955/3898/2608 2887/3901/2544 2752/3897/2409
f 2887/3901/2544 2955/3898/2608 2956/3902/2609
f 2969/3903/2615 2970/3904/2616 2971/3905/2617
f 2969/3903/2615 2971/3905/2617 2972/3906/2618
f 2973/3907/2619 2969/3903/2615 2974/3908/2620
f 2969/3903/2615 2973/3907/2619 2970/3909/2616
f 2974/3908/2620 2975/3910/2621 2973/3907/2619
f 2975/3910/2621 2974/3908/2620 2976/3911/2622
f 2977/3912/2623 2970/3909/2616 2973/3907/2619
f 2970/3909/2616 2977/3912/2623 2971/3913/2617
f 2682/3914/2382 2976/3911/2622 2680/3915/2380
f 2976/3911/2622 2682/3914/2382 2975/3910/2621
f 2681/3916/2381 2975/3910/2621 2682/3914/2382
f 2978/3917/2624 2973/3907/2619 2975/3910/2621
f 2975/3910/2621 2681/3916/2381 2978/3917/2624
f 2973/3907/2619 2978/3917/2624 2977/3912/2623
f 2683/3918/2383 2978/3917/2624 2681/3916/2381
f 2978/3917/2624 2683/3918/2383 2979/3919/2625
f 2979/3919/2625 2977/3912/2623 2978/3917/2624
f 2680/3920/2380 2979/3919/2625 2683/3918/2383
f 2979/3919/2625 2680/3920/2380 2976/3921/2622
f 2977/3912/2623 2979/3919/2625 2980/3922/2626
f 2976/3921/2622 2980/3922/2626 2979/3919/2625
f 2980/3922/2626 2971/3913/2617 2977/3912/2623
f 2980/3922/2626 2976/3921/2622 2974/3923/2620
f 2971/3913/2617 2980/3922/2626 2972/3924/2618
f 2974/3923/2620 2972/3924/2618 2980/3922/2626
f 2972/3924/2618 2974/3923/2620 2969/3925/2615
f 2981/3926/2627 2982/3927/2628 2983/3928/2629
f 2981/3926/2627 2983/3928/2629 2984/3929/2630
f 2985/3930/2631 2981/3926/2627 2986/3931/2632
f 2981/3926/2627 2985/3930/2631 2982/3932/2628
f 2986/3931/2632 2987/3933/2633 2985/3930/2631
f 2987/3933/2633 2986/3931/2632 2988/3934/2634
f 2989/3935/2635 2982/3932/2628 2985/3930/2631
f 2982/3932/2628 2989/3935/2635 2983/3936/2629
f 2686/3937/2386 2988/3934/2634 2684/3938/2384
f 2988/3934/2634 2686/3937/2386 2987/3933/2633
f 2685/3939/2385 2987/3933/2633 2686/3937/2386
f 2990/3940/2636 2985/3930/2631 2987/3933/2633
f 2987/3933/2633 2685/3939/2385 2990/3940/2636
f 2985/3930/2631 2990/3940/2636 2989/3935/2635
f 2687/3941/2387 2990/3940/2636 2685/3939/2385
f 2990/3940/2636 2687/3941/2387 2991/3942/2637
f 2991/3942/2637 2989/3935/2635 2990/3940/2636
f 2684/3943/2384 2991/3942/2637 2687/3941/2387
f 2991/3942/2637 2684/3943/2384 2988/3944/2634
f 2989/3935/2635 2991/3942/2637 2992/3945/2638
f 2988/3944/2634 2992/3945/2638 2991/3942/2637
f 2992/3945/2638 2983/3936/2629 2989/3935/2635
f 2992/3945/2638 2988/3944/2634 2986/3946/2632
f 2983/3936/2629 2992/3945/2638 2984/3947/2630
f 2986/3946/2632 2984/3947/2630 2992/3945/2638
f 2984/3947/2630 2986/3946/2632 2981/3948/2627
f 2993/3949/2627 2994/3950/2639 2995/3951/2629
f 2993/3949/2627 2995/3951/2629 2996/3952/2630
f 2997/3953/2631 2993/3949/2627 2998/3954/2632
f 2993/3949/2627 2997/3953/2631 2994/3955/2639
f 2998/3954/2632 2999/3956/2633 2997/3953/2631
f 2999/3956/2633 2998/3954/2632 3000/3957/2640
f 3001/3958/2635 2994/3955/2639 2997/3953/2631
f 2994/3955/2639 3001/3958/2635 2995/3959/2629
f 2690/3960/2386 3000/3957/2640 2688/3961/2384
f 3000/3957/2640 2690/3960/2386 2999/3956/2633
f 2689/3962/2385 2999/3956/2633 2690/3960/2386
f 3002/3963/2636 2997/3953/2631 2999/3956/2633
f 2999/3956/2633 2689/3962/2385 3002/3963/2636
f 2997/3953/2631 3002/3963/2636 3001/3958/2635
f 2691/3964/2387 3002/3963/2636 2689/3962/2385
f 3002/3963/2636 2691/3964/2387 3003/3965/2637
f 3003/3965/2637 3001/3958/2635 3002/3963/2636
f 2688/3966/2384 3003/3965/2637 2691/3964/2387
f 3003/3965/2637 2688/3966/2384 3000/3967/2640
f 3001/3958/2635 3003/3965/2637 3004/3968/2638
f 3000/3967/2640 3004/3968/2638 3003/3965/2637
f 3004/3968/2638 2995/3959/2629 3001/3958/2635
f 3004/3968/2638 3000/3967/2640 2998/3969/2632
f 2995/3959/2629 3004/3968/2638 2996/3970/2630
f 2998/3969/2632 2996/3970/2630 3004/3968/2638
f 2996/3970/2630 2998/3969/2632 2993/3971/2627
f 3005/3972/2615 3006/3973/2616 3007/3974/2617
f 3005/3972/2615 3007/3974/2617 3008/3975/2618
f 3009/3976/2619 3005/3972/2615 3010/3977/2620
f 3005/3972/2615 3009/3976/2619 3006/3978/2616
f 3010/3977/2620 3011/3979/2621 3009/3976/2619
f 3011/3979/2621 3010/3977/2620 3012/3980/2641
f 3013/3981/2623 3006/3978/2616 3009/3976/2619
f 3006/3978/2616 3013/3981/2623 3007/3982/2617
f 2694/3983/2382 3012/3980/2641 2692/3984/2380
f 3012/3980/2641 2694/3983/2382 3011/3979/2621
f 2693/3985/2381 3011/3979/2621 2694/3983/2382
f 3014/3986/2624 3009/3976/2619 3011/3979/2621
f 3011/3979/2621 2693/3985/2381 3014/3986/2624
f 3009/3976/2619 3014/3986/2624 3013/3981/2623
f 2695/3987/2383 3014/3986/2624 2693/3985/2381
f 3014/3986/2624 2695/3987/2383 3015/3988/2625
f 3015/3988/2625 3013/3981/2623 3014/3986/2624
f 2692/3989/2380 3015/3988/2625 2695/3987/2383
f 3015/3988/2625 2692/3989/2380 3012/3990/2641
f 3013/3981/2623 3015/3988/2625 3016/3991/2626
f 3012/3990/2641 3016/3991/2626 3015/3988/2625
f 3016/3991/2626 3007/3982/2617 3013/3981/2623
f 3016/3991/2626 3012/3990/2641 3010/3992/2620
f 3007/3982/2617 3016/3991/2626 3008/3993/2618
f 3010/3992/2620 3008/3993/2618 3016/3991/2626
f 3008/3993/2618 3010/3992/2620 3005/3994/2615
f 3017/3995/2642 3018/3996/2643 3019/3997/2644
f 3018/3996/2643 3017/3995/2642 3020/3998/2645
f 3020/3998/2645 3021/3999/2646 3018/3996/2643
f 3022/4000/2647 3020/3998/2645 3017/3995/2642
f 3021/3999/2646 3020/3998/2645 3023/4001/2648
f 3020/3998/2645 3022/4000/2647 3024/4002/2649
f 3024/4002/2649 3023/4001/2648 3020/3998/2645
f 3025/4003/2650 3024/4002/2649 3022/4000/2647
f 3023/4001/2648 3024/4002/2649 3026/4004/2651
f 3024/4002/2649 3025/4003/2650 3027/4005/2652
f 3027/4005/2652 3026/4004/2651 3024/4002/2649
f 3028/4006/2653 3027/4005/2652 3025/4003/2650
f 3026/4004/2651 3027/4005/2652 3029/4007/2654
f 3027/4005/2652 3028/4006/2653 3030/4008/2655
f 3030/4008/2655 3029/4007/2654 3027/4005/2652
f 3031/4009/2656 3030/4008/2655 3028/4006/2653
f 3029/4007/2654 3030/4008/2655 3032/4010/2657
f 3030/4008/2655 3031/4009/2656 3033/4011/2658
f 3033/4011/2658 3032/4010/2657 3030/4008/2655
f 3019/4012/2644 3033/4011/2658 3031/4009/2656
f 3032/4010/2657 3033/4011/2658 3034/4013/2659
f 3033/4011/2658 3019/4012/2644 3018/4014/2643
f 3018/4014/2643 3034/4013/2659 3033/4011/2658
f 3034/4013/2659 3018/4014/2643 3021/4015/2646
f 3021/4016/2646 3032/4017/2657 3034/4018/2659
f 3026/4019/2651 3032/4017/2657 3021/4016/2646
f 3026/4019/2651 3029/4020/2654 3032/4017/2657
f 3026/4019/2651 3021/4016/2646 3023/4021/2648
f 3035/4022/2660 3036/4023/2661 3037/4024/2662
f 3036/4023/2661 3035/4022/2660 3038/4025/2663
f 3039/4026/2664 3038/4025/2663 3035/4022/2660
f 3038/4025/2663 3040/4027/2665 3036/4023/2661
f 3038/4025/2663 3039/4026/2664 3041/4028/2666
f 3041/4028/2666 3042/4029/2667 3038/4025/2663
f 3040/4027/2665 3038/4025/2663 3042/4029/2667
f 3042/4029/2667 3041/4028/2666 3043/4030/2668
f 3044/4031/2669 3040/4027/2665 3042/4029/2667
f 3043/4030/2668 3044/4031/2669 3042/4029/2667
f 3040/4027/2665 3044/4031/2669 3045/4032/2670
f 3044/4031/2669 3043/4030/2668 3046/4033/2671
f 2927/4034/2584 3047/4035/2672 2925/4036/2582
f 3047/4035/2672 2927/4034/2584 3048/4037/2673
f 2929/4038/2586 3048/4037/2673 2927/4034/2584
f 3049/4039/2674 2925/4036/2582 3047/4035/2672
f 2925/4036/2582 3049/4039/2674 2935/4040/2592
f 3048/4037/2673 3050/4041/2675 3047/4035/2672
f 3047/4035/2672 3050/4041/2675 3049/4039/2674
f 3048/4037/2673 2929/4038/2586 3051/4042/2676
f 3051/4042/2676 3050/4041/2675 3048/4037/2673
f 2931/4043/2588 3051/4042/2676 2929/4038/2586
f 3052/4044/2677 2935/4040/2592 3049/4039/2674
f 3049/4039/2674 3050/4041/2675 3052/4044/2677
f 2935/4040/2592 3052/4044/2677 2933/4045/2590
f 3053/4046/2678 3050/4041/2675 3051/4042/2676
f 3052/4044/2677 3050/4041/2675 3053/4046/2678
f 3051/4042/2676 2931/4043/2588 3053/4046/2678
f 3053/4046/2678 2933/4045/2590 3052/4044/2677
f 2933/4045/2590 3053/4046/2678 2931/4043/2588
f 2926/4047/2583 3054/4048/2679 2924/4049/2581
f 3054/4048/2679 2926/4047/2583 3055/4050/2680
f 2934/4051/2591 3055/4050/2680 2926/4047/2583
f 3056/4052/2681 2924/4049/2581 3054/4048/2679
f 2924/4049/2581 3056/4052/2681 2928/4053/2585
f 3054/4048/2679 3055/4050/2680 3057/4054/2682
f 3056/4052/2681 3054/4048/2679 3057/4054/2682
f 3055/4050/2680 2934/4051/2591 3058/4055/2683
f 3055/4050/2680 3058/4055/2683 3057/4054/2682
f 2932/4056/2589 3058/4055/2683 2934/4051/2591
f 3059/4057/2684 2928/4053/2585 3056/4052/2681
f 3059/4057/2684 3056/4052/2681 3057/4054/2682
f 2928/4053/2585 3059/4057/2684 2930/4058/2587
f 3058/4055/2683 3060/4059/2685 3057/4054/2682
f 3060/4059/2685 3059/4057/2684 3057/4054/2682
f 3058/4055/2683 2932/4056/2589 3060/4059/2685
f 3060/4059/2685 2930/4058/2587 3059/4057/2684
f 2930/4058/2587 3060/4059/2685 2932/4056/2589
f 3061/4060/2686 3062/4061/2687 3063/4062/2688
f 3063/4062/2688 3064/4063/2689 3061/4060/2686
f 3065/4064/2690 3062/4061/2687 3061/4060/2686
f 3065/4064/2690 3061/4060/2686 3064/4063/2689
f 3066/4065/2691 3063/4062/2688 3062/4061/2687
f 3065/4064/2690 3067/4066/2692 3062/4061/2687
f 3062/4061/2687 3067/4066/2692 3066/4065/2691
f 3064/4063/2689 3063/4062/2688 3068/4067/2693
f 3063/4062/2688 3066/4065/2691 3069/4068/2694
f 3069/4068/2694 3068/4067/2693 3063/4062/2688
f 3070/4069/2695 3066/4065/2691 3067/4066/2692
f 3071/4070/2696 3069/4068/2694 3066/4065/2691
f 3066/4065/2691 3070/4069/2695 3071/4070/2696
f 3067/4066/2692 3072/4071/2697 3070/4069/2695
f 3065/4064/2690 3072/4071/2697 3067/4066/2692
f 3073/4072/2698 3071/4070/2696 3070/4069/2695
f 3074/4073/2699 3070/4069/2695 3072/4071/2697
f 3070/4069/2695 3074/4073/2699 3073/4072/2698
f 3065/4064/2690 3075/4074/2700 3072/4071/2697
f 3072/4071/2697 3075/4074/2700 3074/4073/2699
f 3065/4064/2690 3076/4075/2701 3075/4074/2700
f 3077/4076/2702 3074/4073/2699 3075/4074/2700
f 3075/4074/2700 3076/4075/2701 3077/4076/2702
f 3076/4075/2701 3065/4064/2690 3078/4077/2703
f 3078/4077/2703 3077/4076/2702 3076/4075/2701
f 3064/4063/2689 3078/4077/2703 3065/4064/2690
f 3074/4073/2699 3077/4076/2702 3079/4078/2704
f 3079/4078/2704 3073/4072/2698 3074/4073/2699
f 3077/4076/2702 3078/4077/2703 3080/4079/2705
f 3080/4079/2705 3079/4078/2704 3077/4076/2702
f 3078/4077/2703 3064/4063/2689 3081/4080/2706
f 3081/4080/2706 3080/4079/2705 3078/4077/2703
f 3068/4067/2693 3081/4080/2706 3064/4063/2689
f 3079/4078/2704 3080/4079/2705 3082/4081/2707
f 3080/4079/2705 3081/4080/2706 3083/4082/2708
f 3083/4082/2708 3082/4081/2707 3080/4079/2705
f 3081/4080/2706 3068/4067/2693 3084/4083/2709
f 3084/4083/2709 3083/4082/2708 3081/4080/2706
f 3085/4084/2710 3084/4083/2709 3068/4067/2693
f 3068/4067/2693 3069/4068/2694 3085/4084/2710
f 3083/4082/2708 3084/4083/2709 3086/4085/2711
f 3087/4086/2712 3085/4084/2710 3069/4068/2694
f 3069/4068/2694 3071/4070/2696 3087/4086/2712
f 3084/4083/2709 3085/4084/2710 3088/4087/2713
f 3088/4087/2713 3086/4085/2711 3084/4083/2709
f 3085/4084/2710 3087/4086/2712 3089/4088/2714
f 3089/4088/2714 3088/4087/2713 3085/4084/2710
f 3090/4089/2715 3087/4086/2712 3071/4070/2696
f 3071/4070/2696 3073/4072/2698 3090/4089/2715
f 3091/4090/2716 3089/4088/2714 3087/4086/2712
f 3087/4086/2712 3090/4089/2715 3091/4090/2716
f 3092/4091/2717 3090/4089/2715 3073/4072/2698
f 3073/4072/2698 3079/4078/2704 3092/4091/2717
f 3082/4081/2707 3092/4091/2717 3079/4078/2704
f 3090/4089/2715 3092/4091/2717 3093/4092/2718
f 3093/4092/2718 3091/4090/2716 3090/4089/2715
f 3092/4091/2717 3082/4081/2707 3094/4093/2719
f 3094/4093/2719 3093/4092/2718 3092/4091/2717
f 3082/4081/2707 3083/4082/2708 3095/4094/2720
f 3095/4094/2720 3094/4093/2719 3082/4081/2707
f 3086/4085/2711 3095/4094/2720 3083/4082/2708
f 3093/4092/2718 3094/4093/2719 3096/4095/2721
f 3094/4093/2719 3095/4094/2720 3097/4096/2722
f 3097/4096/2722 3096/4095/2721 3094/4093/2719
f 3095/4094/2720 3086/4085/2711 3098/4097/2723
f 3098/4097/2723 3097/4096/2722 3095/4094/2720
f 3099/4098/2724 3098/4097/2723 3086/4085/2711
f 3086/4085/2711 3088/4087/2713 3099/4098/2724
f 3097/4096/2722 3098/4097/2723 3100/4099/2725
f 3101/4100/2726 3099/4098/2724 3088/4087/2713
f 3088/4087/2713 3089/4088/2714 3101/4100/2726
f 3098/4097/2723 3099/4098/2724 3102/4101/2727
f 3102/4101/2727 3100/4099/2725 3098/4097/2723
f 3099/4098/2724 3101/4100/2726 3103/4102/2728
f 3103/4102/2728 3102/4101/2727 3099/4098/2724
f 3104/4103/2729 3101/4100/2726 3089/4088/2714
f 3089/4088/2714 3091/4090/2716 3104/4103/2729
f 3105/4104/2730 3103/4102/2728 3101/4100/2726
f 3101/4100/2726 3104/4103/2729 3105/4104/2730
f 3106/4105/2731 3104/4103/2729 3091/4090/2716
f 3091/4090/2716 3093/4092/2718 3106/4105/2731
f 3096/4095/2721 3106/4105/2731 3093/4092/2718
f 3104/4103/2729 3106/4105/2731 3107/4106/2732
f 3107/4106/2732 3105/4104/2730 3104/4103/2729
f 3106/4105/2731 3096/4095/2721 3108/4107/2733
f 3108/4107/2733 3107/4106/2732 3106/4105/2731
f 3096/4095/2721 3097/4096/2722 3109/4108/2734
f 3109/4108/2734 3108/4107/2733 3096/4095/2721
f 3100/4099/2725 3109/4108/2734 3097/4096/2722
f 3107/4106/2732 3108/4107/2733 3110/4109/2735
f 3108/4107/2733 3109/4108/2734 3111/4110/2736
f 3111/4110/2736 3110/4109/2735 3108/4107/2733
f 3109/4108/2734 3100/4099/2725 3112/4111/2737
f 3112/4111/2737 3111/4110/2736 3109/4108/2734
f 3113/4112/2738 3112/4111/2737 3100/4099/2725
f 3100/4099/2725 3102/4101/2727 3113/4112/2738
f 3111/4110/2739 3114/4113/2740 3112/4111/2741
f 3115/4114/2742 3113/4112/2738 3102/4101/2727
f 3102/4101/2727 3103/4102/2728 3115/4114/2742
f 3112/4111/2741 3116/4115/2743 3113/4112/2744
f 3116/4115/2743 3115/4114/2745 3113/4112/2744
f 3116/4115/2743 3112/4111/2741 3114/4113/2740
f 3117/4116/2746 3115/4114/2742 3103/4102/2728
f 3103/4102/2728 3105/4104/2730 3117/4116/2746
f 3118/4117/2747 3117/4116/2748 3115/4114/2745
f 3115/4114/2745 3116/4115/2743 3118/4117/2747
f 3119/4118/2749 3117/4116/2746 3105/4104/2730
f 3105/4104/2730 3107/4106/2732 3119/4118/2749
f 3110/4109/2750 3107/4106/2751 3119/4118/2752
f 3120/4119/2753 3119/4118/2752 3117/4116/2748
f 3117/4116/2748 3118/4117/2747 3120/4119/2753
f 3121/4120/2754 3110/4109/2750 3119/4118/2752
f 3119/4118/2752 3120/4119/2753 3121/4120/2754
f 3110/4109/2750 3121/4120/2754 3122/4121/2755
f 3118/4117/2747 3123/4122/2756 3120/4119/2753
f 3124/4123/2757 3110/4109/2750 3122/4121/2755
f 3110/4109/2750 3124/4123/2757 3111/4110/2739
f 3114/4113/2740 3111/4110/2739 3124/4123/2757
f 3121/4120/2754 3125/4124/2758 3122/4121/2755
f 3125/4124/2758 3124/4123/2757 3122/4121/2755
f 3120/4119/2753 3126/4125/2759 3121/4120/2754
f 3125/4124/2758 3121/4120/2754 3126/4125/2759
f 3126/4125/2759 3120/4119/2753 3123/4122/2756
f 3124/4123/2757 3125/4124/2758 3127/4126/2760
f 3127/4126/2760 3114/4113/2740 3124/4123/2757
f 3128/4127/2761 3125/4124/2758 3126/4125/2759
f 3114/4113/2740 3127/4126/2760 3129/4128/2762
f 3129/4128/2762 3116/4115/2743 3114/4113/2740
f 3130/4129/2763 3125/4124/2764 3127/4126/2765
f 3125/4124/2764 3130/4129/2763 3128/4127/2766
f 3131/4130/2767 3127/4126/2765 3129/4128/2768
f 3127/4126/2765 3131/4130/2767 3130/4129/2763
f 3116/4115/2743 3129/4128/2762 3132/4131/2769
f 3129/4128/2768 3133/4132/2770 3131/4130/2767
f 3133/4132/2770 3129/4128/2768 3132/4131/2771
f 3134/4133/2772 3116/4115/2743 3132/4131/2769
f 3116/4115/2743 3134/4133/2772 3118/4117/2747
f 3123/4122/2756 3118/4117/2747 3134/4133/2772
f 3135/4134/2773 3132/4131/2771 3134/4133/2774
f 3132/4131/2771 3135/4134/2773 3133/4132/2770
f 3136/4135/2775 3134/4133/2774 3123/4122/2776
f 3134/4133/2774 3136/4135/2775 3135/4134/2773
f 3137/4136/2777 3123/4122/2776 3126/4125/2778
f 3123/4122/2776 3137/4136/2777 3136/4135/2775
f 3126/4125/2778 3128/4127/2766 3137/4136/2777
f 3138/4137/2779 3135/4134/2773 3136/4135/2775
f 3139/4138/2780 3136/4135/2775 3137/4136/2777
f 3136/4135/2775 3139/4138/2780 3138/4137/2779
f 3140/4139/2781 3137/4136/2777 3128/4127/2766
f 3137/4136/2777 3140/4139/2781 3139/4138/2780
f 3135/4134/2773 3138/4137/2779 3141/4140/2782
f 3141/4140/2782 3133/4132/2770 3135/4134/2773
f 3142/4141/2783 3138/4137/2779 3139/4138/2780
f 3133/4132/2770 3141/4140/2782 3143/4142/2784
f 3143/4142/2784 3131/4130/2767 3133/4132/2770
f 3144/4143/2785 3141/4140/2782 3138/4137/2779
f 3138/4137/2779 3142/4141/2783 3144/4143/2785
f 3145/4144/2786 3143/4142/2784 3141/4140/2782
f 3141/4140/2782 3144/4143/2785 3145/4144/2786
f 3131/4130/2767 3143/4142/2784 3146/4145/2787
f 3146/4145/2787 3130/4129/2763 3131/4130/2767
f 3143/4142/2784 3145/4144/2786 3147/4146/2788
f 3147/4146/2788 3146/4145/2787 3143/4142/2784
f 3130/4129/2763 3146/4145/2787 3148/4147/2789
f 3148/4147/2789 3128/4127/2766 3130/4129/2763
f 3128/4127/2766 3148/4147/2789 3140/4139/2781
f 3149/4148/2790 3148/4147/2789 3146/4145/2787
f 3146/4145/2787 3147/4146/2788 3149/4148/2790
f 3150/4149/2791 3140/4139/2781 3148/4147/2789
f 3148/4147/2789 3149/4148/2790 3150/4149/2791
f 3151/4150/2792 3139/4138/2780 3140/4139/2781
f 3140/4139/2781 3150/4149/2791 3151/4150/2792
f 3139/4138/2780 3151/4150/2792 3142/4141/2783
f 3152/4151/2793 3150/4149/2791 3149/4148/2790
f 3153/4152/2794 3151/4150/2792 3150/4149/2791
f 3150/4149/2791 3152/4151/2793 3153/4152/2794
f 3154/4153/2795 3142/4141/2783 3151/4150/2792
f 3151/4150/2792 3153/4152/2794 3154/4153/2795
f 3149/4148/2790 3155/4154/2796 3152/4151/2793
f 3155/4154/2796 3149/4148/2790 3147/4146/2788
f 3156/4155/2797 3153/4152/2794 3152/4151/2793
f 3147/4146/2788 3157/4156/2798 3155/4154/2796
f 3157/4156/2798 3147/4146/2788 3145/4144/2786
f 3158/4157/2799 3152/4151/2793 3155/4154/2796
f 3152/4151/2793 3158/4157/2799 3156/4155/2797
f 3159/4158/2800 3155/4154/2796 3157/4156/2798
f 3155/4154/2796 3159/4158/2800 3158/4157/2799
f 3145/4144/2786 3160/4159/2801 3157/4156/2798
f 3160/4159/2801 3145/4144/2786 3144/4143/2785
f 3157/4156/2798 3161/4160/2802 3159/4158/2800
f 3161/4160/2802 3157/4156/2798 3160/4159/2801
f 3144/4143/2785 3162/4161/2803 3160/4159/2801
f 3162/4161/2803 3144/4143/2785 3142/4141/2783
f 3142/4141/2783 3154/4153/2795 3162/4161/2803
f 3163/4162/2804 3160/4159/2801 3162/4161/2803
f 3160/4159/2801 3163/4162/2804 3161/4160/2802
f 3164/4163/2805 3162/4161/2803 3154/4153/2795
f 3162/4161/2803 3164/4163/2805 3163/4162/2804
f 3165/4164/2806 3154/4153/2795 3153/4152/2794
f 3154/4153/2795 3165/4164/2806 3164/4163/2805
f 3153/4152/2794 3156/4155/2797 3165/4164/2806
f 3166/4165/2807 3163/4162/2804 3164/4163/2805
f 3167/4166/2808 3164/4163/2805 3165/4164/2806
f 3164/4163/2805 3167/4166/2808 3166/4165/2807
f 3168/4167/2809 3165/4164/2806 3156/4155/2797
f 3165/4164/2806 3168/4167/2809 3167/4166/2808
f 3163/4162/2804 3166/4165/2807 3169/4168/2810
f 3169/4168/2810 3161/4160/2802 3163/4162/2804
f 3170/4169/2811 3166/4165/2807 3167/4166/2808
f 3161/4160/2802 3169/4168/2810 3171/4170/2812
f 3171/4170/2812 3159/4158/2800 3161/4160/2802
f 3167/4166/2808 3172/4171/2813 3170/4169/2811
f 3172/4171/2813 3167/4166/2808 3168/4167/2809
f 3166/4165/2807 3170/4169/2811 3173/4172/2814
f 3172/4171/2813 3173/4172/2814 3170/4169/2811
f 3173/4172/2814 3169/4168/2810 3166/4165/2807
f 3168/4167/2809 3174/4173/2815 3172/4171/2813
f 3172/4171/2813 3174/4173/2815 3173/4172/2814
f 3156/4155/2797 3175/4174/2816 3168/4167/2809
f 3174/4173/2815 3168/4167/2809 3175/4174/2816
f 3175/4174/2816 3156/4155/2797 3158/4157/2799
f 3175/4174/2816 3176/4175/2817 3174/4173/2815
f 3174/4173/2815 3176/4175/2817 3173/4172/2814
f 3158/4157/2799 3177/4176/2818 3175/4174/2816
f 3176/4175/2817 3175/4174/2816 3177/4176/2818
f 3177/4176/2818 3158/4157/2799 3159/4158/2800
f 3159/4158/2800 3171/4170/2812 3177/4176/2818
f 3177/4176/2818 3178/4177/2819 3176/4175/2817
f 3178/4177/2819 3177/4176/2818 3171/4170/2812
f 3176/4175/2817 3178/4177/2819 3173/4172/2814
f 3171/4170/2812 3179/4178/2820 3178/4177/2819
f 3178/4177/2821 3173/4172/2822 3179/4178/2823
f 3179/4178/2820 3171/4170/2812 3169/4168/2810
f 3169/4168/2810 3173/4172/2814 3179/4178/2820
f 3180/4179/2824 3181/4180/2825 3182/4181/2826
f 3181/4180/2825 3180/4179/2824 3183/4182/2827
f 3184/4183/2828 3183/4182/2827 3180/4179/2824
f 3183/4182/2827 3184/4183/2828 3185/4184/2829
f 3186/4185/2830 3185/4184/2829 3184/4183/2828
f 3185/4184/2829 3186/4185/2830 3187/4186/2831
f 3186/4185/2830 3188/4187/2832 3187/4186/2831
f 3188/4187/2832 3186/4185/2830 3189/4188/2833
f 3190/4189/2834 3188/4187/2832 3189/4188/2833
f 3188/4187/2832 3190/4189/2834 3191/4190/2835
f 3192/4191/2836 3191/4190/2835 3190/4189/2834
f 3191/4190/2835 3192/4191/2836 3193/4192/2837
f 3194/4193/2838 3193/4192/2837 3192/4191/2836
f 3193/4192/2837 3194/4193/2838 3195/4194/2839
f 3196/4195/2840 3195/4194/2839 3194/4193/2838
f 3195/4194/2839 3196/4195/2840 3197/4196/2841
f 3198/4197/2842 3197/4196/2841 3196/4195/2840
f 3197/4196/2841 3198/4197/2842 3199/4198/2843
f 3198/4197/2842 3196/4195/2840 3200/4199/2844
f 3201/4200/2845 3197/4196/2841 3199/4198/2843
f 3196/4195/2840 3202/4201/2846 3200/4199/2844
f 3203/4202/2847 3197/4196/2841 3201/4200/2845
f 3202/4201/2846 3196/4195/2840 3204/4203/2848
f 3201/4200/2845 3205/4204/2849 3203/4202/2847
f 3206/4205/2850 3202/4201/2846 3204/4203/2848
f 3205/4204/2849 3201/4200/2845 3207/4206/2851
f 3202/4201/2846 3206/4205/2850 3208/4207/2852
f 3209/4208/2853 3205/4204/2849 3207/4206/2851
f 3206/4205/2850 3210/4209/2854 3208/4207/2852
f 3205/4204/2849 3209/4208/2853 3211/4210/2855
f 3210/4209/2854 3206/4205/2850 3212/4211/2856
f 3213/4212/2857 3211/4210/2855 3209/4208/2853
f 3214/4213/2858 3210/4209/2854 3212/4211/2856
f 3211/4210/2855 3213/4212/2857 3215/4214/2859
f 3210/4209/2854 3214/4213/2858 3216/4215/2860
f 3217/4216/2861 3215/4214/2859 3213/4212/2857
f 3214/4213/2858 3218/4217/2862 3216/4215/2860
f 3215/4214/2859 3217/4216/2861 3219/4218/2863
f 3218/4217/2862 3214/4213/2858 3220/4219/2864
f 3221/4220/2865 3219/4218/2863 3217/4216/2861
f 3222/4221/2866 3218/4217/2862 3220/4219/2864
f 3219/4218/2863 3221/4220/2865 3223/4222/2867
f 3221/4220/2865 3222/4221/2866 3223/4222/2867
f 3218/4217/2862 3222/4221/2866 3224/4223/2868
f 3222/4221/2866 3221/4220/2865 3224/4223/2868
f 3225/4224/2869 3226/4225/2870 3227/4226/2871
f 3228/4227/2872 3229/4228/2873 3230/4229/2874
f 3231/4230/2875 3232/4231/2876 3233/4232/2877
f 3234/4233/2878 3235/4234/2879 3236/4235/2880
f 3237/4236/2881 3238/4237/2882 3239/4238/2883
f 3240/4239/2884 3241/4240/2885 3242/4241/2886
f 3240/4242/2884 3238/4243/2882 3241/4244/2885
f 3238/4243/2882 3240/4242/2884 3239/4245/2883
f 3243/4246/2887 3239/4247/2883 3240/4248/2884
f 3243/4246/2887 3244/4249/2888 3239/4247/2883
f 3243/4246/2887 3245/4250/2889 3244/4249/2888
f 3246/4251/2890 3247/4252/2891 3248/4253/2892
f 3239/4254/2893 3238/4255/2882 3247/4252/2891
f 3249/4256/2894 3250/4257/2895 3251/4258/2896
f 3250/4257/2895 3249/4256/2894 3252/4259/2897
f 3253/4260/2898 3254/4261/2899 3255/4262/2900
f 3254/4261/2899 3253/4260/2898 3256/4263/2901
f 3257/4264/2902 3255/4262/2900 3254/4261/2899
f 3255/4262/2900 3257/4264/2902 3258/4265/2903
f 3259/4266/2904 3253/4260/2898 3260/4267/2905
f 3253/4260/2898 3259/4266/2904 3256/4263/2901
f 3260/4268/2905 3255/4262/2900 3258/4269/2903
f 3255/4262/2900 3260/4268/2905 3253/4260/2898
f 3261/4270/2906 3262/4271/2907 3263/4272/2908
f 3262/4271/2907 3261/4270/2906 3264/4273/2909
f 3261/4270/2906 3265/4274/2910 3266/4275/2911
f 3265/4274/2910 3261/4270/2906 3263/4276/2908
f 3267/4277/2912 3268/4278/2913 3269/4279/2914
f 3268/4278/2913 3267/4277/2912 3270/4280/2915
f 3271/4281/2916 3272/4282/2917 3273/4283/2918
f 3272/4282/2917 3271/4281/2916 3274/4284/2919
f 3243/4285/2887 3275/4286/2920 3245/4287/2889
f 3275/4286/2920 3243/4285/2887 3276/4288/2921
f 3277/4289/2922 3278/4290/2923 3279/4291/2924
f 3278/4290/2923 3277/4289/2922 3280/4292/2925
f 3281/4293/2926 3280/4292/2925 3282/4294/2927
f 3280/4292/2925 3281/4293/2926 3278/4290/2923
f 3283/4295/2928 3277/4289/2922 3279/4291/2924
f 3277/4289/2922 3283/4295/2928 3284/4296/2929
f 3284/4297/2929 3280/4292/2925 3277/4289/2922
f 3280/4292/2925 3284/4297/2929 3282/4298/2927
f 3285/4299/2930 3286/4300/2931 3287/4301/2932
f 3286/4300/2931 3285/4299/2930 3288/4302/2933
f 3285/4299/2930 3289/4303/2934 3288/4304/2933
f 3289/4303/2934 3285/4299/2930 3290/4305/2935
f 3291/4306/2936 3292/4307/2937 3293/4308/2938
f 3292/4307/2937 3291/4306/2936 3294/4309/2939
f 3295/4310/2940 3296/4311/2941 3297/4312/2942
f 3296/4311/2941 3295/4310/2940 3298/4313/2943
f 3299/4314/2944 3300/4315/2945 3301/4316/2946
f 3300/4315/2945 3299/4314/2944 3302/4317/2947
f 3303/4318/2948 3301/4316/2946 3304/4319/2949
f 3301/4316/2946 3303/4318/2948 3299/4314/2944
f 3305/4320/2950 3304/4319/2949 3306/4321/2951
f 3304/4319/2949 3305/4320/2950 3303/4318/2948
f 3307/4322/2952 3201/4323/2845 3308/4324/2953
f 3201/4323/2845 3307/4322/2952 3207/4325/2851
f 3309/4326/2954 3207/4325/2851 3307/4322/2952
f 3207/4325/2851 3309/4326/2954 3209/4327/2853
f 3247/4328/2891 3244/4329/2888 3239/4330/2893
f 3244/4329/2888 3247/4328/2891 3246/4331/2890
f 3230/4332/2874 3310/4333/2955 3228/4334/2872
f 3310/4333/2955 3230/4332/2874 3311/4335/2956
f 3311/4335/2956 3312/4336/2957 3310/4333/2955
f 3312/4336/2957 3311/4335/2956 3313/4337/2958
f 3313/4337/2958 3314/4338/2959 3312/4336/2957
f 3314/4338/2959 3313/4337/2958 3315/4339/2960
f 3315/4339/2960 3227/4226/2871 3314/4338/2959
f 3227/4226/2871 3315/4339/2960 3225/4224/2869
f 3228/4227/2872 3316/4340/2961 3229/4228/2873
f 3316/4340/2961 3228/4227/2872 3310/4341/2955
f 3310/4341/2955 3317/4342/2962 3316/4340/2961
f 3317/4342/2962 3310/4341/2955 3312/4343/2957
f 3312/4343/2957 3318/4344/2963 3317/4342/2962
f 3318/4344/2963 3312/4343/2957 3314/4345/2959
f 3314/4345/2959 3226/4346/2870 3318/4344/2963
f 3226/4346/2870 3314/4345/2959 3227/4347/2871
f 3229/4228/2873 3311/4335/2956 3230/4332/2874
f 3311/4335/2956 3229/4228/2873 3316/4340/2961
f 3316/4340/2961 3313/4337/2958 3311/4335/2956
f 3313/4337/2958 3316/4340/2961 3317/4342/2962
f 3318/4344/2963 3313/4337/2958 3317/4342/2962
f 3313/4337/2958 3318/4344/2963 3315/4339/2960
f 3226/4346/2870 3315/4339/2960 3318/4344/2963
f 3315/4339/2960 3226/4346/2870 3225/4224/2869
f 3236/4348/2880 3319/4349/2964 3234/4350/2878
f 3319/4349/2964 3236/4348/2880 3320/4351/2965
f 3320/4351/2965 3321/4352/2966 3319/4349/2964
f 3321/4352/2966 3320/4351/2965 3322/4353/2967
f 3322/4353/2967 3323/4354/2968 3321/4352/2966
f 3323/4354/2968 3322/4353/2967 3324/4355/2969
f 3324/4355/2969 3233/4232/2877 3323/4354/2968
f 3233/4232/2877 3324/4355/2969 3231/4230/2875
f 3234/4233/2878 3325/4356/2970 3235/4234/2879
f 3325/4356/2970 3234/4233/2878 3319/4357/2964
f 3319/4357/2964 3326/4358/2971 3325/4356/2970
f 3326/4358/2971 3319/4357/2964 3321/4359/2966
f 3321/4359/2966 3327/4360/2972 3326/4358/2971
f 3327/4360/2972 3321/4359/2966 3323/4361/2968
f 3323/4361/2968 3232/4362/2876 3327/4360/2972
f 3232/4362/2876 3323/4361/2968 3233/4363/2877
f 3235/4234/2879 3320/4351/2965 3236/4348/2880
f 3320/4351/2965 3235/4234/2879 3325/4356/2970
f 3325/4356/2970 3322/4353/2967 3320/4351/2965
f 3322/4353/2967 3325/4356/2970 3326/4358/2971
f 3327/4360/2972 3322/4353/2967 3326/4358/2971
f 3322/4353/2967 3327/4360/2972 3324/4355/2969
f 3232/4362/2876 3324/4355/2969 3327/4360/2972
f 3324/4355/2969 3232/4362/2876 3231/4230/2875
f 3328/4364/2973 3329/4365/2974 3330/4366/2975
f 3329/4365/2974 3328/4364/2973 3331/4367/2976
f 3331/4367/2976 3332/4368/2977 3329/4365/2974
f 3332/4368/2977 3331/4367/2976 3333/4369/2978
f 3334/4370/2979 3335/4371/2980 3336/4372/2981
f 3335/4371/2980 3334/4370/2979 3337/4373/2982
f 3337/4373/2982 3338/4374/2983 3335/4371/2980
f 3338/4374/2983 3337/4373/2982 3339/4375/2984
f 3340/4376/2985 3338/4374/2983 3339/4375/2984
f 3338/4374/2983 3340/4376/2985 3341/4377/2986
f 3342/4378/2987 3341/4377/2986 3340/4376/2985
f 3341/4377/2986 3342/4378/2987 3343/4379/2988
f 3344/4380/2989 3345/4381/2990 3346/4382/2991
f 3345/4381/2990 3344/4380/2989 3347/4383/2992
f 3348/4384/2993 3345/4381/2990 3347/4383/2992
f 3347/4383/2992 3349/4385/2994 3348/4384/2993
f 3349/4385/2994 3347/4383/2992 3350/4386/2995
f 3351/4387/2996 3349/4385/2994 3350/4386/2995
f 3349/4385/2994 3351/4387/2996 3352/4388/2997
f 3351/4387/2996 3353/4389/2998 3352/4388/2997
f 3354/4390/2999 3353/4389/2998 3351/4387/2996
f 3353/4389/2998 3354/4390/2999 3355/4391/3000
f 3356/4392/3001 3357/4393/3002 3358/4394/3003
f 3359/4395/3004 3357/4393/3002 3356/4392/3001
f 3357/4393/3002 3359/4395/3004 3360/4396/3005
f 3361/4397/3006 3360/4396/3005 3359/4395/3004
f 3360/4396/3005 3361/4397/3006 3362/4398/3007
f 3363/4399/3008 3362/4398/3007 3361/4397/3006
f 3362/4398/3007 3363/4399/3008 3364/4400/3009
f 3365/4401/3010 3364/4400/3009 3363/4399/3008
f 3364/4400/3009 3365/4401/3010 3366/4402/3011
f 3365/4401/3010 3367/4403/3012 3366/4402/3011
f 3367/4403/3012 3365/4401/3010 3368/4404/3013
f 3368/4404/3013 3369/4405/3014 3367/4403/3012
f 3369/4405/3014 3368/4404/3013 3370/4406/3015
f 3370/4406/3015 3371/4407/3016 3369/4405/3014
f 3371/4407/3016 3370/4406/3015 3372/4408/3017
f 3372/4408/3017 3373/4409/3018 3371/4407/3016
f 3373/4409/3018 3372/4408/3017 3374/4410/3019
f 3375/4411/3020 3373/4409/3018 3374/4410/3019
f 3376/4412/3021 3377/4413/3022 3378/4414/3023
f 3377/4413/3022 3376/4412/3021 3379/4415/3024
f 3379/4415/3024 3380/4416/3025 3377/4413/3022
f 3380/4416/3025 3379/4415/3024 3381/4417/3026
f 3381/4417/3026 3382/4418/3027 3380/4416/3025
f 3382/4418/3027 3381/4417/3026 3383/4419/3028
f 3384/4420/3029 3382/4418/3027 3383/4419/3028
f 3382/4418/3027 3384/4420/3029 3385/4421/3030
f 3386/4422/3031 3385/4421/3030 3384/4420/3029
f 3385/4421/3030 3386/4422/3031 3387/4423/3032
f 3388/4424/3033 3387/4423/3032 3386/4422/3031
f 3387/4423/3032 3388/4424/3033 3389/4425/3034
f 3265/4426/2910 3390/4427/3035 3391/4428/3036
f 3263/4429/2908 3390/4427/3035 3265/4426/2910
f 3262/4430/2907 3390/4427/3035 3263/4429/2908
f 3266/4275/2911 3264/4273/2909 3261/4270/2906
f 3392/4431/3037 3264/4273/2909 3266/4275/2911
f 3393/4432/3038 3264/4273/2909 3392/4431/3037
f 3394/4433/3039 3395/4434/3040 3396/4435/3041
f 3395/4434/3040 3394/4433/3039 3397/4436/3042
f 3397/4436/3042 3398/4437/3043 3395/4434/3040
f 3399/4438/3044 3398/4437/3043 3397/4436/3042
f 3398/4437/3043 3399/4438/3044 3400/4439/3045
f 3401/4440/3046 3400/4439/3045 3399/4438/3044
f 3400/4439/3045 3401/4440/3046 3402/4441/3047
f 3402/4441/3047 3403/4442/3048 3404/4443/3049
f 3403/4442/3048 3402/4441/3047 3401/4440/3046
f 3401/4440/3046 3405/4444/3050 3403/4442/3048
f 3405/4444/3050 3401/4440/3046 3406/4445/3051
f 3407/4446/3052 3405/4444/3050 3406/4445/3051
f 3405/4444/3050 3407/4446/3052 3408/4447/3053
f 3408/4447/3053 3409/4448/3054 3410/4449/3055
f 3409/4448/3054 3408/4447/3053 3407/4446/3052
f 3407/4446/3052 3411/4450/3056 3409/4448/3054
f 3411/4450/3056 3407/4446/3052 3412/4451/3057
f 3412/4451/3057 3413/4452/3058 3411/4450/3056
f 3413/4452/3058 3412/4451/3057 3414/4453/3059
f 3415/4454/3060 3413/4452/3058 3414/4453/3059
f 3416/4455/3061 3415/4454/3060 3414/4453/3059
f 3415/4454/3060 3416/4455/3061 3417/4456/3062
f 3375/4457/3020 3418/4458/3063 3419/4459/3064
f 3418/4458/3063 3375/4457/3020 3420/4460/3065
f 3420/4460/3065 3421/4461/3066 3418/4458/3063
f 3421/4461/3066 3420/4460/3065 3422/4462/3067
f 3422/4462/3067 3423/4463/3068 3421/4461/3066
f 3423/4463/3068 3422/4462/3067 3424/4464/3069
f 3424/4464/3069 3425/4465/3070 3423/4463/3068
f 3425/4465/3070 3424/4464/3069 3426/4466/3071
f 3427/4467/3072 3425/4465/3070 3426/4466/3071
f 3425/4465/3070 3427/4467/3072 3428/4468/3073
f 3429/4469/3074 3428/4468/3073 3427/4467/3072
f 3428/4468/3073 3429/4469/3074 3430/4470/3075
f 3431/4471/3076 3430/4470/3075 3429/4469/3074
f 3430/4470/3075 3431/4471/3076 3432/4472/3077
f 3358/4473/3003 3432/4472/3077 3431/4471/3076
f 3432/4472/3077 3358/4473/3003 3433/4474/3078
f 3288/4475/2933 3434/4476/3079 3286/4477/2931
f 3289/4478/2934 3434/4476/3079 3288/4475/2933
f 3435/4479/3080 3434/4476/3079 3289/4478/2934
f 3436/4480/3081 3287/4301/2932 3437/4481/3082
f 3290/4305/2935 3287/4301/2932 3436/4480/3081
f 3285/4299/2930 3287/4301/2932 3290/4305/2935
f 3438/4482/3083 3439/4483/3084 3440/4484/3085
f 3439/4483/3084 3438/4482/3083 3441/4485/3086
f 3441/4485/3086 3442/4486/3087 3439/4483/3084
f 3442/4486/3087 3441/4485/3086 3443/4487/3088
f 3443/4487/3088 3444/4488/3089 3442/4486/3087
f 3444/4488/3089 3443/4487/3088 3445/4489/3090
f 3445/4489/3090 3440/4490/3085 3444/4488/3089
f 3440/4490/3085 3445/4489/3090 3438/4491/3083
f 3446/4492/3091 3447/4493/3092 3448/4494/3093
f 3447/4493/3092 3446/4492/3091 3449/4495/3094
f 3449/4495/3094 3450/4496/3095 3447/4493/3092
f 3450/4496/3095 3449/4495/3094 3451/4497/3096
f 3452/4498/3097 3453/4499/3098 3454/4500/3099
f 3453/4499/3098 3452/4498/3097 3455/4501/3100
f 3455/4501/3100 3456/4502/3101 3453/4499/3098
f 3456/4502/3101 3455/4501/3100 3457/4503/3102
f 3457/4503/3102 3458/4504/3103 3456/4502/3101
f 3458/4504/3103 3457/4503/3102 3459/4505/3104
f 3460/4506/3105 3458/4504/3103 3459/4505/3104
f 3458/4504/3103 3460/4506/3105 3461/4507/3106
f 3460/4506/3105 3462/4508/3107 3461/4507/3106
f 3462/4508/3107 3460/4506/3105 3463/4509/3108
f 3463/4509/3108 3464/4510/3109 3462/4508/3107
f 3464/4510/3109 3463/4509/3108 3465/4511/3110
f 3465/4511/3110 3466/4512/3111 3464/4510/3109
f 3466/4512/3111 3465/4511/3110 3467/4513/3112
f 3467/4513/3112 3468/4514/3113 3466/4512/3111
f 3468/4514/3113 3467/4513/3112 3469/4515/3114
f 3469/4515/3114 3470/4516/3115 3468/4514/3113
f 3471/4517/3116 3468/4514/3113 3470/4516/3115
f 3470/4516/3115 3469/4515/3114 3472/4518/3117
f 3473/4519/3118 3468/4514/3113 3471/4517/3116
f 3472/4518/3117 3469/4515/3114 3300/4520/2945
f 3468/4514/3113 3473/4519/3118 3474/4521/3119
f 3300/4520/2945 3469/4515/3114 3475/4522/3120
f 3473/4519/3118 3476/4523/3121 3474/4521/3119
f 3477/4524/3122 3300/4520/2945 3475/4522/3120
f 3476/4523/3121 3473/4519/3118 3478/4525/3123
f 3300/4520/2945 3477/4524/3122 3301/4526/2946
f 3479/4527/3124 3476/4523/3121 3478/4525/3123
f 3477/4524/3122 3304/4528/2949 3301/4526/2946
f 3476/4523/3121 3479/4527/3124 3480/4529/3125
f 3304/4528/2949 3477/4524/3122 3481/4530/3126
f 3479/4527/3124 3482/4531/3127 3480/4529/3125
f 3481/4530/3126 3306/4532/2951 3304/4528/2949
f 3482/4531/3127 3479/4527/3124 3483/4533/3128
f 3306/4532/2951 3481/4530/3126 3484/4534/3129
f 3485/4535/3130 3482/4531/3127 3483/4533/3128
f 3484/4534/3129 3486/4536/3131 3306/4532/2951
f 3482/4531/3127 3485/4535/3130 3487/4537/3132
f 3486/4536/3131 3484/4534/3129 3488/4538/3133
f 3485/4535/3130 3489/4539/3134 3487/4537/3132
f 3488/4538/3133 3490/4540/3135 3486/4536/3131
f 3489/4539/3134 3485/4535/3130 3491/4541/3136
f 3490/4540/3135 3489/4539/3134 3491/4541/3136
f 3490/4540/3135 3488/4538/3133 3492/4542/3137
f 3489/4539/3134 3490/4540/3135 3492/4542/3137
f 3491/4543/3136 3493/4544/3138 3494/4545/3139
f 3493/4544/3138 3491/4543/3136 3485/4546/3130
f 3485/4546/3130 3495/4547/3140 3493/4544/3138
f 3495/4547/3140 3485/4546/3130 3483/4548/3128
f 3483/4548/3128 3496/4549/3141 3495/4547/3140
f 3496/4549/3141 3483/4548/3128 3479/4550/3124
f 3479/4550/3124 3497/4551/3142 3496/4549/3141
f 3497/4551/3142 3479/4550/3124 3478/4552/3123
f 3478/4552/3123 3498/4553/3143 3497/4551/3142
f 3498/4553/3143 3478/4552/3123 3473/4554/3118
f 3473/4554/3118 3499/4555/3144 3498/4553/3143
f 3499/4555/3144 3473/4554/3118 3471/4556/3116
f 3471/4556/3116 3500/4557/3145 3499/4555/3144
f 3500/4557/3145 3471/4556/3116 3470/4558/3115
f 3470/4558/3115 3501/4559/3146 3500/4557/3145
f 3501/4559/3146 3470/4558/3115 3472/4560/3117
f 3472/4560/3117 3302/4317/2947 3501/4559/3146
f 3302/4317/2947 3472/4560/3117 3300/4315/2945
f 3306/4321/2951 3502/4561/3147 3305/4320/2950
f 3502/4561/3147 3306/4321/2951 3486/4562/3131
f 3486/4562/3131 3503/4563/3148 3502/4561/3147
f 3503/4563/3148 3486/4562/3131 3490/4564/3135
f 3490/4564/3135 3494/4565/3139 3503/4563/3148
f 3494/4565/3139 3490/4564/3135 3491/4566/3136
f 3215/4567/2859 3376/4568/3021 3504/4569/3149
f 3504/4569/3149 3211/4570/2855 3215/4567/2859
f 3211/4570/2855 3504/4569/3149 3505/4571/3150
f 3506/4572/3151 3211/4570/2855 3505/4571/3150
f 3211/4570/2855 3506/4572/3151 3205/4573/2849
f 3507/4574/3152 3506/4572/3151 3505/4571/3150
f 3506/4572/3151 3203/4575/2847 3205/4573/2849
f 3506/4572/3151 3507/4574/3152 3508/4576/3153
f 3344/4380/2989 3508/4576/3153 3507/4574/3152
f 3203/4575/2847 3506/4572/3151 3509/4577/3154
f 3508/4576/3153 3509/4577/3154 3506/4572/3151
f 3508/4576/3153 3344/4380/2989 3346/4382/2991
f 3203/4575/2847 3509/4577/3154 3197/4578/2841
f 3346/4382/2991 3510/4579/3155 3508/4576/3153
f 3509/4577/3154 3508/4576/3153 3510/4579/3155
f 3510/4579/3155 3197/4578/2841 3509/4577/3154
f 3510/4579/3155 3346/4382/2991 3511/4580/3156
f 3511/4580/3156 3512/4581/3157 3510/4579/3155
f 3512/4581/3157 3511/4580/3156 3513/4582/3158
f 3510/4579/3155 3514/4583/3159 3197/4578/2841
f 3514/4583/3159 3510/4579/3155 3512/4581/3157
f 3513/4582/3158 3515/4584/3160 3512/4581/3157
f 3515/4584/3160 3513/4582/3158 3516/4585/3161
f 3512/4581/3157 3517/4586/3162 3514/4583/3159
f 3517/4586/3162 3512/4581/3157 3515/4584/3160
f 3518/4587/3163 3197/4578/2841 3514/4583/3159
f 3197/4578/2841 3518/4587/3163 3195/4588/2839
f 3516/4585/3161 3519/4589/3164 3515/4584/3160
f 3519/4589/3164 3516/4585/3161 3520/4590/3165
f 3521/4591/3166 3195/4588/2839 3518/4587/3163
f 3195/4588/2839 3521/4591/3166 3193/4592/2837
f 3514/4583/3159 3522/4593/3167 3518/4587/3163
f 3522/4593/3167 3514/4583/3159 3517/4586/3162
f 3518/4587/3163 3523/4594/3168 3521/4591/3166
f 3523/4594/3168 3518/4587/3163 3522/4593/3167
f 3524/4595/3169 3193/4592/2837 3521/4591/3166
f 3193/4592/2837 3524/4595/3169 3191/4596/2835
f 3525/4597/3170 3521/4591/3166 3523/4594/3168
f 3521/4591/3166 3525/4597/3170 3524/4595/3169
f 3526/4598/3171 3191/4596/2835 3524/4595/3169
f 3191/4596/2835 3526/4598/3171 3188/4599/2832
f 3527/4600/3172 3524/4595/3169 3525/4597/3170
f 3524/4595/3169 3527/4600/3172 3526/4598/3171
f 3528/4601/3173 3188/4599/2832 3526/4598/3171
f 3527/4600/3172 3528/4601/3173 3526/4598/3171
f 3188/4599/2832 3528/4601/3173 3187/4602/2831
f 3525/4597/3170 3529/4603/3174 3527/4600/3172
f 3528/4601/3173 3530/4604/3175 3187/4602/2831
f 3531/4605/3176 3187/4602/2831 3530/4604/3175
f 3187/4602/2831 3531/4605/3176 3185/4606/2829
f 3530/4604/3175 3528/4601/3173 3532/4607/3177
f 3533/4608/3178 3185/4606/2829 3531/4605/3176
f 3185/4606/2829 3533/4608/3178 3183/4609/2827
f 3534/4610/3179 3183/4609/2827 3533/4608/3178
f 3183/4609/2827 3534/4610/3179 3181/4611/2825
f 3535/4612/3180 3181/4611/2825 3534/4610/3179
f 3536/4613/3181 3532/4607/3177 3528/4601/3173
f 3528/4601/3173 3527/4600/3172 3536/4613/3181
f 3532/4607/3177 3536/4613/3181 3537/4614/3182
f 3529/4603/3174 3536/4613/3181 3527/4600/3172
f 3536/4613/3181 3538/4615/3183 3537/4614/3182
f 3538/4615/3183 3536/4613/3181 3539/4616/3184
f 3536/4613/3181 3529/4603/3174 3539/4616/3184
f 3539/4616/3184 3540/4617/3185 3538/4615/3183
f 3541/4618/3186 3535/4612/3180 3542/4619/3187
f 3540/4617/3185 3539/4616/3184 3543/4620/3188
f 3535/4612/3180 3541/4618/3186 3544/4621/3189
f 3181/4611/2825 3535/4612/3180 3544/4621/3189
f 3545/4622/3190 3544/4621/3189 3541/4618/3186
f 3544/4621/3189 3182/4623/2826 3181/4611/2825
f 3543/4620/3188 3546/4624/3191 3540/4617/3185
f 3544/4621/3189 3545/4622/3190 3547/4625/3192
f 3182/4623/2826 3544/4621/3189 3547/4625/3192
f 3548/4626/3193 3547/4625/3192 3545/4622/3190
f 3547/4625/3192 3548/4626/3193 3549/4627/3194
f 3550/4628/3195 3547/4625/3192 3549/4627/3194
f 3547/4625/3192 3550/4628/3195 3182/4623/2826
f 3551/4629/3196 3182/4623/2826 3550/4628/3195
f 3182/4623/2826 3551/4629/3196 3180/4179/2824
f 3552/4630/3197 3180/4179/2824 3551/4629/3196
f 3180/4179/2824 3552/4630/3197 3184/4183/2828
f 3553/4631/3198 3184/4183/2828 3552/4630/3197
f 3184/4183/2828 3553/4631/3198 3186/4632/2830
f 3554/4633/3199 3186/4632/2830 3553/4631/3198
f 3186/4632/2830 3554/4633/3199 3189/4634/2833
f 3555/4635/3200 3189/4634/2833 3554/4633/3199
f 3189/4634/2833 3555/4635/3200 3190/4636/2834
f 3556/4637/3201 3190/4636/2834 3555/4635/3200
f 3190/4636/2834 3556/4637/3201 3192/4638/2836
f 3557/4639/3202 3192/4638/2836 3556/4637/3201
f 3192/4638/2836 3557/4639/3202 3194/4640/2838
f 3410/4641/3055 3194/4640/2838 3557/4639/3202
f 3194/4640/2838 3410/4641/3055 3196/4642/2840
f 3409/4643/3054 3196/4642/2840 3410/4641/3055
f 3196/4642/2840 3409/4643/3054 3204/4644/2848
f 3409/4643/3054 3206/4645/2850 3204/4644/2848
f 3206/4645/2850 3409/4643/3054 3411/4646/3056
f 3411/4646/3056 3212/4647/2856 3206/4645/2850
f 3212/4647/2856 3411/4646/3056 3413/4648/3058
f 3413/4648/3058 3214/4649/2858 3212/4647/2856
f 3214/4649/2858 3413/4648/3058 3415/4650/3060
f 3417/4651/3062 3214/4649/2858 3415/4650/3060
f 3214/4649/2858 3417/4651/3062 3220/4652/2864
f 3433/4653/3078 3358/4394/3003 3357/4393/3002
f 3357/4393/3002 3432/4472/3077 3433/4653/3078
f 3432/4472/3077 3357/4393/3002 3360/4396/3005
f 3360/4396/3005 3430/4470/3075 3432/4472/3077
f 3430/4470/3075 3360/4396/3005 3362/4398/3007
f 3364/4400/3009 3430/4470/3075 3362/4398/3007
f 3430/4470/3075 3364/4400/3009 3428/4468/3073
f 3366/4402/3011 3428/4468/3073 3364/4400/3009
f 3428/4468/3073 3366/4402/3011 3425/4465/3070
f 3366/4402/3011 3423/4463/3068 3425/4465/3070
f 3423/4463/3068 3366/4402/3011 3367/4403/3012
f 3367/4403/3012 3421/4461/3066 3423/4463/3068
f 3421/4461/3066 3367/4403/3012 3369/4405/3014
f 3371/4407/3016 3421/4461/3066 3369/4405/3014
f 3421/4461/3066 3371/4407/3016 3418/4458/3063
f 3373/4409/3018 3418/4458/3063 3371/4407/3016
f 3418/4458/3063 3373/4409/3018 3419/4654/3064
f 3373/4409/3018 3375/4411/3020 3419/4654/3064
f 3275/4655/3203 3558/4656/3204 3559/4657/3205
f 3558/4656/3204 3275/4655/3203 3560/4658/3206
f 3276/4659/3207 3560/4658/3206 3275/4655/3203
f 3561/4660/3208 3562/4661/3209 3563/4662/3210
f 3562/4661/3209 3561/4660/3208 3564/4663/3211
f 3565/4664/3212 3564/4663/3211 3561/4660/3208
f 3564/4663/3211 3565/4664/3212 3566/4665/3213
f 3567/4666/3214 3388/4667/3033 3484/4534/3129
f 3481/4668/3126 3567/4666/3214 3484/4534/3129
f 3567/4666/3214 3481/4668/3126 3568/4669/3215
f 3481/4668/3126 3569/4670/3216 3568/4669/3215
f 3569/4670/3216 3481/4668/3126 3477/4671/3122
f 3569/4670/3216 3570/4672/3217 3568/4669/3215
f 3475/4673/3120 3569/4670/3216 3477/4671/3122
f 3570/4672/3217 3569/4670/3216 3571/4674/3218
f 3571/4674/3218 3354/4390/2999 3570/4672/3217
f 3354/4390/2999 3571/4674/3218 3355/4391/3000
f 3569/4670/3216 3475/4673/3120 3572/4675/3219
f 3572/4675/3219 3571/4674/3218 3569/4670/3216
f 3469/4676/3114 3572/4675/3219 3475/4673/3120
f 3573/4677/3220 3355/4391/3000 3571/4674/3218
f 3571/4674/3218 3572/4675/3219 3573/4677/3220
f 3572/4675/3219 3469/4676/3114 3573/4677/3220
f 3355/4391/3000 3573/4677/3220 3574/4678/3221
f 3575/4679/3222 3574/4678/3221 3573/4677/3220
f 3574/4678/3221 3575/4679/3222 3576/4680/3223
f 3577/4681/3224 3573/4677/3220 3469/4676/3114
f 3573/4677/3220 3577/4681/3224 3575/4679/3222
f 3578/4682/3225 3576/4680/3223 3575/4679/3222
f 3576/4680/3223 3578/4682/3225 3579/4683/3226
f 3580/4684/3227 3575/4679/3222 3577/4681/3224
f 3575/4679/3222 3580/4684/3227 3578/4682/3225
f 3469/4676/3114 3581/4685/3228 3577/4681/3224
f 3581/4685/3228 3469/4676/3114 3467/4686/3112
f 3577/4681/3224 3582/4687/3229 3580/4684/3227
f 3582/4687/3229 3577/4681/3224 3581/4685/3228
f 3583/4688/3230 3579/4683/3226 3578/4682/3225
f 3579/4683/3226 3583/4688/3230 3584/4689/3231
f 3585/4690/3232 3578/4682/3225 3580/4684/3227
f 3578/4682/3225 3585/4690/3232 3583/4688/3230
f 3586/4691/3233 3584/4689/3231 3583/4688/3230
f 3585/4690/3232 3586/4691/3233 3583/4688/3230
f 3584/4689/3231 3586/4691/3233 3587/4692/3234
f 3586/4691/3233 3563/4693/3210 3587/4692/3234
f 3563/4693/3210 3586/4691/3233 3561/4694/3208
f 3586/4691/3233 3565/4695/3212 3561/4694/3208
f 3565/4695/3212 3586/4691/3233 3588/4696/3235
f 3586/4691/3233 3585/4690/3232 3588/4696/3235
f 3588/4696/3235 3589/4697/3236 3565/4695/3212
f 3585/4690/3232 3590/4698/3237 3588/4696/3235
f 3589/4697/3236 3588/4696/3235 3590/4698/3237
f 3580/4684/3227 3591/4699/3238 3585/4690/3232
f 3590/4698/3237 3585/4690/3232 3591/4699/3238
f 3591/4699/3238 3580/4684/3227 3582/4687/3229
f 3590/4698/3237 3592/4700/3239 3589/4697/3236
f 3592/4700/3239 3565/4701/3212 3589/4697/3236
f 3565/4701/3212 3592/4700/3239 3566/4702/3213
f 3592/4700/3239 3593/4703/3240 3566/4702/3213
f 3591/4699/3238 3594/4704/3241 3590/4698/3237
f 3592/4700/3239 3590/4698/3237 3594/4704/3241
f 3594/4704/3241 3591/4699/3238 3595/4705/3242
f 3582/4687/3229 3595/4705/3242 3591/4699/3238
f 3596/4706/3243 3592/4700/3239 3594/4704/3241
f 3595/4705/3242 3596/4706/3243 3594/4704/3241
f 3593/4703/3240 3592/4700/3239 3597/4707/3244
f 3592/4700/3239 3596/4706/3243 3597/4707/3244
f 3597/4707/3244 3598/4708/3245 3593/4703/3240
f 3595/4705/3242 3582/4687/3229 3599/4709/3246
f 3581/4685/3228 3599/4709/3246 3582/4687/3229
f 3596/4706/3243 3595/4705/3242 3600/4710/3247
f 3599/4709/3246 3600/4710/3247 3595/4705/3242
f 3599/4709/3246 3581/4685/3228 3601/4711/3248
f 3467/4686/3112 3601/4711/3248 3581/4685/3228
f 3601/4711/3248 3467/4686/3112 3465/4712/3110
f 3600/4710/3247 3599/4709/3246 3602/4713/3249
f 3601/4711/3248 3602/4713/3249 3599/4709/3246
f 3465/4712/3110 3603/4714/3250 3601/4711/3248
f 3602/4713/3249 3601/4711/3248 3603/4714/3250
f 3603/4714/3250 3465/4712/3110 3463/4715/3108
f 3602/4713/3249 3604/4716/3251 3600/4710/3247
f 3604/4716/3251 3596/4706/3243 3600/4710/3247
f 3603/4714/3250 3605/4717/3252 3602/4713/3249
f 3604/4716/3251 3602/4713/3249 3605/4717/3252
f 3463/4715/3108 3606/4718/3253 3603/4714/3250
f 3605/4717/3252 3603/4714/3250 3606/4718/3253
f 3606/4718/3253 3463/4715/3108 3460/4719/3105
f 3460/4719/3105 3607/4720/3254 3606/4718/3253
f 3607/4720/3254 3605/4717/3252 3606/4718/3253
f 3607/4720/3254 3460/4719/3105 3459/4721/3104
f 3608/4722/3255 3604/4716/3251 3605/4717/3252
f 3605/4717/3252 3607/4720/3254 3608/4722/3255
f 3609/4723/3256 3607/4720/3254 3459/4721/3104
f 3607/4720/3254 3609/4723/3256 3610/4724/3257
f 3610/4724/3257 3608/4722/3255 3607/4720/3254
f 3459/4721/3104 3611/4725/3258 3609/4723/3256
f 3608/4722/3255 3610/4724/3257 3612/4726/3259
f 3611/4725/3258 3459/4721/3104 3457/4727/3102
f 3613/4728/3260 3608/4722/3255 3612/4726/3259
f 3457/4727/3102 3614/4729/3261 3611/4725/3258
f 3614/4729/3261 3457/4727/3102 3455/4730/3100
f 3455/4730/3100 3615/4731/3262 3614/4729/3261
f 3615/4731/3262 3455/4730/3100 3452/4732/3097
f 3452/4732/3097 3616/4733/3263 3615/4731/3262
f 3608/4722/3255 3613/4728/3260 3617/4734/3264
f 3604/4716/3251 3608/4722/3255 3617/4734/3264
f 3618/4735/3265 3617/4734/3264 3613/4728/3260
f 3616/4733/3263 3619/4736/3266 3620/4737/3267
f 3617/4734/3264 3618/4735/3265 3621/4738/3268
f 3619/4736/3266 3616/4733/3263 3622/4739/3269
f 3616/4733/3263 3452/4732/3097 3622/4739/3269
f 3622/4739/3269 3623/4740/3270 3619/4736/3266
f 3454/4741/3099 3622/4739/3269 3452/4732/3097
f 3624/4742/3271 3621/4738/3268 3618/4735/3265
f 3623/4740/3270 3622/4739/3269 3625/4743/3272
f 3622/4739/3269 3454/4741/3099 3625/4743/3272
f 3625/4743/3272 3626/4744/3273 3623/4740/3270
f 3626/4744/3273 3625/4743/3272 3627/4745/3274
f 3625/4743/3272 3628/4746/3275 3627/4745/3274
f 3628/4746/3275 3625/4743/3272 3454/4741/3099
f 3454/4741/3099 3629/4747/3276 3628/4746/3275
f 3629/4747/3276 3454/4741/3099 3453/4748/3098
f 3453/4748/3098 3630/4749/3277 3629/4747/3276
f 3630/4749/3277 3453/4748/3098 3456/4750/3101
f 3456/4750/3101 3631/4751/3278 3630/4749/3277
f 3631/4751/3278 3456/4750/3101 3458/4504/3103
f 3458/4504/3103 3632/4752/3279 3631/4751/3278
f 3632/4752/3279 3458/4504/3103 3461/4753/3106
f 3461/4753/3106 3633/4754/3280 3632/4752/3279
f 3633/4754/3280 3461/4753/3106 3462/4755/3107
f 3462/4755/3107 3634/4756/3281 3633/4754/3280
f 3634/4756/3281 3462/4755/3107 3464/4757/3109
f 3464/4757/3109 3635/4758/3282 3634/4756/3281
f 3635/4758/3282 3464/4757/3109 3466/4759/3111
f 3466/4759/3111 3404/4760/3049 3635/4758/3282
f 3404/4760/3049 3466/4759/3111 3468/4761/3113
f 3468/4761/3113 3402/4762/3047 3404/4760/3049
f 3402/4762/3047 3468/4761/3113 3474/4763/3119
f 3476/4764/3121 3402/4762/3047 3474/4763/3119
f 3402/4762/3047 3476/4764/3121 3400/4765/3045
f 3480/4766/3125 3400/4765/3045 3476/4764/3121
f 3400/4765/3045 3480/4766/3125 3398/4767/3043
f 3482/4768/3127 3398/4767/3043 3480/4766/3125
f 3398/4767/3043 3482/4768/3127 3395/4769/3040
f 3482/4768/3127 3396/4770/3041 3395/4769/3040
f 3396/4770/3041 3482/4768/3127 3487/4537/3132
f 3636/4771/3283 3637/4772/3284 3638/4773/3285
f 3637/4772/3284 3636/4771/3283 3639/4774/3286
f 3640/4775/3287 3639/4774/3286 3636/4771/3283
f 3639/4774/3286 3640/4775/3287 3641/4776/3288
f 3642/4777/3289 3641/4776/3288 3640/4775/3287
f 3641/4776/3288 3642/4777/3289 3643/4778/3290
f 3638/4779/3285 3643/4778/3290 3642/4777/3289
f 3643/4778/3290 3638/4779/3285 3637/4780/3284
f 3644/4781/3291 3645/4782/3292 3646/4783/3293
f 3645/4782/3292 3644/4781/3291 3647/4784/3294
f 3648/4785/3295 3647/4784/3294 3644/4781/3291
f 3647/4784/3294 3648/4785/3295 3649/4786/3296
f 3650/4787/3297 3224/4788/2868 3651/4789/3298
f 3224/4788/2868 3650/4787/3297 3218/4790/2862
f 3652/4791/3299 3218/4790/2862 3650/4787/3297
f 3218/4790/2862 3652/4791/3299 3216/4792/2860
f 3653/4793/3300 3216/4792/2860 3652/4791/3299
f 3216/4792/2860 3653/4793/3300 3210/4794/2854
f 3654/4795/3301 3210/4794/2854 3653/4793/3300
f 3210/4794/2854 3654/4795/3301 3208/4796/2852
f 3655/4797/3302 3208/4796/2852 3654/4795/3301
f 3208/4796/2852 3655/4797/3302 3202/4798/2846
f 3656/4799/3303 3202/4798/2846 3655/4797/3302
f 3202/4798/2846 3656/4799/3303 3200/4800/2844
f 3657/4801/3304 3200/4800/2844 3656/4799/3303
f 3200/4800/2844 3657/4801/3304 3198/4802/2842
f 3658/4803/3305 3198/4802/2842 3657/4801/3304
f 3198/4802/2842 3658/4803/3305 3199/4804/2843
f 3308/4324/2953 3199/4804/2843 3658/4803/3305
f 3199/4804/2843 3308/4324/2953 3201/4323/2845
f 3659/4805/3306 3209/4327/2853 3309/4326/2954
f 3209/4327/2853 3659/4805/3306 3213/4806/2857
f 3660/4807/3307 3213/4806/2857 3659/4805/3306
f 3213/4806/2857 3660/4807/3307 3217/4808/2861
f 3661/4809/3308 3217/4808/2861 3660/4807/3307
f 3217/4808/2861 3661/4809/3308 3221/4810/2865
f 3651/4811/3298 3221/4810/2865 3661/4809/3308
f 3221/4810/2865 3651/4811/3298 3224/4812/2868
f 3237/4236/2881 3662/4813/3309 3238/4237/2882
f 3662/4813/3309 3237/4236/2881 3663/4814/3310
f 3664/4815/3311 3663/4814/3310 3237/4236/2881
f 3663/4814/3310 3664/4815/3311 3665/4816/3312
f 3237/4236/2881 3239/4238/2883 3664/4815/3311
f 3666/4817/3313 3665/4816/3312 3664/4815/3311
f 3665/4816/3312 3666/4817/3313 3667/4818/3314
f 3668/4819/3315 3664/4815/3311 3239/4238/2883
f 3668/4819/3315 3666/4817/3313 3664/4815/3311
f 3668/4819/3315 3239/4238/2883 3669/4820/3316
f 3244/4821/2888 3669/4820/3316 3239/4238/2883
f 3275/4822/2920 3244/4821/2888 3245/4823/2889
f 3244/4821/2888 3275/4822/2920 3559/4824/3205
f 3669/4820/3316 3244/4821/2888 3559/4824/3205
f 3559/4824/3205 3670/4825/3317 3669/4820/3316
f 3670/4825/3317 3559/4824/3205 3671/4826/3318
f 3669/4820/3316 3670/4825/3317 3668/4819/3315
f 3670/4825/3317 3672/4827/3319 3668/4819/3315
f 3666/4817/3313 3668/4819/3315 3672/4827/3319
f 3672/4827/3319 3670/4825/3317 3673/4828/3320
f 3674/4829/3321 3667/4818/3314 3666/4817/3313
f 3672/4827/3319 3674/4829/3321 3666/4817/3313
f 3667/4818/3314 3674/4829/3321 3675/4830/3322
f 3674/4829/3321 3676/4831/3323 3675/4830/3322
f 3673/4828/3320 3677/4832/3324 3672/4827/3319
f 3674/4829/3321 3672/4827/3319 3677/4832/3324
f 3677/4832/3324 3673/4828/3320 3678/4833/3325
f 3676/4831/3323 3674/4829/3321 3679/4834/3326
f 3677/4832/3324 3679/4834/3326 3674/4829/3321
f 3678/4833/3325 3680/4835/3327 3677/4832/3324
f 3679/4834/3326 3677/4832/3324 3680/4835/3327
f 3680/4835/3327 3678/4833/3325 3681/4836/3328
f 3682/4837/3329 3676/4831/3323 3679/4834/3326
f 3676/4831/3323 3682/4837/3329 3683/4838/3330
f 3680/4835/3327 3684/4839/3331 3679/4834/3326
f 3685/4840/3332 3683/4838/3330 3682/4837/3329
f 3683/4838/3330 3685/4840/3332 3686/4841/3333
f 3679/4834/3326 3687/4842/3334 3682/4837/3329
f 3687/4842/3334 3685/4840/3332 3682/4837/3329
f 3687/4842/3334 3679/4834/3326 3684/4839/3331
f 3685/4840/3332 3688/4843/3335 3686/4841/3333
f 3684/4839/3331 3680/4835/3327 3689/4844/3336
f 3681/4836/3328 3689/4844/3336 3680/4835/3327
f 3689/4844/3336 3681/4836/3328 3690/4845/3337
f 3691/4846/3338 3690/4845/3337 3681/4836/3328
f 3690/4845/3337 3691/4846/3338 3692/4847/3339
f 3693/4848/3340 3690/4845/3337 3692/4847/3339
f 3690/4845/3337 3694/4849/3341 3689/4844/3336
f 3690/4845/3337 3693/4848/3340 3694/4849/3341
f 3694/4849/3341 3684/4839/3331 3689/4844/3336
f 3695/4850/3342 3694/4849/3341 3693/4848/3340
f 3684/4839/3331 3694/4849/3341 3696/4851/3343
f 3696/4851/3343 3687/4842/3334 3684/4839/3331
f 3694/4849/3341 3695/4850/3342 3697/4852/3344
f 3697/4852/3344 3696/4851/3343 3694/4849/3341
f 3698/4853/3345 3697/4852/3344 3695/4850/3342
f 3697/4852/3344 3698/4853/3345 3699/4854/3346
f 3696/4851/3343 3697/4852/3344 3700/4855/3347
f 3699/4854/3346 3700/4855/3347 3697/4852/3344
f 3687/4842/3334 3696/4851/3343 3701/4856/3348
f 3700/4855/3347 3701/4856/3348 3696/4851/3343
f 3250/4257/2895 3699/4854/3346 3698/4857/3345
f 3699/4854/3346 3250/4257/2895 3252/4259/2897
f 3700/4855/3347 3699/4854/3346 3702/4858/3349
f 3252/4259/2897 3702/4858/3349 3699/4854/3346
f 3702/4858/3349 3252/4259/2897 3249/4256/2894
f 3701/4856/3348 3700/4855/3347 3703/4859/3350
f 3703/4859/3350 3704/4860/3351 3701/4856/3348
f 3704/4860/3351 3703/4859/3350 3705/4861/3352
f 3701/4856/3348 3706/4862/3353 3687/4842/3334
f 3706/4862/3353 3701/4856/3348 3704/4860/3351
f 3685/4840/3332 3687/4842/3334 3706/4862/3353
f 3705/4861/3352 3707/4863/3354 3704/4860/3351
f 3707/4863/3354 3705/4861/3352 3708/4864/3355
f 3555/4635/3200 3708/4864/3355 3556/4637/3201
f 3708/4864/3355 3555/4635/3200 3707/4863/3354
f 3554/4633/3199 3707/4863/3354 3555/4635/3200
f 3709/4865/3356 3704/4860/3351 3707/4863/3354
f 3707/4863/3354 3554/4633/3199 3709/4865/3356
f 3704/4860/3351 3709/4865/3356 3706/4862/3353
f 3553/4631/3198 3709/4865/3356 3554/4633/3199
f 3710/4866/3357 3706/4862/3353 3709/4865/3356
f 3709/4865/3356 3553/4631/3198 3710/4866/3357
f 3706/4862/3353 3710/4866/3357 3685/4840/3332
f 3552/4630/3197 3710/4866/3357 3553/4631/3198
f 3688/4843/3335 3685/4840/3332 3710/4866/3357
f 3710/4866/3357 3552/4630/3197 3711/4867/3358
f 3711/4867/3358 3688/4843/3335 3710/4866/3357
f 3688/4843/3335 3711/4867/3358 3712/4868/3359
f 3551/4629/3196 3711/4867/3358 3552/4630/3197
f 3711/4867/3358 3713/4869/3360 3712/4868/3359
f 3711/4867/3358 3551/4629/3196 3714/4870/3361
f 3713/4869/3360 3711/4867/3358 3714/4870/3361
f 3550/4628/3195 3714/4870/3361 3551/4629/3196
f 3714/4870/3361 3715/4871/3362 3713/4869/3360
f 3714/4870/3361 3550/4628/3195 3716/4872/3363
f 3715/4871/3362 3714/4870/3361 3716/4872/3363
f 3549/4627/3194 3716/4872/3363 3550/4628/3195
f 3716/4872/3363 3717/4873/3364 3715/4871/3362
f 3718/4874/3365 3549/4627/3194 3548/4626/3193
f 3717/4873/3364 3716/4872/3363 3719/4875/3366
f 3716/4872/3363 3549/4627/3194 3719/4875/3366
f 3549/4627/3194 3718/4874/3365 3719/4875/3366
f 3719/4875/3366 3720/4876/3367 3717/4873/3364
f 3720/4876/3367 3719/4875/3366 3718/4874/3365
f 3254/4877/2899 3558/4656/3204 3257/4878/2902
f 3558/4656/3204 3254/4877/2899 3251/4879/3368
f 3251/4879/3368 3254/4877/2899 3721/4880/3369
f 3256/4881/2901 3721/4880/3369 3254/4877/2899
f 3721/4880/3369 3256/4881/2901 3722/4882/3370
f 3269/4883/2914 3722/4882/3370 3256/4881/2901
f 3256/4881/2901 3267/4884/2912 3269/4883/2914
f 3267/4884/2912 3256/4881/2901 3259/4885/2904
f 3391/4428/3036 3266/4275/2911 3265/4426/2910
f 3266/4275/2911 3391/4428/3036 3392/4431/3037
f 3391/4428/3036 3393/4432/3038 3392/4431/3037
f 3393/4432/3038 3391/4428/3036 3390/4427/3035
f 3416/4886/3061 3723/4887/3371 3417/4888/3062
f 3723/4887/3371 3416/4886/3061 3724/4889/3372
f 3416/4886/3061 3725/4890/3373 3724/4889/3372
f 3725/4890/3373 3416/4886/3061 3726/4891/3374
f 3727/4892/3375 3725/4890/3373 3726/4891/3374
f 3725/4890/3373 3727/4892/3375 3728/4893/3376
f 3727/4892/3375 3729/4894/3377 3728/4893/3376
f 3729/4894/3377 3727/4892/3375 3730/4895/3378
f 3394/4896/3039 3729/4894/3377 3730/4895/3378
f 3729/4894/3377 3394/4896/3039 3731/4897/3379
f 3394/4896/3039 3732/4898/3380 3731/4897/3379
f 3732/4898/3380 3394/4896/3039 3396/4899/3041
f 3733/4900/3381 3376/4901/3021 3378/4902/3023
f 3376/4901/3021 3733/4900/3381 3504/4903/3149
f 3733/4900/3381 3505/4904/3150 3504/4903/3149
f 3505/4904/3150 3733/4900/3381 3734/4905/3382
f 3734/4905/3382 3507/4906/3152 3505/4904/3150
f 3507/4906/3152 3734/4905/3382 3735/4907/3383
f 3735/4907/3383 3344/4908/2989 3507/4906/3152
f 3344/4908/2989 3735/4907/3383 3736/4909/3384
f 3736/4909/3384 3347/4910/2992 3344/4908/2989
f 3347/4910/2992 3736/4909/3384 3737/4911/3385
f 3737/4911/3385 3350/4912/2995 3347/4910/2992
f 3350/4912/2995 3737/4911/3385 3738/4913/3386
f 3739/4914/3387 3350/4912/2995 3738/4913/3386
f 3350/4912/2995 3739/4914/3387 3351/4915/2996
f 3740/4916/3388 3351/4915/2996 3739/4914/3387
f 3351/4915/2996 3740/4916/3388 3354/4917/2999
f 3741/4918/3389 3354/4917/2999 3740/4916/3388
f 3354/4917/2999 3741/4918/3389 3570/4919/3217
f 3742/4920/3390 3570/4919/3217 3741/4918/3389
f 3570/4919/3217 3742/4920/3390 3568/4921/3215
f 3743/4922/3391 3568/4921/3215 3742/4920/3390
f 3568/4921/3215 3743/4922/3391 3567/4923/3214
f 3743/4922/3391 3388/4924/3033 3567/4923/3214
f 3388/4924/3033 3743/4922/3391 3389/4925/3034
f 3744/4926/3392 3242/4241/2886 3241/4240/2885
f 3242/4241/2886 3744/4926/3392 3745/4927/3393
f 3745/4927/3393 3746/4928/3394 3242/4241/2886
f 3746/4928/3394 3745/4927/3393 3747/4929/3395
f 3746/4928/3394 3240/4239/2884 3242/4241/2886
f 3747/4929/3395 3748/4930/3396 3746/4928/3394
f 3748/4930/3396 3747/4929/3395 3749/4931/3397
f 3240/4239/2884 3746/4928/3394 3750/4932/3398
f 3748/4930/3396 3750/4932/3398 3746/4928/3394
f 3751/4933/3399 3240/4239/2884 3750/4932/3398
f 3751/4933/3399 3243/4934/2887 3240/4239/2884
f 3243/4934/2887 3751/4933/3399 3276/4935/2921
f 3752/4936/3400 3276/4935/2921 3751/4933/3399
f 3750/4932/3398 3752/4936/3400 3751/4933/3399
f 3276/4935/2921 3752/4936/3400 3753/4937/3401
f 3754/4938/3402 3752/4936/3400 3750/4932/3398
f 3750/4932/3398 3748/4930/3396 3754/4938/3402
f 3752/4936/3400 3754/4938/3402 3755/4939/3403
f 3749/4931/3397 3756/4940/3404 3748/4930/3396
f 3756/4940/3404 3754/4938/3402 3748/4930/3396
f 3756/4940/3404 3749/4931/3397 3757/4941/3405
f 3758/4942/3406 3755/4939/3403 3754/4938/3402
f 3754/4938/3402 3756/4940/3404 3758/4942/3406
f 3755/4939/3403 3758/4942/3406 3759/4943/3407
f 3760/4944/3408 3756/4940/3404 3757/4941/3405
f 3761/4945/3409 3759/4943/3407 3758/4942/3406
f 3759/4943/3407 3761/4945/3409 3762/4946/3410
f 3763/4947/3411 3758/4942/3406 3756/4940/3404
f 3758/4942/3406 3763/4947/3411 3761/4945/3409
f 3756/4940/3404 3760/4944/3408 3763/4947/3411
f 3764/4948/3412 3762/4946/3410 3761/4945/3409
f 3760/4944/3408 3765/4949/3413 3763/4947/3411
f 3765/4949/3413 3760/4944/3408 3766/4950/3414
f 3767/4951/3415 3761/4945/3409 3763/4947/3411
f 3761/4945/3409 3767/4951/3415 3764/4948/3412
f 3768/4952/3416 3763/4947/3411 3765/4949/3413
f 3763/4947/3411 3768/4952/3416 3767/4951/3415
f 3766/4950/3414 3769/4953/3417 3765/4949/3413
f 3769/4953/3417 3768/4952/3416 3765/4949/3413
f 3769/4953/3417 3766/4950/3414 3770/4954/3418
f 3771/4955/3419 3769/4953/3417 3770/4954/3418
f 3768/4952/3416 3772/4956/3420 3767/4951/3415
f 3769/4953/3417 3771/4955/3419 3773/4957/3421
f 3768/4952/3416 3769/4953/3417 3774/4958/3422
f 3773/4957/3421 3774/4958/3422 3769/4953/3417
f 3772/4956/3420 3768/4952/3416 3775/4959/3423
f 3774/4958/3422 3775/4959/3423 3768/4952/3416
f 3776/4960/3424 3767/4951/3415 3772/4956/3420
f 3767/4951/3415 3776/4960/3424 3764/4948/3412
f 3775/4959/3423 3777/4961/3425 3772/4956/3420
f 3764/4948/3412 3776/4960/3424 3778/4962/3426
f 3762/4946/3410 3764/4948/3412 3778/4962/3426
f 3778/4962/3426 3779/4963/3427 3762/4946/3410
f 3779/4963/3427 3778/4962/3426 3780/4964/3428
f 3778/4962/3426 3781/4965/3429 3780/4964/3428
f 3781/4965/3429 3778/4962/3426 3776/4960/3424
f 3776/4960/3424 3782/4966/3430 3781/4965/3429
f 3782/4966/3430 3776/4960/3424 3783/4967/3431
f 3772/4956/3420 3783/4967/3431 3776/4960/3424
f 3783/4967/3431 3784/4968/3432 3782/4966/3430
f 3783/4967/3431 3772/4956/3420 3777/4961/3425
f 3784/4968/3432 3783/4967/3431 3785/4969/3433
f 3777/4961/3425 3785/4969/3433 3783/4967/3431
f 3785/4969/3433 3272/4282/2917 3784/4970/3432
f 3272/4282/2917 3785/4969/3433 3273/4283/2918
f 3785/4969/3433 3777/4961/3425 3786/4971/3434
f 3786/4971/3434 3273/4283/2918 3785/4969/3433
f 3273/4283/2918 3786/4971/3434 3271/4281/2916
f 3777/4961/3425 3775/4959/3423 3787/4972/3435
f 3788/4973/3436 3787/4972/3435 3775/4959/3423
f 3775/4959/3423 3774/4958/3422 3788/4973/3436
f 3787/4972/3435 3788/4973/3436 3789/4974/3437
f 3790/4975/3438 3788/4973/3436 3774/4958/3422
f 3791/4976/3439 3789/4974/3437 3788/4973/3436
f 3788/4973/3436 3790/4975/3438 3791/4976/3439
f 3789/4974/3437 3791/4976/3439 3792/4977/3440
f 3774/4958/3422 3773/4957/3421 3790/4975/3438
f 3633/4754/3280 3792/4977/3440 3791/4976/3439
f 3792/4977/3440 3633/4754/3280 3634/4756/3281
f 3791/4976/3439 3632/4752/3279 3633/4754/3280
f 3632/4752/3279 3791/4976/3439 3790/4975/3438
f 3790/4975/3438 3631/4751/3278 3632/4752/3279
f 3631/4751/3278 3790/4975/3438 3773/4957/3421
f 3773/4957/3421 3630/4749/3277 3631/4751/3278
f 3630/4749/3277 3773/4957/3421 3793/4978/3441
f 3771/4955/3419 3793/4978/3441 3773/4957/3421
f 3793/4978/3441 3771/4955/3419 3794/4979/3442
f 3793/4978/3441 3629/4747/3276 3630/4749/3277
f 3795/4980/3443 3793/4978/3441 3794/4979/3442
f 3629/4747/3276 3793/4978/3441 3796/4981/3444
f 3793/4978/3441 3795/4980/3443 3796/4981/3444
f 3796/4981/3444 3628/4746/3275 3629/4747/3276
f 3797/4982/3445 3796/4981/3444 3795/4980/3443
f 3628/4746/3275 3796/4981/3444 3798/4983/3446
f 3796/4981/3444 3797/4982/3445 3798/4983/3446
f 3798/4983/3446 3627/4745/3274 3628/4746/3275
f 3799/4984/3447 3798/4983/3446 3797/4982/3445
f 3627/4745/3274 3800/4985/3448 3626/4744/3273
f 3798/4983/3446 3799/4984/3447 3801/4986/3449
f 3627/4745/3274 3798/4983/3446 3801/4986/3449
f 3800/4985/3448 3627/4745/3274 3801/4986/3449
f 3802/4987/3450 3801/4986/3449 3799/4984/3447
f 3801/4986/3449 3802/4987/3450 3800/4985/3448
f 3560/4658/3206 3278/4988/2923 3281/4989/2926
f 3278/4988/2923 3560/4658/3206 3274/4990/3451
f 3803/4991/3452 3278/4988/2923 3274/4990/3451
f 3803/4991/3452 3279/4992/2924 3278/4988/2923
f 3279/4992/2924 3803/4991/3452 3804/4993/3453
f 3279/4992/2924 3804/4993/3453 3268/4994/2913
f 3270/4995/2915 3279/4992/2924 3268/4994/2913
f 3279/4992/2924 3270/4995/2915 3283/4996/2928
f 3290/4305/2935 3435/4479/3080 3289/4478/2934
f 3435/4479/3080 3290/4305/2935 3436/4480/3081
f 3437/4481/3082 3435/4479/3080 3436/4480/3081
f 3435/4479/3080 3437/4481/3082 3434/4476/3079
f 3805/4997/3454 3806/4998/3455 3807/4999/3456
f 3806/4998/3455 3805/4997/3454 3808/5000/3457
f 3809/5001/3458 3806/4998/3455 3808/5000/3457
f 3806/4998/3455 3809/5001/3458 3810/5002/3459
f 3808/5000/3457 3811/5003/3460 3809/5001/3458
f 3812/5004/3461 3813/5005/3462 3814/5006/3463
f 3812/5004/3461 3814/5006/3463 3815/5007/3464
f 3816/5008/3465 3812/5004/3461 3817/5009/3466
f 3812/5004/3461 3816/5008/3465 3813/5010/3462
f 3817/5009/3466 3818/5011/3467 3816/5008/3465
f 3818/5011/3467 3817/5009/3466 3819/5012/3468
f 3820/5013/3469 3813/5010/3462 3816/5008/3465
f 3813/5010/3462 3820/5013/3469 3814/5014/3463
f 3819/5012/3468 3821/5015/3470 3818/5011/3467
f 3821/5015/3470 3819/5012/3468 3822/5016/3471
f 3821/5015/3470 3822/5016/3471 3823/5017/3472
f 3824/5018/3473 3818/5011/3467 3821/5015/3470
f 3824/5018/3473 3821/5015/3470 3825/5019/3474
f 3823/5017/3472 3825/5019/3474 3821/5015/3470
f 3825/5019/3474 3823/5017/3472 3826/5020/3475
f 3827/5021/3476 3816/5008/3465 3818/5011/3467
f 3816/5008/3465 3827/5021/3476 3820/5013/3469
f 3818/5011/3467 3824/5022/3473 3827/5021/3476
f 3828/5023/3477 3827/5021/3476 3824/5022/3473
f 3828/5023/3477 3824/5022/3473 3829/5024/3478
f 3825/5019/3474 3829/5024/3478 3824/5022/3473
f 3830/5025/3479 3820/5013/3469 3827/5021/3476
f 3827/5021/3476 3828/5026/3477 3830/5025/3479
f 3826/5020/3475 3831/5027/3480 3825/5019/3474
f 3829/5024/3478 3825/5019/3474 3831/5027/3480
f 3831/5027/3480 3826/5020/3475 3832/5028/3481
f 3832/5028/3481 3833/5029/3482 3834/5030/3483
f 3832/5028/3481 3834/5030/3483 3835/5031/3484
f 3832/5028/3481 3835/5032/3484 3831/5027/3480
f 3836/5033/3485 3831/5027/3480 3835/5032/3484
f 3831/5027/3480 3836/5033/3485 3829/5024/3478
f 3835/5032/3484 3834/5034/3483 3836/5033/3485
f 3837/5035/3486 3829/5024/3478 3836/5033/3485
f 3829/5024/3478 3837/5035/3486 3828/5026/3477
f 3838/5036/3487 3836/5033/3485 3834/5034/3483
f 3836/5033/3485 3838/5036/3487 3837/5035/3486
f 3834/5034/3483 3833/5037/3482 3838/5036/3487
f 3822/5038/3471 3828/5026/3477 3837/5035/3486
f 3822/5038/3471 3830/5025/3479 3828/5026/3477
f 3823/5039/3472 3837/5035/3486 3838/5036/3487
f 3837/5035/3486 3823/5039/3472 3822/5040/3471
f 3838/5036/3487 3826/5041/3475 3823/5039/3472
f 3826/5041/3475 3838/5036/3487 3833/5037/3482
f 3833/5037/3482 3832/5042/3481 3826/5041/3475
f 3830/5025/3479 3822/5040/3471 3819/5043/3468
f 3819/5043/3468 3839/5044/3488 3830/5025/3479
f 3820/5013/3469 3830/5025/3479 3839/5044/3488
f 3839/5044/3488 3814/5014/3463 3820/5013/3469
f 3839/5044/3488 3819/5043/3468 3817/5045/3466
f 3814/5014/3463 3839/5044/3488 3815/5046/3464
f 3817/5045/3466 3815/5046/3464 3839/5044/3488
f 3815/5046/3464 3817/5045/3466 3812/5047/3461
f 3250/5048/2895 3840/5049/3489 3251/5050/2896
f 3840/5049/3489 3250/5048/2895 3841/5051/3490
f 3272/5052/2917 3840/5049/3489 3841/5051/3490
f 3840/5049/3489 3272/5052/2917 3274/5053/3451
f 3840/5049/3489 3558/5054/3491 3251/5050/2896
f 3558/5054/3491 3840/5049/3489 3842/5055/3492
f 3840/5049/3489 3560/5056/3493 3842/5055/3492
f 3560/5056/3493 3840/5049/3489 3274/5053/3451
f 3293/4308/2938 3843/5057/3494 3291/4306/2936
f 3843/5057/3494 3293/4308/2938 3844/5058/3495
f 3298/4313/2943 3843/5057/3494 3844/5058/3495
f 3843/5057/3494 3298/4313/2943 3295/4310/2940
f 3842/5059/3492 3559/5060/3205 3558/5061/3491
f 3559/5060/3205 3842/5059/3492 3275/5062/2920
f 3842/5059/3492 3276/5063/2921 3275/5062/2920
f 3276/5063/2921 3842/5059/3492 3560/5064/3493
f 3843/5057/3494 3294/5065/2939 3291/4306/2936
f 3294/5065/2939 3843/5057/3494 3845/5066/3496
f 3843/5057/3494 3297/5067/2942 3845/5066/3496
f 3297/5067/2942 3843/5057/3494 3295/4310/2940
f 3846/5068/3497 3293/4308/2938 3292/5069/2937
f 3293/4308/2938 3846/5068/3497 3844/5058/3495
f 3846/5068/3497 3298/4313/2943 3844/5058/3495
f 3298/4313/2943 3846/5068/3497 3296/5070/2941
f 3258/5071/2903 3257/4878/2902 3558/4656/3204
f 3558/4656/3204 3282/5072/2927 3258/5071/2903
f 3282/5072/2927 3558/4656/3204 3560/4658/3206
f 3560/4658/3206 3281/4989/2926 3282/5072/2927
f 3282/5072/2927 3260/5073/2905 3258/5071/2903
f 3260/5073/2905 3282/5072/2927 3284/5074/2929
f 3270/4995/2915 3284/5074/2929 3283/4996/2928
f 3270/4995/2915 3260/5073/2905 3284/5074/2929
f 3260/5073/2905 3270/4995/2915 3267/4884/2912
f 3259/4885/2904 3260/5073/2905 3267/4884/2912
f 3847/5075/3498 3848/5076/3499 3849/5077/3500
f 3850/5078/3501 3847/5075/3498 3849/5077/3500
f 3847/5075/3498 3850/5078/3501 3851/5079/3502
f 3852/5080/3503 3847/5075/3498 3851/5079/3502
f 3847/5075/3498 3852/5080/3503 3853/5081/3504
f 3852/5080/3503 3854/5082/3505 3853/5081/3504
f 3855/5083/3506 3856/5084/3507 3854/5082/3505
f 3854/5082/3505 3857/5085/3508 3855/5083/3506
f 3857/5085/3508 3854/5082/3505 3858/5086/3509
f 3854/5082/3505 3852/5080/3503 3858/5086/3509
f 3851/5079/3502 3859/5087/3510 3852/5080/3503
f 3859/5087/3510 3858/5086/3509 3852/5080/3503
f 3859/5087/3510 3851/5079/3502 3860/5088/3511
f 3858/5086/3509 3859/5087/3510 3861/5089/3512
f 3860/5088/3511 3862/5090/3513 3859/5087/3510
f 3862/5090/3513 3861/5089/3512 3859/5087/3510
f 3862/5090/3513 3860/5088/3511 3863/5091/3514
f 3861/5089/3512 3862/5090/3513 3864/5092/3515
f 3865/5093/3516 3866/5094/3517 3867/5095/3518
f 3866/5094/3517 3865/5093/3516 3868/5096/3519
f 3866/5094/3517 3869/5097/3520 3867/5098/3518
f 3869/5097/3520 3866/5094/3517 3870/5099/3521
f 3870/5099/3521 3871/5100/3522 3869/5097/3520
f 3872/5101/3523 3866/5094/3517 3868/5096/3519
f 3871/5100/3522 3870/5099/3521 3873/5102/3524
f 3873/5102/3524 3874/5103/3525 3871/5100/3522
f 3875/5104/3526 3870/5099/3521 3866/5094/3517
f 3866/5094/3517 3872/5101/3523 3875/5104/3526
f 3876/5105/3527 3873/5102/3524 3870/5099/3521
f 3870/5099/3521 3875/5104/3526 3876/5105/3527
f 3873/5102/3524 3876/5105/3527 3877/5106/3528
f 3875/5104/3526 3877/5106/3528 3876/5105/3527
f 3874/5103/3525 3873/5102/3524 3878/5107/3529
f 3877/5106/3528 3878/5107/3529 3873/5102/3524
f 3875/5104/3526 3872/5101/3523 3879/5108/3530
f 3875/5104/3526 3879/5108/3530 3877/5106/3528
f 3868/5096/3519 3879/5108/3530 3872/5101/3523
f 3878/5107/3529 3877/5106/3528 3880/5109/3531
f 3881/5110/3532 3874/5103/3525 3878/5107/3529
f 3880/5109/3531 3881/5110/3532 3878/5107/3529
f 3874/5103/3525 3881/5110/3532 3882/5111/3533
f 3881/5110/3532 3883/5112/3534 3882/5111/3533
f 3877/5106/3528 3884/5113/3535 3880/5109/3531
f 3881/5110/3532 3880/5109/3531 3884/5113/3535
f 3877/5106/3528 3879/5108/3530 3884/5113/3535
f 3883/5112/3534 3881/5110/3532 3885/5114/3536
f 3884/5113/3535 3885/5114/3536 3881/5110/3532
f 3884/5113/3535 3879/5108/3530 3886/5115/3537
f 3885/5114/3536 3884/5113/3535 3886/5115/3537
f 3887/5116/3538 3886/5115/3537 3879/5108/3530
f 3886/5115/3537 3887/5116/3538 3885/5114/3536
f 3887/5116/3538 3883/5112/3534 3885/5114/3536
f 3879/5108/3530 3868/5096/3519 3887/5116/3538
f 3883/5112/3534 3887/5116/3538 3888/5117/3539
f 3865/5118/3516 3887/5116/3538 3868/5096/3519
f 3887/5116/3538 3865/5118/3516 3888/5117/3539
f 3889/5119/3540 3890/5120/3541 3891/5121/3542
f 3890/5120/3541 3889/5119/3540 3892/5122/3543
f 3890/5120/3541 3893/5123/3544 3891/5124/3542
f 3893/5123/3544 3890/5120/3541 3894/5125/3545
f 3894/5125/3545 3895/5126/3546 3893/5123/3544
f 3896/5127/3547 3890/5120/3541 3892/5122/3543
f 3895/5126/3546 3894/5125/3545 3897/5128/3548
f 3897/5128/3548 3898/5129/3549 3895/5126/3546
f 3899/5130/3550 3894/5125/3545 3890/5120/3541
f 3890/5120/3541 3896/5127/3547 3899/5130/3550
f 3900/5131/3551 3897/5128/3548 3894/5125/3545
f 3894/5125/3545 3899/5130/3550 3900/5131/3551
f 3897/5128/3548 3900/5131/3551 3901/5132/3552
f 3899/5130/3550 3901/5132/3552 3900/5131/3551
f 3898/5129/3549 3897/5128/3548 3902/5133/3553
f 3901/5132/3552 3902/5133/3553 3897/5128/3548
f 3899/5130/3550 3896/5127/3547 3903/5134/3554
f 3899/5130/3550 3903/5134/3554 3901/5132/3552
f 3892/5122/3543 3903/5134/3554 3896/5127/3547
f 3902/5133/3553 3901/5132/3552 3904/5135/3555
f 3905/5136/3556 3898/5129/3549 3902/5133/3553
f 3904/5135/3555 3905/5136/3556 3902/5133/3553
f 3898/5129/3549 3905/5136/3556 3906/5137/3557
f 3905/5136/3556 3907/5138/3558 3906/5137/3557
f 3901/5132/3552 3908/5139/3559 3904/5135/3555
f 3905/5136/3556 3904/5135/3555 3908/5139/3559
f 3901/5132/3552 3903/5134/3554 3908/5139/3559
f 3907/5138/3558 3905/5136/3556 3909/5140/3560
f 3908/5139/3559 3909/5140/3560 3905/5136/3556
f 3908/5139/3559 3903/5134/3554 3910/5141/3561
f 3909/5140/3560 3908/5139/3559 3910/5141/3561
f 3911/5142/3562 3910/5141/3561 3903/5134/3554
f 3910/5141/3561 3911/5142/3562 3909/5140/3560
f 3911/5142/3562 3907/5138/3558 3909/5140/3560
f 3903/5134/3554 3892/5122/3543 3911/5142/3562
f 3907/5138/3558 3911/5142/3562 3912/5143/3563
f 3889/5144/3540 3911/5142/3562 3892/5122/3543
f 3911/5142/3562 3889/5144/3540 3912/5143/3563
f 3913/5145/3564 3914/5146/3565 3915/5147/3566
f 3914/5146/3565 3913/5145/3564 3916/5148/3567
f 3914/5146/3565 3917/5149/3568 3915/5150/3566
f 3917/5149/3568 3914/5146/3565 3918/5151/3569
f 3918/5151/3569 3919/5152/3570 3917/5149/3568
f 3920/5153/3571 3914/5146/3565 3916/5148/3567
f 3919/5152/3570 3918/5151/3569 3921/5154/3572
f 3921/5154/3572 3922/5155/3573 3919/5152/3570
f 3923/5156/3574 3918/5151/3569 3914/5146/3565
f 3914/5146/3565 3920/5153/3571 3923/5156/3574
f 3924/5157/3575 3921/5154/3572 3918/5151/3569
f 3918/5151/3569 3923/5156/3574 3924/5157/3575
f 3921/5154/3572 3924/5157/3575 3925/5158/3576
f 3923/5156/3574 3925/5158/3576 3924/5157/3575
f 3922/5155/3573 3921/5154/3572 3926/5159/3577
f 3925/5158/3576 3926/5159/3577 3921/5154/3572
f 3923/5156/3574 3920/5153/3571 3927/5160/3578
f 3923/5156/3574 3927/5160/3578 3925/5158/3576
f 3916/5148/3567 3927/5160/3578 3920/5153/3571
f 3926/5159/3577 3925/5158/3576 3928/5161/3579
f 3929/5162/3580 3922/5155/3573 3926/5159/3577
f 3928/5161/3579 3929/5162/3580 3926/5159/3577
f 3922/5155/3573 3929/5162/3580 3930/5163/3581
f 3929/5162/3580 3931/5164/3582 3930/5163/3581
f 3925/5158/3576 3932/5165/3583 3928/5161/3579
f 3929/5162/3580 3928/5161/3579 3932/5165/3583
f 3925/5158/3576 3927/5160/3578 3932/5165/3583
f 3931/5164/3582 3929/5162/3580 3933/5166/3584
f 3932/5165/3583 3933/5166/3584 3929/5162/3580
f 3932/5165/3583 3927/5160/3578 3934/5167/3585
f 3933/5166/3584 3932/5165/3583 3934/5167/3585
f 3935/5168/3586 3934/5167/3585 3927/5160/3578
f 3934/5167/3585 3935/5168/3586 3933/5166/3584
f 3935/5168/3586 3931/5164/3582 3933/5166/3584
f 3927/5160/3578 3916/5148/3567 3935/5168/3586
f 3931/5164/3582 3935/5168/3586 3936/5169/3587
f 3913/5170/3564 3935/5168/3586 3916/5148/3567
f 3935/5168/3586 3913/5170/3564 3936/5169/3587
f 3937/5171/3588 3938/5172/3589 3939/5173/3590
f 3938/5172/3589 3937/5171/3588 3940/5174/3591
f 3938/5172/3589 3941/5175/3592 3939/5176/3590
f 3941/5175/3592 3938/5172/3589 3942/5177/3593
f 3942/5177/3593 3943/5178/3594 3941/5175/3592
f 3944/5179/3595 3938/5172/3589 3940/5174/3591
f 3943/5178/3594 3942/5177/3593 3945/5180/3596
f 3945/5180/3596 3946/5181/3597 3943/5178/3594
f 3947/5182/3598 3942/5177/3593 3938/5172/3589
f 3938/5172/3589 3944/5179/3595 3947/5182/3598
f 3948/5183/3599 3945/5180/3596 3942/5177/3593
f 3942/5177/3593 3947/5182/3598 3948/5183/3599
f 3945/5180/3596 3948/5183/3599 3949/5184/3600
f 3947/5182/3598 3949/5184/3600 3948/5183/3599
f 3946/5181/3597 3945/5180/3596 3950/5185/3601
f 3949/5184/3600 3950/5185/3601 3945/5180/3596
f 3947/5182/3598 3944/5179/3595 3951/5186/3602
f 3947/5182/3598 3951/5186/3602 3949/5184/3600
f 3940/5174/3591 3951/5186/3602 3944/5179/3595
f 3950/5185/3601 3949/5184/3600 3952/5187/3603
f 3953/5188/3604 3946/5181/3597 3950/5185/3601
f 3952/5187/3603 3953/5188/3604 3950/5185/3601
f 3946/5181/3597 3953/5188/3604 3954/5189/3605
f 3953/5188/3604 3955/5190/3606 3954/5189/3605
f 3949/5184/3600 3956/5191/3607 3952/5187/3603
f 3953/5188/3604 3952/5187/3603 3956/5191/3607
f 3949/5184/3600 3951/5186/3602 3956/5191/3607
f 3955/5190/3606 3953/5188/3604 3957/5192/3608
f 3956/5191/3607 3957/5192/3608 3953/5188/3604
f 3956/5191/3607 3951/5186/3602 3958/5193/3609
f 3957/5192/3608 3956/5191/3607 3958/5193/3609
f 3959/5194/3610 3958/5193/3609 3951/5186/3602
f 3958/5193/3609 3959/5194/3610 3957/5192/3608
f 3959/5194/3610 3955/5190/3606 3957/5192/3608
f 3951/5186/3602 3940/5174/3591 3959/5194/3610
f 3955/5190/3606 3959/5194/3610 3960/5195/3611
f 3937/5196/3588 3959/5194/3610 3940/5174/3591
f 3959/5194/3610 3937/5196/3588 3960/5195/3611
f 3961/5197/3612 3692/5198/3613 3691/5199/3614
f 3671/5200/3318 3961/5197/3612 3962/5201/3615
f 3692/5198/3613 3961/5197/3612 3558/4656/3204
f 3961/5197/3612 3671/5200/3318 3558/4656/3491
f 3559/4657/3616 3558/4656/3491 3671/5200/3318
f 3693/5202/3340 3558/4656/3491 3695/5203/3342
f 3698/5204/3617 3695/5203/3342 3558/4656/3491
f 3251/4879/3618 3250/5205/2895 3558/4656/3491
f 3780/5206/3619 3963/5207/3620 3779/5208/3621
f 3963/5207/3620 3753/5209/3401 3964/5210/3622
f 3963/5207/3620 3780/5206/3619 3560/4658/3206
f 3753/5209/3401 3963/5207/3620 3560/4658/3206
f 3560/4658/3623 3780/5206/3624 3781/5211/3429
f 3782/5212/3430 3560/4658/3623 3781/5211/3429
f 3560/4658/3623 3782/5212/3430 3784/5213/3432
f 3560/4658/3623 3784/5213/3432 3272/5214/3625
f 3560/4658/3623 3272/5214/3625 3274/4990/3451
f 3698/5215/3626 3250/5216/3627 3558/5217/3491
f 3693/5218/3628 3558/5217/3491 3692/5219/3339
f 3691/5220/3338 3692/5219/3629 3558/5217/3204
f 3961/5221/3612 3691/5220/3338 3558/5217/3204
f 3965/5222/3630 3961/5221/3612 3558/5217/3204
f 3671/5223/3318 3965/5222/3630 3558/5217/3204
f 3560/5224/3493 3780/5225/3624 3779/5226/3427
f 3560/5224/3493 3779/5226/3427 3966/5227/3631
f 3560/5224/3493 3966/5227/3631 3964/5228/3632
f 3560/5224/3493 3964/5228/3632 3753/5229/3401
f 3560/5224/3623 3753/5229/3401 3276/5230/2921
f 3358/5231/3003 3967/5232/3633 3850/5233/3501
f 3849/5234/3500 3358/5231/3003 3850/5233/3501
f 3967/5232/3633 3358/5231/3003 3968/5235/3634
f 3968/5235/3634 3969/5236/3635 3967/5232/3633
f 3358/5231/3003 3849/5234/3500 3970/5237/3636
f 3848/5238/3499 3970/5237/3636 3849/5234/3500
f 3358/5231/3003 3970/5237/3636 3971/5239/3637
f 3970/5237/3636 3848/5238/3499 3972/5240/3638
f 3972/5240/3638 3971/5239/3637 3970/5237/3636
f 3973/5241/3639 3972/5240/3638 3848/5238/3499
f 3972/5240/3638 3973/5241/3639 3974/5242/3640
f 3975/5243/3641 3972/5240/3638 3974/5242/3640
f 3972/5240/3638 3975/5243/3641 3976/5244/3642
f 3971/5239/3637 3972/5240/3638 3976/5244/3642
f 3977/5245/3643 3976/5244/3642 3975/5243/3641
f 3978/5246/3644 3358/5231/3003 3971/5239/3637
f 3976/5244/3642 3978/5246/3644 3971/5239/3637
f 3358/5231/3003 3978/5246/3644 3968/5235/3634
f 3976/5244/3642 3977/5245/3643 3979/5247/3645
f 3978/5246/3644 3976/5244/3642 3979/5247/3645
f 3980/5248/3646 3979/5247/3645 3977/5245/3643
f 3981/5249/3647 3968/5235/3634 3978/5246/3644
f 3979/5247/3645 3981/5249/3647 3978/5246/3644
f 3979/5247/3645 3980/5248/3646 3982/5250/3648
f 3981/5249/3647 3979/5247/3645 3982/5250/3648
f 3546/4624/3191 3982/5250/3648 3980/5248/3646
f 3968/5235/3634 3981/5249/3647 3983/5251/3649
f 3969/5236/3635 3968/5235/3634 3983/5251/3649
f 3982/5250/3648 3546/4624/3191 3984/5252/3650
f 3546/4624/3191 3543/4620/3188 3984/5252/3650
f 3982/5250/3648 3985/5253/3651 3981/5249/3647
f 3985/5253/3651 3982/5250/3648 3984/5252/3650
f 3985/5253/3651 3983/5251/3649 3981/5249/3647
f 3543/4620/3188 3985/5253/3651 3984/5252/3650
f 3986/5254/3652 3969/5236/3635 3983/5251/3649
f 3983/5251/3649 3985/5253/3651 3986/5254/3652
f 3969/5236/3635 3986/5254/3652 3987/5255/3653
f 3985/5253/3651 3543/4620/3188 3988/5256/3654
f 3988/5256/3654 3986/5254/3652 3985/5253/3651
f 3539/4616/3184 3988/5256/3654 3543/4620/3188
f 3988/5256/3654 3539/4616/3184 3529/4603/3174
f 3989/5257/3655 3987/5255/3653 3986/5254/3652
f 3987/5255/3653 3989/5257/3655 3333/5258/2978
f 3986/5254/3652 3988/5256/3654 3990/5259/3656
f 3529/4603/3174 3990/5259/3656 3988/5256/3654
f 3990/5259/3656 3989/5257/3655 3986/5254/3652
f 3989/5257/3655 3332/5260/2977 3333/5258/2978
f 3990/5259/3656 3529/4603/3174 3991/5261/3657
f 3529/4603/3174 3525/4597/3170 3991/5261/3657
f 3523/4594/3168 3991/5261/3657 3525/4597/3170
f 3991/5261/3657 3523/4594/3168 3992/5262/3658
f 3992/5262/3658 3990/5259/3656 3991/5261/3657
f 3522/4593/3167 3992/5262/3658 3523/4594/3168
f 3990/5259/3656 3992/5262/3658 3993/5263/3659
f 3989/5257/3655 3990/5259/3656 3993/5263/3659
f 3992/5262/3658 3522/4593/3167 3994/5264/3660
f 3994/5264/3660 3993/5263/3659 3992/5262/3658
f 3517/4586/3162 3994/5264/3660 3522/4593/3167
f 3995/5265/3661 3989/5257/3655 3993/5263/3659
f 3993/5263/3659 3994/5264/3660 3995/5265/3661
f 3994/5264/3660 3517/4586/3162 3996/5266/3662
f 3996/5266/3662 3995/5265/3661 3994/5264/3660
f 3515/4584/3160 3996/5266/3662 3517/4586/3162
f 3996/5266/3662 3515/4584/3160 3519/4589/3164
f 3989/5257/3655 3995/5265/3661 3997/5267/3663
f 3332/5260/2977 3989/5257/3655 3997/5267/3663
f 3998/5268/3664 3997/5267/3663 3995/5265/3661
f 3997/5267/3663 3998/5268/3664 3332/5260/2977
f 3995/5265/3661 3996/5266/3662 3998/5268/3664
f 3999/5269/3665 3332/5260/2977 3998/5268/3664
f 3996/5266/3662 3999/5269/3665 3998/5268/3664
f 3999/5269/3665 3996/5266/3662 3519/4589/3164
f 3332/5260/2977 3999/5269/3665 3329/5270/2974
f 3520/4590/3165 3999/5269/3665 3519/4589/3164
f 3999/5269/3665 3330/5271/2975 3329/5270/2974
f 3999/5269/3665 3520/4590/3165 4000/5272/3666
f 3330/5271/2975 3999/5269/3665 4000/5272/3666
f 4001/5273/3667 3375/5274/3020 3857/5275/3508
f 3375/5274/3020 3855/5276/3506 3857/5277/3508
f 3375/5274/3020 4001/5273/3667 4002/5278/3668
f 3598/4708/3245 4002/5278/3668 4001/5273/3667
f 3855/5276/3506 3375/5274/3020 4003/5279/3669
f 4003/5279/3669 3856/5280/3507 3855/5276/3506
f 4002/5278/3668 3598/4708/3245 4004/5281/3670
f 3598/4708/3245 3597/4707/3244 4004/5281/3670
f 3856/5280/3507 4003/5279/3669 4005/5282/3671
f 4005/5282/3671 4006/5283/3672 3856/5280/3507
f 4006/5283/3672 4005/5282/3671 4007/5284/3673
f 4005/5282/3671 4008/5285/3674 4007/5284/3673
f 4009/5286/3675 4005/5282/3671 4003/5279/3669
f 4009/5286/3675 4003/5279/3669 3375/5274/3020
f 4008/5285/3674 4005/5282/3671 4010/5287/3676
f 4005/5282/3671 4009/5286/3675 4010/5287/3676
f 4010/5287/3676 4011/5288/3677 4008/5285/3674
f 3375/5274/3020 4012/5289/3678 4009/5286/3675
f 4012/5289/3678 4010/5287/3676 4009/5286/3675
f 4012/5289/3678 3375/5274/3020 4002/5278/3668
f 4011/5288/3677 4010/5287/3676 4013/5290/3679
f 4010/5287/3676 4012/5289/3678 4013/5290/3679
f 4013/5290/3679 4014/5291/3680 4011/5288/3677
f 4002/5278/3668 4015/5292/3681 4012/5289/3678
f 4015/5292/3681 4013/5290/3679 4012/5289/3678
f 4015/5292/3681 4002/5278/3668 4004/5281/3670
f 4014/5291/3680 4013/5290/3679 4016/5293/3682
f 4013/5290/3679 4015/5292/3681 4016/5293/3682
f 4016/5293/3682 3624/4742/3271 4014/5291/3680
f 4004/5281/3670 4017/5294/3683 4015/5292/3681
f 4017/5294/3683 4016/5293/3682 4015/5292/3681
f 4017/5294/3683 4004/5281/3670 3597/4707/3244
f 3624/4742/3271 4016/5293/3682 4018/5295/3684
f 4016/5293/3682 4017/5294/3683 4018/5295/3684
f 3621/4738/3268 3624/4742/3271 4018/5295/3684
f 4017/5294/3683 3621/4738/3268 4018/5295/3684
f 3597/4707/3244 4019/5296/3685 4017/5294/3683
f 3621/4738/3268 4017/5294/3683 4019/5296/3685
f 4019/5296/3685 3597/4707/3244 3596/4706/3243
f 4019/5296/3685 3617/4734/3264 3621/4738/3268
f 3596/4706/3243 3604/4716/3251 4019/5296/3685
f 3617/4734/3264 4019/5296/3685 3604/4716/3251
f 4020/5297/3686 4021/5298/3687 4022/5299/3688
f 4020/5297/3686 4023/5300/3689 4021/5298/3687
f 4024/5301/3690 4020/5297/3686 4022/5299/3688
f 4023/5300/3689 4020/5297/3686 4025/5302/3691
f 4025/5302/3691 4026/5303/3692 4023/5300/3689
f 4020/5297/3686 4024/5301/3690 4027/5304/3693
f 4027/5304/3693 4025/5302/3691 4020/5297/3686
f 4027/5304/3693 4024/5301/3690 4028/5305/3694
f 4029/5306/3695 4028/5305/3694 4024/5301/3690
f 4025/5302/3691 4027/5304/3693 4030/5307/3696
f 4028/5305/3694 4029/5306/3695 4031/5308/3697
f 4032/5309/3698 4031/5308/3697 4029/5306/3695
f 4033/5310/3699 4027/5304/3693 4028/5305/3694
f 4027/5304/3693 4033/5310/3699 4030/5307/3696
f 4031/5308/3697 4033/5310/3699 4028/5305/3694
f 4034/5311/3700 4025/5302/3691 4030/5307/3696
f 4033/5310/3699 4034/5311/3700 4030/5307/3696
f 4026/5303/3692 4025/5302/3691 4035/5312/3701
f 4025/5302/3691 4034/5311/3700 4035/5312/3701
f 4035/5312/3701 4036/5313/3702 4026/5303/3692
f 4036/5313/3702 4035/5312/3701 4037/5314/3703
f 4037/5314/3703 4038/5315/3704 4036/5313/3702
f 4039/5316/3705 4035/5312/3701 4034/5311/3700
f 4035/5312/3701 4039/5316/3705 4037/5314/3703
f 4038/5315/3704 4037/5314/3703 4040/5317/3706
f 4039/5316/3705 4040/5317/3706 4037/5314/3703
f 4041/5318/3707 4038/5315/3704 4040/5317/3706
f 4038/5315/3704 4041/5318/3707 4042/5319/3708
f 4041/5318/3707 4043/5320/3709 4042/5319/3708
f 4043/5320/3709 4041/5318/3707 4044/5321/3710
f 4041/5318/3707 4045/5322/3711 4044/5321/3710
f 4045/5322/3711 4041/5318/3707 4046/5323/3712
f 4040/5317/3706 4046/5323/3712 4041/5318/3707
f 4046/5323/3712 4047/5324/3713 4045/5322/3711
f 4046/5323/3712 4040/5317/3706 4048/5325/3714
f 4040/5317/3706 4039/5316/3705 4048/5325/3714
f 4047/5324/3713 4046/5323/3712 4049/5326/3715
f 4049/5326/3715 4050/5327/3716 4047/5324/3713
f 4051/5328/3717 4046/5323/3712 4048/5325/3714
f 4046/5323/3712 4051/5328/3717 4049/5326/3715
f 4052/5329/3718 4048/5325/3714 4039/5316/3705
f 4048/5325/3714 4052/5329/3718 4051/5328/3717
f 4050/5327/3716 4049/5326/3715 4053/5330/3719
f 4053/5330/3719 4054/5331/3720 4050/5327/3716
f 4055/5332/3721 4049/5326/3715 4051/5328/3717
f 4049/5326/3715 4055/5332/3721 4053/5330/3719
f 4056/5333/3722 4051/5328/3717 4052/5329/3718
f 4051/5328/3717 4056/5333/3722 4055/5332/3721
f 4039/5316/3705 4057/5334/3723 4052/5329/3718
f 4057/5334/3723 4056/5333/3722 4052/5329/3718
f 4057/5334/3723 4039/5316/3705 4034/5311/3700
f 4034/5311/3700 4033/5310/3699 4057/5334/3723
f 4058/5335/3724 4057/5334/3723 4033/5310/3699
f 4033/5310/3699 4031/5308/3697 4058/5335/3724
f 4056/5333/3722 4057/5334/3723 4059/5336/3725
f 4057/5334/3723 4058/5335/3724 4059/5336/3725
f 4060/5337/3726 4058/5335/3724 4031/5308/3697
f 4031/5308/3697 4032/5309/3698 4060/5337/3726
f 4061/5338/3727 4059/5336/3725 4058/5335/3724
f 4058/5335/3724 4060/5337/3726 4061/5338/3727
f 4062/5339/3728 4056/5333/3722 4059/5336/3725
f 4059/5336/3725 4061/5338/3727 4062/5339/3728
f 4032/5309/3698 4063/5340/3729 4060/5337/3726
f 4063/5340/3729 4032/5309/3698 4064/5341/3730
f 4060/5337/3726 4065/5342/3731 4061/5338/3727
f 4065/5342/3731 4060/5337/3726 4063/5340/3729
f 4061/5338/3727 4066/5343/3732 4062/5339/3728
f 4066/5343/3732 4061/5338/3727 4065/5342/3731
f 4064/5341/3730 4067/5344/3733 4063/5340/3729
f 4067/5344/3733 4064/5341/3730 4068/5345/3734
f 4063/5340/3729 4069/5346/3735 4065/5342/3731
f 4069/5346/3735 4063/5340/3729 4067/5344/3733
f 4065/5342/3731 4070/5347/3736 4066/5343/3732
f 4070/5347/3736 4065/5342/3731 4069/5346/3735
f 4067/5344/3733 4068/5345/3734 4071/5348/3737
f 4071/5348/3737 4069/5346/3735 4067/5344/3733
f 4068/5345/3734 4072/5349/3738 4071/5348/3737
f 4072/5349/3738 4068/5345/3734 4073/5350/3739
f 4073/5350/3739 4074/5351/3740 4072/5349/3738
f 4075/5352/3741 4072/5349/3738 4074/5351/3740
f 4072/5349/3738 4075/5352/3741 4076/5353/3742
f 4076/5353/3742 4071/5348/3737 4072/5349/3738
f 4077/5354/3743 4076/5353/3742 4075/5352/3741
f 4069/5346/3735 4071/5348/3737 4078/5355/3744
f 4071/5348/3737 4076/5353/3742 4078/5355/3744
f 4079/5356/3745 4069/5346/3735 4078/5355/3744
f 4076/5353/3742 4079/5356/3745 4078/5355/3744
f 4069/5346/3735 4079/5356/3745 4070/5347/3736
f 4076/5353/3742 4077/5354/3743 4080/5357/3746
f 4079/5356/3745 4076/5353/3742 4080/5357/3746
f 4081/5358/3747 4080/5357/3746 4077/5354/3743
f 4080/5357/3746 4082/5359/3748 4079/5356/3745
f 4082/5359/3748 4070/5347/3736 4079/5356/3745
f 4080/5357/3746 4081/5358/3747 4083/5360/3749
f 4082/5359/3748 4080/5357/3746 4083/5360/3749
f 4084/5361/3750 4083/5360/3749 4081/5358/3747
f 4085/5362/3751 4082/5359/3748 4083/5360/3749
f 4083/5360/3749 4084/5361/3750 4085/5362/3751
f 4070/5347/3736 4082/5359/3748 4086/5363/3752
f 4084/5361/3750 4087/5364/3753 4085/5362/3751
f 4087/5364/3753 4084/5361/3750 4088/5365/3754
f 4089/5366/3755 4087/5364/3753 4088/5365/3754
f 4087/5364/3753 4089/5366/3755 4090/5367/3756
f 4091/5368/3757 4087/5364/3753 4090/5367/3756
f 4082/5359/3748 4085/5362/3751 4092/5369/3758
f 4092/5369/3758 4086/5363/3752 4082/5359/3748
f 4093/5370/3759 4085/5362/3751 4087/5364/3753
f 4087/5364/3753 4091/5368/3757 4093/5370/3759
f 4085/5362/3751 4093/5370/3759 4092/5369/3758
f 4094/5371/3760 4093/5370/3759 4091/5368/3757
f 4086/5363/3752 4092/5369/3758 4095/5372/3761
f 4093/5370/3759 4095/5372/3761 4092/5369/3758
f 4093/5370/3759 4094/5371/3760 4096/5373/3762
f 4095/5372/3761 4093/5370/3759 4096/5373/3762
f 4097/5374/3763 4096/5373/3762 4094/5371/3760
f 4095/5372/3761 4098/5375/3764 4086/5363/3752
f 4098/5375/3764 4070/5347/3736 4086/5363/3752
f 4070/5347/3736 4098/5375/3764 4066/5343/3732
f 4098/5375/3764 4062/5339/3728 4066/5343/3732
f 4096/5373/3762 4099/5376/3765 4095/5372/3761
f 4098/5375/3764 4095/5372/3761 4099/5376/3765
f 4096/5373/3762 4097/5374/3763 4100/5377/3766
f 4099/5376/3765 4096/5373/3762 4100/5377/3766
f 4054/5331/3720 4100/5377/3766 4097/5374/3763
f 4062/5339/3728 4098/5375/3764 4101/5378/3767
f 4099/5376/3765 4101/5378/3767 4098/5375/3764
f 4056/5333/3722 4062/5339/3728 4101/5378/3767
f 4101/5378/3767 4055/5332/3721 4056/5333/3722
f 4100/5377/3766 4054/5331/3720 4102/5379/3768
f 4102/5379/3768 4099/5376/3765 4100/5377/3766
f 4054/5331/3720 4053/5330/3719 4102/5379/3768
f 4055/5332/3721 4102/5379/3768 4053/5330/3719
f 4101/5378/3767 4099/5376/3765 4103/5380/3769
f 4099/5376/3765 4102/5379/3768 4103/5380/3769
f 4055/5332/3721 4101/5378/3767 4103/5380/3769
f 4102/5379/3768 4055/5332/3721 4103/5380/3769
f 4104/5381/3770 3559/5060/3205 3275/5062/2920
f 3276/5063/2921 4104/5381/3770 3275/5062/2920
f 3559/5060/3205 4104/5381/3770 3671/5382/3318
f 4104/5381/3770 3276/5063/2921 3753/5383/3771
f 4105/5384/3772 3671/5382/3318 4104/5381/3770
f 3753/5383/3771 4105/5384/3772 4104/5381/3770
f 3671/5382/3318 4105/5384/3772 3965/5385/3630
f 4105/5384/3772 3753/5383/3771 3964/5386/3632
f 4106/5387/3773 3965/5385/3630 4105/5384/3772
f 3964/5386/3632 4106/5387/3773 4105/5384/3772
f 3965/5385/3630 4106/5387/3773 3961/5388/3612
f 4106/5387/3773 3964/5386/3632 3966/5389/3631
f 4106/5387/3773 3292/5390/2937 3961/5388/3612
f 4106/5387/3773 3846/5391/3497 3292/5390/2937
f 3296/5392/2941 3846/5391/3497 4106/5387/3773
f 3966/5389/3631 3296/5392/2941 4106/5387/3773
f 3294/5393/2939 3961/5388/3612 3292/5390/2937
f 3966/5389/3631 3297/5394/2942 3296/5392/2941
f 3961/5388/3612 3294/5393/2939 3691/5395/3338
f 3297/5394/2942 3966/5389/3631 3779/5396/3427
f 4107/5397/3774 3691/5395/3338 3294/5393/2939
f 3691/5395/3338 4107/5397/3774 3692/5398/3629
f 4107/5397/3774 3693/5399/3340 3692/5398/3629
f 3294/5393/2939 4108/5400/3775 4107/5397/3774
f 4108/5400/3775 3294/5393/2939 3845/5401/3496
f 3297/5394/2942 4108/5400/3775 3845/5401/3496
f 3693/5399/3340 4107/5397/3774 4109/5402/3776
f 4108/5400/3775 4109/5402/3776 4107/5397/3774
f 4108/5400/3775 3297/5394/2942 4110/5403/3777
f 3779/5396/3427 4110/5403/3777 3297/5394/2942
f 4110/5403/3777 4109/5402/3776 4108/5400/3775
f 4110/5403/3777 3779/5396/3427 3780/5404/3428
f 3781/5405/3778 4110/5403/3777 3780/5404/3428
f 4110/5403/3777 3781/5405/3778 4109/5402/3776
f 4111/5406/3779 3693/5399/3340 4109/5402/3776
f 3781/5405/3778 4111/5406/3779 4109/5402/3776
f 3693/5399/3340 4111/5406/3779 3695/5407/3342
f 4111/5406/3779 3781/5405/3778 3782/5408/3430
f 4112/5409/3780 3695/5407/3342 4111/5406/3779
f 3782/5408/3430 4112/5409/3780 4111/5406/3779
f 3695/5407/3342 4112/5409/3780 3698/5410/3345
f 4112/5409/3780 3782/5408/3430 3784/5411/3432
f 4112/5409/3780 3250/5048/2895 3698/5410/3345
f 3272/5052/2917 4112/5409/3780 3784/5411/3432
f 3250/5048/2895 4112/5409/3780 3841/5051/3490
f 4112/5409/3780 3272/5052/2917 3841/5051/3490
f 4113/5412/3781 4114/5413/3782 4115/5414/3783
f 4114/5413/3782 4113/5412/3781 4116/5415/3784
f 4117/5416/3785 4113/5412/3781 4115/5414/3783
f 4113/5412/3781 4118/5417/3786 4116/5415/3784
f 4113/5412/3781 4117/5416/3785 4119/5418/3787
f 4118/5417/3786 4113/5412/3781 4120/5419/3788
f 4121/5420/3789 4113/5412/3781 4119/5418/3787
f 4113/5412/3781 4121/5420/3789 4120/5419/3788
f 4122/5421/3790 3417/4888/3062 3723/4887/3371
f 3417/4888/3062 4122/5421/3790 3220/5422/2864
f 3723/4887/3371 4123/5423/3791 4122/5421/3790
f 4123/5423/3791 3723/4887/3371 3724/4889/3372
f 3725/4890/3373 4123/5423/3791 3724/4889/3372
f 4124/5424/3792 3220/5422/2864 4122/5421/3790
f 3220/5422/2864 4124/5424/3792 3222/5425/2866
f 4125/5426/3793 4122/5421/3790 4123/5423/3791
f 4122/5421/3790 4125/5426/3793 4124/5424/3792
f 4123/5423/3791 3725/4890/3373 4126/5427/3794
f 4126/5427/3794 4125/5426/3793 4123/5423/3791
f 3728/4893/3376 4126/5427/3794 3725/4890/3373
f 4127/5428/3795 3222/5425/2866 4124/5424/3792
f 3222/5425/2866 4127/5428/3795 3223/5429/2867
f 4127/5428/3795 3219/5430/2863 3223/5429/2867
f 4128/5431/3796 4124/5424/3792 4125/5426/3793
f 4124/5424/3792 4128/5431/3796 4127/5428/3795
f 3219/5430/2863 4127/5428/3795 4129/5432/3797
f 4128/5431/3796 4129/5432/3797 4127/5428/3795
f 4129/5432/3797 3215/5433/2859 3219/5430/2863
f 4130/5434/3798 4128/5431/3796 4125/5426/3793
f 4125/5426/3793 4126/5427/3794 4130/5434/3798
f 3215/5433/2859 4129/5432/3797 4131/5435/3799
f 3215/5433/2859 4131/5435/3799 3376/5436/3021
f 4129/5432/3797 4128/5431/3796 4132/5437/3800
f 4132/5437/3800 4131/5435/3799 4129/5432/3797
f 4133/5438/3801 3376/5436/3021 4131/5435/3799
f 4131/5435/3799 4132/5437/3800 4133/5438/3801
f 3376/5436/3021 4133/5438/3801 3379/5439/3024
f 4134/5440/3802 4132/5437/3800 4128/5431/3796
f 4128/5431/3796 4130/5434/3798 4134/5440/3802
f 4135/5441/3803 4133/5438/3801 4132/5437/3800
f 4132/5437/3800 4134/5440/3802 4135/5441/3803
f 4136/5442/3804 3379/5439/3024 4133/5438/3801
f 4133/5438/3801 4135/5441/3803 4136/5442/3804
f 3379/5439/3024 4136/5442/3804 3381/5443/3026
f 4137/5444/3805 4135/5441/3803 4134/5440/3802
f 4130/5434/3798 4137/5444/3805 4134/5440/3802
f 4138/5445/3806 4136/5442/3804 4135/5441/3803
f 4135/5441/3803 4137/5444/3805 4138/5445/3806
f 4139/5446/3807 3381/5443/3026 4136/5442/3804
f 4136/5442/3804 4138/5445/3806 4139/5446/3807
f 3381/5443/3026 4139/5446/3807 3383/5447/3028
f 4139/5446/3807 3384/5448/3029 3383/5447/3028
f 3384/5448/3029 4139/5446/3807 4140/5449/3808
f 4138/5445/3806 4140/5449/3808 4139/5446/3807
f 4140/5449/3808 3386/5450/3031 3384/5448/3029
f 4140/5449/3808 4138/5445/3806 4141/5451/3809
f 4137/5444/3805 4141/5451/3809 4138/5445/3806
f 3386/5450/3031 4140/5449/3808 4142/5452/3810
f 4141/5451/3809 4142/5452/3810 4140/5449/3808
f 4142/5452/3810 3388/5453/3033 3386/5450/3031
f 3388/5453/3033 4142/5452/3810 4143/5454/3811
f 3388/5453/3033 4143/5454/3811 3484/5455/3129
f 4142/5452/3810 4141/5451/3809 4144/5456/3812
f 4144/5456/3812 4143/5454/3811 4142/5452/3810
f 4145/5457/3813 3484/5455/3129 4143/5454/3811
f 4143/5454/3811 4144/5456/3812 4145/5457/3813
f 3484/5455/3129 4145/5457/3813 3488/5458/3133
f 4146/5459/3814 4144/5456/3812 4141/5451/3809
f 4141/5451/3809 4137/5444/3805 4146/5459/3814
f 4147/5460/3815 4145/5457/3813 4144/5456/3812
f 4144/5456/3812 4146/5459/3814 4147/5460/3815
f 4148/5461/3816 3488/5458/3133 4145/5457/3813
f 4145/5457/3813 4147/5460/3815 4148/5461/3816
f 3488/5458/3133 4148/5461/3816 3492/5462/3137
f 4148/5461/3816 3489/5463/3134 3492/5462/3137
f 3489/5463/3134 4148/5461/3816 4149/5464/3817
f 4147/5460/3815 4149/5464/3817 4148/5461/3816
f 4149/5464/3817 3487/5465/3132 3489/5463/3134
f 4150/5466/3818 4147/5460/3815 4146/5459/3814
f 4137/5444/3805 4150/5466/3818 4146/5459/3814
f 4149/5464/3817 4147/5460/3815 4151/5467/3819
f 4147/5460/3815 4150/5466/3818 4151/5467/3819
f 3487/5465/3132 4149/5464/3817 4152/5468/3820
f 4151/5467/3819 4152/5468/3820 4149/5464/3817
f 4152/5468/3820 3396/4899/3041 3487/5465/3132
f 3396/4899/3041 4152/5468/3820 3732/4898/3380
f 4153/5469/3821 3732/4898/3380 4152/5468/3820
f 4152/5468/3820 4151/5467/3819 4153/5469/3821
f 3732/4898/3380 4153/5469/3821 3731/4897/3379
f 4153/5469/3821 3729/4894/3377 3731/4897/3379
f 4151/5467/3819 4154/5470/3822 4153/5469/3821
f 3729/4894/3377 4153/5469/3821 4154/5470/3822
f 4154/5470/3822 4151/5467/3819 4150/5466/3818
f 4154/5470/3822 3728/4893/3376 3729/4894/3377
f 3728/4893/3376 4154/5470/3822 4155/5471/3823
f 4150/5466/3818 4155/5471/3823 4154/5470/3822
f 4126/5427/3794 3728/4893/3376 4155/5471/3823
f 4155/5471/3823 4130/5434/3798 4126/5427/3794
f 4155/5471/3823 4150/5466/3818 4156/5472/3824
f 4130/5434/3798 4155/5471/3823 4156/5472/3824
f 4150/5466/3818 4137/5444/3805 4156/5472/3824
f 4137/5444/3805 4130/5434/3798 4156/5472/3824
f 4157/5473/3825 4158/5474/3826 4159/5475/3827
f 4158/5474/3826 4160/5476/3828 4161/5477/3829
f 4157/5473/3825 4160/5476/3828 4158/5474/3826
f 4157/5473/3825 4162/5478/3830 4160/5476/3828
f 4160/5476/3828 4162/5478/3830 4163/5479/3831
f 4157/5473/3825 4164/5480/3832 4162/5478/3830
f 4165/5481/3833 4166/5482/3834 4167/5483/3835
f 4168/5484/3836 4169/5485/3837 4170/5486/3838
f 4171/5487/3839 4172/5488/3840 4173/5489/3841
f 4174/5490/3842 4171/5487/3839 4175/5491/3843
f 4176/5492/3844 4174/5490/3842 4177/5493/3845
f 4176/5492/3844 4171/5487/3839 4174/5490/3842
f 4176/5492/3844 4172/5488/3840 4171/5487/3839
f 4176/5492/3844 4178/5494/3846 4172/5488/3840
f 4179/5495/3847 4180/5496/3848 4181/5497/3849
f 4182/5498/3850 4179/5495/3847 4183/5499/3851
f 4184/5500/3852 4182/5498/3850 4185/5501/3853
f 4184/5500/3852 4179/5495/3847 4182/5498/3850
f 4184/5500/3852 4180/5496/3848 4179/5495/3847
f 4184/5500/3852 4186/5502/3854 4180/5496/3848
f 4187/5503/3855 4188/5504/3856 4189/5505/3857
f 4190/5506/3858 4191/5507/3859 4192/5508/3860
f 4193/5509/3861 4167/5483/3835 4166/5482/3834
f 4167/5483/3835 4193/5509/3861 4194/5510/3862
f 4195/5511/3863 4196/5512/3864 4197/5513/3865
f 4196/5512/3864 4195/5511/3863 4198/5514/3866
f 4193/5515/3861 4165/5481/3833 4199/5516/3867
f 4165/5481/3833 4193/5515/3861 4166/5482/3834
f 4200/5517/3868 4170/5486/3838 4169/5485/3837
f 4170/5486/3838 4200/5517/3868 4201/5518/3869
f 4202/5519/3870 4203/5520/3871 4204/5521/3872
f 4203/5520/3871 4202/5519/3870 4205/5522/3873
f 4200/5523/3868 4168/5484/3836 4206/5524/3874
f 4168/5484/3836 4200/5523/3868 4169/5485/3837
f 4207/5525/3875 4208/5526/3876 4209/5527/3877
f 4208/5526/3876 4207/5525/3875 4210/5528/3878
f 4209/5527/3877 4211/5529/3879 4212/5530/3880
f 4211/5529/3879 4209/5527/3877 4208/5526/3876
f 4212/5530/3880 4213/5531/3881 4214/5532/3882
f 4213/5531/3881 4212/5530/3880 4211/5529/3879
f 4214/5532/3882 4210/5533/3878 4207/5534/3875
f 4210/5533/3878 4214/5532/3882 4213/5531/3881
f 4215/5535/3883 4216/5536/3884 4217/5537/3885
f 4216/5536/3884 4215/5535/3883 4218/5538/3886
f 4217/5539/3885 4219/5540/3887 4220/5541/3888
f 4219/5540/3887 4217/5539/3885 4216/5542/3884
f 4220/5541/3888 4221/5543/3889 4222/5544/3890
f 4221/5543/3889 4220/5541/3888 4219/5540/3887
f 4222/5544/3890 4218/5538/3886 4215/5535/3883
f 4218/5538/3886 4222/5544/3890 4221/5543/3889
f 4223/5545/3891 4224/5546/3892 4225/5547/3893
f 4224/5546/3892 4223/5545/3891 4226/5548/3894
f 4225/5547/3893 4227/5549/3895 4228/5550/3896
f 4227/5549/3895 4225/5547/3893 4224/5546/3892
f 4228/5551/3896 4229/5552/3897 4230/5553/3898
f 4229/5552/3897 4228/5551/3896 4227/5554/3895
f 4230/5553/3898 4226/5548/3894 4223/5545/3891
f 4226/5548/3894 4230/5553/3898 4229/5552/3897
f 4231/5555/3891 4232/5556/3899 4233/5557/3893
f 4232/5556/3899 4231/5555/3891 4234/5558/3894
f 4233/5557/3893 4235/5559/3900 4236/5560/3901
f 4235/5559/3900 4233/5557/3893 4232/5556/3899
f 4236/5561/3901 4237/5562/3897 4238/5563/3898
f 4237/5562/3897 4236/5561/3901 4235/5564/3900
f 4238/5563/3898 4234/5558/3894 4231/5555/3891
f 4234/5558/3894 4238/5563/3898 4237/5562/3897
f 4239/5565/3891 4240/5566/3899 4241/5567/3893
f 4240/5566/3899 4239/5565/3891 4242/5568/3894
f 4241/5567/3893 4243/5569/3900 4244/5570/3901
f 4243/5569/3900 4241/5567/3893 4240/5566/3899
f 4244/5571/3901 4245/5572/3897 4246/5573/3898
f 4245/5572/3897 4244/5571/3901 4243/5574/3900
f 4246/5573/3898 4242/5568/3894 4239/5565/3891
f 4242/5568/3894 4246/5573/3898 4245/5572/3897
f 4247/5575/3891 4248/5576/3899 4249/5577/3893
f 4248/5576/3899 4247/5575/3891 4250/5578/3894
f 4249/5577/3893 4251/5579/3900 4252/5580/3896
f 4251/5579/3900 4249/5577/3893 4248/5576/3899
f 4252/5581/3896 4253/5582/3897 4254/5583/3898
f 4253/5582/3897 4252/5581/3896 4251/5584/3900
f 4254/5583/3898 4250/5578/3894 4247/5575/3891
f 4250/5578/3894 4254/5583/3898 4253/5582/3897
f 4255/5585/3902 4256/5586/3903 4257/5587/3904
f 4256/5586/3903 4255/5585/3902 4258/5588/3905
f 4259/5589/3906 4260/5590/3907 4261/5591/3908
f 4260/5590/3907 4259/5589/3906 4262/5592/3909
f 4258/5593/3905 4263/5594/3910 4256/5595/3903
f 4263/5594/3910 4258/5593/3905 4264/5596/3911
f 4265/5597/3912 4266/5598/3913 4267/5599/3914
f 4266/5598/3913 4265/5597/3912 4268/5600/3915
f 4269/5601/3916 4270/5602/3917 4271/5603/3918
f 4270/5602/3917 4269/5601/3916 4272/5604/3919
f 4267/5605/3914 4273/5606/3920 4274/5607/3921
f 4273/5606/3920 4267/5605/3914 4266/5608/3913
f 4189/5505/3857 4275/5609/3922 4276/5610/3923
f 4275/5609/3922 4189/5505/3857 4188/5504/3856
f 4195/5611/3863 4277/5612/3924 4198/5613/3866
f 4277/5612/3924 4195/5611/3863 4278/5614/3925
f 4278/5614/3925 4279/5615/3926 4277/5612/3924
f 4279/5615/3926 4278/5614/3925 4280/5616/3927
f 4280/5616/3927 4199/5516/3867 4279/5615/3926
f 4199/5516/3867 4280/5616/3927 4194/5617/3862
f 4194/5617/3862 4193/5515/3861 4199/5516/3867
f 4197/5513/3865 4278/5618/3925 4195/5619/3863
f 4278/5618/3925 4197/5513/3865 4281/5620/3928
f 4281/5620/3928 4280/5621/3927 4278/5618/3925
f 4280/5621/3927 4281/5620/3928 4282/5622/3929
f 4282/5622/3929 4194/5510/3862 4280/5621/3927
f 4194/5510/3862 4282/5622/3929 4283/5623/3930
f 4167/5483/3835 4194/5510/3862 4283/5623/3930
f 4165/5481/3833 4279/5615/3926 4199/5516/3867
f 4279/5615/3926 4165/5481/3833 4284/5624/3931
f 4284/5624/3931 4277/5612/3924 4279/5615/3926
f 4277/5612/3924 4284/5624/3931 4285/5625/3932
f 4285/5625/3932 4198/5613/3866 4277/5612/3924
f 4198/5613/3866 4285/5625/3932 4196/5512/3864
f 4202/5626/3870 4286/5627/3933 4205/5628/3873
f 4286/5627/3933 4202/5626/3870 4287/5629/3934
f 4287/5629/3934 4288/5630/3935 4286/5627/3933
f 4288/5630/3935 4287/5629/3934 4289/5631/3936
f 4289/5631/3936 4206/5524/3874 4288/5630/3935
f 4206/5524/3874 4289/5631/3936 4201/5632/3869
f 4201/5632/3869 4200/5523/3868 4206/5524/3874
f 4204/5521/3872 4287/5633/3934 4202/5634/3870
f 4287/5633/3934 4204/5521/3872 4290/5635/3937
f 4290/5635/3937 4289/5636/3936 4287/5633/3934
f 4289/5636/3936 4290/5635/3937 4291/5637/3938
f 4291/5637/3938 4201/5518/3869 4289/5636/3936
f 4201/5518/3869 4291/5637/3938 4292/5638/3939
f 4170/5486/3838 4201/5518/3869 4292/5638/3939
f 4168/5484/3836 4288/5630/3935 4206/5524/3874
f 4288/5630/3935 4168/5484/3836 4293/5639/3940
f 4293/5639/3940 4286/5627/3933 4288/5630/3935
f 4286/5627/3933 4293/5639/3940 4294/5640/3941
f 4294/5640/3941 4205/5628/3873 4286/5627/3933
f 4205/5628/3873 4294/5640/3941 4203/5520/3871
f 4295/5641/3942 4296/5642/3943 4297/5643/3944
f 4296/5642/3943 4295/5641/3942 4298/5644/3945
f 4296/5642/3943 4298/5644/3945 4299/5645/3946
f 4300/5646/3947 4299/5645/3946 4298/5644/3945
f 4299/5645/3946 4300/5646/3947 4301/5647/3948
f 4300/5646/3947 4302/5648/3949 4301/5647/3948
f 4302/5648/3949 4300/5646/3947 4303/5649/3950
f 4303/5649/3950 4304/5650/3951 4302/5648/3949
f 4304/5650/3951 4303/5649/3950 4305/5651/3952
f 4306/5652/3953 4307/5653/3954 4308/5654/3955
f 4307/5653/3954 4306/5652/3953 4309/5655/3956
f 4309/5655/3956 4310/5656/3957 4307/5653/3954
f 4309/5655/3956 4311/5657/3958 4310/5656/3957
f 4311/5657/3958 4309/5655/3956 4312/5658/3959
f 4312/5658/3959 4313/5659/3960 4311/5657/3958
f 4314/5660/3961 4313/5659/3960 4312/5658/3959
f 4313/5659/3960 4314/5660/3961 4315/5661/3962
f 4314/5660/3961 4316/5662/3963 4315/5661/3962
f 4316/5662/3963 4314/5660/3961 4317/5663/3964
f 4318/5664/3965 4317/5663/3964 4314/5660/3961
f 4319/5665/3966 4315/5661/3962 4316/5662/3963
f 4315/5661/3962 4319/5665/3966 4320/5666/3967
f 4319/5665/3966 4321/5667/3968 4320/5666/3967
f 4317/5663/3964 4318/5664/3965 4322/5668/3969
f 4323/5669/3970 4321/5667/3968 4319/5665/3966
f 4321/5667/3968 4323/5669/3970 4324/5670/3971
f 4318/5664/3965 4325/5671/3972 4322/5668/3969
f 4325/5671/3972 4318/5664/3965 4326/5672/3973
f 4327/5673/3974 4317/5663/3964 4322/5668/3969
f 4325/5671/3972 4327/5673/3974 4322/5668/3969
f 4328/5674/3975 4316/5662/3963 4317/5663/3964
f 4317/5663/3964 4327/5673/3974 4328/5674/3975
f 4316/5662/3963 4328/5674/3975 4329/5675/3976
f 4329/5675/3976 4319/5665/3966 4316/5662/3963
f 4330/5676/3977 4328/5674/3975 4327/5673/3974
f 4319/5665/3966 4329/5675/3976 4331/5677/3978
f 4328/5674/3975 4330/5676/3977 4332/5678/3979
f 4332/5678/3979 4329/5675/3976 4328/5674/3975
f 4333/5679/3980 4319/5665/3966 4331/5677/3978
f 4319/5665/3966 4333/5679/3980 4323/5669/3970
f 4329/5675/3976 4334/5680/3981 4331/5677/3978
f 4334/5680/3981 4333/5679/3980 4331/5677/3978
f 4329/5675/3976 4332/5678/3979 4335/5681/3982
f 4334/5680/3981 4329/5675/3976 4335/5681/3982
f 4336/5682/3983 4335/5681/3982 4332/5678/3979
f 4335/5681/3982 4336/5682/3983 4337/5683/3984
f 4337/5683/3984 4334/5680/3981 4335/5681/3982
f 4332/5678/3979 4338/5684/3985 4336/5682/3983
f 4338/5684/3985 4332/5678/3979 4330/5676/3977
f 4334/5680/3981 4337/5683/3984 4339/5685/3986
f 4340/5686/3987 4334/5680/3981 4339/5685/3986
f 4341/5687/3988 4338/5684/3985 4330/5676/3977
f 4327/5673/3974 4341/5687/3988 4330/5676/3977
f 4338/5684/3985 4341/5687/3988 4342/5688/3989
f 4334/5680/3981 4340/5686/3987 4343/5689/3990
f 4333/5679/3980 4334/5680/3981 4343/5689/3990
f 4344/5690/3991 4343/5689/3990 4340/5686/3987
f 4345/5691/3992 4342/5688/3989 4341/5687/3988
f 4342/5688/3989 4345/5691/3992 4346/5692/3993
f 4345/5691/3992 4344/5690/3991 4346/5692/3993
f 4341/5687/3988 4327/5673/3974 4347/5693/3994
f 4347/5693/3994 4345/5691/3992 4341/5687/3988
f 4327/5673/3974 4325/5671/3972 4347/5693/3994
f 4344/5690/3991 4345/5691/3992 4348/5694/3995
f 4343/5689/3990 4344/5690/3991 4348/5694/3995
f 4345/5691/3992 4347/5693/3994 4349/5695/3996
f 4325/5671/3972 4349/5695/3996 4347/5693/3994
f 4349/5695/3996 4348/5694/3995 4345/5691/3992
f 4349/5695/3996 4325/5671/3972 4350/5696/3997
f 4351/5697/3998 4343/5689/3990 4348/5694/3995
f 4348/5694/3995 4349/5695/3996 4351/5697/3998
f 4343/5689/3990 4351/5697/3998 4333/5679/3980
f 4352/5698/3999 4349/5695/3996 4350/5696/3997
f 4349/5695/3996 4352/5698/3999 4351/5697/3998
f 4352/5698/3999 4333/5679/3980 4351/5697/3998
f 4333/5679/3980 4352/5698/3999 4323/5669/3970
f 4352/5698/3999 4324/5670/3971 4323/5669/3970
f 4324/5670/3971 4352/5698/3999 4353/5699/4000
f 4353/5699/4000 4352/5698/3999 4354/5700/4001
f 4350/5696/3997 4355/5701/4002 4352/5698/3999
f 4352/5698/3999 4356/5702/4003 4354/5700/4001
f 4356/5702/4003 4352/5698/3999 4355/5701/4002
f 4357/5703/4004 4356/5702/4003 4355/5701/4002
f 4356/5702/4003 4357/5703/4004 4358/5704/4005
f 4359/5705/4006 4358/5704/4005 4357/5703/4004
f 4357/5703/4004 4360/5706/4007 4359/5705/4006
f 4360/5706/4007 4357/5703/4004 4361/5707/4008
f 4362/5708/4009 4360/5706/4007 4361/5707/4008
f 4360/5706/4007 4362/5708/4009 4363/5709/4010
f 4362/5708/4009 4364/5710/4011 4363/5709/4010
f 4362/5708/4009 4365/5711/4012 4364/5710/4011
f 4365/5711/4012 4362/5708/4009 4366/5712/4013
f 4367/5713/4014 4365/5711/4012 4366/5712/4013
f 4365/5711/4012 4367/5713/4014 4368/5714/4015
f 4368/5714/4015 4367/5713/4014 4369/5715/4016
f 4367/5713/4014 4366/5712/4013 4370/5716/4017
f 4367/5713/4014 4371/5717/4018 4369/5715/4016
f 4372/5718/4019 4367/5713/4014 4370/5716/4017
f 4373/5719/4020 4372/5718/4019 4370/5716/4017
f 4371/5717/4018 4367/5713/4014 4374/5720/4021
f 4371/5717/4018 4374/5720/4021 4375/5721/4022
f 4367/5713/4014 4372/5718/4019 4376/5722/4023
f 4377/5723/4024 4375/5721/4022 4374/5720/4021
f 4378/5724/4025 4375/5721/4022 4377/5723/4024
f 4367/5713/4014 4379/5725/4026 4374/5720/4021
f 4379/5725/4026 4367/5713/4014 4376/5722/4023
f 4379/5725/4026 4377/5723/4024 4374/5720/4021
f 4377/5723/4024 4380/5726/4027 4378/5724/4025
f 4376/5722/4023 4381/5727/4028 4379/5725/4026
f 4380/5726/4027 4377/5723/4024 4382/5728/4029
f 4381/5727/4028 4376/5722/4023 4383/5729/4030
f 4372/5718/4019 4383/5729/4030 4376/5722/4023
f 4377/5723/4024 4379/5725/4026 4384/5730/4031
f 4385/5731/4032 4381/5727/4028 4383/5729/4030
f 4379/5725/4026 4386/5732/4033 4384/5730/4031
f 4386/5732/4033 4379/5725/4026 4381/5727/4028
f 4387/5733/4034 4377/5723/4024 4384/5730/4031
f 4386/5732/4033 4387/5733/4034 4384/5730/4031
f 4377/5723/4024 4387/5733/4034 4382/5728/4029
f 4381/5727/4028 4385/5731/4032 4388/5734/4035
f 4388/5734/4035 4386/5732/4033 4381/5727/4028
f 4386/5732/4033 4388/5734/4035 4389/5735/4036
f 4390/5736/4037 4386/5732/4033 4389/5735/4036
f 4386/5732/4033 4390/5736/4037 4391/5737/4038
f 4387/5733/4034 4386/5732/4033 4391/5737/4038
f 4392/5738/4039 4391/5737/4038 4390/5736/4037
f 4391/5737/4038 4392/5738/4039 4393/5739/4040
f 4393/5739/4040 4387/5733/4034 4391/5737/4038
f 4394/5740/4041 4393/5739/4040 4392/5738/4039
f 4387/5733/4034 4393/5739/4040 4395/5741/4042
f 4395/5741/4042 4382/5728/4029 4387/5733/4034
f 4393/5739/4040 4394/5740/4041 4396/5742/4043
f 4396/5742/4043 4395/5741/4042 4393/5739/4040
f 4394/5740/4041 4397/5743/4044 4396/5742/4043
f 4397/5743/4044 4394/5740/4041 4398/5744/4045
f 4395/5741/4042 4396/5742/4043 4399/5745/4046
f 4397/5743/4044 4399/5745/4046 4396/5742/4043
f 4382/5728/4029 4395/5741/4042 4400/5746/4047
f 4399/5745/4046 4400/5746/4047 4395/5741/4042
f 4401/5747/4048 4382/5728/4029 4400/5746/4047
f 4382/5728/4029 4401/5747/4048 4380/5726/4027
f 4400/5746/4047 4399/5745/4046 4402/5748/4049
f 4401/5747/4048 4403/5749/4050 4380/5726/4027
f 4399/5745/4046 4373/5719/4020 4402/5748/4049
f 4403/5749/4050 4401/5747/4048 4404/5750/4051
f 4405/5751/4052 4403/5749/4050 4404/5750/4051
f 4406/5752/4053 4405/5751/4052 4404/5750/4051
f 4405/5751/4052 4406/5752/4053 4407/5753/4054
f 4408/5754/4055 4407/5753/4054 4406/5752/4053
f 4409/5755/4056 4408/5754/4055 4406/5752/4053
f 4408/5754/4055 4409/5755/4056 4410/5756/4057
f 4411/5757/4058 4409/5755/4056 4406/5752/4053
f 4373/5719/4020 4399/5745/4046 4412/5758/4059
f 4399/5745/4046 4397/5743/4044 4412/5758/4059
f 4372/5718/4019 4373/5719/4020 4412/5758/4059
f 4413/5759/4060 4412/5758/4059 4397/5743/4044
f 4412/5758/4059 4413/5759/4060 4372/5718/4019
f 4398/5744/4045 4413/5759/4060 4397/5743/4044
f 4383/5729/4030 4372/5718/4019 4413/5759/4060
f 4413/5759/4060 4398/5744/4045 4414/5760/4061
f 4413/5759/4060 4385/5731/4032 4383/5729/4030
f 4385/5731/4032 4413/5759/4060 4414/5760/4061
f 4415/5761/4062 4416/5762/4063 4417/5763/4064
f 4416/5762/4063 4415/5761/4062 4418/5764/4065
f 4418/5764/4065 4419/5765/4066 4416/5762/4063
f 4419/5765/4066 4418/5764/4065 4420/5766/4067
f 4420/5766/4067 4421/5767/4068 4419/5765/4066
f 4421/5767/4068 4420/5766/4067 4422/5768/4069
f 4422/5768/4069 4263/5769/3910 4421/5767/4068
f 4263/5769/3910 4422/5768/4069 4423/5770/4070
f 4424/5771/4071 4425/5772/4072 4426/5773/4073
f 4425/5772/4072 4424/5771/4071 4427/5774/4074
f 4427/5774/4074 4428/5775/4075 4425/5772/4072
f 4428/5775/4075 4427/5774/4074 4429/5776/4076
f 4429/5776/4076 4430/5777/4077 4428/5775/4075
f 4430/5777/4077 4429/5776/4076 4431/5778/4078
f 4260/5779/3907 4430/5777/4077 4431/5778/4078
f 4260/5779/3907 4432/5780/4079 4430/5777/4077
f 4260/5779/3907 4433/5781/4080 4432/5780/4079
f 4432/5780/4079 4433/5781/4080 4270/5782/3917
f 4432/5780/4079 4270/5782/3917 4434/5783/4081
f 4434/5783/4081 4270/5782/3917 4435/5784/4082
f 4435/5784/4082 4436/5785/4083 4434/5783/4081
f 4436/5785/4083 4435/5784/4082 4437/5786/4084
f 4437/5786/4084 4438/5787/4085 4436/5785/4083
f 4438/5787/4085 4437/5786/4084 4439/5788/4086
f 4439/5788/4086 4440/5789/4087 4438/5787/4085
f 4440/5789/4087 4439/5788/4086 4441/5790/4088
f 4261/5791/3908 4442/5792/4089 4259/5793/3906
f 4442/5792/4089 4261/5791/3908 4443/5794/4090
f 4443/5794/4090 4444/5795/4091 4442/5792/4089
f 4444/5795/4091 4443/5794/4090 4445/5796/4092
f 4272/5797/3919 4435/5798/4082 4270/5799/3917
f 4435/5798/4082 4272/5797/3919 4446/5800/4093
f 4446/5800/4093 4437/5801/4084 4435/5798/4082
f 4437/5801/4084 4446/5800/4093 4447/5802/4094
f 4447/5802/4094 4439/5803/4086 4437/5801/4084
f 4439/5803/4086 4447/5802/4094 4448/5804/4095
f 4448/5804/4095 4441/5805/4088 4439/5803/4086
f 4441/5805/4088 4448/5804/4095 4265/5597/3912
f 4265/5597/3912 4274/5806/3921 4441/5805/4088
f 4274/5806/3921 4265/5597/3912 4267/5599/3914
f 4271/5807/3918 4449/5808/4096 4269/5809/3916
f 4449/5808/4096 4271/5807/3918 4450/5810/4097
f 4450/5810/4097 4451/5811/4098 4449/5808/4096
f 4451/5811/4098 4450/5810/4097 4452/5812/4099
f 4452/5812/4099 4453/5813/4100 4451/5811/4098
f 4453/5813/4100 4452/5812/4099 4454/5814/4101
f 4454/5814/4101 4268/5600/3915 4453/5813/4100
f 4268/5600/3915 4454/5814/4101 4455/5815/4102
f 4455/5815/4102 4266/5598/3913 4268/5600/3915
f 4266/5598/3913 4455/5815/4102 4273/5816/3920
f 4456/5817/4103 4171/5487/3839 4173/5818/3841
f 4171/5487/3839 4456/5817/4103 4457/5819/4104
f 4457/5819/4104 4175/5491/3843 4171/5487/3839
f 4175/5491/3843 4457/5819/4104 4458/5820/4105
f 4458/5820/4105 4174/5490/3842 4175/5491/3843
f 4174/5490/3842 4458/5820/4105 4459/5821/4106
f 4459/5821/4106 4177/5493/3845 4174/5490/3842
f 4177/5493/3845 4459/5821/4106 4460/5822/4107
f 4461/5823/4108 4460/5822/4107 4459/5821/4106
f 4460/5822/4107 4176/5492/3844 4177/5493/3845
f 4460/5822/4107 4461/5823/4108 4462/5824/4109
f 4176/5492/3844 4460/5822/4107 4463/5825/4110
f 4462/5824/4109 4463/5825/4110 4460/5822/4107
f 4463/5825/4110 4178/5494/3846 4176/5492/3844
f 4463/5825/4110 4462/5824/4109 4464/5826/4111
f 4178/5494/3846 4463/5825/4110 4465/5827/4112
f 4464/5826/4111 4465/5827/4112 4463/5825/4110
f 4465/5827/4112 4172/5488/3840 4178/5494/3846
f 4465/5827/4112 4464/5826/4111 4466/5828/4113
f 4172/5488/3840 4465/5827/4112 4467/5829/4114
f 4466/5828/4113 4467/5829/4114 4465/5827/4112
f 4467/5829/4114 4173/5489/3841 4172/5488/3840
f 4467/5829/4114 4466/5828/4113 4468/5830/4115
f 4173/5489/3841 4467/5829/4114 4456/5831/4103
f 4468/5830/4115 4456/5831/4103 4467/5829/4114
f 4456/5831/4103 4468/5830/4115 4469/5832/4116
f 4469/5832/4116 4457/5833/4104 4456/5831/4103
f 4457/5833/4104 4469/5832/4116 4470/5834/4117
f 4470/5834/4117 4458/5835/4105 4457/5833/4104
f 4458/5835/4105 4470/5834/4117 4471/5836/4118
f 4471/5836/4118 4459/5837/4106 4458/5835/4105
f 4459/5837/4106 4471/5836/4118 4461/5838/4108
f 4472/5839/4119 4190/5506/3858 4473/5840/4120
f 4474/5841/4121 4190/5506/3858 4472/5839/4119
f 4190/5506/3858 4474/5841/4121 4191/5507/3859
f 4475/5842/4122 4476/5843/4123 4477/5844/4124
f 4476/5843/4123 4475/5842/4122 4478/5845/4125
f 4476/5843/4123 4478/5845/4125 4479/5846/4126
f 4285/5625/3932 4197/5513/3865 4196/5512/3864
f 4197/5513/3865 4285/5625/3932 4281/5620/3928
f 4284/5624/3931 4281/5620/3928 4285/5625/3932
f 4281/5620/3928 4284/5624/3931 4282/5622/3929
f 4165/5481/3833 4282/5622/3929 4284/5624/3931
f 4282/5622/3929 4165/5481/3833 4283/5623/3930
f 4165/5481/3833 4167/5483/3835 4283/5623/3930
f 4294/5640/3941 4204/5521/3872 4203/5520/3871
f 4204/5521/3872 4294/5640/3941 4290/5635/3937
f 4293/5639/3940 4290/5635/3937 4294/5640/3941
f 4290/5635/3937 4293/5639/3940 4291/5637/3938
f 4168/5484/3836 4291/5637/3938 4293/5639/3940
f 4291/5637/3938 4168/5484/3836 4292/5638/3939
f 4168/5484/3836 4170/5486/3838 4292/5638/3939
f 4480/5847/4127 4481/5848/4128 4482/5849/4129
f 4481/5848/4128 4480/5847/4127 4483/5850/4130
f 4484/5851/4131 4483/5850/4130 4480/5847/4127
f 4484/5851/4131 4485/5852/4132 4483/5850/4130
f 4485/5852/4132 4484/5851/4131 4486/5853/3948
f 4487/5854/4133 4485/5852/4132 4486/5853/3948
f 4485/5852/4132 4487/5854/4133 4488/5855/4134
f 4489/5856/4135 4488/5855/4134 4487/5854/4133
f 4488/5855/4134 4489/5856/4135 4490/5857/4136
f 4431/5858/4078 4261/5791/3908 4260/5859/3907
f 4261/5791/3908 4431/5858/4078 4443/5794/4090
f 4429/5860/4076 4443/5794/4090 4431/5858/4078
f 4443/5794/4090 4429/5860/4076 4445/5796/4092
f 4427/5861/4074 4445/5796/4092 4429/5860/4076
f 4445/5796/4092 4427/5861/4074 4491/5862/4137
f 4424/5863/4071 4491/5862/4137 4427/5861/4074
f 4491/5862/4137 4424/5863/4071 4255/5585/3902
f 4264/5864/3911 4255/5585/3902 4424/5863/4071
f 4255/5585/3902 4264/5864/3911 4258/5588/3905
f 4442/5792/4089 4262/5865/3909 4259/5793/3906
f 4262/5865/3909 4442/5792/4089 4492/5866/4138
f 4444/5795/4091 4492/5866/4138 4442/5792/4089
f 4492/5866/4138 4444/5795/4091 4493/5867/4139
f 4494/5868/4140 4493/5867/4139 4444/5795/4091
f 4493/5867/4139 4494/5868/4140 4495/5869/4141
f 4257/5587/3904 4495/5869/4141 4494/5868/4140
f 4495/5869/4141 4257/5587/3904 4423/5870/4070
f 4256/5586/3903 4423/5870/4070 4257/5587/3904
f 4423/5870/4070 4256/5586/3903 4263/5871/3910
f 4496/5872/4142 4497/5873/4143 4498/5874/4144
f 4497/5873/4143 4496/5872/4142 4499/5875/4145
f 4500/5876/4146 4499/5875/4145 4496/5872/4142
f 4499/5875/4145 4500/5876/4146 4501/5877/4147
f 4502/5878/4148 4501/5877/4147 4500/5876/4146
f 4501/5877/4147 4502/5878/4148 4503/5879/4149
f 4273/5880/3920 4503/5879/4149 4502/5878/4148
f 4503/5879/4149 4273/5880/3920 4455/5881/4102
f 4449/5808/4096 4272/5797/3919 4269/5809/3916
f 4272/5797/3919 4449/5808/4096 4446/5800/4093
f 4451/5811/4098 4446/5800/4093 4449/5808/4096
f 4446/5800/4093 4451/5811/4098 4447/5802/4094
f 4183/5499/3851 4504/5882/4150 4182/5498/3850
f 4504/5882/4150 4183/5499/3851 4505/5883/4151
f 4179/5495/3847 4505/5883/4151 4183/5499/3851
f 4505/5883/4151 4179/5495/3847 4506/5884/4152
f 4181/5497/3849 4506/5884/4152 4179/5495/3847
f 4506/5884/4152 4181/5497/3849 4507/5885/4153
f 4180/5496/3848 4507/5885/4153 4181/5497/3849
f 4507/5885/4153 4180/5496/3848 4508/5886/4154
f 4508/5886/4154 4509/5887/4155 4507/5885/4153
f 4186/5502/3854 4508/5886/4154 4180/5496/3848
f 4509/5887/4155 4508/5886/4154 4510/5888/4156
f 4508/5886/4154 4186/5502/3854 4511/5889/4157
f 4511/5889/4157 4510/5888/4156 4508/5886/4154
f 4184/5500/3852 4511/5889/4157 4186/5502/3854
f 4510/5888/4156 4511/5889/4157 4512/5890/4158
f 4511/5889/4157 4184/5500/3852 4513/5891/4159
f 4513/5891/4159 4512/5890/4158 4511/5889/4157
f 4185/5501/3853 4513/5891/4159 4184/5500/3852
f 4512/5890/4158 4513/5891/4159 4514/5892/4160
f 4513/5891/4159 4185/5501/3853 4515/5893/4161
f 4515/5893/4161 4514/5892/4160 4513/5891/4159
f 4182/5894/3850 4515/5893/4161 4185/5501/3853
f 4514/5892/4160 4515/5893/4161 4516/5895/4162
f 4515/5893/4161 4182/5894/3850 4504/5896/4150
f 4504/5896/4150 4516/5895/4162 4515/5893/4161
f 4516/5895/4162 4504/5896/4150 4517/5897/4163
f 4505/5898/4151 4517/5897/4163 4504/5896/4150
f 4517/5897/4163 4505/5898/4151 4518/5899/4164
f 4506/5900/4152 4518/5899/4164 4505/5898/4151
f 4518/5899/4164 4506/5900/4152 4519/5901/4165
f 4507/5902/4153 4519/5901/4165 4506/5900/4152
f 4519/5901/4165 4507/5902/4153 4509/5903/4155
f 4520/5904/4166 4521/5905/4167 4522/5906/4168
f 4523/5907/4169 4522/5906/4168 4521/5905/4167
f 4522/5906/4168 4523/5907/4169 4524/5908/4170
f 4480/5909/4127 4299/5910/3946 4484/5911/4131
f 4299/5910/3946 4480/5909/4127 4296/5912/3943
f 4480/5909/4127 4525/5913/4171 4296/5912/3943
f 4297/5914/3944 4296/5912/3943 4525/5913/4171
f 4525/5913/4171 4480/5909/4127 4482/5915/4129
f 4526/5916/4172 4527/5917/4173 4528/5918/4174
f 4529/5919/4175 4527/5917/4173 4526/5916/4172
f 4530/5920/4176 4527/5917/4173 4529/5919/4175
f 4530/5920/4176 4531/5921/4177 4527/5917/4173
f 4532/5922/4178 4533/5923/4179 4534/5924/4180
f 4532/5922/4178 4535/5925/4181 4533/5923/4179
f 4532/5922/4178 4536/5926/4182 4535/5925/4181
f 4537/5927/4183 4536/5926/4182 4532/5922/4178
f 4538/5928/4184 4539/5929/4185 4540/5930/4186
f 4538/5928/4184 4541/5931/4187 4539/5929/4185
f 4538/5928/4184 4542/5932/4188 4541/5931/4187
f 4538/5928/4184 4543/5933/4189 4542/5932/4188
f 4544/5934/4190 4545/5935/4191 4546/5936/4192
f 4547/5937/4193 4545/5935/4191 4544/5934/4190
f 4547/5937/4193 4544/5934/4190 4548/5938/4194
f 4548/5938/4194 4544/5934/4190 4549/5939/4195
f 4550/5940/4196 4551/5941/4197 4552/5942/4198
f 4550/5940/4196 4417/5943/4064 4551/5941/4197
f 4551/5941/4197 4417/5943/4064 4416/5944/4063
f 4551/5941/4197 4416/5944/4063 4553/5945/4199
f 4416/5944/4063 4554/5946/4200 4553/5945/4199
f 4554/5946/4200 4416/5944/4063 4419/5947/4066
f 4419/5947/4066 4555/5948/4201 4554/5946/4200
f 4555/5948/4201 4419/5947/4066 4421/5949/4068
f 4421/5949/4068 4262/5592/3909 4555/5948/4201
f 4262/5592/3909 4421/5949/4068 4263/5594/3910
f 4264/5596/3911 4262/5592/3909 4263/5594/3910
f 4262/5592/3909 4264/5596/3911 4260/5590/3907
f 4264/5596/3911 4433/5950/4080 4260/5590/3907
f 4433/5950/4080 4264/5596/3911 4556/5951/4202
f 4274/5607/3921 4433/5950/4080 4556/5951/4202
f 4433/5950/4080 4274/5607/3921 4270/5602/3917
f 4274/5607/3921 4271/5603/3918 4270/5602/3917
f 4271/5603/3918 4274/5607/3921 4273/5606/3920
f 4502/5952/4148 4271/5603/3918 4273/5606/3920
f 4271/5603/3918 4502/5952/4148 4557/5953/4203
f 4500/5954/4146 4557/5953/4203 4502/5952/4148
f 4557/5953/4203 4500/5954/4146 4558/5955/4204
f 4496/5956/4142 4558/5955/4204 4500/5954/4146
f 4558/5955/4204 4496/5956/4142 4559/5957/4205
f 4496/5956/4142 4560/5958/4206 4559/5957/4205
f 4496/5956/4142 4498/5959/4144 4560/5958/4206
f 4560/5958/4206 4498/5959/4144 4561/5960/4207
f 4560/5958/4206 4561/5960/4207 4562/5961/4208
f 4189/5962/3857 4563/5963/4209 4187/5964/3855
f 4563/5963/4209 4189/5962/3857 4564/5965/4210
f 4190/5966/3858 4563/5963/4209 4564/5965/4210
f 4563/5963/4209 4190/5966/3858 4192/5967/3860
f 4474/5841/4121 4472/5839/4119 4565/5968/4211
f 4566/5969/4212 4474/5841/4121 4565/5968/4211
f 4474/5841/4121 4566/5969/4212 4567/5970/4213
f 4567/5970/4213 4191/5507/3859 4474/5841/4121
f 4568/5971/4214 4567/5970/4213 4566/5969/4212
f 4191/5507/3859 4567/5970/4213 4569/5972/4215
f 4569/5972/4215 4192/5508/3860 4191/5507/3859
f 4192/5508/3860 4569/5972/4215 4570/5973/4216
f 4571/5974/4217 4570/5973/4216 4569/5972/4215
f 4567/5970/4213 4571/5974/4217 4569/5972/4215
f 4570/5973/4216 4571/5974/4217 4572/5975/4218
f 4567/5970/4213 4568/5971/4214 4573/5976/4219
f 4571/5974/4217 4567/5970/4213 4573/5976/4219
f 4574/5977/4220 4573/5976/4219 4568/5971/4214
f 4566/5978/4212 4574/5977/4220 4568/5971/4214
f 4475/5842/4122 4571/5974/4217 4573/5976/4219
f 4573/5976/4219 4574/5977/4220 4475/5842/4122
f 4477/5844/4124 4572/5975/4218 4571/5974/4217
f 4571/5974/4217 4475/5842/4122 4477/5844/4124
f 4572/5975/4218 4477/5844/4124 4476/5843/4123
f 4476/5843/4123 4570/5979/4216 4572/5975/4218
f 4570/5979/4216 4476/5843/4123 4479/5846/4126
f 4479/5846/4126 4192/5967/3860 4570/5979/4216
f 4192/5967/3860 4479/5846/4126 4563/5963/4209
f 4479/5846/4126 4520/5904/4166 4563/5963/4209
f 4520/5904/4166 4187/5964/3855 4563/5963/4209
f 4187/5964/3855 4520/5904/4166 4575/5980/4221
f 4522/5906/4168 4575/5980/4221 4520/5904/4166
f 4575/5980/4221 4522/5906/4168 4576/5981/4222
f 4524/5908/4170 4576/5981/4222 4522/5906/4168
f 4576/5981/4222 4524/5908/4170 4577/5982/4223
f 4577/5982/4223 4575/5983/4221 4576/5981/4222
f 4523/5907/4169 4577/5982/4223 4524/5908/4170
f 4575/5983/4221 4577/5982/4223 4578/5984/4224
f 4578/5984/4224 4187/5503/3855 4575/5983/4221
f 4187/5503/3855 4578/5984/4224 4188/5504/3856
f 4579/5985/4225 4188/5504/3856 4578/5984/4224
f 4577/5982/4223 4579/5985/4225 4578/5984/4224
f 4188/5504/3856 4579/5985/4225 4275/5609/3922
f 4275/5609/3922 4580/5986/4226 4581/5987/4227
f 4580/5986/4226 4275/5609/3922 4579/5985/4225
f 4579/5985/4225 4582/5988/4228 4580/5986/4226
f 4579/5985/4225 4577/5982/4223 4583/5989/4229
f 4582/5988/4228 4579/5985/4225 4583/5989/4229
f 4577/5982/4223 4523/5907/4169 4583/5989/4229
f 4583/5989/4229 4584/5990/4230 4582/5988/4228
f 4584/5990/4230 4583/5989/4229 4523/5907/4169
f 4584/5990/4230 4580/5991/4226 4582/5988/4228
f 4523/5907/4169 4585/5992/4231 4584/5990/4230
f 4580/5991/4226 4584/5990/4230 4585/5992/4231
f 4585/5992/4231 4523/5907/4169 4521/5905/4167
f 4580/5991/4226 4586/5993/4232 4581/5994/4227
f 4580/5991/4226 4585/5992/4231 4586/5993/4232
f 4586/5993/4232 4585/5992/4231 4587/5995/4233
f 4521/5905/4167 4588/5996/4234 4585/5992/4231
f 4588/5996/4234 4587/5995/4233 4585/5992/4231
f 4588/5996/4234 4521/5905/4167 4478/5845/4125
f 4475/5842/4122 4588/5996/4234 4478/5845/4125
f 4588/5996/4234 4475/5842/4122 4574/5977/4220
f 4574/5977/4220 4566/5978/4212 4588/5996/4234
f 4587/5995/4233 4588/5996/4234 4589/5997/4235
f 4589/5997/4235 4588/5996/4234 4566/5978/4212
f 4589/5997/4235 4566/5978/4212 4565/5998/4211
f 4472/5999/4119 4589/5997/4235 4565/5998/4211
f 4589/5997/4235 4472/5999/4119 4473/6000/4120
f 4590/6001/4236 4591/6002/4237 4592/6003/4238
f 4591/6002/4237 4590/6001/4236 4593/6004/4239
f 4305/5651/3952 4593/6004/4239 4590/6001/4236
f 4593/6004/4239 4594/6005/4240 4591/6002/4237
f 4593/6004/4239 4305/5651/3952 4303/5649/3950
f 4594/6005/4240 4593/6004/4239 4595/6006/4241
f 4303/5649/3950 4595/6006/4241 4593/6004/4239
f 4595/6006/4241 4596/6007/4242 4594/6005/4240
f 4595/6006/4241 4303/5649/3950 4300/5646/3947
f 4596/6007/4242 4595/6006/4241 4597/6008/4243
f 4300/5646/3947 4597/6008/4243 4595/6006/4241
f 4597/6008/4243 4598/6009/4244 4596/6007/4242
f 4597/6008/4243 4300/5646/3947 4298/5644/3945
f 4598/6009/4244 4597/6008/4243 4599/6010/4245
f 4298/5644/3945 4599/6010/4245 4597/6008/4243
f 4599/6010/4245 4298/5644/3945 4295/5641/3942
f 4600/6011/4246 4601/6012/4247 4602/6013/4248
f 4601/6012/4247 4600/6011/4246 4603/6014/4249
f 4603/6014/4249 4490/5857/4136 4601/6012/4247
f 4604/6015/4250 4603/6014/4249 4600/6011/4246
f 4490/5857/4136 4603/6014/4249 4488/5855/4134
f 4603/6014/4249 4604/6015/4250 4605/6016/4251
f 4605/6016/4251 4488/5855/4134 4603/6014/4249
f 4606/6017/4252 4605/6016/4251 4604/6015/4250
f 4488/5855/4134 4605/6016/4251 4485/5852/4132
f 4605/6016/4251 4606/6017/4252 4607/6018/4253
f 4607/6018/4253 4485/5852/4132 4605/6016/4251
f 4608/6019/4254 4607/6018/4253 4606/6017/4252
f 4485/5852/4132 4607/6018/4253 4483/5850/4130
f 4607/6018/4253 4608/6019/4254 4609/6020/4255
f 4609/6020/4255 4483/5850/4130 4607/6018/4253
f 4483/5850/4130 4609/6020/4255 4481/5848/4128
f 4610/6021/4256 4528/6022/4174 4527/6023/4173
f 4528/6022/4174 4610/6021/4256 4611/6024/4257
f 4612/6025/4258 4611/6024/4257 4610/6021/4256
f 4611/6024/4257 4526/6026/4172 4528/6022/4174
f 4611/6024/4257 4612/6025/4258 4613/6027/4259
f 4614/6028/4260 4613/6027/4259 4612/6025/4258
f 4526/6026/4172 4611/6024/4257 4615/6029/4261
f 4613/6027/4259 4615/6029/4261 4611/6024/4257
f 4615/6029/4261 4529/6030/4175 4526/6026/4172
f 4613/6027/4259 4614/6028/4260 4616/6031/4262
f 4532/5922/4178 4616/6031/4262 4614/6028/4260
f 4616/6031/4262 4532/5922/4178 4534/5924/4180
f 4615/6029/4261 4613/6027/4259 4617/6032/4263
f 4616/6031/4262 4617/6032/4263 4613/6027/4259
f 4529/6030/4175 4615/6029/4261 4618/6033/4264
f 4617/6032/4263 4618/6033/4264 4615/6029/4261
f 4618/6033/4264 4530/6034/4176 4529/6030/4175
f 4534/5924/4180 4619/6035/4265 4616/6031/4262
f 4617/6032/4263 4616/6031/4262 4619/6035/4265
f 4619/6035/4265 4534/5924/4180 4533/6036/4179
f 4618/6033/4264 4617/6032/4263 4620/6037/4266
f 4619/6035/4265 4620/6037/4266 4617/6032/4263
f 4530/6034/4176 4618/6033/4264 4621/6038/4267
f 4620/6037/4266 4621/6038/4267 4618/6033/4264
f 4621/6038/4267 4531/5921/4177 4530/6034/4176
f 4533/6036/4179 4622/6039/4268 4619/6035/4265
f 4620/6037/4266 4619/6035/4265 4622/6039/4268
f 4622/6039/4268 4533/6036/4179 4535/6040/4181
f 4621/6038/4267 4620/6037/4266 4623/6041/4269
f 4622/6039/4268 4623/6041/4269 4620/6037/4266
f 4531/5921/4177 4621/6038/4267 4624/6042/4270
f 4623/6041/4269 4624/6042/4270 4621/6038/4267
f 4624/6042/4270 4527/5917/4173 4531/5921/4177
f 4527/5917/4173 4624/6042/4270 4610/6043/4256
f 4535/6040/4181 4625/6044/4271 4622/6039/4268
f 4623/6041/4269 4622/6039/4268 4625/6044/4271
f 4625/6044/4271 4535/6040/4181 4536/6045/4182
f 4624/6042/4270 4623/6041/4269 4626/6046/4272
f 4626/6046/4272 4610/6043/4256 4624/6042/4270
f 4625/6044/4271 4626/6046/4272 4623/6041/4269
f 4610/6043/4256 4626/6046/4272 4612/6047/4258
f 4536/6045/4182 4627/6048/4273 4625/6044/4271
f 4626/6046/4272 4625/6044/4271 4627/6048/4273
f 4627/6048/4273 4612/6047/4258 4626/6046/4272
f 4627/6048/4273 4536/6045/4182 4537/6049/4183
f 4612/6047/4258 4627/6048/4273 4614/6050/4260
f 4537/6049/4183 4614/6050/4260 4627/6048/4273
f 4614/6050/4260 4537/6049/4183 4532/6051/4178
f 4540/6052/4186 4628/6053/4274 4538/6054/4184
f 4628/6053/4274 4540/6052/4186 4629/6055/4275
f 4539/6056/4185 4629/6055/4275 4540/6052/4186
f 4629/6055/4275 4630/6057/4276 4628/6053/4274
f 4629/6055/4275 4539/6056/4185 4631/6058/4277
f 4541/6059/4187 4631/6058/4277 4539/6056/4185
f 4630/6057/4276 4629/6055/4275 4632/6060/4278
f 4631/6058/4277 4632/6060/4278 4629/6055/4275
f 4632/6060/4278 4633/6061/4279 4630/6057/4276
f 4631/6058/4277 4541/6059/4187 4634/6062/4280
f 4542/6063/4188 4634/6062/4280 4541/6059/4187
f 4632/6060/4278 4631/6058/4277 4635/6064/4281
f 4634/6062/4280 4635/6064/4281 4631/6058/4277
f 4633/6061/4279 4632/6060/4278 4636/6065/4282
f 4635/6064/4281 4636/6065/4282 4632/6060/4278
f 4636/6065/4282 4544/5934/4190 4633/6061/4279
f 4544/5934/4190 4636/6065/4282 4549/5939/4195
f 4637/6066/4283 4549/5939/4195 4636/6065/4282
f 4636/6065/4282 4635/6064/4281 4637/6066/4283
f 4549/5939/4195 4637/6066/4283 4548/6067/4194
f 4638/6068/4284 4637/6066/4283 4635/6064/4281
f 4635/6064/4281 4634/6062/4280 4638/6068/4284
f 4639/6069/4285 4548/6067/4194 4637/6066/4283
f 4637/6066/4283 4638/6068/4284 4639/6069/4285
f 4548/6067/4194 4639/6069/4285 4547/6070/4193
f 4640/6071/4286 4638/6068/4284 4634/6062/4280
f 4634/6062/4280 4542/6063/4188 4640/6071/4286
f 4543/5933/4189 4640/6071/4286 4542/6063/4188
f 4641/6072/4287 4639/6069/4285 4638/6068/4284
f 4638/6068/4284 4640/6071/4286 4641/6072/4287
f 4642/6073/4288 4547/6070/4193 4639/6069/4285
f 4639/6069/4285 4641/6072/4287 4642/6073/4288
f 4547/6070/4193 4642/6073/4288 4545/6074/4191
f 4640/6071/4286 4543/5933/4189 4643/6075/4289
f 4643/6075/4289 4641/6072/4287 4640/6071/4286
f 4538/5928/4184 4643/6075/4289 4543/5933/4189
f 4643/6075/4289 4538/5928/4184 4628/6076/4274
f 4641/6072/4287 4643/6075/4289 4644/6077/4290
f 4628/6076/4274 4644/6077/4290 4643/6075/4289
f 4644/6077/4290 4642/6073/4288 4641/6072/4287
f 4644/6077/4290 4628/6076/4274 4630/6078/4276
f 4642/6073/4288 4644/6077/4290 4645/6079/4291
f 4630/6078/4276 4645/6079/4291 4644/6077/4290
f 4645/6079/4291 4545/6074/4191 4642/6073/4288
f 4645/6079/4291 4630/6078/4276 4633/6080/4279
f 4545/6074/4191 4645/6079/4291 4546/6081/4192
f 4633/6080/4279 4546/6081/4192 4645/6079/4291
f 4546/6081/4192 4633/6080/4279 4544/6082/4190
f 4646/6083/4292 4647/6084/4293 4648/6085/4294
f 4647/6084/4293 4646/6083/4292 4649/6086/4295
f 4650/6087/4296 4649/6086/4295 4646/6083/4292
f 4649/6086/4295 4651/6088/4297 4647/6084/4293
f 4649/6086/4295 4650/6087/4296 4652/6089/4298
f 4651/6088/4297 4649/6086/4295 4653/6090/4299
f 4652/6089/4298 4653/6090/4299 4649/6086/4295
f 4653/6090/4299 4654/6091/4300 4651/6088/4297
f 4655/6092/4301 4652/6089/4298 4650/6087/4296
f 4654/6091/4300 4653/6090/4299 4656/6093/4302
f 4656/6093/4302 4657/6094/4303 4654/6091/4300
f 4653/6090/4299 4652/6089/4298 4658/6095/4304
f 4658/6095/4304 4656/6093/4302 4653/6090/4299
f 4652/6089/4298 4655/6092/4301 4659/6096/4305
f 4659/6096/4305 4658/6095/4304 4652/6089/4298
f 4657/6094/4303 4656/6093/4302 4660/6097/4306
f 4660/6097/4306 4661/6098/4307 4657/6094/4303
f 4656/6093/4302 4658/6095/4304 4662/6099/4308
f 4662/6099/4308 4660/6097/4306 4656/6093/4302
f 4661/6098/4307 4660/6097/4306 4663/6100/4309
f 4663/6100/4309 4648/6101/4294 4661/6098/4307
f 4648/6101/4294 4663/6100/4309 4646/6102/4292
f 4664/6103/4310 4663/6100/4309 4660/6097/4306
f 4660/6097/4306 4662/6099/4308 4664/6103/4310
f 4665/6104/4311 4646/6102/4292 4663/6100/4309
f 4663/6100/4309 4664/6103/4310 4665/6104/4311
f 4646/6102/4292 4665/6104/4311 4650/6105/4296
f 4666/6106/4312 4664/6103/4310 4662/6099/4308
f 4667/6107/4313 4650/6105/4296 4665/6104/4311
f 4650/6105/4296 4667/6107/4313 4655/6108/4301
f 4668/6109/4314 4665/6104/4311 4664/6103/4310
f 4665/6104/4311 4668/6109/4314 4667/6107/4313
f 4664/6103/4310 4666/6106/4312 4668/6109/4314
f 4669/6110/4315 4655/6108/4301 4667/6107/4313
f 4655/6108/4301 4669/6110/4315 4670/6111/4316
f 4669/6110/4315 4671/6112/4317 4670/6111/4316
f 4672/6113/4318 4667/6107/4313 4668/6109/4314
f 4667/6107/4313 4672/6113/4318 4669/6110/4315
f 4666/6106/4312 4672/6113/4318 4668/6109/4314
f 4671/6112/4317 4669/6110/4315 4673/6114/4319
f 4672/6113/4318 4673/6114/4319 4669/6110/4315
f 4674/6115/4320 4671/6112/4317 4673/6114/4319
f 4671/6112/4317 4674/6115/4320 4675/6116/4321
f 4674/6115/4320 4676/6117/4322 4675/6116/4321
f 4673/6114/4319 4672/6113/4318 4677/6118/4323
f 4673/6114/4319 4678/6119/4324 4674/6115/4320
f 4678/6119/4324 4673/6114/4319 4677/6118/4323
f 4676/6117/4322 4674/6115/4320 4679/6120/4325
f 4678/6119/4324 4679/6120/4325 4674/6115/4320
f 4680/6121/4326 4676/6117/4322 4679/6120/4325
f 4676/6117/4322 4680/6121/4326 4681/6122/4327
f 4680/6121/4326 4682/6123/4328 4681/6122/4327
f 4679/6120/4325 4678/6119/4324 4683/6124/4329
f 4682/6123/4328 4680/6121/4326 4684/6125/4330
f 4684/6125/4330 4685/6126/4331 4682/6123/4328
f 4679/6120/4325 4686/6127/4332 4680/6121/4326
f 4686/6127/4332 4684/6125/4330 4680/6121/4326
f 4686/6127/4332 4679/6120/4325 4683/6124/4329
f 4685/6126/4331 4684/6125/4330 4687/6128/4333
f 4687/6128/4333 4688/6129/4334 4685/6126/4331
f 4684/6125/4330 4686/6127/4332 4689/6130/4335
f 4689/6130/4335 4687/6128/4333 4684/6125/4330
f 4688/6129/4334 4687/6128/4333 4690/6131/4336
f 4690/6131/4336 4691/6132/4337 4688/6129/4334
f 4691/6132/4337 4690/6131/4336 4692/6133/4338
f 4687/6128/4333 4689/6130/4335 4693/6134/4339
f 4693/6134/4339 4690/6131/4336 4687/6128/4333
f 4694/6135/4340 4692/6133/4338 4690/6131/4336
f 4690/6131/4336 4693/6134/4339 4694/6135/4340
f 4692/6133/4338 4694/6135/4340 4695/6136/4341
f 4696/6137/4342 4693/6134/4339 4689/6130/4335
f 4686/6127/4332 4696/6137/4342 4689/6130/4335
f 4697/6138/4343 4694/6135/4340 4693/6134/4339
f 4693/6134/4339 4696/6137/4342 4697/6138/4343
f 4698/6139/4344 4695/6136/4341 4694/6135/4340
f 4694/6135/4340 4697/6138/4343 4698/6139/4344
f 4695/6136/4341 4698/6139/4344 4699/6140/4345
f 4700/6141/4346 4697/6138/4343 4696/6137/4342
f 4701/6142/4347 4699/6140/4345 4698/6139/4344
f 4699/6140/4345 4701/6142/4347 4702/6143/4348
f 4703/6144/4349 4698/6139/4344 4697/6138/4343
f 4698/6139/4344 4703/6144/4349 4701/6142/4347
f 4697/6138/4343 4700/6141/4346 4703/6144/4349
f 4704/6145/4350 4702/6143/4348 4701/6142/4347
f 4702/6143/4348 4704/6145/4350 4705/6146/4351
f 4705/6146/4351 4688/6147/4334 4691/6148/4337
f 4688/6147/4334 4705/6146/4351 4704/6145/4350
f 4704/6145/4350 4685/6149/4331 4688/6147/4334
f 4701/6142/4347 4706/6150/4352 4704/6145/4350
f 4685/6149/4331 4704/6145/4350 4706/6150/4352
f 4706/6150/4352 4701/6142/4347 4703/6144/4349
f 4706/6150/4352 4682/6151/4328 4685/6149/4331
f 4703/6144/4349 4707/6152/4353 4706/6150/4352
f 4682/6151/4328 4706/6150/4352 4707/6152/4353
f 4707/6152/4353 4703/6144/4349 4700/6141/4346
f 4708/6153/4354 4682/6151/4328 4707/6152/4353
f 4682/6151/4328 4708/6153/4354 4681/6154/4327
f 4709/6155/4355 4707/6152/4353 4700/6141/4346
f 4707/6152/4353 4709/6155/4355 4708/6153/4354
f 4710/6156/4356 4681/6154/4327 4708/6153/4354
f 4709/6155/4355 4710/6156/4356 4708/6153/4354
f 4681/6154/4327 4710/6156/4356 4676/6157/4322
f 4710/6156/4356 4675/6158/4321 4676/6157/4322
f 4700/6141/4346 4711/6159/4357 4709/6155/4355
f 4711/6159/4357 4700/6141/4346 4696/6137/4342
f 4696/6137/4342 4686/6127/4332 4711/6159/4357
f 4683/6124/4329 4711/6159/4357 4686/6127/4332
f 4710/6156/4356 4709/6155/4355 4712/6160/4358
f 4711/6159/4357 4712/6160/4358 4709/6155/4355
f 4675/6158/4321 4710/6156/4356 4713/6161/4359
f 4712/6160/4358 4713/6161/4359 4710/6156/4356
f 4711/6159/4357 4683/6124/4329 4714/6162/4360
f 4712/6160/4358 4711/6159/4357 4714/6162/4360
f 4683/6124/4329 4715/6163/4361 4714/6162/4360
f 4715/6163/4361 4683/6124/4329 4678/6119/4324
f 4714/6162/4360 4716/6164/4362 4712/6160/4358
f 4716/6164/4362 4714/6162/4360 4715/6163/4361
f 4713/6161/4359 4712/6160/4358 4716/6164/4362
f 4677/6118/4323 4715/6163/4361 4678/6119/4324
f 4717/6165/4363 4716/6164/4362 4715/6163/4361
f 4715/6163/4361 4677/6118/4323 4717/6165/4363
f 4718/6166/4364 4713/6161/4359 4716/6164/4362
f 4716/6164/4362 4717/6165/4363 4718/6166/4364
f 4677/6118/4323 4719/6167/4365 4717/6165/4363
f 4719/6167/4365 4718/6166/4364 4717/6165/4363
f 4719/6167/4365 4677/6118/4323 4672/6113/4318
f 4672/6113/4318 4666/6106/4312 4719/6167/4365
f 4713/6161/4359 4718/6166/4364 4720/6168/4366
f 4720/6168/4366 4675/6158/4321 4713/6161/4359
f 4675/6158/4321 4720/6168/4366 4671/6169/4317
f 4720/6168/4366 4670/6170/4316 4671/6169/4317
f 4718/6166/4364 4719/6167/4365 4721/6171/4367
f 4721/6171/4367 4720/6168/4366 4718/6166/4364
f 4670/6170/4316 4720/6168/4366 4722/6172/4368
f 4720/6168/4366 4721/6171/4367 4722/6172/4368
f 4722/6172/4368 4655/6092/4301 4670/6170/4316
f 4655/6092/4301 4722/6172/4368 4659/6096/4305
f 4721/6171/4367 4659/6096/4305 4722/6172/4368
f 4719/6167/4365 4723/6173/4369 4721/6171/4367
f 4659/6096/4305 4721/6171/4367 4723/6173/4369
f 4723/6173/4369 4719/6167/4365 4666/6106/4312
f 4658/6095/4304 4659/6096/4305 4723/6173/4369
f 4662/6099/4308 4723/6173/4369 4666/6106/4312
f 4723/6173/4369 4662/6099/4308 4658/6095/4304
f 4724/6174/4370 4725/6175/4371 4726/6176/4372
f 4725/6175/4371 4724/6174/4370 4727/6177/4373
f 4728/6178/4374 4727/6177/4373 4724/6174/4370
f 4727/6177/4373 4729/6179/4375 4725/6175/4371
f 4727/6177/4373 4728/6178/4374 4730/6180/4376
f 4731/6181/4377 4730/6180/4376 4728/6178/4374
f 4729/6179/4375 4727/6177/4373 4732/6182/4378
f 4730/6180/4376 4732/6182/4378 4727/6177/4373
f 4732/6182/4378 4733/6183/4379 4729/6179/4375
f 4730/6180/4376 4731/6181/4377 4734/6184/4380
f 4735/6185/4381 4734/6184/4380 4731/6181/4377
f 4732/6182/4378 4730/6180/4376 4736/6186/4382
f 4734/6184/4380 4736/6186/4382 4730/6180/4376
f 4733/6183/4379 4732/6182/4378 4737/6187/4383
f 4736/6186/4382 4737/6187/4383 4732/6182/4378
f 4737/6187/4383 4738/6188/4384 4733/6183/4379
f 4734/6184/4380 4735/6185/4381 4739/6189/4385
f 4740/6190/4386 4739/6189/4385 4735/6185/4381
f 4739/6189/4385 4740/6190/4386 4741/6191/4387
f 4738/6188/4384 4737/6187/4383 4742/6192/4388
f 4742/6192/4388 4743/6193/4389 4738/6188/4384
f 4741/6191/4387 4744/6194/4390 4739/6189/4385
f 4744/6194/4390 4741/6191/4387 4745/6195/4391
f 4739/6189/4385 4746/6196/4392 4734/6184/4380
f 4746/6196/4392 4739/6189/4385 4744/6194/4390
f 4736/6186/4382 4734/6184/4380 4746/6196/4392
f 4745/6195/4391 4747/6197/4393 4744/6194/4390
f 4747/6197/4393 4745/6195/4391 4748/6198/4394
f 4744/6194/4390 4749/6199/4395 4746/6196/4392
f 4749/6199/4395 4744/6194/4390 4747/6197/4393
f 4746/6196/4392 4750/6200/4396 4736/6186/4382
f 4737/6187/4383 4736/6186/4382 4750/6200/4396
f 4750/6200/4396 4746/6196/4392 4749/6199/4395
f 4750/6200/4396 4742/6192/4388 4737/6187/4383
f 4749/6199/4395 4751/6201/4397 4750/6200/4396
f 4742/6192/4388 4750/6200/4396 4751/6201/4397
f 4747/6197/4393 4752/6202/4398 4749/6199/4395
f 4751/6201/4397 4749/6199/4395 4752/6202/4398
f 4748/6198/4394 4753/6203/4399 4747/6197/4393
f 4752/6202/4398 4747/6197/4393 4753/6203/4399
f 4753/6203/4399 4748/6198/4394 4754/6204/4400
f 4751/6201/4397 4755/6205/4401 4742/6192/4388
f 4743/6193/4389 4742/6192/4388 4755/6205/4401
f 4755/6205/4401 4726/6206/4372 4743/6193/4389
f 4726/6206/4372 4755/6205/4401 4724/6207/4370
f 4755/6205/4401 4751/6201/4397 4756/6208/4402
f 4756/6208/4402 4724/6207/4370 4755/6205/4401
f 4752/6202/4398 4756/6208/4402 4751/6201/4397
f 4724/6207/4370 4756/6208/4402 4728/6209/4374
f 4756/6208/4402 4752/6202/4398 4757/6210/4403
f 4757/6210/4403 4728/6209/4374 4756/6208/4402
f 4753/6203/4399 4757/6210/4403 4752/6202/4398
f 4728/6209/4374 4757/6210/4403 4731/6211/4377
f 4757/6210/4403 4753/6203/4399 4758/6212/4404
f 4758/6212/4404 4731/6211/4377 4757/6210/4403
f 4754/6204/4400 4758/6212/4404 4753/6203/4399
f 4731/6211/4377 4758/6212/4404 4735/6213/4381
f 4758/6212/4404 4754/6204/4400 4759/6214/4405
f 4759/6214/4405 4735/6213/4381 4758/6212/4404
f 4735/6213/4381 4759/6214/4405 4740/6215/4386
f 4760/6216/4406 4761/6217/4407 4762/6218/4408
f 4761/6217/4407 4760/6216/4406 4763/6219/4409
f 4764/6220/4410 4763/6219/4409 4760/6216/4406
f 4763/6219/4409 4765/6221/4411 4761/6217/4407
f 4763/6219/4409 4764/6220/4410 4766/6222/4412
f 4767/6223/4413 4766/6222/4412 4764/6220/4410
f 4765/6221/4411 4763/6219/4409 4768/6224/4414
f 4766/6222/4412 4768/6224/4414 4763/6219/4409
f 4768/6224/4414 4769/6225/4415 4765/6221/4411
f 4766/6222/4412 4767/6223/4413 4770/6226/4416
f 4771/6227/4417 4770/6226/4416 4767/6223/4413
f 4768/6224/4414 4766/6222/4412 4772/6228/4418
f 4770/6226/4416 4772/6228/4418 4766/6222/4412
f 4769/6225/4415 4768/6224/4414 4773/6229/4419
f 4772/6228/4418 4773/6229/4419 4768/6224/4414
f 4773/6229/4419 4774/6230/4420 4769/6225/4415
f 4770/6226/4416 4771/6227/4417 4775/6231/4421
f 4776/6232/4422 4775/6231/4421 4771/6227/4417
f 4774/6230/4420 4773/6229/4419 4777/6233/4423
f 4777/6233/4423 4778/6234/4424 4774/6230/4420
f 4778/6234/4424 4777/6233/4423 4779/6235/4425
f 4780/6236/4426 4777/6233/4423 4773/6229/4419
f 4773/6229/4419 4772/6228/4418 4780/6236/4426
f 4781/6237/4427 4779/6235/4425 4777/6233/4423
f 4777/6233/4423 4780/6236/4426 4781/6237/4427
f 4779/6235/4425 4781/6237/4427 4782/6238/4428
f 4783/6239/4429 4780/6236/4426 4772/6228/4418
f 4772/6228/4418 4770/6226/4416 4783/6239/4429
f 4775/6231/4421 4783/6239/4429 4770/6226/4416
f 4784/6240/4430 4781/6237/4427 4780/6236/4426
f 4780/6236/4426 4783/6239/4429 4784/6240/4430
f 4785/6241/4431 4782/6238/4428 4781/6237/4427
f 4781/6237/4427 4784/6240/4430 4785/6241/4431
f 4782/6238/4428 4785/6241/4431 4786/6242/4432
f 4787/6243/4433 4784/6240/4430 4783/6239/4429
f 4783/6239/4429 4775/6231/4421 4787/6243/4433
f 4788/6244/4434 4785/6241/4431 4784/6240/4430
f 4784/6240/4430 4787/6243/4433 4788/6244/4434
f 4789/6245/4435 4786/6242/4432 4785/6241/4431
f 4785/6241/4431 4788/6244/4434 4789/6245/4435
f 4786/6242/4432 4789/6245/4435 4790/6246/4436
f 4791/6247/4437 4787/6243/4433 4775/6231/4421
f 4775/6231/4421 4776/6232/4422 4791/6247/4437
f 4762/6248/4408 4791/6247/4437 4776/6232/4422
f 4791/6247/4437 4762/6248/4408 4761/6249/4407
f 4787/6243/4433 4791/6247/4437 4792/6250/4438
f 4761/6249/4407 4792/6250/4438 4791/6247/4437
f 4792/6250/4438 4788/6244/4434 4787/6243/4433
f 4792/6250/4438 4761/6249/4407 4765/6251/4411
f 4788/6244/4434 4792/6250/4438 4793/6252/4439
f 4765/6251/4411 4793/6252/4439 4792/6250/4438
f 4793/6252/4439 4789/6245/4435 4788/6244/4434
f 4793/6252/4439 4765/6251/4411 4769/6253/4415
f 4789/6245/4435 4793/6252/4439 4794/6254/4440
f 4769/6253/4415 4794/6254/4440 4793/6252/4439
f 4794/6254/4440 4790/6246/4436 4789/6245/4435
f 4794/6254/4440 4769/6253/4415 4774/6255/4420
f 4790/6246/4436 4794/6254/4440 4795/6256/4441
f 4774/6255/4420 4795/6256/4441 4794/6254/4440
f 4795/6256/4441 4774/6255/4420 4778/6257/4424
f 4492/6258/4138 4555/6259/4201 4262/6260/3909
f 4555/6259/4201 4492/6258/4138 4796/6261/4442
f 4493/6262/4139 4796/6261/4442 4492/6258/4138
f 4796/6261/4442 4554/6263/4200 4555/6259/4201
f 4796/6261/4442 4493/6262/4139 4797/6264/4443
f 4554/6263/4200 4796/6261/4442 4798/6265/4444
f 4797/6264/4443 4798/6265/4444 4796/6261/4442
f 4799/6266/4445 4554/6263/4200 4798/6265/4444
f 4554/6263/4200 4799/6266/4445 4553/6267/4199
f 4798/6265/4444 4797/6264/4443 4800/6268/4446
f 4800/6268/4446 4799/6266/4445 4798/6265/4444
f 4493/6262/4139 4801/6269/4447 4797/6264/4443
f 4801/6269/4447 4493/6262/4139 4495/6270/4141
f 4423/5770/4070 4801/6269/4447 4495/6270/4141
f 4801/6269/4447 4423/5770/4070 4422/5768/4069
f 4802/6271/4448 4797/6264/4443 4801/6269/4447
f 4422/5768/4069 4802/6271/4448 4801/6269/4447
f 4797/6264/4443 4802/6271/4448 4800/6268/4446
f 4802/6271/4448 4422/5768/4069 4420/5766/4067
f 4420/5766/4067 4803/6272/4449 4802/6271/4448
f 4803/6272/4449 4800/6268/4446 4802/6271/4448
f 4803/6272/4449 4420/5766/4067 4418/5764/4065
f 4800/6268/4446 4803/6272/4449 4804/6273/4450
f 4799/6266/4445 4800/6268/4446 4804/6273/4450
f 4418/5764/4065 4805/6274/4451 4803/6272/4449
f 4805/6274/4451 4804/6273/4450 4803/6272/4449
f 4805/6274/4451 4418/5764/4065 4415/5761/4062
f 4417/5763/4064 4805/6274/4451 4415/5761/4062
f 4805/6274/4451 4417/5763/4064 4550/6275/4196
f 4804/6273/4450 4806/6276/4452 4799/6266/4445
f 4806/6276/4452 4553/6267/4199 4799/6266/4445
f 4553/6267/4199 4806/6276/4452 4551/6277/4197
f 4804/6273/4450 4805/6274/4451 4807/6278/4453
f 4806/6276/4452 4804/6273/4450 4807/6278/4453
f 4807/6278/4453 4551/6277/4197 4806/6276/4452
f 4550/6275/4196 4807/6278/4453 4805/6274/4451
f 4551/6277/4197 4807/6278/4453 4552/6279/4198
f 4807/6278/4453 4550/6275/4196 4552/6279/4198
f 4557/6280/4203 4450/6281/4097 4271/6282/3918
f 4450/6281/4097 4557/6280/4203 4808/6283/4454
f 4558/6284/4204 4808/6283/4454 4557/6280/4203
f 4808/6283/4454 4452/6285/4099 4450/6281/4097
f 4808/6283/4454 4558/6284/4204 4809/6286/4455
f 4452/6285/4099 4808/6283/4454 4810/6287/4456
f 4809/6286/4455 4810/6287/4456 4808/6283/4454
f 4558/6284/4204 4811/6288/4457 4809/6286/4455
f 4811/6288/4457 4558/6284/4204 4559/6289/4205
f 4810/6287/4456 4809/6286/4455 4812/6290/4458
f 4811/6288/4457 4812/6290/4458 4809/6286/4455
f 4813/6291/4459 4452/6285/4099 4810/6287/4456
f 4452/6285/4099 4813/6291/4459 4454/6292/4101
f 4813/6291/4459 4455/5881/4102 4454/6292/4101
f 4455/5881/4102 4813/6291/4459 4503/5879/4149
f 4810/6287/4456 4814/6293/4460 4813/6291/4459
f 4814/6293/4460 4503/5879/4149 4813/6291/4459
f 4814/6293/4460 4810/6287/4456 4812/6290/4458
f 4503/5879/4149 4814/6293/4460 4501/5877/4147
f 4815/6294/4461 4501/5877/4147 4814/6293/4460
f 4812/6290/4458 4815/6294/4461 4814/6293/4460
f 4501/5877/4147 4815/6294/4461 4499/5875/4145
f 4815/6294/4461 4812/6290/4458 4816/6295/4462
f 4812/6290/4458 4811/6288/4457 4816/6295/4462
f 4817/6296/4463 4499/5875/4145 4815/6294/4461
f 4816/6295/4462 4817/6296/4463 4815/6294/4461
f 4499/5875/4145 4817/6296/4463 4497/5873/4143
f 4817/6296/4463 4498/5874/4144 4497/5873/4143
f 4498/5874/4144 4817/6296/4463 4561/6297/4207
f 4818/6298/4464 4816/6295/4462 4811/6288/4457
f 4559/6289/4205 4818/6298/4464 4811/6288/4457
f 4818/6298/4464 4559/6289/4205 4560/6299/4206
f 4817/6296/4463 4816/6295/4462 4819/6300/4465
f 4816/6295/4462 4818/6298/4464 4819/6300/4465
f 4560/6299/4206 4819/6300/4465 4818/6298/4464
f 4819/6300/4465 4561/6297/4207 4817/6296/4463
f 4819/6300/4465 4560/6299/4206 4562/6301/4208
f 4561/6297/4207 4819/6300/4465 4562/6301/4208
f 4556/6302/4202 4264/6303/3911 4424/5771/4071
f 4556/6302/4202 4424/5771/4071 4426/5773/4073
f 4556/6302/4202 4426/5773/4073 4820/6304/2614
f 4440/5789/4087 4556/6302/4202 4820/6304/2614
f 4441/5790/4088 4556/6302/4202 4440/5789/4087
f 4441/5790/4088 4274/6305/3921 4556/6302/4202
f 4821/6306/116 4822/6307/116 4823/6308/116
f 4824/6309/116 4821/6306/116 4825/6310/116
f 4824/6309/116 4822/6307/116 4821/6306/116
f 4826/6311/116 4822/6307/116 4824/6309/116
f 4826/6311/116 4827/6312/116 4822/6307/116
f 4826/6311/116 4824/6309/116 4828/6313/116
f 4829/6314/4466 4830/6315/4467 4831/6316/4468
f 4832/6317/4469 4829/6314/4466 4833/6318/4470
f 4832/6317/4469 4830/6315/4467 4829/6314/4466
f 4834/6319/4471 4830/6315/4467 4832/6317/4469
f 4834/6320/4471 4835/6321/4472 4830/6322/4467
f 4834/6319/4471 4832/6317/4469 4836/6323/4473
f 4837/6324/4474 4838/6325/4475 4839/6326/4476
f 4840/6327/4477 4837/6324/4474 4841/6328/4478
f 4840/6327/4477 4838/6325/4475 4837/6324/4474
f 4842/6329/4479 4838/6325/4475 4840/6327/4477
f 4842/6329/4479 4843/6330/4480 4838/6325/4475
f 4842/6329/4479 4840/6327/4477 4844/6331/4481
f 4845/6332/4482 4846/6333/4483 4847/6334/4484
f 4848/6335/4485 4845/6332/4482 4849/6336/4486
f 4848/6335/4485 4846/6333/4483 4845/6332/4482
f 4850/6337/4487 4846/6333/4483 4848/6335/4485
f 4850/6337/4487 4851/6338/4488 4846/6333/4483
f 4850/6337/4487 4848/6335/4485 4852/6339/4489
f 4853/6340/4490 4854/6341/4491 4855/6342/4492
f 4856/6343/4493 4853/6340/4490 4857/6344/4494
f 4856/6343/4493 4854/6341/4491 4853/6340/4490
f 4858/6345/4495 4854/6341/4491 4856/6343/4493
f 4858/6345/4495 4859/6346/4496 4854/6341/4491
f 4858/6345/4495 4856/6343/4493 4860/6347/4497
f 4861/6348/4498 4862/6349/4499 4863/6350/4500
f 4862/6349/4499 4861/6348/4498 4864/6351/4501
f 4865/6352/4502 4862/6349/4499 4864/6351/4501
f 4862/6349/4499 4865/6352/4502 4866/6353/4503
f 4867/6354/4504 4866/6353/4503 4865/6352/4502
f 4865/6352/4502 4868/6355/4505 4867/6354/4504
f 4868/6355/4505 4865/6352/4502 4864/6351/4501
f 4869/6356/4506 4868/6355/4505 4864/6351/4501
f 4868/6355/4505 4869/6356/4506 4870/6357/4507
f 4871/6358/4508 4864/6351/4501 4861/6348/4498
f 4864/6351/4501 4871/6358/4508 4869/6356/4506
f 4871/6358/4508 4870/6357/4507 4869/6356/4506
f 4863/6359/4500 4871/6358/4508 4861/6348/4498
f 4870/6357/4507 4871/6358/4508 4872/6360/4509
f 4871/6358/4508 4863/6359/4500 4872/6360/4509
f 4873/6361/4510 4874/6362/4511 4875/6363/4512
f 4874/6362/4511 4873/6361/4510 4876/6364/4513
f 4873/6361/4510 4877/6365/4514 4876/6364/4513
f 4877/6365/4514 4873/6361/4510 4878/6366/4515
f 4877/6365/4514 4878/6366/4515 4879/6367/4516
f 4880/6368/4517 4877/6365/4514 4879/6367/4516
f 4877/6365/4514 4880/6368/4517 4876/6364/4513
f 4880/6368/4517 4881/6369/4518 4876/6364/4513
f 4881/6369/4518 4880/6368/4517 4882/6370/4519
f 4876/6364/4513 4883/6371/4520 4874/6362/4511
f 4883/6371/4520 4876/6364/4513 4881/6369/4518
f 4882/6370/4519 4883/6371/4520 4881/6369/4518
f 4883/6371/4520 4875/6372/4512 4874/6362/4511
f 4883/6371/4520 4882/6370/4519 4884/6373/4521
f 4875/6372/4512 4883/6371/4520 4884/6373/4521
f 4885/6374/4522 4886/6375/4523 4887/6376/4524
f 4888/6377/4525 4885/6374/4522 4887/6376/4524
f 4886/6375/4523 4885/6374/4522 4889/6378/4526
f 4885/6374/4522 4888/6377/4525 4890/6379/4527
f 4889/6378/4526 4891/6380/4528 4886/6375/4523
f 4892/6381/4529 4890/6379/4527 4888/6377/4525
f 4891/6380/4528 4889/6378/4526 4893/6382/4530
f 4890/6379/4527 4892/6381/4529 4894/6383/4531
f 4895/6384/4532 4891/6380/4528 4893/6382/4530
f 4892/6381/4529 4896/6385/4533 4894/6383/4531
f 4891/6380/4528 4895/6384/4532 4897/6386/4534
f 4896/6385/4533 4892/6381/4529 4898/6387/4535
f 4895/6384/4532 4899/6388/4536 4897/6386/4534
f 4900/6389/4537 4896/6385/4533 4898/6387/4535
f 4899/6388/4536 4895/6384/4532 4901/6390/4538
f 4896/6385/4533 4900/6389/4537 4902/6391/4539
f 4903/6392/4540 4899/6388/4536 4901/6390/4538
f 4900/6389/4537 4903/6392/4540 4902/6391/4539
f 4899/6388/4536 4903/6392/4540 4904/6393/4541
f 4903/6392/4540 4900/6389/4537 4904/6393/4541
f 4361/5707/4008 4899/6388/4536 4904/6393/4541
f 4900/6389/4537 4361/5707/4008 4904/6393/4541
f 4899/6388/4536 4361/5707/4008 4357/5703/4004
f 4361/5707/4008 4900/6389/4537 4362/5708/4009
f 4357/5703/4004 4897/6386/4534 4899/6388/4536
f 4898/6387/4535 4362/5708/4009 4900/6389/4537
f 4897/6386/4534 4357/5703/4004 4905/6394/4542
f 4357/5703/4004 4355/5701/4002 4905/6394/4542
f 4355/5701/4002 4350/5696/3997 4905/6394/4542
f 4906/6395/4543 4897/6386/4534 4905/6394/4542
f 4350/5696/3997 4906/6395/4543 4905/6394/4542
f 4906/6395/4543 4350/5696/3997 4325/5671/3972
f 4325/5671/3972 4326/5672/3973 4906/6395/4543
f 4897/6386/4534 4906/6395/4543 4891/6380/4528
f 4907/6396/4544 4906/6395/4543 4326/5672/3973
f 4908/6397/4545 4891/6380/4528 4906/6395/4543
f 4907/6396/4544 4908/6397/4545 4906/6395/4543
f 4891/6380/4528 4908/6397/4545 4886/6375/4523
f 4908/6397/4545 4907/6396/4544 4306/5652/3953
f 4306/5652/3953 4909/6398/4546 4908/6397/4545
f 4908/6397/4545 4909/6398/4546 4886/6375/4523
f 4909/6398/4546 4306/5652/3953 4308/5654/3955
f 4910/6399/4547 4886/6375/4523 4909/6398/4546
f 4308/5654/3955 4910/6399/4547 4909/6398/4546
f 4886/6375/4523 4910/6399/4547 4887/6376/4524
f 4910/6399/4547 4308/5654/3955 4911/6400/4548
f 4910/6399/4547 4888/6377/4525 4887/6376/4524
f 4410/5756/4057 4910/6399/4547 4911/6400/4548
f 4910/6399/4547 4410/5756/4057 4912/6401/4549
f 4888/6377/4525 4910/6399/4547 4912/6401/4549
f 4409/5755/4056 4912/6401/4549 4410/5756/4057
f 4888/6377/4525 4912/6401/4549 4913/6402/4550
f 4912/6401/4549 4409/5755/4056 4913/6402/4550
f 4913/6402/4550 4892/6381/4529 4888/6377/4525
f 4411/5757/4058 4913/6402/4550 4409/5755/4056
f 4892/6381/4529 4913/6402/4550 4914/6403/4551
f 4913/6402/4550 4411/5757/4058 4914/6403/4551
f 4914/6403/4551 4898/6387/4535 4892/6381/4529
f 4915/6404/4552 4914/6403/4551 4411/5757/4058
f 4914/6403/4551 4915/6404/4552 4373/5719/4020
f 4370/5716/4017 4914/6403/4551 4373/5719/4020
f 4898/6387/4535 4914/6403/4551 4916/6405/4553
f 4914/6403/4551 4370/5716/4017 4916/6405/4553
f 4362/5708/4009 4898/6387/4535 4916/6405/4553
f 4916/6405/4553 4370/5716/4017 4366/5712/4013
f 4916/6405/4553 4366/5712/4013 4362/5708/4009
f 4163/6406/3831 4917/6407/4554 4160/6408/3828
f 4917/6407/4554 4163/6406/3831 4918/6409/4555
f 4162/6410/3830 4918/6409/4555 4163/6406/3831
f 4919/6411/4556 4160/6408/3828 4917/6407/4554
f 4160/6408/3828 4919/6411/4556 4161/6412/3829
f 4918/6409/4555 4920/6413/4557 4917/6407/4554
f 4919/6411/4556 4917/6407/4554 4920/6413/4557
f 4918/6409/4555 4162/6410/3830 4921/6414/4558
f 4164/6415/3832 4921/6414/4558 4162/6410/3830
f 4920/6413/4557 4918/6409/4555 4922/6416/4559
f 4918/6409/4555 4921/6414/4558 4922/6416/4559
f 4923/6417/4560 4920/6413/4557 4922/6416/4559
f 4921/6414/4558 4923/6417/4560 4922/6416/4559
f 4921/6414/4558 4164/6415/3832 4924/6418/4561
f 4923/6417/4560 4921/6414/4558 4924/6418/4561
f 4157/6419/3825 4924/6418/4561 4164/6415/3832
f 4920/6413/4557 4923/6417/4560 4925/6420/4562
f 4925/6420/4562 4919/6411/4556 4920/6413/4557
f 4924/6418/4561 4926/6421/4563 4923/6417/4560
f 4926/6421/4563 4924/6418/4561 4157/6419/3825
f 4926/6421/4563 4925/6420/4562 4923/6417/4560
f 4159/6422/3827 4926/6421/4563 4157/6419/3825
f 4919/6411/4556 4925/6420/4562 4927/6423/4564
f 4927/6423/4564 4161/6412/3829 4919/6411/4556
f 4161/6412/3829 4927/6423/4564 4158/6424/3826
f 4925/6420/4562 4926/6421/4563 4928/6425/4565
f 4928/6425/4565 4927/6423/4564 4925/6420/4562
f 4926/6421/4563 4159/6422/3827 4928/6425/4565
f 4928/6425/4565 4158/6424/3826 4927/6423/4564
f 4158/6424/3826 4928/6425/4565 4159/6422/3827
f 4929/6426/4566 4860/6427/4497 4856/6428/4493
f 4860/6427/4497 4929/6426/4566 4930/6429/4567
f 4930/6429/4567 4858/6430/4495 4860/6427/4497
f 4856/6428/4493 4931/6431/4568 4929/6426/4566
f 4931/6431/4568 4856/6428/4493 4857/6432/4494
f 4932/6433/4569 4930/6429/4567 4929/6426/4566
f 4932/6433/4569 4929/6426/4566 4931/6431/4568
f 4858/6430/4495 4930/6429/4567 4933/6434/4570
f 4933/6434/4570 4859/6435/4496 4858/6430/4495
f 4930/6429/4567 4932/6433/4569 4934/6436/4571
f 4934/6436/4571 4933/6434/4570 4930/6429/4567
f 4859/6435/4496 4933/6434/4570 4935/6437/4572
f 4935/6437/4572 4854/6438/4491 4859/6435/4496
f 4936/6439/4573 4933/6434/4570 4934/6436/4571
f 4933/6434/4570 4936/6439/4573 4935/6437/4572
f 4932/6433/4569 4936/6439/4573 4934/6436/4571
f 4854/6438/4491 4935/6437/4572 4937/6440/4574
f 4936/6439/4573 4937/6440/4574 4935/6437/4572
f 4937/6440/4574 4855/6441/4492 4854/6438/4491
f 4936/6439/4573 4932/6433/4569 4938/6442/4575
f 4938/6442/4575 4937/6440/4574 4936/6439/4573
f 4931/6431/4568 4938/6442/4575 4932/6433/4569
f 4855/6441/4492 4937/6440/4574 4939/6443/4576
f 4937/6440/4574 4938/6442/4575 4939/6443/4576
f 4939/6443/4576 4853/6444/4490 4855/6441/4492
f 4938/6442/4575 4931/6431/4568 4940/6445/4577
f 4938/6442/4575 4940/6445/4577 4939/6443/4576
f 4853/6444/4490 4939/6443/4576 4940/6445/4577
f 4857/6432/4494 4940/6445/4577 4931/6431/4568
f 4940/6445/4577 4857/6432/4494 4853/6444/4490
f 4941/6446/4578 4942/6447/4579 4943/6448/4580
f 4942/6447/4579 4941/6446/4578 4944/6449/4581
f 4941/6446/4578 4945/6450/4582 4944/6449/4581
f 4945/6450/4582 4941/6446/4578 4946/6451/4583
f 4946/6451/4583 4947/6452/4584 4945/6450/4582
f 4947/6452/4584 4946/6451/4583 4948/6453/4585
f 4949/6454/4586 4950/6455/4587 4951/6456/4588
f 4950/6455/4587 4949/6454/4586 4952/6457/4589
f 4953/6458/4590 4952/6457/4589 4949/6454/4586
f 4952/6457/4589 4953/6458/4590 4954/6459/4591
f 4953/6458/4590 4955/6460/4592 4954/6459/4591
f 4955/6460/4592 4953/6458/4590 4956/6461/4593
f 4957/6462/4594 4958/6463/4595 4959/6464/4596
f 4957/6462/4594 4959/6464/4596 4960/6465/4597
f 4958/6463/4595 4957/6462/4594 4961/6466/4598
f 4960/6465/4597 4961/6466/4598 4957/6462/4594
f 4961/6466/4598 4962/6467/4599 4958/6463/4595
f 4961/6466/4598 4960/6465/4597 4962/6467/4599
f 4963/6468/4600 4964/6469/4601 4965/6470/4602
f 4966/6471/4603 4965/6470/4602 4964/6469/4601
f 4964/6469/4601 4963/6468/4600 4967/6472/4604
f 4967/6472/4604 4966/6471/4603 4964/6469/4601
f 4963/6468/4600 4968/6473/4605 4967/6472/4604
f 4966/6471/4603 4967/6472/4604 4968/6473/4605
f 4969/6474/4606 4970/6475/4607 4971/6476/4608
f 4970/6475/4607 4972/6477/4609 4971/6476/4608
f 4973/6478/4610 4969/6474/4606 4971/6476/4608
f 4972/6477/4609 4974/6479/4611 4971/6476/4608
f 4975/6480/4612 4973/6478/4610 4971/6476/4608
f 4974/6479/4611 4976/6481/4613 4971/6476/4608
f 4977/6482/4614 4975/6480/4612 4971/6476/4608
f 4976/6481/4613 4977/6482/4614 4971/6476/4608
f 4978/6483/4615 4979/6484/4616 4980/6485/4617
f 4978/6483/4615 4981/6486/4618 4979/6484/4616
f 4978/6483/4615 4980/6485/4617 4982/6487/4619
f 4978/6483/4615 4983/6488/4620 4981/6486/4618
f 4978/6483/4615 4982/6487/4619 4984/6489/4621
f 4978/6483/4615 4985/6490/4622 4983/6488/4620
f 4978/6483/4615 4984/6489/4621 4986/6491/4623
f 4978/6483/4615 4986/6491/4623 4985/6490/4622
f 4987/6492/4624 4988/6493/4625 4989/6494/4626
f 4988/6493/4625 4987/6492/4624 4990/6495/4627
f 4990/6495/4627 4991/6496/4628 4988/6493/4625
f 4991/6496/4628 4990/6495/4627 4992/6497/4629
f 4992/6497/4629 4993/6498/127 4991/6496/4628
f 4993/6498/127 4992/6497/4629 4994/6499/127
f 4995/6500/4630 4993/6498/127 4994/6499/127
f 4993/6498/127 4995/6500/4630 4996/6501/4631
f 4997/6502/4632 4996/6501/4631 4995/6500/4630
f 4996/6501/4631 4997/6502/4632 4998/6503/4633
f 4999/6504/4634 4998/6503/4633 4997/6502/4632
f 4998/6503/4633 4999/6504/4634 5000/6505/4635
f 5001/6506/4636 5002/6507/4637 5003/6508/4638
f 5002/6507/4637 5001/6506/4636 5004/6509/4639
f 5004/6509/4639 5005/6510/4640 5002/6507/4637
f 5005/6510/4640 5004/6509/4639 5006/6511/4641
f 5006/6511/4641 5007/6512/4642 5005/6510/4640
f 5007/6512/4642 5006/6511/4641 5008/6513/4643
f 5008/6513/4643 5009/6514/4644 5007/6512/4642
f 5009/6514/4644 5008/6513/4643 5010/6515/4645
f 5010/6515/4645 5011/6516/4646 5009/6514/4644
f 5011/6516/4646 5010/6515/4645 5012/6517/4646
f 5012/6517/4646 5013/6518/4647 5011/6516/4646
f 5013/6518/4647 5012/6517/4646 5014/6519/4648
f 5014/6519/4648 4989/6494/4626 5013/6518/4647
f 4989/6494/4626 5014/6519/4648 4987/6492/4624
f 5003/6508/4638 5015/6520/4649 5001/6506/4636
f 5015/6520/4649 5003/6508/4638 5016/6521/4650
f 5016/6521/4650 5017/6522/4651 5015/6520/4649
f 5017/6522/4651 5016/6521/4650 5018/6523/4652
f 5018/6523/4652 5019/6524/4653 5017/6522/4651
f 5019/6524/4653 5018/6523/4652 5020/6525/4654
f 5020/6525/4654 5021/6526/4655 5019/6524/4653
f 5021/6526/4655 5020/6525/4654 5022/6527/4656
f 5022/6527/4657 5021/6526/4657 5023/6528/4658
f 5023/6528/4658 5024/6529/4658 5022/6527/4657
f 5025/6530/4659 5024/6529/4658 5023/6528/4658
f 5023/6528/4658 5026/6531/4659 5025/6530/4659
f 5027/6532/4660 5026/6531/4661 5025/6530/4661
f 5026/6531/4662 5028/6533/4663 5027/6532/4664
f 5029/6534/4665 5028/6533/4666 5027/6532/4667
f 5028/6533/4666 5029/6534/4665 5030/6535/4668
f 5031/6536/4669 5030/6535/4668 5029/6534/4665
f 5030/6535/4668 5031/6536/4669 5032/6537/4670
f 5033/6538/4671 5032/6537/4670 5031/6536/4669
f 5032/6537/4670 5033/6538/4671 5034/6539/4672
f 5035/6540/4673 5034/6539/4672 5033/6538/4671
f 5034/6539/4672 5035/6540/4673 5036/6541/4674
f 5037/6542/4675 5036/6541/4674 5035/6540/4673
f 5036/6541/4674 5037/6542/4675 5038/6543/4676
f 5039/6544/4677 5038/6543/4676 5037/6542/4675
f 5038/6543/4676 5039/6544/4677 5040/6545/4678
f 5041/6546/4679 5040/6545/4678 5039/6544/4677
f 5040/6545/4678 5041/6546/4679 5042/6547/4680
f 5043/6548/4681 5042/6547/4680 5041/6546/4679
f 5042/6547/4680 5043/6548/4681 5044/6549/4681
f 5045/6550/4682 5044/6549/4681 5043/6548/4681
f 5044/6549/4681 5045/6550/4682 5046/6551/4683
f 5000/6505/4635 5046/6551/4683 5045/6550/4682
f 5046/6551/4683 5000/6505/4635 4999/6504/4634
usemtl pickup_interior.001
f 5047/6552/4684 5048/6553/4685 5049/6554/4686
f 5048/6553/4685 5047/6552/4684 5050/6555/4687
f 5050/6555/4687 5051/6556/4688 5048/6553/4685
f 5051/6556/4688 5050/6555/4687 5052/6557/4689
f 5053/6558/4690 5052/6557/4689 5054/6559/4691
f 5054/6559/4691 5055/6560/4692 5053/6558/4693
f 5054/6559/4691 5056/6561/4694 5055/6560/4692
f 5056/6561/4694 5054/6559/4691 5057/6562/4695
f 5057/6562/4695 5058/6563/4696 5056/6561/4694
f 5057/6562/4695 5059/6564/4697 5058/6563/4696
f 5059/6564/4697 5057/6562/4695 5060/6565/4698
f 5060/6565/4698 5061/6566/4699 5059/6564/4697
f 5060/6565/4698 5062/6567/4700 5061/6566/4699
f 5062/6567/4700 5060/6565/4698 5063/6568/4701
f 5064/6569/4702 5065/6570/4703 5066/6571/4704
f 5067/6572/4705 5068/6573/4706 5069/6574/4707
f 5070/6575/4708 5071/6576/4709 5072/6577/4710
f 5073/6578/4711 5074/6579/4712 5075/6580/4713
f 5076/6581/4714 5077/6582/4715 5078/6583/4716
f 5079/6584/4717 5080/6585/4718 5081/6586/4719
f 5082/6587/4720 5083/6588/4721 5084/6589/4722
f 5085/6590/4723 5086/6591/4724 5087/6592/4725
f 5088/6593/4726 5089/6594/4727 5090/6595/4728
f 5091/6596/4729 5092/6597/4730 5093/6598/4731
f 5094/6599/4732 5095/6600/4733 5096/6601/4731
f 5097/6602/4734 5098/6603/4735 5099/6604/4736
f 5098/6603/4735 5100/6605/4737 5099/6604/4736
f 5100/6605/4737 5101/6606/4738 5099/6604/4736
f 5101/6606/4738 5097/6602/4734 5099/6604/4736
f 5102/6607/4739 5103/6608/4740 5104/6609/4741
f 5105/6610/4742 5106/6611/4743 5107/6612/4744
f 5108/6613/4745 5049/6614/4686 5069/6615/4707
f 5049/6614/4686 5108/6613/4745 5109/6616/4746
f 5110/6617/4747 5111/6618/4748 5112/6619/4749
f 5111/6618/4748 5110/6617/4747 5067/6620/4705
f 5113/6621/4750 5114/6622/4751 5076/6623/4714
f 5115/6624/4752 5116/6625/4753 5117/6626/4754
f 5116/6625/4753 5115/6624/4752 5118/6627/4755
f 5119/6628/4756 5117/6629/4754 5120/6630/4757
f 5117/6629/4754 5119/6628/4756 5115/6631/4752
f 5121/6632/4758 5122/6633/4759 5078/6634/4716
f 5122/6633/4759 5121/6632/4758 5123/6635/4760
f 5124/6636/4761 5125/6637/4762 5126/6638/4763
f 5125/6637/4762 5124/6636/4761 5127/6639/4764
f 5089/6594/4727 5081/6586/4719 5080/6585/4718
f 5081/6586/4719 5089/6594/4727 5088/6593/4726
f 5128/6640/4765 5129/6641/4766 5130/6642/4767
f 5129/6641/4766 5128/6640/4765 5131/6643/4768
f 5132/6644/4769 5133/6645/4770 5134/6646/4771
f 5133/6645/4770 5132/6644/4769 5135/6647/4772
f 5135/6647/4772 5136/6648/4773 5133/6645/4770
f 5136/6648/4773 5135/6647/4772 5137/6649/4774
f 5137/6650/4774 5138/6651/4775 5136/6648/4773
f 5138/6651/4775 5137/6650/4774 5139/6652/4776
f 5140/6653/4777 5139/6652/4776 5141/6654/4778
f 5139/6652/4776 5140/6653/4777 5142/6655/4779
f 5141/6656/4778 5134/6646/4771 5140/6653/4777
f 5134/6646/4771 5141/6656/4778 5132/6644/4769
f 5143/6657/4780 5144/6658/4781 5145/6659/4782
f 5144/6658/4781 5143/6657/4780 5146/6660/4783
f 5147/6661/4784 5148/6662/4785 5149/6663/4786
f 5148/6662/4785 5147/6661/4784 5150/6664/4787
f 5143/6657/4780 5150/6665/4787 5147/6666/4784
f 5150/6665/4787 5143/6657/4780 5145/6659/4782
f 5145/6659/4782 5148/6662/4785 5150/6664/4787
f 5148/6662/4785 5145/6659/4782 5144/6658/4781
f 5146/6667/4783 5147/6661/4784 5149/6663/4786
f 5147/6661/4784 5146/6667/4783 5143/6668/4780
f 5151/6669/4788 5152/6670/4770 5153/6671/4789
f 5152/6670/4770 5151/6669/4788 5154/6672/4772
f 5154/6672/4772 5155/6673/4773 5152/6670/4770
f 5155/6673/4773 5154/6672/4772 5156/6674/4774
f 5156/6675/4774 5157/6676/4790 5155/6673/4773
f 5157/6676/4790 5156/6675/4774 5158/6677/4776
f 5159/6678/4777 5158/6677/4776 5160/6679/4778
f 5158/6677/4776 5159/6678/4777 5161/6680/4791
f 5160/6681/4778 5153/6671/4789 5159/6678/4777
f 5153/6671/4789 5160/6681/4778 5151/6669/4788
f 5162/6682/4792 5163/6683/4793 5164/6684/4794
f 5163/6683/4793 5162/6682/4792 5165/6685/4795
f 5166/6686/4796 5167/6687/4797 5168/6688/4798
f 5167/6687/4797 5166/6686/4796 5169/6689/4799
f 5164/6690/4794 5100/6691/4737 5098/6692/4735
f 5100/6691/4737 5164/6690/4794 5163/6693/4793
f 5165/6694/4795 5170/6695/4800 5171/6696/4801
f 5170/6695/4800 5165/6694/4795 5162/6697/4792
f 5168/6698/4798 5097/6699/4734 5101/6700/4738
f 5097/6699/4734 5168/6698/4798 5167/6701/4797
f 5169/6702/4799 5172/6703/4802 5173/6704/4803
f 5172/6703/4802 5169/6702/4799 5166/6705/4796
f 5174/6706/4804 5175/6707/4805 5176/6708/4806
f 5175/6707/4805 5174/6706/4804 5177/6709/4807
f 5114/6710/4751 5113/6711/4750 5178/6712/4808
f 5113/6711/4809 5114/6710/4751 5179/6713/4809
f 5108/6714/4745 5049/6715/4686 5180/6716/4810
f 5108/6714/4745 5047/6717/4684 5049/6715/4686
f 5070/6718/4708 5111/6719/4748 5181/6720/4811
f 5111/6719/4748 5070/6718/4708 5182/6721/4812
f 5182/6721/4812 5183/6722/4813 5111/6719/4748
f 5183/6722/4813 5182/6721/4812 5184/6723/4814
f 5184/6723/4814 5185/6724/4815 5183/6722/4813
f 5185/6724/4815 5184/6723/4814 5186/6725/4816
f 5186/6725/4816 5187/6726/4817 5185/6724/4815
f 5187/6726/4817 5186/6725/4816 5188/6727/4818
f 5188/6727/4818 5079/6728/4717 5187/6726/4817
f 5079/6728/4717 5188/6727/4818 5080/6729/4718
f 5189/6730/4819 5190/6731/4820 5191/6732/4821
f 5190/6731/4820 5189/6730/4819 5192/6733/4822
f 5192/6733/4822 5193/6734/4823 5190/6731/4820
f 5193/6734/4823 5192/6733/4822 5194/6735/4824
f 5112/6619/4749 5193/6734/4823 5194/6735/4824
f 5195/6736/4825 5112/6619/4749 5194/6735/4824
f 5112/6619/4749 5195/6736/4825 5196/6737/4826
f 5197/6738/4827 5196/6737/4826 5195/6736/4825
f 5198/6739/4828 5112/6619/4749 5196/6737/4826
f 5112/6619/4749 5198/6739/4828 5110/6617/4747
f 5196/6737/4826 5197/6738/4827 5199/6740/4829
f 5199/6740/4829 5198/6739/4828 5196/6737/4826
f 5200/6741/4830 5199/6740/4829 5197/6738/4827
f 5201/6742/4831 5199/6740/4829 5200/6741/4830
f 5198/6739/4828 5202/6743/4832 5110/6617/4747
f 5203/6744/4833 5110/6617/4747 5202/6743/4832
f 5202/6743/4832 5198/6739/4828 5204/6745/4834
f 5205/6746/4835 5203/6744/4833 5202/6743/4832
f 5198/6739/4828 5206/6747/4836 5204/6745/4834
f 5203/6744/4833 5205/6746/4835 5207/6748/4837
f 5208/6749/4838 5207/6748/4837 5205/6746/4835
f 5207/6748/4837 5208/6749/4838 5209/6750/4839
f 5206/6747/4836 5198/6739/4828 5210/6751/4840
f 5198/6739/4828 5199/6740/4829 5210/6751/4840
f 5211/6752/4841 5206/6747/4836 5210/6751/4840
f 5210/6751/4840 5212/6753/4842 5211/6752/4841
f 5212/6753/4842 5210/6751/4840 5213/6754/4843
f 5199/6740/4829 5213/6754/4843 5210/6751/4840
f 5213/6754/4843 5214/6755/4844 5212/6753/4842
f 5213/6754/4843 5199/6740/4829 5215/6756/4845
f 5199/6740/4829 5201/6742/4831 5215/6756/4845
f 5216/6757/4846 5215/6756/4845 5201/6742/4831
f 5214/6755/4844 5213/6754/4843 5217/6758/4847
f 5215/6756/4845 5217/6758/4847 5213/6754/4843
f 5217/6758/4847 5218/6759/4848 5214/6755/4844
f 5215/6756/4845 5216/6757/4846 5219/6760/4849
f 5217/6758/4847 5215/6756/4845 5219/6760/4849
f 5220/6761/4850 5219/6760/4849 5216/6757/4846
f 5219/6760/4849 5221/6762/4851 5217/6758/4847
f 5218/6759/4848 5217/6758/4847 5221/6762/4851
f 5221/6762/4851 5219/6760/4849 5222/6763/4852
f 5219/6760/4849 5220/6761/4850 5222/6763/4852
f 5222/6763/4852 5223/6764/4853 5221/6762/4851
f 5220/6761/4850 5224/6765/4854 5222/6763/4852
f 5223/6764/4853 5222/6763/4852 5224/6765/4854
f 5225/6766/4855 5221/6762/4851 5223/6764/4853
f 5221/6762/4851 5225/6766/4855 5218/6759/4848
f 5226/6767/4856 5223/6764/4853 5224/6765/4854
f 5223/6764/4853 5226/6767/4856 5225/6766/4855
f 5224/6765/4854 5220/6761/4850 5226/6767/4856
f 5227/6768/4857 5225/6766/4855 5226/6767/4856
f 5228/6769/4858 5226/6767/4856 5220/6761/4850
f 5226/6767/4856 5228/6769/4858 5227/6768/4857
f 5225/6766/4855 5227/6768/4857 5229/6770/4859
f 5229/6770/4859 5218/6759/4848 5225/6766/4855
f 5228/6769/4858 5230/6771/4860 5227/6768/4857
f 5230/6771/4860 5229/6770/4859 5227/6768/4857
f 5220/6761/4850 5231/6772/4861 5228/6769/4858
f 5231/6772/4861 5220/6761/4850 5216/6773/4846
f 5201/6774/4831 5231/6772/4861 5216/6773/4846
f 5231/6772/4861 5232/6775/4862 5228/6769/4858
f 5230/6771/4860 5228/6769/4858 5232/6775/4862
f 5231/6772/4861 5201/6774/4831 5233/6776/4863
f 5232/6775/4862 5231/6772/4861 5233/6776/4863
f 5200/6777/4830 5233/6776/4863 5201/6774/4831
f 5234/6778/4864 5232/6775/4862 5233/6776/4863
f 5233/6776/4863 5200/6777/4830 5234/6778/4864
f 5232/6775/4862 5234/6778/4864 5235/6779/4865
f 5200/6777/4830 5236/6780/4866 5234/6778/4864
f 5236/6780/4866 5200/6777/4830 5197/6781/4827
f 5234/6778/4864 5237/6782/4867 5235/6779/4865
f 5237/6782/4867 5234/6778/4864 5236/6780/4866
f 5238/6783/4868 5232/6775/4862 5235/6779/4865
f 5232/6775/4862 5238/6783/4868 5230/6771/4860
f 5239/6784/4869 5235/6779/4865 5237/6782/4867
f 5235/6779/4865 5239/6784/4869 5238/6783/4868
f 5236/6780/4866 5240/6785/4870 5237/6782/4867
f 5240/6785/4870 5239/6784/4869 5237/6782/4867
f 5197/6781/4827 5241/6786/4871 5236/6780/4866
f 5240/6785/4870 5236/6780/4866 5241/6786/4871
f 5241/6786/4871 5197/6781/4827 5195/6787/4825
f 5194/6788/4824 5241/6786/4871 5195/6787/4825
f 5241/6786/4871 5194/6788/4824 5242/6789/4872
f 5242/6789/4872 5240/6785/4870 5241/6786/4871
f 5192/6790/4822 5242/6789/4872 5194/6788/4824
f 5242/6789/4872 5192/6790/4822 5243/6791/4873
f 5189/6792/4819 5243/6791/4873 5192/6790/4822
f 5240/6785/4870 5242/6789/4872 5244/6793/4874
f 5243/6791/4873 5244/6793/4874 5242/6789/4872
f 5243/6791/4873 5189/6792/4819 5245/6794/4875
f 5246/6795/4876 5245/6794/4875 5189/6792/4819
f 5244/6793/4874 5243/6791/4873 5247/6796/4877
f 5245/6794/4875 5247/6796/4877 5243/6791/4873
f 5244/6793/4874 5248/6797/4878 5240/6785/4870
f 5239/6784/4869 5240/6785/4870 5248/6797/4878
f 5249/6798/4879 5244/6793/4874 5247/6796/4877
f 5248/6797/4878 5250/6799/4880 5239/6784/4869
f 5250/6799/4880 5238/6783/4868 5239/6784/4869
f 5248/6797/4878 5244/6793/4874 5251/6800/4881
f 5244/6793/4874 5249/6798/4879 5251/6800/4881
f 5251/6800/4881 5252/6801/4882 5248/6797/4878
f 5250/6799/4880 5248/6797/4878 5252/6801/4882
f 5249/6798/4879 5253/6802/4883 5251/6800/4881
f 5252/6801/4882 5251/6800/4881 5253/6802/4883
f 5238/6783/4868 5250/6799/4880 5254/6803/4884
f 5254/6803/4884 5230/6771/4860 5238/6783/4868
f 5252/6801/4882 5255/6804/4885 5250/6799/4880
f 5255/6804/4885 5254/6803/4884 5250/6799/4880
f 5230/6771/4860 5254/6803/4884 5256/6805/4886
f 5229/6770/4859 5230/6771/4860 5256/6805/4886
f 5256/6805/4886 5257/6806/4887 5229/6770/4859
f 5218/6759/4848 5229/6770/4859 5257/6806/4887
f 5254/6803/4884 5258/6807/4888 5256/6805/4886
f 5257/6806/4887 5256/6805/4886 5258/6807/4888
f 5259/6808/4889 5218/6759/4848 5257/6806/4887
f 5258/6807/4888 5259/6808/4889 5257/6806/4887
f 5218/6759/4848 5259/6808/4889 5214/6809/4844
f 5259/6808/4889 5212/6810/4842 5214/6809/4844
f 5212/6810/4842 5259/6808/4889 5260/6811/4890
f 5259/6808/4889 5258/6807/4888 5260/6811/4890
f 5260/6811/4890 5211/6812/4841 5212/6810/4842
f 5258/6807/4888 5254/6803/4884 5261/6813/4891
f 5254/6803/4884 5255/6804/4885 5261/6813/4891
f 5258/6807/4888 5262/6814/4892 5260/6811/4890
f 5262/6814/4892 5258/6807/4888 5261/6813/4891
f 5211/6812/4841 5260/6811/4890 5262/6814/4892
f 5255/6804/4885 5262/6814/4892 5261/6813/4891
f 5263/6815/4893 5211/6812/4841 5262/6814/4892
f 5262/6814/4892 5255/6804/4885 5263/6815/4893
f 5211/6812/4841 5263/6815/4893 5206/6816/4836
f 5264/6817/4894 5263/6815/4893 5255/6804/4885
f 5255/6804/4885 5252/6801/4882 5264/6817/4894
f 5265/6818/4895 5206/6816/4836 5263/6815/4893
f 5263/6815/4893 5264/6817/4894 5265/6818/4895
f 5206/6816/4836 5265/6818/4895 5204/6819/4834
f 5265/6818/4895 5202/6820/4832 5204/6819/4834
f 5202/6820/4832 5265/6818/4895 5266/6821/4896
f 5264/6817/4894 5266/6821/4896 5265/6818/4895
f 5266/6821/4896 5205/6822/4835 5202/6820/4832
f 5252/6801/4882 5267/6823/4897 5264/6817/4894
f 5266/6821/4896 5264/6817/4894 5267/6823/4897
f 5267/6823/4897 5252/6801/4882 5253/6802/4883
f 5205/6822/4835 5266/6821/4896 5268/6824/4898
f 5267/6823/4897 5268/6824/4898 5266/6821/4896
f 5268/6824/4898 5208/6825/4838 5205/6822/4835
f 5269/6826/4899 5267/6823/4897 5253/6802/4883
f 5253/6802/4883 5249/6798/4879 5269/6826/4899
f 5268/6824/4898 5267/6823/4897 5270/6827/4900
f 5267/6823/4897 5269/6826/4899 5270/6827/4900
f 5208/6825/4838 5268/6824/4898 5271/6828/4901
f 5270/6827/4900 5271/6828/4901 5268/6824/4898
f 5271/6828/4901 5272/6829/4902 5208/6825/4838
f 5273/6830/4903 5270/6827/4900 5269/6826/4899
f 5272/6829/4902 5271/6828/4901 5274/6831/4904
f 5271/6828/4901 5270/6827/4900 5275/6832/4905
f 5275/6832/4905 5274/6831/4904 5271/6828/4901
f 5270/6827/4900 5273/6830/4903 5275/6832/4905
f 5274/6831/4904 5276/6833/4906 5272/6829/4902
f 5273/6830/4903 5277/6834/4907 5275/6832/4905
f 5274/6831/4904 5275/6832/4905 5277/6834/4907
f 5276/6833/4906 5274/6831/4904 5278/6835/4908
f 5278/6835/4908 5279/6836/4909 5276/6833/4906
f 5280/6837/4910 5274/6831/4904 5277/6834/4907
f 5274/6831/4904 5280/6837/4910 5278/6835/4908
f 5277/6834/4907 5273/6830/4903 5281/6838/4911
f 5281/6838/4911 5280/6837/4910 5277/6834/4907
f 5280/6837/4910 5282/6839/4912 5278/6835/4908
f 5279/6836/4909 5278/6835/4908 5282/6839/4912
f 5280/6837/4910 5281/6838/4911 5283/6840/4913
f 5282/6839/4912 5280/6837/4910 5283/6840/4913
f 5273/6830/4903 5284/6841/4914 5281/6838/4911
f 5284/6841/4914 5283/6840/4913 5281/6838/4911
f 5269/6826/4899 5285/6842/4915 5273/6830/4903
f 5284/6841/4914 5273/6830/4903 5285/6842/4915
f 5285/6842/4915 5269/6826/4899 5249/6798/4879
f 5283/6840/4913 5284/6841/4914 5286/6843/4916
f 5249/6798/4879 5287/6844/4917 5285/6842/4915
f 5287/6844/4917 5249/6798/4879 5247/6796/4877
f 5247/6796/4877 5245/6794/4875 5287/6844/4917
f 5285/6842/4915 5288/6845/4918 5284/6841/4914
f 5288/6845/4918 5285/6842/4915 5287/6844/4917
f 5289/6846/4919 5287/6844/4917 5245/6794/4875
f 5287/6844/4917 5289/6846/4919 5288/6845/4918
f 5245/6794/4875 5246/6795/4876 5289/6846/4919
f 5290/6847/4920 5289/6846/4919 5246/6795/4876
f 5291/6848/4921 5284/6841/4914 5288/6845/4918
f 5289/6846/4919 5291/6848/4921 5288/6845/4918
f 5284/6841/4914 5291/6848/4921 5286/6843/4916
f 5289/6846/4919 5290/6847/4920 5292/6849/4922
f 5291/6848/4921 5289/6846/4919 5292/6849/4922
f 5292/6849/4922 5286/6843/4916 5291/6848/4921
f 5293/6850/4923 5292/6849/4922 5290/6847/4920
f 5286/6843/4916 5292/6849/4922 5294/6851/4924
f 5294/6851/4924 5283/6840/4913 5286/6843/4916
f 5292/6849/4922 5293/6850/4923 5294/6851/4924
f 5283/6840/4913 5294/6851/4924 5282/6839/4912
f 5293/6850/4923 5282/6839/4912 5294/6851/4924
f 5282/6839/4912 5293/6850/4923 5279/6836/4909
f 5293/6850/4923 5295/6852/4925 5279/6836/4909
f 5296/6853/4926 5279/6836/4909 5295/6852/4925
f 5279/6836/4909 5296/6853/4926 5276/6854/4906
f 5295/6852/4925 5293/6850/4923 5297/6855/4927
f 5298/6856/4928 5276/6854/4906 5296/6853/4926
f 5276/6854/4906 5298/6856/4928 5272/6857/4902
f 5299/6858/4929 5296/6853/4926 5295/6852/4925
f 5296/6853/4926 5299/6858/4929 5298/6856/4928
f 5297/6855/4927 5299/6858/4929 5295/6852/4925
f 5209/6859/4839 5272/6857/4902 5298/6856/4928
f 5299/6858/4929 5209/6859/4839 5298/6856/4928
f 5272/6857/4902 5209/6859/4839 5208/6860/4838
f 5299/6858/4929 5297/6855/4927 5300/6861/4930
f 5293/6850/4923 5301/6862/4931 5297/6855/4927
f 5301/6862/4931 5300/6861/4930 5297/6855/4927
f 5301/6862/4931 5293/6850/4923 5290/6863/4920
f 5300/6861/4930 5301/6862/4931 5302/6864/4932
f 5290/6863/4920 5302/6864/4932 5301/6862/4931
f 5191/6865/4821 5300/6861/4930 5302/6864/4932
f 5302/6864/4932 5290/6863/4920 5246/6866/4876
f 5246/6866/4876 5191/6865/4821 5302/6864/4932
f 5191/6865/4821 5246/6866/4876 5189/6867/4819
f 5076/6868/4714 5303/6869/4933 5113/6870/4750
f 5303/6869/4933 5076/6868/4714 5304/6871/4934
f 5304/6871/4934 5305/6872/4935 5303/6869/4936
f 5305/6872/4935 5304/6871/4934 5306/6873/4937
f 5306/6873/4937 5307/6874/4938 5305/6872/4935
f 5307/6874/4938 5306/6873/4937 5308/6875/4939
f 5308/6875/4939 5309/6876/4940 5307/6874/4938
f 5308/6875/4941 5310/6877/4942 5309/6876/4940
f 5310/6877/4942 5308/6875/4939 5311/6878/4943
f 5311/6878/4943 5312/6879/4944 5310/6877/4942
f 5311/6878/4943 5313/6880/4945 5312/6879/4944
f 5313/6880/4945 5311/6878/4943 5314/6881/4946
f 5179/6882/4947 5315/6883/4948 5114/6622/4751
f 5315/6883/4948 5179/6882/4947 5316/6884/4949
f 5316/6884/4949 5317/6885/4950 5315/6883/4948
f 5317/6885/4950 5316/6884/4949 5318/6886/4951
f 5318/6886/4951 5086/6887/4724 5317/6885/4950
f 5086/6887/4724 5318/6886/4951 5319/6888/4952
f 5086/6887/4724 5319/6888/4952 5320/6889/4953
f 5320/6889/4953 5321/6890/4954 5086/6887/4724
f 5321/6890/4954 5320/6889/4953 5322/6891/4955
f 5321/6890/4954 5322/6891/4955 5323/6892/4956
f 5323/6892/4956 5324/6893/4957 5321/6890/4954
f 5324/6893/4957 5323/6892/4956 5325/6894/4958
f 5324/6893/4957 5325/6894/4958 5326/6895/4959
f 5326/6895/4959 5327/6896/4960 5324/6893/4957
f 5328/6897/4961 5329/6898/4962 5327/6896/4960
f 5329/6898/4962 5328/6897/4961 5330/6899/4963
f 5330/6899/4963 5331/6900/4964 5329/6898/4962
f 5331/6900/4964 5330/6899/4963 5332/6901/4965
f 5332/6901/4965 5073/6902/4711 5331/6900/4964
f 5073/6902/4711 5332/6901/4965 5333/6903/4966
f 5333/6903/4966 5334/6904/4967 5073/6902/4711
f 5334/6904/4967 5333/6903/4966 5335/6905/4968
f 5335/6905/4968 5336/6906/4969 5334/6904/4967
f 5336/6906/4969 5335/6905/4968 5337/6907/4970
f 5337/6907/4970 5338/6908/4971 5336/6906/4969
f 5338/6908/4971 5337/6907/4970 5339/6909/4972
f 5339/6909/4972 5340/6910/4973 5338/6908/4971
f 5340/6910/4973 5339/6909/4972 5341/6911/4974
f 5341/6911/4974 5342/6912/4975 5340/6910/4973
f 5342/6912/4975 5341/6911/4974 5343/6913/4976
f 5343/6913/4976 5116/6914/4753 5342/6912/4975
f 5116/6914/4753 5343/6913/4976 5344/6915/4977
f 5344/6915/4977 5117/6916/4754 5116/6914/4753
f 5117/6916/4754 5344/6915/4977 5345/6917/4978
f 5345/6917/4978 5120/6918/4757 5117/6916/4754
f 5120/6918/4757 5345/6917/4979 5346/6919/4980
f 5346/6919/4981 5314/6920/4946 5120/6918/4757
f 5314/6920/4946 5346/6919/4981 5347/6921/4982
f 5314/6920/4946 5347/6921/4982 5313/6922/4945
f 5073/6578/4711 5348/6923/4983 5074/6579/4712
f 5348/6923/4983 5073/6578/4711 5349/6924/4984
f 5349/6924/4984 5350/6925/4985 5348/6923/4983
f 5334/6926/4967 5349/6924/4984 5073/6927/4711
f 5349/6924/4984 5334/6926/4967 5336/6928/4969
f 5350/6925/4985 5349/6924/4984 5351/6929/4986
f 5351/6929/4986 5352/6930/4987 5350/6925/4985
f 5349/6924/4984 5336/6928/4969 5353/6931/4988
f 5349/6924/4984 5353/6931/4988 5351/6929/4986
f 5338/6932/4971 5353/6931/4988 5336/6928/4969
f 5352/6930/4987 5351/6929/4986 5354/6933/4989
f 5353/6931/4988 5338/6932/4971 5355/6934/4990
f 5340/6935/4973 5355/6934/4990 5338/6932/4971
f 5356/6936/4991 5351/6929/4986 5353/6931/4988
f 5351/6929/4986 5356/6936/4991 5354/6933/4989
f 5355/6934/4990 5356/6936/4991 5353/6931/4988
f 5357/6937/4992 5352/6930/4987 5354/6933/4989
f 5356/6936/4991 5357/6937/4992 5354/6933/4989
f 5352/6930/4987 5357/6937/4992 5358/6938/4993
f 5355/6934/4990 5340/6935/4973 5359/6939/4994
f 5360/6940/4995 5358/6938/4993 5357/6937/4992
f 5340/6935/4973 5361/6941/4996 5359/6939/4994
f 5361/6941/4996 5340/6935/4973 5342/6942/4975
f 5342/6942/4975 5118/6943/4755 5361/6941/4996
f 5118/6943/4755 5342/6942/4975 5116/6944/4753
f 5358/6938/4993 5360/6940/4995 5362/6945/4997
f 5362/6945/4997 5066/6571/4704 5065/6570/4703
f 5066/6571/4704 5362/6945/4997 5360/6940/4995
f 5066/6946/4704 5360/6940/4995 5363/6947/4998
f 5364/6948/4999 5363/6947/4998 5360/6940/4995
f 5364/6948/4999 5360/6940/4995 5365/6949/5000
f 5365/6949/5000 5360/6940/4995 5357/6937/4992
f 5365/6949/5000 5366/6950/5001 5364/6948/4999
f 5357/6937/4992 5356/6936/4991 5365/6949/5000
f 5366/6950/5001 5365/6949/5000 5367/6951/5002
f 5356/6936/4991 5367/6951/5002 5365/6949/5000
f 5367/6951/5002 5368/6952/5003 5366/6950/5001
f 5367/6951/5002 5356/6936/4991 5369/6953/5004
f 5356/6936/4991 5355/6934/4990 5369/6953/5004
f 5359/6939/4994 5369/6953/5004 5355/6934/4990
f 5369/6953/5004 5359/6939/4994 5370/6954/5005
f 5371/6955/5006 5369/6953/5004 5370/6954/5005
f 5369/6953/5004 5371/6955/5006 5367/6951/5002
f 5368/6952/5003 5367/6951/5002 5371/6955/5006
f 5372/6956/5007 5368/6952/5003 5371/6955/5006
f 5368/6952/5003 5372/6956/5007 5373/6957/5008
f 5374/6958/5009 5373/6957/5008 5372/6956/5007
f 5373/6957/5008 5374/6958/5009 5375/6959/5010
f 5376/6960/5011 5304/6961/4934 5076/6962/4714
f 5304/6961/4934 5376/6960/5011 5377/6963/5012
f 5377/6963/5012 5306/6964/4937 5304/6961/4934
f 5306/6964/4937 5377/6963/5012 5378/6965/5013
f 5378/6965/5013 5308/6966/4939 5306/6964/4937
f 5308/6966/4939 5378/6965/5013 5379/6967/5014
f 5379/6967/5014 5311/6968/4943 5308/6966/4939
f 5311/6968/4943 5379/6967/5014 5380/6969/5015
f 5380/6969/5015 5314/6970/4946 5311/6968/4943
f 5314/6970/4946 5380/6969/5015 5381/6971/5016
f 5381/6971/5016 5120/6972/4757 5314/6970/4946
f 5120/6972/4757 5381/6971/5016 5119/6973/4756
f 5315/6974/4948 5382/6975/5017 5114/6976/4751
f 5382/6975/5017 5315/6974/4948 5317/6977/4950
f 5317/6977/4950 5085/6978/4723 5382/6975/5017
f 5085/6978/4723 5317/6977/4950 5086/6979/4724
f 5383/6980/5018 5078/6583/4716 5122/6981/4759
f 5078/6583/4716 5383/6980/5018 5376/6982/5011
f 5376/6982/5011 5076/6581/4714 5078/6583/4716
f 5384/6983/5019 5385/6984/5020 5386/6985/5021
f 5385/6984/5020 5384/6983/5019 5387/6986/5022
f 5387/6986/5022 5388/6987/5023 5385/6984/5020
f 5388/6987/5023 5387/6986/5022 5389/6988/5024
f 5389/6988/5024 5121/6632/4758 5388/6987/5023
f 5389/6988/5024 5390/6989/5025 5121/6632/4758
f 5390/6989/5025 5389/6988/5024 5391/6990/5026
f 5392/6991/5027 5390/6989/5025 5391/6990/5026
f 5390/6989/5025 5123/6635/4760 5121/6632/4758
f 5390/6989/5025 5392/6991/5027 5393/6992/5028
f 5393/6992/5028 5392/6991/5027 5394/6993/5029
f 5395/6994/5030 5393/6992/5028 5394/6993/5029
f 5123/6635/4760 5390/6989/5025 5396/6995/5031
f 5393/6992/5028 5395/6994/5030 5397/6996/5032
f 5398/6997/5033 5397/6996/5032 5395/6994/5030
f 5399/6998/5034 5390/6989/5025 5393/6992/5028
f 5397/6996/5032 5399/6998/5034 5393/6992/5028
f 5390/6989/5025 5399/6998/5034 5396/6995/5031
f 5397/6996/5032 5398/6997/5033 5400/6999/5035
f 5401/7000/5036 5123/6635/4760 5396/6995/5031
f 5402/7001/5037 5400/6999/5035 5398/6997/5033
f 5123/6635/4760 5401/7000/5036 5403/7002/5038
f 5396/6995/5031 5404/7003/5039 5401/7000/5036
f 5403/7002/5038 5405/7004/5040 5123/6635/4760
f 5404/7003/5039 5396/6995/5031 5399/6998/5034
f 5406/7005/5041 5405/7004/5040 5403/7002/5038
f 5404/7003/5039 5399/6998/5034 5407/7006/5042
f 5405/7004/5040 5406/7005/5041 5408/7007/5043
f 5409/7008/5044 5408/7007/5043 5406/7005/5041
f 5408/7007/5043 5409/7008/5044 5410/7009/5045
f 5399/6998/5034 5411/7010/5046 5407/7006/5042
f 5411/7010/5046 5399/6998/5034 5412/7011/5047
f 5399/6998/5034 5397/6996/5032 5412/7011/5047
f 5400/6999/5035 5412/7011/5047 5397/6996/5032
f 5412/7011/5047 5413/7012/5048 5411/7010/5046
f 5413/7012/5048 5412/7011/5047 5414/7013/5049
f 5412/7011/5047 5400/6999/5035 5414/7013/5049
f 5414/7013/5049 5415/7014/5050 5413/7012/5048
f 5416/7015/5051 5414/7013/5049 5400/6999/5035
f 5400/6999/5035 5402/7001/5037 5416/7015/5051
f 5415/7014/5050 5414/7013/5049 5417/7016/5052
f 5414/7013/5049 5416/7015/5051 5417/7016/5052
f 5418/7017/5053 5415/7014/5050 5417/7016/5052
f 5419/7018/5054 5417/7016/5052 5416/7015/5051
f 5417/7016/5052 5419/7018/5054 5418/7017/5053
f 5416/7015/5051 5420/7019/5055 5419/7018/5054
f 5420/7019/5055 5416/7015/5051 5402/7001/5037
f 5419/7018/5054 5421/7020/5056 5418/7017/5053
f 5421/7020/5056 5419/7018/5054 5420/7019/5055
f 5415/7014/5050 5418/7017/5053 5421/7020/5056
f 5420/7019/5055 5422/7021/5057 5421/7020/5056
f 5421/7020/5056 5423/7022/5058 5415/7014/5050
f 5423/7022/5058 5421/7020/5056 5422/7021/5057
f 5422/7021/5057 5420/7019/5055 5424/7023/5059
f 5402/7001/5037 5424/7023/5059 5420/7019/5055
f 5425/7024/5060 5423/7022/5058 5422/7021/5057
f 5424/7023/5059 5425/7024/5060 5422/7021/5057
f 5426/7025/5061 5415/7014/5050 5423/7022/5058
f 5415/7014/5050 5426/7025/5061 5413/7026/5048
f 5426/7025/5061 5411/7027/5046 5413/7026/5048
f 5427/7028/5062 5426/7025/5061 5423/7022/5058
f 5423/7022/5058 5425/7024/5060 5427/7028/5062
f 5411/7027/5046 5426/7025/5061 5428/7029/5063
f 5426/7025/5061 5427/7028/5062 5428/7029/5063
f 5428/7029/5063 5407/7030/5042 5411/7027/5046
f 5427/7028/5062 5429/7031/5064 5428/7029/5063
f 5407/7030/5042 5428/7029/5063 5429/7031/5064
f 5430/7032/5065 5427/7028/5062 5425/7024/5060
f 5431/7033/5066 5407/7030/5042 5429/7031/5064
f 5407/7030/5042 5431/7033/5066 5404/7034/5039
f 5429/7031/5064 5427/7028/5062 5432/7035/5067
f 5427/7028/5062 5430/7032/5065 5432/7035/5067
f 5429/7031/5064 5433/7036/5068 5431/7033/5066
f 5433/7036/5068 5429/7031/5064 5432/7035/5067
f 5434/7037/5069 5404/7034/5039 5431/7033/5066
f 5404/7034/5039 5434/7037/5069 5401/7038/5036
f 5434/7037/5069 5403/7039/5038 5401/7038/5036
f 5435/7040/5070 5431/7033/5066 5433/7036/5068
f 5431/7033/5066 5435/7040/5070 5434/7037/5069
f 5432/7035/5067 5436/7041/5071 5433/7036/5068
f 5436/7041/5071 5435/7040/5070 5433/7036/5068
f 5436/7041/5071 5432/7035/5067 5430/7032/5065
f 5403/7039/5038 5434/7037/5069 5437/7042/5072
f 5435/7040/5070 5437/7042/5072 5434/7037/5069
f 5437/7042/5072 5406/7043/5041 5403/7039/5038
f 5406/7043/5041 5437/7042/5072 5438/7044/5073
f 5438/7044/5073 5409/7045/5044 5406/7043/5041
f 5437/7042/5072 5435/7040/5070 5439/7046/5074
f 5439/7046/5074 5438/7044/5073 5437/7042/5072
f 5409/7045/5044 5438/7044/5073 5440/7047/5075
f 5440/7047/5075 5441/7048/5076 5409/7045/5044
f 5438/7044/5073 5439/7046/5074 5442/7049/5077
f 5442/7049/5077 5440/7047/5075 5438/7044/5073
f 5443/7050/5078 5439/7046/5074 5435/7040/5070
f 5435/7040/5070 5436/7041/5071 5443/7050/5078
f 5441/7048/5076 5440/7047/5075 5444/7051/5079
f 5444/7051/5079 5445/7052/5080 5441/7048/5076
f 5440/7047/5075 5442/7049/5077 5446/7053/5081
f 5446/7053/5081 5444/7051/5079 5440/7047/5075
f 5439/7046/5074 5447/7054/5082 5442/7049/5077
f 5447/7054/5082 5446/7053/5081 5442/7049/5077
f 5445/7052/5080 5444/7051/5079 5448/7055/5083
f 5448/7055/5083 5449/7056/5084 5445/7052/5080
f 5444/7051/5079 5446/7053/5081 5450/7057/5085
f 5444/7051/5079 5451/7058/5086 5448/7055/5083
f 5451/7058/5086 5444/7051/5079 5450/7057/5085
f 5452/7059/5087 5450/7057/5085 5446/7053/5081
f 5446/7053/5081 5447/7054/5082 5452/7059/5087
f 5453/7060/5088 5451/7058/5086 5450/7057/5085
f 5450/7057/5085 5452/7059/5087 5453/7060/5088
f 5454/7061/5089 5448/7055/5083 5451/7058/5086
f 5451/7058/5086 5453/7060/5088 5454/7061/5089
f 5448/7055/5083 5454/7061/5089 5455/7062/5090
f 5449/7056/5084 5448/7055/5083 5455/7062/5090
f 5453/7060/5088 5126/6638/4763 5454/7061/5089
f 5126/6638/4763 5455/7062/5090 5454/7061/5089
f 5126/6638/4763 5453/7060/5088 5124/6636/4761
f 5455/7062/5090 5126/6638/4763 5456/7063/5091
f 5456/7063/5091 5449/7056/5084 5455/7062/5090
f 5125/6637/4762 5456/7063/5091 5126/6638/4763
f 5453/7060/5088 5457/7064/5092 5124/6636/4761
f 5457/7064/5092 5453/7060/5088 5452/7059/5087
f 5457/7064/5092 5127/6639/4764 5124/6636/4761
f 5452/7059/5087 5458/7065/5093 5457/7064/5092
f 5458/7065/5093 5452/7059/5087 5447/7054/5082
f 5127/6639/4764 5457/7064/5092 5459/7066/5094
f 5447/7054/5082 5460/7067/5095 5458/7065/5093
f 5457/7064/5092 5461/7068/5096 5459/7066/5094
f 5461/7068/5096 5457/7064/5092 5458/7065/5093
f 5459/7066/5094 5462/7069/5097 5127/6639/4764
f 5462/7069/5097 5125/6637/4762 5127/6639/4764
f 5461/7068/5096 5463/7070/5098 5459/7066/5094
f 5462/7069/5097 5459/7066/5094 5463/7070/5098
f 5458/7065/5093 5464/7071/5099 5461/7068/5096
f 5464/7071/5099 5458/7065/5093 5460/7067/5095
f 5463/7070/5098 5461/7068/5096 5465/7072/5100
f 5464/7071/5099 5465/7072/5100 5461/7068/5096
f 5463/7070/5098 5466/7073/5101 5462/7069/5097
f 5466/7073/5101 5463/7070/5098 5384/7074/5019
f 5465/7072/5100 5384/7074/5019 5463/7070/5098
f 5467/7075/5102 5462/7069/5097 5466/7073/5101
f 5384/7074/5019 5465/7072/5100 5387/7076/5022
f 5462/7069/5097 5467/7075/5102 5468/7077/5103
f 5125/6637/4762 5462/7069/5097 5468/7077/5103
f 5456/7063/5091 5125/6637/4762 5468/7077/5103
f 5469/7078/5104 5468/7077/5103 5467/7075/5102
f 5468/7077/5103 5469/7078/5104 5456/7063/5091
f 5449/7056/5084 5456/7063/5091 5469/7078/5104
f 5470/7079/5105 5387/7076/5022 5465/7072/5100
f 5465/7072/5100 5464/7071/5099 5470/7079/5105
f 5387/7076/5022 5470/7079/5105 5389/7080/5024
f 5471/7081/5106 5389/7080/5024 5470/7079/5105
f 5389/7080/5024 5471/7081/5106 5391/7082/5026
f 5471/7081/5106 5392/7083/5027 5391/7082/5026
f 5472/7084/5107 5470/7079/5105 5464/7071/5099
f 5470/7079/5105 5472/7084/5107 5471/7081/5106
f 5392/7083/5027 5471/7081/5106 5473/7085/5108
f 5472/7084/5107 5473/7085/5108 5471/7081/5106
f 5473/7085/5108 5394/7086/5029 5392/7083/5027
f 5464/7071/5099 5474/7087/5109 5472/7084/5107
f 5474/7087/5109 5464/7071/5099 5460/7067/5095
f 5473/7085/5108 5472/7084/5107 5475/7088/5110
f 5474/7087/5109 5475/7088/5110 5472/7084/5107
f 5394/7086/5029 5473/7085/5108 5476/7089/5111
f 5475/7088/5110 5476/7089/5111 5473/7085/5108
f 5477/7090/5112 5394/7086/5029 5476/7089/5111
f 5394/7086/5029 5477/7090/5112 5395/7091/5030
f 5476/7089/5111 5475/7088/5110 5478/7092/5113
f 5479/7093/5114 5395/7091/5030 5477/7090/5112
f 5395/7091/5030 5479/7093/5114 5398/7094/5033
f 5479/7093/5114 5402/7001/5037 5398/7094/5033
f 5476/7089/5111 5480/7095/5115 5477/7090/5112
f 5480/7095/5115 5479/7093/5114 5477/7090/5112
f 5480/7095/5115 5476/7089/5111 5478/7092/5113
f 5402/7001/5037 5479/7093/5114 5481/7096/5116
f 5479/7093/5114 5480/7095/5115 5481/7096/5116
f 5424/7023/5059 5402/7001/5037 5481/7096/5116
f 5481/7096/5116 5482/7097/5117 5424/7023/5059
f 5482/7097/5117 5481/7096/5116 5480/7095/5115
f 5425/7024/5060 5424/7023/5059 5482/7097/5117
f 5483/7098/5118 5480/7095/5115 5478/7092/5113
f 5480/7095/5115 5483/7098/5118 5482/7097/5117
f 5483/7098/5118 5425/7024/5060 5482/7097/5117
f 5475/7088/5110 5483/7098/5118 5478/7092/5113
f 5425/7024/5060 5483/7098/5118 5430/7032/5065
f 5483/7098/5118 5475/7088/5110 5484/7099/5119
f 5484/7099/5119 5430/7032/5065 5483/7098/5118
f 5475/7088/5110 5474/7087/5109 5484/7099/5119
f 5430/7032/5065 5484/7099/5119 5436/7041/5071
f 5484/7099/5119 5443/7050/5078 5436/7041/5071
f 5443/7050/5078 5484/7099/5119 5474/7087/5109
f 5474/7087/5109 5485/7100/5120 5443/7050/5078
f 5485/7100/5120 5474/7087/5109 5460/7067/5095
f 5439/7046/5074 5443/7050/5078 5485/7100/5120
f 5460/7067/5095 5447/7054/5082 5485/7100/5120
f 5447/7054/5082 5439/7046/5074 5485/7100/5120
f 5486/7101/5121 5487/7102/5122 5488/7103/5123
f 5487/7102/5122 5486/7101/5121 5489/7104/5124
f 5489/7104/5124 5490/7105/5125 5487/7102/5122
f 5490/7105/5125 5489/7104/5124 5491/7106/5126
f 5492/7107/5127 5490/7105/5125 5491/7106/5126
f 5490/7105/5125 5492/7107/5127 5493/7108/5128
f 5494/7109/5129 5493/7108/5128 5492/7107/5127
f 5493/7108/5128 5494/7109/5129 5495/7110/5130
f 5496/7111/5131 5493/7108/5128 5495/7110/5130
f 5493/7108/5128 5496/7111/5131 5497/7112/5132
f 5497/7112/5132 5490/7105/5125 5493/7108/5128
f 5490/7105/5125 5497/7112/5132 5498/7113/5133
f 5499/7114/5134 5490/7105/5125 5498/7113/5133
f 5490/7105/5125 5499/7114/5134 5487/7102/5122
f 5500/7115/5135 5487/7102/5122 5499/7114/5134
f 5487/7102/5122 5500/7115/5135 5488/7103/5123
f 5501/7116/5136 5502/7117/5137 5503/7118/5138
f 5502/7117/5137 5501/7116/5136 5504/7119/5139
f 5504/7119/5139 5505/7120/5140 5502/7117/5137
f 5505/7120/5140 5504/7119/5139 5506/7121/5141
f 5503/7118/5138 5507/7122/5142 5501/7116/5136
f 5507/7122/5142 5503/7118/5138 5508/7123/5143
f 5508/7123/5143 5509/7124/5144 5507/7122/5142
f 5509/7124/5144 5508/7123/5143 5510/7125/5145
f 5510/7126/5145 5511/7127/5146 5509/7128/5144
f 5511/7127/5146 5510/7126/5145 5512/7129/5147
f 5512/7129/5147 5513/7130/5148 5511/7127/5146
f 5513/7130/5148 5512/7129/5147 5514/7131/5149
f 5514/7131/5149 5515/7132/5150 5513/7130/5148
f 5515/7132/5150 5514/7131/5149 5516/7133/5151
f 5516/7133/5151 5506/7134/5141 5515/7132/5150
f 5506/7134/5141 5516/7133/5151 5505/7135/5140
f 5517/7136/5152 5518/7137/5153 5519/7138/5154
f 5518/7137/5153 5517/7136/5152 5520/7139/5155
f 5520/7139/5155 5521/7140/5156 5518/7137/5153
f 5521/7140/5156 5520/7139/5155 5522/7141/5157
f 5519/7138/5154 5523/7142/5158 5517/7136/5152
f 5523/7142/5158 5519/7138/5154 5524/7143/5159
f 5524/7143/5159 5525/7144/5160 5523/7142/5158
f 5525/7144/5160 5524/7143/5159 5526/7145/5161
f 5526/7146/5161 5527/7147/5162 5525/7148/5160
f 5527/7147/5162 5526/7146/5161 5528/7149/5163
f 5528/7149/5163 5529/7150/5164 5527/7147/5162
f 5529/7150/5164 5528/7149/5163 5530/7151/5165
f 5530/7151/5165 5531/7152/5166 5529/7150/5164
f 5531/7152/5166 5530/7151/5165 5532/7153/5167
f 5532/7153/5167 5522/7154/5157 5531/7152/5166
f 5522/7154/5157 5532/7153/5167 5521/7155/5156
f 5533/7156/5168 5534/7157/5169 5535/7158/5170
f 5534/7157/5169 5533/7156/5168 5536/7159/5171
f 5536/7159/5171 5537/7160/5172 5534/7157/5169
f 5537/7160/5172 5536/7159/5171 5538/7161/5173
f 5538/7161/5173 5539/7162/5174 5537/7160/5172
f 5539/7162/5174 5538/7161/5173 5540/7163/5175
f 5540/7163/5175 5535/7164/5170 5539/7162/5174
f 5535/7164/5170 5540/7163/5175 5533/7165/5168
f 5541/7166/5176 5536/7167/5171 5533/7168/5168
f 5536/7167/5171 5541/7166/5176 5542/7169/5177
f 5542/7169/5177 5538/7170/5173 5536/7167/5171
f 5538/7170/5173 5542/7169/5177 5543/7171/5178
f 5543/7171/5178 5540/7172/5175 5538/7170/5173
f 5540/7172/5175 5543/7171/5178 5544/7173/5179
f 5544/7173/5179 5533/7174/5168 5540/7172/5175
f 5533/7174/5168 5544/7173/5179 5541/7175/5176
f 5545/7176/5180 5542/7177/5177 5541/7178/5176
f 5542/7177/5177 5545/7176/5180 5546/7179/5181
f 5546/7179/5181 5543/7180/5178 5542/7177/5177
f 5543/7180/5178 5546/7179/5181 5547/7181/5182
f 5547/7181/5182 5544/7182/5179 5543/7180/5178
f 5544/7182/5179 5547/7181/5182 5548/7183/5183
f 5548/7183/5183 5541/7184/5176 5544/7182/5179
f 5541/7184/5176 5548/7183/5183 5545/7185/5180
f 5549/7186/5184 5546/7187/5181 5545/7188/5180
f 5546/7187/5181 5549/7186/5184 5550/7189/5185
f 5550/7189/5185 5547/7190/5182 5546/7187/5181
f 5547/7190/5182 5550/7189/5185 5551/7191/5186
f 5551/7191/5186 5548/7192/5183 5547/7190/5182
f 5548/7192/5183 5551/7191/5186 5552/7193/5187
f 5552/7193/5187 5545/7194/5180 5548/7192/5183
f 5545/7194/5180 5552/7193/5187 5549/7195/5184
f 5176/7196/4806 5550/7197/5185 5549/7198/5184
f 5550/7197/5185 5176/7196/4806 5553/7199/5188
f 5553/7199/5188 5551/7200/5186 5550/7197/5185
f 5551/7200/5186 5553/7199/5188 5554/7201/5189
f 5554/7201/5189 5552/7202/5187 5551/7200/5186
f 5552/7202/5187 5554/7201/5189 5174/7203/4804
f 5174/7203/4804 5549/7204/5184 5552/7202/5187
f 5549/7204/5184 5174/7203/4804 5176/7205/4806
f 5555/7206/5190 5553/7207/5188 5176/7208/4806
f 5553/7207/5188 5555/7206/5190 5556/7209/5191
f 5556/7209/5191 5554/7210/5189 5553/7207/5188
f 5554/7210/5189 5556/7209/5191 5557/7211/5192
f 5557/7211/5192 5174/7212/4804 5554/7210/5189
f 5174/7212/4804 5557/7211/5192 5558/7213/5193
f 5102/7214/4739 5556/7215/5191 5555/7216/5190
f 5556/7215/5191 5102/7214/4739 5559/7217/5194
f 5559/7217/5194 5557/7218/5192 5556/7215/5191
f 5557/7218/5192 5559/7217/5194 5560/7219/5195
f 5560/7219/5195 5558/7220/5193 5557/7218/5192
f 5558/7220/5193 5560/7219/5195 5561/7221/5196
f 5104/7222/4741 5559/7223/5194 5102/7224/4739
f 5559/7223/5194 5104/7222/4741 5562/7225/5197
f 5562/7225/5197 5560/7226/5195 5559/7223/5194
f 5560/7226/5195 5562/7225/5197 5563/7227/5198
f 5563/7227/5198 5561/7228/5196 5560/7226/5195
f 5561/7228/5196 5563/7227/5198 5564/7229/5199
f 5565/7230/5200 5562/7231/5197 5104/7232/4741
f 5562/7231/5197 5565/7230/5200 5566/7233/5201
f 5566/7233/5201 5563/7234/5198 5562/7231/5197
f 5563/7234/5198 5566/7233/5201 5567/7235/5202
f 5567/7235/5202 5564/7236/5199 5563/7234/5198
f 5564/7236/5199 5567/7235/5202 5568/7237/5203
f 5568/7237/5203 5104/7238/4741 5564/7236/5199
f 5104/7238/4741 5568/7237/5203 5565/7239/5200
f 5569/7240/5204 5566/7241/5201 5565/7242/5200
f 5566/7241/5201 5569/7240/5204 5570/7243/5205
f 5570/7243/5205 5567/7244/5202 5566/7241/5201
f 5567/7244/5202 5570/7243/5205 5571/7245/5206
f 5571/7245/5206 5568/7246/5203 5567/7244/5202
f 5568/7246/5203 5571/7245/5206 5572/7247/5207
f 5572/7247/5207 5565/7248/5200 5568/7246/5203
f 5565/7248/5200 5572/7247/5207 5569/7249/5204
f 5573/7250/5208 5570/7251/5205 5569/7252/5204
f 5570/7251/5205 5573/7250/5208 5574/7253/5209
f 5574/7253/5209 5571/7254/5206 5570/7251/5205
f 5571/7254/5206 5574/7253/5209 5575/7255/5210
f 5575/7255/5210 5572/7256/5207 5571/7254/5206
f 5572/7256/5207 5575/7255/5210 5576/7257/5211
f 5576/7257/5211 5569/7258/5204 5572/7256/5207
f 5569/7258/5204 5576/7257/5211 5573/7259/5208
f 5577/7260/5212 5574/7261/5209 5573/7262/5208
f 5574/7261/5209 5577/7260/5212 5578/7263/5213
f 5578/7263/5213 5575/7264/5210 5574/7261/5209
f 5575/7264/5210 5578/7263/5213 5579/7265/5214
f 5579/7265/5214 5576/7266/5211 5575/7264/5210
f 5576/7266/5211 5579/7265/5214 5580/7267/5169
f 5580/7267/5169 5573/7268/5208 5576/7266/5211
f 5573/7268/5208 5580/7267/5169 5577/7269/5212
f 5581/7270/5215 5578/7271/5213 5577/7272/5212
f 5578/7271/5213 5581/7270/5215 5582/7273/5216
f 5582/7273/5216 5579/7274/5214 5578/7271/5213
f 5579/7274/5214 5582/7273/5216 5583/7275/5217
f 5583/7275/5217 5580/7276/5169 5579/7274/5214
f 5580/7276/5169 5583/7275/5217 5584/7277/5218
f 5584/7277/5218 5577/7278/5212 5580/7276/5169
f 5577/7278/5212 5584/7277/5218 5581/7279/5215
f 5585/7280/5219 5582/7281/5216 5581/7282/5215
f 5582/7281/5216 5585/7280/5219 5586/7283/5220
f 5586/7283/5220 5583/7284/5217 5582/7281/5216
f 5583/7284/5217 5586/7283/5220 5587/7285/5221
f 5587/7285/5221 5584/7286/5218 5583/7284/5217
f 5584/7286/5218 5587/7285/5221 5588/7287/5222
f 5588/7287/5222 5581/7288/5215 5584/7286/5218
f 5581/7288/5215 5588/7287/5222 5585/7289/5219
f 5589/7290/5223 5586/7291/5220 5585/7292/5219
f 5586/7291/5220 5589/7290/5223 5590/7293/5224
f 5590/7293/5224 5587/7294/5221 5586/7291/5220
f 5587/7294/5221 5590/7293/5224 5591/7295/5225
f 5591/7295/5225 5588/7296/5222 5587/7294/5221
f 5588/7296/5222 5591/7295/5225 5592/7297/5226
f 5592/7297/5226 5585/7298/5219 5588/7296/5222
f 5585/7298/5219 5592/7297/5226 5589/7299/5223
f 5107/7300/4744 5590/7301/5224 5589/7302/5223
f 5590/7301/5224 5107/7300/4744 5593/7303/5227
f 5593/7303/5227 5591/7304/5225 5590/7301/5224
f 5591/7304/5225 5593/7303/5227 5594/7305/5228
f 5594/7305/5228 5592/7306/5226 5591/7304/5225
f 5592/7306/5226 5594/7305/5228 5595/7307/5229
f 5595/7307/5229 5589/7308/5223 5592/7306/5226
f 5589/7308/5223 5595/7307/5229 5107/7309/4744
f 5106/7310/4743 5593/7311/5227 5107/7312/4744
f 5593/7311/5227 5106/7310/4743 5596/7313/5230
f 5596/7313/5230 5594/7314/5228 5593/7311/5227
f 5594/7314/5228 5596/7313/5230 5597/7315/5231
f 5597/7315/5231 5595/7316/5229 5594/7314/5228
f 5595/7316/5229 5597/7315/5231 5598/7317/5232
f 5599/7318/5233 5596/7319/5230 5106/7320/4743
f 5596/7319/5230 5599/7318/5233 5600/7321/5234
f 5600/7321/5234 5597/7322/5231 5596/7319/5230
f 5597/7322/5231 5600/7321/5234 5601/7323/5235
f 5601/7323/5235 5598/7324/5232 5597/7322/5231
f 5598/7324/5232 5601/7323/5235 5602/7325/5236
f 5603/7326/5237 5600/7327/5234 5599/7328/5233
f 5600/7327/5234 5603/7326/5237 5604/7329/5238
f 5604/7329/5238 5601/7330/5235 5600/7327/5234
f 5601/7330/5235 5604/7329/5238 5605/7331/5239
f 5605/7331/5239 5602/7332/5236 5601/7330/5235
f 5602/7332/5236 5605/7331/5239 5606/7333/5240
f 5607/7334/5241 5604/7335/5238 5603/7336/5237
f 5604/7335/5238 5607/7334/5241 5608/7337/5242
f 5608/7337/5242 5605/7338/5239 5604/7335/5238
f 5605/7338/5239 5608/7337/5242 5609/7339/5243
f 5609/7339/5243 5606/7340/5240 5605/7338/5239
f 5606/7340/5240 5609/7339/5243 5610/7341/5244
f 5610/7341/5244 5603/7342/5237 5606/7340/5240
f 5603/7342/5237 5610/7341/5244 5607/7343/5241
f 5611/7344/5245 5608/7345/5242 5607/7346/5241
f 5608/7345/5242 5611/7344/5245 5612/7347/5246
f 5612/7347/5246 5609/7348/5243 5608/7345/5242
f 5609/7348/5243 5612/7347/5246 5613/7349/5247
f 5613/7349/5247 5610/7350/5244 5609/7348/5243
f 5610/7350/5244 5613/7349/5247 5614/7351/5248
f 5614/7351/5248 5607/7352/5241 5610/7350/5244
f 5607/7352/5241 5614/7351/5248 5611/7353/5245
f 5615/7354/5249 5612/7355/5246 5611/7356/5245
f 5612/7355/5246 5615/7354/5249 5616/7357/5250
f 5616/7357/5250 5613/7358/5247 5612/7355/5246
f 5613/7358/5247 5616/7357/5250 5617/7359/5251
f 5617/7359/5251 5614/7360/5248 5613/7358/5247
f 5614/7360/5248 5617/7359/5251 5618/7361/5252
f 5618/7361/5252 5611/7362/5245 5614/7360/5248
f 5611/7362/5245 5618/7361/5252 5615/7363/5249
f 5619/7364/5253 5616/7365/5250 5615/7366/5249
f 5616/7365/5250 5619/7364/5253 5620/7367/5254
f 5620/7367/5254 5617/7368/5251 5616/7365/5250
f 5617/7368/5251 5620/7367/5254 5621/7369/5255
f 5621/7369/5255 5618/7370/5252 5617/7368/5251
f 5618/7370/5252 5621/7369/5255 5622/7371/5256
f 5622/7371/5256 5615/7372/5249 5618/7370/5252
f 5615/7372/5249 5622/7371/5256 5619/7373/5253
f 5535/7374/5170 5620/7375/5254 5619/7376/5253
f 5620/7375/5254 5535/7374/5170 5534/7377/5169
f 5534/7377/5169 5621/7378/5255 5620/7375/5254
f 5621/7378/5255 5534/7377/5169 5537/7379/5172
f 5537/7379/5172 5622/7380/5256 5621/7378/5255
f 5622/7380/5256 5537/7379/5172 5539/7381/5174
f 5539/7381/5174 5619/7382/5253 5622/7380/5256
f 5619/7382/5253 5539/7381/5174 5535/7383/5170
f 5599/7384/5233 5623/7385/5257 5603/7386/5237
f 5624/7387/5258 5623/7385/5257 5599/7384/5233
f 5623/7385/5257 5624/7387/5258 5625/7388/5259
f 5626/7389/5260 5625/7388/5259 5624/7387/5258
f 5625/7388/5259 5626/7389/5260 5627/7390/5261
f 5627/7390/5261 5628/7391/5262 5629/7392/5263
f 5628/7391/5262 5627/7390/5261 5626/7389/5260
f 5626/7389/5260 5630/7393/5264 5628/7391/5262
f 5624/7387/5258 5631/7394/5265 5626/7389/5260
f 5630/7393/5264 5626/7389/5260 5631/7394/5265
f 5631/7394/5265 5624/7387/5258 5632/7395/5266
f 5105/6610/4742 5633/7396/5267 5632/7395/5266
f 5633/7396/5267 5631/7394/5265 5632/7395/5266
f 5631/7394/5265 5633/7396/5267 5634/7397/5268
f 5634/7397/5268 5630/7393/5264 5631/7394/5265
f 5630/7393/5264 5634/7397/5268 5635/7398/5269
f 5634/7397/5268 5636/7399/5270 5635/7398/5269
f 5636/7399/5270 5634/7397/5268 5637/7400/5271
f 5637/7400/5271 5638/7401/5272 5636/7399/5270
f 5638/7401/5272 5637/7400/5271 5639/7402/5273
f 5640/7403/5274 5639/7402/5273 5637/7400/5271
f 5640/7403/5274 5103/6608/4740 5641/7404/5275
f 5639/7402/5273 5640/7403/5274 5641/7404/5275
f 5642/7405/5276 5639/7402/5273 5641/7404/5275
f 5643/7406/5277 5638/7401/5272 5639/7402/5273
f 5639/7402/5273 5642/7405/5276 5643/7406/5277
f 5638/7401/5272 5643/7406/5277 5644/7407/5278
f 5644/7407/5278 5645/7408/5279 5646/7409/5280
f 5645/7408/5279 5644/7407/5278 5643/7406/5277
f 5643/7406/5277 5647/7410/5281 5645/7408/5279
f 5647/7410/5281 5643/7406/5277 5642/7405/5276
f 5642/7405/5276 5175/7411/4805 5647/7410/5281
f 5175/7411/4805 5642/7405/5276 5555/7412/5190
f 5175/7411/4805 5555/7412/5190 5176/7413/4806
f 5599/7384/5233 5632/7395/5266 5624/7387/5258
f 5632/7395/5266 5599/7384/5233 5106/6611/4743
f 5106/6611/4743 5105/6610/4742 5632/7395/5266
f 5648/7414/5282 5649/7415/5283 5650/7416/5284
f 5649/7415/5283 5648/7414/5282 5651/7417/5285
f 5651/7418/5285 5652/7419/5286 5649/7415/5283
f 5652/7419/5286 5651/7418/5285 5653/7420/5287
f 5653/7420/5287 5654/7421/5288 5652/7419/5286
f 5654/7421/5288 5653/7420/5287 5655/7422/5289
f 5655/7423/5289 5656/7424/5290 5654/7421/5288
f 5656/7424/5290 5655/7423/5289 5657/7425/5291
f 5657/7426/5291 5658/7427/5292 5656/7424/5290
f 5658/7427/5292 5657/7426/5291 5659/7428/5293
f 5659/7428/5293 5660/7429/5294 5658/7427/5292
f 5660/7429/5294 5659/7428/5293 5661/7430/5295
f 5661/7430/5295 5662/7431/5296 5660/7429/5294
f 5662/7431/5296 5661/7430/5295 5663/7432/5297
f 5663/7432/5297 5664/7433/5298 5662/7431/5296
f 5664/7433/5298 5663/7432/5297 5665/7434/5299
f 5665/7434/5299 5666/7435/5300 5664/7433/5298
f 5666/7435/5300 5665/7434/5299 5667/7436/5301
f 5667/7436/5301 5668/7437/5302 5666/7435/5300
f 5668/7437/5302 5667/7436/5301 5669/7438/5303
f 5669/7438/5303 5670/7439/5304 5668/7437/5302
f 5670/7439/5304 5669/7438/5303 5671/7440/5305
f 5671/7440/5305 5672/7441/5306 5670/7439/5304
f 5672/7441/5306 5671/7440/5305 5673/7442/5307
f 5673/7442/5307 5674/7443/5308 5672/7441/5306
f 5674/7443/5308 5673/7442/5307 5675/7444/5309
f 5675/7444/5309 5676/7445/5310 5674/7443/5308
f 5676/7445/5310 5675/7444/5309 5677/7446/5311
f 5677/7446/5311 5650/7447/5284 5676/7445/5310
f 5650/7447/5284 5677/7446/5311 5648/7448/5282
f 5180/6716/4810 5678/7449/5312 5108/6714/4745
f 5678/7449/5312 5180/6716/4810 5679/7450/5313
f 5679/7450/5313 5680/7451/5314 5678/7449/5312
f 5680/7451/5314 5679/7450/5313 5681/7452/5315
f 5681/7452/5315 5682/7453/5316 5680/7451/5314
f 5682/7453/5316 5681/7452/5315 5683/7454/5317
f 5682/7453/5316 5683/7454/5317 5684/7455/5318
f 5684/7455/5318 5685/7456/5319 5682/7453/5316
f 5685/7456/5319 5684/7455/5318 5686/7457/5320
f 5685/7456/5319 5686/7457/5320 5687/7458/5321
f 5687/7458/5321 5688/7459/5322 5685/7456/5319
f 5688/7459/5322 5687/7458/5321 5689/7460/5323
f 5688/7459/5322 5689/7460/5323 5690/7461/5324
f 5690/7461/5324 5691/7462/5325 5688/7459/5322
f 5691/7462/5325 5690/7461/5324 5692/7463/5326
f 5692/7463/5326 5693/7464/5327 5691/7462/5325
f 5693/7464/5327 5692/7463/5326 5694/7465/5328
f 5694/7465/5328 5695/7466/5329 5693/7464/5327
f 5695/7466/5329 5694/7465/5328 5696/7467/5330
f 5696/7467/5330 5697/7468/5331 5695/7466/5329
f 5697/7468/5331 5696/7467/5330 5698/7469/5332
f 5698/7469/5332 5699/7470/5333 5697/7468/5331
f 5699/7470/5333 5698/7469/5332 5700/7471/5334
f 5700/7471/5334 5701/7472/5335 5699/7470/5333
f 5701/7472/5335 5700/7471/5334 5702/7473/5336
f 5702/7473/5336 5703/7474/5337 5701/7472/5335
f 5703/7474/5337 5702/7473/5336 5704/7475/5338
f 5704/7475/5338 5705/7476/5339 5703/7474/5337
f 5705/7476/5339 5704/7475/5338 5706/7477/5340
f 5706/7477/5340 5707/7478/5341 5705/7476/5339
f 5707/7478/5341 5706/7477/5340 5708/7479/5342
f 5708/7479/5342 5709/7480/5343 5707/7478/5341
f 5709/7480/5343 5708/7479/5342 5710/7481/5344
f 5710/7481/5344 5711/7482/5345 5709/7480/5343
f 5711/7482/5345 5710/7481/5344 5712/7483/5346
f 5712/7483/5346 5063/7484/4701 5711/7482/5345
f 5713/7485/5347 5714/7486/5290 5715/7487/5348
f 5714/7486/5290 5713/7485/5347 5716/7488/5288
f 5717/7489/5349 5716/7488/5288 5713/7490/5347
f 5716/7488/5288 5717/7489/5349 5718/7491/5286
f 5719/7492/5350 5718/7491/5286 5717/7489/5349
f 5718/7491/5286 5719/7492/5350 5720/7493/5351
f 5720/7493/5351 5721/7494/5352 5722/7495/5353
f 5721/7494/5352 5720/7493/5351 5719/7496/5350
f 5723/7497/5354 5715/7498/5348 5714/7486/5290
f 5715/7498/5348 5723/7497/5354 5724/7499/5355
f 5725/7500/5294 5724/7499/5355 5723/7497/5354
f 5724/7499/5355 5725/7500/5294 5726/7501/5356
f 5727/7502/5296 5726/7501/5356 5725/7500/5294
f 5726/7501/5356 5727/7502/5296 5728/7503/5357
f 5729/7504/5298 5728/7503/5357 5727/7502/5296
f 5728/7503/5357 5729/7504/5298 5730/7505/5358
f 5731/7506/5300 5730/7505/5358 5729/7504/5298
f 5730/7505/5358 5731/7506/5300 5732/7507/5359
f 5733/7508/5360 5732/7507/5359 5731/7506/5300
f 5732/7507/5359 5733/7508/5360 5734/7509/5361
f 5735/7510/5304 5734/7509/5361 5733/7508/5360
f 5734/7509/5361 5735/7510/5304 5736/7511/5362
f 5737/7512/5306 5736/7511/5362 5735/7510/5304
f 5736/7511/5362 5737/7512/5306 5738/7513/5363
f 5739/7514/5364 5738/7513/5363 5737/7512/5306
f 5738/7513/5363 5739/7514/5364 5740/7515/5365
f 5741/7516/5310 5740/7515/5365 5739/7514/5364
f 5740/7515/5365 5741/7516/5310 5742/7517/5366
f 5722/7518/5353 5742/7517/5366 5741/7516/5310
f 5742/7517/5366 5722/7518/5353 5721/7519/5352
f 5050/7520/4687 5047/7521/4684 5108/7522/4745
f 5050/7520/4687 5108/7522/4745 5678/7523/5312
f 5678/7523/5312 5052/7524/4689 5050/7520/4687
f 5052/7524/4689 5678/7523/5312 5680/7525/5314
f 5680/7525/5314 5054/7526/4691 5052/7524/4689
f 5054/7526/4691 5680/7525/5314 5682/7527/5316
f 5743/7528/5367 5069/7529/4707 5049/7530/4686
f 5069/7529/4707 5743/7528/5367 5744/7531/5368
f 5051/7532/4688 5744/7531/5368 5743/7528/5367
f 5744/7531/5368 5051/7532/4688 5052/7533/4689
f 5053/7534/4690 5052/7533/5369 5051/7532/4688
f 5053/7534/5370 5745/7535/5371 5054/7536/4691
f 5746/7537/5372 5054/7536/4691 5745/7535/5371
f 5054/7536/4691 5746/7537/5372 5747/7538/5373
f 5746/7537/5372 5058/7539/4696 5747/7538/5373
f 5748/7540/5374 5747/7538/5373 5058/7539/4696
f 5747/7538/5373 5748/7540/5374 5749/7541/5375
f 5750/7542/5376 5109/6616/4746 5108/6613/4745
f 5109/6616/4746 5750/7542/5376 5751/7543/5377
f 5680/7544/5314 5751/7543/5377 5750/7542/5376
f 5751/7543/5377 5680/7544/5314 5752/7545/5378
f 5083/7546/4721 5752/7545/5378 5680/7544/5314
f 5752/7545/5378 5083/7546/4721 5683/7547/5317
f 5753/7548/5379 5683/7547/5317 5083/7546/4721
f 5754/7549/5380 5753/7548/5379 5083/7546/4721
f 5753/7548/5379 5754/7549/5380 5686/7550/5320
f 5687/7458/5321 5686/7550/5320 5754/7549/5380
f 5755/7551/5381 5687/7458/5321 5754/7549/5380
f 5687/7458/5321 5755/7551/5381 5689/7552/5323
f 5690/7461/5324 5689/7552/5323 5755/7551/5381
f 5756/7553/5382 5690/7461/5324 5755/7551/5381
f 5690/7461/5324 5756/7553/5382 5692/7554/5326
f 5757/7555/5383 5692/7554/5326 5756/7553/5382
f 5692/7554/5326 5757/7555/5383 5694/7556/5328
f 5758/7557/5384 5694/7556/5328 5757/7555/5383
f 5694/7556/5328 5758/7557/5384 5696/7558/5330
f 5066/7559/4704 5696/7558/5330 5758/7557/5384
f 5696/7558/5330 5066/7559/4704 5759/7560/5385
f 5363/7561/4998 5759/7560/5385 5066/7559/4704
f 5759/7560/5385 5363/7561/4998 5700/7562/5334
f 5364/7563/4999 5700/7562/5334 5363/7561/4998
f 5700/7562/5334 5364/7563/4999 5760/7564/5386
f 5366/7565/5001 5760/7564/5386 5364/7563/4999
f 5760/7564/5386 5366/7565/5001 5761/7566/5387
f 5368/7567/5003 5761/7566/5387 5366/7565/5001
f 5761/7566/5387 5368/7567/5003 5762/7568/5388
f 5373/7569/5008 5762/7568/5388 5368/7567/5003
f 5762/7568/5388 5373/7569/5008 5763/7570/5389
f 5375/7571/5010 5763/7570/5389 5373/7569/5008
f 5763/7570/5389 5375/7571/5010 5764/7572/5390
f 5765/7573/5391 5764/7572/5390 5375/7571/5010
f 5764/7572/5390 5765/7573/5391 5712/7574/5392
f 5063/7575/4701 5712/7574/5392 5765/7573/5391
f 5712/7574/5346 5063/7575/4701 5062/7576/5393
f 5749/7577/5375 5062/7576/4700 5063/7575/4701
f 5062/7576/4700 5749/7577/5375 5061/7578/4699
f 5748/7579/5374 5061/7578/4699 5749/7577/5375
f 5766/7580/5394 5375/7581/5010 5374/7582/5009
f 5375/7581/5010 5766/7580/5394 5765/7583/5391
f 5767/7584/5395 5765/7583/5391 5766/7580/5394
f 5765/7583/5391 5767/7584/5395 5063/7585/4701
f 5744/7586/5368 5768/7587/5396 5069/7588/4707
f 5768/7587/5396 5744/7586/5368 5769/7589/5397
f 5052/7590/4689 5769/7589/5397 5744/7586/5368
f 5769/7589/5397 5052/7590/4689 5770/7591/5398
f 5054/7592/4691 5770/7591/5398 5052/7590/4689
f 5770/7591/5398 5054/7592/4691 5771/7593/5399
f 5747/7594/5373 5771/7593/5399 5054/7592/4691
f 5771/7593/5399 5747/7594/5373 5772/7595/5400
f 5749/7596/5375 5772/7595/5400 5747/7594/5373
f 5772/7595/5400 5749/7596/5375 5773/7597/5401
f 5063/7598/4701 5773/7597/5401 5749/7596/5375
f 5773/7597/5401 5063/7598/4701 5767/7599/5395
f 5067/6572/4705 5069/6574/4707 5768/7600/5396
f 5181/6720/4811 5067/6572/4705 5768/7600/5396
f 5067/6572/4705 5181/6720/4811 5111/6719/4748
f 5774/7601/5402 5750/7602/5376 5108/7603/4745
f 5750/7602/5376 5774/7601/5402 5680/7604/5314
f 5084/7605/4722 5680/7604/5314 5774/7601/5402
f 5680/7604/5314 5084/7605/4722 5083/7606/4721
f 5209/6750/4839 5068/7607/4706 5207/6748/4837
f 5067/6620/4705 5207/6748/4837 5068/7607/4706
f 5207/6748/4837 5067/6620/4705 5203/6744/4833
f 5110/6617/4747 5203/6744/4833 5067/6620/4705
f 5191/6865/4821 5183/7608/4813 5300/6861/4930
f 5068/7609/4706 5300/6861/4930 5183/7608/4813
f 5300/6861/4930 5068/7609/4706 5299/6858/4929
f 5209/6859/4839 5299/6858/4929 5068/7609/4706
f 5112/6619/4749 5111/6618/4748 5193/6734/4823
f 5183/7610/4813 5193/6734/4823 5111/6618/4748
f 5193/6734/4823 5183/7610/4813 5190/6731/4820
f 5191/6732/4821 5190/6731/4820 5183/7610/4813
f 5775/7611/5403 5070/6575/4708 5072/6577/4710
f 5070/6575/4708 5775/7611/5403 5182/7612/4812
f 5776/7613/5404 5182/7612/4812 5775/7611/5403
f 5182/7612/4812 5776/7613/5404 5184/7614/4814
f 5777/7615/5405 5184/7614/4814 5776/7613/5404
f 5184/7614/4814 5777/7615/5405 5186/7616/4816
f 5122/6981/4759 5072/7617/4710 5383/6980/5018
f 5072/7617/4710 5122/6981/4759 5775/7618/5403
f 5778/7619/5406 5775/7618/5403 5122/6981/4759
f 5775/7618/5403 5778/7619/5406 5776/7620/5404
f 5779/7621/5407 5776/7620/5404 5778/7619/5406
f 5776/7620/5404 5779/7621/5407 5777/7622/5405
f 5780/7623/5408 5777/7622/5405 5779/7621/5407
f 5777/7622/5405 5780/7623/5408 5781/7624/5409
f 5782/7625/5410 5781/7624/5409 5780/7623/5408
f 5781/7624/5409 5782/7625/5410 5089/7626/4727
f 5385/6984/5020 5077/7627/4715 5386/6985/5021
f 5385/6984/5020 5078/6634/4716 5077/7627/4715
f 5078/6634/4716 5385/6984/5020 5388/6987/5023
f 5078/6634/4716 5388/6987/5023 5121/6632/4758
f 5783/7628/5411 5778/7629/5406 5410/7630/5045
f 5783/7628/5411 5077/7631/4715 5778/7629/5406
f 5077/7631/4715 5783/7628/5411 5784/7632/5412
f 5077/7631/4715 5784/7632/5412 5386/7633/5021
f 5405/7004/5040 5122/6633/4759 5123/6635/4760
f 5405/7004/5040 5778/7634/5406 5122/6633/4759
f 5778/7634/5406 5405/7004/5040 5408/7007/5043
f 5778/7634/5406 5408/7007/5043 5410/7009/5045
f 5785/7635/5413 5079/6584/4717 5081/6586/4719
f 5785/7635/5413 5786/7636/5414 5079/6584/4717
f 5786/7636/5414 5785/7635/5413 5787/7637/5415
f 5082/6587/4720 5786/7636/5414 5787/7637/5415
f 5786/7636/5414 5082/6587/4720 5084/6589/4722
f 5788/7638/5416 5789/7639/5417 5790/7640/5418
f 5789/7639/5417 5788/7638/5416 5791/7641/5419
f 5792/7642/5420 5791/7641/5419 5788/7638/5416
f 5791/7641/5419 5792/7642/5420 5793/7643/5421
f 5794/7644/5422 5793/7643/5421 5792/7642/5420
f 5793/7643/5421 5794/7644/5422 5795/7645/5423
f 5796/7646/5424 5795/7645/5423 5794/7644/5422
f 5795/7645/5423 5796/7646/5424 5797/7647/5425
f 5798/7648/5426 5797/7647/5425 5796/7646/5424
f 5797/7647/5425 5798/7648/5426 5799/7649/5427
f 5800/7650/5428 5799/7649/5427 5798/7648/5426
f 5799/7649/5427 5800/7650/5428 5801/7651/5429
f 5802/7652/5430 5801/7651/5429 5800/7650/5428
f 5801/7651/5429 5802/7652/5430 5803/7653/5431
f 5804/7654/5432 5803/7653/5431 5802/7652/5430
f 5803/7653/5431 5804/7654/5432 5805/7655/5433
f 5806/7656/5434 5805/7655/5433 5804/7654/5432
f 5805/7655/5433 5806/7656/5434 5807/7657/5435
f 5790/7640/5418 5807/7657/5435 5806/7656/5434
f 5807/7657/5435 5790/7640/5418 5789/7639/5417
f 5088/6593/4726 5090/6595/4728 5808/7658/5436
f 5809/7659/5437 5808/7658/5436 5090/6595/4728
f 5808/7658/5436 5809/7659/5437 5810/7660/5438
f 5809/7659/5437 5087/6592/4725 5810/7660/5438
f 5087/6592/4725 5809/7659/5437 5085/6590/4723
f 5139/7661/4776 5132/6644/4769 5141/7662/4778
f 5135/6647/4772 5132/6644/4769 5139/7661/4776
f 5137/7663/4774 5135/6647/4772 5139/7661/4776
f 5134/6646/4771 5142/6655/4779 5140/6653/4777
f 5134/6646/4771 5138/6651/4775 5142/6655/4779
f 5138/6651/4775 5134/6646/4771 5133/6645/4770
f 5133/6645/4770 5136/6648/4773 5138/6651/4775
f 5158/7664/4776 5151/6669/4788 5160/7665/4778
f 5154/6672/4772 5151/6669/4788 5158/7664/4776
f 5156/7666/4774 5154/6672/4772 5158/7664/4776
f 5153/6671/4789 5161/6680/4791 5159/6678/4777
f 5153/6671/4789 5157/6676/4790 5161/6680/4791
f 5157/6676/4790 5153/6671/4789 5152/6670/4770
f 5152/6670/4770 5155/6673/4773 5157/6676/4790
f 5811/7667/5439 5812/7668/5440 5813/7669/5441
f 5812/7668/5440 5811/7667/5439 5814/7670/5442
f 5815/7671/5443 5814/7670/5442 5811/7667/5439
f 5814/7670/5442 5815/7671/5443 5816/7672/5444
f 5814/7673/5442 5817/7674/5445 5812/7675/5440
f 5817/7674/5445 5814/7673/5442 5818/7676/5446
f 5816/7677/5444 5818/7676/5446 5814/7673/5442
f 5818/7676/5446 5816/7677/5444 5819/7678/5447
f 5167/7679/4797 5098/7680/4735 5097/6602/4734
f 5098/7680/4735 5167/7679/4797 5164/7681/4794
f 5169/7682/4799 5164/7681/4794 5167/7679/4797
f 5164/7681/4794 5169/7682/4799 5162/7683/4792
f 5173/7684/4803 5162/7683/4792 5169/7682/4799
f 5162/7683/4792 5173/7684/4803 5170/7685/4800
f 5163/7686/4793 5101/7687/4738 5100/7688/4737
f 5101/7687/4738 5163/7686/4793 5168/7689/4798
f 5165/7690/4795 5168/7689/4798 5163/7686/4793
f 5168/7689/4798 5165/7690/4795 5166/7691/4796
f 5171/7692/4801 5166/7691/4796 5165/7690/4795
f 5166/7691/4796 5171/7692/4801 5172/7693/4802
f 5646/7409/5280 5638/7401/5448 5644/7407/5449
f 5638/7401/5448 5646/7409/5280 5636/7399/5450
f 5629/7392/5451 5636/7399/5450 5646/7409/5280
f 5636/7399/5450 5629/7392/5451 5635/7398/5452
f 5629/7392/5451 5630/7393/5264 5635/7398/5452
f 5630/7393/5264 5629/7392/5451 5628/7391/5262
f 5641/7404/5275 5555/7412/5190 5642/7405/5276
f 5555/7412/5190 5641/7404/5275 5102/6607/4739
f 5641/7404/5275 5103/6608/4740 5102/6607/4739
f 5303/7694/4933 5178/7695/4808 5113/7696/4750
f 5178/7695/4808 5303/7694/4933 5304/7697/5453
f 5820/7698/5454 5304/7697/4934 5303/7694/5455
f 5304/7697/4934 5820/7698/5454 5306/7699/4937
f 5821/7700/5456 5306/7699/4937 5820/7698/5454
f 5306/7699/4937 5821/7700/5456 5308/7701/4939
f 5821/7700/5456 5309/7702/4940 5308/7701/4939
f 5308/7701/4939 5310/7703/4942 5822/7704/5457
f 5310/7703/4942 5823/7705/5458 5822/7704/5457
f 5824/7706/5459 5822/7704/5457 5823/7705/5458
f 5822/7704/5457 5824/7706/5459 5825/7707/5460
f 5824/7706/5459 5347/7708/4982 5825/7707/5460
f 5346/7709/4981 5825/7707/5460 5347/7708/4982
f 5825/7707/5460 5346/7709/4981 5120/7710/4757
f 5826/7711/5461 5179/6713/4947 5114/6710/4751
f 5179/6713/4947 5826/7711/5461 5316/7712/4949
f 5827/7713/5462 5316/7712/4949 5826/7711/5461
f 5316/7712/4949 5827/7713/5462 5828/7714/5463
f 5829/7715/5464 5828/7714/5463 5827/7713/5462
f 5828/7714/5463 5829/7715/5464 5319/7716/5465
f 5830/7717/5466 5319/7716/5465 5829/7715/5464
f 5831/7718/5467 5830/7717/5466 5829/7715/5464
f 5830/7717/5466 5831/7718/5467 5322/6891/4955
f 5323/6892/4956 5322/6891/4955 5831/7718/5467
f 5832/7719/5468 5323/6892/4956 5831/7718/5467
f 5323/6892/4956 5832/7719/5468 5325/7720/4958
f 5326/6895/4959 5325/7720/4958 5832/7719/5468
f 5327/7721/4960 5326/6895/4959 5832/7719/5468
f 5326/6895/5469 5327/7721/5470 5328/7722/5471
f 5833/7723/5472 5328/7722/5473 5327/7721/4960
f 5328/7722/5473 5833/7723/5472 5834/7724/5474
f 5835/7725/5475 5834/7724/5474 5833/7723/5472
f 5834/7724/5474 5835/7725/5475 5332/7726/4965
f 5836/7727/5476 5332/7726/4965 5835/7725/5475
f 5332/7726/4965 5836/7727/5476 5333/7728/4966
f 5837/7729/5477 5333/7728/4966 5836/7727/5476
f 5333/7728/4966 5837/7729/5477 5335/7730/4968
f 5838/7731/5478 5335/7730/4968 5837/7729/5477
f 5335/7730/4968 5838/7731/5478 5337/7732/4970
f 5839/7733/5479 5337/7732/4970 5838/7731/5478
f 5337/7732/4970 5839/7733/5479 5840/7734/5480
f 5841/7735/5481 5840/7734/5480 5839/7733/5479
f 5840/7734/5480 5841/7735/5481 5341/7736/4974
f 5842/7737/5482 5341/7736/4974 5841/7735/5481
f 5341/7736/4974 5842/7737/5482 5343/7738/4976
f 5843/7739/5483 5343/7738/4976 5842/7737/5482
f 5343/7738/4976 5843/7739/5483 5344/7740/4977
f 5844/7741/5484 5344/7740/4977 5843/7739/5483
f 5344/7740/4977 5844/7741/5484 5345/7742/4978
f 5120/7743/4757 5345/7742/4978 5844/7741/5484
f 5304/7744/5453 5114/7745/4751 5178/7746/4808
f 5114/7745/4751 5304/7744/5453 5826/7747/5461
f 5306/7748/4937 5826/7747/5461 5304/7744/5453
f 5826/7747/5461 5306/7748/4937 5827/7749/5462
f 5308/7750/4939 5827/7749/5462 5306/7748/4937
f 5827/7749/5462 5308/7750/4939 5829/7751/5464
f 5758/7752/5384 5064/7753/4702 5066/7754/4704
f 5064/7753/4702 5758/7752/5384 5845/7755/5485
f 5846/7756/5486 5845/7755/5485 5758/7752/5384
f 5845/7755/5485 5846/7756/5486 5847/7757/5487
f 5758/7752/5384 5757/7758/5383 5846/7756/5486
f 5757/7758/5383 5756/7759/5382 5846/7756/5486
f 5079/7760/4717 5848/7761/5488 5187/6726/4817
f 5848/7761/5488 5079/7760/4717 5786/7762/5414
f 5084/7605/4722 5848/7761/5488 5786/7762/5414
f 5848/7761/5488 5084/7605/4722 5774/7601/5402
f 5781/7763/5409 5186/7616/4816 5777/7615/5405
f 5186/7616/4816 5781/7763/5409 5188/7764/4818
f 5781/7763/5409 5080/7765/4718 5188/7764/4818
f 5080/7765/4718 5781/7763/5409 5089/7766/4727
f 5075/7767/4713 5331/7768/4964 5073/7769/4711
f 5331/7768/4964 5075/7767/4713 5849/7770/5489
f 5849/7770/5489 5850/7771/5490 5331/7768/4964
f 5850/7771/5490 5849/7770/5489 5851/7772/5491
f 5850/7771/5490 5329/7773/4962 5331/7768/4964
f 5850/7771/5490 5327/7774/4960 5329/7773/4962
f 5852/7775/5492 5782/7776/5410 5780/7623/5408
f 5782/7776/5410 5852/7775/5492 5853/7777/5493
f 5852/7775/5492 5085/6978/4723 5853/7777/5493
f 5085/6978/4723 5852/7775/5492 5382/6975/5017
f 5082/6587/4720 5754/7778/5380 5083/6588/4721
f 5754/7778/5380 5082/6587/4720 5854/7779/5494
f 5855/7780/5495 5754/7778/5380 5854/7779/5494
f 5754/7778/5380 5855/7780/5495 5755/7781/5381
f 5855/7780/5495 5756/7782/5382 5755/7781/5381
f 5756/7782/5382 5855/7780/5495 5856/7783/5496
f 5796/7646/5424 5800/7650/5428 5798/7648/5426
f 5796/7646/5424 5802/7652/5430 5800/7650/5428
f 5802/7652/5430 5806/7656/5434 5804/7654/5432
f 5857/7784/5497 5802/7652/5430 5796/7646/5424
f 5806/7656/5434 5802/7652/5430 5857/7784/5497
f 5857/7784/5497 5790/7640/5418 5806/7656/5434
f 5794/7644/5422 5857/7784/5497 5796/7646/5424
f 5790/7640/5418 5857/7784/5497 5788/7638/5416
f 5788/7638/5416 5857/7784/5497 5794/7644/5422
f 5788/7638/5416 5794/7644/5422 5792/7642/5420
f 5858/7785/5498 5087/6592/4725 5086/6591/4724
f 5087/6592/4725 5858/7785/5498 5859/7786/5499
f 5858/7785/5498 5860/7787/5500 5859/7786/5499
f 5860/7787/5500 5858/7785/5498 5324/7788/4957
f 5861/7789/5501 5860/7787/5500 5324/7788/4957
f 5860/7787/5500 5861/7789/5501 5862/7790/5502
f 5138/7791/4775 5863/7792/5503 5142/7793/4779
f 5863/7792/5503 5138/7791/4775 5864/7794/5504
f 5865/7795/5505 5863/7792/5503 5864/7794/5504
f 5863/7792/5503 5865/7795/5505 5866/7796/5506
f 5157/7797/4790 5867/7798/5503 5161/7799/4791
f 5867/7798/5503 5157/7797/4790 5868/7800/5504
f 5869/7801/5505 5867/7798/5503 5868/7800/5504
f 5867/7798/5503 5869/7801/5505 5870/7802/5506
f 5871/7803/5507 5811/7667/5439 5813/7669/5441
f 5811/7667/5439 5871/7803/5507 5872/7804/5508
f 5873/7805/5509 5811/7667/5439 5872/7804/5508
f 5811/7667/5439 5873/7805/5509 5815/7671/5443
f 5817/7674/5445 5872/7804/5508 5871/7803/5507
f 5872/7804/5508 5817/7674/5445 5818/7676/5446
f 5819/7678/5447 5872/7804/5508 5818/7676/5446
f 5872/7804/5508 5819/7678/5447 5873/7805/5509
f 5308/7750/4939 5831/7806/5467 5829/7751/5464
f 5831/7806/5467 5308/7750/4939 5822/7807/5457
f 5825/7808/5460 5831/7806/5467 5822/7807/5457
f 5831/7806/5467 5825/7808/5460 5832/7809/5468
f 5655/7810/5289 5832/7809/5468 5825/7808/5460
f 5832/7809/5468 5655/7810/5289 5653/7811/5287
f 5655/7810/5289 5825/7808/5460 5657/7812/5291
f 5832/7809/5468 5653/7811/5287 5651/7813/5285
f 5825/7808/5460 5659/7814/5293 5657/7812/5291
f 5832/7809/5468 5651/7813/5285 5327/7815/4960
f 5659/7814/5293 5825/7808/5460 5120/7816/4757
f 5651/7813/5285 5833/7817/5472 5327/7815/4960
f 5120/7816/4757 5661/7818/5295 5659/7814/5293
f 5833/7817/5472 5651/7813/5285 5648/7819/5282
f 5661/7818/5295 5120/7816/4757 5844/7820/5484
f 5648/7819/5282 5835/7821/5475 5833/7817/5472
f 5844/7820/5484 5663/7822/5297 5661/7818/5295
f 5835/7821/5475 5648/7819/5282 5677/7823/5311
f 5663/7822/5297 5844/7820/5484 5843/7824/5483
f 5677/7823/5311 5836/7825/5476 5835/7821/5475
f 5842/7826/5482 5663/7822/5297 5843/7824/5483
f 5836/7825/5476 5677/7823/5311 5675/7827/5309
f 5663/7822/5297 5842/7826/5482 5665/7828/5299
f 5673/7829/5307 5836/7825/5476 5675/7827/5309
f 5841/7830/5481 5665/7828/5299 5842/7826/5482
f 5836/7825/5476 5673/7829/5307 5837/7831/5477
f 5665/7828/5299 5841/7830/5481 5667/7832/5301
f 5671/7833/5305 5837/7831/5477 5673/7829/5307
f 5839/7834/5479 5667/7832/5301 5841/7830/5481
f 5837/7831/5477 5671/7833/5305 5838/7835/5478
f 5667/7832/5301 5839/7834/5479 5669/7836/5303
f 5669/7836/5303 5838/7835/5478 5671/7833/5305
f 5838/7835/5478 5669/7836/5303 5839/7834/5479
f 5685/7837/5319 5054/7526/4691 5682/7527/5316
f 5054/7526/4691 5685/7837/5319 5057/7838/4695
f 5685/7837/5319 5060/7839/4698 5057/7838/4695
f 5060/7839/4698 5685/7837/5319 5688/7840/5322
f 5688/7840/5322 5713/7841/5347 5060/7839/4698
f 5715/7842/5348 5060/7839/4698 5713/7841/5347
f 5713/7841/5347 5688/7840/5322 5717/7843/5349
f 5724/7844/5355 5060/7839/4698 5715/7842/5348
f 5719/7845/5350 5717/7843/5349 5688/7840/5322
f 5060/7839/4698 5724/7844/5355 5063/7846/4701
f 5691/7847/5325 5719/7845/5350 5688/7840/5322
f 5726/7848/5356 5063/7846/4701 5724/7844/5355
f 5693/7849/5327 5719/7845/5350 5691/7847/5325
f 5063/7846/4701 5726/7848/5356 5711/7850/5345
f 5719/7845/5350 5693/7849/5327 5721/7851/5352
f 5728/7852/5357 5711/7850/5345 5726/7848/5356
f 5695/7853/5329 5721/7851/5352 5693/7849/5327
f 5711/7850/5345 5728/7852/5357 5709/7854/5343
f 5721/7851/5352 5695/7853/5329 5742/7855/5366
f 5728/7852/5357 5707/7856/5341 5709/7854/5343
f 5697/7857/5331 5742/7855/5366 5695/7853/5329
f 5707/7856/5341 5728/7852/5357 5730/7858/5358
f 5742/7855/5366 5697/7857/5331 5740/7859/5365
f 5730/7858/5358 5705/7860/5339 5707/7856/5341
f 5697/7857/5331 5738/7861/5363 5740/7859/5365
f 5705/7860/5339 5730/7858/5358 5732/7862/5359
f 5738/7861/5363 5697/7857/5331 5699/7863/5333
f 5732/7862/5359 5703/7864/5337 5705/7860/5339
f 5699/7863/5333 5736/7865/5362 5738/7861/5363
f 5703/7864/5337 5732/7862/5359 5734/7866/5361
f 5736/7865/5362 5699/7863/5333 5701/7867/5335
f 5734/7866/5361 5701/7867/5335 5703/7864/5337
f 5701/7867/5335 5734/7866/5361 5736/7865/5362
f 5068/6573/4706 5108/7868/4745 5069/6574/4707
f 5108/7868/4745 5068/6573/4706 5874/7869/5510
f 5183/6722/4813 5874/7869/5510 5068/6573/4706
f 5874/7869/5510 5774/7601/5402 5108/7868/4745
f 5874/7869/5510 5183/6722/4813 5185/6724/4815
f 5774/7601/5402 5874/7869/5510 5848/7761/5488
f 5185/6724/4815 5848/7761/5488 5874/7869/5510
f 5848/7761/5488 5185/6724/4815 5187/6726/4817
f 5114/7870/4751 5077/6582/4715 5076/6581/4714
f 5077/6582/4715 5114/7870/4751 5875/7871/5511
f 5382/6975/5017 5875/7871/5511 5114/7870/4751
f 5875/7871/5511 5778/7619/5406 5077/6582/4715
f 5875/7871/5511 5382/6975/5017 5852/7775/5492
f 5778/7619/5406 5875/7871/5511 5779/7621/5407
f 5852/7775/5492 5779/7621/5407 5875/7871/5511
f 5779/7621/5407 5852/7775/5492 5780/7623/5408
f 5441/7872/5076 5410/7630/5045 5409/7873/5044
f 5410/7630/5045 5441/7872/5076 5876/7874/5512
f 5445/7875/5080 5876/7874/5512 5441/7872/5076
f 5876/7874/5512 5783/7628/5411 5410/7630/5045
f 5876/7874/5512 5445/7875/5080 5877/7876/5513
f 5877/7876/5513 5783/7628/5411 5876/7874/5512
f 5449/7056/5084 5877/7876/5513 5445/7875/5080
f 5783/7628/5411 5877/7876/5513 5878/7877/5514
f 5877/7876/5513 5449/7056/5084 5878/7877/5514
f 5878/7877/5514 5784/7632/5412 5783/7628/5411
f 5449/7056/5084 5879/7878/5515 5878/7877/5514
f 5784/7632/5412 5878/7877/5514 5879/7878/5515
f 5879/7878/5515 5449/7056/5084 5469/7078/5104
f 5469/7078/5104 5880/7879/5516 5879/7878/5515
f 5880/7879/5516 5784/7632/5412 5879/7878/5515
f 5880/7879/5516 5469/7078/5104 5467/7880/5102
f 5784/7632/5412 5880/7879/5516 5881/7881/5517
f 5467/7880/5102 5881/7881/5517 5880/7879/5516
f 5881/7881/5517 5386/7633/5021 5784/7632/5412
f 5881/7881/5517 5467/7880/5102 5466/7882/5101
f 5466/7882/5101 5386/7633/5021 5881/7881/5517
f 5386/7633/5021 5466/7882/5101 5384/7883/5019
f 5787/7637/5415 5854/7779/5494 5082/6587/4720
f 5854/7779/5494 5787/7637/5415 5882/7884/5518
f 5785/7635/5413 5882/7884/5518 5787/7637/5415
f 5882/7884/5518 5855/7780/5495 5854/7779/5494
f 5882/7884/5518 5785/7635/5413 5883/7885/5519
f 5855/7780/5495 5882/7884/5518 5884/7886/5520
f 5081/6586/4719 5883/7885/5519 5785/7635/5413
f 5884/7886/5520 5856/7783/5496 5855/7780/5495
f 5883/7885/5519 5081/6586/4719 5131/7887/4768
f 5088/6593/4726 5131/7887/4768 5081/6586/4719
f 5856/7783/5496 5884/7886/5520 5885/7888/5521
f 5131/7887/4768 5088/6593/4726 5129/7889/4766
f 5808/7658/5436 5129/7889/4766 5088/6593/4726
f 5846/7890/5486 5756/7782/5382 5856/7783/5496
f 5129/7889/4766 5808/7658/5436 5886/7891/5522
f 5846/7890/5486 5856/7783/5496 5887/7892/5523
f 5885/7888/5521 5887/7892/5523 5856/7783/5496
f 5887/7892/5523 5847/7893/5487 5846/7890/5486
f 5887/7892/5523 5885/7888/5521 5888/7894/5524
f 5847/7893/5487 5887/7892/5523 5889/7895/5525
f 5887/7892/5523 5888/7894/5524 5889/7895/5525
f 5888/7894/5524 5890/7896/5526 5889/7895/5525
f 5890/7896/5526 5888/7894/5524 5891/7897/5527
f 5891/7897/5527 5892/7898/5528 5890/7896/5526
f 5890/7896/5526 5892/7898/5528 5893/7899/5529
f 5894/7900/5530 5893/7899/5529 5892/7898/5528
f 5893/7899/5529 5894/7900/5530 5895/7901/5531
f 5896/7902/5532 5893/7899/5529 5895/7901/5531
f 5896/7902/5532 5895/7901/5531 5897/7903/5533
f 5898/7904/5534 5893/7899/5529 5896/7902/5532
f 5893/7899/5529 5898/7904/5534 5899/7905/5535
f 5897/7903/5533 5900/7906/5536 5896/7902/5532
f 5900/7906/5536 5898/7904/5534 5896/7902/5532
f 5128/7907/4765 5900/7906/5536 5897/7903/5533
f 5900/7906/5536 5128/7907/4765 5130/7908/4767
f 5886/7891/5522 5130/7908/4767 5129/7889/4766
f 5901/7909/5537 5900/7906/5536 5130/7908/4767
f 5130/7908/4767 5886/7891/5522 5901/7909/5537
f 5898/7904/5534 5900/7906/5536 5902/7910/5538
f 5900/7906/5536 5901/7909/5537 5902/7910/5538
f 5810/7660/5438 5886/7891/5522 5808/7658/5436
f 5903/7911/5539 5901/7909/5537 5886/7891/5522
f 5886/7891/5522 5810/7660/5438 5903/7911/5539
f 5859/7786/5499 5810/7660/5438 5087/6592/4725
f 5810/7660/5438 5859/7786/5499 5903/7911/5539
f 5860/7787/5500 5903/7911/5539 5859/7786/5499
f 5901/7909/5537 5903/7911/5539 5904/7912/5540
f 5903/7911/5539 5860/7787/5500 5904/7912/5540
f 5904/7912/5540 5902/7910/5538 5901/7909/5537
f 5862/7790/5502 5904/7912/5540 5860/7787/5500
f 5902/7910/5538 5904/7912/5540 5905/7913/5541
f 5904/7912/5540 5862/7790/5502 5905/7913/5541
f 5905/7913/5541 5898/7904/5534 5902/7910/5538
f 5862/7790/5502 5861/7789/5501 5850/7914/5490
f 5898/7904/5534 5905/7913/5541 5906/7915/5542
f 5899/7905/5535 5898/7904/5534 5906/7915/5542
f 5906/7915/5542 5907/7916/5543 5899/7905/5535
f 5908/7917/5544 5905/7913/5541 5862/7790/5502
f 5905/7913/5541 5908/7917/5544 5906/7915/5542
f 5908/7917/5544 5862/7790/5502 5850/7914/5490
f 5907/7916/5543 5906/7915/5542 5908/7917/5544
f 5909/7918/5545 5908/7917/5544 5850/7914/5490
f 5908/7917/5544 5909/7918/5545 5907/7916/5543
f 5910/7919/5546 5625/7920/5259 5627/7921/5261
f 5625/7920/5259 5910/7919/5546 5911/7922/5547
f 5912/7923/5548 5911/7922/5547 5910/7919/5546
f 5911/7922/5547 5623/7924/5257 5625/7920/5259
f 5623/7924/5257 5606/7925/5240 5603/7926/5237
f 5623/7924/5257 5911/7922/5547 5913/7927/5549
f 5606/7925/5240 5623/7924/5257 5913/7927/5549
f 5911/7922/5547 5912/7923/5548 5914/7928/5550
f 5914/7928/5550 5913/7927/5549 5911/7922/5547
f 5915/7929/5551 5606/7925/5240 5913/7927/5549
f 5913/7927/5549 5914/7928/5550 5915/7929/5551
f 5606/7925/5240 5915/7929/5551 5602/7930/5236
f 5912/7923/5548 5916/7931/5552 5914/7928/5550
f 5916/7931/5552 5912/7923/5548 5917/7932/5553
f 5914/7928/5550 5918/7933/5554 5915/7929/5551
f 5918/7933/5554 5602/7930/5236 5915/7929/5551
f 5918/7933/5554 5914/7928/5550 5916/7931/5552
f 5602/7930/5236 5918/7933/5554 5598/7934/5232
f 5918/7933/5554 5595/7935/5229 5598/7934/5232
f 5917/7932/5553 5919/7936/5555 5916/7931/5552
f 5919/7936/5555 5917/7932/5553 5920/7937/5556
f 5916/7931/5552 5921/7938/5557 5918/7933/5554
f 5921/7938/5557 5916/7931/5552 5919/7936/5555
f 5595/7935/5229 5918/7933/5554 5921/7938/5557
f 5920/7937/5556 5633/7396/5267 5919/7936/5555
f 5633/7396/5267 5921/7938/5557 5919/7936/5555
f 5633/7396/5267 5920/7937/5556 5634/7397/5268
f 5921/7938/5557 5633/7396/5267 5105/6610/4742
f 5105/6610/4742 5595/7935/5229 5921/7938/5557
f 5595/7935/5229 5105/6610/4742 5107/6612/4744
f 5647/7939/5281 5922/7940/5558 5645/7941/5279
f 5922/7940/5558 5647/7939/5281 5923/7942/5559
f 5175/6707/4805 5923/7942/5559 5647/7939/5281
f 5923/7942/5559 5924/7943/5560 5922/7940/5558
f 5923/7942/5559 5175/6707/4805 5177/6709/4807
f 5924/7943/5560 5923/7942/5559 5925/7944/5561
f 5177/6709/4807 5925/7944/5561 5923/7942/5559
f 5926/7945/5562 5924/7943/5560 5925/7944/5561
f 5924/7943/5560 5926/7945/5562 5927/7946/5563
f 5925/7944/5561 5177/6709/4807 5928/7947/5564
f 5174/6706/4804 5928/7947/5564 5177/6709/4807
f 5928/7947/5564 5174/6706/4804 5558/7948/5193
f 5561/7949/5196 5928/7947/5564 5558/7948/5193
f 5929/7950/5565 5925/7944/5561 5928/7947/5564
f 5928/7947/5564 5561/7949/5196 5929/7950/5565
f 5925/7944/5561 5929/7950/5565 5926/7945/5562
f 5564/7951/5199 5929/7950/5565 5561/7949/5196
f 5930/7952/5566 5927/7946/5563 5926/7945/5562
f 5927/7946/5563 5930/7952/5566 5931/7953/5567
f 5932/7954/5568 5926/7945/5562 5929/7950/5565
f 5926/7945/5562 5932/7954/5568 5930/7952/5566
f 5929/7950/5565 5564/7951/5199 5932/7954/5568
f 5640/7403/5274 5931/7953/5567 5930/7952/5566
f 5932/7954/5568 5640/7403/5274 5930/7952/5566
f 5931/7953/5567 5640/7403/5274 5637/7400/5271
f 5640/7403/5274 5932/7954/5568 5103/6608/4740
f 5564/7951/5199 5103/6608/4740 5932/7954/5568
f 5103/6608/4740 5564/7951/5199 5104/6609/4741
f 5933/7955/5569 5934/7956/5570 5935/7957/5571
f 5934/7956/5570 5936/7958/5572 5935/7957/5571
f 5936/7958/5572 5934/7956/5570 5937/7959/5573
f 5936/7958/5572 5938/7960/5574 5935/7957/5571
f 5939/7961/5575 5936/7958/5572 5937/7959/5573
f 5938/7960/5574 5936/7958/5572 5940/7962/5576
f 5940/7962/5576 5941/7963/5577 5938/7960/5574
f 5936/7958/5572 5939/7961/5575 5942/7964/5578
f 5942/7964/5578 5940/7962/5576 5936/7958/5572
f 5943/7965/5579 5942/7964/5578 5939/7961/5575
f 5944/7966/5580 5942/7964/5578 5943/7965/5579
f 5941/7963/5577 5940/7962/5576 5945/7967/5581
f 5940/7962/5576 5942/7964/5578 5946/7968/5582
f 5946/7968/5582 5945/7967/5581 5940/7962/5576
f 5947/7969/5583 5942/7964/5578 5944/7966/5580
f 5947/7969/5583 5946/7968/5582 5942/7964/5578
f 5948/7970/5584 5947/7969/5583 5944/7966/5580
f 5949/7971/5585 5947/7969/5583 5948/7970/5584
f 5950/7972/5586 5947/7969/5583 5949/7971/5585
f 5951/7973/5587 5947/7969/5583 5950/7972/5586
f 5952/7974/5588 5947/7969/5583 5951/7973/5587
f 5947/7969/5583 5952/7974/5588 5953/7975/5589
f 5946/7968/5582 5947/7969/5583 5953/7975/5589
f 5954/7976/5590 5953/7975/5589 5952/7974/5588
f 5953/7975/5589 5955/7977/5591 5946/7968/5582
f 5945/7967/5581 5946/7968/5582 5955/7977/5591
f 5954/7976/5590 5956/7978/5592 5953/7975/5589
f 5955/7977/5591 5953/7975/5589 5956/7978/5592
f 5956/7978/5592 5954/7976/5590 5957/7979/5593
f 5958/7980/5594 5956/7978/5592 5957/7979/5593
f 5956/7978/5592 5958/7980/5594 5959/7981/5595
f 5959/7981/5595 5955/7977/5591 5956/7978/5592
f 5960/7982/5596 5959/7981/5595 5958/7980/5594
f 5955/7977/5591 5959/7981/5595 5961/7983/5597
f 5961/7983/5597 5945/7967/5581 5955/7977/5591
f 5960/7982/5596 5962/7984/5598 5959/7981/5595
f 5962/7984/5598 5961/7983/5597 5959/7981/5595
f 5962/7984/5598 5960/7982/5596 5963/7985/5599
f 5964/7986/5600 5962/7984/5598 5963/7985/5599
f 5965/7987/5601 5962/7984/5598 5964/7986/5600
f 5966/7988/5602 5962/7984/5598 5965/7987/5601
f 5967/7989/5603 5962/7984/5598 5966/7988/5602
f 5967/7989/5603 5968/7990/5604 5962/7984/5598
f 5961/7983/5597 5962/7984/5598 5968/7990/5604
f 5969/7991/5605 5968/7990/5604 5967/7989/5603
f 5970/7992/5606 5968/7990/5604 5969/7991/5605
f 5945/7967/5581 5961/7983/5597 5971/7993/5607
f 5968/7990/5604 5971/7993/5607 5961/7983/5597
f 5971/7993/5607 5941/7963/5577 5945/7967/5581
f 5941/7963/5577 5971/7993/5607 5972/7994/5608
f 5970/7992/5606 5973/7995/5609 5968/7990/5604
f 5971/7993/5607 5968/7990/5604 5973/7995/5609
f 5973/7995/5609 5972/7994/5608 5971/7993/5607
f 5973/7995/5609 5970/7992/5606 5974/7996/5610
f 5972/7994/5608 5973/7995/5609 5975/7997/5611
f 5976/7998/5612 5973/7995/5609 5974/7996/5610
f 5973/7995/5609 5976/7998/5612 5975/7997/5611
f 5975/7997/5611 5976/7998/5612 5977/7999/5613
f 5769/7589/5397 5181/8000/4811 5768/7587/5396
f 5770/7591/5398 5181/8000/4811 5769/7589/5397
f 5771/7593/5399 5772/7595/5400 5770/7591/5398
f 5770/7591/5398 5772/7595/5400 5181/8000/4811
f 5181/8000/4811 5772/7595/5400 5071/8001/4709
f 5070/8002/4708 5181/8000/4811 5071/8001/4709
f 5772/7595/5400 5773/7597/5401 5071/8001/4709
f 5767/7599/5395 5071/8001/4709 5773/7597/5401
f 5071/8001/4709 5767/7599/5395 5978/8003/5614
f 5119/6973/4756 5071/8001/4709 5978/8003/5614
f 5071/8001/4709 5119/6973/4756 5381/6971/5016
f 5071/8001/4709 5381/6971/5016 5380/6969/5015
f 5378/6965/5013 5380/6969/5015 5379/6967/5014
f 5071/8001/4709 5380/6969/5015 5383/8004/5018
f 5383/8004/5018 5380/6969/5015 5378/6965/5013
f 5071/8001/4709 5383/8004/5018 5072/8005/4710
f 5383/8004/5018 5378/6965/5013 5377/6963/5012
f 5383/8004/5018 5377/6963/5012 5376/6960/5011
f 5634/7397/5268 5931/7953/5567 5637/7400/5271
f 5931/7953/5567 5634/7397/5268 5920/7937/5556
f 5979/8006/5615 5931/7953/5567 5920/7937/5556
f 5920/7937/5556 5917/7932/5553 5979/8006/5615
f 5931/7953/5567 5979/8006/5615 5980/8007/5616
f 5927/7946/5563 5931/7953/5567 5980/8007/5616
f 5917/7932/5553 5981/8008/5617 5979/8006/5615
f 5981/8008/5617 5980/8007/5616 5979/8006/5615
f 5981/8008/5617 5917/7932/5553 5912/7923/5548
f 5910/7919/5546 5981/8008/5617 5912/7923/5548
f 5982/8009/5618 5927/7946/5563 5980/8007/5616
f 5980/8007/5616 5981/8008/5617 5982/8009/5618
f 5927/7946/5563 5982/8009/5618 5924/7943/5560
f 5982/8009/5618 5922/7940/5558 5924/7943/5560
f 5981/8008/5617 5983/8010/5619 5982/8009/5618
f 5922/7940/5558 5982/8009/5618 5983/8010/5619
f 5981/8008/5617 5910/7919/5546 5984/8011/5620
f 5983/8010/5619 5981/8008/5617 5984/8011/5620
f 5627/7921/5261 5984/8011/5620 5910/7919/5546
f 5985/8012/5621 5922/7940/5558 5983/8010/5619
f 5984/8011/5620 5985/8012/5621 5983/8010/5619
f 5922/7940/5558 5985/8012/5621 5645/7941/5279
f 5645/7941/5279 5985/8012/5621 5646/8013/5280
f 5984/8011/5620 5627/7921/5261 5986/8014/5622
f 5985/8012/5621 5984/8011/5620 5986/8014/5622
f 5986/8014/5622 5646/8013/5280 5985/8012/5621
f 5627/7921/5261 5629/8015/5263 5986/8014/5622
f 5646/8013/5280 5986/8014/5622 5629/8015/5263
f 5987/8016/5623 5988/8017/5624 5989/8018/5625
f 5989/8018/5625 5990/8019/5626 5987/8016/5623
f 5990/8019/5626 5989/8018/5625 5991/8020/5627
f 5991/8020/5627 5992/8021/5628 5990/8019/5626
f 5989/8018/5625 5988/8022/5624 5993/8023/5629
f 5993/8023/5629 5991/8020/5627 5989/8018/5625
f 5994/8024/5630 5995/8025/5631 5992/8021/5628
f 5992/8021/5628 5991/8020/5627 5994/8024/5630
f 5991/8020/5627 5993/8023/5629 5996/8026/5632
f 5996/8026/5632 5994/8024/5630 5991/8020/5627
f 5993/8023/5629 5988/8027/5624 5997/8028/5633
f 5997/8028/5633 5996/8026/5632 5993/8023/5629
f 5998/8029/5634 5995/8030/5631 5994/8024/5630
f 5994/8024/5630 5996/8026/5632 5998/8029/5634
f 5996/8026/5632 5997/8028/5633 5999/8031/5635
f 5999/8031/5635 5998/8029/5634 5996/8026/5632
f 5997/8028/5633 5988/8032/5624 6000/8033/5636
f 6000/8033/5636 5999/8031/5635 5997/8028/5633
f 6001/8034/5637 5995/8035/5631 5998/8029/5634
f 5998/8029/5634 5999/8031/5635 6001/8034/5637
f 5999/8031/5635 6000/8033/5636 6002/8036/5638
f 6002/8036/5638 6001/8034/5637 5999/8031/5635
f 6000/8033/5636 5988/8037/5624 6003/8038/5639
f 6003/8038/5639 6002/8036/5638 6000/8033/5636
f 6004/8039/5640 5995/8040/5631 6001/8034/5637
f 6001/8034/5637 6002/8036/5638 6004/8039/5640
f 6002/8036/5638 6003/8038/5639 6005/8041/5641
f 6005/8041/5641 6004/8039/5640 6002/8036/5638
f 6003/8038/5639 5988/8042/5624 6006/8043/5642
f 6006/8043/5642 6005/8041/5641 6003/8038/5639
f 6007/8044/5643 5995/8045/5631 6004/8039/5640
f 6004/8039/5640 6005/8041/5641 6007/8044/5643
f 6005/8041/5641 6006/8043/5642 6008/8046/5644
f 6008/8046/5644 6007/8044/5643 6005/8041/5641
f 6006/8043/5642 5988/8047/5624 6009/8048/5645
f 6009/8048/5645 6008/8046/5644 6006/8043/5642
f 6010/8049/5646 5995/8050/5631 6007/8044/5643
f 6007/8044/5643 6008/8046/5644 6010/8049/5646
f 6009/8048/5645 5988/8051/5624 5987/8052/5623
f 6008/8046/5644 6009/8048/5645 6011/8053/5647
f 5987/8052/5623 6011/8053/5647 6009/8048/5645
f 6011/8053/5647 6010/8049/5646 6008/8046/5644
f 6011/8053/5647 5987/8052/5623 5990/8054/5626
f 6010/8049/5646 6011/8053/5647 6012/8055/5648
f 5990/8054/5626 6012/8055/5648 6011/8053/5647
f 6012/8055/5648 5995/8056/5631 6010/8049/5646
f 6012/8055/5648 5990/8054/5626 5992/8057/5628
f 5992/8057/5628 5995/8058/5631 6012/8055/5648
f 5092/6597/4730 5866/7796/5506 5093/6598/4731
f 5866/7796/5506 5092/6597/4730 5863/7792/5503
f 5865/8059/5505 5092/6597/4730 5091/6596/4729
f 5092/6597/4730 5865/8059/5505 5864/8060/5504
f 5139/8061/4776 5863/7792/5503 5092/6597/4730
f 5864/8060/5504 5139/8061/4776 5092/6597/4730
f 5863/7792/5503 5139/8061/4776 5142/7793/4779
f 5139/8061/4776 5864/8060/5504 5138/8062/4775
f 5095/6600/4733 5870/7802/5506 5096/6601/4731
f 5870/7802/5506 5095/6600/4733 5867/7798/5503
f 5869/8063/5505 5095/6600/4733 5094/6599/4732
f 5095/6600/4733 5869/8063/5505 5868/8064/5504
f 5158/8065/4776 5867/7798/5503 5095/6600/4733
f 5868/8064/5504 5158/8065/4776 5095/6600/4733
f 5867/7798/5503 5158/8065/4776 5161/7799/4791
f 5158/8065/4776 5868/8064/5504 5157/8066/4790
f 5897/8067/5533 6013/8068/5649 5128/8069/4765
f 6013/8068/5649 5897/8067/5533 6014/8070/5650
f 5897/8067/5533 5895/8071/5531 6014/8070/5650
f 5894/8072/5530 6014/8070/5650 5895/8071/5531
f 6015/8073/5651 6013/8068/5649 6014/8070/5650
f 6014/8070/5650 5894/8072/5530 6015/8073/5651
f 6013/8068/5649 6015/8073/5651 6016/8074/5652
f 6015/8073/5651 6017/8075/5653 6016/8074/5652
f 5894/8072/5530 6018/8076/5654 6015/8073/5651
f 6017/8075/5653 6015/8073/5651 6018/8076/5654
f 6018/8076/5654 5894/8072/5530 5892/8077/5528
f 6018/8076/5654 6019/8078/5655 6017/8075/5653
f 5892/8077/5528 6020/8079/5656 6018/8076/5654
f 6019/8078/5655 6018/8076/5654 6020/8079/5656
f 6020/8079/5656 5892/8077/5528 5891/8080/5527
f 5888/8081/5524 6020/8079/5656 5891/8080/5527
f 6021/8082/5657 6019/8078/5655 6020/8079/5656
f 6020/8079/5656 5888/8081/5524 6021/8082/5657
f 6019/8078/5655 6021/8082/5657 6022/8083/5658
f 5888/8081/5524 5885/8084/5521 6021/8082/5657
f 6021/8082/5657 5884/8085/5520 6022/8083/5658
f 5884/8085/5520 6021/8082/5657 5885/8084/5521
f 6023/8086/5659 6024/8087/5660 6025/8088/5661
f 6024/8087/5660 6026/8089/5662 6027/8090/5663
f 6024/8087/5660 6023/8086/5659 6028/8091/5664
f 6026/8089/5662 6024/8087/5660 6028/8091/5664
f 6029/8092/5665 6028/8091/5664 6023/8086/5659
f 6028/8091/5664 6030/8093/5666 6026/8089/5662
f 6028/8091/5664 6029/8092/5665 6031/8094/5667
f 6030/8093/5666 6028/8091/5664 6031/8094/5667
f 6032/8095/5668 6031/8094/5667 6029/8092/5665
f 6031/8094/5667 6033/8096/5669 6030/8093/5666
f 6031/8094/5667 6032/8095/5668 6034/8097/5670
f 6033/8096/5669 6031/8094/5667 6034/8097/5670
f 6035/8098/5671 6034/8097/5670 6032/8095/5668
f 6034/8097/5670 6036/8099/5672 6033/8096/5669
f 6034/8097/5670 6035/8098/5671 6037/8100/5673
f 6036/8099/5672 6034/8097/5670 6037/8100/5673
f 6038/8101/5674 6037/8100/5673 6035/8098/5671
f 6037/8100/5673 6039/8102/5675 6036/8099/5672
f 6037/8100/5673 6038/8101/5674 6040/8103/5676
f 6039/8102/5675 6037/8100/5673 6040/8103/5676
f 6025/8104/5661 6040/8103/5676 6038/8101/5674
f 6040/8103/5676 6027/8105/5663 6039/8102/5675
f 6040/8103/5676 6025/8104/5661 6024/8106/5660
f 6027/8105/5663 6040/8103/5676 6024/8106/5660
f 5509/8107/5144 5501/8108/5136 5507/8109/5142
f 5506/8110/5141 5504/8111/5139 5501/8108/5136
f 5506/8110/5141 5501/8108/5136 5509/8107/5144
f 5506/8110/5141 5509/8107/5144 5513/8112/5148
f 5513/8112/5148 5509/8107/5144 5511/8113/5146
f 5506/8110/5141 5513/8112/5148 5515/8114/5150
f 5525/8115/5160 5517/8116/5152 5523/8117/5158
f 5522/8118/5157 5520/8119/5155 5517/8116/5152
f 5522/8118/5157 5517/8116/5152 5525/8115/5160
f 5522/8118/5157 5525/8115/5160 5529/8120/5164
f 5529/8120/5164 5525/8115/5160 5527/8121/5162
f 5522/8118/5157 5529/8120/5164 5531/8122/5166
f 5486/7101/5121 5491/7106/5126 5489/7104/5124
f 5491/7106/5126 5494/7109/5129 5492/7107/5127
f 5491/7106/5126 5486/7101/5121 6041/8123/5677
f 5494/7109/5129 5491/7106/5126 6041/8123/5677
f 6041/8123/5677 5486/7101/5121 6042/8124/5678
f 5488/8125/5123 6042/8124/5678 5486/7101/5121
f 6042/8124/5678 5488/8125/5123 5500/8126/5135
f 6041/8123/5677 6043/8127/5679 5494/7109/5129
f 6043/8127/5679 5495/8128/5130 5494/7109/5129
f 5495/8128/5130 6043/8127/5679 5496/8129/5131
f 5500/8126/5135 6044/8130/5680 6042/8124/5678
f 6044/8130/5680 5500/8126/5135 5499/8131/5134
f 6045/8132/5681 5496/8129/5131 6043/8127/5679
f 5496/8129/5131 6045/8132/5681 5497/8133/5132
f 6043/8127/5679 6046/8134/5682 6045/8132/5681
f 6046/8134/5682 5497/8133/5132 6045/8132/5681
f 6046/8134/5682 6043/8127/5679 6041/8123/5677
f 6042/8124/5678 6046/8134/5682 6041/8123/5677
f 6046/8134/5682 6042/8124/5678 6044/8130/5680
f 5499/8131/5134 6046/8134/5682 6044/8130/5680
f 5497/8133/5132 6046/8134/5682 5498/8135/5133
f 6046/8134/5682 5499/8131/5134 5498/8135/5133
f 5635/8136/5683 6047/8137/5684 6048/8138/5685
f 6047/8137/5684 6049/8139/5686 6048/8138/5685
f 6047/8137/5684 5635/8136/5683 5636/8140/5450
f 6049/8139/5686 6047/8137/5684 6050/8141/5687
f 6051/8142/5688 6049/8139/5686 6050/8141/5687
f 6047/8137/5684 6052/8143/5689 6050/8141/5687
f 6051/8142/5688 6050/8141/5687 6052/8143/5689
f 6047/8137/5684 5636/8140/5450 6053/8144/5690
f 6052/8143/5689 6047/8137/5684 6053/8144/5690
f 5636/8140/5450 6054/8145/5691 6053/8144/5690
f 6054/8145/5691 5636/8140/5450 5638/8146/5692
f 6053/8144/5690 6055/8147/5693 6052/8143/5689
f 6055/8147/5693 6053/8144/5690 6054/8145/5691
f 6051/8142/5688 6052/8143/5689 6055/8147/5693
f 5638/8146/5692 6056/8148/5694 6054/8145/5691
f 6056/8148/5694 5638/8146/5692 5644/8149/5278
f 6054/8145/5691 6057/8150/5695 6055/8147/5693
f 6057/8150/5695 6054/8145/5691 6056/8148/5694
f 6051/8142/5688 6055/8147/5693 6057/8150/5695
f 5644/8149/5278 6058/8151/5696 6056/8148/5694
f 6058/8151/5696 6057/8150/5695 6056/8148/5694
f 6058/8151/5696 5644/8149/5278 5646/8152/5280
f 6057/8150/5695 6058/8151/5696 6059/8153/5697
f 6051/8142/5688 6057/8150/5695 6059/8153/5697
f 5646/8152/5280 6060/8154/5698 6058/8151/5696
f 6060/8154/5698 6059/8153/5697 6058/8151/5696
f 6060/8154/5698 5646/8152/5280 5629/8155/5451
f 6059/8153/5697 6060/8154/5698 6061/8156/5699
f 6051/8142/5688 6059/8153/5697 6061/8156/5699
f 5629/8155/5451 6062/8157/5700 6060/8154/5698
f 6062/8157/5700 6061/8156/5699 6060/8154/5698
f 6062/8157/5700 5629/8155/5451 5628/8158/5262
f 6061/8156/5699 6062/8157/5700 6063/8159/5701
f 6051/8142/5688 6061/8156/5699 6063/8159/5701
f 5628/8158/5262 6064/8160/5702 6062/8157/5700
f 6064/8160/5702 6063/8159/5701 6062/8157/5700
f 6064/8160/5702 5628/8158/5262 5630/8161/5264
f 6051/8142/5688 6063/8159/5701 6065/8162/5703
f 6063/8159/5701 6064/8160/5702 6065/8162/5703
f 5630/8161/5264 6066/8163/5704 6064/8160/5702
f 6066/8163/5704 6065/8162/5703 6064/8160/5702
f 6066/8163/5704 5630/8161/5264 5635/8164/5683
f 6066/8163/5704 5635/8164/5683 6048/8165/5685
f 6051/8142/5688 6065/8162/5703 6067/8166/5705
f 6065/8162/5703 6066/8163/5704 6067/8166/5705
f 6048/8165/5685 6067/8166/5705 6066/8163/5704
f 6051/8142/5688 6067/8166/5705 6049/8167/5686
f 6067/8166/5705 6048/8165/5685 6049/8167/5686
f 5352/8168/4987 6068/8169/5706 6069/8170/5707
f 6070/8171/5708 5352/8168/4987 6069/8170/5707
f 6068/8169/5706 5352/8168/4987 5358/8172/4993
f 5352/8168/4987 6070/8171/5708 5350/8173/4985
f 5358/8172/4993 6071/8174/5709 6068/8169/5706
f 6072/8175/5710 5350/8173/4985 6070/8171/5708
f 6071/8174/5709 5358/8172/4993 5362/8176/4997
f 5350/8173/4985 6072/8175/5710 5348/8177/4983
f 5362/8176/4997 6073/8178/5711 6071/8174/5709
f 6074/8179/5712 5348/8177/4983 6072/8175/5710
f 6073/8178/5711 5362/8176/4997 5065/8180/4703
f 5348/8177/4983 6074/8179/5712 5074/8181/4712
f 5065/8180/4703 6075/8182/5713 6073/8178/5711
f 6076/8183/5714 5074/8181/4712 6074/8179/5712
f 6075/8182/5713 5065/8180/4703 5064/8184/4702
f 5074/8181/4712 6076/8183/5714 5075/8185/4713
f 5064/8184/4702 6077/8186/5715 6075/8182/5713
f 6078/8187/5716 5075/8185/4713 6076/8183/5714
f 6077/8186/5715 5064/8184/4702 5845/8188/5485
f 5075/8185/4713 6078/8187/5716 5849/8189/5489
f 5845/8188/5485 6079/8190/5717 6077/8186/5715
f 6080/8191/5718 5849/8189/5489 6078/8187/5716
f 6079/8190/5717 5845/8188/5485 5847/8192/5487
f 5849/8189/5489 6080/8191/5718 5851/8193/5491
f 5847/8192/5487 6081/8194/5719 6079/8190/5717
f 6082/8195/5720 5851/8193/5491 6080/8191/5718
f 6081/8194/5719 5847/8192/5487 5889/8196/5525
f 5851/8193/5491 6082/8195/5720 6083/8197/5721
f 5889/8196/5525 6084/8198/5722 6081/8194/5719
f 6085/8199/5723 6083/8197/5721 6082/8195/5720
f 6084/8198/5722 5889/8196/5525 5890/8200/5526
f 6083/8197/5721 6085/8199/5723 6086/8201/5724
f 5890/8200/5526 6087/8202/5725 6084/8198/5722
f 6087/8202/5725 6086/8201/5724 6085/8199/5723
f 6087/8202/5725 5890/8200/5526 5893/8203/5529
f 6086/8201/5724 6087/8202/5725 5893/8203/5529
f 6088/8204/4736 5119/8205/4756 5978/8206/5614
f 5767/8207/5395 6088/8204/4736 5978/8206/5614
f 5119/8205/4756 6088/8204/4736 6089/8208/5726
f 6088/8204/4736 5767/8207/5395 6090/8209/5727
f 6089/8208/5726 5115/8210/4752 5119/8205/4756
f 5766/8211/5394 6090/8209/5727 5767/8207/5395
f 5115/8210/4752 6089/8208/5726 6091/8212/5728
f 6090/8209/5727 5766/8211/5394 6092/8213/5729
f 6091/8212/5728 5118/8214/4755 5115/8210/4752
f 5374/8215/5009 6092/8213/5729 5766/8211/5394
f 5118/8214/4755 6091/8212/5728 6093/8216/5730
f 6092/8213/5729 5374/8215/5009 6094/8217/5731
f 6093/8216/5730 5361/8218/4996 5118/8214/4755
f 5372/8219/5007 6094/8217/5731 5374/8215/5009
f 5361/8218/4996 6093/8216/5730 6095/8220/5732
f 6094/8217/5731 5372/8219/5007 6096/8221/5733
f 6095/8220/5732 5359/8222/4994 5361/8218/4996
f 5371/8223/5006 6096/8221/5733 5372/8219/5007
f 5359/8222/4994 6095/8220/5732 6097/8224/5734
f 6096/8221/5733 5371/8223/5006 6098/8225/5735
f 6097/8224/5734 5370/8226/5005 5359/8222/4994
f 5370/8226/5005 6098/8225/5735 5371/8223/5006
f 5370/8226/5005 6097/8224/5734 6099/8227/2614
f 6098/8225/5735 5370/8226/5005 6099/8227/2614
f 6100/8228/5736 6101/8229/5737 6102/8230/5738
f 6103/8231/5739 6101/8229/5737 6100/8228/5736
f 6101/8229/5737 6104/8232/5740 6102/8230/5738
f 6105/8233/5741 6101/8229/5737 6103/8231/5739
f 6104/8232/5740 6101/8229/5737 6106/8234/5742
f 6101/8229/5737 6105/8233/5741 6107/8235/5743
f 6108/8236/5744 6104/8232/5740 6106/8234/5742
f 6104/8232/5740 6108/8236/5744 6109/8237/5745
f 6101/8229/5737 6110/8238/5746 6106/8234/5742
f 6110/8238/5746 6101/8229/5737 6107/8235/5743
f 6106/8234/5742 6111/8239/5747 6108/8236/5744
f 6111/8239/5747 6106/8234/5742 6110/8238/5746
f 6112/8240/5748 6109/8237/5745 6108/8236/5744
f 6109/8237/5745 6112/8240/5748 6113/8241/5749
f 6114/8242/5750 6108/8236/5744 6111/8239/5747
f 6108/8236/5744 6114/8242/5750 6112/8240/5748
f 6115/8243/5751 6113/8241/5749 6112/8240/5748
f 6113/8241/5749 6115/8243/5751 6116/8244/5752
f 6116/8244/5752 6115/8243/5751 6117/8245/5753
f 6118/8246/5754 6117/8245/5753 6115/8243/5751
f 6119/8247/5755 6118/8246/5754 6115/8243/5751
f 6120/8248/5756 6119/8247/5755 6115/8243/5751
f 6121/8249/5757 6120/8248/5756 6115/8243/5751
f 6112/8240/5748 6122/8250/5758 6115/8243/5751
f 6122/8250/5758 6121/8249/5757 6115/8243/5751
f 6122/8250/5758 6112/8240/5748 6114/8242/5750
f 6122/8250/5758 6123/8251/5759 6121/8249/5757
f 6114/8242/5750 6124/8252/5760 6122/8250/5758
f 6123/8251/5759 6122/8250/5758 6124/8252/5760
f 6124/8252/5760 6114/8242/5750 6125/8253/5761
f 6111/8239/5747 6125/8253/5761 6114/8242/5750
f 6126/8254/5762 6123/8251/5759 6124/8252/5760
f 6123/8251/5759 6126/8254/5762 6127/8255/5763
f 6126/8254/5762 6128/8256/5764 6127/8255/5763
f 6124/8252/5760 6129/8257/5765 6126/8254/5762
f 6129/8257/5765 6124/8252/5760 6125/8253/5761
f 6128/8256/5764 6126/8254/5762 6130/8258/5766
f 6129/8257/5765 6130/8258/5766 6126/8254/5762
f 6125/8253/5761 6111/8239/5747 6131/8259/5767
f 6110/8238/5746 6131/8259/5767 6111/8239/5747
f 6125/8253/5761 6132/8260/5768 6129/8257/5765
f 6132/8260/5768 6125/8253/5761 6131/8259/5767
f 6130/8258/5766 6129/8257/5765 6133/8261/5769
f 6132/8260/5768 6133/8261/5769 6129/8257/5765
f 6134/8262/5770 6128/8256/5764 6130/8258/5766
f 6128/8256/5764 6134/8262/5770 6135/8263/5771
f 6136/8264/5772 6130/8258/5766 6133/8261/5769
f 6130/8258/5766 6136/8264/5772 6134/8262/5770
f 6137/8265/5773 6135/8263/5771 6134/8262/5770
f 6137/8265/5773 6138/8266/5774 6135/8263/5771
f 6137/8265/5773 6139/8267/5775 6138/8266/5774
f 6137/8265/5773 6140/8268/5776 6139/8267/5775
f 6137/8265/5773 6141/8269/5777 6140/8268/5776
f 6141/8269/5777 6137/8265/5773 6142/8270/5778
f 6137/8265/5773 6143/8271/5779 6142/8270/5778
f 6134/8262/5770 6144/8272/5780 6137/8265/5773
f 6143/8271/5779 6137/8265/5773 6144/8272/5780
f 6144/8272/5780 6134/8262/5770 6136/8264/5772
f 6144/8272/5780 6145/8273/5781 6143/8271/5779
f 6145/8273/5781 6144/8272/5780 6146/8274/5782
f 6136/8264/5772 6146/8274/5782 6144/8272/5780
f 6146/8274/5782 6147/8275/5783 6145/8273/5781
f 6146/8274/5782 6136/8264/5772 6148/8276/5784
f 6133/8261/5769 6148/8276/5784 6136/8264/5772
f 6147/8275/5783 6146/8274/5782 6149/8277/5785
f 6148/8276/5784 6149/8277/5785 6146/8274/5782
f 6148/8276/5784 6133/8261/5769 6150/8278/5786
f 6133/8261/5769 6132/8260/5768 6150/8278/5786
f 6149/8277/5785 6148/8276/5784 6151/8279/5787
f 6150/8278/5786 6151/8279/5787 6148/8276/5784
f 6152/8280/5788 6147/8275/5783 6149/8277/5785
f 6151/8279/5787 6152/8280/5788 6149/8277/5785
f 6147/8275/5783 6152/8280/5788 6153/8281/5789
f 6153/8281/5789 6152/8280/5788 6154/8282/5790
f 6154/8282/5790 6152/8280/5788 6155/8283/5791
f 6152/8280/5788 6156/8284/5792 6155/8283/5791
f 6152/8280/5788 6151/8279/5787 6157/8285/5793
f 6156/8284/5792 6152/8280/5788 6157/8285/5793
f 6158/8286/5794 6157/8285/5793 6151/8279/5787
f 6151/8279/5787 6150/8278/5786 6158/8286/5794
f 6156/8284/5792 6157/8285/5793 6159/8287/5795
f 6157/8285/5793 6158/8286/5794 6159/8287/5795
f 6159/8287/5795 6160/8288/5796 6156/8284/5792
f 6150/8278/5786 6161/8289/5797 6158/8286/5794
f 6161/8289/5797 6150/8278/5786 6132/8260/5768
f 6131/8259/5767 6161/8289/5797 6132/8260/5768
f 6158/8286/5794 6162/8290/5798 6159/8287/5795
f 6162/8290/5798 6158/8286/5794 6161/8289/5797
f 6160/8288/5796 6159/8287/5795 6162/8290/5798
f 6161/8289/5797 6131/8259/5767 6163/8291/5799
f 6163/8291/5799 6162/8290/5798 6161/8289/5797
f 6131/8259/5767 6110/8238/5746 6163/8291/5799
f 6107/8235/5743 6163/8291/5799 6110/8238/5746
f 6164/8292/5800 6160/8288/5796 6162/8290/5798
f 6162/8290/5798 6163/8291/5799 6164/8292/5800
f 6163/8291/5799 6107/8235/5743 6164/8292/5800
f 6160/8288/5796 6164/8292/5800 6105/8233/5741
f 6164/8292/5800 6107/8235/5743 6105/8233/5741
f 5791/8293/5419 5882/8294/5518 5789/8295/5417
f 5883/8296/5519 5789/8295/5417 5882/8294/5518
f 5882/8294/5518 5791/8293/5419 5884/8297/5520
f 5789/8295/5417 5883/8296/5519 5807/8298/5435
f 5793/8299/5421 5884/8297/5520 5791/8293/5419
f 5131/8300/4768 5807/8298/5435 5883/8296/5519
f 5884/8297/5520 5793/8299/5421 6022/8301/5658
f 5807/8298/5435 5131/8300/4768 5805/8302/5433
f 5795/8303/5423 6022/8301/5658 5793/8299/5421
f 5128/8304/4765 5805/8302/5433 5131/8300/4768
f 6022/8301/5658 5795/8303/5423 6019/8078/5655
f 5805/8302/5433 5128/8304/4765 5803/8305/5431
f 5797/8306/5425 6019/8078/5655 5795/8303/5423
f 6013/8307/5649 5803/8305/5431 5128/8304/4765
f 6019/8078/5655 5797/8306/5425 6017/8075/5653
f 5803/8305/5431 6013/8307/5649 5801/8308/5429
f 5799/8309/5427 6017/8075/5653 5797/8306/5425
f 6016/8074/5652 5801/8308/5429 6013/8307/5649
f 6017/8075/5653 5799/8309/5427 6016/8074/5652
f 5801/8308/5429 6016/8074/5652 5799/8309/5427
usemtl pickup_glass.001
f 1/8310/5801 2/8311/5801 3/8312/5801
f 4/8313/5802 5/8314/5802 6/8315/5802
f 7/8316/5803 8/8317/5803 9/8318/5803
f 10/8319/5804 11/8320/5804 12/8321/5804
f 13/8322/5805 14/8323/5805 15/8324/5805
f 16/8325/5806 17/8326/5806 18/8327/5806
f 19/8328/5807 20/8329/5807 21/8330/5807
f 22/8331/5808 23/8332/5808 24/8333/5808
f 25/8334/5809 26/8335/5809 27/8336/5809
f 28/8337/5810 29/8338/5810 30/8339/5810
f 31/8340/5811 32/8341/5811 33/8342/5811
f 34/8343/5812 35/8344/5812 36/8345/5812
f 37/8346/116 38/8347/116 39/8348/116
f 40/8349/116 41/8350/116 42/8351/116
f 43/8352/116 44/8353/116 45/8354/116
f 46/8355/116 47/8356/116 48/8357/116
f 49/8358/116 50/8359/116 51/8360/116
f 52/8361/116 53/8362/116 54/8363/116
f 55/8364/5813 56/8365/5813 57/8366/5813
f 58/8367/5813 59/8368/5813 60/8369/5813
f 61/8370/5813 62/8371/5813 63/8372/5813
f 64/8373/5814 65/8374/5814 66/8375/5814
f 67/8376/5814 68/8377/5814 69/8378/5814
f 70/8379/5815 71/8380/5815 72/8381/5815
f 73/8382/5816 74/8383/5816 75/8384/5816
f 76/8385/5817 77/8386/5817 78/8387/5817
f 79/8388/5817 80/8389/5817 81/8390/5817
f 82/8391/5817 83/8392/5817 84/8393/5817
f 85/8394/5818 86/8395/5818 87/8396/5818
f 88/8397/5817 89/8398/5817 90/8399/5817
f 91/8400/4483 92/8401/4483 93/8402/4483
f 94/8403/4483 95/8404/4483 96/8405/4483
f 97/8406/4483 98/8407/4483 99/8408/4483
f 100/8409/4483 101/8410/4483 102/8411/4483
f 103/8412/4483 104/8413/4483 105/8414/4483
f 106/8415/4483 107/8416/4483 108/8417/4483
f 109/8418/5819 110/8419/5819 111/8420/5819
f 112/8421/5820 113/8422/5820 114/8423/5820
f 115/8424/5821 116/8425/5821 117/8426/5821
f 118/8427/5822 119/8428/5822 120/8429/5822
f 121/8430/5823 122/8431/5823 123/8432/5823
f 124/8433/5824 125/8434/5824 126/8435/5824
f 127/8436/5825 128/8437/5825 129/8438/5825
f 130/8439/5826 131/8440/5826 132/8441/5826
f 133/8442/5827 134/8443/5827 135/8444/5827
f 136/8445/5828 137/8446/5828 138/8447/5828
f 139/8448/5829 140/8449/5829 141/8450/5829
f 142/8451/5830 143/8452/5830 144/8453/5830
f 145/8454/5831 146/8455/5831 147/8456/5831
f 148/8457/5832 149/8458/5832 150/8459/5832
f 151/8460/5833 152/8461/5833 153/8462/5833
f 154/8463/5834 155/8464/5834 156/8465/5834
f 157/8466/5835 158/8467/5835 159/8468/5835
f 160/8469/5836 161/8470/5836 162/8471/5836
f 163/8472/5837 164/8473/5837 165/8474/5837
f 166/8475/5838 167/8476/5838 168/8477/5838
f 169/8478/5839 170/8479/5839 171/8480/5839
f 172/8481/5840 173/8482/5840 174/8483/5840
f 175/8484/5841 176/8485/5841 177/8486/5841
f 178/8487/5842 179/8488/5842 180/8489/5842
f 181/8490/5843 182/8491/5843 183/8492/5843
f 184/8493/5844 185/8494/5844 186/8495/5844
f 187/8496/5845 188/8497/5845 189/8498/5845
f 190/8499/5846 191/8500/5846 192/8501/5846
f 193/8502/5847 194/8503/5847 195/8504/5847
f 196/8505/5848 197/8506/5848 198/8507/5848
f 199/8508/5849 200/8509/5849 201/8510/5849
f 202/8511/5850 203/8512/5850 204/8513/5850
f 205/8514/5851 206/8515/5851 207/8516/5851
f 208/8517/5851 209/8518/5851 210/8519/5851
f 211/8520/5851 212/8521/5851 213/8522/5851
f 214/8523/5852 215/8524/5852 216/8525/5852
f 217/8526/5853 218/8527/5853 219/8528/5853
f 220/8529/5854 221/8530/5854 222/8531/5854
f 223/8532/5855 224/8533/5855 225/8534/5855
f 226/8535/5856 227/8536/5856 228/8537/5856
f 229/8538/5857 230/8539/5857 231/8540/5857
f 232/8541/5858 233/8542/5858 234/8543/5858
f 235/8544/5859 236/8545/5859 237/8546/5859
f 238/8547/5860 239/8548/5860 240/8549/5860
f 241/8550/5861 242/8551/5861 243/8552/5861
f 244/8553/5862 245/8554/5862 246/8555/5862
f 247/8556/5863 248/8557/5863 249/8558/5863
f 250/8559/5864 251/8560/5864 252/8561/5864
f 253/8562/5865 254/8563/5865 255/8564/5865
f 256/8565/5866 257/8566/5866 258/8567/5866
f 259/8568/5867 260/8569/5867 261/8570/5867
f 262/8571/5868 263/8572/5868 264/8573/5868
f 265/8574/5869 266/8575/5869 267/8576/5869
f 268/8577/5870 269/8578/5870 270/8579/5870
f 271/8580/5871 272/8581/5871 273/8582/5871
f 274/8583/5872 275/8584/5872 276/8585/5872
f 277/8586/5873 278/8587/5873 279/8588/5873
f 280/8589/5874 281/8590/5874 282/8591/5874
f 283/8592/5875 284/8593/5875 285/8594/5875
f 286/8595/5876 287/8596/5876 288/8597/5876
f 289/8598/5877 290/8599/5877 291/8600/5877
f 292/8601/5878 293/8602/5878 294/8603/5878
f 295/8604/5879 296/8605/5879 297/8606/5879
f 298/8607/5880 299/8608/5880 300/8609/5880
f 301/8610/5881 302/8611/5881 303/8612/5881
f 304/8613/5882 305/8614/5882 306/8615/5882
f 307/8616/5882 308/8617/5882 309/8618/5882
f 310/8619/5882 311/8620/5882 312/8621/5882
f 313/8622/5882 314/8623/5882 315/8624/5882
f 316/8625/5883 317/8626/5883 318/8627/5883
f 319/8628/5884 320/8629/5884 321/8630/5884
f 322/8631/5885 323/8632/5885 324/8633/5885
f 325/8634/5886 326/8635/5886 327/8636/5886
f 328/8637/5887 329/8638/5887 330/8639/5887
f 331/8640/5888 332/8641/5888 333/8642/5888
f 334/8643/5889 335/8644/5889 336/8645/5889
f 337/8646/5890 338/8647/5890 339/8648/5890
f 340/8649/5891 341/8650/5891 342/8651/5891
