# Blender 4.0.2
# www.blender.org
mtllib bushranger.mtl
o frame_11.10.2025_16.56.17
v 0.003335 -0.076657 0.343471
v 0.003270 -0.076460 0.343698
v 0.003331 -0.076430 0.343778
v 0.004854 -0.076461 0.343697
v 0.004700 -0.078733 0.343707
v 0.004701 -0.078688 0.343632
v 0.004658 -0.078663 0.343740
v 0.471719 1.715087 0.644994
v 0.976178 0.415161 0.939013
v 0.787314 0.485213 1.016426
v 0.787381 0.481177 0.949973
v 0.797149 0.514968 1.016470
v 0.814214 0.500619 0.932749
v 0.997526 0.409156 0.957062
v 0.806035 0.475849 0.932706
v 0.736055 0.486189 0.911228
v 1.002719 0.445836 1.021310
v 0.912856 0.489493 0.976340
v 0.738628 0.541297 0.911343
v 0.716051 0.491980 0.959083
v 0.724505 0.545424 0.959186
v 0.807277 0.483459 1.036047
v 0.818744 0.518184 1.036106
v 0.795567 0.505954 0.950013
v 0.968302 0.417654 1.037830
v 0.979764 0.452384 1.037889
v 0.991256 0.411104 1.021245
v 1.008994 0.443894 0.957125
v 0.987652 0.449892 0.939070
v 0.997526 0.409156 0.957062
v 1.008994 0.443894 0.957125
v 0.987652 0.449892 0.939070
v 0.806035 0.475849 0.932706
v 0.976178 0.415161 0.939013
v 0.814214 0.500619 0.932749
v 0.736055 0.486189 0.911228
v 0.738628 0.541297 0.911343
v -0.802974 0.483200 1.038333
v -0.782886 0.484962 1.018651
v -0.814408 0.517929 1.038421
v -0.982763 0.449575 0.941866
v -0.809243 0.500362 0.935053
v -0.986926 0.410792 1.024052
v -0.801080 0.475588 0.934985
v -0.998361 0.445510 1.024147
v -1.004229 0.443564 0.959980
v -0.908172 0.489198 0.978925
v -0.792686 0.514717 1.018728
v -0.719652 0.545195 0.961235
v -0.733482 0.541062 0.913431
v -0.790693 0.505701 0.952266
v -0.711254 0.491750 0.961108
v -0.782526 0.480921 0.952199
v -0.792686 0.514717 1.018728
v -0.790693 0.505701 0.952266
v -0.782526 0.480921 0.952199
v -0.964071 0.417338 1.040573
v -0.975506 0.452067 1.040660
v -0.992789 0.408841 0.959885
v -0.971330 0.414846 0.941779
v -0.730961 0.485952 0.913305
v 0.260433 1.512523 0.013739
v -0.251032 1.543506 -0.017751
v 0.260548 1.544890 -0.018363
v 0.260352 1.543677 0.043107
v -0.251337 1.513045 0.012994
v -0.250860 1.544185 0.044258
v -0.250865 1.574783 0.014049
v 0.260457 1.574598 0.013398
v 0.259771 1.637404 0.240461
v -0.251698 1.668392 0.208971
v 0.259887 1.669784 0.208357
v 0.259692 1.668571 0.269827
v -0.252004 1.637932 0.239716
v -0.251522 1.669066 0.270980
v 0.259803 1.699488 0.240124
v -0.251520 1.699672 0.240768
v -0.501985 -1.042935 1.289116
v -0.522010 -1.249729 1.021122
v -0.499786 -1.230764 1.003773
v -0.495338 -1.080703 1.314050
v -0.550014 -1.228164 1.013789
v -0.527491 -1.212447 0.998998
v -0.455399 -0.947084 1.363564
v -0.441365 -0.571229 1.400262
v -0.471855 -1.063435 1.296783
v -0.461717 -1.004701 1.337671
v -0.478362 -0.955335 1.383156
v -0.484532 -1.024502 1.359105
v -0.494518 -0.571200 1.411177
v -0.462929 -0.571147 1.425883
v -0.524545 -1.063191 1.307301
v -0.491360 -0.992495 1.329128
v -0.512414 -1.004412 1.354714
v -0.486155 -0.928836 1.350580
v -0.474474 -0.571293 1.384153
v 0.638610 1.674393 0.811472
v 0.471984 1.680154 0.557464
v 0.472281 1.714480 0.470075
v 0.410158 1.714983 0.619467
v 0.533473 1.767206 0.619403
v 0.559183 1.714792 0.557411
v -0.508157 -0.935225 1.374787
v -0.641076 0.752937 0.731714
v -0.618869 0.733856 0.714278
v -0.669095 0.731319 0.724288
v -0.518617 0.123400 1.258399
v -0.547839 0.105827 1.251569
v -0.646587 0.715504 0.709430
v 0.843603 1.671806 0.683261
v 0.410554 1.714552 0.495783
v 0.410186 1.767188 0.619575
v 0.384843 1.766968 0.557775
v 0.472019 1.746434 0.557606
v -0.454791 -0.022421 1.311481
v -0.485576 -0.040780 1.298421
v -0.441382 -0.532822 1.410215
v -0.474491 -0.532885 1.394107
v -0.495772 0.059957 1.304925
v -0.495148 0.106020 1.241055
v -0.472982 0.040015 1.283403
v -0.523673 0.039831 1.300447
v -0.507574 -0.034226 1.322658
v -0.477755 -0.014034 1.331109
v -0.494534 -0.532792 1.421136
v -0.462939 -0.532732 1.435838
v -0.502635 0.027739 1.274809
v -0.525296 0.085456 1.233300
v -0.638394 -0.556665 0.147517
v -0.631030 -0.554781 0.699734
v -0.595063 -0.598593 1.278265
v -0.718359 -0.555110 0.699862
v -0.675826 -0.599292 0.699702
v -0.593935 -0.508767 1.277784
v -0.636151 -0.553458 1.277239
v -0.674531 -0.514096 0.148989
v -0.546938 -0.552773 1.280413
v -0.650409 -0.575091 0.699723
v -0.000524 1.682706 0.764509
v 0.559212 1.766997 0.557526
v 0.471748 1.767293 0.645109
v 0.410575 1.766751 0.495896
v 0.472302 1.766678 0.470192
v 0.533869 1.766776 0.495720
v -0.723625 -0.556594 0.150077
v -0.696660 -0.578950 0.699774
v -0.672902 -0.511445 0.699889
v -0.695249 -0.535097 0.699869
v -0.655907 -0.531474 0.699821
v -0.679481 -0.599725 0.147483
v -0.552378 -0.598123 1.372607
v -0.518526 -0.553573 1.338695
v -0.471459 -0.597748 1.408276
v -0.584317 -0.552287 1.398848
v -0.497685 -0.552391 1.441044
v 0.004381 -0.552976 1.458753
v 0.004474 -0.598524 1.421737
v 0.004517 -0.507790 1.421341
v -0.551911 -0.508845 1.383857
v -0.444233 -0.553189 1.373938
v -0.448471 -0.507517 1.408482
v 0.128529 1.674592 0.594621
v 0.233255 1.719235 0.594569
v 0.004626 -0.551445 1.381299
v 0.620447 0.734052 0.712519
v 0.492787 0.106181 1.239657
v 0.545411 0.106010 1.250020
v 0.670611 0.731534 0.722385
v 0.642555 0.753144 0.729891
v 0.867134 1.722026 0.540421
v 0.023833 1.719201 0.594867
v 0.023865 1.781254 0.594999
v 0.648182 0.715710 0.707592
v 0.470288 0.040167 1.282068
v 0.437344 -0.532680 1.408972
v 0.470553 -0.532730 1.392764
v 0.516163 0.123572 1.256927
v 0.492963 0.060116 1.303522
v 0.451862 -0.022277 1.310197
v 0.458740 -0.532587 1.434535
v 0.520871 0.039992 1.298966
v 0.474708 -0.013881 1.329759
v 0.522963 0.085624 1.231809
v 0.499982 0.027898 1.273390
v 0.482707 -0.040623 1.297047
v 0.490429 -0.532630 1.419738
v 0.504559 -0.034061 1.321217
v 0.676254 -0.599075 0.697787
v 0.631500 -0.554574 0.697942
v 0.683415 -0.599503 0.145551
v 0.591802 -0.598399 1.276579
v 0.632937 -0.553253 1.275438
v 0.650856 -0.574883 0.697875
v 0.697101 -0.578727 0.697800
v 0.673408 -0.511232 0.697981
v 0.928179 1.526353 0.657770
v 0.928839 1.540051 0.450295
v 0.928397 1.430064 0.573939
v 0.727583 -0.556360 0.148024
v 0.695726 -0.534875 0.697898
v 0.678542 -0.513879 0.147068
v 0.718826 -0.554874 0.697821
v 0.927180 -1.212244 0.568187
v 0.906933 -1.569356 0.787743
v 0.907033 -1.346576 0.789295
v 0.590766 -0.508579 1.276099
v 0.656389 -0.531263 0.697964
v 0.642374 -0.556458 0.145700
v 0.907255 -1.072844 0.758686
v 0.928250 -0.859237 0.282345
v 0.928314 -0.841021 0.267836
v 0.929400 0.383579 0.103583
v 0.928839 0.287331 0.267176
v 0.810145 0.449564 0.863502
v 0.775601 0.427473 0.953945
v 0.649649 0.015437 1.248789
v 0.649527 0.064977 1.293057
v 0.831182 0.268856 0.536311
v 0.831873 0.311665 0.324860
v 0.830656 -0.811120 0.542787
v 0.831342 -0.816694 0.325523
v 0.830594 -0.842497 0.555967
v 0.927380 -0.967550 0.540860
v 0.831290 -0.834908 0.340024
v 0.514924 -0.553410 1.337232
v -0.008650 -0.598528 1.421758
v 0.548523 -0.597950 1.371044
v 0.467370 -0.597602 1.406946
v 0.493431 -0.552230 1.439642
v 0.548062 -0.508664 1.382292
v 0.580339 -0.552101 1.397195
v 0.444466 -0.507374 1.407214
v -0.008614 -0.507788 1.421356
v -0.008749 -0.552975 1.458773
v 0.543709 -0.552595 1.278863
v 0.440408 -0.553054 1.372687
v -0.008497 -0.551448 1.381319
v 0.498239 -1.042780 1.287698
v 0.497685 -1.230600 1.002356
v 0.525439 -1.212275 0.997507
v 0.468042 -1.063288 1.295453
v 0.547847 -1.227994 1.012236
v 0.491399 -1.080551 1.312654
v 0.519774 -1.249565 1.019644
v 0.487407 -0.992344 1.327746
v 0.451266 -0.946939 1.362277
v 0.482123 -0.928673 1.349206
v 0.480361 -1.024345 1.357738
v 0.927622 0.757125 0.718197
v 0.474105 -0.955188 1.381801
v 0.457703 -1.004557 1.336368
v 0.437360 -0.571088 1.399014
v 0.503971 -0.935053 1.373352
v -0.805697 0.449305 0.865793
v 0.128238 1.781640 0.699894
v 0.490439 -0.571046 1.409783
v 0.458756 -0.570995 1.424576
v 0.520668 -1.063021 1.305819
v 0.508288 -1.004251 1.353268
v 0.470571 -0.571139 1.382811
v -0.144924 1.740349 0.438208
v -0.092543 1.740358 0.438130
v -0.144946 1.687018 0.438087
v -0.145512 1.706564 0.619454
v -0.093132 1.706573 0.619376
v -0.092565 1.687029 0.438016
v 0.103043 1.740392 0.437854
v 0.202345 1.719487 0.668888
v 0.533452 1.715009 0.619291
v -0.825584 -0.943489 0.600886
v 0.128212 1.719582 0.699762
v 0.202821 1.718970 0.520337
v 0.128902 1.780900 0.489810
v 0.102454 1.706607 0.619099
v 0.155424 1.740401 0.437782
v 0.155395 1.687064 0.437663
v 0.103014 1.687056 0.437741
v 0.154828 1.706609 0.619024
v -0.488483 1.721864 0.450242
v -0.444860 1.748361 0.450234
v -0.488473 1.748356 0.450298
v -0.445295 1.703017 0.579105
v -0.444875 1.721875 0.450177
v -0.488903 1.703008 0.579169
v 0.451394 1.703159 0.577828
v 0.451825 1.748510 0.448963
v 0.494996 1.703163 0.577773
v 0.495426 1.748512 0.448901
v 0.495417 1.722020 0.448845
v 0.451815 1.722018 0.448906
v 0.796050 -1.786448 0.725760
v 0.795854 -1.786226 0.788371
v 0.805119 -1.725787 0.798244
v 0.805371 -1.747622 0.716071
v 0.795854 -1.786226 0.788371
v 0.727345 -1.786237 0.788464
v 0.718076 -1.725798 0.798368
v 0.805119 -1.725787 0.798244
v 0.727345 -1.786237 0.788464
v 0.727543 -1.786458 0.725859
v 0.718326 -1.747634 0.716195
v 0.718076 -1.725798 0.798368
v 0.727543 -1.786458 0.725859
v 0.796050 -1.786448 0.725760
v 0.805371 -1.747622 0.716071
v 0.718326 -1.747634 0.716195
v 0.727345 -1.786237 0.788464
v 0.795854 -1.786226 0.788371
v 0.796050 -1.786448 0.725760
v 0.727543 -1.786458 0.725859
v -0.798363 -1.726047 0.800518
v -0.789097 -1.786480 0.790619
v -0.788900 -1.786701 0.728008
v -0.798117 -1.747876 0.718350
v -0.711323 -1.726029 0.800399
v -0.720584 -1.786475 0.790520
v -0.789097 -1.786480 0.790619
v -0.789097 -1.786480 0.790619
v -0.798363 -1.726047 0.800518
v -0.711323 -1.726029 0.800399
v -0.711072 -1.747865 0.718225
v -0.720387 -1.786696 0.727915
v -0.720584 -1.786475 0.790520
v -0.711323 -1.726029 0.800399
v 0.054294 1.781524 0.669232
v 0.202378 1.781540 0.669026
v -0.798117 -1.747876 0.718350
v -0.788900 -1.786701 0.728008
v -0.720387 -1.786696 0.727915
v -0.711072 -1.747865 0.718225
v -0.788900 -1.786701 0.728008
v -0.789097 -1.786480 0.790619
v -0.720584 -1.786475 0.790520
v -0.720387 -1.786696 0.727915
v 0.866634 1.694865 0.694901
v 0.843599 1.720518 0.691811
v 0.814121 1.683082 0.761965
v 0.533848 1.714579 0.495608
v -0.000685 1.674289 0.812386
v 0.857819 1.684082 0.613399
v 0.384822 1.714770 0.557658
v 0.798435 1.661916 0.739514
v 0.729513 1.676368 0.800201
v 0.782757 1.689475 0.725603
v 0.720308 1.655893 0.773823
v 0.638685 1.654239 0.783261
v -0.814228 1.733535 0.475814
v 0.857817 1.732806 0.621946
v 0.820568 1.697459 0.680171
v -0.720415 1.760724 0.463956
v 0.202853 1.781022 0.520468
v 0.054769 1.780995 0.520684
v 0.798438 1.710636 0.748061
v 0.233287 1.781288 0.594701
v 0.720304 1.704605 0.782373
v 0.711108 1.684139 0.755998
v 0.638690 1.702960 0.791815
v 0.638766 1.682804 0.763603
v -0.921613 1.460515 0.713342
v 0.128883 1.718849 0.489675
v -0.857925 1.683810 0.615832
v -0.119577 1.674552 0.594971
v 0.054268 1.719467 0.669100
v 0.128559 1.756593 0.594799
v 0.844058 1.745086 0.552127
v 0.799255 1.754954 0.496006
v 0.730702 1.740485 0.435505
v 0.721350 1.760950 0.461915
v 0.000579 1.742329 0.425399
v 0.000497 1.762477 0.453613
v 0.844059 1.696360 0.543574
v 0.882058 1.708447 0.617637
v 0.815063 1.733792 0.473503
v 0.721359 1.712231 0.453359
v 0.639795 1.713857 0.444157
v 0.639869 1.742428 0.424494
v 0.820982 1.719421 0.555280
v 0.833584 1.708436 0.617708
v -0.921276 -0.841315 0.270459
v 0.799262 1.706236 0.487450
v 0.783460 1.727392 0.509952
v 0.000424 1.733906 0.473276
v 0.000506 1.713759 0.445063
v 0.712008 1.732708 0.479766
v 0.639794 1.762583 0.452704
v 0.639720 1.734012 0.472369
v -0.882160 1.708165 0.620141
v -0.844160 1.720252 0.694204
v -0.920745 1.539750 0.452920
v -0.920702 1.635835 0.453372
v -0.921450 0.874239 0.575356
v -0.921188 1.429764 0.576563
v -0.867236 1.694586 0.697357
v -0.799370 1.710382 0.750329
v -0.721460 1.704381 0.784419
v -0.922410 -1.212538 0.570810
v -0.903896 -1.569646 0.790312
v -0.922643 -1.655865 0.578680
v -0.639896 1.702755 0.793627
v -0.903683 -1.111188 0.792082
v -0.903569 -1.073139 0.761255
v -0.844164 1.671532 0.685657
v -0.921335 -0.859537 0.284968
v -0.921964 0.756825 0.720822
v -0.648176 0.064765 1.294897
v -0.771748 0.427222 0.956140
v -0.824661 -0.816960 0.327870
v 0.054736 1.718941 0.520545
v -0.799361 1.661664 0.741778
v -0.815164 1.682820 0.764280
v -0.730809 1.676132 0.802273
v -0.639901 1.654035 0.785074
v -0.639975 1.674191 0.813291
v -0.000604 1.654140 0.784166
v -0.783561 1.689219 0.727826
v -0.721458 1.655655 0.775872
v -0.638791 1.713653 0.445970
v -0.821084 1.697190 0.682498
v -0.712114 1.683910 0.758018
v -0.639821 1.682600 0.765415
v -0.000606 1.702854 0.792722
v -0.857928 1.732524 0.624382
v -0.843709 1.744812 0.554523
v -0.193357 1.718903 0.520898
v -0.224267 1.719155 0.595217
v -0.638717 1.742224 0.426306
v -0.824991 1.484877 0.770751
v -0.866734 1.721748 0.542882
v -0.843701 1.696093 0.545968
v -0.729620 1.740249 0.437578
v -0.824713 -0.835174 0.342377
v -0.824130 0.311399 0.327209
v -0.529941 1.766601 0.497228
v -0.468503 1.746279 0.558941
v -0.920747 0.287030 0.269800
v -0.825343 0.781187 0.778224
v -0.922206 -0.967851 0.543477
v -0.119888 1.719549 0.700109
v -0.193833 1.719420 0.669450
v -0.045717 1.781502 0.669374
v -0.014818 1.781248 0.595058
v -0.820675 1.719158 0.557608
v -0.833685 1.708176 0.620070
v -0.530329 1.767040 0.620914
v -0.119224 1.718808 0.490026
v -0.193331 1.780962 0.521031
v -0.224240 1.781214 0.595356
v -0.119855 1.781602 0.700247
v -0.014846 1.719189 0.594920
v -0.045280 1.718924 0.520686
v -0.711208 1.732474 0.481786
v -0.798540 1.705975 0.489717
v -0.045247 1.780978 0.520825
v -0.720406 1.712006 0.455405
v -0.468234 1.714319 0.471416
v -0.798541 1.754703 0.498270
v -0.782858 1.727135 0.512176
v -0.193805 1.781480 0.669588
v -0.406647 1.766627 0.497053
v -0.381330 1.714643 0.558749
v -0.638866 1.733808 0.474181
v -0.638793 1.762378 0.454517
v -0.381310 1.766841 0.558862
v -0.468207 1.766524 0.471525
v -0.045748 1.719449 0.669241
v -0.468791 1.714933 0.646327
v -0.407041 1.767059 0.620741
v -0.530357 1.714835 0.620799
v -0.468762 1.767139 0.646441
v -0.119534 1.756555 0.595152
v -0.119191 1.780862 0.490163
v -0.555692 1.714622 0.558996
v -0.555672 1.766819 0.559108
v -0.529961 1.714404 0.497117
v -0.468530 1.680007 0.558797
v -0.407063 1.714861 0.620624
v -0.406674 1.714423 0.496943
v -0.758553 -1.185186 0.620456
v -0.521976 -1.644112 0.560526
v -0.338904 -1.508688 0.216147
v 0.752610 -0.953544 0.895849
v -0.749513 -0.927020 0.849469
v -0.758145 -0.819047 0.546359
v 0.649649 0.015437 1.248789
v 0.574238 0.054613 1.312415
v 0.574245 0.010797 1.302857
v 0.670293 0.662941 0.929365
v 0.692133 0.609394 0.969088
v 0.762670 0.489998 0.976078
v 0.002171 0.692524 0.916443
v 0.002230 0.516575 0.872203
v -0.622433 0.698040 0.916349
v -0.715633 -0.818545 0.282387
v -0.758085 -0.785781 0.532389
v -0.715633 -0.818545 0.282387
v -0.758145 -0.819047 0.546359
v 0.593317 0.126263 1.270616
v 0.762670 0.489998 0.976078
v 0.692133 0.609394 0.969088
v 0.345648 -1.508577 0.215176
v 0.763031 -1.184943 0.618298
v 0.557567 -1.076848 0.959851
v 0.550129 -1.152687 0.974088
v 0.001194 -1.067793 0.965049
v 0.001113 -1.144949 0.979628
v -0.756351 0.489758 0.978234
v -0.688199 0.609171 0.971052
v 0.533282 0.536287 0.769068
v 0.723188 0.314709 0.265611
v 0.002549 0.536221 0.775456
v 0.004062 0.314597 0.266515
v -0.648060 0.015229 1.250629
v -0.573006 0.010613 1.304487
v -0.573014 0.054429 1.314045
v -0.591761 0.126074 1.272300
v -0.756351 0.489758 0.978234
v -0.528466 0.516469 0.867325
v -0.666379 0.662732 0.932472
v -0.805697 0.449305 0.865793
v -0.825447 0.466905 0.764298
v -0.771748 0.427222 0.956140
v 0.763434 -0.818798 0.544201
v 0.554455 -1.017983 0.907212
v 0.763499 -0.785538 0.530231
v 0.763434 -0.818798 0.544201
v 0.722602 -0.818316 0.280351
v -0.528148 0.536115 0.770572
v -0.591761 0.126074 1.272300
v -0.688199 0.609171 0.971052
v 0.574238 0.054613 1.312415
v 0.762670 0.489998 0.976078
v 0.593317 0.126263 1.270616
v 0.762670 0.489998 0.976078
v 0.626781 0.698239 0.914577
v 0.763100 0.497025 0.842129
v -0.730745 -1.003120 0.911095
v -0.771748 0.427222 0.956140
v -0.573014 0.054429 1.314045
v -0.758471 0.496783 0.844285
v -0.648060 0.015229 1.250629
v -0.715060 0.314479 0.267652
v -0.757605 0.268910 0.537610
v -0.758085 -0.785781 0.532389
v -0.715633 -0.818545 0.282387
v -0.547885 -1.152868 0.975649
v -0.551657 -1.018160 0.908780
v 0.001396 -1.008226 0.911119
v 0.004062 0.314597 0.266515
v 0.532968 0.516636 0.865816
v 0.670293 0.662941 0.929365
v 0.733540 -1.002884 0.909018
v 0.752770 -0.926782 0.847342
v 0.649649 0.015437 1.248789
v 0.775601 0.427473 0.953945
v 0.574238 0.054613 1.312415
v 0.810145 0.449564 0.863502
v 0.757707 0.489998 0.976078
v -0.749679 -0.953788 0.897985
v -0.555161 -1.077026 0.961433
v 0.533282 0.536287 0.769068
v 0.763974 0.269158 0.535451
v 0.763499 -0.785538 0.530231
v 0.722602 -0.818316 0.280351
v 0.723188 0.314709 0.265611
v 0.723188 0.314709 0.265611
v 0.722602 -0.818316 0.280351
v 0.003487 -0.818427 0.281368
v 0.002549 0.536221 0.775456
v -0.489574 0.118109 1.292042
v -0.591761 0.126074 1.272300
v -0.573014 0.054429 1.314045
v -0.573014 0.054429 1.314045
v -0.573006 0.010613 1.304487
v -0.443223 0.048029 1.334067
v -0.443210 0.001977 1.324007
v -0.573014 0.054429 1.314045
v -0.443223 0.048029 1.334067
v -0.489574 0.118109 1.292042
v 0.000547 0.048027 1.333519
v 0.000553 0.002057 1.323377
v -0.443223 0.048029 1.334067
v 0.000705 0.114153 1.292331
v -0.489574 0.118109 1.292042
v -0.443223 0.048029 1.334067
v 0.000547 0.048027 1.333519
v 0.000705 0.114153 1.292331
v 0.491000 0.118262 1.290654
v 0.574238 0.054613 1.312415
v 0.593317 0.126263 1.270616
v 0.574238 0.054613 1.312415
v 0.444312 0.048177 1.332803
v 0.574245 0.010797 1.302857
v 0.444319 0.002117 1.322750
v 0.574238 0.054613 1.312415
v 0.491000 0.118262 1.290654
v 0.444312 0.048177 1.332803
v 0.444312 0.048177 1.332803
v 0.491000 0.118262 1.290654
v 0.000705 0.114153 1.292331
v 0.444312 0.048177 1.332803
v 0.000705 0.114153 1.292331
v 0.000547 0.048027 1.333519
v 0.004062 0.314597 0.266515
v -0.715060 0.314479 0.267652
v 0.535021 0.409661 0.613228
v -0.470141 -0.219039 1.001999
v 0.057671 0.041910 0.629493
v 0.146497 -0.141340 0.891178
v 0.229646 0.060188 0.459303
v 0.302933 0.113473 0.467614
v 0.166712 -0.023486 0.718312
v 0.545691 0.060266 0.458859
v 0.598376 -0.023582 0.717253
v 0.472397 0.113495 0.467374
v 0.331404 -0.086370 0.934310
v 0.331281 -0.222724 0.952014
v 0.440771 -0.086359 0.934157
v 0.166122 -0.239542 0.697157
v 0.545658 -0.143752 0.438819
v 0.302933 0.113473 0.467614
v 0.472397 0.113495 0.467374
v 0.229646 0.060188 0.459303
v 0.545691 0.060266 0.458859
v 0.440609 -0.200903 0.969561
v 0.168245 0.543607 0.183287
v 0.610619 0.543478 0.184085
v 0.229610 -0.143798 0.439263
v 0.227046 0.072550 0.202020
v 0.549906 0.078019 0.201575
v 0.166712 -0.023486 0.718312
v 0.228183 0.264916 0.591857
v 0.081658 0.017347 0.744927
v 0.188675 0.289179 0.578555
v 0.095923 0.035670 0.606584
v 0.229335 0.278253 0.540211
v 0.195004 0.281790 0.630484
v 0.173251 0.358103 0.571947
v 0.230991 0.404091 0.653258
v 0.216467 0.359804 0.500838
v 0.222189 0.428877 0.562939
v 0.160847 -0.055862 0.858681
v 0.160251 -0.225885 0.867229
v 0.331234 -0.200922 0.969712
v 0.440649 -0.222711 0.951860
v 0.598376 -0.023582 0.717253
v 0.599046 -0.239426 0.696437
v 0.669918 0.035733 0.605631
v 0.683281 0.017409 0.743937
v 0.604893 -0.055808 0.857935
v 0.708030 0.041980 0.628432
v 0.683281 0.017409 0.743937
v 0.571045 0.287372 0.590369
v 0.577712 0.294757 0.538426
v 0.708030 0.041980 0.628432
v 0.537276 0.283825 0.500197
v 0.669918 0.035733 0.605631
v 0.538090 0.270494 0.551836
v 0.537276 0.283825 0.500197
v 0.544428 0.434449 0.522890
v -0.470768 -0.552205 1.405612
v 0.458876 -0.552052 1.404294
v 0.481692 0.029314 1.292904
v 0.571045 0.287372 0.590369
v 0.593234 0.363687 0.531754
v 0.577712 0.294757 0.538426
v 0.550476 0.365379 0.460775
v 0.605271 -0.225827 0.866480
v 0.617523 -0.141273 0.890392
v 0.501798 0.039042 1.056653
v 0.518963 -0.016336 1.044922
v 0.509084 -0.099169 0.984197
v 0.534433 -0.091034 1.114303
v 0.491621 0.046898 1.099702
v 0.363831 0.023261 0.961856
v 0.421914 -0.025072 0.940958
v 0.492087 -0.044987 0.977592
v 0.397394 -0.037069 0.912604
v 0.431759 -0.226317 1.027198
v 0.494249 -0.148549 1.163121
v 0.426710 0.062089 1.130670
v 0.398944 0.079868 1.066127
v 0.402537 0.111756 1.013911
v 0.348160 0.008962 0.954257
v 0.350340 -0.030670 0.924878
v 0.406710 -0.185885 0.964141
v 0.446684 -0.204838 1.126351
v 0.449137 -0.172270 1.181943
v 0.468541 -0.035341 1.195441
v 0.486991 -0.099263 1.195695
v 0.355421 0.076120 1.077573
v 0.497276 0.041038 1.030747
v 0.366392 0.026776 1.040868
v 0.246900 -0.033687 1.085048
v 0.274649 -0.109887 1.024744
v 0.291654 -0.164062 1.031347
v 0.254180 -0.034857 1.110349
v 0.277246 0.074361 1.041084
v 0.331723 0.013681 0.968818
v 0.286607 -0.036680 1.075639
v 0.316996 -0.155934 1.161456
v 0.369691 -0.064848 1.216882
v 0.274177 -0.017996 1.146855
v 0.315847 0.055069 1.084144
v 0.338264 0.098723 1.027369
v 0.344808 0.021906 0.956042
v 0.305325 -0.059868 0.966241
v 0.354520 -0.054718 0.911963
v 0.312908 -0.062279 0.930923
v 0.395405 -0.178049 1.184554
v 0.441297 -0.119047 1.217126
v 0.388149 -0.128761 1.217134
v 0.396619 0.017215 1.191489
v 0.327867 0.032590 1.152108
v 0.421469 -0.049756 1.217677
v 0.376286 0.055467 1.147684
v 0.264775 -0.092202 1.100040
v 0.459607 0.017380 1.036714
v -0.574904 -0.062792 0.719277
v -0.575495 -0.278860 0.698125
v -0.581366 -0.265204 0.868197
v -0.645693 -0.003648 0.607552
v -0.580770 -0.095180 0.859648
v -0.683946 0.002590 0.630455
v -0.659960 -0.021974 0.745889
v -0.595120 -0.180658 0.892145
v -0.438683 0.074155 0.468582
v -0.410383 -0.240240 0.970679
v -0.300968 -0.262031 0.952828
v -0.195959 -0.183071 0.439786
v -0.410335 -0.262042 0.952981
v -0.301009 -0.240222 0.970523
v -0.573374 0.504288 0.184250
v -0.130998 0.504159 0.185053
v -0.269219 0.074176 0.468341
v -0.511970 0.020870 0.460271
v -0.512007 -0.183116 0.440231
v -0.514570 0.033232 0.202988
v -0.191719 0.038693 0.202540
v -0.195925 0.020948 0.459827
v -0.513843 0.203753 0.719222
v -0.547029 0.220632 0.757844
v -0.553364 0.228015 0.705924
v -0.525707 0.299462 0.672320
v -0.512697 0.217096 0.667577
v -0.519991 0.368541 0.734421
v -0.568923 0.297762 0.743429
v -0.511178 0.343756 0.824732
v -0.410214 -0.125689 0.935272
v -0.300846 -0.125677 0.935124
v -0.124093 -0.180592 0.891359
v -0.142572 -0.278744 0.697405
v -0.136723 -0.095127 0.858902
v -0.143241 -0.062900 0.718221
v -0.071699 -0.003585 0.606599
v -0.058336 -0.021910 0.744904
v -0.164445 0.228040 0.705235
v -0.033587 0.002661 0.629400
v -0.204882 0.217108 0.667006
v -0.191817 0.299483 0.671698
v -0.204075 0.203770 0.718648
v -0.197871 0.368559 0.733812
v -0.171113 0.220654 0.757178
v -0.149058 0.297793 0.742677
v -0.207276 0.343772 0.824157
v -0.136346 -0.265145 0.867449
v -0.223212 -0.121359 1.121309
v -0.221670 -0.108772 1.098115
v -0.219638 -0.171545 1.090281
v -0.239387 -0.126496 1.162839
v -0.288132 -0.008537 1.102944
v -0.292022 -0.108879 0.984350
v -0.350440 -0.080475 1.091372
v -0.238940 -0.163348 1.015525
v -0.238925 -0.219005 1.001669
v -0.239335 -0.267245 1.125520
v -0.302660 -0.225201 1.216107
v -0.302522 -0.102270 1.191884
v -0.310706 -0.054043 1.137786
v -0.337760 -0.054288 1.017738
v -0.354795 -0.058774 1.003955
v -0.309670 -0.097458 0.933270
v -0.302475 -0.321580 1.144324
v -0.355047 -0.333842 1.148616
v -0.302612 -0.287614 1.192759
v -0.354898 -0.046674 1.143301
v -0.486516 -0.121407 1.121690
v -0.470155 -0.163383 1.015855
v -0.470550 -0.267279 1.125849
v -0.470603 -0.126530 1.163169
v -0.399068 -0.054063 1.137912
v -0.371909 -0.054294 1.017785
v -0.399508 -0.097466 0.933392
v -0.068281 -0.144478 0.114053
v -0.354347 -0.253082 0.941290
v -0.354522 -0.319714 0.984943
v -0.354722 -0.002981 1.105009
v -0.354809 -0.046926 1.010394
v -0.415996 -0.108902 0.984526
v -0.354611 -0.080271 0.943237
v -0.354550 -0.098152 0.922363
v -0.354847 -0.341592 1.084962
v -0.407581 -0.321602 1.144472
v -0.355198 -0.297157 1.200929
v -0.407723 -0.287630 1.192907
v -0.355254 -0.229846 1.227001
v -0.407766 -0.225224 1.216255
v -0.355217 -0.153273 1.227378
v -0.407633 -0.102285 1.192037
v -0.355101 -0.097070 1.200806
v -0.487906 -0.108814 1.098494
v -0.421367 -0.008553 1.103134
v -0.489939 -0.171591 1.090667
v -0.449522 -0.121532 1.091889
v -0.264618 -0.118866 1.091296
v 0.481692 0.029314 1.292904
v -0.484199 0.029160 1.294272
v -0.470768 -0.552205 1.405612
v -0.483202 -1.009807 1.349089
v 0.479851 -1.009651 1.347723
v 0.458876 -0.552052 1.404294
v -0.470768 -0.552205 1.405612
v -0.499611 -1.094455 1.277059
v 0.495703 -1.094289 1.275648
v -0.470768 -0.552205 1.405612
v 0.481692 0.029314 1.292904
v 0.458876 -0.552052 1.404294
v -0.484199 0.029160 1.294272
v -0.483202 -1.009807 1.349089
v 0.458876 -0.552052 1.404294
v 0.479851 -1.009651 1.347723
v -0.470768 -0.552205 1.405612
v -0.499611 -1.094455 1.277059
v 0.495703 -1.094289 1.275648
v 0.173784 -0.475013 0.921539
v 0.173856 -0.368387 0.912590
v 0.173608 -0.306666 0.999000
v 0.137948 -0.413305 1.007997
v -0.068281 -0.144478 0.114053
v -0.068349 -0.304116 0.111611
v -0.135936 -0.469956 0.911652
v -0.662232 -0.144576 0.114896
v -0.599959 -0.470033 0.912309
v -0.368001 -0.469934 0.929068
v -0.068349 -0.304116 0.111611
v -0.662294 -0.304208 0.112452
v -0.599903 -0.362116 0.912542
v -0.135886 -0.362036 0.911884
v -0.366120 -0.362771 0.929700
v -0.135936 -0.469956 0.911652
v -0.368001 -0.469934 0.929068
v 0.600652 -0.361925 0.910839
v 0.668264 -0.144360 0.113004
v -0.135936 -0.469956 0.911652
v -0.366120 -0.362771 0.929700
v 0.136581 -0.469909 0.911266
v 0.074245 -0.304085 0.111404
v 0.368538 -0.469810 0.928026
v 0.136636 -0.361994 0.911500
v 0.370425 -0.362653 0.928658
v 0.173206 -0.458217 1.103302
v 0.173449 -0.519931 1.016898
v 0.566433 -0.519867 1.016337
v -0.063501 -1.248308 0.070262
v -0.072740 1.382592 0.090994
v 0.005111 1.382721 0.162387
v 0.173286 -0.351583 1.094356
v 0.566190 -0.458151 1.102747
v -0.063501 -1.248308 0.070262
v -0.003306 1.382497 0.014735
v 0.074492 1.382767 0.086240
v 0.063916 -1.248142 0.066006
v 0.005111 1.382721 0.162387
v -0.072740 1.382592 0.090994
v 0.074492 1.382767 0.086240
v 0.063916 -1.248142 0.066006
v -0.003251 -1.248519 0.004172
v 0.003289 -1.248012 0.131962
v 0.370425 -0.362653 0.928658
v 0.136636 -0.361994 0.911500
v 0.074312 -0.144459 0.113848
v 0.600602 -0.469834 0.910603
v 0.668189 -0.303994 0.110563
v 0.368538 -0.469810 0.928026
v 0.370425 -0.362653 0.928658
v 0.600602 -0.469834 0.910603
v 0.368538 -0.469810 0.928026
v -0.169705 -0.368439 0.913077
v -0.135310 -0.413346 1.008386
v -0.170106 -0.519989 1.017385
v -0.563338 -0.458334 1.104350
v -0.170355 -0.458269 1.103790
v -0.563258 -0.351700 1.095404
v -0.170274 -0.351635 1.094843
v -0.562681 -0.368496 0.913635
v 0.566593 -0.306600 0.998445
v 0.566840 -0.368321 0.912034
v 0.601233 -0.413229 1.007339
v -0.562930 -0.306788 1.000049
v -0.169947 -0.306723 0.999487
v 0.566271 -0.351518 1.093801
v 0.566761 -0.474955 0.920981
v -0.563083 -0.520048 1.017937
v -0.169784 -0.475072 0.922029
v 0.005111 1.382721 0.162387
v 0.003289 -1.248012 0.131962
v -0.063501 -1.248308 0.070262
v -0.562762 -0.475130 0.922581
v -0.598591 -0.413426 1.009044
v -0.650506 1.576447 0.714955
v -0.620841 1.692616 0.437821
v -0.921412 1.526059 0.660394
v -0.648166 0.023398 1.285837
v -0.648060 0.015229 1.250629
v -0.573006 0.010613 1.304487
v -0.749693 -1.322501 0.849188
v -0.806948 -1.048777 0.818658
v -0.749679 -0.953788 0.897985
v -0.807324 -1.711593 0.839010
v -0.682578 -1.331782 0.877466
v -0.749894 -1.567801 0.874567
v -0.584154 -1.285593 1.003008
v -0.515360 -1.288092 1.024948
v -0.889122 -1.782744 0.588422
v -0.870344 -1.731189 0.784088
v -0.584140 -1.249676 1.003087
v -0.825408 -0.842762 0.558320
v -0.758085 -0.785781 0.532389
v -0.758145 -0.819047 0.546359
v -0.825346 -0.811385 0.545140
v -0.730759 -1.326476 0.870652
v -0.758234 0.466359 0.763936
v -0.585704 1.621388 0.799115
v -0.671658 1.506969 0.771112
v -0.824791 1.550421 0.717797
v -0.749513 -0.927020 0.849469
v -0.462957 1.474415 0.625829
v -0.418919 1.465732 0.172078
v -0.855420 -1.673874 0.571401
v -0.922578 -1.700845 0.552085
v -0.515338 -1.249072 1.025030
v -0.758528 -1.697413 0.537694
v -0.521901 -1.694173 0.530928
v -0.758799 -1.649513 0.628804
v -0.758364 -1.740437 0.481430
v -0.522092 -1.788955 0.574955
v -0.682844 -1.672307 0.909491
v -0.740138 -1.734409 0.843909
v -0.682708 -1.581995 0.881602
v -0.341337 -1.349273 0.885956
v -0.443223 0.048029 1.334067
v 0.000547 0.048027 1.333519
v 0.000553 0.002057 1.323377
v -0.750017 -1.653008 0.900876
v 0.002979 1.621482 0.800263
v -0.606867 1.548435 0.858079
v -0.554768 1.726469 0.281072
v -0.888922 -1.778343 0.524756
v -0.758703 -1.787683 0.579620
v -0.584073 -1.195853 0.989951
v -0.730745 -1.003120 0.911095
v -0.547885 -1.152868 0.975649
v -0.523119 -1.667839 0.918286
v -0.522933 -1.733034 0.849335
v -0.522985 -1.573015 0.889003
v 0.000880 -1.287660 1.031410
v 0.000897 -1.247699 1.031495
v -0.529079 -1.190592 1.010782
v 0.000972 -1.187790 1.016885
v 0.001113 -1.144949 0.979628
v -0.339043 -1.553534 0.250456
v 0.003365 -1.508454 0.217847
v -0.340073 -1.557395 0.575200
v -0.341107 -1.436274 0.918531
v -0.340919 -1.501468 0.849585
v -0.855349 -1.721554 0.543209
v -0.888847 -1.724317 0.510163
v -0.443210 0.001977 1.324007
v -0.853948 1.450002 0.568837
v 0.001310 -1.357255 0.886271
v 0.001170 -1.436217 0.918048
v 0.670293 0.662941 0.929365
v 0.491000 0.118262 1.290654
v 0.593317 0.126263 1.270616
v 0.809918 -1.711331 0.836717
v 0.830419 -0.943222 0.598538
v 0.907141 -1.110893 0.789513
v 0.752705 -1.086573 0.847276
v 0.831206 1.550680 0.715452
v 0.927977 1.460809 0.710718
v 0.831012 1.485144 0.768403
v 0.861736 1.668711 0.435820
v 0.893247 -1.782462 0.585900
v 0.469886 1.474563 0.624503
v -0.903791 -1.346871 0.791864
v -0.749584 -1.086817 0.849406
v 0.893529 -1.724029 0.507638
v 0.859816 -1.721277 0.540774
v 0.893453 -1.778055 0.522231
v 0.873276 -1.730912 0.781611
v 0.742680 -1.734166 0.841805
v 0.809971 -1.545594 0.844806
v 0.733540 -1.002884 0.909018
v 0.586183 -1.195658 0.988292
v 0.752590 -1.322264 0.847061
v 0.752610 -0.953544 0.895849
v 0.810295 -1.048516 0.816365
v 0.733513 -1.326241 0.868577
v 0.586102 -1.285399 1.001343
v 0.927007 -1.700545 0.549462
v 0.574245 0.010797 1.302857
v 0.649538 0.023612 1.283997
v 0.761571 0.756511 0.817379
v 0.677694 1.507186 0.769200
v 0.830661 0.781453 0.775877
v 0.656967 1.576656 0.713097
v 0.928883 1.636136 0.450747
v -0.489574 0.118109 1.292042
v -0.573014 0.054429 1.314045
v -0.807277 -1.545851 0.847098
v -0.591761 0.126074 1.272300
v -0.756540 0.756262 0.819535
v -0.688199 0.609171 0.971052
v -0.666379 0.662732 0.932472
v 0.692133 0.609394 0.969088
v -0.758497 -1.783152 0.514101
v -0.521867 -1.784200 0.506155
v -0.824821 0.268589 0.538659
v 0.262965 1.667560 0.854166
v 0.263009 1.715845 0.846353
v 0.248399 1.843090 0.395196
v 0.372762 1.587882 -0.033224
v 0.369981 1.843111 0.395028
v 0.926942 -1.655565 0.576058
v 0.752273 -1.652764 0.898746
v 0.752389 -1.567564 0.872440
v 0.586116 -1.249481 1.001421
v 0.517177 -1.248909 1.023569
v 0.531064 -1.190430 1.009282
v 0.763434 -0.818798 0.544201
v 0.752770 -0.926782 0.847342
v 0.763499 -0.785538 0.530231
v 0.830556 0.467171 0.761944
v 0.763350 0.466602 0.761777
v 0.574238 0.054613 1.312415
v -0.362353 1.842988 0.396067
v -0.362639 1.587764 -0.032184
v 0.343639 -1.501362 0.848614
v -0.257045 1.839162 0.447387
v -0.346405 1.839147 0.447518
v 0.763056 -1.697171 0.535536
v 0.526399 -1.643940 0.559037
v 0.526466 -1.694008 0.529441
v 0.763087 -1.782910 0.511942
v 0.763207 -1.740196 0.479275
v 0.762875 -1.787434 0.577462
v 0.685020 -1.672094 0.907554
v 0.685150 -1.581775 0.879664
v 0.685284 -1.331569 0.875528
v 0.517161 -1.287924 1.023478
v 0.444312 0.048177 1.332803
v 0.444319 0.002117 1.322750
v 0.000705 0.114153 1.292331
v 0.591675 1.621574 0.797444
v 0.564124 1.726647 0.279482
v 0.368596 1.692436 0.376882
v -0.347733 1.715743 0.847216
v -0.258420 1.667481 0.854905
v -0.258371 1.715760 0.847091
v -0.347782 1.667464 0.855031
v -0.258382 1.615072 0.834992
v -0.237991 1.587779 -0.032358
v 0.526289 -1.788786 0.573466
v 0.526508 -1.784026 0.504671
v 0.525435 -1.732868 0.847854
v 0.525248 -1.667674 0.916800
v 0.343452 -1.436168 0.917559
v 0.525391 -1.572842 0.887519
v 0.343973 -1.349165 0.884988
v 0.550129 -1.152687 0.974088
v 0.344209 1.454853 -0.080996
v 0.344480 -1.557284 0.574229
v 0.002204 -1.557338 0.574717
v 0.001362 -1.501419 0.849097
v -0.240759 1.843008 0.395891
v 0.352362 1.615167 0.834123
v 0.352526 1.735838 0.802705
v 0.352325 1.667577 0.854042
v 0.352374 1.715855 0.846222
v 0.263002 1.615151 0.834253
v 0.248108 1.587860 -0.033048
v 0.249751 1.692424 0.377050
v 0.276829 1.454847 -0.080898
v -0.242144 1.692335 0.377746
v -0.266535 1.454757 -0.080126
v -0.360996 1.692314 0.377916
v 0.353702 1.839258 0.446523
v 0.264340 1.839241 0.446649
v 0.263159 1.735826 0.802831
v -0.347744 1.615056 0.835117
v -0.347580 1.735725 0.803700
v -0.258227 1.735734 0.803571
v -0.333911 1.454745 -0.080034
v 0.762785 -1.649270 0.626646
v 0.861705 -0.854093 0.074591
v 0.859990 -1.209272 0.560614
v -0.183526 -1.424911 0.048607
v 0.526634 -1.739182 0.470366
v 0.003246 -1.553476 0.249970
v 0.345522 -1.553421 0.249481
v 0.004900 1.465804 0.173467
v 0.406733 0.463568 0.095925
v 0.469653 0.969761 0.623405
v 0.428723 1.465863 0.170876
v 0.928799 -0.877165 0.109673
v 0.928140 0.874534 0.572732
v 0.764739 -0.829758 0.132275
v 0.862322 0.425063 0.068014
v 0.765362 0.449391 0.125693
v 0.860986 0.945476 0.565305
v 0.861218 1.450279 0.566402
v 0.629168 1.692818 0.436045
v 0.628942 1.591170 0.493214
v 0.861689 1.566867 0.435338
v -0.521734 -1.739347 0.471852
v 0.004063 -0.805257 0.101966
v 0.004678 0.463500 0.096496
v -0.397378 0.463434 0.097067
v 0.004673 1.726566 0.282258
v 0.464298 1.404685 0.710712
v -0.487611 0.807194 0.770219
v -0.458818 1.403340 0.712933
v -0.463188 0.969614 0.624732
v -0.621073 1.590973 0.494992
v 0.002171 0.692524 0.916443
v 0.494753 0.812114 0.765097
v -0.855176 -1.209548 0.563047
v -0.853454 -0.854362 0.077022
v -0.920185 0.383281 0.106212
v -0.852836 0.424794 0.070446
v -0.920792 -0.877459 0.112295
v -0.854179 0.945200 0.567739
v -0.756839 -0.830006 0.134434
v -0.756220 0.449150 0.127857
v -0.853429 1.668435 0.438254
v -0.853476 1.566591 0.437772
v -0.487611 0.807194 0.770219
v 0.494753 0.812114 0.765097
v 0.002759 1.548537 0.859201
v 0.612391 1.548628 0.856348
v 0.626781 0.698239 0.914577
v -0.458818 1.403340 0.712933
v 0.464298 1.404685 0.710712
v 0.002171 0.692524 0.916443
v 0.494753 0.812114 0.765097
v 0.626781 0.698239 0.914577
v 0.249289 0.496728 0.077237
v 0.859745 -1.673599 0.568967
v -0.257783 1.609693 0.337120
v -0.257477 0.496651 0.077958
v 0.249716 1.420947 0.078081
v -0.183425 -0.809533 0.106748
v -0.184111 -1.511461 0.218005
v 0.248982 1.609770 0.336398
v -0.257050 1.420869 0.078803
v 0.183694 -1.424854 0.048086
v 0.183116 -1.511397 0.217483
v 0.183794 -0.809476 0.106228
v 0.635453 -1.785934 0.800454
v 0.648177 -1.792424 0.769549
v 0.648082 -1.739869 0.804633
v 0.605033 -1.810804 0.773250
v 0.574472 -1.785935 0.800542
v 0.635644 -1.798923 0.738675
v -0.600188 -1.736259 0.824497
v -0.557009 -1.740061 0.806341
v -0.539019 -1.749239 0.762641
v -0.556920 -1.792612 0.771257
v -0.556744 -1.758424 0.718988
v -0.599809 -1.762240 0.700958
v -0.642975 -1.758437 0.719111
v 0.666084 -1.749045 0.760931
v -0.660977 -1.749260 0.762814
v -0.630632 -1.786130 0.802246
v -0.643251 -1.740075 0.806467
v -0.600176 -1.783440 0.815001
v -0.569644 -1.786121 0.802162
v -0.569453 -1.799109 0.740382
v -0.599915 -1.801805 0.727636
v -0.600064 -1.810991 0.774957
v -0.630440 -1.799117 0.740472
v -0.643164 -1.792626 0.771378
v 0.648359 -1.758231 0.717278
v 0.605296 -1.762046 0.699247
v 0.605189 -1.801611 0.725926
v 0.562122 -1.758250 0.717404
v 0.574657 -1.798931 0.738765
v 0.544127 -1.749067 0.761103
v 0.561933 -1.792439 0.769669
v 0.561852 -1.739881 0.804757
v 0.604916 -1.736066 0.822787
v 0.604922 -1.783240 0.813291
v -0.518339 -1.305786 0.011529
v -0.422278 -1.234808 0.571193
v -0.452394 -1.255204 0.577866
v -0.451678 -1.224013 0.571606
v -0.481521 -1.232494 0.575885
v -0.469411 -1.198071 0.567988
v -0.481725 -1.307217 0.008613
v -0.432794 -1.199499 0.565089
v -0.471263 -1.342655 0.014115
v -0.501408 -1.363117 0.020426
v -0.500643 -1.331816 0.014699
v -0.530495 -1.340330 0.018827
v -0.503430 -1.330857 -0.060623
v -0.441712 -1.196328 0.635322
v -0.520944 -1.340875 -0.057420
v -0.459253 -1.206434 0.638069
v -0.510742 -1.358594 -0.054976
v -0.449028 -1.224105 0.640775
v -0.493227 -1.348575 -0.058174
v -0.431487 -1.213999 0.638033
v 0.529335 -1.306406 0.010552
v 0.492782 -1.306212 0.007032
v 0.457954 -1.255063 0.576536
v 0.441127 -1.198507 0.563671
v 0.477678 -1.198693 0.567203
v 0.539786 -1.341476 0.017902
v 0.488081 -1.233637 0.575156
v 0.480642 -1.341176 0.012209
v 0.428932 -1.233353 0.569443
v 0.509701 -1.362964 0.018918
v 0.510450 -1.331643 0.013320
v 0.458757 -1.223850 0.570402
v 0.520723 -1.330560 -0.061398
v 0.456647 -1.196024 0.634855
v 0.503255 -1.341180 -0.061272
v 0.439242 -1.206729 0.634532
v 0.513431 -1.358548 -0.057029
v 0.449384 -1.224052 0.639036
v 0.530892 -1.347937 -0.057158
v 0.466789 -1.213347 0.639364
v -0.478000 1.182565 0.589151
v -0.477275 1.213759 0.588889
v -0.506593 1.204798 0.588858
v -0.457565 1.239776 0.034511
v -0.458696 1.238582 0.588740
v -0.448402 1.203438 0.589082
v -0.476861 1.183761 0.033959
v -0.505456 1.206006 0.034049
v -0.493534 1.240623 0.034391
v -0.494668 1.239426 0.588604
v -0.447260 1.204628 0.034245
v -0.476133 1.214961 0.034234
v -0.472492 1.230080 -0.037642
v -0.473389 1.228407 0.655502
v -0.489680 1.219841 -0.037916
v -0.490565 1.218164 0.654774
v -0.479649 1.202315 -0.037910
v -0.480539 1.200637 0.655044
v -0.462463 1.212553 -0.037636
v -0.463363 1.210879 0.655772
v 0.488142 1.215117 0.032867
v 0.485378 1.182715 0.587785
v 0.486098 1.213914 0.587523
v 0.468707 1.239584 0.587212
v 0.506715 1.239938 0.033172
v 0.514977 1.203589 0.587763
v 0.456784 1.204959 0.587441
v 0.470744 1.240781 0.032993
v 0.487420 1.183910 0.032591
v 0.517018 1.204787 0.032926
v 0.458822 1.206154 0.032634
v 0.504674 1.238736 0.587405
v 0.491906 1.230237 -0.039001
v 0.489881 1.228559 0.654137
v 0.474720 1.220000 -0.039306
v 0.472709 1.218320 0.653389
v 0.484746 1.202470 -0.039281
v 0.482725 1.200793 0.653674
v 0.501937 1.212713 -0.038984
v 0.499898 1.211033 0.654426
v -0.087379 -1.551974 0.327212
v 0.247484 -1.549464 1.028968
v -0.089860 -1.549245 1.106632
v -0.089989 -1.826177 1.106031
v -0.249513 -1.826473 1.029068
v -0.249384 -1.549539 1.029670
v -0.359636 -1.826980 0.890141
v -0.398548 -1.827592 0.716764
v -0.398420 -1.550660 0.717366
v -0.358406 -1.551255 0.543867
v -0.087509 -1.828906 0.326611
v 0.089820 -1.828881 0.326364
v 0.398373 -1.827460 0.715630
v 0.398508 -1.550533 0.716232
v 0.249473 -1.551653 0.403928
v 0.249349 -1.828580 0.403318
v 0.359595 -1.551145 0.542854
v 0.359466 -1.828079 0.542252
v -0.224567 -1.868753 0.607817
v -0.000069 -1.804617 0.716244
v 0.154848 -1.867631 0.911589
v 0.224362 -1.867922 0.824397
v -0.056404 -1.867489 0.960221
v -0.225258 -1.867992 0.825034
v 0.249413 -1.868297 0.715755
v -0.155053 -1.869045 0.520625
v -0.054853 -1.869200 0.472148
v 0.225053 -1.868684 0.607179
v 0.358366 -1.826859 0.889120
v 0.247361 -1.826390 1.028364
v 0.054643 -1.867469 0.960065
v 0.087345 -1.826145 1.105775
v -0.156299 -1.867675 0.912033
v -0.249624 -1.868373 0.716459
v -0.358530 -1.828193 0.543266
v -0.247524 -1.828660 0.404027
v 0.056193 -1.869182 0.471987
v 0.156094 -1.869001 0.520181
v 0.358495 -1.549927 0.889721
v 0.087467 -1.549219 1.106379
v -0.359511 -1.550041 0.890743
v 0.000058 -1.524900 0.716855
v -0.247395 -1.551728 0.404629
v 0.089949 -1.551948 0.326965
v 0.612391 1.548628 0.856348
v 0.626781 0.698239 0.914577
v 0.670293 0.662941 0.929365
v 0.002171 0.692524 0.916443
v 0.002754 1.548543 0.859201
v -0.622428 0.698034 0.916349
v -0.671658 1.506969 0.771112
v -0.756540 0.756262 0.819535
v -0.606867 1.548435 0.858079
v -0.666379 0.662732 0.932472
v 0.761571 0.756511 0.817379
v 0.677694 1.507186 0.769200
v 0.002754 1.548543 0.859201
v -0.622428 0.698034 0.916349
v -0.606867 1.548435 0.858079
v 0.002171 0.692524 0.916443
v -0.671658 1.506969 0.771112
v -0.756540 0.756262 0.819535
v -0.666379 0.662732 0.932472
v 0.761571 0.756511 0.817379
v 0.670293 0.662941 0.929365
v 0.612391 1.548628 0.856348
v 0.677694 1.507186 0.769200
v 0.626781 0.698239 0.914577
v 0.614969 -1.358134 -0.034523
v 0.614370 -1.554661 0.125677
v 0.555776 -1.358143 -0.034437
v 0.614572 -1.154544 0.119184
v 0.615271 -1.109927 -0.094585
v 0.615744 -1.252217 -0.263130
v 0.615633 -1.474267 -0.259525
v 0.615015 -1.608867 -0.086491
v 0.614168 -1.352468 0.217212
v 0.466798 -1.299416 -0.013471
v 0.045571 -1.277470 0.115310
v 0.632984 -1.322550 -0.037303
v 0.044517 -1.277080 0.226018
v 0.636161 -1.384816 -0.106241
v 0.632951 -1.384571 -0.037436
v 0.466757 -1.398192 -0.013687
v 0.045504 -1.422454 0.114997
v 0.044449 -1.422064 0.225704
v 0.610845 -1.266189 0.011423
v 0.610038 -1.246351 -0.012898
v 0.131579 -1.091180 0.230404
v 0.132379 -1.112476 0.254606
v 0.133421 -1.135387 0.232815
v 0.611099 -1.267620 -0.034527
v 0.611862 -1.287492 -0.010215
v 0.132644 -1.114046 0.208478
v 0.636194 -1.322796 -0.106109
v 0.464934 -1.398399 -0.071751
v 0.464983 -1.299615 -0.071533
v -0.605575 -1.358337 -0.032792
v -0.605964 -1.154739 0.120918
v -0.604792 -1.252411 -0.261396
v -0.606370 -1.352664 0.218941
v -0.546380 -1.358327 -0.032873
v -0.605266 -1.110122 -0.092857
v -0.604911 -1.474470 -0.257794
v -0.605523 -1.609063 -0.084763
v -0.606174 -1.554865 0.127408
v -0.037046 -1.277478 0.115426
v -0.455303 -1.299766 -0.070230
v -0.036694 -1.277091 0.226137
v -0.626309 -1.322998 -0.104317
v -0.457483 -1.299567 -0.012161
v -0.457530 -1.398336 -0.012378
v -0.623567 -1.384776 -0.035653
v -0.623539 -1.322751 -0.035521
v -0.455344 -1.398542 -0.070445
v -0.037113 -1.422462 0.115113
v -0.036761 -1.422074 0.225823
v -0.601657 -1.266385 0.013144
v -0.600677 -1.246542 -0.011182
v -0.123609 -1.091224 0.230766
v -0.124596 -1.112524 0.254971
v -0.602555 -1.287686 -0.008492
v -0.124560 -1.114091 0.208844
v -0.601612 -1.267816 -0.032803
v -0.125512 -1.135435 0.233185
v -0.626336 -1.385011 -0.104452
v 0.581938 1.207325 -0.027362
v 0.582247 1.455539 -0.087427
v 0.582596 1.091198 -0.252363
v 0.581991 0.956599 -0.079333
v 0.581144 1.212998 0.224371
v 0.522745 1.207316 -0.027276
v 0.581548 1.410922 0.126342
v 0.582713 1.313242 -0.255969
v 0.581334 1.010803 0.132838
v 0.447533 1.266051 -0.006331
v 0.445718 1.265851 -0.064398
v 0.600008 1.241350 -0.047430
v 0.052788 1.143024 0.122099
v 0.052854 1.288006 0.122413
v 0.051793 1.288389 0.233123
v 0.447488 1.167281 -0.006546
v 0.051726 1.143407 0.232810
v 0.445671 1.167068 -0.064611
v 0.599982 1.182330 -0.047558
v 0.571976 1.138347 -0.006127
v 0.063118 1.019775 0.106380
v 0.572783 1.118498 0.018197
v 0.063923 0.998474 0.130583
v 0.573800 1.097194 -0.003441
v 0.064960 0.975569 0.108792
v 0.064188 0.996905 0.084455
v 0.573033 1.117073 -0.027747
v 0.603109 1.241229 -0.081668
v 0.603077 1.182213 -0.081795
v -0.570186 1.207144 -0.025727
v -0.570583 1.410735 0.127980
v -0.569411 1.313062 -0.254334
v -0.570987 1.212810 0.226009
v -0.510992 1.207153 -0.025813
v -0.569884 1.455352 -0.085789
v -0.569524 1.091010 -0.250734
v -0.570140 0.956411 -0.077695
v -0.570786 1.010616 0.134468
v -0.588097 1.241159 -0.045747
v -0.433668 1.265708 -0.063146
v -0.041977 1.287990 0.122550
v -0.041625 1.288378 0.233260
v -0.435854 1.265914 -0.005078
v -0.041693 1.143393 0.232941
v -0.591009 1.182019 -0.080102
v -0.588130 1.182144 -0.045874
v -0.435902 1.167131 -0.005291
v -0.042044 1.143007 0.122236
v -0.053369 0.998462 0.130748
v -0.052390 1.019753 0.106540
v -0.561407 1.118320 0.019810
v -0.562306 1.097017 -0.001832
v -0.560428 1.138162 -0.004521
v -0.053341 0.996887 0.084623
v -0.561369 1.116894 -0.026136
v -0.054287 0.975551 0.108964
v -0.590983 1.241040 -0.079974
v -0.433722 1.166931 -0.063365
v 0.514356 1.247476 0.112154
v 0.524921 1.198667 0.541553
v 0.512427 1.246537 0.541761
v 0.486072 1.172661 0.112067
v 0.446437 1.202935 0.541956
v 0.484143 1.171722 0.541673
v 0.526849 1.199606 0.111940
v 0.448365 1.203875 0.112349
v 0.465841 1.250110 0.112402
v 0.463912 1.249170 0.542009
v 0.670599 0.662947 0.930578
v 0.692133 0.609394 0.969088
v 0.491000 0.118262 1.290654
v -0.449800 1.247320 0.113480
v -0.438524 1.198515 0.542853
v -0.451023 1.246381 0.543081
v -0.478076 1.172512 0.113432
v -0.517015 1.202778 0.543386
v -0.479304 1.171567 0.543041
v -0.437297 1.199447 0.113247
v -0.515779 1.203718 0.113783
v -0.498307 1.249960 0.113805
v -0.499536 1.249015 0.543414
v 0.626781 0.698239 0.914577
v 0.000705 0.114153 1.292331
v 0.593317 0.126263 1.270616
v -0.688199 0.609171 0.971052
v -0.489574 0.118109 1.292042
v -0.622433 0.698040 0.916349
v 0.002171 0.692524 0.916443
v -0.666062 0.662722 0.931264
v -0.591761 0.126074 1.272300
v 0.530045 -1.283198 0.089114
v 0.502326 -1.247482 0.530564
v 0.489656 -1.199715 0.520567
v 0.501204 -1.358637 0.100752
v 0.422487 -1.244499 0.523229
v 0.460809 -1.275161 0.532208
v 0.542721 -1.330959 0.099108
v 0.462877 -1.327970 0.091774
v 0.480697 -1.281349 0.084576
v 0.440301 -1.197872 0.516032
v -0.466682 -1.284281 0.085728
v -0.416408 -1.248994 0.524864
v -0.429112 -1.200790 0.517106
v -0.495460 -1.358741 0.102421
v -0.496232 -1.243274 0.531570
v -0.457890 -1.275251 0.533798
v -0.453980 -1.332486 0.093482
v -0.533805 -1.326778 0.100190
v -0.516017 -1.280759 0.089869
v -0.478444 -1.197254 0.521249
vn 0.0005 -0.5057 0.8627
vn 0.0001 -1.0000 0.0026
vn 0.6096 -0.5057 0.6104
vn -0.3245 -0.9458 0.0125
vn -0.2953 -0.9435 0.1501
vn -0.2999 -0.9458 0.1242
vn -0.8921 0.2943 0.3427
vn -0.5798 0.7872 0.2100
vn -0.4637 -0.6208 0.6321
vn 0.0388 0.9148 0.4020
vn 0.3184 0.9398 -0.1243
vn -0.8922 0.2943 0.3427
vn -0.1344 0.7826 0.6079
vn -0.5799 0.7872 0.2100
vn 0.8519 0.5236 0.0117
vn 0.4913 0.7805 -0.3866
vn 0.2776 0.9580 -0.0726
vn 0.4913 0.7805 -0.3867
vn -0.3419 -0.9397 -0.0035
vn -0.3246 -0.9458 0.0126
vn -0.2728 -0.9621 0.0025
vn -0.2727 -0.9621 0.0026
vn -0.3245 -0.9458 0.0126
vn -0.3290 -0.9441 0.0203
vn -0.3329 -0.9404 -0.0694
vn -0.1466 -0.9840 0.1016
vn -0.4637 -0.6208 0.6322
vn 0.0111 -0.5471 0.8370
vn -0.1466 -0.9840 0.1017
vn 0.0110 -0.5471 0.8370
vn -0.1615 -0.9855 0.0517
vn 0.8427 0.3421 0.4156
vn 0.4163 0.4713 0.7775
vn 0.8428 0.3421 0.4155
vn -0.1345 0.7826 0.6078
vn 0.4164 0.4712 0.7775
vn 0.2776 0.9579 -0.0727
vn 0.3832 0.5599 0.7346
vn 0.4600 0.8859 0.0594
vn 0.0387 0.9148 0.4020
vn -0.3798 0.1239 0.9167
vn -0.1345 0.7826 0.6079
vn -0.5798 0.7872 0.2099
vn 0.2824 -0.0949 0.9546
vn 0.4163 0.4712 0.7776
vn -0.3799 0.1239 0.9167
vn 0.8156 -0.2701 0.5118
vn 0.8428 0.3421 0.4156
vn 0.2823 -0.0948 0.9546
vn 0.4163 0.4713 0.7776
vn 0.9189 -0.3031 -0.2525
vn 0.8155 -0.2702 0.5118
vn 0.8155 -0.2701 0.5118
vn 0.6001 -0.1970 -0.7753
vn 0.4914 0.7804 -0.3867
vn 0.9190 -0.3030 -0.2524
vn 0.6004 -0.1968 -0.7751
vn 0.2601 -0.0842 -0.9619
vn 0.1174 -0.0371 -0.9924
vn 0.1386 -0.0441 -0.9894
vn 0.0337 -0.0094 -0.9994
vn 0.0337 -0.0095 -0.9994
vn 0.1386 -0.0440 -0.9894
vn 0.2918 -0.0116 -0.9564
vn 0.2339 -0.0755 -0.9693
vn 0.1174 -0.0370 -0.9924
vn 0.2959 -0.9431 0.1517
vn 0.3249 -0.9456 0.0146
vn 0.3005 -0.9455 0.1258
vn 0.8330 0.2732 0.4811
vn 0.9327 0.3067 0.1896
vn 0.9497 0.3128 -0.0139
vn -0.1431 0.9681 -0.2055
vn -0.3500 0.9330 0.0832
vn -0.3189 0.9394 -0.1262
vn 0.6729 0.2198 0.7063
vn 0.8330 0.2731 0.4811
vn -0.8946 0.3159 -0.3162
vn -0.4538 0.4487 -0.7698
vn -0.2864 0.6224 -0.7284
vn -0.4538 0.4487 -0.7699
vn 0.3416 -0.9398 -0.0014
vn 0.2728 -0.9621 0.0042
vn 0.2724 -0.9622 0.0044
vn 0.3417 -0.9398 -0.0014
vn 0.3292 -0.9440 0.0221
vn 0.3329 -0.9406 -0.0674
vn 0.1280 -0.9779 0.1651
vn 0.1472 -0.9838 0.1026
vn 0.1570 -0.9851 0.0698
vn 0.1620 -0.9854 0.0527
vn -0.8441 0.3418 0.4131
vn -0.4156 0.4721 0.7775
vn -0.3189 0.9393 -0.1262
vn -0.8441 0.3418 0.4130
vn -0.4156 0.4721 0.7774
vn 0.0012 0.8454 0.5341
vn -0.3188 0.9394 -0.1262
vn -0.2864 0.6225 -0.7283
vn -0.4656 0.8809 0.0850
vn -0.2863 0.6225 -0.7284
vn -0.5249 0.6920 -0.4956
vn -0.1163 -0.0333 0.9927
vn -0.1177 -0.0415 0.9922
vn -0.1149 -0.0247 0.9931
vn -0.1141 -0.0203 0.9933
vn 0.0013 0.8455 0.5340
vn 0.3804 0.1230 0.9166
vn 0.6728 0.2197 0.7064
vn 0.9496 0.3130 -0.0140
vn -0.4156 0.4720 0.7775
vn -0.2812 -0.0951 0.9549
vn -0.8174 -0.2706 0.5086
vn -0.8440 0.3419 0.4131
vn -0.2812 -0.0950 0.9549
vn -0.8945 0.3159 -0.3162
vn -0.8741 -0.2869 -0.3919
vn -0.4537 0.4487 -0.7699
vn -0.3343 -0.1077 -0.9363
vn -0.8741 -0.2870 -0.3919
vn -0.1521 -0.0323 -0.9878
vn -0.2864 0.6225 -0.7284
vn -0.2939 -0.0113 -0.9558
vn -0.0005 -0.9999 0.0122
vn 0.0007 -1.0000 0.0003
vn -0.0017 -0.0026 -1.0000
vn 0.0003 0.0194 -0.9998
vn -0.0006 -0.9999 0.0121
vn 0.0004 0.0036 1.0000
vn 0.0014 -0.0075 1.0000
vn 0.0008 -1.0000 0.0003
vn 0.0001 -0.9999 0.0121
vn 0.0005 0.0036 1.0000
vn 0.0011 0.9997 0.0244
vn -0.0011 1.0000 0.0074
vn 0.0015 -0.0075 1.0000
vn -0.0000 0.0036 1.0000
vn 0.0012 0.9997 0.0243
vn 0.0002 0.0194 -0.9998
vn 0.0011 0.9997 0.0243
vn 0.0007 -1.0000 0.0002
vn -0.0017 -0.0028 -1.0000
vn -0.0017 -0.0027 -1.0000
vn 0.0003 0.0196 -0.9998
vn -0.0006 -0.9999 0.0122
vn 0.0004 0.0038 1.0000
vn 0.0015 -0.0077 1.0000
vn 0.0008 -1.0000 0.0002
vn 0.0013 -0.0077 1.0000
vn 0.0001 0.0038 1.0000
vn 0.0011 0.9997 0.0245
vn 0.0002 0.0196 -0.9998
vn -0.0016 -0.0028 -1.0000
vn -0.0010 1.0000 0.0073
vn -0.0011 1.0000 0.0073
vn 0.0009 0.9997 0.0245
vn 0.0003 0.0197 -0.9998
vn 0.9932 -0.0706 -0.0928
vn 0.9864 0.0803 -0.1437
vn -0.1903 0.7438 -0.6407
vn -0.0392 0.8676 -0.4957
vn 0.1071 -0.7692 0.6300
vn 0.1319 -0.8657 0.4829
vn 0.9932 -0.0706 -0.0929
vn -0.9610 -0.1118 0.2530
vn -0.9963 0.0234 0.0821
vn 0.1072 -0.7692 0.6300
vn -0.9963 0.0235 0.0821
vn -0.1903 0.7438 -0.6408
vn -0.0392 0.8676 -0.4956
vn -0.9610 -0.1117 0.2530
vn -0.9963 0.0235 0.0822
vn -0.0393 0.8676 -0.4957
vn 0.9822 0.0287 -0.1856
vn 0.9932 -0.0705 -0.0929
vn -0.2362 0.5005 -0.8329
vn -0.2363 0.5005 -0.8329
vn 0.9963 -0.0495 -0.0705
vn 0.9822 0.0288 -0.1856
vn -0.1943 0.1882 -0.9627
vn -0.1942 0.1882 -0.9627
vn 0.9875 -0.0226 -0.1562
vn -0.1943 0.1883 -0.9627
vn -0.2302 0.1029 -0.9677
vn 0.2185 -0.5054 0.8347
vn 0.2185 -0.5055 0.8347
vn 0.1830 -0.2623 0.9475
vn 0.9963 -0.0494 -0.0705
vn 0.2166 -0.1101 0.9700
vn 0.1830 -0.2624 0.9475
vn -0.9244 -0.0267 0.3804
vn 0.1072 -0.7691 0.6300
vn 0.2185 -0.5054 0.8348
vn -0.9548 0.0044 0.2973
vn -0.9244 -0.0268 0.3804
vn -0.9548 0.0043 0.2973
vn -0.9538 -0.0014 0.3005
vn -0.9538 -0.0015 0.3005
vn -0.9610 -0.1118 0.2531
vn -0.2363 0.5004 -0.8329
vn -0.2302 0.1030 -0.9677
vn 0.0136 0.9714 0.2369
vn 0.0050 0.9803 0.1975
vn 0.0601 -0.1735 0.9830
vn 0.2775 -0.1681 0.9459
vn 0.8625 -0.5061 0.0030
vn 0.0001 -1.0000 0.0027
vn 0.6113 -0.5064 -0.6081
vn 0.6114 -0.5063 -0.6082
vn -0.0005 -0.5063 -0.8624
vn -0.0004 -0.5063 -0.8624
vn -0.6104 -0.5061 -0.6093
vn -0.8627 -0.5057 -0.0011
vn -0.8627 -0.5057 -0.0012
vn -0.5077 0.6986 0.5042
vn -0.7151 0.6990 -0.0032
vn -0.6108 -0.5057 0.6093
vn -0.5076 0.6986 0.5042
vn -0.6108 -0.5056 0.6093
vn 0.0006 0.6988 0.7153
vn 0.0007 0.6988 0.7153
vn 0.5063 0.6993 0.5046
vn 0.6096 -0.5057 0.6105
vn 0.5062 0.6993 0.5046
vn 0.0005 -0.5056 0.8628
vn 0.7153 0.6988 0.0007
vn 0.7153 0.6988 0.0006
vn 0.5069 0.6978 -0.5061
vn 0.6114 -0.5064 -0.6081
vn -0.9538 -0.0014 0.3004
vn 0.9879 0.0921 -0.1248
vn 0.9658 0.0960 -0.2409
vn -0.2272 -0.6343 -0.7389
vn -0.2272 -0.6342 -0.7390
vn -0.1406 -0.6511 -0.7458
vn 0.9879 0.0922 -0.1248
vn 0.1449 0.6525 0.7438
vn 0.1386 0.6362 0.7590
vn 0.1449 0.6524 0.7439
vn -0.9581 0.0480 0.2822
vn -0.9545 -0.0313 0.2965
vn -0.9582 0.0480 0.2821
vn -0.1406 -0.6512 -0.7458
vn -0.9582 0.0480 0.2822
vn -0.1406 -0.6511 -0.7459
vn 0.9548 0.0883 -0.2838
vn -0.2272 -0.6343 -0.7390
vn 0.9548 0.0882 -0.2838
vn -0.2414 -0.5122 -0.8242
vn 0.0681 -0.9940 -0.0855
vn 0.0948 -0.9885 -0.1178
vn 0.9139 -0.0716 0.3996
vn 0.6220 -0.1376 0.7708
vn 0.0681 -0.9940 -0.0854
vn -0.6105 -0.5061 -0.6093
vn -0.5053 0.6988 -0.5063
vn -0.0005 -0.5063 -0.8623
vn -0.6105 -0.5060 -0.6093
vn -0.7151 0.6990 -0.0031
vn -0.5054 0.6988 -0.5062
vn -0.0006 0.6979 -0.7162
vn -0.0001 1.0000 -0.0032
vn 0.9865 0.1148 -0.1168
vn -0.2414 -0.5121 -0.8243
vn 0.9865 0.1147 -0.1168
vn -0.1510 -0.2580 -0.9543
vn 0.9936 0.0024 -0.1131
vn -0.1510 -0.2579 -0.9543
vn -0.2418 -0.1933 -0.9509
vn 0.2451 0.5139 0.8221
vn 0.9658 0.0959 -0.2409
vn 0.2132 0.3171 0.9241
vn 0.2450 0.5139 0.8221
vn 0.2131 0.3171 0.9241
vn 0.2052 0.1953 0.9590
vn 0.2052 0.1952 0.9591
vn -0.8977 -0.0851 0.4323
vn -0.8977 -0.0850 0.4323
vn 0.2451 0.5140 0.8221
vn -0.9569 -0.0395 0.2878
vn -0.9569 -0.0394 0.2878
vn -0.9413 0.0439 0.3348
vn 0.2132 0.3172 0.9241
vn -0.9413 0.0439 0.3347
vn -0.9545 -0.0312 0.2965
vn -0.2273 -0.6342 -0.7390
vn -0.9545 -0.0312 0.2964
vn -0.2414 -0.5122 -0.8243
vn -0.2418 -0.1932 -0.9509
vn -0.9413 0.0440 0.3347
vn -0.0910 -0.9947 0.0475
vn -0.0351 -0.9994 0.0058
vn 0.9505 0.0009 -0.3109
vn 0.9993 -0.0361 -0.0088
vn 0.9963 0.0288 -0.0810
vn 0.0271 -0.9996 -0.0015
vn -0.9682 0.0087 0.2501
vn -0.9957 0.0576 0.0730
vn -0.0910 -0.9947 0.0474
vn -0.0351 -0.9994 0.0057
vn -0.9998 0.0211 0.0070
vn -0.0830 0.9961 0.0283
vn -0.0050 1.0000 -0.0022
vn -0.9997 0.0212 0.0071
vn 0.0873 0.9962 -0.0011
vn 0.9504 0.0009 -0.3110
vn 0.7243 0.6872 -0.0562
vn 0.0873 0.9962 -0.0010
vn 0.9993 -0.0361 -0.0087
vn 0.7054 -0.7069 -0.0519
vn 0.7054 -0.7070 -0.0519
vn 0.9963 0.0288 -0.0809
vn -0.0014 0.1731 -0.9849
vn -0.0574 0.1739 -0.9831
vn 0.0050 -0.9892 -0.1464
vn 0.0050 -0.9892 -0.1463
vn -0.0001 -0.9849 -0.1731
vn 0.5062 0.6993 0.5047
vn -0.5054 0.6988 -0.5063
vn -0.0007 0.6979 -0.7162
vn -0.7187 -0.6931 0.0548
vn -0.6897 0.7226 0.0475
vn -0.6897 0.7226 0.0476
vn 0.7244 0.6871 -0.0562
vn 0.9504 0.0009 -0.3109
vn 0.7053 -0.7070 -0.0519
vn -0.7187 -0.6932 0.0548
vn -0.9998 0.0211 0.0071
vn -0.0050 1.0000 -0.0021
vn -0.0830 0.9961 0.0284
vn -0.0050 1.0000 -0.0018
vn -0.1372 -0.9805 0.1410
vn 0.7202 0.0293 -0.6932
vn 0.7202 0.0293 -0.6931
vn 0.0193 -0.9916 0.1277
vn -0.1372 -0.9804 0.1411
vn 0.0193 -0.9916 0.1278
vn 0.7202 0.0292 -0.6932
vn 0.1706 -0.0091 -0.9853
vn -0.0062 -0.9997 0.0241
vn 0.1707 -0.0091 -0.9853
vn 0.0236 0.0144 -0.9996
vn -0.7212 -0.0092 0.6926
vn -0.9682 0.0087 0.2500
vn -0.2811 0.0485 0.9584
vn -0.7212 -0.0092 0.6927
vn -0.2812 0.0485 0.9584
vn -0.0322 0.0058 0.9995
vn 0.0194 -0.9916 0.1277
vn -0.0061 -0.9997 0.0241
vn -0.1420 0.9450 0.2947
vn -0.1420 0.9450 0.2946
vn -0.7213 -0.0092 0.6926
vn -0.7212 -0.0093 0.6926
vn -0.0085 0.9992 0.0391
vn -0.0040 0.9992 0.0390
vn -0.0041 0.9992 0.0390
vn -0.1421 0.9450 0.2946
vn -0.1421 0.9450 0.2947
vn 0.7202 0.0292 -0.6931
vn -0.6143 -0.4970 0.6129
vn 0.0001 -1.0000 0.0025
vn 0.0005 -0.4970 0.8677
vn 0.0005 -0.4970 0.8678
vn 0.6132 -0.4970 0.6140
vn -0.8678 -0.4970 -0.0011
vn 0.8676 -0.4973 0.0030
vn 0.6149 -0.4977 -0.6117
vn 0.0237 0.0144 -0.9996
vn -0.9647 0.0990 -0.2440
vn -0.9871 0.0940 -0.1296
vn 0.2275 -0.6357 -0.7377
vn 0.1430 -0.6519 -0.7447
vn 0.2275 -0.6356 -0.7377
vn -0.9871 0.0941 -0.1297
vn -0.1390 0.6369 0.7583
vn -0.1424 0.6531 0.7438
vn -0.9647 0.0990 -0.2441
vn -0.1424 0.6531 0.7437
vn 0.9535 -0.0338 0.2994
vn 0.9574 0.0449 0.2852
vn 0.0871 0.9810 0.1731
vn 0.9155 0.0682 -0.3965
vn 0.0926 0.9883 0.1211
vn 0.9155 0.0682 -0.3964
vn 0.0871 0.9810 0.1732
vn 1.0000 -0.0012 0.0025
vn -0.0005 -0.4976 -0.8674
vn -0.6140 -0.4972 -0.6130
vn -0.8677 -0.4970 -0.0011
vn -0.7150 0.6991 -0.0032
vn -0.9540 0.0907 -0.2859
vn -0.9540 0.0908 -0.2859
vn 0.2415 -0.5135 -0.8234
vn 0.2416 -0.5135 -0.8234
vn -0.9862 0.1170 -0.1176
vn -0.9539 0.0907 -0.2859
vn -0.9862 0.1169 -0.1176
vn 0.2415 -0.5134 -0.8234
vn 0.1513 -0.2585 -0.9541
vn 0.1514 -0.2585 -0.9541
vn -0.9935 0.0044 -0.1137
vn 0.1514 -0.2586 -0.9541
vn 0.2418 -0.1939 -0.9508
vn -0.2456 0.5151 0.8212
vn -0.1390 0.6368 0.7584
vn -0.2132 0.3181 0.9238
vn -0.2132 0.3182 0.9237
vn -0.9862 0.1168 -0.1175
vn -0.2066 0.1958 0.9586
vn -0.2066 0.1957 0.9586
vn -0.9935 0.0045 -0.1137
vn -0.1390 0.6369 0.7584
vn 0.8968 -0.0870 0.4338
vn 0.9565 -0.0415 0.2887
vn 0.8968 -0.0869 0.4338
vn 0.9409 0.0421 0.3359
vn 0.9409 0.0421 0.3360
vn -0.2066 0.1957 0.9587
vn 0.9535 -0.0337 0.2994
vn 0.2418 -0.1937 -0.9508
vn 0.9565 -0.0414 0.2887
vn 0.0349 -0.9994 0.0061
vn 0.0902 -0.9948 0.0482
vn -0.9486 0.0013 -0.3164
vn -0.9957 0.0292 -0.0874
vn -0.9992 -0.0358 -0.0150
vn -0.0233 -0.9997 -0.0016
vn 0.9952 0.0576 0.0789
vn 0.9669 0.0084 0.2551
vn 0.0349 -0.9994 0.0062
vn -0.0233 -0.9997 -0.0017
vn 0.9997 0.0207 0.0134
vn 0.0055 1.0000 -0.0018
vn 0.0829 0.9961 0.0294
vn 0.9952 0.0576 0.0790
vn 0.9997 0.0208 0.0135
vn -0.0829 0.9966 -0.0016
vn -0.7239 0.6872 -0.0607
vn -0.0829 0.9966 -0.0015
vn -0.9992 -0.0357 -0.0150
vn -0.7055 -0.7064 -0.0564
vn -0.9957 0.0292 -0.0875
vn 0.7185 -0.6930 0.0593
vn 0.9997 0.0208 0.0134
vn 0.7184 -0.6931 0.0593
vn 0.6897 0.7222 0.0519
vn 0.6897 0.7222 0.0520
vn -0.9992 -0.0358 -0.0151
vn -0.6012 -0.1344 0.7877
vn 0.0956 -0.9695 -0.2255
vn -0.8999 -0.0722 0.4300
vn 0.0829 0.9961 0.0293
vn 0.8296 0.4495 0.3312
vn 0.6209 -0.3984 -0.6751
vn 0.7334 0.5672 -0.3747
vn 0.8296 0.4494 0.3313
vn 0.8140 -0.1948 -0.5472
vn 0.8347 0.1814 0.5199
vn 0.7681 -0.2986 0.5664
vn 0.8347 0.1815 0.5199
vn 0.9232 0.1936 -0.3320
vn 0.0902 -0.9948 0.0481
vn 0.8384 0.1562 -0.5222
vn 0.8659 -0.2400 -0.4389
vn 0.8287 -0.0687 0.5554
vn 0.8299 0.0985 -0.5492
vn 0.7944 -0.0029 0.6074
vn 0.7771 0.1669 0.6068
vn 0.7944 -0.0029 0.6073
vn 0.8659 -0.2401 -0.4389
vn -0.9993 -0.0357 -0.0150
vn 0.0056 1.0000 -0.0018
vn 0.8091 0.4542 0.3729
vn 0.7772 0.1668 0.6068
vn 0.1363 -0.9807 0.1404
vn -0.9486 0.0013 -0.3165
vn 0.8408 0.4840 0.2423
vn 0.6980 -0.4204 -0.5797
vn 0.8989 0.3372 0.2798
vn 0.9192 0.1308 0.3715
vn 0.8989 0.3371 0.2799
vn 0.8384 0.1561 -0.5222
vn 0.9053 -0.1255 0.4059
vn 0.6011 -0.0110 0.7991
vn 0.7723 -0.5442 0.3277
vn 0.8092 -0.2408 0.5358
vn 0.6011 -0.0111 0.7991
vn 0.9519 0.0219 0.3057
vn 0.7723 -0.5442 0.3276
vn 0.9196 0.0494 0.3897
vn 0.6559 0.0920 0.7492
vn 0.9197 0.0494 0.3896
vn 0.8645 -0.4653 0.1900
vn 0.9196 0.0495 0.3897
vn 0.7094 -0.5048 0.4918
vn 0.6559 0.0919 0.7492
vn 0.8093 -0.2408 0.5358
vn 0.7243 0.1673 0.6688
vn 0.7683 -0.3008 0.5650
vn 0.7244 0.1673 0.6688
vn 0.8466 0.3860 0.3665
vn 0.8345 0.1765 0.5220
vn 0.7683 -0.3007 0.5651
vn 0.8409 0.4840 0.2423
vn 0.8466 0.3860 0.3664
vn 0.8235 0.4675 0.3215
vn -0.7189 0.0295 -0.6945
vn 0.7802 0.5239 0.3417
vn -0.0182 -0.9917 0.1269
vn 0.1364 -0.9807 0.1404
vn -0.7189 0.0294 -0.6944
vn -0.1734 -0.0092 -0.9848
vn 0.0067 -0.9996 0.0286
vn -0.0183 -0.9917 0.1270
vn 0.0066 -0.9996 0.0287
vn -0.0265 0.0139 -0.9996
vn 0.7200 -0.0095 0.6939
vn 0.2826 0.0484 0.9580
vn 0.1363 -0.9807 0.1403
vn 0.2826 0.0483 0.9580
vn 0.0350 0.0054 0.9994
vn 0.1412 0.9453 0.2940
vn 0.9669 0.0084 0.2550
vn 0.9669 0.0084 0.2552
vn 0.0087 0.9992 0.0388
vn 0.0040 0.9991 0.0433
vn 0.0039 0.9991 0.0433
vn -0.7188 0.0295 -0.6946
vn -0.1735 -0.0092 -0.9848
vn -0.0265 0.0140 -0.9996
vn 0.0040 0.9991 0.0434
vn -0.9857 0.0794 -0.1488
vn -0.9927 -0.0726 -0.0968
vn 0.1906 0.7447 -0.6396
vn 0.0425 0.8678 -0.4951
vn -0.9857 0.0793 -0.1488
vn -0.1301 -0.8662 0.4824
vn -0.1080 -0.7694 0.6296
vn -0.9927 -0.0725 -0.0968
vn 0.9959 0.0256 0.0867
vn 0.9604 -0.1100 0.2560
vn -0.1080 -0.7694 0.6295
vn 0.9959 0.0256 0.0866
vn 0.9604 -0.1099 0.2560
vn 0.9959 0.0255 0.0866
vn -0.9819 0.0273 -0.1873
vn 0.1906 0.7448 -0.6395
vn -0.9819 0.0272 -0.1873
vn 0.2367 0.5012 -0.8323
vn -0.9962 -0.0501 -0.0709
vn -0.9962 -0.0501 -0.0708
vn 0.1946 0.1884 -0.9626
vn -0.9873 -0.0222 -0.1570
vn -0.9962 -0.0502 -0.0709
vn 0.1947 0.1884 -0.9626
vn -0.9873 -0.0221 -0.1570
vn 0.2315 0.1030 -0.9674
vn -0.2196 -0.5059 0.8342
vn -0.9927 -0.0725 -0.0967
vn -0.2197 -0.5059 0.8342
vn -0.9819 0.0272 -0.1874
vn 0.2898 0.3126 0.9046
vn -0.1832 -0.2626 0.9473
vn -0.2197 -0.5059 0.8341
vn -0.1832 -0.2627 0.9473
vn -0.2171 -0.1101 0.9699
vn 0.9239 -0.0258 0.3817
vn 0.9547 0.0044 0.2976
vn 0.9547 0.0043 0.2976
vn 0.8989 0.3371 0.2798
vn 0.8234 0.4675 0.3215
vn 0.9192 0.1307 0.3715
vn 0.7683 -0.3007 0.5650
vn 0.9053 -0.1254 0.4059
vn 0.6010 -0.0111 0.7991
vn 0.9053 -0.1255 0.4058
vn 0.7682 -0.2986 0.5663
vn 0.8235 0.4675 0.3214
vn 0.7802 0.5240 0.3416
vn 0.8989 0.3372 0.2799
vn -0.9215 0.0505 0.3850
vn -0.6573 0.0923 0.7480
vn -0.6009 -0.0105 0.7992
vn -0.9215 0.0505 0.3851
vn -0.9535 0.0228 0.3005
vn 0.9535 -0.0019 0.3014
vn 0.9535 -0.0018 0.3014
vn -0.2172 -0.1101 0.9699
vn 0.9239 -0.0259 0.3817
vn -0.7106 -0.5050 0.4899
vn -0.8647 -0.4670 0.1850
vn 0.2315 0.1029 -0.9674
vn -0.5394 -0.0325 0.8414
vn -0.6613 0.7378 0.1354
vn -0.6802 -0.7290 0.0764
vn 0.6634 0.7352 0.1392
vn -0.5395 -0.0325 0.8414
vn 0.5373 -0.0324 0.8427
vn -0.5393 -0.0325 0.8415
vn 0.6634 0.7352 0.1390
vn 0.5374 -0.0324 0.8427
vn 0.6820 -0.7269 0.0805
vn -0.5395 -0.0324 0.8414
vn -0.6802 -0.7290 0.0765
vn -0.5394 -0.0324 0.8414
vn -0.6612 0.7379 0.1354
vn -0.8476 0.3885 0.3614
vn -0.8358 0.1777 0.5194
vn -0.8243 0.4688 0.3174
vn -1.0000 -0.0002 -0.0028
vn -0.0959 -0.9883 -0.1186
vn -0.9155 -0.0710 0.3960
vn 0.6132 -0.4970 0.6139
vn -0.0000 -1.0000 0.0027
vn 0.8625 -0.5061 0.0029
vn -0.7810 0.5256 0.3373
vn 0.6132 -0.4971 0.6139
vn 0.5070 0.6977 -0.5061
vn -0.0007 0.6978 -0.7163
vn 0.5071 0.6977 -0.5061
vn -0.0006 0.6978 -0.7163
vn 0.6635 0.7351 0.1392
vn -0.5394 -0.0324 0.8415
vn 0.5373 -0.0324 0.8428
vn 0.6635 0.7352 0.1392
vn 0.5374 -0.0325 0.8427
vn 0.6634 0.7352 0.1393
vn -0.6803 -0.7290 0.0765
vn 0.5373 -0.0325 0.8428
vn 0.5373 -0.0325 0.8427
vn 0.6820 -0.7269 0.0804
vn -0.5386 -0.2017 0.8180
vn -0.6168 0.7431 0.2594
vn -0.7361 -0.6694 -0.1003
vn 0.6191 0.7402 0.2625
vn -0.5387 -0.2017 0.8180
vn 0.5366 -0.2021 0.8193
vn -0.5386 -0.2017 0.8181
vn 0.6191 0.7401 0.2625
vn -0.6169 0.7431 0.2594
vn 0.5366 -0.2022 0.8193
vn 0.7382 -0.6678 -0.0952
vn 0.5365 -0.2021 0.8193
vn -0.7362 -0.6693 -0.1003
vn -0.5387 -0.2016 0.8180
vn 0.6190 0.7402 0.2625
vn 0.5365 -0.2022 0.8193
vn -0.5388 -0.2016 0.8180
vn -0.7362 -0.6693 -0.1001
vn 0.7382 -0.6678 -0.0953
vn 0.9804 -0.1930 0.0389
vn 0.9837 -0.1780 0.0259
vn 0.9884 -0.1521 0.0036
vn 0.9739 -0.2186 0.0611
vn 0.0014 -0.1615 0.9869
vn 0.0014 -0.1614 0.9869
vn -0.9834 -0.1793 0.0269
vn -0.9803 -0.1965 0.0174
vn -0.9728 -0.2315 -0.0023
vn -0.9867 -0.1577 0.0389
vn -0.0014 -0.2418 -0.9703
vn -0.0013 -0.2418 -0.9703
vn 0.0002 -1.0000 0.0035
vn -0.9840 -0.1771 0.0197
vn -0.9808 -0.1921 0.0327
vn -0.9885 -0.1511 -0.0026
vn -0.9840 -0.1770 0.0197
vn -0.9745 -0.2177 0.0549
vn 0.9801 -0.1973 0.0236
vn 0.9831 -0.1802 0.0331
vn 0.9726 -0.2323 0.0039
vn 0.9863 -0.1585 0.0451
vn -0.0139 -0.9946 -0.1033
vn 0.0543 0.1739 -0.9833
vn -0.0048 -0.9892 -0.1464
vn -0.0048 -0.9892 -0.1463
vn 0.0543 0.1740 -0.9832
vn -0.7150 0.6991 -0.0034
vn -0.6141 -0.4972 -0.6129
vn -0.7151 0.6991 -0.0032
vn -0.7150 0.6991 -0.0033
vn 0.5063 0.6993 0.5047
vn -0.0013 -0.2417 -0.9704
vn 0.0001 -1.0000 0.0035
vn 0.9139 -0.0717 0.3995
vn 0.0915 0.9703 0.2239
vn 0.9139 -0.0717 0.3996
vn 0.0916 0.9703 0.2239
vn 0.0650 0.9650 0.2540
vn 0.6221 -0.1376 0.7708
vn 0.2776 -0.1680 0.9459
vn 0.0650 0.9650 0.2541
vn 0.6114 -0.5063 -0.6081
vn 0.6113 -0.5064 -0.6082
vn 0.5070 0.6978 -0.5061
vn 0.0014 -0.1731 0.9849
vn 0.0050 0.9803 0.1976
vn 0.0003 0.9849 0.1730
vn 0.0014 -0.1730 0.9849
vn 0.0888 -0.9811 -0.1718
vn 0.0948 -0.9885 -0.1179
vn 0.0144 -0.9945 -0.1038
vn 0.2775 -0.1680 0.9459
vn 0.0145 -0.9945 -0.1038
vn -0.8978 0.0794 -0.4333
vn -1.0000 0.0017 -0.0033
vn -0.6009 0.1422 -0.7866
vn 0.0947 -0.9885 -0.1178
vn -0.6009 0.1422 -0.7865
vn -0.2488 0.1704 -0.9534
vn 0.0142 -0.9945 -0.1037
vn -0.0573 0.1739 -0.9831
vn 0.0049 -0.9892 -0.1464
vn -0.2776 0.1643 -0.9465
vn -0.6221 0.1333 -0.7715
vn -0.0649 0.9938 0.0901
vn -0.0136 0.9940 0.1082
vn -1.0000 0.0016 -0.0033
vn -0.8977 0.0794 -0.4333
vn -0.0601 0.1719 -0.9833
vn -0.2776 0.1642 -0.9466
vn -0.0135 0.9940 0.1082
vn -0.0049 0.9889 0.1483
vn 0.5069 0.6977 -0.5061
vn -0.5053 0.6989 -0.5062
vn -0.8978 0.0794 -0.4332
vn -0.2489 0.1704 -0.9534
vn 0.0136 0.9714 0.2370
vn 0.0135 0.9714 0.2369
vn 0.0001 0.9849 0.1730
vn -0.0000 0.9849 0.1730
vn -0.2887 0.3134 0.9047
vn -0.8361 0.1826 0.5173
vn -0.7696 -0.2990 0.5642
vn -0.0947 -0.9695 -0.2262
vn -0.0889 -0.9809 -0.1731
vn -0.9139 0.0688 -0.4000
vn -0.8677 -0.4970 -0.0012
vn -0.6142 -0.4970 0.6129
vn 0.6228 0.1332 -0.7709
vn 0.0927 0.9883 0.1211
vn 0.6229 0.1332 -0.7709
vn 0.0653 0.9938 0.0895
vn 0.2761 0.1645 -0.9470
vn 0.0653 0.9938 0.0896
vn 0.6229 0.1331 -0.7709
vn 0.0654 0.9938 0.0896
vn 0.0131 0.9941 0.1079
vn 0.0576 0.1719 -0.9834
vn 0.0131 0.9941 0.1080
vn 0.2761 0.1645 -0.9469
vn 0.0575 0.1719 -0.9834
vn 0.0048 0.9889 0.1483
vn 0.0048 0.9889 0.1482
vn 0.0047 0.9889 0.1482
vn -0.0016 0.1731 -0.9849
vn 0.0001 0.9849 0.1731
vn 0.0956 -0.9695 -0.2256
vn 0.0682 -0.9634 -0.2592
vn 0.0683 -0.9634 -0.2592
vn 0.0138 -0.9702 -0.2418
vn 0.0683 -0.9634 -0.2591
vn 0.2760 0.1646 -0.9470
vn 0.0047 -0.9799 -0.1995
vn -0.0001 -0.9849 -0.1730
vn 0.0046 -0.9799 -0.1995
vn -0.9000 -0.0722 0.4299
vn -0.9000 -0.0721 0.4299
vn -0.7697 -0.3012 0.5629
vn -0.9066 -0.1254 0.4028
vn -0.9204 0.1329 0.3677
vn -0.2462 -0.1648 0.9551
vn -0.2462 -0.1647 0.9551
vn 0.0137 -0.9702 -0.2418
vn -0.0543 -0.1715 0.9837
vn -0.0543 -0.1714 0.9837
vn -0.9000 -0.0721 0.4300
vn 0.0927 0.9883 0.1212
vn -0.2463 -0.1648 0.9551
vn -0.2460 -0.1648 0.9552
vn -0.0542 -0.1715 0.9837
vn 0.0002 0.9849 0.1731
vn 0.0015 -0.1731 0.9849
vn -0.0873 0.9813 0.1718
vn -1.0000 -0.0002 -0.0029
vn -0.0052 -0.9799 -0.1995
vn -0.9155 -0.0710 0.3959
vn -0.0924 0.9704 0.2232
vn -0.8304 0.4510 0.3271
vn -0.7324 0.5682 -0.3751
vn -0.6195 -0.3977 -0.6768
vn -0.8304 0.4510 0.3272
vn -0.8130 -0.1924 -0.5495
vn -0.8130 -0.1925 -0.5495
vn -0.7695 -0.2990 0.5643
vn -0.7695 -0.2991 0.5642
vn -0.9218 0.1931 -0.3361
vn -0.6228 -0.1375 0.7702
vn -0.0652 0.9648 0.2547
vn -0.2761 -0.1681 0.9463
vn -0.6229 -0.1375 0.7701
vn -0.0129 0.9713 0.2374
vn -0.0576 -0.1735 0.9832
vn -0.0045 0.9803 0.1975
vn -0.9218 0.1931 -0.3362
vn -0.8369 0.1564 -0.5245
vn -0.8650 -0.2372 -0.4421
vn -0.8289 0.0984 -0.5508
vn -0.8303 -0.0682 0.5531
vn -0.7958 -0.0022 0.6055
vn -0.0575 -0.1735 0.9832
vn -0.7784 0.1679 0.6049
vn -0.8650 -0.2373 -0.4420
vn -0.8100 0.4558 0.3690
vn -0.0960 -0.9883 -0.1186
vn -0.0890 -0.9809 -0.1731
vn -0.8413 0.4855 0.2375
vn -0.6967 -0.4194 -0.5820
vn -0.8651 -0.2372 -0.4420
vn -0.8996 0.3395 0.2747
vn -0.9067 -0.1254 0.4028
vn -0.6009 -0.0104 0.7992
vn -0.8105 -0.2417 0.5336
vn -0.7733 -0.5456 0.3230
vn -0.7732 -0.5457 0.3230
vn 0.6009 -0.1345 0.7879
vn 0.8977 -0.0730 0.4345
vn -0.0948 -0.9695 -0.2262
vn -0.8105 -0.2418 0.5336
vn -0.7255 0.1691 0.6671
vn -0.8359 0.1776 0.5194
vn -0.7255 0.1692 0.6671
vn -0.0947 -0.9694 -0.2263
vn -0.0681 -0.9636 -0.2585
vn -0.5053 0.6989 -0.5063
vn -0.0685 -0.9940 -0.0848
vn -0.0686 -0.9940 -0.0849
vn -0.6229 -0.1375 0.7702
vn -0.0140 -0.9945 -0.1033
vn -0.0140 -0.9946 -0.1033
vn -0.0049 -0.9892 -0.1463
vn -0.0576 -0.1734 0.9832
vn 0.9000 0.0783 -0.4288
vn 1.0000 0.0006 0.0037
vn -0.0889 -0.9809 -0.1732
vn 0.9000 0.0784 -0.4288
vn 0.6012 0.1421 -0.7864
vn 0.2463 0.1705 -0.9541
vn -0.0685 -0.9940 -0.0849
vn 0.6011 0.1421 -0.7864
vn 0.2463 0.1704 -0.9541
vn 0.0573 -0.1714 0.9835
vn 0.2488 -0.1648 0.9544
vn -0.0145 -0.9703 -0.2414
vn -0.0145 -0.9703 -0.2413
vn -0.0051 -0.9799 -0.1995
vn -0.0012 0.1731 -0.9849
vn 1.0000 0.0006 0.0036
vn 0.9000 0.0783 -0.4287
vn 0.6012 0.1420 -0.7864
vn 0.2462 0.1705 -0.9541
vn -0.0044 0.9803 0.1975
vn 0.0542 0.1739 -0.9833
vn -0.0015 0.1731 -0.9849
vn -0.0873 0.9812 0.1719
vn -0.0917 0.9885 0.1204
vn -0.9139 0.0688 -0.4001
vn -0.0917 0.9885 0.1203
vn -0.6221 0.1334 -0.7715
vn -0.6140 -0.4973 -0.6130
vn -0.5076 0.6985 0.5043
vn -0.0600 0.1719 -0.9833
vn -0.0048 0.9889 0.1483
vn -0.2887 0.3133 0.9047
vn 0.2489 -0.1648 0.9544
vn 0.2488 -0.1649 0.9544
vn -0.6220 0.1334 -0.7715
vn -0.0052 -0.9799 -0.1994
vn -0.0144 -0.9703 -0.2413
vn -0.7698 -0.3012 0.5628
vn -0.9066 -0.1254 0.4029
vn -0.6009 -0.0105 0.7993
vn -0.9066 -0.1255 0.4028
vn -0.8413 0.4856 0.2374
vn 0.5063 0.6994 0.5046
vn 0.5070 0.6978 -0.5060
vn 0.0005 -0.4969 0.8678
vn 0.7152 0.6989 0.0006
vn -0.0890 -0.9809 -0.1732
vn -0.0947 -0.9695 -0.2263
vn 0.5062 0.6994 0.5046
vn 0.5070 0.6977 -0.5062
vn 0.8676 -0.4973 0.0029
vn -0.0006 -0.4976 -0.8674
vn -0.5077 0.6985 0.5043
vn -0.6140 -0.4973 -0.6129
vn -0.0000 -1.0000 0.0026
vn -0.8627 -0.5058 -0.0011
vn -0.6104 -0.5060 -0.6093
vn 0.7152 0.6989 0.0007
vn -0.0680 -0.9636 -0.2585
vn -0.0005 -0.5064 -0.8623
vn 0.0015 -0.1730 0.9849
vn 0.6009 -0.1346 0.7879
vn -0.5076 0.6986 0.5043
vn -0.6142 -0.4971 0.6129
vn -0.5077 0.6986 0.5041
vn -0.8677 -0.4971 -0.0011
vn 0.6113 -0.5065 -0.6081
vn 0.8625 -0.5060 0.0030
vn 0.0572 -0.1714 0.9835
vn -0.8627 -0.5057 -0.0010
vn 0.6097 -0.5057 0.6104
vn -0.0005 0.6979 -0.7162
vn -0.7151 0.6991 -0.0031
vn -0.6107 -0.5057 0.6093
vn 0.8625 -0.5060 0.0031
vn -0.5878 -0.3929 -0.7072
vn -0.2766 0.5896 -0.7588
vn -0.6093 -0.2144 -0.7634
vn -0.1487 0.7311 0.6659
vn 0.0579 0.3862 0.9206
vn 0.2040 0.1767 0.9629
vn 0.1171 0.8207 0.5592
vn 0.5562 0.8202 0.1337
vn 0.2954 0.8813 0.3688
vn -0.5809 0.1734 -0.7953
vn -0.8335 -0.5055 -0.2231
vn 0.0014 -0.2438 0.9698
vn -0.2826 0.6179 0.7338
vn 0.0010 -0.8451 0.5346
vn -0.0010 0.0734 -0.9973
vn -0.2766 0.5896 -0.7589
vn -0.5877 -0.3929 -0.7073
vn 0.1170 0.8208 0.5592
vn 0.1148 0.6366 0.7626
vn 0.9852 0.0649 0.1588
vn -0.5399 -0.3634 -0.7592
vn 0.2772 0.5886 -0.7594
vn 0.6372 -0.4687 -0.6118
vn 0.7756 -0.3304 -0.5378
vn 0.2771 0.5886 -0.7595
vn -0.0011 0.0734 -0.9973
vn -0.1155 0.8213 0.5587
vn 0.0006 0.8455 0.5340
vn 0.0579 0.3861 0.9206
vn 0.0012 0.4467 0.8947
vn 0.0758 0.1769 0.9813
vn 0.0014 0.1857 0.9826
vn 0.0011 0.5982 0.8014
vn -0.1131 0.6355 0.7637
vn 0.3482 0.0355 0.9368
vn 0.8439 -0.4942 -0.2088
vn 0.8381 -0.5426 -0.0572
vn 0.0050 -0.9146 0.4044
vn 0.0024 -0.9159 0.4014
vn 0.0027 -0.9158 0.4017
vn 0.0026 -0.9158 0.4016
vn 0.0023 -0.9160 0.4013
vn 0.0006 -0.9168 0.3993
vn 0.5812 0.1735 -0.7950
vn 0.6097 0.1294 -0.7820
vn 0.9237 -0.0965 -0.3707
vn 0.7522 -0.1735 -0.6356
vn 0.4605 -0.8577 0.2286
vn 0.3482 0.0354 0.9368
vn 0.0846 -0.8281 0.5542
vn 0.3481 0.0355 0.9368
vn 0.4606 -0.8577 0.2286
vn -0.2825 0.6179 0.7338
vn 0.0009 -0.8451 0.5346
vn 0.0845 -0.8281 0.5542
vn 0.6672 -0.7302 -0.1469
vn -0.5564 0.8207 0.1300
vn -0.9861 0.0661 0.1527
vn 0.1275 -0.9880 0.0871
vn 0.7267 -0.5972 0.3395
vn 0.0003 -0.9946 0.1041
vn 0.5508 -0.3597 -0.7531
vn 0.8380 -0.5426 -0.0572
vn -0.7379 -0.1825 -0.6497
vn -0.4601 -0.8588 0.2254
vn -0.8786 -0.4768 -0.0278
vn -0.3802 -0.3363 0.8616
vn 0.0015 -0.2438 0.9698
vn -0.2072 -0.1503 0.9667
vn -0.7330 -0.6492 -0.2033
vn -0.4600 -0.8588 0.2253
vn 0.1495 0.7294 0.6675
vn -0.2017 0.1771 0.9633
vn -0.0553 0.3860 0.9208
vn -0.2017 0.1770 0.9633
vn -0.0733 0.1771 0.9815
vn 0.6993 -0.2646 -0.6640
vn 0.6993 -0.2647 -0.6640
vn 0.1624 -0.9032 0.3973
vn 0.7512 -0.2831 0.5962
vn 0.9862 0.0013 0.1655
vn 0.9862 0.0013 0.1658
vn 0.9859 0.0017 0.1672
vn 0.1623 -0.9032 0.3973
vn 0.1624 -0.9032 0.3974
vn 0.7513 -0.2831 0.5962
vn -0.0554 0.3860 0.9208
vn 0.1170 0.8207 0.5592
vn 0.1148 0.6367 0.7625
vn 0.0010 0.5982 0.8014
vn 0.0010 -0.9946 0.1041
vn 0.0008 -0.9168 0.3993
vn 0.0009 -0.8451 0.5345
vn -0.0812 -0.8283 0.5544
vn -0.3803 -0.3362 0.8616
vn -0.2073 -0.1503 0.9667
vn -0.3803 -0.3363 0.8616
vn -0.0813 -0.8283 0.5544
vn 0.2039 0.1766 0.9629
vn -0.2950 0.8823 0.3668
vn 0.0578 0.3861 0.9206
vn -0.2950 0.8823 0.3669
vn -0.6983 -0.2629 -0.6658
vn -0.7138 -0.2453 -0.6560
vn -0.8761 -0.0984 -0.4719
vn -0.8761 -0.0985 -0.4719
vn -0.8849 -0.2318 -0.4040
vn -0.4601 -0.8588 0.2253
vn 0.2954 0.8813 0.3689
vn -0.1272 -0.9881 0.0865
vn -0.7294 -0.5963 0.3352
vn -0.1613 -0.9038 0.3963
vn -0.7525 -0.2841 0.5942
vn -0.9872 0.0022 0.1595
vn -0.9872 0.0022 0.1596
vn -0.7294 -0.5962 0.3353
vn -0.9869 0.0026 0.1612
vn -0.1615 -0.9038 0.3963
vn -0.7295 -0.5963 0.3352
vn 0.0013 0.0130 0.9999
vn -0.1131 0.6356 0.7637
vn 0.0014 0.0131 0.9999
vn 0.0014 -0.9946 0.1041
vn 0.1314 -0.4732 -0.8711
vn 0.1592 0.2104 -0.9646
vn 0.0796 0.2127 -0.9739
vn 0.1591 0.2107 -0.9645
vn 0.0783 0.2129 -0.9739
vn 0.1139 -0.4545 -0.8835
vn -0.0014 0.2152 -0.9766
vn -0.0014 0.2154 -0.9765
vn -0.0037 -0.5161 -0.8565
vn -0.0011 -0.5287 -0.8488
vn -0.1336 -0.4726 -0.8711
vn -0.1617 0.2103 -0.9642
vn -0.0823 0.2135 -0.9735
vn -0.1617 0.2104 -0.9642
vn -0.0811 0.2126 -0.9738
vn -0.0823 0.2125 -0.9737
vn -0.1161 -0.4539 -0.8834
vn -0.0014 0.2149 -0.9766
vn 0.0014 -0.5161 -0.8566
vn -0.0012 -0.5287 -0.8488
vn 0.0014 0.5982 0.8014
vn 0.0016 0.0130 0.9999
vn -0.9645 -0.0935 0.2469
vn -0.3216 -0.1593 0.9334
vn -0.2742 0.5664 0.7772
vn 0.0003 -0.3844 -0.9232
vn -0.8137 -0.2949 -0.5009
vn -0.4129 0.7048 -0.5769
vn 0.4287 0.8934 0.1340
vn -0.5763 -0.7843 -0.2296
vn -0.0333 -0.3047 -0.9519
vn -0.5762 -0.7844 -0.2297
vn -0.5923 -0.7049 0.3903
vn -0.9446 0.0399 -0.3258
vn -0.0334 -0.3047 -0.9519
vn -0.5762 -0.7844 -0.2296
vn 0.4287 0.8935 0.1339
vn -0.6384 -0.0522 0.7679
vn -0.3773 0.7182 0.5846
vn -0.3774 0.7183 0.5845
vn -0.6384 -0.0521 0.7679
vn -0.7229 0.0108 0.6909
vn -0.3773 0.7183 0.5846
vn -0.5927 0.7974 0.1136
vn 0.5925 0.7939 0.1368
vn -0.2120 -0.2081 0.9549
vn -0.0970 0.6786 0.7280
vn -0.7228 0.0108 0.6910
vn -0.7228 0.0108 0.6909
vn -0.1604 -0.8460 0.5085
vn 0.1040 0.6772 0.7284
vn 0.7240 0.0144 0.6897
vn 0.3861 0.7155 0.5822
vn 0.1692 -0.8438 0.5093
vn 0.7239 0.0143 0.6897
vn 0.2217 -0.2078 0.9527
vn 0.8212 -0.4913 -0.2902
vn 0.5736 -0.7885 -0.2218
vn -0.8115 -0.4943 -0.3117
vn 0.8212 -0.4913 -0.2903
vn -0.4036 0.9034 0.1447
vn 0.1330 0.6563 0.7427
vn -0.1320 0.6591 0.7404
vn -0.0970 0.6787 0.7280
vn 0.1041 0.6772 0.7284
vn -0.1603 -0.8460 0.5085
vn -0.5762 -0.7844 -0.2298
vn -0.9837 0.0918 0.1549
vn -0.8115 -0.4942 -0.3117
vn -0.3773 0.7183 0.5845
vn 0.3861 0.7156 0.5822
vn 0.9814 0.0889 0.1699
vn 0.5736 -0.7885 -0.2217
vn 0.5737 -0.7885 -0.2217
vn -0.4035 0.9035 0.1447
vn 0.5975 -0.7022 0.3873
vn -0.3512 0.4787 0.8047
vn 0.3503 0.4765 0.8064
vn -0.9837 0.0917 0.1549
vn -0.9961 -0.0877 0.0059
vn -0.3512 0.4788 0.8046
vn 0.9957 -0.0924 0.0099
vn 0.3503 0.4764 0.8064
vn 0.5500 -0.1514 -0.8213
vn 0.4287 0.8934 0.1339
vn 0.5500 -0.1513 -0.8213
vn 0.9569 -0.1093 0.2689
vn 0.9569 -0.1092 0.2690
vn -0.6385 -0.0521 0.7679
vn 0.4287 0.8935 0.1340
vn -0.6385 -0.0520 0.7679
vn 0.9569 -0.1093 0.2690
vn -0.2356 0.0722 0.9692
vn -0.9404 -0.0040 -0.3401
vn -0.2356 0.0723 0.9692
vn -0.0333 -0.3048 -0.9518
vn 0.1470 0.1315 -0.9804
vn 0.1469 0.1316 -0.9804
vn 0.2080 0.9447 -0.2536
vn 0.2705 0.5668 0.7782
vn 0.2081 0.9446 -0.2536
vn -0.9814 0.1764 -0.0755
vn 0.2705 0.5667 0.7783
vn -0.9814 0.1764 -0.0754
vn 0.1469 0.1315 -0.9804
vn -0.9814 0.1765 -0.0755
vn -0.5922 -0.7049 0.3903
vn 0.7240 0.0143 0.6897
vn 0.2218 -0.2078 0.9527
vn 0.1692 -0.8437 0.5094
vn 0.5975 -0.7021 0.3874
vn 0.7239 0.0144 0.6897
vn -0.2226 -0.4899 -0.8429
vn 0.5736 -0.7886 -0.2218
vn 0.9953 0.0582 -0.0769
vn 0.5974 -0.7022 0.3873
vn -0.2227 -0.4899 -0.8429
vn 0.6030 -0.0300 0.7972
vn 0.9953 0.0582 -0.0770
vn 0.6030 -0.0301 0.7972
vn 0.9953 0.0581 -0.0769
vn -0.8560 -0.2424 -0.4567
vn -0.4036 0.9034 0.1446
vn -0.4035 0.9035 0.1446
vn -0.8560 -0.2423 -0.4567
vn 0.6030 -0.0301 0.7971
vn 0.9489 -0.2293 -0.2169
vn 0.8690 0.4621 0.1772
vn 0.8309 0.2306 -0.5063
vn 0.5452 -0.0585 -0.8363
vn 0.5215 -0.0821 -0.8493
vn 0.6582 0.0671 -0.7498
vn 0.6582 0.0672 -0.7498
vn 0.8310 0.2306 -0.5062
vn -0.1417 0.1316 -0.9811
vn -0.8560 -0.2423 -0.4566
vn -0.2059 0.9451 -0.2537
vn -0.1416 0.1315 -0.9811
vn -0.0014 -0.1881 -0.9821
vn -0.2741 0.5663 0.7773
vn 0.9818 0.1755 -0.0719
vn -0.3216 -0.1592 0.9334
vn -0.2741 0.5663 0.7772
vn 0.9489 -0.2293 -0.2168
vn -0.8560 -0.2424 -0.4566
vn -0.2743 0.5668 0.7768
vn 0.9819 0.1755 -0.0719
vn -0.1416 0.1316 -0.9811
vn 0.9818 0.1756 -0.0719
vn 0.7763 0.6303 0.0103
vn 0.9017 0.3163 -0.2949
vn 0.5476 0.4435 -0.7096
vn 0.6623 0.3954 -0.6364
vn 0.8060 -0.2280 -0.5462
vn 0.9017 0.3162 -0.2949
vn 0.9792 -0.1195 0.1642
vn 0.6652 0.6964 0.2692
vn 0.6651 0.6965 0.2693
vn 0.7763 0.6303 0.0104
vn 0.1728 0.9243 0.3404
vn 0.1727 0.9243 0.3404
vn 0.5476 0.4435 -0.7095
vn -0.3449 0.7664 -0.5420
vn 0.1640 0.8056 -0.5694
vn -0.2770 0.3482 -0.8956
vn -0.2771 0.3482 -0.8955
vn 0.1475 0.3399 -0.9288
vn 0.2623 0.8509 -0.4551
vn 0.3554 0.7200 -0.5961
vn 0.1475 0.3400 -0.9288
vn 0.3554 0.7199 -0.5961
vn 0.0320 0.5464 -0.8369
vn 0.0320 0.5465 -0.8369
vn 0.8060 -0.2280 -0.5463
vn 0.0384 -0.6652 -0.7457
vn 0.2343 -0.9497 -0.2080
vn 0.2342 -0.9497 -0.2080
vn 0.9792 -0.1195 0.1641
vn 0.7579 -0.5160 0.3991
vn 0.6788 -0.0521 0.7324
vn 0.5731 0.3589 0.7367
vn 0.6789 -0.0521 0.7324
vn 0.2514 0.8590 0.4461
vn -0.3449 0.7664 -0.5419
vn 0.1639 0.8056 -0.5694
vn -0.3397 0.6389 -0.6902
vn 0.2623 0.8509 -0.4552
vn -0.2930 0.3372 -0.8947
vn 0.2624 0.8509 -0.4551
vn -0.3472 0.4711 -0.8109
vn -0.2405 0.0728 -0.9679
vn -0.2405 0.0729 -0.9679
vn 0.0319 0.5464 -0.8369
vn 0.0385 -0.6652 -0.7457
vn 0.3225 -0.9157 0.2398
vn 0.7579 -0.5160 0.3992
vn 0.3422 -0.6733 0.6554
vn 0.2725 -0.2369 0.9325
vn 0.2724 -0.2369 0.9326
vn 0.1431 0.2213 0.9647
vn 0.0079 0.5717 0.8204
vn 0.1431 0.2213 0.9646
vn 0.0078 0.5717 0.8204
vn -0.1396 0.8447 0.5168
vn -0.1848 0.9025 0.3891
vn -0.1396 0.8447 0.5167
vn -0.1847 0.9025 0.3891
vn -0.3448 0.7664 -0.5420
vn -0.9185 0.1370 0.3710
vn -0.9164 0.0175 -0.3998
vn -0.9675 -0.2271 0.1109
vn -0.9586 -0.0727 -0.2755
vn -0.7085 -0.6721 -0.2153
vn -0.7084 -0.6722 -0.2152
vn -0.6290 -0.5881 0.5085
vn -0.6289 -0.5881 0.5085
vn -0.7694 0.2791 0.5746
vn -0.7694 0.2791 0.5745
vn -0.4865 0.7303 0.4796
vn -0.9185 0.1371 0.3710
vn -0.4864 0.7303 0.4796
vn -0.9165 0.0176 -0.3997
vn -0.7609 0.5310 -0.3730
vn -0.6360 0.0954 -0.7658
vn -0.8308 0.5264 -0.1807
vn -0.8550 0.4477 -0.2616
vn -0.8551 0.4477 -0.2616
vn -0.8550 0.4478 -0.2616
vn -0.6529 0.3339 -0.6799
vn -0.9586 -0.0726 -0.2755
vn -0.7084 -0.6721 -0.2152
vn -0.9586 -0.0727 -0.2754
vn -0.6528 0.3339 -0.6799
vn -0.7085 -0.6721 -0.2152
vn -0.6528 0.3339 -0.6800
vn -0.7084 -0.6721 -0.2153
vn -0.1583 -0.7858 0.5979
vn -0.6290 -0.5881 0.5084
vn 0.2343 -0.9496 -0.2080
vn -0.1584 -0.7857 0.5980
vn -0.2142 -0.3113 0.9259
vn -0.3461 0.0934 0.9335
vn -0.2141 -0.3113 0.9259
vn -0.4726 0.6470 0.5984
vn -0.7609 0.5310 -0.3729
vn -0.3398 0.6389 -0.6902
vn 0.0385 -0.6651 -0.7457
vn -0.1583 -0.7857 0.5980
vn -0.1583 -0.7857 0.5979
vn -0.4726 0.6469 0.5984
vn -0.3461 0.0933 0.9335
vn -0.3450 0.7664 -0.5419
vn -0.9165 0.0175 -0.3997
vn -0.6360 0.0955 -0.7658
vn -0.9585 -0.0727 -0.2755
vn 0.1476 0.3399 -0.9288
vn 0.4431 0.8883 0.1205
vn 0.0329 -0.0588 -0.9977
vn -0.9078 0.1078 -0.4052
vn -0.9079 0.1079 -0.4052
vn 0.0329 -0.0589 -0.9977
vn -0.5763 -0.7843 -0.2297
vn -0.6880 -0.1945 0.6991
vn -0.9078 0.1079 -0.4052
vn -0.6880 -0.1945 0.6992
vn -0.9079 0.1078 -0.4052
vn -0.3774 0.7183 0.5846
vn -0.9337 0.3236 0.1535
vn -0.2146 0.7116 0.6690
vn 0.9328 0.3167 0.1722
vn 0.2171 0.7082 0.6718
vn -0.4341 0.8905 0.1362
vn -0.2120 -0.2081 0.9548
vn 0.2171 0.7083 0.6717
vn -0.2147 0.7116 0.6690
vn 0.4431 0.8883 0.1204
vn -0.4341 0.8905 0.1363
vn 0.3860 0.7155 0.5822
vn 0.9328 0.3166 0.1722
vn 0.5974 -0.7022 0.3874
vn 0.2217 -0.2077 0.9527
vn 0.2171 0.7083 0.6718
vn -0.3512 0.4788 0.8047
vn -0.9337 0.3235 0.1535
vn 0.5822 0.2055 -0.7866
vn 0.5822 0.2056 -0.7866
vn 0.9266 -0.2055 0.3150
vn 0.9266 -0.2055 0.3149
vn -0.3312 -0.3465 0.8776
vn -0.9124 0.2117 -0.3502
vn 0.5822 0.2055 -0.7867
vn 0.1611 0.3668 -0.9162
vn 0.1611 0.3669 -0.9162
vn 0.1977 0.9478 -0.2502
vn 0.9266 -0.2056 0.3149
vn 0.2506 0.4481 0.8581
vn -0.3313 -0.3465 0.8776
vn 0.9266 -0.2056 0.3150
vn 0.1977 0.9478 -0.2501
vn 0.2507 0.4482 0.8581
vn -0.3313 -0.3466 0.8776
vn -0.9817 0.1827 0.0540
vn 0.2507 0.4483 0.8580
vn 0.1610 0.3669 -0.9162
vn 0.1976 0.9478 -0.2502
vn 0.1610 0.3668 -0.9162
vn -0.0970 0.6786 0.7281
vn 0.1693 -0.8437 0.5094
vn -0.4342 0.8905 0.1363
vn -0.0310 -0.0583 -0.9978
vn 0.9084 0.1083 -0.4038
vn 0.9084 0.1082 -0.4038
vn 0.6882 -0.1858 0.7013
vn 0.9084 0.1083 -0.4039
vn 0.6883 -0.1857 0.7013
vn -0.5798 0.2061 -0.7882
vn -0.0310 -0.0584 -0.9978
vn -0.9278 -0.2058 0.3112
vn -0.5798 0.2061 -0.7883
vn -0.9278 -0.2057 0.3112
vn -0.4342 0.8905 0.1362
vn 0.3287 -0.3472 0.8783
vn 0.9140 0.2114 -0.3463
vn 0.9140 0.2113 -0.3463
vn -0.5798 0.2060 -0.7883
vn -0.1561 0.3668 -0.9171
vn -0.1956 0.9482 -0.2503
vn -0.1561 0.3669 -0.9171
vn 0.3287 -0.3473 0.8783
vn -0.2549 0.4477 0.8571
vn -0.1956 0.9482 -0.2502
vn 0.3287 -0.3473 0.8782
vn 0.9815 0.1826 0.0571
vn -0.2548 0.4477 0.8571
vn 0.9140 0.2113 -0.3462
vn -0.2548 0.4476 0.8571
vn 0.5975 -0.7021 0.3873
vn 0.8998 0.2909 0.3253
vn 0.9943 0.0831 -0.0664
vn 0.7803 0.4558 -0.4283
vn 0.8805 0.3509 -0.3187
vn 0.8147 -0.2954 -0.4990
vn 0.8147 -0.2953 -0.4990
vn 0.8563 -0.4839 0.1803
vn 0.8563 -0.4839 0.1804
vn 0.7609 0.2940 0.5784
vn 0.9943 0.0831 -0.0665
vn 0.8998 0.2909 0.3252
vn 0.7609 0.2939 0.5785
vn 0.3507 0.6269 0.6957
vn 0.7803 0.4557 -0.4283
vn 0.0005 0.9759 -0.2184
vn 0.4926 0.8493 -0.1895
vn 0.0170 0.7111 -0.7029
vn 0.4246 0.5730 -0.7010
vn 0.5762 0.8155 -0.0538
vn 0.6458 0.7565 -0.1031
vn 0.6458 0.7565 -0.1030
vn 0.4098 0.7054 -0.5783
vn 0.0003 -0.8329 -0.5534
vn 0.0003 -0.8328 -0.5535
vn 0.4913 -0.8429 0.2193
vn 0.0003 -0.8329 -0.5535
vn 0.4767 -0.5239 0.7059
vn 0.4888 -0.1294 0.8628
vn 0.4767 -0.5240 0.7058
vn 0.4887 -0.1294 0.8628
vn 0.3839 0.5090 0.7704
vn 0.3506 0.6269 0.6957
vn 0.0004 0.9759 -0.2183
vn 0.4926 0.8494 -0.1894
vn -0.0028 0.9155 -0.4024
vn -0.0033 0.7467 -0.6651
vn 0.5763 0.8155 -0.0538
vn -0.0033 0.7468 -0.6650
vn -0.0053 0.8509 -0.5252
vn -0.0018 0.4668 -0.8844
vn 0.4099 0.7054 -0.5783
vn -0.0052 0.8509 -0.5252
vn -0.0017 0.4668 -0.8844
vn -0.0001 -0.9920 -0.1266
vn -0.0002 -0.9920 -0.1265
vn 0.4914 -0.8429 0.2193
vn 0.0005 -0.9341 0.3571
vn 0.0008 -0.6230 0.7823
vn 0.0009 -0.6229 0.7823
vn 0.0011 -0.1881 0.9821
vn 0.0008 -0.6229 0.7823
vn 0.0006 0.2103 0.9776
vn 0.3839 0.5091 0.7704
vn 0.4888 -0.1294 0.8627
vn 0.0009 0.6002 0.7999
vn 0.0007 0.7095 0.7047
vn 0.0009 0.6001 0.7999
vn 0.0004 0.9759 -0.2184
vn -0.9011 0.2921 0.3204
vn -0.7781 0.4573 -0.4307
vn -0.9946 0.0781 -0.0684
vn -0.8791 0.3480 -0.3256
vn -0.8137 -0.2949 -0.5010
vn -0.8574 -0.4833 0.1769
vn -0.7621 0.2950 0.5763
vn -0.7621 0.2950 0.5764
vn -0.3498 0.6282 0.6950
vn -0.7781 0.4573 -0.4306
vn -0.4937 0.8486 -0.1902
vn -0.4202 0.5592 -0.7147
vn -0.6001 0.7997 -0.0204
vn -0.6372 0.7655 -0.0893
vn -0.4201 0.5592 -0.7147
vn -0.4128 0.7048 -0.5769
vn -0.8792 0.3479 -0.3255
vn 0.5459 -0.7434 0.3865
vn 0.0837 0.9606 0.2650
vn 0.5860 0.4920 0.6438
vn 0.0003 -0.3843 -0.9232
vn -0.4910 -0.8437 0.2170
vn -0.4911 -0.8436 0.2170
vn -0.4767 -0.5248 0.7052
vn -0.8574 -0.4833 0.1768
vn -0.4888 -0.1296 0.8627
vn -0.7621 0.2949 0.5763
vn -0.3831 0.5105 0.7698
vn -0.4936 0.8486 -0.1902
vn 0.0169 0.7111 -0.7029
vn -0.0033 0.7468 -0.6651
vn -0.6001 0.7997 -0.0203
vn -0.6372 0.7655 -0.0892
vn -0.0053 0.8510 -0.5252
vn -0.0017 0.4667 -0.8844
vn -0.6373 0.7655 -0.0892
vn -0.0001 -0.9920 -0.1265
vn -0.3831 0.5104 0.7698
vn 0.0007 0.7094 0.7048
vn -0.4202 0.5591 -0.7147
vn -0.8792 0.3479 -0.3256
vn 0.9943 0.0832 -0.0664
vn -0.0013 0.4168 -0.9090
vn -0.0014 0.1226 -0.9925
vn -0.0014 0.4182 -0.9084
vn -0.0014 0.4168 -0.9090
vn -0.0012 0.6482 -0.7615
vn -0.0013 0.4182 -0.9083
vn 0.0014 0.1881 0.9821
vn 0.0013 -0.4168 0.9090
vn 0.0014 -0.4182 0.9084
vn 0.0014 -0.1226 0.9925
vn 0.0012 -0.6482 0.7615
vn 0.0014 -0.4182 0.9083
vn 0.0014 -0.4168 0.9090
vn -0.5095 -0.8571 0.0765
vn -1.0000 0.0004 -0.0026
vn -0.6763 -0.6093 -0.4140
vn -0.6763 -0.6093 -0.4139
vn -0.6766 0.5256 -0.5157
vn -0.5092 0.8571 -0.0777
vn -0.5098 0.4916 0.7060
vn 0.9965 -0.0017 0.0838
vn -0.5625 -0.6486 0.5128
vn -0.6544 0.7159 0.2434
vn -0.7652 -0.6396 -0.0730
vn -0.5100 -0.3617 0.7805
vn -0.0006 -0.9794 -0.2018
vn -0.0345 -0.9471 0.3191
vn -0.5625 -0.6486 0.5127
vn -0.6545 0.7159 0.2433
vn -0.5866 0.4918 0.6434
vn -0.0344 -0.9471 0.3192
vn -0.5866 0.4919 0.6434
vn -0.0198 0.7200 0.6937
vn 0.5860 0.4921 0.6438
vn 0.0837 0.9606 0.2651
vn 0.5460 -0.7433 0.3865
vn 0.0748 -0.0072 0.9972
vn -0.6545 0.7159 0.2432
vn 0.5969 -0.7092 0.3751
vn 0.6563 0.7129 0.2469
vn 0.5859 0.4921 0.6439
vn 0.5459 -0.7433 0.3865
vn -0.6293 0.5369 0.5619
vn 0.6563 0.7129 0.2470
vn 0.7667 -0.6385 -0.0667
vn 0.7667 -0.6385 -0.0668
vn -0.0732 -0.0046 0.9973
vn -0.5096 -0.8570 0.0764
vn -0.5096 -0.8570 0.0765
vn 0.6818 -0.6080 -0.4067
vn 0.5115 -0.8558 0.0777
vn -0.0077 -0.9985 -0.0541
vn -0.6758 -0.0082 0.7370
vn 0.5119 0.8556 -0.0764
vn 0.6824 0.5245 -0.5091
vn -0.5092 0.8571 -0.0778
vn -0.5092 0.8571 -0.0779
vn 0.5113 0.4903 0.7058
vn 0.5119 0.8556 -0.0763
vn -0.5098 0.4915 0.7060
vn 0.5111 -0.3611 0.7800
vn -0.5100 -0.3616 0.7805
vn -0.5099 -0.3617 0.7805
vn 0.5116 -0.8557 0.0777
vn 0.6818 -0.6081 -0.4067
vn 1.0000 -0.0004 0.0027
vn -0.7390 0.0027 -0.6737
vn -0.0440 0.0040 -0.9990
vn -0.0442 0.0040 -0.9990
vn 0.7392 -0.0082 0.6735
vn 0.7362 -0.0083 0.6767
vn -0.7394 0.0027 -0.6732
vn 0.6767 0.0029 -0.7363
vn 0.6774 0.0030 -0.7356
vn 0.6773 0.0030 -0.7357
vn 0.0111 0.9206 0.3903
vn -0.6544 0.7159 0.2433
vn 0.5860 0.4920 0.6439
vn 0.5859 0.4920 0.6439
vn 0.0110 0.9206 0.3903
vn 0.0749 -0.0072 0.9972
vn 0.5112 0.4904 0.7058
vn 1.0000 -0.0004 0.0026
vn 0.5120 0.8556 -0.0764
vn 0.6824 0.5246 -0.5091
vn 0.6818 -0.6080 -0.4068
vn 0.5116 -0.8557 0.0776
vn -0.5100 -0.3617 0.7804
vn 0.5111 -0.3610 0.7800
vn -0.5099 0.4916 0.7060
vn -0.6766 0.5257 -0.5156
vn -1.0000 0.0004 -0.0027
vn 0.5112 0.4903 0.7059
vn -0.6785 -0.0080 0.7345
vn 0.5115 -0.8557 0.0776
vn 0.5113 0.4903 0.7059
vn -0.6764 -0.6093 -0.4139
vn -0.5095 -0.8571 0.0764
vn -0.3887 -0.1037 -0.9155
vn -0.3117 -0.0983 -0.9451
vn 0.1638 -0.0642 -0.9844
vn -0.0004 -0.0667 -0.9978
vn -0.1798 -0.0636 -0.9816
vn 0.8237 -0.1288 -0.5523
vn 0.3878 -0.1045 -0.9158
vn 0.7389 -0.1072 -0.6653
vn -0.0016 -0.0667 -0.9978
vn -0.0017 -0.0674 -0.9977
vn 0.1638 -0.0643 -0.9844
vn -0.0013 -0.0677 -0.9977
vn 0.3877 -0.1045 -0.9158
vn 0.3877 -0.1046 -0.9158
vn 0.3032 -0.1000 -0.9477
vn -0.7334 -0.1051 -0.6716
vn -0.0015 -0.0677 -0.9977
vn 0.1637 -0.0642 -0.9844
vn 0.7389 -0.1072 -0.6652
vn 0.3032 -0.0999 -0.9477
vn -0.8219 -0.1275 -0.5552
vn -0.7335 -0.1051 -0.6716
vn 1.0000 -0.0004 0.0032
vn 0.0924 0.9658 -0.2421
vn 0.0899 0.7891 0.6076
vn 0.0958 0.4132 -0.9056
vn 0.0948 -0.4469 -0.8895
vn 0.0958 0.4133 -0.9056
vn 1.0000 -0.0005 0.0032
vn 0.0911 -0.9749 -0.2030
vn 0.0898 -0.7647 0.6380
vn 0.0911 -0.9750 -0.2028
vn 0.0898 0.0182 0.9958
vn 0.0898 -0.7648 0.6380
vn -1.0000 0.0004 -0.0029
vn 0.0898 0.7891 0.6076
vn 0.0948 -0.4470 -0.8895
vn 0.0911 -0.9749 -0.2029
vn 0.0911 -0.9750 -0.2029
vn 0.0898 0.0183 0.9958
vn -1.0000 0.0005 -0.0032
vn -0.0929 0.7890 0.6073
vn -0.0901 0.9660 -0.2422
vn -0.0901 0.9660 -0.2424
vn -0.0898 0.4134 -0.9061
vn -0.0897 -0.4471 -0.8900
vn -0.0908 -0.9751 -0.2025
vn -0.0908 -0.9749 -0.2031
vn -0.0944 -0.7645 0.6377
vn -0.0944 -0.7646 0.6376
vn -0.0959 0.0184 0.9952
vn -0.0959 0.0183 0.9952
vn 1.0000 -0.0004 0.0029
vn -0.0929 0.7890 0.6074
vn 1.0000 -0.0005 0.0029
vn -0.0901 0.9660 -0.2423
vn -0.0907 -0.9750 -0.2030
vn -0.0944 -0.7645 0.6376
vn -0.0907 -0.9749 -0.2032
vn -0.0959 0.0182 0.9952
vn 0.0912 -0.9749 -0.2030
vn 0.0912 -0.9749 -0.2029
vn 0.0898 -0.7649 0.6379
vn 0.0924 0.9659 -0.2421
vn 0.0925 0.9658 -0.2421
vn 0.0947 -0.4470 -0.8895
vn 0.0897 -0.7648 0.6380
vn -1.0000 0.0004 -0.0032
vn -0.0898 0.4135 -0.9061
vn -0.0908 -0.9750 -0.2028
vn -0.0908 -0.9750 -0.2030
vn -0.0960 0.0182 0.9952
vn -0.2720 0.1854 0.9443
vn -0.5068 0.7542 0.4176
vn -0.2254 0.4155 0.8812
vn -0.2931 0.7453 0.5989
vn -0.5067 0.7542 0.4176
vn -0.6062 0.7379 -0.2968
vn -0.1858 0.8039 -0.5650
vn -0.2888 0.3133 0.9047
vn -0.2249 -0.3106 0.9235
vn -0.2237 0.4160 0.8814
vn -0.2055 0.4950 0.8442
vn -0.1886 0.1268 0.9738
vn -0.8289 0.0983 -0.5507
vn -0.8338 0.2112 -0.5101
vn -0.6573 0.0923 0.7479
vn -0.8304 -0.0680 0.5530
vn -0.5845 -0.8027 0.1185
vn -0.5720 0.0262 0.8198
vn -0.5010 0.0696 0.8626
vn -0.2326 0.1781 0.9561
vn -0.6614 0.2995 0.6876
vn -0.7153 -0.0670 0.6956
vn -0.8950 0.1002 0.4347
vn 0.0087 0.8091 -0.5876
vn -0.3309 0.4232 -0.8434
vn -0.3558 -0.0995 0.9292
vn -0.4979 -0.5314 0.6853
vn -0.0895 -0.2616 0.9610
vn -0.1501 -0.8426 0.5172
vn -0.0895 -0.2617 0.9610
vn -0.0602 0.1691 0.9838
vn -0.0896 -0.2616 0.9610
vn -0.5846 -0.0810 0.8072
vn -0.1317 -0.5211 0.8433
vn -0.4176 -0.4461 0.7916
vn -0.5846 -0.0810 0.8073
vn -0.1349 -0.5382 0.8319
vn -0.1317 -0.5210 0.8433
vn -0.1350 -0.5382 0.8319
vn -0.3308 0.4232 -0.8435
vn -0.5074 -0.6812 -0.5277
vn -0.1480 0.1011 0.9838
vn -0.5730 -0.6620 0.4831
vn -0.5845 -0.8027 0.1184
vn -0.5132 0.1006 0.8524
vn -0.4263 0.2241 0.8764
vn -0.1696 0.4310 0.8863
vn -0.1213 0.5176 0.8470
vn -0.0982 0.6559 0.7484
vn -0.8860 0.3922 0.2472
vn -0.7254 0.1691 0.6672
vn 0.1303 0.1461 0.9807
vn -0.8477 0.3884 0.3614
vn -0.5847 -0.0810 0.8072
vn -0.4264 0.2241 0.8763
vn -0.8104 -0.2418 0.5336
vn -0.5720 0.0262 0.8199
vn -0.7152 -0.0670 0.6957
vn -0.0805 -0.8653 -0.4947
vn -0.0189 -0.9978 0.0635
vn -0.2055 0.4950 0.8443
vn -0.0609 0.1453 0.9875
vn -0.0811 0.4798 0.8736
vn -0.3618 0.8024 0.4746
vn -0.8361 0.1826 0.5172
vn 0.0628 -0.3423 -0.9375
vn -0.2459 -0.6348 -0.7325
vn -0.5589 -0.4340 -0.7066
vn -0.6614 0.2996 0.6876
vn -0.2460 -0.6348 -0.7325
vn -0.5490 0.0548 -0.8340
vn -0.7858 -0.1199 0.6068
vn -0.7858 -0.1198 0.6068
vn -0.8950 0.1001 0.4347
vn -0.4264 0.2241 0.8764
vn -0.8288 0.0984 -0.5508
vn 0.0789 0.3903 -0.9173
vn 0.0087 0.8092 -0.5875
vn -0.8289 0.0984 -0.5507
vn -0.0722 0.8172 -0.5719
vn -0.2766 -0.0171 -0.9608
vn -0.5463 0.5831 -0.6013
vn -0.2767 -0.0171 -0.9608
vn -0.1594 0.1269 -0.9790
vn -0.0722 0.8171 -0.5719
vn -0.4682 -0.1072 -0.8771
vn -0.1595 0.1270 -0.9790
vn 0.3292 -0.8681 -0.3716
vn -0.1594 0.1270 -0.9790
vn 0.3291 -0.8681 -0.3716
vn 0.4206 -0.9053 0.0587
vn -0.8414 0.4855 0.2375
vn 0.3878 -0.8249 0.4113
vn 0.2304 -0.3357 0.9134
vn -0.1500 -0.8426 0.5172
vn 0.2304 -0.3357 0.9133
vn -0.0604 0.1691 0.9837
vn -0.1686 0.1944 0.9663
vn -0.0896 -0.2617 0.9610
vn -0.0751 -0.4375 0.8961
vn -0.1686 0.1943 0.9663
vn -0.0783 -0.2129 0.9739
vn 0.0014 0.1692 0.9856
vn 0.0014 -0.2154 0.9765
vn -0.0609 0.1454 0.9875
vn 0.0011 0.5272 0.8497
vn 0.0014 0.1691 0.9856
vn 0.0011 0.5274 0.8496
vn -0.3559 -0.0995 0.9292
vn -0.4517 -0.0180 0.8920
vn 0.0006 0.8545 0.5195
vn 0.0022 -0.0570 0.9984
vn -0.5752 0.6423 -0.5065
vn -0.0008 0.8840 -0.4675
vn -0.3558 -0.0995 0.9293
vn -0.5010 0.0696 0.8627
vn -0.0189 -0.9978 0.0634
vn -0.4683 -0.1072 -0.8770
vn -0.0357 -0.8148 -0.5787
vn 0.4465 -0.8906 0.0864
vn 0.3291 -0.8681 -0.3715
vn -0.0357 -0.8147 -0.5787
vn 0.4286 -0.7859 0.4457
vn 0.4286 -0.7859 0.4456
vn -0.0426 -0.0689 0.9967
vn -0.0426 -0.0690 0.9967
vn -0.0752 -0.4375 0.8961
vn 0.0013 -0.5356 0.8445
vn 0.0014 0.1183 0.9930
vn 0.0012 -0.5356 0.8445
vn 0.0012 0.4593 0.8883
vn 0.0010 0.6575 0.7534
vn 0.0010 0.6576 0.7534
vn -0.2765 0.5896 -0.7589
vn -0.0005 -0.8871 -0.4615
vn -0.0005 -0.8871 -0.4616
vn 0.0003 -0.9955 0.0944
vn 0.0008 -0.8873 0.4611
vn 0.0015 -0.2137 0.9769
vn 0.0088 0.8086 -0.5883
vn -0.1595 0.1269 -0.9790
vn -0.2249 -0.3106 0.9236
vn 0.1019 -0.4423 -0.8911
vn 0.0629 -0.3423 -0.9375
vn 0.0014 -0.2137 0.9769
vn -0.0751 -0.4374 0.8961
vn 0.0014 -0.3554 0.9347
vn 0.2157 0.7152 0.6648
vn 0.7500 0.2691 0.6042
vn 0.2206 0.4207 0.8800
vn 0.0835 0.4793 0.8737
vn 0.1909 0.1266 0.9734
vn 0.2074 0.4940 0.8444
vn 0.4982 -0.5308 0.6856
vn 0.5714 -0.6620 0.4850
vn 0.5016 0.0687 0.8624
vn 0.8091 0.4543 0.3729
vn 0.8091 0.4543 0.3728
vn 0.7802 0.5240 0.3417
vn 0.6609 0.2979 0.6888
vn 0.7771 0.1668 0.6068
vn 0.7138 -0.0675 0.6971
vn 0.5717 0.0256 0.8201
vn 0.8288 -0.0687 0.5554
vn 0.7944 -0.0030 0.6073
vn 0.2940 0.7443 0.5997
vn 0.8296 0.4494 0.3312
vn 0.1850 0.8043 -0.5646
vn 0.6072 0.7381 -0.2942
vn 0.1851 0.8043 -0.5646
vn 0.1514 -0.8422 0.5174
vn 0.5840 -0.8026 0.1215
vn -0.1857 0.8039 -0.5650
vn 0.5599 -0.4345 -0.7055
vn -0.0651 -0.3418 -0.9375
vn -0.1041 -0.4418 -0.8911
vn 0.2458 -0.6361 -0.7314
vn -0.6062 0.7378 -0.2968
vn -0.7958 -0.0022 0.6056
vn -0.8303 -0.0682 0.5532
vn -0.7156 -0.0641 0.6955
vn -0.7958 -0.0023 0.6056
vn -0.5753 0.6423 -0.5065
vn -0.5081 0.7521 0.4198
vn -0.7810 0.5256 0.3372
vn 0.0702 0.8174 -0.5718
vn -0.0811 0.3901 -0.9172
vn -0.0104 0.8090 -0.5878
vn -0.0812 0.3902 -0.9171
vn 0.0701 0.8174 -0.5718
vn -0.0987 0.4206 -0.9018
vn 0.1575 0.1269 -0.9793
vn -0.0104 0.8090 -0.5877
vn 0.3316 0.4218 -0.8438
vn 0.1574 0.1269 -0.9793
vn 0.0793 -0.8656 -0.4945
vn 0.3316 0.4219 -0.8438
vn 0.5080 -0.6815 -0.5268
vn 0.0792 -0.8656 -0.4944
vn 0.0193 -0.9978 0.0636
vn 0.5080 -0.6815 -0.5267
vn 0.0793 -0.8656 -0.4944
vn 0.4983 -0.5308 0.6855
vn 0.1513 -0.8423 0.5174
vn 0.3564 -0.0994 0.9290
vn 0.2348 0.1775 0.9557
vn 0.3564 -0.0995 0.9290
vn 0.7839 -0.1199 0.6092
vn 0.4270 0.2235 0.8762
vn 0.5842 -0.0809 0.8076
vn 0.5842 -0.0810 0.8076
vn 0.2347 0.1775 0.9557
vn 0.8930 0.0986 0.4391
vn 0.5841 -0.0809 0.8076
vn 0.8852 0.3909 0.2523
vn 0.4271 0.2235 0.8762
vn 0.5133 0.0997 0.8524
vn 0.4181 -0.4460 0.7914
vn 0.8299 0.0984 -0.5491
vn 0.8350 0.2125 -0.5076
vn 0.8350 0.2124 -0.5076
vn 0.8349 0.2125 -0.5077
vn 0.3316 0.4218 -0.8439
vn 0.7094 -0.5049 0.4918
vn 0.2271 -0.3097 0.9233
vn 0.7094 -0.5049 0.4917
vn 0.7095 -0.5048 0.4917
vn 0.2688 0.1767 0.9468
vn 0.2688 0.1766 0.9469
vn 0.5070 0.7524 0.4205
vn 0.2689 0.1766 0.9468
vn 0.1851 0.8043 -0.5647
vn 0.6071 0.7381 -0.2942
vn 0.5069 0.7524 0.4205
vn -0.5731 -0.6620 0.4831
vn -0.7533 0.2684 0.6004
vn -0.2254 0.4156 0.8812
vn -0.2595 0.6318 0.7304
vn 0.2074 0.4941 0.8443
vn -0.6539 -0.0765 0.7527
vn 0.6144 0.4772 0.6283
vn -0.6155 0.4778 0.6268
vn -0.7445 -0.2250 0.6286
vn 0.7434 -0.2246 0.6300
vn 0.6525 -0.0768 0.7539
vn -0.6572 0.7409 -0.1387
vn 0.6575 0.7411 -0.1360
vn 0.7121 0.3917 -0.5827
vn -0.6571 0.7409 -0.1388
vn -0.7108 0.3915 -0.5844
vn -0.4351 0.8662 0.2458
vn 0.4350 0.8656 0.2481
vn -0.6572 0.7409 -0.1388
vn -0.0103 0.8090 -0.5878
vn 0.3317 0.4218 -0.8438
vn -0.0103 0.8089 -0.5878
vn 0.0920 -0.2616 0.9608
vn 0.0628 0.1690 0.9836
vn 0.5841 -0.0810 0.8076
vn 0.1343 -0.5204 0.8433
vn 0.1369 -0.5383 0.8316
vn 0.1370 -0.5382 0.8316
vn 0.1503 0.1008 0.9835
vn 0.1369 -0.5382 0.8316
vn 0.1714 0.4305 0.8862
vn 0.1236 0.5167 0.8472
vn 0.4271 0.2235 0.8761
vn 0.1236 0.5168 0.8472
vn 0.1007 0.6566 0.7475
vn -0.1276 0.1466 0.9809
vn 0.8466 0.3859 0.3665
vn 0.1008 0.6566 0.7475
vn -0.7524 -0.2843 0.5942
vn 0.7244 0.1674 0.6688
vn 0.7243 0.1674 0.6688
vn -0.7524 -0.2842 0.5942
vn -0.1613 -0.9039 0.3963
vn 0.8092 -0.2407 0.5359
vn 0.0635 0.1455 0.9873
vn 0.0811 -0.2126 0.9738
vn 0.3619 0.8017 0.4756
vn 0.2689 0.1767 0.9468
vn 0.3619 0.8017 0.4757
vn 0.4504 -0.0212 0.8926
vn 0.5764 0.6414 -0.5063
vn 0.6071 0.7382 -0.2942
vn 0.5069 0.7524 0.4206
vn -0.7445 -0.2248 0.6286
vn -0.6909 0.6782 0.2504
vn -0.7445 -0.2250 0.6285
vn 0.5499 0.0536 -0.8335
vn -0.9182 -0.3494 0.1867
vn -0.4465 -0.8909 0.0835
vn 0.0448 -0.0701 0.9965
vn -0.4282 -0.7873 0.4436
vn 0.6575 0.7410 -0.1361
vn 0.6908 0.6769 0.2542
vn 0.6908 0.6769 0.2541
vn 0.6144 0.4773 0.6282
vn -0.6155 0.4777 0.6268
vn 0.5471 0.5839 -0.5997
vn -0.0987 0.4206 -0.9019
vn 0.5471 0.5840 -0.5997
vn 0.4670 -0.1080 -0.8776
vn -0.3291 -0.8677 -0.3725
vn -0.4207 -0.9055 0.0564
vn 0.0792 -0.8656 -0.4945
vn -0.3879 -0.8256 0.4098
vn -0.4207 -0.9054 0.0564
vn -0.2299 -0.3368 0.9131
vn 0.1514 -0.8423 0.5174
vn 0.1707 0.1938 0.9661
vn 0.0779 -0.4376 0.8958
vn 0.1707 0.1939 0.9661
vn 0.1341 -0.5205 0.8433
vn 0.1342 -0.5204 0.8433
vn 0.1342 -0.5205 0.8433
vn 0.0634 0.1454 0.9873
vn 0.0012 0.1692 0.9856
vn 0.0634 0.1455 0.9873
vn 0.0011 0.5273 0.8497
vn 0.4504 -0.0211 0.8926
vn 0.4505 -0.0211 0.8925
vn 0.5765 0.6414 -0.5062
vn -0.0007 0.8840 -0.4675
vn 0.9163 -0.3509 0.1929
vn 0.4811 -0.6655 -0.5707
vn 0.9163 -0.3510 0.1929
vn 0.7434 -0.2245 0.6301
vn -0.6540 -0.0764 0.7526
vn -0.6540 -0.0765 0.7526
vn 0.6525 -0.0767 0.7539
vn -0.7107 0.3916 -0.5844
vn -0.4802 -0.6663 -0.5704
vn 0.0341 -0.8141 -0.5797
vn -0.6910 0.6781 0.2504
vn -0.4465 -0.8909 0.0834
vn -0.4282 -0.7873 0.4437
vn -0.3879 -0.8256 0.4099
vn 0.1713 0.4305 0.8862
vn -0.7108 0.3916 -0.5844
vn 0.4811 -0.6655 -0.5706
vn -0.4803 -0.6663 -0.5704
vn 0.7121 0.3916 -0.5827
vn 0.0780 -0.4376 0.8958
vn -0.0002 -0.3554 0.9347
vn 0.0015 -0.3555 0.9347
vn -0.9182 -0.3493 0.1867
vn 0.6575 0.7411 -0.1361
vn 0.7434 -0.2247 0.6300
vn 0.6908 0.6769 0.2543
vn 0.4350 0.8656 0.2482
vn -0.4802 -0.6664 -0.5704
vn -0.6155 0.4777 0.6269
vn 0.6144 0.4773 0.6283
vn -0.6910 0.6782 0.2503
vn -0.7445 -0.2251 0.6286
vn -0.6539 -0.0764 0.7527
vn -0.4352 0.8662 0.2458
vn -0.6571 0.7409 -0.1387
vn -0.7444 -0.2251 0.6286
vn 0.9163 -0.3509 0.1930
vn 0.7120 0.3917 -0.5827
vn 0.4812 -0.6654 -0.5707
vn 0.7433 -0.2246 0.6301
vn -0.4352 0.8661 0.2458
vn -0.4352 0.8661 0.2459
vn -0.6540 -0.0764 0.7527
vn 0.4349 0.8656 0.2481
vn 0.7434 -0.2245 0.6300
vn 0.6907 0.6770 0.2542
vn 0.4812 -0.6655 -0.5706
vn -0.4802 -0.6663 -0.5705
vn 0.5500 0.0536 -0.8335
vn 0.5476 -0.6765 -0.4924
vn -0.0014 -0.0842 -0.9964
vn 0.7756 -0.3305 -0.5378
vn 0.6372 -0.4688 -0.6118
vn -0.2693 -0.4613 -0.8454
vn -0.0952 -0.3898 -0.9160
vn -0.5992 -0.3850 -0.7020
vn 0.6005 -0.3852 -0.7007
vn -0.5152 -0.7625 -0.3914
vn 0.0341 -0.8142 -0.5796
vn 0.5472 0.5839 -0.5997
vn 0.2771 0.5885 -0.7595
vn 0.1678 0.1820 -0.9689
vn -0.0014 0.0354 -0.9994
vn -0.0014 0.2342 -0.9722
vn 0.5477 -0.6765 -0.4924
vn -0.0952 -0.3897 -0.9160
vn 0.0803 0.3539 -0.9318
vn -0.1674 0.4132 -0.8951
vn 0.5477 -0.6764 -0.4924
vn -0.1673 0.4132 -0.8951
vn 0.5501 0.2719 -0.7896
vn 0.1678 0.1821 -0.9689
vn 0.5499 0.0535 -0.8335
vn 0.5500 0.2719 -0.7896
vn 0.9232 0.1935 -0.3320
vn 0.0964 0.2891 -0.9524
vn -0.1041 -0.4418 -0.8910
vn 0.6210 -0.3984 -0.6750
vn -0.0650 -0.3418 -0.9375
vn 0.6209 -0.3983 -0.6751
vn -0.2694 -0.4613 -0.8454
vn 0.0803 0.3540 -0.9318
vn 0.5477 -0.6764 -0.4925
vn 0.1852 0.8043 -0.5646
vn -0.0650 -0.3419 -0.9375
vn -0.4683 -0.1072 -0.8771
vn -0.2767 0.5896 -0.7588
vn -0.6092 -0.2144 -0.7635
vn -0.2766 0.5895 -0.7589
vn -0.4682 -0.1073 -0.8771
vn -0.1704 0.1814 -0.9685
vn -0.5490 0.0547 -0.8340
vn -0.1704 0.1813 -0.9685
vn 0.0023 0.0955 0.9954
vn 0.0015 0.3072 0.9517
vn -0.5878 -0.3928 -0.7072
vn -0.5477 -0.6746 -0.4949
vn 0.1650 0.4137 -0.8953
vn -0.1704 0.1813 -0.9686
vn -0.5478 -0.6746 -0.4949
vn -0.5484 0.2720 -0.7907
vn 0.1651 0.4137 -0.8953
vn -0.5484 0.2719 -0.7907
vn -0.6062 0.7378 -0.2969
vn -0.0007 0.7857 0.6186
vn 0.0015 0.3072 0.9516
vn -0.8651 -0.2372 -0.4421
vn 0.2677 -0.4624 -0.8453
vn 0.0789 0.3902 -0.9173
vn 0.0949 -0.3905 -0.9157
vn -0.8369 0.1564 -0.5246
vn -0.0798 0.3533 -0.9321
vn -0.0992 0.2888 -0.9522
vn -0.0798 0.3532 -0.9321
vn 0.1020 -0.4423 -0.8911
vn -0.9218 0.1930 -0.3361
vn 0.1020 -0.4423 -0.8910
vn -0.7324 0.5683 -0.3751
vn -0.2766 -0.0172 -0.9608
vn -0.5878 -0.3928 -0.7073
vn 0.0949 -0.3904 -0.9157
vn -0.0993 0.2888 -0.9522
vn 0.1650 0.4136 -0.8954
vn 0.1019 -0.4423 -0.8910
vn -0.5484 0.2719 -0.7908
vn -0.5484 0.2720 -0.7908
vn 0.0678 0.4870 0.8708
vn -0.0631 0.2165 0.9742
vn -0.0744 -0.3499 0.9338
vn -0.0631 0.2164 0.9743
vn 0.6187 0.7840 0.0507
vn -0.0779 -0.3517 0.9329
vn 0.1135 -0.4357 0.8929
vn 0.0678 0.4869 0.8708
vn 0.3482 0.0354 0.9367
vn 0.1135 -0.4358 0.8929
vn -0.2255 0.4155 0.8812
vn -0.2720 0.1855 0.9443
vn 0.0070 0.7981 0.6025
vn -0.0054 0.7931 0.6090
vn 0.0069 0.7981 0.6025
vn 0.1422 0.0008 -0.9898
vn -0.0009 0.8073 -0.5901
vn 0.5501 0.2718 -0.7896
vn -0.0812 0.3901 -0.9172
vn -0.0010 0.8073 -0.5901
vn -0.1449 0.0010 -0.9894
vn -0.0005 0.8073 -0.5901
vn -0.1593 0.0928 -0.9829
vn 0.1567 0.0929 -0.9833
vn -0.5993 -0.3850 -0.7019
vn 0.6006 -0.3851 -0.7007
vn 0.5129 -0.7652 -0.3892
vn 0.6006 -0.3852 -0.7007
vn -0.1593 0.0929 -0.9829
vn 0.1568 0.0928 -0.9833
vn 0.4366 0.5099 -0.7412
vn -0.0850 -0.1772 -0.9805
vn -0.5079 0.5468 -0.6656
vn 0.8060 -0.1572 0.5706
vn 0.0850 0.1942 0.9773
vn 0.0326 -0.6743 0.7377
vn 0.0322 -0.6743 0.7377
vn 0.0849 0.1942 0.9773
vn -0.7153 -0.0979 0.6919
vn 0.0849 0.1943 0.9773
vn -0.4065 0.7689 0.4935
vn 0.0850 0.1944 0.9772
vn 0.5378 0.7320 0.4182
vn 0.5377 0.7321 0.4182
vn 0.7038 -0.3815 -0.5993
vn 0.8060 -0.1573 0.5706
vn 0.7038 -0.3815 -0.5992
vn -0.0699 -0.8986 -0.4332
vn 0.0325 -0.6743 0.7378
vn 0.0325 -0.6743 0.7377
vn -0.8174 -0.3221 -0.4777
vn -0.8174 -0.3220 -0.4777
vn -0.7153 -0.0980 0.6919
vn -0.4064 0.7690 0.4935
vn -0.0849 -0.1773 -0.9805
vn 0.4365 0.5099 -0.7412
vn -0.0695 -0.8986 -0.4332
vn -0.8174 -0.3221 -0.4776
vn -0.0850 -0.1773 -0.9805
vn -0.8174 -0.3220 -0.4776
vn 0.0851 0.1943 0.9773
vn 0.2497 0.9464 -0.2051
vn -0.9650 0.2600 0.0354
vn 0.2672 0.9414 -0.2057
vn -0.9615 0.2729 0.0326
vn -0.9650 0.2600 0.0353
vn -0.2561 -0.9446 0.2053
vn -0.9615 0.2730 0.0326
vn -0.2562 -0.9446 0.2053
vn -0.2385 -0.9493 0.2047
vn 0.9622 -0.2702 -0.0331
vn -0.2385 -0.9493 0.2046
vn 0.9658 -0.2568 -0.0360
vn 0.9622 -0.2703 -0.0331
vn 0.2497 0.9463 -0.2051
vn 0.9658 -0.2569 -0.0359
vn 0.2672 0.9414 -0.2056
vn 0.9658 -0.2569 -0.0360
vn 0.5421 0.5260 -0.6554
vn 0.0934 -0.1773 -0.9797
vn -0.4020 0.5316 -0.7455
vn 0.6992 -0.1323 0.7026
vn -0.0935 0.1943 0.9765
vn -0.0738 -0.6750 0.7341
vn -0.0933 0.1943 0.9765
vn -0.8212 -0.1230 0.5573
vn -0.0933 0.1944 0.9765
vn -0.5110 0.7538 0.4131
vn -0.5111 0.7538 0.4131
vn -0.0934 0.1944 0.9765
vn 0.4328 0.7481 0.5031
vn 0.4327 0.7481 0.5030
vn 0.8093 -0.3567 -0.4667
vn 0.8093 -0.3567 -0.4666
vn 0.4327 0.7481 0.5031
vn 0.6991 -0.1323 0.7027
vn 0.0363 -0.8992 -0.4361
vn 0.0362 -0.8992 -0.4361
vn 0.6991 -0.1323 0.7026
vn -0.0739 -0.6750 0.7341
vn -0.0738 -0.6749 0.7342
vn -0.7111 -0.3471 -0.6115
vn -0.7111 -0.3470 -0.6115
vn -0.5110 0.7538 0.4132
vn 0.4328 0.7481 0.5030
vn 0.0935 -0.1774 -0.9797
vn 0.0932 -0.1774 -0.9797
vn 0.0932 -0.1773 -0.9797
vn 0.0933 -0.1774 -0.9797
vn 0.2498 0.9547 -0.1615
vn -0.9646 0.2280 -0.1328
vn 0.2688 0.9500 -0.1589
vn -0.9610 0.2414 -0.1350
vn 0.2688 0.9500 -0.1588
vn -0.2575 -0.9529 0.1604
vn -0.2384 -0.9574 0.1631
vn -0.9610 0.2414 -0.1351
vn -0.2575 -0.9529 0.1605
vn 0.9617 -0.2389 0.1346
vn -0.2384 -0.9574 0.1630
vn 0.9617 -0.2389 0.1347
vn 0.9653 -0.2252 0.1324
vn 0.9617 -0.2389 0.1345
vn 0.2497 0.9547 -0.1616
vn 0.9653 -0.2252 0.1323
vn 0.4909 0.6407 -0.5904
vn 0.0035 0.0085 -1.0000
vn -0.4572 0.6629 -0.5929
vn 0.7559 -0.2624 0.5998
vn -0.0037 0.0085 1.0000
vn -0.0205 -0.8018 0.5973
vn -0.0203 -0.8018 0.5973
vn -0.7709 -0.2269 0.5952
vn -0.7708 -0.2269 0.5952
vn -0.0037 0.0086 1.0000
vn -0.4607 0.6616 0.5916
vn -0.0036 0.0087 1.0000
vn 0.4877 0.6394 0.5944
vn 0.4909 0.6406 -0.5904
vn 0.4877 0.6395 0.5944
vn 0.7593 -0.2612 -0.5960
vn 0.7593 -0.2611 -0.5960
vn 0.7559 -0.2625 0.5998
vn 0.7558 -0.2625 0.5998
vn -0.0173 -0.8005 -0.5991
vn -0.0204 -0.8018 0.5973
vn -0.7674 -0.2254 -0.6002
vn -0.7675 -0.2254 -0.6001
vn -0.4607 0.6617 0.5916
vn -0.4573 0.6629 -0.5928
vn -0.4606 0.6617 0.5916
vn 0.4876 0.6394 0.5944
vn 0.0038 0.0087 -1.0000
vn -0.0171 -0.8005 -0.5991
vn 0.0035 0.0087 -1.0000
vn 0.0036 0.0087 -1.0000
vn -0.0172 -0.8005 -0.5991
vn -0.4573 0.6628 -0.5929
vn 0.0037 0.0086 -1.0000
vn -0.7674 -0.2255 -0.6002
vn 0.2500 0.9682 0.0026
vn -0.9680 0.2511 -0.0007
vn 0.2693 0.9630 0.0027
vn -0.9657 0.2596 -0.0006
vn 0.2693 0.9631 0.0026
vn -0.9680 0.2511 -0.0019
vn -0.2582 -0.9661 -0.0027
vn -0.2386 -0.9711 -0.0027
vn 0.9664 -0.2570 0.0006
vn -0.2386 -0.9711 -0.0026
vn 0.9688 -0.2480 0.0007
vn 0.9664 -0.2570 0.0009
vn 0.2500 0.9682 0.0027
vn 0.2693 0.9631 0.0027
vn 0.4918 0.6407 -0.5896
vn 0.0052 0.0084 -1.0000
vn -0.4563 0.6628 -0.5937
vn 0.7549 -0.2624 0.6010
vn -0.0053 0.0085 0.9999
vn -0.0215 -0.8018 0.5973
vn -0.0217 -0.8018 0.5972
vn -0.0054 0.0085 0.9999
vn -0.7719 -0.2268 0.5939
vn -0.4616 0.6616 0.5909
vn -0.0052 0.0086 0.9999
vn 0.4867 0.6394 0.5952
vn 0.4919 0.6407 -0.5896
vn 0.4866 0.6394 0.5952
vn 0.7603 -0.2612 -0.5947
vn 0.7603 -0.2611 -0.5947
vn 0.7549 -0.2624 0.6011
vn -0.0161 -0.8005 -0.5991
vn -0.0216 -0.8018 0.5972
vn -0.0215 -0.8017 0.5973
vn -0.7664 -0.2255 -0.6014
vn -0.7665 -0.2255 -0.6014
vn -0.0215 -0.8018 0.5972
vn -0.7718 -0.2268 0.5940
vn -0.7719 -0.2269 0.5939
vn -0.7719 -0.2268 0.5940
vn -0.4564 0.6628 -0.5937
vn -0.4617 0.6616 0.5909
vn 0.4919 0.6406 -0.5896
vn 0.4866 0.6394 0.5953
vn 0.0051 0.0085 -1.0000
vn -0.0155 -0.8005 -0.5991
vn 0.0052 0.0087 -0.9999
vn -0.7664 -0.2257 -0.6014
vn 0.0053 0.0087 -0.9999
vn -0.0162 -0.8005 -0.5991
vn 0.0053 0.0085 -0.9999
vn -0.0052 0.0087 0.9999
vn 0.2499 0.9683 0.0031
vn -0.9679 0.2513 -0.0022
vn 0.2694 0.9630 0.0032
vn -0.9679 0.2513 -0.0023
vn -0.9657 0.2597 -0.0022
vn 0.2694 0.9630 0.0031
vn -0.2582 -0.9661 -0.0031
vn -0.9657 0.2598 -0.0022
vn -0.2389 -0.9710 -0.0031
vn 0.9665 -0.2568 0.0022
vn -0.2389 -0.9710 -0.0030
vn 0.9687 -0.2483 0.0022
vn 0.9665 -0.2568 0.0024
vn 0.9687 -0.2483 0.0023
vn 0.0013 0.0677 0.9977
vn -0.3877 0.1045 0.9158
vn 0.1798 0.0635 0.9816
vn 0.0004 0.0667 0.9978
vn 0.1798 0.0641 0.9816
vn -0.8237 0.1288 0.5523
vn -0.7389 0.1072 0.6653
vn -0.3878 0.1045 0.9158
vn -0.7389 0.1072 0.6652
vn -0.3032 0.1000 0.9477
vn 0.7334 0.1051 0.6716
vn 0.3887 0.1037 0.9155
vn 0.3117 0.0983 0.9451
vn 0.1798 0.0636 0.9816
vn 0.8219 0.1275 0.5552
vn 0.7335 0.1051 0.6716
vn 0.0024 0.0667 0.9978
vn -0.1638 0.0642 0.9844
vn 0.0016 0.0675 0.9977
vn 0.0016 0.0677 0.9977
vn -0.1637 0.0642 0.9844
vn 0.2796 0.7485 0.6013
vn -0.1553 0.6991 -0.6979
vn -0.2074 0.8020 -0.5602
vn -0.1554 0.6991 -0.6979
vn 0.1939 0.7031 0.6841
vn -0.1774 -0.6920 -0.6998
vn -0.2023 -0.8050 -0.5577
vn -0.2024 -0.8050 -0.5576
vn 0.4316 0.5580 0.7088
vn -0.0741 0.6190 -0.7819
vn 0.2647 -0.7449 0.6124
vn 0.1543 -0.7209 0.6757
vn 0.1544 -0.7209 0.6756
vn 0.1939 0.7032 0.6841
vn 0.4315 0.5580 0.7088
vn 0.4328 -0.5583 0.7078
vn 0.2647 -0.7449 0.6125
vn -0.1773 -0.6920 -0.6998
vn -0.1048 -0.6309 -0.7687
vn -0.2024 -0.8050 -0.5577
vn 0.4177 -0.1237 0.9001
vn 0.1647 0.9472 -0.2750
vn 0.4876 0.1477 0.8605
vn 0.3595 0.9259 0.1164
vn 0.4876 0.1476 0.8605
vn -0.3536 -0.9290 -0.1095
vn -0.1570 -0.9461 0.2831
vn -0.3537 -0.9289 -0.1095
vn -0.4168 0.1195 -0.9011
vn -0.4861 -0.1529 -0.8604
vn -0.4167 0.1195 -0.9012
vn -0.4167 0.1196 -0.9011
vn -0.3536 -0.9289 -0.1095
vn -0.1048 -0.6310 -0.7687
vn -0.1773 -0.6919 -0.6998
vn -0.0741 0.6189 -0.7819
vn -0.2791 0.7490 0.6010
vn 0.2070 0.8009 -0.5619
vn 0.1541 0.6986 -0.6987
vn -0.1923 0.7016 0.6862
vn 0.2025 -0.8036 -0.5597
vn 0.1762 -0.6917 -0.7004
vn 0.2026 -0.8036 -0.5597
vn 0.1541 0.6987 -0.6987
vn 0.2069 0.8009 -0.5619
vn -0.4303 0.5611 0.7071
vn -0.1924 0.7015 0.6862
vn 0.1540 0.6987 -0.6987
vn 0.0713 0.6207 -0.7808
vn -0.2791 0.7490 0.6009
vn -0.1525 -0.7197 0.6773
vn -0.2635 -0.7452 0.6125
vn -0.4304 0.5611 0.7071
vn -0.2635 -0.7453 0.6125
vn -0.4317 -0.5604 0.7068
vn -0.2791 0.7489 0.6010
vn 0.1762 -0.6917 -0.7003
vn -0.1526 -0.7197 0.6773
vn 0.1024 -0.6336 -0.7669
vn -0.4165 -0.1243 0.9006
vn -0.4872 0.1496 0.8604
vn -0.1672 0.9473 -0.2731
vn -0.3583 0.9269 0.1115
vn 0.3526 -0.9299 -0.1047
vn -0.4871 0.1496 0.8604
vn 0.1597 -0.9463 0.2810
vn 0.4155 0.1200 -0.9017
vn 0.4857 -0.1548 -0.8603
vn -0.3583 0.9269 0.1116
vn 0.4155 0.1199 -0.9016
vn 0.1596 -0.9463 0.2810
vn 0.3312 0.7354 0.5912
vn -0.1304 0.6889 -0.7130
vn -0.2161 0.8070 -0.5496
vn -0.1305 0.6889 -0.7130
vn 0.2835 0.7172 0.6365
vn -0.1526 -0.6816 -0.7156
vn -0.2107 -0.8101 -0.5471
vn -0.2160 0.8070 -0.5496
vn 0.4556 0.5473 0.7020
vn 0.2836 0.7172 0.6365
vn 0.0120 0.6247 -0.7808
vn 0.3176 -0.7318 0.6030
vn 0.2394 -0.7400 0.6286
vn 0.2394 -0.7400 0.6285
vn 0.4557 0.5473 0.7020
vn 0.4569 -0.5477 0.7009
vn 0.3311 0.7354 0.5912
vn 0.4556 0.5474 0.7020
vn -0.1527 -0.6816 -0.7156
vn -0.0224 -0.6390 -0.7689
vn 0.1775 0.1574 0.9715
vn -0.2533 0.9596 -0.1224
vn 0.2235 -0.0233 0.9744
vn -0.2139 0.9750 0.0599
vn 0.2236 -0.0233 0.9744
vn -0.2532 0.9596 -0.1225
vn 0.2188 -0.9744 -0.0518
vn 0.2563 -0.9587 0.1233
vn 0.2189 -0.9744 -0.0518
vn -0.1761 -0.1516 -0.9726
vn -0.2204 0.0228 -0.9752
vn -0.1760 -0.1516 -0.9726
vn -0.1761 -0.1515 -0.9726
vn -0.2204 0.0228 -0.9751
vn 0.2188 -0.9744 -0.0517
vn 0.0121 0.6246 -0.7808
vn -0.3309 0.7359 0.5907
vn 0.2158 0.8059 -0.5513
vn 0.1292 0.6883 -0.7138
vn -0.2826 0.7160 0.6383
vn 0.2110 -0.8088 -0.5489
vn 0.1515 -0.6812 -0.7162
vn 0.2111 -0.8087 -0.5490
vn 0.2158 0.8060 -0.5512
vn -0.4547 0.5504 0.7002
vn -0.2825 0.7160 0.6384
vn -0.0148 0.6263 -0.7794
vn -0.3308 0.7359 0.5907
vn -0.2382 -0.7390 0.6302
vn -0.3166 -0.7322 0.6030
vn -0.2381 -0.7390 0.6302
vn -0.2827 0.7160 0.6383
vn -0.3167 -0.7322 0.6030
vn -0.4560 -0.5498 0.6998
vn 0.0200 -0.6416 -0.7668
vn 0.2110 -0.8088 -0.5490
vn -0.1754 0.1564 0.9720
vn -0.2212 -0.0231 0.9749
vn 0.2523 0.9604 -0.1182
vn 0.2149 0.9750 0.0567
vn -0.2212 -0.0231 0.9750
vn -0.1754 0.1563 0.9720
vn -0.2195 -0.9744 -0.0491
vn -0.2553 -0.9595 0.1189
vn -0.2196 -0.9743 -0.0491
vn 0.1740 -0.1506 -0.9732
vn 0.2181 0.0228 -0.9757
vn 0.1739 -0.1506 -0.9732
vn -0.2196 -0.9744 -0.0490
vn -0.2554 -0.9595 0.1189
vn -0.0149 0.6263 -0.7794
vn -0.6630 -0.4979 -0.5590
vn -0.7554 -0.6420 0.1314
vn -0.9275 -0.3658 0.0770
vn 0.5377 -0.5399 0.6477
vn 0.7549 -0.6417 0.1353
vn 0.9269 -0.3665 0.0812
vn 0.5376 -0.5398 0.6477
vn 0.9269 -0.3664 0.0812
vn 0.6571 -0.2449 0.7129
vn 0.0007 -0.4984 0.8670
vn 0.0009 -0.1973 0.9803
vn 0.0001 -0.9790 0.2039
vn -0.5382 -0.5404 0.6467
vn -0.7554 -0.6419 0.1315
vn -0.5402 -0.7496 -0.3825
vn -0.0006 -0.7982 -0.6024
vn 0.5405 -0.7504 -0.3805
vn 0.5376 -0.5399 0.6477
vn 0.0007 -0.4984 0.8669
vn 0.0007 -0.4985 0.8669
vn 0.5377 -0.5399 0.6476
vn 0.0008 -0.1973 0.9803
vn 0.6572 -0.2449 0.7128
vn 0.7550 -0.6417 0.1353
vn 0.6572 -0.2450 0.7128
vn 0.5405 -0.7503 -0.3806
vn 0.9269 -0.3664 0.0811
vn 0.6638 -0.4999 -0.5563
vn -0.0007 -0.7982 -0.6024
vn 0.0001 -0.5591 -0.8291
vn -0.0007 -0.7983 -0.6023
vn -0.5403 -0.7496 -0.3824
vn 0.0001 -0.5590 -0.8291
vn -0.6630 -0.4979 -0.5591
vn -0.5403 -0.7495 -0.3825
vn 0.7550 -0.6416 0.1353
vn 0.6639 -0.4999 -0.5562
vn -0.5383 -0.5406 0.6465
vn -0.6577 -0.2454 0.7122
vn -0.5383 -0.5405 0.6466
vn 0.0007 -0.4986 0.8668
vn 0.0008 -0.4985 0.8669
vn 0.7549 -0.6417 0.1354
vn 0.0002 -0.9790 0.2039
vn 0.5404 -0.7504 -0.3806
vn -0.0006 -0.7983 -0.6023
vn 0.0002 -0.9790 0.2038
vn 0.5405 -0.7504 -0.3806
vn 0.0001 -0.5590 -0.8292
vn -0.9276 -0.3656 0.0770
vn 0.0008 -0.1974 0.9803
vn -0.5383 -0.5404 0.6467
vn 0.1831 -0.5688 -0.8018
vn -0.1722 0.6385 -0.7502
vn 0.1706 0.6383 -0.7506
vn 0.7405 -0.5681 0.3590
vn 0.7693 0.6389 0.0006
vn 0.6931 0.6393 0.3330
vn 0.7405 -0.5682 0.3590
vn 0.5130 -0.5680 0.6436
vn 0.4807 0.6394 0.6000
vn 0.4807 0.6394 0.6001
vn 0.1841 -0.5680 0.8022
vn 0.1840 -0.5679 0.8022
vn 0.1726 0.6394 0.7492
vn 0.1841 -0.5679 0.8022
vn 0.1725 0.6395 0.7492
vn -0.1825 -0.5679 0.8026
vn 0.1726 0.6395 0.7492
vn -0.1712 0.6394 0.7496
vn -0.1712 0.6393 0.7496
vn -0.5135 -0.5679 0.6432
vn -0.5136 -0.5679 0.6432
vn -0.4814 0.6393 0.5997
vn -0.5136 -0.5680 0.6431
vn -0.4813 0.6393 0.5997
vn -0.7420 -0.5680 0.3560
vn -0.7421 -0.5680 0.3560
vn -0.6946 0.6393 0.3300
vn -0.7421 -0.5680 0.3559
vn -0.6946 0.6392 0.3301
vn -0.8229 -0.5681 -0.0009
vn -0.7691 0.6391 -0.0039
vn -0.8230 -0.5681 -0.0009
vn -0.7691 0.6392 -0.0039
vn -0.7415 -0.5683 -0.3566
vn -0.6920 0.6390 -0.3358
vn -0.5142 -0.5685 -0.6422
vn -0.4795 0.6387 -0.6017
vn -0.1845 -0.5687 -0.8016
vn -0.1721 0.6384 -0.7502
vn -0.1846 -0.5687 -0.8016
vn -0.1722 0.6384 -0.7502
vn 0.8227 -0.5684 0.0038
vn 0.1707 0.6383 -0.7506
vn 0.5147 -0.5687 -0.6416
vn 0.5147 -0.5688 -0.6415
vn 0.4802 0.6383 -0.6016
vn 0.7429 -0.5686 -0.3533
vn 0.6937 0.6386 -0.3330
vn 0.7428 -0.5687 -0.3533
vn 0.6938 0.6386 -0.3330
vn 0.8228 -0.5683 0.0038
vn 0.7692 0.6389 0.0006
vn -0.0405 -0.9990 -0.0162
vn 0.0001 -1.0000 0.0031
vn -0.0449 -0.9990 0.0032
vn 0.0282 -0.9989 0.0384
vn 0.0406 -0.9989 0.0230
vn 0.0104 -0.9988 0.0471
vn -0.0097 -0.9988 0.0473
vn 0.0001 -1.0000 0.0032
vn -0.0280 -0.9989 0.0385
vn -0.0097 -0.9988 0.0472
vn -0.0405 -0.9989 0.0227
vn -0.0406 -0.9989 0.0227
vn 0.0452 -0.9990 0.0038
vn -0.0283 -0.9991 -0.0319
vn -0.0102 -0.9991 -0.0408
vn 0.0101 -0.9991 -0.0409
vn -0.0103 -0.9991 -0.0408
vn 0.0286 -0.9991 -0.0319
vn 0.0411 -0.9990 -0.0158
vn 0.0286 -0.9991 -0.0320
vn 0.8228 -0.5684 0.0039
vn 0.5130 -0.5680 0.6435
vn 0.7405 -0.5682 0.3589
vn -0.5135 -0.5680 0.6432
vn -0.0450 -0.9990 0.0032
vn -0.0406 -0.9990 -0.0162
vn -0.0283 -0.9991 -0.0318
vn 0.0102 -0.9991 -0.0409
vn 0.1832 -0.5688 -0.8018
vn 0.5148 -0.5688 -0.6415
vn 0.7428 -0.5686 -0.3533
vn 0.5148 -0.5687 -0.6415
vn 0.8227 -0.5684 0.0039
vn 0.0411 -0.9990 -0.0159
vn -0.0002 1.0000 -0.0035
vn -0.6946 0.6392 0.3300
vn -0.4814 0.6393 0.5996
vn -0.6946 0.6393 0.3301
vn -0.0001 1.0000 -0.0035
vn -0.1721 0.6385 -0.7502
vn 0.1706 0.6383 -0.7507
vn 0.4802 0.6384 -0.6016
vn 0.6303 0.7764 0.0045
vn 0.6349 0.7726 0.0045
vn -0.5437 0.8393 -0.0006
vn 0.9335 -0.3586 0.0034
vn 0.9342 -0.3568 0.0034
vn 0.6349 0.7726 0.0046
vn -0.5484 0.8362 -0.0006
vn -0.5437 0.8393 -0.0007
vn -0.9663 -0.2572 -0.0049
vn -0.0574 -0.9983 -0.0024
vn -0.0501 -0.9987 -0.0024
vn -0.5436 0.8393 -0.0006
vn -0.5483 0.8363 -0.0007
vn -0.9669 -0.2549 -0.0049
vn -0.0502 -0.9987 -0.0024
vn -0.0574 -0.9983 -0.0025
vn -0.9670 -0.2549 -0.0048
vn -0.0573 -0.9984 -0.0024
vn -0.1298 0.5439 0.8290
vn 0.0720 0.5278 0.8463
vn 0.1185 0.5192 0.8464
vn 0.0472 0.5357 0.8431
vn 0.0493 0.5351 0.8433
vn 0.6302 0.7764 0.0034
vn 0.6349 0.7726 0.0035
vn -0.5437 0.8393 0.0003
vn 0.9335 -0.3585 0.0019
vn 0.9342 -0.3568 0.0019
vn 0.6302 0.7764 0.0035
vn -0.5484 0.8362 0.0003
vn -0.5437 0.8393 0.0001
vn -0.9663 -0.2573 -0.0033
vn -0.0502 -0.9987 -0.0023
vn -0.9670 -0.2549 -0.0034
vn -0.9663 -0.2573 -0.0034
vn -0.0573 -0.9984 -0.0023
vn 0.9335 -0.3585 0.0018
vn -0.5483 0.8363 0.0003
vn -0.9670 -0.2549 -0.0033
vn 0.0010 0.5446 0.8387
vn 0.0493 0.5351 0.8434
vn 0.1184 0.5192 0.8464
vn 0.0011 0.5446 0.8387
vn 0.0011 0.5450 0.8385
vn -0.0539 0.5342 0.8436
vn -0.0477 0.5357 0.8430
vn 0.0011 0.5449 0.8385
vn -0.0478 0.5357 0.8430
vn -0.0810 0.5258 0.8467
vn 0.1603 0.5451 0.8229
vn -0.1151 0.5214 0.8455
vn -0.0809 0.5258 0.8467
vn 0.6271 0.7736 -0.0909
vn 0.6332 0.7688 -0.0895
vn -0.5420 0.8142 -0.2083
vn 0.9300 -0.3347 0.1518
vn 0.9292 -0.3368 0.1522
vn 0.9300 -0.3347 0.1519
vn 0.6271 0.7736 -0.0910
vn -0.5443 0.8126 -0.2082
vn -0.5420 0.8142 -0.2082
vn -0.9620 -0.2704 -0.0377
vn -0.5420 0.8141 -0.2083
vn -0.0572 -0.9812 0.1845
vn -0.0506 -0.9814 0.1852
vn 0.9292 -0.3368 0.1521
vn 0.9300 -0.3348 0.1518
vn -0.9636 -0.2646 -0.0390
vn -0.9620 -0.2704 -0.0378
vn -0.0506 -0.9814 0.1851
vn 0.6263 0.7534 -0.2003
vn 0.6332 0.7477 -0.1998
vn -0.5425 0.8323 -0.1138
vn 0.9308 -0.3653 -0.0104
vn 0.9301 -0.3671 -0.0099
vn 0.6332 0.7477 -0.1999
vn 0.6263 0.7534 -0.2004
vn -0.5425 0.8323 -0.1139
vn -0.5454 0.8305 -0.1133
vn -0.5454 0.8305 -0.1132
vn -0.5425 0.8323 -0.1136
vn -0.9621 -0.2394 0.1302
vn -0.0572 -0.9792 0.1945
vn -0.0573 -0.9792 0.1945
vn -0.0493 -0.9798 0.1940
vn 0.9301 -0.3671 -0.0100
vn -0.9621 -0.2395 0.1301
vn -0.9639 -0.2330 0.1290
vn -0.9622 -0.2394 0.1302
vn -0.0493 -0.9798 0.1939
vn -0.9639 -0.2329 0.1291
vt 0.826039 0.998669
vt 0.826039 0.985659
vt 0.826039 0.994859
vt 0.920159 0.993634
vt 0.867259 0.952204
vt 0.873754 0.948269
vt 0.938604 0.949369
vt 0.979709 0.948704
vt 0.968784 0.974389
vt 0.932109 0.953304
vt 0.983044 0.998819
vt 0.986109 0.994064
vt 0.992459 0.952239
vt 0.866124 0.995294
vt 0.917094 0.998389
vt 0.871584 0.998784
vt 0.914854 0.947604
vt 0.927609 0.951139
vt 0.980979 0.947089
vt 0.992249 0.948324
vt 0.937539 0.998564
vt 0.932074 0.993789
vt 0.980979 0.947199
vt 0.992049 0.948354
vt 0.983044 0.997589
vt 0.937539 0.997334
vt 0.623030 0.989920
vt 0.520120 0.989920
vt 0.520120 0.980075
vt 0.623030 0.980075
vt 0.520320 0.999027
vt 0.622635 0.999137
vt 0.623195 0.988917
vt 0.520250 0.989192
vt 0.505933 0.998995
vt 0.598968 0.998995
vt 0.505933 0.979605
vt 0.598968 0.979605
vt 0.505848 0.979605
vt 0.512308 0.979605
vt 0.505848 0.998995
vt 0.512308 0.998995
vt 0.671713 0.998995
vt 0.671713 0.979605
vt 0.736923 0.998995
vt 0.736923 0.979605
vt 0.518773 0.979605
vt 0.518773 0.998995
vt 0.525233 0.979605
vt 0.525233 0.998995
vt 0.577925 0.987645
vt 0.577175 0.987645
vt 0.577175 0.998685
vt 0.577925 0.998685
vt 0.826039 0.976454
vt 0.826039 0.972644
vt 0.857619 0.994859
vt 0.857619 0.985659
vt 0.857619 0.998669
vt 0.857619 0.976454
vt 0.591050 0.993180
vt 0.591420 0.993180
vt 0.591420 0.998685
vt 0.591050 0.998685
vt 0.857619 0.972644
vt 0.791940 0.956200
vt 0.766935 0.931195
vt 0.802295 0.931195
vt 0.585043 0.998995
vt 0.585073 0.979605
vt 0.508893 0.979605
vt 0.508888 0.998995
vt 0.585028 0.989875
vt 0.585103 0.988750
vt 0.504785 0.982140
vt 0.562550 0.982140
vt 0.562550 0.993180
vt 0.504785 0.993180
vt 0.731580 0.931195
vt 0.741935 0.956200
vt 0.741935 0.906195
vt 0.766935 0.966555
vt 0.791940 0.906195
vt 0.766935 0.895840
vt 0.508893 0.989850
vt 0.585043 0.988730
vt 0.504378 0.998995
vt 0.596753 0.979605
vt 0.504378 0.979605
vt 0.596753 0.998995
vt 0.591020 0.987645
vt 0.591420 0.987645
vt 0.591020 0.998685
vt 0.591050 0.982140
vt 0.591420 0.982140
vt 0.970594 0.905645
vt 0.972664 0.875145
vt 0.986444 0.875180
vt 0.956819 0.893355
vt 0.961164 0.913455
vt 0.860204 0.914775
vt 0.877119 0.893355
vt 0.806919 0.824545
vt 0.577739 0.893355
vt 0.526394 0.925740
vt 0.514134 0.894655
vt 0.558354 0.925895
vt 0.592169 0.925855
vt 0.597644 0.921310
vt 0.612859 0.889260
vt 0.626044 0.825845
vt 0.628529 0.851225
vt 0.631149 0.849085
vt 0.793029 0.848625
vt 0.863664 0.923230
vt 0.818584 0.921280
vt 0.790244 0.888175
vt 0.816009 0.936210
vt 0.812794 0.949505
vt 0.760619 0.999445
vt 0.753534 0.992955
vt 0.754689 0.998130
vt 0.635304 0.889475
vt 0.796494 0.857080
vt 0.630794 0.891420
vt 0.634614 0.857535
vt 0.631994 0.859675
vt 0.616324 0.897710
vt 0.964629 0.921905
vt 0.812794 0.767485
vt 0.760619 0.817425
vt 0.867300 0.737502
vt 0.816009 0.754190
vt 0.754689 0.816105
vt 0.753534 0.810930
vt 0.562740 0.616595
vt 0.578595 0.598570
vt 0.585930 0.616595
vt 0.585445 0.579215
vt 0.555405 0.598570
vt 0.562255 0.579215
vt 0.592785 0.597240
vt 0.569595 0.597240
vt 0.630794 0.709400
vt 0.634614 0.675515
vt 0.631994 0.677650
vt 0.616324 0.715690
vt 0.559600 0.631800
vt 0.582595 0.605660
vt 0.593235 0.631800
vt 0.592535 0.577590
vt 0.548960 0.605660
vt 0.558900 0.577590
vt 0.603175 0.603725
vt 0.569540 0.603725
vt 0.714905 0.972475
vt 0.675675 0.933250
vt 0.675675 0.972475
vt 0.714905 0.933250
vt 0.577925 0.993180
vt 0.577175 0.982140
vt 0.577175 0.993180
vt 0.591050 0.987645
vt 0.504785 0.998685
vt 0.562550 0.998685
vt 0.562550 0.987645
vt 0.504785 0.987645
vt 0.591020 0.993180
vt 0.591020 0.982140
vt 0.577925 0.982140
vt 0.964629 0.734958
vt 0.961164 0.731430
vt 0.861754 0.731592
vt 0.796494 0.675055
vt 0.793029 0.666605
vt 0.631149 0.667060
vt 0.970594 0.723625
vt 0.986444 0.693155
vt 0.972664 0.693120
vt 0.956819 0.711335
vt 0.877119 0.711335
vt 0.806919 0.642525
vt 0.577739 0.711335
vt 0.514134 0.712630
vt 0.526394 0.743720
vt 0.558354 0.743875
vt 0.592169 0.743830
vt 0.597644 0.739290
vt 0.612859 0.707235
vt 0.626044 0.643825
vt 0.628529 0.669200
vt 0.790244 0.706155
vt 0.818584 0.739260
vt 0.635304 0.707450
vt 0.959045 0.876360
vt 0.940635 0.830545
vt 0.948290 0.810985
vt 0.646280 0.502830
vt 0.646575 0.502349
vt 0.646660 0.501554
vt 0.631315 0.512835
vt 0.587235 0.503295
vt 0.640350 0.502185
vt 0.499740 0.503575
vt 0.508660 0.503255
vt 0.508660 0.509195
vt 0.925010 0.619690
vt 0.918975 0.635350
vt 0.925280 0.626285
vt 0.741380 0.574915
vt 0.668485 0.577335
vt 0.741380 0.566705
vt 0.925910 0.830700
vt 0.591695 0.538110
vt 0.633215 0.503010
vt 0.636820 0.501505
vt 0.635920 0.564020
vt 0.586815 0.560310
vt 0.586815 0.513965
vt 0.580510 0.523030
vt 0.911185 0.830800
vt 0.893580 0.876930
vt 0.903185 0.811375
vt 0.685500 0.575715
vt 0.685005 0.636070
vt 0.677140 0.575250
vt 0.676445 0.636070
vt 0.659045 0.576280
vt 0.658295 0.636070
vt 0.768980 0.636070
vt 0.768980 0.576005
vt 0.925110 0.619775
vt 0.803315 0.553480
vt 0.741380 0.554205
vt 0.825300 0.502020
vt 0.741380 0.502005
vt 0.578560 0.566770
vt 0.586215 0.568340
vt 0.582865 0.570830
vt 0.907225 0.620405
vt 0.679445 0.565980
vt 0.653640 0.577245
vt 0.652595 0.562965
vt 0.569030 0.513375
vt 0.561435 0.507890
vt 0.568760 0.508085
vt 0.575015 0.525995
vt 0.636675 0.548125
vt 0.679445 0.553480
vt 0.657455 0.502020
vt 0.814270 0.574790
vt 0.646215 0.501554
vt 0.646215 0.502035
vt 0.646745 0.502180
vt 0.646575 0.502830
vt 0.652595 0.552600
vt 0.519115 0.502700
vt 0.513335 0.565865
vt 0.502475 0.503115
vt 0.803315 0.565980
vt 0.828350 0.574525
vt 0.830165 0.562965
vt 0.646660 0.502035
vt 0.646280 0.503620
vt 0.646575 0.503140
vt 0.830165 0.552600
vt 0.805340 0.553845
vt 0.742250 0.554640
vt 0.827735 0.502185
vt 0.504630 0.502995
vt 0.504630 0.570375
vt 0.650105 0.502995
vt 0.650105 0.570375
vt 0.742250 0.502170
vt 0.634290 0.514945
vt 0.644170 0.509195
vt 0.646410 0.515480
vt 0.628770 0.508765
vt 0.644170 0.503255
vt 0.628770 0.502675
vt 0.576155 0.508760
vt 0.576155 0.502675
vt 0.576155 0.514675
vt 0.518020 0.514945
vt 0.505900 0.515480
vt 0.508140 0.509195
vt 0.508140 0.503255
vt 0.523540 0.508765
vt 0.523540 0.502675
vt 0.501865 0.502805
vt 0.501865 0.570830
vt 0.646320 0.570830
vt 0.646320 0.502805
vt 0.915245 0.498442
vt 0.926210 0.499210
vt 0.929595 0.551110
vt 0.851678 0.549779
vt 0.856328 0.560179
vt 0.870088 0.548954
vt 0.982615 0.518460
vt 0.993405 0.540720
vt 1.000450 0.499895
vt 0.959035 0.543460
vt 0.995615 0.499295
vt 0.969325 0.501785
vt 0.960325 0.516195
vt 0.955570 0.531030
vt 0.989485 0.503855
vt 0.998830 0.559020
vt 0.977540 0.505620
vt 0.937985 0.503855
vt 0.949930 0.505620
vt 0.930050 0.559870
vt 0.972800 0.609685
vt 0.972800 0.604480
vt 0.998030 0.595295
vt 0.972800 0.605285
vt 0.954675 0.604480
vt 0.929080 0.596115
vt 0.928545 0.589310
vt 0.954675 0.605285
vt 0.954675 0.609685
vt 0.998920 0.554375
vt 0.937985 0.499760
vt 0.929915 0.555220
vt 0.989485 0.499760
vt 0.998090 0.588430
vt 0.998170 0.589785
vt 0.928465 0.590665
vt 0.941475 0.545845
vt 0.983710 0.509160
vt 0.991415 0.545825
vt 0.948530 0.509160
vt 0.938575 0.508340
vt 0.932040 0.520660
vt 0.933320 0.504195
vt 0.992425 0.508340
vt 1.000195 0.521280
vt 0.998925 0.504195
vt 0.931395 0.556990
vt 0.912895 0.610235
vt 0.926360 0.605695
vt 0.915745 0.557940
vt 0.907545 0.606060
vt 0.907725 0.552660
vt 0.923200 0.553050
vt 0.921460 0.606640
vt 0.894425 0.520385
vt 0.891160 0.499740
vt 0.895400 0.550920
vt 0.912035 0.528495
vt 0.905145 0.497990
vt 0.712365 0.578170
vt 0.781910 0.636740
vt 0.781650 0.578170
vt 0.877338 0.584884
vt 0.869543 0.574854
vt 0.879223 0.577094
vt 0.869158 0.561689
vt 0.849838 0.588574
vt 0.877763 0.597734
vt 0.897088 0.593044
vt 0.899383 0.576009
vt 0.898288 0.575739
vt 0.884433 0.575044
vt 0.877173 0.575939
vt 0.860226 0.523005
vt 0.864046 0.543770
vt 0.847206 0.515665
vt 0.840381 0.544975
vt 0.836661 0.525820
vt 0.851591 0.501460
vt 0.841543 0.560119
vt 0.839958 0.591289
vt 0.847413 0.606319
vt 0.863168 0.610454
vt 0.882963 0.605599
vt 0.865186 0.520780
vt 0.865186 0.519405
vt 0.865186 0.503610
vt 0.865186 0.500690
vt 0.865698 0.546759
vt 0.834913 0.579764
vt 0.834278 0.594724
vt 0.842968 0.608684
vt 0.861973 0.612554
vt 0.873558 0.611864
vt 0.884133 0.607264
vt 0.898603 0.593974
vt 0.876678 0.576064
vt 0.870141 0.523005
vt 0.882246 0.515665
vt 0.890411 0.545145
vt 0.893541 0.525820
vt 0.878231 0.501460
vt 0.895666 0.546345
vt 0.833321 0.546345
vt 0.665180 0.574330
vt 0.781985 0.574165
vt 0.712100 0.636740
vt 0.719700 0.584700
vt 0.781650 0.631675
vt 0.776235 0.584700
vt 0.712365 0.631675
vt 0.725750 0.579095
vt 0.770185 0.579095
vt 0.683035 0.630170
vt 0.680840 0.636525
vt 0.701615 0.630170
vt 0.699425 0.630170
vt 0.678650 0.630170
vt 0.660070 0.630170
vt 0.665180 0.636090
vt 0.781985 0.636265
vt 0.662260 0.630170
vt 0.662930 0.607080
vt 0.662875 0.606830
vt 0.701615 0.586200
vt 0.683035 0.586200
vt 0.884665 0.791070
vt 0.890565 0.808770
vt 0.890565 0.791070
vt 0.678650 0.586200
vt 0.699425 0.586200
vt 0.660070 0.586200
vt 0.662260 0.586200
vt 0.680840 0.580000
vt 0.883100 0.785960
vt 0.877890 0.801585
vt 0.883100 0.801585
vt 0.877890 0.785960
vt 0.884665 0.808770
vt 0.631340 0.638920
vt 0.636815 0.574315
vt 0.632745 0.577235
vt 0.574330 0.576770
vt 0.515915 0.577235
vt 0.574330 0.638920
vt 0.511230 0.635530
vt 0.517315 0.638925
vt 0.503340 0.582065
vt 0.511810 0.574320
vt 0.645315 0.582065
vt 0.637425 0.635530
vt 0.924730 0.796555
vt 0.920620 0.776735
vt 0.937990 0.781080
vt 0.906345 0.787315
vt 0.905915 0.804855
vt 0.919655 0.816145
vt 0.937210 0.812685
vt 0.945370 0.797080
vt 0.070948 0.763205
vt 0.071018 0.783540
vt 0.063398 0.786315
vt 0.184388 0.762000
vt 0.187408 0.771420
vt 0.096943 0.782950
vt 0.063758 0.763205
vt 0.025843 0.790125
vt 0.027908 0.750370
vt 0.055973 0.750370
vt 0.025868 0.759280
vt 0.099603 0.762000
vt 0.275903 0.786475
vt 0.276868 0.786475
vt 0.277453 0.796755
vt 0.270923 0.786475
vt 0.263528 0.794170
vt 0.272178 0.796755
vt 0.004763 0.682735
vt 0.004763 0.678415
vt 0.007948 0.717235
vt 0.010288 0.684380
vt 0.445723 0.772500
vt 0.472633 0.764645
vt 0.475288 0.772500
vt 0.412733 0.764645
vt 0.417328 0.772500
vt 0.401323 0.772500
vt 0.015813 0.676990
vt 0.010288 0.671595
vt 0.033303 0.735335
vt 0.023858 0.725250
vt 0.044348 0.736765
vt 0.034903 0.726075
vt 0.033303 0.731015
vt 0.044348 0.732180
vt 0.446213 0.775095
vt 0.446858 0.781685
vt 0.477003 0.781685
vt 0.441348 0.795185
vt 0.441658 0.804595
vt 0.010288 0.673995
vt 0.436958 0.804595
vt 0.013473 0.716285
vt 0.437018 0.795185
vt 0.430528 0.795185
vt 0.429908 0.802705
vt 0.425343 0.800120
vt 0.384943 0.771185
vt 0.387803 0.762000
vt 0.398078 0.772500
vt 0.384018 0.762000
vt 0.380928 0.771185
vt 0.246043 0.762000
vt 0.246003 0.771185
vt 0.222243 0.762000
vt 0.222313 0.771185
vt 0.062323 0.505105
vt 0.062268 0.505125
vt 0.069648 0.505300
vt 0.031718 0.672285
vt 0.031718 0.682975
vt 0.270353 0.795540
vt 0.269608 0.812265
vt 0.277658 0.807385
vt 0.074793 0.794940
vt 0.063163 0.750370
vt 0.351703 0.572475
vt 0.354238 0.561295
vt 0.341953 0.561295
vt 0.399953 0.762000
vt 0.341208 0.518210
vt 0.407273 0.775095
vt 0.015813 0.681570
vt 0.031718 0.676105
vt 0.031718 0.690950
vt 0.070603 0.675055
vt 0.070603 0.679865
vt 0.031718 0.666940
vt 0.070603 0.665435
vt 0.070603 0.671045
vt 0.070603 0.682270
vt 0.403228 0.751320
vt 0.415643 0.751420
vt 0.420238 0.751420
vt 0.070603 0.727010
vt 0.070603 0.738235
vt 0.070603 0.733425
vt 0.448973 0.828315
vt 0.475928 0.803510
vt 0.264338 0.812265
vt 0.269603 0.874335
vt 0.264338 0.874335
vt 0.277193 0.874335
vt 0.023858 0.726510
vt 0.082793 0.792165
vt 0.075063 0.873010
vt 0.083063 0.873010
vt 0.002698 0.798820
vt 0.002968 0.873010
vt 0.100503 0.629295
vt 0.100503 0.682270
vt 0.100503 0.727010
vt 0.100503 0.738235
vt 0.459468 0.828365
vt 0.441618 0.875135
vt 0.436803 0.875135
vt 0.429583 0.875135
vt 0.424403 0.875135
vt 0.100503 0.623680
vt 0.156753 0.629295
vt 0.156753 0.623680
vt 0.156753 0.682270
vt 0.156753 0.727010
vt 0.156753 0.738235
vt 0.265338 0.795540
vt 0.339418 0.572475
vt 0.449943 0.875135
vt 0.459468 0.875135
vt 0.198723 0.966430
vt 0.205193 0.969435
vt 0.187408 0.978845
vt 0.277658 0.939515
vt 0.270353 0.952250
vt 0.278578 0.950245
vt 0.289653 0.725250
vt 0.300038 0.716285
vt 0.289653 0.726510
vt 0.305558 0.717235
vt 0.399953 0.988265
vt 0.415643 0.997945
vt 0.402863 0.997810
vt 0.412733 0.985620
vt 0.420238 0.997945
vt 0.417328 0.977765
vt 0.448633 0.997945
vt 0.445723 0.977765
vt 0.475473 0.997945
vt 0.472633 0.985620
vt 0.063758 0.982815
vt 0.063163 0.995650
vt 0.055973 0.995650
vt 0.070948 0.982815
vt 0.025868 0.986740
vt 0.025843 0.955895
vt 0.278608 0.726075
vt 0.303223 0.684380
vt 0.343543 0.560170
vt 0.353138 0.572090
vt 0.341048 0.572090
vt 0.355633 0.560170
vt 0.448633 0.751420
vt 0.475473 0.751420
vt 0.281793 0.676105
vt 0.297698 0.681570
vt 0.297698 0.676990
vt 0.281793 0.690950
vt 0.281793 0.666940
vt 0.303223 0.671595
vt 0.281793 0.672285
vt 0.303223 0.673995
vt 0.281793 0.682975
vt 0.280203 0.735335
vt 0.280203 0.731015
vt 0.407273 0.975170
vt 0.430528 0.955080
vt 0.446213 0.975170
vt 0.475288 0.977765
vt 0.401323 0.977765
vt 0.398078 0.977765
vt 0.387803 0.988265
vt 0.437018 0.955080
vt 0.441348 0.955080
vt 0.308743 0.682735
vt 0.308743 0.678415
vt 0.275903 0.960955
vt 0.277453 0.950675
vt 0.276868 0.960955
vt 0.270923 0.960955
vt 0.272178 0.950675
vt 0.184388 0.988265
vt 0.263528 0.953260
vt 0.099603 0.988265
vt 0.096943 0.967315
vt 0.063398 0.959705
vt 0.071018 0.962480
vt 0.027908 0.995650
vt 0.278578 0.796660
vt 0.205193 0.780835
vt 0.198723 0.783795
vt 0.346648 0.965060
vt 0.362288 0.963530
vt 0.346648 0.963530
vt 0.386453 0.961915
vt 0.376443 0.965655
vt 0.343878 0.876400
vt 0.365928 0.875965
vt 0.363138 0.793860
vt 0.343613 0.793860
vt 0.361853 0.886335
vt 0.346648 0.886335
vt 0.269158 0.736765
vt 0.269158 0.732180
vt 0.446858 0.968580
vt 0.477003 0.968580
vt 0.441658 0.945670
vt 0.436958 0.945670
vt 0.429908 0.947560
vt 0.425343 0.950145
vt 0.384943 0.979085
vt 0.384018 0.988265
vt 0.380928 0.979085
vt 0.246043 0.988265
vt 0.246003 0.979085
vt 0.222243 0.988265
vt 0.222313 0.979085
vt 0.269608 0.934635
vt 0.265338 0.952250
vt 0.264338 0.934635
vt 0.074793 0.951080
vt 0.082793 0.953855
vt 0.002698 0.947200
vt 0.367198 0.955930
vt 0.363343 0.887970
vt 0.362573 0.878245
vt 0.342808 0.516580
vt 0.364748 0.784195
vt 0.387528 0.874880
vt 0.213008 0.682270
vt 0.213008 0.738235
vt 0.213008 0.727010
vt 0.362288 0.955125
vt 0.346648 0.955125
vt 0.242903 0.675055
vt 0.242903 0.679865
vt 0.242903 0.665435
vt 0.242903 0.671045
vt 0.242903 0.682270
vt 0.242903 0.727010
vt 0.242903 0.738235
vt 0.242903 0.733425
vt 0.448973 0.921950
vt 0.475928 0.946755
vt 0.388053 0.786555
vt 0.362288 0.965060
vt 0.358218 0.784685
vt 0.213008 0.629295
vt 0.371048 0.964160
vt 0.459468 0.921900
vt 0.348538 0.784685
vt 0.366153 0.560170
vt 0.369708 0.516580
vt 0.105683 0.563160
vt 0.069423 0.502550
vt 0.108128 0.502550
vt 0.020848 0.563160
vt 0.021428 0.541320
vt 0.068813 0.563160
vt 0.100788 0.578295
vt 0.066318 0.572090
vt 0.103188 0.572090
vt 0.430143 0.579320
vt 0.430143 0.499995
vt 0.375708 0.579320
vt 0.213008 0.623680
vt 0.016263 0.541320
vt 0.035538 0.524535
vt 0.213383 0.623770
vt 0.156708 0.628545
vt 0.156708 0.623770
vt 0.213383 0.628545
vt 0.011618 0.541320
vt 0.239298 0.513930
vt 0.239298 0.500645
vt 0.342808 0.500645
vt 0.369708 0.500645
vt 0.231023 0.578295
vt 0.235323 0.572090
vt 0.237818 0.563160
vt 0.291398 0.560170
vt 0.281573 0.578295
vt 0.288903 0.572090
vt 0.338958 0.578295
vt 0.350363 0.578295
vt 0.360288 0.578295
vt 0.363658 0.572090
vt 0.018353 0.572090
vt 0.014688 0.539005
vt 0.029028 0.520745
vt 0.009448 0.539005
vt 0.004728 0.539005
vt 0.236043 0.515325
vt 0.236043 0.501595
vt 0.102778 0.501595
vt 0.341208 0.501595
vt 0.368533 0.518210
vt 0.368533 0.501595
vt 0.464508 0.723200
vt 0.353073 0.722955
vt 0.349688 0.662045
vt 0.014103 0.562755
vt 0.062838 0.562755
vt 0.100293 0.562755
vt 0.063453 0.501595
vt 0.234538 0.562755
vt 0.288973 0.561295
vt 0.364928 0.561295
vt 0.409418 0.641080
vt 0.468203 0.663020
vt 0.059988 0.579220
vt 0.060303 0.572475
vt 0.011568 0.572475
vt 0.013458 0.579220
vt 0.095323 0.579220
vt 0.097758 0.572475
vt 0.227638 0.579220
vt 0.232008 0.572475
vt 0.278993 0.579220
vt 0.286443 0.572475
vt 0.337293 0.579220
vt 0.348883 0.579220
vt 0.358968 0.579220
vt 0.362393 0.572475
vt 0.482248 0.745310
vt 0.409418 0.745310
vt 0.484038 0.642230
vt 0.489243 0.634990
vt 0.490018 0.736890
vt 0.500098 0.652800
vt 0.335433 0.745310
vt 0.328398 0.634995
vt 0.333643 0.642230
vt 0.327663 0.736890
vt 0.317583 0.652800
vt 0.497821 0.585339
vt 0.430143 0.582239
vt 0.375708 0.585339
vt 0.066008 0.578295
vt 0.020213 0.578295
vt 0.375708 0.585424
vt 0.430143 0.582323
vt 0.497821 0.585424
vt 0.502743 0.499995
vt 0.502743 0.579320
vt 0.375708 0.499995
vt 0.430143 0.998045
vt 0.498744 0.998045
vt 0.375708 0.998045
vt 0.206853 0.954140
vt 0.214768 0.942625
vt 0.201908 0.939025
vt 0.221668 0.792795
vt 0.220963 0.792795
vt 0.206958 0.792795
vt 0.226648 0.792795
vt 0.226248 0.929005
vt 0.221263 0.929005
vt 0.206553 0.929005
vt 0.222738 0.953340
vt 0.227608 0.937735
vt 0.214733 0.928885
vt 0.238778 0.950000
vt 0.248283 0.950000
vt 0.238548 0.794360
vt 0.248053 0.794360
vt 0.241253 0.950000
vt 0.241018 0.794360
vt 0.231748 0.950000
vt 0.231518 0.794360
vt 0.091988 0.875135
vt 0.091988 0.791835
vt 0.194468 0.789790
vt 0.195143 0.875135
vt 0.091988 0.958430
vt 0.194468 0.960475
vt 0.302788 0.825630
vt 0.321928 0.822335
vt 0.319103 0.966735
vt 0.299243 0.783680
vt 0.322473 0.817535
vt 0.333638 0.817535
vt 0.333638 0.965930
vt 0.322473 0.965930
vt 0.303313 0.963640
vt 0.306543 0.781840
vt 0.287758 0.827565
vt 0.298628 0.827565
vt 0.298628 0.786140
vt 0.287758 0.786140
vt 0.287758 0.962485
vt 0.298633 0.962485
vt 0.227398 0.912970
vt 0.217628 0.913025
vt 0.227338 0.796375
vt 0.217568 0.796425
vt 0.227243 0.796425
vt 0.227308 0.912930
vt 0.217568 0.796480
vt 0.227338 0.796465
vt 0.217673 0.913120
vt 0.227393 0.913065
vt 0.217613 0.796520
vt 0.322473 0.779435
vt 0.333638 0.779435
vt 0.259263 0.446797
vt 0.259260 0.468872
vt 0.250119 0.468872
vt 0.265727 0.484483
vt 0.259263 0.490947
vt 0.281338 0.490950
vt 0.281338 0.500091
vt 0.281338 0.468872
vt 0.296949 0.484483
vt 0.303415 0.468872
vt 0.296949 0.453261
vt 0.281338 0.446795
vt 0.265727 0.453261
vt 0.303413 0.490947
vt 0.312557 0.468872
vt 0.303413 0.446797
vt 0.281338 0.437653
vt 0.893111 0.494884
vt 0.810759 0.370009
vt 0.893111 0.370009
vt 0.961779 0.494884
vt 0.883185 0.370009
vt 0.961779 0.370009
vt 0.836779 0.494884
vt 0.836779 0.370009
vt 0.916678 0.494884
vt 0.916678 0.370009
vt 0.791678 0.494884
vt 0.791678 0.370009
vt 0.873259 0.494884
vt 0.873259 0.370009
vt 0.955611 0.494884
vt 0.955611 0.370009
vt 0.830611 0.494884
vt 0.830611 0.370009
vt 0.912193 0.494884
vt 0.912193 0.370009
vt 0.992091 0.494884
vt 0.992091 0.370009
vt 0.867091 0.494884
vt 0.867091 0.370009
vt 0.945685 0.494884
vt 0.945685 0.370009
vt 0.820685 0.494884
vt 0.820685 0.370009
vt 0.899279 0.494884
vt 0.899279 0.370009
vt 0.979178 0.494884
vt 0.979178 0.370009
vt 0.854178 0.494884
vt 0.854178 0.370009
vt 0.935759 0.494884
vt 0.935759 0.370009
vt 0.810759 0.494884
vt 0.883185 0.494884
vt 0.974693 0.494884
vt 0.974693 0.370009
vt 0.849693 0.494884
vt 0.849693 0.370009
vt 0.929591 0.494884
vt 0.929591 0.370009
vt 0.804591 0.494884
vt 0.804591 0.370009
vt 0.554545 0.340588
vt 0.625000 0.375388
vt 0.546803 0.375388
vt 0.673755 0.438098
vt 0.695453 0.410188
vt 0.642400 0.453585
vt 0.607600 0.453585
vt 0.576245 0.438098
vt 0.554545 0.410188
vt 0.703197 0.375388
vt 0.576245 0.312678
vt 0.607600 0.297190
vt 0.642400 0.297190
vt 0.673755 0.312678
vt 0.695453 0.340588
vt 0.749875 0.375000
vt 0.737508 0.430575
vt 0.702857 0.475142
vt 0.652788 0.499875
vt 0.597212 0.499875
vt 0.547143 0.475142
vt 0.512493 0.430575
vt 0.500125 0.375000
vt 0.512493 0.319425
vt 0.547143 0.274857
vt 0.597212 0.250125
vt 0.652788 0.250125
vt 0.702857 0.274857
vt 0.737508 0.319425
vt 0.129269 0.255465
vt 0.005879 0.254330
vt 0.005689 0.275932
vt 0.129081 0.277068
vt 0.005574 0.289285
vt 0.128964 0.290420
vt 0.003444 0.401170
vt 0.007261 0.394493
vt 0.020639 0.496825
vt 0.014991 0.390585
vt 0.038646 0.498572
vt 0.124996 0.390995
vt 0.124996 0.499010
vt 0.235001 0.390585
vt 0.211346 0.498572
vt 0.242674 0.394428
vt 0.246546 0.401170
vt 0.229354 0.496825
s 0
usemtl material_262.003
f 8/1/1 98/2/2 269/3/3
f 9/4/4 22/5/5 10/6/6
f 10/7/7 12/7/8 11/8/9
f 24/8/10 12/7/8 18/9/11
f 10/7/12 23/10/13 12/7/14
f 18/9/11 28/11/15 29/12/16
f 13/13/17 18/9/11 29/12/18
f 25/14/19 9/4/20 14/15/21
f 25/14/19 14/15/22 27/16/22
f 9/4/23 25/14/19 22/5/5
f 9/4/4 10/6/6 11/17/24
f 9/4/20 11/17/24 15/18/25
f 15/13/26 11/8/27 20/19/28
f 15/13/29 20/19/30 16/20/31
f 18/9/11 17/21/32 28/11/15
f 18/9/11 26/22/33 17/21/34
f 23/10/35 26/22/36 18/9/11
f 12/7/8 23/10/13 18/9/11
f 24/8/10 18/9/11 13/13/37
f 21/23/38 24/8/10 13/13/37
f 19/24/39 21/23/38 13/13/17
f 11/8/27 24/8/10 20/19/28
f 20/19/28 24/8/40 21/23/38
f 22/10/41 23/10/42 10/7/12
f 11/8/9 12/7/43 24/8/10
f 25/22/44 26/22/45 22/10/46
f 22/10/46 26/22/33 23/10/42
f 27/21/47 17/21/48 25/22/49
f 25/22/44 17/21/34 26/22/50
f 14/25/51 28/25/15 27/26/52
f 27/26/53 28/25/15 17/26/34
f 9/12/54 29/12/55 14/11/56
f 30/11/57 32/12/58 31/11/57
f 33/13/59 35/13/60 34/12/61
f 34/12/62 35/13/63 32/12/58
f 36/20/64 37/24/65 33/13/66
f 33/13/66 37/24/65 35/13/60
f 38/5/67 60/4/68 39/6/69
f 48/7/70 39/7/71 53/8/72
f 48/7/73 51/8/74 47/9/75
f 40/10/76 39/7/71 48/7/77
f 46/11/78 47/9/75 41/12/79
f 47/9/75 42/13/80 41/12/81
f 60/4/68 57/14/82 59/15/83
f 59/15/84 57/14/85 43/16/84
f 57/14/85 60/4/68 38/5/67
f 39/6/69 60/4/68 53/17/86
f 53/17/86 60/4/68 44/18/87
f 53/8/88 44/13/89 52/19/90
f 52/19/90 44/13/89 61/20/91
f 45/21/92 47/9/75 46/11/78
f 58/22/93 47/9/94 45/21/95
f 58/22/96 40/10/97 47/9/75
f 40/10/97 48/7/73 47/9/98
f 47/9/94 51/8/74 42/13/99
f 51/8/74 49/23/100 42/13/101
f 49/23/100 50/24/102 42/13/80
f 51/8/103 53/8/104 52/19/105
f 51/8/103 52/19/105 49/23/106
f 40/10/107 38/10/108 39/7/109
f 54/7/110 56/8/110 55/8/110
f 58/22/111 57/22/112 38/10/108
f 58/22/93 38/10/108 40/10/97
f 45/21/92 43/21/113 57/22/112
f 45/21/114 57/22/115 58/22/93
f 46/25/116 59/25/117 43/26/113
f 46/25/116 43/26/113 45/26/92
f 41/12/118 60/12/119 59/11/120
f 41/12/81 59/11/117 46/11/116
f 42/13/101 44/13/121 60/12/119
f 42/13/122 60/12/119 41/12/81
f 50/24/102 61/20/123 44/13/121
f 50/24/102 44/13/121 42/13/80
f 62/27/124 66/28/125 63/29/126
f 63/29/126 64/30/127 62/27/128
f 65/31/129 67/32/130 66/33/131
f 66/33/131 62/34/132 65/31/133
f 69/27/134 68/28/135 67/29/136
f 67/29/136 65/30/137 69/27/138
f 64/30/139 63/29/126 68/28/135
f 68/28/135 69/27/140 64/30/139
f 70/27/124 74/28/141 71/29/142
f 71/29/143 72/30/144 70/27/145
f 73/31/146 75/32/147 74/33/148
f 74/33/148 70/34/145 73/31/146
f 76/27/134 77/28/135 75/29/149
f 75/29/147 73/30/150 76/27/151
f 72/30/152 71/29/153 77/28/154
f 77/28/155 76/27/156 72/30/157
f 86/35/158 80/36/159 78/37/160
f 83/38/161 78/37/160 80/36/159
f 81/39/162 79/40/163 86/41/164
f 80/42/159 86/41/164 79/40/163
f 92/35/165 82/36/166 81/37/162
f 79/38/163 81/37/167 82/36/168
f 78/37/169 83/38/170 92/35/171
f 82/36/172 92/35/165 83/38/173
f 78/37/169 87/36/174 86/35/175
f 87/36/174 78/37/169 93/38/176
f 93/38/177 84/43/178 87/36/179
f 84/43/178 93/38/176 95/44/180
f 95/44/181 85/45/182 84/43/178
f 85/45/182 95/44/183 96/46/184
f 86/41/164 89/40/185 81/39/167
f 89/40/186 86/41/164 87/42/174
f 87/42/179 88/47/187 89/40/185
f 88/47/187 87/42/174 84/48/188
f 84/48/188 91/49/189 88/47/190
f 91/49/189 84/48/178 85/50/182
f 81/37/162 94/36/191 92/35/171
f 94/36/191 81/37/192 89/38/186
f 89/38/193 103/43/194 94/36/195
f 103/43/196 89/38/186 88/44/187
f 88/44/190 90/45/197 103/43/196
f 90/45/198 88/44/187 91/46/189
f 92/35/199 93/38/200 78/37/160
f 93/38/176 92/35/165 94/36/191
f 94/36/191 95/44/180 93/38/176
f 95/44/180 94/36/191 103/43/194
f 103/43/194 96/46/201 95/44/180
f 355/51/202 357/52/203 97/53/204
f 97/53/204 343/54/205 355/51/202
f 102/2/206 98/2/207 338/55/208
f 338/55/209 98/2/207 99/56/210
f 99/56/211 98/2/207 111/55/212
f 111/55/212 98/2/2 341/2/213
f 341/2/214 112/57/215 113/58/216
f 100/3/217 112/57/218 341/2/213
f 100/3/219 141/59/220 112/57/215
f 8/1/1 141/59/221 100/3/217
f 8/1/1 101/57/222 141/59/221
f 269/3/223 101/57/224 8/1/225
f 269/3/223 140/58/226 101/57/224
f 102/2/206 140/58/227 269/3/3
f 102/2/206 144/60/228 140/58/227
f 338/55/229 144/60/228 102/2/206
f 96/46/184 103/43/196 90/45/230
f 105/36/231 120/35/232 128/37/233
f 128/37/234 109/38/235 105/36/236
f 104/40/237 107/39/238 120/41/232
f 120/41/232 105/42/231 104/40/239
f 106/36/240 108/35/241 107/37/238
f 107/37/238 104/38/239 106/36/242
f 109/38/243 128/37/234 108/35/241
f 108/35/241 106/36/244 109/38/245
f 121/36/246 128/37/234 120/35/232
f 128/37/247 121/36/248 127/38/249
f 342/61/250 110/62/251 335/63/252
f 335/63/252 337/64/253 342/61/254
f 111/55/255 142/60/256 99/56/257
f 111/55/258 113/58/259 142/60/260
f 99/56/210 142/60/260 143/65/261
f 112/66/215 114/67/262 113/68/259
f 115/43/263 127/38/264 121/36/248
f 127/38/249 115/43/265 116/44/266
f 117/45/267 116/44/268 115/43/265
f 116/44/266 117/45/267 118/46/269
f 119/40/270 120/41/232 107/39/238
f 120/41/271 119/40/270 121/42/248
f 124/47/272 121/42/248 119/40/273
f 121/42/246 124/47/274 115/48/265
f 126/49/275 115/48/265 124/47/272
f 115/48/263 126/49/276 117/50/267
f 122/36/277 107/37/238 108/35/241
f 107/37/238 122/36/278 119/38/279
f 123/43/280 119/38/273 122/36/278
f 119/38/270 123/43/281 124/44/272
f 125/45/282 124/44/272 123/43/281
f 124/44/283 125/45/284 126/46/275
f 127/38/249 108/35/285 128/37/286
f 108/35/287 127/38/288 122/36/277
f 116/44/268 122/36/278 127/38/288
f 122/36/277 116/44/268 123/43/280
f 118/46/289 123/43/280 116/44/266
f 123/43/281 118/46/269 125/45/290
f 131/35/291 133/69/292 137/37/293
f 129/38/294 130/70/295 150/36/296
f 135/39/297 132/71/298 131/41/299
f 150/42/296 133/72/300 145/40/301
f 134/35/302 147/69/303 135/37/297
f 145/38/304 132/70/298 136/36/305
f 137/37/306 130/70/295 149/73/307
f 136/36/308 147/69/303 129/38/309
f 150/36/296 138/74/310 133/69/300
f 137/37/306 138/74/311 130/70/312
f 139/75/313 358/76/314 346/77/315
f 346/77/316 414/78/317 139/75/313
f 140/79/226 114/67/262 101/80/318
f 144/81/228 114/67/262 140/79/227
f 101/80/222 114/67/262 141/82/221
f 142/83/319 114/67/262 143/84/320
f 113/68/259 114/67/262 142/83/260
f 143/84/320 114/67/262 144/81/228
f 145/40/301 146/85/321 132/71/298
f 131/41/291 146/85/321 133/72/300
f 136/36/305 148/86/322 147/69/303
f 135/37/297 148/86/323 132/70/298
f 129/38/294 149/73/324 130/70/295
f 134/35/302 149/73/307 147/69/303
f 138/74/310 137/37/325 133/69/292
f 138/74/326 150/36/296 130/70/312
f 146/85/321 131/41/291 132/71/298
f 146/85/327 145/40/328 133/72/300
f 148/86/323 135/37/297 147/69/329
f 148/86/323 136/36/305 132/70/298
f 149/73/307 134/35/330 137/37/325
f 149/73/307 129/38/309 147/69/331
f 137/37/325 151/36/332 131/35/299
f 151/36/332 137/37/293 152/38/333
f 152/38/334 153/43/335 151/36/336
f 153/43/337 152/38/338 160/44/339
f 160/44/339 157/45/340 153/43/335
f 157/45/340 160/44/341 164/46/342
f 131/41/291 154/40/343 135/39/344
f 154/40/343 131/41/291 151/42/332
f 151/42/336 155/47/345 154/40/346
f 155/47/347 151/42/336 153/48/337
f 153/87/337 156/88/348 155/89/347
f 156/88/348 153/87/349 157/90/350
f 135/37/297 159/36/351 134/35/302
f 159/36/352 135/37/297 154/38/353
f 154/38/354 161/43/355 159/36/351
f 161/43/355 154/38/346 155/44/345
f 155/44/347 158/45/356 161/43/355
f 158/45/357 155/44/345 156/46/348
f 134/35/302 152/38/333 137/37/325
f 152/38/338 134/35/302 159/36/358
f 159/36/359 160/44/341 152/38/360
f 160/44/339 159/36/358 161/43/355
f 363/3/361 162/2/362 271/1/363
f 271/1/364 162/2/362 268/3/365
f 171/2/366 162/2/362 363/3/361
f 163/2/367 162/2/2 272/55/368
f 161/43/355 164/46/342 160/44/339
f 268/3/365 162/2/362 163/2/367
f 164/46/369 161/43/355 158/45/357
f 166/35/370 165/36/371 183/37/372
f 173/38/373 183/37/374 165/36/375
f 177/39/376 169/40/377 166/41/370
f 165/42/371 166/41/378 169/40/379
f 167/35/380 168/36/381 177/37/376
f 169/38/379 177/37/376 168/36/381
f 348/91/382 170/63/383 365/92/384
f 170/63/385 348/91/386 372/93/387
f 360/56/388 162/2/2 408/55/389
f 408/55/389 162/2/362 171/2/390
f 171/2/366 325/57/218 172/58/391
f 183/37/374 173/38/373 167/35/380
f 168/36/381 167/35/380 173/38/373
f 183/37/374 174/36/392 166/35/370
f 174/36/393 183/37/374 184/38/394
f 184/38/395 179/43/396 174/36/397
f 179/43/398 184/38/399 185/44/400
f 185/44/401 175/45/402 179/43/398
f 175/45/402 185/44/403 176/46/404
f 166/41/370 178/40/405 177/39/406
f 178/40/405 166/41/378 174/42/397
f 174/42/392 182/47/407 178/40/405
f 182/47/408 174/42/392 179/48/398
f 179/48/409 180/49/410 182/47/408
f 180/49/411 179/48/398 175/50/412
f 177/37/413 181/36/414 167/35/380
f 181/36/414 177/37/376 178/38/405
f 178/38/405 187/43/415 181/36/416
f 187/43/415 178/38/405 182/44/408
f 182/44/408 186/45/417 187/43/415
f 186/45/418 182/44/408 180/46/419
f 167/35/420 184/38/395 183/37/372
f 184/38/394 167/35/420 181/36/414
f 181/36/414 185/44/403 184/38/394
f 185/44/400 181/36/414 187/43/415
f 187/43/415 176/46/421 185/44/401
f 176/46/404 187/43/422 186/45/417
f 188/69/423 191/35/424 235/37/425
f 189/70/426 208/38/427 190/36/428
f 202/71/429 192/39/430 191/41/424
f 188/72/431 190/42/432 199/40/433
f 195/69/434 206/35/435 192/37/430
f 202/70/436 199/38/437 201/36/438
f 189/70/426 235/37/425 207/73/439
f 195/69/434 201/36/440 208/38/441
f 193/74/442 190/36/432 188/69/431
f 193/74/442 235/37/425 189/70/443
f 194/85/444 199/40/445 202/71/429
f 194/85/446 191/41/424 188/72/431
f 200/86/447 201/36/440 195/69/434
f 200/86/448 192/37/430 202/70/436
f 207/73/439 208/38/449 189/70/443
f 381/94/450 371/62/451 377/95/452
f 207/73/439 206/35/453 195/69/434
f 196/96/454 197/97/455 1016/98/456
f 196/96/457 198/99/458 197/97/455
f 989/100/459 198/99/458 196/96/454
f 249/101/460 198/99/458 989/100/461
f 249/101/460 1115/102/462 198/99/458
f 235/37/425 193/74/442 188/69/423
f 190/36/428 193/74/442 189/70/443
f 191/41/463 194/85/446 202/71/436
f 199/40/433 194/85/446 188/72/431
f 192/37/430 200/86/448 195/69/434
f 201/36/440 200/86/448 202/70/436
f 249/101/460 212/103/464 1115/102/462
f 203/104/465 204/105/466 1033/106/467
f 205/107/468 204/105/466 203/104/465
f 206/35/453 207/73/439 235/37/425
f 986/108/469 205/107/470 203/104/471
f 208/38/472 207/73/439 195/69/473
f 209/109/474 986/108/475 203/104/465
f 227/36/476 235/37/477 191/35/424
f 203/104/471 223/110/478 209/109/474
f 1114/111/479 210/112/480 203/104/471
f 1114/111/479 211/113/481 210/112/482
f 212/103/464 211/113/481 1114/111/479
f 211/113/481 212/103/483 213/114/484
f 249/101/460 213/114/484 212/103/483
f 1014/115/485 1042/116/486 218/117/487
f 1014/115/488 214/118/489 1042/116/490
f 215/119/491 1014/115/488 217/120/492
f 215/119/493 214/118/489 1014/115/485
f 217/120/492 216/121/494 215/119/495
f 1011/122/496 216/121/494 217/120/497
f 218/117/498 220/123/499 219/124/500
f 218/117/498 219/124/500 1014/115/485
f 220/123/501 222/125/502 221/126/503
f 219/124/504 220/123/499 221/126/503
f 223/110/505 203/104/471 210/112/482
f 222/125/506 224/127/507 221/126/503
f 235/37/477 227/36/476 225/38/508
f 222/125/506 985/128/509 224/127/507
f 228/43/510 225/38/508 227/36/511
f 225/38/512 228/43/510 236/44/513
f 226/45/514 236/44/513 228/43/515
f 236/44/513 226/45/516 237/46/517
f 231/40/518 191/41/424 192/39/430
f 191/41/424 231/40/518 227/42/476
f 229/47/519 227/42/511 231/40/518
f 227/42/520 229/47/521 228/48/515
f 234/88/522 228/87/515 229/89/519
f 228/87/515 234/88/522 226/90/514
f 230/36/523 192/37/524 206/35/435
f 192/37/525 230/36/523 231/38/518
f 232/43/526 231/38/518 230/36/523
f 231/38/518 232/43/526 229/44/521
f 233/45/527 229/44/521 232/43/526
f 229/44/521 233/45/528 234/46/522
f 225/38/508 206/35/453 235/37/425
f 206/35/435 225/38/529 230/36/523
f 236/44/530 230/36/523 225/38/529
f 230/36/523 236/44/530 232/43/526
f 237/46/517 232/43/526 236/44/530
f 232/43/526 237/46/531 233/45/532
f 239/36/533 241/35/534 238/37/535
f 238/37/535 240/38/536 239/36/537
f 244/40/538 243/39/539 241/41/534
f 241/41/540 239/42/533 244/40/538
f 242/36/541 258/35/542 243/37/543
f 243/37/543 244/38/538 242/36/544
f 240/38/536 238/37/535 258/35/545
f 258/35/542 242/36/546 240/38/536
f 251/36/547 238/37/535 241/35/540
f 238/37/548 251/36/549 245/38/550
f 246/43/551 245/38/550 251/36/549
f 245/38/550 246/43/552 247/44/553
f 252/45/554 247/44/553 246/43/555
f 247/44/556 252/45/557 260/46/558
f 248/40/559 241/41/540 243/39/539
f 241/41/560 248/40/561 251/42/562
f 249/101/460 990/129/563 1014/115/488
f 990/129/563 249/101/460 989/100/459
f 250/47/564 251/42/549 248/40/565
f 251/42/562 250/47/566 246/48/555
f 257/49/567 246/48/552 250/47/566
f 246/48/551 257/49/567 252/50/554
f 259/36/568 243/37/539 258/35/542
f 243/37/543 259/36/568 248/38/561
f 253/43/569 248/38/559 259/36/568
f 248/38/559 253/43/570 250/44/566
f 210/112/571 221/126/503 224/127/572
f 221/126/503 210/112/480 211/113/481
f 211/113/573 219/124/574 221/126/503
f 219/124/500 211/113/481 213/114/575
f 213/114/575 1014/115/576 219/124/500
f 1014/115/485 213/114/577 249/101/578
f 223/110/505 224/127/579 985/128/580
f 224/127/572 223/110/478 210/112/581
f 406/130/582 405/131/583 436/132/584
f 406/130/585 436/132/584 254/133/586
f 271/1/363 255/59/220 363/3/361
f 271/1/363 326/57/222 255/59/221
f 363/3/361 255/59/221 325/57/218
f 256/45/587 250/44/566 253/43/569
f 250/44/566 256/45/588 257/46/589
f 245/38/550 258/35/542 238/37/535
f 258/35/542 245/38/550 259/36/590
f 912/134/591 405/131/583 913/135/592
f 247/44/556 259/36/590 245/38/550
f 259/36/568 247/44/556 253/43/569
f 260/46/593 253/43/569 247/44/556
f 253/43/570 260/46/558 256/45/588
f 264/136/594 261/137/595 263/138/596
f 262/139/597 264/140/598 265/141/599
f 264/140/600 262/139/601 261/137/595
f 265/141/602 266/142/603 262/139/597
f 263/138/596 265/143/599 264/136/604
f 265/143/599 263/138/605 266/142/603
f 274/136/606 267/137/607 277/138/596
f 926/144/608 407/145/609 431/146/610
f 387/93/611 402/62/612 393/63/613
f 268/3/365 354/58/227 326/57/222
f 163/2/367 354/58/226 268/3/614
f 269/3/3 98/2/615 102/2/616
f 100/3/219 98/2/2 8/1/1
f 926/144/608 431/146/610 270/147/617
f 268/3/618 326/57/222 271/1/364
f 163/2/367 351/60/619 354/58/226
f 272/55/368 351/60/619 163/2/367
f 272/55/368 273/65/620 351/60/621
f 360/56/388 273/65/622 272/55/368
f 275/139/623 274/140/624 278/141/625
f 274/140/604 275/139/626 267/137/607
f 278/141/627 276/142/603 275/139/628
f 277/138/629 278/143/630 274/136/604
f 278/143/631 277/138/629 276/142/632
f 284/148/633 281/149/634 279/150/635
f 280/151/636 284/152/637 282/153/638
f 284/152/639 280/151/640 281/149/641
f 282/153/642 283/154/643 280/151/640
f 279/150/635 282/155/644 284/148/637
f 282/155/638 279/150/645 283/154/643
f 285/148/646 286/149/634 290/150/645
f 288/151/647 285/152/646 287/153/648
f 285/152/646 288/151/647 286/149/634
f 287/153/648 289/154/643 288/151/647
f 290/150/645 287/155/648 285/148/649
f 287/155/642 290/150/650 289/154/651
f 291/156/652 293/157/653 292/158/654
f 293/157/653 291/156/652 294/159/655
f 295/156/656 297/157/656 296/158/656
f 297/157/657 295/156/657 298/159/657
f 299/156/658 301/157/659 300/158/660
f 301/157/659 299/156/658 302/159/661
f 303/156/662 305/157/662 304/158/662
f 305/157/663 303/156/663 306/159/663
f 307/156/664 309/157/664 308/158/664
f 309/157/664 307/156/664 310/159/664
f 311/157/665 313/156/666 312/158/667
f 313/156/666 311/157/668 314/159/669
f 315/157/656 317/156/656 316/158/656
f 318/156/657 320/157/657 319/159/657
f 321/157/670 323/156/671 322/158/672
f 323/156/671 321/157/670 324/159/673
f 416/160/674 420/161/675 412/162/676
f 139/75/313 412/77/677 420/76/678
f 171/2/366 172/58/679 408/55/680
f 325/66/215 364/67/262 172/68/681
f 408/55/389 172/58/682 352/60/256
f 326/80/222 364/67/262 255/82/221
f 354/79/227 364/67/262 326/80/683
f 255/82/221 364/67/262 325/66/218
f 327/157/684 329/156/684 328/158/684
f 329/156/662 327/157/662 330/159/662
f 331/157/685 333/156/685 332/158/685
f 333/156/685 331/157/685 334/159/685
f 335/63/686 372/93/387 348/91/386
f 348/91/386 336/92/687 335/63/686
f 337/64/253 335/63/688 336/92/687
f 336/92/689 353/163/690 337/64/691
f 343/54/692 337/64/691 353/163/693
f 353/163/693 355/51/202 343/54/692
f 99/56/210 143/65/320 338/55/694
f 338/55/695 143/65/320 144/60/696
f 339/164/697 97/165/204 357/166/698
f 357/166/203 421/167/699 339/164/700
f 110/62/251 340/168/701 372/93/387
f 372/93/387 335/63/688 110/62/702
f 141/82/221 114/67/262 112/66/218
f 341/2/213 113/58/216 111/55/212
f 345/160/703 342/61/254 337/64/253
f 337/64/253 343/54/704 345/160/705
f 346/162/315 345/160/705 343/54/692
f 343/54/704 97/53/204 346/162/316
f 414/78/317 346/77/316 97/165/204
f 97/165/204 339/164/697 414/78/317
f 349/95/706 378/169/707 340/168/701
f 340/168/701 110/62/251 349/95/706
f 344/94/708 349/95/706 110/62/709
f 110/62/251 342/61/254 344/94/710
f 356/170/711 344/94/708 342/61/254
f 342/61/254 345/160/712 356/170/711
f 358/161/713 356/170/711 345/160/705
f 345/160/705 346/162/714 358/161/713
f 430/54/715 347/64/716 456/163/717
f 456/163/717 350/51/718 430/54/715
f 336/92/687 348/91/386 378/169/719
f 378/169/719 349/95/720 336/92/689
f 426/53/721 430/54/722 350/51/723
f 350/51/723 462/52/724 426/53/721
f 273/84/620 364/67/262 351/81/725
f 352/83/726 364/67/262 273/84/620
f 353/163/693 336/92/687 349/95/720
f 351/81/619 364/67/262 354/79/226
f 349/95/727 344/94/708 353/163/693
f 355/51/202 353/163/693 344/94/708
f 344/94/708 356/170/728 355/51/729
f 357/52/203 355/51/730 356/170/728
f 356/170/728 358/161/713 357/52/203
f 421/167/731 357/166/203 358/76/713
f 358/76/713 139/75/313 421/167/732
f 427/171/733 359/172/734 404/173/735
f 272/55/368 162/2/362 360/56/388
f 429/62/736 361/168/737 387/93/611
f 387/93/611 428/63/738 429/62/736
f 425/2/739 362/2/2 439/3/740
f 363/3/361 325/57/218 171/2/390
f 172/68/681 364/67/262 352/83/256
f 373/64/741 365/92/742 170/63/383
f 365/92/742 373/64/743 366/163/744
f 367/54/745 366/163/746 373/64/747
f 366/163/748 367/54/745 368/51/749
f 376/53/750 368/51/751 367/54/752
f 368/51/751 376/53/753 385/52/754
f 369/164/313 385/166/755 376/165/750
f 385/166/756 369/164/757 370/167/758
f 371/62/759 372/93/387 340/168/701
f 372/93/387 371/62/451 170/63/383
f 380/61/760 170/63/383 371/62/451
f 170/63/383 380/61/761 373/64/747
f 374/160/762 373/64/747 380/61/763
f 373/64/747 374/160/762 367/54/764
f 375/162/765 367/54/752 374/160/762
f 367/54/752 375/162/765 376/53/750
f 383/78/766 376/165/750 375/77/767
f 376/165/750 383/78/317 369/164/313
f 377/95/768 340/168/701 378/169/719
f 340/168/701 377/95/769 371/62/759
f 432/174/770 435/175/771 379/176/772
f 371/62/759 381/94/450 380/61/761
f 384/170/773 380/61/763 381/94/450
f 380/61/763 384/170/774 374/160/775
f 386/161/776 374/160/775 384/170/773
f 374/160/762 386/161/777 375/162/767
f 382/75/697 375/77/765 386/76/777
f 375/77/767 382/75/697 383/78/317
f 365/92/384 378/169/719 348/91/386
f 378/169/707 365/92/742 377/95/778
f 366/163/748 377/95/452 365/92/779
f 377/95/452 366/163/746 381/94/450
f 368/51/751 381/94/450 366/163/744
f 381/94/450 368/51/751 384/170/780
f 385/52/754 384/170/781 368/51/751
f 384/170/780 385/52/754 386/161/776
f 370/167/758 386/76/776 385/166/754
f 386/76/782 370/167/783 382/75/784
f 393/63/613 422/91/785 387/93/786
f 383/78/766 417/77/787 426/165/721
f 422/91/785 393/63/788 388/92/789
f 911/177/790 390/178/791 389/179/792
f 911/177/793 389/179/792 392/180/794
f 359/172/734 911/177/793 392/180/795
f 404/173/796 359/172/734 392/180/795
f 404/173/797 392/180/795 391/181/798
f 410/64/799 388/92/789 393/63/613
f 388/92/789 410/64/799 394/163/800
f 411/54/801 394/163/800 410/64/802
f 394/163/800 411/54/801 395/51/803
f 413/53/804 395/51/803 411/54/801
f 395/51/803 413/53/804 399/52/805
f 404/173/796 391/181/806 1138/182/807
f 396/183/808 398/184/809 397/185/810
f 994/186/811 396/183/808 397/185/810
f 339/164/697 399/166/805 413/165/812
f 400/187/813 396/183/814 994/186/811
f 399/166/805 339/164/700 421/167/731
f 401/188/815 396/183/808 400/187/813
f 402/62/816 387/93/611 361/168/817
f 396/183/808 401/188/815 437/189/818
f 1140/190/819 396/183/820 403/191/821
f 1140/190/819 403/191/821 379/176/772
f 1138/182/807 1140/190/819 379/176/772
f 379/176/772 435/175/771 1138/182/807
f 404/173/796 1138/182/807 435/175/822
f 436/132/823 1027/192/824 520/193/825
f 436/132/584 520/193/826 254/133/586
f 457/94/827 442/95/828 429/62/829
f 438/1/364 362/2/362 465/3/365
f 405/131/583 406/130/585 913/135/592
f 465/3/365 362/2/362 449/2/367
f 1027/192/830 432/174/770 929/194/831
f 1027/192/830 436/132/584 432/174/770
f 929/194/831 407/145/832 926/144/608
f 432/174/770 407/145/609 929/194/833
f 437/189/818 403/191/821 396/183/808
f 429/62/834 452/61/835 457/94/827
f 408/55/389 352/60/836 360/56/388
f 360/56/388 352/60/726 273/65/620
f 409/61/837 393/63/613 402/62/612
f 393/63/613 409/61/838 410/64/839
f 416/160/840 410/64/802 409/61/838
f 410/64/839 416/160/841 411/54/801
f 412/162/842 411/54/801 416/160/674
f 411/54/801 412/162/676 413/53/843
f 414/78/317 413/165/812 412/77/842
f 413/165/812 414/78/317 339/164/697
f 418/95/844 361/168/737 443/169/845
f 361/168/846 418/95/847 402/62/816
f 415/94/848 402/62/816 418/95/844
f 402/62/816 415/94/848 409/61/838
f 419/170/849 409/61/850 415/94/851
f 409/61/850 419/170/852 416/160/841
f 420/161/675 416/160/841 419/170/849
f 461/161/853 451/170/854 454/160/855
f 454/160/856 417/162/857 461/161/853
f 412/77/676 139/75/858 414/78/317
f 388/92/789 443/169/859 422/91/785
f 443/169/845 388/92/789 418/95/860
f 394/163/800 418/95/847 388/92/789
f 418/95/844 394/163/800 415/94/851
f 395/51/803 415/94/851 394/163/800
f 415/94/861 395/51/803 419/170/849
f 399/52/805 419/170/862 395/51/803
f 419/170/849 399/52/863 420/161/678
f 421/167/731 420/76/675 399/166/805
f 420/76/864 421/167/731 139/75/865
f 428/63/738 387/93/611 422/91/785
f 422/91/866 423/92/867 428/63/738
f 347/64/716 428/63/868 423/92/869
f 423/92/867 456/163/717 347/64/870
f 457/94/827 451/170/854 350/51/723
f 350/51/723 456/163/717 457/94/827
f 424/55/871 362/2/362 425/2/390
f 425/2/739 458/57/872 447/58/216
f 369/164/313 426/165/873 462/166/874
f 462/166/874 370/167/758 369/164/865
f 404/173/735 436/132/584 427/171/875
f 462/52/874 350/51/723 451/170/876
f 439/3/740 362/2/2 438/1/363
f 451/170/877 461/161/853 462/52/724
f 452/61/835 429/62/736 428/63/738
f 428/63/868 347/64/716 452/61/835
f 454/160/855 452/61/835 347/64/878
f 347/64/878 430/54/722 454/160/856
f 417/162/879 454/160/880 430/54/715
f 430/54/715 426/53/721 417/162/787
f 403/191/821 431/146/610 407/145/609
f 407/145/609 379/176/772 403/191/821
f 379/176/772 407/145/609 432/174/881
f 433/83/256 434/67/262 464/84/261
f 435/175/882 432/174/770 436/132/883
f 436/132/584 404/173/796 435/175/884
f 437/189/885 270/147/617 431/146/610
f 431/146/610 403/191/821 437/189/885
f 463/79/226 434/67/262 467/80/886
f 459/81/887 434/67/262 463/79/227
f 438/1/363 448/59/221 439/3/361
f 438/1/364 440/57/224 448/59/220
f 465/3/365 440/57/224 438/1/888
f 465/3/365 441/58/889 440/57/222
f 426/165/873 369/164/865 383/78/317
f 442/95/828 443/169/845 361/168/890
f 361/168/846 429/62/891 442/95/828
f 467/80/892 434/67/262 469/82/221
f 469/82/221 434/67/262 444/66/218
f 450/55/368 471/65/261 453/60/619
f 445/56/388 471/65/261 450/55/368
f 450/55/368 453/60/893 449/2/894
f 424/55/389 446/60/256 445/56/388
f 424/55/871 447/58/681 446/60/256
f 445/56/895 446/60/256 471/65/261
f 458/66/215 470/67/262 447/68/259
f 448/82/221 470/67/262 458/66/896
f 449/2/894 362/2/2 450/55/368
f 425/2/390 447/58/259 424/55/871
f 445/56/895 362/2/362 424/55/897
f 450/55/368 362/2/898 445/56/388
f 451/170/876 457/94/827 452/61/835
f 472/2/899 473/58/216 474/55/900
f 474/55/255 473/58/259 433/60/256
f 441/79/889 470/67/262 440/80/222
f 453/81/619 470/67/262 441/79/901
f 440/80/683 470/67/262 448/82/221
f 452/61/902 454/160/880 451/170/876
f 474/55/212 433/60/319 455/56/903
f 446/83/260 470/67/262 471/84/261
f 382/75/697 461/76/853 417/77/857
f 417/77/857 383/78/766 382/75/904
f 423/92/869 422/91/785 443/169/859
f 443/169/859 442/95/828 423/92/869
f 456/163/717 423/92/869 442/95/828
f 442/95/828 457/94/905 456/163/717
f 439/3/361 448/59/221 458/57/906
f 439/3/907 458/57/908 425/2/909
f 477/55/910 464/65/622 459/60/228
f 477/55/208 459/60/696 460/2/911
f 370/167/758 462/166/874 461/76/912
f 461/76/853 382/75/697 370/167/758
f 341/2/913 98/2/207 100/3/217
f 473/68/259 434/67/262 433/83/256
f 460/2/911 463/58/226 476/3/223
f 464/84/620 434/67/262 459/81/228
f 449/2/367 453/60/696 441/58/889
f 449/2/367 441/58/889 465/3/365
f 476/3/914 467/57/892 466/1/1
f 466/1/1 467/57/222 469/59/221
f 444/66/906 434/67/262 473/68/681
f 466/1/1 469/59/220 468/3/217
f 447/68/216 470/67/262 446/83/256
f 471/84/915 470/67/262 453/81/619
f 455/56/903 433/60/256 464/65/620
f 455/56/903 464/65/622 477/55/208
f 468/3/217 444/57/906 472/2/213
f 472/2/913 444/57/906 473/58/916
f 460/2/911 459/60/228 463/58/226
f 474/55/258 475/2/207 472/2/213
f 476/3/3 463/58/226 467/57/224
f 455/56/903 475/2/2 474/55/212
f 468/3/917 475/2/615 466/1/1
f 466/1/1 475/2/615 476/3/3
f 468/3/917 469/59/221 444/57/906
f 460/2/911 475/2/615 477/55/208
f 477/55/208 475/2/207 455/56/903
f 472/2/213 475/2/207 468/3/917
f 476/3/914 475/2/615 460/2/918
f 478/195/919 480/196/920 479/197/921
f 481/198/922 502/199/923 551/200/924
f 546/201/925 483/202/926 482/203/927
f 484/204/928 486/205/928 485/206/928
f 487/207/929 489/208/929 488/209/929
f 490/210/930 492/211/931 491/212/932
f 971/213/933 480/196/934 478/195/935
f 483/202/926 546/201/936 493/214/937
f 494/215/938 496/216/938 495/217/938
f 497/218/939 499/219/939 498/220/939
f 500/221/940 501/222/941 1051/223/942
f 501/222/941 500/221/943 971/213/944
f 523/224/945 547/225/946 502/226/947
f 502/226/947 504/227/948 503/228/949
f 503/228/949 504/227/948 505/229/950
f 523/224/945 567/230/951 547/225/946
f 502/226/947 547/225/946 504/227/948
f 566/231/952 567/230/951 523/224/945
f 518/232/953 507/209/954 506/208/955
f 508/233/956 510/234/957 509/235/958
f 509/235/959 510/234/960 511/236/961
f 512/237/962 514/238/963 513/239/962
f 514/238/963 516/220/964 515/218/965
f 539/240/966 518/232/967 506/208/955
f 517/241/968 518/242/969 539/243/970
f 492/211/971 517/241/968 491/212/972
f 517/241/973 492/211/971 518/242/953
f 519/244/974 520/245/825 539/246/966
f 521/247/964 519/244/974 516/220/964
f 522/202/975 566/214/952 523/248/945
f 524/215/976 526/217/976 525/216/976
f 527/249/977 541/250/978 568/234/979
f 528/218/980 506/220/981 529/219/980
f 530/238/982 532/218/982 531/220/982
f 535/240/983 533/208/984 550/207/985
f 490/210/986 491/212/972 534/251/987
f 556/244/988 535/246/989 1042/245/490
f 558/198/990 536/252/991 559/199/992
f 536/253/993 545/254/994 559/255/992
f 537/247/995 506/220/981 538/238/995
f 519/244/974 539/246/966 506/220/955
f 540/237/996 537/247/996 538/238/996
f 527/249/977 931/256/997 541/250/978
f 542/257/998 543/215/999 541/258/978
f 543/215/1000 544/217/1001 541/258/978
f 931/256/1002 527/249/977 517/241/973
f 931/259/1003 542/257/1004 541/258/978
f 539/243/966 931/256/997 517/241/968
f 559/226/1005 545/228/994 504/227/948
f 545/228/994 505/229/950 504/227/948
f 546/224/1006 559/226/992 547/225/946
f 559/226/992 504/227/948 547/225/946
f 493/231/1007 546/224/1006 567/230/951
f 546/224/1006 547/225/946 567/230/1008
f 527/249/977 568/234/1009 491/212/972
f 541/250/978 548/236/1010 568/234/979
f 517/241/968 527/249/977 491/212/1011
f 549/260/1012 550/261/1013 534/251/1014
f 549/260/1012 535/262/983 550/261/1015
f 534/251/987 491/212/972 549/260/1016
f 551/263/1017 502/255/947 503/254/949
f 552/203/1018 523/248/945 481/264/922
f 481/264/922 523/248/945 502/265/1019
f 523/248/945 552/203/1020 522/202/975
f 553/237/1021 555/238/1022 554/247/1023
f 554/247/1024 557/220/1025 556/244/988
f 556/244/988 557/220/1025 535/246/1026
f 558/264/990 559/265/1005 546/201/1006
f 554/247/1024 555/238/1022 557/220/1025
f 482/203/1027 558/264/990 546/201/1006
f 560/233/1028 564/235/1029 1043/266/1030
f 561/257/1031 564/258/1029 562/215/1032
f 562/215/1033 564/258/1034 563/217/1035
f 1043/266/1036 549/260/1016 560/233/1028
f 1043/259/1030 564/258/1037 561/257/1031
f 535/262/1026 549/260/1016 1043/266/1030
f 560/267/1028 568/268/979 564/269/1029
f 565/270/1038 603/271/1038 566/272/1039
f 566/272/952 603/271/1040 567/273/1008
f 560/233/1028 491/212/972 568/234/979
f 564/269/1029 568/268/1041 548/274/961
f 549/260/1016 491/212/972 560/233/1028
f 569/275/1042 571/276/1042 570/277/1042
f 572/276/1043 574/278/1044 573/279/1043
f 573/279/1045 574/278/1044 575/280/1046
f 576/276/1047 578/275/1047 577/278/1047
f 574/278/1044 579/281/1048 575/280/1046
f 575/280/1046 579/281/1049 580/282/1049
f 581/278/1050 583/275/1050 582/283/1050
f 584/278/1051 586/283/1051 585/281/1051
f 587/284/1052 589/285/1052 588/286/1052
f 590/286/1053 592/287/1053 591/288/1054
f 592/287/1055 593/289/1056 591/288/1057
f 594/286/1058 596/288/1058 595/284/1058
f 591/288/1057 593/289/1056 579/281/1059
f 593/289/1056 580/282/1049 579/281/1049
f 597/288/1060 599/283/1060 598/284/1060
f 600/288/1061 602/281/1061 601/283/1061
f 493/290/1007 567/291/1062 603/292/1040
f 604/293/1063 493/290/937 603/292/1063
f 657/294/1064 663/295/1065 605/296/1066
f 794/297/1067 606/298/1068 792/299/1069
f 630/300/1070 618/301/1071 634/302/1072
f 618/301/1073 642/303/1074 607/304/1075
f 607/304/1075 634/302/1076 618/301/1077
f 630/300/1078 632/305/1079 641/306/1080
f 607/304/1075 641/306/1081 632/305/1082
f 607/304/1075 608/307/1083 641/306/1084
f 609/308/1085 611/309/1085 610/310/1085
f 612/311/1086 614/312/1086 613/313/1086
f 643/314/1087 615/315/1088 608/316/1089
f 643/314/1087 608/316/1090 616/317/1091
f 617/318/1092 668/319/1093 649/320/1094
f 644/321/1095 668/319/1096 624/322/1097
f 618/323/1077 619/324/1098 646/325/1099
f 627/326/1100 619/324/1101 618/323/1077
f 645/313/1102 621/312/1103 620/310/1104
f 615/315/1105 617/318/1106 630/309/1070
f 616/317/1107 646/325/1099 644/321/1095
f 618/323/1108 646/325/1099 616/317/1107
f 618/323/1077 622/308/1109 627/326/1110
f 630/309/1078 622/308/1109 618/323/1073
f 630/309/1078 641/327/1111 615/315/1088
f 616/317/1107 642/328/1074 618/323/1077
f 630/309/1078 645/313/1102 620/310/1104
f 645/313/1102 617/318/1106 649/320/1112
f 623/311/1113 646/325/1114 619/324/1098
f 645/313/1102 646/325/1115 623/311/1113
f 630/309/1078 617/318/1092 645/313/1116
f 644/321/1095 646/325/1114 667/329/1117
f 643/314/1087 624/322/1097 617/318/1092
f 643/314/1087 616/317/1091 624/322/1097
f 625/330/1118 621/331/1103 626/332/1119
f 620/333/1104 621/331/1103 625/330/1118
f 625/330/1118 622/334/1109 620/333/1104
f 622/334/1120 628/335/1121 627/336/1110
f 625/330/1122 628/335/1121 622/334/1120
f 626/332/1119 621/331/1103 623/337/1113
f 629/338/1123 623/337/1113 619/339/1098
f 626/332/1124 623/337/1113 629/338/1123
f 635/340/1125 630/341/1126 634/342/1072
f 630/341/1070 635/340/1127 631/343/1128
f 631/343/1129 632/344/1130 630/341/1131
f 632/344/1132 631/343/1133 636/345/1134
f 632/344/1130 633/346/1135 607/347/1075
f 632/344/1082 636/345/1136 633/346/1135
f 607/347/1075 635/340/1125 634/342/1137
f 607/347/1075 633/346/1135 635/340/1125
f 639/348/1138 631/294/1128 635/349/1127
f 631/294/1128 639/348/1139 640/350/1140
f 631/294/1128 638/296/1141 636/295/1134
f 631/294/1128 640/350/1142 638/296/1141
f 636/295/1136 637/351/1143 633/352/1135
f 636/295/1134 638/296/1144 637/351/1145
f 633/352/1135 639/348/1146 635/349/1127
f 640/350/1140 639/348/1146 637/351/1147
f 640/350/1140 637/351/1145 638/296/1141
f 633/352/1135 637/351/1145 639/348/1146
f 607/304/1075 642/303/1148 608/307/1090
f 608/316/1090 615/315/1105 641/327/1084
f 616/317/1091 608/316/1090 642/328/1074
f 615/315/1088 643/314/1087 617/318/1092
f 624/322/1097 668/319/1149 617/318/1106
f 624/322/1150 616/317/1091 644/321/1151
f 644/321/1095 667/329/1152 668/319/1153
f 645/300/1102 647/302/1154 646/301/1155
f 646/301/1099 650/304/1156 667/303/1157
f 650/304/1156 646/301/1099 647/302/1158
f 645/300/1102 649/306/1112 648/305/1159
f 650/304/1160 648/305/1161 649/306/1094
f 650/304/1162 649/306/1094 668/307/1149
f 658/340/1163 647/342/1158 645/341/1164
f 645/341/1165 657/343/1064 658/340/1166
f 657/343/1064 645/341/1165 648/344/1161
f 648/344/1161 663/345/1065 657/343/1064
f 648/344/1167 650/347/1156 665/346/1168
f 651/344/1169 653/346/1170 652/345/1169
f 654/347/1171 656/342/1172 655/340/1173
f 654/347/1171 655/340/1174 653/346/1175
f 666/348/1176 658/349/1177 657/294/1064
f 657/294/1064 659/350/1178 666/348/1179
f 660/353/1180 662/354/1180 661/355/1180
f 657/294/1064 605/296/1181 659/350/1178
f 663/295/1065 665/352/1168 664/351/1182
f 663/295/1183 664/351/1182 605/296/1184
f 665/352/1185 658/349/1186 666/348/1176
f 659/350/1178 664/351/1182 666/348/1179
f 659/350/1178 605/296/1187 664/351/1188
f 665/352/1168 666/348/1189 664/351/1190
f 650/304/1156 668/307/1093 667/303/1157
f 669/356/1191 670/357/1192 691/358/1193
f 676/359/1194 670/357/1192 671/298/1195
f 671/298/1195 670/357/1196 672/360/1197
f 672/360/1197 670/357/1196 673/361/1198
f 673/361/1199 670/357/1196 669/356/1191
f 673/361/1198 669/356/1200 681/362/1201
f 681/362/1202 669/356/1191 691/358/1203
f 704/363/1204 682/364/1205 692/365/1206
f 692/365/1207 691/358/1203 717/366/1208
f 674/367/1209 692/368/1207 675/369/1210
f 717/370/1211 675/369/1212 692/368/1207
f 717/370/1208 676/371/1194 675/369/1212
f 675/369/1210 676/371/1194 677/372/1213
f 677/299/1214 671/298/1215 685/297/1216
f 676/359/1194 671/298/1195 677/299/1213
f 685/297/1216 671/298/1215 678/373/1217
f 678/373/1218 672/360/1219 679/374/1220
f 671/298/1215 672/360/1197 678/373/1218
f 679/374/1220 672/360/1197 689/375/1221
f 688/376/1222 672/360/1197 673/361/1199
f 689/375/1223 672/360/1197 688/376/1222
f 688/376/1222 673/361/1199 680/377/1224
f 680/377/1224 673/361/1199 681/362/1201
f 704/363/1225 681/362/1202 682/364/1226
f 705/378/1227 692/368/1207 674/367/1228
f 683/379/1229 674/367/1209 675/369/1212
f 705/378/1227 674/367/1230 683/379/1229
f 683/379/1229 675/369/1210 684/380/1231
f 707/381/1232 675/369/1210 677/372/1214
f 684/380/1231 675/369/1210 707/381/1233
f 707/382/1233 677/299/1234 685/297/1235
f 686/383/1236 678/373/1218 679/374/1237
f 686/383/1236 679/374/1220 687/384/1238
f 710/385/1239 679/374/1220 689/375/1221
f 687/384/1238 679/374/1220 710/385/1240
f 714/386/1241 689/375/1223 688/376/1222
f 710/385/1240 689/375/1223 714/386/1241
f 712/387/1242 688/376/1222 680/377/1224
f 714/386/1243 688/376/1222 712/387/1242
f 712/387/1244 680/377/1224 715/388/1245
f 690/389/1246 680/377/1224 681/362/1202
f 715/388/1247 680/377/1224 690/389/1246
f 690/389/1248 681/362/1202 704/363/1249
f 691/358/1193 692/365/1207 682/364/1226
f 691/358/1203 682/364/1205 681/362/1202
f 696/356/1250 693/358/1251 716/357/1252
f 694/359/1253 695/298/1254 716/357/1252
f 695/298/1255 700/360/1256 716/357/1252
f 700/360/1257 702/361/1258 716/357/1252
f 702/361/1258 696/356/1250 716/357/1252
f 702/361/1259 703/362/1260 696/356/1261
f 703/362/1262 693/358/1263 696/356/1250
f 704/363/1225 692/365/1206 697/364/1264
f 692/365/1206 699/390/1265 693/358/1263
f 698/391/1266 706/392/1267 692/368/1206
f 699/393/1265 692/368/1206 706/392/1268
f 699/393/1265 706/392/1267 694/394/1253
f 706/392/1269 708/395/1270 694/394/1271
f 695/298/1272 694/359/1273 708/299/1274
f 685/297/1235 695/298/1275 708/299/1276
f 685/297/1235 678/373/1218 695/298/1277
f 678/373/1218 709/374/1278 700/360/1279
f 695/298/1272 678/373/1280 700/360/1256
f 709/374/1281 711/375/1282 700/360/1256
f 701/376/1283 702/361/1258 700/360/1257
f 711/375/1284 701/376/1283 700/360/1257
f 701/376/1283 713/377/1285 702/361/1258
f 713/377/1285 703/362/1260 702/361/1258
f 704/363/1225 697/364/1286 703/362/1262
f 705/378/1287 698/391/1266 692/368/1206
f 683/379/1229 706/392/1267 698/391/1266
f 705/378/1227 683/379/1229 698/391/1266
f 683/379/1229 684/380/1231 706/392/1269
f 707/381/1233 708/395/1270 706/392/1269
f 684/380/1231 707/381/1232 706/392/1267
f 707/382/1233 685/297/1288 708/299/1270
f 686/383/1236 709/374/1289 678/373/1218
f 686/383/1236 687/384/1238 709/374/1289
f 710/385/1240 711/375/1284 709/374/1278
f 687/384/1238 710/385/1240 709/374/1290
f 714/386/1241 701/376/1283 711/375/1282
f 710/385/1239 714/386/1241 711/375/1282
f 712/387/1242 713/377/1291 701/376/1292
f 714/386/1241 712/387/1242 701/376/1283
f 712/387/1244 715/388/1247 713/377/1285
f 690/389/1246 703/362/1260 713/377/1285
f 715/388/1245 690/389/1246 713/377/1285
f 690/389/1246 704/363/1293 703/362/1262
f 693/358/1294 697/364/1286 692/365/1206
f 693/358/1294 703/362/1262 697/364/1286
f 716/357/1252 693/358/1263 699/390/1295
f 716/396/1252 699/393/1265 694/394/1296
f 670/357/1196 717/366/1297 691/358/1203
f 670/397/1196 676/371/1194 717/370/1208
f 718/300/1298 719/301/1073 721/302/1299
f 719/301/1073 720/303/1074 723/304/1300
f 723/304/1301 721/302/1302 719/301/1303
f 718/300/1298 724/305/1304 722/306/1080
f 723/304/1305 722/306/1111 724/305/1306
f 723/304/1307 725/307/1089 722/306/1308
f 735/308/1309 718/309/1298 726/310/1310
f 739/311/1311 734/312/1312 753/313/1313
f 727/314/1314 748/315/1088 725/316/1083
f 727/314/1087 725/316/1090 730/317/1107
f 749/318/1106 750/319/1149 752/320/1094
f 728/321/1151 750/319/1093 731/322/1097
f 719/323/1077 729/324/1098 751/325/1099
f 736/326/1100 729/324/1101 719/323/1077
f 753/313/1313 734/312/1315 726/310/1316
f 748/315/1088 749/318/1106 718/309/1298
f 730/317/1091 751/325/1099 728/321/1151
f 719/323/1073 751/325/1099 730/317/1107
f 719/323/1077 735/308/1309 736/326/1110
f 718/309/1317 735/308/1309 719/323/1073
f 718/309/1298 722/327/1084 748/315/1088
f 730/317/1107 720/328/1074 719/323/1073
f 718/309/1298 753/313/1318 726/310/1316
f 753/313/1313 749/318/1106 752/320/1319
f 739/311/1320 751/325/1114 729/324/1098
f 753/313/1318 751/325/1114 739/311/1320
f 718/309/1298 749/318/1092 753/313/1313
f 728/321/1151 751/325/1115 765/329/1321
f 727/314/1087 731/322/1322 749/318/1106
f 727/314/1314 730/317/1107 731/322/1097
f 732/330/1118 734/331/1323 733/332/1119
f 726/333/1316 734/331/1312 732/330/1324
f 732/330/1118 735/334/1325 726/333/1316
f 735/334/1309 737/335/1121 736/336/1110
f 732/330/1122 737/335/1121 735/334/1309
f 733/332/1119 734/331/1315 739/337/1320
f 738/338/1123 739/337/1311 729/339/1098
f 733/332/1124 739/337/1320 738/338/1123
f 744/340/1326 718/341/1317 721/342/1302
f 718/341/1317 744/340/1327 740/343/1328
f 740/343/1328 724/344/1306 718/341/1298
f 724/344/1306 740/343/1329 741/345/1330
f 724/344/1304 742/346/1331 723/347/1305
f 724/344/1306 741/345/1330 742/346/1331
f 723/347/1305 744/340/1327 721/342/1299
f 723/347/1305 742/346/1331 744/340/1332
f 743/348/1333 740/294/1328 744/349/1326
f 740/294/1328 743/348/1334 745/350/1335
f 740/294/1336 747/296/1337 741/295/1338
f 740/294/1339 745/350/1340 747/296/1341
f 741/295/1342 746/351/1343 742/352/1331
f 741/295/1330 747/296/1344 746/351/1343
f 742/352/1331 743/348/1345 744/349/1327
f 745/350/1346 743/348/1333 746/351/1343
f 745/350/1335 746/351/1343 747/296/1341
f 742/352/1331 746/351/1343 743/348/1347
f 723/304/1305 720/303/1148 725/307/1090
f 725/316/1089 748/315/1348 722/327/1084
f 730/317/1091 725/316/1089 720/328/1074
f 748/315/1088 727/314/1087 749/318/1106
f 731/322/1322 750/319/1149 749/318/1106
f 731/322/1322 730/317/1091 728/321/1151
f 728/321/1349 765/329/1152 750/319/1153
f 753/300/1350 754/302/1351 751/301/1155
f 751/301/1099 757/304/1352 765/303/1157
f 757/304/1353 751/301/1099 754/302/1351
f 753/300/1318 752/306/1112 755/305/1354
f 757/304/1355 755/305/1356 752/306/1112
f 757/304/1353 752/306/1094 750/307/1149
f 758/340/1357 754/342/1358 753/341/1318
f 753/341/1318 760/343/1359 758/340/1360
f 760/343/1361 753/341/1362 755/344/1354
f 755/344/1356 762/345/1363 760/343/1359
f 755/344/1356 757/347/1352 756/346/1364
f 755/344/1354 756/346/1365 762/345/1363
f 757/347/1353 754/342/1351 758/340/1366
f 757/347/1352 758/340/1357 756/346/1365
f 759/348/1367 758/349/1360 760/294/1359
f 760/294/1359 761/350/1368 759/348/1369
f 760/294/1359 762/295/1370 764/296/1371
f 760/294/1359 764/296/1371 761/350/1372
f 762/295/1373 756/352/1365 763/351/1374
f 762/295/1370 763/351/1374 764/296/1375
f 756/352/1376 758/349/1357 759/348/1369
f 761/350/1368 763/351/1374 759/348/1367
f 761/350/1368 764/296/1377 763/351/1374
f 756/352/1365 759/348/1367 763/351/1374
f 757/304/1352 750/307/1093 765/303/1378
f 766/356/1379 768/357/1380 767/358/1381
f 773/359/1382 768/357/1380 774/298/1383
f 774/298/1384 768/357/1380 775/360/1385
f 775/360/1386 768/357/1380 769/361/1387
f 769/361/1387 768/357/1388 766/356/1389
f 769/361/1390 766/356/1379 778/362/1391
f 778/362/1391 766/356/1389 767/358/1392
f 796/363/1393 770/364/1394 772/365/1395
f 772/365/1395 767/358/1392 814/366/1396
f 779/367/1397 772/368/1395 771/369/1398
f 814/370/1396 771/369/1399 772/368/1395
f 814/370/1396 773/371/1382 771/369/1399
f 771/369/1399 773/371/1382 781/372/1400
f 781/299/1400 774/298/1383 794/297/1067
f 773/359/1382 774/298/1384 781/299/1400
f 794/297/1067 774/298/1384 795/373/1401
f 795/373/1402 775/360/1386 782/374/1403
f 774/298/1384 775/360/1386 795/373/1404
f 782/374/1403 775/360/1386 784/375/1405
f 776/376/1406 775/360/1386 769/361/1387
f 784/375/1407 775/360/1386 776/376/1408
f 776/376/1406 769/361/1387 777/377/1409
f 777/377/1409 769/361/1387 778/362/1410
f 796/363/1411 778/362/1410 770/364/1412
f 797/378/1413 772/368/1395 779/367/1397
f 780/379/1414 779/367/1415 771/369/1399
f 797/378/1413 779/367/1397 780/379/1416
f 780/379/1414 771/369/1398 799/380/1417
f 800/381/1418 771/369/1398 781/372/1419
f 799/380/1420 771/369/1399 800/381/1421
f 800/382/1421 781/299/1400 794/297/1067
f 801/383/1422 795/373/1402 782/374/1403
f 801/383/1423 782/374/1424 783/384/1425
f 803/385/1426 782/374/1403 784/375/1405
f 783/384/1425 782/374/1403 803/385/1427
f 805/386/1428 784/375/1407 776/376/1408
f 803/385/1429 784/375/1407 805/386/1428
f 807/387/1430 776/376/1406 777/377/1431
f 805/386/1428 776/376/1432 807/387/1430
f 807/387/1430 777/377/1431 809/388/1433
f 785/389/1434 777/377/1409 778/362/1410
f 809/388/1435 777/377/1431 785/389/1434
f 785/389/1434 778/362/1391 796/363/1436
f 767/358/1392 772/365/1395 770/364/1412
f 767/358/1381 770/364/1412 778/362/1391
f 786/356/1437 810/358/1438 812/357/1439
f 787/359/1440 606/298/1068 812/357/1439
f 606/298/1441 788/360/1442 812/357/1439
f 788/360/1442 789/361/1443 812/357/1439
f 789/361/1444 786/356/1437 812/357/1439
f 789/361/1443 790/362/1445 786/356/1437
f 790/362/1445 810/358/1446 786/356/1437
f 796/363/1393 772/365/1395 811/364/1447
f 772/365/1395 813/390/1448 810/358/1446
f 791/391/1449 798/392/1450 772/368/1395
f 813/393/1451 772/368/1395 798/392/1450
f 813/393/1448 798/392/1450 787/394/1440
f 798/392/1450 792/395/1452 787/394/1453
f 606/298/1068 787/359/1453 792/299/1452
f 853/398/1454 793/399/1455 847/398/1456
f 794/297/1457 795/373/1404 606/298/1068
f 795/373/1404 802/374/1458 788/360/1442
f 606/298/1068 795/373/1404 788/360/1442
f 802/374/1459 804/375/1460 788/360/1461
f 806/376/1462 789/361/1463 788/360/1442
f 804/375/1460 806/376/1462 788/360/1442
f 806/376/1462 808/377/1464 789/361/1443
f 808/377/1464 790/362/1445 789/361/1463
f 796/363/1393 811/364/1465 790/362/1445
f 797/378/1413 791/391/1449 772/368/1466
f 780/379/1467 798/392/1450 791/391/1449
f 797/378/1413 780/379/1414 791/391/1468
f 780/379/1467 799/380/1417 798/392/1450
f 800/381/1421 792/395/1452 798/392/1469
f 799/380/1470 800/381/1471 798/392/1472
f 800/382/1421 794/297/1067 792/299/1452
f 801/383/1473 802/374/1458 795/373/1402
f 801/383/1422 783/384/1425 802/374/1459
f 803/385/1429 804/375/1460 802/374/1458
f 783/384/1425 803/385/1429 802/374/1458
f 805/386/1428 806/376/1462 804/375/1460
f 803/385/1427 805/386/1428 804/375/1460
f 807/387/1430 808/377/1464 806/376/1462
f 805/386/1428 807/387/1430 806/376/1462
f 807/387/1430 809/388/1433 808/377/1464
f 785/389/1434 790/362/1445 808/377/1474
f 809/388/1435 785/389/1475 808/377/1464
f 785/389/1434 796/363/1436 790/362/1445
f 810/358/1446 811/364/1465 772/365/1395
f 810/358/1446 790/362/1445 811/364/1447
f 812/357/1439 810/358/1446 813/390/1451
f 812/396/1439 813/393/1476 787/394/1477
f 768/357/1478 814/366/1396 767/358/1381
f 768/397/1380 773/371/1382 814/370/1396
f 815/354/1180 817/353/1180 816/400/1180
f 818/401/1479 820/402/1480 819/403/1481
f 820/402/1480 818/401/1482 821/404/1480
f 822/405/1483 819/403/1481 823/406/1483
f 819/403/1484 822/405/1483 818/401/1482
f 824/353/1485 826/355/1485 825/354/1485
f 825/354/1485 827/400/1485 824/353/1485
f 828/401/1486 830/403/1487 829/402/1488
f 829/402/1488 831/404/1488 828/401/1486
f 832/405/1489 833/406/1489 830/403/1487
f 830/403/1490 828/401/1491 832/405/1489
f 861/407/1492 837/408/1493 834/409/1494
f 834/409/1495 837/408/1493 835/410/1496
f 835/410/1496 837/408/1493 836/411/1497
f 836/411/1497 837/408/1493 866/412/1498
f 838/399/1499 840/398/1499 839/399/1499
f 842/413/1500 841/414/1501 845/414/1502
f 866/412/1498 837/408/1493 860/415/1503
f 842/413/1500 844/399/1504 843/416/1505
f 844/399/1504 842/413/1506 845/414/1502
f 841/414/1507 842/413/1500 846/413/1508
f 843/416/1509 846/413/1510 842/413/1500
f 854/417/1511 847/398/1512 793/399/1513
f 843/416/1509 854/417/1511 846/413/1508
f 853/398/1514 843/416/1509 844/399/1504
f 848/417/1515 850/416/1515 849/398/1515
f 854/417/1511 841/414/1507 846/413/1508
f 841/414/1516 854/417/1511 793/399/1513
f 881/398/1517 852/399/1518 851/398/1456
f 847/398/1519 854/417/1511 853/398/1520
f 855/413/1500 880/414/1501 856/414/1502
f 880/414/1507 855/413/1500 879/413/1521
f 852/399/1522 881/398/1517 882/399/1523
f 882/399/1524 855/413/1506 856/414/1502
f 857/416/1525 859/417/1525 858/413/1525
f 860/415/1503 837/408/1493 861/407/1526
f 861/407/1527 901/418/1528 862/419/1529
f 855/413/1500 882/399/1523 883/416/1530
f 863/420/1531 865/421/1531 864/422/1531
f 834/409/1494 901/418/1528 861/407/1527
f 835/410/1496 895/423/1532 896/424/1533
f 836/411/1534 895/423/1532 835/410/1496
f 836/411/1535 900/425/1536 895/423/1537
f 866/412/1498 900/425/1536 836/411/1534
f 866/412/1538 867/426/1539 900/425/1536
f 860/415/1540 867/426/1539 866/412/1498
f 860/415/1541 862/419/1542 867/426/1539
f 861/407/1527 862/419/1529 860/415/1503
f 901/418/1543 897/427/1544 862/419/1542
f 868/428/1545 869/429/1546 876/430/1547
f 870/422/1548 872/421/1549 871/420/1549
f 869/429/1546 868/428/1550 873/431/1550
f 874/431/1551 875/428/1552 869/429/1546
f 876/430/1547 869/429/1546 875/428/1553
f 877/432/1549 871/420/1549 872/421/1549
f 878/417/1554 880/414/1555 879/413/1521
f 881/398/1517 883/416/1530 882/399/1523
f 878/417/1554 851/398/1556 852/399/1518
f 851/398/1557 878/417/1558 881/398/1517
f 880/414/1555 878/417/1554 852/399/1522
f 884/417/1559 886/416/1559 885/398/1559
f 893/425/1560 888/427/1561 899/423/1562
f 899/423/1562 888/427/1544 887/424/1533
f 887/424/1563 888/427/1544 903/418/1564
f 903/418/1528 888/427/1544 889/419/1565
f 902/407/1527 889/419/1542 890/415/1503
f 890/415/1566 889/419/1565 891/426/1567
f 890/415/1503 891/426/1539 892/412/1568
f 892/412/1498 891/426/1539 893/425/1536
f 894/410/1569 899/423/1532 887/424/1563
f 892/412/1568 893/425/1536 898/411/1534
f 892/412/1498 908/408/1493 890/415/1503
f 890/415/1566 908/408/1493 902/407/1492
f 898/411/1497 899/423/1562 894/410/1569
f 894/410/1569 908/408/1493 898/411/1534
f 883/416/1530 879/413/1521 855/413/1500
f 898/411/1534 908/408/1570 892/412/1498
f 907/409/1495 908/408/1570 894/410/1569
f 895/423/1537 897/427/1561 896/424/1533
f 898/411/1497 893/425/1571 899/423/1562
f 900/425/1536 897/427/1544 895/423/1532
f 896/424/1533 897/427/1561 901/418/1528
f 902/407/1526 903/418/1528 889/419/1542
f 904/421/1572 906/420/1572 905/432/1572
f 891/426/1539 888/427/1561 893/425/1536
f 889/419/1542 888/427/1544 891/426/1567
f 862/419/1573 897/427/1561 867/426/1539
f 867/426/1539 897/427/1544 900/425/1574
f 907/409/1575 903/418/1528 902/407/1576
f 902/407/1492 908/408/1493 907/409/1495
f 1326/433/1577 1328/434/1578 1327/435/1579
f 1329/436/1580 1331/437/1581 1330/438/1580
f 1332/439/1582 1334/440/1583 1333/441/1584
f 1329/436/1585 1330/438/1586 1327/435/1587
f 1330/438/1588 1331/437/1581 1334/440/1589
f 1334/440/1590 1331/437/1581 1335/442/1591
f 1336/443/1592 1328/434/1578 1326/433/1577
f 1330/438/1593 1326/433/1577 1327/435/1594
f 1333/441/1595 1334/440/1583 1335/442/1596
f 1337/444/1597 1336/443/1598 1326/433/1577
f 1350/445/1599 1354/446/1600 1353/447/1601
f 1350/445/1599 1355/448/1602 1354/446/1600
f 1350/445/1599 1356/449/1603 1355/448/1604
f 1350/445/1605 1357/450/1606 1356/449/1603
f 1350/445/1605 1351/451/1607 1357/450/1608
f 1350/445/1599 1358/452/1609 1351/451/1610
f 1350/445/1605 1353/447/1601 1358/452/1609
f 1352/445/1611 1353/447/1612 1354/446/1600
f 1352/445/1611 1354/446/1600 1355/448/1602
f 1352/445/1611 1355/448/1604 1356/449/1613
f 1352/445/1611 1356/449/1613 1357/450/1614
f 1352/445/1611 1357/450/1615 1351/451/1610
f 1352/445/1611 1351/451/1610 1358/452/1616
f 1352/445/1611 1358/452/1616 1353/447/1601
f 1379/445/1617 1380/447/1618 1384/446/1619
f 1379/445/1617 1384/446/1620 1381/448/1621
f 1379/445/1617 1381/448/1621 1385/449/1622
f 1379/445/1617 1385/449/1622 1386/450/1623
f 1379/445/1617 1386/450/1624 1387/451/1625
f 1379/445/1617 1387/451/1626 1382/452/1627
f 1379/445/1617 1382/452/1628 1380/447/1618
f 1383/445/1629 1384/446/1620 1380/447/1630
f 1383/445/1631 1381/448/1621 1384/446/1632
f 1383/445/1629 1385/449/1622 1381/448/1621
f 1383/445/1629 1386/450/1633 1385/449/1622
f 1383/445/1629 1387/451/1634 1386/450/1635
f 1383/445/1629 1382/452/1628 1387/451/1626
f 1383/445/1629 1380/447/1618 1382/452/1636
f 1408/445/1605 1409/446/1600 1414/447/1601
f 1408/445/1605 1415/448/1602 1409/446/1600
f 1408/445/1605 1410/449/1603 1415/448/1604
f 1408/445/1599 1411/450/1637 1410/449/1603
f 1408/445/1605 1416/451/1607 1411/450/1638
f 1408/445/1605 1412/452/1616 1416/451/1639
f 1408/445/1605 1414/447/1601 1412/452/1609
f 1413/445/1611 1414/447/1601 1409/446/1640
f 1413/445/1611 1409/446/1641 1415/448/1602
f 1413/445/1611 1415/448/1604 1410/449/1642
f 1413/445/1611 1410/449/1642 1411/450/1614
f 1413/445/1611 1411/450/1615 1416/451/1643
f 1413/445/1611 1416/451/1643 1412/452/1616
f 1413/445/1611 1412/452/1616 1414/447/1601
f 1437/445/1644 1438/447/1618 1442/446/1619
f 1437/445/1644 1442/446/1632 1439/448/1621
f 1437/445/1617 1439/448/1645 1443/449/1622
f 1437/445/1617 1443/449/1622 1444/450/1646
f 1437/445/1617 1444/450/1647 1445/451/1626
f 1437/445/1617 1445/451/1625 1440/452/1628
f 1437/445/1617 1440/452/1628 1438/447/1618
f 1441/445/1629 1442/446/1620 1438/447/1630
f 1441/445/1629 1439/448/1621 1442/446/1632
f 1441/445/1629 1443/449/1622 1439/448/1621
f 1441/445/1629 1444/450/1647 1443/449/1622
f 1441/445/1629 1445/451/1625 1444/450/1624
f 1441/445/1629 1440/452/1648 1445/451/1625
f 1441/445/1629 1438/447/1618 1440/452/1628
usemtl material_263.003
f 427/453/875 933/454/1649 909/455/1650
f 436/456/584 1021/457/1651 933/458/1649
f 934/459/1652 909/455/1653 910/460/1654
f 390/461/791 911/462/793 1144/463/1655
f 934/459/1652 427/453/1656 909/455/1653
f 427/464/875 436/456/584 933/458/1649
f 912/465/591 913/466/592 914/467/1657
f 1021/457/1658 405/468/583 1020/469/1659
f 405/468/583 912/465/591 1018/470/1660
f 398/471/1661 939/472/1662 397/473/810
f 436/456/883 405/468/1663 1021/457/1651
f 912/465/591 914/467/1657 1018/470/1660
f 397/473/1664 939/472/1662 923/474/1665
f 915/475/1666 1019/476/1667 920/477/1668
f 916/478/1669 995/479/1670 917/480/1671
f 939/472/1662 975/481/1672 976/482/1673
f 953/483/1674 918/484/1675 946/485/1676
f 918/484/1675 947/486/1677 946/485/1678
f 920/487/1668 953/483/1674 948/488/1679
f 953/483/1674 946/485/1680 948/488/1679
f 930/489/1681 920/477/1668 919/490/1682
f 920/477/1668 948/491/1679 919/490/1682
f 921/492/1683 930/489/1684 922/493/1685
f 930/489/1684 919/490/1686 922/493/1687
f 939/472/1662 976/482/1688 957/494/1689
f 921/492/1683 922/493/1687 940/495/1690
f 923/474/1665 924/496/1691 397/473/810
f 939/472/1662 957/494/1689 923/474/1692
f 930/489/1681 921/492/1683 925/497/1693
f 959/498/1694 967/499/1695 961/500/1696
f 928/501/1697 926/502/608 935/503/1698
f 929/504/1699 926/502/608 927/505/1700
f 926/502/1701 928/501/1697 927/505/1700
f 1027/506/830 929/504/833 542/507/1004
f 930/489/1702 925/497/1693 959/498/1703
f 520/508/826 1027/506/1704 931/509/997
f 915/475/1705 930/489/1681 995/479/1706
f 520/510/826 931/511/997 539/512/966
f 1025/513/1707 957/494/1689 976/482/1688
f 958/514/1708 923/474/1665 957/494/1689
f 1020/469/1709 405/468/1663 1018/470/1660
f 1018/515/1660 950/516/1710 1017/517/1711
f 909/455/1653 933/454/1649 932/518/1712
f 918/484/1675 923/474/1665 947/486/1677
f 359/519/1713 427/453/875 934/459/1652
f 1145/520/1714 1133/521/1715 936/522/1716
f 926/502/608 270/523/617 935/503/1698
f 935/503/1698 916/478/1717 917/480/1671
f 936/522/1716 1133/521/1718 937/524/1719
f 935/503/1698 270/523/617 916/478/1717
f 995/479/1706 930/489/1681 960/525/1720
f 960/525/1721 917/480/1722 995/479/1670
f 930/489/1684 915/475/1666 920/477/1668
f 960/525/1721 930/489/1681 959/498/1723
f 398/471/1724 938/526/1725 975/481/1726
f 939/472/1662 398/471/1727 975/481/1726
f 925/497/1693 921/492/1683 940/495/1690
f 941/527/1728 943/528/1729 942/529/1730
f 943/528/1731 479/530/921 942/529/1730
f 944/531/1732 941/527/1733 1124/532/1734
f 941/527/1728 942/529/1730 1124/532/1734
f 1025/513/1707 944/531/1735 1026/533/1736
f 944/531/1737 1124/532/1734 1026/533/1738
f 958/514/1708 1025/513/1707 945/534/1739
f 270/523/617 437/535/1740 401/536/815
f 916/478/1669 401/536/815 400/537/813
f 958/514/1708 945/534/1739 963/538/1741
f 946/485/1676 947/486/1677 962/539/1742
f 947/486/1743 963/538/1741 962/539/1744
f 948/488/1745 946/485/1678 964/540/1746
f 946/485/1747 962/539/1742 964/540/1746
f 949/541/1748 919/490/1686 964/542/1746
f 919/490/1686 948/491/1679 964/542/1749
f 919/490/1682 949/541/1748 922/493/1685
f 950/516/1710 977/543/1750 951/544/1751
f 977/543/1750 952/545/1752 951/544/1751
f 950/516/1753 1062/546/1754 1017/517/1711
f 950/516/1710 951/544/1755 1062/546/1756
f 953/483/1757 1019/547/1667 918/484/1675
f 932/518/1712 955/548/1758 954/549/1759
f 955/548/1758 1148/550/1760 954/549/1759
f 956/551/1761 932/518/1712 1128/552/1762
f 932/518/1712 954/549/1759 1128/552/1762
f 953/483/1763 920/487/1668 1019/547/1764
f 957/494/1689 1025/513/1707 958/514/1708
f 923/474/1665 958/514/1765 947/486/1743
f 923/474/1665 918/484/1675 924/496/1691
f 959/498/1703 925/497/1693 967/499/1695
f 925/497/1693 940/495/1690 967/499/1695
f 960/525/1720 959/498/1723 961/500/1696
f 1026/533/1736 1124/532/1766 970/553/1767
f 976/482/1673 944/531/1732 1025/513/1707
f 945/534/1739 1026/533/1738 972/554/1768
f 1026/533/1769 970/553/1770 972/554/1768
f 963/538/1741 945/534/1739 974/555/1771
f 945/534/1739 972/554/1768 974/555/1772
f 962/539/1742 963/538/1741 973/556/1773
f 963/538/1741 974/555/1771 973/556/1774
f 949/541/1775 964/542/1746 973/557/1774
f 964/540/1746 962/539/1742 973/556/1774
f 922/493/1685 949/541/1748 965/558/1776
f 940/495/1690 922/493/1687 966/559/1777
f 922/493/1685 965/558/1778 966/559/1777
f 967/499/1695 940/495/1690 968/560/1779
f 940/495/1690 966/559/1777 968/560/1779
f 961/500/1696 967/499/1695 969/561/1780
f 967/499/1695 968/560/1779 969/561/1781
f 970/553/1770 480/562/1782 1108/563/1783
f 480/562/934 971/564/933 1108/563/1784
f 972/554/1768 970/553/1770 1082/565/1785
f 970/553/1770 1108/563/1784 1082/565/1785
f 974/555/1771 972/554/1768 1083/566/1786
f 972/554/1768 1082/565/1785 1083/566/1786
f 973/556/1774 974/555/1771 980/567/1787
f 938/526/1725 943/528/1729 941/527/1728
f 975/481/1788 941/527/1728 944/531/1789
f 944/531/1732 976/482/1673 975/481/1672
f 1018/515/1660 914/568/1657 950/516/1710
f 941/527/1728 975/481/1726 938/526/1725
f 914/568/1790 977/543/1750 950/516/1710
f 929/504/831 927/505/1700 542/507/998
f 936/522/1716 978/569/1791 1145/520/1792
f 974/555/1772 1083/566/1786 980/567/1793
f 949/541/1794 973/557/1774 979/570/1795
f 973/557/1774 980/571/1793 979/570/1795
f 949/541/1748 979/570/1795 965/558/1778
f 981/572/1796 1024/573/1797 1012/574/1798
f 982/575/1799 1044/576/1800 983/577/1801
f 984/578/1802 999/579/1803 1001/580/1804
f 204/581/466 1001/580/1804 999/579/1803
f 985/582/580 209/583/1805 223/584/505
f 209/583/1806 985/582/1807 1006/585/1808
f 1006/585/1808 986/586/475 209/583/474
f 986/586/1809 1006/585/1808 987/587/1810
f 987/587/1810 205/588/468 986/586/469
f 205/588/468 987/587/1810 1004/589/1811
f 1004/589/1811 204/590/1812 205/588/1813
f 204/590/466 1004/589/1811 1001/591/1804
f 988/592/1814 989/593/459 196/594/1815
f 989/593/459 988/592/1814 990/595/563
f 988/592/1814 991/596/1816 1121/597/1817
f 991/596/1818 988/592/1814 196/594/454
f 984/578/1802 1000/598/1819 992/599/1820
f 933/454/1649 955/548/1758 932/518/1712
f 1144/463/1821 911/462/793 934/459/1652
f 993/600/1822 1123/601/1823 1120/602/1824
f 1123/601/1823 993/600/1822 1122/603/1825
f 934/459/1652 910/460/1826 1144/463/1821
f 915/475/1666 994/604/1827 397/605/1828
f 934/459/1652 911/462/793 359/519/1713
f 397/605/810 1019/476/1764 915/475/1666
f 400/537/813 995/479/1706 916/478/1717
f 994/604/1827 915/475/1705 995/479/1706
f 995/479/1829 400/537/813 994/604/1830
f 956/551/1831 910/460/1826 932/518/1712
f 910/460/1826 909/455/1832 932/518/1712
f 401/536/815 916/478/1717 270/523/1833
f 1050/606/1834 1157/607/1835 997/608/1836
f 1157/607/1837 1050/606/1838 1103/609/1839
f 1054/610/1840 997/608/1841 996/611/1842
f 997/608/1836 1054/610/1843 1050/606/1834
f 1053/612/1844 996/611/1845 998/613/1846
f 996/611/1842 1053/612/1847 1054/610/1843
f 1055/614/1848 998/613/1846 992/599/1820
f 998/613/1849 1055/614/1848 1053/612/1850
f 992/599/1820 999/579/1803 984/578/1851
f 992/599/1820 1000/598/1852 1055/614/1848
f 992/599/1820 204/581/1812 999/579/1803
f 1034/615/1853 1001/580/1804 1035/616/1854
f 1034/615/1855 984/578/1851 1001/580/1804
f 1002/617/1856 1003/618/1857 1007/619/1858
f 1007/619/1859 1035/620/1860 1004/589/1811
f 1002/617/1856 987/587/1810 1005/621/1861
f 987/587/1810 1002/617/1856 1007/619/1862
f 1040/622/1863 1006/585/1808 985/582/580
f 1040/622/1863 1005/621/1861 1006/585/1808
f 222/623/506 1040/622/1863 985/582/580
f 1006/585/1808 1005/621/1861 987/587/1810
f 1004/589/1811 987/587/1810 1007/619/1859
f 1004/589/1811 1035/620/1860 1001/591/1804
f 1007/619/1859 1003/618/1864 1036/624/1865
f 1007/619/1859 1036/624/1865 1008/625/1866
f 1033/626/1867 204/581/466 1009/627/1868
f 204/581/466 992/599/1820 1009/627/1869
f 1009/627/1870 992/599/1820 998/613/1849
f 1009/627/1870 998/613/1846 996/611/1871
f 1011/628/1872 1010/629/1873 216/630/494
f 217/631/492 1044/632/1800 1011/628/1874
f 1011/628/1875 1044/632/1800 1010/629/1873
f 1014/633/485 1012/574/1798 217/631/497
f 1012/574/1798 983/634/1801 217/631/492
f 990/635/563 1013/636/1876 1014/633/576
f 1014/633/488 1013/636/1877 1012/574/1798
f 988/592/1814 1015/637/1878 990/595/563
f 990/595/563 1015/637/1878 1013/638/1879
f 1016/639/456 991/596/1880 196/594/454
f 988/592/1814 1121/597/1881 1015/637/1882
f 1017/517/1711 1020/640/1709 1018/515/1660
f 397/473/810 924/496/1883 1019/547/1764
f 918/484/1675 1019/547/1764 924/496/1691
f 1020/469/1709 1022/641/1884 1021/457/1885
f 1023/642/1886 1021/457/1651 1022/641/1884
f 983/634/1887 1012/574/1798 1024/573/1797
f 1025/513/1707 1026/533/1736 945/534/1739
f 947/486/1677 958/514/1765 963/538/1741
f 1027/506/1704 542/507/998 931/509/997
f 1028/643/1888 1088/644/1889 1029/645/1890
f 1089/646/1891 1085/646/1892 1087/647/1893
f 1030/648/1894 1032/649/1895 1031/650/1896
f 1030/648/1897 1031/650/1896 1090/651/1898
f 1049/652/1899 1048/653/1900 1045/649/1901
f 1009/627/1870 997/608/1902 1033/626/1867
f 1033/626/1867 997/608/1836 1157/607/1835
f 1009/627/1870 996/611/1903 997/608/1904
f 1034/615/1853 1056/654/1905 984/578/1802
f 984/578/1802 1056/654/1905 1000/598/1819
f 1035/616/1860 1057/655/1906 1034/615/1853
f 1034/615/1855 1057/655/1906 1056/654/1905
f 1007/619/1907 1058/656/1908 1035/620/1854
f 1035/620/1860 1058/656/1908 1057/657/1906
f 1008/625/1866 1059/658/1909 1007/619/1859
f 1007/619/1907 1059/658/1910 1058/656/1908
f 1036/624/1865 1037/659/1911 1008/625/1866
f 1008/625/1866 1037/659/1911 1059/658/1912
f 1003/618/1857 1038/660/1913 1036/624/1865
f 1036/624/1865 1038/660/1913 1037/659/1911
f 1002/617/1856 1079/661/1914 1003/618/1857
f 1003/618/1915 1079/661/1916 1038/660/1913
f 1039/662/1917 1040/622/1863 222/623/506
f 220/663/501 1041/664/1918 222/623/506
f 222/623/1919 1041/664/1918 1039/662/1920
f 218/665/498 561/666/1921 220/663/1922
f 220/663/1923 561/666/1924 1041/664/1918
f 1042/667/486 1043/668/1925 218/665/1926
f 218/665/498 1043/668/1925 561/666/1031
f 1042/510/486 535/512/1026 1043/511/1030
f 1044/576/1800 1060/669/1927 1010/670/1873
f 1010/670/1873 1060/669/1927 1061/671/1928
f 983/634/1887 1044/632/1800 217/631/492
f 1044/576/1800 982/575/1799 1060/669/1927
f 1015/637/1878 1063/672/1929 1013/638/1930
f 1013/638/1876 1063/672/1931 1149/673/1932
f 1064/674/1933 1063/672/1929 1121/597/1934
f 1121/597/1881 1063/672/1931 1015/637/1935
f 1099/646/1936 1100/675/1937 1049/676/1899
f 1099/646/1938 1049/676/1899 1045/677/1894
f 993/600/1822 1113/678/1939 1122/603/1825
f 1045/677/1901 1046/679/1898 1095/680/1940
f 1081/681/1941 1083/566/1786 1082/565/1785
f 1076/682/1942 980/567/1793 1047/683/1943
f 1045/649/1894 1048/653/1900 1084/648/1944
f 1100/684/1937 1101/685/1945 1049/652/1899
f 1049/652/1899 1101/685/1946 1048/653/1900
f 1100/684/1937 1068/645/1947 1101/685/1945
f 1066/644/1948 1068/645/1889 1100/684/1937
f 1050/606/1834 1052/686/1949 1103/609/1950
f 1103/609/1950 1052/686/1951 1051/687/942
f 1054/610/1840 1107/688/1952 1050/606/1838
f 1050/606/1834 1107/688/1952 1052/686/1949
f 1053/612/1850 1073/689/1953 1054/610/1840
f 1054/610/1840 1073/689/1953 1107/688/1952
f 1055/614/1848 1072/690/1954 1053/612/1955
f 1053/612/1850 1072/690/1954 1073/689/1953
f 1000/598/1852 1074/691/1956 1055/614/1848
f 1055/614/1848 1074/691/1956 1072/690/1957
f 1056/654/1905 1075/692/1958 1000/598/1959
f 1000/598/1959 1075/692/1958 1074/691/1956
f 1057/655/1906 1077/693/1960 1056/654/1905
f 1056/654/1905 1077/693/1960 1075/692/1958
f 1078/694/1961 1077/695/1962 1058/656/1963
f 1058/656/1964 1077/695/1960 1057/657/1906
f 1058/656/1965 1059/658/1912 1078/694/1961
f 1060/669/1966 951/544/1755 1061/671/1928
f 1061/671/1928 951/544/1967 952/545/1752
f 1060/669/1966 982/575/1799 1062/546/1754
f 1060/669/1968 1062/546/1969 951/544/1755
f 1063/672/1931 954/549/1759 1149/673/1970
f 1149/673/1971 954/549/1759 1148/550/1760
f 1064/674/1972 1128/552/1762 1063/672/1931
f 1063/672/1931 1128/552/1973 954/549/1759
f 1031/679/1896 1065/680/1974 1080/696/1975
f 1031/679/1896 1032/677/1895 1065/680/1976
f 1069/697/1888 1067/643/1893 1066/644/1948
f 1066/644/1948 1067/643/1893 1068/645/1947
f 1099/646/1891 1070/646/1977 1069/647/1978
f 1069/647/1979 1070/646/1977 1067/647/1980
f 1046/650/1981 1071/651/1896 1102/698/1982
f 1073/689/1953 1109/699/1983 1107/688/1952
f 1098/675/1984 1028/647/1888 1029/700/1890
f 1072/690/1957 1081/681/1985 1073/689/1953
f 1073/689/1953 1081/681/1985 1109/699/1983
f 1074/691/1956 1047/683/1943 1072/690/1954
f 1072/690/1954 1047/683/1986 1081/681/1985
f 1075/692/1958 1076/682/1942 1074/691/1987
f 1074/691/1987 1076/682/1942 1047/683/1986
f 1078/694/1961 1076/701/1942 1077/695/1960
f 1077/693/1960 1076/682/1942 1075/692/1958
f 1059/658/1910 965/558/1776 1078/694/1961
f 1037/659/1911 966/559/1777 1059/658/1910
f 1059/658/1910 966/559/1777 965/558/1778
f 1038/660/1913 968/560/1779 1037/659/1911
f 1037/659/1911 968/560/1779 966/559/1777
f 1079/661/1916 969/561/1781 1038/660/1913
f 1038/660/1988 969/561/1781 968/560/1779
f 1090/651/1989 1080/698/1990 1092/702/1991
f 1090/651/1898 1031/650/1992 1080/698/1990
f 1081/681/1985 1082/565/1785 1109/699/1983
f 1109/699/1983 1082/565/1785 1108/563/1784
f 1047/683/1986 1083/566/1786 1081/681/1985
f 1045/649/1901 1084/648/1944 1046/650/1898
f 1046/650/1989 1084/648/1944 1071/651/1896
f 1047/683/1986 980/567/1793 1083/566/1786
f 1078/694/1993 979/570/1795 1076/701/1942
f 1076/701/1942 979/570/1994 980/571/1793
f 1078/694/1993 965/558/1776 979/570/1995
f 1089/646/1891 1030/677/1897 1091/680/1996
f 1065/680/1976 1032/677/1997 1085/646/1998
f 1092/696/1982 1065/680/1976 1091/680/1996
f 1086/675/1999 1088/700/1889 1087/647/1893
f 1086/675/1945 1087/647/1980 1085/646/1892
f 1086/675/1999 1085/646/1892 1096/676/2000
f 1096/676/1900 1085/646/1998 1032/677/1895
f 1102/696/2001 1094/696/1990 1095/680/1940
f 1029/645/2002 1086/684/1999 1098/685/1984
f 1028/643/1888 1087/697/1980 1088/644/2003
f 1098/675/2004 1089/646/2005 1028/647/2006
f 1098/675/1984 1097/676/2007 1089/646/1891
f 1097/676/1899 1030/677/2008 1089/646/2009
f 1090/679/1898 1091/680/1996 1030/677/1897
f 1090/679/1989 1092/696/1982 1091/680/1996
f 1092/696/1982 1080/696/1975 1065/680/2010
f 1093/680/1974 1071/679/2011 1084/677/1944
f 1094/696/2012 1071/679/1896 1093/680/1974
f 1084/677/1944 1070/646/2013 1093/680/1974
f 1045/677/1901 1095/680/1996 1099/646/1938
f 1097/653/2014 1096/652/1900 1032/649/1944
f 1097/653/2015 1032/649/1944 1030/648/1897
f 1098/685/1984 1086/684/1945 1096/652/1900
f 1098/685/1984 1096/652/2000 1097/653/2014
f 1029/645/2002 1088/644/2003 1086/684/1945
f 1069/647/1978 1100/675/1937 1099/646/1891
f 1066/700/1948 1100/675/1937 1069/647/2016
f 1084/677/1944 1048/676/2017 1070/646/1977
f 1048/676/2000 1101/675/1945 1070/646/1977
f 1089/646/1891 1087/647/1980 1028/647/2006
f 1070/646/2018 1101/675/2019 1067/647/1980
f 1095/680/1996 1094/696/1990 1093/680/1974
f 1067/647/1980 1101/675/1945 1068/700/1947
f 1102/698/1982 1071/651/1896 1094/702/2020
f 1095/680/1996 1046/679/1981 1102/696/2021
f 1121/703/1881 1113/678/1939 1064/704/1972
f 1122/603/1825 1113/678/2022 1121/703/1881
f 1116/705/2023 971/706/933 1125/707/2024
f 1103/708/1839 1051/709/2025 501/710/2026
f 1114/711/479 1105/712/2027 1104/713/2028
f 1106/714/2029 1165/715/2030 1162/716/2031
f 1107/688/1952 1109/699/2032 500/717/943
f 1051/709/942 1052/718/2033 500/719/2034
f 500/720/940 1108/721/1784 971/722/933
f 1109/723/2032 1108/721/1784 500/720/943
f 1107/724/1952 500/719/940 1052/718/1951
f 1111/725/2035 1125/707/2024 1126/726/2036
f 1113/678/1939 1126/726/2036 1110/727/2037
f 1111/725/2035 1126/726/2036 1113/678/1939
f 1064/704/1972 1110/727/2037 1128/728/1762
f 1113/678/1939 1110/727/2037 1064/704/1972
f 501/710/941 971/706/933 1116/705/2038
f 212/729/483 1104/713/2039 1117/730/2040
f 1118/731/2041 1125/707/2024 1111/725/2035
f 1116/705/2042 1125/707/2024 1118/731/2043
f 1112/732/2044 1111/725/2045 1113/678/2046
f 1118/731/2043 1111/725/2035 1112/732/2047
f 1114/711/479 1104/713/2028 212/729/464
f 1115/733/2048 1117/730/2040 1119/734/2049
f 212/729/464 1117/730/2040 1115/733/462
f 198/735/458 1119/734/2049 1120/602/2050
f 1115/733/2048 1119/734/2049 198/735/458
f 197/736/2051 1120/602/2050 1123/601/2052
f 198/735/458 1120/602/2050 197/736/2053
f 1016/737/456 1123/601/1823 991/738/1818
f 197/736/2053 1123/601/1823 1016/737/456
f 1105/712/2027 1103/708/1950 501/710/941
f 1103/708/1950 1105/712/2054 1157/739/1835
f 1104/713/2028 501/710/941 1116/705/2042
f 501/710/941 1104/713/2028 1105/712/2054
f 1117/730/2055 1116/705/2056 1118/731/2041
f 1116/705/2023 1117/730/2055 1104/713/2028
f 1119/734/2049 1118/731/2041 1112/732/2044
f 1118/731/2041 1119/734/2049 1117/730/2055
f 1120/602/2050 1112/732/2044 993/600/1822
f 1112/732/2044 1120/602/2050 1119/734/2049
f 991/738/2057 1122/603/1825 1121/703/1881
f 1122/603/1825 991/738/1880 1123/601/2058
f 1124/532/2059 480/562/2060 970/553/1770
f 479/740/2061 480/741/2062 942/742/1730
f 1124/743/2063 942/742/1730 480/741/920
f 1127/744/2064 1126/745/2036 1125/746/2024
f 937/524/2065 1110/747/2037 1126/745/2036
f 1127/744/2066 937/524/2065 1126/745/2036
f 956/748/1761 1128/749/1762 1110/747/2037
f 937/524/2065 956/748/1831 1110/747/2037
f 1129/750/2067 1131/751/2067 1130/752/2068
f 943/753/1729 478/754/2069 479/740/921
f 1142/755/2070 1125/746/2024 971/756/933
f 478/754/919 1142/755/2070 971/756/933
f 1143/757/2071 1127/744/2072 1125/746/2024
f 1142/755/2073 1143/757/2071 1125/746/2024
f 1132/758/2074 937/524/1719 1127/744/2072
f 1143/757/2075 1132/758/2074 1127/744/2072
f 1132/758/2076 936/522/1716 937/524/2065
f 910/759/2077 956/748/1831 937/524/2065
f 1133/521/1715 910/759/2077 937/524/2065
f 1134/760/2078 1135/761/2078 1130/752/2079
f 396/762/2080 1136/763/2081 938/764/1725
f 398/765/1661 396/762/808 938/764/2082
f 1140/766/819 1137/767/2083 1136/763/2081
f 396/762/808 1140/766/819 1136/763/2081
f 1138/768/2084 1139/769/2085 1137/767/2083
f 1140/766/819 1138/768/807 1137/767/2083
f 391/770/798 1141/771/2086 1139/769/2087
f 1138/768/807 391/770/798 1139/769/2087
f 392/772/794 978/569/2088 1141/771/2086
f 391/770/2089 392/772/795 1141/771/2086
f 389/773/792 1145/520/1792 978/569/2090
f 392/772/795 389/773/792 978/569/2090
f 390/774/2091 1144/775/1821 1145/520/1792
f 389/773/792 390/774/2091 1145/520/1714
f 1136/763/2081 478/754/919 943/753/2092
f 943/753/1729 938/764/1725 1136/763/2081
f 1137/767/2083 1142/755/2070 478/754/2093
f 478/754/919 1136/763/2081 1137/767/2094
f 1139/769/2087 1143/757/2071 1142/755/2070
f 1142/755/2070 1137/767/2094 1139/769/2085
f 1141/771/2095 1132/758/2074 1143/757/2096
f 1143/757/2071 1139/769/2087 1141/771/2095
f 978/569/2097 936/522/1716 1132/758/2098
f 1132/758/2099 1141/771/2086 978/569/1791
f 1144/775/1821 910/759/2077 1133/521/1715
f 1133/521/1718 1145/520/1792 1144/775/1821
f 1146/752/2100 1147/761/2101 1152/750/2102
f 1152/750/2102 1149/776/1970 1148/777/1760
f 1147/761/2103 1150/778/2104 981/779/1796
f 1152/750/2102 1013/780/1877 1149/776/1970
f 1147/761/2101 981/779/1796 1012/781/1798
f 1152/750/2105 1012/781/1798 1013/780/1879
f 1012/781/1798 1152/750/2102 1147/761/2101
f 1151/751/2106 1148/777/1760 955/782/1758
f 1148/777/1760 1151/751/2106 1152/750/2102
f 1146/752/2107 518/783/2108 492/784/971
f 1151/751/2109 955/782/1758 933/785/1649
f 1146/752/2100 1021/786/2110 518/783/953
f 1146/752/2100 933/785/1649 1021/786/1651
f 933/785/2111 1146/752/2107 1151/751/2106
f 1146/752/2100 492/784/931 1153/760/2112
f 1154/761/2113 1153/760/2114 1155/778/2113
f 1156/787/2115 1160/788/2116 1163/789/2116
f 1112/732/2117 1113/678/1939 993/600/1822
f 203/790/471 1157/739/2118 1105/712/2054
f 1033/791/1867 1157/739/1835 203/790/471
f 203/790/465 1105/712/2027 1114/711/479
f 1158/792/2119 1164/793/2119 1159/794/2120
f 1164/714/2119 1160/715/2121 1156/795/2115
f 1161/796/2122 1167/795/2123 1106/714/2124
f 1165/715/2125 1106/714/2124 1167/795/2123
f 1166/797/2126 1162/716/2031 1165/715/2127
f 1158/716/2119 1163/797/2119 1160/715/2119
f 1156/795/2115 1159/796/2120 1164/714/2116
f 1106/714/2029 1162/716/2031 1161/796/2128
f 1165/798/2030 1167/799/2129 1166/800/2126
f 1160/715/2119 1164/714/2119 1158/716/2119
f 1208/801/2130 1212/802/2131 1202/803/2132
f 1203/804/2133 1205/805/2134 1204/806/2135
f 1204/806/2136 1205/805/2137 1206/806/2138
f 1206/806/2138 1205/805/2139 1207/804/2140
f 1207/804/2140 1205/805/2141 1209/807/2142
f 1208/808/2130 1209/807/2143 1210/809/2144
f 1210/809/2144 1209/807/2142 1203/804/2145
f 1210/809/2146 1203/804/2133 1211/810/2147
f 1211/810/2147 1203/804/2133 1204/806/2148
f 1211/810/2147 1204/806/2149 1213/810/2150
f 1213/810/2150 1204/806/2148 1206/806/2138
f 1213/810/2151 1206/806/2138 1202/809/2132
f 1202/809/2132 1206/806/2152 1207/804/2140
f 1202/809/2132 1207/804/2153 1208/808/2130
f 1208/808/2130 1207/804/2140 1209/807/2142
f 1210/811/2146 1212/802/2154 1208/801/2155
f 1211/812/2156 1212/802/2154 1210/811/2146
f 1213/813/2157 1212/802/2158 1211/812/2147
f 1202/803/2132 1212/802/2131 1213/813/2159
f 1209/807/2142 1205/805/2160 1203/804/2133
f 1214/814/2161 1216/815/2162 1215/816/2163
f 1216/815/2162 1217/817/2164 1215/816/2163
f 1216/815/2165 1218/818/2166 1217/817/2167
f 1218/818/2168 1219/819/2169 1217/817/2164
f 1218/818/2166 1220/820/2170 1219/819/2171
f 1220/820/2170 1221/821/2172 1219/819/2169
f 1220/820/2173 1214/814/2174 1221/821/2175
f 1214/814/2174 1215/816/2176 1221/821/2177
f 1222/801/2178 1232/802/2179 1223/803/2180
f 1228/804/2181 1233/805/2182 1224/806/2183
f 1224/806/2183 1233/805/2184 1230/806/2185
f 1230/806/2185 1233/805/2186 1225/804/2187
f 1225/804/2188 1233/805/2189 1226/807/2190
f 1222/808/2178 1226/807/2191 1227/809/2192
f 1227/809/2193 1226/807/2194 1228/804/2181
f 1227/809/2192 1228/804/2195 1231/810/2196
f 1231/810/2197 1228/804/2198 1224/806/2199
f 1231/810/2196 1224/806/2200 1229/810/2201
f 1229/810/2202 1224/806/2183 1230/806/2185
f 1229/810/2201 1230/806/2185 1223/809/2180
f 1223/809/2180 1230/806/2185 1225/804/2203
f 1223/809/2180 1225/804/2187 1222/808/2178
f 1222/808/2178 1225/804/2187 1226/807/2204
f 1227/811/2192 1232/802/2205 1222/801/2178
f 1231/812/2197 1232/802/2206 1227/811/2192
f 1229/813/2202 1232/802/2207 1231/812/2196
f 1223/803/2180 1232/802/2208 1229/813/2201
f 1226/807/2194 1233/805/2189 1228/804/2181
f 1234/814/2209 1236/815/2210 1235/816/2211
f 1236/815/2210 1237/817/2212 1235/816/2213
f 1236/815/2210 1238/818/2214 1237/817/2212
f 1238/818/2214 1239/819/2215 1237/817/2216
f 1238/818/2217 1240/820/2218 1239/819/2219
f 1240/820/2220 1241/821/2221 1239/819/2215
f 1240/820/2222 1234/814/2209 1241/821/2221
f 1234/814/2223 1235/816/2213 1241/821/2224
f 1245/801/2225 1253/802/2226 1250/803/2227
f 1247/804/2228 1243/805/2229 1242/806/2230
f 1242/806/2231 1243/805/2229 1244/806/2232
f 1244/806/2233 1243/805/2234 1251/804/2235
f 1251/804/2235 1243/805/2236 1246/807/2237
f 1245/808/2238 1246/807/2239 1252/809/2240
f 1252/809/2241 1246/807/2237 1247/804/2242
f 1252/809/2240 1247/804/2243 1248/810/2244
f 1248/810/2244 1247/804/2242 1242/806/2245
f 1248/810/2244 1242/806/2245 1249/810/2246
f 1249/810/2247 1242/806/2245 1244/806/2232
f 1249/810/2246 1244/806/2232 1250/809/2227
f 1250/809/2227 1244/806/2232 1251/804/2248
f 1250/809/2249 1251/804/2250 1245/808/2225
f 1245/808/2225 1251/804/2235 1246/807/2251
f 1252/811/2241 1253/802/2252 1245/801/2225
f 1248/812/2253 1253/802/2254 1252/811/2240
f 1249/813/2246 1253/802/2255 1248/812/2256
f 1250/803/2257 1253/802/2258 1249/813/2259
f 1246/807/2237 1243/805/2236 1247/804/2228
f 1254/814/2260 1256/815/2261 1255/816/2262
f 1256/815/2261 1257/817/2263 1255/816/2264
f 1256/815/2265 1258/818/2266 1257/817/2263
f 1258/818/2266 1259/819/2267 1257/817/2263
f 1258/818/2266 1260/820/2268 1259/819/2269
f 1260/820/2268 1261/821/2270 1259/819/2267
f 1260/820/2271 1254/814/2272 1261/821/2270
f 1254/814/2260 1255/816/2273 1261/821/2270
f 1266/801/2274 1262/802/2275 1269/803/2276
f 1267/804/2277 1264/805/2278 1263/806/2279
f 1263/806/2280 1264/805/2281 1268/806/2282
f 1268/806/2282 1264/805/2281 1265/804/2283
f 1265/804/2283 1264/805/2284 1273/807/2285
f 1266/808/2286 1273/807/2287 1271/809/2288
f 1271/809/2289 1273/807/2287 1267/804/2290
f 1271/809/2288 1267/804/2277 1270/810/2291
f 1270/810/2291 1267/804/2290 1263/806/2292
f 1270/810/2291 1263/806/2293 1272/810/2294
f 1272/810/2295 1263/806/2296 1268/806/2297
f 1272/810/2294 1268/806/2298 1269/809/2276
f 1269/809/2276 1268/806/2299 1265/804/2283
f 1269/809/2300 1265/804/2301 1266/808/2286
f 1266/808/2302 1265/804/2283 1273/807/2303
f 1271/811/2288 1262/802/2304 1266/801/2302
f 1270/812/2305 1262/802/2306 1271/811/2288
f 1272/813/2307 1262/802/2308 1270/812/2309
f 1269/803/2276 1262/802/2310 1272/813/2295
f 1273/807/2285 1264/805/2311 1267/804/2277
f 1274/814/2312 1276/815/2313 1275/816/2314
f 1276/815/2315 1277/817/2316 1275/816/2317
f 1276/815/2313 1278/818/2318 1277/817/2319
f 1278/818/2318 1279/819/2320 1277/817/2316
f 1278/818/2318 1280/820/2321 1279/819/2322
f 1280/820/2321 1281/821/2323 1279/819/2322
f 1280/820/2324 1274/814/2312 1281/821/2325
f 1274/814/2312 1275/816/2317 1281/821/2325
f 1338/822/2326 1340/823/2327 1339/824/2328
f 1341/825/2329 1338/822/2329 1339/824/2330
f 1342/458/2331 1343/457/2332 1340/823/2333
f 1343/457/2334 1344/642/2335 1340/823/2333
f 1345/574/2336 1347/826/2337 1346/572/2338
f 1340/823/2327 1344/642/2335 1339/824/2339
f 1348/636/2340 1347/826/2337 1345/574/2341
f 1341/825/2342 1349/827/2343 1338/822/2344
f 1338/822/2345 1349/827/2346 1347/826/2337
f 1347/826/2337 1349/827/2343 1346/572/2338
f 1359/828/2347 1378/829/2348 1360/830/2349
f 1378/829/2350 1359/828/2347 1361/831/2351
f 1378/832/2350 1377/833/2352 1366/834/2353
f 1366/834/2354 1360/835/2349 1378/832/2348
f 1360/830/2349 1362/836/2355 1359/828/2347
f 1361/831/2351 1376/837/2356 1378/829/2348
f 1359/838/2347 1365/839/2357 1364/840/2358
f 1364/840/2359 1361/841/2360 1359/838/2347
f 1362/842/2361 1367/843/2362 1365/839/2357
f 1365/839/2363 1359/838/2347 1362/842/2361
f 1377/829/2364 1363/837/2365 1364/831/2359
f 1364/831/2359 1365/828/2357 1377/829/2352
f 1366/830/2353 1377/829/2364 1365/828/2357
f 1365/828/2357 1367/836/2362 1366/830/2366
f 1368/844/2367 1369/845/2368 1371/846/2369
f 1370/847/2370 1371/846/2371 1369/845/2368
f 1368/848/2367 1371/849/2371 1374/850/2372
f 1372/845/2373 1374/850/2374 1371/849/2371
f 1375/851/2375 1369/852/2368 1373/853/2376
f 1369/852/2368 1375/851/2377 1370/854/2370
f 1374/850/2374 1375/849/2378 1373/848/2376
f 1375/849/2377 1374/850/2379 1372/845/2373
f 1376/855/2356 1363/856/2380 1377/833/2381
f 1377/833/2364 1378/832/2348 1376/855/2382
f 1392/828/2383 1388/830/2384 1389/829/2385
f 1389/829/2385 1395/831/2386 1392/828/2383
f 1389/832/2385 1397/834/2387 1396/833/2388
f 1397/834/2389 1389/832/2390 1388/835/2391
f 1388/830/2391 1392/828/2383 1390/836/2392
f 1395/831/2393 1389/829/2394 1391/837/2395
f 1392/838/2396 1394/840/2397 1393/839/2398
f 1394/840/2397 1392/838/2383 1395/841/2393
f 1390/842/2399 1393/839/2400 1398/843/2401
f 1393/839/2398 1390/842/2399 1392/838/2402
f 1396/829/2403 1394/831/2404 1407/837/2405
f 1394/831/2397 1396/829/2388 1393/828/2400
f 1397/830/2389 1393/828/2400 1396/829/2388
f 1393/828/2400 1397/830/2389 1398/836/2401
f 1399/844/2406 1402/846/2407 1400/845/2408
f 1401/847/2409 1400/845/2408 1402/846/2407
f 1399/848/2406 1403/850/2410 1402/849/2411
f 1406/845/2412 1402/849/2407 1403/850/2410
f 1404/851/2413 1405/853/2414 1400/852/2408
f 1400/852/2408 1401/854/2415 1404/851/2416
f 1403/850/2410 1405/848/2414 1404/849/2413
f 1404/849/2413 1406/845/2417 1403/850/2410
f 1391/855/2395 1396/833/2403 1407/856/2405
f 1396/833/2388 1391/855/2395 1389/832/2385
f 1417/828/2418 1418/829/2419 1421/830/2420
f 1418/829/2421 1417/828/2418 1419/831/2422
f 1418/832/2419 1425/833/2423 1420/834/2424
f 1420/834/2424 1421/835/2425 1418/832/2421
f 1421/830/2420 1422/836/2426 1417/828/2418
f 1419/831/2427 1435/837/2428 1418/829/2421
f 1417/838/2418 1423/839/2429 1426/840/2430
f 1426/840/2431 1419/841/2427 1417/838/2418
f 1422/842/2432 1424/843/2433 1423/839/2429
f 1423/839/2429 1417/838/2434 1422/842/2435
f 1425/829/2436 1436/837/2437 1426/831/2430
f 1426/831/2430 1423/828/2429 1425/829/2423
f 1420/830/2424 1425/829/2423 1423/828/2429
f 1423/828/2429 1424/836/2433 1420/830/2424
f 1429/844/2438 1427/845/2439 1430/846/2440
f 1428/847/2441 1430/846/2442 1427/845/2443
f 1429/848/2438 1430/849/2442 1431/850/2444
f 1432/845/2445 1431/850/2446 1430/849/2440
f 1433/851/2447 1427/852/2443 1434/853/2448
f 1427/852/2443 1433/851/2449 1428/854/2441
f 1431/850/2444 1433/849/2450 1434/848/2451
f 1433/849/2447 1431/850/2452 1432/845/2445
f 1435/855/2453 1436/856/2437 1425/833/2436
f 1425/833/2423 1418/832/2419 1435/855/2428
f 1450/828/2454 1448/830/2455 1447/829/2456
f 1447/829/2456 1446/831/2457 1450/828/2454
f 1447/832/2456 1455/834/2458 1465/833/2459
f 1455/834/2460 1447/832/2456 1448/835/2461
f 1448/830/2455 1450/828/2454 1449/836/2462
f 1446/831/2463 1447/829/2456 1464/837/2464
f 1450/838/2465 1453/840/2466 1454/839/2467
f 1453/840/2468 1450/838/2454 1446/841/2469
f 1449/842/2462 1454/839/2470 1451/843/2471
f 1454/839/2470 1449/842/2462 1450/838/2454
f 1465/829/2459 1453/831/2466 1452/837/2472
f 1453/831/2468 1465/829/2459 1454/828/2470
f 1455/830/2473 1454/828/2470 1465/829/2459
f 1454/828/2470 1455/830/2458 1451/836/2471
f 1458/844/2474 1456/846/2475 1460/845/2476
f 1457/847/2477 1460/845/2476 1456/846/2478
f 1458/848/2479 1459/850/2480 1456/849/2475
f 1463/845/2481 1456/849/2478 1459/850/2482
f 1461/851/2483 1462/853/2484 1460/852/2476
f 1460/852/2476 1457/854/2477 1461/851/2485
f 1459/850/2486 1462/848/2484 1461/849/2485
f 1461/849/2483 1463/845/2487 1459/850/2482
f 1464/855/2488 1465/833/2459 1452/856/2472
f 1465/833/2459 1464/855/2464 1447/832/2456
usemtl material_41.003
f 1180/857/2489 1191/858/2490 1182/859/2491
f 1168/860/2492 1169/858/2493 1181/859/2494
f 1168/860/2495 1181/859/2496 1170/861/2497
f 1201/862/2498 1168/860/2495 1170/861/2497
f 1201/862/2498 1170/861/2497 1200/863/2499
f 1171/864/2500 1201/862/2498 1172/865/2501
f 1171/864/2500 1172/865/2501 1198/866/2502
f 1171/864/2500 1198/866/2502 1196/867/2503
f 1171/864/2500 1196/867/2503 1194/868/2504
f 1171/864/2500 1194/868/2504 1173/869/2505
f 1171/864/2500 1173/869/2505 1169/858/2493
f 1171/864/2500 1169/858/2493 1168/860/2506
f 1171/864/2500 1168/860/2506 1201/862/2507
f 1185/862/2508 1186/865/2509 1174/863/2510
f 1174/863/2510 1186/865/2509 1175/870/2511
f 1186/865/2509 1177/866/2512 1175/870/2513
f 1175/870/2511 1177/866/2493 1176/871/2496
f 1177/866/2493 1187/867/2514 1176/871/2496
f 1176/871/2515 1187/867/2514 1178/872/2516
f 1187/867/2514 1188/868/2517 1178/872/2516
f 1178/872/2516 1188/868/2517 1179/873/2518
f 1188/868/2519 1190/869/2520 1179/873/2521
f 1179/873/2518 1190/869/2520 1180/857/2522
f 1190/869/2523 1191/858/2490 1180/857/2489
f 1169/858/2524 1192/857/2525 1181/859/2496
f 1191/858/2490 1183/860/2526 1182/859/2491
f 1182/859/2491 1183/860/2526 1184/861/2527
f 1183/860/2528 1185/862/2508 1184/861/2527
f 1184/861/2527 1185/862/2529 1174/863/2510
f 1185/862/2530 1189/864/2500 1186/865/2509
f 1186/865/2509 1189/864/2500 1177/866/2531
f 1177/866/2493 1189/864/2532 1187/867/2533
f 1187/867/2514 1189/864/2500 1188/868/2517
f 1188/868/2534 1189/864/2532 1190/869/2523
f 1190/869/2520 1189/864/2532 1191/858/2490
f 1191/858/2490 1189/864/2535 1183/860/2528
f 1183/860/2528 1189/864/2532 1185/862/2508
f 1169/858/2524 1173/869/2536 1192/857/2525
f 1173/869/2505 1193/873/2521 1192/857/2525
f 1173/869/2533 1194/868/2504 1193/873/2518
f 1194/868/2504 1195/872/2522 1193/873/2537
f 1194/868/2504 1196/867/2503 1195/872/2522
f 1196/867/2503 1197/871/2538 1195/872/2522
f 1196/867/2503 1198/866/2502 1197/871/2538
f 1198/866/2502 1199/870/2527 1197/871/2538
f 1198/866/2502 1172/865/2501 1199/870/2527
f 1172/865/2501 1200/863/2539 1199/870/2527
f 1172/865/2540 1201/862/2507 1200/863/2510
usemtl material_53.002
f 1293/874/2541 1282/875/2542 1325/876/2543
f 1310/877/2544 1295/878/2545 1320/879/2546
f 1310/880/2547 1320/881/2546 1311/882/2548
f 1311/882/2548 1320/881/2546 1283/883/2549
f 1311/884/2548 1283/885/2550 1313/886/2551
f 1313/886/2552 1283/885/2549 1321/887/2553
f 1313/886/2554 1321/887/2555 1285/888/2556
f 1285/888/2556 1321/887/2557 1284/889/2558
f 1285/890/2556 1284/891/2559 1286/892/2560
f 1286/892/2561 1284/891/2558 1287/893/2562
f 1286/892/2563 1287/893/2564 1288/894/2565
f 1288/894/2566 1287/893/2564 1322/895/2567
f 1288/896/2568 1322/897/2569 1289/898/2570
f 1289/898/2570 1322/897/2567 1290/899/2571
f 1289/900/2572 1290/901/2573 1316/902/2574
f 1316/902/2574 1290/901/2571 1291/903/2575
f 1316/902/2574 1291/903/2575 1317/904/2576
f 1317/904/2576 1291/903/2575 1324/905/2577
f 1317/906/2576 1324/907/2577 1292/908/2578
f 1292/908/2578 1324/907/2577 1282/909/2579
f 1292/910/2580 1282/875/2581 1293/874/2541
f 1294/911/2582 1295/878/2545 1310/877/2544
f 1293/874/2541 1325/876/2583 1297/912/2584
f 1297/912/2585 1325/876/2583 1296/913/2586
f 1297/914/2584 1296/915/2586 1299/916/2587
f 1299/916/2587 1296/915/2586 1298/917/2588
f 1299/918/2589 1298/919/2590 1294/911/2591
f 1294/911/2582 1298/919/2590 1295/878/2592
usemtl material_256.003
f 1300/920/2593 1301/921/2594 1315/922/2595
f 1302/923/2596 1301/921/2594 1303/924/2597
f 1312/925/2598 1301/921/2594 1302/923/2596
f 1304/926/2599 1301/921/2600 1312/925/2598
f 1314/927/2601 1301/921/2600 1304/926/2602
f 1305/928/2603 1301/921/2594 1314/927/2601
f 1315/922/2595 1301/921/2594 1305/928/2604
f 1303/924/2597 1301/921/2594 1306/929/2605
f 1307/930/2606 1301/921/2594 1300/920/2593
f 1308/931/2607 1301/921/2594 1307/930/2606
f 1318/932/2608 1301/921/2600 1308/931/2609
f 1319/933/2610 1301/921/2600 1318/932/2608
f 1309/934/2611 1301/921/2600 1319/933/2612
f 1306/929/2605 1301/921/2594 1309/934/2611
f 1303/924/2597 1294/935/2582 1310/936/2547
f 1294/935/2613 1303/924/2597 1306/929/2605
f 1302/923/2596 1310/936/2547 1311/937/2614
f 1310/936/2615 1302/923/2596 1303/924/2597
f 1312/925/2598 1311/937/2548 1313/938/2554
f 1311/937/2548 1312/925/2598 1302/923/2596
f 1304/926/2602 1313/938/2554 1285/939/2556
f 1313/938/2554 1304/926/2602 1312/925/2598
f 1314/927/2601 1285/939/2556 1286/940/2616
f 1285/939/2556 1314/927/2601 1304/926/2602
f 1305/928/2603 1286/940/2560 1288/941/2568
f 1286/940/2561 1305/928/2603 1314/927/2601
f 1315/922/2595 1288/941/2566 1289/942/2570
f 1288/941/2565 1315/922/2617 1305/928/2604
f 1300/920/2593 1289/942/2572 1316/943/2574
f 1289/942/2570 1300/920/2618 1315/922/2617
f 1307/930/2606 1316/943/2574 1317/944/2576
f 1316/943/2574 1307/930/2619 1300/920/2593
f 1308/931/2607 1317/944/2576 1292/945/2580
f 1317/944/2576 1308/931/2607 1307/930/2606
f 1318/932/2620 1292/945/2578 1293/946/2541
f 1292/945/2578 1318/932/2620 1308/931/2607
f 1319/933/2610 1293/946/2621 1297/947/2622
f 1293/946/2541 1319/933/2612 1318/932/2620
f 1309/934/2611 1297/947/2584 1299/948/2623
f 1297/947/2624 1309/934/2611 1319/933/2612
f 1306/929/2605 1299/948/2587 1294/935/2625
f 1299/948/2587 1306/929/2605 1309/934/2626
f 1323/921/2627 1320/936/2546 1295/935/2545
f 1323/921/2627 1283/937/2549 1320/936/2546
f 1323/921/2627 1321/938/2553 1283/937/2550
f 1323/921/2627 1284/939/2558 1321/938/2553
f 1323/921/2627 1287/940/2564 1284/939/2558
f 1323/921/2627 1322/941/2628 1287/940/2629
f 1323/921/2627 1290/942/2571 1322/941/2630
f 1323/921/2627 1291/943/2575 1290/942/2571
f 1323/921/2627 1324/944/2577 1291/943/2575
f 1323/921/2631 1282/945/2632 1324/944/2577
f 1323/921/2627 1325/946/2633 1282/945/2632
f 1323/921/2627 1296/947/2634 1325/946/2583
f 1323/921/2627 1298/948/2590 1296/947/2586
f 1323/921/2627 1295/935/2545 1298/948/2590
usemtl material_137.003
f 1468/949/2635 1466/950/2636 1474/951/2637
f 1467/949/2638 1472/950/2639 1466/950/2640
f 1475/952/2641 1474/951/2642 1473/953/2643
f 1467/949/2638 1466/950/2636 1468/949/2635
f 1471/952/2644 1469/951/2645 1472/950/2639
f 1468/949/2635 1474/951/2646 1475/952/2647
f 1470/954/2648 1473/953/2643 1469/951/2649
f 1471/952/2650 1472/950/2639 1467/949/2638
f 1475/952/2641 1473/953/2643 1470/954/2651
f 1470/954/2648 1469/951/2645 1471/952/2652
f 1477/955/2653 1476/956/2654 1491/957/2655
f 1476/956/2654 1489/958/2656 1478/959/2657
f 1481/949/2658 1479/950/2659 1487/951/2660
f 1480/949/2661 1485/950/2662 1479/950/2659
f 1480/949/2661 1479/950/2659 1481/949/2663
f 1488/952/2664 1487/951/2665 1486/953/2666
f 1484/952/2652 1482/951/2667 1485/950/2662
f 1481/949/2663 1487/951/2660 1488/952/2664
f 1483/954/2668 1486/953/2669 1482/951/2649
f 1484/952/2670 1485/950/2662 1480/949/2671
f 1488/952/2672 1486/953/2669 1483/954/2673
f 1483/954/2673 1482/951/2667 1484/952/2670
f 1478/959/2657 1489/958/2656 1495/960/2674
f 1478/959/2675 1491/957/2676 1476/956/2654
f 1495/960/2677 1490/961/2678 1478/959/2657
f 1494/962/2679 1493/963/2680 1495/960/2677
f 1490/961/2681 1495/960/2677 1493/963/2682
f 1494/962/2679 1496/964/2683 1493/963/2682
f 1496/964/2683 1492/965/2684 1497/966/2685
f 1497/966/2685 1493/963/2682 1496/964/2686
f 1500/949/2687 1498/950/2688 1506/951/2689
f 1499/949/2690 1504/950/2691 1498/950/2688
f 1499/949/2692 1498/950/2688 1500/949/2693
f 1507/952/2694 1506/951/2695 1505/953/2696
f 1500/949/2693 1506/951/2697 1507/952/2694
f 1503/952/2698 1501/951/2699 1504/950/2700
f 1503/952/2698 1504/950/2691 1499/949/2701
f 1502/954/2702 1505/953/2696 1501/951/2699
f 1507/952/2694 1505/953/2703 1502/954/2702
f 1502/954/2702 1501/951/2704 1503/952/2698
f 1510/949/2705 1508/950/2706 1516/951/2707
f 1509/949/2708 1514/950/2709 1508/950/2710
f 1509/949/2708 1508/950/2710 1510/949/2711
f 1510/949/2711 1516/951/2712 1517/952/2713
f 1517/952/2714 1516/951/2715 1515/953/2716
f 1513/952/2717 1514/950/2709 1509/949/2708
f 1513/952/2718 1511/951/2719 1514/950/2720
f 1517/952/2713 1515/953/2721 1512/954/2722
f 1512/954/2722 1515/953/2723 1511/951/2724
f 1512/954/2725 1511/951/2719 1513/952/2718