# Blender v3.0.1 OBJ File: ''
# www.blender.org
mtllib Bus.mtl
o Bus.001
v -0.543317 3.933509 0.096791
v -0.927628 3.844858 0.151361
v -0.940432 3.844062 0.085886
v -0.956541 3.882109 0.099030
v -0.950101 3.882488 0.130249
v -0.543312 3.964912 0.095906
v -0.961101 3.844941 0.157906
v -0.904788 3.802459 0.213627
v -0.938262 3.802542 0.220172
v -0.894620 3.785803 0.932226
v -0.849523 3.780632 0.929761
v -0.849535 3.698859 0.932065
v -0.894631 3.704031 0.934530
v -0.938271 3.720743 0.221168
v -0.904797 3.720660 0.214623
v -0.927646 3.677793 0.153395
v -0.961120 3.677876 0.159940
v -0.950128 3.639664 0.133206
v -0.940451 3.676997 0.087920
v -0.973924 3.677081 0.094465
v -0.958973 3.705398 0.043450
v -0.956568 3.639285 0.101987
v 0.458046 -2.520741 0.087753
v 1.133560 -2.515852 0.058998
v 1.137848 -2.600858 0.110013
v 0.458038 -2.605695 0.139663
v 1.144433 -2.599552 0.179802
v 0.457881 -2.604316 0.210713
v 1.149459 -2.512701 0.227484
v 0.457667 -2.517412 0.259282
v 1.145171 -2.427696 0.176469
v 0.457675 -2.432459 0.207373
v 1.138585 -2.429002 0.106680
v 0.457833 -2.433837 0.136323
v -0.457667 -2.517412 0.259282
v -1.149459 -2.512701 0.227484
v -1.144433 -2.599552 0.179803
v -0.457881 -2.604316 0.210713
v -1.137847 -2.600858 0.110013
v -0.458038 -2.605695 0.139663
v -1.133560 -2.515852 0.058998
v -0.458046 -2.520741 0.087753
v -0.581700 3.528655 0.044678
v -0.457832 -2.433837 0.136323
v -1.138585 -2.429002 0.106680
v -1.145171 -2.427696 0.176469
v -0.457675 -2.432459 0.207373
v -0.859303 6.068646 2.571211
v -0.859303 6.049850 2.571211
v -0.879454 6.049850 2.591362
v -0.879454 6.068646 2.591362
v -0.879454 6.068646 2.626637
v -0.879454 6.049850 2.626637
v -0.859303 6.049850 2.646788
v -0.859303 6.068646 2.646788
v -0.581709 3.467813 0.046393
v -0.711502 6.049850 2.571211
v -0.711502 6.068646 2.571211
v -0.691351 6.068646 2.591362
v -0.691351 6.049850 2.591362
v -0.691351 6.049850 2.626637
v -0.691351 6.068646 2.626637
v -0.711502 6.068646 2.646788
v -0.711502 6.049850 2.646788
v 0.859304 6.068646 2.646788
v 0.859304 6.049850 2.646788
v 0.879455 6.049850 2.626637
v 0.879455 6.068646 2.626637
v 0.879455 6.068646 2.591362
v 0.879455 6.049850 2.591362
v 0.859304 6.049850 2.571211
v 0.859304 6.068646 2.571211
v 0.711504 6.049850 2.646788
v 0.711504 6.068646 2.646788
v 0.691353 6.068646 2.626637
v 0.691353 6.049850 2.626637
v 0.691353 6.049850 2.591362
v 0.691353 6.068646 2.591362
v 0.711504 6.068646 2.571211
v 0.711504 6.049850 2.571211
v 0.940432 3.844062 0.085886
v 0.956541 3.882109 0.099030
v 0.973906 3.844146 0.092431
v 0.958960 3.814591 0.042121
v 0.927628 3.844858 0.151361
v 0.543317 3.933509 0.096790
v -0.611045 -4.572667 2.949419
v -0.636308 -4.572667 2.923883
v -0.589898 -4.572667 2.923899
v 0.543312 3.964912 0.095906
v 0.950101 3.882488 0.130249
v 0.959609 3.687894 0.123887
v 0.950127 3.639664 0.133206
v 0.961119 3.677876 0.159940
v -0.589899 4.649565 2.923898
v -0.636308 4.649565 2.923882
v -0.611045 4.649565 2.949418
v 0.581700 3.528655 0.044678
v 0.940451 3.676997 0.087920
v -1.240789 -5.711112 2.671471
v -1.215389 -5.711112 2.646071
v -1.206667 -5.711112 2.696871
v 0.956568 3.639285 0.101987
v 0.581709 3.467813 0.046393
v -1.206667 5.549768 2.696870
v -1.215389 5.549768 2.646071
v -1.240789 5.549768 2.671470
v -1.290510 2.925205 0.022102
v -1.265110 2.950605 0.022102
v -1.265110 2.899806 0.022102
v -1.290510 1.518947 0.022102
v -1.265110 1.544348 0.022102
v -1.265110 1.493547 0.022102
v -1.290510 0.001949 0.022102
v -1.265110 0.027349 0.022102
v -1.265110 -0.023451 0.022102
v 1.284564 5.783929 1.550399
v 1.298918 5.785179 1.545298
v 1.298678 5.784937 1.577073
v 1.286301 5.785677 1.581439
v 1.310899 5.797239 1.590069
v 1.302242 5.801720 1.598888
v 1.362941 5.848692 1.590069
v 1.356365 5.855262 1.599364
v 1.285739 5.798287 1.545298
v 1.285498 5.798044 1.577067
v 1.297733 5.810359 1.590072
v 1.349792 5.861830 1.590072
v 1.281281 4.583879 0.815271
v 1.300078 4.583879 0.815271
v 1.300078 4.604030 0.795120
v 1.281281 4.604030 0.795120
v 1.281281 4.604030 0.759845
v 1.300078 4.604030 0.759845
v 1.300078 4.583879 0.739694
v 1.281281 4.583879 0.739694
v -1.290510 -1.671728 0.022102
v -1.265110 -1.646328 0.022102
v -1.265110 -1.697128 0.022102
v 1.300078 4.436078 0.815271
v 1.281281 4.436078 0.815271
v 1.281281 4.415927 0.795120
v 1.300078 4.415927 0.795120
v 1.300078 4.415927 0.759845
v 1.281281 4.415927 0.759845
v 1.281281 4.436078 0.739694
v 1.300078 4.436078 0.739694
v -1.310321 -5.546783 0.194229
v -1.284921 -5.521384 0.194229
v -1.284688 -5.567792 0.194229
v -1.300076 4.415927 0.795120
v -1.300076 4.436078 0.815271
v -1.300076 4.583879 0.815271
v -1.300076 4.604030 0.795120
v -1.300076 4.604030 0.759845
v -1.300076 4.583879 0.739694
v -1.300076 4.436078 0.739694
v -1.300076 4.415927 0.759845
v 1.276009 -1.697128 0.022102
v 1.276009 -1.646328 0.022102
v 1.301409 -1.671728 0.022102
v -1.281280 4.583879 0.739694
v -1.281280 4.604030 0.759845
v -1.281280 4.604030 0.795120
v -1.281280 4.583879 0.815271
v -1.281280 4.436078 0.739694
v -1.281280 4.415927 0.759845
v -1.281280 4.415927 0.795120
v -1.281280 4.436078 0.815271
v 1.276009 2.899806 0.022102
v 1.276009 2.950605 0.022102
v 1.301409 2.925205 0.022102
v 0.033514 6.060899 2.753099
v 0.025927 6.060899 2.745512
v -0.029723 6.060899 2.745512
v -0.037311 6.060899 2.753099
v -0.037311 6.060899 2.766381
v -0.029723 6.060899 2.773968
v 0.025927 6.060899 2.773968
v 0.033514 6.060899 2.766381
v -0.029723 6.050158 2.773968
v -0.037311 6.050158 2.766381
v -0.037311 6.050158 2.753099
v -0.029723 6.050158 2.745512
v 1.276009 1.493548 0.022102
v 1.276009 1.544348 0.022102
v 1.301409 1.518948 0.022102
v 1.290214 -2.438281 1.696216
v 1.263175 -2.416717 1.686509
v 1.222645 -2.416329 2.549307
v 1.249302 -2.438940 2.541030
v 1.221906 -2.500430 2.634324
v 1.247181 -2.510468 2.610857
v 1.220721 -3.362257 2.633931
v 1.247166 -3.352671 2.611591
v 1.222503 -3.446455 2.549280
v 1.249296 -3.423984 2.541066
v 1.263222 -3.446136 1.686504
v 1.290216 -3.424524 1.696229
v 1.262905 -3.362019 1.602703
v 1.290206 -3.353086 1.624271
v 1.263039 -2.500794 1.602651
v 1.290213 -2.509784 1.624354
v 1.266585 -2.463506 1.706000
v 1.225262 -2.463234 2.529975
v 1.221661 -2.519865 2.587389
v 1.222860 -3.342813 2.587049
v 1.225410 -3.399560 2.529965
v 1.266536 -3.399340 1.705994
v 1.266863 -3.342637 1.649494
v 1.266721 -2.520184 1.649460
v 1.294042 -5.412243 1.696229
v 1.267048 -5.433856 1.686504
v 1.266731 -5.349739 1.602703
v 1.294033 -5.340805 1.624271
v 1.266865 -4.642412 1.602651
v 1.294040 -4.651402 1.624354
v 1.267001 -4.558335 1.686509
v 1.294040 -4.579899 1.696216
v 1.226471 -4.557947 2.549307
v 1.253128 -4.580557 2.541030
v 1.225732 -4.642047 2.634324
v 1.251008 -4.652085 2.610857
v 1.224547 -5.272260 2.633931
v 1.250993 -5.262674 2.611591
v 1.226329 -5.356458 2.549280
v 1.253123 -5.333987 2.541066
v 1.270362 -5.387061 1.705994
v 1.270689 -5.330358 1.649494
v 1.270548 -4.661801 1.649460
v 1.270411 -4.605123 1.706000
v 1.229089 -4.604852 2.529975
v 1.225487 -4.661483 2.587389
v 1.226687 -5.252816 2.587049
v 1.229236 -5.309564 2.529965
v 0.025927 6.050158 2.773968
v 0.033514 6.050158 2.766381
v 0.033514 6.050158 2.753099
v 0.025927 6.050158 2.745512
v 1.264957 -5.505579 2.034981
v 1.252986 -5.505579 2.034981
v 1.252986 -5.515617 2.045020
v 1.264957 -5.515617 2.045020
v 1.264957 -5.670513 2.045020
v 1.252986 -5.670513 2.045020
v 1.252986 -5.680553 2.034981
v 1.264957 -5.680553 2.034981
v 1.266881 -5.705959 1.710439
v 1.278853 -5.715998 1.720479
v 1.266881 -5.715998 1.720479
v 1.278853 -5.705959 1.710439
v 1.278853 -5.551063 1.710439
v 1.266881 -5.551063 1.710439
v 1.266881 -5.541023 1.720479
v 1.278853 -5.541023 1.720479
v -0.228680 6.060899 2.753099
v -0.236267 6.060899 2.745512
v -0.291917 6.060899 2.745512
v -0.299504 6.060899 2.753099
v -0.299504 6.060899 2.766381
v -0.291917 6.060899 2.773968
v -0.236267 6.060899 2.773968
v -0.228680 6.060899 2.766381
v -0.291917 6.050158 2.773968
v -0.299504 6.050158 2.766381
v -0.299504 6.050158 2.753099
v -0.291917 6.050158 2.745512
v -0.236267 6.050158 2.773968
v -0.228680 6.050158 2.766381
v -0.228680 6.050158 2.753099
v -0.236267 6.050158 2.745512
v 1.243346 -5.442868 2.542373
v 1.231374 -5.442868 2.542373
v 1.231374 -5.452907 2.552413
v 1.243346 -5.452907 2.552413
v 1.243346 -5.607802 2.552413
v 1.231374 -5.607802 2.552413
v 1.231373 -5.617842 2.542373
v 1.243345 -5.617842 2.542373
v 1.245268 -5.643248 2.217830
v 1.257241 -5.653287 2.227870
v 1.245268 -5.653287 2.227870
v 1.257241 -5.643248 2.217830
v 1.257241 -5.488353 2.217830
v 1.245268 -5.488353 2.217830
v 1.245268 -5.478313 2.227870
v 1.257241 -5.478313 2.227870
v -1.303747 5.704140 1.180488
v -1.303747 5.724291 1.200639
v -1.303747 5.938656 1.200639
v -1.303747 5.958807 1.180488
v -1.303747 5.958807 1.145215
v -1.303747 5.938656 1.125064
v -1.303747 5.724291 1.125064
v -1.303747 5.704140 1.145215
v -1.243071 -5.670513 2.045021
v -1.255042 -5.680553 2.034982
v -1.243071 -5.680553 2.034982
v -1.255042 -5.670513 2.045021
v -1.255042 -5.515617 2.045021
v -1.243071 -5.515617 2.045021
v -1.243071 -5.505579 2.034982
v -1.255042 -5.505579 2.034982
v -1.260069 5.938656 1.125063
v -1.260069 5.958807 1.145214
v -1.260069 5.958807 1.180488
v -1.260069 5.938656 1.200639
v -1.260069 5.724291 1.125063
v -1.260069 5.704140 1.145214
v -1.260069 5.704140 1.180488
v -1.260069 5.724291 1.200639
v -1.268937 -5.541023 1.720480
v -1.256966 -5.541023 1.720480
v -1.256966 -5.551063 1.710440
v -1.268937 -5.551063 1.710440
v -1.268937 -5.705959 1.710440
v -1.256966 -5.705959 1.710440
v -1.256966 -5.715998 1.720480
v -1.268937 -5.715998 1.720480
v 1.307838 -4.676997 0.814243
v 1.307838 -4.717897 0.855143
v 1.320194 -5.348926 0.855143
v 1.320194 -5.389827 0.814243
v 1.320194 -5.389827 0.310917
v 1.320194 -5.348926 0.270017
v 1.307838 -4.717897 0.270017
v 1.307838 -4.676997 0.310917
v -0.107614 -6.012371 1.608838
v -0.107614 -6.031167 1.608838
v -0.124463 -6.031167 1.628737
v -0.124463 -6.012371 1.628737
v -0.124374 -6.012371 1.699834
v -0.124374 -6.031167 1.699834
v -0.107702 -6.031167 1.719524
v -0.107702 -6.012371 1.719524
v 1.293267 -5.348926 0.270017
v 1.293267 -5.389827 0.310917
v 1.293267 -5.389827 0.814243
v 1.293267 -5.348926 0.855143
v 1.280910 -4.717897 0.270017
v 1.280910 -4.676997 0.310917
v 1.280910 -4.676997 0.814243
v 1.280910 -4.717897 0.855143
v 0.109094 -6.031167 1.609256
v 0.109094 -6.012371 1.609256
v 0.125236 -6.012371 1.628319
v 0.125236 -6.031167 1.628319
v 0.125854 -6.031167 1.699417
v 0.125854 -6.012371 1.699417
v 0.108476 -6.012371 1.719941
v 0.108476 -6.031167 1.719941
v 1.298043 -3.154784 0.020620
v 1.298043 -3.123265 0.020589
v 1.352142 -3.123265 0.020589
v 1.352142 -3.175868 0.020545
v 1.329919 -3.196943 0.020589
v 1.319993 -3.238606 0.020570
v 1.278542 -3.238606 0.020570
v 0.630220 -3.238606 0.020570
v 0.632521 -3.154784 0.020620
v 1.319993 -1.818248 0.020570
v 1.278542 -1.818248 0.020570
v 1.276507 -1.818248 0.379436
v 1.319993 -1.818248 0.379884
v 1.275550 -1.857431 0.548313
v 1.319993 -1.856961 0.547354
v 1.274765 -1.925321 0.686735
v 1.319993 -1.925955 0.688028
v 1.274063 -2.046567 0.810648
v 1.319993 -2.044830 0.809749
v 1.319993 -2.179435 0.879439
v 1.273675 -2.178531 0.878971
v 1.273443 -2.346971 0.919989
v 1.319993 -2.346026 0.919989
v 1.319993 -2.710828 0.919989
v 1.273443 -2.709882 0.919989
v 1.273675 -2.878323 0.878971
v 1.319993 -2.877419 0.879439
v 1.274063 -3.010287 0.810648
v 1.319993 -3.012024 0.809749
v 1.274765 -3.131532 0.686735
v 1.319993 -3.130898 0.688028
v 1.319993 -3.199893 0.547354
v 1.275550 -3.199422 0.548313
v 1.276507 -3.238606 0.379436
v 1.319993 -3.238606 0.379884
v 0.988467 -6.038008 0.956876
v 1.011390 -6.038008 0.964324
v 1.025557 -6.038008 0.983823
v 1.025557 -6.038008 1.007926
v 1.011390 -6.038008 1.027425
v 0.988467 -6.038008 1.034873
v 0.965544 -6.038008 1.027425
v 0.951377 -6.038008 1.007926
v 0.951377 -6.038008 0.983823
v 0.965544 -6.038008 0.964324
v 1.343876 -1.914155 0.294991
v 1.298043 -1.987073 0.493575
v 1.298043 -1.914155 0.294991
v 1.298043 -1.914155 0.020589
v 1.352142 -1.914155 0.020589
v 1.352142 -1.914155 0.294991
v 1.352142 -1.987073 0.493575
v 1.352142 -2.124115 0.655462
v 1.298043 -2.124115 0.655462
v 1.352142 -2.308750 0.761127
v 1.298043 -2.308750 0.761127
v 1.352142 -2.518710 0.797824
v 1.298043 -2.518710 0.797824
v 1.352142 -2.728670 0.761127
v 1.298043 -2.728670 0.761127
v 1.352142 -2.913306 0.655462
v 1.298043 -2.913306 0.655462
v 1.352142 -3.050347 0.493575
v 1.298043 -3.050347 0.493575
v 1.352142 -3.123265 0.294991
v 1.298043 -3.123265 0.294991
v -1.037215 -6.046963 1.221625
v -1.037215 -6.046963 1.153166
v -0.972106 -6.046963 1.132011
v -0.931867 -6.046963 1.187396
v -0.972106 -6.046963 1.242780
v -0.990102 -6.039124 1.255755
v -0.949921 -6.039124 1.242699
v -0.925089 -6.039124 1.208520
v -0.925089 -6.039124 1.166271
v -0.949921 -6.039124 1.132092
v -0.990102 -6.039124 1.119036
v -1.030283 -6.039124 1.132092
v -1.055115 -6.039124 1.166271
v -1.055115 -6.039124 1.208520
v -1.030283 -6.039124 1.242699
v -1.298043 4.388679 0.020620
v -1.298043 4.357369 0.020589
v -1.352141 4.357369 0.020589
v -1.352141 4.390537 0.020545
v -1.329919 4.411613 0.020589
v -1.319993 4.453276 0.020570
v -1.278542 4.453276 0.020570
v -0.739278 4.453276 0.020570
v -0.741579 4.388679 0.020620
v -1.338561 5.792270 0.407434
v -1.275193 5.759228 0.384286
v -1.274948 5.772409 0.407434
v -1.350165 5.786012 0.384286
v -1.357785 5.827319 0.407434
v -1.370966 5.827529 0.384286
v -1.355950 5.856930 0.407434
v -1.368985 5.858901 0.384286
v -1.318118 5.982403 0.407494
v -1.329423 5.989190 0.384347
v -1.219657 6.079138 0.407657
v -1.226236 6.090577 0.384516
v -1.092007 6.116150 0.407880
v -1.093786 6.129238 0.384746
v 1.093787 6.129238 0.384745
v 1.092008 6.116150 0.407880
v 1.219659 6.079138 0.407657
v 1.226237 6.090577 0.384516
v 1.318120 5.982403 0.407494
v 1.329424 5.989190 0.384347
v 1.355952 5.856930 0.407434
v 1.368987 5.858901 0.384286
v 1.357786 5.827319 0.407434
v 1.370968 5.827529 0.384286
v 1.338562 5.792270 0.407434
v 1.350166 5.786012 0.384286
v 1.285788 5.772409 0.407434
v 1.286033 5.759228 0.384286
v -1.383320 5.768134 0.337640
v -1.275553 5.739842 0.328162
v -1.275893 5.721565 0.337640
v -1.367231 5.776810 0.328162
v -1.408630 5.828130 0.337640
v -1.390353 5.827838 0.328162
v -1.406231 5.864528 0.337640
v -1.388156 5.861805 0.328162
v -1.361731 6.008566 0.337705
v -1.346040 5.999190 0.328225
v -1.245053 6.123237 0.337890
v -1.235887 6.107427 0.328402
v -1.098884 6.166610 0.338140
v -1.096387 6.148512 0.328643
v 1.096389 6.148512 0.328642
v 1.098886 6.166610 0.338140
v 1.245054 6.123237 0.337890
v 1.235888 6.107427 0.328402
v 1.361732 6.008566 0.337704
v 1.346042 5.999190 0.328225
v 1.406233 5.864528 0.337640
v 1.388157 5.861805 0.328162
v 1.408632 5.828130 0.337640
v 1.390355 5.827838 0.328162
v 1.383321 5.768134 0.337640
v 1.367232 5.776810 0.328162
v 1.286733 5.721565 0.337640
v 1.286393 5.739842 0.328162
v -1.275553 5.739842 0.226350
v -1.367231 5.776810 0.226350
v -1.390353 5.827838 0.226350
v -1.388152 5.861830 0.226350
v -1.346001 5.999274 0.226412
v -1.235778 6.107553 0.226590
v -1.096314 6.148632 0.226830
v 1.096316 6.148632 0.226830
v 1.235779 6.107553 0.226590
v 1.346003 5.999274 0.226412
v 1.388154 5.861830 0.226350
v 1.390355 5.827838 0.226350
v 1.367232 5.776810 0.226350
v 1.286393 5.739842 0.226350
v -1.275893 5.721565 0.218597
v -1.383320 5.768134 0.218597
v -1.408630 5.828130 0.218597
v -1.406227 5.864558 0.218597
v -1.361685 6.008665 0.218661
v -1.244925 6.123383 0.218846
v -1.098799 6.166750 0.219097
v 1.098800 6.166750 0.219096
v 1.244927 6.123383 0.218846
v 1.361687 6.008665 0.218661
v 1.406228 5.864558 0.218596
v 1.408632 5.828130 0.218596
v 1.383321 5.768134 0.218596
v 1.286733 5.721565 0.218596
v -1.350165 5.786012 0.170340
v -1.274948 5.772409 0.145995
v -1.275193 5.759228 0.170340
v -1.338561 5.792270 0.145995
v -1.370966 5.827529 0.170340
v -1.357785 5.827319 0.145995
v -1.368978 5.858954 0.170340
v -1.355941 5.856995 0.145995
v -1.329341 5.989367 0.170401
v -1.318017 5.982619 0.146055
v -1.226006 6.090839 0.170571
v -1.219377 6.079459 0.146219
v -1.093633 6.129490 0.170800
v -1.091819 6.116458 0.146441
v 1.091821 6.116458 0.146441
v 1.093634 6.129490 0.170800
v 1.226007 6.090839 0.170571
v 1.219378 6.079459 0.146219
v 1.329342 5.989367 0.170401
v 1.318019 5.982619 0.146055
v 1.368979 5.858954 0.170340
v 1.355942 5.856995 0.145995
v 1.370968 5.827529 0.170340
v 1.357786 5.827319 0.145995
v 1.350166 5.786012 0.170340
v 1.338562 5.792270 0.145995
v 1.286033 5.759228 0.170340
v 1.285788 5.772409 0.145995
v -0.917726 -6.039603 1.163524
v -0.917622 -6.039603 1.210928
v -0.962490 -6.039603 1.275869
v -1.015932 -6.039603 1.275885
v -1.061131 -6.039603 1.209704
v -1.060868 -6.039603 1.162984
v -1.015632 -6.039603 1.096641
v -0.960948 -6.039603 1.096625
v -1.244703 -5.478313 2.227871
v -1.244703 -5.488353 2.217831
v -1.244703 -5.643248 2.217831
v -1.244703 -5.653287 2.227871
v -1.230808 -5.617842 2.542374
v -1.230807 -5.607802 2.552413
v -1.230807 -5.452907 2.552413
v -1.230807 -5.442868 2.542374
v 0.870006 -5.761858 2.850751
v 0.881926 -5.706291 2.906520
v 0.861162 -5.757853 2.853035
v 0.857495 -5.804703 2.841432
v 0.843892 -5.794105 2.845382
v 0.785041 -5.804703 2.856918
v 0.799110 -5.794105 2.854954
v 0.777431 -5.761858 2.870537
v 0.786477 -5.757853 2.868998
v 0.789351 -5.706291 2.926306
v -1.015632 -6.028482 1.096641
v -0.960948 -6.028482 1.096625
v -1.060868 -6.028482 1.162984
v -1.061131 -6.028482 1.209704
v -1.015932 -6.028482 1.275885
v -0.962490 -6.028482 1.275869
v -0.917622 -6.028482 1.210928
v -0.917726 -6.028482 1.163524
v -1.274948 -5.683473 0.562485
v -1.275193 -5.670292 0.539337
v -1.350165 -5.697076 0.539337
v -1.338561 -5.703333 0.562485
v -1.370967 -5.738594 0.539337
v -1.357785 -5.738384 0.562485
v -1.368986 -5.825504 0.539337
v -1.355951 -5.823533 0.562485
v -1.329423 -5.955793 0.539397
v -1.318119 -5.949006 0.562544
v -1.226236 -6.057179 0.539567
v -1.219658 -6.045741 0.562708
v -1.093786 -6.095841 0.539796
v -1.092007 -6.082753 0.562930
v 1.092008 -6.082753 0.562930
v 1.093787 -6.095841 0.539796
v 1.226237 -6.057179 0.539566
v 1.219658 -6.045741 0.562708
v 1.329424 -5.955793 0.539397
v 1.318119 -5.949006 0.562544
v 1.368986 -5.825504 0.539336
v 1.355951 -5.823533 0.562485
v 1.370967 -5.738594 0.539336
v 1.357786 -5.738384 0.562485
v 1.350166 -5.697076 0.539336
v 1.338562 -5.703333 0.562485
v 1.286032 -5.670292 0.539336
v 1.285787 -5.683473 0.562485
v -1.275554 -5.650906 0.381400
v -1.275893 -5.632630 0.373647
v -1.383320 -5.679198 0.373647
v -1.367231 -5.687874 0.381400
v -1.408631 -5.739195 0.373647
v -1.390354 -5.738903 0.381400
v -1.406227 -5.831161 0.373647
v -1.388153 -5.828433 0.381400
v -1.361686 -5.975268 0.373711
v -1.346002 -5.965877 0.381463
v -1.244926 -6.089985 0.373897
v -1.235778 -6.074155 0.381641
v -1.098799 -6.133353 0.374147
v -1.096315 -6.115235 0.381881
v 1.096315 -6.115235 0.381881
v 1.098800 -6.133353 0.374147
v 1.244926 -6.089985 0.373897
v 1.235779 -6.074155 0.381641
v 1.361686 -5.975268 0.373711
v 1.346002 -5.965877 0.381463
v 1.406228 -5.831161 0.373647
v 1.388153 -5.828433 0.381400
v 1.408631 -5.739195 0.373647
v 1.390354 -5.738903 0.381400
v 1.383321 -5.679198 0.373647
v 1.367232 -5.687874 0.381400
v 1.286732 -5.632630 0.373647
v 1.286392 -5.650906 0.381400
v -1.275554 -5.650906 0.483213
v -1.367231 -5.687874 0.483213
v -1.390354 -5.738903 0.483213
v -1.388156 -5.828408 0.483213
v -1.346041 -5.965793 0.483275
v -1.235887 -6.074030 0.483453
v -1.096388 -6.115115 0.483693
v 1.096388 -6.115115 0.483693
v 1.235888 -6.074030 0.483453
v 1.346041 -5.965793 0.483275
v 1.388157 -5.828408 0.483213
v 1.390354 -5.738903 0.483213
v 1.367232 -5.687874 0.483213
v 1.286392 -5.650906 0.483213
v -1.275893 -5.632630 0.492691
v -1.383320 -5.679198 0.492691
v -1.408631 -5.739195 0.492691
v -1.406232 -5.831131 0.492691
v -1.361731 -5.975169 0.492755
v -1.245053 -6.089840 0.492941
v -1.098885 -6.133213 0.493191
v 1.098885 -6.133213 0.493191
v 1.245054 -6.089840 0.492941
v 1.361732 -5.975169 0.492755
v 1.406232 -5.831131 0.492691
v 1.408631 -5.739195 0.492691
v 1.383321 -5.679198 0.492691
v 1.286732 -5.632630 0.492691
v -1.037215 -6.046963 1.448495
v -1.037215 -6.046963 1.380035
v -0.972106 -6.046963 1.358880
v -0.931867 -6.046963 1.414265
v -0.972106 -6.046963 1.469650
v -0.990102 -6.039124 1.482624
v -0.949921 -6.039124 1.469569
v -0.925089 -6.039124 1.435389
v -0.925089 -6.039124 1.393141
v -0.949921 -6.039124 1.358961
v -0.990102 -6.039124 1.345906
v -1.030283 -6.039124 1.358961
v -1.055115 -6.039124 1.393141
v -1.055115 -6.039124 1.435389
v -1.030283 -6.039124 1.469569
v -1.289571 -4.057334 0.959085
v -1.300381 -4.057334 0.959085
v -1.300381 -4.057334 0.966231
v -1.300381 -4.057334 1.005875
v -1.300381 -4.057334 1.013021
v -1.289571 -4.057334 1.013021
v -0.917726 -6.039603 1.390393
v -0.917622 -6.039603 1.437797
v -0.962490 -6.039603 1.502738
v -1.015932 -6.039603 1.502755
v -1.061131 -6.039603 1.436573
v -1.060868 -6.039603 1.389853
v -1.015632 -6.039603 1.323511
v -0.960948 -6.039603 1.323495
v -1.289571 -4.254900 0.959085
v -1.289571 -4.254900 1.013021
v -1.300381 -4.254900 1.013021
v -1.300381 -4.254900 1.005875
v -1.300381 -4.254900 0.966231
v -1.300381 -4.254900 0.959085
v -1.015632 -6.028482 1.323511
v -0.960948 -6.028482 1.323495
v -1.060868 -6.028482 1.389853
v -1.061131 -6.028482 1.436573
v -1.015932 -6.028482 1.502755
v -0.962490 -6.028482 1.502738
v -0.917622 -6.028482 1.437797
v -0.917726 -6.028482 1.390393
v -1.340967 -4.156117 1.013021
v -1.329936 -4.214334 1.013021
v -1.329185 -4.096415 1.013021
v 0.960949 -6.039603 1.323495
v 1.015633 -6.039603 1.323511
v 1.060869 -6.039603 1.389853
v 1.061132 -6.039603 1.436573
v 1.015933 -6.039603 1.502755
v 0.962491 -6.039603 1.502738
v 0.917622 -6.039603 1.437797
v 0.917727 -6.039603 1.390393
v -1.329185 -4.096415 0.966231
v -1.340967 -4.156117 0.966231
v -1.329936 -4.214334 0.966231
v 0.960949 -6.028482 1.323495
v 1.015633 -6.028482 1.323511
v 1.060869 -6.028482 1.389853
v 1.061132 -6.028482 1.436573
v 1.015933 -6.028482 1.502755
v 0.962491 -6.028482 1.502738
v 0.917622 -6.028482 1.437797
v 0.917727 -6.028482 1.390393
v -1.309621 -5.883183 1.125064
v -1.265943 -5.883183 1.125063
v -1.265943 -5.903334 1.145214
v -1.309621 -5.903334 1.145215
v -1.309621 -5.903334 1.180490
v -1.265943 -5.903334 1.180489
v -1.265943 -5.883183 1.200640
v -1.309621 -5.883183 1.200641
v -1.329185 -4.096415 0.959085
v -1.329936 -4.214334 0.959085
v -1.340968 -4.156117 0.959085
v -1.265943 -5.668818 1.125063
v -1.309621 -5.668818 1.125064
v -1.309621 -5.648667 1.145215
v -1.265943 -5.648667 1.145214
v -1.265943 -5.648667 1.180489
v -1.309621 -5.648667 1.180490
v -1.309621 -5.668818 1.200641
v -1.265943 -5.668818 1.200640
v -1.329936 -4.214334 1.005875
v -1.340967 -4.156117 1.005875
v -1.329185 -4.096415 1.005875
v -1.289515 0.100172 0.959085
v -1.300326 0.100172 0.959085
v -1.300326 0.100172 0.966231
v -1.300326 0.100172 1.005875
v -1.300326 0.100172 1.013019
v -1.289515 0.100172 1.013019
v 1.309622 -5.883183 1.200640
v 1.265944 -5.883183 1.200640
v 1.265944 -5.903334 1.180489
v 1.309622 -5.903334 1.180489
v 1.309622 -5.903334 1.145214
v 1.265944 -5.903334 1.145214
v 1.265944 -5.883183 1.125063
v 1.309622 -5.883183 1.125063
v 1.265944 -5.668818 1.200640
v 1.309622 -5.668818 1.200640
v 1.309622 -5.648667 1.180489
v 1.265944 -5.648667 1.180489
v 1.265944 -5.648667 1.145214
v 1.309622 -5.648667 1.145214
v 1.309622 -5.668818 1.125063
v 1.265944 -5.668818 1.125063
v -1.289515 -0.097393 0.959085
v -1.289515 -0.097393 1.013019
v -1.300326 -0.097393 1.013019
v -1.300326 -0.097393 1.005875
v -1.300326 -0.097393 0.966231
v -1.300326 -0.097393 0.959085
v -1.340912 0.001390 1.013019
v -1.329880 -0.056827 1.013019
v -1.329130 0.061092 1.013019
v 0.859304 6.095098 0.765828
v 0.859304 6.076301 0.765828
v 0.879455 6.076301 0.745676
v 0.879455 6.095098 0.745676
v 0.879455 6.095098 0.710402
v 0.879455 6.076301 0.710402
v 0.859304 6.076301 0.690250
v 0.859304 6.095098 0.690250
v 0.711504 6.076301 0.765828
v 0.711504 6.095098 0.765828
v 0.691353 6.095098 0.745676
v 0.691353 6.076301 0.745676
v 0.691353 6.076301 0.710402
v 0.691353 6.095098 0.710402
v 0.711504 6.095098 0.690250
v 0.711504 6.076301 0.690250
v -1.329130 0.061092 0.966231
v -1.340912 0.001390 0.966231
v -1.329880 -0.056827 0.966231
v 1.009270 6.098003 0.657301
v 1.009270 6.069498 0.657301
v 1.025756 6.069498 0.639637
v 1.025756 6.098003 0.639637
v 1.025756 6.098003 0.506030
v 1.025756 6.069498 0.506030
v 1.009270 6.069498 0.488365
v 1.009270 6.098003 0.488365
v -1.329131 0.061092 0.959085
v -1.329880 -0.056827 0.959085
v -1.340913 0.001390 0.959085
v 0.561945 6.069498 0.657301
v 0.561945 6.098003 0.657301
v 0.545459 6.098003 0.639637
v 0.545459 6.069498 0.639637
v 0.545459 6.069498 0.506030
v 0.545459 6.098003 0.506030
v 0.561945 6.098003 0.488366
v 0.561945 6.069498 0.488366
v -1.329880 -0.056827 1.005875
v -1.340912 0.001390 1.005875
v -1.329130 0.061092 1.005875
v 0.576122 6.099451 0.516700
v 0.576122 6.099451 0.628967
v 0.761331 6.099451 0.628967
v 0.761331 6.099451 0.516700
v 0.771613 6.092936 0.509949
v 0.771613 6.092936 0.635717
v 0.565840 6.092936 0.635717
v 0.565840 6.092936 0.509949
v -1.289548 3.019494 0.959085
v -1.300358 3.019494 0.959085
v -1.300358 3.019494 0.966231
v -1.300358 3.019494 1.005875
v -1.300358 3.019494 1.013019
v -1.289547 3.019494 1.013019
v 0.995092 6.099451 0.516700
v 0.809883 6.099451 0.516700
v 0.809883 6.099451 0.628967
v 0.995092 6.099451 0.628967
v 1.005374 6.092936 0.635717
v 0.799601 6.092936 0.635717
v 0.799601 6.092936 0.509949
v 1.005374 6.092936 0.509949
v -1.289548 2.821929 0.959085
v -1.289547 2.821929 1.013019
v -1.300358 2.821929 1.013019
v -1.300358 2.821929 1.005875
v -1.300358 2.821929 0.966231
v -1.300358 2.821929 0.959085
v 0.785607 6.098003 0.657301
v -1.340944 2.920712 1.013019
v -1.329912 2.862495 1.013019
v -1.329162 2.980414 1.013019
v 0.785607 6.098003 0.488365
v -1.329162 2.980414 0.966231
v -1.340944 2.920712 0.966231
v -1.329912 2.862495 0.966231
v 1.248667 5.549768 2.671469
v 1.223267 5.549768 2.646070
v 1.214545 5.549768 2.696869
v -1.329162 2.980414 0.959085
v -1.329913 2.862495 0.959085
v -1.340944 2.920712 0.959085
v 1.214546 -5.711112 2.696870
v 1.223267 -5.711112 2.646070
v 1.248668 -5.711112 2.671470
v -1.329912 2.862495 1.005875
v -1.340944 2.920712 1.005875
v -1.329162 2.980414 1.005875
v 1.295096 4.737648 1.585854
v 1.269696 4.737648 1.560454
v 1.269463 4.737648 1.606863
v -1.281942 4.614284 0.463649
v -1.281942 4.575520 0.463660
v -1.281942 4.543454 0.510688
v -1.281942 4.543267 0.543806
v -1.281942 4.575308 0.590719
v -1.281942 4.613190 0.590707
v -1.281942 4.644996 0.544673
v -1.281942 4.644922 0.511071
v 1.269462 -3.540332 1.606864
v 1.269696 -3.540332 1.560454
v 1.295096 -3.540332 1.585855
v -1.274059 4.614284 0.463649
v -1.274059 4.575520 0.463660
v -1.274059 4.543454 0.510688
v -1.274059 4.543267 0.543806
v -1.274059 4.575308 0.590719
v -1.274059 4.613190 0.590707
v -1.274059 4.644996 0.544673
v -1.274059 4.644922 0.511071
v 1.236882 -5.917187 1.556990
v 1.258773 -5.930068 1.582390
v 1.174935 -6.013906 1.582390
v 1.162052 -5.992016 1.556990
v 1.062754 -6.046344 1.582423
v 1.059229 -6.021192 1.557021
v 0.000000 -6.046512 1.582391
v 0.000001 -6.021114 1.556990
v -1.052102 -6.046348 1.582391
v -1.048579 -6.021195 1.556990
v -1.164281 -6.013906 1.582391
v -1.151401 -5.992016 1.556990
v -1.248119 -5.930068 1.582391
v -1.226229 -5.917188 1.556990
v -1.280561 -5.817889 1.582392
v -1.255408 -5.814366 1.556990
v -1.280725 -5.546978 1.582392
v -1.255326 -5.546978 1.556990
v -1.288120 -4.457180 1.585855
v -1.262720 -4.457180 1.560454
v 1.265979 -4.461264 1.556990
v 1.291379 -4.461264 1.582390
v 1.291379 -5.546978 1.582390
v 1.265979 -5.546978 1.556990
v 1.291215 -5.817889 1.582390
v 1.266061 -5.814366 1.556990
v -1.281943 -3.384536 0.463661
v -1.281943 -3.423299 0.463672
v -1.281943 -3.455365 0.510700
v -1.281943 -3.455552 0.543818
v -1.281943 -3.423512 0.590732
v -1.281943 -3.385629 0.590720
v -1.281943 -3.353823 0.544685
v -1.281943 -3.353898 0.511083
v 1.236882 -5.917187 1.607790
v 1.162058 -5.992012 1.607790
v 1.059235 -6.021188 1.607821
v 0.000000 -6.021110 1.607790
v -1.048579 -6.021191 1.607790
v -1.151399 -5.992013 1.607791
v -1.226226 -5.917187 1.607791
v -1.255405 -5.814366 1.607791
v -1.255323 -5.546978 1.607791
v -1.262486 -4.457180 1.606865
v 1.265979 -4.461264 1.607790
v 1.265979 -5.546978 1.607790
v 1.266061 -5.814366 1.607790
v -1.274060 -3.384536 0.463661
v -1.274060 -3.423299 0.463672
v -1.274060 -3.455365 0.510700
v -1.274060 -3.455552 0.543818
v -1.274060 -3.423512 0.590732
v -1.274060 -3.385629 0.590720
v -1.274060 -3.353823 0.544685
v -1.274060 -3.353898 0.511083
v -1.290854 -3.414351 0.795120
v -1.290854 -3.394200 0.815271
v -1.290854 -3.246399 0.815271
v -1.290854 -3.226249 0.795120
v -1.290854 -3.226249 0.759845
v -1.290854 -3.246399 0.739694
v -1.290854 -3.394200 0.739694
v -1.290854 -3.414351 0.759846
v -1.272057 -3.394200 0.815271
v -1.272057 -3.414351 0.795120
v -1.272057 -3.414351 0.759846
v -1.272057 -3.394200 0.739694
v -1.272058 -3.246399 0.739694
v -1.272058 -3.226249 0.759845
v -1.272058 -3.226249 0.795120
v -1.272058 -3.246399 0.815271
v 1.291166 -3.353898 0.511083
v 1.291166 -3.353823 0.544685
v 1.291166 -3.385629 0.590720
v 1.291166 -3.423512 0.590731
v 1.291166 -3.455552 0.543818
v 1.291166 -3.455365 0.510700
v 1.291166 -3.423299 0.463672
v 1.291166 -3.384536 0.463661
v 1.295587 -5.567792 0.194229
v 1.321221 -5.546783 0.194229
v 1.322160 -5.546783 0.954689
v 1.296530 -5.567792 0.954562
v 1.290656 -5.546783 1.581298
v 1.265023 -5.567792 1.581298
v 1.283283 -3.423299 0.463672
v 1.283283 -3.384536 0.463661
v 1.283283 -3.455365 0.510700
v 1.283283 -3.455552 0.543818
v 1.283283 -3.423512 0.590731
v 1.283283 -3.385629 0.590720
v 1.283283 -3.353823 0.544685
v 1.283283 -3.353898 0.511083
v 1.295820 -5.521384 0.194229
v 1.300077 -3.414351 0.759845
v 1.300077 -3.394200 0.739694
v 1.300077 -3.246399 0.739694
v 1.300077 -3.226249 0.759845
v 1.300077 -3.226249 0.795120
v 1.300077 -3.246399 0.815271
v 1.300077 -3.394200 0.815271
v 1.300077 -3.414351 0.795120
v 1.281281 -3.394200 0.815271
v 1.281281 -3.414351 0.795120
v 1.281281 -3.414351 0.759845
v 1.281281 -3.394200 0.739694
v 1.266586 4.604286 1.705999
v 1.290214 4.629510 1.696216
v 1.249301 4.628851 2.541029
v 1.225262 4.604557 2.529975
v 1.247181 4.557324 2.610857
v 1.221660 4.547926 2.587389
v 1.247166 3.233823 2.611590
v 1.222860 3.243681 2.587049
v 1.249296 3.162510 2.541066
v 1.225410 3.186934 2.529964
v 1.290216 3.161970 1.696227
v 1.266536 3.187153 1.705994
v 1.290207 3.233408 1.624270
v 1.266863 3.243856 1.649494
v 1.290214 4.558007 1.624354
v 1.266722 4.547608 1.649460
v 1.263175 4.651074 1.686509
v 1.222645 4.651462 2.549306
v 1.221905 4.567362 2.634324
v 1.220721 3.224237 2.633930
v 1.222502 3.140039 2.549280
v 1.263223 3.140358 1.686504
v 1.262905 3.224475 1.602702
v 1.263040 4.566997 1.602651
v 1.266586 3.032722 1.705999
v 1.290214 3.057947 1.696216
v 1.249301 3.057288 2.541029
v 1.225262 3.032993 2.529975
v 1.247181 2.985760 2.610857
v 1.221660 2.976363 2.587389
v 1.247166 1.404818 2.611591
v 1.222860 1.414676 2.587049
v 1.249296 1.333505 2.541066
v 1.225410 1.357928 2.529964
v 1.290216 1.332965 1.696227
v 1.266536 1.358148 1.705994
v 1.290207 1.404403 1.624271
v 1.266863 1.414852 1.649494
v 1.290214 2.986444 1.624354
v 1.266722 2.976044 1.649460
v 1.263175 3.079510 1.686509
v 1.222645 3.079898 2.549306
v 1.221906 2.995798 2.634324
v 1.220721 1.395232 2.633931
v 1.222502 1.311034 2.549280
v 1.263223 1.311353 1.686504
v 1.262905 1.395470 1.602702
v 1.263040 2.995433 1.602651
v 1.266586 1.196013 1.705999
v 1.290214 1.221237 1.696216
v 1.249301 1.220578 2.541029
v 1.225262 1.196284 2.529975
v 1.247181 1.149051 2.610857
v 1.221660 1.139653 2.587389
v 1.247166 -0.431892 2.611591
v 1.222860 -0.422034 2.587049
v 1.249296 -0.503205 2.541066
v 1.225410 -0.478781 2.529964
v 1.290217 -0.503745 1.696227
v 1.266537 -0.478561 1.705994
v 1.290207 -0.432306 1.624271
v 1.266863 -0.421858 1.649494
v 1.290214 1.149734 1.624354
v 1.266722 1.139335 1.649460
v 1.263175 1.242801 1.686509
v 1.222645 1.243189 2.549307
v 1.221906 1.159088 2.634324
v 1.220721 -0.441478 2.633931
v 1.222503 -0.525676 2.549280
v 1.263223 -0.525356 1.686504
v 1.262905 -0.441239 1.602702
v 1.263040 1.158724 1.602651
v -1.261105 4.604286 1.706000
v -1.284734 4.629510 1.696216
v -1.284734 4.558007 1.624355
v -1.261242 4.547608 1.649461
v -1.284727 3.233408 1.624271
v -1.261383 3.243856 1.649495
v -1.284736 3.161970 1.696228
v -1.261056 3.187153 1.705994
v -1.243816 3.162510 2.541067
v -1.219929 3.186934 2.529965
v -1.241686 3.233823 2.611591
v -1.217380 3.243681 2.587049
v -1.241701 4.557324 2.610857
v -1.216180 4.547926 2.587390
v -1.243821 4.628851 2.541030
v -1.219782 4.604557 2.529976
v -1.257695 4.651074 1.686510
v -1.257559 4.566997 1.602651
v -1.257425 3.224475 1.602703
v -1.257742 3.140358 1.686504
v -1.217022 3.140039 2.549281
v -1.215240 3.224237 2.633931
v -1.216425 4.567362 2.634325
v -1.217165 4.651462 2.549307
v -1.261105 3.032722 1.706000
v -1.284734 3.057947 1.696216
v -1.284734 2.986444 1.624355
v -1.261242 2.976044 1.649461
v -1.284727 1.404403 1.624272
v -1.261383 1.414851 1.649495
v -1.284736 1.332965 1.696228
v -1.261056 1.358148 1.705994
v -1.243816 1.333505 2.541067
v -1.219929 1.357928 2.529965
v -1.241686 1.404817 2.611592
v -1.217380 1.414676 2.587049
v -1.241701 2.985760 2.610857
v -1.216180 2.976363 2.587390
v -1.243821 3.057288 2.541030
v -1.219782 3.032993 2.529976
v -1.257695 3.079510 1.686510
v -1.257559 2.995433 1.602651
v -1.257425 1.395470 1.602703
v -1.257742 1.311353 1.686504
v -1.217022 1.311034 2.549281
v -1.215240 1.395232 2.633932
v -1.216425 2.995798 2.634325
v -1.217164 3.079898 2.549307
v -1.261105 1.196012 1.706000
v -1.284734 1.221237 1.696216
v -1.284734 1.149734 1.624355
v -1.261242 1.139334 1.649461
v -1.284727 -0.432306 1.624272
v -1.261383 -0.421858 1.649495
v -1.284736 -0.503745 1.696228
v -1.261056 -0.478561 1.705994
v -1.243816 -0.503205 2.541067
v -1.219929 -0.478782 2.529965
v -1.241686 -0.431892 2.611592
v -1.217380 -0.422034 2.587049
v -1.241701 1.149050 2.610858
v -1.216180 1.139653 2.587390
v -1.243821 1.220578 2.541030
v -1.219782 1.196284 2.529976
v -1.257695 1.242801 1.686510
v -1.257559 1.158724 1.602651
v -1.257425 -0.441240 1.602703
v -1.257742 -0.525357 1.686504
v -1.217022 -0.525676 2.549281
v -1.215240 -0.441478 2.633932
v -1.216425 1.159088 2.634325
v -1.217164 1.243189 2.549308
v 1.266586 -0.631159 1.705999
v 1.290215 -0.605935 1.696216
v 1.249302 -0.606593 2.541029
v 1.225262 -0.630888 2.529975
v 1.247181 -0.678121 2.610857
v 1.221661 -0.687519 2.587389
v 1.247166 -2.259064 2.611591
v 1.222860 -2.249206 2.587049
v 1.249296 -2.330377 2.541066
v 1.225410 -2.305953 2.529965
v 1.290216 -2.330917 1.696229
v 1.266536 -2.305733 1.705994
v 1.290206 -2.259478 1.624271
v 1.266863 -2.249030 1.649494
v 1.290214 -0.677438 1.624354
v 1.266722 -0.687837 1.649460
v 1.263175 -0.584371 1.686509
v 1.222645 -0.583983 2.549307
v 1.221906 -0.668083 2.634324
v 1.220721 -2.268650 2.633931
v 1.222503 -2.352848 2.549280
v 1.263222 -2.352529 1.686504
v 1.262905 -2.268411 1.602703
v 1.263040 -0.668448 1.602651
v -1.259905 -0.631159 1.706000
v -1.283534 -0.605935 1.696216
v -1.283533 -0.677438 1.624355
v -1.260041 -0.687837 1.649461
v -1.283527 -2.259478 1.624272
v -1.260184 -2.249030 1.649495
v -1.283537 -2.330917 1.696230
v -1.259857 -2.305733 1.705995
v -1.242616 -2.330377 2.541067
v -1.218729 -2.305953 2.529966
v -1.240486 -2.259064 2.611592
v -1.216179 -2.249206 2.587049
v -1.240500 -0.678121 2.610858
v -1.214980 -0.687519 2.587390
v -1.242621 -0.606594 2.541030
v -1.218582 -0.630888 2.529976
v -1.256495 -0.584371 1.686510
v -1.256359 -0.668448 1.602651
v -1.256225 -2.268411 1.602704
v -1.256543 -2.352529 1.686504
v -1.215822 -2.352848 2.549281
v -1.214040 -2.268650 2.633932
v -1.215225 -0.668083 2.634325
v -1.215964 -0.583983 2.549308
v -1.261477 -2.461578 1.706001
v -1.285107 -2.436354 1.696216
v -1.285105 -2.507858 1.624355
v -1.261613 -2.518257 1.649461
v -1.285099 -4.402944 1.624272
v -1.261755 -4.392497 1.649495
v -1.285108 -4.474383 1.696230
v -1.261428 -4.449200 1.705995
v -1.244187 -4.473843 2.541067
v -1.220301 -4.449420 2.529966
v -1.242057 -4.402530 2.611592
v -1.217751 -4.392673 2.587049
v -1.242072 -2.508540 2.610858
v -1.216551 -2.517938 2.587390
v -1.244192 -2.437013 2.541031
v -1.220153 -2.461307 2.529976
v -1.258067 -2.414790 1.686510
v -1.257931 -2.498868 1.602652
v -1.257797 -4.411878 1.602704
v -1.258114 -4.495995 1.686504
v -1.217393 -4.496315 2.549281
v -1.215612 -4.412117 2.633932
v -1.216797 -2.498502 2.634325
v -1.217536 -2.414402 2.549308
v -1.273669 5.699895 1.414077
v -1.297298 5.725120 1.404294
v -1.297297 5.653617 1.332433
v -1.273805 5.643218 1.357538
v -1.297290 4.808780 1.332348
v -1.273946 4.819228 1.357571
v -1.297300 4.737341 1.404305
v -1.273619 4.762525 1.414071
v -1.256379 4.737881 2.249144
v -1.232493 4.762305 2.238042
v -1.254249 4.809194 2.319669
v -1.229943 4.819052 2.295125
v -1.254264 5.652933 2.318934
v -1.228744 5.643536 2.295467
v -1.256385 5.724461 2.249107
v -1.232345 5.700167 2.238052
v -1.270258 5.746684 1.394587
v -1.270123 5.662607 1.310728
v -1.269988 4.799846 1.310780
v -1.270306 4.715730 1.394580
v -1.229585 4.715410 2.257358
v -1.227804 4.799608 2.342009
v -1.228989 5.662971 2.342401
v -1.229728 5.747071 2.257384
v 1.306390 5.805879 1.581253
v 1.356367 5.855260 1.580775
v 1.295927 5.795345 1.572701
v 1.294577 5.793984 1.549451
v 1.265256 -5.521384 1.581298
v 1.296763 -5.521384 0.954563
v 1.256561 5.794857 2.230450
v 1.256883 5.784962 2.229856
v 1.264048 5.789437 2.206844
v 1.262761 5.798680 2.211264
v 1.280371 5.807435 2.195180
v 1.274521 5.814742 2.202708
v 1.350544 5.879004 2.191573
v 1.343931 5.885538 2.200868
v 1.319457 5.663094 1.276728
v 1.294057 5.663094 1.302128
v 1.294057 5.663094 1.251328
v 1.244236 5.790111 2.225950
v 1.252906 5.795202 2.202927
v 1.271609 5.811794 2.186409
v 1.343933 5.885536 2.182281
v -1.283402 5.550407 1.302129
v -1.308802 5.550407 1.276729
v -1.283402 5.550407 1.251328
v 0.577276 6.073173 2.722242
v 0.577276 6.050597 2.722242
v 0.621977 6.050597 2.679082
v 0.621978 6.073173 2.679082
v 0.621977 6.073173 2.537728
v 0.621977 6.050597 2.537728
v 0.577275 6.050597 2.494568
v 0.577275 6.073173 2.494568
v -0.577273 6.050597 2.722242
v -0.577273 6.073173 2.722242
v -0.621975 6.073173 2.679082
v -0.621975 6.050597 2.679082
v -0.621975 6.050597 2.537728
v -0.621975 6.073173 2.537728
v -0.577273 6.073173 2.494568
v -0.577273 6.050597 2.494568
v 1.249861 5.802134 2.231009
v 1.257026 5.806609 2.207996
v 1.267165 5.820516 2.195184
v 1.337321 5.892069 2.191576
v 1.357325 5.885830 2.196568
v 1.350538 5.894967 2.186078
v 1.380361 5.986062 2.187407
v 1.389677 5.984651 2.196568
v 1.388030 6.009485 2.178808
v 1.398305 6.011003 2.186859
v 1.393127 6.025054 2.164966
v 1.404344 6.029449 2.170218
v 1.395251 6.031541 2.145074
v 1.406932 6.037354 2.146642
v 1.395551 6.032459 1.595387
v 1.406932 6.037354 1.591003
v 1.394675 6.029781 1.594350
v 1.404344 6.029449 1.585456
v 1.362505 5.865154 1.595708
v 1.369292 5.856019 1.585456
v 1.346446 5.882477 2.203140
v 1.381328 5.989023 2.205731
v 1.390915 6.018305 2.194913
v 1.397896 6.039629 2.175472
v 1.400949 6.048954 2.148212
v 1.400648 6.048035 1.586617
v 1.396348 6.034902 1.576560
v 1.358413 5.852664 1.578883
v 1.339659 5.891613 2.196569
v 1.372012 5.990435 2.196569
v 1.380640 6.016787 2.186862
v 1.386679 6.035234 2.170219
v 1.389267 6.043140 2.146643
v 1.389267 6.043140 1.591002
v 1.386679 6.035233 1.585454
v 1.351626 5.861800 1.585454
v 0.581050 6.069815 2.555262
v 0.539290 6.069815 2.525052
v -0.539288 6.069815 2.525052
v -0.581049 6.069815 2.555262
v -0.581049 6.069815 2.661548
v -0.539288 6.069815 2.691758
v 0.539290 6.069815 2.691758
v 0.581050 6.069815 2.661548
v -0.791746 6.098003 0.504793
v -0.791746 6.098003 0.640874
v -0.785606 6.098003 0.657301
v -1.009268 6.098003 0.657301
v -1.013227 6.098003 0.640874
v -1.025755 6.098003 0.639637
v -1.013227 6.098003 0.504793
v -1.025755 6.098003 0.506030
v -1.009268 6.098003 0.488366
v -0.785606 6.098003 0.488366
v -0.779466 6.098003 0.640874
v -0.561943 6.098003 0.657301
v -0.557985 6.098003 0.640874
v -0.545457 6.098003 0.639637
v -0.545457 6.098003 0.506030
v -0.557985 6.098003 0.504793
v -0.561943 6.098003 0.488366
v -0.779466 6.098003 0.504793
v 1.342328 5.910280 2.186720
v 1.342328 5.910280 2.201895
v 1.353226 5.902936 2.209482
v 1.364124 5.895592 2.201895
v 1.364124 5.895592 2.186720
v 1.353226 5.902936 2.179133
v -0.561943 6.069498 0.488366
v -1.009268 6.069498 0.488366
v -1.009268 6.069498 0.657301
v -1.025755 6.069498 0.639637
v -1.025755 6.069498 0.506030
v -0.545457 6.069498 0.639637
v -0.561943 6.069498 0.657301
v -0.545457 6.069498 0.506030
v 1.319586 5.876531 2.201895
v 1.319586 5.876531 2.186720
v 1.330484 5.869187 2.179133
v 1.341382 5.861843 2.186720
v 1.341382 5.861843 2.201895
v 1.330484 5.869187 2.209482
v -0.711502 6.076301 0.690250
v -0.711502 6.095098 0.690250
v -0.691351 6.095098 0.710402
v -0.691351 6.076301 0.710402
v -0.691351 6.076301 0.745676
v -0.691351 6.095098 0.745676
v -0.711502 6.095098 0.765828
v -0.711502 6.076301 0.765828
v -0.879454 6.095098 0.745676
v -0.859303 6.076301 0.765828
v -0.859303 6.095098 0.765828
v -0.879454 6.076301 0.745676
v -0.879454 6.076301 0.710402
v -0.879454 6.095098 0.710402
v -0.859303 6.095098 0.690250
v -0.859303 6.076301 0.690250
v 1.354543 5.878686 1.580873
v 1.354543 5.878686 1.596047
v 1.365882 5.872044 1.603634
v 1.377221 5.865402 1.596047
v 1.377221 5.865402 1.580873
v 1.365882 5.872044 1.573285
v 1.333973 5.843570 1.596047
v 1.333973 5.843570 1.580873
v 1.345313 5.836928 1.573285
v 1.356652 5.830286 1.580873
v 1.356652 5.830286 1.596047
v 1.345313 5.836928 1.603634
v 1.265944 5.938656 1.200639
v 1.309622 5.938656 1.200639
v 1.309622 5.958807 1.180488
v 1.265944 5.958807 1.180488
v 1.265944 5.958807 1.145214
v 1.309622 5.958807 1.145214
v 1.309622 5.938656 1.125063
v 1.265944 5.938656 1.125063
v 1.309622 5.724291 1.200639
v 1.265944 5.724291 1.200639
v 1.265944 5.704140 1.180488
v 1.309622 5.704140 1.180488
v 1.309622 5.704140 1.145214
v 1.265944 5.704140 1.145214
v 1.265944 5.724291 1.125063
v 1.309622 5.724291 1.125063
v 1.388188 6.034293 1.654945
v 1.421505 5.990180 1.654945
v 1.338981 6.059482 1.654945
v 1.419414 5.952986 1.654945
v 1.302708 6.050993 1.654945
v 1.415594 5.948437 1.654945
v 1.298888 6.046444 1.654945
v 1.302708 6.050993 2.087163
v 1.298888 6.046444 2.087163
v 1.338981 6.059482 2.087163
v 1.388188 6.034293 2.087163
v 1.421505 5.990180 2.087163
v 1.419414 5.952986 2.087163
v 1.415594 5.948437 2.087163
v -0.086417 6.152745 1.642541
v -0.096932 6.151410 1.640213
v -0.057685 6.112956 1.335375
v -0.030284 6.121123 1.306074
v -0.019374 6.124377 1.311461
v -0.018805 6.122290 1.340001
v 1.398541 6.042825 2.036726
v 1.383604 6.044790 2.036726
v 1.374434 6.032837 2.036583
v 1.395138 6.016953 2.036440
v 1.404308 6.028907 2.036583
v -0.163066 6.120403 1.893123
v -0.171640 6.125282 1.896801
v -0.175170 6.118842 1.890361
v 1.395174 6.017230 1.972674
v 1.374470 6.033113 1.972818
v 1.383640 6.045066 1.972960
v 1.398578 6.043102 1.972960
v 1.404344 6.029183 1.972818
v -1.454928 5.703128 1.654946
v -1.545785 5.645183 1.654946
v -1.507000 5.684573 1.654946
v -1.420072 5.689982 1.654946
v -1.548564 5.608033 1.654946
v -1.416877 5.684974 1.654946
v -1.545369 5.603025 1.654946
v 1.398541 6.042825 1.797331
v 1.383604 6.044790 1.797331
v 1.374434 6.032837 1.797190
v 1.395138 6.016953 1.797047
v 1.404308 6.028907 1.797190
v -1.545369 5.603025 2.087164
v -1.548564 5.608033 2.087164
v -1.545785 5.645183 2.087164
v -1.507000 5.684573 2.087164
v -1.454928 5.703128 2.087164
v -1.420072 5.689982 2.087164
v -1.416877 5.684974 2.087164
v 1.395174 6.017230 1.733281
v 1.374470 6.033113 1.733423
v 1.383640 6.045066 1.733565
v 1.398578 6.043102 1.733565
v 1.404344 6.029183 1.733423
v -1.285630 -5.567792 0.954563
v -1.311260 -5.546783 0.954690
v -1.254123 -5.567792 1.581298
v -1.279757 -5.546783 1.581298
v -1.523684 5.681335 2.036584
v -1.516152 5.668288 2.036441
v -1.493553 5.681335 2.036584
v -1.501086 5.694382 2.036726
v -1.516152 5.694382 2.036726
v 0.849525 3.780632 0.929761
v 0.894621 3.785803 0.932226
v 0.938448 3.802858 0.219684
v 0.904811 3.802816 0.213825
v 0.961101 3.844941 0.157906
v -1.232732 -5.653287 2.227871
v -1.232732 -5.643248 2.217831
v -1.232732 -5.488353 2.217831
v -1.232732 -5.478313 2.227871
v -1.523684 5.681615 1.972818
v -1.516152 5.694662 1.972961
v -1.501086 5.694662 1.972961
v -1.493553 5.681615 1.972818
v -1.516152 5.668567 1.972675
v 1.281281 -3.246399 0.815271
v 1.281281 -3.226249 0.795120
v 1.281281 -3.226249 0.759845
v 1.281281 -3.246399 0.739694
v -1.523684 5.681335 1.797191
v -1.516152 5.668288 1.797047
v -1.493553 5.681335 1.797191
v -1.501086 5.694382 1.797332
v -1.516152 5.694382 1.797332
v -1.523684 5.681615 1.733424
v -1.516152 5.694662 1.733566
v -1.501086 5.694662 1.733566
v -1.493553 5.681615 1.733424
v -1.516152 5.668567 1.733281
v -1.375727 5.769987 2.196568
v -1.377425 5.758732 2.186079
v -1.463070 5.715689 2.187407
v -1.468634 5.723293 2.196568
v -1.485091 5.704621 2.178809
v -1.493409 5.710841 2.186860
v -1.499729 5.697265 2.164967
v -1.510752 5.702125 2.170219
v -1.505827 5.694200 2.145075
v -1.518184 5.698390 2.146643
v -1.506690 5.693766 1.595387
v -1.518184 5.698390 1.591004
v -1.504173 5.695031 1.594350
v -1.510752 5.702125 1.585457
v -1.377425 5.758732 1.595709
v -1.375727 5.769987 1.585456
v -1.319992 4.453276 0.380728
v -1.276502 4.453276 0.380284
v -1.319992 4.414932 0.546601
v -1.275553 4.414465 0.547552
v -1.319992 4.345191 0.688797
v -1.274760 4.345819 0.687516
v -1.319992 4.227449 0.809358
v -1.274064 4.225729 0.810248
v -1.273672 4.092238 0.879361
v -1.319992 4.091342 0.879825
v -1.319992 3.926339 0.919989
v -1.273442 3.925402 0.919989
v -1.273442 3.560791 0.919989
v -1.319992 3.559855 0.919989
v -1.319992 3.394851 0.879825
v -1.273672 3.393956 0.879361
v -1.319992 3.258744 0.809358
v -1.274064 3.260464 0.810248
v -1.319992 3.141002 0.688797
v -1.274760 3.140374 0.687516
v -1.275553 3.071728 0.547552
v -1.319992 3.071262 0.546602
v -1.319993 3.032918 0.380728
v -1.276502 3.032918 0.380284
v -1.319993 3.032918 0.020570
v -1.278542 3.032918 0.020570
v -1.365680 5.764632 2.203141
v -1.465852 5.714288 2.205732
v -1.493382 5.700451 2.194914
v -1.513429 5.690376 2.175472
v -1.522196 5.685970 2.148213
v -1.521333 5.686404 1.586619
v -1.508985 5.692610 1.576560
v -1.365680 5.764632 1.578884
v -1.298042 4.357369 0.294990
v -1.298042 4.350326 0.424462
v -1.298042 4.284451 0.493575
v -1.298042 4.070694 0.752046
v -1.298042 4.147409 0.655463
v -1.298042 3.962773 0.761127
v -1.298042 3.752710 0.845445
v -1.298042 3.752813 0.797825
v -1.298042 3.434725 0.752046
v -1.298042 3.542854 0.761127
v -1.298042 3.358218 0.655463
v -1.298043 3.155094 0.424462
v -1.298043 3.221176 0.493575
v -1.298043 3.148258 0.294991
v -1.298043 3.116740 0.020620
v -1.298043 3.148258 0.020589
v -1.367378 5.753378 2.196570
v -1.460287 5.706684 2.196570
v -1.485063 5.694232 2.186862
v -1.502407 5.685515 2.170220
v -1.509839 5.681780 2.146644
v -1.509839 5.681780 1.591002
v -1.502406 5.685516 1.585454
v -1.367378 5.753378 1.585454
v 1.298043 3.116740 0.020620
v 1.298043 3.148258 0.020589
v 1.352142 3.148258 0.020589
v 1.352142 3.095656 0.020545
v 1.329918 3.074581 0.020589
v 1.319993 3.032918 0.020570
v 1.278542 3.032918 0.020570
v 0.739278 3.032918 0.020570
v 0.741578 3.116740 0.020620
v 1.350166 -5.697076 0.325391
v 1.285787 -5.683473 0.301046
v 1.286032 -5.670292 0.325391
v 1.338562 -5.703333 0.301046
v 1.370967 -5.738594 0.325391
v 1.357786 -5.738384 0.301046
v 1.368979 -5.825556 0.325391
v 1.355942 -5.823597 0.301046
v 1.329342 -5.955970 0.325451
v 1.318018 -5.949222 0.301105
v 1.226007 -6.057442 0.325621
v 1.219378 -6.046061 0.301269
v 1.093634 -6.096093 0.325851
v 1.091820 -6.083061 0.301491
v -1.091820 -6.083061 0.301491
v -1.093633 -6.096093 0.325851
v -1.226006 -6.057442 0.325621
v -1.219377 -6.046061 0.301269
v -1.329341 -5.955970 0.325452
v -1.318018 -5.949222 0.301105
v -1.368978 -5.825556 0.325391
v -1.355941 -5.823597 0.301046
v -1.370967 -5.738594 0.325391
v -1.357785 -5.738384 0.301046
v -1.350165 -5.697076 0.325391
v -1.338561 -5.703333 0.301046
v -1.275193 -5.670292 0.325391
v -1.274948 -5.683473 0.301046
v -1.283440 5.809222 1.251328
v -1.283440 5.809222 1.302129
v -1.249578 5.987190 1.251328
v -1.249578 5.987190 1.302128
v -1.163232 6.071467 1.251328
v -1.163232 6.071467 1.302128
v -1.044391 6.104479 1.251328
v -1.044391 6.104479 1.302128
v 0.000001 6.104400 1.251328
v 0.000001 6.104400 1.302128
v 1.055047 6.104479 1.251328
v 1.055047 6.104479 1.302128
v 1.173887 6.071467 1.251328
v 1.173887 6.071467 1.302128
v 1.260234 5.987190 1.251328
v 1.260234 5.987190 1.302128
v 1.294095 5.809222 1.251328
v 1.294095 5.809222 1.302128
v -1.342531 5.749767 2.201896
v -1.342531 5.749767 2.186721
v -1.345002 5.762674 2.179134
v -1.347473 5.775581 2.186721
v -1.347473 5.775581 2.201896
v -1.345002 5.762674 2.209483
v -1.308726 5.811631 1.276729
v -1.271951 5.999217 1.276728
v -1.175927 6.093467 1.276728
v -1.047841 6.129643 1.276728
v 0.000001 6.129800 1.276728
v 1.058496 6.129643 1.276728
v 1.186582 6.093467 1.276728
v 1.282606 5.999217 1.276728
v 1.319381 5.811631 1.276728
v -1.342003 5.753703 1.596048
v -1.342003 5.753703 1.580873
v -1.345283 5.766428 1.573285
v -1.348563 5.779154 1.580873
v -1.348563 5.779154 1.596048
v -1.345283 5.766428 1.603635
v 1.319993 4.453276 0.020570
v 1.278543 4.453276 0.020570
v 1.276503 4.453276 0.380284
v 1.319994 4.453276 0.380728
v 1.275555 4.414465 0.547552
v 1.319994 4.414932 0.546601
v 1.274761 4.345819 0.687516
v 1.319994 4.345191 0.688797
v 1.274066 4.225729 0.810248
v 1.319994 4.227449 0.809357
v 1.319994 4.091342 0.879825
v 1.273674 4.092238 0.879361
v 1.273443 3.925402 0.919989
v 1.319994 3.926339 0.919989
v 1.319994 3.559855 0.919989
v 1.273443 3.560791 0.919989
v 1.273674 3.393956 0.879361
v 1.319994 3.394851 0.879825
v 1.274066 3.260464 0.810248
v 1.319994 3.258744 0.809357
v 1.274762 3.140374 0.687516
v 1.319994 3.141002 0.688797
v 1.319994 3.071262 0.546601
v 1.275555 3.071728 0.547552
v 1.276503 3.032918 0.380284
v 1.319993 3.032918 0.380728
v -1.240612 5.752735 2.231010
v -1.240172 5.762617 2.230451
v -1.247253 5.764320 2.211265
v -1.248837 5.754664 2.207997
v -1.266936 5.761344 2.202709
v -1.265848 5.752056 2.195184
v -1.366079 5.760691 2.200869
v -1.366054 5.751398 2.191576
v 0.862286 -5.577698 2.884647
v 0.874680 -5.643693 2.906827
v 0.882081 -5.641720 2.868378
v 0.883057 -5.701648 2.854089
v 0.878540 -5.760355 2.832955
v 0.864533 -5.802824 2.813481
v 0.835090 -5.810891 2.816059
v 0.793404 -5.810891 2.824969
v 0.766020 -5.802824 2.834536
v 0.761198 -5.760355 2.858035
v 0.765714 -5.701648 2.879169
v 0.796128 -5.643693 2.923615
v 0.772352 -5.641720 2.891830
v 0.798372 -5.577698 2.898307
v -1.228118 5.757218 2.225951
v -1.237840 5.759781 2.202928
v -1.262792 5.761356 2.186410
v -1.366079 5.760693 2.182281
v -1.180504 -5.964377 0.301061
v 1.180505 -5.964377 0.301061
v -1.233379 5.769819 2.229856
v -1.241602 5.771748 2.206845
v -1.265875 5.770644 2.195181
v -1.366105 5.769987 2.191574
v 1.329919 4.411613 0.366045
v 1.329919 4.411613 0.020589
v 1.329919 4.373393 0.529940
v 1.329919 4.312293 0.654519
v 1.329919 4.197028 0.772124
v 1.329919 4.078246 0.833622
v 1.329919 3.915288 0.873334
v 1.329919 3.570906 0.873334
v 1.329919 3.407948 0.833622
v 1.329919 3.289166 0.772125
v 1.329919 3.173901 0.654519
v 1.329919 3.112801 0.529940
v 1.329919 3.074581 0.366045
v 1.352142 3.095656 0.343110
v 1.352142 3.134123 0.516799
v 1.352143 3.187367 0.625360
v 1.352143 3.307237 0.750335
v 1.352143 3.414882 0.806067
v 1.352143 3.581964 0.846407
v 1.352143 3.904230 0.846407
v 1.352143 4.071311 0.806067
v 1.352143 4.178957 0.750334
v 1.352143 4.298826 0.625359
v 1.352143 4.352070 0.516798
v 1.352143 4.390537 0.343110
v 1.352142 4.390537 0.020545
v -0.741578 3.155094 0.424462
v -0.741579 3.116740 0.020620
v -0.741578 3.434725 0.752045
v -0.741578 3.752710 0.845444
v -0.741578 4.070694 0.752045
v -0.741578 4.350326 0.424462
v -1.352141 4.357369 0.294990
v -1.343875 4.357369 0.294990
v -1.352141 4.284451 0.493575
v -1.352141 4.147409 0.655463
v -1.352141 3.962773 0.761127
v -1.352141 3.752813 0.797825
v -1.352141 3.542854 0.761127
v -1.352141 3.358218 0.655463
v -1.352141 3.221176 0.493575
v -1.352141 3.148258 0.294991
v -1.352142 3.148258 0.020589
v -1.264870 5.760684 1.550399
v -1.275884 5.751398 1.545298
v -1.275872 5.769987 1.545298
v -1.267334 5.760684 1.581439
v -1.275541 5.751398 1.577068
v -1.289950 5.760686 1.598889
v -1.292901 5.751398 1.590073
v -1.366079 5.761349 1.599365
v -1.366106 5.752056 1.590073
v -1.285864 -5.521384 0.954563
v -1.254357 -5.521384 1.581298
v -1.279061 5.760701 1.549451
v -1.280977 5.760700 1.572701
v -1.295824 5.760698 1.581254
v -1.366079 5.761351 1.580776
v -1.292872 5.769987 1.590070
v -1.366053 5.770644 1.590070
v -1.275532 5.769987 1.577073
v -1.352142 3.095656 0.020545
v -1.352141 3.095656 0.343110
v -1.352141 3.134123 0.516799
v -1.352141 3.187367 0.625360
v -1.352141 3.307237 0.750335
v -1.352141 3.904230 0.846408
v -1.352141 4.352070 0.516799
v -1.352141 4.390537 0.343110
v -1.352141 4.071311 0.806067
v -1.352141 4.178957 0.750335
v -1.352141 4.298826 0.625360
v -1.352141 3.414882 0.806067
v -1.352141 3.581964 0.846408
v 1.411973 5.951478 2.082814
v 1.411973 5.951478 1.657846
v 1.302509 6.043403 2.082814
v 1.302509 6.043403 1.657846
v 1.305102 6.046492 1.657846
v 1.305102 6.046492 2.082814
v 1.414566 5.954566 1.657846
v 1.414566 5.954566 2.082814
v -1.287900 5.231064 1.582013
v -1.262500 5.205664 1.582012
v -1.228857 5.205664 2.319301
v -1.254257 5.231064 2.319301
v -1.262500 5.256464 1.582012
v -1.228857 5.256464 2.319301
v -1.262645 4.737818 1.556230
v -1.288045 4.737818 1.581630
v -1.288045 5.724380 1.581630
v -1.262645 5.724380 1.556230
v -1.262645 4.737818 1.607031
v -1.262645 5.724380 1.607031
v -1.274282 -4.469150 1.873553
v -1.248882 -4.469150 1.898954
v -1.248881 -2.438335 1.898954
v -1.274281 -2.438335 1.873553
v -1.248882 -4.469150 1.848153
v -1.248881 -2.438335 1.848153
v -1.272304 -3.452000 1.873537
v -1.246904 -3.477401 1.873537
v -1.213260 -3.477401 2.610826
v -1.238659 -3.452000 2.610826
v -1.246904 -3.426600 1.873537
v -1.213260 -3.426600 2.610826
v 1.276193 -4.483019 2.461071
v 1.276193 -3.514121 2.461071
v 1.142805 -3.514121 2.461071
v 1.142805 -4.483019 2.461071
v 1.276193 -3.514121 2.418512
v 1.142805 -3.514121 2.418512
v 1.276193 -4.483019 2.418512
v 1.142805 -4.483019 2.418512
v 1.311014 -4.483019 0.070482
v 1.311014 -3.514121 0.070482
v 1.177627 -3.514121 0.070482
v 1.177627 -4.483019 0.070482
v 1.311014 -3.514121 0.027924
v 1.177627 -3.514121 0.027924
v 1.311014 -4.483019 0.027924
v 1.177627 -4.483019 0.027924
v -1.274281 -2.330440 1.873553
v -1.248881 -2.330440 1.898954
v -1.248881 -0.606675 1.898954
v -1.274281 -0.606675 1.873553
v -1.248881 -2.330440 1.848153
v -1.248881 -0.606675 1.848153
v -1.272303 -1.466815 1.873536
v -1.246903 -1.492215 1.873536
v -1.213260 -1.492215 2.610826
v -1.238660 -1.466815 2.610826
v -1.246903 -1.441415 1.873536
v -1.213260 -1.441415 2.610826
v 1.280962 -0.606675 1.873552
v 1.255562 -0.606675 1.898953
v 1.255562 -2.330440 1.898953
v 1.280962 -2.330440 1.873552
v 1.255562 -0.606675 1.848153
v 1.255562 -2.330440 1.848153
v 1.245340 -1.466815 2.610826
v 1.219940 -1.492215 2.610826
v 1.253584 -1.492215 1.873536
v 1.278984 -1.466815 1.873536
v 1.219940 -1.441415 2.610826
v 1.253584 -1.441415 1.873536
v -1.273503 0.360357 1.873536
v -1.248103 0.334957 1.873536
v -1.214460 0.334957 2.610826
v -1.239860 0.360357 2.610826
v -1.248103 0.385757 1.873536
v -1.214460 0.385757 2.610826
v -1.275481 -0.503268 1.873553
v -1.250081 -0.503268 1.898954
v -1.250081 1.220497 1.898954
v -1.275481 1.220497 1.873553
v -1.250081 -0.503268 1.848153
v -1.250081 1.220497 1.848153
v -1.273503 2.197067 1.873536
v -1.248103 2.171667 1.873536
v -1.214460 2.171667 2.610826
v -1.239860 2.197067 2.610826
v -1.248103 2.222466 1.873536
v -1.214460 2.222466 2.610825
v -1.275481 1.333442 1.873553
v -1.250081 1.333442 1.898954
v -1.250081 3.057207 1.898954
v -1.275481 3.057207 1.873553
v -1.250081 1.333442 1.848153
v -1.250081 3.057207 1.848153
v -1.273504 3.898680 1.873536
v -1.248104 3.873280 1.873536
v -1.214460 3.873280 2.610825
v -1.239860 3.898680 2.610825
v -1.248104 3.924080 1.873536
v -1.214460 3.924080 2.610825
v -1.275481 3.162447 1.873553
v -1.250081 3.162447 1.898954
v -1.250082 4.628770 1.898954
v -1.275482 4.628770 1.873553
v -1.250081 3.162447 1.848153
v -1.250082 4.628770 1.848153
v 1.245340 0.360357 2.610826
v 1.219940 0.334957 2.610826
v 1.253584 0.334957 1.873536
v 1.278984 0.360357 1.873536
v 1.219940 0.385757 2.610826
v 1.253584 0.385757 1.873536
v 1.280962 1.220497 1.873552
v 1.255562 1.220497 1.898953
v 1.255562 -0.503268 1.898953
v 1.280962 -0.503268 1.873552
v 1.255562 1.220497 1.848153
v 1.255562 -0.503268 1.848153
v 1.245340 2.197067 2.610826
v 1.219940 2.171667 2.610826
v 1.253584 2.171667 1.873536
v 1.278984 2.197067 1.873536
v 1.219940 2.222466 2.610824
v 1.253584 2.222466 1.873536
v 1.280962 3.057207 1.873552
v 1.255562 3.057207 1.898953
v 1.255562 1.333442 1.898953
v 1.280962 1.333442 1.873552
v 1.255562 3.057207 1.848153
v 1.255562 1.333442 1.848153
v 1.245340 3.898680 2.610824
v 1.219940 3.873280 2.610824
v 1.253584 3.873280 1.873536
v 1.278984 3.898680 1.873536
v 1.219940 3.924080 2.610824
v 1.253584 3.924080 1.873536
v 1.280962 4.628770 1.873552
v 1.255562 4.628770 1.898953
v 1.255562 3.162447 1.898953
v 1.280962 3.162447 1.873552
v 1.255562 4.628770 1.848153
v 1.255562 3.162447 1.848153
v -0.874677 -5.643693 2.906827
v -0.881923 -5.706291 2.906520
v -0.789348 -5.706291 2.926306
v -0.796126 -5.643693 2.923615
v -0.798370 -5.577698 2.898307
v -0.862284 -5.577698 2.884647
v -0.861159 -5.757853 2.853035
v -0.870004 -5.761858 2.850751
v -0.843889 -5.794105 2.845382
v -0.857492 -5.804703 2.841432
v -0.799107 -5.794105 2.854954
v -0.785038 -5.804703 2.856918
v -0.786474 -5.757853 2.868998
v -0.777429 -5.761858 2.870537
v 0.048020 -5.761774 2.906512
v 0.048020 -5.706207 2.963541
v 0.038894 -5.757770 2.906897
v 0.037733 -5.804619 2.894785
v 0.023604 -5.794021 2.895804
v -0.036358 -5.804619 2.894785
v -0.022189 -5.794021 2.895804
v -0.046645 -5.761774 2.906512
v -0.037478 -5.757770 2.906897
v -0.046645 -5.706207 2.963541
v -1.261293 -5.387061 1.705995
v -1.284973 -5.412243 1.696230
v -1.244052 -5.333987 2.541067
v -1.220165 -5.309564 2.529966
v -1.241921 -5.262674 2.611592
v -1.217615 -5.252816 2.587049
v -1.241936 -4.652085 2.610858
v -1.216416 -4.661483 2.587390
v -1.244057 -4.580557 2.541031
v -1.220017 -4.604852 2.529976
v -1.284971 -4.579899 1.696216
v -1.261342 -4.605123 1.706001
v -1.284970 -4.651402 1.624355
v -1.261478 -4.661801 1.649461
v -1.284963 -5.340805 1.624272
v -1.261619 -5.330358 1.649495
v -1.257979 -5.433856 1.686504
v -1.217258 -5.356458 2.549281
v -1.215476 -5.272260 2.633932
v -1.216661 -4.642047 2.634325
v -1.217400 -4.557947 2.549308
v -1.257932 -4.558335 1.686510
v -1.257796 -4.642412 1.602652
v -1.257661 -5.349739 1.602704
v 1.290826 -3.359117 0.513030
v 1.290826 -3.359117 0.542979
v 1.296384 -3.363922 0.528004
v 1.290826 -3.376719 0.488802
v 1.296384 -3.392446 0.488744
v 1.290826 -3.405202 0.479547
v 1.290826 -3.433685 0.488802
v 1.296384 -3.438599 0.503740
v 1.290826 -3.451288 0.513030
v 1.290826 -3.451288 0.542979
v 1.296384 -3.438599 0.552269
v 1.290826 -3.433685 0.567207
v 1.290826 -3.405202 0.576462
v 1.296384 -3.392446 0.567264
v 1.290826 -3.376719 0.567207
v 1.283284 4.575520 0.463660
v 1.283284 4.614284 0.463649
v 1.291167 4.614284 0.463649
v 1.291167 4.575520 0.463660
v 1.291167 4.543454 0.510688
v 1.283284 4.543454 0.510688
v 1.283284 4.543267 0.543806
v 1.291167 4.543267 0.543806
v 1.283284 4.575308 0.590719
v 1.291167 4.575308 0.590719
v 1.283284 4.613190 0.590707
v 1.291167 4.613190 0.590707
v 1.291167 4.644996 0.544673
v 1.283284 4.644996 0.544673
v 1.283284 4.644922 0.511071
v 1.291167 4.644922 0.511071
v -1.287160 -3.438599 0.503741
v -1.281603 -3.433685 0.488802
v -1.281603 -3.451288 0.513030
v -1.281603 -3.405202 0.479547
v -1.287160 -3.392446 0.488744
v -1.281603 -3.376719 0.488802
v -1.281603 -3.359117 0.513030
v -1.287160 -3.363922 0.528005
v -1.281603 -3.359117 0.542979
v -1.281603 -3.376719 0.567207
v -1.287160 -3.392446 0.567265
v -1.281603 -3.405202 0.576462
v -1.281603 -3.433685 0.567207
v -1.287160 -3.438599 0.552269
v -1.281603 -3.451288 0.542979
v -1.287160 4.560221 0.503728
v -1.281602 4.565135 0.488790
v -1.281602 4.547532 0.513018
v -1.281602 4.593617 0.479535
v -1.287160 4.606374 0.488732
v -1.281602 4.622099 0.488790
v -1.281602 4.639703 0.513018
v -1.287160 4.634898 0.527992
v -1.281602 4.639703 0.542966
v -1.281602 4.622099 0.567195
v -1.287160 4.606374 0.567252
v -1.281602 4.593617 0.576450
v -1.281602 4.565135 0.567195
v -1.287160 4.560221 0.552256
v -1.281602 4.547532 0.542966
v -1.320119 2.878426 0.966038
v -1.299138 2.858133 0.966038
v -1.299138 2.858133 1.006066
v -1.320119 2.878426 1.006066
v -1.331137 2.921455 1.006066
v -1.331137 2.921455 0.966038
v -1.320119 2.964107 0.966038
v -1.320119 2.964107 1.006066
v -1.299138 2.984400 0.966038
v -1.299138 2.984400 1.006066
v -1.320086 -0.040896 0.966038
v -1.299106 -0.061189 0.966038
v -1.299106 -0.061189 1.006066
v -1.320086 -0.040896 1.006066
v -1.331105 0.002133 1.006066
v -1.331105 0.002133 0.966038
v -1.320086 0.044785 0.966038
v -1.320086 0.044785 1.006066
v -1.299106 0.065078 0.966038
v -1.299106 0.065078 1.006066
v -1.320142 -4.198403 0.966038
v -1.299161 -4.218696 0.966038
v -1.299161 -4.218696 1.006066
v -1.320142 -4.198403 1.006066
v -1.331160 -4.155374 1.006066
v -1.331160 -4.155374 0.966038
v -1.320142 -4.112722 0.966038
v -1.320142 -4.112722 1.006066
v -1.299161 -4.092429 0.966038
v -1.299161 -4.092429 1.006066
v 0.236269 6.050158 2.773968
v 0.236269 6.060899 2.773968
v 0.228682 6.060899 2.766381
v 0.228682 6.050158 2.766381
v 0.228682 6.050158 2.753099
v 0.228682 6.060899 2.753099
v 0.236269 6.060899 2.745512
v 0.236269 6.050158 2.745512
v 0.291919 6.060899 2.773968
v 0.291919 6.050158 2.773968
v 0.299506 6.050158 2.766381
v 0.299506 6.060899 2.766381
v 0.299506 6.060899 2.753099
v 0.299506 6.050158 2.753099
v 0.291919 6.050158 2.745512
v 0.291919 6.060899 2.745512
v 1.286732 -5.632630 0.341008
v 1.383321 -5.679198 0.341008
v 1.408631 -5.739195 0.341008
v 1.406227 -5.831168 0.341008
v 1.361673 -5.975295 0.341072
v 1.244891 -6.090025 0.341258
v 1.286366 -5.652339 0.325391
v 1.365971 -5.688554 0.325391
v 1.388922 -5.738880 0.325390
v 1.386734 -5.828234 0.325390
v 1.344751 -5.965188 0.325453
v 1.235001 -6.072984 0.325631
v 1.096080 -6.113882 0.325870
v 1.098777 -6.133391 0.341508
v -1.096079 -6.113882 0.325870
v -1.235000 -6.072984 0.325631
v -1.344751 -5.965188 0.325453
v -1.386734 -5.828234 0.325391
v -1.388921 -5.738880 0.325391
v -1.365970 -5.688554 0.325391
v -1.098776 -6.133391 0.341508
v -1.244891 -6.090025 0.341258
v -1.361673 -5.975295 0.341072
v -1.406226 -5.831168 0.341008
v -1.408631 -5.739195 0.341008
v -1.383320 -5.679198 0.341008
v -1.275893 -5.632630 0.341008
v -1.275527 -5.652339 0.325391
v 1.245087 -6.089801 0.523926
v 1.098907 -6.133177 0.524176
v -1.383320 -5.679198 0.523677
v -1.408631 -5.739195 0.523677
v -1.406233 -5.831123 0.523677
v -1.361743 -5.975143 0.523740
v -1.245087 -6.089801 0.523926
v -1.098907 -6.133177 0.524176
v 1.096233 -6.113630 0.539815
v 1.235231 -6.072721 0.539576
v 1.361744 -5.975143 0.523740
v -1.275893 -5.632630 0.523676
v -1.275527 -5.652339 0.539337
v -1.365970 -5.688554 0.539337
v -1.388921 -5.738880 0.539338
v -1.386742 -5.828181 0.539338
v -1.344833 -5.965011 0.539399
v -1.235230 -6.072721 0.539576
v -1.096233 -6.113630 0.539815
v 1.344834 -5.965011 0.539399
v 1.406233 -5.831123 0.523676
v 1.388922 -5.738880 0.539335
v 1.365971 -5.688554 0.539336
v 1.383321 -5.679198 0.523676
v 1.408631 -5.739195 0.523676
v 1.386742 -5.828181 0.539335
v 1.286732 -5.632630 0.523676
v 1.286366 -5.652339 0.539336
v 1.276192 4.723213 2.461071
v 1.276192 5.692111 2.461071
v 1.142805 5.692111 2.461071
v 1.142805 4.723213 2.461071
v 1.276192 5.692111 2.418511
v 1.142805 5.692111 2.418511
v 1.276192 4.723213 2.418511
v 1.142805 4.723213 2.418511
v 1.205913 -3.676442 0.510987
v 1.214818 -3.651876 0.998227
v 1.204567 -3.676171 0.987172
v 1.212697 -3.723404 1.068054
v 1.200626 -3.713366 1.091521
v 1.200611 -3.855201 1.091128
v 1.212682 -3.845615 1.068788
v 1.201808 -3.939399 1.006478
v 1.214813 -3.916928 0.998264
v 1.202549 -3.939080 0.491490
v 1.215755 -3.917468 0.501215
v 1.202232 -3.854963 0.407690
v 1.215745 -3.846030 0.429257
v 1.202367 -3.713731 0.407638
v 1.215752 -3.722721 0.429342
v 1.202502 -3.629654 0.491496
v 1.215753 -3.651217 0.501202
v 1.201950 -3.629266 1.006504
v 1.200966 -3.732801 1.044587
v 1.202165 -3.835757 1.044245
v 1.204715 -3.892505 0.987162
v 1.205864 -3.892285 0.510981
v 1.206190 -3.835582 0.454480
v 1.206049 -3.733120 0.454448
v 1.205913 -4.103601 0.510987
v 1.214818 -4.079035 0.998227
v 1.204567 -4.103330 0.987172
v 1.212697 -4.150563 1.068054
v 1.200626 -4.140525 1.091521
v 1.200611 -4.282360 1.091128
v 1.212682 -4.272774 1.068788
v 1.201808 -4.366558 1.006478
v 1.214813 -4.344087 0.998264
v 1.202549 -4.366239 0.491490
v 1.215755 -4.344627 0.501215
v 1.202232 -4.282122 0.407690
v 1.215745 -4.273189 0.429257
v 1.202367 -4.140890 0.407638
v 1.215752 -4.149880 0.429342
v 1.202502 -4.056813 0.491496
v 1.215753 -4.078376 0.501202
v 1.201950 -4.056425 1.006504
v 1.200966 -4.159960 1.044587
v 1.202165 -4.262916 1.044245
v 1.204715 -4.319664 0.987162
v 1.205864 -4.319444 0.510981
v 1.206190 -4.262741 0.454480
v 1.206049 -4.160279 0.454448
v 0.856873 -5.787713 2.877209
v 0.800273 -5.787713 2.889307
v 0.834183 -5.772084 2.909506
v 0.809072 -5.737653 2.929587
v 0.865422 -5.737653 2.917544
v -1.218835 -5.442868 2.542374
v -1.218835 -5.617842 2.542374
v 1.338724 0.061092 1.013018
v 1.309920 0.100172 1.005874
v 1.309920 0.100172 1.013018
v 1.338724 0.061092 1.005874
v 1.350506 0.001390 1.013018
v 1.350506 0.001390 1.005874
v 1.339474 -0.056826 1.013018
v 1.339474 -0.056826 1.005874
v 1.309920 -0.097393 1.013018
v 1.309920 -0.097393 1.005874
v 1.180505 5.997775 0.146010
v -1.180504 5.997775 0.146010
v -1.178768 6.001568 0.407449
v 1.178770 6.001568 0.407449
v 1.350506 0.001390 0.959084
v 1.339474 -0.056826 0.959084
v 1.309920 -0.097393 0.959084
v 1.299109 -0.097393 0.959084
v 1.299109 0.100172 0.959084
v 1.309920 0.100172 0.959084
v 1.338724 0.061092 0.959084
v -1.275527 5.741274 0.384286
v -1.365970 5.777490 0.384286
v -1.275893 5.721565 0.368626
v -1.383320 5.768134 0.368626
v -1.408630 5.828130 0.368626
v -1.406232 5.864521 0.368626
v -1.361743 6.008541 0.368690
v -1.245086 6.123199 0.368875
v -1.098906 6.166574 0.369125
v 1.096234 6.147027 0.384765
v -1.096232 6.147027 0.384765
v -1.235230 6.106119 0.384525
v -1.344833 5.998408 0.384348
v -1.386741 5.861578 0.384286
v -1.388921 5.827816 0.384286
v 1.098908 6.166574 0.369125
v 1.235231 6.106119 0.384525
v 1.245088 6.123199 0.368875
v 1.344834 5.998408 0.384348
v 1.386743 5.861578 0.384286
v 1.388922 5.827816 0.384286
v 1.365971 5.777490 0.384286
v 1.286366 5.741274 0.384286
v 1.383321 5.768134 0.368625
v 1.286733 5.721565 0.368625
v 1.408632 5.828130 0.368625
v 1.406234 5.864521 0.368625
v 1.361744 6.008541 0.368690
v -0.739278 3.032918 0.020570
v -1.329919 3.074581 0.020589
v 1.339474 -0.056826 0.966230
v 1.350506 0.001390 0.966230
v 1.338724 0.061092 0.966230
v 1.309920 0.100172 0.966230
v 1.309920 -0.097393 0.966230
v -1.329918 4.411613 0.366045
v -1.329918 4.373393 0.529940
v -1.329918 4.312293 0.654520
v -1.329918 4.197028 0.772125
v -1.329918 4.078246 0.833622
v -1.329918 3.915288 0.873335
v -1.329918 3.570906 0.873335
v -1.329918 3.407948 0.833622
v -1.329918 3.289166 0.772125
v -1.329918 3.173901 0.654520
v -1.329918 3.112801 0.529940
v -1.329919 3.074581 0.366045
v 1.299109 0.100172 1.013018
v 1.299109 -0.097393 1.013018
v 1.298043 -3.116430 0.424462
v 0.632521 -3.116430 0.424462
v 0.632521 -2.836799 0.752045
v 1.298043 -2.836799 0.752045
v 0.632521 -2.518814 0.845444
v 1.298043 -2.518814 0.845444
v 0.632521 -2.200829 0.752045
v 1.298043 -2.200829 0.752045
v 0.632521 -1.921198 0.424462
v 1.298043 -1.921198 0.424462
v 1.298043 -1.882845 0.020620
v 0.632521 -1.882845 0.020620
v 1.352142 -2.368152 0.846407
v 1.352142 -2.688702 0.846407
v 1.352142 -2.857391 0.805679
v 1.352142 -2.963532 0.750726
v 1.352142 -1.972299 0.624548
v 1.352142 -2.093322 0.750726
v 1.352142 -2.199463 0.805679
v 1.352142 -1.880986 0.020545
v 1.352142 -1.880986 0.342194
v 1.352142 -1.919823 0.517553
v 1.352142 -3.175868 0.342194
v 1.352142 -3.084554 0.624548
v 1.352142 -3.137031 0.517553
v 0.630220 -1.818248 0.020570
v 1.329919 -1.859911 0.020589
v 1.215753 -3.651217 1.488857
v 1.202502 -3.629654 1.479151
v 1.201951 -3.629266 2.229791
v 1.214819 -3.651876 2.221514
v 1.200627 -3.713366 2.314808
v 1.212698 -3.723404 2.291342
v 1.200612 -3.855201 2.314416
v 1.212683 -3.845615 2.292075
v 1.201809 -3.939399 2.229765
v 1.214814 -3.916928 2.221551
v 1.202550 -3.939080 1.479145
v 1.215755 -3.917468 1.488870
v 1.202232 -3.854963 1.395345
v 1.215745 -3.846030 1.416912
v 1.202367 -3.713731 1.395293
v 1.215752 -3.722721 1.416997
v 1.206049 -3.733120 1.442102
v 1.205913 -3.676442 1.498642
v 1.204568 -3.676171 2.210460
v 1.200967 -3.732801 2.267874
v 1.202166 -3.835757 2.267532
v 1.204716 -3.892505 2.210449
v 1.205864 -3.892285 1.498636
v 1.206190 -3.835582 1.442135
v 1.205913 -4.103601 1.498642
v 1.214819 -4.079035 2.221514
v 1.204568 -4.103330 2.210460
v 1.212698 -4.150563 2.291342
v 1.200627 -4.140525 2.314808
v 1.200612 -4.282360 2.314416
v 1.212683 -4.272774 2.292075
v 1.201808 -4.366558 2.229765
v 1.214813 -4.344087 2.221551
v 1.202550 -4.366239 1.479145
v 1.215755 -4.344627 1.488870
v 1.202232 -4.282122 1.395345
v 1.215745 -4.273189 1.416912
v 1.202367 -4.140890 1.395293
v 1.215752 -4.149880 1.416997
v 1.202502 -4.056813 1.479151
v 1.215753 -4.078376 1.488857
v 1.201951 -4.056425 2.229791
v 1.200967 -4.159960 2.267874
v 1.202166 -4.262916 2.267532
v 1.204715 -4.319664 2.210449
v 1.205864 -4.319444 1.498636
v 1.206190 -4.262741 1.442135
v 1.206049 -4.160279 1.442102
v 1.205913 5.515018 1.494804
v 1.214819 5.539583 2.217676
v 1.204568 5.515288 2.206622
v 1.212698 5.468055 2.287504
v 1.200627 5.478093 2.310971
v 1.200611 5.336258 2.310577
v 1.212683 5.345843 2.288239
v 1.201808 5.252060 2.225927
v 1.214813 5.274531 2.217713
v 1.202550 5.252379 1.475307
v 1.215756 5.273992 1.485032
v 1.202233 5.336496 1.391507
v 1.215746 5.345429 1.413074
v 1.202367 5.477728 1.391455
v 1.215753 5.468738 1.413159
v 1.202503 5.561806 1.475314
v 1.215753 5.540242 1.485020
v 1.201951 5.562193 2.225955
v 1.200966 5.458658 2.264036
v 1.202166 5.355702 2.263695
v 1.204716 5.298954 2.206611
v 1.205864 5.299175 1.494798
v 1.206191 5.355877 1.438297
v 1.206050 5.458339 1.438265
v 1.205913 5.087859 1.494804
v 1.214819 5.112424 2.217676
v 1.204568 5.088130 2.206622
v 1.212698 5.040896 2.287504
v 1.200627 5.050934 2.310971
v 1.200611 4.909099 2.310577
v 1.212683 4.918685 2.288239
v 1.201808 4.824901 2.225927
v 1.214813 4.847372 2.217713
v 1.202550 4.825221 1.475307
v 1.215756 4.846832 1.485032
v 1.202233 4.909338 1.391507
v 1.215746 4.918271 1.413074
v 1.202367 5.050570 1.391455
v 1.215753 5.041580 1.413159
v 1.202503 5.134647 1.475314
v 1.215753 5.113083 1.485020
v 1.201951 5.135035 2.225955
v 1.200966 5.031499 2.264036
v 1.202166 4.928543 2.263695
v 1.204716 4.871796 2.206611
v 1.205864 4.872015 1.494798
v 1.206191 4.928719 1.438297
v 1.206050 5.031180 1.438265
v 1.205913 5.515018 0.507149
v 1.214819 5.539583 0.994389
v 1.204568 5.515288 0.983335
v 1.212698 5.468055 1.064216
v 1.200627 5.478093 1.087684
v 1.200611 5.336258 1.087291
v 1.212683 5.345843 1.064950
v 1.201808 5.252060 1.002640
v 1.214813 5.274531 0.994426
v 1.202550 5.252379 0.487653
v 1.215755 5.273992 0.497377
v 1.202233 5.336496 0.403852
v 1.215746 5.345429 0.425419
v 1.202367 5.477728 0.403800
v 1.215753 5.468738 0.425504
v 1.202503 5.561806 0.487659
v 1.215753 5.540242 0.497365
v 1.201951 5.562193 1.002666
v 1.200966 5.458658 1.040749
v 1.202166 5.355702 1.040408
v 1.204716 5.298954 0.983324
v 1.205864 5.299175 0.507143
v 1.206191 5.355877 0.450643
v 1.206050 5.458339 0.450610
v 1.015633 -6.039603 1.096641
v 0.960949 -6.039603 1.096625
v 0.960949 -6.028482 1.096625
v 1.015633 -6.028482 1.096641
v 1.060869 -6.028482 1.162984
v 1.060869 -6.039603 1.162984
v 1.061132 -6.039603 1.209704
v 1.061132 -6.028482 1.209704
v 1.015933 -6.039603 1.275885
v 1.015933 -6.028482 1.275885
v 0.962491 -6.039603 1.275869
v 0.962491 -6.028482 1.275869
v 0.917622 -6.028482 1.210928
v 0.917622 -6.039603 1.210928
v 0.917727 -6.039603 1.163524
v 0.917727 -6.028482 1.163524
v 0.973924 3.677081 0.094465
v 0.958973 3.705398 0.043450
v 0.939217 3.722065 0.218817
v 0.932360 3.726364 0.144561
v 0.923145 3.715905 0.090676
v 1.158440 3.718367 0.071749
v 1.166243 3.740006 0.121361
v 0.628255 3.697097 0.167942
v 0.616181 3.741584 0.136750
v 0.915663 3.764581 0.064742
v 0.930575 3.781504 0.151930
v 1.164400 3.794239 0.128135
v 1.154755 3.826833 0.085297
v 0.920255 3.805124 0.102599
v 1.147872 3.778077 0.032298
v 0.649134 3.770791 0.215309
v 0.648620 3.715147 0.216495
v 0.629085 3.787130 0.166025
v -0.965544 -6.038008 0.964324
v -0.951376 -6.038008 0.983823
v -0.951376 -6.038008 1.007926
v -0.965544 -6.038008 1.027425
v -0.988466 -6.038008 1.034873
v -1.011389 -6.038008 1.027425
v -1.025556 -6.038008 1.007926
v -1.025556 -6.038008 0.983823
v -1.011389 -6.038008 0.964324
v -0.988466 -6.038008 0.956876
v 0.097501 -6.045347 1.622700
v 0.111915 -6.045347 1.637115
v 0.112468 -6.045347 1.690876
v 0.096948 -6.045347 1.706395
v -0.096108 -6.045347 1.706080
v -0.110997 -6.045347 1.691191
v -0.111076 -6.045347 1.637431
v -0.096030 -6.045347 1.622384
v -0.110997 -6.026551 1.691191
v -0.096108 -6.026551 1.706080
v -0.111076 -6.026551 1.637431
v -0.096030 -6.026551 1.622384
v 0.096948 -6.026551 1.706395
v 0.112468 -6.026551 1.690876
v 0.111915 -6.026551 1.637115
v 0.097501 -6.026551 1.622700
v -0.958961 3.814591 0.042121
v -0.973906 3.844146 0.092431
v -1.166242 3.740006 0.121361
v -1.158440 3.718367 0.071749
v -0.923145 3.715905 0.090676
v -0.932361 3.726364 0.144561
v -0.915664 3.764581 0.064742
v -0.616181 3.741584 0.136750
v -0.628255 3.697097 0.167942
v -1.164401 3.794239 0.128135
v -0.930575 3.781504 0.151930
v -0.920256 3.805124 0.102599
v -1.154755 3.826833 0.085297
v -1.147871 3.778077 0.032298
v -0.648621 3.715147 0.216495
v -0.649134 3.770791 0.215309
v -0.629085 3.787130 0.166025
v 0.974467 -6.069877 0.728471
v 0.960990 -6.083354 0.728471
v 0.623212 -6.083354 0.728471
v 0.609736 -6.069877 0.728471
v 0.609736 -6.026407 0.728471
v 0.974467 -6.026407 0.728471
v 0.974467 -6.026407 0.788909
v 0.974467 -6.069877 0.774923
v 0.960990 -6.083354 0.760956
v 0.609736 -6.069877 0.774923
v 0.609736 -6.026407 0.788909
v 0.623212 -6.083354 0.760956
v -0.097910 6.159160 1.640185
v -0.059917 6.120441 1.335374
v -0.176149 6.126590 1.890270
v 0.611047 4.649565 2.949418
v 0.636310 4.649565 2.923882
v 0.589901 4.649565 2.923898
v -0.021606 6.131862 1.311460
v -0.032516 6.128608 1.306073
v -0.032807 6.135066 1.314064
v -0.021037 6.129775 1.340001
v -0.094090 6.165966 1.641183
v -0.087395 6.160495 1.642513
v -0.171223 6.133548 1.891499
v -0.164045 6.128152 1.893031
v -1.265130 2.899806 0.955815
v -1.290530 2.925205 0.955816
v -1.265130 2.950605 0.955815
v -1.265130 1.493547 0.955815
v -1.290530 1.518948 0.955816
v -1.265130 1.544348 0.955815
v -1.265131 -0.023451 0.955815
v -1.290531 0.001949 0.955816
v -1.265131 0.027349 0.955815
v -1.265131 -1.697128 0.955815
v -1.290531 -1.671728 0.955816
v -1.265131 -1.646328 0.955815
v 1.301430 -1.671728 0.955815
v 1.276030 -1.697128 0.955815
v 1.276030 -1.646328 0.955815
v 1.301430 2.925205 0.955815
v 1.276030 2.899806 0.955815
v 1.276030 2.950605 0.955815
v 1.301430 1.518948 0.955815
v 1.276030 1.493548 0.955815
v 1.276030 1.544348 0.955815
v 1.280962 -2.439021 1.873552
v 1.255562 -2.439021 1.898953
v 1.255561 -3.424047 1.898953
v 1.280962 -3.424047 1.873552
v 1.255562 -2.439021 1.848153
v 1.255561 -3.424047 1.848153
v 1.245340 -2.928033 2.610826
v 1.219940 -2.953433 2.610826
v 1.253583 -2.953433 1.873536
v 1.278983 -2.928033 1.873536
v 1.219940 -2.902633 2.610826
v 1.253583 -2.902633 1.873536
v 0.965544 -6.028910 0.964324
v 0.988467 -6.028910 0.956876
v 0.951377 -6.028910 0.983823
v 0.951377 -6.028910 1.007926
v 0.965544 -6.028910 1.027425
v 0.988467 -6.028910 1.034873
v 1.011390 -6.028910 1.027425
v 1.025557 -6.028910 1.007926
v 1.025557 -6.028910 0.983823
v 1.011390 -6.028910 0.964324
v 0.589901 -4.572667 2.923899
v 0.636311 -4.572667 2.923883
v 0.611048 -4.572667 2.949419
v 0.972107 -6.046963 1.469650
v 1.030283 -6.039124 1.469569
v 0.990103 -6.039124 1.482624
v 0.949922 -6.039124 1.469569
v 0.931868 -6.046963 1.414265
v 0.925089 -6.039124 1.435389
v 0.925089 -6.039124 1.393141
v 0.972107 -6.046963 1.358880
v 0.949922 -6.039124 1.358961
v 0.990103 -6.039124 1.345906
v 1.037216 -6.046963 1.380035
v 1.030283 -6.039124 1.358961
v 1.055116 -6.039124 1.393141
v 1.037216 -6.046963 1.448495
v 1.055116 -6.039124 1.435389
v 0.650560 -6.029458 0.721899
v 0.650196 -6.033644 0.722064
v 0.934733 -6.033644 0.722064
v 0.934370 -6.029458 0.721899
v 0.934733 -6.033644 0.581732
v 0.934370 -6.029458 0.581732
v 0.650560 -6.029458 0.581732
v 0.650196 -6.033644 0.581732
v 0.929183 -5.319623 2.957533
v 0.900792 -5.251081 2.957533
v 0.832249 -5.222690 2.957533
v 0.763707 -5.251081 2.957533
v 0.735316 -5.319623 2.957533
v 0.763707 -5.388166 2.957533
v 0.832249 -5.416557 2.957533
v 0.900792 -5.388166 2.957533
v 0.910206 -5.437305 3.085036
v 0.883654 -5.437431 3.136439
v 0.904946 -5.437305 3.085036
v 0.887373 -5.437170 3.029912
v 0.883654 -5.437180 3.033631
v 0.832249 -5.437114 3.007079
v 0.832249 -5.437127 3.012339
v 0.777126 -5.437170 3.029912
v 0.780845 -5.437180 3.033631
v 0.754293 -5.437305 3.085036
v 0.759553 -5.437305 3.085036
v 0.777126 -5.437441 3.140159
v 0.780845 -5.437431 3.136439
v 0.832249 -5.437497 3.162992
v 0.832249 -5.437484 3.157732
v 0.887373 -5.437441 3.140159
v -1.315891 -4.527256 0.954690
v -1.258754 -4.548265 1.581298
v -1.284387 -4.527256 1.581298
v -1.290261 -4.548265 0.954563
v -1.314952 -4.527256 0.030839
v -1.289318 -4.548265 0.030839
v 0.557986 6.098003 0.504793
v 0.779467 6.098003 0.504792
v 0.779467 6.098003 0.640874
v 0.557986 6.098003 0.640874
v 0.791747 6.098003 0.640874
v 0.791747 6.098003 0.504792
v 1.013228 6.098003 0.504792
v 1.013228 6.098003 0.640874
v -1.289551 -4.501856 0.030839
v -1.290494 -4.501856 0.954563
v -1.258987 -4.501856 1.581298
v 1.178769 -5.968171 0.562499
v -1.178769 -5.968171 0.562500
v 1.311015 4.723213 0.027924
v 1.311015 4.723213 0.070482
v 1.177626 4.723213 0.070482
v 1.177626 4.723213 0.027924
v 1.177627 5.692111 0.027923
v 1.311015 5.692111 0.027923
v 1.311015 5.692111 0.070482
v 1.177627 5.692111 0.070482
v 1.276009 -0.023451 0.022102
v 1.276009 0.027349 0.022102
v 1.301409 0.001949 0.022102
v 1.338757 2.980414 1.013018
v 1.309953 3.019494 1.005874
v 1.309953 3.019494 1.013018
v 1.338757 2.980414 1.005874
v 1.350540 2.920712 1.013018
v 1.350540 2.920712 1.005874
v 1.339508 2.862495 1.013018
v 1.339508 2.862495 1.005874
v 1.309953 2.821929 1.013018
v 1.309953 2.821929 1.005874
v 1.212683 4.918685 1.064950
v 1.200611 4.909099 1.087291
v 1.201808 4.824901 1.002640
v 1.214813 4.847372 0.994426
v 1.202550 4.825221 0.487653
v 1.215755 4.846832 0.497377
v 1.202233 4.909338 0.403852
v 1.215746 4.918271 0.425419
v 1.202367 5.050570 0.403800
v 1.215753 5.041580 0.425504
v 1.202503 5.134647 0.487659
v 1.215753 5.113083 0.497365
v 1.201951 5.135035 1.002666
v 1.214819 5.112424 0.994389
v 1.200627 5.050934 1.087684
v 1.212698 5.040896 1.064216
v 1.200966 5.031499 1.040749
v 1.202166 4.928543 1.040408
v 1.204716 4.871796 0.983324
v 1.205864 4.872015 0.507143
v 1.206191 4.928719 0.450643
v 1.206050 5.031180 0.450610
v 1.205913 5.087859 0.507149
v 1.204568 5.088130 0.983335
v 0.603955 6.080002 2.668743
v 0.560549 6.080002 2.704268
v -0.560547 6.080002 2.704268
v -0.603953 6.080002 2.668743
v -0.603953 6.080002 2.548067
v -0.560547 6.080002 2.512542
v 0.560549 6.080002 2.512542
v 0.603955 6.080002 2.548067
v -0.995091 6.099451 0.628967
v -1.005373 6.092936 0.509949
v -1.005373 6.092936 0.635717
v -0.809882 6.099451 0.628967
v -0.799600 6.092936 0.635717
v -0.809882 6.099451 0.516700
v -0.799600 6.092936 0.509949
v -0.995091 6.099451 0.516700
v 1.350540 2.920712 0.959084
v 1.339508 2.862495 0.959084
v 1.309953 2.821929 0.959084
v 1.299143 2.821929 0.959084
v 1.299143 3.019494 0.959084
v 1.309953 3.019494 0.959084
v 1.338757 2.980414 0.959084
v -0.761330 6.099451 0.516700
v -0.565839 6.092936 0.509949
v -0.771612 6.092936 0.509949
v -0.761330 6.099451 0.628967
v -0.771612 6.092936 0.635717
v -0.576121 6.099451 0.628967
v -0.565839 6.092936 0.635717
v -0.576121 6.099451 0.516700
v 1.339508 2.862495 0.966230
v 1.350540 2.920712 0.966230
v 1.338757 2.980414 0.966230
v 1.309953 3.019494 0.966230
v 1.309953 2.821929 0.966230
v -0.180700 6.082569 1.786174
v -0.192268 6.078514 1.549374
v -0.188484 6.066291 1.549199
v -0.156048 6.066629 2.228342
v -0.164261 6.080729 2.133127
v -0.161200 6.079771 2.198578
v -0.159832 6.078852 2.228516
v -0.161301 6.086205 2.187647
v -0.161859 6.096164 2.162275
v -0.163569 6.089152 2.136072
v -0.165804 6.083362 2.097186
v -0.170752 6.082673 1.994457
v -0.178595 6.082901 1.829815
v -0.183059 6.094013 1.721048
v -0.182104 6.101138 1.731279
v -0.185184 6.092717 1.678301
v -0.189703 6.085909 1.592959
v -0.187046 6.088907 1.644513
v -0.185565 6.083155 1.683441
v -0.187454 6.080487 1.647518
v -0.190645 6.079463 1.582075
v -0.177313 6.103797 1.827997
v -0.176807 6.099452 1.844569
v -0.172645 6.099496 1.931710
v -0.171331 6.105600 1.950859
v -0.172192 6.111714 1.924428
v -0.184257 6.098882 1.689251
v -0.188077 6.095891 1.613319
v -0.172260 6.119689 1.912072
v -0.174280 6.119668 1.869761
v -0.175470 6.111481 1.856081
v -0.183667 6.104598 1.693769
v -0.167053 6.100424 2.047604
v -0.165086 6.104697 2.082948
v -0.166894 6.094182 2.059500
v -0.165070 6.100265 2.089374
v -0.164936 6.092928 2.102256
v -0.172727 6.082963 1.952684
v -0.149601 6.088237 2.135405
v -0.151101 6.099350 2.088707
v -0.147891 6.095249 2.161609
v -0.147332 6.085290 2.186980
v -0.145863 6.077938 2.227850
v -0.147232 6.078856 2.197912
v -0.150293 6.079813 2.132461
v -0.151205 6.066312 2.228111
v -0.151836 6.082446 2.096519
v -0.150967 6.092012 2.101589
v -0.152926 6.093266 2.058833
v -0.151118 6.103782 2.082281
v -0.164627 6.081986 1.829148
v -0.158759 6.082048 1.952017
v -0.156784 6.081758 1.993791
v -0.183641 6.065974 1.548968
v -0.178299 6.077600 1.548707
v -0.176676 6.078548 1.581408
v -0.175734 6.084994 1.592293
v -0.174109 6.094975 1.612653
v -0.170289 6.097967 1.688585
v -0.173486 6.079572 1.646852
v -0.168135 6.100223 1.730613
v -0.169090 6.093097 1.720382
v -0.171215 6.091801 1.677635
v -0.166731 6.081654 1.785508
v -0.171596 6.082240 1.682774
v -0.173077 6.087992 1.643847
v -0.161501 6.110566 1.855414
v -0.169699 6.103683 1.693102
v -0.158224 6.110799 1.923761
v -0.158291 6.118773 1.911406
v -0.160312 6.118753 1.869095
v -0.153084 6.099509 2.046937
v -0.157363 6.104685 1.950192
v -0.163345 6.102882 1.827330
v -0.158677 6.098581 1.931043
v -0.162838 6.098537 1.843902
v 0.024259 6.108521 1.347716
v -0.024258 6.108521 1.347716
v -0.024258 6.045355 2.446248
v 0.024259 6.045355 2.446248
v -0.061748 6.063102 1.347716
v -0.061748 5.999936 2.446248
v 0.061750 6.063102 1.347716
v 0.061750 5.999936 2.446248
v 1.299143 3.019494 1.013018
v 1.299143 2.821929 1.013018
v -1.543551 5.608968 1.657847
v -1.543551 5.608968 2.082814
v -1.541383 5.605567 2.082814
v -1.541383 5.605567 1.657847
v -1.420864 5.682431 2.082814
v -1.423032 5.685831 2.082814
v -1.423032 5.685831 1.657847
v -1.420864 5.682431 1.657847
v -1.384973 5.755023 2.179134
v -1.387444 5.767931 2.186721
v -1.387444 5.767931 2.201896
v -1.384973 5.755023 2.209483
v -1.382503 5.742116 2.186721
v -1.382503 5.742116 2.201896
v -1.384692 5.756272 1.573287
v -1.387972 5.768998 1.580873
v -1.387972 5.768998 1.596048
v -1.384692 5.756272 1.603635
v -1.381413 5.743546 1.580873
v -1.381413 5.743546 1.596048
v -0.772349 -5.641720 2.891830
v -0.765712 -5.701648 2.879169
v -0.761195 -5.760355 2.858035
v -0.766017 -5.802824 2.834536
v -0.793401 -5.810891 2.824969
v -0.835087 -5.810891 2.816059
v -0.864530 -5.802824 2.813481
v -0.878537 -5.760355 2.832955
v -0.883054 -5.701648 2.854089
v -0.882078 -5.641720 2.868378
v -0.865419 -5.737653 2.917544
v -0.809069 -5.737653 2.929587
v -0.800270 -5.787713 2.889307
v -0.834180 -5.772084 2.909506
v -0.856870 -5.787713 2.877209
v -0.031969 -5.583098 2.940229
v -0.056013 -5.639047 2.928583
v -0.039455 -5.643610 2.962327
v -0.059908 -5.701564 2.912505
v -0.059908 -5.760272 2.890894
v -0.050281 -5.802741 2.875260
v -0.021501 -5.811080 2.870015
v 0.021126 -5.811080 2.870015
v 0.050458 -5.802741 2.875260
v 0.060085 -5.760272 2.890894
v 0.060085 -5.701564 2.912505
v 0.056195 -5.639047 2.928583
v 0.040870 -5.643610 2.962327
v 0.033389 -5.583098 2.940229
v 0.029647 -5.787629 2.929642
v -0.028232 -5.787629 2.929642
v 0.000708 -5.771999 2.956483
v -0.028046 -5.737569 2.970872
v 0.029576 -5.737569 2.970872
v -1.286723 4.737648 1.585812
v -1.261323 4.737648 1.560412
v -1.261090 4.737648 1.606821
v -1.271714 -5.348926 0.855143
v -1.298641 -5.348926 0.855144
v -1.298641 -5.389827 0.814244
v -1.271714 -5.389827 0.814243
v -1.271714 -5.389827 0.310917
v -1.298641 -5.389827 0.310917
v -1.298641 -5.348926 0.270017
v -1.271714 -5.348926 0.270017
v -1.298641 -4.717897 0.855144
v -1.271714 -4.717897 0.855143
v -1.271714 -4.676997 0.814243
v -1.298641 -4.676997 0.814244
v -1.298641 -4.676997 0.310917
v -1.271714 -4.676997 0.310917
v -1.271714 -4.717897 0.270017
v -1.298641 -4.717897 0.270017
v 1.290827 4.639703 0.513018
v 1.290827 4.639703 0.542966
v 1.296384 4.634898 0.527992
v 1.290827 4.622099 0.488789
v 1.296384 4.606374 0.488732
v 1.290827 4.593617 0.479535
v 1.290827 4.565135 0.488789
v 1.296384 4.560221 0.503728
v 1.290827 4.547532 0.513018
v 1.290827 4.547532 0.542966
v 1.296384 4.560221 0.552256
v 1.290827 4.565135 0.567195
v 1.290827 4.593617 0.576449
v 1.296384 4.606374 0.567252
v 1.290827 4.622099 0.567195
v 1.329680 -0.040896 1.006065
v 1.308700 -0.061189 1.006065
v 1.308700 -0.061189 0.966038
v 1.329680 -0.040896 0.966038
v 1.340699 0.002133 0.966038
v 1.340699 0.002133 1.006065
v 1.329680 0.044785 1.006065
v 1.329680 0.044785 0.966038
v 1.308700 0.065078 1.006065
v 1.308700 0.065078 0.966038
v -1.218835 -5.452907 2.552413
v -1.218835 -5.607802 2.552413
v 1.037216 -6.046963 1.153166
v 1.030283 -6.039124 1.132092
v 1.055116 -6.039124 1.166271
v 0.990103 -6.039124 1.119036
v 0.972107 -6.046963 1.132011
v 0.949922 -6.039124 1.132092
v 0.925089 -6.039124 1.166271
v 0.931868 -6.046963 1.187396
v 0.925089 -6.039124 1.208520
v 0.949922 -6.039124 1.242699
v 0.972107 -6.046963 1.242780
v 0.990103 -6.039124 1.255755
v 1.030283 -6.039124 1.242699
v 1.037216 -6.046963 1.221625
v 1.055116 -6.039124 1.208520
v -0.988466 -6.028910 0.956876
v -0.965544 -6.028910 0.964324
v -0.951376 -6.028910 0.983823
v -0.951376 -6.028910 1.007926
v -0.965544 -6.028910 1.027425
v -0.988466 -6.028910 1.034873
v -1.011389 -6.028910 1.027425
v -1.025556 -6.028910 1.007926
v -1.025556 -6.028910 0.983823
v -1.011389 -6.028910 0.964324
v -0.823126 -6.049016 0.852580
v 0.823127 -6.049016 0.852580
v 0.823127 -6.019533 0.852580
v -0.823126 -6.019533 0.852580
v 0.869719 -6.049016 0.807315
v -0.869719 -6.049016 0.807315
v -0.869719 -6.012196 0.807315
v 0.869719 -6.012196 0.807315
v 0.869719 -6.012196 1.531542
v 0.869719 -6.049016 1.531542
v -0.869719 -6.049016 1.531542
v -0.869719 -6.012196 1.531542
v -0.823126 -6.049016 1.486278
v -0.823126 -6.019533 1.486278
v 0.823127 -6.049016 1.486278
v 0.823127 -6.019533 1.486278
v -1.275893 5.721565 0.185958
v -1.383320 5.768134 0.185958
v -1.275527 5.741274 0.170340
v -1.365970 5.777490 0.170340
v -1.388921 5.827816 0.170340
v -1.386733 5.861631 0.170340
v -1.344750 5.998585 0.170403
v -1.235000 6.106381 0.170580
v -1.096079 6.147279 0.170819
v 1.098777 6.166789 0.186457
v -1.098776 6.166789 0.186458
v -1.244890 6.123423 0.186208
v -1.361672 6.008692 0.186022
v -1.406226 5.864565 0.185958
v -1.408630 5.828130 0.185958
v 1.096080 6.147279 0.170819
v 1.244892 6.123423 0.186207
v 1.235001 6.106381 0.170580
v 1.361674 6.008692 0.186022
v 1.406227 5.864565 0.185958
v 1.408632 5.828130 0.185958
v 1.383321 5.768134 0.185958
v 1.286733 5.721565 0.185958
v 1.365971 5.777490 0.170340
v 1.286366 5.741274 0.170340
v 1.388922 5.827816 0.170339
v 1.386735 5.861631 0.170339
v 1.344752 5.998585 0.170403
v 0.140903 6.079773 0.421990
v -0.143634 6.079773 0.421990
v -0.143634 6.079773 0.562321
v 0.140903 6.079773 0.562321
v 0.140540 6.075588 0.421990
v -0.143270 6.075588 0.421990
v 0.140540 6.075588 0.562157
v -0.143270 6.075588 0.562157
v 0.763707 -5.251081 2.877959
v 0.735316 -5.319623 2.877959
v 0.832249 -5.222690 2.877959
v 0.900792 -5.251081 2.877959
v 0.929183 -5.319623 2.877959
v 0.900792 -5.388166 2.877959
v 0.832249 -5.416557 2.877959
v 0.763707 -5.388166 2.877959
v 0.883654 -5.371028 2.956259
v 0.832249 -5.392321 2.956259
v 0.832249 -5.392889 2.984038
v 0.883654 -5.373899 2.993667
v 0.832249 -5.406765 3.004460
v 0.883654 -5.395361 3.022441
v 0.904946 -5.367832 3.065852
v 0.883654 -5.340302 3.109264
v 0.832249 -5.328899 3.127245
v 0.780845 -5.340302 3.109264
v 0.759553 -5.367832 3.065852
v 0.780845 -5.395361 3.022441
v 0.904946 -5.319623 2.956259
v 0.904946 -5.328052 3.016915
v 0.883654 -5.282205 3.040163
v 0.832249 -5.263214 3.049793
v 0.780845 -5.282205 3.040163
v 0.759553 -5.328052 3.016915
v 0.780845 -5.373899 2.993667
v 0.883654 -5.268219 2.956259
v 0.832249 -5.246927 2.956259
v 0.780845 -5.268219 2.956259
v 0.759553 -5.319623 2.956259
v 0.780845 -5.371028 2.956259
v 0.777126 -5.374747 2.956259
v 0.832249 -5.397580 2.956259
v 0.832249 -5.397580 2.981659
v 0.777126 -5.377216 2.991985
v 0.754293 -5.319623 2.956259
v 0.754293 -5.328052 3.016915
v 0.777126 -5.264500 2.956259
v 0.777126 -5.278887 3.041845
v 0.832249 -5.241667 2.956259
v 0.832249 -5.258523 3.052171
v 0.887373 -5.264500 2.956259
v 0.887373 -5.278887 3.041845
v 0.910206 -5.319623 2.956259
v 0.910206 -5.328052 3.016915
v 0.887373 -5.374747 2.956259
v 0.832249 -5.409581 3.000018
v 0.777126 -5.397353 3.019301
v 0.754293 -5.367832 3.065852
v 0.777126 -5.338310 3.112404
v 0.832249 -5.326082 3.131687
v 0.887373 -5.338310 3.112404
v 0.910206 -5.367832 3.065852
v 0.887373 -5.377216 2.991985
v 0.887373 -5.397353 3.019301
v 1.276029 0.027349 0.955815
v 1.301430 0.001949 0.955815
v 1.276029 -0.023451 0.955815
v 1.329714 2.878426 1.006065
v 1.308734 2.858133 1.006065
v 1.308734 2.858133 0.966038
v 1.329714 2.878426 0.966038
v 1.340733 2.921455 0.966038
v 1.340733 2.921455 1.006065
v 1.329714 2.964107 1.006065
v 1.329714 2.964107 0.966038
v 1.308734 2.984400 1.006065
v 1.308734 2.984400 0.966038
v -1.352142 -2.856642 0.806067
v -1.352142 -2.964287 0.750335
v -1.329918 -2.982358 0.772125
v -1.329918 -2.863576 0.833622
v -1.329918 -2.700618 0.873335
v -1.352142 -2.689560 0.846408
v -1.352142 -2.367294 0.846408
v -1.329918 -2.356236 0.873335
v -1.329918 -2.193278 0.833622
v -1.352142 -2.200212 0.806067
v -1.352142 -2.092567 0.750335
v -1.329918 -2.074496 0.772125
v -1.329918 -1.959231 0.654521
v -1.352142 -1.972697 0.625360
v -1.352142 -1.919453 0.516799
v -1.329918 -1.898131 0.529940
v -1.329918 -1.859911 0.366046
v -1.352142 -1.880986 0.343110
v -1.352142 -1.880986 0.020545
v -1.329918 -1.859911 0.020589
v -1.352142 -3.175868 0.343111
v -1.352142 -3.175868 0.020545
v -1.329918 -3.196943 0.020589
v -1.329918 -3.196943 0.366046
v -1.329918 -3.158723 0.529940
v -1.352142 -3.137401 0.516799
v -1.352142 -3.084157 0.625360
v -1.329918 -3.097622 0.654521
v -1.319993 -3.012779 0.809358
v -1.274065 -3.011059 0.810248
v -1.273673 -2.877568 0.879361
v -1.319993 -2.876673 0.879825
v -1.273443 -2.710732 0.919989
v -1.319993 -2.711669 0.919989
v -1.319993 -2.345185 0.919989
v -1.273443 -2.346122 0.919989
v -1.273673 -2.179286 0.879361
v -1.319993 -2.180181 0.879825
v -1.319993 -2.044074 0.809358
v -1.274065 -2.045795 0.810248
v -1.274761 -1.925704 0.687516
v -1.319993 -1.926332 0.688797
v -1.275554 -1.857058 0.547552
v -1.319993 -1.856592 0.546602
v -1.276503 -1.818248 0.380284
v -1.319993 -1.818248 0.380728
v -1.278542 -1.818248 0.020570
v -1.319993 -1.818248 0.020570
v -1.319993 -3.238606 0.020570
v -1.278542 -3.238606 0.020570
v -1.276503 -3.238606 0.380284
v -1.319993 -3.238606 0.380728
v -1.275554 -3.199795 0.547552
v -1.319993 -3.200261 0.546602
v -1.319993 -3.130522 0.688797
v -1.274761 -3.131150 0.687516
v -1.298043 -3.123265 0.294991
v -1.298043 -3.154784 0.020621
v -1.298043 -3.123265 0.020589
v -1.298043 -3.116430 0.424462
v -1.298043 -3.050347 0.493575
v -1.298043 -2.913306 0.655463
v -1.298043 -2.836799 0.752046
v -1.298043 -2.728670 0.761127
v -1.298043 -2.518710 0.797825
v -1.298043 -2.518814 0.845445
v -1.298043 -2.308750 0.761127
v -1.298043 -2.200829 0.752046
v -1.298043 -2.124115 0.655463
v -1.298043 -1.987073 0.493575
v -1.298043 -1.921198 0.424462
v -1.298043 -1.914155 0.294991
v -1.298043 -1.882845 0.020621
v -1.298043 -1.914155 0.020589
v -1.352142 -1.914155 0.020589
v -0.630220 -1.818248 0.020570
v -0.632521 -1.882845 0.020620
v -0.632521 -3.154784 0.020621
v -0.630220 -3.238606 0.020570
v -1.352142 -3.123265 0.020589
v -1.352142 -1.914155 0.294991
v -1.343875 -1.914155 0.294991
v -1.352142 -1.987073 0.493575
v -1.352142 -2.124115 0.655463
v -1.352142 -2.308750 0.761127
v -1.352142 -2.518710 0.797825
v -1.352142 -2.728670 0.761127
v -1.352142 -2.913306 0.655463
v -1.352142 -3.050347 0.493575
v -1.352142 -3.123265 0.294991
v -0.632521 -3.116430 0.424462
v -0.632521 -2.836799 0.752045
v -0.632521 -2.518814 0.845444
v -0.632521 -2.200829 0.752045
v -0.632521 -1.921198 0.424462
v 1.329919 -3.196943 0.365219
v 1.329919 -3.158356 0.530689
v 1.329919 -3.097989 0.653773
v 1.329919 -2.981615 0.772509
v 1.329919 -2.864314 0.833240
v 1.329919 -2.699789 0.873335
v 1.329919 -2.357065 0.873335
v 1.329919 -2.192540 0.833240
v 1.329919 -2.075239 0.772509
v 1.329919 -1.958865 0.653773
v 1.329919 -1.898498 0.530689
v 1.329919 -1.859911 0.365219
v 1.298044 4.357369 0.294990
v 1.298043 4.357369 0.020589
v 1.352142 4.357369 0.020589
v 1.343876 4.357369 0.294990
v 1.352143 4.357369 0.294990
v 1.352143 4.284451 0.493575
v 1.298044 4.284451 0.493575
v 1.352143 4.147409 0.655462
v 1.298044 4.147409 0.655462
v 1.352143 3.962773 0.761127
v 1.298044 3.962773 0.761127
v 1.352143 3.752813 0.797824
v 1.298044 3.752813 0.797824
v 1.352143 3.542854 0.761127
v 1.298044 3.542854 0.761127
v 1.352143 3.358218 0.655462
v 1.298044 3.358218 0.655462
v 1.352142 3.221176 0.493575
v 1.298043 3.221176 0.493575
v 1.352142 3.148258 0.294990
v 1.298043 3.148258 0.294990
v 1.298043 3.155094 0.424462
v 0.741579 3.155094 0.424462
v 0.741579 3.434725 0.752045
v 1.298044 3.434725 0.752045
v 0.741579 3.752710 0.845444
v 1.298044 3.752710 0.845444
v 0.741579 4.070694 0.752045
v 1.298044 4.070694 0.752045
v 0.741579 4.350326 0.424461
v 1.298044 4.350326 0.424461
v 1.298043 4.388679 0.020620
v 0.741578 4.388679 0.020620
v 0.739278 4.453276 0.020570
v 0.904904 3.704497 0.939839
v 0.859627 3.702926 0.936102
v 0.901601 3.741909 0.213428
v 0.894002 3.784945 0.931906
v -0.940432 3.844062 0.085886
v -0.927628 3.844858 0.151361
v -0.927646 3.677793 0.153395
v -0.904788 3.802459 0.213627
v -0.904797 3.720660 0.214623
v 1.302524 5.663094 1.276728
v 1.239166 5.663094 2.438273
v 1.204952 5.663094 2.438273
v 1.204952 5.663094 0.038020
v 1.284498 5.663094 0.022050
v 1.302708 5.663094 0.956356
v -1.276591 -4.537000 0.942857
v -1.292053 -5.546978 0.956357
v -1.292053 -4.537000 0.956357
v -1.292053 5.550407 0.956357
v -1.276590 5.550407 0.942857
v 1.204953 5.211213 2.438273
v 1.204952 5.211213 0.022050
v 1.204952 5.550407 0.022050
v 0.637550 -1.939950 0.606234
v 0.637550 -2.086066 0.752350
v 0.637541 -2.274516 0.848383
v 0.637541 -2.758922 0.848383
v 0.637550 -2.947372 0.752350
v 0.637550 -3.093488 0.606234
v 0.637550 -3.152207 0.417784
v 0.637550 -3.152207 0.022050
v 0.637549 -1.881231 0.022050
v 0.637550 -1.881231 0.417784
v 1.274446 -4.461123 1.597919
v 1.302707 -4.461123 0.956357
v 1.284498 -4.461123 0.939128
v 1.284498 -4.461123 0.022050
v 1.204952 -4.461123 0.022050
v 1.204953 -4.461123 2.438274
v 1.237428 -4.461123 2.438274
v -1.072946 5.983059 2.444800
v -0.957134 6.011703 2.444800
v -1.012289 6.073637 1.352600
v -1.130239 6.044994 1.352600
v -1.158963 5.909405 2.444800
v -1.216863 5.971340 1.352600
v -1.193487 5.809148 2.444800
v -1.233161 5.861833 1.352600
v -1.246921 5.809148 1.433742
v 1.274446 4.742984 1.597919
v 1.302708 4.742984 0.956356
v 1.284498 4.742984 0.939128
v 1.284497 4.742984 0.022050
v 1.204952 4.742984 0.022050
v 1.204953 4.742984 2.438273
v 1.237427 4.742984 2.438273
v 1.180936 6.061674 0.952184
v 1.162808 6.016866 0.079812
v 1.043545 6.050932 0.092986
v 1.061593 6.095740 0.948095
v 1.178119 6.078801 1.276728
v 0.000001 6.112867 1.276728
v 0.000001 6.050932 0.092986
v 1.056196 6.112867 1.276728
v 1.052254 6.112867 1.352600
v 1.173984 6.078801 1.352600
v -1.167464 6.078801 1.276728
v -1.162964 6.078801 1.352600
v -1.041599 6.112867 1.352600
v -1.045541 6.112867 1.276728
v -1.170275 6.061674 0.952248
v -1.050927 6.095740 0.948221
v -1.151169 6.016866 0.079812
v -1.031904 6.050932 0.092986
v 0.000001 6.112867 1.352600
v -1.252096 5.991199 1.352600
v 0.000001 6.073637 1.352600
v 1.022644 6.073637 1.352600
v 1.140949 6.044994 1.352600
v 1.263476 5.991199 1.352600
v 1.227923 5.971340 1.352600
v 1.280012 5.872685 1.352600
v 1.243993 5.861833 1.352600
v 1.293834 5.810025 1.433742
v 1.257427 5.809148 1.433742
v 1.237878 5.810025 2.444799
v 1.203045 5.809148 2.444799
v -1.283025 5.810025 1.433743
v -1.228043 5.810025 2.444800
v -1.268866 5.872685 1.352600
v -1.216413 5.550407 2.673423
v -1.275156 5.550407 1.339930
v -1.263791 5.550407 1.597919
v 0.000001 5.550407 0.022050
v 1.284498 5.810025 0.022050
v 1.250426 5.929265 0.052451
v -1.238789 5.929265 0.052451
v -1.272862 5.810025 0.022050
v -1.272862 5.550407 0.022050
v -0.754662 4.385844 0.022050
v -1.272863 4.385844 0.022050
v 1.183826 5.200826 0.022050
v 1.204952 5.190439 0.022050
v 0.754662 4.385844 0.022050
v 1.284497 4.385844 0.022050
v 0.754662 3.114868 0.022050
v -0.637549 -1.881231 0.022050
v -1.272863 -1.881231 0.022050
v -1.272863 3.114868 0.022050
v -0.754662 3.114868 0.022050
v 1.284498 -1.881231 0.022050
v 1.284497 3.114868 0.022050
v 1.284498 -4.537000 0.022050
v -1.272863 -4.537000 0.022050
v -1.272863 -3.152207 0.022050
v -0.637549 -3.152207 0.022050
v 1.284498 -3.152207 0.022050
v 1.284498 -3.541013 0.022050
v 1.204952 -3.541013 0.022050
v 1.204952 -3.989111 0.022050
v 1.183694 -3.999676 0.022050
v 1.204952 -4.010241 0.022050
v 1.284498 -3.541013 0.939128
v 1.284498 -3.152207 0.417784
v 1.284498 -3.093488 0.606234
v 1.284498 -2.947372 0.752349
v 1.284498 -2.758922 0.811069
v 1.284498 -2.274516 0.811069
v 1.284498 -2.086066 0.752349
v 1.284498 -1.939950 0.606234
v 1.284498 -1.881231 0.417784
v 1.284498 3.508153 0.811069
v 1.284498 3.319703 0.752349
v 1.284498 3.173587 0.606234
v 1.284497 3.114868 0.417784
v 1.284498 4.385844 0.417784
v 1.284498 4.327125 0.606234
v 1.284498 4.181009 0.752349
v 1.284498 3.992559 0.811069
v 0.754663 4.327125 0.606234
v 0.754663 4.181009 0.752350
v 0.754663 3.992559 0.852236
v 0.754663 3.508153 0.852236
v 0.754663 3.319703 0.752350
v 0.754663 3.173587 0.606234
v 0.754662 3.114868 0.417784
v 0.754663 4.385844 0.417784
v 0.894424 -5.914627 2.611369
v 0.683384 -5.914627 2.654957
v 0.000001 -5.914627 2.680221
v 0.000000 -6.029578 1.597919
v -0.675856 -5.914627 2.654949
v -0.883587 -5.914627 2.611432
v -1.004354 -5.914627 2.567118
v -1.049753 -6.029578 1.597919
v -1.073689 -6.029578 0.956750
v 0.000000 -6.029578 0.956748
v -1.069454 -6.029578 0.252204
v 0.000000 -6.029578 0.254233
v 1.084573 -6.029578 0.256291
v 1.084573 -6.029578 0.956745
v 1.060406 -6.029575 1.597951
v 1.015010 -5.914627 2.567118
v -0.754661 3.173587 0.606234
v -0.754661 3.319703 0.752350
v -0.754661 3.508153 0.845496
v -0.754661 3.992559 0.845496
v -0.754661 4.181009 0.752350
v -0.754661 4.327125 0.606234
v -0.754661 4.385844 0.417784
v -0.754662 3.114868 0.417784
v 1.302707 -4.537000 0.956357
v 1.302707 -5.546978 0.956357
v 1.284498 -4.537000 0.939128
v 1.202793 5.929265 2.444799
v 1.168947 5.909405 2.444799
v 1.114463 6.016866 2.444799
v 1.083103 5.983059 2.444800
v 0.995502 6.050932 2.444800
v 0.967490 6.011703 2.444800
v 0.000001 6.050932 2.444800
v 0.000001 6.011703 2.444800
v -0.984847 6.050932 2.444800
v -1.104012 6.016866 2.444800
v -1.192520 5.929265 2.444800
v -0.637549 -3.093488 0.606234
v -0.637549 -2.947372 0.752350
v -0.637549 -2.758922 0.846996
v -0.637549 -2.274516 0.846996
v -0.637549 -2.086066 0.752350
v -0.637549 -1.939950 0.606234
v -0.637549 -1.881231 0.417784
v -0.637549 -3.152207 0.417784
v 1.302707 -5.546978 0.190153
v 1.302707 -5.815540 0.229115
v 1.271861 -5.921481 0.243936
v 1.192541 -5.999311 0.253818
v -1.288325 -5.546978 0.186425
v -1.177787 -5.999314 0.249909
v -1.257375 -5.921491 0.240160
v -1.288325 -5.815560 0.225392
v 1.204953 -4.010241 2.438274
v 1.183827 5.200826 2.438273
v 1.204953 5.190439 2.438273
v 1.204953 -3.989111 2.438274
v 1.183695 -3.999676 2.438274
v 1.302707 -3.541013 0.956357
v 1.204953 -3.541013 2.438274
v 1.237428 -3.541013 2.438274
v 1.274446 -3.541013 1.597919
v -1.101228 6.016866 2.495600
v -0.982207 6.050932 2.495600
v -1.095814 6.016866 2.591467
v -0.977622 6.050932 2.583851
v -1.077909 6.050861 2.664032
v -1.030704 6.050861 2.691710
v -0.877311 6.050932 2.618750
v -0.905165 6.050861 2.735385
v -0.674016 6.050932 2.661671
v -0.682038 6.050861 2.780987
v 0.000002 6.050861 2.806251
v 0.000001 6.050932 2.686935
v 0.000001 6.050932 2.495600
v 0.988277 6.050932 2.583851
v 0.681600 6.050932 2.661671
v 0.888169 6.050932 2.618679
v 0.992863 6.050932 2.495600
v 1.111694 6.016866 2.495600
v 1.106470 6.016866 2.591466
v 1.088564 6.050861 2.664032
v 1.041359 6.050861 2.691710
v 0.915924 6.050861 2.735349
v 0.689516 6.050861 2.780987
v 1.190894 -5.700589 2.741868
v 1.227069 -5.700589 2.665815
v 1.227069 -5.546978 2.673424
v 1.190894 -5.546978 2.768816
v 1.227069 5.550407 2.673422
v 1.166022 -5.806530 2.704872
v 1.197082 -5.806530 2.622969
v 1.082774 -5.806530 2.753685
v 1.095523 -5.700589 2.794564
v 1.095523 -5.546978 2.824736
v 1.190893 5.550407 2.768816
v 1.227069 5.810025 2.640101
v 0.937199 -5.806530 2.804331
v 0.944244 -5.700589 2.847195
v 0.944244 -5.546978 2.877367
v 1.095522 5.550407 2.824736
v 1.190893 5.810025 2.720417
v 1.193302 5.929265 2.615629
v 0.695585 -5.806530 2.851997
v 0.697594 -5.700589 2.895531
v 0.000001 -5.806530 2.877261
v 0.695332 5.929265 2.843239
v 0.936314 5.929265 2.795658
v 1.080357 5.929265 2.745545
v 1.162242 5.929265 2.697532
v 1.095522 5.810025 2.776338
v 0.944243 5.550407 2.877366
v 0.697594 -5.546978 2.925703
v 0.000001 -5.700589 2.920796
v -0.690223 -5.700589 2.895531
v -0.688187 -5.806530 2.851997
v 0.697594 5.550407 2.925703
v 0.944243 5.810025 2.828968
v 0.697594 5.810025 2.877305
v 0.000002 5.929265 2.868503
v 0.000002 5.810025 2.902569
v 0.000002 5.550407 2.950967
v 0.000001 -5.546978 2.950968
v -0.690223 -5.546978 2.925703
v -0.690224 5.810025 2.877305
v -0.933587 5.550407 2.877366
v -0.690224 5.550407 2.925703
v -0.933587 -5.546978 2.877367
v -1.084866 -5.546978 2.824736
v -1.084867 5.550407 2.824736
v -0.933587 5.810025 2.828968
v -0.687932 5.929265 2.843239
v -0.933587 -5.700589 2.847195
v -1.084866 -5.700589 2.794564
v -1.180237 -5.700589 2.741868
v -1.180237 -5.546978 2.768817
v -1.180238 5.550407 2.768816
v -1.084867 5.810025 2.776338
v -0.925629 5.929265 2.795668
v -1.182646 5.929265 2.615630
v -0.926517 -5.806530 2.804340
v -1.072118 -5.806530 2.753685
v -1.155366 -5.806530 2.704873
v -1.186426 -5.806530 2.622970
v -1.216413 -5.700589 2.665816
v -1.216413 -5.546978 2.673424
v -1.180238 5.810025 2.720418
v -1.216413 5.810025 2.640102
v -1.151586 5.929265 2.697533
v -1.069701 5.929265 2.745545
v -1.261175 -5.921481 0.956412
v -1.292053 -5.815540 0.956357
v -1.274465 -3.152207 0.417784
v -1.275228 -3.093488 0.606234
v -1.275819 -2.947372 0.752350
v -1.276057 -2.758922 0.811069
v -1.276057 -2.274516 0.811069
v -1.274464 3.114868 0.417784
v -1.274465 -1.881231 0.417784
v -1.275228 -1.939950 0.606234
v -1.275819 -2.086066 0.752350
v -1.275227 3.173587 0.606234
v -1.275819 3.319703 0.752350
v -1.276056 3.508153 0.811069
v -1.276056 3.992559 0.811069
v -1.275819 4.181009 0.752350
v -1.275227 4.327125 0.606234
v -1.274464 4.385844 0.417784
v -1.257036 5.991199 1.276728
v -1.291869 5.810025 1.276729
v -1.292053 5.810025 0.956357
v -1.257956 5.974072 0.955206
v -1.291869 5.550407 1.276729
v -1.224163 5.810025 2.495600
v -1.189656 5.929265 2.495600
v -1.263791 -5.546978 1.597919
v -1.277975 5.550407 1.275929
v -1.263791 -5.815540 1.597919
v -1.233525 -5.921481 1.597919
v 1.302707 -5.815540 0.956357
v 1.244179 -5.921481 1.597919
v 1.274446 -5.815540 1.597919
v 1.271861 -5.921481 0.956411
v 1.274446 -5.546978 1.597919
v 1.238600 5.550407 2.438273
v 1.235066 5.810025 2.495600
v 1.199971 5.929265 2.495600
v 1.302708 5.810025 0.956356
v 1.268612 5.974072 0.955188
v 1.267691 5.991199 1.276728
v 1.302524 5.810025 1.276728
v 1.119970 -5.884360 2.587685
v 1.166348 -5.999311 1.597919
v 1.192541 -5.999311 0.956552
v 0.000001 -5.884360 2.782182
v 0.690418 -5.884360 2.756917
v 0.919083 -5.884360 2.710979
v 1.049991 -5.884360 2.665436
v 1.102066 -5.884360 2.634902
v -0.682951 -5.884360 2.756917
v -1.181771 -5.999311 0.956554
v -1.155694 -5.999311 1.597919
v -1.109316 -5.884360 2.587686
v -1.091409 -5.884360 2.634902
v -1.039335 -5.884360 2.665436
v -0.908335 -5.884360 2.711011
v -0.921365 5.992590 1.273359
v 1.113567 5.992590 1.273359
v -1.039315 5.963947 1.273359
v 0.090925 5.992590 1.273359
v -1.134843 5.890294 1.273359
v 1.211765 5.963947 1.273359
v -1.151141 5.780787 1.273359
v 0.066666 -0.416969 1.268475
v 1.039587 3.443748 0.601349
v 1.039586 3.287966 0.444456
v 1.039587 3.647712 0.686684
v 0.025160 6.059803 1.349633
v -0.022871 6.059803 1.349633
v -0.022871 5.997268 2.437179
v 0.025160 5.997268 2.437179
v -0.059987 6.014838 1.349633
v -0.059987 5.952304 2.437179
v 0.062276 6.014838 1.349633
v 0.062276 5.952304 2.437179
v 1.290643 5.618830 1.279354
v 1.227918 5.618830 2.429284
v 1.194046 5.618830 2.429284
v 1.194046 5.618830 0.053033
v 1.272797 5.618830 0.037223
v 1.290825 5.618830 0.962186
v -1.262681 -4.479263 0.948822
v -1.277989 -5.479141 0.962187
v -1.277989 -4.479263 0.962187
v -1.277989 5.507270 0.962187
v -1.262680 5.507270 0.948822
v 1.194047 5.171468 2.429284
v 1.194046 5.171468 0.037223
v 1.194046 5.507270 0.037223
v 0.632318 -1.908184 0.615565
v 0.632318 -2.052838 0.760220
v 0.632310 -2.239404 0.855292
v 0.632310 -2.718966 0.855292
v 0.632318 -2.905531 0.760220
v 0.632318 -3.050186 0.615565
v 0.632318 -3.108318 0.428999
v 0.632318 -3.108318 0.037223
v 0.632317 -1.850052 0.037223
v 0.632318 -1.850052 0.428999
v 1.262846 -4.404145 1.597333
v 1.290824 -4.404145 0.962187
v 1.272797 -4.404145 0.945130
v 1.272797 -4.404145 0.037223
v 1.194046 -4.404145 0.037223
v 1.194047 -4.404145 2.429284
v 1.226198 -4.404145 2.429284
v -1.061073 5.935596 2.435745
v -0.946419 5.963953 2.435745
v -1.001022 6.025268 1.354468
v -1.117793 5.996911 1.354468
v -1.146229 5.862678 2.435745
v -1.203550 5.923994 1.354468
v -1.180408 5.763423 2.435745
v -1.219685 5.815582 1.354468
v -1.233308 5.763423 1.434798
v 1.262846 4.707921 1.597334
v 1.290825 4.707921 0.962186
v 1.272797 4.707921 0.945130
v 1.272796 4.707921 0.037223
v 1.194046 4.707921 0.037223
v 1.194047 4.707921 2.429284
v 1.226197 4.707921 2.429284
v 1.170271 6.013424 0.958056
v 1.152324 5.969065 0.094408
v 1.034253 6.002789 0.107450
v 1.052121 6.047149 0.954008
v 1.167482 6.030380 1.279354
v 0.001145 6.064105 1.279354
v 0.001145 6.002789 0.107450
v 1.046778 6.064105 1.279354
v 1.042875 6.064105 1.354468
v 1.163388 6.030380 1.354468
v -1.154645 6.030380 1.279354
v -1.150190 6.030380 1.354468
v -1.030039 6.064105 1.354468
v -1.033942 6.064105 1.279354
v -1.157428 6.013424 0.958119
v -1.039274 6.047149 0.954132
v -1.138513 5.969065 0.094408
v -1.020441 6.002789 0.107450
v 0.001145 6.064105 1.354468
v -1.238431 5.943654 1.354468
v 0.001145 6.025268 1.354468
v 1.013562 6.025268 1.354468
v 1.130683 5.996911 1.354468
v 1.251985 5.943654 1.354468
v 1.216788 5.923994 1.354468
v 1.268356 5.826325 1.354468
v 1.232697 5.815582 1.354468
v 1.282040 5.764292 1.434798
v 1.245997 5.763423 1.434798
v 1.226643 5.764292 2.435745
v 1.192158 5.763423 2.435745
v -1.269051 5.764292 1.434799
v -1.214619 5.764292 2.435745
v -1.255033 5.826325 1.354468
v -1.203105 5.507270 2.662082
v -1.261261 5.507270 1.341924
v -1.250009 5.507270 1.597334
v 0.001145 5.507270 0.037223
v 1.272797 5.764292 0.037223
v 1.239066 5.882339 0.067320
v -1.225257 5.882339 0.067320
v -1.258989 5.764292 0.037223
v -1.258989 5.507270 0.037223
v -0.745971 4.354352 0.037223
v -1.258991 4.354352 0.037223
v 1.173132 5.161185 0.037223
v 1.194046 5.150902 0.037223
v 0.748259 4.354352 0.037223
v 1.272796 4.354352 0.037223
v 0.748259 3.096086 0.037223
v -0.630030 -1.850052 0.037223
v -1.258991 -1.850052 0.037223
v -1.258991 3.096086 0.037223
v -0.745971 3.096086 0.037223
v 1.272797 -1.850052 0.037223
v 1.272796 3.096086 0.037223
v 1.272797 -4.479263 0.037223
v -1.258991 -4.479263 0.037223
v -1.258991 -3.108318 0.037223
v -0.630030 -3.108318 0.037223
v 1.272797 -3.108318 0.037223
v 1.272797 -3.493236 0.037223
v 1.194046 -3.493236 0.037223
v 1.194046 -3.936853 0.037223
v 1.173001 -3.947312 0.037223
v 1.194046 -3.957772 0.037223
v 1.272797 -3.493236 0.945130
v 1.272797 -3.108318 0.428999
v 1.272797 -3.050186 0.615565
v 1.272797 -2.905531 0.760219
v 1.272797 -2.718966 0.818352
v 1.272797 -2.239404 0.818352
v 1.272797 -2.052838 0.760219
v 1.272797 -1.908184 0.615565
v 1.272797 -1.850052 0.428999
v 1.272797 3.485438 0.818352
v 1.272797 3.298873 0.760219
v 1.272797 3.154218 0.615565
v 1.272796 3.096086 0.429000
v 1.272797 4.354352 0.429000
v 1.272797 4.296221 0.615565
v 1.272797 4.151566 0.760219
v 1.272797 3.965000 0.818352
v 0.748260 4.296221 0.615565
v 0.748260 4.151566 0.760220
v 0.748260 3.965000 0.859107
v 0.748260 3.485438 0.859107
v 0.748260 3.298873 0.760220
v 0.748260 3.154218 0.615565
v 0.748259 3.096086 0.429000
v 0.748260 4.354352 0.429000
v 0.886624 -5.843114 2.600648
v 0.677694 -5.843114 2.643801
v 0.001145 -5.843114 2.668812
v 0.001144 -5.956915 1.597333
v -0.667953 -5.843114 2.643793
v -0.873607 -5.843114 2.600711
v -0.993167 -5.843114 2.556840
v -1.038111 -5.956915 1.597333
v -1.061808 -5.956915 0.962576
v 0.001144 -5.956915 0.962574
v -1.057616 -5.956915 0.265075
v 0.001144 -5.956915 0.267084
v 1.074871 -5.956915 0.269121
v 1.074871 -5.956915 0.962571
v 1.050946 -5.956913 1.597365
v 1.006004 -5.843114 2.556840
v -0.745970 3.154218 0.615565
v -0.745970 3.298873 0.760220
v -0.745970 3.485438 0.852435
v -0.745970 3.965000 0.852435
v -0.745970 4.151566 0.760220
v -0.745970 4.296221 0.615565
v -0.745970 4.354352 0.429000
v -0.745971 3.096086 0.429000
v 1.290824 -4.479263 0.962187
v 1.290824 -5.479141 0.962187
v 1.272797 -4.479263 0.945130
v 1.191909 5.882339 2.435745
v 1.158401 5.862678 2.435745
v 1.104462 5.969065 2.435745
v 1.073416 5.935596 2.435745
v 0.986691 6.002789 2.435745
v 0.958959 5.963953 2.435745
v 0.001145 6.002789 2.435745
v 0.001145 5.963953 2.435745
v -0.973855 6.002789 2.435745
v -1.091828 5.969065 2.435745
v -1.179451 5.882339 2.435745
v -0.630030 -3.050186 0.615565
v -0.630030 -2.905531 0.760220
v -0.630030 -2.718966 0.853919
v -0.630030 -2.239404 0.853919
v -0.630030 -2.052838 0.760220
v -0.630030 -1.908184 0.615565
v -0.630030 -1.850052 0.428999
v -0.630030 -3.108318 0.428999
v 1.290824 -5.479141 0.203645
v 1.290824 -5.745018 0.242217
v 1.260286 -5.849899 0.256890
v 1.181760 -5.926951 0.266673
v -1.274298 -5.479141 0.199954
v -1.164865 -5.926954 0.262803
v -1.243657 -5.849909 0.253152
v -1.274298 -5.745038 0.238531
v 1.194047 -3.957772 2.429284
v 1.173133 5.161185 2.429284
v 1.194047 5.150902 2.429284
v 1.194047 -3.936853 2.429284
v 1.173002 -3.947312 2.429284
v 1.290824 -3.493236 0.962187
v 1.194047 -3.493236 2.429284
v 1.226198 -3.493236 2.429284
v 1.262846 -3.493236 1.597333
v -1.089072 5.969065 2.486038
v -0.971241 6.002789 2.486038
v -1.083712 5.969065 2.580946
v -0.966702 6.002789 2.573406
v -1.065986 6.002719 2.652786
v -1.019253 6.002719 2.680187
v -0.867394 6.002789 2.607956
v -0.894969 6.002719 2.723425
v -0.666132 6.002789 2.650448
v -0.674074 6.002719 2.768571
v 0.001146 6.002719 2.793582
v 0.001145 6.002789 2.675459
v 0.001145 6.002789 2.486038
v 0.979538 6.002789 2.573406
v 0.675928 6.002789 2.650448
v 0.880431 6.002789 2.607886
v 0.984078 6.002789 2.486038
v 1.101721 5.969065 2.486038
v 1.096549 5.969065 2.580945
v 1.078822 6.002719 2.652786
v 1.032089 6.002719 2.680187
v 0.907909 6.002719 2.723389
v 0.683765 6.002719 2.768571
v 1.180129 -5.631217 2.729842
v 1.215942 -5.631217 2.654550
v 1.215942 -5.479141 2.662083
v 1.180129 -5.479141 2.756521
v 1.215942 5.507270 2.662081
v 1.155506 -5.736098 2.693217
v 1.186255 -5.736098 2.612132
v 1.073090 -5.736098 2.741541
v 1.085712 -5.631217 2.782012
v 1.085712 -5.479141 2.811882
v 1.180128 5.507270 2.756521
v 1.215942 5.764292 2.629094
v 0.928971 -5.736098 2.791681
v 0.935946 -5.631217 2.834116
v 0.935946 -5.479141 2.863987
v 1.085711 5.507270 2.811882
v 1.180128 5.764292 2.708606
v 1.182513 5.882339 2.604866
v 0.689773 -5.736098 2.838870
v 0.691762 -5.631217 2.881969
v 0.001145 -5.736098 2.863882
v 0.689523 5.882339 2.830200
v 0.928095 5.882339 2.783095
v 1.070697 5.882339 2.733483
v 1.151764 5.882339 2.685951
v 1.085711 5.764292 2.763968
v 0.935944 5.507270 2.863986
v 0.691762 -5.479141 2.911839
v 0.001145 -5.631217 2.906981
v -0.682177 -5.631217 2.881969
v -0.680161 -5.736098 2.838870
v 0.691762 5.507270 2.911840
v 0.935944 5.764292 2.816072
v 0.691762 5.764292 2.863926
v 0.001146 5.882339 2.855212
v 0.001146 5.764292 2.888937
v 0.001146 5.507270 2.936851
v 0.001145 -5.479141 2.936852
v -0.682177 -5.479141 2.911839
v -0.682178 5.764292 2.863926
v -0.923107 5.507270 2.863986
v -0.682178 5.507270 2.911840
v -0.923107 -5.479141 2.863987
v -1.072873 -5.479141 2.811882
v -1.072874 5.507270 2.811882
v -0.923107 5.764292 2.816072
v -0.679909 5.882339 2.830200
v -0.923107 -5.631217 2.834116
v -1.072873 -5.631217 2.782012
v -1.167291 -5.631217 2.729842
v -1.167291 -5.479141 2.756522
v -1.167292 5.507270 2.756521
v -1.072874 5.764292 2.763968
v -0.915229 5.882339 2.783105
v -1.169676 5.882339 2.604867
v -0.916108 -5.736098 2.791690
v -1.060253 -5.736098 2.741541
v -1.142668 -5.736098 2.693218
v -1.173418 -5.736098 2.612134
v -1.203105 -5.631217 2.654551
v -1.203105 -5.479141 2.662083
v -1.167292 5.764292 2.708607
v -1.203105 5.764292 2.629095
v -1.138926 5.882339 2.685951
v -1.057860 5.882339 2.733483
v -1.247419 -5.849899 0.962241
v -1.277989 -5.745018 0.962187
v -1.260576 -3.108318 0.428999
v -1.261332 -3.050186 0.615565
v -1.261917 -2.905531 0.760220
v -1.262153 -2.718966 0.818352
v -1.262153 -2.239404 0.818352
v -1.260575 3.096086 0.429000
v -1.260576 -1.850052 0.428999
v -1.261332 -1.908184 0.615565
v -1.261917 -2.052838 0.760220
v -1.261331 3.154218 0.615565
v -1.261917 3.298873 0.760220
v -1.262152 3.485438 0.818352
v -1.262152 3.965000 0.818352
v -1.261917 4.151566 0.760220
v -1.261331 4.296221 0.615565
v -1.260575 4.354352 0.429000
v -1.243322 5.943654 1.279354
v -1.277806 5.764292 1.279355
v -1.277989 5.764292 0.962187
v -1.244233 5.926698 0.961048
v -1.277806 5.507270 1.279355
v -1.210778 5.764292 2.486038
v -1.176615 5.882339 2.486038
v -1.250009 -5.479141 1.597333
v -1.264051 5.507270 1.278563
v -1.250009 -5.745018 1.597333
v -1.220046 -5.849899 1.597333
v 1.290824 -5.745018 0.962187
v 1.232881 -5.849899 1.597333
v 1.262846 -5.745018 1.597333
v 1.260286 -5.849899 0.962240
v 1.262846 -5.479141 1.597333
v 1.227358 5.507270 2.429284
v 1.223859 5.764292 2.486038
v 1.189115 5.882339 2.486038
v 1.290825 5.764292 0.962186
v 1.257070 5.926698 0.961030
v 1.256158 5.943654 1.279354
v 1.290643 5.764292 1.279354
v 1.109914 -5.813149 2.577202
v 1.155828 -5.926951 1.597333
v 1.181760 -5.926951 0.962380
v 0.001145 -5.813149 2.769753
v 0.684658 -5.813149 2.744741
v 0.911036 -5.813149 2.699262
v 1.040635 -5.813149 2.654175
v 1.092189 -5.813149 2.623946
v -0.674978 -5.813149 2.744741
v -1.168809 -5.926951 0.962382
v -1.142993 -5.926951 1.597333
v -1.097079 -5.813149 2.577203
v -1.079351 -5.813149 2.623946
v -1.027798 -5.813149 2.654175
v -0.898108 -5.813149 2.699294
v -0.911007 5.945031 1.276019
v 1.103575 5.945031 1.276019
v -1.027778 5.916675 1.276019
v 0.091160 5.945031 1.276019
v -1.122351 5.843758 1.276019
v 1.200791 5.916675 1.276019
v -1.138486 5.735345 1.276019
v 1.268933 -3.231957 0.026400
v 0.618336 -3.231957 0.026400
v -1.268933 4.465852 0.026401
v -0.724948 4.465852 0.026401
v -1.268932 4.423664 0.470627
v -1.268932 4.116068 0.830969
v -1.268932 3.766286 0.933708
v -1.268932 3.416503 0.830969
v -1.268933 3.108909 0.470627
v -1.268933 3.066719 0.026401
v 1.268933 3.066719 0.026401
v 0.724947 3.066719 0.026401
v -0.724947 3.108909 0.470627
v -0.724948 3.066719 0.026401
v -0.724947 3.416503 0.830968
v -0.724947 3.766286 0.933707
v -0.724947 4.116068 0.830968
v -0.724947 4.423664 0.470627
v 1.268933 -3.189768 0.470627
v 0.618336 -3.189768 0.470627
v 0.618336 -2.882174 0.830968
v 1.268933 -2.882174 0.830968
v 0.618336 -2.532391 0.933707
v 1.268933 -2.532391 0.933707
v 0.618336 -2.182607 0.830968
v 1.268933 -2.182607 0.830968
v 0.618336 -1.875013 0.470627
v 1.268933 -1.875013 0.470627
v 1.268933 -1.832825 0.026400
v 0.618336 -1.832825 0.026400
v -1.268933 -3.231957 0.026402
v -1.268933 -3.189768 0.470627
v -1.268933 -2.882174 0.830969
v -1.268933 -2.532391 0.933708
v -1.268933 -2.182607 0.830969
v -1.268933 -1.875013 0.470627
v -1.268933 -1.832825 0.026402
v -0.618336 -1.832825 0.026400
v -0.618336 -3.231957 0.026402
v -0.618336 -3.189768 0.470627
v -0.618336 -2.882174 0.830968
v -0.618336 -2.532391 0.933707
v -0.618336 -2.182607 0.830968
v -0.618336 -1.875013 0.470627
v 1.268933 3.108909 0.470627
v 0.724948 3.108909 0.470627
v 0.724948 3.416503 0.830968
v 1.268934 3.416503 0.830968
v 0.724948 3.766286 0.933707
v 1.268934 3.766286 0.933707
v 0.724948 4.116068 0.830968
v 1.268934 4.116068 0.830968
v 0.724948 4.423664 0.470626
v 1.268934 4.423664 0.470626
v 1.268933 4.465852 0.026401
v 0.724947 4.465852 0.026401
vt 0.678142 0.244136
vt 0.712626 0.244178
vt 0.714210 0.243507
vt 0.714857 0.243013
vt 0.714073 0.242630
vt 0.678369 0.243028
vt 0.717117 0.241924
vt 0.715612 0.240773
vt 0.715372 0.241876
vt 0.712171 0.240529
vt 0.712410 0.239427
vt 0.676396 0.239608
vt 0.675862 0.242306
vt 0.676012 0.233979
vt 0.676355 0.237057
vt 0.712281 0.236878
vt 0.712047 0.235871
vt 0.715224 0.234425
vt 0.715458 0.235433
vt 0.716753 0.234211
vt 0.400953 0.194186
vt 0.399769 0.195691
vt 0.402312 0.196475
vt 0.399520 0.194460
vt 0.831766 0.232594
vt 0.889140 0.232621
vt 0.889140 0.230358
vt 0.831766 0.230338
vt 0.889140 0.228866
vt 0.831766 0.228866
vt 0.889140 0.226563
vt 0.831766 0.226619
vt 0.889140 0.224282
vt 0.831766 0.224348
vt 0.889140 0.222814
vt 0.831766 0.222848
vt 0.831766 0.238639
vt 0.889140 0.238582
vt 0.889140 0.240886
vt 0.831766 0.240886
vt 0.889140 0.242378
vt 0.831766 0.242358
vt 0.889140 0.244641
vt 0.831766 0.244614
vt 0.384883 0.189946
vt 0.387494 0.189892
vt 0.386276 0.200033
vt 0.831766 0.234868
vt 0.889140 0.234834
vt 0.889140 0.236301
vt 0.831766 0.236367
vt 0.023039 0.230776
vt 0.023038 0.228848
vt 0.027445 0.228848
vt 0.027445 0.230775
vt 0.032900 0.230775
vt 0.032900 0.228848
vt 0.037306 0.228848
vt 0.037306 0.230775
vt 0.384215 0.200786
vt 0.381958 0.190116
vt 0.383193 0.189999
vt 0.023039 0.251985
vt 0.023039 0.250058
vt 0.027445 0.250057
vt 0.027445 0.251985
vt 0.032900 0.251985
vt 0.032900 0.250057
vt 0.037306 0.250057
vt 0.037306 0.251985
vt 0.036016 0.232841
vt 0.036016 0.247992
vt 0.024329 0.247992
vt 0.024329 0.232841
vt 0.037306 0.230775
vt 0.037306 0.228848
vt 0.032900 0.228848
vt 0.032900 0.230775
vt 0.027445 0.230775
vt 0.027445 0.228848
vt 0.023038 0.228848
vt 0.023039 0.230776
vt 0.037306 0.251985
vt 0.037306 0.250057
vt 0.032900 0.250057
vt 0.032900 0.251985
vt 0.027445 0.251985
vt 0.027445 0.250057
vt 0.023039 0.250058
vt 0.023039 0.251985
vt 0.529127 0.272744
vt 0.528836 0.273777
vt 0.527018 0.273436
vt 0.525494 0.272000
vt 0.024329 0.232841
vt 0.024329 0.247992
vt 0.036016 0.247992
vt 0.036016 0.232841
vt 0.531192 0.276556
vt 0.532205 0.277607
vt 0.532140 0.300467
vt 0.934972 0.077442
vt 0.933459 0.076425
vt 0.933426 0.078271
vt 0.530469 0.300316
vt 0.529869 0.276647
vt 0.530447 0.276128
vt 0.517493 0.275884
vt 0.517169 0.274870
vt 0.519013 0.275729
vt 0.934926 0.079767
vt 0.934912 0.077921
vt 0.933388 0.078931
vt 0.534719 0.305152
vt 0.519423 0.304345
vt 0.519503 0.306076
vt 0.082871 0.010130
vt 0.085156 0.011286
vt 0.085306 0.008554
vt 0.519584 0.307196
vt 0.519760 0.308015
vt 0.535855 0.306518
vt 0.083031 0.006512
vt 0.083052 0.009246
vt 0.085390 0.008138
vt 0.383833 0.197525
vt 0.386398 0.195797
vt 0.381226 0.195824
vt 0.383833 0.197525
vt 0.386398 0.195797
vt 0.381226 0.195824
vt 0.383833 0.197525
vt 0.386398 0.195797
vt 0.381226 0.195824
vt 0.964002 0.160198
vt 0.961575 0.160198
vt 0.961575 0.163961
vt 0.964002 0.163961
vt 0.961575 0.167135
vt 0.964002 0.167135
vt 0.961575 0.190659
vt 0.964002 0.190659
vt 0.956723 0.160198
vt 0.954297 0.160198
vt 0.954297 0.163961
vt 0.956723 0.163961
vt 0.954297 0.167135
vt 0.956723 0.167135
vt 0.954297 0.190659
vt 0.956723 0.190659
vt 0.037306 0.251985
vt 0.037306 0.250057
vt 0.032900 0.250057
vt 0.032900 0.251985
vt 0.027445 0.251985
vt 0.027445 0.250057
vt 0.023039 0.250058
vt 0.023039 0.251985
vt 0.383833 0.197525
vt 0.386398 0.195797
vt 0.381226 0.195824
vt 0.037306 0.230775
vt 0.037306 0.228848
vt 0.032900 0.228848
vt 0.032900 0.230775
vt 0.027445 0.230775
vt 0.027445 0.228848
vt 0.023038 0.228848
vt 0.023039 0.230776
vt 0.252811 0.169700
vt 0.255587 0.167841
vt 0.250489 0.167841
vt 0.032900 0.230775
vt 0.036016 0.232841
vt 0.036016 0.247992
vt 0.032900 0.250057
vt 0.027445 0.250057
vt 0.024329 0.247992
vt 0.024329 0.232841
vt 0.027445 0.230775
vt 0.401021 0.188851
vt 0.406193 0.188824
vt 0.403628 0.190552
vt 0.023039 0.251985
vt 0.023039 0.250058
vt 0.027445 0.251985
vt 0.032900 0.251985
vt 0.037306 0.250057
vt 0.037306 0.251985
vt 0.023039 0.230776
vt 0.023038 0.228848
vt 0.027445 0.228848
vt 0.032900 0.228848
vt 0.037306 0.228848
vt 0.037306 0.230775
vt 0.401021 0.188851
vt 0.406193 0.188824
vt 0.403628 0.190552
vt 0.004782 0.229321
vt 0.005871 0.228599
vt 0.013854 0.228599
vt 0.014943 0.229321
vt 0.014943 0.230584
vt 0.013854 0.231305
vt 0.005871 0.231305
vt 0.004782 0.230584
vt 0.016484 0.231327
vt 0.014943 0.231327
vt 0.016484 0.230584
vt 0.016484 0.229321
vt 0.014943 0.228377
vt 0.016484 0.228377
vt 0.237407 0.168263
vt 0.242579 0.168236
vt 0.240013 0.169964
vt 0.985914 0.051419
vt 0.985914 0.055323
vt 0.905540 0.055323
vt 0.905540 0.051419
vt 0.896043 0.055323
vt 0.896043 0.051419
vt 0.770161 0.055323
vt 0.770161 0.051419
vt 0.760648 0.055323
vt 0.760648 0.051419
vt 0.680265 0.055323
vt 0.680265 0.051419
vt 0.670710 0.055323
vt 0.670710 0.051419
vt 0.544776 0.055323
vt 0.544776 0.051419
vt 0.535231 0.055323
vt 0.535231 0.051419
vt 0.985914 0.047516
vt 0.905540 0.047516
vt 0.896043 0.047516
vt 0.770161 0.047516
vt 0.760648 0.047516
vt 0.680265 0.047516
vt 0.670710 0.047516
vt 0.544776 0.047516
vt 0.535231 0.047516
vt 0.529175 0.052201
vt 0.529175 0.056561
vt 0.516714 0.056561
vt 0.516714 0.052201
vt 0.430715 0.056561
vt 0.430715 0.052201
vt 0.418247 0.056561
vt 0.418247 0.052201
vt 0.312677 0.056561
vt 0.312677 0.052201
vt 0.300232 0.056561
vt 0.300232 0.052201
vt 0.223957 0.056561
vt 0.223957 0.052201
vt 0.211511 0.056561
vt 0.211511 0.052201
vt 0.105502 0.056561
vt 0.105502 0.052201
vt 0.529175 0.047841
vt 0.516714 0.047841
vt 0.430715 0.047841
vt 0.418247 0.047841
vt 0.312677 0.047841
vt 0.300232 0.047841
vt 0.223957 0.047841
vt 0.211511 0.047841
vt 0.105502 0.047841
vt 0.004782 0.231527
vt 0.003240 0.231527
vt 0.003240 0.230584
vt 0.003240 0.229321
vt 0.003240 0.228577
vt 0.004782 0.228577
vt 0.011081 0.330700
vt 0.011087 0.332098
vt 0.013590 0.332046
vt 0.013585 0.330741
vt 0.037228 0.330741
vt 0.037236 0.331953
vt 0.039404 0.331944
vt 0.039393 0.330732
vt 0.042632 0.295551
vt 0.045141 0.296898
vt 0.045135 0.295499
vt 0.042638 0.296856
vt 0.018995 0.296856
vt 0.018993 0.295644
vt 0.016828 0.295644
vt 0.016827 0.296855
vt 0.004782 0.229321
vt 0.005871 0.228599
vt 0.013854 0.228599
vt 0.014943 0.229321
vt 0.014943 0.230584
vt 0.013854 0.231305
vt 0.005871 0.231305
vt 0.004782 0.230584
vt 0.016484 0.231327
vt 0.014943 0.231327
vt 0.016484 0.230584
vt 0.016484 0.229321
vt 0.014943 0.228377
vt 0.016484 0.228377
vt 0.012052 0.329726
vt 0.038760 0.329726
vt 0.044171 0.297871
vt 0.017462 0.297871
vt 0.004782 0.231527
vt 0.003240 0.231527
vt 0.003240 0.230584
vt 0.003240 0.229321
vt 0.003240 0.228577
vt 0.004782 0.228577
vt 0.011081 0.330700
vt 0.011087 0.332098
vt 0.013590 0.332046
vt 0.013585 0.330741
vt 0.037228 0.330741
vt 0.037236 0.331953
vt 0.039404 0.331944
vt 0.039393 0.330732
vt 0.042632 0.295551
vt 0.045141 0.296898
vt 0.045135 0.295499
vt 0.042638 0.296856
vt 0.018995 0.296856
vt 0.018993 0.295644
vt 0.016828 0.295644
vt 0.016827 0.296855
vt 0.173452 0.275850
vt 0.170538 0.273918
vt 0.139541 0.273918
vt 0.136627 0.275850
vt 0.136627 0.279231
vt 0.139541 0.281163
vt 0.170538 0.281163
vt 0.173452 0.279231
vt 0.012052 0.329726
vt 0.038760 0.329726
vt 0.044171 0.297871
vt 0.017462 0.297871
vt 0.037236 0.331953
vt 0.039393 0.330732
vt 0.039404 0.331944
vt 0.037228 0.330741
vt 0.013585 0.330741
vt 0.013590 0.332046
vt 0.011087 0.332098
vt 0.011081 0.330700
vt 0.130308 0.281756
vt 0.136627 0.281756
vt 0.130308 0.279231
vt 0.130308 0.275850
vt 0.136627 0.273859
vt 0.130308 0.273859
vt 0.173452 0.281222
vt 0.179771 0.281222
vt 0.179771 0.279231
vt 0.179771 0.275850
vt 0.179771 0.273325
vt 0.173452 0.273325
vt 0.016827 0.296855
vt 0.016828 0.295644
vt 0.018993 0.295644
vt 0.018995 0.296856
vt 0.042638 0.296856
vt 0.042632 0.295551
vt 0.045135 0.295499
vt 0.045141 0.296898
vt 0.556232 0.215644
vt 0.560443 0.218435
vt 0.625399 0.218435
vt 0.629609 0.215644
vt 0.629609 0.181298
vt 0.625399 0.178507
vt 0.560443 0.178507
vt 0.556232 0.181298
vt 0.017462 0.297871
vt 0.044171 0.297871
vt 0.038760 0.329726
vt 0.012052 0.329726
vt 0.505516 0.205556
vt 0.509248 0.205552
vt 0.509254 0.208353
vt 0.505523 0.208356
vt 0.505534 0.213367
vt 0.509265 0.213363
vt 0.509271 0.216134
vt 0.505540 0.216138
vt 0.632382 0.178421
vt 0.629609 0.178421
vt 0.632382 0.181298
vt 0.632382 0.215644
vt 0.629609 0.219292
vt 0.632382 0.219292
vt 0.556232 0.177649
vt 0.553459 0.177649
vt 0.553459 0.181298
vt 0.553459 0.215644
vt 0.553459 0.218520
vt 0.556232 0.218520
vt 0.540562 0.205652
vt 0.544277 0.205627
vt 0.544319 0.208298
vt 0.540604 0.208323
vt 0.540681 0.213334
vt 0.544396 0.213308
vt 0.544441 0.216184
vt 0.540726 0.216209
vt 0.300890 0.148937
vt 0.298302 0.148937
vt 0.298302 0.145992
vt 0.302621 0.145992
vt 0.304352 0.147202
vt 0.307773 0.147742
vt 0.307773 0.149999
vt 0.307773 0.179354
vt 0.300890 0.179229
vt 0.538577 0.206980
vt 0.538500 0.214780
vt 0.511358 0.214750
vt 0.511370 0.206950
vt 0.339375 0.137449
vt 0.345899 0.137515
vt 0.345899 0.169037
vt 0.339375 0.168322
vt 0.340336 0.183871
vt 0.334236 0.182711
vt 0.330697 0.196030
vt 0.325076 0.194798
vt 0.313483 0.207270
vt 0.309295 0.205257
vt 0.291425 0.211245
vt 0.294748 0.213850
vt 0.270833 0.217801
vt 0.269309 0.214729
vt 0.220878 0.214729
vt 0.219309 0.217801
vt 0.195395 0.213850
vt 0.198762 0.211245
vt 0.176659 0.207270
vt 0.180892 0.205257
vt 0.159445 0.196030
vt 0.165111 0.194798
vt 0.155951 0.182711
vt 0.149807 0.183871
vt 0.144244 0.169037
vt 0.150812 0.168322
vt 0.144244 0.137515
vt 0.150812 0.137449
vt 0.138426 0.298348
vt 0.136541 0.302392
vt 0.131605 0.304892
vt 0.125505 0.304892
vt 0.120569 0.302392
vt 0.118684 0.298348
vt 0.120569 0.294303
vt 0.125505 0.291804
vt 0.131605 0.291804
vt 0.136541 0.294303
vt 0.191485 0.138220
vt 0.205142 0.140730
vt 0.191485 0.140730
vt 0.173302 0.140730
vt 0.173302 0.138220
vt 0.191485 0.138220
vt 0.205142 0.138220
vt 0.218994 0.138220
vt 0.218994 0.140730
vt 0.232887 0.138220
vt 0.232887 0.140730
vt 0.246809 0.138220
vt 0.246809 0.140730
vt 0.260737 0.138220
vt 0.260737 0.140730
vt 0.274646 0.138220
vt 0.274646 0.140730
vt 0.288523 0.138220
vt 0.288523 0.140730
vt 0.302374 0.138220
vt 0.302374 0.140730
vt 0.320357 0.138220
vt 0.320357 0.140730
vt 0.035653 0.107709
vt 0.074900 0.107709
vt 0.087027 0.082966
vt 0.055276 0.067673
vt 0.024145 0.083264
vt 0.017771 0.089839
vt 0.024947 0.075197
vt 0.043735 0.066148
vt 0.066958 0.066148
vt 0.085747 0.075197
vt 0.092923 0.089839
vt 0.085747 0.104480
vt 0.066958 0.113530
vt 0.043735 0.113530
vt 0.024947 0.104480
vt 0.191879 0.148937
vt 0.194450 0.148937
vt 0.194450 0.145992
vt 0.191726 0.145992
vt 0.189996 0.147202
vt 0.186574 0.147742
vt 0.186574 0.149999
vt 0.186574 0.179354
vt 0.191879 0.179229
vt 0.197025 0.243643
vt 0.186780 0.245540
vt 0.186780 0.243643
vt 0.197025 0.245540
vt 0.202646 0.243644
vt 0.202646 0.245540
vt 0.206119 0.243644
vt 0.206119 0.245540
vt 0.221355 0.243644
vt 0.221355 0.245541
vt 0.236344 0.243644
vt 0.236344 0.245541
vt 0.251875 0.243645
vt 0.251875 0.245541
vt 0.483558 0.245548
vt 0.483558 0.243652
vt 0.498658 0.243652
vt 0.498658 0.245549
vt 0.514651 0.243653
vt 0.514651 0.245549
vt 0.529624 0.243653
vt 0.529624 0.245550
vt 0.533148 0.243653
vt 0.533148 0.245550
vt 0.538873 0.243653
vt 0.538873 0.245550
vt 0.548186 0.243653
vt 0.548186 0.245550
vt 0.197025 0.250656
vt 0.186780 0.252093
vt 0.186780 0.250655
vt 0.197025 0.252093
vt 0.202646 0.250656
vt 0.202646 0.252093
vt 0.206119 0.250656
vt 0.206119 0.252093
vt 0.221355 0.250663
vt 0.221355 0.252093
vt 0.236344 0.250664
vt 0.236344 0.252060
vt 0.251875 0.250664
vt 0.251875 0.252060
vt 0.483558 0.252060
vt 0.483558 0.250667
vt 0.498658 0.250668
vt 0.498658 0.252060
vt 0.514651 0.250668
vt 0.514651 0.252060
vt 0.529624 0.250668
vt 0.529624 0.252060
vt 0.533148 0.250668
vt 0.533148 0.252060
vt 0.538873 0.250668
vt 0.538873 0.252060
vt 0.548186 0.250668
vt 0.548186 0.252060
vt 0.186780 0.259150
vt 0.197025 0.259149
vt 0.202646 0.259149
vt 0.206119 0.259149
vt 0.221355 0.259149
vt 0.236344 0.259141
vt 0.251875 0.259140
vt 0.483558 0.259136
vt 0.498658 0.259136
vt 0.514651 0.259135
vt 0.529624 0.259135
vt 0.533148 0.259135
vt 0.538873 0.259135
vt 0.548186 0.259135
vt 0.186780 0.260516
vt 0.197025 0.260516
vt 0.202646 0.260515
vt 0.206119 0.260515
vt 0.221355 0.260515
vt 0.236344 0.260514
vt 0.251875 0.260513
vt 0.483558 0.260505
vt 0.498658 0.260504
vt 0.514651 0.260503
vt 0.529624 0.260503
vt 0.533148 0.260503
vt 0.538873 0.260502
vt 0.548186 0.260502
vt 0.197025 0.265747
vt 0.186780 0.267716
vt 0.186780 0.265747
vt 0.197025 0.267716
vt 0.202646 0.265746
vt 0.202646 0.267716
vt 0.206119 0.265746
vt 0.206119 0.267716
vt 0.221355 0.265746
vt 0.221355 0.267715
vt 0.236344 0.265745
vt 0.236344 0.267715
vt 0.251875 0.265745
vt 0.251875 0.267714
vt 0.483558 0.267705
vt 0.483558 0.265736
vt 0.498658 0.265735
vt 0.498658 0.267705
vt 0.514651 0.265735
vt 0.514651 0.267704
vt 0.529624 0.265734
vt 0.529624 0.267703
vt 0.533148 0.265734
vt 0.533148 0.267703
vt 0.538873 0.265734
vt 0.538873 0.267703
vt 0.548186 0.265734
vt 0.548186 0.267703
vt 0.068749 0.113566
vt 0.043735 0.113530
vt 0.009468 0.129225
vt 0.009459 0.147920
vt 0.044381 0.163731
vt 0.069034 0.163639
vt 0.104042 0.147815
vt 0.104051 0.128686
vt 0.017462 0.297871
vt 0.018995 0.296856
vt 0.042638 0.296856
vt 0.044171 0.297871
vt 0.038760 0.329726
vt 0.037228 0.330741
vt 0.013585 0.330741
vt 0.012052 0.329726
vt 0.023053 0.049938
vt 0.022262 0.034517
vt 0.025974 0.049933
vt 0.024813 0.058685
vt 0.030808 0.057159
vt 0.057617 0.058749
vt 0.051662 0.057192
vt 0.059494 0.050020
vt 0.056587 0.049999
vt 0.060144 0.034607
vt 0.002192 0.175411
vt 0.002192 0.192487
vt 0.009468 0.192487
vt 0.009468 0.175411
vt 0.009468 0.147408
vt 0.002192 0.147408
vt 0.002192 0.129225
vt 0.009468 0.129225
vt 0.002192 0.101342
vt 0.009468 0.101342
vt 0.002192 0.084631
vt 0.009468 0.084631
vt 0.009468 0.057289
vt 0.002192 0.057289
vt 0.002192 0.038880
vt 0.009468 0.038880
vt 0.009468 0.011299
vt 0.002192 0.011299
vt 0.189134 0.243645
vt 0.189134 0.245538
vt 0.197428 0.245538
vt 0.197428 0.243645
vt 0.202253 0.245538
vt 0.202253 0.243645
vt 0.209944 0.245538
vt 0.209944 0.243645
vt 0.222229 0.245538
vt 0.222229 0.243645
vt 0.236344 0.245541
vt 0.236344 0.243644
vt 0.251875 0.245541
vt 0.251875 0.243645
vt 0.483558 0.243652
vt 0.483558 0.245548
vt 0.498658 0.245549
vt 0.498658 0.243652
vt 0.513674 0.245539
vt 0.513674 0.243630
vt 0.525917 0.245539
vt 0.525917 0.243630
vt 0.533580 0.245539
vt 0.533580 0.243630
vt 0.538383 0.245539
vt 0.538383 0.243630
vt 0.545794 0.245539
vt 0.545794 0.243630
vt 0.189134 0.259130
vt 0.189134 0.260527
vt 0.197428 0.260527
vt 0.197428 0.259130
vt 0.202253 0.260527
vt 0.202253 0.259130
vt 0.209944 0.260527
vt 0.209944 0.259130
vt 0.222229 0.260527
vt 0.222229 0.259130
vt 0.236344 0.260514
vt 0.236344 0.259141
vt 0.251875 0.260513
vt 0.251875 0.259140
vt 0.483558 0.259136
vt 0.483558 0.260505
vt 0.498658 0.260504
vt 0.498658 0.259136
vt 0.513674 0.260504
vt 0.513674 0.259129
vt 0.525917 0.260504
vt 0.525917 0.259129
vt 0.533580 0.260504
vt 0.533580 0.259129
vt 0.538383 0.260504
vt 0.538383 0.259129
vt 0.545794 0.260504
vt 0.545794 0.259129
vt 0.189134 0.252066
vt 0.197428 0.252066
vt 0.202253 0.252066
vt 0.209944 0.252066
vt 0.222229 0.252066
vt 0.236344 0.252060
vt 0.251875 0.252060
vt 0.483558 0.252060
vt 0.498658 0.252060
vt 0.513674 0.252076
vt 0.525917 0.252076
vt 0.533580 0.252076
vt 0.538383 0.252076
vt 0.545794 0.252076
vt 0.189134 0.250694
vt 0.197428 0.250694
vt 0.202253 0.250694
vt 0.209944 0.250694
vt 0.222229 0.250694
vt 0.236344 0.250664
vt 0.251875 0.250664
vt 0.483558 0.250667
vt 0.498658 0.250668
vt 0.513674 0.250684
vt 0.525917 0.250684
vt 0.533580 0.250684
vt 0.538383 0.250684
vt 0.545794 0.250684
vt 0.035653 0.107709
vt 0.074900 0.107709
vt 0.087027 0.082966
vt 0.055276 0.067673
vt 0.024145 0.083264
vt 0.017771 0.089839
vt 0.024947 0.075197
vt 0.043735 0.066148
vt 0.066958 0.066148
vt 0.085747 0.075197
vt 0.092923 0.089839
vt 0.085747 0.104480
vt 0.066958 0.113530
vt 0.043735 0.113530
vt 0.024947 0.104480
vt 0.110912 0.074401
vt 0.110912 0.075432
vt 0.109188 0.075432
vt 0.099626 0.075432
vt 0.097903 0.075432
vt 0.097903 0.074401
vt 0.068749 0.113566
vt 0.043735 0.113530
vt 0.009468 0.129225
vt 0.009459 0.147920
vt 0.044381 0.163731
vt 0.069034 0.163639
vt 0.104042 0.147815
vt 0.104051 0.128686
vt 0.110912 0.095314
vt 0.097903 0.095314
vt 0.097903 0.094283
vt 0.099626 0.094283
vt 0.109188 0.094283
vt 0.110912 0.094283
vt 0.002192 0.175411
vt 0.002192 0.192487
vt 0.009468 0.192487
vt 0.009468 0.175411
vt 0.009468 0.147408
vt 0.002192 0.147408
vt 0.002192 0.129225
vt 0.009468 0.129225
vt 0.002192 0.101342
vt 0.009468 0.101342
vt 0.002192 0.084631
vt 0.009468 0.084631
vt 0.009468 0.057289
vt 0.002192 0.057289
vt 0.002192 0.038880
vt 0.009468 0.038880
vt 0.009468 0.011299
vt 0.002192 0.011299
vt 0.138553 0.076618
vt 0.146932 0.077671
vt 0.152771 0.080491
vt 0.152771 0.081522
vt 0.124335 0.081522
vt 0.124335 0.080491
vt 0.129960 0.077743
vt 0.104051 0.128686
vt 0.104042 0.147815
vt 0.069034 0.163639
vt 0.044381 0.163731
vt 0.009459 0.147920
vt 0.009468 0.129225
vt 0.043735 0.113530
vt 0.068749 0.113566
vt 0.152771 0.085700
vt 0.124335 0.085700
vt 0.129960 0.082952
vt 0.138553 0.081828
vt 0.146932 0.082880
vt 0.009468 0.175411
vt 0.009468 0.192487
vt 0.002192 0.192487
vt 0.002192 0.175411
vt 0.002192 0.147408
vt 0.009468 0.147408
vt 0.009468 0.129225
vt 0.002192 0.129225
vt 0.009468 0.101342
vt 0.002192 0.101342
vt 0.009468 0.084631
vt 0.002192 0.084631
vt 0.002192 0.057289
vt 0.009468 0.057289
vt 0.009468 0.038880
vt 0.002192 0.038880
vt 0.002192 0.011299
vt 0.009468 0.011299
vt 0.173452 0.281222
vt 0.179771 0.281222
vt 0.179771 0.279231
vt 0.173452 0.279231
vt 0.173452 0.275850
vt 0.179771 0.275850
vt 0.179771 0.273325
vt 0.173452 0.273325
vt 0.129960 0.087109
vt 0.124335 0.089858
vt 0.124335 0.090889
vt 0.152771 0.090889
vt 0.152771 0.089858
vt 0.146932 0.087038
vt 0.138553 0.085985
vt 0.130308 0.281756
vt 0.136627 0.281756
vt 0.136627 0.279231
vt 0.130308 0.279231
vt 0.130308 0.275850
vt 0.136627 0.275850
vt 0.136627 0.273859
vt 0.130308 0.273859
vt 0.124335 0.095017
vt 0.152771 0.095017
vt 0.146932 0.092198
vt 0.138553 0.091145
vt 0.129960 0.092268
vt 0.097903 0.090419
vt 0.099626 0.090419
vt 0.097903 0.084866
vt 0.099626 0.084866
vt 0.097903 0.079167
vt 0.099626 0.079167
vt 0.170538 0.273918
vt 0.139541 0.273918
vt 0.139541 0.281163
vt 0.170538 0.281163
vt 0.110912 0.074401
vt 0.110912 0.075432
vt 0.109188 0.075432
vt 0.099626 0.075432
vt 0.097903 0.075432
vt 0.097903 0.074401
vt 0.173452 0.273325
vt 0.179771 0.273325
vt 0.179771 0.275850
vt 0.173452 0.275850
vt 0.173452 0.279231
vt 0.179771 0.279231
vt 0.179771 0.281222
vt 0.173452 0.281222
vt 0.130308 0.273859
vt 0.136627 0.273859
vt 0.136627 0.275850
vt 0.130308 0.275850
vt 0.130308 0.279231
vt 0.136627 0.279231
vt 0.136627 0.281756
vt 0.130308 0.281756
vt 0.110912 0.095314
vt 0.097903 0.095314
vt 0.097903 0.094283
vt 0.099626 0.094283
vt 0.109188 0.094283
vt 0.110912 0.094283
vt 0.170538 0.281163
vt 0.139541 0.281163
vt 0.139541 0.273918
vt 0.170538 0.273918
vt 0.138553 0.076618
vt 0.146932 0.077671
vt 0.152771 0.080491
vt 0.152771 0.081522
vt 0.124335 0.081522
vt 0.124335 0.080491
vt 0.129960 0.077743
vt 0.037306 0.230775
vt 0.037306 0.228848
vt 0.032900 0.228848
vt 0.032900 0.230775
vt 0.027445 0.230775
vt 0.027445 0.228848
vt 0.023038 0.228848
vt 0.023039 0.230776
vt 0.037306 0.251985
vt 0.037306 0.250057
vt 0.032900 0.250057
vt 0.032900 0.251985
vt 0.027445 0.251985
vt 0.027445 0.250057
vt 0.023039 0.250058
vt 0.023039 0.251985
vt 0.152771 0.085700
vt 0.124335 0.085700
vt 0.129960 0.082952
vt 0.138553 0.081828
vt 0.146932 0.082880
vt 0.024329 0.232841
vt 0.024329 0.247992
vt 0.036016 0.247992
vt 0.036016 0.232841
vt 0.361258 0.232230
vt 0.365254 0.232226
vt 0.365251 0.230584
vt 0.361254 0.230588
vt 0.361227 0.218170
vt 0.365224 0.218166
vt 0.365221 0.216525
vt 0.361224 0.216529
vt 0.129960 0.087109
vt 0.124335 0.089858
vt 0.124335 0.090889
vt 0.152771 0.090889
vt 0.152771 0.089858
vt 0.146932 0.087038
vt 0.138553 0.085985
vt 0.289922 0.232297
vt 0.293919 0.232294
vt 0.293915 0.230652
vt 0.289919 0.230656
vt 0.289892 0.218238
vt 0.293889 0.218234
vt 0.293885 0.216592
vt 0.289889 0.216596
vt 0.124335 0.095017
vt 0.152771 0.095017
vt 0.146932 0.092198
vt 0.138553 0.091145
vt 0.129960 0.092268
vt 0.097903 0.090419
vt 0.099626 0.090419
vt 0.097903 0.084866
vt 0.099626 0.084866
vt 0.097903 0.079167
vt 0.099626 0.079167
vt 0.298190 0.219222
vt 0.298212 0.229656
vt 0.324179 0.229632
vt 0.324156 0.219197
vt 0.325597 0.218568
vt 0.325622 0.230258
vt 0.296772 0.230285
vt 0.296747 0.218596
vt 0.110912 0.074401
vt 0.110912 0.075432
vt 0.109188 0.075432
vt 0.099626 0.075432
vt 0.097903 0.075432
vt 0.097903 0.074401
vt 0.356930 0.219166
vt 0.330964 0.219191
vt 0.330986 0.229625
vt 0.356953 0.229600
vt 0.358396 0.230227
vt 0.329546 0.230254
vt 0.329521 0.218565
vt 0.358370 0.218537
vt 0.110912 0.095314
vt 0.097903 0.095314
vt 0.097903 0.094283
vt 0.099626 0.094283
vt 0.109188 0.094283
vt 0.110912 0.094283
vt 0.327588 0.232262
vt 0.296230 0.232291
vt 0.296236 0.234941
vt 0.358952 0.234882
vt 0.358946 0.232232
vt 0.138553 0.076618
vt 0.146932 0.077671
vt 0.152771 0.080491
vt 0.152771 0.081522
vt 0.124335 0.081522
vt 0.124335 0.080491
vt 0.129960 0.077743
vt 0.358907 0.213881
vt 0.296191 0.213941
vt 0.296197 0.216590
vt 0.327555 0.216560
vt 0.358912 0.216531
vt 0.152771 0.085700
vt 0.124335 0.085700
vt 0.129960 0.082952
vt 0.138553 0.081828
vt 0.146932 0.082880
vt 0.085390 0.002057
vt 0.083052 0.003165
vt 0.083031 0.000431
vt 0.129960 0.087109
vt 0.124335 0.089858
vt 0.124335 0.090889
vt 0.152771 0.090889
vt 0.152771 0.089858
vt 0.146932 0.087038
vt 0.138553 0.085985
vt 0.085306 0.002473
vt 0.085156 0.005205
vt 0.082871 0.004049
vt 0.124335 0.095017
vt 0.152771 0.095017
vt 0.146932 0.092198
vt 0.138553 0.091145
vt 0.129960 0.092268
vt 0.097903 0.090419
vt 0.099626 0.090419
vt 0.097903 0.084866
vt 0.099626 0.084866
vt 0.097903 0.079167
vt 0.099626 0.079167
vt 0.741204 0.034080
vt 0.743203 0.032836
vt 0.743110 0.035184
vt 0.033131 0.290862
vt 0.018690 0.290860
vt 0.006744 0.279245
vt 0.006674 0.271066
vt 0.018611 0.259480
vt 0.032724 0.259483
vt 0.044573 0.270852
vt 0.044545 0.279151
vt 0.741194 0.033635
vt 0.741152 0.031286
vt 0.743123 0.032550
vt 0.006674 0.316498
vt 0.006674 0.325044
vt 0.003033 0.325044
vt 0.003033 0.316498
vt 0.003033 0.302483
vt 0.006674 0.302483
vt 0.006674 0.293384
vt 0.003033 0.293384
vt 0.006674 0.279430
vt 0.003033 0.279430
vt 0.006674 0.271066
vt 0.003033 0.271066
vt 0.003033 0.257383
vt 0.006674 0.257383
vt 0.006674 0.248170
vt 0.003033 0.248170
vt 0.003033 0.234367
vt 0.006674 0.234367
vt 0.576956 0.021222
vt 0.577796 0.024625
vt 0.564146 0.024625
vt 0.564558 0.021222
vt 0.550660 0.024625
vt 0.552001 0.021222
vt 0.430473 0.024625
vt 0.430466 0.021222
vt 0.311488 0.024625
vt 0.310149 0.021222
vt 0.298000 0.024625
vt 0.297591 0.021222
vt 0.284350 0.024625
vt 0.285193 0.021222
vt 0.270955 0.024625
vt 0.272731 0.021222
vt 0.240246 0.024625
vt 0.241976 0.021222
vt 0.117261 0.024625
vt 0.117205 0.021222
vt 0.744472 0.021222
vt 0.744420 0.024625
vt 0.621899 0.024625
vt 0.620173 0.021222
vt 0.591191 0.024625
vt 0.589418 0.021222
vt 0.033131 0.290862
vt 0.018690 0.290860
vt 0.006744 0.279245
vt 0.006674 0.271066
vt 0.018611 0.259480
vt 0.032724 0.259483
vt 0.044573 0.270852
vt 0.044545 0.279151
vt 0.576955 0.028028
vt 0.564558 0.028028
vt 0.552001 0.028028
vt 0.430465 0.028028
vt 0.310148 0.028028
vt 0.297590 0.028028
vt 0.285192 0.028028
vt 0.272730 0.028028
vt 0.241975 0.028028
vt 0.117205 0.028028
vt 0.744471 0.028028
vt 0.620172 0.028028
vt 0.589417 0.028028
vt 0.006674 0.316498
vt 0.006674 0.325044
vt 0.003033 0.325044
vt 0.003033 0.316498
vt 0.003033 0.302483
vt 0.006674 0.302483
vt 0.006674 0.293384
vt 0.003033 0.293384
vt 0.006674 0.279430
vt 0.003033 0.279430
vt 0.006674 0.271066
vt 0.003033 0.271066
vt 0.003033 0.257383
vt 0.006674 0.257383
vt 0.006674 0.248170
vt 0.003033 0.248170
vt 0.003033 0.234367
vt 0.006674 0.234367
vt 0.748329 0.020765
vt 0.755080 0.025241
vt 0.748329 0.029716
vt 0.032900 0.230775
vt 0.036016 0.232841
vt 0.036016 0.247992
vt 0.032900 0.250057
vt 0.027445 0.250057
vt 0.024329 0.247992
vt 0.024329 0.232841
vt 0.027445 0.230775
vt 0.037306 0.228848
vt 0.037306 0.230775
vt 0.032900 0.228848
vt 0.027445 0.228848
vt 0.023039 0.230776
vt 0.023038 0.228848
vt 0.023039 0.251985
vt 0.023039 0.250058
vt 0.027445 0.251985
vt 0.032900 0.251985
vt 0.037306 0.250057
vt 0.037306 0.251985
vt 0.097011 0.022272
vt 0.103824 0.018570
vt 0.103762 0.026747
vt 0.044545 0.279151
vt 0.044573 0.270852
vt 0.032724 0.259483
vt 0.018611 0.259480
vt 0.006674 0.271066
vt 0.006744 0.279245
vt 0.018690 0.290860
vt 0.033131 0.290862
vt 0.832153 0.026685
vt 0.832153 0.024281
vt 0.915336 0.024263
vt 0.915336 0.026663
vt 0.983979 0.024281
vt 0.983979 0.026683
vt 0.003033 0.316498
vt 0.003033 0.325044
vt 0.006674 0.325044
vt 0.006674 0.316498
vt 0.006674 0.302483
vt 0.003033 0.302483
vt 0.003033 0.293384
vt 0.006674 0.293384
vt 0.003033 0.279430
vt 0.006674 0.279430
vt 0.003033 0.271066
vt 0.006674 0.271066
vt 0.006674 0.257383
vt 0.003033 0.257383
vt 0.003033 0.248170
vt 0.006674 0.248170
vt 0.006674 0.234367
vt 0.003033 0.234367
vt 0.454030 0.156364
vt 0.458358 0.156364
vt 0.456001 0.157942
vt 0.027445 0.230775
vt 0.024329 0.232841
vt 0.024329 0.247992
vt 0.027445 0.250057
vt 0.032900 0.250057
vt 0.036016 0.247992
vt 0.036016 0.232841
vt 0.032900 0.230775
vt 0.037306 0.230775
vt 0.037306 0.228848
vt 0.032900 0.228848
vt 0.027445 0.228848
vt 0.023038 0.228848
vt 0.023039 0.230776
vt 0.985914 0.047516
vt 0.985914 0.051419
vt 0.905540 0.051419
vt 0.905540 0.047516
vt 0.896043 0.051419
vt 0.896043 0.047516
vt 0.770161 0.051419
vt 0.770161 0.047516
vt 0.760648 0.051419
vt 0.760648 0.047516
vt 0.680265 0.051419
vt 0.680265 0.047516
vt 0.670710 0.051419
vt 0.670710 0.047516
vt 0.544776 0.051419
vt 0.544776 0.047516
vt 0.535231 0.051419
vt 0.535231 0.047516
vt 0.985914 0.055323
vt 0.905540 0.055323
vt 0.896043 0.055323
vt 0.770161 0.055323
vt 0.760648 0.055323
vt 0.680265 0.055323
vt 0.670710 0.055323
vt 0.544776 0.055323
vt 0.535231 0.055323
vt 0.985914 0.047516
vt 0.985914 0.051419
vt 0.905540 0.051419
vt 0.905540 0.047516
vt 0.896043 0.051419
vt 0.896043 0.047516
vt 0.770161 0.051419
vt 0.770161 0.047516
vt 0.760648 0.051419
vt 0.760648 0.047516
vt 0.680265 0.051419
vt 0.680265 0.047516
vt 0.670710 0.051419
vt 0.670710 0.047516
vt 0.544776 0.051419
vt 0.544776 0.047516
vt 0.535231 0.051419
vt 0.535231 0.047516
vt 0.985914 0.055323
vt 0.905540 0.055323
vt 0.896043 0.055323
vt 0.770161 0.055323
vt 0.760648 0.055323
vt 0.680265 0.055323
vt 0.670710 0.055323
vt 0.544776 0.055323
vt 0.535231 0.055323
vt 0.985914 0.047516
vt 0.985914 0.051419
vt 0.905540 0.051419
vt 0.905540 0.047516
vt 0.896043 0.051419
vt 0.896043 0.047516
vt 0.770161 0.051419
vt 0.770161 0.047516
vt 0.760648 0.051419
vt 0.760648 0.047516
vt 0.680265 0.051419
vt 0.680265 0.047516
vt 0.670710 0.051419
vt 0.670710 0.047516
vt 0.544776 0.051419
vt 0.544776 0.047516
vt 0.535231 0.051419
vt 0.535231 0.047516
vt 0.985914 0.055323
vt 0.905540 0.055323
vt 0.896043 0.055323
vt 0.770161 0.055323
vt 0.760648 0.055323
vt 0.680265 0.055323
vt 0.670710 0.055323
vt 0.544776 0.055323
vt 0.535231 0.055323
vt 0.535231 0.047516
vt 0.535231 0.051419
vt 0.544776 0.051419
vt 0.544776 0.047516
vt 0.670710 0.051419
vt 0.670710 0.047516
vt 0.680265 0.051419
vt 0.680265 0.047516
vt 0.760648 0.051419
vt 0.760648 0.047516
vt 0.770161 0.051419
vt 0.770161 0.047516
vt 0.896043 0.051419
vt 0.896043 0.047516
vt 0.905540 0.051419
vt 0.905540 0.047516
vt 0.985914 0.051419
vt 0.985914 0.047516
vt 0.535231 0.055323
vt 0.544776 0.055323
vt 0.670710 0.055323
vt 0.680265 0.055323
vt 0.760648 0.055323
vt 0.770161 0.055323
vt 0.896043 0.055323
vt 0.905540 0.055323
vt 0.985914 0.055323
vt 0.535231 0.047516
vt 0.535231 0.051419
vt 0.544776 0.051419
vt 0.544776 0.047516
vt 0.670710 0.051419
vt 0.670710 0.047516
vt 0.680265 0.051419
vt 0.680265 0.047516
vt 0.760648 0.051419
vt 0.760648 0.047516
vt 0.770161 0.051419
vt 0.770161 0.047516
vt 0.896043 0.051419
vt 0.896043 0.047516
vt 0.905540 0.051419
vt 0.905540 0.047516
vt 0.985914 0.051419
vt 0.985914 0.047516
vt 0.535231 0.055323
vt 0.544776 0.055323
vt 0.670710 0.055323
vt 0.680265 0.055323
vt 0.760648 0.055323
vt 0.770161 0.055323
vt 0.896043 0.055323
vt 0.905540 0.055323
vt 0.985914 0.055323
vt 0.535231 0.047516
vt 0.535231 0.051419
vt 0.544776 0.051419
vt 0.544776 0.047516
vt 0.670710 0.051419
vt 0.670710 0.047516
vt 0.680265 0.051419
vt 0.680265 0.047516
vt 0.760648 0.051419
vt 0.760648 0.047516
vt 0.770161 0.051419
vt 0.770161 0.047516
vt 0.896043 0.051419
vt 0.896043 0.047516
vt 0.905540 0.051419
vt 0.905540 0.047516
vt 0.985914 0.051419
vt 0.985914 0.047516
vt 0.535231 0.055323
vt 0.544776 0.055323
vt 0.670710 0.055323
vt 0.680265 0.055323
vt 0.760648 0.055323
vt 0.770161 0.055323
vt 0.896043 0.055323
vt 0.905540 0.055323
vt 0.985914 0.055323
vt 0.985914 0.047516
vt 0.985914 0.051419
vt 0.905540 0.051419
vt 0.905540 0.047516
vt 0.896043 0.051419
vt 0.896043 0.047516
vt 0.770161 0.051419
vt 0.770161 0.047516
vt 0.760648 0.051419
vt 0.760648 0.047516
vt 0.680265 0.051419
vt 0.680265 0.047516
vt 0.670710 0.051419
vt 0.670710 0.047516
vt 0.544776 0.051419
vt 0.544776 0.047516
vt 0.535231 0.051419
vt 0.535231 0.047516
vt 0.985914 0.055323
vt 0.905540 0.055323
vt 0.896043 0.055323
vt 0.770161 0.055323
vt 0.760648 0.055323
vt 0.680265 0.055323
vt 0.670710 0.055323
vt 0.544776 0.055323
vt 0.535231 0.055323
vt 0.535231 0.047516
vt 0.535231 0.051419
vt 0.544776 0.051419
vt 0.544776 0.047516
vt 0.670710 0.051419
vt 0.670710 0.047516
vt 0.680265 0.051419
vt 0.680265 0.047516
vt 0.760648 0.051419
vt 0.760648 0.047516
vt 0.770161 0.051419
vt 0.770161 0.047516
vt 0.896043 0.051419
vt 0.896043 0.047516
vt 0.905540 0.051419
vt 0.905540 0.047516
vt 0.985914 0.051419
vt 0.985914 0.047516
vt 0.535231 0.055323
vt 0.544776 0.055323
vt 0.670710 0.055323
vt 0.680265 0.055323
vt 0.760648 0.055323
vt 0.770161 0.055323
vt 0.896043 0.055323
vt 0.905540 0.055323
vt 0.985914 0.055323
vt 0.076071 0.058464
vt 0.076071 0.061243
vt 0.084155 0.061243
vt 0.084155 0.058464
vt 0.236584 0.061243
vt 0.236584 0.058464
vt 0.244677 0.061243
vt 0.244677 0.058464
vt 0.312677 0.061243
vt 0.312677 0.058464
vt 0.320732 0.061243
vt 0.320732 0.058464
vt 0.473111 0.061243
vt 0.473111 0.058464
vt 0.481151 0.061243
vt 0.481151 0.058464
vt 0.549141 0.061243
vt 0.549141 0.058464
vt 0.076071 0.064022
vt 0.084155 0.064022
vt 0.236584 0.064022
vt 0.244677 0.064022
vt 0.312677 0.064022
vt 0.320732 0.064022
vt 0.473111 0.064022
vt 0.481151 0.064022
vt 0.549141 0.064022
vt 0.604329 0.055834
vt 0.604329 0.058937
vt 0.614444 0.058937
vt 0.614444 0.055834
vt 0.699710 0.058937
vt 0.699710 0.055834
vt 0.709810 0.058937
vt 0.709810 0.055834
vt 0.795162 0.058937
vt 0.795162 0.055834
vt 0.805227 0.058937
vt 0.805227 0.055834
vt 0.890456 0.058937
vt 0.890456 0.055834
vt 0.900536 0.058937
vt 0.900536 0.055834
vt 0.985914 0.058937
vt 0.985914 0.055834
vt 0.604329 0.062041
vt 0.614444 0.062041
vt 0.699710 0.062041
vt 0.709810 0.062041
vt 0.795162 0.062041
vt 0.805227 0.062041
vt 0.890456 0.062041
vt 0.900536 0.062041
vt 0.985914 0.062041
vt 0.959149 0.167135
vt 0.959149 0.190659
vt 0.959149 0.163961
vt 0.959149 0.160198
vt 0.957506 0.159012
vt 0.983979 0.021677
vt 0.915336 0.021660
vt 0.832153 0.021677
vt 0.963988 0.126633
vt 0.961560 0.126630
vt 0.961569 0.128780
vt 0.963995 0.128780
vt 0.961569 0.131558
vt 0.963995 0.131558
vt 0.961569 0.159068
vt 0.963995 0.159068
vt 0.980236 0.079002
vt 0.976211 0.081670
vt 0.976211 0.076334
vt 0.959143 0.126635
vt 0.959143 0.128780
vt 0.959143 0.131558
vt 0.959143 0.159068
vt 0.980403 0.078561
vt 0.976378 0.075893
vt 0.980403 0.073224
vt 0.162705 0.099394
vt 0.159447 0.099394
vt 0.159446 0.095135
vt 0.162704 0.095135
vt 0.162703 0.081612
vt 0.159445 0.081612
vt 0.159444 0.077336
vt 0.162702 0.077336
vt 0.345481 0.099419
vt 0.342223 0.099419
vt 0.342223 0.095125
vt 0.345481 0.095125
vt 0.345479 0.081602
vt 0.342221 0.081602
vt 0.342220 0.077325
vt 0.345478 0.077325
vt 0.956717 0.126635
vt 0.956717 0.128780
vt 0.956717 0.131558
vt 0.956717 0.159068
vt 0.969791 0.145160
vt 0.967365 0.145160
vt 0.967365 0.157074
vt 0.969791 0.157074
vt 0.967365 0.160484
vt 0.969791 0.160484
vt 0.967365 0.163025
vt 0.969791 0.163025
vt 0.967365 0.166760
vt 0.969791 0.166760
vt 0.967365 0.203312
vt 0.969791 0.203312
vt 0.967365 0.204789
vt 0.969791 0.204789
vt 0.967365 0.215965
vt 0.969791 0.215965
vt 0.972217 0.145160
vt 0.972217 0.157074
vt 0.972217 0.160484
vt 0.972217 0.163025
vt 0.972217 0.166760
vt 0.972217 0.203312
vt 0.972217 0.204789
vt 0.972217 0.215965
vt 0.974643 0.145160
vt 0.974643 0.157074
vt 0.974643 0.160484
vt 0.974643 0.163025
vt 0.974643 0.166760
vt 0.974643 0.203312
vt 0.974643 0.204789
vt 0.974643 0.215965
vt 0.977069 0.145160
vt 0.977069 0.157074
vt 0.977069 0.160484
vt 0.977069 0.163025
vt 0.977069 0.166760
vt 0.977069 0.203312
vt 0.977069 0.204789
vt 0.977069 0.215965
vt 0.168609 0.083289
vt 0.174635 0.080399
vt 0.330288 0.080390
vt 0.336315 0.083280
vt 0.336316 0.093448
vt 0.330290 0.096338
vt 0.174637 0.096347
vt 0.168610 0.093457
vt 0.328419 0.218086
vt 0.328446 0.230734
vt 0.327588 0.232262
vt 0.358946 0.232232
vt 0.359498 0.230705
vt 0.361254 0.230588
vt 0.359471 0.218057
vt 0.361227 0.218170
vt 0.358912 0.216531
vt 0.327555 0.216560
vt 0.326724 0.230736
vt 0.296230 0.232291
vt 0.295672 0.230765
vt 0.293915 0.230652
vt 0.293889 0.218234
vt 0.295645 0.218117
vt 0.296197 0.216590
vt 0.326697 0.218088
vt 0.957352 0.091334
vt 0.959146 0.091334
vt 0.960043 0.092364
vt 0.959146 0.093394
vt 0.957352 0.093394
vt 0.956455 0.092364
vt 0.296191 0.213941
vt 0.358907 0.213881
vt 0.365254 0.232226
vt 0.361258 0.232230
vt 0.365251 0.230584
vt 0.365224 0.218166
vt 0.361224 0.216529
vt 0.365221 0.216525
vt 0.289919 0.230656
vt 0.293919 0.232294
vt 0.289922 0.232297
vt 0.289892 0.218238
vt 0.289889 0.216596
vt 0.293885 0.216592
vt 0.962915 0.091334
vt 0.961121 0.091334
vt 0.960224 0.092364
vt 0.961121 0.093394
vt 0.962915 0.093394
vt 0.963812 0.092364
vt 0.358952 0.234882
vt 0.296236 0.234941
vt 0.023039 0.251985
vt 0.023039 0.250058
vt 0.027445 0.250057
vt 0.027445 0.251985
vt 0.032900 0.251985
vt 0.032900 0.250057
vt 0.037306 0.250057
vt 0.037306 0.251985
vt 0.032900 0.230775
vt 0.037306 0.228848
vt 0.037306 0.230775
vt 0.032900 0.228848
vt 0.027445 0.228848
vt 0.027445 0.230775
vt 0.023039 0.230776
vt 0.023038 0.228848
vt 0.957352 0.084410
vt 0.959146 0.084410
vt 0.960043 0.085440
vt 0.959146 0.086470
vt 0.957352 0.086470
vt 0.956455 0.085440
vt 0.036016 0.232841
vt 0.036016 0.247992
vt 0.024329 0.247992
vt 0.024329 0.232841
vt 0.962915 0.084410
vt 0.961121 0.084410
vt 0.960224 0.085440
vt 0.961121 0.086470
vt 0.962915 0.086470
vt 0.963812 0.085440
vt 0.963990 0.125397
vt 0.961640 0.124749
vt 0.130308 0.273859
vt 0.136627 0.273859
vt 0.136627 0.275850
vt 0.130308 0.275850
vt 0.130308 0.279231
vt 0.136627 0.279231
vt 0.136627 0.281756
vt 0.130308 0.281756
vt 0.173452 0.273325
vt 0.179771 0.273325
vt 0.179771 0.275850
vt 0.173452 0.275850
vt 0.173452 0.279231
vt 0.179771 0.279231
vt 0.179771 0.281222
vt 0.173452 0.281222
vt 0.954290 0.126635
vt 0.954290 0.128780
vt 0.954290 0.131558
vt 0.954290 0.159068
vt 0.170538 0.281163
vt 0.139541 0.281163
vt 0.139541 0.273918
vt 0.170538 0.273918
vt 0.930255 0.145633
vt 0.940604 0.144060
vt 0.919907 0.144060
vt 0.944891 0.140262
vt 0.915620 0.140262
vt 0.944891 0.139506
vt 0.915620 0.139506
vt 0.877221 0.138063
vt 0.876072 0.083031
vt 0.876072 0.138063
vt 0.877221 0.083031
vt 0.885095 0.083031
vt 0.885095 0.138063
vt 0.895444 0.083031
vt 0.895444 0.138063
vt 0.905793 0.083031
vt 0.905793 0.138063
vt 0.913574 0.083031
vt 0.913574 0.138063
vt 0.914806 0.138063
vt 0.914806 0.083031
vt 0.270402 0.307344
vt 0.270543 0.308458
vt 0.223135 0.313977
vt 0.217478 0.312166
vt 0.217775 0.310918
vt 0.222016 0.309980
vt 0.956774 0.113337
vt 0.958568 0.113337
vt 0.959465 0.112307
vt 0.956774 0.111277
vt 0.955877 0.112307
vt 0.220667 0.320175
vt 0.219825 0.319316
vt 0.220800 0.318911
vt 0.960543 0.111277
vt 0.963234 0.112307
vt 0.962337 0.113337
vt 0.960543 0.113337
vt 0.959645 0.112307
vt 0.888627 0.143933
vt 0.909222 0.143933
vt 0.898924 0.145499
vt 0.884361 0.140154
vt 0.913487 0.140154
vt 0.884361 0.139402
vt 0.913487 0.139402
vt 0.956725 0.100773
vt 0.958519 0.100773
vt 0.959416 0.099743
vt 0.956725 0.098713
vt 0.955828 0.099743
vt 0.876072 0.138063
vt 0.876072 0.083303
vt 0.877298 0.083303
vt 0.877298 0.138063
vt 0.885041 0.138063
vt 0.885041 0.083303
vt 0.895339 0.138063
vt 0.895339 0.083303
vt 0.905637 0.138063
vt 0.905637 0.083303
vt 0.913471 0.138063
vt 0.913471 0.083303
vt 0.914615 0.083303
vt 0.914615 0.138063
vt 0.960494 0.098713
vt 0.963185 0.099743
vt 0.962288 0.100773
vt 0.960494 0.100773
vt 0.959596 0.099743
vt 0.915336 0.026663
vt 0.832153 0.024281
vt 0.832153 0.026685
vt 0.915336 0.024263
vt 0.983979 0.026683
vt 0.983979 0.024281
vt 0.955988 0.112444
vt 0.956871 0.111409
vt 0.959522 0.112444
vt 0.958638 0.113478
vt 0.956871 0.113478
vt 0.529379 0.301978
vt 0.525310 0.301624
vt 0.525037 0.277749
vt 0.526700 0.277908
vt 0.528731 0.275786
vt 0.527068 0.275627
vt 0.528805 0.274629
vt 0.045135 0.295499
vt 0.045141 0.296898
vt 0.042632 0.295551
vt 0.018993 0.295644
vt 0.016827 0.296855
vt 0.016828 0.295644
vt 0.959699 0.112444
vt 0.960582 0.113478
vt 0.962349 0.113478
vt 0.963233 0.112444
vt 0.960582 0.111409
vt 0.037306 0.251985
vt 0.037306 0.250057
vt 0.032900 0.251985
vt 0.027445 0.251985
vt 0.023039 0.250058
vt 0.023039 0.251985
vt 0.955940 0.099827
vt 0.956823 0.098792
vt 0.959473 0.099827
vt 0.958590 0.100861
vt 0.956823 0.100861
vt 0.959651 0.099827
vt 0.960534 0.100861
vt 0.962301 0.100861
vt 0.963185 0.099827
vt 0.960534 0.098792
vt 0.969920 0.145370
vt 0.967623 0.145370
vt 0.967623 0.157242
vt 0.969920 0.157242
vt 0.967623 0.160640
vt 0.969920 0.160640
vt 0.967623 0.163172
vt 0.969920 0.163172
vt 0.967623 0.166894
vt 0.969920 0.166894
vt 0.967623 0.203317
vt 0.969920 0.203317
vt 0.967623 0.204789
vt 0.969920 0.204789
vt 0.967623 0.215926
vt 0.969920 0.215926
vt 0.339375 0.168395
vt 0.345899 0.137515
vt 0.339375 0.137449
vt 0.345899 0.169112
vt 0.334285 0.182647
vt 0.340389 0.183804
vt 0.325026 0.194864
vt 0.330643 0.196098
vt 0.309395 0.205223
vt 0.313593 0.207231
vt 0.294641 0.213888
vt 0.291326 0.211278
vt 0.269420 0.214729
vt 0.270954 0.217801
vt 0.219188 0.217801
vt 0.220767 0.214729
vt 0.198861 0.211278
vt 0.195502 0.213888
vt 0.180792 0.205223
vt 0.176550 0.207231
vt 0.165161 0.194864
vt 0.159500 0.196098
vt 0.149754 0.183804
vt 0.155902 0.182647
vt 0.150812 0.168395
vt 0.144244 0.169112
vt 0.150812 0.137449
vt 0.144244 0.137515
vt 0.972217 0.145370
vt 0.972217 0.157242
vt 0.972217 0.160640
vt 0.972217 0.163172
vt 0.972217 0.166894
vt 0.972217 0.203317
vt 0.972217 0.204789
vt 0.972217 0.215926
vt 0.203521 0.159594
vt 0.202988 0.146620
vt 0.200756 0.146662
vt 0.204275 0.165705
vt 0.209107 0.168888
vt 0.224854 0.180833
vt 0.219195 0.176366
vt 0.232568 0.181124
vt 0.247713 0.184839
vt 0.247613 0.182588
vt 0.270210 0.180014
vt 0.262516 0.180583
vt 0.275478 0.175350
vt 0.289516 0.164167
vt 0.284937 0.167519
vt 0.289752 0.158037
vt 0.291467 0.145025
vt 0.289219 0.145064
vt 0.974514 0.145370
vt 0.974514 0.157242
vt 0.974514 0.160640
vt 0.974514 0.163172
vt 0.974514 0.166894
vt 0.974514 0.203317
vt 0.974514 0.204789
vt 0.974514 0.215926
vt 0.300890 0.148937
vt 0.298302 0.148937
vt 0.298302 0.145992
vt 0.302621 0.145992
vt 0.304352 0.147202
vt 0.307773 0.147742
vt 0.307773 0.149999
vt 0.307773 0.179354
vt 0.300890 0.179229
vt 0.538383 0.265732
vt 0.545794 0.267716
vt 0.545794 0.265732
vt 0.538383 0.267716
vt 0.533580 0.265732
vt 0.533580 0.267716
vt 0.525917 0.265732
vt 0.525917 0.267716
vt 0.513674 0.265732
vt 0.513674 0.267716
vt 0.498658 0.265735
vt 0.498658 0.267705
vt 0.483558 0.265736
vt 0.483558 0.267705
vt 0.251875 0.267714
vt 0.251875 0.265745
vt 0.236344 0.265745
vt 0.236344 0.267715
vt 0.222229 0.265742
vt 0.222229 0.267730
vt 0.209944 0.265742
vt 0.209944 0.267730
vt 0.202253 0.265742
vt 0.202253 0.267730
vt 0.197428 0.265742
vt 0.197428 0.267730
vt 0.189134 0.265742
vt 0.189134 0.267730
vt 0.976811 0.145370
vt 0.976811 0.157242
vt 0.976811 0.160640
vt 0.976811 0.163172
vt 0.976811 0.166894
vt 0.976811 0.203317
vt 0.976811 0.204789
vt 0.976811 0.215926
vt 0.985914 0.068600
vt 0.985914 0.071624
vt 0.953322 0.071624
vt 0.953322 0.068600
vt 0.930230 0.071624
vt 0.930230 0.068600
vt 0.914623 0.071624
vt 0.914623 0.068600
vt 0.898878 0.071624
vt 0.898878 0.068600
vt 0.767594 0.071624
vt 0.767594 0.068600
vt 0.634970 0.071624
vt 0.634970 0.068600
vt 0.619225 0.071624
vt 0.619225 0.068600
vt 0.603618 0.071624
vt 0.603618 0.068600
vt 0.580524 0.071624
vt 0.580524 0.068600
vt 0.562102 0.071624
vt 0.562102 0.068600
vt 0.962919 0.091382
vt 0.961152 0.091382
vt 0.960269 0.092417
vt 0.961152 0.093451
vt 0.962919 0.093451
vt 0.963802 0.092417
vt 0.985914 0.065576
vt 0.953322 0.065576
vt 0.930230 0.065576
vt 0.914623 0.065576
vt 0.898878 0.065576
vt 0.767594 0.065576
vt 0.634970 0.065576
vt 0.619225 0.065576
vt 0.603618 0.065576
vt 0.580524 0.065576
vt 0.562102 0.065576
vt 0.985914 0.062552
vt 0.953322 0.062552
vt 0.930230 0.062552
vt 0.914623 0.062552
vt 0.898878 0.062552
vt 0.767594 0.062552
vt 0.634970 0.062552
vt 0.619225 0.062552
vt 0.603618 0.062552
vt 0.580524 0.062552
vt 0.562102 0.062552
vt 0.962919 0.084429
vt 0.961152 0.084429
vt 0.960269 0.085463
vt 0.961152 0.086498
vt 0.962919 0.086498
vt 0.963802 0.085463
vt 0.339375 0.137449
vt 0.345899 0.137515
vt 0.345899 0.169112
vt 0.339375 0.168395
vt 0.340389 0.183804
vt 0.334285 0.182647
vt 0.330643 0.196098
vt 0.325026 0.194864
vt 0.313593 0.207231
vt 0.309395 0.205223
vt 0.291326 0.211278
vt 0.294641 0.213888
vt 0.270954 0.217801
vt 0.269420 0.214729
vt 0.220767 0.214729
vt 0.219189 0.217801
vt 0.195502 0.213888
vt 0.198861 0.211278
vt 0.176550 0.207231
vt 0.180792 0.205223
vt 0.159500 0.196098
vt 0.165161 0.194864
vt 0.155902 0.182647
vt 0.149754 0.183804
vt 0.144244 0.169112
vt 0.150812 0.168395
vt 0.144244 0.137515
vt 0.150812 0.137449
vt 0.956828 0.126629
vt 0.954439 0.126629
vt 0.954439 0.128761
vt 0.956828 0.128761
vt 0.954439 0.131525
vt 0.956828 0.131525
vt 0.954439 0.158885
vt 0.956828 0.158885
vt 0.024629 0.001923
vt 0.020778 0.019370
vt 0.012649 0.021126
vt 0.012625 0.038506
vt 0.017224 0.050932
vt 0.020295 0.063088
vt 0.031965 0.063812
vt 0.050609 0.063849
vt 0.062274 0.063176
vt 0.065344 0.051036
vt 0.069912 0.038611
vt 0.061756 0.019440
vt 0.069839 0.021223
vt 0.057929 0.001980
vt 0.959217 0.126629
vt 0.959217 0.128761
vt 0.959217 0.131525
vt 0.959217 0.158885
vt 0.225698 0.290517
vt 0.232447 0.291914
vt 0.223657 0.288052
vt 0.223853 0.285965
vt 0.227876 0.277129
vt 0.242466 0.276062
vt 0.238341 0.270317
vt 0.492968 0.276053
vt 0.497091 0.270307
vt 0.507558 0.277118
vt 0.511582 0.285954
vt 0.504140 0.291903
vt 0.511778 0.288041
vt 0.509739 0.290506
vt 0.961597 0.126624
vt 0.961606 0.128761
vt 0.961606 0.131525
vt 0.961606 0.158885
vt 0.333844 0.166944
vt 0.333844 0.137262
vt 0.328770 0.181026
vt 0.320659 0.191730
vt 0.305356 0.201835
vt 0.289587 0.207119
vt 0.267953 0.210531
vt 0.222234 0.210531
vt 0.200600 0.207119
vt 0.184831 0.201835
vt 0.169528 0.191730
vt 0.161417 0.181026
vt 0.156343 0.166944
vt 0.156343 0.137262
vt 0.963988 0.126626
vt 0.963995 0.128761
vt 0.963995 0.131525
vt 0.963995 0.158885
vt 0.159141 0.136835
vt 0.159141 0.164550
vt 0.164248 0.179474
vt 0.171316 0.188802
vt 0.187230 0.199540
vt 0.201521 0.204328
vt 0.223702 0.207794
vt 0.266485 0.207794
vt 0.288667 0.204328
vt 0.302957 0.199540
vt 0.318871 0.188802
vt 0.325940 0.179474
vt 0.331046 0.164550
vt 0.331046 0.136835
vt 0.211608 0.159081
vt 0.223133 0.148599
vt 0.211608 0.148599
vt 0.223133 0.159081
vt 0.235370 0.159081
vt 0.235370 0.148599
vt 0.244785 0.159081
vt 0.244786 0.148599
vt 0.254201 0.159081
vt 0.254201 0.148599
vt 0.266438 0.159081
vt 0.266438 0.148599
vt 0.277963 0.148599
vt 0.277963 0.159081
vt 0.205142 0.140730
vt 0.191485 0.138220
vt 0.191485 0.138220
vt 0.205142 0.138220
vt 0.218994 0.140730
vt 0.218994 0.138220
vt 0.232887 0.140730
vt 0.232887 0.138220
vt 0.246809 0.140730
vt 0.246809 0.138220
vt 0.260737 0.140730
vt 0.260737 0.138220
vt 0.274646 0.140730
vt 0.274646 0.138220
vt 0.288523 0.140730
vt 0.288523 0.138220
vt 0.302374 0.140730
vt 0.302374 0.138220
vt 0.320357 0.140730
vt 0.320357 0.138220
vt 0.191485 0.140730
vt 0.173302 0.140730
vt 0.173302 0.138220
vt 0.024329 0.232841
vt 0.024329 0.247992
vt 0.036016 0.247992
vt 0.036016 0.232841
vt 0.960358 0.158197
vt 0.957457 0.158979
vt 0.961464 0.160166
vt 0.956686 0.160166
vt 0.954297 0.160166
vt 0.954297 0.163933
vt 0.956686 0.163933
vt 0.954297 0.167110
vt 0.956686 0.167110
vt 0.954297 0.190659
vt 0.956686 0.190659
vt 0.832153 0.021677
vt 0.915336 0.021660
vt 0.983979 0.021677
vt 0.959075 0.160166
vt 0.959075 0.163933
vt 0.959075 0.167110
vt 0.959075 0.190659
vt 0.961464 0.167110
vt 0.961464 0.190659
vt 0.961464 0.163933
vt 0.166124 0.160416
vt 0.166124 0.136839
vt 0.159141 0.136835
vt 0.159141 0.164550
vt 0.164248 0.179474
vt 0.171316 0.188802
vt 0.187230 0.199540
vt 0.175805 0.177478
vt 0.193998 0.191388
vt 0.218510 0.200467
vt 0.266485 0.207794
vt 0.246384 0.203620
vt 0.274257 0.200467
vt 0.298769 0.191388
vt 0.325940 0.179474
vt 0.316963 0.177478
vt 0.326643 0.160416
vt 0.331046 0.136835
vt 0.326643 0.136839
vt 0.331046 0.164550
vt 0.288667 0.204328
vt 0.302957 0.199540
vt 0.318871 0.188802
vt 0.201521 0.204328
vt 0.223702 0.207794
vt 0.039162 0.247992
vt 0.039162 0.232841
vt 0.021183 0.232841
vt 0.021183 0.247992
vt 0.956589 0.110325
vt 0.954412 0.110325
vt 0.954412 0.101185
vt 0.956589 0.101185
vt 0.958765 0.110325
vt 0.958765 0.101185
vt 0.960941 0.110325
vt 0.960941 0.101185
vt 0.963118 0.110325
vt 0.963118 0.101185
vt 0.963166 0.122890
vt 0.960990 0.122890
vt 0.960990 0.113750
vt 0.963166 0.113750
vt 0.956637 0.122890
vt 0.954461 0.122890
vt 0.954461 0.113750
vt 0.956637 0.113750
vt 0.958814 0.122890
vt 0.958814 0.113750
vt 0.963853 0.160166
vt 0.963853 0.163933
vt 0.963853 0.167110
vt 0.963853 0.190659
vt 0.884361 0.139398
vt 0.913632 0.139398
vt 0.913632 0.140154
vt 0.884361 0.140154
vt 0.909345 0.143952
vt 0.888647 0.143952
vt 0.898996 0.145525
vt 0.988890 0.083492
vt 0.988890 0.197914
vt 0.987002 0.196762
vt 0.987002 0.084259
vt 0.983667 0.084848
vt 0.983667 0.182057
vt 0.985163 0.182057
vt 0.985163 0.084848
vt 0.980108 0.085016
vt 0.980108 0.121788
vt 0.978543 0.121788
vt 0.978543 0.085016
vt 0.980184 0.122446
vt 0.980184 0.165086
vt 0.978370 0.165086
vt 0.978370 0.122446
vt 0.988652 0.197914
vt 0.988652 0.083492
vt 0.990540 0.084259
vt 0.990540 0.196762
vt 0.993133 0.124128
vt 0.991517 0.122876
vt 0.991517 0.085034
vt 0.993133 0.083783
vt 0.944460 0.138063
vt 0.916537 0.138063
vt 0.916537 0.083031
vt 0.944460 0.083031
vt 0.991456 0.165109
vt 0.991456 0.124764
vt 0.993194 0.126015
vt 0.993194 0.163857
vt 0.981129 0.085017
vt 0.981129 0.182226
vt 0.982626 0.182226
vt 0.982626 0.085017
vt 0.952863 0.086882
vt 0.950687 0.086882
vt 0.950687 0.090789
vt 0.952863 0.090789
vt 0.955040 0.086882
vt 0.955040 0.090789
vt 0.957216 0.086882
vt 0.957216 0.090789
vt 0.959392 0.086882
vt 0.959392 0.090789
vt 0.961569 0.086882
vt 0.961569 0.090789
vt 0.963745 0.086882
vt 0.963745 0.090789
vt 0.952863 0.093806
vt 0.950687 0.093806
vt 0.950687 0.097713
vt 0.952863 0.097713
vt 0.955040 0.093806
vt 0.955040 0.097713
vt 0.957216 0.093806
vt 0.957216 0.097713
vt 0.959392 0.093806
vt 0.959392 0.097713
vt 0.961569 0.093806
vt 0.961569 0.097713
vt 0.963745 0.093806
vt 0.963745 0.097713
vt 0.977069 0.083666
vt 0.974643 0.083666
vt 0.972217 0.083666
vt 0.969791 0.083666
vt 0.967365 0.083666
vt 0.829108 0.024670
vt 0.829108 0.022350
vt 0.757118 0.022350
vt 0.757118 0.024670
vt 0.829108 0.026991
vt 0.757118 0.026991
vt 0.671975 0.044032
vt 0.671975 0.041523
vt 0.775907 0.041523
vt 0.775907 0.044032
vt 0.671975 0.039015
vt 0.775907 0.039015
vt 0.838205 0.016036
vt 0.838205 0.018315
vt 0.978567 0.018315
vt 0.978567 0.016036
vt 0.838205 0.013756
vt 0.978567 0.013756
vt 0.829108 0.024670
vt 0.829108 0.022350
vt 0.757118 0.022350
vt 0.757118 0.024670
vt 0.829108 0.026991
vt 0.757118 0.026991
vt 0.903794 0.203443
vt 0.782620 0.203443
vt 0.782620 0.192384
vt 0.903794 0.192384
vt 0.777300 0.203443
vt 0.777300 0.192384
vt 0.903794 0.206971
vt 0.782620 0.206971
vt 0.903794 0.218030
vt 0.782620 0.218030
vt 0.909114 0.203443
vt 0.909114 0.192384
vt 0.903794 0.188856
vt 0.782620 0.188856
vt 0.782620 0.177797
vt 0.903794 0.177797
vt 0.777300 0.188856
vt 0.777300 0.177797
vt 0.903794 0.192384
vt 0.782620 0.192384
vt 0.772047 0.178212
vt 0.775952 0.178212
vt 0.775952 0.197015
vt 0.772047 0.197015
vt 0.909114 0.188856
vt 0.909114 0.177797
vt 0.838205 0.016036
vt 0.838205 0.018315
vt 0.978567 0.018315
vt 0.978567 0.016036
vt 0.838205 0.013756
vt 0.978567 0.013756
vt 0.829108 0.024670
vt 0.829108 0.022350
vt 0.757118 0.022350
vt 0.757118 0.024670
vt 0.829108 0.026991
vt 0.757118 0.026991
vt 0.978567 0.016036
vt 0.978567 0.018315
vt 0.838205 0.018315
vt 0.838205 0.016036
vt 0.978567 0.013756
vt 0.838205 0.013756
vt 0.391477 0.130011
vt 0.391477 0.123049
vt 0.463467 0.123049
vt 0.463467 0.130011
vt 0.391477 0.136972
vt 0.463467 0.136972
vt 0.829108 0.024670
vt 0.829108 0.022350
vt 0.757118 0.022350
vt 0.757118 0.024670
vt 0.829108 0.026991
vt 0.757118 0.026991
vt 0.838205 0.016036
vt 0.838205 0.018315
vt 0.978567 0.018315
vt 0.978567 0.016036
vt 0.838205 0.013756
vt 0.978567 0.013756
vt 0.829108 0.024670
vt 0.829108 0.022350
vt 0.757118 0.022350
vt 0.757118 0.024670
vt 0.829108 0.026991
vt 0.757118 0.026991
vt 0.838205 0.016036
vt 0.838205 0.018315
vt 0.978567 0.018315
vt 0.978567 0.016036
vt 0.838205 0.013756
vt 0.978567 0.013756
vt 0.829108 0.024670
vt 0.829108 0.022350
vt 0.757118 0.022350
vt 0.757118 0.024670
vt 0.829108 0.026991
vt 0.757118 0.026991
vt 0.838205 0.016036
vt 0.838205 0.018315
vt 0.978567 0.018315
vt 0.978567 0.016036
vt 0.838205 0.013756
vt 0.978567 0.013756
vt 0.391477 0.130011
vt 0.391477 0.123049
vt 0.463467 0.123049
vt 0.463467 0.130011
vt 0.391477 0.136972
vt 0.463467 0.136972
vt 0.978567 0.016036
vt 0.978567 0.018315
vt 0.838205 0.018315
vt 0.838205 0.016036
vt 0.978567 0.013756
vt 0.838205 0.013756
vt 0.391477 0.130011
vt 0.391477 0.123049
vt 0.463467 0.123049
vt 0.463467 0.130011
vt 0.391477 0.136972
vt 0.463467 0.136972
vt 0.978567 0.016036
vt 0.978567 0.018315
vt 0.838205 0.018315
vt 0.838205 0.016036
vt 0.978567 0.013756
vt 0.838205 0.013756
vt 0.757118 0.024670
vt 0.757118 0.022350
vt 0.829108 0.022350
vt 0.829108 0.024670
vt 0.757118 0.026991
vt 0.829108 0.026991
vt 0.978567 0.016036
vt 0.978567 0.018315
vt 0.838205 0.018315
vt 0.838205 0.016036
vt 0.978567 0.013756
vt 0.838205 0.013756
vt 0.374664 0.076422
vt 0.374669 0.077856
vt 0.932914 0.077856
vt 0.932919 0.076422
vt 0.374664 0.079179
vt 0.932919 0.079179
vt 0.021183 0.232841
vt 0.021183 0.247992
vt 0.039162 0.247992
vt 0.039162 0.232841
vt 0.020778 0.019370
vt 0.022196 0.034521
vt 0.060207 0.034624
vt 0.061756 0.019440
vt 0.057929 0.001980
vt 0.024629 0.001923
vt 0.025858 0.049790
vt 0.023053 0.049938
vt 0.030664 0.057076
vt 0.024813 0.058685
vt 0.051808 0.057107
vt 0.057617 0.058749
vt 0.056703 0.049855
vt 0.059494 0.050020
vt 0.023053 0.049938
vt 0.022255 0.034514
vt 0.025847 0.049793
vt 0.024813 0.058685
vt 0.030658 0.057083
vt 0.057617 0.058749
vt 0.051813 0.057115
vt 0.059494 0.050020
vt 0.056714 0.049857
vt 0.060149 0.034617
vt 0.105502 0.047841
vt 0.105502 0.052201
vt 0.211511 0.052201
vt 0.211511 0.047841
vt 0.223957 0.052201
vt 0.223957 0.047841
vt 0.300232 0.052201
vt 0.300232 0.047841
vt 0.312677 0.052201
vt 0.312677 0.047841
vt 0.418247 0.052201
vt 0.418247 0.047841
vt 0.430715 0.052201
vt 0.430715 0.047841
vt 0.516714 0.052201
vt 0.516714 0.047841
vt 0.529175 0.052201
vt 0.529175 0.047841
vt 0.105502 0.056561
vt 0.211511 0.056561
vt 0.223957 0.056561
vt 0.300232 0.056561
vt 0.312677 0.056561
vt 0.418247 0.056561
vt 0.430715 0.056561
vt 0.516714 0.056561
vt 0.529175 0.056561
vt 0.141865 0.153558
vt 0.141865 0.145854
vt 0.140714 0.149682
vt 0.135034 0.159791
vt 0.129169 0.160216
vt 0.123980 0.162172
vt 0.112927 0.159791
vt 0.110490 0.156193
vt 0.106096 0.153558
vt 0.106096 0.145854
vt 0.110490 0.143172
vt 0.112927 0.139620
vt 0.123980 0.137240
vt 0.128944 0.139354
vt 0.135034 0.139620
vt 0.021183 0.247992
vt 0.021183 0.232841
vt 0.039162 0.232841
vt 0.039162 0.247992
vt 0.003033 0.316498
vt 0.003033 0.325044
vt 0.006674 0.325044
vt 0.006674 0.316498
vt 0.006674 0.302483
vt 0.003033 0.302483
vt 0.003033 0.293384
vt 0.006674 0.293384
vt 0.003033 0.279430
vt 0.006674 0.279430
vt 0.003033 0.271066
vt 0.006674 0.271066
vt 0.006674 0.257383
vt 0.003033 0.257383
vt 0.003033 0.248170
vt 0.006674 0.248170
vt 0.006674 0.234367
vt 0.003033 0.234367
vt 0.110490 0.156193
vt 0.112927 0.159791
vt 0.106096 0.153558
vt 0.123980 0.162172
vt 0.129169 0.160216
vt 0.135034 0.159791
vt 0.141865 0.153558
vt 0.140714 0.149682
vt 0.141865 0.145854
vt 0.135034 0.139620
vt 0.128944 0.139354
vt 0.123980 0.137240
vt 0.112927 0.139620
vt 0.110490 0.143172
vt 0.106096 0.145854
vt 0.044545 0.279151
vt 0.044573 0.270852
vt 0.032724 0.259483
vt 0.018611 0.259480
vt 0.006674 0.271066
vt 0.006744 0.279245
vt 0.018690 0.290860
vt 0.033131 0.290862
vt 0.110490 0.156193
vt 0.112927 0.159791
vt 0.106096 0.153558
vt 0.123980 0.162172
vt 0.129169 0.160216
vt 0.135034 0.159791
vt 0.141865 0.153558
vt 0.140714 0.149682
vt 0.141865 0.145854
vt 0.135034 0.139620
vt 0.128944 0.139354
vt 0.123980 0.137240
vt 0.112927 0.139620
vt 0.110490 0.143172
vt 0.106096 0.145854
vt 0.110912 0.084866
vt 0.109188 0.084866
vt 0.109188 0.079167
vt 0.110912 0.079167
vt 0.110912 0.090419
vt 0.109188 0.090419
vt 0.122805 0.092200
vt 0.122805 0.095222
vt 0.111783 0.095222
vt 0.111783 0.092200
vt 0.111783 0.087513
vt 0.122805 0.087513
vt 0.122805 0.082867
vt 0.111783 0.082867
vt 0.122805 0.079842
vt 0.111783 0.079842
vt 0.110912 0.084866
vt 0.109188 0.084866
vt 0.109188 0.079167
vt 0.110912 0.079167
vt 0.110912 0.090419
vt 0.109188 0.090419
vt 0.122805 0.092200
vt 0.122805 0.095222
vt 0.111783 0.095222
vt 0.111783 0.092200
vt 0.111783 0.087513
vt 0.122805 0.087513
vt 0.122805 0.082867
vt 0.111783 0.082867
vt 0.122805 0.079842
vt 0.111783 0.079842
vt 0.110912 0.084866
vt 0.109188 0.084866
vt 0.109188 0.079167
vt 0.110912 0.079167
vt 0.110912 0.090419
vt 0.109188 0.090419
vt 0.122805 0.092200
vt 0.122805 0.095222
vt 0.111783 0.095222
vt 0.111783 0.092200
vt 0.111783 0.087513
vt 0.122805 0.087513
vt 0.122805 0.082867
vt 0.111783 0.082867
vt 0.122805 0.079842
vt 0.111783 0.079842
vt 0.016484 0.231327
vt 0.014943 0.231327
vt 0.014943 0.230584
vt 0.016484 0.230584
vt 0.016484 0.229321
vt 0.014943 0.229321
vt 0.014943 0.228377
vt 0.016484 0.228377
vt 0.004782 0.231527
vt 0.003240 0.231527
vt 0.003240 0.230584
vt 0.004782 0.230584
vt 0.004782 0.229321
vt 0.003240 0.229321
vt 0.003240 0.228577
vt 0.004782 0.228577
vt 0.545794 0.262733
vt 0.538383 0.262733
vt 0.533580 0.262733
vt 0.525917 0.262733
vt 0.513674 0.262733
vt 0.498658 0.262744
vt 0.545794 0.264471
vt 0.538383 0.264471
vt 0.533580 0.264471
vt 0.525917 0.264471
vt 0.513674 0.264471
vt 0.498658 0.264479
vt 0.483558 0.264479
vt 0.483558 0.262745
vt 0.251875 0.264488
vt 0.236344 0.264489
vt 0.222229 0.264494
vt 0.209944 0.264494
vt 0.202253 0.264494
vt 0.197428 0.264494
vt 0.251875 0.262753
vt 0.236344 0.262754
vt 0.222229 0.262786
vt 0.209944 0.262786
vt 0.202253 0.262786
vt 0.197428 0.262786
vt 0.189134 0.262786
vt 0.189134 0.264494
vt 0.498658 0.248541
vt 0.483558 0.248541
vt 0.197428 0.248529
vt 0.202253 0.248529
vt 0.209944 0.248529
vt 0.222229 0.248529
vt 0.236344 0.248534
vt 0.251875 0.248534
vt 0.483558 0.246804
vt 0.498658 0.246805
vt 0.513674 0.248540
vt 0.189134 0.248529
vt 0.189134 0.246820
vt 0.197428 0.246820
vt 0.202253 0.246820
vt 0.209944 0.246820
vt 0.222229 0.246820
vt 0.236344 0.246797
vt 0.251875 0.246797
vt 0.513674 0.246819
vt 0.525917 0.248540
vt 0.533580 0.246819
vt 0.538383 0.246819
vt 0.538383 0.248540
vt 0.533580 0.248540
vt 0.525917 0.246819
vt 0.545794 0.248540
vt 0.545794 0.246819
vt 0.492613 0.216803
vt 0.371440 0.216803
vt 0.371440 0.205744
vt 0.492613 0.205744
vt 0.366120 0.216803
vt 0.366120 0.205744
vt 0.492613 0.220331
vt 0.371440 0.220331
vt 0.492613 0.231390
vt 0.371440 0.231390
vt 0.497933 0.216803
vt 0.497933 0.205744
vt 0.321579 0.129761
vt 0.252518 0.132071
vt 0.254101 0.129786
vt 0.242626 0.125350
vt 0.239320 0.126290
vt 0.239375 0.112965
vt 0.242522 0.113869
vt 0.251369 0.105055
vt 0.252512 0.107169
vt 0.324347 0.105085
vt 0.322948 0.107119
vt 0.336223 0.112988
vt 0.333145 0.113831
vt 0.336231 0.126257
vt 0.333134 0.125415
vt 0.324347 0.134156
vt 0.322951 0.132133
vt 0.251366 0.134192
vt 0.245970 0.124465
vt 0.246016 0.114792
vt 0.254101 0.109462
vt 0.321580 0.109483
vt 0.329586 0.114810
vt 0.329591 0.124436
vt 0.321579 0.129761
vt 0.252518 0.132071
vt 0.254101 0.129786
vt 0.242626 0.125350
vt 0.239320 0.126290
vt 0.239375 0.112965
vt 0.242522 0.113869
vt 0.251369 0.105055
vt 0.252512 0.107169
vt 0.324347 0.105085
vt 0.322948 0.107119
vt 0.336223 0.112988
vt 0.333145 0.113831
vt 0.336231 0.126257
vt 0.333134 0.125415
vt 0.324347 0.134156
vt 0.322951 0.132133
vt 0.251366 0.134192
vt 0.245970 0.124465
vt 0.246016 0.114792
vt 0.254101 0.109462
vt 0.321580 0.109483
vt 0.329586 0.114810
vt 0.329591 0.124436
vt 0.033169 0.052080
vt 0.049404 0.052099
vt 0.041310 0.046809
vt 0.049469 0.039974
vt 0.033141 0.039955
vt 0.009606 0.329652
vt 0.015016 0.297797
vt 0.046581 0.298160
vt 0.041170 0.330015
vt 0.005871 0.228599
vt 0.013854 0.228599
vt 0.013854 0.231305
vt 0.005871 0.231305
vt 0.097903 0.079167
vt 0.099626 0.075432
vt 0.097903 0.075432
vt 0.099626 0.079167
vt 0.097903 0.084866
vt 0.099626 0.084866
vt 0.097903 0.090419
vt 0.099626 0.090419
vt 0.097903 0.094283
vt 0.099626 0.094283
vt 0.509739 0.290506
vt 0.504139 0.291903
vt 0.511778 0.288041
vt 0.511582 0.285954
vt 0.507558 0.277118
vt 0.492968 0.276052
vt 0.497091 0.270307
vt 0.242466 0.276062
vt 0.238341 0.270317
vt 0.227876 0.277129
vt 0.223853 0.285965
vt 0.232447 0.291914
vt 0.223657 0.288052
vt 0.225697 0.290517
vt 0.129960 0.092268
vt 0.138553 0.091145
vt 0.146932 0.092198
vt 0.152771 0.095017
vt 0.124335 0.095017
vt 0.223682 0.223332
vt 0.225721 0.220868
vt 0.232469 0.219471
vt 0.223876 0.225415
vt 0.242671 0.235587
vt 0.227889 0.234239
vt 0.238333 0.241042
vt 0.492762 0.235594
vt 0.497099 0.241049
vt 0.507544 0.234247
vt 0.504115 0.219479
vt 0.511558 0.225423
vt 0.511753 0.223341
vt 0.509714 0.220876
vt 0.138553 0.085985
vt 0.146932 0.087038
vt 0.152771 0.089858
vt 0.152771 0.090889
vt 0.124335 0.090889
vt 0.124335 0.089858
vt 0.129960 0.087109
vt 0.186780 0.246795
vt 0.197025 0.246796
vt 0.186780 0.248532
vt 0.197025 0.248532
vt 0.202646 0.248532
vt 0.206119 0.248533
vt 0.221355 0.248533
vt 0.236344 0.248533
vt 0.251875 0.248534
vt 0.483558 0.246804
vt 0.251875 0.246797
vt 0.236344 0.246797
vt 0.221355 0.246796
vt 0.206119 0.246796
vt 0.202646 0.246796
vt 0.483558 0.248541
vt 0.498658 0.246804
vt 0.498658 0.248541
vt 0.514651 0.246805
vt 0.529624 0.246805
vt 0.533148 0.246806
vt 0.538873 0.246806
vt 0.548186 0.246806
vt 0.538873 0.248542
vt 0.548186 0.248542
vt 0.533148 0.248542
vt 0.529624 0.248542
vt 0.514651 0.248541
vt 0.300890 0.179229
vt 0.307773 0.179354
vt 0.307773 0.149999
vt 0.307773 0.147742
vt 0.304352 0.147202
vt 0.302621 0.145992
vt 0.300890 0.148937
vt 0.298302 0.148937
vt 0.298302 0.145992
vt 0.146932 0.082880
vt 0.138553 0.081828
vt 0.129960 0.082952
vt 0.124335 0.085700
vt 0.152771 0.085700
vt 0.333844 0.137262
vt 0.333844 0.166944
vt 0.328770 0.181026
vt 0.320659 0.191730
vt 0.305356 0.201835
vt 0.289587 0.207119
vt 0.267953 0.210531
vt 0.222234 0.210531
vt 0.200600 0.207119
vt 0.184831 0.201835
vt 0.169528 0.191730
vt 0.161417 0.181026
vt 0.156343 0.166944
vt 0.156343 0.137262
vt 0.129960 0.077743
vt 0.124335 0.080491
vt 0.124335 0.081522
vt 0.152771 0.081522
vt 0.152771 0.080491
vt 0.146932 0.077671
vt 0.138553 0.076618
vt 0.211608 0.148599
vt 0.223133 0.159081
vt 0.211608 0.159081
vt 0.223133 0.148599
vt 0.235370 0.148599
vt 0.235370 0.159081
vt 0.244786 0.148599
vt 0.244785 0.159081
vt 0.254201 0.148599
vt 0.254201 0.159081
vt 0.266438 0.148599
vt 0.266438 0.159081
vt 0.277963 0.159081
vt 0.277963 0.148599
vt 0.200756 0.146662
vt 0.202988 0.146620
vt 0.203521 0.159594
vt 0.204275 0.165705
vt 0.209107 0.168888
vt 0.219195 0.176366
vt 0.224854 0.180833
vt 0.232568 0.181124
vt 0.247613 0.182588
vt 0.247713 0.184839
vt 0.262516 0.180583
vt 0.270210 0.180014
vt 0.275478 0.175350
vt 0.284937 0.167519
vt 0.289516 0.164167
vt 0.289752 0.158037
vt 0.291467 0.145025
vt 0.289219 0.145064
vt 0.266371 0.207794
vt 0.223816 0.207794
vt 0.201421 0.204295
vt 0.187330 0.199573
vt 0.318924 0.188732
vt 0.302857 0.199573
vt 0.288766 0.204295
vt 0.326643 0.160416
vt 0.326643 0.136839
vt 0.331046 0.136835
vt 0.331046 0.164472
vt 0.325891 0.179539
vt 0.316963 0.177478
vt 0.298769 0.191388
vt 0.274257 0.200467
vt 0.246384 0.203620
vt 0.218510 0.200467
vt 0.193998 0.191388
vt 0.175805 0.177478
vt 0.159141 0.164472
vt 0.166124 0.160416
vt 0.166124 0.136839
vt 0.159141 0.136835
vt 0.171263 0.188732
vt 0.164297 0.179539
vt 0.191879 0.179229
vt 0.186574 0.179354
vt 0.186574 0.149999
vt 0.186574 0.147742
vt 0.189996 0.147202
vt 0.191726 0.145992
vt 0.191879 0.148937
vt 0.194450 0.148937
vt 0.194450 0.145992
vt 0.560443 0.220424
vt 0.625399 0.220424
vt 0.625399 0.176518
vt 0.560443 0.176518
vt 0.097903 0.074401
vt 0.109188 0.075432
vt 0.110911 0.075432
vt 0.110911 0.074401
vt 0.123392 0.107256
vt 0.122027 0.105279
vt 0.225975 0.105244
vt 0.224849 0.107317
vt 0.237747 0.112965
vt 0.234516 0.113884
vt 0.237693 0.125987
vt 0.234618 0.125104
vt 0.225973 0.133716
vt 0.224856 0.131650
vt 0.122028 0.133687
vt 0.123395 0.131700
vt 0.110422 0.125964
vt 0.113430 0.125141
vt 0.110415 0.112998
vt 0.113441 0.113821
vt 0.116903 0.114778
vt 0.124732 0.109574
vt 0.223303 0.109550
vt 0.231248 0.114749
vt 0.231203 0.124201
vt 0.223302 0.129411
vt 0.124732 0.129390
vt 0.116908 0.124184
vt 0.124732 0.109574
vt 0.224849 0.107317
vt 0.223303 0.109550
vt 0.234516 0.113884
vt 0.237747 0.112965
vt 0.237693 0.125987
vt 0.234618 0.125104
vt 0.225973 0.133716
vt 0.224856 0.131650
vt 0.122028 0.133687
vt 0.123395 0.131700
vt 0.110422 0.125964
vt 0.113430 0.125141
vt 0.110415 0.112998
vt 0.113441 0.113821
vt 0.122027 0.105279
vt 0.123392 0.107256
vt 0.225975 0.105244
vt 0.231248 0.114749
vt 0.231203 0.124201
vt 0.223302 0.129411
vt 0.124732 0.129390
vt 0.116908 0.124184
vt 0.116903 0.114778
vt 0.124732 0.109574
vt 0.224849 0.107317
vt 0.223303 0.109550
vt 0.234516 0.113884
vt 0.237747 0.112965
vt 0.237693 0.125987
vt 0.234618 0.125104
vt 0.225973 0.133716
vt 0.224856 0.131650
vt 0.122028 0.133687
vt 0.123395 0.131700
vt 0.110422 0.125964
vt 0.113430 0.125141
vt 0.110415 0.112998
vt 0.113441 0.113821
vt 0.122027 0.105279
vt 0.123392 0.107256
vt 0.225975 0.105244
vt 0.231248 0.114749
vt 0.231203 0.124201
vt 0.223302 0.129411
vt 0.124732 0.129390
vt 0.116908 0.124184
vt 0.116903 0.114778
vt 0.124732 0.109574
vt 0.224849 0.107317
vt 0.223303 0.109550
vt 0.234516 0.113884
vt 0.237747 0.112965
vt 0.237693 0.125987
vt 0.234618 0.125104
vt 0.225973 0.133716
vt 0.224856 0.131650
vt 0.122028 0.133687
vt 0.123395 0.131700
vt 0.110422 0.125964
vt 0.113430 0.125141
vt 0.110415 0.112998
vt 0.113441 0.113821
vt 0.122027 0.105279
vt 0.123392 0.107256
vt 0.225975 0.105244
vt 0.231248 0.114749
vt 0.231203 0.124201
vt 0.223302 0.129411
vt 0.124732 0.129390
vt 0.116908 0.124184
vt 0.116903 0.114778
vt 0.321579 0.129761
vt 0.252518 0.132071
vt 0.254101 0.129786
vt 0.242626 0.125350
vt 0.239320 0.126290
vt 0.239375 0.112965
vt 0.242522 0.113869
vt 0.251369 0.105055
vt 0.252512 0.107169
vt 0.324347 0.105085
vt 0.322948 0.107119
vt 0.336223 0.112988
vt 0.333145 0.113831
vt 0.336231 0.126257
vt 0.333134 0.125415
vt 0.324347 0.134156
vt 0.322951 0.132133
vt 0.251366 0.134192
vt 0.245970 0.124465
vt 0.246016 0.114792
vt 0.254101 0.109462
vt 0.321580 0.109483
vt 0.329586 0.114810
vt 0.329591 0.124436
vt 0.170538 0.269386
vt 0.139541 0.269386
vt 0.139541 0.285695
vt 0.170538 0.285695
vt 0.013854 0.232411
vt 0.005871 0.232411
vt 0.005871 0.227493
vt 0.013854 0.227493
vt 0.013854 0.232411
vt 0.005871 0.232411
vt 0.005871 0.227493
vt 0.013854 0.227493
vt 0.039162 0.232841
vt 0.039162 0.247992
vt 0.021183 0.247992
vt 0.021183 0.232841
vt 0.009468 0.175411
vt 0.009468 0.192487
vt 0.002192 0.192487
vt 0.002192 0.175411
vt 0.002192 0.147408
vt 0.009468 0.147408
vt 0.009468 0.129225
vt 0.002192 0.129225
vt 0.009468 0.101342
vt 0.002192 0.101342
vt 0.009468 0.084631
vt 0.002192 0.084631
vt 0.002192 0.057289
vt 0.009468 0.057289
vt 0.009468 0.038880
vt 0.002192 0.038880
vt 0.002192 0.011299
vt 0.009468 0.011299
vt 0.528856 0.273743
vt 0.528886 0.274771
vt 0.525576 0.271937
vt 0.518951 0.273553
vt 0.520303 0.272006
vt 0.521109 0.277766
vt 0.525059 0.277714
vt 0.517131 0.273897
vt 0.535817 0.303770
vt 0.519585 0.303092
vt 0.104051 0.128686
vt 0.104042 0.147815
vt 0.069034 0.163639
vt 0.044381 0.163731
vt 0.009459 0.147920
vt 0.009468 0.129225
vt 0.043735 0.113530
vt 0.068749 0.113566
vt 0.531893 0.271520
vt 0.537326 0.271521
vt 0.538767 0.273049
vt 0.530454 0.273046
vt 0.538768 0.275234
vt 0.530456 0.275232
vt 0.520215 0.271837
vt 0.516761 0.272738
vt 0.517176 0.273688
vt 0.531302 0.299988
vt 0.529802 0.300795
vt 0.529103 0.300467
vt 0.529168 0.277607
vt 0.547861 0.289405
vt 0.549881 0.290238
vt 0.549615 0.301162
vt 0.547825 0.301135
vt 0.539347 0.277283
vt 0.541677 0.277667
vt 0.541660 0.290421
vt 0.539374 0.290038
vt 0.545988 0.289458
vt 0.546008 0.301229
vt 0.544216 0.301351
vt 0.543981 0.290004
vt 0.539272 0.290238
vt 0.541624 0.290368
vt 0.541600 0.301332
vt 0.539006 0.301162
vt 0.546048 0.276653
vt 0.548144 0.276657
vt 0.548173 0.289412
vt 0.546044 0.289408
vt 0.544022 0.277277
vt 0.550149 0.277283
vt 0.550176 0.290038
vt 0.136541 0.294303
vt 0.131605 0.291804
vt 0.125505 0.291804
vt 0.120569 0.294303
vt 0.118684 0.298348
vt 0.120569 0.302392
vt 0.125505 0.304892
vt 0.131605 0.304892
vt 0.136541 0.302392
vt 0.138426 0.298348
vt 0.389383 0.190000
vt 0.388361 0.200760
vt 0.175579 0.292753
vt 0.177606 0.294096
vt 0.177683 0.299107
vt 0.175502 0.300553
vt 0.148361 0.300524
vt 0.146267 0.299136
vt 0.146256 0.294126
vt 0.148372 0.292723
vt 0.142536 0.299140
vt 0.146274 0.301907
vt 0.142542 0.301911
vt 0.142525 0.294129
vt 0.142519 0.291329
vt 0.146250 0.291325
vt 0.181443 0.301957
vt 0.177728 0.301982
vt 0.181398 0.299081
vt 0.181321 0.294071
vt 0.177564 0.291425
vt 0.181279 0.291400
vt 0.719501 0.248528
vt 0.721805 0.247573
vt 0.721807 0.243972
vt 0.716205 0.248529
vt 0.719505 0.243018
vt 0.716208 0.243019
vt 0.712980 0.244443
vt 0.712978 0.247141
vt 0.676253 0.247119
vt 0.676254 0.244421
vt 0.715654 0.240782
vt 0.716903 0.241979
vt 0.718454 0.241958
vt 0.718900 0.240740
vt 0.721074 0.236288
vt 0.721178 0.239784
vt 0.718741 0.235392
vt 0.712463 0.239441
vt 0.712385 0.236823
vt 0.676359 0.236986
vt 0.718222 0.234186
vt 0.716672 0.234206
vt 0.404984 0.202029
vt 0.404470 0.203234
vt 0.406028 0.203427
vt 0.407151 0.201019
vt 0.678864 0.243580
vt 0.712626 0.242165
vt 0.678142 0.242122
vt 0.677647 0.242586
vt 0.719921 0.322071
vt 0.719963 0.320884
vt 0.703485 0.320707
vt 0.702228 0.322047
vt 0.703182 0.327673
vt 0.703760 0.326158
vt 0.684520 0.326146
vt 0.683942 0.327691
vt 0.720064 0.323275
vt 0.702307 0.323289
vt 0.703131 0.324619
vt 0.720248 0.324463
vt 0.719963 0.327917
vt 0.720218 0.326197
vt 0.703680 0.326181
vt 0.703485 0.327741
vt 0.702232 0.323252
vt 0.702238 0.321840
vt 0.682998 0.321859
vt 0.682992 0.323249
vt 0.683933 0.324592
vt 0.703173 0.324614
vt 0.703182 0.320512
vt 0.683942 0.320530
vt 0.769061 0.202449
vt 0.766216 0.204335
vt 0.694907 0.204335
vt 0.692062 0.202449
vt 0.692062 0.196365
vt 0.769061 0.196365
vt 0.777049 0.208775
vt 0.779454 0.213730
vt 0.769061 0.215947
vt 0.769061 0.210478
vt 0.770409 0.207794
vt 0.775995 0.206602
vt 0.692062 0.210478
vt 0.692062 0.215947
vt 0.681669 0.213730
vt 0.684074 0.208775
vt 0.685129 0.206602
vt 0.690715 0.207794
vt 0.831766 0.234868
vt 0.889140 0.234866
vt 0.889140 0.246886
vt 0.831766 0.246888
vt 0.270092 0.305130
vt 0.222119 0.304918
vt 0.222074 0.304142
vt 0.270048 0.304326
vt 0.309026 0.300732
vt 0.308993 0.299928
vt 0.663331 0.043065
vt 0.664855 0.042054
vt 0.664869 0.043901
vt 0.217574 0.308511
vt 0.216977 0.307311
vt 0.218223 0.307397
vt 0.221988 0.308982
vt 0.270290 0.305832
vt 0.270350 0.306540
vt 0.310793 0.301526
vt 0.310873 0.302287
vt 0.218875 0.306522
vt 0.217584 0.305885
vt 0.310040 0.300570
vt 0.309262 0.301449
vt 0.039162 0.232841
vt 0.039162 0.247992
vt 0.021183 0.247992
vt 0.021183 0.232841
vt 0.039162 0.247992
vt 0.039162 0.232841
vt 0.987707 0.011110
vt 0.987700 0.009193
vt 0.087063 0.009197
vt 0.087056 0.011090
vt 0.987708 0.006926
vt 0.087057 0.006953
vt 0.985575 0.033213
vt 0.985572 0.030805
vt 0.891117 0.030844
vt 0.891119 0.033252
vt 0.985577 0.035621
vt 0.891121 0.035660
vt 0.985575 0.033213
vt 0.985572 0.030805
vt 0.891117 0.030844
vt 0.891119 0.033252
vt 0.985577 0.035621
vt 0.891121 0.035660
vt 0.985575 0.033213
vt 0.985572 0.030805
vt 0.891117 0.030844
vt 0.891119 0.033252
vt 0.985577 0.035621
vt 0.891121 0.035660
vt 0.985575 0.033213
vt 0.985572 0.030805
vt 0.891117 0.030844
vt 0.891119 0.033252
vt 0.985577 0.035621
vt 0.891121 0.035660
vt 0.891119 0.033252
vt 0.891117 0.030844
vt 0.985572 0.030805
vt 0.985575 0.033213
vt 0.891121 0.035660
vt 0.985577 0.035621
vt 0.891119 0.033252
vt 0.891117 0.030844
vt 0.985572 0.030805
vt 0.985575 0.033213
vt 0.891121 0.035660
vt 0.985577 0.035621
vt 0.891119 0.033252
vt 0.891117 0.030844
vt 0.985572 0.030805
vt 0.985575 0.033213
vt 0.891121 0.035660
vt 0.985577 0.035621
vt 0.978567 0.016036
vt 0.978567 0.018315
vt 0.838205 0.018315
vt 0.838205 0.016036
vt 0.978567 0.013756
vt 0.838205 0.013756
vt 0.757118 0.024670
vt 0.757118 0.022350
vt 0.829108 0.022350
vt 0.829108 0.024670
vt 0.757118 0.026991
vt 0.829108 0.026991
vt 0.041170 0.330015
vt 0.046581 0.298160
vt 0.015016 0.297797
vt 0.009606 0.329652
vt 0.041170 0.330015
vt 0.046581 0.298160
vt 0.015016 0.297797
vt 0.009606 0.329652
vt 0.046581 0.298160
vt 0.041170 0.330015
vt 0.009606 0.329652
vt 0.015016 0.297797
vt 0.538493 0.217253
vt 0.511352 0.217224
vt 0.511376 0.204488
vt 0.538583 0.204517
vt 0.123427 0.308655
vt 0.117466 0.308655
vt 0.117466 0.307061
vt 0.123427 0.307061
vt 0.129388 0.308655
vt 0.129388 0.307061
vt 0.135348 0.308655
vt 0.135348 0.307061
vt 0.141309 0.308655
vt 0.141309 0.307061
vt 0.147270 0.308655
vt 0.147270 0.307061
vt 0.153230 0.308655
vt 0.153230 0.307061
vt 0.159191 0.308655
vt 0.159191 0.307061
vt 0.165151 0.308655
vt 0.165151 0.307061
vt 0.171112 0.308655
vt 0.171112 0.307061
vt 0.177073 0.308655
vt 0.177073 0.307061
vt 0.663369 0.042405
vt 0.663402 0.040559
vt 0.664915 0.041576
vt 0.024145 0.083264
vt 0.024947 0.104480
vt 0.017771 0.089839
vt 0.024947 0.075197
vt 0.055276 0.067673
vt 0.043735 0.066148
vt 0.066958 0.066148
vt 0.087027 0.082966
vt 0.085747 0.075197
vt 0.092923 0.089839
vt 0.074900 0.107709
vt 0.085747 0.104480
vt 0.066958 0.113530
vt 0.035653 0.107709
vt 0.043735 0.113530
vt 0.170538 0.269386
vt 0.139541 0.269386
vt 0.139541 0.285695
vt 0.170538 0.285695
vt 0.139541 0.269386
vt 0.170538 0.269386
vt 0.170538 0.285695
vt 0.139541 0.285695
vt 0.021183 0.232841
vt 0.021183 0.247992
vt 0.171408 0.238940
vt 0.171346 0.238467
vt 0.219789 0.238467
vt 0.219727 0.238940
vt 0.220504 0.238448
vt 0.219789 0.222628
vt 0.220504 0.222628
vt 0.170631 0.222628
vt 0.171346 0.222628
vt 0.170631 0.238448
vt 0.171408 0.222155
vt 0.219727 0.222155
vt 0.039162 0.247992
vt 0.039162 0.232841
vt 0.021183 0.232841
vt 0.021183 0.247992
vt 0.410480 0.195848
vt 0.414150 0.189975
vt 0.423009 0.187543
vt 0.431868 0.189975
vt 0.435538 0.195848
vt 0.431868 0.201721
vt 0.423009 0.204154
vt 0.414150 0.201721
vt 0.208499 0.326962
vt 0.205483 0.325929
vt 0.208499 0.326757
vt 0.211733 0.326074
vt 0.211515 0.325929
vt 0.213072 0.323930
vt 0.212764 0.323930
vt 0.211733 0.321786
vt 0.211515 0.321931
vt 0.208499 0.320898
vt 0.208499 0.321103
vt 0.205265 0.321786
vt 0.205483 0.321931
vt 0.203925 0.323930
vt 0.204234 0.323930
vt 0.205265 0.326074
vt 0.803946 0.033742
vt 0.747861 0.035732
vt 0.747913 0.033709
vt 0.803905 0.035602
vt 0.886474 0.033709
vt 0.886422 0.035732
vt 0.295645 0.218117
vt 0.326697 0.218088
vt 0.326724 0.230736
vt 0.295672 0.230765
vt 0.328446 0.230734
vt 0.328419 0.218086
vt 0.359471 0.218057
vt 0.359498 0.230705
vt 0.889799 0.033678
vt 0.887518 0.035175
vt 0.887518 0.032426
vt 0.886437 0.031568
vt 0.803920 0.031634
vt 0.747876 0.031568
vt 0.511753 0.223341
vt 0.509714 0.220876
vt 0.504115 0.219479
vt 0.511558 0.225423
vt 0.492762 0.235594
vt 0.507545 0.234247
vt 0.497099 0.241049
vt 0.242671 0.235587
vt 0.238333 0.241042
vt 0.227889 0.234239
vt 0.232469 0.219471
vt 0.223876 0.225415
vt 0.223682 0.223333
vt 0.225721 0.220868
vt 0.087063 0.003116
vt 0.087057 0.000872
vt 0.987708 0.000845
vt 0.987700 0.003112
vt 0.087056 0.005009
vt 0.987707 0.005029
vt 0.106098 0.034291
vt 0.106084 0.032623
vt 0.737728 0.031278
vt 0.737731 0.032946
vt 0.106101 0.036100
vt 0.737744 0.034755
vt 0.483681 0.289147
vt 0.478361 0.289147
vt 0.478361 0.278088
vt 0.483681 0.278088
vt 0.351868 0.293094
vt 0.348751 0.293094
vt 0.348751 0.278088
vt 0.351868 0.278088
vt 0.478361 0.292675
vt 0.357188 0.292675
vt 0.357188 0.289147
vt 0.351868 0.289147
vt 0.351868 0.278088
vt 0.357188 0.278088
vt 0.401021 0.188851
vt 0.406193 0.188824
vt 0.403628 0.190552
vt 0.097903 0.079167
vt 0.099626 0.075432
vt 0.097903 0.075432
vt 0.099626 0.079167
vt 0.097903 0.084866
vt 0.099626 0.084866
vt 0.097903 0.090419
vt 0.099626 0.090419
vt 0.097903 0.094283
vt 0.099626 0.094283
vt 0.242522 0.113869
vt 0.239375 0.112965
vt 0.251369 0.105055
vt 0.252512 0.107169
vt 0.324347 0.105085
vt 0.322948 0.107119
vt 0.336223 0.112988
vt 0.333145 0.113831
vt 0.336231 0.126257
vt 0.333134 0.125415
vt 0.324347 0.134156
vt 0.322951 0.132133
vt 0.251366 0.134192
vt 0.252518 0.132071
vt 0.239320 0.126290
vt 0.242626 0.125350
vt 0.245970 0.124465
vt 0.246016 0.114792
vt 0.254101 0.109462
vt 0.321580 0.109483
vt 0.329586 0.114810
vt 0.329591 0.124436
vt 0.321579 0.129761
vt 0.254101 0.129786
vt 0.169156 0.099264
vt 0.165305 0.094146
vt 0.171570 0.097544
vt 0.335772 0.099254
vt 0.333358 0.097535
vt 0.339622 0.094136
vt 0.339620 0.082591
vt 0.335769 0.077473
vt 0.333356 0.079193
vt 0.169153 0.077483
vt 0.171567 0.079202
vt 0.165303 0.082601
vt 0.169153 0.075323
vt 0.335769 0.075313
vt 0.335773 0.101414
vt 0.169156 0.101424
vt 0.129960 0.092268
vt 0.138553 0.091145
vt 0.146932 0.092198
vt 0.152771 0.095017
vt 0.124335 0.095017
vt 0.356953 0.229600
vt 0.358371 0.218537
vt 0.358396 0.230227
vt 0.330986 0.229625
vt 0.329546 0.230254
vt 0.330964 0.219191
vt 0.329521 0.218565
vt 0.356930 0.219166
vt 0.138553 0.085985
vt 0.146932 0.087038
vt 0.152771 0.089858
vt 0.152771 0.090889
vt 0.124335 0.090889
vt 0.124335 0.089858
vt 0.129960 0.087109
vt 0.324157 0.219197
vt 0.296747 0.218596
vt 0.325597 0.218568
vt 0.324179 0.229632
vt 0.325622 0.230258
vt 0.298212 0.229656
vt 0.296772 0.230285
vt 0.298190 0.219222
vt 0.021183 0.247992
vt 0.021183 0.232841
vt 0.039162 0.232841
vt 0.039162 0.247992
vt 0.170538 0.285695
vt 0.139541 0.285695
vt 0.139541 0.269386
vt 0.170538 0.269386
vt 0.146932 0.082880
vt 0.138553 0.081828
vt 0.129960 0.082952
vt 0.124335 0.085700
vt 0.152771 0.085700
vt 0.254441 0.326951
vt 0.217383 0.327978
vt 0.217243 0.326712
vt 0.323420 0.322597
vt 0.308665 0.324640
vt 0.318888 0.324141
vt 0.323560 0.323862
vt 0.317239 0.324874
vt 0.313364 0.326061
vt 0.309203 0.325495
vt 0.303070 0.325132
vt 0.287004 0.325689
vt 0.261266 0.326719
vt 0.244365 0.328535
vt 0.246030 0.329211
vt 0.237670 0.328662
vt 0.224265 0.328478
vt 0.232352 0.328474
vt 0.238385 0.327640
vt 0.232745 0.327583
vt 0.222504 0.327877
vt 0.261175 0.328896
vt 0.263725 0.328344
vt 0.277349 0.327816
vt 0.280399 0.328331
vt 0.276323 0.329127
vt 0.239439 0.329234
vt 0.227540 0.329388
vt 0.274465 0.330029
vt 0.267850 0.330285
vt 0.265636 0.329520
vt 0.240197 0.329799
vt 0.295476 0.327204
vt 0.301041 0.327431
vt 0.297278 0.326484
vt 0.302005 0.326932
vt 0.303951 0.326093
vt 0.280476 0.325974
vt 0.308638 0.320320
vt 0.301235 0.319454
vt 0.312670 0.319434
vt 0.316728 0.320311
vt 0.323185 0.320823
vt 0.318496 0.320911
vt 0.308255 0.321211
vt 0.323333 0.322026
vt 0.302612 0.321158
vt 0.303316 0.320136
vt 0.296621 0.320267
vt 0.300189 0.319034
vt 0.260817 0.322840
vt 0.280025 0.322083
vt 0.286558 0.321857
vt 0.217162 0.326212
vt 0.217014 0.325009
vt 0.222118 0.324710
vt 0.223760 0.323976
vt 0.226851 0.322817
vt 0.238694 0.322043
vt 0.232339 0.324204
vt 0.245244 0.321552
vt 0.243710 0.322353
vt 0.237039 0.322749
vt 0.253997 0.323141
vt 0.237931 0.323708
vt 0.231792 0.323350
vt 0.264659 0.319718
vt 0.239348 0.321423
vt 0.275342 0.319276
vt 0.273337 0.318525
vt 0.266723 0.318785
vt 0.294703 0.319693
vt 0.279531 0.319748
vt 0.260340 0.320685
vt 0.276593 0.320497
vt 0.262971 0.321035
vt 0.288591 0.316885
vt 0.278458 0.317682
vt 0.278225 0.316239
vt 0.288358 0.315441
vt 0.295257 0.316421
vt 0.295024 0.314977
vt 0.219163 0.320143
vt 0.220667 0.320175
vt 0.220653 0.321628
vt 0.219149 0.321596
vt 0.319066 0.328409
vt 0.302960 0.328524
vt 0.302935 0.327072
vt 0.319041 0.326957
vt 0.315477 0.315702
vt 0.313769 0.315779
vt 0.313536 0.314336
vt 0.315244 0.314258
vt 0.305726 0.316330
vt 0.305493 0.314886
vt 0.220667 0.320175
vt 0.221977 0.320051
vt 0.222249 0.321493
vt 0.220939 0.321617
vt 0.295233 0.314969
vt 0.305493 0.314886
vt 0.305518 0.316338
vt 0.295257 0.316421
vt 0.217843 0.320152
vt 0.219163 0.320143
vt 0.219149 0.321596
vt 0.217829 0.321605
vt 0.234349 0.319781
vt 0.224088 0.319850
vt 0.224064 0.318398
vt 0.234325 0.318329
vt 0.236042 0.319617
vt 0.234116 0.318337
vt 0.235809 0.318173
vt 0.244077 0.319026
vt 0.243844 0.317583
vt 0.243844 0.317583
vt 0.254004 0.316940
vt 0.254237 0.318384
vt 0.244077 0.319026
vt 0.262120 0.316362
vt 0.278225 0.316239
vt 0.278250 0.317690
vt 0.262144 0.317814
vt 0.260628 0.316460
vt 0.262391 0.317804
vt 0.260900 0.317902
vt 0.260667 0.316459
vt 0.234919 0.316696
vt 0.220032 0.316955
vt 0.219949 0.315504
vt 0.234835 0.315245
vt 0.254169 0.316209
vt 0.254086 0.314758
vt 0.269591 0.315694
vt 0.269507 0.314243
vt 0.284825 0.314325
vt 0.269799 0.315682
vt 0.284533 0.312886
vt 0.287404 0.314125
vt 0.287112 0.312686
vt 0.300945 0.312918
vt 0.300653 0.311480
vt 0.323414 0.322527
vt 0.215667 0.329810
vt 0.217543 0.329343
vt 0.217529 0.330796
vt 0.215662 0.330314
vt 0.227565 0.330840
vt 0.239446 0.329320
vt 0.239471 0.330772
vt 0.218493 0.318056
vt 0.219392 0.318082
vt 0.219378 0.319535
vt 0.218479 0.319509
vt 0.240231 0.330181
vt 0.265682 0.330038
vt 0.265707 0.331490
vt 0.240256 0.331632
vt 0.267832 0.330078
vt 0.267856 0.331530
vt 0.274490 0.331480
vt 0.276397 0.329960
vt 0.276422 0.331412
vt 0.301245 0.329728
vt 0.301270 0.331179
vt 0.302250 0.329690
vt 0.302275 0.331142
vt 0.313677 0.329577
vt 0.313701 0.331029
vt 0.324051 0.329383
vt 0.324076 0.330834
vt 0.325997 0.329700
vt 0.326091 0.330200
vt 0.324323 0.330825
vt 0.303915 0.312612
vt 0.303623 0.311173
vt 0.318953 0.311308
vt 0.318661 0.309869
vt 0.218537 0.319409
vt 0.219446 0.320120
vt 0.311439 0.307207
vt 0.311590 0.308492
vt 0.220228 0.314644
vt 0.216718 0.312801
vt 0.220988 0.314009
vt 0.215321 0.312067
vt 0.216080 0.311432
vt 0.311377 0.306403
vt 0.221970 0.309204
vt 0.217491 0.309104
vt 0.217537 0.309880
vt 0.640241 0.226805
vt 0.640241 0.222766
vt 0.778427 0.222766
vt 0.778427 0.226805
vt 0.640241 0.217868
vt 0.778427 0.217868
vt 0.640241 0.231703
vt 0.778427 0.231703
vt 0.129960 0.077743
vt 0.124335 0.080491
vt 0.124335 0.081522
vt 0.152771 0.081522
vt 0.152771 0.080491
vt 0.146932 0.077671
vt 0.138553 0.076618
vt 0.915692 0.140289
vt 0.944818 0.139536
vt 0.915692 0.139536
vt 0.944818 0.140289
vt 0.919957 0.144068
vt 0.940553 0.144068
vt 0.930255 0.145633
vt 0.982665 0.085013
vt 0.982665 0.181743
vt 0.981176 0.181743
vt 0.981176 0.085013
vt 0.993181 0.163464
vt 0.993181 0.125809
vt 0.991452 0.124564
vt 0.991452 0.164710
vt 0.944322 0.083303
vt 0.916537 0.083303
vt 0.916537 0.138063
vt 0.944322 0.138063
vt 0.993120 0.083785
vt 0.991513 0.085031
vt 0.991513 0.122686
vt 0.993120 0.123931
vt 0.990540 0.196207
vt 0.990540 0.084259
vt 0.988661 0.083495
vt 0.988661 0.197353
vt 0.978430 0.122257
vt 0.978430 0.164687
vt 0.980235 0.164687
vt 0.980235 0.122257
vt 0.978603 0.085013
vt 0.978603 0.121603
vt 0.980160 0.121603
vt 0.980160 0.085013
vt 0.985190 0.084845
vt 0.985190 0.181574
vt 0.983701 0.181574
vt 0.983701 0.084845
vt 0.987019 0.084259
vt 0.987019 0.196207
vt 0.988898 0.197353
vt 0.988898 0.083495
vt 0.961023 0.113892
vt 0.958880 0.113892
vt 0.958880 0.123070
vt 0.961023 0.123070
vt 0.956737 0.113892
vt 0.954594 0.113892
vt 0.954594 0.123070
vt 0.956737 0.123070
vt 0.963166 0.113892
vt 0.963166 0.123070
vt 0.963118 0.101275
vt 0.960975 0.101275
vt 0.960975 0.110453
vt 0.963118 0.110453
vt 0.958832 0.101275
vt 0.958832 0.110453
vt 0.956689 0.101275
vt 0.954546 0.101275
vt 0.954546 0.110453
vt 0.956689 0.110453
vt 0.969920 0.084092
vt 0.967623 0.084092
vt 0.972217 0.084092
vt 0.974514 0.084092
vt 0.976811 0.084092
vt 0.959450 0.093865
vt 0.957307 0.093865
vt 0.957307 0.097788
vt 0.959450 0.097788
vt 0.961593 0.093865
vt 0.961593 0.097788
vt 0.963736 0.093865
vt 0.963736 0.097788
vt 0.957441 0.091382
vt 0.959208 0.091382
vt 0.960091 0.092417
vt 0.959208 0.093451
vt 0.957441 0.093451
vt 0.956558 0.092417
vt 0.953021 0.093865
vt 0.950878 0.093865
vt 0.950878 0.097788
vt 0.953021 0.097788
vt 0.955164 0.093865
vt 0.955164 0.097788
vt 0.959450 0.086912
vt 0.957307 0.086912
vt 0.957307 0.090835
vt 0.959450 0.090835
vt 0.961593 0.086912
vt 0.961593 0.090835
vt 0.963736 0.086912
vt 0.963736 0.090835
vt 0.957441 0.084429
vt 0.959208 0.084429
vt 0.960091 0.085463
vt 0.959208 0.086498
vt 0.957441 0.086498
vt 0.956558 0.085463
vt 0.953021 0.086912
vt 0.950878 0.086912
vt 0.950878 0.090835
vt 0.953021 0.090835
vt 0.955164 0.086912
vt 0.955164 0.090835
vt 0.963990 0.125397
vt 0.961676 0.124752
vt 0.069839 0.021223
vt 0.069912 0.038611
vt 0.065344 0.051036
vt 0.062274 0.063176
vt 0.050609 0.063849
vt 0.031965 0.063812
vt 0.020295 0.063088
vt 0.017224 0.050932
vt 0.012625 0.038506
vt 0.012649 0.021126
vt 0.097903 0.074401
vt 0.109188 0.075432
vt 0.110911 0.075432
vt 0.110911 0.074401
vt 0.033331 0.040101
vt 0.049268 0.040117
vt 0.049291 0.052009
vt 0.041308 0.046666
vt 0.033282 0.051992
vt 0.057929 0.001980
vt 0.069839 0.021223
vt 0.061756 0.019440
vt 0.069912 0.038611
vt 0.065344 0.051036
vt 0.062274 0.063176
vt 0.050609 0.063849
vt 0.031965 0.063812
vt 0.020295 0.063088
vt 0.017224 0.050932
vt 0.012625 0.038506
vt 0.012649 0.021126
vt 0.020778 0.019370
vt 0.024629 0.001923
vt 0.033271 0.051999
vt 0.049302 0.052016
vt 0.041308 0.046665
vt 0.049280 0.040107
vt 0.033319 0.040091
vt 0.829081 0.014967
vt 0.829076 0.016825
vt 0.108293 0.016825
vt 0.108287 0.014967
vt 0.829081 0.018538
vt 0.108287 0.018538
vt 0.050265 0.332413
vt 0.050265 0.330574
vt 0.055768 0.330574
vt 0.055768 0.332413
vt 0.107579 0.332413
vt 0.107579 0.330574
vt 0.111918 0.330574
vt 0.111918 0.332413
vt 0.051430 0.281932
vt 0.051430 0.280093
vt 0.055768 0.280093
vt 0.055768 0.281932
vt 0.107579 0.281932
vt 0.107579 0.280093
vt 0.113083 0.280093
vt 0.113083 0.281932
vt 0.141865 0.153558
vt 0.141865 0.145854
vt 0.140714 0.149682
vt 0.135034 0.159791
vt 0.129169 0.160216
vt 0.123980 0.162172
vt 0.112927 0.159791
vt 0.110490 0.156193
vt 0.106096 0.153558
vt 0.106096 0.145854
vt 0.110490 0.143172
vt 0.112927 0.139620
vt 0.123980 0.137240
vt 0.128944 0.139354
vt 0.135034 0.139620
vt 0.005871 0.227493
vt 0.013854 0.227493
vt 0.013854 0.232411
vt 0.005871 0.232411
vt 0.110911 0.079167
vt 0.109188 0.079167
vt 0.109188 0.084866
vt 0.110911 0.084866
vt 0.109188 0.090419
vt 0.110911 0.090419
vt 0.109188 0.094283
vt 0.110911 0.094283
vt 0.111783 0.092200
vt 0.111783 0.095222
vt 0.122805 0.095222
vt 0.122805 0.092200
vt 0.122805 0.087513
vt 0.111783 0.087513
vt 0.111783 0.082867
vt 0.122805 0.082867
vt 0.111783 0.079842
vt 0.122805 0.079842
vt 0.097903 0.095314
vt 0.110911 0.095314
vt 0.111789 0.284723
vt 0.111789 0.327783
vt 0.051558 0.327783
vt 0.051558 0.284723
vt 0.011087 0.332098
vt 0.011081 0.330700
vt 0.013590 0.332046
vt 0.037236 0.331953
vt 0.039393 0.330732
vt 0.039404 0.331944
vt 0.074900 0.107709
vt 0.085747 0.104480
vt 0.066958 0.113530
vt 0.092923 0.089839
vt 0.087027 0.082966
vt 0.085747 0.075197
vt 0.066958 0.066148
vt 0.055276 0.067673
vt 0.043735 0.066148
vt 0.024947 0.075197
vt 0.024145 0.083264
vt 0.017771 0.089839
vt 0.024947 0.104480
vt 0.035653 0.107709
vt 0.043735 0.113530
vt 0.123427 0.307061
vt 0.117466 0.307061
vt 0.117466 0.308655
vt 0.123427 0.308655
vt 0.129388 0.307061
vt 0.129388 0.308655
vt 0.135348 0.307061
vt 0.135348 0.308655
vt 0.141309 0.307061
vt 0.141309 0.308655
vt 0.147270 0.307061
vt 0.147270 0.308655
vt 0.153230 0.307061
vt 0.153230 0.308655
vt 0.159191 0.307061
vt 0.159191 0.308655
vt 0.165151 0.307061
vt 0.165151 0.308655
vt 0.171112 0.307061
vt 0.171112 0.308655
vt 0.177073 0.307061
vt 0.177073 0.308655
vt 0.358620 0.315590
vt 0.536012 0.315590
vt 0.536012 0.317697
vt 0.358620 0.317697
vt 0.541033 0.312357
vt 0.353599 0.312357
vt 0.353599 0.309727
vt 0.541033 0.309727
vt 0.508433 0.304577
vt 0.508433 0.307769
vt 0.430394 0.307769
vt 0.430394 0.304577
vt 0.428975 0.301505
vt 0.350936 0.301505
vt 0.350936 0.298314
vt 0.428975 0.298314
vt 0.541033 0.325524
vt 0.541033 0.328154
vt 0.353599 0.328154
vt 0.353599 0.325524
vt 0.355813 0.304833
vt 0.424098 0.304833
vt 0.424098 0.306940
vt 0.355813 0.306940
vt 0.435271 0.301249
vt 0.503556 0.301249
vt 0.358620 0.322291
vt 0.536012 0.322291
vt 0.435271 0.298693
vt 0.503556 0.298693
vt 0.358620 0.319312
vt 0.536012 0.319312
vt 0.148378 0.290261
vt 0.175585 0.290290
vt 0.175495 0.303026
vt 0.148355 0.302997
vt 0.766216 0.207766
vt 0.694907 0.207766
vt 0.186780 0.262756
vt 0.197025 0.262756
vt 0.186780 0.264491
vt 0.197025 0.264490
vt 0.202646 0.264490
vt 0.206119 0.264490
vt 0.221355 0.264489
vt 0.236344 0.264489
vt 0.251875 0.264488
vt 0.483558 0.262745
vt 0.251875 0.262753
vt 0.236344 0.262754
vt 0.221355 0.262755
vt 0.206119 0.262755
vt 0.202646 0.262755
vt 0.483558 0.264479
vt 0.498658 0.262744
vt 0.498658 0.264479
vt 0.514651 0.262743
vt 0.529624 0.262743
vt 0.533148 0.262743
vt 0.538873 0.262742
vt 0.548186 0.262742
vt 0.538873 0.264477
vt 0.548186 0.264477
vt 0.533148 0.264477
vt 0.529624 0.264478
vt 0.514651 0.264478
vt 0.171346 0.222628
vt 0.219789 0.222628
vt 0.219789 0.238467
vt 0.171346 0.238467
vt 0.171408 0.222155
vt 0.219727 0.222155
vt 0.170631 0.222628
vt 0.170631 0.238448
vt 0.220504 0.238448
vt 0.220504 0.222628
vt 0.171408 0.238940
vt 0.219727 0.238940
vt 0.662858 0.041990
vt 0.662862 0.043313
vt 0.104607 0.043313
vt 0.104612 0.041990
vt 0.662862 0.040556
vt 0.104607 0.040556
vt 0.449025 0.202975
vt 0.438288 0.202975
vt 0.438287 0.195339
vt 0.449025 0.195339
vt 0.459762 0.202975
vt 0.459762 0.195339
vt 0.470497 0.202975
vt 0.470497 0.195339
vt 0.481232 0.202976
vt 0.481232 0.195339
vt 0.491967 0.202975
vt 0.491967 0.195339
vt 0.502703 0.202975
vt 0.502703 0.195339
vt 0.513439 0.202975
vt 0.513439 0.195339
vt 0.524177 0.202975
vt 0.524177 0.195339
vt 0.202369 0.326909
vt 0.202369 0.329775
vt 0.197627 0.329775
vt 0.197627 0.326909
vt 0.192702 0.329775
vt 0.192702 0.326909
vt 0.187021 0.329775
vt 0.187021 0.326909
vt 0.192702 0.324114
vt 0.187021 0.324114
vt 0.192702 0.321319
vt 0.187021 0.321319
vt 0.192702 0.318453
vt 0.187021 0.318453
vt 0.192702 0.315587
vt 0.187021 0.315587
vt 0.192702 0.312793
vt 0.187021 0.312793
vt 0.192702 0.309999
vt 0.187021 0.309999
vt 0.192702 0.307133
vt 0.187021 0.307133
vt 0.202369 0.324114
vt 0.197627 0.324114
vt 0.197627 0.321319
vt 0.197627 0.318453
vt 0.197627 0.315587
vt 0.197627 0.312793
vt 0.197627 0.309999
vt 0.197627 0.307133
vt 0.202369 0.321319
vt 0.202369 0.318453
vt 0.202369 0.315587
vt 0.202369 0.312793
vt 0.202369 0.309999
vt 0.202369 0.307133
vt 0.125153 0.329775
vt 0.116586 0.329775
vt 0.116586 0.323848
vt 0.125153 0.323848
vt 0.133508 0.329775
vt 0.133508 0.323848
vt 0.141862 0.329775
vt 0.141862 0.323848
vt 0.150431 0.329775
vt 0.150431 0.323848
vt 0.158999 0.329775
vt 0.158999 0.323848
vt 0.167353 0.329775
vt 0.167353 0.323848
vt 0.175707 0.329775
vt 0.116586 0.317850
vt 0.125153 0.317850
vt 0.133508 0.317850
vt 0.141862 0.317850
vt 0.150431 0.317850
vt 0.158999 0.317850
vt 0.167353 0.317850
vt 0.175707 0.323848
vt 0.184275 0.317850
vt 0.175707 0.310983
vt 0.184275 0.310983
vt 0.175707 0.317850
vt 0.167353 0.310983
vt 0.184275 0.323848
vt 0.184275 0.329775
vt 0.158999 0.310983
vt 0.150431 0.310983
vt 0.141862 0.310983
vt 0.133508 0.310983
vt 0.125153 0.310983
vt 0.116586 0.310983
vt 0.891121 0.035660
vt 0.891119 0.033252
vt 0.985575 0.033213
vt 0.985577 0.035621
vt 0.891117 0.030844
vt 0.985572 0.030805
vt 0.110911 0.079167
vt 0.109188 0.079167
vt 0.109188 0.084866
vt 0.110911 0.084866
vt 0.109188 0.090419
vt 0.110911 0.090419
vt 0.109188 0.094283
vt 0.110911 0.094283
vt 0.111783 0.092200
vt 0.111783 0.095222
vt 0.122805 0.095222
vt 0.122805 0.092200
vt 0.122805 0.087513
vt 0.111783 0.087513
vt 0.111783 0.082867
vt 0.122805 0.082867
vt 0.111783 0.079842
vt 0.122805 0.079842
vt 0.097903 0.095314
vt 0.110911 0.095314
vt 0.114790 0.284723
vt 0.114790 0.327783
vt 0.048558 0.327783
vt 0.048558 0.284723
vt 0.201521 0.204328
vt 0.187230 0.199540
vt 0.184831 0.201835
vt 0.200600 0.207119
vt 0.222234 0.210531
vt 0.223702 0.207794
vt 0.266485 0.207794
vt 0.267953 0.210531
vt 0.289587 0.207119
vt 0.288667 0.204328
vt 0.302957 0.199540
vt 0.305356 0.201835
vt 0.320659 0.191730
vt 0.318871 0.188802
vt 0.325940 0.179474
vt 0.328770 0.181026
vt 0.333844 0.166944
vt 0.331046 0.164550
vt 0.331046 0.136835
vt 0.333844 0.137262
vt 0.159141 0.164550
vt 0.159141 0.136835
vt 0.156343 0.137262
vt 0.156343 0.166944
vt 0.161417 0.181026
vt 0.164248 0.179474
vt 0.171316 0.188802
vt 0.169528 0.191730
vt 0.180792 0.205223
vt 0.176550 0.207231
vt 0.195502 0.213888
vt 0.198861 0.211278
vt 0.219188 0.217801
vt 0.220767 0.214729
vt 0.269420 0.214729
vt 0.270954 0.217801
vt 0.294641 0.213888
vt 0.291326 0.211278
vt 0.309395 0.205223
vt 0.313593 0.207231
vt 0.330643 0.196098
vt 0.325026 0.194864
vt 0.340389 0.183804
vt 0.334285 0.182647
vt 0.345899 0.169112
vt 0.339375 0.168395
vt 0.345899 0.137515
vt 0.339375 0.137449
vt 0.150812 0.137449
vt 0.144244 0.137515
vt 0.144244 0.169112
vt 0.150812 0.168395
vt 0.149754 0.183804
vt 0.155902 0.182647
vt 0.165161 0.194864
vt 0.159500 0.196098
vt 0.289752 0.158037
vt 0.291467 0.145025
vt 0.289219 0.145064
vt 0.289516 0.164167
vt 0.284937 0.167519
vt 0.275478 0.175350
vt 0.270210 0.180014
vt 0.262516 0.180583
vt 0.247613 0.182588
vt 0.247713 0.184839
vt 0.232568 0.181124
vt 0.224854 0.180833
vt 0.219195 0.176366
vt 0.209107 0.168888
vt 0.204275 0.165705
vt 0.203521 0.159594
vt 0.200756 0.146662
vt 0.202988 0.146620
vt 0.191879 0.148937
vt 0.194450 0.148937
vt 0.194450 0.145992
vt 0.191726 0.145992
vt 0.189996 0.147202
vt 0.186574 0.147742
vt 0.186574 0.149999
vt 0.186574 0.179354
vt 0.191879 0.179229
vt 0.300890 0.179229
vt 0.307773 0.179354
vt 0.307773 0.149999
vt 0.307773 0.147742
vt 0.304352 0.147202
vt 0.302621 0.145992
vt 0.300890 0.148937
vt 0.298302 0.148937
vt 0.298302 0.145992
vt 0.205142 0.140730
vt 0.191485 0.138220
vt 0.191485 0.138220
vt 0.205142 0.138220
vt 0.218994 0.140730
vt 0.218994 0.138220
vt 0.232887 0.140730
vt 0.232887 0.138220
vt 0.246809 0.140730
vt 0.246809 0.138220
vt 0.260737 0.140730
vt 0.260737 0.138220
vt 0.274646 0.140730
vt 0.274646 0.138220
vt 0.288523 0.140730
vt 0.288523 0.138220
vt 0.302374 0.140730
vt 0.302374 0.138220
vt 0.320357 0.140730
vt 0.320357 0.138220
vt 0.191485 0.140730
vt 0.173302 0.140730
vt 0.173302 0.138220
vt 0.211608 0.159081
vt 0.223133 0.148599
vt 0.211608 0.148599
vt 0.223133 0.159081
vt 0.235370 0.159081
vt 0.235370 0.148599
vt 0.244785 0.159081
vt 0.244786 0.148599
vt 0.254201 0.159081
vt 0.254201 0.148599
vt 0.266438 0.159081
vt 0.266438 0.148599
vt 0.277963 0.148599
vt 0.277963 0.159081
vt 0.166124 0.160416
vt 0.166124 0.136839
vt 0.175805 0.177478
vt 0.193998 0.191388
vt 0.218510 0.200467
vt 0.246384 0.203620
vt 0.274257 0.200467
vt 0.298769 0.191388
vt 0.316963 0.177478
vt 0.326643 0.160416
vt 0.326643 0.136839
vt 0.156343 0.166873
vt 0.156343 0.137262
vt 0.161466 0.181091
vt 0.169480 0.191666
vt 0.184929 0.201868
vt 0.200502 0.207086
vt 0.222344 0.210531
vt 0.267843 0.210531
vt 0.289685 0.207086
vt 0.305258 0.201868
vt 0.320707 0.191666
vt 0.328721 0.181091
vt 0.333844 0.166873
vt 0.333844 0.137262
vt 0.191485 0.140730
vt 0.173302 0.140730
vt 0.173302 0.138220
vt 0.191485 0.138220
vt 0.191485 0.138220
vt 0.205142 0.138220
vt 0.205142 0.140730
vt 0.218994 0.138220
vt 0.218994 0.140730
vt 0.232887 0.138220
vt 0.232887 0.140730
vt 0.246809 0.138220
vt 0.246809 0.140730
vt 0.260737 0.138220
vt 0.260737 0.140730
vt 0.274646 0.138220
vt 0.274646 0.140730
vt 0.288523 0.138220
vt 0.288523 0.140730
vt 0.302374 0.138220
vt 0.302374 0.140730
vt 0.320357 0.138220
vt 0.320357 0.140730
vt 0.211608 0.148599
vt 0.223133 0.159081
vt 0.211608 0.159081
vt 0.223133 0.148599
vt 0.235370 0.148599
vt 0.235370 0.159081
vt 0.244786 0.148599
vt 0.244785 0.159081
vt 0.254201 0.148599
vt 0.254201 0.159081
vt 0.266438 0.148599
vt 0.266438 0.159081
vt 0.277963 0.159081
vt 0.277963 0.148599
vt 0.200756 0.146662
vt 0.202988 0.146620
vt 0.203521 0.159594
vt 0.204275 0.165705
vt 0.209107 0.168888
vt 0.219195 0.176366
vt 0.224854 0.180833
vt 0.232568 0.181124
vt 0.247613 0.182588
vt 0.247713 0.184839
vt 0.262516 0.180583
vt 0.270210 0.180014
vt 0.275478 0.175350
vt 0.284938 0.167519
vt 0.289516 0.164167
vt 0.289752 0.158037
vt 0.291467 0.145025
vt 0.289219 0.145064
vt 0.326643 0.160416
vt 0.326643 0.136839
vt 0.316963 0.177478
vt 0.298769 0.191388
vt 0.274257 0.200467
vt 0.246384 0.203620
vt 0.218510 0.200467
vt 0.193998 0.191388
vt 0.175805 0.177478
vt 0.166124 0.160416
vt 0.166124 0.136839
vt 0.191879 0.179229
vt 0.186574 0.179354
vt 0.186574 0.149999
vt 0.186574 0.147742
vt 0.189996 0.147202
vt 0.191726 0.145992
vt 0.191879 0.148937
vt 0.194450 0.148937
vt 0.194450 0.145992
vt 0.960452 0.158231
vt 0.676012 0.233979
vt 0.676355 0.237057
vt 0.712281 0.236878
vt 0.712047 0.235871
vt 0.676253 0.247119
vt 0.712978 0.247141
vt 0.712980 0.244443
vt 0.676254 0.244421
vt 0.676396 0.239608
vt 0.712463 0.239441
vt 0.712385 0.236823
vt 0.676359 0.236986
vt 0.719505 0.243018
vt 0.716208 0.243019
vt 0.716205 0.248529
vt 0.712980 0.244443
vt 0.712978 0.247141
vt 0.719505 0.243018
vt 0.716208 0.243019
vt 0.716205 0.248529
vt 0.712980 0.244443
vt 0.712978 0.247141
vt 0.719505 0.243018
vt 0.716205 0.248529
vt 0.716208 0.243019
vt 0.640241 0.226805
vt 0.778427 0.222766
vt 0.640241 0.222766
vt 0.778427 0.226805
vt 0.640241 0.217868
vt 0.778427 0.217868
vt 0.640241 0.231703
vt 0.778427 0.231703
vt 0.211608 0.159081
vt 0.211608 0.148599
vt 0.223133 0.148599
vt 0.223133 0.159081
vt 0.235370 0.159081
vt 0.235370 0.148599
vt 0.244785 0.159081
vt 0.244786 0.148599
vt 0.254201 0.159081
vt 0.254201 0.148599
vt 0.266438 0.159081
vt 0.266438 0.148599
vt 0.277963 0.148599
vt 0.277963 0.159081
vt 0.211608 0.148599
vt 0.211608 0.159081
vt 0.223133 0.159081
vt 0.223133 0.148599
vt 0.235370 0.148599
vt 0.235370 0.159081
vt 0.244786 0.148599
vt 0.244785 0.159081
vt 0.254201 0.148599
vt 0.254201 0.159081
vt 0.266438 0.148599
vt 0.266438 0.159081
vt 0.277963 0.159081
vt 0.277963 0.148599
vt 0.211608 0.159081
vt 0.211608 0.148599
vt 0.223133 0.148599
vt 0.223133 0.159081
vt 0.235370 0.159081
vt 0.235370 0.148599
vt 0.244785 0.159081
vt 0.244786 0.148599
vt 0.254201 0.159081
vt 0.254201 0.148599
vt 0.266438 0.159081
vt 0.266438 0.148599
vt 0.277963 0.148599
vt 0.277963 0.159081
vt 0.211608 0.148599
vt 0.211608 0.159081
vt 0.223133 0.159081
vt 0.223133 0.148599
vt 0.235370 0.148599
vt 0.235370 0.159081
vt 0.244786 0.148599
vt 0.244785 0.159081
vt 0.254201 0.148599
vt 0.254201 0.159081
vt 0.266438 0.148599
vt 0.266438 0.159081
vt 0.277963 0.159081
vt 0.277963 0.148599
vt 0.167536 0.591010
vt 0.172051 0.530083
vt 0.174736 0.530057
vt 0.174851 0.655980
vt 0.168576 0.656787
vt 0.167606 0.607784
vt 0.849439 0.733739
vt 0.928440 0.734703
vt 0.849352 0.734736
vt 0.059941 0.734967
vt 0.060079 0.734075
vt 0.095121 0.512657
vt 0.060280 0.512675
vt 0.060121 0.388465
vt 0.086273 0.388449
vt 0.094963 0.389268
vt 0.448557 0.463329
vt 0.440237 0.457783
vt 0.436894 0.450629
vt 0.436894 0.432242
vt 0.440237 0.425089
vt 0.448557 0.419542
vt 0.459287 0.417313
vt 0.481820 0.417313
vt 0.481820 0.465558
vt 0.459287 0.465558
vt 0.157962 0.574151
vt 0.160188 0.607829
vt 0.158754 0.608730
vt 0.158748 0.656855
vt 0.152487 0.656843
vt 0.152486 0.530055
vt 0.155042 0.530047
vt 0.394889 0.512299
vt 0.385733 0.512215
vt 0.389901 0.456179
vt 0.399206 0.456262
vt 0.403574 0.512573
vt 0.407917 0.456541
vt 0.411685 0.513056
vt 0.416371 0.457094
vt 0.419928 0.461495
vt 0.182889 0.573649
vt 0.184760 0.607327
vt 0.183406 0.608247
vt 0.184124 0.656377
vt 0.177883 0.656339
vt 0.178339 0.529608
vt 0.180887 0.529569
vt 0.806182 0.404193
vt 0.807719 0.358162
vt 0.817498 0.358959
vt 0.815996 0.404069
vt 0.806446 0.421335
vt 0.899910 0.421388
vt 0.899967 0.358977
vt 0.816432 0.421404
vt 0.816742 0.425390
vt 0.806724 0.425356
vt 0.992548 0.421349
vt 0.992227 0.425354
vt 0.982242 0.425377
vt 0.982545 0.421386
vt 0.993000 0.404205
vt 0.983211 0.404057
vt 0.991270 0.358146
vt 0.981496 0.358959
vt 0.899913 0.425383
vt 0.514603 0.973931
vt 0.523845 0.973931
vt 0.523845 0.975835
vt 0.514603 0.975835
vt 0.504952 0.973931
vt 0.504952 0.975835
vt 0.425251 0.973931
vt 0.425251 0.975835
vt 0.345052 0.973931
vt 0.345052 0.975835
vt 0.335524 0.973931
vt 0.335524 0.975835
vt 0.326598 0.973931
vt 0.326598 0.975835
vt 0.317918 0.973931
vt 0.317918 0.975835
vt 0.310226 0.973931
vt 0.310226 0.975835
vt 0.230826 0.973931
vt 0.230826 0.975835
vt 0.540687 0.973931
vt 0.620290 0.973931
vt 0.620290 0.975835
vt 0.540687 0.975835
vt 0.532819 0.973931
vt 0.532819 0.975835
vt 0.058888 0.824770
vt 0.059707 0.755040
vt 0.059550 0.768541
vt 0.212859 0.364817
vt 0.212859 0.387908
vt 0.209624 0.364815
vt 0.205388 0.363293
vt 0.209577 0.363293
vt 0.201959 0.363945
vt 0.199432 0.365624
vt 0.198449 0.367909
vt 0.198449 0.387908
vt 0.198449 0.407683
vt 0.199432 0.409969
vt 0.201959 0.411648
vt 0.205397 0.412301
vt 0.212859 0.412301
vt 0.246333 0.402370
vt 0.246333 0.412301
vt 0.222609 0.364817
vt 0.222908 0.365221
vt 0.223206 0.364817
vt 0.236068 0.364817
vt 0.246333 0.373446
vt 0.246333 0.363292
vt 0.236068 0.363292
vt 0.282866 0.373446
vt 0.426473 0.400125
vt 0.426473 0.412301
vt 0.282866 0.412301
vt 0.282866 0.402370
vt 0.463007 0.375690
vt 0.426473 0.375690
vt 0.426473 0.363292
vt 0.282866 0.363292
vt 0.500630 0.364817
vt 0.500630 0.363292
vt 0.502811 0.363292
vt 0.502811 0.412301
vt 0.463007 0.412301
vt 0.463007 0.400125
vt 0.463007 0.363292
vt 0.474182 0.363292
vt 0.474182 0.364817
vt 0.487062 0.364817
vt 0.487366 0.365223
vt 0.487670 0.364817
vt 0.197587 0.583631
vt 0.197773 0.535594
vt 0.228338 0.535690
vt 0.228125 0.556439
vt 0.232647 0.566331
vt 0.244096 0.574014
vt 0.258891 0.577133
vt 0.296967 0.577197
vt 0.848504 0.584557
vt 0.311778 0.574103
vt 0.323291 0.566478
vt 0.328108 0.556648
vt 0.751958 0.577849
vt 0.737177 0.574694
vt 0.725691 0.567064
vt 0.720804 0.557249
vt 0.720776 0.536497
vt 0.328271 0.535906
vt 0.821022 0.557333
vt 0.821012 0.536605
vt 0.849056 0.536539
vt 0.816360 0.567207
vt 0.804852 0.574846
vt 0.790036 0.577925
vt 0.448225 0.516247
vt 0.439906 0.510701
vt 0.436562 0.503547
vt 0.436562 0.485160
vt 0.439906 0.478007
vt 0.448225 0.472460
vt 0.458955 0.470231
vt 0.481487 0.470231
vt 0.481487 0.518476
vt 0.458955 0.518476
vt 0.732438 0.483826
vt 0.716457 0.486027
vt 0.664700 0.487299
vt 0.664746 0.432342
vt 0.613520 0.486018
vt 0.597773 0.483888
vt 0.588634 0.481644
vt 0.585284 0.432399
vt 0.583380 0.400067
vt 0.664748 0.399972
vt 0.583656 0.364505
vt 0.664739 0.364552
vt 0.746968 0.364692
vt 0.746937 0.400048
vt 0.745037 0.432381
vt 0.741587 0.481615
vt 0.518305 0.472694
vt 0.526624 0.478240
vt 0.529967 0.485393
vt 0.529967 0.503781
vt 0.526624 0.510934
vt 0.518305 0.516480
vt 0.507575 0.518709
vt 0.485042 0.518709
vt 0.485042 0.470465
vt 0.507575 0.470465
vt 0.118952 0.584765
vt 0.039559 0.584527
vt 0.118918 0.583465
vt 0.124912 0.584719
vt 0.124895 0.583441
vt 0.222580 0.973931
vt 0.222580 0.975835
vt 0.213816 0.973931
vt 0.213816 0.975835
vt 0.204520 0.973931
vt 0.204520 0.975835
vt 0.128524 0.973931
vt 0.128524 0.975835
vt 0.052596 0.973931
vt 0.052596 0.975835
vt 0.043057 0.973931
vt 0.043057 0.975835
vt 0.033724 0.973931
vt 0.033724 0.975835
vt 0.024576 0.973931
vt 0.024576 0.975835
vt 0.220055 0.512645
vt 0.211955 0.513128
vt 0.203551 0.461577
vt 0.207089 0.457171
vt 0.215543 0.456613
vt 0.228729 0.512361
vt 0.224274 0.456329
vt 0.237871 0.512272
vt 0.233605 0.456238
vt 0.312199 0.512252
vt 0.312151 0.456216
vt 0.519035 0.419542
vt 0.527355 0.425089
vt 0.530699 0.432242
vt 0.530699 0.450629
vt 0.527355 0.457783
vt 0.519035 0.463329
vt 0.508306 0.465558
vt 0.485774 0.465558
vt 0.485774 0.417313
vt 0.508306 0.417313
vt 0.531786 0.362943
vt 0.539492 0.362943
vt 0.542533 0.363534
vt 0.544767 0.365055
vt 0.545636 0.367123
vt 0.545636 0.387908
vt 0.531787 0.412597
vt 0.545637 0.408403
vt 0.544768 0.410479
vt 0.542534 0.412004
vt 0.539494 0.412597
vt 0.102277 0.512074
vt 0.102277 0.389176
vt 0.136674 0.389175
vt 0.136674 0.512075
vt 0.058472 0.512675
vt 0.058317 0.388465
vt 0.056664 0.512675
vt 0.056509 0.388465
vt 0.140283 0.389175
vt 0.140283 0.512075
vt 0.138478 0.512074
vt 0.138478 0.389177
vt 0.022164 0.512693
vt 0.022010 0.388483
vt 0.848481 0.585853
vt 0.197566 0.584903
vt 0.174467 0.389176
vt 0.174467 0.512074
vt 0.147776 0.530061
vt 0.150332 0.530035
vt 0.150872 0.656839
vt 0.144614 0.656846
vt 0.143381 0.608738
vt 0.143851 0.574142
vt 0.141967 0.607820
vt 0.987343 0.485592
vt 0.977765 0.482988
vt 0.987541 0.482922
vt 0.977572 0.485669
vt 0.987022 0.490601
vt 0.977233 0.490317
vt 0.985081 0.494647
vt 0.981403 0.496035
vt 0.969330 0.492194
vt 0.971502 0.498322
vt 0.953235 0.494411
vt 0.953854 0.500697
vt 0.899956 0.502035
vt 0.899948 0.495759
vt 0.899957 0.485690
vt 0.821845 0.490323
vt 0.846079 0.494417
vt 0.829748 0.492173
vt 0.821486 0.485675
vt 0.811538 0.482924
vt 0.821302 0.482993
vt 0.811738 0.485601
vt 0.812052 0.490615
vt 0.814003 0.494658
vt 0.817690 0.496038
vt 0.827571 0.498314
vt 0.845462 0.500705
vt 0.899953 0.483012
vt 0.944948 0.964246
vt 0.945578 0.968534
vt 0.932800 0.968821
vt 0.932665 0.963621
vt 0.058920 0.971040
vt 0.953827 0.964118
vt 0.955216 0.968772
vt 0.953761 0.958718
vt 0.944929 0.958515
vt 0.932669 0.957862
vt 0.059417 0.965863
vt 0.037405 0.970724
vt 0.953863 0.950243
vt 0.945104 0.950031
vt 0.932819 0.949567
vt 0.059649 0.960122
vt 0.038452 0.966390
vt 0.026855 0.969552
vt 0.954015 0.936891
vt 0.945210 0.936730
vt 0.954055 0.900006
vt 0.029410 0.939187
vt 0.029332 0.952220
vt 0.018804 0.951831
vt 0.018507 0.959236
vt 0.029139 0.960310
vt 0.018153 0.962468
vt 0.028708 0.965301
vt 0.017444 0.966874
vt 0.038886 0.960647
vt 0.059801 0.951842
vt 0.932883 0.936540
vt 0.945123 0.900029
vt 0.944779 0.863717
vt 0.953583 0.863512
vt 0.059875 0.938859
vt 0.039031 0.952275
vt 0.039100 0.939119
vt 0.029053 0.902545
vt 0.038779 0.902521
vt 0.059644 0.902468
vt 0.932754 0.900063
vt 0.932455 0.863971
vt 0.038671 0.866309
vt 0.059233 0.853657
vt 0.059450 0.866466
vt 0.932252 0.851113
vt 0.932015 0.842817
vt 0.058997 0.845381
vt 0.038457 0.853322
vt 0.028981 0.866289
vt 0.944534 0.850588
vt 0.944268 0.842107
vt 0.944229 0.836377
vt 0.931949 0.837060
vt 0.058704 0.839643
vt 0.038228 0.844951
vt 0.028760 0.853423
vt 0.018500 0.866315
vt 0.018452 0.902570
vt 0.018925 0.939215
vt 0.025427 0.837063
vt 0.017014 0.843350
vt 0.015107 0.839957
vt 0.953294 0.850332
vt 0.953101 0.841860
vt 0.953108 0.836461
vt 0.954447 0.831801
vt 0.944812 0.832087
vt 0.932019 0.831863
vt 0.058115 0.834465
vt 0.037736 0.839210
vt 0.036448 0.834941
vt 0.028004 0.840342
vt 0.017856 0.846478
vt 0.018235 0.853868
vt 0.028485 0.845331
vt 0.958274 0.697401
vt 0.958102 0.734819
vt 0.949479 0.734756
vt 0.949648 0.696615
vt 0.928650 0.694502
vt 0.849528 0.685739
vt 0.741032 0.706293
vt 0.741104 0.685633
vt 0.736311 0.716103
vt 0.724950 0.723768
vt 0.710231 0.726942
vt 0.672283 0.726962
vt 0.250476 0.706432
vt 0.250460 0.685775
vt 0.641596 0.685641
vt 0.641617 0.706299
vt 0.646192 0.716139
vt 0.657547 0.723824
vt 0.245961 0.716281
vt 0.234572 0.723962
vt 0.219828 0.727145
vt 0.181881 0.727154
vt 0.167158 0.724010
vt 0.155788 0.716355
vt 0.151036 0.706559
vt 0.150876 0.685903
vt 0.059525 0.686130
vt 0.025417 0.751729
vt 0.034707 0.755776
vt 0.025276 0.755672
vt 0.015416 0.755691
vt 0.015662 0.751678
vt 0.039874 0.751757
vt 0.039782 0.760089
vt 0.039865 0.735018
vt 0.026755 0.734955
vt 0.017066 0.734697
vt 0.029292 0.822239
vt 0.019588 0.821136
vt 0.019687 0.816115
vt 0.029758 0.687827
vt 0.020024 0.689106
vt 0.039433 0.686229
vt 0.059810 0.751744
vt 0.039133 0.815962
vt 0.039201 0.813222
vt 0.029485 0.813300
vt 0.029422 0.815959
vt 0.019746 0.813447
vt 0.039041 0.823482
vt 0.928266 0.768235
vt 0.059746 0.751691
vt 0.949276 0.768269
vt 0.957898 0.768357
vt 0.940250 0.824045
vt 0.948911 0.821918
vt 0.928273 0.824441
vt 0.118766 0.535432
vt 0.124745 0.535413
vt 0.039446 0.544361
vt 0.018439 0.584502
vt 0.018393 0.546431
vt 0.018892 0.671977
vt 0.009709 0.618221
vt 0.018347 0.618138
vt 0.027569 0.674144
vt 0.009767 0.584553
vt 0.009733 0.547202
vt 0.039429 0.618174
vt 0.039644 0.674561
vt 0.124882 0.618334
vt 0.124754 0.662313
vt 0.197125 0.662517
vt 0.848306 0.619481
vt 0.197444 0.618505
vt 0.848240 0.663527
vt 0.911701 0.663541
vt 0.911717 0.674868
vt 0.922071 0.663598
vt 0.932846 0.673999
vt 0.933208 0.666528
vt 0.942924 0.672831
vt 0.942958 0.666475
vt 0.933100 0.663863
vt 0.942887 0.663812
vt 0.952686 0.666718
vt 0.952685 0.664031
vt 0.942779 0.538332
vt 0.932982 0.585835
vt 0.933001 0.536885
vt 0.946051 0.585771
vt 0.952663 0.539501
vt 0.955787 0.585482
vt 0.947467 0.602646
vt 0.957381 0.602575
vt 0.957664 0.606569
vt 0.947658 0.606626
vt 0.938140 0.606639
vt 0.932982 0.602629
vt 0.933009 0.610841
vt 0.952704 0.671753
vt 0.921439 0.602627
vt 0.921446 0.585837
vt 0.921474 0.536879
vt 0.139022 0.608696
vt 0.140862 0.608696
vt 0.140862 0.632395
vt 0.140862 0.633506
vt 0.139022 0.657059
vt 0.140862 0.657059
vt 0.142067 0.632950
vt 0.165941 0.632353
vt 0.167634 0.632904
vt 0.165946 0.633461
vt 0.163239 0.608489
vt 0.163333 0.651560
vt 0.163314 0.657572
vt 0.166051 0.657567
vt 0.165838 0.608484
vt 0.761575 0.432817
vt 0.757632 0.485197
vt 0.749796 0.482848
vt 0.753364 0.432487
vt 0.763847 0.400197
vt 0.755445 0.400062
vt 0.664704 0.492664
vt 0.717022 0.491382
vt 0.717630 0.497497
vt 0.736259 0.495066
vt 0.734377 0.489065
vt 0.747695 0.492428
vt 0.744335 0.486776
vt 0.754493 0.489640
vt 0.748320 0.485227
vt 0.763976 0.364137
vt 0.755530 0.364601
vt 0.612958 0.491386
vt 0.574869 0.400085
vt 0.575071 0.364425
vt 0.576964 0.432507
vt 0.580424 0.482870
vt 0.581893 0.485252
vt 0.566466 0.400216
vt 0.566615 0.363964
vt 0.568753 0.432834
vt 0.572584 0.485215
vt 0.575708 0.489660
vt 0.582503 0.492460
vt 0.585867 0.486812
vt 0.595836 0.489115
vt 0.612349 0.497507
vt 0.664708 0.498835
vt 0.593955 0.495107
vt 0.389901 0.456179
vt 0.345052 0.975835
vt 0.399206 0.456262
vt 0.504952 0.975835
vt 0.425251 0.975835
vt 0.407917 0.456541
vt 0.335524 0.975835
vt 0.416371 0.457094
vt 0.167536 0.591010
vt 0.174736 0.530057
vt 0.172051 0.530083
vt 0.174851 0.655980
vt 0.168576 0.656787
vt 0.167606 0.607784
vt 0.849439 0.733739
vt 0.849352 0.734736
vt 0.928440 0.734703
vt 0.059941 0.734967
vt 0.060079 0.734075
vt 0.095121 0.512657
vt 0.060121 0.388465
vt 0.060280 0.512675
vt 0.086273 0.388449
vt 0.094963 0.389268
vt 0.448557 0.463329
vt 0.436894 0.450629
vt 0.440237 0.457783
vt 0.436894 0.432242
vt 0.440237 0.425089
vt 0.448557 0.419542
vt 0.459287 0.417313
vt 0.481820 0.417313
vt 0.481820 0.465558
vt 0.459287 0.465558
vt 0.157962 0.574151
vt 0.158754 0.608730
vt 0.160188 0.607829
vt 0.158748 0.656855
vt 0.152487 0.656843
vt 0.152486 0.530055
vt 0.155042 0.530047
vt 0.411685 0.513056
vt 0.419928 0.461495
vt 0.416371 0.457094
vt 0.182889 0.573649
vt 0.183406 0.608247
vt 0.184760 0.607327
vt 0.184124 0.656377
vt 0.177883 0.656339
vt 0.178339 0.529608
vt 0.180887 0.529569
vt 0.806182 0.404193
vt 0.817498 0.358959
vt 0.807719 0.358162
vt 0.815996 0.404069
vt 0.806446 0.421335
vt 0.899910 0.421388
vt 0.899967 0.358977
vt 0.816432 0.421404
vt 0.816742 0.425390
vt 0.806724 0.425356
vt 0.992548 0.421349
vt 0.982242 0.425377
vt 0.992227 0.425354
vt 0.982545 0.421386
vt 0.993000 0.404205
vt 0.983211 0.404057
vt 0.991270 0.358146
vt 0.981496 0.358959
vt 0.899913 0.425383
vt 0.514603 0.973931
vt 0.523845 0.975835
vt 0.523845 0.973931
vt 0.514603 0.975835
vt 0.504952 0.973931
vt 0.504952 0.975835
vt 0.425251 0.973931
vt 0.425251 0.975835
vt 0.345052 0.973931
vt 0.345052 0.975835
vt 0.335524 0.973931
vt 0.335524 0.975835
vt 0.326598 0.973931
vt 0.326598 0.975835
vt 0.317918 0.973931
vt 0.317918 0.975835
vt 0.310226 0.973931
vt 0.310226 0.975835
vt 0.230826 0.973931
vt 0.230826 0.975835
vt 0.540687 0.973931
vt 0.620290 0.975835
vt 0.620290 0.973931
vt 0.540687 0.975835
vt 0.532819 0.973931
vt 0.532819 0.975835
vt 0.058888 0.824770
vt 0.059550 0.768541
vt 0.059707 0.755040
vt 0.212859 0.364817
vt 0.209624 0.364815
vt 0.212859 0.387908
vt 0.209577 0.363293
vt 0.205388 0.363293
vt 0.201959 0.363945
vt 0.199432 0.365624
vt 0.198449 0.367909
vt 0.198449 0.387908
vt 0.198449 0.407683
vt 0.199432 0.409969
vt 0.201959 0.411648
vt 0.205397 0.412301
vt 0.212859 0.412301
vt 0.246333 0.402370
vt 0.246333 0.412301
vt 0.222609 0.364817
vt 0.222908 0.365221
vt 0.223206 0.364817
vt 0.236068 0.364817
vt 0.246333 0.373446
vt 0.246333 0.363292
vt 0.236068 0.363292
vt 0.282866 0.373446
vt 0.426473 0.400125
vt 0.282866 0.412301
vt 0.426473 0.412301
vt 0.282866 0.402370
vt 0.463007 0.375690
vt 0.426473 0.375690
vt 0.426473 0.363292
vt 0.282866 0.363292
vt 0.500630 0.364817
vt 0.502811 0.363292
vt 0.500630 0.363292
vt 0.502811 0.412301
vt 0.463007 0.412301
vt 0.463007 0.400125
vt 0.474182 0.363292
vt 0.463007 0.363292
vt 0.474182 0.364817
vt 0.487062 0.364817
vt 0.487366 0.365223
vt 0.487670 0.364817
vt 0.197587 0.583631
vt 0.228338 0.535690
vt 0.197773 0.535594
vt 0.228125 0.556439
vt 0.232647 0.566331
vt 0.244096 0.574014
vt 0.258891 0.577133
vt 0.296967 0.577197
vt 0.848504 0.584557
vt 0.311778 0.574103
vt 0.323291 0.566478
vt 0.328108 0.556648
vt 0.751958 0.577849
vt 0.737177 0.574694
vt 0.725691 0.567064
vt 0.720804 0.557249
vt 0.720776 0.536497
vt 0.328271 0.535906
vt 0.821022 0.557333
vt 0.849056 0.536539
vt 0.821012 0.536605
vt 0.816360 0.567207
vt 0.804852 0.574846
vt 0.790036 0.577925
vt 0.448225 0.516247
vt 0.436562 0.503547
vt 0.439906 0.510701
vt 0.436562 0.485160
vt 0.439906 0.478007
vt 0.448225 0.472460
vt 0.458955 0.470231
vt 0.481487 0.470231
vt 0.481487 0.518476
vt 0.458955 0.518476
vt 0.732438 0.483826
vt 0.664700 0.487299
vt 0.716457 0.486027
vt 0.664746 0.432342
vt 0.613520 0.486018
vt 0.597773 0.483888
vt 0.588634 0.481644
vt 0.585284 0.432399
vt 0.583380 0.400067
vt 0.664748 0.399972
vt 0.583656 0.364505
vt 0.664739 0.364552
vt 0.746968 0.364692
vt 0.746937 0.400048
vt 0.745037 0.432381
vt 0.741587 0.481615
vt 0.518305 0.472694
vt 0.529967 0.485393
vt 0.526624 0.478240
vt 0.529967 0.503781
vt 0.526624 0.510934
vt 0.518305 0.516480
vt 0.507575 0.518709
vt 0.485042 0.518709
vt 0.485042 0.470465
vt 0.507575 0.470465
vt 0.118952 0.584765
vt 0.118918 0.583465
vt 0.039559 0.584527
vt 0.124912 0.584719
vt 0.124895 0.583441
vt 0.222580 0.973931
vt 0.222580 0.975835
vt 0.213816 0.973931
vt 0.213816 0.975835
vt 0.204520 0.973931
vt 0.204520 0.975835
vt 0.128524 0.973931
vt 0.128524 0.975835
vt 0.052596 0.973931
vt 0.052596 0.975835
vt 0.043057 0.973931
vt 0.043057 0.975835
vt 0.033724 0.973931
vt 0.033724 0.975835
vt 0.024576 0.973931
vt 0.024576 0.975835
vt 0.519035 0.419542
vt 0.530699 0.432242
vt 0.527355 0.425089
vt 0.530699 0.450629
vt 0.527355 0.457783
vt 0.519035 0.463329
vt 0.508306 0.465558
vt 0.485774 0.465558
vt 0.485774 0.417313
vt 0.508306 0.417313
vt 0.531786 0.362943
vt 0.542533 0.363534
vt 0.539492 0.362943
vt 0.544767 0.365055
vt 0.545636 0.367123
vt 0.545636 0.387908
vt 0.531787 0.412597
vt 0.545637 0.408403
vt 0.544768 0.410479
vt 0.542534 0.412004
vt 0.539494 0.412597
vt 0.102277 0.512074
vt 0.136674 0.389175
vt 0.102277 0.389176
vt 0.136674 0.512075
vt 0.058472 0.512675
vt 0.058317 0.388465
vt 0.056664 0.512675
vt 0.056509 0.388465
vt 0.140283 0.389175
vt 0.138478 0.512074
vt 0.140283 0.512075
vt 0.138478 0.389177
vt 0.022164 0.512693
vt 0.022010 0.388483
vt 0.848481 0.585853
vt 0.197566 0.584903
vt 0.174467 0.389176
vt 0.174467 0.512074
vt 0.147776 0.530061
vt 0.150872 0.656839
vt 0.150332 0.530035
vt 0.144614 0.656846
vt 0.143381 0.608738
vt 0.143851 0.574142
vt 0.141967 0.607820
vt 0.987343 0.485592
vt 0.987541 0.482922
vt 0.977765 0.482988
vt 0.977572 0.485669
vt 0.987022 0.490601
vt 0.977233 0.490317
vt 0.985081 0.494647
vt 0.981403 0.496035
vt 0.969330 0.492194
vt 0.971502 0.498322
vt 0.953235 0.494411
vt 0.953854 0.500697
vt 0.899956 0.502035
vt 0.899948 0.495759
vt 0.899957 0.485690
vt 0.821845 0.490323
vt 0.829748 0.492173
vt 0.846079 0.494417
vt 0.821486 0.485675
vt 0.821302 0.482993
vt 0.811538 0.482924
vt 0.811738 0.485601
vt 0.812052 0.490615
vt 0.814003 0.494658
vt 0.817690 0.496038
vt 0.827571 0.498314
vt 0.845462 0.500705
vt 0.899953 0.483012
vt 0.944948 0.964246
vt 0.932800 0.968821
vt 0.945578 0.968534
vt 0.932665 0.963621
vt 0.058920 0.971040
vt 0.953827 0.964118
vt 0.955216 0.968772
vt 0.953761 0.958718
vt 0.944929 0.958515
vt 0.932669 0.957862
vt 0.059417 0.965863
vt 0.037405 0.970724
vt 0.953863 0.950243
vt 0.945104 0.950031
vt 0.932819 0.949567
vt 0.059649 0.960122
vt 0.038452 0.966390
vt 0.026855 0.969552
vt 0.954015 0.936891
vt 0.945210 0.936730
vt 0.954055 0.900006
vt 0.029410 0.939187
vt 0.018804 0.951831
vt 0.029332 0.952220
vt 0.018507 0.959236
vt 0.029139 0.960310
vt 0.018153 0.962468
vt 0.028708 0.965301
vt 0.017444 0.966874
vt 0.038886 0.960647
vt 0.059801 0.951842
vt 0.932883 0.936540
vt 0.945123 0.900029
vt 0.944779 0.863717
vt 0.953583 0.863512
vt 0.059875 0.938859
vt 0.039031 0.952275
vt 0.039100 0.939119
vt 0.029053 0.902545
vt 0.038779 0.902521
vt 0.059644 0.902468
vt 0.932754 0.900063
vt 0.932455 0.863971
vt 0.038671 0.866309
vt 0.059450 0.866466
vt 0.059233 0.853657
vt 0.932252 0.851113
vt 0.932015 0.842817
vt 0.058997 0.845381
vt 0.038457 0.853322
vt 0.028981 0.866289
vt 0.944534 0.850588
vt 0.944268 0.842107
vt 0.944229 0.836377
vt 0.931949 0.837060
vt 0.058704 0.839643
vt 0.038228 0.844951
vt 0.028760 0.853423
vt 0.018500 0.866315
vt 0.018452 0.902570
vt 0.018925 0.939215
vt 0.025427 0.837063
vt 0.015107 0.839957
vt 0.017014 0.843350
vt 0.953294 0.850332
vt 0.953101 0.841860
vt 0.953108 0.836461
vt 0.954447 0.831801
vt 0.944812 0.832087
vt 0.932019 0.831863
vt 0.058115 0.834465
vt 0.037736 0.839210
vt 0.036448 0.834941
vt 0.028004 0.840342
vt 0.017856 0.846478
vt 0.018235 0.853868
vt 0.028485 0.845331
vt 0.958274 0.697401
vt 0.949479 0.734756
vt 0.958102 0.734819
vt 0.949648 0.696615
vt 0.928650 0.694502
vt 0.849528 0.685739
vt 0.741032 0.706293
vt 0.741104 0.685633
vt 0.736311 0.716103
vt 0.724950 0.723768
vt 0.710231 0.726942
vt 0.672283 0.726962
vt 0.250476 0.706432
vt 0.641596 0.685641
vt 0.250460 0.685775
vt 0.641617 0.706299
vt 0.646192 0.716139
vt 0.657547 0.723824
vt 0.245961 0.716281
vt 0.234572 0.723962
vt 0.219828 0.727145
vt 0.181881 0.727154
vt 0.167158 0.724010
vt 0.155788 0.716355
vt 0.151036 0.706559
vt 0.150876 0.685903
vt 0.059525 0.686130
vt 0.025417 0.751729
vt 0.025276 0.755672
vt 0.034707 0.755776
vt 0.015416 0.755691
vt 0.015662 0.751678
vt 0.039874 0.751757
vt 0.039782 0.760089
vt 0.039865 0.735018
vt 0.026755 0.734955
vt 0.017066 0.734697
vt 0.029292 0.822239
vt 0.019687 0.816115
vt 0.019588 0.821136
vt 0.029758 0.687827
vt 0.020024 0.689106
vt 0.039433 0.686229
vt 0.059810 0.751744
vt 0.039133 0.815962
vt 0.039201 0.813222
vt 0.029485 0.813300
vt 0.029422 0.815959
vt 0.019746 0.813447
vt 0.039041 0.823482
vt 0.928266 0.768235
vt 0.059746 0.751691
vt 0.949276 0.768269
vt 0.957898 0.768357
vt 0.940250 0.824045
vt 0.948911 0.821918
vt 0.928273 0.824441
vt 0.124745 0.535413
vt 0.118766 0.535432
vt 0.039446 0.544361
vt 0.018439 0.584502
vt 0.018393 0.546431
vt 0.018892 0.671977
vt 0.018347 0.618138
vt 0.009709 0.618221
vt 0.027569 0.674144
vt 0.009767 0.584553
vt 0.009733 0.547202
vt 0.039429 0.618174
vt 0.039644 0.674561
vt 0.124882 0.618334
vt 0.124754 0.662313
vt 0.197125 0.662517
vt 0.848306 0.619481
vt 0.197444 0.618505
vt 0.848240 0.663527
vt 0.911701 0.663541
vt 0.911717 0.674868
vt 0.922071 0.663598
vt 0.932846 0.673999
vt 0.933208 0.666528
vt 0.942924 0.672831
vt 0.942958 0.666475
vt 0.942887 0.663812
vt 0.933100 0.663863
vt 0.952686 0.666718
vt 0.952685 0.664031
vt 0.942779 0.538332
vt 0.933001 0.536885
vt 0.932982 0.585835
vt 0.946051 0.585771
vt 0.952663 0.539501
vt 0.955787 0.585482
vt 0.947467 0.602646
vt 0.957381 0.602575
vt 0.957664 0.606569
vt 0.947658 0.606626
vt 0.938140 0.606639
vt 0.932982 0.602629
vt 0.933009 0.610841
vt 0.952704 0.671753
vt 0.921439 0.602627
vt 0.921446 0.585837
vt 0.921474 0.536879
vt 0.139022 0.608696
vt 0.140862 0.632395
vt 0.140862 0.608696
vt 0.140862 0.633506
vt 0.139022 0.657059
vt 0.140862 0.657059
vt 0.142067 0.632950
vt 0.165941 0.632353
vt 0.165946 0.633461
vt 0.167634 0.632904
vt 0.163239 0.608489
vt 0.163333 0.651560
vt 0.163314 0.657572
vt 0.166051 0.657567
vt 0.165838 0.608484
vt 0.761575 0.432817
vt 0.749796 0.482848
vt 0.757632 0.485197
vt 0.753364 0.432487
vt 0.763847 0.400197
vt 0.755445 0.400062
vt 0.664704 0.492664
vt 0.717630 0.497497
vt 0.717022 0.491382
vt 0.736259 0.495066
vt 0.734377 0.489065
vt 0.747695 0.492428
vt 0.744335 0.486776
vt 0.754493 0.489640
vt 0.748320 0.485227
vt 0.763976 0.364137
vt 0.755530 0.364601
vt 0.612958 0.491386
vt 0.574869 0.400085
vt 0.575071 0.364425
vt 0.576964 0.432507
vt 0.580424 0.482870
vt 0.581893 0.485252
vt 0.566466 0.400216
vt 0.566615 0.363964
vt 0.568753 0.432834
vt 0.572584 0.485215
vt 0.575708 0.489660
vt 0.582503 0.492460
vt 0.585867 0.486812
vt 0.595836 0.489115
vt 0.612349 0.497507
vt 0.664708 0.498835
vt 0.593955 0.495107
vt 0.399206 0.456262
vt 0.389901 0.456179
vt 0.389901 0.456179
vt 0.345052 0.975835
vt 0.407917 0.456541
vt 0.399206 0.456262
vt 0.504952 0.975835
vt 0.425251 0.975835
vt 0.407917 0.456541
vt 0.335524 0.975835
vt 0.416371 0.457094
vn 0.2205 -0.9749 -0.0312
vn 0.2204 -0.9749 -0.0313
vn 0.2205 -0.9749 -0.0313
vn -0.6761 0.7259 0.1266
vn -0.1962 0.9801 0.0286
vn -0.1962 0.9802 0.0286
vn 0.1343 0.7230 0.6777
vn 0.0610 0.9560 0.2869
vn 0.0589 0.9555 0.2889
vn 0.1118 0.9935 0.0214
vn 0.1150 0.9931 0.0214
vn -0.1116 -0.9936 -0.0166
vn -0.1148 -0.9933 -0.0163
vn 0.0484 -0.9615 0.2706
vn 0.0500 -0.9622 0.2678
vn 0.1063 -0.6504 0.7521
vn 0.1333 -0.7105 0.6910
vn 0.1609 -0.5343 0.8299
vn -0.1490 -0.6399 -0.7539
vn -0.1546 -0.6026 -0.7829
vn -0.1010 -0.8570 -0.5053
vn -0.1853 -0.2730 -0.9440
vn -0.0334 -0.5206 -0.8531
vn -0.0327 -0.5155 -0.8563
vn -0.0139 -0.8808 -0.4734
vn -0.0142 -0.8833 -0.4686
vn 0.0298 -0.8481 0.5289
vn 0.0299 -0.8509 0.5244
vn 0.0428 -0.4831 0.8745
vn 0.0434 -0.4873 0.8721
vn 0.0167 0.8693 0.4939
vn 0.0160 0.8700 0.4928
vn -0.0279 0.8644 -0.5021
vn -0.0277 0.8630 -0.5045
vn -0.0427 -0.4869 0.8724
vn -0.0435 -0.4827 0.8747
vn -0.0301 -0.8483 0.5287
vn -0.0296 -0.8511 0.5242
vn 0.0145 -0.8807 -0.4735
vn 0.0137 -0.8832 -0.4689
vn 0.0336 -0.5161 -0.8559
vn 0.0325 -0.5211 -0.8529
vn 0.3721 0.9244 -0.0840
vn 0.0280 0.8631 -0.5042
vn 0.0276 0.8645 -0.5018
vn -0.0161 0.8692 0.4942
vn -0.0166 0.8699 0.4930
vn -0.7071 -0.0000 -0.7071
vn -0.3827 0.0000 -0.9239
vn -0.9239 0.0000 -0.3827
vn -0.9239 0.0000 0.3827
vn -0.3827 0.0000 0.9239
vn -0.7071 0.0000 0.7071
vn -0.4026 -0.9105 0.0941
vn 0.3827 0.0000 -0.9239
vn 0.7071 0.0000 -0.7071
vn 0.9239 0.0000 -0.3827
vn 0.9239 0.0000 0.3827
vn 0.7071 0.0001 0.7071
vn 0.3827 0.0000 0.9239
vn 0.7071 -0.0000 0.7071
vn 0.1489 0.6213 -0.7693
vn 0.1853 0.2499 -0.9504
vn 0.1545 0.5834 -0.7974
vn 0.1008 0.8445 -0.5260
vn -0.4028 -0.9096 -0.1019
vn -0.2204 -0.9749 -0.0312
vn 0.0000 -1.0000 -0.0000
vn -0.0006 -1.0000 0.0006
vn 0.1958 0.9801 0.0339
vn 0.1962 0.9801 0.0286
vn 0.5843 -0.1243 -0.8019
vn -0.1609 -0.5344 0.8298
vn 0.1751 -0.9173 -0.3575
vn 0.0000 1.0000 -0.0000
vn -0.3720 0.9244 -0.0840
vn -0.3722 0.9244 -0.0840
vn -0.0000 -1.0000 0.0001
vn -0.0001 -1.0000 0.0000
vn 0.7258 -0.6704 0.1542
vn 0.4025 -0.9106 0.0940
vn 0.0000 1.0000 0.0001
vn 0.0000 0.0000 -1.0000
vn -0.0007 0.0006 -1.0000
vn -0.0006 0.0007 -1.0000
vn 0.0557 -0.9984 0.0083
vn 0.0843 -0.9964 -0.0069
vn 0.0805 -0.9404 0.3305
vn 0.0663 -0.9390 0.3374
vn 0.3368 -0.6608 0.6707
vn 0.3393 -0.6628 0.6675
vn 0.4901 -0.5072 0.7089
vn 0.4942 -0.5058 0.7071
vn -0.9979 0.0546 0.0345
vn -0.9522 0.0480 0.3018
vn -0.6671 0.3322 0.6668
vn -0.4971 0.5029 0.7071
vn 0.0000 0.3827 0.9239
vn 0.0000 0.7071 0.7071
vn 0.0000 0.9239 0.3827
vn 0.0000 0.9239 -0.3827
vn -0.0000 0.7071 -0.7071
vn 0.0000 0.3827 -0.9239
vn 0.0004 -0.0003 -1.0000
vn -0.0000 -0.7071 0.7071
vn 0.0000 -0.3827 0.9239
vn 0.0000 -0.9239 0.3827
vn 0.0000 -0.9239 -0.3827
vn 0.0000 -0.3827 -0.9239
vn 0.0000 -0.7071 -0.7071
vn -0.0000 0.0001 -1.0000
vn -1.0000 0.0000 0.0001
vn -1.0000 -0.0000 0.0000
vn -1.0000 0.0000 -0.0001
vn 0.0004 -0.0004 -1.0000
vn -0.0001 1.0000 -0.0001
vn -0.0001 1.0000 0.0002
vn 0.0000 1.0000 -0.0002
vn 0.0001 1.0000 -0.0001
vn -0.3826 0.0000 0.9239
vn -0.3826 0.0000 -0.9239
vn 0.6581 0.7021 -0.2718
vn 0.6569 0.7028 -0.2732
vn 0.6690 0.6799 0.3003
vn 0.6743 0.6745 0.3006
vn 0.7049 0.2643 0.6582
vn 0.7100 0.2564 0.6559
vn 0.6772 -0.2776 0.6814
vn 0.6745 -0.2775 0.6842
vn 0.6677 -0.6781 0.3072
vn 0.6646 -0.6795 0.3109
vn 0.6597 -0.7000 -0.2733
vn 0.6579 -0.7017 -0.2733
vn 0.6514 -0.2905 -0.7009
vn 0.6500 -0.2924 -0.7014
vn 0.6539 0.2887 -0.6993
vn 0.6548 0.2886 -0.6985
vn 0.7524 -0.6005 0.2709
vn 0.7364 -0.6337 -0.2368
vn 0.7039 -0.2886 -0.6491
vn 0.7388 0.2643 -0.6199
vn 0.7461 0.6268 -0.2247
vn 0.7528 0.6006 0.2695
vn 0.7600 0.2467 0.6013
vn 0.7558 -0.2513 0.6047
vn 0.6562 -0.7177 -0.2331
vn 0.6592 -0.7107 -0.2458
vn 0.6514 -0.2906 -0.7009
vn 0.6500 -0.2924 -0.7015
vn 0.6548 0.2887 -0.6985
vn 0.6581 0.7021 -0.2719
vn 0.7049 0.2641 0.6583
vn 0.7099 0.2562 0.6561
vn 0.6774 -0.2775 0.6812
vn 0.6745 -0.2774 0.6842
vn 0.6662 -0.6668 0.3340
vn 0.6622 -0.6642 0.3468
vn 0.7532 0.6152 0.2330
vn 0.7365 -0.6337 -0.2368
vn 0.7040 -0.2887 -0.6488
vn 0.7388 0.2646 -0.6198
vn 0.7468 0.6125 -0.2593
vn 0.0001 0.7071 0.7071
vn 0.0000 0.9416 0.3367
vn 0.0000 -0.3826 0.9239
vn 0.0000 -0.8988 0.4384
vn 0.0000 -0.9461 -0.3240
vn 0.0000 0.9030 -0.4295
vn -0.0001 1.0000 0.0000
vn -0.0000 -0.3826 -0.9239
vn -0.0000 0.3826 -0.9239
vn 0.0000 0.7071 -0.7072
vn -1.0000 0.0001 0.0001
vn -1.0000 0.0002 -0.0001
vn -0.0001 0.7071 -0.7071
vn 0.0000 0.9030 -0.4296
vn 0.0001 -0.7072 -0.7070
vn 0.9998 0.0180 0.0052
vn 0.9996 0.0196 0.0196
vn 0.9997 0.0174 -0.0164
vn 0.9998 0.0173 -0.0058
vn 0.9999 0.0130 0.0062
vn 0.9999 0.0129 0.0068
vn 0.9999 0.0138 -0.0010
vn 1.0000 0.0000 -0.0000
vn -0.4197 0.0000 -0.9077
vn -0.7632 -0.0000 -0.6461
vn -0.9391 -0.0000 -0.3436
vn -0.9391 0.0000 -0.3435
vn -0.9387 0.0000 0.3447
vn -0.7632 0.0002 0.6462
vn -0.4215 0.0000 0.9068
vn 0.0000 -0.3803 -0.9249
vn 0.0000 -0.3803 0.9249
vn 0.0000 0.3851 -0.9229
vn 0.0000 0.3851 0.9229
vn 0.7632 0.0000 -0.6462
vn 0.4214 0.0000 -0.9069
vn 0.9374 0.0000 -0.3482
vn 0.9404 0.0000 0.3401
vn 0.9404 0.0000 0.3400
vn 0.4197 0.0000 0.9077
vn 0.7632 0.0000 0.6461
vn -0.0004 0.0002 -1.0000
vn -0.0001 -0.0010 -1.0000
vn -0.0007 0.0001 -1.0000
vn -0.0013 0.0002 -1.0000
vn -0.0008 0.0001 -1.0000
vn -0.0000 0.0006 -1.0000
vn 0.0001 0.0006 -1.0000
vn 0.0000 1.0000 -0.0001
vn -0.0113 0.9999 -0.0001
vn -0.0012 0.9935 0.1134
vn -0.0014 0.9934 0.1144
vn -0.0024 0.9415 0.3370
vn -0.0028 0.9428 0.3334
vn -0.0050 0.8182 0.5749
vn -0.0054 0.8148 0.5797
vn -0.0063 0.5914 0.8064
vn -0.0069 0.5985 0.8011
vn -0.0026 0.3492 0.9371
vn -0.0026 0.3521 0.9360
vn -0.0024 0.1175 0.9931
vn -0.0025 0.1207 0.9927
vn -0.0025 -0.1207 0.9927
vn -0.0024 -0.1176 0.9931
vn -0.0026 -0.3521 0.9360
vn -0.0027 -0.3491 0.9371
vn -0.0066 -0.5911 0.8066
vn -0.0067 -0.5983 0.8013
vn -0.0052 -0.8184 0.5746
vn -0.0051 -0.8151 0.5793
vn -0.0025 -0.9427 0.3336
vn -0.0027 -0.9414 0.3373
vn -0.0014 -0.9936 0.1131
vn -0.0012 -0.9935 0.1140
vn 0.0001 -1.0000 -0.0000
vn -0.0000 -1.0000 -0.0001
vn 0.0001 -1.0000 -0.0001
vn -0.0002 -1.0000 0.0002
vn 0.0000 -0.9846 -0.1750
vn 0.0000 -0.8642 -0.5032
vn -0.0000 -0.8642 -0.5031
vn -0.0000 -0.6397 -0.7686
vn 0.0000 -0.3395 -0.9406
vn -0.0000 0.3395 -0.9406
vn -0.0000 0.3394 -0.9406
vn 0.0000 0.6397 -0.7686
vn -0.0000 0.6396 -0.7687
vn -0.0000 0.8642 -0.5031
vn -0.0000 0.8643 -0.5031
vn 0.0000 0.9846 -0.1750
vn 0.0000 0.9846 -0.1751
vn -0.3332 -0.9113 0.2421
vn -0.3332 -0.9113 -0.2421
vn 0.1273 -0.9112 -0.3917
vn 0.4119 -0.9112 0.0000
vn 0.1273 -0.9112 0.3917
vn -0.0631 -0.8905 0.4506
vn 0.3159 -0.8905 0.3275
vn 0.4090 -0.8905 0.1992
vn 0.4090 -0.8905 -0.1992
vn 0.3159 -0.8905 -0.3275
vn -0.0631 -0.8905 -0.4506
vn -0.2138 -0.8905 -0.4016
vn -0.4480 -0.8905 -0.0793
vn -0.4480 -0.8905 0.0793
vn -0.2138 -0.8905 0.4016
vn -0.0000 0.0011 -1.0000
vn 0.0008 -0.0004 -1.0000
vn 0.0013 -0.0007 -1.0000
vn 0.0010 -0.0001 -1.0000
vn 0.0001 -0.0007 -1.0000
vn -0.0001 -0.0008 -1.0000
vn 0.0000 -0.0008 -1.0000
vn -0.0003 -0.0008 -1.0000
vn -0.5364 -0.7000 0.4714
vn -0.2734 -0.8456 0.4585
vn -0.2614 -0.8376 0.4797
vn -0.6026 -0.6485 0.4650
vn -0.8478 -0.1966 0.4925
vn -0.8585 -0.1608 0.4870
vn -0.8551 0.1544 0.4950
vn -0.8557 0.1531 0.4943
vn -0.7431 0.4499 0.4954
vn -0.7436 0.4495 0.4950
vn -0.4396 0.7493 0.4953
vn -0.4390 0.7493 0.4958
vn -0.1235 0.8598 0.4954
vn -0.1231 0.8597 0.4958
vn 0.1225 0.8600 0.4954
vn 0.1214 0.8599 0.4958
vn 0.4402 0.7487 0.4957
vn 0.4397 0.7492 0.4953
vn 0.7437 0.4493 0.4950
vn 0.7438 0.4487 0.4955
vn 0.8554 0.1549 0.4943
vn 0.8553 0.1534 0.4950
vn 0.8504 -0.2108 0.4820
vn 0.8527 -0.1682 0.4945
vn 0.5602 -0.6908 0.4572
vn 0.6092 -0.6267 0.4859
vn 0.3371 -0.8255 0.4527
vn 0.3405 -0.8155 0.4680
vn -0.3446 -0.3162 -0.8839
vn -0.1957 -0.4544 -0.8690
vn -0.1948 -0.4485 -0.8723
vn -0.3103 -0.3828 -0.8702
vn -0.4567 -0.0711 -0.8868
vn -0.4595 -0.0996 -0.8826
vn -0.4528 0.0827 -0.8878
vn -0.4530 0.0847 -0.8875
vn -0.3930 0.2392 -0.8879
vn -0.3929 0.2400 -0.8877
vn -0.2325 0.3978 -0.8875
vn -0.2333 0.3971 -0.8876
vn -0.0650 0.4570 -0.8871
vn -0.0654 0.4566 -0.8873
vn 0.0659 0.4568 -0.8871
vn 0.0696 0.4560 -0.8873
vn 0.2321 0.3977 -0.8877
vn 0.2329 0.3976 -0.8875
vn 0.3931 0.2397 -0.8877
vn 0.3924 0.2404 -0.8878
vn 0.4533 0.0826 -0.8875
vn 0.4526 0.0843 -0.8877
vn 0.4603 -0.0684 -0.8851
vn 0.4563 -0.0921 -0.8851
vn 0.3541 -0.3158 -0.8803
vn 0.3179 -0.3614 -0.8766
vn 0.2092 -0.4535 -0.8664
vn 0.2047 -0.4476 -0.8705
vn -0.3742 -0.9273 0.0000
vn -0.6920 -0.7219 0.0000
vn -0.9838 -0.1794 0.0000
vn -0.9836 0.1801 -0.0000
vn -0.8547 0.5192 0.0001
vn -0.5067 0.8621 0.0005
vn -0.1428 0.9898 0.0011
vn 0.1427 0.9898 0.0011
vn 0.5068 0.8621 0.0006
vn 0.8547 0.5192 0.0001
vn 0.9836 0.1801 0.0000
vn 0.9838 -0.1794 0.0000
vn 0.7083 -0.7059 0.0000
vn 0.4159 -0.9094 -0.0000
vn -0.1590 -0.3901 0.9069
vn -0.2983 -0.2733 0.9145
vn -0.3908 -0.0578 0.9187
vn -0.3846 0.0697 0.9204
vn -0.3340 0.2022 0.9206
vn -0.1984 0.3355 0.9209
vn -0.0565 0.3854 0.9210
vn 0.0562 0.3857 0.9209
vn 0.1988 0.3356 0.9208
vn 0.3339 0.2017 0.9208
vn 0.3842 0.0698 0.9206
vn 0.3876 -0.0601 0.9199
vn 0.2971 -0.2628 0.9180
vn 0.1832 -0.3812 0.9061
vn -0.6007 -0.6494 -0.4663
vn -0.2954 -0.8488 -0.4385
vn -0.2993 -0.8378 -0.4566
vn -0.5433 -0.7190 -0.4334
vn -0.8628 -0.1703 -0.4760
vn -0.8602 -0.2123 -0.4637
vn -0.8654 0.1557 -0.4762
vn -0.8655 0.1571 -0.4756
vn -0.7522 0.4550 -0.4766
vn -0.7521 0.4557 -0.4761
vn -0.4439 0.7594 -0.4757
vn -0.4443 0.7589 -0.4761
vn -0.1234 0.8714 -0.4748
vn -0.1236 0.8711 -0.4753
vn 0.1243 0.8713 -0.4748
vn 0.1239 0.8711 -0.4753
vn 0.4433 0.7594 -0.4762
vn 0.4439 0.7594 -0.4757
vn 0.7521 0.4558 -0.4761
vn 0.7515 0.4563 -0.4765
vn 0.8658 0.1553 -0.4756
vn 0.8653 0.1566 -0.4763
vn 0.8683 -0.1631 -0.4684
vn 0.8578 -0.1983 -0.4742
vn 0.6218 -0.6416 -0.4492
vn 0.5650 -0.6867 -0.4574
vn 0.3261 -0.8391 -0.4354
vn 0.3138 -0.8336 -0.4545
vn -0.9996 0.0001 0.0296
vn -1.0000 0.0001 0.0000
vn -0.9996 -0.0000 0.0287
vn -0.9992 -0.0240 0.0335
vn -0.9992 -0.0150 0.0367
vn -0.9990 0.0147 0.0416
vn -0.9984 0.0396 0.0396
vn 0.0266 -0.4504 0.8924
vn -0.1276 -0.6888 0.7136
vn -0.0101 -0.5029 0.8643
vn 0.1371 -0.1933 0.9715
vn 0.1584 -0.1599 0.9743
vn 0.2734 -0.1881 0.9433
vn 0.2493 -0.1578 0.9555
vn 0.3474 -0.4553 0.8198
vn 0.3586 -0.5093 0.7823
vn 0.4071 -0.6890 0.5996
vn -0.4674 0.0000 -0.8841
vn 0.4781 0.0000 -0.8783
vn -0.9547 0.0000 -0.2975
vn -0.9563 0.0000 0.2924
vn -0.4668 0.0000 0.8844
vn 0.4647 0.0000 0.8855
vn 0.9550 0.0000 0.2967
vn 0.9588 0.0000 -0.2840
vn -0.2926 0.8398 0.4573
vn -0.2961 0.8287 0.4750
vn -0.5947 0.6414 0.4847
vn -0.5363 0.7132 0.4513
vn -0.8502 0.1852 0.4928
vn -0.8471 0.2280 0.4800
vn -0.8580 -0.1365 0.4952
vn -0.8584 -0.1370 0.4944
vn -0.7437 -0.4487 0.4955
vn -0.7437 -0.4493 0.4950
vn -0.4397 -0.7492 0.4953
vn -0.4402 -0.7486 0.4958
vn -0.1225 -0.8600 0.4954
vn -0.1227 -0.8597 0.4958
vn 0.1235 -0.8598 0.4954
vn 0.1231 -0.8597 0.4958
vn 0.4390 -0.7493 0.4958
vn 0.4396 -0.7493 0.4953
vn 0.7436 -0.4495 0.4950
vn 0.7431 -0.4499 0.4954
vn 0.8585 -0.1363 0.4944
vn 0.8580 -0.1366 0.4952
vn 0.8560 0.1782 0.4854
vn 0.8447 0.2139 0.4906
vn 0.6156 0.6342 0.4678
vn 0.5579 0.6804 0.4752
vn 0.3224 0.8307 0.4539
vn 0.3104 0.8247 0.4728
vn -0.1670 0.3875 0.9066
vn -0.1655 0.3828 0.9089
vn -0.2930 0.2682 0.9177
vn -0.2633 0.3284 0.9071
vn -0.3876 0.0678 0.9193
vn -0.3902 0.0933 0.9160
vn -0.3853 -0.0625 0.9207
vn -0.3856 -0.0632 0.9205
vn -0.3339 -0.2017 0.9208
vn -0.3338 -0.2025 0.9206
vn -0.1989 -0.3355 0.9208
vn -0.1995 -0.3349 0.9209
vn -0.0562 -0.3857 0.9209
vn -0.0567 -0.3854 0.9210
vn 0.0570 -0.3855 0.9209
vn 0.0615 -0.3847 0.9210
vn 0.1984 -0.3354 0.9209
vn 0.1992 -0.3353 0.9208
vn 0.3339 -0.2021 0.9207
vn 0.3333 -0.2028 0.9208
vn 0.3857 -0.0625 0.9205
vn 0.3852 -0.0630 0.9207
vn 0.3908 0.0654 0.9181
vn 0.3873 0.0867 0.9179
vn 0.3012 0.2681 0.9151
vn 0.2699 0.3091 0.9119
vn 0.1785 0.3871 0.9046
vn 0.1746 0.3818 0.9076
vn -0.3742 0.9274 0.0000
vn -0.6921 0.7218 0.0000
vn -0.9800 0.1991 -0.0000
vn -0.9871 -0.1603 0.0000
vn -0.8547 -0.5191 0.0001
vn -0.5069 -0.8620 0.0005
vn -0.1427 -0.9898 0.0011
vn 0.1427 -0.9898 0.0010
vn 0.5068 -0.8620 0.0005
vn 0.8547 -0.5191 0.0002
vn 0.9871 -0.1603 -0.0000
vn 0.9800 0.1991 0.0000
vn 0.7083 0.7059 -0.0000
vn 0.4159 0.9094 -0.0000
vn -0.1865 0.4575 -0.8694
vn -0.3503 0.3222 -0.8795
vn -0.4602 0.0775 -0.8844
vn -0.4547 -0.0740 -0.8876
vn -0.3931 -0.2397 -0.8877
vn -0.2320 -0.3978 -0.8877
vn -0.0653 -0.4566 -0.8873
vn 0.0650 -0.4570 -0.8871
vn 0.2326 -0.3978 -0.8875
vn 0.3930 -0.2392 -0.8879
vn 0.4542 -0.0741 -0.8878
vn 0.4565 0.0802 -0.8861
vn 0.3496 0.3098 -0.8842
vn 0.2152 0.4464 -0.8686
vn -0.3332 -0.9112 0.2421
vn -0.3332 -0.9112 -0.2421
vn 0.4091 -0.8905 0.1992
vn 0.4091 -0.8905 -0.1992
vn -0.0008 1.0000 0.0000
vn -0.0002 -1.0000 0.0001
vn -0.0001 -1.0000 -0.0002
vn -0.0001 -1.0000 0.0001
vn 0.0011 -1.0000 0.0000
vn -0.0000 0.0000 1.0000
vn 0.0001 -0.0002 1.0000
vn 0.0001 -0.0000 1.0000
vn 0.0001 -1.0000 0.0001
vn -0.0000 0.0001 1.0000
vn -0.0000 -0.0001 1.0000
vn -0.4780 0.0000 -0.8783
vn 0.4674 0.0000 -0.8841
vn 0.9547 0.0000 -0.2975
vn 0.9563 0.0000 0.2925
vn 0.4668 0.0000 0.8844
vn -0.4647 0.0000 0.8855
vn -0.9550 0.0000 0.2967
vn -0.9588 0.0000 -0.2839
vn 0.0001 -0.7071 -0.7071
vn -0.0000 -0.9239 0.3826
vn 0.0000 0.9239 -0.3826
vn -0.0002 0.7071 0.7071
vn -0.0001 0.0000 -1.0000
vn -0.0016 1.0000 0.0000
vn 0.0001 1.0000 0.0000
vn -0.0000 0.9239 0.3826
vn -0.0006 -1.0000 0.0000
vn 0.3986 0.0000 0.9171
vn 0.9303 0.0000 0.3667
vn 0.9304 0.0000 0.3666
vn 0.9303 -0.0000 -0.3668
vn 0.9303 0.0000 -0.3667
vn 0.3986 -0.0000 -0.9171
vn 0.3986 -0.0001 -0.9171
vn -0.3986 0.0000 0.9171
vn -0.3984 0.0000 0.9172
vn -0.9303 -0.0000 0.3667
vn -0.9303 0.0000 -0.3667
vn -0.3986 0.0000 -0.9171
vn -0.0000 -0.0001 -1.0000
vn -0.2045 0.9296 -0.3068
vn -0.2045 0.9295 0.3069
vn 0.2045 0.9295 0.3068
vn 0.2045 0.9295 -0.3068
vn 0.3508 0.8814 -0.3163
vn 0.3508 0.8814 0.3163
vn -0.3508 0.8814 0.3163
vn -0.3508 0.8814 -0.3163
vn -0.0007 1.0000 -0.0000
vn 0.0007 -1.0000 0.0000
vn 0.0002 -1.0000 0.0002
vn 0.0001 -0.0001 -1.0000
vn -1.0000 -0.0001 0.0000
vn -1.0000 -0.0001 0.0001
vn -1.0000 -0.0002 -0.0001
vn -0.0005 -1.0000 -0.0005
vn 0.0000 0.4781 -0.8783
vn 0.0000 -0.4674 -0.8841
vn 0.0000 -0.9547 -0.2975
vn 0.0000 -0.9563 0.2924
vn 0.0000 -0.4668 0.8844
vn 0.0000 0.4647 0.8855
vn 0.0000 0.9550 0.2967
vn 0.0000 0.9588 -0.2839
vn 0.6098 -0.3580 -0.7071
vn 0.6089 -0.3580 -0.7079
vn 0.3594 -0.6090 -0.7071
vn 0.3590 -0.6084 -0.7078
vn 0.0979 -0.7011 -0.7063
vn 0.0974 -0.7004 -0.7071
vn -0.0002 -0.7072 -0.7070
vn -0.0001 -0.7072 -0.7070
vn -0.0991 -0.7001 -0.7071
vn -0.0990 -0.7009 -0.7063
vn -0.3579 -0.6089 -0.7079
vn -0.3580 -0.6098 -0.7071
vn -0.6089 -0.3595 -0.7071
vn -0.6083 -0.3591 -0.7078
vn -0.7011 -0.0982 -0.7063
vn -0.7003 -0.0976 -0.7072
vn -0.7073 -0.0012 -0.7069
vn -0.7071 -0.0012 -0.7071
vn -0.7071 -0.0103 -0.7071
vn -0.7071 -0.0026 -0.7071
vn 0.7071 -0.0002 -0.7071
vn 0.7072 -0.0002 -0.7070
vn 0.6999 -0.0990 -0.7073
vn 0.7009 -0.0989 -0.7063
vn 0.6083 -0.3591 0.7078
vn 0.3581 -0.6098 0.7071
vn 0.0991 -0.7008 0.7064
vn 0.0001 -0.7071 0.7071
vn -0.0975 -0.7003 0.7072
vn -0.3590 -0.6083 0.7079
vn -0.6098 -0.3580 0.7071
vn -0.7009 -0.0989 0.7064
vn -0.7072 -0.0022 0.7070
vn -0.6355 -0.0067 0.7721
vn 0.7002 -0.0976 0.7072
vn 0.0000 0.9588 -0.2840
vn -1.0000 0.0001 -0.0001
vn -0.6355 -0.0068 0.7721
vn 1.0000 0.0000 -0.0001
vn 1.0000 -0.0001 -0.0000
vn 1.0000 0.0000 0.0001
vn 1.0000 0.0002 -0.0001
vn 0.6339 -0.7734 -0.0008
vn 0.6339 -0.7734 -0.0009
vn 0.6338 -0.7733 0.0154
vn 0.6338 -0.7733 0.0157
vn 0.6336 -0.7730 0.0318
vn 0.6336 -0.7730 0.0319
vn -0.0002 0.0001 -1.0000
vn 1.0000 -0.0000 -0.0002
vn 1.0000 0.0001 0.0001
vn 0.7536 -0.5994 0.2699
vn 0.7427 -0.6278 -0.2330
vn 0.7105 -0.2815 -0.6449
vn 0.7037 -0.2885 -0.6493
vn 0.7359 0.2656 -0.6228
vn 0.7388 0.2641 -0.6200
vn 0.7429 0.6293 -0.2282
vn 0.7511 0.6023 0.2703
vn 0.7586 0.2486 0.6023
vn 0.7600 0.2467 0.6012
vn 0.7565 -0.2509 0.6040
vn 0.7049 0.2646 0.6581
vn 0.6770 -0.2777 0.6816
vn 0.7427 -0.6278 -0.2329
vn 0.7037 -0.2884 -0.6493
vn 0.7360 0.2656 -0.6227
vn 0.7460 0.6268 -0.2247
vn 0.7586 0.2485 0.6023
vn 0.7565 -0.2510 0.6039
vn 0.7558 -0.2513 0.6046
vn 0.7049 0.2647 0.6581
vn 0.7105 -0.2815 -0.6450
vn 0.6597 -0.7001 -0.2733
vn 0.6540 0.2887 -0.6993
vn -0.7534 -0.5996 0.2698
vn -0.7522 -0.6009 0.2703
vn -0.7557 -0.2503 0.6052
vn -0.7565 -0.2493 0.6046
vn -0.7600 0.2497 0.6000
vn -0.7588 0.2505 0.6012
vn -0.7529 0.5999 0.2707
vn -0.7511 0.6013 0.2724
vn -0.7464 0.6247 -0.2295
vn -0.7434 0.6276 -0.2313
vn -0.7392 0.2673 -0.6182
vn -0.7359 0.2707 -0.6206
vn -0.7040 -0.2755 -0.6546
vn -0.7098 -0.2723 -0.6497
vn -0.7353 -0.6378 -0.2292
vn -0.7420 -0.6328 -0.2211
vn -0.6584 0.7014 -0.2730
vn -0.6549 0.2894 -0.6981
vn -0.6499 -0.2892 -0.7028
vn -0.6577 -0.7021 -0.2729
vn -0.6647 -0.6817 0.3058
vn -0.6740 -0.2763 0.6851
vn -0.7102 0.2695 0.6504
vn -0.6751 0.6721 0.3041
vn -0.7600 0.2496 0.6000
vn -0.7392 0.2674 -0.6182
vn -0.7360 0.2707 -0.6205
vn -0.7040 -0.2756 -0.6546
vn -0.7098 -0.2724 -0.6496
vn -0.7353 -0.6378 -0.2291
vn -0.7421 -0.6328 -0.2211
vn -0.6583 0.7015 -0.2730
vn -0.6740 -0.2762 0.6851
vn -0.7103 0.2695 0.6503
vn -0.7523 -0.6009 0.2703
vn -0.7512 0.6013 0.2724
vn -0.7102 0.2695 0.6503
vn 0.7510 0.6024 0.2703
vn -0.7434 0.6276 -0.2314
vn -0.7103 0.2694 0.6503
vn -0.7534 -0.5997 0.2698
vn -0.7600 0.2498 0.6000
vn -0.7360 0.2708 -0.6205
vn -0.7039 -0.2756 -0.6546
vn -0.6741 -0.2761 0.6851
vn -0.7529 0.5999 0.2705
vn -0.7434 0.6275 -0.2313
vn -0.7358 0.2706 -0.6208
vn -0.7042 -0.2752 -0.6545
vn -0.7098 -0.2721 -0.6497
vn -0.6583 0.7014 -0.2730
vn -0.6550 0.2893 -0.6981
vn -0.6741 -0.2765 0.6850
vn -0.7100 0.2695 0.6505
vn -0.5004 0.4996 -0.7071
vn -0.5010 0.4990 -0.7071
vn 0.5953 0.6534 -0.4677
vn 0.6619 0.7038 -0.2580
vn 0.7067 0.7067 0.0355
vn 0.7070 0.7070 0.0175
vn 0.9536 0.0067 0.3009
vn 0.9540 0.0132 0.2995
vn 0.8624 -0.1122 0.4936
vn 0.7678 0.2086 0.6058
vn 0.5957 -0.3037 0.7436
vn 0.5997 -0.2936 0.7444
vn 0.5109 -0.4808 0.7126
vn 0.5141 -0.4856 0.7070
vn -0.2766 -0.9111 -0.3057
vn -0.2160 -0.8141 -0.5391
vn 0.3349 -0.6119 -0.7165
vn 0.4858 -0.5123 -0.7082
vn 0.6946 0.0000 0.7194
vn 0.3746 0.0000 0.9272
vn 0.9205 -0.0000 0.3908
vn 0.9205 -0.0000 -0.3908
vn 0.3746 0.0000 -0.9272
vn 0.6946 0.0000 -0.7194
vn -0.3746 0.0000 0.9272
vn -0.6946 0.0000 0.7194
vn -0.9205 -0.0000 0.3908
vn -0.9205 0.0000 -0.3908
vn -0.9188 0.0000 -0.3947
vn -0.6946 0.0001 -0.7194
vn -0.3746 0.0000 -0.9272
vn -0.8613 0.4768 -0.1755
vn -0.8740 0.4294 -0.2275
vn -0.6620 0.3831 -0.6442
vn -0.5234 0.4741 -0.7080
vn 0.7115 -0.2244 -0.6659
vn 0.7169 -0.2251 -0.6599
vn 0.6375 -0.3322 -0.6952
vn 0.6350 -0.3325 -0.6973
vn 0.5631 -0.5531 -0.6140
vn 0.5614 -0.5545 -0.6143
vn 0.4913 -0.7754 -0.3968
vn 0.4918 -0.7747 -0.3975
vn 0.4536 -0.8832 -0.1193
vn 0.4548 -0.8825 -0.1201
vn 0.4923 -0.7537 0.4353
vn 0.4945 -0.8019 0.3352
vn 0.6044 -0.3240 0.7278
vn 0.6259 -0.3661 0.6886
vn 0.7529 -0.1518 0.6403
vn 0.7559 -0.1528 0.6366
vn 0.5618 -0.1859 0.8061
vn 0.7064 -0.1144 0.6985
vn 0.7815 0.1168 0.6129
vn 0.8544 0.3338 0.3982
vn 0.8886 0.4423 0.1215
vn 0.8704 0.3699 -0.3249
vn 0.7495 0.0312 -0.6613
vn 0.5407 -0.1232 -0.8321
vn -0.5693 0.1679 0.8048
vn -0.6349 0.3329 0.6972
vn -0.5609 0.5569 0.6126
vn -0.4920 0.7729 0.4007
vn -0.4548 0.8826 0.1187
vn -0.4835 0.8148 -0.3199
vn -0.6177 0.3808 -0.6880
vn -0.6012 0.1214 -0.7898
vn 0.5588 0.8293 -0.0000
vn 0.5588 0.8293 -0.0002
vn 0.5589 0.8292 -0.0000
vn 0.5589 0.8293 0.0000
vn -0.3985 0.0000 -0.9172
vn -0.3985 0.0000 0.9172
vn -0.5588 -0.8293 -0.0000
vn -0.5589 -0.8292 0.0002
vn -0.5588 -0.8293 -0.0001
vn -0.7071 0.0001 -0.7071
vn 0.5054 0.8629 -0.0000
vn 0.5053 0.8630 -0.0001
vn 0.5053 0.8629 -0.0001
vn 0.5055 0.8628 0.0000
vn -0.5054 -0.8629 -0.0000
vn -0.5055 -0.8629 0.0000
vn -0.5053 -0.8629 -0.0002
vn 0.0002 0.7071 -0.7071
vn -0.0001 -0.7071 0.7071
vn 0.0000 -0.9239 -0.3826
vn 0.0002 -0.0001 -1.0000
vn -0.0001 0.0001 -1.0000
vn 0.0001 0.0001 -1.0000
vn -0.0001 -0.0001 -1.0000
vn -0.5236 0.8519 -0.0000
vn -0.7658 0.6431 -0.0000
vn 0.1213 0.9926 -0.0000
vn 0.6431 0.7658 -0.0000
vn 0.9567 0.2911 -0.0000
vn 0.9296 -0.3685 -0.0000
vn 0.7659 -0.6430 -0.0000
vn 0.1052 -0.9852 0.1355
vn 0.0950 -0.9861 0.1366
vn 0.4268 -0.8909 0.1553
vn 0.2967 -0.9449 0.1383
vn 0.1270 -0.9858 0.1102
vn -0.5804 -0.8130 -0.0478
vn -0.0015 -0.0108 0.9999
vn -0.0014 -0.0108 0.9999
vn -0.0014 -0.0109 0.9999
vn -0.0015 -0.0110 0.9999
vn -0.0774 -0.6834 0.7259
vn -0.5911 -0.2281 0.7737
vn -0.0775 -0.6833 0.7260
vn 0.0014 0.0109 -0.9999
vn 0.0014 0.0108 -0.9999
vn 0.0001 0.0102 -0.9999
vn 0.0013 0.0108 -0.9999
vn 0.0001 0.0000 -1.0000
vn -0.0013 -0.0108 0.9999
vn -0.0014 -0.0107 0.9999
vn -0.8431 -0.5378 0.0000
vn -0.9697 -0.2441 0.0000
vn -0.9106 0.4134 -0.0000
vn -0.5377 0.8431 -0.0000
vn 0.0092 1.0000 0.0000
vn 0.6302 0.7765 0.0000
vn 0.8431 0.5377 -0.0000
vn 0.0001 0.0103 -0.9999
vn -0.6338 -0.7733 0.0157
vn -0.6338 -0.7733 0.0153
vn -0.6336 -0.7730 0.0319
vn -0.6335 -0.7731 0.0318
vn 0.0000 -0.0108 0.9999
vn -0.0000 -0.0109 0.9999
vn -0.0001 -0.0109 0.9999
vn 0.0001 -0.0109 0.9999
vn -0.3042 0.5859 -0.7511
vn -0.1148 0.9932 0.0167
vn -0.1198 0.8108 0.5729
vn -0.2948 0.3123 -0.9031
vn -0.1343 0.7229 0.6777
vn 0.0000 0.9031 -0.4295
vn 0.0000 0.0110 -0.9999
vn 0.0000 0.0109 -0.9999
vn 0.0000 -0.0110 0.9999
vn 0.0001 -0.0108 0.9999
vn 0.0000 0.0108 -0.9999
vn -0.3423 0.6629 -0.6659
vn -0.3456 0.6672 -0.6599
vn -0.2136 0.6864 -0.6952
vn -0.2118 0.6848 -0.6973
vn -0.0045 0.7893 -0.6140
vn -0.0022 0.7890 -0.6144
vn 0.2038 0.8950 -0.3968
vn 0.2030 0.8949 -0.3975
vn 0.3069 0.9442 -0.1193
vn 0.3055 0.9446 -0.1199
vn 0.1878 0.8805 0.4353
vn 0.2204 0.9160 0.3352
vn -0.1640 0.6768 0.7177
vn -0.1380 0.7240 0.6759
vn -0.3320 0.6599 0.6740
vn -0.3327 0.6621 0.6716
vn 0.0012 0.9935 0.1140
vn 0.0014 0.9936 0.1131
vn 0.0025 0.9427 0.3337
vn 0.0027 0.9414 0.3373
vn 0.0051 0.8151 0.5793
vn 0.0052 0.8184 0.5746
vn 0.0066 0.5982 0.8013
vn 0.0065 0.5911 0.8065
vn 0.0025 0.3520 0.9360
vn 0.0026 0.3491 0.9371
vn 0.0025 0.1207 0.9927
vn 0.0024 0.1176 0.9931
vn 0.0024 -0.1176 0.9931
vn 0.0024 -0.1206 0.9927
vn 0.0026 -0.3492 0.9371
vn 0.0026 -0.3521 0.9360
vn 0.0069 -0.5985 0.8011
vn 0.0062 -0.5914 0.8063
vn 0.0054 -0.8149 0.5795
vn 0.0049 -0.8182 0.5749
vn 0.0024 -0.9415 0.3370
vn 0.0027 -0.9428 0.3334
vn 0.0014 -0.9934 0.1144
vn 0.0012 -0.9935 0.1134
vn 0.0113 -0.9999 -0.0000
vn -0.2641 0.5295 0.8061
vn -0.4167 0.5818 0.6984
vn -0.6337 0.4720 0.6129
vn -0.8390 0.3708 0.3982
vn -0.9401 0.3186 0.1215
vn -0.8759 0.3568 -0.3249
vn -0.5109 0.5316 -0.6756
vn -0.2512 0.5260 -0.8125
vn 1.0000 0.0001 -0.0001
vn 1.0000 0.0002 0.0000
vn 1.0000 0.0001 -0.0000
vn 0.2822 -0.5221 0.8048
vn 0.2114 -0.6851 0.6971
vn 0.0002 -0.7905 0.6125
vn -0.2016 -0.8938 0.4007
vn -0.3056 -0.9447 0.1187
vn -0.2372 -0.9173 -0.3199
vn 0.1379 -0.7197 -0.6805
vn 0.2592 -0.5159 -0.8165
vn -0.0013 0.0001 -1.0000
vn -0.0008 0.0002 -1.0000
vn -0.0004 0.0006 -1.0000
vn 0.6156 0.6344 -0.4675
vn 0.3404 0.8341 -0.4341
vn 0.3442 0.8242 -0.4497
vn 0.5672 0.6968 -0.4391
vn 0.8601 0.1877 -0.4743
vn 0.8568 0.2297 -0.4616
vn 0.8682 -0.1386 -0.4765
vn 0.8685 -0.1391 -0.4757
vn 0.7522 -0.4550 -0.4766
vn 0.7521 -0.4557 -0.4761
vn 0.4439 -0.7594 -0.4757
vn 0.4443 -0.7589 -0.4761
vn 0.1234 -0.8714 -0.4748
vn 0.1236 -0.8711 -0.4753
vn -0.1243 -0.8713 -0.4748
vn -0.1239 -0.8711 -0.4753
vn -0.4433 -0.7594 -0.4762
vn -0.4439 -0.7594 -0.4757
vn -0.7521 -0.4558 -0.4761
vn -0.7515 -0.4563 -0.4765
vn -0.8687 -0.1384 -0.4757
vn -0.8682 -0.1386 -0.4765
vn -0.8657 0.1806 -0.4668
vn -0.8546 0.2158 -0.4723
vn -0.6085 0.6560 -0.4464
vn -0.5434 0.7063 -0.4538
vn -0.2766 0.8545 -0.4397
vn -0.2644 0.8470 -0.4612
vn 0.9956 -0.0938 0.0000
vn 0.8810 -0.4731 -0.0000
vn 0.8810 -0.4732 0.0000
vn 0.4986 -0.8668 -0.0000
vn 0.4987 -0.8668 0.0000
vn 0.1350 -0.9909 -0.0000
vn 0.1349 -0.9909 0.0000
vn -0.0001 -1.0000 -0.0001
vn -0.1351 -0.9908 -0.0000
vn -0.1349 -0.9909 -0.0000
vn -0.4988 -0.8667 0.0000
vn -0.4987 -0.8668 0.0000
vn -0.8810 -0.4730 0.0000
vn -0.8810 -0.4731 0.0000
vn -0.9956 -0.0936 -0.0000
vn -0.9956 -0.0937 0.0000
vn 0.9822 0.1879 -0.0001
vn 0.9822 0.1880 -0.0000
vn 0.9822 0.1879 0.0000
vn -0.7048 0.0669 0.7062
vn -0.6218 0.3357 0.7076
vn -0.3534 0.6116 0.7078
vn -0.0969 0.7004 0.7071
vn -0.0001 0.7071 0.7071
vn 0.0959 0.7013 0.7064
vn 0.3543 0.6125 0.7066
vn 0.6224 0.3336 0.7081
vn 0.7037 0.0683 0.7072
vn 0.9683 0.2497 0.0002
vn 0.9684 0.2495 0.0001
vn 0.9684 0.2495 0.0000
vn 0.9683 0.2496 0.0000
vn 0.9684 0.2494 -0.0000
vn -0.0049 0.8182 0.5749
vn -0.0054 0.8149 0.5796
vn -0.0062 0.5914 0.8063
vn -0.0026 0.3491 0.9371
vn -0.0024 0.1176 0.9931
vn -0.0024 0.1206 0.9927
vn -0.0025 -0.3520 0.9360
vn -0.0026 -0.3490 0.9371
vn -0.0065 -0.5911 0.8065
vn -0.0066 -0.5982 0.8013
vn -0.9362 0.0551 0.3471
vn -0.8546 0.3881 0.3450
vn -0.6891 0.3976 0.6058
vn -0.6582 -0.2206 0.7198
vn -0.2273 -0.5829 0.7801
vn -0.1936 -0.6352 0.7477
vn -0.0200 -0.7015 0.7124
vn -0.0208 -0.7069 0.7070
vn 0.9499 0.2441 0.1954
vn 0.9660 0.1702 0.1947
vn 0.9776 0.1447 0.1530
vn 0.9918 -0.1170 0.0513
vn 0.8848 -0.2941 0.3615
vn 0.6586 -0.7436 0.1158
vn 0.1117 -0.9836 0.1413
vn -0.0482 -0.9829 0.1777
vn -0.5358 -0.7240 0.4345
vn -0.6414 -0.4127 0.6468
vn -0.8816 -0.0237 0.4715
vn -0.8160 0.1300 0.5632
vn -0.7951 0.0877 0.6002
vn -0.7673 0.2522 0.5896
vn 0.2844 -0.9387 -0.1947
vn 0.3303 -0.8935 -0.3044
vn 0.1999 -0.7070 -0.6784
vn 0.0328 -0.7068 -0.7067
vn -0.0000 -0.0022 -1.0000
vn 0.8552 0.4231 -0.2994
vn 0.7120 0.4542 -0.5355
vn 0.1497 0.7053 -0.6929
vn 0.0207 0.7069 -0.7070
vn 0.9743 0.2243 0.0216
vn 0.9728 0.2317 -0.0000
vn 0.9762 0.2043 0.0722
vn 0.9779 0.1733 0.1167
vn 0.9793 0.1194 0.1635
vn 0.9791 0.0725 0.1898
vn 0.9789 0.0224 0.2030
vn 0.9789 -0.0224 0.2029
vn 0.9791 -0.0726 0.1898
vn 0.9793 -0.1196 0.1634
vn 0.9779 -0.1732 0.1169
vn 0.9762 -0.2045 0.0720
vn 0.9743 -0.2244 0.0218
vn 0.7124 -0.7002 0.0469
vn 0.7413 -0.6351 0.2173
vn 0.7716 -0.5378 0.3397
vn 0.7872 -0.3644 0.4974
vn 0.7856 -0.2206 0.5781
vn 0.7821 -0.0632 0.6200
vn 0.7822 0.0627 0.6198
vn 0.7858 0.2211 0.5776
vn 0.7861 0.3678 0.4968
vn 0.7711 0.5372 0.3418
vn 0.7393 0.6384 0.2142
vn 0.7119 0.7005 0.0490
vn 0.6881 0.7257 -0.0000
vn -0.0000 0.9208 -0.3900
vn 0.0000 0.9955 -0.0945
vn -0.0000 0.5438 -0.8392
vn -0.0000 -0.5438 -0.8392
vn 0.0000 -0.9208 -0.3900
vn 0.4204 -0.0002 -0.9073
vn 0.4204 -0.0003 -0.9073
vn 0.4204 -0.0003 -0.9074
vn 0.6161 -0.7231 0.3123
vn 0.6370 -0.7093 0.3018
vn 0.2241 -0.7053 0.6726
vn 0.2226 -0.7084 0.6698
vn 0.0028 -0.7050 0.7092
vn -0.0063 -0.7071 0.7071
vn -0.7070 0.7070 0.0175
vn -0.7066 0.7067 0.0355
vn -0.9658 -0.0264 -0.2581
vn -0.8831 -0.0382 -0.4677
vn -0.1796 -0.7070 -0.6840
vn -0.0024 -0.7071 -0.7071
vn -0.2178 0.7088 -0.6710
vn 0.0064 0.7071 -0.7071
vn -0.6800 0.6219 -0.3883
vn -0.6430 -0.7658 0.0000
vn -0.6431 -0.7658 -0.0001
vn 0.7658 -0.6431 -0.0001
vn 0.7658 -0.6431 -0.0002
vn 0.7659 -0.6430 0.0001
vn -0.0001 0.0001 1.0000
vn -0.7067 -0.7068 0.0322
vn -0.7067 -0.7067 0.0322
vn -0.7068 -0.7067 0.0323
vn -0.7067 0.7067 0.0322
vn -0.7071 0.0008 -0.7071
vn -0.7071 0.0006 0.7071
vn -0.7067 -0.7068 0.0323
vn -0.7067 0.7067 0.0323
vn -0.7068 0.7067 0.0323
vn 0.0003 0.0000 1.0000
vn -0.0006 -0.0000 1.0000
vn -0.7071 -0.0006 0.7071
vn -0.7068 -0.7067 0.0322
vn 0.7071 -0.0010 0.7071
vn 0.7067 -0.7068 0.0322
vn 0.7067 -0.7067 0.0323
vn 0.7067 -0.7067 0.0322
vn 0.7068 -0.7067 0.0323
vn 0.7067 0.7067 0.0322
vn 0.7067 0.7067 0.0323
vn -0.7067 0.7068 0.0322
vn -0.7071 -0.0011 0.7071
vn -0.7067 -0.7067 0.0323
vn 0.7067 -0.7068 0.0323
vn 0.7071 0.0006 0.7071
vn 0.7068 -0.7067 0.0322
vn 0.7067 0.7068 0.0322
vn 0.7067 0.7068 0.0323
vn 0.7071 -0.0011 0.7071
vn 0.7071 -0.0025 0.7071
vn -0.2058 0.1734 0.9631
vn -0.1873 -0.0440 0.9813
vn -0.2302 -0.0371 0.9724
vn -0.2058 0.1733 0.9631
vn -0.1962 0.3453 0.9178
vn 0.0085 -0.5094 0.8605
vn -0.0175 -0.4549 0.8904
vn -0.1629 -0.1579 0.9739
vn -0.1361 -0.1879 0.9727
vn -0.2536 -0.1599 0.9540
vn -0.2719 -0.1935 0.9427
vn -0.3617 -0.5028 0.7851
vn -0.3400 -0.4507 0.8254
vn -0.1605 -0.4504 0.8783
vn -0.2739 -0.6889 0.6712
vn -0.1905 -0.5029 0.8431
vn -0.0689 -0.1933 0.9787
vn -0.0488 -0.1599 0.9859
vn 0.0702 -0.1881 0.9796
vn 0.0440 -0.1578 0.9865
vn 0.1684 -0.4553 0.8743
vn 0.1872 -0.5093 0.8400
vn 0.2728 -0.6890 0.6714
vn -0.7519 0.6154 0.2366
vn -0.7534 0.6094 0.2470
vn -0.7467 0.6143 -0.2552
vn -0.7442 0.6123 -0.2667
vn -0.7392 0.2672 -0.6182
vn -0.7357 0.2705 -0.6210
vn -0.7044 -0.2750 -0.6544
vn -0.7098 -0.2719 -0.6498
vn -0.7353 -0.6379 -0.2292
vn -0.7523 -0.6009 0.2702
vn -0.7534 -0.5996 0.2697
vn -0.7566 -0.2493 0.6045
vn -0.7588 0.2506 0.6012
vn -0.6567 -0.7129 -0.2460
vn -0.6629 -0.6704 0.3334
vn -0.6741 -0.2767 0.6849
vn -0.7098 0.2696 0.6507
vn -0.6549 0.2893 -0.6981
vn -0.6500 -0.2892 -0.7028
vn 0.8905 0.4091 -0.1992
vn 0.8905 0.4091 0.1992
vn 0.9112 0.4119 -0.0000
vn 0.8905 0.3159 -0.3275
vn 0.9112 0.1273 -0.3917
vn 0.8905 -0.0631 -0.4507
vn 0.8905 -0.2139 -0.4017
vn 0.9112 -0.3332 -0.2421
vn 0.8905 -0.4481 -0.0793
vn 0.8905 -0.4481 0.0793
vn 0.9112 -0.3332 0.2421
vn 0.8905 -0.2139 0.4017
vn 0.8905 -0.0631 0.4506
vn 0.9112 0.1273 0.3917
vn 0.8905 0.3159 0.3275
vn 0.0000 0.4780 -0.8783
vn -0.0000 0.9550 0.2966
vn -0.9113 -0.3332 -0.2421
vn -0.8905 -0.2138 -0.4016
vn -0.8905 -0.4480 -0.0793
vn -0.8905 -0.0631 -0.4506
vn -0.9112 0.1273 -0.3917
vn -0.8905 0.3159 -0.3274
vn -0.8905 0.4090 -0.1992
vn -0.9112 0.4119 0.0000
vn -0.8905 0.4090 0.1992
vn -0.8905 0.3159 0.3275
vn -0.9112 0.1273 0.3917
vn -0.8905 -0.0631 0.4506
vn -0.8905 -0.2138 0.4016
vn -0.9112 -0.3332 0.2421
vn -0.8905 -0.4480 0.0793
vn -0.9112 -0.3332 -0.2421
vn -0.8905 -0.2139 -0.4017
vn -0.8905 -0.4481 -0.0793
vn -0.8905 -0.0631 -0.4507
vn -0.9112 0.1273 -0.3918
vn -0.8904 0.3159 -0.3275
vn -0.8905 0.4091 -0.1993
vn -0.8905 0.4091 0.1993
vn -0.8905 -0.2139 0.4016
vn -0.8905 -0.4481 0.0793
vn -0.8646 -0.5024 0.0000
vn -0.6952 -0.7188 0.0000
vn -1.0000 0.0011 0.0000
vn -0.8641 0.5033 0.0000
vn -0.6952 0.7188 0.0000
vn 0.7071 -0.0001 0.7071
vn 0.4044 0.8389 -0.3643
vn 0.6716 0.6253 -0.3975
vn 0.8959 0.1656 -0.4123
vn 0.8950 -0.1467 -0.4213
vn 0.7787 -0.4740 -0.4109
vn 0.4622 -0.7860 -0.4106
vn 0.1887 0.3941 -0.8995
vn 0.2734 0.3063 -0.9118
vn 0.3675 0.0861 -0.9260
vn 0.3492 -0.0576 -0.9353
vn 0.3187 -0.1949 -0.9276
vn 0.1886 -0.3220 -0.9278
vn 0.0502 -0.3525 -0.9345
vn 0.1297 -0.8986 -0.4191
vn -0.0506 -0.3526 -0.9344
vn -0.1884 -0.3224 -0.9277
vn -0.3182 -0.1952 -0.9277
vn -0.3489 -0.0574 -0.9354
vn -0.3649 0.0800 -0.9276
vn -0.2661 0.3144 -0.9112
vn -0.1300 -0.8985 -0.4193
vn -0.4619 -0.7860 -0.4108
vn -0.7787 -0.4743 -0.4107
vn -0.8951 -0.1467 -0.4210
vn -0.8972 0.1633 -0.4103
vn -0.6614 0.6402 -0.3908
vn -0.3627 0.8555 -0.3695
vn -0.1544 0.3857 -0.9096
vn 0.4629 -0.7853 0.4111
vn 0.1306 -0.8976 0.4210
vn -0.6602 0.6388 0.3950
vn -0.8961 0.1657 0.4118
vn -0.8953 -0.1465 0.4207
vn -0.7794 -0.4734 0.4104
vn -0.4632 -0.7852 0.4109
vn -0.1303 -0.8978 0.4208
vn 0.0519 -0.3510 0.9349
vn 0.1906 -0.3208 0.9278
vn 0.7793 -0.4737 0.4102
vn -0.3691 0.8515 0.3724
vn -0.1677 0.3903 0.9053
vn -0.2679 0.3217 0.9082
vn -0.3681 0.0862 0.9258
vn -0.3500 -0.0573 0.9350
vn -0.3200 -0.1938 0.9274
vn -0.1909 -0.3205 0.9278
vn -0.0515 -0.3508 0.9350
vn 0.3196 -0.1941 0.9275
vn 0.8955 -0.1464 0.4203
vn 0.3656 0.0802 0.9273
vn 0.2716 0.3022 0.9137
vn 0.6726 0.6273 0.3926
vn 0.8974 0.1634 0.4098
vn 0.3497 -0.0571 0.9351
vn 0.3998 0.8424 0.3612
vn 0.1783 0.3919 0.9026
vn 0.0006 0.0000 1.0000
vn 0.9396 -0.3146 0.1350
vn 0.9867 0.1455 0.0719
vn 0.9305 -0.3431 -0.1285
vn 0.9936 0.0263 0.1095
vn 0.9013 0.1569 0.4037
vn 0.8963 -0.1656 0.4114
vn 0.9899 -0.0450 0.1347
vn 0.8806 -0.4355 0.1868
vn 0.9855 -0.1492 0.0806
vn 0.8737 -0.4482 -0.1890
vn 0.9837 -0.1670 -0.0665
vn 0.8664 -0.1915 -0.4612
vn 0.9810 -0.0757 -0.1786
vn 0.8686 0.1887 -0.4581
vn 0.9822 0.0716 -0.1739
vn 0.8718 0.4518 -0.1893
vn 0.9833 0.1693 -0.0662
vn 0.8814 0.4355 0.1828
vn 0.9083 -0.1838 -0.3758
vn 0.9303 0.1553 -0.3323
vn 0.9355 0.3337 -0.1162
vn 0.9395 0.3153 0.1339
vn 0.9437 0.1242 0.3066
vn 0.9415 -0.1288 0.3114
vn 0.9305 -0.3430 -0.1285
vn 0.9855 -0.1492 0.0807
vn 0.8718 0.4519 -0.1893
vn 0.6616 -0.7268 0.1845
vn -0.5105 -0.7491 0.4222
vn 0.1578 -0.6543 0.7396
vn -0.2054 -0.2221 0.9532
vn 0.6373 -0.2355 0.7338
vn 0.9151 0.4032 0.0000
vn 0.8050 0.5933 -0.0000
vn 1.0000 0.0038 -0.0000
vn 1.0000 0.0039 -0.0000
vn 0.9177 -0.3972 -0.0000
vn 0.8082 -0.5889 -0.0001
vn 0.8082 -0.5888 -0.0000
vn 0.0000 0.0023 -1.0000
vn 0.0000 -0.0024 1.0000
vn 0.0009 0.0000 -1.0000
vn -0.1547 -0.3863 0.9093
vn -0.2666 -0.3149 0.9109
vn -0.3628 -0.8557 0.3690
vn -0.6616 -0.6403 0.3902
vn -0.9010 -0.1457 0.4087
vn -0.8916 0.1637 0.4222
vn -0.7793 0.4737 0.4102
vn -0.4629 0.7853 0.4110
vn -0.1306 0.8976 0.4210
vn 0.0515 0.3508 0.9350
vn -0.0519 0.3510 0.9349
vn -0.1906 0.3209 0.9277
vn -0.3196 0.1941 0.9275
vn -0.3450 0.0637 0.9364
vn -0.3695 -0.0733 0.9263
vn 0.1303 0.8978 0.4207
vn 0.1909 0.3205 0.9278
vn 0.4632 0.7853 0.4108
vn 0.3200 0.1938 0.9274
vn 0.3453 0.0640 0.9363
vn 0.3720 -0.0794 0.9248
vn 0.2739 -0.3068 0.9115
vn 0.1890 -0.3948 0.8991
vn 0.6718 -0.6254 0.3969
vn 0.4045 -0.8390 0.3639
vn 0.8997 -0.1482 0.4107
vn 0.8914 0.1639 0.4225
vn 0.7794 0.4734 0.4104
vn 0.0001 -0.0010 -1.0000
vn -0.0000 0.9802 0.1982
vn -0.9743 0.2244 0.0218
vn -0.9762 0.2045 0.0720
vn -0.9779 0.1732 0.1169
vn -0.9793 0.1196 0.1634
vn -0.9791 0.0726 0.1898
vn -0.9789 0.0224 0.2029
vn -0.9789 -0.0224 0.2030
vn -0.9791 -0.0726 0.1898
vn -0.9793 -0.1194 0.1635
vn -0.9779 -0.1733 0.1167
vn -0.9762 -0.2043 0.0722
vn -0.9743 -0.2243 0.0216
vn 0.0008 0.0000 1.0000
vn 0.0000 -0.9955 -0.0945
vn 0.0001 -0.9955 -0.0945
vn -0.0000 0.0010 -1.0000
vn 0.9833 0.1693 -0.0663
vn 0.8718 0.4518 -0.1894
vn 0.8815 0.4355 0.1824
vn 0.9867 0.1457 0.0715
vn 0.8806 -0.4356 0.1866
vn 0.9855 -0.1492 0.0805
vn 0.8737 -0.4482 -0.1893
vn 0.9837 -0.1669 -0.0669
vn 0.9396 -0.3145 0.1348
vn 0.9305 -0.3428 -0.1290
vn 0.9083 -0.1837 -0.3758
vn 0.9355 0.3337 -0.1164
vn 0.9395 0.3155 0.1335
vn 0.9837 -0.1668 -0.0669
vn 0.8962 -0.1657 0.4115
vn 0.9899 -0.0450 0.1348
vn 0.9855 -0.1493 0.0805
vn 0.8736 -0.4482 -0.1893
vn 0.9355 0.3336 -0.1164
vn 0.9437 0.1241 0.3066
vn 0.9396 -0.3146 0.1348
vn 0.9868 0.1456 0.0715
vn 0.9305 -0.3429 -0.1290
vn 0.8664 -0.1915 -0.4613
vn 0.8815 0.4354 0.1824
vn 0.9936 0.0263 0.1094
vn 0.8806 -0.4356 0.1868
vn 0.4673 -0.0000 -0.8841
vn -0.4781 0.0000 -0.8783
vn 0.9563 -0.0000 0.2924
vn -0.4646 -0.0000 0.8855
vn -0.9550 0.0000 0.2966
vn -0.9588 -0.0000 -0.2840
vn 0.9892 -0.1323 0.0630
vn 0.9591 -0.0033 -0.2830
vn 0.2303 -0.4496 -0.8630
vn 0.0347 -0.9760 0.2149
vn 0.0252 -0.9822 0.1863
vn 0.0826 -0.9299 0.3585
vn 0.0919 -0.9179 0.3859
vn -0.1502 -0.5823 -0.7990
vn -0.1446 -0.5941 -0.7913
vn -0.1405 -0.4890 -0.8609
vn 0.1055 -0.1267 0.9863
vn 0.1070 -0.1197 0.9870
vn 0.0081 0.8139 0.5810
vn -0.0505 0.8966 0.4399
vn -0.0657 -0.5465 -0.8349
vn 0.2427 0.0020 0.9701
vn 0.2450 0.0184 0.9693
vn -0.2084 0.5699 -0.7948
vn 0.0001 -1.0000 0.0002
vn 0.0002 -1.0000 -0.0001
vn -0.9236 0.0000 0.3834
vn -0.3834 0.0000 0.9236
vn -0.9242 0.0000 -0.3820
vn -0.3819 0.0000 -0.9242
vn 0.3819 0.0000 0.9242
vn 0.9258 0.0000 0.3779
vn 0.9219 0.0000 -0.3874
vn 0.3835 0.0000 -0.9236
vn 0.9435 -0.0363 -0.3293
vn -0.9892 0.1339 0.0597
vn -0.0466 -0.9309 0.3624
vn -0.0413 -0.9182 0.3940
vn -0.0701 -0.9750 0.2109
vn -0.0748 -0.9812 0.1777
vn 0.1188 -0.4890 -0.8641
vn 0.1680 -0.5836 -0.7945
vn 0.1677 -0.5961 -0.7852
vn -0.1053 -0.1210 0.9871
vn -0.1073 -0.1283 0.9859
vn 0.0085 0.8877 0.4604
vn 0.0284 0.7924 0.6093
vn 0.0828 -0.5595 -0.8247
vn -0.2229 0.0015 0.9748
vn -0.2189 0.0188 0.9756
vn 0.2294 0.5838 -0.7788
vn 0.9677 -0.2522 0.0000
vn 0.7071 -0.7071 -0.0001
vn -0.9677 -0.2522 0.0000
vn -0.7071 -0.7071 -0.0000
vn -0.9690 -0.1244 -0.2134
vn -0.9550 -0.2849 -0.0829
vn -0.9425 -0.1227 -0.3108
vn -0.0003 1.0000 -0.0005
vn 0.2222 0.9512 -0.2142
vn -0.3317 0.7278 -0.6002
vn -0.1935 0.9192 -0.3430
vn 0.4052 0.9142 0.0044
vn 0.5996 0.7822 0.1692
vn 0.6037 0.7798 0.1657
vn 0.5422 0.7961 0.2687
vn 0.1128 0.4074 0.9063
vn -0.7071 -0.7071 -0.0008
vn -0.7071 0.7071 -0.0000
vn -0.7071 -0.7071 -0.0007
vn 0.7071 -0.7071 -0.0000
vn 0.7071 0.7071 -0.0000
vn 0.7071 -0.0006 0.7071
vn -0.5878 0.0000 -0.8090
vn -0.9511 0.0000 -0.3090
vn -0.9511 0.0000 0.3090
vn -0.5878 0.0000 0.8090
vn 0.5878 0.0000 0.8090
vn 0.9511 0.0000 0.3090
vn 0.9511 0.0000 -0.3090
vn 0.5878 0.0000 -0.8090
vn -0.0002 -1.0000 0.0003
vn -0.1273 -0.9112 0.3917
vn 0.2138 -0.8905 0.4016
vn 0.0631 -0.8905 0.4506
vn -0.3159 -0.8905 0.3275
vn -0.4118 -0.9113 -0.0000
vn -0.4090 -0.8905 0.1992
vn -0.4090 -0.8905 -0.1992
vn -0.1273 -0.9112 -0.3917
vn -0.3159 -0.8905 -0.3274
vn 0.0631 -0.8905 -0.4506
vn 0.3332 -0.9112 -0.2421
vn 0.2138 -0.8905 -0.4016
vn 0.4480 -0.8905 -0.0793
vn 0.3332 -0.9112 0.2421
vn 0.4480 -0.8905 0.0793
vn -0.0000 0.0393 0.9992
vn 0.9963 0.0865 0.0001
vn 0.9963 0.0864 0.0000
vn -0.9963 0.0865 0.0000
vn -0.9962 0.0865 0.0000
vn -0.0002 -0.0000 1.0000
vn 0.0001 0.0001 1.0000
vn -0.0000 -1.0000 -0.0024
vn -0.0001 -1.0000 -0.0025
vn 0.0001 -1.0000 -0.0025
vn 0.0001 -1.0000 -0.0026
vn 0.0017 -1.0000 -0.0026
vn -0.0001 -1.0000 -0.0026
vn 0.0000 -1.0000 -0.0025
vn 0.0001 -1.0000 -0.0024
vn -0.0001 -1.0000 -0.0024
vn -0.6338 -0.7733 0.0154
vn -0.6336 -0.7730 0.0318
vn -0.6338 -0.7733 0.0158
vn -0.6339 -0.7734 -0.0006
vn -0.6342 -0.7731 -0.0006
vn -0.7070 0.7070 0.0176
vn -0.7067 0.7067 0.0355
vn -0.0000 0.0024 1.0000
vn 0.0000 0.0023 1.0000
vn 0.0012 -1.0000 0.0000
vn -0.0013 0.0000 -1.0000
vn 1.0000 0.0037 -0.0000
vn 0.8083 -0.5888 0.0000
vn 0.9355 0.3336 -0.1161
vn 0.0537 0.9985 0.0121
vn -0.0382 0.9992 0.0131
vn 0.0335 0.9992 0.0210
vn -0.0564 0.9982 0.0208
vn -0.0537 0.9985 -0.0121
vn 0.0382 0.9992 -0.0131
vn -0.0335 0.9992 -0.0210
vn 0.0564 0.9982 -0.0208
vn 0.3509 0.8814 0.3162
vn -0.2045 0.9295 -0.3068
vn -0.3508 0.8814 -0.3164
vn 0.3508 0.8814 0.3162
vn -0.9958 -0.0787 0.0476
vn -0.9671 -0.2490 0.0516
vn -0.9549 -0.2923 0.0515
vn -0.9565 -0.2894 0.0365
vn -0.9889 -0.1410 0.0460
vn -0.9910 -0.1267 0.0442
vn -0.9667 -0.2532 0.0363
vn -0.9967 0.0653 0.0476
vn -0.9967 0.0653 0.0477
vn -0.9967 0.0654 0.0476
vn -0.9967 0.0653 0.0475
vn -0.9967 0.0661 0.0477
vn -0.9967 0.0654 0.0479
vn -0.9967 0.0652 0.0474
vn 0.9967 -0.0653 -0.0476
vn 0.9256 -0.3751 -0.0504
vn 0.9967 -0.0654 -0.0476
vn 0.9040 -0.4220 -0.0692
vn 0.5128 -0.8580 -0.0283
vn 0.9284 -0.0763 -0.3636
vn 0.9967 -0.0653 -0.0475
vn 0.9578 -0.2840 -0.0440
vn 0.9803 0.1459 -0.1331
vn 0.8943 -0.4475 -0.0013
vn 0.9074 -0.4180 -0.0432
vn 0.9280 -0.3700 -0.0441
vn 0.9886 -0.1439 -0.0449
vn 0.9811 -0.1884 -0.0448
vn 0.9708 -0.2353 -0.0473
vn 0.9912 -0.1249 -0.0430
vn 0.0000 0.9984 0.0574
vn -0.7707 0.6362 0.0366
vn 0.7707 0.6362 0.0366
vn 0.0007 0.0000 1.0000
vn 0.8431 0.5377 0.0001
vn 0.5377 -0.8431 -0.0000
vn 0.5377 -0.8432 0.0000
vn 0.5378 -0.8431 -0.0000
vn -0.0940 0.4911 -0.8660
vn -0.1628 0.8506 -0.5000
vn -0.1628 0.8506 0.5000
vn -0.0940 0.4911 0.8660
vn -0.9822 -0.1880 -0.0000
vn -0.9821 -0.1881 -0.0001
vn -0.1248 0.4842 -0.8660
vn -0.2161 0.8386 -0.5001
vn -0.2161 0.8386 0.5000
vn -0.1249 0.4841 0.8661
vn -0.9684 -0.2495 0.0000
vn -0.9683 -0.2496 -0.0001
vn 0.8139 0.1460 0.5623
vn 0.8713 -0.1305 0.4732
vn 0.6269 -0.3025 0.7180
vn 0.5423 -0.7395 0.3988
vn 0.0482 -0.9829 0.1778
vn -0.1117 -0.9837 0.1413
vn -0.6675 -0.7298 0.1476
vn -0.8681 -0.3987 0.2956
vn -0.9988 -0.0179 0.0466
vn -0.9771 0.0898 0.1927
vn -0.5791 -0.2222 0.7844
vn 0.2800 -0.2357 0.9306
vn 0.5286 -0.7264 0.4392
vn -0.1578 -0.6543 0.7396
vn -0.6385 -0.7491 0.1765
vn -0.2486 0.3592 0.8995
vn -0.8893 0.0894 0.4485
vn -0.5136 0.1776 0.8394
vn -0.9600 -0.0264 0.2786
vn -0.7750 -0.3739 0.5095
vn -0.6159 -0.6842 0.3906
vn -0.0744 -0.9749 0.2096
vn 0.0700 -0.9757 0.2076
vn 0.6273 -0.7000 0.3415
vn 0.7789 -0.2851 0.5587
vn 0.9586 -0.1221 0.2572
vn 0.9113 0.1530 0.3823
vn 0.8874 0.1749 0.4266
vn 0.8645 0.2633 0.4282
vn 0.6084 -0.7268 0.3187
vn -0.5875 -0.7491 0.3062
vn -0.0003 -0.6543 0.7562
vn -0.4001 -0.2221 0.8892
vn 0.4698 -0.2355 0.8508
vn -0.7071 -0.0025 -0.7071
vn -0.7071 0.0002 -0.7071
vn -0.6339 0.0001 0.7734
vn 0.8905 0.4090 0.1992
vn 0.8905 -0.0631 -0.4506
vn 0.8905 -0.2138 -0.4016
vn 0.9113 -0.3332 -0.2421
vn 0.8905 -0.4480 -0.0793
vn 0.8905 -0.4480 0.0793
vn 0.9113 -0.3332 0.2421
vn 0.8905 -0.2138 0.4016
vn 0.8646 -0.5024 -0.0000
vn 0.6952 -0.7188 0.0000
vn 1.0000 0.0011 0.0000
vn 0.8641 0.5033 0.0000
vn 0.6952 0.7188 0.0000
vn 0.9510 0.0000 -0.3091
vn 0.0000 -0.0009 1.0000
vn 1.0000 -0.0013 0.0000
vn -1.0000 -0.0011 -0.0000
vn -0.3690 -0.8513 -0.3729
vn -0.6600 -0.6387 -0.3956
vn -0.1674 -0.3896 -0.9057
vn -0.2674 -0.3211 -0.9085
vn -0.3714 -0.0793 -0.9251
vn -0.3445 0.0644 -0.9366
vn -0.3187 0.1949 -0.9276
vn -0.1886 0.3220 -0.9278
vn -0.0502 0.3525 -0.9345
vn 0.1300 0.8985 -0.4193
vn -0.1297 0.8986 -0.4191
vn -0.4622 0.7860 -0.4106
vn -0.7787 0.4740 -0.4109
vn -0.8911 0.1641 -0.4232
vn -0.8994 -0.1481 -0.4112
vn 0.0506 0.3526 -0.9344
vn 0.4619 0.7860 -0.4108
vn 0.1884 0.3223 -0.9277
vn 0.7787 0.4743 -0.4107
vn 0.8912 0.1640 -0.4228
vn 0.9007 -0.1456 -0.4092
vn 0.6725 -0.6271 -0.3931
vn 0.3997 -0.8422 -0.3617
vn 0.2711 -0.3017 -0.9140
vn 0.1780 -0.3912 -0.9029
vn 0.3688 -0.0732 -0.9266
vn 0.3443 0.0641 -0.9367
vn 0.3183 0.1952 -0.9277
vn -0.0000 -0.0003 -1.0000
vn 0.9963 -0.0865 0.0000
vn -0.9963 -0.0865 0.0000
vn -0.7095 0.7033 0.0458
vn -0.0111 0.9995 0.0311
vn -0.0114 0.9532 0.3020
vn -0.7418 0.6278 0.2359
vn -0.0043 0.5769 0.8168
vn -0.7518 0.3673 0.5476
vn -0.9972 -0.0403 -0.0624
vn -0.6733 -0.3996 -0.6221
vn 0.0004 -0.5402 -0.8415
vn 0.6733 -0.4012 -0.6210
vn 0.9971 -0.0421 -0.0634
vn 0.7519 0.3732 0.5435
vn -0.9995 -0.0290 -0.0087
vn -0.9980 -0.0579 -0.0248
vn -0.6762 -0.6689 -0.3087
vn 0.0014 -0.9056 -0.4242
vn 0.6765 -0.6691 -0.3078
vn 0.9976 -0.0639 -0.0266
vn 0.7424 0.6282 0.2328
vn -0.6810 -0.7227 -0.1176
vn 0.0018 -0.9856 -0.1693
vn 0.6810 -0.7219 -0.1230
vn 0.9993 -0.0367 -0.0091
vn 0.7106 0.7009 0.0611
vn -0.7080 -0.7051 -0.0399
vn -0.0127 -0.9998 -0.0120
vn -0.0133 -0.9589 -0.2835
vn -0.7418 -0.6293 -0.2318
vn -0.9995 0.0287 0.0088
vn -0.9980 0.0577 0.0248
vn -0.6808 0.7228 0.1186
vn -0.6763 0.6685 0.3095
vn 0.0018 0.9853 0.1708
vn 0.0014 0.9051 0.4252
vn 0.6807 0.7220 0.1240
vn 0.6765 0.6687 0.3085
vn 0.9993 0.0369 0.0093
vn 0.9976 0.0640 0.0268
vn 0.7094 -0.7025 -0.0564
vn -0.0052 -0.5833 -0.8122
vn -0.7525 -0.3678 -0.5463
vn -0.9972 0.0402 0.0624
vn -0.6733 0.3994 0.6222
vn 0.0004 0.5399 0.8417
vn 0.6734 0.4010 0.6211
vn 0.9971 0.0421 0.0635
vn 0.7424 -0.6298 -0.2285
vn 0.7526 -0.3743 -0.5418
vn 0.7071 0.7071 -0.0006
vn -0.7858 -0.2211 0.5776
vn -0.7861 -0.3678 0.4968
vn -0.7876 -0.3704 0.4924
vn -0.7860 -0.2133 0.5803
vn -0.7847 -0.0825 0.6144
vn -0.7822 -0.0627 0.6198
vn -0.7821 0.0632 0.6200
vn -0.7851 0.0830 0.6138
vn -0.7863 0.2126 0.5801
vn -0.7856 0.2206 0.5781
vn -0.7872 0.3644 0.4974
vn -0.7862 0.3694 0.4955
vn -0.7855 0.4932 0.3739
vn -0.7716 0.5378 0.3397
vn -0.7413 0.6351 0.2173
vn -0.7414 0.6297 0.2320
vn -0.7346 0.6713 0.0989
vn -0.7124 0.7002 0.0469
vn -0.6881 0.7256 0.0000
vn -0.6881 0.7257 -0.0000
vn -0.7119 -0.7006 0.0490
vn -0.6882 -0.7256 -0.0000
vn -0.6881 -0.7256 -0.0001
vn -0.7382 -0.6668 0.1025
vn -0.7427 -0.6293 0.2289
vn -0.7393 -0.6384 0.2142
vn -0.7711 -0.5372 0.3418
vn -0.7878 -0.4888 0.3748
vn 0.0026 -0.3491 0.9371
vn 0.0026 0.3490 0.9371
vn 0.0054 -0.8149 0.5796
vn 1.0000 -0.0001 -0.0001
vn 1.0000 0.0001 -0.0002
vn 0.0009 -0.0004 -1.0000
vn 0.0001 0.0008 -1.0000
vn 0.7348 -0.6710 0.0989
vn 0.7414 -0.6297 0.2320
vn 0.7857 -0.4929 0.3738
vn 0.7862 -0.3693 0.4955
vn 0.7863 -0.2126 0.5801
vn 0.7851 -0.0830 0.6138
vn 0.7848 0.0825 0.6143
vn 0.7860 0.2133 0.5802
vn 0.7876 0.3704 0.4924
vn 0.7880 0.4885 0.3747
vn 0.7427 0.6293 0.2289
vn 0.7384 0.6665 0.1025
vn -0.0000 -0.9846 -0.1751
vn 0.0000 -0.3394 -0.9406
vn -0.0000 -0.9955 -0.0946
vn 0.0080 -0.9988 -0.0478
vn 0.0769 -0.9963 -0.0383
vn -0.8052 0.5621 0.1890
vn 0.8587 0.1598 -0.4870
vn 0.3852 -0.2778 0.8800
vn -0.1670 -0.6648 -0.7281
vn 0.7332 0.6333 -0.2479
vn 0.5641 -0.6401 -0.5216
vn 0.4354 -0.1149 -0.8929
vn -0.0000 -0.9984 -0.0574
vn -0.0000 -0.9983 -0.0576
vn -0.0000 -0.9984 -0.0573
vn 0.7707 -0.6362 -0.0366
vn -0.7707 -0.6362 -0.0366
vn -0.8353 0.4817 -0.2649
vn -0.3012 0.9493 -0.0902
vn -0.1799 0.9042 -0.3874
vn -0.0562 0.8891 -0.4542
vn -0.3787 0.3309 -0.8643
vn -0.0769 0.5512 -0.8308
vn -0.2979 -0.2918 -0.9089
vn -0.0933 0.0652 -0.9935
vn -0.4271 -0.3573 -0.8306
vn -0.0616 -0.5209 -0.8514
vn -0.1779 -0.8612 -0.4760
vn -0.5117 -0.5386 -0.6693
vn 0.0126 -0.7936 -0.6084
vn 0.6645 -0.2361 -0.7090
vn -0.0097 0.7903 -0.6126
vn 0.3669 0.7469 -0.5546
vn -0.0013 0.9219 -0.3875
vn 0.3213 0.9466 0.0263
vn 0.0157 0.5386 -0.8424
vn 0.0442 0.8068 -0.5892
vn 0.0556 0.0168 -0.9983
vn 0.0296 0.3272 -0.9445
vn 0.0255 -0.5519 -0.8335
vn 0.1089 -0.2559 -0.9606
vn 0.1387 -0.8864 -0.4416
vn -0.1741 -0.7495 -0.6387
vn 0.1360 -0.4989 -0.8559
vn 0.3012 -0.9493 -0.0902
vn -0.7931 0.4635 -0.3953
vn -0.1342 0.9087 -0.3954
vn -0.0122 0.6950 -0.7189
vn -0.1211 0.1441 -0.9821
vn -0.0836 0.5253 -0.8468
vn -0.2360 -0.3602 -0.9025
vn -0.1188 -0.0279 -0.9925
vn -0.4502 -0.5877 -0.6723
vn -0.0714 -0.5611 -0.8247
vn -0.2451 -0.8944 -0.3741
vn -0.5123 -0.8538 0.0928
vn 0.0126 -0.7915 -0.6111
vn -0.3859 -0.5560 -0.7362
vn -0.0095 0.7924 -0.6099
vn 0.3602 0.7528 -0.5510
vn -0.0040 0.9177 -0.3972
vn 0.3165 0.9484 0.0191
vn 0.0051 0.5498 -0.8353
vn 0.2146 0.7406 -0.6367
vn 0.0114 0.0487 -0.9988
vn 0.1846 0.2608 -0.9476
vn 0.0149 -0.5337 -0.8456
vn 0.1800 -0.2954 -0.9383
vn 0.1015 -0.9492 -0.2980
vn -0.3275 -0.8283 -0.4546
vn 0.1354 -0.5044 -0.8528
vn -0.0010 -1.0000 -0.0000
vn 0.0024 -1.0000 -0.0001
vn -0.6577 0.0000 -0.7533
vn -0.9602 0.0000 -0.2794
vn 0.0001 1.0000 0.0001
vn -0.4536 0.8882 0.0740
vn -0.2396 0.9686 0.0670
vn 0.0533 0.4571 0.8878
vn -0.1680 0.2964 0.9402
vn -0.8261 0.5584 0.0753
vn -0.2090 0.1392 0.9680
vn -0.9472 0.3139 0.0663
vn 0.0605 0.6779 0.7326
vn -0.9448 0.3237 0.0500
vn 0.9462 0.3235 0.0019
vn 0.5085 0.8597 -0.0489
vn 0.2686 0.9617 -0.0550
vn 0.1391 0.9888 -0.0542
vn 0.1404 0.9887 -0.0526
vn 0.5011 0.8654 -0.0064
vn -0.0000 0.9997 -0.0261
vn 0.0000 0.9986 -0.0522
vn 0.1370 0.9903 -0.0210
vn 0.2692 0.9630 0.0142
vn 0.2695 0.9629 0.0147
vn -0.5017 0.8650 -0.0067
vn -0.2702 0.9627 0.0160
vn -0.1316 0.9913 0.0072
vn -0.1374 0.9903 -0.0216
vn -0.5087 0.8597 -0.0471
vn -0.1375 0.9891 -0.0519
vn -0.2691 0.9615 -0.0563
vn -0.1386 0.9888 -0.0549
vn -0.7958 0.4192 0.4370
vn -0.3838 0.7867 0.4835
vn -0.2135 0.8168 0.5360
vn -0.0000 0.8259 0.5638
vn -0.1788 0.7542 0.6318
vn 0.3154 0.6940 0.6472
vn 0.5794 0.3251 0.7474
vn -0.1180 0.3919 0.9124
vn 0.5714 -0.1676 0.8034
vn -0.0491 0.9557 0.2902
vn -0.0230 0.9565 0.2907
vn -0.0251 0.9997 -0.0013
vn 0.0230 0.9485 0.3160
vn 0.0255 0.9997 -0.0014
vn -0.0642 0.9424 0.3284
vn -0.6462 0.0161 0.7630
vn -0.7990 -0.3173 -0.5108
vn -0.0339 -0.0767 0.9965
vn 0.0009 0.1387 -0.9903
vn -0.0524 0.0859 -0.9949
vn -0.0493 0.2406 -0.9694
vn 0.0498 0.2404 -0.9694
vn 0.0251 0.1230 -0.9921
vn 0.0000 0.0003 -1.0000
vn -0.0000 0.0002 -1.0000
vn 0.0000 -0.0007 -1.0000
vn 0.0181 -0.9940 0.1083
vn 0.0020 -0.9945 0.1043
vn -0.0003 -0.9985 0.0548
vn -0.0144 -0.9950 0.0990
vn -0.0274 -0.9956 0.0891
vn -0.0179 -0.9949 0.0995
vn -0.0000 -0.9984 0.0574
vn 0.0013 -1.0000 -0.0000
vn 0.0016 -0.9985 0.0552
vn 0.0439 -0.9918 0.1197
vn 0.6873 0.0000 -0.7264
vn 0.6872 -0.0000 -0.7264
vn 0.3214 0.5129 0.7960
vn 0.0000 0.5161 0.8565
vn 0.0032 -0.1507 -0.9886
vn 0.0176 -0.1436 -0.9895
vn 0.0175 -0.1436 -0.9895
vn -0.0012 -0.1405 -0.9901
vn -0.0191 -0.1435 -0.9895
vn -0.0191 -0.1436 -0.9895
vn -0.0192 -0.1435 -0.9895
vn 1.0000 0.0001 0.0002
vn 0.4412 -0.8974 -0.0000
vn 0.4412 0.8974 -0.0001
vn 0.4450 -0.8955 -0.0000
vn 0.4450 -0.8955 -0.0001
vn -0.5052 0.8625 0.0282
vn -0.1391 0.9903 0.0074
vn -0.2825 0.9470 -0.1531
vn -0.1451 0.9882 -0.0484
vn -0.1426 0.9737 -0.1775
vn -0.0002 1.0000 0.0006
vn -0.0001 1.0000 0.0003
vn -0.0000 1.0000 0.0003
vn -0.0001 1.0000 0.0006
vn 0.0000 1.0000 0.0006
vn 0.0999 0.9944 -0.0334
vn 0.0001 1.0000 0.0003
vn 0.2756 0.9612 0.0146
vn 0.5056 0.8623 0.0277
vn 0.2826 0.9469 -0.1533
vn 0.1427 0.9737 -0.1775
vn 0.0002 1.0000 0.0006
vn 0.0001 1.0000 0.0006
vn 0.7205 -0.2311 0.6539
vn 0.9539 -0.1684 0.2486
vn 0.9775 -0.0134 0.2107
vn 0.7522 -0.0608 0.6561
vn 0.9348 0.0236 0.3545
vn 0.6236 -0.5753 0.5293
vn 0.8259 -0.5322 0.1860
vn 0.3376 -0.5844 0.7379
vn 0.3957 -0.2714 0.8774
vn 0.4154 -0.0878 0.9054
vn 0.7516 0.0577 0.6571
vn 0.8951 0.2057 0.3955
vn 0.2121 -0.5881 0.7805
vn 0.2511 -0.2820 0.9260
vn 0.2589 -0.0932 0.9614
vn 0.4156 0.0835 0.9057
vn 0.7409 0.2102 0.6379
vn 0.7920 0.5243 0.3128
vn 0.0929 -0.5891 0.8027
vn 0.1098 -0.2856 0.9520
vn -0.0002 -0.5924 0.8056
vn 0.1080 0.3666 0.9241
vn 0.2437 0.3697 0.8966
vn 0.3906 0.3747 0.8409
vn 0.7046 0.4463 0.5517
vn 0.4112 0.2211 0.8843
vn 0.2591 0.0886 0.9618
vn 0.1135 -0.0958 0.9889
vn -0.0002 -0.2872 0.9579
vn -0.1114 -0.2857 0.9518
vn -0.0947 -0.5891 0.8025
vn 0.1136 0.0910 0.9893
vn 0.2552 0.2262 0.9400
vn 0.1120 0.2284 0.9671
vn -0.0002 0.3663 0.9305
vn -0.0002 0.2290 0.9734
vn -0.0002 0.0918 0.9958
vn -0.0002 -0.0966 0.9953
vn -0.1150 -0.0957 0.9887
vn -0.1133 0.2282 0.9670
vn -0.2603 0.0886 0.9615
vn -0.1151 0.0910 0.9892
vn -0.2601 -0.0932 0.9611
vn -0.4134 -0.0855 0.9065
vn -0.4156 0.0835 0.9057
vn -0.2566 0.2260 0.9397
vn -0.1086 0.3664 0.9241
vn -0.2520 -0.2821 0.9257
vn -0.3949 -0.2768 0.8760
vn -0.7151 -0.2537 0.6514
vn -0.7504 -0.0511 0.6590
vn -0.7533 0.0610 0.6548
vn -0.4112 0.2211 0.8843
vn -0.2457 0.3694 0.8962
vn -0.8450 0.4719 0.2517
vn -0.2125 -0.5883 0.7802
vn -0.3414 -0.5818 0.7382
vn -0.6341 -0.5641 0.5289
vn -0.8264 -0.5282 0.1949
vn -0.9501 -0.1884 0.2486
vn -0.9789 -0.0050 0.2043
vn -0.7421 0.1984 0.6403
vn -0.9009 0.1846 0.3928
vn -0.6959 0.4175 0.5843
vn -0.3906 0.3747 0.8409
vn -0.8589 -0.5118 0.0163
vn -0.9898 -0.1410 0.0192
vn -1.0000 0.0000 -0.0040
vn -1.0000 0.0000 -0.0041
vn -0.8831 0.4686 0.0256
vn -0.9936 0.1057 0.0399
vn -0.9948 0.1009 -0.0114
vn -0.8792 0.4755 -0.0290
vn -0.4958 -0.6014 -0.6265
vn -0.9888 0.1385 0.0554
vn -0.8587 0.5101 0.0492
vn -0.9990 -0.0000 0.0440
vn -0.4890 -0.4795 0.7287
vn -0.9884 -0.1433 0.0513
vn -0.8559 -0.5130 0.0657
vn 0.9898 -0.1407 0.0216
vn 0.8558 -0.5129 0.0678
vn 0.9883 -0.1435 0.0523
vn 0.8591 -0.5115 0.0181
vn 0.9990 -0.0000 0.0441
vn 0.9988 -0.0024 0.0487
vn 0.9878 0.1456 0.0547
vn 0.8579 0.5117 0.0476
vn 0.9945 0.1038 -0.0118
vn 0.8808 0.4725 -0.0306
vn 0.8838 0.4674 0.0216
vn 0.9936 0.1063 0.0372
vn 0.4928 -0.8577 0.1469
vn 0.5016 -0.8621 0.0722
vn 0.5034 -0.8640 0.0101
vn -0.0001 -0.8817 0.4717
vn 0.0559 -0.8796 0.4725
vn 0.1261 -0.8800 0.4579
vn 0.2020 -0.8778 0.4344
vn 0.3866 -0.8680 0.3117
vn -0.0573 -0.8794 0.4725
vn -0.5035 -0.8640 0.0092
vn -0.5016 -0.8622 0.0702
vn -0.4921 -0.8578 0.1485
vn -0.3866 -0.8680 0.3117
vn -0.2012 -0.8781 0.4341
vn -0.1265 -0.8803 0.4573
vn 0.4537 -0.8903 -0.0390
vn -0.1550 0.2117 0.9650
vn 0.2300 -0.9683 -0.0971
vn -0.2903 -0.0236 0.9566
vn -0.7125 -0.7003 -0.0433
vn 0.1391 -0.9873 -0.0772
vn 0.8724 -0.4851 -0.0606
vn -0.1601 0.3352 0.9285
vn 0.0000 -0.9847 -0.1743
vn -0.0000 0.1964 0.9805
vn 0.8674 0.1623 -0.4703
vn -0.3209 0.1945 0.9269
vn -0.3809 -0.8965 -0.2261
vn -0.6842 -0.0180 0.7291
vn 0.0010 1.0000 0.0000
vn -0.0024 1.0000 0.0001
vn 0.6577 -0.0045 0.7533
vn 0.6577 0.0000 0.7533
vn 0.6577 -0.0001 0.7533
vn 0.9602 -0.0000 0.2794
vn -1.0000 -0.0003 0.0000
vn -0.0002 -1.0000 0.0000
vn 0.4931 -0.8580 0.1440
vn 0.9448 -0.3237 -0.0500
vn 0.5804 -0.5083 -0.6362
vn -0.9462 -0.3235 -0.0019
vn -0.5085 -0.8597 0.0489
vn -0.1391 -0.9888 0.0542
vn -0.2686 -0.9617 0.0550
vn -0.1404 -0.9887 0.0526
vn -0.5011 -0.8654 0.0064
vn 0.0000 -0.9997 0.0261
vn -0.0000 -0.9986 0.0522
vn -0.1370 -0.9903 0.0210
vn -0.2692 -0.9630 -0.0142
vn -0.2696 -0.9629 -0.0147
vn 0.5017 -0.8650 0.0067
vn 0.1315 -0.9913 -0.0072
vn 0.2702 -0.9627 -0.0160
vn 0.1374 -0.9903 0.0216
vn 0.5087 -0.8597 0.0471
vn 0.1375 -0.9891 0.0519
vn 0.2692 -0.9615 0.0563
vn 0.1386 -0.9888 0.0549
vn 0.3199 0.8892 -0.3272
vn -0.6553 0.7345 -0.1763
vn -0.7149 0.6512 -0.2545
vn -0.0001 0.9909 -0.1346
vn 0.0325 0.9688 -0.2457
vn 0.5717 0.1285 -0.8104
vn -0.0202 0.1379 -0.9902
vn 0.1180 -0.3919 -0.9124
vn -0.3582 -0.8474 -0.3919
vn 0.0491 -0.9557 -0.2902
vn -0.5273 -0.8230 -0.2111
vn 0.0251 -0.9997 0.0013
vn -0.7323 -0.1972 0.6518
vn -0.0230 -0.9485 -0.3160
vn -0.0255 -0.9997 0.0015
vn 0.0642 -0.9423 -0.3284
vn 0.6463 -0.0123 -0.7630
vn 0.1497 0.1921 -0.9699
vn 0.8006 0.3133 0.5107
vn -0.0009 -0.1387 0.9903
vn 0.0524 -0.0859 0.9949
vn 0.0493 -0.2406 0.9694
vn -0.0497 -0.2403 0.9694
vn -0.0251 -0.1230 0.9921
vn -0.0001 0.0000 1.0000
vn -0.0000 0.0016 1.0000
vn 0.0000 0.0003 1.0000
vn -0.0181 0.9940 -0.1083
vn -0.0020 0.9945 -0.1043
vn 0.0003 0.9985 -0.0548
vn 0.0144 0.9950 -0.0990
vn 0.0274 0.9956 -0.0891
vn 0.0179 0.9949 -0.0995
vn 0.0000 0.9984 -0.0574
vn -0.0013 1.0000 0.0000
vn -0.0016 0.9985 -0.0552
vn -0.0439 0.9918 -0.1197
vn -0.6873 0.0000 0.7264
vn -0.6873 -0.0001 0.7264
vn -0.6873 0.0001 0.7264
vn -0.6790 -0.5033 0.5345
vn -0.2183 -0.8002 0.5586
vn 0.1934 -0.8197 0.5392
vn -0.0000 -0.8743 0.4855
vn 0.2162 -0.8658 0.4513
vn -0.2984 -0.8761 0.3787
vn 0.1610 -0.9168 0.3655
vn -0.0032 0.1508 0.9886
vn -0.0177 0.1436 0.9895
vn -0.0176 0.1436 0.9895
vn -0.0175 0.1436 0.9895
vn 0.0012 0.1405 0.9901
vn 0.0190 0.1435 0.9895
vn 0.0191 0.1436 0.9894
vn 0.0192 0.1435 0.9895
vn -1.0000 -0.0001 -0.0002
vn -0.4412 0.8974 0.0000
vn -0.4412 -0.8974 0.0001
vn -0.4451 0.8955 0.0000
vn -0.4450 0.8955 -0.0000
vn 0.5052 -0.8625 -0.0282
vn 0.1391 -0.9903 -0.0074
vn 0.2825 -0.9470 0.1531
vn 0.1451 -0.9882 0.0484
vn 0.1426 -0.9737 0.1775
vn 0.0003 -1.0000 -0.0005
vn 0.0001 -1.0000 -0.0003
vn 0.0002 -1.0000 -0.0006
vn 0.0000 -1.0000 -0.0003
vn 0.0001 -1.0000 -0.0006
vn -0.0001 -1.0000 -0.0006
vn -0.0999 -0.9944 0.0334
vn -0.0001 -1.0000 -0.0003
vn -0.2756 -0.9612 -0.0146
vn -0.5056 -0.8623 -0.0277
vn -0.2826 -0.9469 0.1533
vn -0.1427 -0.9737 0.1775
vn -0.0002 -1.0000 -0.0006
vn -0.7205 0.2311 -0.6539
vn -0.9775 0.0134 -0.2107
vn -0.9539 0.1684 -0.2486
vn -0.7522 0.0608 -0.6561
vn -0.9348 -0.0236 -0.3545
vn -0.6236 0.5753 -0.5293
vn -0.8259 0.5322 -0.1860
vn -0.3376 0.5844 -0.7379
vn -0.3957 0.2714 -0.8774
vn -0.4154 0.0878 -0.9054
vn -0.7516 -0.0577 -0.6571
vn -0.8951 -0.2057 -0.3955
vn -0.2121 0.5881 -0.7805
vn -0.2511 0.2820 -0.9260
vn -0.2589 0.0932 -0.9614
vn -0.4156 -0.0835 -0.9057
vn -0.7409 -0.2102 -0.6379
vn -0.7920 -0.5243 -0.3128
vn -0.0929 0.5891 -0.8027
vn -0.1098 0.2856 -0.9520
vn 0.0002 0.5924 -0.8056
vn -0.1080 -0.3666 -0.9241
vn -0.2437 -0.3697 -0.8966
vn -0.3906 -0.3747 -0.8409
vn -0.7046 -0.4463 -0.5517
vn -0.4112 -0.2211 -0.8843
vn -0.2591 -0.0886 -0.9618
vn -0.1135 0.0958 -0.9889
vn 0.0002 0.2872 -0.9579
vn 0.1114 0.2857 -0.9518
vn 0.0947 0.5891 -0.8025
vn -0.1136 -0.0910 -0.9893
vn -0.2552 -0.2262 -0.9400
vn -0.1120 -0.2284 -0.9671
vn 0.0002 -0.3663 -0.9305
vn 0.0002 -0.2290 -0.9734
vn 0.0002 -0.0918 -0.9958
vn 0.0002 0.0966 -0.9953
vn 0.1150 0.0957 -0.9887
vn 0.1133 -0.2282 -0.9670
vn 0.1151 -0.0910 -0.9892
vn 0.2603 -0.0886 -0.9615
vn 0.2601 0.0932 -0.9611
vn 0.4134 0.0855 -0.9065
vn 0.4156 -0.0835 -0.9057
vn 0.2566 -0.2260 -0.9397
vn 0.1086 -0.3664 -0.9241
vn 0.2520 0.2821 -0.9257
vn 0.3949 0.2768 -0.8760
vn 0.7151 0.2537 -0.6514
vn 0.7504 0.0511 -0.6590
vn 0.7533 -0.0610 -0.6548
vn 0.4112 -0.2211 -0.8843
vn 0.2457 -0.3694 -0.8962
vn 0.8450 -0.4719 -0.2517
vn 0.2125 0.5883 -0.7802
vn 0.3414 0.5818 -0.7382
vn 0.6341 0.5641 -0.5289
vn 0.8264 0.5282 -0.1949
vn 0.9501 0.1884 -0.2486
vn 0.9789 0.0050 -0.2043
vn 0.7421 -0.1984 -0.6403
vn 0.9009 -0.1846 -0.3928
vn 0.6959 -0.4175 -0.5843
vn 0.3906 -0.3747 -0.8409
vn 0.9898 0.1410 -0.0192
vn 0.8589 0.5118 -0.0163
vn 1.0000 0.0000 0.0040
vn 1.0000 -0.0000 0.0041
vn 0.8831 -0.4686 -0.0256
vn 0.9936 -0.1057 -0.0399
vn 0.9948 -0.1009 0.0114
vn 0.8792 -0.4755 0.0290
vn 0.4959 0.6013 0.6265
vn 0.9888 -0.1385 -0.0554
vn 0.8587 -0.5101 -0.0492
vn 0.9990 0.0000 -0.0440
vn 0.4890 0.4794 -0.7287
vn 0.9884 0.1433 -0.0513
vn 0.8559 0.5130 -0.0657
vn -0.9898 0.1407 -0.0216
vn -0.9883 0.1435 -0.0523
vn -0.8558 0.5129 -0.0678
vn -0.8591 0.5115 -0.0181
vn -0.9990 0.0000 -0.0441
vn -0.9988 0.0024 -0.0487
vn -0.9878 -0.1456 -0.0547
vn -0.8579 -0.5117 -0.0477
vn -0.9945 -0.1038 0.0118
vn -0.8808 -0.4725 0.0306
vn -0.8838 -0.4674 -0.0216
vn -0.9936 -0.1063 -0.0372
vn -0.4927 0.8577 -0.1469
vn -0.5016 0.8621 -0.0722
vn -0.5034 0.8640 -0.0101
vn 0.0001 0.8817 -0.4717
vn -0.0559 0.8796 -0.4725
vn -0.1261 0.8800 -0.4580
vn -0.2020 0.8778 -0.4344
vn -0.3866 0.8680 -0.3117
vn 0.0573 0.8794 -0.4725
vn 0.5035 0.8640 -0.0092
vn 0.5016 0.8622 -0.0702
vn 0.4921 0.8578 -0.1485
vn 0.3866 0.8680 -0.3117
vn 0.2012 0.8781 -0.4341
vn 0.1265 0.8803 -0.4573
vn 0.1550 -0.2117 -0.9650
vn 0.2903 0.0236 -0.9566
vn 0.1601 -0.3352 -0.9284
vn 0.0000 -0.1964 -0.9805
vn 0.3209 -0.1945 -0.9269
vn 0.3809 0.8965 0.2261
vn 0.6842 0.0180 -0.7291
usemtl Bus01_B.tga.001
s 1
f 1/1/1 2/2/2 3/3/3
f 4/4/4 5/5/5 6/6/6
f 5/7/5 7/8/7 2/9/2
f 8/10/8 2/9/2 7/8/7
f 8/10/8 7/8/7 9/11/9
f 8/10/8 9/11/9 10/12/10
f 8/10/8 10/12/10 11/13/11
f 12/14/12 13/15/13 14/16/14
f 12/14/12 14/16/14 15/17/15
f 14/16/14 16/18/16 15/17/15
f 14/16/14 17/19/17 16/18/16
f 17/19/17 18/20/18 16/18/16
f 19/21/19 20/22/20 21/23/21
f 22/24/22 20/22/20 19/21/19
f 23/25/23 24/26/24 25/27/25
f 23/25/23 25/27/25 26/28/26
f 26/28/26 25/27/25 27/29/27
f 26/28/26 27/29/27 28/30/28
f 28/30/28 27/29/27 29/31/29
f 28/30/28 29/31/29 30/32/30
f 30/32/30 29/31/29 31/33/31
f 30/32/30 31/33/31 32/34/32
f 32/34/32 31/33/31 33/35/33
f 32/34/32 33/35/33 34/36/34
f 35/37/35 36/38/36 37/39/37
f 35/37/35 37/39/37 38/40/38
f 38/40/38 37/39/37 39/41/39
f 38/40/38 39/41/39 40/42/40
f 40/42/40 39/41/39 41/43/41
f 40/42/40 41/43/41 42/44/42
f 19/45/19 16/46/16 43/47/43
f 44/48/44 45/49/45 46/50/46
f 44/48/44 46/50/46 47/51/47
f 47/51/47 46/50/46 36/38/36
f 47/51/47 36/38/36 35/37/35
f 48/52/48 49/53/49 50/54/50
f 48/52/48 50/54/50 51/55/50
f 50/54/50 52/56/51 51/55/50
f 50/54/50 53/57/51 52/56/51
f 52/56/51 53/57/51 54/58/52
f 52/56/51 54/58/52 55/59/53
f 56/60/54 18/61/18 22/62/22
f 57/63/55 58/64/56 59/65/57
f 57/63/55 59/65/57 60/66/57
f 59/65/57 61/67/58 60/66/57
f 59/65/57 62/68/58 61/67/58
f 61/67/58 62/68/58 63/69/59
f 61/67/58 63/69/59 64/70/60
f 52/56/51 55/71/53 63/72/59
f 52/56/51 63/72/59 62/68/58
f 52/56/51 62/68/58 59/65/57
f 52/56/51 59/65/57 58/73/56
f 52/56/51 58/73/56 48/74/48
f 52/56/51 48/74/48 51/55/50
f 65/75/61 66/76/60 67/77/58
f 65/75/61 67/77/58 68/78/58
f 69/79/57 68/78/58 67/77/58
f 69/79/57 67/77/58 70/80/57
f 69/79/57 70/80/57 71/81/55
f 69/79/57 71/81/55 72/82/56
f 73/83/52 74/84/53 75/85/51
f 73/83/52 75/85/51 76/86/51
f 77/87/50 76/86/51 75/85/51
f 77/87/50 75/85/51 78/88/50
f 77/87/50 78/88/50 79/89/48
f 77/87/50 79/89/48 80/90/49
f 81/91/62 82/92/63 83/93/64
f 84/94/65 81/91/62 83/93/64
f 69/79/57 72/95/56 79/96/48
f 69/79/57 79/96/48 78/88/50
f 69/79/57 78/88/50 75/85/51
f 69/79/57 75/85/51 74/97/53
f 69/79/57 74/97/53 65/98/61
f 69/79/57 65/98/61 68/78/58
f 81/99/62 85/100/66 86/101/67
f 87/102/68 88/103/68 89/104/69
f 90/105/70 91/106/71 82/107/63
f 92/108/72 93/109/73 94/110/74
f 95/111/75 96/112/75 97/113/75
f 98/114/76 92/115/72 99/116/77
f 100/117/78 101/118/68 102/119/79
f 103/120/80 93/121/73 104/122/81
f 105/123/75 106/124/75 107/125/82
f 108/126/83 109/127/83 110/128/84
f 111/129/83 112/130/83 113/131/85
f 114/132/83 115/133/83 116/134/83
f 117/135/86 118/136/87 119/137/88
f 117/135/86 119/137/88 120/138/89
f 120/138/89 119/137/88 121/139/90
f 120/138/89 121/139/90 122/140/91
f 122/140/91 121/139/90 123/141/92
f 122/140/91 123/141/92 124/142/93
f 125/143/94 117/144/86 120/145/89
f 125/143/94 120/145/89 126/146/95
f 126/146/95 120/145/89 122/147/91
f 126/146/95 122/147/91 127/148/96
f 127/148/96 122/147/91 124/149/93
f 127/148/96 124/149/93 128/150/97
f 129/151/98 130/152/99 131/153/100
f 129/151/98 131/153/100 132/154/100
f 133/155/101 132/154/100 131/153/100
f 133/155/101 131/153/100 134/156/101
f 133/155/101 134/156/101 135/157/102
f 133/155/101 135/157/102 136/158/103
f 137/159/83 138/160/83 139/161/104
f 140/162/105 141/163/106 142/164/107
f 140/162/105 142/164/107 143/165/107
f 144/166/108 143/165/107 142/164/107
f 144/166/108 142/164/107 145/167/108
f 144/166/108 145/167/108 146/168/109
f 144/166/108 146/168/109 147/169/110
f 148/170/111 149/171/83 150/172/83
f 151/173/112 152/174/113 153/175/113
f 151/173/112 153/175/113 154/176/113
f 151/173/112 154/176/113 155/177/114
f 151/173/112 155/177/114 156/178/113
f 151/173/112 156/178/113 157/179/113
f 151/173/112 157/179/113 158/180/113
f 159/181/83 160/182/115 161/183/83
f 162/184/103 156/185/113 155/177/114
f 162/184/103 155/177/114 163/186/101
f 155/177/114 164/187/100 163/186/101
f 155/177/114 154/176/113 164/187/100
f 164/187/100 154/176/113 153/188/113
f 164/187/100 153/188/113 165/189/98
f 157/190/113 166/191/109 167/192/108
f 157/190/113 167/192/108 158/180/113
f 167/192/108 151/173/112 158/180/113
f 167/192/108 168/193/107 151/173/112
f 151/173/112 168/193/107 169/194/106
f 151/173/112 169/194/106 152/195/113
f 170/196/83 171/197/83 172/198/83
f 173/199/75 174/200/116 175/201/117
f 173/199/75 175/201/117 176/202/75
f 173/199/75 176/202/75 177/203/118
f 173/199/75 177/203/118 178/204/119
f 173/199/75 178/204/119 179/205/75
f 173/199/75 179/205/75 180/206/75
f 181/207/120 178/208/119 177/203/118
f 181/207/120 177/203/118 182/209/51
f 183/210/50 182/209/51 177/203/118
f 183/210/50 177/203/118 176/202/75
f 183/210/50 176/202/75 175/211/117
f 183/210/50 175/211/117 184/212/121
f 185/213/83 186/214/115 187/215/83
f 188/216/122 189/217/123 190/218/124
f 188/216/122 190/218/124 191/219/125
f 191/219/125 190/218/124 192/220/126
f 191/219/125 192/220/126 193/221/127
f 193/221/127 192/220/126 194/222/128
f 193/221/127 194/222/128 195/223/129
f 195/223/129 194/222/128 196/224/130
f 195/223/129 196/224/130 197/225/131
f 197/225/131 196/224/130 198/226/132
f 197/225/131 198/226/132 199/227/133
f 199/227/133 198/226/132 200/228/134
f 199/227/133 200/228/134 201/229/135
f 201/229/135 200/228/134 202/230/136
f 201/229/135 202/230/136 203/231/137
f 203/231/137 202/230/136 189/232/123
f 203/231/137 189/232/123 188/233/122
f 204/234/138 188/216/122 191/219/125
f 204/234/138 191/219/125 205/235/139
f 205/235/139 191/219/125 193/221/127
f 205/235/139 193/221/127 206/236/140
f 206/236/140 193/221/127 195/223/129
f 206/236/140 195/223/129 207/237/141
f 207/237/141 195/223/129 197/225/131
f 207/237/141 197/225/131 208/238/142
f 208/238/142 197/225/131 199/227/133
f 208/238/142 199/227/133 209/239/143
f 209/239/143 199/227/133 201/229/135
f 209/239/143 201/229/135 210/240/144
f 210/240/144 201/229/135 203/231/137
f 210/240/144 203/231/137 211/241/145
f 211/241/145 203/231/137 188/233/122
f 211/241/145 188/233/122 204/242/138
f 212/243/146 213/244/147 214/245/148
f 212/243/146 214/245/148 215/246/149
f 215/246/149 214/245/148 216/247/136
f 215/246/149 216/247/136 217/248/150
f 217/248/150 216/247/136 218/249/123
f 217/248/150 218/249/123 219/250/151
f 219/250/151 218/249/123 220/251/124
f 219/250/151 220/251/124 221/252/125
f 221/252/125 220/251/124 222/253/152
f 221/252/125 222/253/152 223/254/153
f 223/254/153 222/253/152 224/255/154
f 223/254/153 224/255/154 225/256/155
f 225/256/155 224/255/154 226/257/156
f 225/256/155 226/257/156 227/258/157
f 227/258/157 226/257/156 213/259/147
f 227/258/157 213/259/147 212/260/146
f 228/261/158 212/243/146 215/246/149
f 228/261/158 215/246/149 229/262/144
f 229/262/144 215/246/149 217/248/150
f 229/262/144 217/248/150 230/263/145
f 230/263/145 217/248/150 219/250/151
f 230/263/145 219/250/151 231/264/138
f 231/264/138 219/250/151 221/252/125
f 231/264/138 221/252/125 232/265/159
f 232/265/159 221/252/125 223/254/153
f 232/265/159 223/254/153 233/266/160
f 233/266/160 223/254/153 225/256/155
f 233/266/160 225/256/155 234/267/161
f 234/267/161 225/256/155 227/258/157
f 234/267/161 227/258/157 235/268/162
f 235/268/162 227/258/157 212/260/146
f 235/268/162 212/260/146 228/269/158
f 179/270/75 236/271/60 237/272/58
f 179/270/75 237/272/58 180/206/75
f 173/199/75 180/206/75 237/272/58
f 173/199/75 237/272/58 238/273/57
f 173/199/75 238/273/57 239/274/55
f 173/199/75 239/274/55 174/275/116
f 240/276/163 241/277/164 242/278/98
f 240/276/163 242/278/98 243/279/98
f 242/278/98 244/280/165 243/279/98
f 242/278/98 245/281/106 244/280/165
f 246/282/166 244/280/165 245/281/106
f 246/282/166 247/283/105 244/280/165
f 248/284/109 249/285/110 250/286/167
f 248/284/109 251/287/109 249/285/110
f 252/288/103 251/287/109 248/284/109
f 252/288/103 248/284/109 253/289/103
f 252/288/103 253/289/103 254/290/168
f 252/288/103 254/290/168 255/291/102
f 256/292/75 257/293/169 258/294/75
f 256/292/75 258/294/75 259/295/75
f 256/292/75 259/295/75 260/296/75
f 256/292/75 260/296/75 261/297/75
f 256/292/75 261/297/75 262/298/75
f 256/292/75 262/298/75 263/299/75
f 264/300/52 261/301/75 260/296/75
f 264/300/52 260/296/75 265/302/51
f 266/303/50 265/302/51 260/296/75
f 266/303/50 260/296/75 259/295/75
f 266/303/50 259/295/75 258/304/75
f 266/303/50 258/304/75 267/305/49
f 240/306/163 243/279/98 244/280/165
f 240/306/163 244/280/165 247/307/105
f 240/306/163 247/307/105 249/308/110
f 240/306/163 249/308/110 251/287/109
f 240/306/163 251/287/109 252/288/103
f 240/306/163 252/288/103 255/309/102
f 262/310/75 268/311/60 269/312/58
f 262/310/75 269/312/58 263/299/75
f 256/292/75 263/299/75 269/312/58
f 256/292/75 269/312/58 270/313/57
f 256/292/75 270/313/57 271/314/55
f 256/292/75 271/314/55 257/315/169
f 272/316/99 273/317/164 274/318/98
f 272/316/99 274/318/98 275/319/98
f 274/318/98 276/320/106 275/319/98
f 274/318/98 277/321/106 276/320/106
f 278/322/166 276/320/106 277/321/106
f 278/322/166 279/323/105 276/320/106
f 280/324/109 281/325/110 282/326/167
f 280/324/109 283/327/170 281/325/110
f 284/328/171 283/327/170 280/324/109
f 284/328/171 280/324/109 285/329/103
f 284/328/171 285/329/103 286/330/168
f 284/328/171 286/330/168 287/331/172
f 288/332/113 289/333/173 290/334/174
f 288/332/113 290/334/174 291/335/113
f 288/332/113 291/335/113 292/336/112
f 288/332/113 292/336/112 293/337/113
f 288/332/113 293/337/113 294/338/113
f 288/332/113 294/338/113 295/339/113
f 272/340/99 275/319/98 276/320/106
f 272/340/99 276/320/106 279/341/105
f 272/340/99 279/341/105 281/342/110
f 272/340/99 281/342/110 283/327/170
f 272/340/99 283/327/170 284/328/171
f 272/340/99 284/328/171 287/343/172
f 296/344/106 297/345/105 298/346/166
f 296/344/106 299/347/106 297/345/105
f 300/348/98 299/347/106 296/344/106
f 300/348/98 296/344/106 301/349/98
f 300/348/98 301/349/98 302/350/164
f 300/348/98 302/350/164 303/351/99
f 304/352/103 293/353/113 292/336/112
f 304/352/103 292/336/112 305/354/101
f 292/336/112 306/355/100 305/354/101
f 292/336/112 291/335/113 306/355/100
f 306/355/100 291/335/113 290/356/174
f 306/355/100 290/356/174 307/357/98
f 294/358/113 308/359/109 309/360/108
f 294/358/113 309/360/108 295/339/113
f 309/360/108 288/332/113 295/339/113
f 309/360/108 310/361/107 288/332/113
f 288/332/113 310/361/107 311/362/106
f 288/332/113 311/362/106 289/363/173
f 312/364/175 313/365/176 314/366/103
f 312/364/175 314/366/103 315/367/103
f 314/366/103 316/368/170 315/367/103
f 314/366/103 317/369/109 316/368/170
f 318/370/167 316/368/170 317/369/109
f 318/370/167 319/371/177 316/368/170
f 320/372/178 321/373/179 322/374/180
f 320/372/178 322/374/180 323/375/181
f 320/372/178 323/375/181 324/376/182
f 320/372/178 324/376/182 325/377/183
f 320/372/178 325/377/183 326/378/184
f 320/372/178 326/378/184 327/379/185
f 312/380/175 315/367/103 316/368/170
f 312/380/175 316/368/170 319/381/177
f 312/380/175 319/381/177 297/382/105
f 312/380/175 297/382/105 299/347/106
f 312/380/175 299/347/106 300/348/98
f 312/380/175 300/348/98 303/383/99
f 328/384/186 329/385/187 330/386/188
f 328/384/186 330/386/188 331/387/189
f 330/386/188 332/388/190 331/387/189
f 330/386/188 333/389/190 332/388/190
f 332/388/190 333/389/190 334/390/191
f 332/388/190 334/390/191 335/391/192
f 336/392/193 325/393/183 324/376/182
f 336/392/193 324/376/182 337/394/108
f 324/376/182 338/395/107 337/394/108
f 324/376/182 323/375/181 338/395/107
f 338/395/107 323/375/181 322/396/180
f 338/395/107 322/396/180 339/397/194
f 326/398/184 340/399/195 341/400/101
f 326/398/184 341/400/101 327/379/185
f 341/400/101 320/372/178 327/379/185
f 341/400/101 342/401/100 320/372/178
f 320/372/178 342/401/100 343/402/196
f 320/372/178 343/402/196 321/403/179
f 344/404/197 345/405/198 346/406/199
f 344/404/197 346/406/199 347/407/199
f 346/406/199 348/408/200 347/407/199
f 346/406/199 349/409/201 348/408/200
f 348/408/200 349/409/201 350/410/202
f 348/408/200 350/410/202 351/411/203
f 352/412/204 353/413/205 354/414/206
f 352/412/204 354/414/206 355/415/207
f 352/412/204 355/415/207 356/416/208
f 352/412/204 356/416/208 357/417/209
f 352/412/204 357/417/209 358/418/210
f 352/412/204 358/418/210 359/419/209
f 352/412/204 359/419/209 360/420/209
f 344/421/197 347/407/199 348/408/200
f 344/421/197 348/408/200 351/422/203
f 344/421/197 351/422/203 334/423/191
f 344/421/197 334/423/191 333/389/190
f 344/421/197 333/389/190 330/386/188
f 344/421/197 330/386/188 329/424/187
f 361/425/211 362/426/212 363/427/213
f 361/425/211 363/427/213 364/428/214
f 364/428/214 363/427/213 365/429/215
f 364/428/214 365/429/215 366/430/216
f 366/430/216 365/429/215 367/431/217
f 366/430/216 367/431/217 368/432/218
f 368/432/218 367/431/217 369/433/219
f 368/432/218 369/433/219 370/434/220
f 371/435/221 370/434/220 369/433/219
f 371/435/221 369/433/219 372/436/222
f 371/435/221 372/436/222 373/437/223
f 371/435/221 373/437/223 374/438/224
f 375/439/225 374/438/224 373/437/223
f 375/439/225 373/437/223 376/440/226
f 377/441/227 375/439/225 376/440/226
f 377/441/227 378/442/228 375/439/225
f 378/442/228 377/441/227 379/443/229
f 378/442/228 379/443/229 380/444/230
f 380/444/230 379/443/229 381/445/231
f 380/444/230 381/445/231 382/446/232
f 383/447/233 382/446/232 381/445/231
f 383/447/233 381/445/231 384/448/234
f 385/449/235 383/447/233 384/448/234
f 385/449/235 386/450/236 383/447/233
f 386/450/236 385/449/235 358/451/210
f 386/450/236 358/451/210 357/452/209
f 387/453/237 388/454/238 389/455/238
f 387/453/237 389/455/238 390/456/68
f 387/453/237 390/456/68 391/457/239
f 387/453/237 391/457/239 392/458/68
f 387/453/237 392/458/68 393/459/79
f 387/453/237 393/459/79 394/460/238
f 387/453/237 394/460/238 395/461/238
f 387/453/237 395/461/238 396/462/240
f 397/463/241 398/464/242 399/465/241
f 399/465/241 400/466/68 401/467/68
f 401/467/68 397/463/241 399/465/241
f 401/467/68 402/468/241 397/463/241
f 397/463/241 402/468/241 403/469/243
f 397/463/241 403/469/243 398/464/242
f 398/464/242 403/469/243 404/470/244
f 398/464/242 404/470/244 405/471/244
f 405/471/244 404/470/244 406/472/245
f 405/471/244 406/472/245 407/473/245
f 407/473/245 406/472/245 408/474/111
f 407/473/245 408/474/111 409/475/83
f 409/475/83 408/474/111 410/476/246
f 409/475/83 410/476/246 411/477/247
f 411/477/247 410/476/246 412/478/248
f 411/477/247 412/478/248 413/479/249
f 413/479/249 412/478/248 414/480/250
f 413/479/249 414/480/250 415/481/251
f 415/481/251 414/480/250 416/482/252
f 415/481/251 416/482/252 417/483/253
f 417/483/253 416/482/252 354/484/206
f 417/483/253 354/484/206 353/485/205
f 418/486/254 419/487/255 420/488/256
f 418/486/254 420/488/256 421/489/257
f 418/486/254 421/489/257 422/490/258
f 423/491/259 418/486/254 422/490/258
f 424/492/260 423/491/259 422/490/258
f 425/493/261 424/492/260 422/490/258
f 425/493/261 422/490/258 421/489/257
f 426/494/262 425/493/261 421/489/257
f 427/495/263 426/494/262 421/489/257
f 427/495/263 421/489/257 420/488/256
f 428/496/264 427/495/263 420/488/256
f 429/497/265 428/496/264 420/488/256
f 429/497/265 420/488/256 419/487/255
f 430/498/266 429/497/265 419/487/255
f 431/499/267 430/498/266 419/487/255
f 431/499/267 419/487/255 418/486/254
f 432/500/268 431/499/267 418/486/254
f 423/491/259 432/500/268 418/486/254
f 433/501/104 434/502/269 435/503/270
f 433/501/104 435/503/270 436/504/271
f 433/501/104 436/504/271 437/505/272
f 433/501/104 437/505/272 438/506/273
f 433/501/104 438/506/273 439/507/274
f 433/501/104 439/507/274 440/508/275
f 433/501/104 440/508/275 441/509/276
f 442/510/277 443/511/278 444/512/279
f 442/510/277 445/513/280 443/511/278
f 446/514/281 445/513/280 442/510/277
f 446/514/281 447/515/282 445/513/280
f 447/515/282 446/514/281 448/516/283
f 447/515/282 448/516/283 449/517/284
f 449/517/284 448/516/283 450/518/285
f 449/517/284 450/518/285 451/519/286
f 451/519/286 450/518/285 452/520/287
f 451/519/286 452/520/287 453/521/288
f 453/521/288 452/520/287 454/522/289
f 453/521/288 454/522/289 455/523/290
f 454/522/289 456/524/291 455/523/290
f 454/522/289 457/525/292 456/524/291
f 456/524/291 457/525/292 458/526/293
f 456/524/291 458/526/293 459/527/294
f 459/527/294 458/526/293 460/528/295
f 459/527/294 460/528/295 461/529/296
f 461/529/296 460/528/295 462/530/297
f 461/529/296 462/530/297 463/531/298
f 463/531/298 462/530/297 464/532/299
f 463/531/298 464/532/299 465/533/300
f 466/534/301 465/533/300 464/532/299
f 466/534/301 467/535/302 465/533/300
f 468/536/303 467/535/302 466/534/301
f 468/536/303 469/537/304 467/535/302
f 470/538/305 471/539/306 472/540/307
f 470/538/305 473/541/308 471/539/306
f 474/542/309 473/541/308 470/538/305
f 474/542/309 475/543/310 473/541/308
f 475/543/310 474/542/309 476/544/311
f 475/543/310 476/544/311 477/545/312
f 477/545/312 476/544/311 478/546/313
f 477/545/312 478/546/313 479/547/314
f 479/547/314 478/546/313 480/548/315
f 479/547/314 480/548/315 481/549/316
f 481/549/316 480/548/315 482/550/317
f 481/549/316 482/550/317 483/551/318
f 482/550/317 484/552/319 483/551/318
f 482/550/317 485/553/320 484/552/319
f 484/552/319 485/553/320 486/554/321
f 484/552/319 486/554/321 487/555/322
f 487/555/322 486/554/321 488/556/323
f 487/555/322 488/556/323 489/557/324
f 489/557/324 488/556/323 490/558/325
f 489/557/324 490/558/325 491/559/326
f 491/559/326 490/558/325 492/560/327
f 491/559/326 492/560/327 493/561/328
f 494/562/329 493/561/328 492/560/327
f 494/562/329 495/563/330 493/561/328
f 496/564/331 495/563/330 494/562/329
f 496/564/331 497/565/332 495/563/330
f 473/541/308 498/566/333 471/539/306
f 473/541/308 499/567/334 498/566/333
f 475/543/310 499/567/334 473/541/308
f 475/543/310 500/568/335 499/567/334
f 500/568/335 475/543/310 477/545/312
f 500/568/335 477/545/312 501/569/336
f 501/569/336 477/545/312 479/547/314
f 501/569/336 479/547/314 502/570/337
f 502/570/337 479/547/314 481/549/316
f 502/570/337 481/549/316 503/571/338
f 503/571/338 481/549/316 483/551/318
f 503/571/338 483/551/318 504/572/339
f 483/551/318 505/573/340 504/572/339
f 483/551/318 484/552/319 505/573/340
f 505/573/340 484/552/319 487/555/322
f 505/573/340 487/555/322 506/574/341
f 506/574/341 487/555/322 489/557/324
f 506/574/341 489/557/324 507/575/342
f 507/575/342 489/557/324 491/559/326
f 507/575/342 491/559/326 508/576/343
f 508/576/343 491/559/326 493/561/328
f 508/576/343 493/561/328 509/577/344
f 495/563/330 509/577/344 493/561/328
f 495/563/330 510/578/345 509/577/344
f 497/565/332 510/578/345 495/563/330
f 497/565/332 511/579/346 510/578/345
f 499/567/334 512/580/347 498/566/333
f 499/567/334 513/581/348 512/580/347
f 500/568/335 513/581/348 499/567/334
f 500/568/335 514/582/349 513/581/348
f 514/582/349 500/568/335 501/569/336
f 514/582/349 501/569/336 515/583/350
f 515/583/350 501/569/336 502/570/337
f 515/583/350 502/570/337 516/584/351
f 516/584/351 502/570/337 503/571/338
f 516/584/351 503/571/338 517/585/352
f 517/585/352 503/571/338 504/572/339
f 517/585/352 504/572/339 518/586/353
f 504/572/339 519/587/354 518/586/353
f 504/572/339 505/573/340 519/587/354
f 519/587/354 505/573/340 506/574/341
f 519/587/354 506/574/341 520/588/355
f 520/588/355 506/574/341 507/575/342
f 520/588/355 507/575/342 521/589/356
f 521/589/356 507/575/342 508/576/343
f 521/589/356 508/576/343 522/590/357
f 522/590/357 508/576/343 509/577/344
f 522/590/357 509/577/344 523/591/358
f 510/578/345 523/591/358 509/577/344
f 510/578/345 524/592/359 523/591/358
f 511/579/346 524/592/359 510/578/345
f 511/579/346 525/593/360 524/592/359
f 526/594/361 527/595/362 528/596/363
f 526/594/361 529/597/364 527/595/362
f 530/598/365 529/597/364 526/594/361
f 530/598/365 531/599/366 529/597/364
f 531/599/366 530/598/365 532/600/367
f 531/599/366 532/600/367 533/601/368
f 533/601/368 532/600/367 534/602/369
f 533/601/368 534/602/369 535/603/370
f 535/603/370 534/602/369 536/604/371
f 535/603/370 536/604/371 537/605/372
f 537/605/372 536/604/371 538/606/373
f 537/605/372 538/606/373 539/607/374
f 538/606/373 540/608/375 539/607/374
f 538/606/373 541/609/376 540/608/375
f 540/608/375 541/609/376 542/610/377
f 540/608/375 542/610/377 543/611/378
f 543/611/378 542/610/377 544/612/379
f 543/611/378 544/612/379 545/613/380
f 545/613/380 544/612/379 546/614/381
f 545/613/380 546/614/381 547/615/382
f 547/615/382 546/614/381 548/616/383
f 547/615/382 548/616/383 549/617/384
f 550/618/385 549/617/384 548/616/383
f 550/618/385 551/619/386 549/617/384
f 552/620/387 551/619/386 550/618/385
f 552/620/387 553/621/388 551/619/386
f 554/622/238 555/623/68 556/624/79
f 554/622/238 556/624/79 557/625/68
f 554/622/238 557/625/68 558/626/78
f 554/622/238 558/626/78 559/627/239
f 554/622/238 559/627/239 560/628/237
f 554/622/238 560/628/237 561/629/68
f 562/630/389 563/631/113 564/632/390
f 562/630/389 564/632/390 565/633/391
f 562/630/389 565/633/391 566/634/392
f 562/630/389 566/634/392 567/635/393
f 562/630/389 567/635/393 568/636/394
f 562/630/389 568/636/394 569/637/395
f 570/638/396 571/639/397 572/640/398
f 573/641/399 570/638/396 572/640/398
f 573/641/399 572/640/398 574/642/400
f 575/643/401 573/641/399 574/642/400
f 575/643/401 574/642/400 576/644/402
f 577/645/403 575/643/401 576/644/402
f 577/645/403 576/644/402 578/646/404
f 577/645/403 578/646/404 579/647/405
f 580/648/406 581/649/407 561/650/68
f 580/648/406 561/650/68 560/651/237
f 580/648/406 560/651/237 559/652/239
f 580/648/406 559/652/239 582/653/408
f 583/654/409 582/653/408 559/652/239
f 583/654/409 559/652/239 558/655/78
f 584/656/410 583/654/409 558/655/78
f 584/656/410 558/655/78 557/657/68
f 585/658/411 584/656/410 557/657/68
f 585/658/411 557/657/68 556/659/79
f 585/658/411 556/659/79 555/660/68
f 585/658/411 555/660/68 586/661/412
f 587/662/413 586/661/412 555/660/68
f 587/662/413 555/660/68 554/663/238
f 561/664/68 587/662/413 554/663/238
f 561/664/68 581/665/407 587/662/413
f 588/666/414 589/667/415 590/668/416
f 588/666/414 590/668/416 591/669/417
f 591/669/417 590/668/416 592/670/418
f 591/669/417 592/670/418 593/671/419
f 594/672/420 593/671/419 592/670/418
f 594/672/420 595/673/421 593/671/419
f 596/674/422 595/673/421 594/672/420
f 596/674/422 597/675/423 595/673/421
f 598/676/424 597/675/423 596/674/422
f 598/676/424 599/677/425 597/675/423
f 600/678/426 599/677/425 598/676/424
f 600/678/426 601/679/427 599/677/425
f 600/678/426 602/680/428 601/679/427
f 600/678/426 603/681/429 602/680/428
f 604/682/430 602/680/428 603/681/429
f 604/682/430 605/683/431 602/680/428
f 606/684/432 605/683/431 604/682/430
f 606/684/432 607/685/433 605/683/431
f 608/686/434 607/685/433 606/684/432
f 608/686/434 609/687/435 607/685/433
f 610/688/436 609/687/435 608/686/434
f 610/688/436 611/689/437 609/687/435
f 611/689/437 610/688/436 612/690/438
f 611/689/437 612/690/438 613/691/439
f 613/691/439 612/690/438 614/692/440
f 613/691/439 614/692/440 615/693/441
f 616/694/442 617/695/443 618/696/444
f 616/694/442 618/696/444 619/697/445
f 619/697/445 618/696/444 620/698/446
f 619/697/445 620/698/446 621/699/447
f 622/700/448 621/699/447 620/698/446
f 622/700/448 623/701/449 621/699/447
f 624/702/450 623/701/449 622/700/448
f 624/702/450 625/703/451 623/701/449
f 626/704/452 625/703/451 624/702/450
f 626/704/452 627/705/453 625/703/451
f 628/706/454 627/705/453 626/704/452
f 628/706/454 629/707/455 627/705/453
f 628/706/454 630/708/456 629/707/455
f 628/706/454 631/709/457 630/708/456
f 632/710/458 630/708/456 631/709/457
f 632/710/458 633/711/459 630/708/456
f 634/712/460 633/711/459 632/710/458
f 634/712/460 635/713/461 633/711/459
f 636/714/462 635/713/461 634/712/460
f 636/714/462 637/715/463 635/713/461
f 638/716/464 637/715/463 636/714/462
f 638/716/464 639/717/465 637/715/463
f 639/717/465 638/716/464 640/718/466
f 639/717/465 640/718/466 641/719/467
f 641/719/467 640/718/466 642/720/468
f 641/719/467 642/720/468 643/721/469
f 644/722/470 616/694/442 619/697/445
f 644/722/470 619/697/445 645/723/471
f 645/723/471 619/697/445 621/699/447
f 645/723/471 621/699/447 646/724/472
f 623/701/449 646/724/472 621/699/447
f 623/701/449 647/725/473 646/724/472
f 625/703/451 647/725/473 623/701/449
f 625/703/451 648/726/474 647/725/473
f 627/705/453 648/726/474 625/703/451
f 627/705/453 649/727/475 648/726/474
f 629/707/455 649/727/475 627/705/453
f 629/707/455 650/728/476 649/727/475
f 629/707/455 651/729/477 650/728/476
f 629/707/455 630/708/456 651/729/477
f 633/711/459 651/729/477 630/708/456
f 633/711/459 652/730/478 651/729/477
f 635/713/461 652/730/478 633/711/459
f 635/713/461 653/731/479 652/730/478
f 637/715/463 653/731/479 635/713/461
f 637/715/463 654/732/480 653/731/479
f 639/717/465 654/732/480 637/715/463
f 639/717/465 655/733/481 654/732/480
f 655/733/481 639/717/465 641/719/467
f 655/733/481 641/719/467 656/734/482
f 656/734/482 641/719/467 643/721/469
f 656/734/482 643/721/469 657/735/483
f 658/736/484 644/722/470 645/723/471
f 658/736/484 645/723/471 659/737/485
f 659/737/485 645/723/471 646/724/472
f 659/737/485 646/724/472 660/738/486
f 647/725/473 660/738/486 646/724/472
f 647/725/473 661/739/487 660/738/486
f 648/726/474 661/739/487 647/725/473
f 648/726/474 662/740/488 661/739/487
f 649/727/475 662/740/488 648/726/474
f 649/727/475 663/741/489 662/740/488
f 650/728/476 663/741/489 649/727/475
f 650/728/476 664/742/490 663/741/489
f 650/728/476 665/743/491 664/742/490
f 650/728/476 651/729/477 665/743/491
f 652/730/478 665/743/491 651/729/477
f 652/730/478 666/744/492 665/743/491
f 653/731/479 666/744/492 652/730/478
f 653/731/479 667/745/493 666/744/492
f 654/732/480 667/745/493 653/731/479
f 654/732/480 668/746/494 667/745/493
f 655/733/481 668/746/494 654/732/480
f 655/733/481 669/747/495 668/746/494
f 669/747/495 655/733/481 656/734/482
f 669/747/495 656/734/482 670/748/496
f 670/748/496 656/734/482 657/735/483
f 670/748/496 657/735/483 671/749/497
f 672/750/498 673/751/499 674/752/256
f 672/750/498 674/752/256 675/753/257
f 672/750/498 675/753/257 676/754/258
f 677/755/259 672/750/498 676/754/258
f 678/756/260 677/755/259 676/754/258
f 679/757/500 678/756/260 676/754/258
f 679/757/500 676/754/258 675/753/257
f 680/758/501 679/757/500 675/753/257
f 681/759/263 680/758/501 675/753/257
f 681/759/263 675/753/257 674/752/256
f 682/760/264 681/759/263 674/752/256
f 683/761/265 682/760/264 674/752/256
f 683/761/265 674/752/256 673/751/499
f 684/762/266 683/761/265 673/751/499
f 685/763/267 684/762/266 673/751/499
f 685/763/267 673/751/499 672/750/498
f 686/764/268 685/763/267 672/750/498
f 677/755/259 686/764/268 672/750/498
f 687/765/502 688/766/75 689/767/82
f 687/765/502 689/767/82 690/768/211
f 687/765/502 690/768/211 691/769/75
f 687/765/502 691/769/75 692/770/75
f 693/771/238 694/772/68 695/773/503
f 693/771/238 695/773/503 696/774/68
f 693/771/238 696/774/68 697/775/504
f 693/771/238 697/775/504 698/776/78
f 693/771/238 698/776/78 699/777/505
f 693/771/238 699/777/505 700/778/68
f 701/779/68 702/780/506 703/781/68
f 701/779/68 703/781/68 704/782/68
f 701/779/68 704/782/68 705/783/68
f 701/779/68 705/783/68 706/784/68
f 707/785/406 708/786/407 700/787/68
f 707/785/406 700/787/68 699/788/505
f 707/785/406 699/788/505 698/789/78
f 707/785/406 698/789/78 709/790/408
f 710/791/409 709/790/408 698/789/78
f 710/791/409 698/789/78 697/792/504
f 711/793/410 710/791/409 697/792/504
f 711/793/410 697/792/504 696/794/68
f 712/795/411 711/793/410 696/794/68
f 712/795/411 696/794/68 695/796/503
f 712/795/411 695/796/503 694/797/68
f 712/795/411 694/797/68 713/798/412
f 714/799/413 713/798/412 694/797/68
f 714/799/413 694/797/68 693/800/238
f 700/801/68 714/799/413 693/800/238
f 700/801/68 708/802/407 714/799/413
f 715/803/507 716/804/508 703/805/68
f 715/803/507 703/805/68 702/806/506
f 715/803/507 702/806/506 692/807/75
f 715/803/507 692/807/75 691/808/75
f 715/803/507 691/808/75 717/809/509
f 718/810/68 719/811/68 720/812/68
f 718/810/68 720/812/68 721/813/78
f 718/810/68 721/813/78 722/814/237
f 718/810/68 722/814/237 723/815/510
f 718/810/68 723/815/510 724/816/68
f 718/810/68 724/816/68 725/817/238
f 705/818/68 689/819/82 726/820/511
f 705/818/68 726/820/511 727/821/507
f 705/818/68 727/821/507 728/822/512
f 719/823/68 718/824/68 729/825/513
f 719/823/68 729/825/513 730/826/514
f 731/827/515 719/823/68 730/826/514
f 731/827/515 720/828/68 719/823/68
f 721/829/78 720/828/68 731/827/515
f 721/829/78 731/827/515 732/830/516
f 722/831/237 721/829/78 732/830/516
f 722/831/237 732/830/516 733/832/517
f 723/833/510 722/831/237 733/832/517
f 723/833/510 733/832/517 734/834/518
f 735/835/519 723/833/510 734/834/518
f 735/835/519 724/836/68 723/833/510
f 725/837/238 724/836/68 735/835/519
f 725/837/238 735/835/519 736/838/520
f 725/837/238 736/838/520 729/839/513
f 725/837/238 729/839/513 718/840/68
f 737/841/521 738/842/109 739/843/108
f 737/841/521 739/843/108 740/844/108
f 739/843/108 741/845/522 740/844/108
f 739/843/108 742/846/107 741/845/522
f 741/845/522 742/846/107 743/847/106
f 741/845/522 743/847/106 744/848/105
f 745/849/83 688/850/75 687/851/502
f 745/849/83 687/851/502 701/852/68
f 745/849/83 701/852/68 706/853/68
f 745/849/83 706/853/68 746/854/83
f 745/849/83 746/854/83 747/855/83
f 748/856/103 749/857/102 750/858/523
f 748/856/103 750/858/523 751/859/101
f 750/858/523 752/860/100 751/859/101
f 750/858/523 753/861/100 752/860/100
f 752/860/100 753/861/100 754/862/524
f 752/860/100 754/862/524 755/863/98
f 690/864/211 704/865/68 756/866/83
f 690/864/211 756/866/83 757/867/83
f 690/864/211 757/867/83 758/868/525
f 704/782/68 703/781/68 716/869/508
f 704/782/68 716/869/508 756/870/83
f 715/871/507 756/870/83 716/869/508
f 715/871/507 757/872/83 756/870/83
f 757/872/83 715/871/507 717/873/509
f 757/872/83 717/873/509 758/874/525
f 691/769/75 758/874/525 717/873/509
f 691/769/75 690/768/211 758/874/525
f 741/845/522 744/875/105 754/876/524
f 741/845/522 754/876/524 753/861/100
f 741/845/522 753/861/100 750/858/523
f 741/845/522 750/858/523 749/877/102
f 741/845/522 749/877/102 737/878/521
f 741/845/522 737/878/521 740/844/108
f 759/879/526 760/880/527 761/881/75
f 759/879/526 761/881/75 762/882/118
f 759/879/526 762/882/118 763/883/169
f 759/879/526 763/883/169 764/884/75
f 765/885/105 766/886/106 767/887/107
f 765/885/105 767/887/107 768/888/522
f 769/889/108 768/888/522 767/887/107
f 769/889/108 767/887/107 770/890/108
f 769/889/108 770/890/108 771/891/109
f 769/889/108 771/891/109 772/892/110
f 773/893/98 774/894/99 775/895/528
f 773/893/98 775/895/528 776/896/100
f 777/897/101 776/896/100 775/895/528
f 777/897/101 775/895/528 778/898/101
f 777/897/101 778/898/101 779/899/175
f 777/897/101 779/899/175 780/900/103
f 781/901/68 782/902/529 783/903/78
f 781/901/68 783/903/78 784/904/68
f 781/901/68 784/904/68 785/905/68
f 781/901/68 785/905/68 786/906/68
f 769/889/108 772/907/110 779/908/175
f 769/889/108 779/908/175 778/898/101
f 769/889/108 778/898/101 775/895/528
f 769/889/108 775/895/528 774/909/99
f 769/889/108 774/909/99 765/910/105
f 769/889/108 765/910/105 768/888/522
f 787/911/507 788/912/508 783/913/78
f 787/911/507 783/913/78 782/914/529
f 787/911/507 782/914/529 764/915/75
f 787/911/507 764/915/75 763/916/169
f 787/911/507 763/916/169 789/917/509
f 790/918/61 791/919/60 792/920/58
f 790/918/61 792/920/58 793/921/58
f 794/922/57 793/921/58 792/920/58
f 794/922/57 792/920/58 795/923/57
f 794/922/57 795/923/57 796/924/55
f 794/922/57 796/924/55 797/925/56
f 798/926/52 799/927/53 800/928/51
f 798/926/52 800/928/51 801/929/51
f 802/930/50 801/929/51 800/928/51
f 802/930/50 800/928/51 803/931/50
f 802/930/50 803/931/50 804/932/48
f 802/930/50 804/932/48 805/933/49
f 785/934/68 761/935/75 806/936/512
f 785/934/68 806/936/512 807/937/507
f 785/934/68 807/937/507 808/938/512
f 794/922/57 797/939/56 804/940/48
f 794/922/57 804/940/48 803/931/50
f 794/922/57 803/931/50 800/928/51
f 794/922/57 800/928/51 799/941/53
f 794/922/57 799/941/53 790/942/61
f 794/922/57 790/942/61 793/921/58
f 809/943/530 810/944/530 811/945/531
f 809/943/530 811/945/531 812/946/532
f 813/947/533 812/946/532 811/945/531
f 813/947/533 811/945/531 814/948/534
f 813/947/533 814/948/534 815/949/535
f 813/947/533 815/949/535 816/950/536
f 817/951/83 760/952/527 759/953/526
f 817/951/83 759/953/526 781/954/68
f 817/951/83 781/954/68 786/955/68
f 817/951/83 786/955/68 818/956/83
f 817/951/83 818/956/83 819/957/83
f 820/958/537 821/959/538 822/960/539
f 820/958/537 822/960/539 823/961/539
f 824/962/540 823/961/539 822/960/539
f 824/962/540 822/960/539 825/963/540
f 824/962/540 825/963/540 826/964/541
f 824/962/540 826/964/541 827/965/541
f 762/966/118 784/967/68 828/968/83
f 762/966/118 828/968/83 829/969/542
f 762/966/118 829/969/542 830/970/111
f 784/904/68 783/903/78 788/971/508
f 784/904/68 788/971/508 828/972/83
f 787/973/507 828/972/83 788/971/508
f 787/973/507 829/974/542 828/972/83
f 829/974/542 787/973/507 789/975/509
f 829/974/542 789/975/509 830/976/111
f 763/883/169 830/976/111 789/975/509
f 763/883/169 762/882/118 830/976/111
f 831/977/543 832/978/544 833/979/545
f 831/977/543 833/979/545 834/980/546
f 835/981/547 831/977/543 834/980/546
f 836/982/548 835/981/547 834/980/546
f 836/982/548 834/980/546 833/979/545
f 837/983/549 836/982/548 833/979/545
f 837/983/549 833/979/545 832/978/544
f 838/984/550 837/983/549 832/978/544
f 838/984/550 832/978/544 831/977/543
f 835/981/547 838/984/550 831/977/543
f 839/985/551 840/986/75 841/987/75
f 839/985/551 841/987/75 842/988/211
f 839/985/551 842/988/211 843/989/527
f 839/985/551 843/989/527 844/990/75
f 845/991/546 846/992/543 847/993/544
f 845/991/546 847/993/544 848/994/545
f 849/995/548 845/991/546 848/994/545
f 850/996/549 849/995/548 848/994/545
f 850/996/549 848/994/545 847/993/544
f 851/997/550 850/996/549 847/993/544
f 851/997/550 847/993/544 846/992/543
f 852/998/547 851/997/550 846/992/543
f 852/998/547 846/992/543 845/991/546
f 849/995/548 852/998/547 845/991/546
f 853/999/68 854/1000/552 855/1001/68
f 853/999/68 855/1001/68 856/1002/68
f 853/999/68 856/1002/68 857/1003/68
f 853/999/68 857/1003/68 858/1004/68
f 859/1005/507 821/1006/538 820/1007/537
f 859/1005/507 820/1007/537 810/1008/530
f 859/1005/507 810/1008/530 809/1009/530
f 860/1010/507 861/1011/511 855/1012/68
f 860/1010/507 855/1012/68 854/1013/552
f 860/1010/507 854/1013/552 844/1014/75
f 860/1010/507 844/1014/75 843/1015/527
f 860/1010/507 843/1015/527 862/1016/507
f 815/1017/535 827/1018/541 826/1019/541
f 815/1017/535 826/1019/541 863/1020/83
f 815/1017/535 863/1020/83 816/1021/536
f 857/1022/68 841/1023/75 864/1024/511
f 857/1022/68 864/1024/511 865/1025/507
f 857/1022/68 865/1025/507 866/1026/512
f 867/1027/211 868/1028/75 869/1029/82
f 870/1030/83 840/1031/75 839/1032/551
f 870/1030/83 839/1032/551 853/1033/68
f 870/1030/83 853/1033/68 858/1034/68
f 870/1030/83 858/1034/68 871/1035/83
f 870/1030/83 871/1035/83 872/1036/83
f 873/1037/68 874/1038/553 875/1039/238
f 842/1040/211 856/1041/68 876/1042/554
f 842/1040/211 876/1042/554 877/1043/542
f 842/1040/211 877/1043/542 878/1044/111
f 856/1002/68 855/1001/68 861/1045/511
f 856/1002/68 861/1045/511 876/1046/554
f 860/1047/507 876/1046/554 861/1045/511
f 860/1047/507 877/1048/542 876/1046/554
f 877/1048/542 860/1047/507 862/1049/507
f 877/1048/542 862/1049/507 878/1050/111
f 843/989/527 878/1050/111 862/1049/507
f 843/989/527 842/988/211 878/1050/111
f 879/1051/75 880/1052/75 881/1053/75
f 882/1054/555 883/1055/113 884/1056/112
f 882/1054/555 884/1056/112 885/1057/556
f 882/1054/555 885/1057/556 886/1058/557
f 882/1054/555 886/1058/557 887/1059/113
f 882/1054/555 887/1059/113 888/1060/113
f 882/1054/555 888/1060/113 889/1061/114
f 890/1062/68 891/1063/558 892/1064/68
f 883/1065/113 882/1066/555 893/1067/559
f 883/1065/113 893/1067/559 894/1068/560
f 895/1069/561 883/1065/113 894/1068/560
f 895/1069/561 884/1070/112 883/1065/113
f 885/1071/556 884/1070/112 895/1069/561
f 885/1071/556 895/1069/561 896/1072/562
f 886/1073/557 885/1071/556 896/1072/562
f 886/1073/557 896/1072/562 897/1074/563
f 887/1075/113 886/1073/557 897/1074/563
f 887/1075/113 897/1074/563 898/1076/564
f 899/1077/565 887/1075/113 898/1076/564
f 899/1077/565 888/1078/113 887/1075/113
f 889/1079/114 888/1078/113 899/1077/565
f 889/1079/114 899/1077/565 900/1080/566
f 889/1079/114 900/1080/566 893/1081/559
f 889/1079/114 893/1081/559 882/1082/555
f 901/1083/567 902/1084/568 903/1085/569
f 901/1083/567 903/1085/569 904/1086/570
f 904/1086/570 903/1085/569 905/1087/571
f 904/1086/570 905/1087/571 906/1088/572
f 906/1088/572 905/1087/571 907/1089/573
f 906/1088/572 907/1089/573 908/1090/574
f 908/1090/574 907/1089/573 909/1091/575
f 908/1090/574 909/1091/575 910/1092/576
f 910/1092/576 909/1091/575 911/1093/577
f 910/1092/576 911/1093/577 912/1094/578
f 912/1094/578 911/1093/577 913/1095/579
f 912/1094/578 913/1095/579 914/1096/580
f 914/1096/580 913/1095/579 915/1097/581
f 914/1096/580 915/1097/581 916/1098/582
f 916/1098/582 915/1097/581 917/1099/583
f 916/1098/582 917/1099/583 918/1100/584
f 918/1100/584 917/1099/583 919/1101/585
f 918/1100/584 919/1101/585 920/1102/586
f 921/1103/56 922/1104/56 923/1105/587
f 921/1103/56 923/1105/587 924/1106/588
f 924/1106/588 923/1105/587 925/1107/589
f 924/1106/588 925/1107/589 926/1108/590
f 926/1108/590 925/1107/589 902/1084/568
f 926/1108/590 902/1084/568 901/1083/567
f 927/1109/555 928/1110/113 929/1111/113
f 927/1109/555 929/1111/113 930/1112/113
f 927/1109/555 930/1112/113 931/1113/114
f 927/1109/555 931/1113/114 932/1114/556
f 927/1109/555 932/1114/556 933/1115/113
f 927/1109/555 933/1115/113 934/1116/390
f 902/1084/568 935/1117/591 936/1118/592
f 902/1084/568 936/1118/592 903/1085/569
f 903/1085/569 936/1118/592 937/1119/593
f 903/1085/569 937/1119/593 905/1087/571
f 905/1087/571 937/1119/593 938/1120/594
f 905/1087/571 938/1120/594 907/1089/573
f 907/1089/573 938/1120/594 939/1121/595
f 907/1089/573 939/1121/595 909/1091/575
f 909/1091/575 939/1121/595 940/1122/596
f 909/1091/575 940/1122/596 911/1093/577
f 911/1093/577 940/1122/596 941/1123/597
f 911/1093/577 941/1123/597 913/1095/579
f 913/1095/579 941/1123/597 942/1124/598
f 913/1095/579 942/1124/598 915/1097/581
f 915/1097/581 942/1124/598 943/1125/599
f 915/1097/581 943/1125/599 917/1099/583
f 917/1099/583 943/1125/599 944/1126/600
f 917/1099/583 944/1126/600 919/1101/585
f 922/1104/56 945/1127/61 946/1128/59
f 922/1104/56 946/1128/59 923/1105/587
f 923/1105/587 946/1128/59 947/1129/601
f 923/1105/587 947/1129/601 925/1107/589
f 925/1107/589 947/1129/601 935/1117/591
f 925/1107/589 935/1117/591 902/1084/568
f 928/1130/113 927/1131/555 948/1132/559
f 928/1130/113 948/1132/559 949/1133/560
f 950/1134/561 928/1130/113 949/1133/560
f 950/1134/561 929/1135/113 928/1130/113
f 930/1136/113 929/1135/113 950/1134/561
f 930/1136/113 950/1134/561 951/1137/562
f 931/1138/114 930/1136/113 951/1137/562
f 931/1138/114 951/1137/562 952/1139/563
f 932/1140/556 931/1138/114 952/1139/563
f 932/1140/556 952/1139/563 953/1141/564
f 954/1142/565 932/1140/556 953/1141/564
f 954/1142/565 933/1143/113 932/1140/556
f 934/1144/390 933/1143/113 954/1142/565
f 934/1144/390 954/1142/565 955/1145/602
f 934/1144/390 955/1145/602 948/1146/559
f 934/1144/390 948/1146/559 927/1147/555
f 945/1148/61 922/1149/56 921/1150/56
f 956/1151/113 957/1152/113 958/1153/113
f 956/1151/113 958/1153/113 959/1154/113
f 956/1151/113 959/1154/113 960/1155/114
f 956/1151/113 960/1155/114 961/1156/113
f 956/1151/113 961/1156/113 962/1157/603
f 956/1151/113 962/1157/603 963/1158/113
f 956/1151/113 964/1159/106 957/1160/113
f 956/1151/113 965/1161/107 964/1159/106
f 966/1162/108 965/1161/107 956/1151/113
f 966/1162/108 956/1151/113 963/1158/113
f 962/1163/603 966/1162/108 963/1158/113
f 962/1163/603 967/1164/109 966/1162/108
f 968/1165/103 961/1166/113 960/1155/114
f 968/1165/103 960/1155/114 969/1167/101
f 960/1155/114 970/1168/100 969/1167/101
f 960/1155/114 959/1154/113 970/1168/100
f 970/1168/100 959/1154/113 958/1169/113
f 970/1168/100 958/1169/113 971/1170/98
f 919/1171/586 944/1172/604 920/1173/586
f 972/1174/605 973/1175/605 974/1176/606
f 972/1174/605 974/1176/606 975/1177/185
f 972/1174/605 975/1177/185 976/1178/185
f 972/1174/605 976/1178/185 977/1179/607
f 972/1174/605 977/1179/607 978/1180/608
f 972/1174/605 978/1180/608 979/1181/605
f 980/1182/609 981/1183/610 982/1184/611
f 980/1182/609 982/1184/611 983/1185/612
f 984/1186/613 983/1185/612 982/1184/611
f 984/1186/613 985/1187/614 983/1185/612
f 986/1188/560 987/1189/559 979/1190/605
f 986/1188/560 979/1190/605 978/1191/608
f 986/1188/560 978/1191/608 977/1192/607
f 986/1188/560 977/1192/607 988/1193/561
f 989/1194/562 988/1193/561 977/1192/607
f 989/1194/562 977/1192/607 976/1195/185
f 990/1196/563 989/1194/562 976/1195/185
f 990/1196/563 976/1195/185 975/1197/185
f 991/1198/564 990/1196/563 975/1197/185
f 991/1198/564 975/1197/185 974/1199/606
f 991/1198/564 974/1199/606 973/1200/605
f 991/1198/564 973/1200/605 992/1201/565
f 993/1202/602 992/1201/565 973/1200/605
f 993/1202/602 973/1200/605 972/1203/605
f 979/1204/605 993/1202/602 972/1203/605
f 979/1204/605 987/1205/559 993/1202/602
f 980/1206/609 994/1207/615 981/1208/610
f 995/1209/616 996/1210/185 997/1211/617
f 995/1209/616 997/1211/617 998/1212/185
f 995/1209/616 998/1212/185 999/1213/607
f 995/1209/616 999/1213/607 1000/1214/185
f 995/1209/616 1000/1214/185 1001/1215/185
f 995/1209/616 1001/1215/185 1002/1216/185
f 1001/1217/185 1003/1218/106 1004/1219/107
f 1001/1217/185 1004/1219/107 1002/1216/185
f 995/1209/616 1002/1216/185 1004/1219/107
f 995/1209/616 1004/1219/107 1005/1220/108
f 995/1209/616 1005/1220/108 1006/1221/109
f 995/1209/616 1006/1221/109 996/1222/185
f 1007/1223/138 1008/1224/618 1009/1225/619
f 1007/1223/138 1009/1225/619 1010/1226/159
f 1010/1226/159 1009/1225/619 1011/1227/620
f 1010/1226/159 1011/1227/620 1012/1228/621
f 1012/1228/621 1011/1227/620 1013/1229/622
f 1012/1228/621 1013/1229/622 1014/1230/623
f 1014/1230/623 1013/1229/622 1015/1231/624
f 1014/1230/623 1015/1231/624 1016/1232/142
f 1016/1232/142 1015/1231/624 1017/1233/625
f 1016/1232/142 1017/1233/625 1018/1234/143
f 1018/1234/143 1017/1233/625 1019/1235/626
f 1018/1234/143 1019/1235/626 1020/1236/627
f 1020/1236/627 1019/1235/626 1021/1237/628
f 1020/1236/627 1021/1237/628 1022/1238/145
f 1022/1238/145 1021/1237/628 1008/1239/618
f 1022/1238/145 1008/1239/618 1007/1240/138
f 1008/1224/618 1023/1241/123 1024/1242/124
f 1008/1224/618 1024/1242/124 1009/1225/619
f 1009/1225/619 1024/1242/124 1025/1243/629
f 1009/1225/619 1025/1243/629 1011/1227/620
f 1011/1227/620 1025/1243/629 1026/1244/630
f 1011/1227/620 1026/1244/630 1013/1229/622
f 1013/1229/622 1026/1244/630 1027/1245/130
f 1013/1229/622 1027/1245/130 1015/1231/624
f 1015/1231/624 1027/1245/130 1028/1246/132
f 1015/1231/624 1028/1246/132 1017/1233/625
f 1017/1233/625 1028/1246/132 1029/1247/134
f 1017/1233/625 1029/1247/134 1019/1235/626
f 1019/1235/626 1029/1247/134 1030/1248/136
f 1019/1235/626 1030/1248/136 1021/1237/628
f 1021/1237/628 1030/1248/136 1023/1249/123
f 1021/1237/628 1023/1249/123 1008/1239/618
f 1031/1250/138 1032/1251/618 1033/1252/631
f 1031/1250/138 1033/1252/631 1034/1253/159
f 1034/1253/159 1033/1252/631 1035/1254/620
f 1034/1253/159 1035/1254/620 1036/1255/632
f 1036/1255/632 1035/1254/620 1037/1256/633
f 1036/1255/632 1037/1256/633 1038/1257/623
f 1038/1257/623 1037/1256/633 1039/1258/624
f 1038/1257/623 1039/1258/624 1040/1259/634
f 1040/1259/634 1039/1258/624 1041/1260/625
f 1040/1259/634 1041/1260/625 1042/1261/143
f 1042/1261/143 1041/1260/625 1043/1262/635
f 1042/1261/143 1043/1262/635 1044/1263/627
f 1044/1263/627 1043/1262/635 1045/1264/636
f 1044/1263/627 1045/1264/636 1046/1265/637
f 1046/1265/637 1045/1264/636 1032/1266/618
f 1046/1265/637 1032/1266/618 1031/1267/138
f 1032/1251/618 1047/1268/123 1048/1269/124
f 1032/1251/618 1048/1269/124 1033/1252/631
f 1033/1252/631 1048/1269/124 1049/1270/638
f 1033/1252/631 1049/1270/638 1035/1254/620
f 1035/1254/620 1049/1270/638 1050/1271/630
f 1035/1254/620 1050/1271/630 1037/1256/633
f 1037/1256/633 1050/1271/630 1051/1272/130
f 1037/1256/633 1051/1272/130 1039/1258/624
f 1039/1258/624 1051/1272/130 1052/1273/132
f 1039/1258/624 1052/1273/132 1041/1260/625
f 1041/1260/625 1052/1273/132 1053/1274/134
f 1041/1260/625 1053/1274/134 1043/1262/635
f 1043/1262/635 1053/1274/134 1054/1275/136
f 1043/1262/635 1054/1275/136 1045/1264/636
f 1045/1264/636 1054/1275/136 1047/1276/123
f 1045/1264/636 1047/1276/123 1032/1266/618
f 1055/1277/138 1056/1278/618 1057/1279/619
f 1055/1277/138 1057/1279/619 1058/1280/159
f 1058/1280/159 1057/1279/619 1059/1281/639
f 1058/1280/159 1059/1281/639 1060/1282/632
f 1060/1282/632 1059/1281/639 1061/1283/633
f 1060/1282/632 1061/1283/633 1062/1284/623
f 1062/1284/623 1061/1283/633 1063/1285/624
f 1062/1284/623 1063/1285/624 1064/1286/142
f 1064/1286/142 1063/1285/624 1065/1287/625
f 1064/1286/142 1065/1287/625 1066/1288/143
f 1066/1288/143 1065/1287/625 1067/1289/635
f 1066/1288/143 1067/1289/635 1068/1290/627
f 1068/1290/627 1067/1289/635 1069/1291/636
f 1068/1290/627 1069/1291/636 1070/1292/145
f 1070/1292/145 1069/1291/636 1056/1293/618
f 1070/1292/145 1056/1293/618 1055/1294/138
f 1056/1278/618 1071/1295/123 1072/1296/124
f 1056/1278/618 1072/1296/124 1057/1279/619
f 1057/1279/619 1072/1296/124 1073/1297/638
f 1057/1279/619 1073/1297/638 1059/1281/639
f 1059/1281/639 1073/1297/638 1074/1298/630
f 1059/1281/639 1074/1298/630 1061/1283/633
f 1061/1283/633 1074/1298/630 1075/1299/130
f 1061/1283/633 1075/1299/130 1063/1285/624
f 1063/1285/624 1075/1299/130 1076/1300/640
f 1063/1285/624 1076/1300/640 1065/1287/625
f 1065/1287/625 1076/1300/640 1077/1301/134
f 1065/1287/625 1077/1301/134 1067/1289/635
f 1067/1289/635 1077/1301/134 1078/1302/641
f 1067/1289/635 1078/1302/641 1069/1291/636
f 1069/1291/636 1078/1302/641 1071/1303/123
f 1069/1291/636 1071/1303/123 1056/1293/618
f 1079/1304/642 1080/1305/643 1081/1306/644
f 1079/1304/642 1081/1306/644 1082/1307/645
f 1082/1307/645 1081/1306/644 1083/1308/646
f 1082/1307/645 1083/1308/646 1084/1309/647
f 1084/1309/647 1083/1308/646 1085/1310/648
f 1084/1309/647 1085/1310/648 1086/1311/649
f 1086/1311/649 1085/1310/648 1087/1312/650
f 1086/1311/649 1087/1312/650 1088/1313/651
f 1088/1313/651 1087/1312/650 1089/1314/652
f 1088/1313/651 1089/1314/652 1090/1315/653
f 1090/1315/653 1089/1314/652 1091/1316/654
f 1090/1315/653 1091/1316/654 1092/1317/655
f 1092/1317/655 1091/1316/654 1093/1318/656
f 1092/1317/655 1093/1318/656 1094/1319/657
f 1094/1319/657 1093/1318/656 1080/1320/643
f 1094/1319/657 1080/1320/643 1079/1321/642
f 1080/1305/643 1095/1322/658 1096/1323/659
f 1080/1305/643 1096/1323/659 1081/1306/644
f 1081/1306/644 1096/1323/659 1097/1324/660
f 1081/1306/644 1097/1324/660 1083/1308/646
f 1083/1308/646 1097/1324/660 1098/1325/661
f 1083/1308/646 1098/1325/661 1085/1310/648
f 1085/1310/648 1098/1325/661 1099/1326/662
f 1085/1310/648 1099/1326/662 1087/1312/650
f 1087/1312/650 1099/1326/662 1100/1327/663
f 1087/1312/650 1100/1327/663 1089/1314/652
f 1089/1314/652 1100/1327/663 1101/1328/664
f 1089/1314/652 1101/1328/664 1091/1316/654
f 1091/1316/654 1101/1328/664 1102/1329/665
f 1091/1316/654 1102/1329/665 1093/1318/656
f 1093/1318/656 1102/1329/665 1095/1330/658
f 1093/1318/656 1095/1330/658 1080/1320/643
f 1103/1331/642 1104/1332/643 1105/1333/644
f 1103/1331/642 1105/1333/644 1106/1334/645
f 1106/1334/645 1105/1333/644 1107/1335/666
f 1106/1334/645 1107/1335/666 1108/1336/647
f 1108/1336/647 1107/1335/666 1109/1337/648
f 1108/1336/647 1109/1337/648 1110/1338/649
f 1110/1338/649 1109/1337/648 1111/1339/650
f 1110/1338/649 1111/1339/650 1112/1340/651
f 1112/1340/651 1111/1339/650 1113/1341/667
f 1112/1340/651 1113/1341/667 1114/1342/668
f 1114/1342/668 1113/1341/667 1115/1343/669
f 1114/1342/668 1115/1343/669 1116/1344/670
f 1116/1344/670 1115/1343/669 1117/1345/671
f 1116/1344/670 1117/1345/671 1118/1346/672
f 1118/1346/672 1117/1345/671 1104/1347/643
f 1118/1346/672 1104/1347/643 1103/1348/642
f 1104/1332/643 1119/1349/673 1120/1350/659
f 1104/1332/643 1120/1350/659 1105/1333/644
f 1105/1333/644 1120/1350/659 1121/1351/660
f 1105/1333/644 1121/1351/660 1107/1335/666
f 1107/1335/666 1121/1351/660 1122/1352/661
f 1107/1335/666 1122/1352/661 1109/1337/648
f 1109/1337/648 1122/1352/661 1123/1353/662
f 1109/1337/648 1123/1353/662 1111/1339/650
f 1111/1339/650 1123/1353/662 1124/1354/674
f 1111/1339/650 1124/1354/674 1113/1341/667
f 1113/1341/667 1124/1354/674 1125/1355/675
f 1113/1341/667 1125/1355/675 1115/1343/669
f 1115/1343/669 1125/1355/675 1126/1356/665
f 1115/1343/669 1126/1356/665 1117/1345/671
f 1117/1345/671 1126/1356/665 1119/1357/673
f 1117/1345/671 1119/1357/673 1104/1347/643
f 1127/1358/642 1128/1359/676 1129/1360/644
f 1127/1358/642 1129/1360/644 1130/1361/645
f 1130/1361/645 1129/1360/644 1131/1362/666
f 1130/1361/645 1131/1362/666 1132/1363/647
f 1132/1363/647 1131/1362/666 1133/1364/648
f 1132/1363/647 1133/1364/648 1134/1365/677
f 1134/1365/677 1133/1364/648 1135/1366/650
f 1134/1365/677 1135/1366/650 1136/1367/651
f 1136/1367/651 1135/1366/650 1137/1368/667
f 1136/1367/651 1137/1368/667 1138/1369/668
f 1138/1369/668 1137/1368/667 1139/1370/669
f 1138/1369/668 1139/1370/669 1140/1371/670
f 1140/1371/670 1139/1370/669 1141/1372/656
f 1140/1371/670 1141/1372/656 1142/1373/657
f 1142/1373/657 1141/1372/656 1128/1374/676
f 1142/1373/657 1128/1374/676 1127/1375/642
f 1128/1359/676 1143/1376/658 1144/1377/659
f 1128/1359/676 1144/1377/659 1129/1360/644
f 1129/1360/644 1144/1377/659 1145/1378/660
f 1129/1360/644 1145/1378/660 1131/1362/666
f 1131/1362/666 1145/1378/660 1146/1379/661
f 1131/1362/666 1146/1379/661 1133/1364/648
f 1133/1364/648 1146/1379/661 1147/1380/662
f 1133/1364/648 1147/1380/662 1135/1366/650
f 1135/1366/650 1147/1380/662 1148/1381/674
f 1135/1366/650 1148/1381/674 1137/1368/667
f 1137/1368/667 1148/1381/674 1149/1382/678
f 1137/1368/667 1149/1382/678 1139/1370/669
f 1139/1370/669 1149/1382/678 1150/1383/665
f 1139/1370/669 1150/1383/665 1141/1372/656
f 1141/1372/656 1150/1383/665 1143/1384/658
f 1141/1372/656 1143/1384/658 1128/1374/676
f 1151/1385/138 1152/1386/618 1153/1387/619
f 1151/1385/138 1153/1387/619 1154/1388/159
f 1154/1388/159 1153/1387/619 1155/1389/620
f 1154/1388/159 1155/1389/620 1156/1390/632
f 1156/1390/632 1155/1389/620 1157/1391/633
f 1156/1390/632 1157/1391/633 1158/1392/623
f 1158/1392/623 1157/1391/633 1159/1393/624
f 1158/1392/623 1159/1393/624 1160/1394/142
f 1160/1394/142 1159/1393/624 1161/1395/679
f 1160/1394/142 1161/1395/679 1162/1396/143
f 1162/1396/143 1161/1395/679 1163/1397/635
f 1162/1396/143 1163/1397/635 1164/1398/627
f 1164/1398/627 1163/1397/635 1165/1399/636
f 1164/1398/627 1165/1399/636 1166/1400/637
f 1166/1400/637 1165/1399/636 1152/1401/618
f 1166/1400/637 1152/1401/618 1151/1402/138
f 1152/1386/618 1167/1403/123 1168/1404/124
f 1152/1386/618 1168/1404/124 1153/1387/619
f 1153/1387/619 1168/1404/124 1169/1405/638
f 1153/1387/619 1169/1405/638 1155/1389/620
f 1155/1389/620 1169/1405/638 1170/1406/630
f 1155/1389/620 1170/1406/630 1157/1391/633
f 1157/1391/633 1170/1406/630 1171/1407/130
f 1157/1391/633 1171/1407/130 1159/1393/624
f 1159/1393/624 1171/1407/130 1172/1408/132
f 1159/1393/624 1172/1408/132 1161/1395/679
f 1161/1395/679 1172/1408/132 1173/1409/134
f 1161/1395/679 1173/1409/134 1163/1397/635
f 1163/1397/635 1173/1409/134 1174/1410/641
f 1163/1397/635 1174/1410/641 1165/1399/636
f 1165/1399/636 1174/1410/641 1167/1411/123
f 1165/1399/636 1167/1411/123 1152/1401/618
f 1175/1412/642 1176/1413/643 1177/1414/644
f 1175/1412/642 1177/1414/644 1178/1415/645
f 1178/1415/645 1177/1414/644 1179/1416/646
f 1178/1415/645 1179/1416/646 1180/1417/647
f 1180/1417/647 1179/1416/646 1181/1418/648
f 1180/1417/647 1181/1418/648 1182/1419/649
f 1182/1419/649 1181/1418/648 1183/1420/650
f 1182/1419/649 1183/1420/650 1184/1421/680
f 1184/1421/680 1183/1420/650 1185/1422/667
f 1184/1421/680 1185/1422/667 1186/1423/668
f 1186/1423/668 1185/1422/667 1187/1424/669
f 1186/1423/668 1187/1424/669 1188/1425/670
f 1188/1425/670 1187/1424/669 1189/1426/671
f 1188/1425/670 1189/1426/671 1190/1427/657
f 1190/1427/657 1189/1426/671 1176/1428/643
f 1190/1427/657 1176/1428/643 1175/1429/642
f 1176/1413/643 1191/1430/658 1192/1431/659
f 1176/1413/643 1192/1431/659 1177/1414/644
f 1177/1414/644 1192/1431/659 1193/1432/660
f 1177/1414/644 1193/1432/660 1179/1416/646
f 1179/1416/646 1193/1432/660 1194/1433/661
f 1179/1416/646 1194/1433/661 1181/1418/648
f 1181/1418/648 1194/1433/661 1195/1434/662
f 1181/1418/648 1195/1434/662 1183/1420/650
f 1183/1420/650 1195/1434/662 1196/1435/674
f 1183/1420/650 1196/1435/674 1185/1422/667
f 1185/1422/667 1196/1435/674 1197/1436/681
f 1185/1422/667 1197/1436/681 1187/1424/669
f 1187/1424/669 1197/1436/681 1198/1437/665
f 1187/1424/669 1198/1437/665 1189/1426/671
f 1189/1426/671 1198/1437/665 1191/1438/658
f 1189/1426/671 1191/1438/658 1176/1428/643
f 1199/1439/682 1200/1440/643 1201/1441/644
f 1199/1439/682 1201/1441/644 1202/1442/645
f 1202/1442/645 1201/1441/644 1203/1443/683
f 1202/1442/645 1203/1443/683 1204/1444/647
f 1204/1444/647 1203/1443/683 1205/1445/648
f 1204/1444/647 1205/1445/648 1206/1446/649
f 1206/1446/649 1205/1445/648 1207/1447/650
f 1206/1446/649 1207/1447/650 1208/1448/680
f 1208/1448/680 1207/1447/650 1209/1449/667
f 1208/1448/680 1209/1449/667 1210/1450/684
f 1210/1450/684 1209/1449/667 1211/1451/685
f 1210/1450/684 1211/1451/685 1212/1452/670
f 1212/1452/670 1211/1451/685 1213/1453/656
f 1212/1452/670 1213/1453/656 1214/1454/657
f 1214/1454/657 1213/1453/656 1200/1455/643
f 1214/1454/657 1200/1455/643 1199/1456/682
f 1200/1440/643 1215/1457/673 1216/1458/659
f 1200/1440/643 1216/1458/659 1201/1441/644
f 1201/1441/644 1216/1458/659 1217/1459/660
f 1201/1441/644 1217/1459/660 1203/1443/683
f 1203/1443/683 1217/1459/660 1218/1460/661
f 1203/1443/683 1218/1460/661 1205/1445/648
f 1205/1445/648 1218/1460/661 1219/1461/662
f 1205/1445/648 1219/1461/662 1207/1447/650
f 1207/1447/650 1219/1461/662 1220/1462/686
f 1207/1447/650 1220/1462/686 1209/1449/667
f 1209/1449/667 1220/1462/686 1221/1463/681
f 1209/1449/667 1221/1463/681 1211/1451/685
f 1211/1451/685 1221/1463/681 1222/1464/665
f 1211/1451/685 1222/1464/665 1213/1453/656
f 1213/1453/656 1222/1464/665 1215/1465/673
f 1213/1453/656 1215/1465/673 1200/1455/643
f 1223/1466/642 1224/1467/643 1225/1468/644
f 1223/1466/642 1225/1468/644 1226/1469/645
f 1226/1469/645 1225/1468/644 1227/1470/646
f 1226/1469/645 1227/1470/646 1228/1471/647
f 1228/1471/647 1227/1470/646 1229/1472/687
f 1228/1471/647 1229/1472/687 1230/1473/649
f 1230/1473/649 1229/1472/687 1231/1474/650
f 1230/1473/649 1231/1474/650 1232/1475/688
f 1232/1475/688 1231/1474/650 1233/1476/652
f 1232/1475/688 1233/1476/652 1234/1477/689
f 1234/1477/689 1233/1476/652 1235/1478/690
f 1234/1477/689 1235/1478/690 1236/1479/691
f 1236/1479/691 1235/1478/690 1237/1480/671
f 1236/1479/691 1237/1480/671 1238/1481/657
f 1238/1481/657 1237/1480/671 1224/1482/643
f 1238/1481/657 1224/1482/643 1223/1483/642
f 1224/1467/643 1239/1484/692 1240/1485/693
f 1224/1467/643 1240/1485/693 1225/1468/644
f 1225/1468/644 1240/1485/693 1241/1486/660
f 1225/1468/644 1241/1486/660 1227/1470/646
f 1227/1470/646 1241/1486/660 1242/1487/661
f 1227/1470/646 1242/1487/661 1229/1472/687
f 1229/1472/687 1242/1487/661 1243/1488/662
f 1229/1472/687 1243/1488/662 1231/1474/650
f 1231/1474/650 1243/1488/662 1244/1489/694
f 1231/1474/650 1244/1489/694 1233/1476/652
f 1233/1476/652 1244/1489/694 1245/1490/695
f 1233/1476/652 1245/1490/695 1235/1478/690
f 1235/1478/690 1245/1490/695 1246/1491/665
f 1235/1478/690 1246/1491/665 1237/1480/671
f 1237/1480/671 1246/1491/665 1239/1492/692
f 1237/1480/671 1239/1492/692 1224/1482/643
f 1247/1493/696 128/150/97 1248/1494/697
f 1247/1493/696 127/148/96 128/150/97
f 1249/1495/698 127/148/96 1247/1493/696
f 1249/1495/698 126/146/95 127/148/96
f 1250/1496/699 126/146/95 1249/1495/698
f 1250/1496/699 125/143/94 126/146/95
f 118/136/87 125/1497/94 1250/1496/699
f 118/136/87 1250/1496/699 1249/1495/698
f 118/136/87 1249/1495/698 119/137/88
f 119/137/88 1249/1495/698 1247/1493/696
f 119/137/88 1247/1493/696 121/139/90
f 121/139/90 1247/1493/696 1248/1494/697
f 121/139/90 1248/1494/697 123/141/92
f 1251/1498/700 984/1186/613 982/1184/611
f 1251/1498/700 982/1184/611 1252/1499/701
f 981/1183/610 1252/1499/701 982/1184/611
f 981/1183/610 994/1500/615 1252/1499/701
f 1253/1501/702 1254/1502/703 1255/1503/704
f 1253/1501/702 1255/1503/704 1256/1504/705
f 1256/1504/705 1255/1503/704 1257/1505/706
f 1256/1504/705 1257/1505/706 1258/1506/707
f 1258/1506/707 1257/1505/706 1259/1507/708
f 1258/1506/707 1259/1507/708 1260/1508/709
f 1261/1509/239 1262/1510/68 1263/1511/79
f 1254/1502/703 1264/1512/710 1265/1513/711
f 1254/1502/703 1265/1513/711 1255/1503/704
f 1255/1503/704 1265/1513/711 1266/1514/712
f 1255/1503/704 1266/1514/712 1257/1505/706
f 1257/1505/706 1266/1514/712 1267/1515/713
f 1257/1505/706 1267/1515/713 1259/1507/708
f 1268/1516/68 1269/1517/68 1270/1518/68
f 1271/1519/714 1272/1520/715 1273/1521/716
f 1271/1519/714 1273/1521/716 1274/1522/716
f 1275/1523/717 1274/1522/716 1273/1521/716
f 1275/1523/717 1273/1521/716 1276/1524/717
f 1275/1523/717 1276/1524/717 1277/1525/718
f 1275/1523/717 1277/1525/718 1278/1526/719
f 1279/1527/720 1280/1528/721 1281/1529/722
f 1279/1527/720 1281/1529/722 1282/1530/722
f 1283/1531/723 1282/1530/722 1281/1529/722
f 1283/1531/723 1281/1529/722 1284/1532/724
f 1283/1531/723 1284/1532/724 1285/1533/725
f 1283/1531/723 1285/1533/725 1286/1534/726
f 1264/1512/710 1287/1535/727 1288/1536/728
f 1264/1512/710 1288/1536/728 1265/1513/711
f 1265/1513/711 1288/1536/728 1289/1537/729
f 1265/1513/711 1289/1537/729 1266/1514/712
f 1266/1514/712 1289/1537/729 1290/1538/730
f 1266/1514/712 1290/1538/730 1267/1515/713
f 1291/1539/731 1292/1540/732 1293/1541/733
f 1291/1539/731 1293/1541/733 1294/1542/734
f 1294/1542/734 1293/1541/733 1295/1543/735
f 1294/1542/734 1295/1543/735 1296/1544/736
f 1296/1544/736 1295/1543/735 1297/1545/737
f 1296/1544/736 1297/1545/737 1298/1546/738
f 1298/1546/738 1297/1545/737 1299/1547/739
f 1298/1546/738 1299/1547/739 1300/1548/740
f 1300/1548/740 1299/1547/739 1301/1549/741
f 1300/1548/740 1301/1549/741 1302/1550/742
f 1302/1550/742 1301/1549/741 1303/1551/743
f 1302/1550/742 1303/1551/743 1304/1552/744
f 1304/1552/744 1303/1551/743 1305/1553/745
f 1304/1552/744 1305/1553/745 1306/1554/746
f 1307/1555/747 1291/1539/731 1294/1542/734
f 1307/1555/747 1294/1542/734 1308/1556/748
f 1308/1556/748 1294/1542/734 1296/1544/736
f 1308/1556/748 1296/1544/736 1309/1557/749
f 1309/1557/749 1296/1544/736 1298/1546/738
f 1309/1557/749 1298/1546/738 1310/1558/750
f 1310/1558/750 1298/1546/738 1300/1548/740
f 1310/1558/750 1300/1548/740 1311/1559/751
f 1311/1559/751 1300/1548/740 1302/1550/742
f 1311/1559/751 1302/1550/742 1312/1560/752
f 1312/1560/752 1302/1550/742 1304/1552/744
f 1312/1560/752 1304/1552/744 1313/1561/753
f 1313/1561/753 1304/1552/744 1306/1554/746
f 1313/1561/753 1306/1554/746 1314/1562/754
f 1315/1563/755 1307/1555/747 1308/1556/748
f 1315/1563/755 1308/1556/748 1316/1564/756
f 1316/1564/756 1308/1556/748 1309/1557/749
f 1316/1564/756 1309/1557/749 1317/1565/757
f 1317/1565/757 1309/1557/749 1310/1558/750
f 1317/1565/757 1310/1558/750 1318/1566/758
f 1318/1566/758 1310/1558/750 1311/1559/751
f 1318/1566/758 1311/1559/751 1319/1567/759
f 1319/1567/759 1311/1559/751 1312/1560/752
f 1319/1567/759 1312/1560/752 1320/1568/760
f 1320/1568/760 1312/1560/752 1313/1561/753
f 1320/1568/760 1313/1561/753 1321/1569/761
f 1321/1569/761 1313/1561/753 1314/1562/754
f 1321/1569/761 1314/1562/754 1322/1570/762
f 1292/1571/732 1315/1563/755 1316/1564/756
f 1292/1571/732 1316/1564/756 1293/1572/733
f 1293/1572/733 1316/1564/756 1317/1565/757
f 1293/1572/733 1317/1565/757 1295/1573/735
f 1295/1573/735 1317/1565/757 1318/1566/758
f 1295/1573/735 1318/1566/758 1297/1574/737
f 1297/1574/737 1318/1566/758 1319/1567/759
f 1297/1574/737 1319/1567/759 1299/1575/739
f 1299/1575/739 1319/1567/759 1320/1568/760
f 1299/1575/739 1320/1568/760 1301/1576/741
f 1301/1576/741 1320/1568/760 1321/1569/761
f 1301/1576/741 1321/1569/761 1303/1577/743
f 1303/1577/743 1321/1569/761 1322/1570/762
f 1303/1577/743 1322/1570/762 1305/1578/745
f 1323/1579/75 1324/1580/75 1325/1581/75
f 1323/1579/75 1325/1581/75 1326/1582/75
f 1323/1579/75 1326/1582/75 1327/1583/75
f 1323/1579/75 1327/1583/75 1328/1584/75
f 1323/1579/75 1328/1584/75 1329/1585/75
f 1323/1579/75 1329/1585/75 1330/1586/75
f 1331/1587/75 1332/1588/75 1333/1589/527
f 1332/1588/75 1334/1590/169 1333/1589/527
f 1332/1588/75 1335/1591/75 1334/1590/169
f 1334/1590/169 1335/1591/75 1336/1592/75
f 1336/1592/75 1335/1591/75 1337/1593/75
f 1336/1592/75 1337/1593/75 1338/1594/82
f 1338/1594/82 1337/1593/75 1339/1595/169
f 1339/1595/169 1337/1593/75 1331/1587/75
f 1339/1595/169 1331/1587/75 1340/1596/75
f 1331/1587/75 1333/1589/527 1340/1596/75
f 1341/1597/75 1340/1596/75 1333/1589/527
f 1342/1598/75 1341/1597/75 1333/1589/527
f 1342/1598/75 1343/1599/75 1341/1597/75
f 1344/1600/211 1343/1599/75 1342/1598/75
f 1345/1601/75 1343/1599/75 1344/1600/211
f 1345/1601/75 1346/1602/75 1343/1599/75
f 1347/1603/75 1346/1602/75 1345/1601/75
f 1348/1604/75 1346/1602/75 1347/1603/75
f 1348/1604/75 1347/1603/75 1340/1596/75
f 1341/1597/75 1348/1604/75 1340/1596/75
f 1349/1605/763 1350/1606/764 1351/1607/765
f 1349/1605/763 1351/1607/765 1352/1608/766
f 1349/1605/763 1352/1608/766 1353/1609/765
f 1349/1605/763 1353/1609/765 1354/1610/763
f 1340/1596/75 1347/1603/75 1355/1611/535
f 1340/1596/75 1355/1611/535 1356/1612/767
f 1340/1596/75 1356/1612/767 1339/1595/169
f 1336/1592/75 1357/1613/768 1334/1614/169
f 1336/1592/75 1358/1615/539 1357/1613/768
f 1359/1616/540 1358/1615/539 1336/1592/75
f 1359/1616/540 1336/1592/75 1338/1594/82
f 1339/1617/169 1359/1616/540 1338/1594/82
f 1339/1617/169 1356/1618/767 1359/1616/540
f 1360/1619/531 1342/1620/75 1361/1621/530
f 1360/1619/531 1344/1600/211 1342/1620/75
f 1345/1601/75 1344/1600/211 1360/1619/531
f 1345/1601/75 1360/1619/531 1362/1622/534
f 1355/1623/535 1345/1601/75 1362/1622/534
f 1355/1623/535 1347/1624/75 1345/1601/75
f 1363/1625/769 1364/1626/770 1365/1627/769
f 1363/1625/769 1365/1627/769 1366/1628/769
f 1363/1625/769 1366/1628/769 1367/1629/771
f 1363/1625/769 1367/1629/771 1368/1630/769
f 1357/1631/768 1361/1632/530 1342/1598/75
f 1357/1631/768 1342/1598/75 1333/1589/527
f 1357/1631/768 1333/1589/527 1334/1590/169
f 1369/1633/55 1370/1634/56 1371/1635/57
f 1369/1633/55 1371/1635/57 1372/1636/57
f 1371/1635/57 1373/1637/58 1372/1636/57
f 1371/1635/57 1374/1638/58 1373/1637/58
f 1373/1637/58 1374/1638/58 1375/1639/61
f 1373/1637/58 1375/1639/61 1376/1640/60
f 1377/1641/51 1378/1642/52 1379/1643/53
f 1377/1641/51 1380/1644/51 1378/1642/52
f 1381/1645/50 1380/1644/51 1377/1641/51
f 1381/1645/50 1377/1641/51 1382/1646/50
f 1383/1647/772 1381/1645/50 1382/1646/50
f 1383/1647/772 1384/1648/49 1381/1645/50
f 1385/1649/773 1386/1650/774 1387/1651/773
f 1385/1649/773 1387/1651/773 1388/1652/773
f 1385/1649/773 1388/1652/773 1389/1653/775
f 1385/1649/773 1389/1653/775 1390/1654/776
f 1377/1641/51 1379/1655/53 1375/1656/61
f 1377/1641/51 1375/1656/61 1374/1638/58
f 1377/1641/51 1374/1638/58 1371/1635/57
f 1377/1641/51 1371/1635/57 1370/1657/56
f 1377/1641/51 1370/1657/56 1383/1658/772
f 1377/1641/51 1383/1658/772 1382/1646/50
f 1391/1659/777 1392/1660/778 1393/1661/777
f 1391/1659/777 1393/1661/777 1394/1662/777
f 1391/1659/777 1394/1662/777 1395/1663/779
f 1391/1659/777 1395/1663/779 1396/1664/777
f 1254/1502/703 1287/1665/727 1264/1666/710
f 1253/1501/702 1287/1665/727 1254/1502/703
f 1397/1667/98 1398/1668/99 1399/1669/528
f 1397/1667/98 1399/1669/528 1400/1670/100
f 1401/1671/101 1400/1670/100 1399/1669/528
f 1401/1671/101 1399/1669/528 1402/1672/101
f 1401/1671/101 1402/1672/101 1403/1673/780
f 1401/1671/101 1403/1673/780 1404/1674/103
f 1405/1675/781 1406/1676/106 1407/1677/107
f 1405/1675/781 1407/1677/107 1408/1678/522
f 1409/1679/782 1408/1678/522 1407/1677/107
f 1409/1679/782 1407/1677/107 1410/1680/108
f 1409/1679/782 1410/1680/108 1411/1681/109
f 1409/1679/782 1411/1681/109 1412/1682/110
f 1287/1535/727 1253/1683/702 1256/1684/705
f 1287/1535/727 1256/1684/705 1288/1536/728
f 1288/1536/728 1256/1684/705 1258/1685/707
f 1288/1536/728 1258/1685/707 1289/1537/729
f 1289/1537/729 1258/1685/707 1260/1686/709
f 1289/1537/729 1260/1686/709 1290/1538/730
f 1409/1679/782 1412/1687/110 1403/1688/780
f 1409/1679/782 1403/1688/780 1402/1672/101
f 1409/1679/782 1402/1672/101 1399/1669/528
f 1409/1679/782 1399/1669/528 1398/1689/99
f 1409/1679/782 1398/1689/99 1405/1690/781
f 1409/1679/782 1405/1690/781 1408/1678/522
f 1413/1691/783 1414/1692/784 1415/1693/525
f 1415/1693/525 1414/1692/784 1416/1694/83
f 1415/1693/525 1416/1694/83 1417/1695/785
f 1418/1696/83 1417/1695/785 1416/1694/83
f 1418/1696/83 1419/1697/786 1417/1695/785
f 1420/1698/787 1419/1699/786 1421/1700/788
f 1420/1698/787 1417/1701/785 1419/1699/786
f 1415/1702/525 1417/1701/785 1420/1698/787
f 1415/1702/525 1420/1698/787 1422/1703/789
f 1413/1704/783 1415/1702/525 1422/1703/789
f 1413/1704/783 1422/1703/789 1423/1705/790
f 1414/1706/784 1413/1704/783 1423/1705/790
f 1414/1706/784 1423/1705/790 1424/1707/791
f 1416/1708/83 1414/1706/784 1424/1707/791
f 1416/1708/83 1424/1707/791 1425/1709/792
f 1416/1708/83 1425/1709/792 1426/1710/793
f 1416/1708/83 1426/1710/793 1418/1711/83
f 1427/1712/794 1428/1713/795 1429/1714/796
f 1427/1712/794 1429/1714/796 1430/1715/797
f 1427/1712/794 1430/1715/797 1431/1716/798
f 1427/1712/794 1431/1716/798 1432/1717/799
f 1433/1718/800 1434/1719/801 1435/1720/802
f 1433/1718/800 1435/1720/802 1436/1721/801
f 1433/1718/800 1436/1721/801 1437/1722/803
f 1438/1723/804 1439/1724/805 1440/1725/806
f 1441/1726/807 1442/1727/808 1443/1728/809
f 1441/1726/807 1443/1728/809 1444/1729/810
f 1441/1726/807 1444/1729/810 1445/1730/807
f 1446/1731/83 1447/1732/111 1448/1733/83
f 1449/1734/811 1447/1732/111 1446/1731/83
f 1449/1734/811 1450/1735/83 1447/1732/111
f 1450/1735/83 1449/1734/811 1451/1736/785
f 1450/1735/83 1451/1736/785 1452/1737/525
f 1453/1738/800 1454/1739/812 1455/1740/802
f 1453/1738/800 1455/1740/802 1456/1741/801
f 1453/1738/800 1456/1741/801 1457/1742/813
f 1452/1743/525 1458/1744/814 1459/1745/815
f 1452/1743/525 1459/1745/815 1450/1746/83
f 1459/1745/815 1447/1747/111 1450/1746/83
f 1459/1745/815 1460/1748/816 1447/1747/111
f 1460/1748/816 1448/1749/83 1447/1747/111
f 1460/1748/816 1461/1750/817 1448/1749/83
f 1461/1750/817 1446/1751/83 1448/1749/83
f 1461/1750/817 1462/1752/818 1446/1751/83
f 1462/1752/818 1449/1753/811 1446/1751/83
f 1462/1752/818 1463/1754/819 1449/1753/811
f 1464/1755/820 1449/1753/811 1463/1754/819
f 1464/1755/820 1451/1756/785 1449/1753/811
f 1465/1757/807 1466/1758/808 1467/1759/821
f 1465/1757/807 1467/1759/821 1468/1760/807
f 1465/1757/807 1468/1760/807 1469/1761/808
f 1470/1762/822 148/1763/111 150/1764/83
f 1470/1762/822 1471/1765/823 148/1763/111
f 1471/1765/823 1470/1762/822 1472/1766/824
f 1471/1765/823 1472/1766/824 1473/1767/825
f 1474/1768/826 1475/1769/827 1476/1770/828
f 1474/1768/826 1476/1770/828 1477/1771/829
f 1474/1768/826 1477/1771/829 1478/1772/826
f 1479/1773/830 1480/1774/831 1481/1775/832
f 1479/1773/830 1481/1775/832 1482/1776/833
f 1481/1775/832 85/1777/66 1482/1776/833
f 1481/1775/832 1483/1778/834 85/1777/66
f 85/1777/66 1483/1778/834 91/1779/71
f 1484/1780/167 565/1781/391 564/632/390
f 1484/1780/167 564/632/390 1485/1782/109
f 1486/1783/103 1485/1782/109 564/632/390
f 1486/1783/103 564/632/390 563/631/113
f 562/1784/389 1486/1783/103 563/631/113
f 562/1784/389 1487/1785/835 1486/1783/103
f 1488/1786/836 1489/1787/837 1490/1788/837
f 1488/1786/836 1490/1788/837 1491/1789/837
f 1488/1786/836 1491/1789/837 1492/1790/837
f 1493/1791/98 1000/1792/185 999/1213/607
f 1493/1791/98 999/1213/607 1494/1793/100
f 1495/1794/101 1494/1793/100 999/1213/607
f 1495/1794/101 999/1213/607 998/1212/185
f 1495/1794/101 998/1212/185 997/1795/617
f 1495/1794/101 997/1795/617 1496/1796/103
f 1497/1797/827 1498/1798/838 1499/1799/828
f 1497/1797/827 1499/1799/828 1500/1800/829
f 1497/1797/827 1500/1800/829 1501/1801/839
f 1502/1802/840 1503/1803/837 1504/1804/837
f 1502/1802/840 1504/1804/837 1505/1805/837
f 1502/1802/840 1505/1805/837 1506/1806/837
f 1507/1807/841 1508/1808/842 1509/1809/843
f 1507/1807/841 1509/1809/843 1510/1810/844
f 1510/1810/844 1509/1809/843 1511/1811/845
f 1510/1810/844 1511/1811/845 1512/1812/846
f 1512/1812/846 1511/1811/845 1513/1813/847
f 1512/1812/846 1513/1813/847 1514/1814/848
f 1514/1814/848 1513/1813/847 1515/1815/849
f 1514/1814/848 1515/1815/849 1516/1816/850
f 1516/1816/850 1515/1815/849 1517/1817/851
f 1516/1816/850 1517/1817/851 1518/1818/852
f 1518/1818/852 1517/1817/851 1519/1819/853
f 1518/1818/852 1519/1819/853 1520/1820/854
f 1520/1820/854 1519/1819/853 1521/1821/855
f 1520/1820/854 1521/1821/855 1522/1822/856
f 1523/1823/857 439/1824/274 438/1825/273
f 1523/1823/857 1524/1826/858 439/1824/274
f 1524/1826/858 1523/1823/857 1525/1827/859
f 1524/1826/858 1525/1827/859 1526/1828/860
f 1527/1829/861 1526/1828/860 1525/1827/859
f 1527/1829/861 1528/1830/862 1526/1828/860
f 1528/1830/862 1527/1829/861 1529/1831/863
f 1528/1830/862 1529/1831/863 1530/1832/864
f 1531/1833/865 1530/1832/864 1529/1831/863
f 1531/1833/865 1529/1831/863 1532/1834/866
f 1531/1833/865 1532/1834/866 1533/1835/867
f 1531/1833/865 1533/1835/867 1534/1836/868
f 1535/1837/869 1534/1836/868 1533/1835/867
f 1535/1837/869 1533/1835/867 1536/1838/870
f 1537/1839/871 1535/1837/869 1536/1838/870
f 1537/1839/871 1538/1840/872 1535/1837/869
f 1539/1841/873 1538/1840/872 1537/1839/871
f 1539/1841/873 1540/1842/874 1538/1840/872
f 1540/1842/874 1539/1841/873 1541/1843/875
f 1540/1842/874 1541/1843/875 1542/1844/876
f 1543/1845/877 1542/1844/876 1541/1843/875
f 1543/1845/877 1541/1843/875 1544/1846/878
f 1545/1847/879 1543/1845/877 1544/1846/878
f 1545/1847/879 1546/1848/880 1543/1845/877
f 1547/1849/68 1546/1848/880 1545/1847/879
f 1547/1849/68 1548/1850/881 1546/1848/880
f 1549/1851/882 1507/1807/841 1510/1810/844
f 1549/1851/882 1510/1810/844 1550/1852/883
f 1550/1852/883 1510/1810/844 1512/1812/846
f 1550/1852/883 1512/1812/846 1551/1853/884
f 1551/1853/884 1512/1812/846 1514/1814/848
f 1551/1853/884 1514/1814/848 1552/1854/885
f 1552/1854/885 1514/1814/848 1516/1816/850
f 1552/1854/885 1516/1816/850 1553/1855/886
f 1553/1855/886 1516/1816/850 1518/1818/852
f 1553/1855/886 1518/1818/852 1554/1856/887
f 1554/1856/887 1518/1818/852 1520/1820/854
f 1554/1856/887 1520/1820/854 1555/1857/888
f 1555/1857/888 1520/1820/854 1522/1822/856
f 1555/1857/888 1522/1822/856 1556/1858/889
f 1557/1859/606 434/1860/269 433/1861/104
f 1557/1859/606 433/1861/104 1558/1862/607
f 1559/1863/185 1557/1859/606 1558/1862/607
f 1560/1864/185 1559/1863/185 1558/1862/607
f 1560/1864/185 1561/1865/185 1559/1863/185
f 1562/1866/606 1561/1865/185 1560/1864/185
f 1563/1867/606 1562/1866/606 1560/1864/185
f 1563/1867/606 1564/1868/890 1562/1866/606
f 1565/1869/185 1564/1868/890 1563/1867/606
f 1565/1869/185 1566/1870/891 1564/1868/890
f 1565/1869/185 1567/1871/185 1566/1870/891
f 1568/1872/605 1567/1871/185 1565/1869/185
f 1568/1872/605 1569/1873/185 1567/1871/185
f 1570/1874/892 1569/1873/185 1568/1872/605
f 1570/1874/892 1568/1872/605 1571/1875/185
f 1570/1874/892 1571/1875/185 1572/1876/617
f 1573/1877/893 1549/1851/882 1550/1852/883
f 1573/1877/893 1550/1852/883 1574/1878/894
f 1574/1878/894 1550/1852/883 1551/1853/884
f 1574/1878/894 1551/1853/884 1575/1879/895
f 1575/1879/895 1551/1853/884 1552/1854/885
f 1575/1879/895 1552/1854/885 1576/1880/896
f 1576/1880/896 1552/1854/885 1553/1855/886
f 1576/1880/896 1553/1855/886 1577/1881/897
f 1577/1881/897 1553/1855/886 1554/1856/887
f 1577/1881/897 1554/1856/887 1578/1882/898
f 1578/1882/898 1554/1856/887 1555/1857/888
f 1578/1882/898 1555/1857/888 1579/1883/899
f 1579/1883/899 1555/1857/888 1556/1858/889
f 1579/1883/899 1556/1858/889 1580/1884/900
f 1581/1885/204 1582/1886/205 1583/1887/206
f 1581/1885/204 1583/1887/206 1584/1888/901
f 1581/1885/204 1584/1888/901 1585/1889/902
f 1581/1885/204 1585/1889/902 1586/1890/209
f 1581/1885/204 1586/1890/209 1587/1891/210
f 1581/1885/204 1587/1891/210 1588/1892/209
f 1581/1885/204 1588/1892/209 1589/1893/903
f 1590/1894/904 1591/1895/905 1592/1896/906
f 1590/1894/904 1593/1897/907 1591/1895/905
f 1594/1898/908 1593/1897/907 1590/1894/904
f 1594/1898/908 1595/1899/909 1593/1897/907
f 1595/1899/909 1594/1898/908 1596/1900/910
f 1595/1899/909 1596/1900/910 1597/1901/911
f 1597/1901/911 1596/1900/910 1598/1902/912
f 1597/1901/911 1598/1902/912 1599/1903/913
f 1599/1903/913 1598/1902/912 1600/1904/914
f 1599/1903/913 1600/1904/914 1601/1905/915
f 1601/1905/915 1600/1904/914 1602/1906/916
f 1601/1905/915 1602/1906/916 1603/1907/917
f 1604/1908/918 1603/1907/917 1602/1906/916
f 1604/1908/918 1602/1906/916 1605/1909/919
f 1604/1908/918 1605/1909/919 1606/1910/920
f 1604/1908/918 1606/1910/920 1607/1911/921
f 1607/1911/921 1606/1910/920 1608/1912/922
f 1607/1911/921 1608/1912/922 1609/1913/923
f 1609/1913/923 1608/1912/922 1610/1914/924
f 1609/1913/923 1610/1914/924 1611/1915/925
f 1611/1915/925 1610/1914/924 1612/1916/926
f 1611/1915/925 1612/1916/926 1613/1917/927
f 1614/1918/928 1613/1917/927 1612/1916/926
f 1614/1918/928 1615/1919/929 1613/1917/927
f 1616/1920/930 1615/1919/929 1614/1918/928
f 1616/1920/930 1617/1921/931 1615/1919/929
f 1508/1922/842 1573/1877/893 1574/1878/894
f 1508/1922/842 1574/1878/894 1509/1923/843
f 1509/1923/843 1574/1878/894 1575/1879/895
f 1509/1923/843 1575/1879/895 1511/1924/845
f 1511/1924/845 1575/1879/895 1576/1880/896
f 1511/1924/845 1576/1880/896 1513/1925/847
f 1513/1925/847 1576/1880/896 1577/1881/897
f 1513/1925/847 1577/1881/897 1515/1926/849
f 1515/1926/849 1577/1881/897 1578/1882/898
f 1515/1926/849 1578/1882/898 1517/1927/851
f 1517/1927/851 1578/1882/898 1579/1883/899
f 1517/1927/851 1579/1883/899 1519/1928/853
f 1519/1928/853 1579/1883/899 1580/1884/900
f 1519/1928/853 1580/1884/900 1521/1929/855
f 1268/1930/68 1270/1931/68 1618/1932/932
f 1268/1930/68 1618/1932/932 1619/1933/932
f 1619/1933/932 1618/1932/932 1620/1934/933
f 1619/1933/932 1620/1934/933 1621/1935/934
f 1621/1935/934 1620/1934/933 1622/1936/935
f 1621/1935/934 1622/1936/935 1623/1937/936
f 1623/1937/936 1622/1936/935 1624/1938/937
f 1623/1937/936 1624/1938/937 1625/1939/938
f 1625/1939/938 1624/1938/937 1626/1940/68
f 1625/1939/938 1626/1940/68 1627/1941/939
f 1627/1941/939 1626/1940/68 1628/1942/940
f 1627/1941/939 1628/1942/940 1629/1943/941
f 1629/1943/941 1628/1942/940 1630/1944/942
f 1629/1943/941 1630/1944/942 1631/1945/943
f 1631/1945/943 1630/1944/942 1632/1946/944
f 1631/1945/943 1632/1946/944 1633/1947/945
f 1633/1947/945 1632/1946/944 1634/1948/946
f 1633/1947/945 1634/1948/946 1635/1949/947
f 1635/1949/947 1634/1948/946 1263/1950/79
f 1635/1949/947 1263/1950/79 1262/1951/68
f 1636/1952/948 1637/1953/949 1638/1954/950
f 1636/1952/948 1638/1954/950 1639/1955/949
f 1636/1952/948 1639/1955/949 1640/1956/950
f 1636/1952/948 1640/1956/950 1641/1957/949
f 1269/1958/68 1268/1930/68 1619/1933/932
f 1269/1958/68 1619/1933/932 1642/1959/951
f 1642/1959/951 1619/1933/932 1621/1935/934
f 1642/1959/951 1621/1935/934 1643/1960/952
f 1643/1960/952 1621/1935/934 1623/1937/936
f 1643/1960/952 1623/1937/936 1644/1961/953
f 1644/1961/953 1623/1937/936 1625/1939/938
f 1644/1961/953 1625/1939/938 1645/1962/954
f 1645/1962/954 1625/1939/938 1627/1941/939
f 1645/1962/954 1627/1941/939 1646/1963/955
f 1646/1963/955 1627/1941/939 1629/1943/941
f 1646/1963/955 1629/1943/941 1647/1964/956
f 1647/1964/956 1629/1943/941 1631/1945/943
f 1647/1964/956 1631/1945/943 1648/1965/957
f 1648/1965/957 1631/1945/943 1633/1947/945
f 1648/1965/957 1633/1947/945 1649/1966/958
f 1649/1966/958 1633/1947/945 1635/1949/947
f 1649/1966/958 1635/1949/947 1650/1967/959
f 1650/1967/959 1635/1949/947 1262/1951/68
f 1650/1967/959 1262/1951/68 1261/1968/239
f 1270/1969/68 1269/1958/68 1642/1959/951
f 1270/1969/68 1642/1959/951 1618/1970/932
f 1618/1970/932 1642/1959/951 1643/1960/952
f 1618/1970/932 1643/1960/952 1620/1971/933
f 1620/1971/933 1643/1960/952 1644/1961/953
f 1620/1971/933 1644/1961/953 1622/1972/935
f 1622/1972/935 1644/1961/953 1645/1962/954
f 1622/1972/935 1645/1962/954 1624/1973/937
f 1624/1973/937 1645/1962/954 1646/1963/955
f 1624/1973/937 1646/1963/955 1626/1974/68
f 1626/1974/68 1646/1963/955 1647/1964/956
f 1626/1974/68 1647/1964/956 1628/1975/940
f 1628/1975/940 1647/1964/956 1648/1965/957
f 1628/1975/940 1648/1965/957 1630/1976/942
f 1630/1976/942 1648/1965/957 1649/1966/958
f 1630/1976/942 1649/1966/958 1632/1977/944
f 1632/1977/944 1649/1966/958 1650/1967/959
f 1632/1977/944 1650/1967/959 1634/1978/946
f 1634/1978/946 1650/1967/959 1261/1968/239
f 1634/1978/946 1261/1968/239 1263/1979/79
f 1651/1980/960 1652/1981/961 1653/1982/962
f 1651/1980/960 1653/1982/962 1654/1983/963
f 1651/1980/960 1654/1983/963 1655/1984/964
f 1651/1980/960 1655/1984/964 1656/1985/963
f 1657/1986/75 1658/1987/212 1659/1988/213
f 1657/1986/75 1659/1988/213 1660/1989/214
f 1660/1989/214 1659/1988/213 1661/1990/215
f 1660/1989/214 1661/1990/215 1662/1991/216
f 1662/1991/216 1661/1990/215 1663/1992/965
f 1662/1991/216 1663/1992/965 1664/1993/966
f 1664/1993/966 1663/1992/965 1665/1994/967
f 1664/1993/966 1665/1994/967 1666/1995/220
f 1667/1996/968 1666/1995/220 1665/1994/967
f 1667/1996/968 1665/1994/967 1668/1997/222
f 1667/1996/968 1668/1997/222 1669/1998/969
f 1667/1996/968 1669/1998/969 1670/1999/970
f 1671/2000/225 1670/1999/970 1669/1998/969
f 1671/2000/225 1669/1998/969 1672/2001/226
f 1673/2002/971 1671/2000/225 1672/2001/226
f 1673/2002/971 1674/2003/972 1671/2000/225
f 1674/2003/972 1673/2002/971 1675/2004/973
f 1674/2003/972 1675/2004/973 1676/2005/974
f 1676/2005/974 1675/2004/973 1677/2006/231
f 1676/2005/974 1677/2006/231 1678/2007/232
f 1679/2008/233 1678/2007/232 1677/2006/231
f 1679/2008/233 1677/2006/231 1680/2009/234
f 1681/2010/235 1679/2008/233 1680/2009/234
f 1681/2010/235 1682/2011/236 1679/2008/233
f 1682/2011/236 1681/2010/235 1587/2012/210
f 1682/2011/236 1587/2012/210 1586/2013/209
f 1683/2014/975 1684/2015/976 1685/2016/977
f 1683/2014/975 1685/2016/977 1686/2017/978
f 1686/2017/978 1685/2016/977 1687/2018/979
f 1686/2017/978 1687/2018/979 1688/2019/980
f 1688/2019/980 1687/2018/979 1689/2020/981
f 1688/2019/980 1689/2020/981 1690/2021/982
f 1691/2022/983 1692/2023/984 1693/2024/985
f 1693/2024/985 1692/2023/984 571/639/397
f 1693/2024/985 571/639/397 1694/2025/986
f 1694/2025/986 571/639/397 570/638/396
f 1694/2025/986 570/638/396 1695/2026/987
f 573/641/399 1695/2026/987 570/638/396
f 573/641/399 1696/2027/988 1695/2026/987
f 1696/2027/988 573/641/399 1697/2028/989
f 575/643/401 1697/2028/989 573/641/399
f 575/643/401 1698/2029/990 1697/2028/989
f 575/643/401 1699/2030/991 1698/2029/990
f 1699/2030/991 575/643/401 577/645/403
f 1699/2030/991 577/645/403 1700/2031/992
f 579/647/405 1700/2031/992 577/645/403
f 579/647/405 1701/2032/993 1700/2031/992
f 1702/2033/994 1701/2032/993 579/647/405
f 1702/2033/994 1703/2034/995 1701/2032/993
f 1704/2035/996 1703/2034/995 1702/2033/994
f 1705/2036/997 1683/2014/975 1686/2017/978
f 1705/2036/997 1686/2017/978 1706/2037/998
f 1706/2037/998 1686/2017/978 1688/2019/980
f 1706/2037/998 1688/2019/980 1707/2038/999
f 1707/2038/999 1688/2019/980 1690/2021/982
f 1707/2038/999 1690/2021/982 1708/2039/1000
f 1615/2040/929 1617/2041/931 1613/2042/927
f 1617/2041/931 1611/2043/925 1613/2042/927
f 1617/2041/931 1609/2044/923 1611/2043/925
f 1617/2041/931 1709/2045/1001 1609/2044/923
f 1709/2045/1001 1607/2046/921 1609/2044/923
f 1709/2045/1001 1604/1908/918 1607/2046/921
f 1709/2045/1001 1603/1907/917 1604/1908/918
f 1709/2045/1001 1710/2047/1001 1603/1907/917
f 1601/2048/915 1603/1907/917 1710/2047/1001
f 1599/2049/913 1601/2048/915 1710/2047/1001
f 1597/2050/911 1599/2049/913 1710/2047/1001
f 1597/2050/911 1710/2047/1001 1591/2051/905
f 1595/2052/909 1597/2050/911 1591/2051/905
f 1595/2052/909 1591/2051/905 1593/2053/907
f 1711/2054/1002 1705/2036/997 1706/2037/998
f 1711/2054/1002 1706/2037/998 1712/2055/1003
f 1712/2055/1003 1706/2037/998 1707/2038/999
f 1712/2055/1003 1707/2038/999 1713/2056/1004
f 1713/2056/1004 1707/2038/999 1708/2039/1000
f 1713/2056/1004 1708/2039/1000 1714/2057/1005
f 1657/1986/75 1715/2058/1006 1716/2059/1007
f 1657/1986/75 1660/1989/214 1715/2058/1006
f 1715/2058/1006 1660/1989/214 1662/1991/216
f 1715/2058/1006 1662/1991/216 1717/2060/1008
f 1718/2061/1009 1717/2060/1008 1662/1991/216
f 1718/2061/1009 1662/1991/216 1664/1993/966
f 1718/2061/1009 1664/1993/966 1666/1995/220
f 1718/2061/1009 1666/1995/220 1719/2062/1010
f 1720/2063/1011 1719/2062/1010 1666/1995/220
f 1720/2063/1011 1666/1995/220 1667/1996/968
f 1720/2063/1011 1667/1996/968 1670/1999/970
f 1720/2063/1011 1670/1999/970 1721/2064/1012
f 1722/2065/1013 1721/2064/1012 1670/1999/970
f 1722/2065/1013 1670/1999/970 1671/2000/225
f 1674/2003/972 1722/2065/1013 1671/2000/225
f 1674/2003/972 1723/2066/1014 1722/2065/1013
f 1674/2003/972 1724/2067/1015 1723/2066/1014
f 1674/2003/972 1676/2005/974 1724/2067/1015
f 1678/2007/232 1724/2067/1015 1676/2005/974
f 1678/2007/232 1725/2068/1016 1724/2067/1015
f 1678/2007/232 1726/2069/1017 1725/2068/1016
f 1678/2007/232 1679/2008/233 1726/2069/1017
f 1682/2011/236 1726/2069/1017 1679/2008/233
f 1682/2011/236 1727/2070/1018 1726/2069/1017
f 1682/2011/236 1585/2071/902 1727/2070/1018
f 1682/2011/236 1586/2013/209 1585/2071/902
f 1684/2072/976 1711/2054/1002 1712/2055/1003
f 1684/2072/976 1712/2055/1003 1685/2073/977
f 1685/2073/977 1712/2055/1003 1713/2056/1004
f 1685/2073/977 1713/2056/1004 1687/2074/979
f 1687/2074/979 1713/2056/1004 1714/2057/1005
f 1687/2074/979 1714/2057/1005 1689/2075/981
f 1727/2070/1018 1585/2071/902 1584/2076/901
f 1727/2070/1018 1584/2076/901 1728/2077/1019
f 1729/2078/1020 1727/2070/1018 1728/2077/1019
f 1729/2078/1020 1726/2069/1017 1727/2070/1018
f 1725/2068/1016 1726/2069/1017 1729/2078/1020
f 1725/2068/1016 1729/2078/1020 1730/2079/1021
f 1731/2080/1022 1725/2068/1016 1730/2079/1021
f 1731/2080/1022 1724/2067/1015 1725/2068/1016
f 1723/2066/1014 1724/2067/1015 1731/2080/1022
f 1723/2066/1014 1731/2080/1022 1732/2081/1023
f 1723/2066/1014 1732/2081/1023 1733/2082/1024
f 1723/2066/1014 1733/2082/1024 1722/2065/1013
f 1721/2064/1012 1722/2065/1013 1733/2082/1024
f 1721/2064/1012 1733/2082/1024 1734/2083/1025
f 1721/2064/1012 1734/2083/1025 1735/2084/1026
f 1721/2064/1012 1735/2084/1026 1720/2063/1011
f 1719/2062/1010 1720/2063/1011 1735/2084/1026
f 1719/2062/1010 1735/2084/1026 1736/2085/1027
f 1719/2062/1010 1736/2085/1027 1737/2086/1028
f 1719/2062/1010 1737/2086/1028 1718/2061/1009
f 1717/2060/1008 1718/2061/1009 1737/2086/1028
f 1717/2060/1008 1737/2086/1028 1738/2087/1029
f 1717/2060/1008 1738/2087/1029 1739/2088/1030
f 1717/2060/1008 1739/2088/1030 1715/2058/1006
f 1716/2059/1007 1715/2058/1006 1739/2088/1030
f 1716/2059/1007 1739/2088/1030 1740/2089/1031
f 1571/2090/185 1741/2091/1032 1742/2092/1033
f 1571/2090/185 1568/2093/605 1741/2091/1032
f 1741/2091/1032 1568/2093/605 1565/2094/185
f 1741/2091/1032 1565/2094/185 1743/2095/1034
f 1743/2095/1034 1565/2094/185 1563/2096/606
f 1743/2095/1034 1563/2096/606 1744/2097/83
f 1744/2097/83 1563/2096/606 1560/2098/185
f 1744/2097/83 1560/2098/185 1745/2099/1035
f 1745/2099/1035 1560/2098/185 1558/2100/607
f 1745/2099/1035 1558/2100/607 1746/2101/1036
f 441/2102/276 1746/2101/1036 1558/2100/607
f 441/2102/276 1558/2100/607 433/2103/104
f 1559/2104/185 1747/2105/241 1748/2106/241
f 1559/2104/185 1749/2107/242 1747/2105/241
f 1561/2108/185 1749/2107/242 1559/2104/185
f 1561/2108/185 1750/2109/244 1749/2107/242
f 1562/2110/606 1750/2109/244 1561/2108/185
f 1562/2110/606 1751/2111/245 1750/2109/244
f 1564/2112/890 1751/2111/245 1562/2110/606
f 1564/2112/890 1752/2113/83 1751/2111/245
f 1566/2114/891 1752/2113/83 1564/2112/890
f 1566/2114/891 1753/2115/247 1752/2113/83
f 1567/2116/185 1753/2115/247 1566/2114/891
f 1567/2116/185 1754/2117/248 1753/2115/247
f 1569/2118/185 1754/2117/248 1567/2116/185
f 1569/2118/185 1755/2119/251 1754/2117/248
f 1570/2120/892 1755/2119/251 1569/2118/185
f 1570/2120/892 1756/2121/252 1755/2119/251
f 1572/2122/617 1756/2121/252 1570/2120/892
f 1572/2122/617 1757/2123/211 1756/2121/252
f 1559/2104/185 1748/2106/241 1557/2124/606
f 1748/2106/241 434/2125/269 1557/2124/606
f 1748/2106/241 435/2126/270 434/2125/269
f 1748/2106/241 1747/2105/241 435/2126/270
f 144/166/108 147/2127/110 135/2128/102
f 144/166/108 135/2128/102 134/156/101
f 144/166/108 134/156/101 131/153/100
f 144/166/108 131/153/100 130/2129/99
f 144/166/108 130/2129/99 140/2130/105
f 144/166/108 140/2130/105 143/165/107
f 1758/2131/1037 1759/2132/1038 1760/2133/1039
f 1759/2134/1038 1758/2135/1037 1761/2136/1040
f 1759/2134/1038 1761/2136/1040 1762/2137/1041
f 1762/2137/1041 1761/2136/1040 1763/2138/1042
f 1762/2137/1041 1763/2138/1042 1764/2139/1043
f 1764/2139/1043 1763/2138/1042 1765/2140/1044
f 1764/2139/1043 1765/2140/1044 1766/2141/1045
f 1471/1765/823 149/2142/83 148/1763/111
f 1471/1765/823 1767/2143/1046 149/2142/83
f 1767/2143/1046 1471/1765/823 1473/1767/825
f 1767/2143/1046 1473/1767/825 1768/2144/1047
f 1691/2022/983 1704/2035/996 1702/2033/994
f 1691/2022/983 1702/2033/994 1692/2023/984
f 1702/2033/994 571/639/397 1692/2023/984
f 1702/2033/994 579/647/405 571/639/397
f 1769/2145/1048 1759/2134/1038 1762/2137/1041
f 1760/2133/1039 1759/2132/1038 1769/2145/1048
f 1760/2133/1039 1769/2145/1048 1770/2146/1049
f 1769/2145/1048 1762/2137/1041 1770/2146/1049
f 1770/2146/1049 1762/2137/1041 1764/2139/1043
f 1770/2146/1049 1764/2139/1043 1771/2147/1050
f 1771/2147/1050 1764/2139/1043 1766/2141/1045
f 1771/2147/1050 1766/2141/1045 1772/2148/1051
f 1773/2149/1052 1772/2148/1051 1774/2150/1053
f 1773/2149/1052 1771/2147/1050 1772/2148/1051
f 1775/2151/1054 1771/2147/1050 1773/2149/1052
f 1775/2151/1054 1770/2146/1049 1771/2147/1050
f 1760/2133/1039 1770/2146/1049 1775/2151/1054
f 1756/2152/252 1757/2153/211 1776/2154/113
f 1756/2152/252 1776/2154/113 1777/2155/113
f 1756/2152/252 1777/2155/113 1778/2156/113
f 1756/2152/252 1778/2156/113 1779/2157/113
f 1756/2152/252 1779/2157/113 1780/2158/113
f 1755/2159/251 1756/2152/252 1780/2158/113
f 1754/2160/248 1755/2159/251 1780/2158/113
f 1753/2161/247 1754/2160/248 1780/2158/113
f 1753/2161/247 1780/2158/113 1781/2162/113
f 1781/2162/113 1752/2163/83 1753/2161/247
f 1781/2162/113 1751/2164/245 1752/2163/83
f 1781/2162/113 1750/2165/244 1751/2164/245
f 1781/2162/113 1782/2166/113 1750/2165/244
f 1782/2166/113 1749/2167/242 1750/2165/244
f 1782/2166/113 1747/2168/241 1749/2167/242
f 1782/2166/113 436/2169/271 1747/2168/241
f 436/2169/271 435/2170/270 1747/2168/241
f 1782/2166/113 1783/2171/113 436/2169/271
f 1781/2162/113 1784/2172/113 1785/2173/113
f 1781/2162/113 1785/2173/113 1786/2174/113
f 1781/2162/113 1786/2174/113 1782/2166/113
f 1780/2158/113 1787/2175/113 1788/2176/113
f 1780/2158/113 1788/2176/113 1781/2162/113
f 140/2130/105 130/2129/99 129/2177/98
f 140/2130/105 129/2177/98 141/2178/106
f 146/2179/109 136/2180/103 135/2128/102
f 146/2179/109 135/2128/102 147/2127/110
f 1457/2181/813 1456/2182/801 1465/2183/807
f 1457/2181/813 1465/2183/807 1469/2184/808
f 1453/2185/800 1457/2181/813 1469/2184/808
f 1453/2185/800 1469/2184/808 1468/2186/807
f 1454/2187/812 1453/2185/800 1468/2186/807
f 1454/2187/812 1468/2186/807 1467/2188/821
f 1455/2189/802 1454/2187/812 1467/2188/821
f 1455/2189/802 1467/2188/821 1466/2190/808
f 1435/2191/802 1434/2192/801 1443/2193/809
f 1435/2191/802 1443/2193/809 1442/2194/808
f 1437/2195/803 1436/2196/801 1441/2197/807
f 1437/2195/803 1441/2197/807 1445/2198/807
f 1433/2199/800 1437/2195/803 1445/2198/807
f 1433/2199/800 1445/2198/807 1444/2200/810
f 1434/2192/801 1433/2199/800 1444/2200/810
f 1434/2192/801 1444/2200/810 1443/2193/809
f 1758/2201/1037 1760/2133/1039 1775/2151/1054
f 1758/2201/1037 1775/2151/1054 1761/2202/1040
f 1761/2202/1040 1775/2151/1054 1773/2149/1052
f 1761/2202/1040 1773/2149/1052 1763/2203/1042
f 1763/2203/1042 1773/2149/1052 1774/2150/1053
f 1763/2203/1042 1774/2150/1053 1765/2204/1044
f 1421/2205/788 1426/2206/793 1425/2207/792
f 1421/2205/788 1425/2207/792 1420/2208/787
f 1420/2208/787 1425/2207/792 1424/2209/791
f 1420/2208/787 1424/2209/791 1422/2210/789
f 1423/2211/790 1422/2210/789 1424/2209/791
f 1418/2212/83 1426/2213/793 1789/2214/1055
f 1418/2212/83 1789/2214/1055 1790/2215/1056
f 1791/2216/1057 1792/2217/1058 1793/2218/1059
f 1791/2216/1057 1793/2218/1059 1794/2219/1057
f 1792/2220/1058 1790/2221/1056 1795/2222/1060
f 1792/2220/1058 1795/2222/1060 1793/2223/1059
f 1789/2224/1055 1791/2225/1057 1794/2226/1057
f 1789/2224/1055 1794/2226/1057 1796/2227/83
f 1421/2228/788 1419/2229/786 1792/2230/1058
f 1421/2228/788 1792/2230/1058 1791/2231/1057
f 1418/2232/83 1790/2233/1056 1792/2234/1058
f 1418/2232/83 1792/2234/1058 1419/2235/786
f 1793/2236/1059 1795/2237/1060 1796/2238/83
f 1793/2236/1059 1796/2238/83 1794/2239/1057
f 1426/2240/793 1421/2241/788 1791/2242/1057
f 1426/2240/793 1791/2242/1057 1789/2243/1055
f 1790/2244/1056 1789/2245/1055 1796/2246/83
f 1790/2244/1056 1796/2246/83 1795/2247/1060
f 1391/2248/777 1396/2249/777 1387/2250/773
f 1391/2248/777 1387/2250/773 1386/2251/774
f 1392/2252/778 1391/2248/777 1386/2251/774
f 1392/2252/778 1386/2251/774 1385/2253/773
f 1393/2254/777 1392/2252/778 1385/2253/773
f 1393/2254/777 1385/2253/773 1390/2255/776
f 1394/2256/777 1393/2254/777 1390/2255/776
f 1394/2256/777 1390/2255/776 1389/2257/775
f 1395/2258/779 1394/2256/777 1389/2257/775
f 1395/2258/779 1389/2257/775 1388/2259/773
f 1396/2260/777 1395/2258/779 1388/2259/773
f 1396/2260/777 1388/2259/773 1387/2261/773
f 1363/2262/769 1368/2263/769 1351/2264/765
f 1363/2262/769 1351/2264/765 1350/2265/764
f 1364/2266/770 1363/2262/769 1350/2265/764
f 1364/2266/770 1350/2265/764 1349/2267/763
f 1365/2268/769 1364/2266/770 1349/2267/763
f 1365/2268/769 1349/2267/763 1354/2269/763
f 1366/2270/769 1365/2268/769 1354/2269/763
f 1366/2270/769 1354/2269/763 1353/2271/765
f 1367/2272/771 1366/2270/769 1353/2271/765
f 1367/2272/771 1353/2271/765 1352/2273/766
f 1368/2274/769 1367/2272/771 1352/2273/766
f 1368/2274/769 1352/2273/766 1351/2275/765
f 1305/2276/745 1322/2277/762 1315/1563/755
f 1305/2276/745 1315/1563/755 1292/1571/732
f 1322/2277/762 1314/2278/754 1307/1555/747
f 1322/2277/762 1307/1555/747 1315/1563/755
f 1314/2278/754 1306/2279/746 1291/1539/731
f 1314/2278/754 1291/1539/731 1307/1555/747
f 1306/2279/746 1305/2280/745 1292/1540/732
f 1306/2279/746 1292/1540/732 1291/1539/731
f 1797/2281/1061 1798/2282/1062 1799/2283/1062
f 1797/2281/1061 1799/2283/1062 1800/2284/1063
f 1801/2285/1064 1797/2281/1061 1800/2284/1063
f 1801/2285/1064 1800/2284/1063 1802/2286/1064
f 1803/2287/48 1804/2288/1065 1805/2289/48
f 1803/2287/48 1805/2289/48 1806/2290/48
f 1804/2288/1065 1807/2291/53 1808/2292/53
f 1804/2288/1065 1808/2292/53 1805/2289/48
f 1809/2293/53 1810/2294/53 1811/2295/53
f 1809/2293/53 1811/2295/53 1812/2296/1066
f 1813/2297/48 1809/2293/53 1812/2296/1066
f 1813/2297/48 1812/2296/1066 1814/2298/48
f 1815/2299/1062 1816/2300/1063 1817/2301/1063
f 1815/2299/1062 1817/2301/1063 1818/2302/1067
f 1819/2303/1068 1815/2299/1062 1818/2302/1067
f 1819/2303/1068 1818/2302/1067 1820/2304/1069
f 1821/2305/507 1822/2306/507 1823/2307/507
f 1821/2305/507 1823/2307/507 1824/2308/1070
f 1825/2309/75 1826/2310/75 1823/2307/507
f 1825/2309/75 1823/2307/507 1822/2306/507
f 1827/2311/185 1825/2312/75 1822/2306/507
f 1827/2311/185 1822/2306/507 1821/2305/507
f 1827/2311/185 1828/2313/83 1826/2314/75
f 1827/2311/185 1826/2314/75 1825/2312/75
f 1827/2315/185 1821/2305/507 1824/2308/1070
f 1827/2315/185 1824/2308/1070 1828/2316/83
f 1829/2317/507 1830/2318/507 1831/2319/507
f 1829/2317/507 1831/2319/507 1832/2320/1071
f 1833/2321/75 1834/2322/75 1831/2319/507
f 1833/2321/75 1831/2319/507 1830/2318/507
f 1835/2323/185 1833/2324/75 1830/2318/507
f 1835/2323/185 1830/2318/507 1829/2317/507
f 1835/2325/185 1836/2326/83 1834/2327/75
f 1835/2325/185 1834/2327/75 1833/2328/75
f 1835/2329/185 1829/2317/507 1832/2320/1071
f 1835/2329/185 1832/2320/1071 1836/2330/83
f 1837/2331/53 1838/2332/53 1839/2333/53
f 1837/2331/53 1839/2333/53 1840/2334/1072
f 1841/2335/48 1837/2331/53 1840/2334/1072
f 1841/2335/48 1840/2334/1072 1842/2336/48
f 1843/2337/1073 1844/2338/1062 1845/2339/1062
f 1843/2337/1073 1845/2339/1062 1846/2340/1063
f 1847/2341/1064 1843/2337/1073 1846/2340/1063
f 1847/2341/1064 1846/2340/1063 1848/2342/1064
f 1849/2343/61 1850/2344/61 1851/2345/61
f 1849/2343/61 1851/2345/61 1852/2346/1074
f 1853/2347/56 1849/2343/61 1852/2346/1074
f 1853/2347/56 1852/2346/1074 1854/2348/56
f 1855/2349/1075 1856/2350/1076 1857/2351/1077
f 1855/2349/1075 1857/2351/1077 1858/2352/1078
f 1859/2353/1079 1855/2349/1075 1858/2352/1078
f 1859/2353/1079 1858/2352/1078 1860/2354/1080
f 1861/2355/1061 1862/2356/1062 1863/2357/1062
f 1861/2355/1061 1863/2357/1062 1864/2358/1063
f 1865/2359/1064 1861/2355/1061 1864/2358/1063
f 1865/2359/1064 1864/2358/1063 1866/2360/1064
f 1867/2361/53 1868/2362/53 1869/2363/53
f 1867/2361/53 1869/2363/53 1870/2364/1072
f 1871/2365/48 1867/2361/53 1870/2364/1072
f 1871/2365/48 1870/2364/1072 1872/2366/48
f 1873/2367/1073 1874/2368/1062 1875/2369/1062
f 1873/2367/1073 1875/2369/1062 1876/2370/1063
f 1877/2371/1064 1873/2367/1073 1876/2370/1063
f 1877/2371/1064 1876/2370/1063 1878/2372/1081
f 1879/2373/53 1880/2374/53 1881/2375/53
f 1879/2373/53 1881/2375/53 1882/2376/1082
f 1883/2377/48 1879/2373/53 1882/2376/1082
f 1883/2377/48 1882/2376/1082 1884/2378/48
f 1885/2379/1061 1886/2380/1062 1887/2381/1083
f 1885/2379/1061 1887/2381/1083 1888/2382/1063
f 1889/2383/1064 1885/2379/1061 1888/2382/1063
f 1889/2383/1064 1888/2382/1063 1890/2384/1064
f 1891/2385/53 1892/2386/53 1893/2387/53
f 1891/2385/53 1893/2387/53 1894/2388/1072
f 1895/2389/48 1891/2385/53 1894/2388/1072
f 1895/2389/48 1894/2388/1072 1896/2390/48
f 1897/2391/1075 1898/2392/1076 1899/2393/1077
f 1897/2391/1075 1899/2393/1077 1900/2394/1084
f 1901/2395/1079 1897/2391/1075 1900/2394/1084
f 1901/2395/1079 1900/2394/1084 1902/2396/1080
f 1903/2397/61 1904/2398/61 1905/2399/61
f 1903/2397/61 1905/2399/61 1906/2400/1085
f 1907/2401/56 1903/2397/61 1906/2400/1085
f 1907/2401/56 1906/2400/1085 1908/2402/56
f 1909/2403/1086 1910/2404/1076 1911/2405/1077
f 1909/2403/1086 1911/2405/1077 1912/2406/1084
f 1913/2407/1087 1909/2403/1086 1912/2406/1084
f 1913/2407/1087 1912/2406/1084 1914/2408/1088
f 1915/2409/61 1916/2410/61 1917/2411/61
f 1915/2409/61 1917/2411/61 1918/2412/1089
f 1919/2413/56 1915/2409/61 1918/2412/1089
f 1919/2413/56 1918/2412/1089 1920/2414/56
f 1921/2415/1086 1922/2416/1077 1923/2417/1077
f 1921/2415/1086 1923/2417/1077 1924/2418/1084
f 1925/2419/1079 1921/2415/1086 1924/2418/1084
f 1925/2419/1079 1924/2418/1084 1926/2420/1079
f 1927/2421/61 1928/2422/61 1929/2423/61
f 1927/2421/61 1929/2423/61 1930/2424/1090
f 1931/2425/56 1927/2421/61 1930/2424/1090
f 1931/2425/56 1930/2424/1090 1932/2426/56
f 88/2427/68 87/2428/68 97/2429/75
f 88/2427/68 97/2429/75 96/2430/75
f 87/2428/68 89/2431/69 95/2432/75
f 87/2428/68 95/2432/75 97/2429/75
f 1006/2433/109 1496/2434/103 997/1211/617
f 1006/2433/109 997/1211/617 996/1210/185
f 1001/1215/185 1000/1214/185 1493/2435/98
f 1001/1215/185 1493/2435/98 1003/2436/106
f 1933/2437/1091 1934/2438/1092 1935/2439/1093
f 1933/2437/1091 1935/2439/1093 1936/2440/1094
f 1933/2437/1091 1936/2440/1094 1937/2441/1095
f 1933/2437/1091 1937/2441/1095 1938/2442/1095
f 1939/2443/1096 1934/2438/1092 1940/2444/1097
f 1941/2445/1098 1939/2443/1096 1940/2444/1097
f 1941/2445/1098 1940/2444/1097 1942/2446/1099
f 1943/2447/1100 1941/2445/1098 1942/2446/1099
f 1943/2447/1100 1942/2446/1099 1944/2448/1101
f 1945/2449/1102 1943/2447/1100 1944/2448/1101
f 1945/2449/1102 1944/2448/1101 1946/2450/1103
f 1935/2439/1093 1945/2449/1102 1946/2450/1103
f 1947/2451/1104 1948/2452/1105 1949/2453/1106
f 1950/2454/1107 1947/2451/1104 1949/2453/1106
f 1950/2454/1107 1949/2453/1106 1951/2455/1108
f 1952/2456/1109 1950/2454/1107 1951/2455/1108
f 1952/2456/1109 1951/2455/1108 1953/2457/1110
f 1954/2458/1111 1952/2456/1109 1953/2457/1110
f 1954/2458/1111 1953/2457/1110 1955/2459/1112
f 1954/2458/1111 1955/2459/1112 1956/2460/1113
f 1957/2461/1114 1958/2462/1115 1959/2463/1116
f 1957/2461/1114 1959/2463/1116 1960/2464/1117
f 1960/2464/1117 1959/2463/1116 1961/2465/1118
f 1960/2464/1117 1961/2465/1118 1962/2466/1119
f 1962/2466/1119 1961/2465/1118 1963/2467/1120
f 1962/2466/1119 1963/2467/1120 1964/2468/1121
f 1964/2468/1121 1963/2467/1120 1965/2469/1122
f 1964/2468/1121 1965/2469/1122 1966/2470/657
f 1966/2470/657 1965/2469/1122 1967/2471/1123
f 1966/2470/657 1967/2471/1123 1968/2472/1124
f 1968/2472/1124 1967/2471/1123 1969/2473/644
f 1968/2472/1124 1969/2473/644 1970/2474/1125
f 1970/2474/1125 1969/2473/644 1971/2475/683
f 1970/2474/1125 1971/2475/683 1972/2476/1126
f 1972/2476/1126 1971/2475/683 1958/2477/1115
f 1972/2476/1126 1958/2477/1115 1957/2478/1114
f 1958/2462/1115 1973/2479/1127 1974/2480/1128
f 1958/2462/1115 1974/2480/1128 1959/2463/1116
f 1959/2463/1116 1974/2480/1128 1975/2481/1129
f 1959/2463/1116 1975/2481/1129 1961/2465/1118
f 1961/2465/1118 1975/2481/1129 1976/2482/1130
f 1961/2465/1118 1976/2482/1130 1963/2467/1120
f 1963/2467/1120 1976/2482/1130 1977/2483/665
f 1963/2467/1120 1977/2483/665 1965/2469/1122
f 1965/2469/1122 1977/2483/665 1978/2484/658
f 1965/2469/1122 1978/2484/658 1967/2471/1123
f 1967/2471/1123 1978/2484/658 1979/2485/1131
f 1967/2471/1123 1979/2485/1131 1969/2473/644
f 1969/2473/644 1979/2485/1131 1980/2486/1132
f 1969/2473/644 1980/2486/1132 1971/2475/683
f 1971/2475/683 1980/2486/1132 1973/2487/1127
f 1971/2475/683 1973/2487/1127 1958/2477/1115
f 1981/2488/1133 1982/2489/1134 1983/2490/1135
f 1984/2491/1136 1981/2488/1133 1983/2490/1135
f 1984/2491/1136 1983/2490/1135 1985/2492/1137
f 1986/2493/1138 1984/2491/1136 1985/2492/1137
f 1987/2494/1139 1986/2493/1138 1985/2492/1137
f 1987/2494/1139 1985/2492/1137 1988/2495/1140
f 1989/2496/1141 1987/2494/1139 1988/2495/1140
f 1990/2497/1142 1989/2496/1141 1988/2495/1140
f 1990/2497/1142 1988/2495/1140 1991/2498/1143
f 1992/2499/1144 1990/2497/1142 1991/2498/1143
f 1993/2500/1145 1992/2499/1144 1991/2498/1143
f 1993/2500/1145 1991/2498/1143 1994/2501/1146
f 1995/2502/1147 1993/2500/1145 1994/2501/1146
f 1982/2489/1134 1995/2502/1147 1994/2501/1146
f 1982/2489/1134 1994/2501/1146 1983/2490/1135
f 1991/2498/1143 1983/2490/1135 1994/2501/1146
f 1991/2498/1143 1985/2492/1137 1983/2490/1135
f 1991/2498/1143 1988/2495/1140 1985/2492/1137
f 962/1157/603 961/1156/113 968/2503/103
f 962/1157/603 968/2503/103 967/2504/109
f 964/2505/106 971/2506/98 958/1153/113
f 964/2505/106 958/1153/113 957/1152/113
f 1996/2507/560 1997/2508/559 1998/2509/1148
f 1996/2507/560 1998/2509/1148 1999/2510/560
f 1996/2507/560 1999/2510/560 2000/2511/561
f 1996/2507/560 2000/2511/561 2001/2512/561
f 2002/2513/562 2001/2512/561 2000/2511/561
f 2002/2513/562 2000/2511/561 2003/2514/562
f 2004/2515/563 2002/2513/562 2003/2514/562
f 2004/2515/563 2003/2514/562 2005/2516/563
f 2006/2517/564 2004/2515/563 2005/2516/563
f 2006/2517/564 2005/2516/563 2007/2518/564
f 2006/2517/564 2007/2518/564 2008/2519/1149
f 2006/2517/564 2008/2519/1149 2009/2520/565
f 2010/2521/566 2009/2520/565 2008/2519/1149
f 2010/2521/566 2008/2519/1149 2011/2522/566
f 1998/2523/1148 2010/2521/566 2011/2522/566
f 1998/2523/1148 1997/2524/559 2010/2521/566
f 2012/2525/1150 2013/2526/1151 2014/2527/1152
f 2012/2525/1150 2015/2528/1153 2013/2526/1151
f 2012/2525/1150 2016/2529/1154 2015/2528/1153
f 2016/2529/1154 2017/2530/1155 2015/2528/1153
f 2016/2529/1154 2018/2531/1156 2017/2530/1155
f 2016/2529/1154 2019/2532/1157 2018/2531/1156
f 2019/2532/1157 2020/2533/1158 2018/2531/1156
f 2019/2532/1157 2021/2534/1159 2020/2533/1158
f 2019/2532/1157 2022/2535/1160 2021/2534/1159
f 2022/2535/1160 2023/2536/1161 2021/2534/1159
f 2022/2535/1160 2024/2537/1162 2023/2536/1161
f 2022/2535/1160 2025/2538/1163 2024/2537/1162
f 2025/2538/1163 2026/2539/1164 2024/2537/1162
f 2025/2538/1163 2014/2527/1152 2026/2539/1164
f 2025/2538/1163 2012/2525/1150 2014/2527/1152
f 2022/2535/1160 2012/2525/1150 2025/2538/1163
f 2022/2535/1160 2016/2529/1154 2012/2525/1150
f 2022/2535/1160 2019/2532/1157 2016/2529/1154
f 2011/2540/566 2008/2541/1149 2007/2542/564
f 2011/2540/566 2007/2542/564 2005/2543/563
f 2011/2540/566 2005/2543/563 2003/2544/562
f 2011/2540/566 2003/2544/562 2000/2545/561
f 2011/2540/566 2000/2545/561 1999/2546/560
f 2011/2540/566 1999/2546/560 1998/2547/1148
f 2027/2548/1165 2028/2549/1166 2029/2550/1167
f 2027/2548/1165 2030/2551/1168 2028/2549/1166
f 2027/2548/1165 2031/2552/1169 2030/2551/1168
f 2031/2552/1169 2032/2553/1170 2030/2551/1168
f 2031/2552/1169 2033/2554/1171 2032/2553/1170
f 2031/2552/1169 2034/2555/1157 2033/2554/1171
f 2034/2555/1157 2035/2556/1172 2033/2554/1171
f 2034/2555/1157 2036/2557/1159 2035/2556/1172
f 2034/2555/1157 2037/2558/1160 2036/2557/1159
f 2037/2558/1160 2038/2559/1161 2036/2557/1159
f 2037/2558/1160 2039/2560/1173 2038/2559/1161
f 2037/2558/1160 2040/2561/1163 2039/2560/1173
f 2040/2561/1163 2041/2562/1174 2039/2560/1173
f 2040/2561/1163 2029/2550/1167 2041/2562/1174
f 2040/2561/1163 2027/2548/1165 2029/2550/1167
f 2037/2558/1160 2027/2548/1165 2040/2561/1163
f 2037/2558/1160 2031/2552/1169 2027/2548/1165
f 2037/2558/1160 2034/2555/1157 2031/2552/1169
f 872/2563/83 865/2564/507 864/2565/511
f 872/2563/83 864/2565/511 870/2566/83
f 865/2564/507 872/2563/83 871/2567/83
f 865/2564/507 871/2567/83 866/2568/512
f 841/987/75 840/986/75 870/2566/83
f 841/987/75 870/2566/83 864/2565/511
f 858/1004/68 857/1003/68 866/2568/512
f 858/1004/68 866/2568/512 871/2567/83
f 856/1002/68 842/988/211 841/987/75
f 856/1002/68 841/987/75 857/1003/68
f 2042/2569/1175 2043/2570/1176 2044/2571/1176
f 2042/2569/1175 2044/2571/1176 2045/2572/1175
f 2042/2569/1175 2045/2572/1175 2046/2573/1177
f 2042/2569/1175 2046/2573/1177 2047/2574/1177
f 2048/2575/1178 2047/2574/1177 2046/2573/1177
f 2048/2575/1178 2046/2573/1177 2049/2576/1178
f 2050/2577/1179 2048/2575/1178 2049/2576/1178
f 2050/2577/1179 2049/2576/1178 2051/2578/1179
f 819/2579/83 807/2580/507 806/2581/512
f 819/2579/83 806/2581/512 817/2582/83
f 807/2580/507 819/2579/83 818/2583/83
f 807/2580/507 818/2583/83 808/2584/512
f 761/881/75 760/880/527 817/2582/83
f 761/881/75 817/2582/83 806/2581/512
f 786/906/68 785/905/68 808/2584/512
f 786/906/68 808/2584/512 818/2583/83
f 784/904/68 762/882/118 761/881/75
f 784/904/68 761/881/75 785/905/68
f 2052/2585/1175 2053/2586/1176 2054/2587/1176
f 2052/2585/1175 2054/2587/1176 2055/2588/1175
f 2052/2585/1175 2055/2588/1175 2056/2589/1177
f 2052/2585/1175 2056/2589/1177 2057/2590/1177
f 2058/2591/1178 2057/2590/1177 2056/2589/1177
f 2058/2591/1178 2056/2589/1177 2059/2592/1178
f 2060/2593/1179 2058/2591/1178 2059/2592/1178
f 2060/2593/1179 2059/2592/1178 2061/2594/1179
f 747/2595/83 727/2596/507 726/2597/511
f 747/2595/83 726/2597/511 745/2598/83
f 727/2596/507 747/2595/83 746/2599/83
f 727/2596/507 746/2599/83 728/2600/512
f 689/767/82 688/766/75 745/2598/83
f 689/767/82 745/2598/83 726/2597/511
f 706/784/68 705/783/68 728/2600/512
f 706/784/68 728/2600/512 746/2599/83
f 704/782/68 690/768/211 689/767/82
f 704/782/68 689/767/82 705/783/68
f 2062/2601/1175 2063/2602/1176 2064/2603/1176
f 2062/2601/1175 2064/2603/1176 2065/2604/1175
f 2062/2601/1175 2065/2604/1175 2066/2605/1177
f 2062/2601/1175 2066/2605/1177 2067/2606/1177
f 2068/2607/1178 2067/2606/1177 2066/2605/1177
f 2068/2607/1178 2066/2605/1177 2069/2608/1178
f 2070/2609/1179 2068/2607/1178 2069/2608/1178
f 2070/2609/1179 2069/2608/1178 2071/2610/1179
f 2072/2611/52 2073/2612/53 2074/2613/51
f 2072/2611/52 2074/2613/51 2075/2614/51
f 2076/2615/50 2075/2614/51 2074/2613/51
f 2076/2615/50 2074/2613/51 2077/2616/50
f 2076/2615/50 2077/2616/50 2078/2617/48
f 2076/2615/50 2078/2617/48 2079/2618/49
f 2080/2619/1180 2081/2620/60 2082/2621/58
f 2080/2619/1180 2082/2621/58 2083/2622/58
f 2084/2623/57 2083/2622/58 2082/2621/58
f 2084/2623/57 2082/2621/58 2085/2624/57
f 2084/2623/57 2085/2624/57 2086/2625/55
f 2084/2623/57 2086/2625/55 2087/2626/56
f 640/718/466 2088/2627/1181 642/720/468
f 640/718/466 2089/2628/1182 2088/2627/1181
f 638/716/464 2089/2628/1182 640/718/466
f 638/716/464 2090/2629/1183 2089/2628/1182
f 2090/2629/1183 638/716/464 636/714/462
f 2090/2629/1183 636/714/462 2091/2630/1184
f 2091/2630/1184 636/714/462 634/712/460
f 2091/2630/1184 634/712/460 2092/2631/1185
f 2092/2631/1185 634/712/460 632/710/458
f 2092/2631/1185 632/710/458 2093/2632/1186
f 2089/2628/1182 2094/2633/1187 2088/2627/1181
f 2089/2628/1182 2095/2634/1188 2094/2633/1187
f 2090/2629/1183 2095/2634/1188 2089/2628/1182
f 2090/2629/1183 2096/2635/1189 2095/2634/1188
f 2096/2635/1189 2090/2629/1183 2091/2630/1184
f 2096/2635/1189 2091/2630/1184 2097/2636/1190
f 2095/2634/1188 1592/1896/906 2094/2633/1187
f 2095/2634/1188 1590/1894/904 1592/1896/906
f 2096/2635/1189 1590/1894/904 2095/2634/1188
f 2096/2635/1189 1594/1898/908 1590/1894/904
f 1594/1898/908 2096/2635/1189 2097/2636/1190
f 1594/1898/908 2097/2636/1190 1596/1900/910
f 1596/1900/910 2097/2636/1190 2098/2637/1191
f 1596/1900/910 2098/2637/1191 1598/1902/912
f 1598/1902/912 2098/2637/1191 2099/2638/1192
f 1598/1902/912 2099/2638/1192 1600/1904/914
f 1600/1904/914 2099/2638/1192 2100/2639/1193
f 1600/1904/914 2100/2639/1193 1602/1906/916
f 1605/1909/919 1602/1906/916 2100/2639/1193
f 2097/2636/1190 2091/2630/1184 2092/2631/1185
f 2097/2636/1190 2092/2631/1185 2098/2637/1191
f 2098/2637/1191 2092/2631/1185 2093/2632/1186
f 2098/2637/1191 2093/2632/1186 2099/2638/1192
f 2099/2638/1192 2093/2632/1186 2101/2640/1194
f 2099/2638/1192 2101/2640/1194 2100/2639/1193
f 2102/2641/1195 2100/2639/1193 2101/2640/1194
f 1605/1909/919 2100/2639/1193 2102/2641/1195
f 1605/1909/919 2102/2641/1195 2103/2642/1196
f 1605/1909/919 2103/2642/1196 1606/1910/920
f 1606/1910/920 2103/2642/1196 2104/2643/1197
f 1606/1910/920 2104/2643/1197 1608/1912/922
f 1608/1912/922 2104/2643/1197 2105/2644/1198
f 1608/1912/922 2105/2644/1198 1610/1914/924
f 1610/1914/924 2105/2644/1198 2106/2645/1199
f 1610/1914/924 2106/2645/1199 1612/1916/926
f 2107/2646/1200 1612/1916/926 2106/2645/1199
f 2107/2646/1200 1614/1918/928 1612/1916/926
f 2093/2632/1186 632/710/458 631/709/457
f 2093/2632/1186 631/709/457 2101/2640/1194
f 2108/2647/1201 2101/2640/1194 631/709/457
f 2102/2641/1195 2101/2640/1194 2108/2647/1201
f 2102/2641/1195 2108/2647/1201 2109/2648/1202
f 2102/2641/1195 2109/2648/1202 2103/2642/1196
f 2103/2642/1196 2109/2648/1202 2110/2649/1203
f 2103/2642/1196 2110/2649/1203 2104/2643/1197
f 2104/2643/1197 2110/2649/1203 2111/2650/1204
f 2104/2643/1197 2111/2650/1204 2105/2644/1198
f 2105/2644/1198 2111/2650/1204 2112/2651/1205
f 2105/2644/1198 2112/2651/1205 2106/2645/1199
f 2113/2652/1206 2106/2645/1199 2112/2651/1205
f 2113/2652/1206 2107/2646/1200 2106/2645/1199
f 2114/2653/1207 2107/2646/1200 2113/2652/1206
f 2114/2653/1207 2115/2654/1208 2107/2646/1200
f 2115/2654/1208 1614/1918/928 2107/2646/1200
f 2115/2654/1208 1616/1920/930 1614/1918/928
f 617/695/443 2114/2653/1207 2113/2652/1206
f 617/695/443 2113/2652/1206 618/696/444
f 618/696/444 2113/2652/1206 2112/2651/1205
f 618/696/444 2112/2651/1205 620/698/446
f 2111/2650/1204 620/698/446 2112/2651/1205
f 2111/2650/1204 622/700/448 620/698/446
f 2110/2649/1203 622/700/448 2111/2650/1204
f 2110/2649/1203 624/702/450 622/700/448
f 2109/2648/1202 624/702/450 2110/2649/1203
f 2109/2648/1202 626/704/452 624/702/450
f 2108/2647/1201 626/704/452 2109/2648/1202
f 2108/2647/1201 628/706/454 626/704/452
f 2108/2647/1201 631/709/457 628/706/454
f 667/745/493 2116/2655/1209 666/744/492
f 666/744/492 2116/2655/1209 2117/2656/1210
f 666/744/492 2117/2656/1210 665/743/491
f 664/742/490 665/743/491 2117/2656/1210
f 2118/2657/1211 659/737/485 660/738/486
f 2118/2657/1211 660/738/486 2119/2658/1212
f 661/739/487 2119/2658/1212 660/738/486
f 661/739/487 2120/2659/1213 2119/2658/1212
f 662/740/488 2120/2659/1213 661/739/487
f 662/740/488 2121/2660/1214 2120/2659/1213
f 663/741/489 2121/2660/1214 662/740/488
f 663/741/489 2122/2661/1215 2121/2660/1214
f 664/742/490 2122/2661/1215 663/741/489
f 664/742/490 2123/2662/1216 2122/2661/1215
f 664/742/490 2117/2656/1210 2123/2662/1216
f 2123/2662/1216 2117/2656/1210 2124/2663/1217
f 2116/2655/1209 2124/2663/1217 2117/2656/1210
f 2116/2655/1209 2125/2664/1218 2124/2663/1217
f 2126/2665/1219 2125/2664/1218 2116/2655/1209
f 667/745/493 2126/2665/1219 2116/2655/1209
f 668/746/494 2126/2665/1219 667/745/493
f 2127/2666/1220 658/736/484 659/737/485
f 2127/2666/1220 659/737/485 2118/2657/1211
f 2128/2667/1221 2127/2666/1220 2118/2657/1211
f 2128/2667/1221 2118/2657/1211 2129/2668/1222
f 2129/2668/1222 2118/2657/1211 2119/2658/1212
f 589/667/415 2128/2667/1221 2129/2668/1222
f 589/667/415 2129/2668/1222 590/668/416
f 590/668/416 2129/2668/1222 2130/2669/1223
f 590/668/416 2130/2669/1223 592/670/418
f 2131/2670/1224 592/670/418 2130/2669/1223
f 2131/2670/1224 594/672/420 592/670/418
f 2132/2671/1225 594/672/420 2131/2670/1224
f 2132/2671/1225 596/674/422 594/672/420
f 2133/2672/1226 596/674/422 2132/2671/1225
f 2133/2672/1226 598/676/424 596/674/422
f 2134/2673/1227 598/676/424 2133/2672/1226
f 2134/2673/1227 600/678/426 598/676/424
f 2134/2673/1227 603/681/429 600/678/426
f 2129/2668/1222 2119/2658/1212 2130/2669/1223
f 2120/2659/1213 2130/2669/1223 2119/2658/1212
f 2120/2659/1213 2131/2670/1224 2130/2669/1223
f 2121/2660/1214 2131/2670/1224 2120/2659/1213
f 2121/2660/1214 2132/2671/1225 2131/2670/1224
f 2122/2661/1215 2132/2671/1225 2121/2660/1214
f 2122/2661/1215 2133/2672/1226 2132/2671/1225
f 2123/2662/1216 2133/2672/1226 2122/2661/1215
f 2123/2662/1216 2134/2673/1227 2133/2672/1226
f 2123/2662/1216 2124/2663/1217 2134/2673/1227
f 2134/2673/1227 2124/2663/1217 603/681/429
f 2125/2664/1218 603/681/429 2124/2663/1217
f 2125/2664/1218 604/682/430 603/681/429
f 2135/2674/1228 604/682/430 2125/2664/1218
f 2126/2665/1219 2135/2674/1228 2125/2664/1218
f 2136/2675/1229 2135/2674/1228 2126/2665/1219
f 668/746/494 2136/2675/1229 2126/2665/1219
f 669/747/495 2136/2675/1229 668/746/494
f 2137/2676/1230 610/688/436 608/686/434
f 610/688/436 2138/2677/1231 612/690/438
f 610/688/436 2137/2676/1230 2138/2677/1231
f 2137/2676/1230 2139/2678/1232 2138/2677/1231
f 2137/2676/1230 2140/2679/1233 2139/2678/1232
f 2140/2679/1233 2137/2676/1230 2141/2680/1234
f 2137/2676/1230 608/686/434 2141/2680/1234
f 2141/2680/1234 608/686/434 606/684/432
f 2135/2674/1228 606/684/432 604/682/430
f 2141/2680/1234 606/684/432 2135/2674/1228
f 2136/2675/1229 2141/2680/1234 2135/2674/1228
f 2140/2679/1233 2141/2680/1234 2136/2675/1229
f 669/747/495 2140/2679/1233 2136/2675/1229
f 2140/2679/1233 669/747/495 670/748/496
f 2140/2679/1233 670/748/496 2139/2678/1232
f 2139/2678/1232 670/748/496 671/749/497
f 2139/2678/1232 671/749/497 2142/2681/1235
f 2138/2677/1231 2139/2678/1232 2142/2681/1235
f 2138/2677/1231 2142/2681/1235 2143/2682/1236
f 612/690/438 2138/2677/1231 2143/2682/1236
f 612/690/438 2143/2682/1236 614/692/440
f 2144/2683/507 2145/2684/507 2146/2685/507
f 2144/2683/507 2146/2685/507 2147/2686/1237
f 2148/2687/75 2149/2688/75 2146/2685/507
f 2148/2687/75 2146/2685/507 2145/2684/507
f 2150/2689/185 2148/2690/75 2145/2684/507
f 2150/2689/185 2145/2684/507 2144/2683/507
f 2150/2689/185 2151/2691/83 2149/2692/75
f 2150/2689/185 2149/2692/75 2148/2690/75
f 2150/2693/185 2144/2683/507 2147/2686/1237
f 2150/2693/185 2147/2686/1237 2151/2694/83
f 2152/2695/1238 2153/2696/1239 2154/2697/1240
f 2154/2697/1240 2153/2696/1239 2155/2698/1241
f 2153/2696/1239 2156/2699/1242 2155/2698/1241
f 2155/2698/1241 2156/2699/1242 2157/2700/1243
f 2155/2698/1241 2157/2700/1243 2158/2701/1244
f 2158/2701/1244 2157/2700/1243 2159/2702/1245
f 2158/2701/1244 2159/2702/1245 2160/2703/1246
f 2160/2703/1246 2159/2702/1245 2161/2704/1247
f 2160/2703/1246 2161/2704/1247 2162/2705/1248
f 2162/2705/1248 2161/2704/1247 2163/2706/1249
f 2162/2705/1248 2163/2706/1249 2164/2707/1250
f 2164/2707/1250 2163/2706/1249 2165/2708/1251
f 2164/2707/1250 2165/2708/1251 2166/2709/1252
f 2166/2709/1252 2165/2708/1251 2167/2710/1253
f 2166/2709/1252 2167/2710/1253 2168/2711/1254
f 2168/2711/1254 2167/2710/1253 2169/2712/1255
f 2168/2711/1254 2169/2712/1255 2153/2696/1239
f 2153/2696/1239 2169/2712/1255 2156/2699/1242
f 2154/2697/1240 2155/2698/1241 2170/2713/1256
f 2170/2713/1256 2155/2698/1241 2158/2701/1244
f 2170/2713/1256 2158/2701/1244 2171/2714/1257
f 2171/2714/1257 2158/2701/1244 2160/2703/1246
f 2171/2714/1257 2160/2703/1246 2172/2715/1258
f 2172/2715/1258 2160/2703/1246 2162/2705/1248
f 2172/2715/1258 2162/2705/1248 2173/2716/1259
f 2173/2716/1259 2162/2705/1248 2164/2707/1250
f 2173/2716/1259 2164/2707/1250 2174/2717/1260
f 2174/2717/1260 2164/2707/1250 2166/2709/1252
f 2174/2717/1260 2166/2709/1252 2175/2718/1261
f 2175/2718/1261 2166/2709/1252 2168/2711/1254
f 2175/2718/1261 2168/2711/1254 2152/2695/1238
f 2152/2695/1238 2168/2711/1254 2153/2696/1239
f 2176/2719/1238 2177/2720/1239 2178/2721/1262
f 2178/2721/1262 2177/2720/1239 2179/2722/1241
f 2177/2720/1239 2180/2723/1242 2179/2722/1241
f 2179/2722/1241 2180/2723/1242 2181/2724/1243
f 2179/2722/1241 2181/2724/1243 2182/2725/1244
f 2182/2725/1244 2181/2724/1243 2183/2726/1245
f 2182/2725/1244 2183/2726/1245 2184/2727/1263
f 2184/2727/1263 2183/2726/1245 2185/2728/1247
f 2184/2727/1263 2185/2728/1247 2186/2729/1248
f 2186/2729/1248 2185/2728/1247 2187/2730/1249
f 2186/2729/1248 2187/2730/1249 2188/2731/1250
f 2188/2731/1250 2187/2730/1249 2189/2732/1251
f 2188/2731/1250 2189/2732/1251 2190/2733/1252
f 2190/2733/1252 2189/2732/1251 2191/2734/1264
f 2190/2733/1252 2191/2734/1264 2192/2735/1254
f 2192/2735/1254 2191/2734/1264 2193/2736/1255
f 2192/2735/1254 2193/2736/1255 2177/2720/1239
f 2177/2720/1239 2193/2736/1255 2180/2723/1242
f 2178/2721/1262 2179/2722/1241 2194/2737/1256
f 2194/2737/1256 2179/2722/1241 2182/2725/1244
f 2194/2737/1256 2182/2725/1244 2195/2738/1257
f 2195/2738/1257 2182/2725/1244 2184/2727/1263
f 2195/2738/1257 2184/2727/1263 2196/2739/1258
f 2196/2739/1258 2184/2727/1263 2186/2729/1248
f 2196/2739/1258 2186/2729/1248 2197/2740/1259
f 2197/2740/1259 2186/2729/1248 2188/2731/1250
f 2197/2740/1259 2188/2731/1250 2198/2741/1260
f 2198/2741/1260 2188/2731/1250 2190/2733/1252
f 2198/2741/1260 2190/2733/1252 2199/2742/1261
f 2199/2742/1261 2190/2733/1252 2192/2735/1254
f 2199/2742/1261 2192/2735/1254 2176/2719/1238
f 2176/2719/1238 2192/2735/1254 2177/2720/1239
f 576/644/402 574/642/400 2200/2743/1265
f 576/644/402 2200/2743/1265 2201/2744/1266
f 2202/2745/1267 2201/2744/1266 2200/2743/1265
f 578/646/404 576/644/402 2201/2744/1266
f 579/647/405 578/646/404 2201/2744/1266
f 579/647/405 2201/2744/1266 2203/2746/1268
f 2203/2746/1268 2201/2744/1266 2202/2745/1267
f 2204/2747/1269 2203/2746/1268 2202/2745/1267
f 2202/2745/1267 2200/2743/1265 2204/2747/1269
f 572/640/398 2204/2747/1269 2200/2743/1265
f 574/642/400 572/640/398 2200/2743/1265
f 572/640/398 571/639/397 2204/2747/1269
f 571/639/397 579/647/405 2203/2746/1268
f 571/639/397 2203/2746/1268 2204/2747/1269
f 562/630/389 569/637/395 2205/2748/164
f 562/630/389 2205/2748/164 1487/2749/835
f 1484/2750/167 2206/2751/166 566/634/392
f 1484/2750/167 566/634/392 565/633/391
f 2084/2623/57 2087/2752/56 2078/2753/48
f 2084/2623/57 2078/2753/48 2077/2616/50
f 2084/2623/57 2077/2616/50 2074/2613/51
f 2084/2623/57 2074/2613/51 2073/2754/53
f 2084/2623/57 2073/2754/53 2080/2755/1180
f 2084/2623/57 2080/2755/1180 2083/2622/58
f 2207/2756/1270 2208/2757/1271 2209/2758/1271
f 2207/2756/1270 2210/2759/1270 2208/2757/1271
f 2210/2759/1270 2207/2756/1270 2211/2760/1272
f 2210/2759/1270 2211/2760/1272 2212/2761/1273
f 2213/2762/1274 2212/2761/1273 2211/2760/1272
f 2213/2762/1274 2214/2763/1274 2212/2761/1273
f 2214/2763/1274 2213/2762/1274 2215/2764/1275
f 2214/2763/1274 2215/2764/1275 2216/2765/1276
f 551/2766/386 553/2767/388 549/2768/384
f 553/2767/388 547/2769/382 549/2768/384
f 553/2767/388 545/2770/380 547/2769/382
f 553/2767/388 2217/2771/1277 545/2770/380
f 2217/2771/1277 543/2772/378 545/2770/380
f 2217/2771/1277 540/608/375 543/2772/378
f 539/607/374 540/608/375 2217/2771/1277
f 539/607/374 2217/2771/1277 2218/2773/1277
f 537/2774/372 539/607/374 2218/2773/1277
f 535/2775/370 537/2774/372 2218/2773/1277
f 533/2776/368 535/2775/370 2218/2773/1277
f 533/2776/368 2218/2773/1277 527/2777/362
f 531/2778/366 533/2776/368 527/2777/362
f 531/2778/366 527/2777/362 529/2779/364
f 2210/2780/1270 2212/2781/1273 2214/2782/1274
f 2210/2780/1270 2214/2782/1274 2216/2783/1276
f 2210/2780/1270 2216/2783/1276 2208/2784/1271
f 446/2785/281 442/2786/277 444/2787/279
f 446/2785/281 444/2787/279 448/2788/283
f 448/2788/283 444/2787/279 2219/2789/1278
f 448/2788/283 2219/2789/1278 450/2790/285
f 450/2790/285 2219/2789/1278 452/2791/287
f 452/2791/287 2219/2789/1278 454/522/289
f 2219/2789/1278 457/525/292 454/522/289
f 2219/2789/1278 2220/2792/1278 457/525/292
f 457/525/292 2220/2792/1278 458/2793/293
f 458/2793/293 2220/2792/1278 460/2794/295
f 460/2794/295 2220/2792/1278 468/2795/303
f 460/2794/295 468/2795/303 462/2796/297
f 462/2796/297 468/2795/303 464/2797/299
f 468/2795/303 466/2798/301 464/2797/299
f 2221/2799/83 2222/2800/542 2223/2801/83
f 2221/2799/83 2223/2801/83 2224/2802/83
f 2221/2799/83 2224/2802/83 2225/2803/1279
f 2221/2799/83 2225/2803/1279 2226/2804/525
f 2221/2799/83 2226/2804/525 2227/2805/83
f 445/513/280 2228/2806/1280 443/511/278
f 445/513/280 2229/2807/1281 2228/2806/1280
f 2229/2807/1281 2230/2808/1282 2228/2806/1280
f 2229/2807/1281 2231/2809/1283 2230/2808/1282
f 2231/2809/1283 472/540/307 2230/2808/1282
f 2231/2809/1283 470/538/305 472/540/307
f 2232/2810/1284 470/538/305 2231/2809/1283
f 2232/2810/1284 474/542/309 470/538/305
f 474/542/309 2232/2810/1284 2233/2811/1285
f 474/542/309 2233/2811/1285 476/544/311
f 476/544/311 2233/2811/1285 2234/2812/1286
f 476/544/311 2234/2812/1286 478/546/313
f 478/546/313 2234/2812/1286 2235/2813/1287
f 478/546/313 2235/2813/1287 480/548/315
f 480/548/315 2235/2813/1287 2236/2814/1288
f 480/548/315 2236/2814/1288 482/550/317
f 2237/2815/1289 456/524/291 459/527/294
f 455/523/290 456/524/291 2237/2815/1289
f 455/523/290 2237/2815/1289 2238/2816/1290
f 2239/2817/1291 455/523/290 2238/2816/1290
f 2239/2817/1291 453/521/288 455/523/290
f 2240/2818/1292 453/521/288 2239/2817/1291
f 2240/2818/1292 451/519/286 453/521/288
f 2241/2819/1293 451/519/286 2240/2818/1292
f 2241/2819/1293 449/517/284 451/519/286
f 2242/2820/1294 449/517/284 2241/2819/1293
f 2242/2820/1294 447/515/282 449/517/284
f 447/515/282 2229/2807/1281 445/513/280
f 447/515/282 2242/2820/1294 2229/2807/1281
f 2242/2820/1294 2231/2809/1283 2229/2807/1281
f 2242/2820/1294 2232/2810/1284 2231/2809/1283
f 2232/2810/1284 2242/2820/1294 2241/2819/1293
f 2232/2810/1284 2241/2819/1293 2233/2811/1285
f 2233/2811/1285 2241/2819/1293 2240/2818/1292
f 2233/2811/1285 2240/2818/1292 2234/2812/1286
f 2234/2812/1286 2240/2818/1292 2239/2817/1291
f 2234/2812/1286 2239/2817/1291 2235/2813/1287
f 2235/2813/1287 2239/2817/1291 2238/2816/1290
f 2235/2813/1287 2238/2816/1290 2236/2814/1288
f 2238/2816/1290 2243/2821/1295 2236/2814/1288
f 2238/2816/1290 2237/2815/1289 2243/2821/1295
f 2243/2821/1295 2237/2815/1289 2244/2822/1296
f 2237/2815/1289 459/527/294 2244/2822/1296
f 2244/2822/1296 459/527/294 461/529/296
f 2236/2814/1288 485/553/320 482/550/317
f 2236/2814/1288 2243/2821/1295 485/553/320
f 485/553/320 2243/2821/1295 2245/2823/1297
f 2243/2821/1295 2244/2822/1296 2245/2823/1297
f 2245/2823/1297 2244/2822/1296 2246/2824/1298
f 2244/2822/1296 461/529/296 2246/2824/1298
f 2246/2824/1298 461/529/296 463/531/298
f 2246/2824/1298 463/531/298 2247/2825/1299
f 2247/2825/1299 463/531/298 465/533/300
f 2247/2825/1299 465/533/300 2248/2826/1300
f 467/535/302 2248/2826/1300 465/533/300
f 467/535/302 2249/2827/1301 2248/2826/1300
f 469/537/304 2249/2827/1301 467/535/302
f 469/537/304 2250/2828/1302 2249/2827/1301
f 2250/2828/1302 2251/2829/1303 2249/2827/1301
f 2250/2828/1302 2252/2830/1304 2251/2829/1303
f 2252/2830/1304 494/562/329 2251/2829/1303
f 2252/2830/1304 496/564/331 494/562/329
f 2251/2829/1303 494/562/329 492/560/327
f 2251/2829/1303 492/560/327 2253/2831/1305
f 2249/2827/1301 2251/2829/1303 2253/2831/1305
f 2249/2827/1301 2253/2831/1305 2248/2826/1300
f 2254/2832/1306 2248/2826/1300 2253/2831/1305
f 2254/2832/1306 2247/2825/1299 2248/2826/1300
f 2255/2833/1307 2247/2825/1299 2254/2832/1306
f 2255/2833/1307 2246/2824/1298 2247/2825/1299
f 2245/2823/1297 2246/2824/1298 2255/2833/1307
f 486/554/321 2245/2823/1297 2255/2833/1307
f 485/553/320 2245/2823/1297 486/554/321
f 486/554/321 2255/2833/1307 488/556/323
f 488/556/323 2255/2833/1307 2254/2832/1306
f 488/556/323 2254/2832/1306 490/558/325
f 490/558/325 2254/2832/1306 2253/2831/1305
f 490/558/325 2253/2831/1305 492/560/327
f 1742/2834/1033 2256/2835/209 1548/2836/881
f 1742/2834/1033 1548/2836/881 1547/2837/68
f 1742/2834/1033 1547/2837/68 2257/2838/1308
f 1742/2834/1033 2257/2838/1308 1776/2839/113
f 1776/2839/113 1571/2840/185 1742/2834/1033
f 1776/2839/113 1572/2841/617 1571/2840/185
f 1776/2839/113 1757/2842/211 1572/2841/617
f 2258/2843/507 2259/2844/507 2260/2845/507
f 2258/2843/507 2260/2845/507 2261/2846/1309
f 2258/2843/507 2261/2846/1309 2262/2847/507
f 437/2848/272 1523/1823/857 438/1825/273
f 437/2848/272 2263/2849/1310 1523/1823/857
f 1523/1823/857 2263/2849/1310 2264/2850/1311
f 1523/1823/857 2264/2850/1311 1525/1827/859
f 1527/1829/861 1525/1827/859 2264/2850/1311
f 1527/1829/861 2264/2850/1311 2265/2851/1312
f 1527/1829/861 2265/2851/1312 2266/2852/1313
f 1527/1829/861 2266/2852/1313 1529/1831/863
f 1532/1834/866 1529/1831/863 2266/2852/1313
f 1532/1834/866 2266/2852/1313 2267/2853/1314
f 1532/1834/866 2267/2853/1314 2268/2854/1315
f 1532/1834/866 2268/2854/1315 1533/1835/867
f 1536/1838/870 1533/1835/867 2268/2854/1315
f 1536/1838/870 2268/2854/1315 2269/2855/1316
f 2270/2856/1317 1536/1838/870 2269/2855/1316
f 2270/2856/1317 1537/1839/871 1536/1838/870
f 2270/2856/1317 1539/1841/873 1537/1839/871
f 2270/2856/1317 2271/2857/1318 1539/1841/873
f 2272/2858/1319 1539/1841/873 2271/2857/1318
f 2272/2858/1319 1541/1843/875 1539/1841/873
f 2272/2858/1319 1544/1846/878 1541/1843/875
f 2272/2858/1319 2273/2859/1320 1544/1846/878
f 2274/2860/1321 1544/1846/878 2273/2859/1320
f 2274/2860/1321 1545/1847/879 1544/1846/878
f 2274/2860/1321 1547/1849/68 1545/1847/879
f 2274/2860/1321 2257/2861/1308 1547/1849/68
f 2207/2862/1270 2209/2863/1271 2275/2864/507
f 2207/2862/1270 2275/2864/507 2276/2865/1322
f 2207/2862/1270 2276/2865/1322 2215/2866/1275
f 2207/2862/1270 2215/2866/1275 2213/2867/1274
f 2207/2862/1270 2213/2867/1274 2211/2868/1272
f 1777/2155/113 1776/2154/113 2257/2861/1308
f 1777/2155/113 2257/2861/1308 2274/2860/1321
f 2273/2859/1320 1777/2155/113 2274/2860/1321
f 2273/2859/1320 1778/2156/113 1777/2155/113
f 1779/2157/113 1778/2156/113 2273/2859/1320
f 1779/2157/113 2273/2859/1320 2272/2858/1319
f 2271/2857/1318 1779/2157/113 2272/2858/1319
f 2271/2857/1318 1780/2158/113 1779/2157/113
f 1787/2175/113 1780/2158/113 2271/2857/1318
f 1787/2175/113 2271/2857/1318 2270/2856/1317
f 1787/2175/113 2270/2856/1317 2269/2855/1316
f 1787/2175/113 2269/2855/1316 1788/2176/113
f 1781/2162/113 1788/2176/113 2269/2855/1316
f 1781/2162/113 2269/2855/1316 2268/2854/1315
f 1781/2162/113 2268/2854/1315 2267/2853/1314
f 1781/2162/113 2267/2853/1314 1784/2172/113
f 1785/2173/113 1784/2172/113 2267/2853/1314
f 1785/2173/113 2267/2853/1314 2266/2852/1313
f 1785/2173/113 2266/2852/1313 2265/2851/1312
f 1785/2173/113 2265/2851/1312 1786/2174/113
f 1782/2166/113 1786/2174/113 2265/2851/1312
f 1782/2166/113 2265/2851/1312 2264/2850/1311
f 1782/2166/113 2264/2850/1311 2263/2849/1310
f 1782/2166/113 2263/2849/1310 1783/2171/113
f 436/2169/271 1783/2171/113 2263/2849/1310
f 436/2169/271 2263/2849/1310 437/2848/272
f 360/2869/209 2277/2870/1032 352/2871/204
f 360/2869/209 2278/2872/1032 2277/2870/1032
f 2279/2873/1034 2277/2870/1032 2278/2872/1032
f 2279/2873/1034 2280/2874/1034 2277/2870/1032
f 2281/2875/83 2280/2874/1034 2279/2873/1034
f 2281/2875/83 2282/2876/83 2280/2874/1034
f 2283/2877/1035 2282/2876/83 2281/2875/83
f 2283/2877/1035 2284/2878/1035 2282/2876/83
f 2285/2879/1036 2284/2878/1035 2283/2877/1035
f 2285/2879/1036 2286/2880/1036 2284/2878/1035
f 2287/2881/1323 2286/2880/1036 2285/2879/1036
f 2287/2881/1323 2285/2879/1036 2288/2882/1324
f 2287/2883/1323 400/2884/68 399/2885/241
f 2287/2883/1323 399/2885/241 2286/2886/1036
f 2286/2886/1036 399/2885/241 398/2887/242
f 2286/2886/1036 398/2887/242 405/2888/244
f 2286/2886/1036 405/2888/244 2284/2889/1035
f 2284/2889/1035 405/2888/244 407/2890/245
f 2284/2889/1035 407/2890/245 409/2891/83
f 2284/2889/1035 409/2891/83 2282/2892/83
f 2282/2892/83 409/2891/83 411/2893/247
f 2282/2892/83 411/2893/247 2280/2894/1034
f 411/2893/247 413/2895/249 2280/2894/1034
f 2280/2894/1034 413/2895/249 415/2896/251
f 2280/2894/1034 415/2896/251 2277/2897/1032
f 2277/2897/1032 415/2896/251 417/2898/253
f 352/2899/204 2277/2897/1032 417/2898/253
f 352/2899/204 417/2898/253 353/2900/205
f 2289/2901/185 2290/2902/185 2291/2903/185
f 2289/2901/185 2291/2903/185 2292/2904/185
f 2293/2905/185 2294/2906/185 2295/2907/185
f 2293/2905/185 2295/2907/185 2289/2901/185
f 402/2908/241 401/2909/68 2296/2910/892
f 402/2908/241 2296/2910/892 2297/2911/185
f 402/2908/241 2297/2911/185 2298/2912/185
f 402/2908/241 2298/2912/185 2293/2905/185
f 403/2913/243 402/2908/241 2293/2905/185
f 404/2914/244 403/2913/243 2293/2905/185
f 404/2914/244 2293/2905/185 2289/2901/185
f 2289/2901/185 406/2915/245 404/2914/244
f 2289/2901/185 408/2916/111 406/2915/245
f 2289/2901/185 2292/2904/185 408/2916/111
f 2292/2904/185 410/2917/246 408/2916/111
f 2292/2904/185 412/2918/248 410/2917/246
f 2292/2904/185 414/2919/250 412/2918/248
f 2292/2904/185 2299/2920/185 414/2919/250
f 2299/2920/185 416/2921/252 414/2919/250
f 2299/2920/185 354/2922/206 416/2921/252
f 2299/2920/185 355/2923/207 354/2922/206
f 2292/2904/185 2300/2924/185 2301/2925/185
f 2292/2904/185 2301/2925/185 2299/2920/185
f 2288/2926/1324 2302/2927/275 362/2928/212
f 2288/2926/1324 362/2928/212 361/2929/211
f 2288/2926/1324 361/2929/211 2303/2930/1325
f 2288/2926/1324 2303/2930/1325 2296/2931/892
f 2296/2931/892 2287/2932/1323 2288/2926/1324
f 2296/2931/892 400/2933/68 2287/2932/1323
f 2296/2931/892 401/2934/68 400/2933/68
f 343/2935/196 339/2936/194 322/374/180
f 343/2935/196 322/374/180 321/373/179
f 326/378/184 325/377/183 336/2937/193
f 326/378/184 336/2937/193 340/2938/195
f 2275/2939/507 2209/2758/1271 2208/2757/1271
f 2275/2939/507 2208/2757/1271 2261/2940/1309
f 2275/2939/507 2261/2940/1309 2226/2941/525
f 2275/2939/507 2226/2941/525 2225/2942/1279
f 2304/2943/1326 2305/2944/1327 2306/2945/1328
f 2304/2943/1326 2306/2945/1328 2307/2946/1329
f 2307/2946/1329 2306/2945/1328 2308/2947/1242
f 2307/2946/1329 2308/2947/1242 2309/2948/1241
f 2309/2948/1241 2308/2947/1242 2310/2949/1243
f 2309/2948/1241 2310/2949/1243 2311/2950/1244
f 2311/2950/1244 2310/2949/1243 2312/2951/1330
f 2311/2950/1244 2312/2951/1330 2313/2952/1331
f 2313/2952/1331 2312/2951/1330 2314/2953/1332
f 2313/2952/1331 2314/2953/1332 2315/2954/1333
f 2315/2954/1333 2314/2953/1332 2316/2955/1249
f 2315/2954/1333 2316/2955/1249 2317/2956/1250
f 2317/2956/1250 2316/2955/1249 2318/2957/1251
f 2317/2956/1250 2318/2957/1251 2319/2958/1252
f 2319/2958/1252 2318/2957/1251 2305/2944/1327
f 2319/2958/1252 2305/2944/1327 2304/2943/1326
f 2320/2959/1261 2319/2958/1252 2304/2943/1326
f 2320/2959/1261 2304/2943/1326 2321/2960/1334
f 2321/2960/1334 2304/2943/1326 2307/2946/1329
f 2321/2960/1334 2307/2946/1329 2322/2961/1335
f 2322/2961/1335 2307/2946/1329 2309/2948/1241
f 2322/2961/1335 2309/2948/1241 2323/2962/1336
f 2323/2962/1336 2309/2948/1241 2311/2950/1244
f 2323/2962/1336 2311/2950/1244 2324/2963/1257
f 2324/2963/1257 2311/2950/1244 2313/2952/1331
f 2324/2963/1257 2313/2952/1331 2325/2964/1337
f 2325/2964/1337 2313/2952/1331 2315/2954/1333
f 2325/2964/1337 2315/2954/1333 2326/2965/1338
f 2326/2965/1338 2315/2954/1333 2317/2956/1250
f 2326/2965/1338 2317/2956/1250 2327/2966/1260
f 2327/2966/1260 2317/2956/1250 2319/2958/1252
f 2327/2966/1260 2319/2958/1252 2320/2959/1261
f 2328/2967/1334 2329/2968/1329 2330/2969/1335
f 2330/2969/1335 2329/2968/1329 2331/2970/1241
f 2329/2968/1329 2332/2971/1242 2331/2970/1241
f 2331/2970/1241 2332/2971/1242 2333/2972/1243
f 2331/2970/1241 2333/2972/1243 2334/2973/1244
f 2334/2973/1244 2333/2972/1243 2335/2974/1330
f 2334/2973/1244 2335/2974/1330 2336/2975/1331
f 2336/2975/1331 2335/2974/1330 2337/2976/1332
f 2336/2975/1331 2337/2976/1332 2338/2977/1339
f 2338/2977/1339 2337/2976/1332 2339/2978/1249
f 2338/2977/1339 2339/2978/1249 2340/2979/1250
f 2340/2979/1250 2339/2978/1249 2341/2980/1251
f 2340/2979/1250 2341/2980/1251 2342/2981/1252
f 2342/2981/1252 2341/2980/1251 2343/2982/1327
f 2342/2981/1252 2343/2982/1327 2344/2983/1326
f 2344/2983/1326 2343/2982/1327 2345/2984/1328
f 2344/2983/1326 2345/2984/1328 2329/2968/1329
f 2329/2968/1329 2345/2984/1328 2332/2971/1242
f 2330/2969/1335 2331/2970/1241 2346/2985/1336
f 2346/2985/1336 2331/2970/1241 2334/2973/1244
f 2346/2985/1336 2334/2973/1244 2347/2986/1257
f 2347/2986/1257 2334/2973/1244 2336/2975/1331
f 2347/2986/1257 2336/2975/1331 2348/2987/1337
f 2348/2987/1337 2336/2975/1331 2338/2977/1339
f 2348/2987/1337 2338/2977/1339 2349/2988/1338
f 2349/2988/1338 2338/2977/1339 2340/2979/1250
f 2349/2988/1338 2340/2979/1250 2350/2989/1260
f 2350/2989/1260 2340/2979/1250 2342/2981/1252
f 2350/2989/1260 2342/2981/1252 2351/2990/1261
f 2351/2990/1261 2342/2981/1252 2344/2983/1326
f 2351/2990/1261 2344/2983/1326 2328/2967/1334
f 2328/2967/1334 2344/2983/1326 2329/2968/1329
f 2352/2991/1334 2353/2992/1329 2354/2993/1335
f 2354/2993/1335 2353/2992/1329 2355/2994/1241
f 2353/2992/1329 2356/2995/1242 2355/2994/1241
f 2355/2994/1241 2356/2995/1242 2357/2996/1340
f 2355/2994/1241 2357/2996/1340 2358/2997/1341
f 2358/2997/1341 2357/2996/1340 2359/2998/1330
f 2358/2997/1341 2359/2998/1330 2360/2999/1342
f 2360/2999/1342 2359/2998/1330 2361/3000/1343
f 2360/2999/1342 2361/3000/1343 2362/3001/1339
f 2362/3001/1339 2361/3000/1343 2363/3002/1249
f 2362/3001/1339 2363/3002/1249 2364/3003/1250
f 2364/3003/1250 2363/3002/1249 2365/3004/1251
f 2364/3003/1250 2365/3004/1251 2366/3005/1252
f 2366/3005/1252 2365/3004/1251 2367/3006/1327
f 2366/3005/1252 2367/3006/1327 2368/3007/1326
f 2368/3007/1326 2367/3006/1327 2369/3008/1328
f 2368/3007/1326 2369/3008/1328 2353/2992/1329
f 2353/2992/1329 2369/3008/1328 2356/2995/1242
f 2354/2993/1335 2355/2994/1241 2370/3009/1256
f 2370/3009/1256 2355/2994/1241 2358/2997/1341
f 2370/3009/1256 2358/2997/1341 2371/3010/1257
f 2371/3010/1257 2358/2997/1341 2360/2999/1342
f 2371/3010/1257 2360/2999/1342 2372/3011/1344
f 2372/3011/1344 2360/2999/1342 2362/3001/1339
f 2372/3011/1344 2362/3001/1339 2373/3012/1338
f 2373/3012/1338 2362/3001/1339 2364/3003/1250
f 2373/3012/1338 2364/3003/1250 2374/3013/1345
f 2374/3013/1345 2364/3003/1250 2366/3005/1252
f 2374/3013/1345 2366/3005/1252 2375/3014/1261
f 2375/3014/1261 2366/3005/1252 2368/3007/1326
f 2375/3014/1261 2368/3007/1326 2352/2991/1334
f 2352/2991/1334 2368/3007/1326 2353/2992/1329
f 2376/3015/1346 2377/3016/1347 2378/3017/1348
f 2378/3017/1348 2377/3016/1347 2379/3018/1241
f 2377/3016/1347 2380/3019/1242 2379/3018/1241
f 2379/3018/1241 2380/3019/1242 2381/3020/1340
f 2379/3018/1241 2381/3020/1340 2382/3021/1341
f 2382/3021/1341 2381/3020/1340 2383/3022/1330
f 2382/3021/1341 2383/3022/1330 2384/3023/1342
f 2384/3023/1342 2383/3022/1330 2385/3024/1343
f 2384/3023/1342 2385/3024/1343 2386/3025/1333
f 2386/3025/1333 2385/3024/1343 2387/3026/1349
f 2386/3025/1333 2387/3026/1349 2388/3027/1250
f 2388/3027/1250 2387/3026/1349 2389/3028/1251
f 2388/3027/1250 2389/3028/1251 2390/3029/1252
f 2390/3029/1252 2389/3028/1251 2391/3030/1327
f 2390/3029/1252 2391/3030/1327 2392/3031/1326
f 2392/3031/1326 2391/3030/1327 2393/3032/1350
f 2392/3031/1326 2393/3032/1350 2377/3016/1347
f 2377/3016/1347 2393/3032/1350 2380/3019/1242
f 2378/3017/1348 2379/3018/1241 2394/3033/1256
f 2394/3033/1256 2379/3018/1241 2382/3021/1341
f 2394/3033/1256 2382/3021/1341 2395/3034/1257
f 2395/3034/1257 2382/3021/1341 2384/3023/1342
f 2395/3034/1257 2384/3023/1342 2396/3035/1344
f 2396/3035/1344 2384/3023/1342 2386/3025/1333
f 2396/3035/1344 2386/3025/1333 2397/3036/1338
f 2397/3036/1338 2386/3025/1333 2388/3027/1250
f 2397/3036/1338 2388/3027/1250 2398/3037/1345
f 2398/3037/1345 2388/3027/1250 2390/3029/1252
f 2398/3037/1345 2390/3029/1252 2399/3038/1261
f 2399/3038/1261 2390/3029/1252 2392/3031/1326
f 2399/3038/1261 2392/3031/1326 2376/3015/1346
f 2376/3015/1346 2392/3031/1326 2377/3016/1347
f 2400/3039/1238 2401/3040/1239 2402/3041/1262
f 2402/3041/1262 2401/3040/1239 2403/3042/1351
f 2401/3040/1239 2404/3043/1242 2403/3042/1351
f 2403/3042/1351 2404/3043/1242 2405/3044/1243
f 2403/3042/1351 2405/3044/1243 2406/3045/1244
f 2406/3045/1244 2405/3044/1243 2407/3046/1352
f 2406/3045/1244 2407/3046/1352 2408/3047/1246
f 2408/3047/1246 2407/3046/1352 2409/3048/1247
f 2408/3047/1246 2409/3048/1247 2410/3049/1248
f 2410/3049/1248 2409/3048/1247 2411/3050/1249
f 2410/3049/1248 2411/3050/1249 2412/3051/1250
f 2412/3051/1250 2411/3050/1249 2413/3052/1251
f 2412/3051/1250 2413/3052/1251 2414/3053/1252
f 2414/3053/1252 2413/3052/1251 2415/3054/1253
f 2414/3053/1252 2415/3054/1253 2416/3055/1254
f 2416/3055/1254 2415/3054/1253 2417/3056/1255
f 2416/3055/1254 2417/3056/1255 2401/3040/1239
f 2401/3040/1239 2417/3056/1255 2404/3043/1242
f 2402/3041/1262 2403/3042/1351 2418/3057/1256
f 2418/3057/1256 2403/3042/1351 2406/3045/1244
f 2418/3057/1256 2406/3045/1244 2419/3058/1257
f 2419/3058/1257 2406/3045/1244 2408/3047/1246
f 2419/3058/1257 2408/3047/1246 2420/3059/1258
f 2420/3059/1258 2408/3047/1246 2410/3049/1248
f 2420/3059/1258 2410/3049/1248 2421/3060/1259
f 2421/3060/1259 2410/3049/1248 2412/3051/1250
f 2421/3060/1259 2412/3051/1250 2422/3061/1345
f 2422/3061/1345 2412/3051/1250 2414/3053/1252
f 2422/3061/1345 2414/3053/1252 2423/3062/1261
f 2423/3062/1261 2414/3053/1252 2416/3055/1254
f 2423/3062/1261 2416/3055/1254 2400/3039/1238
f 2400/3039/1238 2416/3055/1254 2401/3040/1239
f 311/3063/106 307/3064/98 290/334/174
f 311/3063/106 290/334/174 289/333/173
f 294/338/113 293/337/113 304/3065/103
f 294/338/113 304/3065/103 308/3066/109
f 262/298/75 261/297/75 264/3067/52
f 262/298/75 264/3067/52 268/3068/60
f 271/3069/55 267/3070/49 258/294/75
f 271/3069/55 258/294/75 257/293/169
f 179/205/75 178/204/119 181/3071/120
f 179/205/75 181/3071/120 236/3072/60
f 239/3073/55 184/3074/121 175/201/117
f 239/3073/55 175/201/117 174/200/116
f 169/3075/106 165/3076/98 153/175/113
f 169/3075/106 153/175/113 152/174/113
f 157/179/113 156/178/113 162/3077/103
f 157/179/113 162/3077/103 166/3078/109
f 2424/3079/1353 2425/3080/513 2426/3081/1354
f 2424/3079/1353 2426/3081/1354 2427/3082/514
f 2428/3083/515 2424/3079/1353 2427/3082/514
f 2428/3083/515 2429/3084/515 2424/3079/1353
f 2430/3085/1355 2429/3084/515 2428/3083/515
f 2430/3085/1355 2428/3083/515 2431/3086/516
f 2432/3087/517 2430/3085/1355 2431/3086/516
f 2432/3087/517 2431/3086/516 2433/3088/517
f 2434/3089/1356 2432/3087/517 2433/3088/517
f 2434/3089/1356 2433/3088/517 2435/3090/518
f 2436/3091/519 2434/3089/1356 2435/3090/518
f 2436/3091/519 2437/3092/1357 2434/3089/1356
f 2438/3093/1358 2437/3092/1357 2436/3091/519
f 2438/3093/1358 2436/3091/519 2439/3094/520
f 2438/3093/1358 2439/3094/520 2426/3095/1354
f 2438/3093/1358 2426/3095/1354 2425/3096/513
f 83/93/64 82/3097/63 91/3098/71
f 83/93/64 91/3098/71 1483/1778/834
f 84/3099/65 2440/3100/1359 2441/3101/1360
f 84/3099/65 83/93/64 2440/3100/1359
f 94/110/74 2440/3100/1359 83/93/64
f 94/110/74 83/93/64 1483/1778/834
f 2442/3102/1361 94/110/74 1483/1778/834
f 2442/3102/1361 1483/1778/834 1481/3103/832
f 94/110/74 93/109/73 103/3104/80
f 94/110/74 103/3104/80 2440/3100/1359
f 104/3105/81 93/3106/73 92/115/72
f 104/3105/81 92/115/72 98/114/76
f 2425/3107/513 2424/3108/1353 2429/3109/515
f 2425/3107/513 2429/3109/515 2430/3110/1355
f 2425/3107/513 2430/3110/1355 2432/3111/517
f 2425/3107/513 2432/3111/517 2434/3112/1356
f 2425/3107/513 2434/3112/1356 2437/3113/1357
f 2425/3107/513 2437/3113/1357 2438/3114/1358
f 84/3115/65 2441/3116/1360 99/3117/77
f 81/3118/62 84/3115/65 99/3117/77
f 81/3118/62 99/3117/77 92/3119/72
f 92/3119/72 85/3120/66 81/3118/62
f 98/114/76 99/116/77 103/120/80
f 98/114/76 103/120/80 104/122/81
f 2441/3121/1360 2440/3100/1359 99/3122/77
f 99/3122/77 2440/3100/1359 103/3123/80
f 90/105/70 82/107/63 81/99/62
f 90/105/70 81/99/62 86/3124/67
f 90/3125/70 86/3126/67 85/3127/66
f 90/3125/70 85/3127/66 91/106/71
f 2443/3128/1362 2444/3129/1363 2445/3130/1364
f 2443/3128/1362 2445/3130/1364 2446/3131/1365
f 2447/3132/1366 2448/3133/1367 2449/3134/1368
f 2447/3132/1366 2449/3134/1368 2444/3135/1363
f 2450/3136/1369 2443/3128/1362 2446/3131/1365
f 2450/3136/1369 2446/3131/1365 2451/3137/1370
f 2452/3138/1371 2453/3139/1372 2450/3136/1369
f 2452/3138/1371 2450/3136/1369 2451/3137/1370
f 2444/3140/1363 2449/3141/1368 2454/3142/1373
f 2444/3140/1363 2454/3142/1373 2445/3143/1364
f 2452/3138/1371 2454/3142/1373 2449/3141/1368
f 2452/3138/1371 2449/3141/1368 2453/3139/1372
f 2455/3144/1374 2456/3145/1375 2443/3146/1362
f 2455/3144/1374 2443/3146/1362 2450/3147/1369
f 2453/3139/1372 2449/3134/1368 2448/3133/1367
f 2453/3139/1372 2448/3133/1367 2457/3148/1376
f 2456/3145/1375 2447/3149/1366 2444/3150/1363
f 2456/3145/1375 2444/3150/1363 2443/3146/1362
f 2453/3139/1372 2457/3148/1376 2455/3144/1374
f 2453/3139/1372 2455/3144/1374 2450/3147/1369
f 2458/3151/238 2459/3152/238 2460/3153/68
f 2458/3151/238 2460/3153/68 2461/3154/79
f 2458/3151/238 2461/3154/79 2462/3155/68
f 2458/3151/238 2462/3155/68 2463/3156/68
f 2458/3151/238 2463/3156/68 2464/3157/238
f 2458/3151/238 2464/3157/238 2465/3158/68
f 2458/3151/238 2465/3158/68 2466/3159/240
f 2458/3151/238 2466/3159/240 2467/3160/237
f 43/47/43 16/46/16 18/3161/18
f 43/47/43 18/3161/18 56/3162/54
f 2468/3163/79 2469/3164/78 2470/3165/68
f 2468/3163/79 2470/3165/68 2471/3166/79
f 2468/3163/79 2471/3166/79 2472/3167/237
f 2468/3163/79 2472/3167/237 2473/3168/1377
f 2468/3163/79 2473/3168/1377 2474/3169/238
f 2468/3163/79 2474/3169/238 2475/3170/1378
f 2476/3171/1379 2472/3172/237 2477/3173/1380
f 2476/3171/1379 2473/3168/1377 2472/3172/237
f 2474/3169/238 2473/3168/1377 2476/3171/1379
f 2474/3169/238 2476/3171/1379 2478/3174/1381
f 2479/3175/1382 2474/3169/238 2478/3174/1381
f 2479/3175/1382 2475/3176/1378 2474/3169/238
f 2470/3165/68 2480/3177/1383 2471/3178/79
f 2470/3165/68 2481/3179/1384 2480/3177/1383
f 2482/3180/1385 2481/3179/1384 2470/3165/68
f 2482/3180/1385 2470/3165/68 2469/3164/78
f 2468/3181/79 2482/3180/1385 2469/3164/78
f 2468/3181/79 2483/3182/1386 2482/3180/1385
f 19/3183/19 21/3184/21 2484/3185/1387
f 16/3186/16 19/3183/19 2484/3185/1387
f 16/3186/16 2484/3185/1387 3/3187/3
f 3/3187/3 2/3188/2 16/3186/16
f 16/3186/16 2/3188/2 8/3189/8
f 16/3186/16 8/3189/8 15/3190/15
f 12/3191/12 15/3190/15 8/3189/8
f 12/3191/12 8/3189/8 11/3192/11
f 7/3193/7 5/3194/5 4/3195/4
f 7/3193/7 4/3195/4 2485/3196/1388
f 21/3197/21 2485/3196/1388 2484/3198/1387
f 21/3197/21 20/3199/20 2485/3196/1388
f 7/3193/7 2485/3196/1388 20/3199/20
f 7/3193/7 20/3199/20 17/19/17
f 9/3200/9 7/3193/7 17/19/17
f 9/3200/9 17/19/17 14/3201/14
f 10/12/10 9/3200/9 14/3201/14
f 10/12/10 14/3201/14 13/3202/13
f 20/3199/20 22/3203/22 18/3204/18
f 20/3199/20 18/3204/18 17/19/17
f 56/60/54 22/62/22 19/45/19
f 56/60/54 19/45/19 43/47/43
f 2485/3205/1388 4/3206/4 3/3207/3
f 2485/3205/1388 3/3207/3 2484/3208/1387
f 1/3209/1 3/3/3 4/4/4
f 1/3209/1 4/4/4 6/6/6
f 5/5/5 2/3210/2 1/3211/1
f 5/5/5 1/3211/1 6/3212/6
f 2486/3213/1389 2487/3214/1390 2488/3215/1391
f 2486/3213/1389 2488/3215/1391 2489/3216/1392
f 2488/3217/1391 2490/3218/1393 2491/3219/1394
f 2488/3217/1391 2491/3219/1394 2492/3220/1395
f 2493/3221/1396 2486/3213/1389 2489/3216/1392
f 2493/3221/1396 2489/3216/1392 2494/3222/1397
f 2493/3221/1396 2494/3222/1397 2495/3223/1398
f 2493/3221/1396 2495/3223/1398 2496/3224/1399
f 2487/3225/1390 2497/3226/1400 2490/3227/1393
f 2487/3225/1390 2490/3227/1393 2488/3228/1391
f 2495/3223/1398 2490/3227/1393 2497/3226/1400
f 2495/3223/1398 2497/3226/1400 2496/3224/1399
f 2494/3229/1397 2489/3230/1392 2498/3231/1401
f 2494/3229/1397 2498/3231/1401 2499/3232/1402
f 2500/3233/1403 2491/3219/1394 2490/3218/1393
f 2500/3233/1403 2490/3218/1393 2495/3234/1398
f 2489/3230/1392 2488/3235/1391 2492/3236/1395
f 2489/3230/1392 2492/3236/1395 2498/3231/1401
f 2494/3229/1397 2499/3232/1402 2500/3233/1403
f 2494/3229/1397 2500/3233/1403 2495/3234/1398
f 2501/3237/83 2502/3238/83 2503/3239/811
f 2501/3237/83 2503/3239/811 2504/3240/111
f 2501/3237/83 2504/3240/111 2505/3241/83
f 2501/3237/83 2505/3241/83 2506/3242/209
f 2501/3243/83 2506/3244/209 2507/3245/185
f 2501/3243/83 2507/3245/185 2508/3246/1404
f 2501/3243/83 2508/3246/1404 2509/3247/1405
f 2501/3243/83 2509/3247/1405 2502/3248/83
f 2510/3249/1406 2511/3250/113 2505/3251/83
f 2510/3249/1406 2505/3251/83 2504/3252/111
f 2510/3249/1406 2504/3252/111 2503/3253/811
f 2510/3249/1406 2503/3253/811 2512/3254/1407
f 34/3255/34 33/3256/33 24/26/24
f 34/3255/34 24/26/24 23/25/23
f 42/44/42 41/43/41 45/3257/45
f 42/44/42 45/3257/45 44/3258/44
f 2513/3259/1408 2514/3260/1409 1429/3261/796
f 2513/3259/1408 1429/3261/796 1428/3262/795
f 2515/3263/1410 2513/3259/1408 1428/3262/795
f 2515/3263/1410 1428/3262/795 1440/3264/806
f 2516/3265/75 2517/3266/75 2518/3267/1411
f 2519/3268/1412 2520/3269/1413 2521/3270/1414
f 2521/3270/1414 2522/3271/1415 2519/3268/1412
f 2523/3272/1416 2522/3271/1415 2521/3270/1414
f 2522/3271/1415 2523/3272/1416 2524/3273/1417
f 2524/3273/1417 2523/3272/1416 2525/3274/1418
f 2524/3273/1417 2525/3274/1418 2526/3275/1419
f 2514/3260/1409 2521/3276/1414 2520/3277/1413
f 1440/3264/806 1439/3278/805 2515/3263/1410
f 2515/3263/1410 1439/3278/805 2525/3279/1418
f 2525/3279/1418 2513/3259/1408 2515/3263/1410
f 2525/3279/1418 2523/3272/1416 2513/3259/1408
f 2513/3259/1408 2523/3272/1416 2514/3260/1409
f 2514/3260/1409 2523/3272/1416 2521/3270/1414
f 54/3280/52 64/3281/60 63/72/59
f 54/3280/52 63/72/59 55/71/53
f 48/74/48 58/73/56 57/3282/55
f 48/74/48 57/3282/55 49/3283/49
f 65/98/61 74/97/53 73/3284/52
f 65/98/61 73/3284/52 66/3285/60
f 101/3286/68 100/3287/78 107/3288/82
f 101/3286/68 107/3288/82 106/3289/75
f 100/3287/78 102/3290/79 105/3291/75
f 100/3287/78 105/3291/75 107/3288/82
f 108/3292/83 110/3293/84 2527/3294/1407
f 108/3292/83 2527/3294/1407 2528/3295/1420
f 109/3296/83 108/3292/83 2528/3295/1420
f 109/3296/83 2528/3295/1420 2529/3297/1421
f 111/3298/83 113/3299/85 2530/3300/1407
f 111/3298/83 2530/3300/1407 2531/3301/1420
f 112/3302/83 111/3298/83 2531/3301/1420
f 112/3302/83 2531/3301/1420 2532/3303/1421
f 114/3304/83 116/3305/83 2533/3306/1407
f 114/3304/83 2533/3306/1407 2534/3307/1422
f 115/3308/83 114/3304/83 2534/3307/1422
f 115/3308/83 2534/3307/1422 2535/3309/1421
f 137/3310/83 139/3311/104 2536/3312/1407
f 137/3310/83 2536/3312/1407 2537/3313/1422
f 138/3314/83 137/3310/83 2537/3313/1422
f 138/3314/83 2537/3313/1422 2538/3315/1421
f 2539/3316/1423 2540/3317/1423 159/3318/83
f 2539/3316/1423 159/3318/83 161/3319/83
f 2541/3320/1424 2539/3316/1423 161/3319/83
f 2541/3320/1424 161/3319/83 160/3321/115
f 2542/3322/1423 2543/3323/1423 170/3324/83
f 2542/3322/1423 170/3324/83 172/3325/83
f 2544/3326/1424 2542/3322/1423 172/3325/83
f 2544/3326/1424 172/3325/83 171/3327/83
f 2545/3328/1423 2546/3329/1423 185/3330/83
f 2545/3328/1423 185/3330/83 187/3331/83
f 2547/3332/1424 2545/3328/1423 187/3331/83
f 2547/3332/1424 187/3331/83 186/3333/115
f 2548/3334/61 2549/3335/61 2550/3336/61
f 2548/3334/61 2550/3336/61 2551/3337/1425
f 2552/3338/56 2548/3334/61 2551/3337/1425
f 2552/3338/56 2551/3337/1425 2553/3339/56
f 2554/3340/1078 2555/3341/1077 2556/3342/1077
f 2554/3340/1078 2556/3342/1077 2557/3343/1086
f 2558/3344/1079 2554/3340/1078 2557/3343/1086
f 2558/3344/1079 2557/3343/1086 2559/3345/1079
f 249/308/110 247/307/105 246/3346/166
f 249/308/110 246/3346/166 250/3347/167
f 254/3348/168 241/3349/164 240/306/163
f 254/3348/168 240/306/163 255/309/102
f 281/342/110 279/341/105 278/3350/166
f 281/342/110 278/3350/166 282/3351/167
f 286/3352/168 273/3353/164 272/340/99
f 286/3352/168 272/340/99 287/343/172
f 318/3354/167 298/3355/166 297/382/105
f 318/3354/167 297/382/105 319/381/177
f 312/380/175 303/383/99 302/3356/164
f 312/380/175 302/3356/164 313/3357/176
f 334/423/191 351/422/203 350/3358/202
f 334/423/191 350/3358/202 335/3359/192
f 328/3360/186 345/3361/198 344/421/197
f 328/3360/186 344/421/197 329/424/187
f 2560/3362/1426 2561/3363/83 387/3364/237
f 2560/3362/1426 387/3364/237 396/3365/240
f 2562/3366/1427 2560/3362/1426 396/3365/240
f 2562/3366/1427 396/3365/240 395/3367/238
f 2563/3368/1428 2562/3366/1427 395/3367/238
f 2563/3368/1428 395/3367/238 394/3369/238
f 2564/3370/1429 2563/3368/1428 394/3369/238
f 2564/3370/1429 394/3369/238 393/3371/79
f 2565/3372/507 2564/3370/1429 393/3371/79
f 2565/3372/507 393/3371/79 392/3373/68
f 2566/3374/1430 2565/3372/507 392/3373/68
f 2566/3374/1430 392/3373/68 391/3375/239
f 2567/3376/1431 2566/3374/1430 391/3375/239
f 2567/3376/1431 391/3375/239 390/3377/68
f 2568/3378/1432 2567/3376/1431 390/3377/68
f 2568/3378/1432 390/3377/68 389/3379/238
f 2569/3380/1433 2568/3378/1432 389/3379/238
f 2569/3380/1433 389/3379/238 388/3381/238
f 2561/3382/83 2569/3380/1433 388/3381/238
f 2561/3382/83 388/3381/238 387/3383/237
f 2570/3384/68 2571/3385/1434 2572/3386/68
f 2573/3387/1435 2574/3388/1436 2575/3389/1437
f 2573/3387/1435 2575/3389/1437 2576/3390/1438
f 2577/3391/1439 2573/3387/1435 2576/3390/1438
f 2577/3391/1439 2576/3390/1438 2578/3392/1440
f 2577/3391/1439 2578/3392/1440 2579/3393/1441
f 2580/3394/1442 2577/3391/1439 2579/3393/1441
f 2580/3394/1442 2579/3393/1441 2581/3395/1443
f 2580/3394/1442 2581/3395/1443 2582/3396/1444
f 2583/3397/1445 2580/3394/1442 2582/3396/1444
f 2583/3397/1445 2582/3396/1444 2584/3398/1446
f 2583/3397/1445 2584/3398/1446 2585/3399/1447
f 2586/3400/1448 2583/3397/1445 2585/3399/1447
f 2586/3400/1448 2585/3399/1447 2587/3401/1449
f 2586/3400/1448 2587/3401/1449 2574/3388/1436
f 2573/3387/1435 2586/3400/1448 2574/3388/1436
f 2573/3387/1435 2577/3391/1439 2580/3394/1442
f 2573/3387/1435 2580/3394/1442 2583/3397/1445
f 2573/3387/1435 2583/3397/1445 2586/3400/1448
f 743/3402/106 755/3403/98 754/876/524
f 743/3402/106 754/876/524 744/875/105
f 737/878/521 749/877/102 748/3404/103
f 737/878/521 748/3404/103 738/3405/109
f 765/910/105 774/909/99 773/3406/98
f 765/910/105 773/3406/98 766/3407/106
f 771/3408/109 780/3409/103 779/908/175
f 771/3408/109 779/908/175 772/907/110
f 71/3410/55 80/3411/49 79/96/48
f 71/3410/55 79/96/48 72/95/56
f 2588/3412/1450 2589/3413/1450 2590/3414/1450
f 2588/3412/1450 2590/3414/1450 2591/3415/1450
f 2591/3416/1450 2590/3414/1450 2592/3417/1451
f 2591/3416/1450 2592/3417/1451 2593/3418/1452
f 2594/3419/1453 2595/3420/1454 2589/3413/1450
f 2594/3419/1453 2589/3413/1450 2588/3421/1450
f 2594/3422/1453 2593/3423/1452 2592/3417/1451
f 2594/3422/1453 2592/3417/1451 2595/3420/1454
f 2595/3420/1454 2592/3417/1451 2590/3414/1450
f 2595/3420/1454 2590/3414/1450 2589/3413/1450
f 790/942/61 799/941/53 798/3424/52
f 790/942/61 798/3424/52 791/3425/60
f 796/3426/55 805/3427/49 804/940/48
f 796/3426/55 804/940/48 797/939/56
f 2596/3428/507 2597/3429/507 2598/3430/1455
f 2596/3428/507 2598/3430/1455 2599/3431/507
f 2596/3428/507 2599/3431/507 2600/3432/507
f 2596/3428/507 2600/3432/507 2601/3433/1060
f 2596/3428/507 2601/3433/1060 2602/3434/507
f 2596/3428/507 2602/3434/507 2603/3435/1456
f 2604/3436/1457 2605/3437/1458 2606/3438/1457
f 2607/3439/1459 2604/3436/1457 2606/3438/1457
f 2607/3439/1459 2606/3438/1457 2608/3440/1459
f 2609/3441/1460 2607/3439/1459 2608/3440/1459
f 2609/3441/1460 2608/3440/1459 2610/3442/1461
f 2611/3443/1458 2609/3441/1460 2610/3442/1461
f 2611/3443/1458 2610/3442/1461 2612/3444/1462
f 2613/3445/1463 2611/3443/1458 2612/3444/1462
f 2613/3445/1463 2612/3444/1462 2614/3446/1463
f 2615/3447/1464 2613/3445/1463 2614/3446/1463
f 2615/3447/1464 2614/3446/1463 2616/3448/1457
f 2617/3449/1465 2615/3447/1464 2616/3448/1457
f 2617/3449/1465 2616/3448/1457 2618/3450/1465
f 2619/3451/1457 2617/3449/1465 2618/3450/1465
f 2619/3451/1457 2618/3450/1465 2605/3437/1458
f 2604/3436/1457 2619/3451/1457 2605/3437/1458
f 2620/3452/1466 2621/3453/824 2622/3454/1467
f 2620/3452/1466 2623/3455/1468 2621/3453/824
f 2623/3455/1468 2620/3452/1466 2624/3456/1469
f 2623/3455/1468 2624/3456/1469 2625/3457/1470
f 822/960/539 2626/3458/75 825/963/540
f 825/963/540 2626/3458/75 826/1019/541
f 863/1020/83 826/1019/541 2626/3458/75
f 863/1020/83 2626/3458/75 2627/3459/75
f 859/1005/507 863/1020/83 2627/3459/75
f 859/1005/507 2627/3459/75 2628/3460/75
f 859/1005/507 2628/3460/75 2629/3461/75
f 859/1005/507 2629/3461/75 821/1006/538
f 821/1006/538 2629/3461/75 822/960/539
f 822/960/539 2629/3461/75 2626/3458/75
f 863/1020/83 859/1005/507 2630/3462/75
f 863/1020/83 2630/3462/75 2631/3463/75
f 863/1020/83 2631/3463/75 2632/3464/75
f 863/1020/83 2632/3464/75 816/1021/536
f 816/1021/536 2632/3464/75 813/947/533
f 813/947/533 2632/3464/75 2633/3465/75
f 813/947/533 2633/3465/75 812/946/532
f 812/946/532 2633/3465/75 809/1009/530
f 859/1005/507 809/1009/530 2633/3465/75
f 859/1005/507 2633/3465/75 2630/3462/75
f 2627/3459/75 2626/3458/75 838/984/550
f 2627/3459/75 838/984/550 835/981/547
f 2628/3460/75 2627/3459/75 835/981/547
f 2628/3460/75 835/981/547 836/982/548
f 2629/3461/75 2628/3460/75 836/982/548
f 2629/3461/75 836/982/548 837/983/549
f 2626/3458/75 2629/3461/75 837/983/549
f 2626/3458/75 837/983/549 838/984/550
f 2633/3465/75 2632/3464/75 852/998/547
f 2633/3465/75 852/998/547 849/995/548
f 2630/3462/75 2633/3465/75 849/995/548
f 2630/3462/75 849/995/548 850/996/549
f 2631/3463/75 2630/3462/75 850/996/549
f 2631/3463/75 850/996/549 851/997/550
f 2632/3464/75 2631/3463/75 851/997/550
f 2632/3464/75 851/997/550 852/998/547
f 2624/3466/1469 2634/3467/83 2625/3468/1470
f 2620/3452/1466 2634/3469/83 2624/3456/1469
f 2620/3452/1466 2635/3470/1471 2634/3469/83
f 2635/3470/1471 2620/3452/1466 2622/3454/1467
f 2635/3470/1471 2622/3454/1467 2636/3471/1472
f 611/3472/437 613/3473/439 615/3474/441
f 611/3472/437 615/3474/441 609/3475/435
f 609/3475/435 615/3474/441 2637/3476/1473
f 609/3475/435 2637/3476/1473 607/3477/433
f 607/3477/433 2637/3476/1473 605/3478/431
f 605/3478/431 2637/3476/1473 602/680/428
f 601/679/427 602/680/428 2637/3476/1473
f 601/679/427 2637/3476/1473 2638/3479/1474
f 601/679/427 2638/3479/1474 599/3480/425
f 599/3480/425 2638/3479/1474 597/3481/423
f 597/3481/423 2638/3479/1474 588/3482/414
f 597/3481/423 588/3482/414 595/3483/421
f 595/3483/421 588/3482/414 593/3484/419
f 588/3482/414 591/3485/417 593/3484/419
f 867/3486/211 869/3487/82 873/3488/68
f 867/3486/211 873/3488/68 875/3489/238
f 868/3490/75 867/3486/211 875/3489/238
f 868/3490/75 875/3489/238 874/3491/553
f 879/3492/75 881/3493/75 890/3494/68
f 879/3492/75 890/3494/68 892/3495/68
f 880/3496/75 879/3492/75 892/3495/68
f 880/3496/75 892/3495/68 891/3497/558
f 2639/3498/68 2640/3499/68 2641/3500/68
f 2639/3498/68 2641/3500/68 2642/3501/1475
f 2639/3502/68 2642/3503/1475 2643/3504/1476
f 2639/3502/68 2643/3504/1476 2644/3505/83
f 2639/3506/68 2644/3507/83 2645/3508/606
f 2639/3506/68 2645/3508/606 2640/3499/68
f 2644/3509/83 2643/3510/1476 2646/3511/75
f 2644/3509/83 2646/3511/75 2645/3508/606
f 2640/3499/68 2645/3508/606 2646/3511/75
f 2640/3499/68 2646/3511/75 2641/3500/68
f 2647/3512/83 2648/3513/83 2649/3514/83
f 2650/3515/1270 2651/3516/1271 2652/3517/1271
f 2650/3515/1270 2653/3518/1270 2651/3516/1271
f 2653/3518/1270 2650/3515/1270 2654/3519/1273
f 2653/3518/1270 2654/3519/1273 2655/3520/1477
f 2656/3521/1274 2655/3520/1477 2654/3519/1273
f 2656/3521/1274 2657/3522/1274 2655/3520/1477
f 2657/3522/1274 2656/3521/1274 2658/3523/1275
f 2657/3522/1274 2658/3523/1275 2659/3524/1478
f 2660/3525/1244 2661/3526/1243 2662/3527/1245
f 2660/3525/1244 2662/3527/1245 2663/3528/1263
f 2663/3528/1263 2662/3527/1245 2664/3529/1247
f 2663/3528/1263 2664/3529/1247 2665/3530/1248
f 2665/3530/1248 2664/3529/1247 2666/3531/1349
f 2665/3530/1248 2666/3531/1349 2667/3532/1250
f 2667/3532/1250 2666/3531/1349 2668/3533/1251
f 2667/3532/1250 2668/3533/1251 2669/3534/1252
f 2669/3534/1252 2668/3533/1251 2670/3535/1253
f 2669/3534/1252 2670/3535/1253 2671/3536/1254
f 2671/3536/1254 2670/3535/1253 2672/3537/1255
f 2671/3536/1254 2672/3537/1255 2673/3538/1239
f 2673/3538/1239 2672/3537/1255 2674/3539/1242
f 2673/3538/1239 2674/3539/1242 2675/3540/1351
f 2675/3540/1351 2674/3539/1242 2661/3526/1243
f 2675/3540/1351 2661/3526/1243 2660/3525/1244
f 2676/3541/1256 2675/3540/1351 2660/3525/1244
f 2676/3541/1256 2660/3525/1244 2677/3542/1257
f 2677/3542/1257 2660/3525/1244 2663/3528/1263
f 2677/3542/1257 2663/3528/1263 2678/3543/1479
f 2678/3543/1479 2663/3528/1263 2665/3530/1248
f 2678/3543/1479 2665/3530/1248 2679/3544/1259
f 2679/3544/1259 2665/3530/1248 2667/3532/1250
f 2679/3544/1259 2667/3532/1250 2680/3545/1345
f 2680/3545/1345 2667/3532/1250 2669/3534/1252
f 2680/3545/1345 2669/3534/1252 2681/3546/1261
f 2681/3546/1261 2669/3534/1252 2671/3536/1254
f 2681/3546/1261 2671/3536/1254 2682/3547/1238
f 2682/3547/1238 2671/3536/1254 2673/3538/1239
f 2682/3547/1238 2673/3538/1239 2683/3548/1240
f 2683/3548/1240 2673/3538/1239 2675/3540/1351
f 2683/3548/1240 2675/3540/1351 2676/3541/1256
f 1271/3549/714 1274/1522/716 2684/3550/1480
f 1271/3549/714 2684/3550/1480 2685/3551/1481
f 1280/3552/721 1271/3549/714 2685/3551/1481
f 1280/3552/721 2685/3551/1481 2686/3553/1482
f 1281/1529/722 1280/3552/721 2686/3553/1482
f 1281/1529/722 2686/3553/1482 2687/3554/1483
f 1284/1532/724 1281/1529/722 2687/3554/1483
f 1284/1532/724 2687/3554/1483 2688/3555/1484
f 1285/3556/725 1284/1532/724 2688/3555/1484
f 1285/3556/725 2688/3555/1484 2689/3557/1485
f 1278/3558/719 1285/3556/725 2689/3557/1485
f 1278/3558/719 2689/3557/1485 2690/3559/1486
f 1275/1523/717 1278/3558/719 2690/3559/1486
f 1275/1523/717 2690/3559/1486 2691/3560/1487
f 1274/1522/716 1275/1523/717 2691/3560/1487
f 1274/1522/716 2691/3560/1487 2684/3550/1480
f 2684/3550/1480 2691/3560/1487 1323/1579/75
f 2684/3550/1480 1323/1579/75 1330/1586/75
f 2685/3551/1481 2684/3550/1480 1330/1586/75
f 2685/3551/1481 1330/1586/75 1329/1585/75
f 2686/3553/1482 2685/3551/1481 1329/1585/75
f 2686/3553/1482 1329/1585/75 1328/1584/75
f 2687/3554/1483 2686/3553/1482 1328/1584/75
f 2687/3554/1483 1328/1584/75 1327/1583/75
f 2688/3555/1484 2687/3554/1483 1327/1583/75
f 2688/3555/1484 1327/1583/75 1326/1582/75
f 2689/3557/1485 2688/3555/1484 1326/1582/75
f 2689/3557/1485 1326/1582/75 1325/1581/75
f 2690/3559/1486 2689/3557/1485 1325/1581/75
f 2690/3559/1486 1325/1581/75 1324/1580/75
f 2691/3560/1487 2690/3559/1486 1324/1580/75
f 2691/3560/1487 1324/1580/75 1323/1579/75
f 1277/3561/718 1286/3562/726 1285/3556/725
f 1277/3561/718 1285/3556/725 1278/3558/719
f 1271/3549/714 1280/3552/721 1279/3563/720
f 1271/3549/714 1279/3563/720 1272/3564/715
f 2653/3565/1270 2655/3566/1477 2657/3567/1274
f 2653/3565/1270 2657/3567/1274 2659/3568/1478
f 2653/3565/1270 2659/3568/1478 2651/3569/1271
f 2692/3570/544 2693/3571/550 2694/3572/549
f 2695/3573/545 2692/3570/544 2694/3572/549
f 2695/3573/545 2694/3572/549 2696/3574/1488
f 2697/3575/546 2695/3573/545 2696/3574/1488
f 2697/3575/546 2696/3574/1488 2698/3576/547
f 2699/3577/1489 2697/3575/546 2698/3576/547
f 2699/3577/1489 2698/3576/547 2693/3571/550
f 2692/3570/544 2699/3577/1489 2693/3571/550
f 2692/3570/544 2697/3575/546 2699/3577/1489
f 2692/3570/544 2695/3573/545 2697/3575/546
f 2700/3578/83 2701/3579/542 2702/3580/111
f 2700/3578/83 2702/3580/111 2703/3581/83
f 2700/3578/83 2703/3581/83 2704/3582/83
f 2700/3578/83 2704/3582/83 2705/3583/525
f 2700/3578/83 2705/3583/525 2706/3584/83
f 2707/3585/1489 2708/3586/547 2709/3587/1490
f 2710/3588/544 2707/3585/1489 2709/3587/1490
f 2710/3588/544 2709/3587/1490 2711/3589/549
f 2712/3590/545 2710/3588/544 2711/3589/549
f 2712/3590/545 2711/3589/549 2713/3591/1491
f 2714/3592/546 2712/3590/545 2713/3591/1491
f 2714/3592/546 2713/3591/1491 2708/3586/547
f 2707/3585/1489 2714/3592/546 2708/3586/547
f 2707/3585/1489 2712/3590/545 2714/3592/546
f 2707/3585/1489 2710/3588/544 2712/3590/545
f 2693/3571/550 2698/3576/547 1331/1587/75
f 2693/3571/550 1331/1587/75 1337/1593/75
f 2698/3576/547 2696/3574/1488 1332/1588/75
f 2698/3576/547 1332/1588/75 1331/1587/75
f 2696/3574/1488 2694/3572/549 1335/1591/75
f 2696/3574/1488 1335/1591/75 1332/1588/75
f 2694/3572/549 2693/3571/550 1337/1593/75
f 2694/3572/549 1337/1593/75 1335/1591/75
f 2708/3586/547 2713/3591/1491 1343/1599/75
f 2708/3586/547 1343/1599/75 1346/1602/75
f 2713/3591/1491 2711/3589/549 1341/1597/75
f 2713/3591/1491 1341/1597/75 1343/1599/75
f 2711/3589/549 2709/3587/1490 1348/1604/75
f 2711/3589/549 1348/1604/75 1341/1597/75
f 2709/3587/1490 2708/3586/547 1346/1602/75
f 2709/3587/1490 1346/1602/75 1348/1604/75
f 1383/1658/772 1370/1657/56 1369/3593/55
f 1383/1658/772 1369/3593/55 1384/3594/49
f 1378/3595/52 1376/3596/60 1375/1656/61
f 1378/3595/52 1375/1656/61 1379/1655/53
f 1411/3597/109 1404/3598/103 1403/1688/780
f 1411/3597/109 1403/1688/780 1412/1687/110
f 1405/1690/781 1398/1689/99 1397/3599/98
f 1405/1690/781 1397/3599/98 1406/3600/106
f 2715/3601/507 2716/3602/507 2717/3603/507
f 2715/3601/507 2717/3603/507 2718/3604/1309
f 2715/3601/507 2718/3604/1309 2719/3605/507
f 2720/3606/1492 2721/3607/1493 2722/3608/1494
f 2720/3606/1492 2722/3608/1494 2723/3609/1495
f 2720/3606/1492 2723/3609/1495 2724/3610/1496
f 2725/3611/1497 2724/3610/1496 2723/3609/1495
f 2725/3611/1497 2723/3609/1495 2726/3612/1498
f 2727/3613/1499 2725/3611/1497 2726/3612/1498
f 2727/3613/1499 2726/3612/1498 2728/3614/1500
f 2728/3614/1500 2729/3615/1499 2727/3613/1499
f 2728/3614/1500 2730/3616/1501 2729/3615/1499
f 2730/3616/1501 2724/3610/1496 2729/3615/1499
f 2724/3610/1496 2730/3616/1501 2731/3617/1499
f 2724/3610/1496 2731/3617/1499 2720/3606/1492
f 2731/3617/1499 2732/3618/1502 2720/3606/1492
f 2732/3618/1502 2733/3619/1499 2720/3606/1492
f 2732/3618/1502 2734/3620/1503 2733/3619/1499
f 2735/3621/1499 2733/3619/1499 2734/3620/1503
f 2736/3622/1499 2735/3621/1499 2734/3620/1503
f 2736/3622/1499 2737/3623/1502 2735/3621/1499
f 2738/3624/1499 2735/3621/1499 2737/3623/1502
f 2738/3624/1499 2737/3623/1502 2739/3625/1504
f 2720/3606/1492 2738/3624/1499 2739/3625/1504
f 2720/3606/1492 2739/3625/1504 2740/3626/1502
f 2741/3627/1499 2742/3628/1502 2743/3629/1499
f 2741/3627/1499 2743/3629/1499 2744/3630/1499
f 2741/3627/1499 2744/3630/1499 2745/3631/1499
f 2734/3620/1503 2741/3627/1499 2745/3631/1499
f 2734/3620/1503 2745/3631/1499 2746/3632/1499
f 2746/3632/1499 2736/3622/1499 2734/3620/1503
f 2746/3632/1499 2747/3633/1499 2736/3622/1499
f 2747/3633/1499 2721/3607/1493 2736/3622/1499
f 2721/3607/1493 2740/3626/1502 2736/3622/1499
f 2720/3606/1492 2740/3626/1502 2721/3607/1493
f 2745/3631/1499 2748/3634/1499 2749/3635/1500
f 2745/3631/1499 2749/3635/1500 2750/3636/1499
f 2745/3631/1499 2750/3636/1499 2751/3637/1502
f 2745/3631/1499 2751/3637/1502 2746/3632/1499
f 2744/3630/1499 2752/3638/1502 2745/3631/1499
f 2752/3638/1502 2753/3639/1499 2745/3631/1499
f 2752/3638/1502 2754/3640/1499 2753/3639/1499
f 2754/3640/1499 2755/3641/1499 2753/3639/1499
f 2754/3640/1499 2756/3642/1499 2755/3641/1499
f 2728/3614/1500 2755/3641/1499 2756/3642/1499
f 2728/3614/1500 2756/3642/1499 2730/3616/1501
f 2757/3643/1505 2754/3640/1499 2752/3638/1502
f 2757/3643/1505 2731/3617/1499 2754/3640/1499
f 2731/3617/1499 2757/3643/1505 2732/3618/1502
f 2758/3644/1506 2759/3645/1506 2760/3646/1506
f 2761/3647/1506 2758/3644/1506 2760/3646/1506
f 2761/3647/1506 2760/3646/1506 2762/3648/1507
f 2762/3648/1507 2763/3649/1508 2761/3647/1506
f 2762/3648/1507 2764/3650/1509 2763/3649/1508
f 2762/3648/1507 2765/3651/1510 2764/3650/1509
f 2765/3651/1510 2766/3652/1511 2764/3650/1509
f 2758/3644/1506 2764/3650/1509 2766/3652/1511
f 2758/3644/1506 2766/3652/1511 2767/3653/1506
f 2758/3644/1506 2767/3653/1506 2759/3645/1506
f 2759/3645/1506 2767/3653/1506 2768/3654/1512
f 2759/3645/1506 2768/3654/1512 2769/3655/1506
f 2765/3651/1510 2770/3656/1513 2771/3657/1514
f 2765/3651/1510 2771/3657/1514 2772/3658/1515
f 2765/3651/1510 2772/3658/1515 2766/3652/1511
f 2765/3651/1510 2773/3659/1516 2774/3660/1517
f 2765/3651/1510 2774/3660/1517 2775/3661/1518
f 2776/3662/1506 2775/3661/1518 2774/3660/1517
f 2776/3662/1506 2774/3660/1517 2777/3663/1506
f 2776/3662/1506 2777/3663/1506 2778/3664/1506
f 2765/3651/1510 2775/3661/1518 2779/3665/1519
f 2780/3666/1508 2781/3667/1506 2782/3668/1506
f 2783/3669/1520 2781/3667/1506 2780/3666/1508
f 2783/3669/1520 2780/3666/1508 2770/3656/1513
f 2765/3651/1510 2783/3669/1520 2770/3656/1513
f 2765/3651/1510 2784/3670/1521 2783/3669/1520
f 2765/3651/1510 2779/3665/1519 2784/3670/1521
f 2779/3665/1519 2782/3668/1506 2784/3670/1521
f 2779/3665/1519 2785/3671/1506 2782/3668/1506
f 2780/3666/1508 2782/3668/1506 2785/3671/1506
f 2780/3666/1508 2785/3671/1506 2776/3662/1506
f 2780/3666/1508 2776/3662/1506 2778/3664/1506
f 2780/3666/1508 2778/3664/1506 2786/3672/1506
f 2778/3664/1506 2787/3673/1506 2786/3672/1506
f 2786/3672/1506 2788/3674/1506 2769/3655/1506
f 2786/3672/1506 2789/3675/1506 2788/3674/1506
f 2786/3672/1506 2790/3676/1506 2789/3675/1506
f 2791/3677/1506 2772/3658/1515 2771/3657/1514
f 2791/3677/1506 2768/3654/1512 2772/3658/1515
f 2769/3655/1506 2768/3654/1512 2791/3677/1506
f 2769/3655/1506 2791/3677/1506 2792/3678/1506
f 2786/3672/1506 2769/3655/1506 2792/3678/1506
f 2786/3672/1506 2792/3678/1506 2793/3679/1506
f 2786/3672/1506 2793/3679/1506 2780/3666/1508
f 2792/3678/1506 2794/3680/1506 2795/3681/1512
f 2792/3678/1506 2795/3681/1512 2793/3679/1506
f 2754/3682/1499 2731/3683/1499 2772/3684/1515
f 2754/3682/1499 2772/3684/1515 2768/3685/1512
f 2756/3686/1499 2754/3682/1499 2768/3685/1512
f 2756/3686/1499 2768/3685/1512 2767/3687/1506
f 2730/3688/1501 2756/3689/1499 2767/3690/1506
f 2730/3688/1501 2767/3690/1506 2766/3691/1511
f 2731/3692/1499 2730/3693/1501 2766/3694/1511
f 2731/3692/1499 2766/3694/1511 2772/3695/1515
f 2725/3696/1497 2727/3697/1499 2761/3698/1506
f 2725/3696/1497 2761/3698/1506 2763/3699/1508
f 2727/3697/1499 2729/3700/1499 2758/3701/1506
f 2727/3697/1499 2758/3701/1506 2761/3698/1506
f 2729/3702/1499 2724/3703/1496 2764/3704/1509
f 2729/3702/1499 2764/3704/1509 2758/3705/1506
f 2724/3706/1496 2725/3707/1497 2763/3708/1508
f 2724/3706/1496 2763/3708/1508 2764/3709/1509
f 2739/3710/1504 2737/3711/1502 2785/3712/1506
f 2739/3710/1504 2785/3712/1506 2779/3713/1519
f 2740/3714/1502 2739/3715/1504 2779/3716/1519
f 2740/3714/1502 2779/3716/1519 2775/3717/1518
f 2736/3718/1499 2740/3714/1502 2775/3719/1518
f 2736/3718/1499 2775/3719/1518 2776/3720/1506
f 2737/3721/1502 2736/3718/1499 2776/3720/1506
f 2737/3721/1502 2776/3720/1506 2785/3722/1506
f 2720/3723/1492 2733/3724/1499 2781/3725/1506
f 2720/3723/1492 2781/3725/1506 2783/3726/1520
f 2738/3727/1499 2720/3728/1492 2783/3729/1520
f 2738/3727/1499 2783/3729/1520 2784/3730/1521
f 2735/3731/1499 2738/3727/1499 2784/3732/1521
f 2735/3731/1499 2784/3732/1521 2782/3733/1506
f 2733/3724/1499 2735/3734/1499 2782/3733/1506
f 2733/3724/1499 2782/3733/1506 2781/3725/1506
f 2757/3735/1505 2752/3736/1502 2791/3737/1506
f 2757/3735/1505 2791/3737/1506 2771/3738/1514
f 2732/3739/1502 2757/3735/1505 2771/3738/1514
f 2732/3739/1502 2771/3738/1514 2770/3740/1513
f 2734/3741/1503 2732/3739/1502 2770/3740/1513
f 2734/3741/1503 2770/3740/1513 2780/3742/1508
f 2741/3743/1499 2734/3744/1503 2780/3742/1508
f 2741/3743/1499 2780/3742/1508 2793/3745/1506
f 2742/3746/1502 2741/3743/1499 2793/3745/1506
f 2742/3746/1502 2793/3745/1506 2795/3747/1512
f 2743/3748/1499 2742/3746/1502 2795/3747/1512
f 2743/3748/1499 2795/3747/1512 2794/3749/1506
f 2723/3750/1495 2722/3608/1494 2773/3659/1516
f 2723/3750/1495 2773/3659/1516 2765/3651/1510
f 2722/3751/1494 2721/3752/1493 2774/3753/1517
f 2722/3751/1494 2774/3753/1517 2773/3754/1516
f 2721/3752/1493 2747/3633/1499 2777/3755/1506
f 2721/3752/1493 2777/3755/1506 2774/3753/1517
f 2747/3633/1499 2746/3756/1499 2778/3757/1506
f 2747/3633/1499 2778/3757/1506 2777/3755/1506
f 2746/3758/1499 2751/3759/1502 2787/3760/1506
f 2746/3758/1499 2787/3760/1506 2778/3761/1506
f 2751/3762/1502 2750/3763/1499 2786/3764/1506
f 2751/3762/1502 2786/3764/1506 2787/3765/1506
f 2750/3763/1499 2749/3766/1500 2790/3767/1506
f 2750/3763/1499 2790/3767/1506 2786/3764/1506
f 2749/3766/1500 2748/3634/1499 2789/3768/1506
f 2749/3766/1500 2789/3768/1506 2790/3767/1506
f 2748/3634/1499 2745/3769/1499 2788/3770/1506
f 2748/3634/1499 2788/3770/1506 2789/3768/1506
f 2745/3769/1499 2753/3771/1499 2769/3772/1506
f 2745/3769/1499 2769/3772/1506 2788/3770/1506
f 2753/3771/1499 2755/3773/1499 2759/3774/1506
f 2753/3771/1499 2759/3774/1506 2769/3772/1506
f 2755/3773/1499 2728/3775/1500 2760/3776/1506
f 2755/3773/1499 2760/3776/1506 2759/3774/1506
f 2728/3775/1500 2726/3777/1498 2762/3778/1507
f 2728/3775/1500 2762/3778/1507 2760/3776/1506
f 2726/3777/1498 2723/3779/1495 2765/3780/1510
f 2726/3777/1498 2765/3780/1510 2762/3781/1507
f 2744/3782/1499 2743/3748/1499 2794/3749/1506
f 2744/3782/1499 2794/3749/1506 2792/3783/1506
f 2752/3784/1502 2744/3782/1499 2792/3783/1506
f 2752/3784/1502 2792/3783/1506 2791/3785/1506
f 2525/3786/1418 1439/1724/805 1438/1723/804
f 2525/3786/1418 1438/1723/804 2526/3787/1419
f 1438/3788/804 1440/3789/806 1428/1713/795
f 1438/3788/804 1428/1713/795 1427/1712/794
f 2514/3790/1409 2520/3791/1413 1430/1715/797
f 2514/3790/1409 1430/1715/797 1429/3792/796
f 2520/3791/1413 2519/3793/1412 1431/3794/798
f 2520/3791/1413 1431/3794/798 1430/1715/797
f 2524/3273/1417 2526/3795/1419 1438/3788/804
f 2524/3273/1417 1438/3788/804 1427/1712/794
f 2522/3796/1415 2524/3273/1417 1427/1712/794
f 2522/3796/1415 1427/1712/794 1432/1717/799
f 2519/3797/1412 2522/3796/1415 1432/1717/799
f 2519/3797/1412 1432/1717/799 1431/3798/798
f 2796/3799/1522 2797/3800/1522 2798/3801/1522
f 2796/3799/1522 2798/3801/1522 2799/3802/1522
f 2800/3803/1523 2801/3804/1523 2798/3801/1522
f 2800/3803/1523 2798/3801/1522 2797/3800/1522
f 2802/3805/1524 2796/3799/1522 2799/3802/1522
f 2802/3805/1524 2799/3802/1522 2803/3806/1524
f 2650/3807/1270 2652/3808/1271 2804/3809/507
f 2650/3807/1270 2804/3809/507 2805/3810/1525
f 2650/3807/1270 2805/3810/1525 2658/3811/1275
f 2650/3807/1270 2658/3811/1275 2656/3812/1274
f 2650/3807/1270 2656/3812/1274 2654/3813/1273
f 1463/3814/819 1458/3815/814 1464/3816/820
f 1463/3814/819 1459/3817/815 1458/3815/814
f 1462/3818/818 1459/3817/815 1463/3814/819
f 1462/3818/818 1460/3819/816 1459/3817/815
f 1460/3819/816 1462/3818/818 1461/3820/817
f 2806/3821/820 2807/3822/1526 2808/3823/1526
f 2806/3821/820 2808/3823/1526 2809/3824/1526
f 2808/3825/1526 2810/3826/1527 1464/3827/820
f 2808/3825/1526 1464/3827/820 1458/3828/814
f 2811/3829/1528 2807/3830/1526 2806/3831/820
f 2811/3829/1528 2806/3831/820 2812/3832/1529
f 1451/3833/785 2813/3834/1527 2809/3835/1526
f 1451/3833/785 2809/3835/1526 1452/3836/525
f 2810/3837/1527 2813/3838/1527 1451/3839/785
f 2810/3837/1527 1451/3839/785 1464/3840/820
f 2807/3841/1526 2811/3842/1528 2810/3843/1527
f 2807/3841/1526 2810/3843/1527 2808/3844/1526
f 2812/3845/1529 2806/3846/820 2809/3847/1526
f 2812/3845/1529 2809/3847/1526 2813/3848/1527
f 2811/3849/1528 2812/3850/1529 2813/3851/1527
f 2811/3849/1528 2813/3851/1527 2810/3852/1527
f 2809/3853/1526 2808/3854/1526 1458/3855/814
f 2809/3853/1526 1458/3855/814 1452/3856/525
f 1490/3857/837 1489/3858/837 1478/3859/826
f 1490/3857/837 1478/3859/826 1477/3860/829
f 1488/3861/836 1492/3862/837 1475/3863/827
f 1488/3861/836 1475/3863/827 1474/3864/826
f 1489/3858/837 1488/3861/836 1474/3864/826
f 1489/3858/837 1474/3864/826 1478/3859/826
f 1491/3865/837 1490/3857/837 1477/3860/829
f 1491/3865/837 1477/3860/829 1476/3866/828
f 1505/3867/837 1504/3868/837 1500/3869/829
f 1505/3867/837 1500/3869/829 1499/3870/828
f 1504/3868/837 1503/3871/837 1501/3872/839
f 1504/3868/837 1501/3872/839 1500/3869/829
f 1502/3873/840 1506/3874/837 1498/3875/838
f 1502/3873/840 1498/3875/838 1497/3876/827
f 1503/3871/837 1502/3873/840 1497/3876/827
f 1503/3871/837 1497/3876/827 1501/3872/839
f 1522/3877/856 1521/3878/855 1508/1808/842
f 1522/3877/856 1508/1808/842 1507/1807/841
f 1556/3879/889 1522/3877/856 1507/1807/841
f 1556/3879/889 1507/1807/841 1549/1851/882
f 1580/3880/900 1556/3879/889 1549/1851/882
f 1580/3880/900 1549/1851/882 1573/1877/893
f 1521/3881/855 1580/3880/900 1573/1877/893
f 1521/3881/855 1573/1877/893 1508/1922/842
f 1639/3882/949 1638/3883/950 2814/3884/1530
f 1639/3882/949 2814/3884/1530 2815/3885/1531
f 1640/3886/950 1639/3882/949 2815/3885/1531
f 1640/3886/950 2815/3885/1531 2816/3887/1532
f 1641/3888/949 1640/3886/950 2816/3887/1532
f 1641/3888/949 2816/3887/1532 2817/3889/1533
f 2818/3890/1534 2819/3891/1535 2817/3892/1533
f 2818/3890/1534 2817/3892/1533 2816/3893/1532
f 2818/3890/1534 2816/3893/1532 2815/3894/1531
f 2818/3890/1534 2815/3894/1531 2814/3895/1530
f 1636/3896/948 1641/3897/949 2817/3898/1533
f 1636/3896/948 2817/3898/1533 2819/3899/1535
f 1637/3900/949 1636/3896/948 2819/3899/1535
f 1637/3900/949 2819/3899/1535 2818/3901/1534
f 1638/3883/950 1637/3900/949 2818/3901/1534
f 1638/3883/950 2818/3901/1534 2814/3884/1530
f 1654/3902/963 1653/3903/962 2820/3904/1536
f 1654/3902/963 2820/3904/1536 2821/3905/1537
f 1655/3906/964 1654/3902/963 2821/3905/1537
f 1655/3906/964 2821/3905/1537 2822/3907/1538
f 1656/3908/963 1655/3906/964 2822/3907/1538
f 1656/3908/963 2822/3907/1538 2823/3909/1539
f 2824/3910/1540 2825/3911/1541 2823/3912/1539
f 2824/3910/1540 2823/3912/1539 2822/3913/1538
f 2824/3910/1540 2822/3913/1538 2821/3914/1537
f 2824/3910/1540 2821/3914/1537 2820/3915/1536
f 1651/3916/960 1656/3917/963 2823/3918/1539
f 1651/3916/960 2823/3918/1539 2825/3919/1541
f 1652/3920/961 1651/3916/960 2825/3919/1541
f 1652/3920/961 2825/3919/1541 2824/3921/1540
f 1653/3903/962 1652/3920/961 2824/3921/1540
f 1653/3903/962 2824/3921/1540 2820/3904/1536
f 1684/2072/976 1683/3922/975 1711/2054/1002
f 1711/2054/1002 1683/3922/975 1705/3923/997
f 1936/2440/1094 2826/3924/1542 1937/2441/1095
f 1935/2439/1093 2826/3924/1542 1936/2440/1094
f 1935/2439/1093 2827/3925/1543 2826/3924/1542
f 1946/2450/1103 2827/3925/1543 1935/2439/1093
f 1946/2450/1103 2828/3926/1544 2827/3925/1543
f 2828/3926/1544 1946/2450/1103 1944/2448/1101
f 2828/3926/1544 1944/2448/1101 2829/3927/1545
f 2830/3928/1546 2829/3927/1545 1944/2448/1101
f 1942/2446/1099 2830/3928/1546 1944/2448/1101
f 1942/2446/1099 2831/3929/1547 2830/3928/1546
f 2831/3929/1547 1942/2446/1099 2832/3930/1548
f 1940/2444/1097 2832/3930/1548 1942/2446/1099
f 1940/2444/1097 2833/3931/1549 2832/3930/1548
f 2833/3931/1549 1940/2444/1097 1934/2438/1092
f 2833/3931/1549 1934/2438/1092 2834/3932/1550
f 2834/3932/1550 1934/2438/1092 1933/2437/1091
f 2834/3932/1550 1933/2437/1091 2835/3933/1551
f 2835/3933/1551 1933/2437/1091 1938/2442/1095
f 2804/3934/507 2652/3517/1271 2651/3516/1271
f 2804/3934/507 2651/3516/1271 2718/3935/1309
f 2804/3934/507 2718/3935/1309 2705/3936/525
f 2804/3934/507 2705/3936/525 2704/3937/83
f 2836/3938/1552 2837/3939/1553 1935/2439/1093
f 2836/3938/1552 1935/2439/1093 1934/2438/1092
f 2837/3939/1553 1945/2449/1102 1935/2439/1093
f 2838/3940/1554 1943/2447/1100 1945/2449/1102
f 2837/3939/1553 2838/3940/1554 1945/2449/1102
f 2839/3941/1555 2838/3940/1554 2837/3939/1553
f 2839/3941/1555 2837/3939/1553 2836/3938/1552
f 2836/3938/1552 2840/3942/1556 2839/3941/1555
f 2840/3942/1556 2836/3938/1552 1934/2438/1092
f 2840/3942/1556 1934/2438/1092 1939/2443/1096
f 2840/3942/1556 1939/2443/1096 1941/2445/1098
f 2838/3940/1554 1941/2445/1098 1943/2447/1100
f 2838/3940/1554 2840/3942/1556 1941/2445/1098
f 2840/3942/1556 2838/3940/1554 2839/3941/1555
f 2841/3943/1557 2842/3944/1558 2843/3945/1559
f 2843/3945/1559 2842/3944/1558 2844/3946/1560
f 2843/3945/1559 2844/3946/1560 1956/2460/1113
f 1956/2460/1113 2844/3946/1560 2845/3947/1561
f 1956/2460/1113 2845/3947/1561 1954/2458/1111
f 2846/3948/1562 1954/2458/1111 2845/3947/1561
f 2846/3948/1562 1952/2456/1109 1954/2458/1111
f 1952/2456/1109 2846/3948/1562 2847/3949/1563
f 1952/2456/1109 2847/3949/1563 2848/3950/1564
f 1952/2456/1109 2848/3950/1564 1950/2454/1107
f 2849/3951/1565 1950/2454/1107 2848/3950/1564
f 1950/2454/1107 2849/3951/1565 2850/3952/1566
f 1950/2454/1107 2850/3952/1566 1947/2451/1104
f 2851/3953/1567 1947/2451/1104 2850/3952/1566
f 2851/3953/1567 1948/2452/1105 1947/2451/1104
f 2852/3954/1568 1948/2452/1105 2851/3953/1567
f 2852/3954/1568 2853/3955/1569 1948/2452/1105
f 2854/3956/1570 2853/3955/1569 2852/3954/1568
f 2843/3945/1559 1956/2460/1113 1948/2452/1105
f 2843/3945/1559 1948/2452/1105 2853/3955/1569
f 2854/3956/1570 2843/3945/1559 2853/3955/1569
f 2854/3956/1570 2841/3943/1557 2843/3945/1559
f 1953/2457/1110 1951/2455/1108 2855/3957/1571
f 1953/2457/1110 2855/3957/1571 2856/3958/1572
f 2857/3959/1573 2856/3958/1572 2855/3957/1571
f 1955/2459/1112 1953/2457/1110 2856/3958/1572
f 1956/2460/1113 1955/2459/1112 2856/3958/1572
f 1956/2460/1113 2856/3958/1572 2858/3960/1574
f 2858/3960/1574 2856/3958/1572 2857/3959/1573
f 2859/3961/1575 2858/3960/1574 2857/3959/1573
f 2857/3959/1573 2855/3957/1571 2859/3961/1575
f 1949/2453/1106 2859/3961/1575 2855/3957/1571
f 1951/2455/1108 1949/2453/1106 2855/3957/1571
f 1949/2453/1106 1948/2452/1105 2859/3961/1575
f 1948/2452/1105 1956/2460/1113 2858/3960/1574
f 1948/2452/1105 2858/3960/1574 2859/3961/1575
f 920/3962/1576 919/3963/586 2860/3964/1577
f 920/3962/1576 2860/3964/1577 2861/3965/772
f 919/3963/586 944/3966/600 2862/3967/1578
f 919/3963/586 2862/3967/1578 2860/3964/1577
f 2863/3968/106 2864/3969/105 2865/3970/107
f 2863/3968/106 2865/3970/107 2866/3971/107
f 2867/3972/108 2866/3971/107 2865/3970/107
f 2867/3972/108 2865/3970/107 2868/3973/108
f 2867/3972/108 2868/3973/108 2869/3974/110
f 2867/3972/108 2869/3974/110 2870/3975/109
f 2871/3976/163 2872/3977/98 2873/3978/100
f 2871/3976/163 2873/3978/100 2874/3979/528
f 2875/3980/101 2874/3979/528 2873/3978/100
f 2875/3980/101 2873/3978/100 2876/3981/101
f 2875/3980/101 2876/3981/101 2877/3982/103
f 2875/3980/101 2877/3982/103 2878/3983/102
f 2879/3984/1133 2880/3985/1579 2881/3986/1135
f 2882/3987/1136 2879/3984/1133 2881/3986/1135
f 2882/3987/1136 2881/3986/1135 2883/3988/1137
f 2884/3989/1580 2882/3987/1136 2883/3988/1137
f 2885/3990/1581 2884/3989/1580 2883/3988/1137
f 2885/3990/1581 2883/3988/1137 2886/3991/1582
f 2887/3992/1583 2885/3990/1581 2886/3991/1582
f 2888/3993/1584 2887/3992/1583 2886/3991/1582
f 2888/3993/1584 2886/3991/1582 2889/3994/1585
f 2890/3995/1586 2888/3993/1584 2889/3994/1585
f 2891/3996/1145 2890/3995/1586 2889/3994/1585
f 2891/3996/1145 2889/3994/1585 2892/3997/1146
f 2893/3998/1147 2891/3996/1145 2892/3997/1146
f 2880/3985/1579 2893/3998/1147 2892/3997/1146
f 2880/3985/1579 2892/3997/1146 2881/3986/1135
f 2889/3994/1585 2881/3986/1135 2892/3997/1146
f 2889/3994/1585 2883/3988/1137 2881/3986/1135
f 2889/3994/1585 2886/3991/1582 2883/3988/1137
f 2086/3999/55 2079/4000/49 2078/2753/48
f 2086/3999/55 2078/2753/48 2087/2752/56
f 2080/2755/1180 2073/2754/53 2072/4001/52
f 2080/2755/1180 2072/4001/52 2081/4002/60
f 2227/4003/83 2260/4004/507 2259/4005/507
f 2227/4003/83 2259/4005/507 2221/4006/83
f 2258/4007/507 2222/4008/542 2221/4006/83
f 2258/4007/507 2221/4006/83 2259/4005/507
f 2260/4004/507 2227/4003/83 2226/2941/525
f 2260/4004/507 2226/2941/525 2261/2940/1309
f 2222/4008/542 2258/4007/507 2262/4009/507
f 2222/4008/542 2262/4009/507 2223/4010/83
f 2262/4009/507 2261/2940/1309 2208/2757/1271
f 2262/4009/507 2208/2757/1271 2216/2765/1276
f 2894/4011/1587 2895/4012/1588 2896/4013/1588
f 2894/4011/1587 2896/4013/1588 2897/4014/1587
f 2898/4015/1589 2894/4011/1587 2897/4014/1587
f 2898/4015/1589 2899/4016/1589 2894/4011/1587
f 2900/4017/1590 2899/4016/1589 2898/4015/1589
f 2900/4017/1590 2898/4015/1589 2901/4018/1590
f 2902/4019/1591 2900/4017/1590 2901/4018/1590
f 2902/4019/1591 2901/4018/1590 2903/4020/1591
f 2216/2765/1276 2215/2764/1275 2276/4021/1322
f 2216/2765/1276 2276/4021/1322 2224/4022/83
f 2224/4022/83 2262/4009/507 2216/2765/1276
f 2224/4022/83 2223/4010/83 2262/4009/507
f 2875/3980/101 2878/4023/102 2869/4024/110
f 2875/3980/101 2869/4024/110 2868/3973/108
f 2875/3980/101 2868/3973/108 2865/3970/107
f 2875/3980/101 2865/3970/107 2864/4025/105
f 2875/3980/101 2864/4025/105 2871/4026/163
f 2875/3980/101 2871/4026/163 2874/3979/528
f 568/636/394 2205/4027/164 569/4028/395
f 568/636/394 2904/4029/98 2205/4027/164
f 568/636/394 2905/4030/106 2904/4029/98
f 568/636/394 567/635/393 2905/4030/106
f 2905/4030/106 567/635/393 566/4031/392
f 2905/4030/106 566/4031/392 2206/4032/166
f 2906/4033/1445 2907/4034/1446 2908/4035/1447
f 2906/4033/1445 2909/4036/1444 2907/4034/1446
f 2906/4033/1445 2910/4037/1442 2909/4036/1444
f 2910/4037/1442 2911/4038/1443 2909/4036/1444
f 2910/4037/1442 2912/4039/1441 2911/4038/1443
f 2910/4037/1442 2913/4040/1439 2912/4039/1441
f 2913/4040/1439 2914/4041/1440 2912/4039/1441
f 2913/4040/1439 2915/4042/1438 2914/4041/1440
f 2913/4040/1439 2916/4043/1435 2915/4042/1438
f 2916/4043/1435 2917/4044/1437 2915/4042/1438
f 2916/4043/1435 2918/4045/1436 2917/4044/1437
f 2916/4043/1435 2919/4046/1448 2918/4045/1436
f 2919/4046/1448 2920/4047/1449 2918/4045/1436
f 2919/4046/1448 2908/4035/1447 2920/4047/1449
f 2919/4046/1448 2906/4033/1445 2908/4035/1447
f 2916/4043/1435 2906/4033/1445 2919/4046/1448
f 2916/4043/1435 2910/4037/1442 2906/4033/1445
f 2916/4043/1435 2913/4040/1439 2910/4037/1442
f 2458/4048/238 2467/4049/237 2921/4050/83
f 2458/4048/238 2921/4050/83 2922/4051/1433
f 2459/4052/238 2458/4048/238 2922/4051/1433
f 2459/4052/238 2922/4051/1433 2923/4053/1592
f 2460/4054/68 2459/4052/238 2923/4053/1592
f 2460/4054/68 2923/4053/1592 2924/4055/1431
f 2461/4056/79 2460/4054/68 2924/4055/1431
f 2461/4056/79 2924/4055/1431 2925/4057/1430
f 2462/4058/68 2461/4056/79 2925/4057/1430
f 2462/4058/68 2925/4057/1430 2926/4059/507
f 2463/4060/68 2462/4058/68 2926/4059/507
f 2463/4060/68 2926/4059/507 2927/4061/1429
f 2464/4062/238 2463/4060/68 2927/4061/1429
f 2464/4062/238 2927/4061/1429 2928/4063/1428
f 2465/4064/68 2464/4062/238 2928/4063/1428
f 2465/4064/68 2928/4063/1428 2929/4065/1427
f 2466/4066/240 2465/4064/68 2929/4065/1427
f 2466/4066/240 2929/4065/1427 2930/4067/1426
f 2467/4068/237 2466/4066/240 2930/4067/1426
f 2467/4068/237 2930/4067/1426 2921/4069/83
f 2931/4070/507 2932/4071/507 2933/4072/1593
f 2931/4070/507 2933/4072/1593 2934/4073/507
f 2935/4074/83 2936/4075/83 2937/4076/83
f 2935/4074/83 2937/4076/83 2938/4077/83
f 2935/4078/83 2938/4079/83 2939/4080/1594
f 2935/4078/83 2939/4080/1594 2940/4081/185
f 2936/4082/83 2941/4083/113 2942/4084/113
f 2936/4082/83 2942/4084/113 2937/4085/83
f 2940/4086/185 2939/4087/1594 2942/4088/113
f 2940/4086/185 2942/4088/113 2941/4089/113
f 2943/4090/185 2931/4091/507 2934/4092/507
f 2943/4090/185 2934/4092/507 2944/4093/185
f 2935/4078/83 2940/4081/185 2945/4094/68
f 2935/4078/83 2945/4094/68 2932/4095/507
f 2940/4086/185 2941/4089/113 2943/4096/185
f 2940/4086/185 2943/4096/185 2945/4097/68
f 2941/4083/113 2936/4082/83 2931/4091/507
f 2941/4083/113 2931/4091/507 2943/4090/185
f 2936/4075/83 2935/4074/83 2932/4071/507
f 2936/4075/83 2932/4071/507 2931/4070/507
f 2932/4095/507 2945/4094/68 2946/4098/1595
f 2932/4095/507 2946/4098/1595 2933/4099/1593
f 2945/4097/68 2943/4096/185 2944/4100/185
f 2945/4097/68 2944/4100/185 2946/4101/1595
f 2479/4102/1382 2483/4103/1386 2468/3163/79
f 2479/4102/1382 2468/3163/79 2475/3170/1378
f 2472/3167/237 2471/3166/79 2480/4104/1383
f 2472/3167/237 2480/4104/1383 2477/4105/1380
f 2509/4106/1405 2512/4107/1407 2503/3239/811
f 2509/4106/1405 2503/3239/811 2502/3238/83
f 513/581/348 2947/4108/1596 512/580/347
f 513/581/348 2948/4109/1597 2947/4108/1596
f 2948/4109/1597 2949/4110/1598 2947/4108/1596
f 2948/4109/1597 2950/4111/1599 2949/4110/1598
f 2950/4111/1599 528/596/363 2949/4110/1598
f 2950/4111/1599 526/594/361 528/596/363
f 2951/4112/1600 526/594/361 2950/4111/1599
f 2951/4112/1600 530/598/365 526/594/361
f 530/598/365 2951/4112/1600 2952/4113/1601
f 530/598/365 2952/4113/1601 532/600/367
f 532/600/367 2952/4113/1601 2953/4114/1602
f 532/600/367 2953/4114/1602 534/602/369
f 534/602/369 2953/4114/1602 2954/4115/1603
f 534/602/369 2954/4115/1603 536/604/371
f 536/604/371 2954/4115/1603 2955/4116/1604
f 536/604/371 2955/4116/1604 538/606/373
f 2956/4117/1605 519/587/354 520/588/355
f 518/586/353 519/587/354 2956/4117/1605
f 518/586/353 2956/4117/1605 2957/4118/1606
f 2958/4119/1607 518/586/353 2957/4118/1606
f 2958/4119/1607 517/585/352 518/586/353
f 2959/4120/1608 517/585/352 2958/4119/1607
f 2959/4120/1608 516/584/351 517/585/352
f 2960/4121/1609 516/584/351 2959/4120/1608
f 2960/4121/1609 515/583/350 516/584/351
f 2961/4122/1610 515/583/350 2960/4121/1609
f 2961/4122/1610 514/582/349 515/583/350
f 514/582/349 2948/4109/1597 513/581/348
f 514/582/349 2961/4122/1610 2948/4109/1597
f 2961/4122/1610 2950/4111/1599 2948/4109/1597
f 2961/4122/1610 2951/4112/1600 2950/4111/1599
f 2951/4112/1600 2961/4122/1610 2960/4121/1609
f 2951/4112/1600 2960/4121/1609 2952/4113/1601
f 2952/4113/1601 2960/4121/1609 2959/4120/1608
f 2952/4113/1601 2959/4120/1608 2953/4114/1602
f 2953/4114/1602 2959/4120/1608 2958/4119/1607
f 2953/4114/1602 2958/4119/1607 2954/4115/1603
f 2954/4115/1603 2958/4119/1607 2957/4118/1606
f 2954/4115/1603 2957/4118/1606 2955/4116/1604
f 2957/4118/1606 2962/4123/1611 2955/4116/1604
f 2957/4118/1606 2956/4117/1605 2962/4123/1611
f 2962/4123/1611 2956/4117/1605 2963/4124/1612
f 2956/4117/1605 520/588/355 2963/4124/1612
f 2963/4124/1612 520/588/355 521/589/356
f 2955/4116/1604 541/609/376 538/606/373
f 2955/4116/1604 2962/4123/1611 541/609/376
f 541/609/376 2962/4123/1611 2964/4125/1613
f 2962/4123/1611 2963/4124/1612 2964/4125/1613
f 2964/4125/1613 2963/4124/1612 2965/4126/1614
f 2963/4124/1612 521/589/356 2965/4126/1614
f 2965/4126/1614 521/589/356 522/590/357
f 2965/4126/1614 522/590/357 2966/4127/1615
f 2966/4127/1615 522/590/357 523/591/358
f 2966/4127/1615 523/591/358 2967/4128/1616
f 524/592/359 2967/4128/1616 523/591/358
f 524/592/359 2968/4129/1617 2967/4128/1616
f 525/593/360 2968/4129/1617 524/592/359
f 525/593/360 2969/4130/1618 2968/4129/1617
f 2969/4130/1618 2970/4131/1619 2968/4129/1617
f 2969/4130/1618 2971/4132/1620 2970/4131/1619
f 2971/4132/1620 550/618/385 2970/4131/1619
f 2971/4132/1620 552/620/387 550/618/385
f 541/609/376 2964/4125/1613 542/610/377
f 2970/4131/1619 550/618/385 548/616/383
f 2970/4131/1619 548/616/383 2972/4133/1621
f 2968/4129/1617 2970/4131/1619 2972/4133/1621
f 2968/4129/1617 2972/4133/1621 2967/4128/1616
f 2973/4134/1622 2967/4128/1616 2972/4133/1621
f 2973/4134/1622 2966/4127/1615 2967/4128/1616
f 2974/4135/1623 2966/4127/1615 2973/4134/1622
f 2974/4135/1623 2965/4126/1614 2966/4127/1615
f 2964/4125/1613 2965/4126/1614 2974/4135/1623
f 542/610/377 2964/4125/1613 2974/4135/1623
f 542/610/377 2974/4135/1623 544/612/379
f 544/612/379 2974/4135/1623 2973/4134/1622
f 544/612/379 2973/4134/1622 546/614/381
f 546/614/381 2973/4134/1622 2972/4133/1621
f 546/614/381 2972/4133/1621 548/616/383
f 2507/3245/185 2511/3250/113 2510/3249/1406
f 2507/3245/185 2510/3249/1406 2508/3246/1404
f 2509/4106/1405 2508/3246/1404 2510/3249/1406
f 2509/4106/1405 2510/3249/1406 2512/4107/1407
f 2975/4136/75 2976/4137/211 2977/4138/527
f 2975/4136/75 2977/4138/527 2978/4139/169
f 2979/4140/83 2980/4141/1624 2976/4137/211
f 2979/4140/83 2976/4137/211 2975/4136/75
f 2979/4142/83 2975/4136/75 2978/4139/169
f 2979/4142/83 2978/4139/169 2981/4143/1625
f 2982/4144/1626 2977/4138/527 2976/4137/211
f 2982/4144/1626 2976/4137/211 2980/4145/1624
f 2981/4146/1625 2978/4139/169 2977/4138/527
f 2981/4146/1625 2977/4138/527 2982/4147/1626
f 2516/4148/75 2518/4149/1411 2570/4150/68
f 2516/4148/75 2570/4150/68 2572/4151/68
f 2517/4152/75 2516/4148/75 2572/4151/68
f 2517/4152/75 2572/4151/68 2571/4153/1434
f 2983/4154/1421 2984/4155/113 2600/4156/507
f 2983/4154/1421 2600/4156/507 2599/4157/507
f 2985/4158/75 2983/4154/1421 2599/4157/507
f 2985/4158/75 2599/4157/507 2598/4159/1455
f 2986/4160/1424 2985/4158/75 2598/4159/1455
f 2986/4160/1424 2598/4159/1455 2597/4161/507
f 2987/4162/185 2986/4160/1424 2597/4161/507
f 2987/4162/185 2597/4161/507 2596/4163/507
f 2988/4164/1423 2987/4162/185 2596/4163/507
f 2988/4164/1423 2596/4163/507 2603/4165/1456
f 2989/4166/68 2988/4164/1423 2603/4165/1456
f 2989/4166/68 2603/4165/1456 2602/4167/507
f 2990/4168/1407 2989/4166/68 2602/4167/507
f 2990/4168/1407 2602/4167/507 2601/4169/1060
f 2984/4170/113 2990/4168/1407 2601/4169/1060
f 2984/4170/113 2601/4169/1060 2600/4171/507
f 2991/4172/1627 2992/4173/1628 2993/4174/1629
f 2991/4172/1627 2993/4174/1629 2994/4175/1630
f 2994/4175/1630 2993/4174/1629 2995/4176/1631
f 2994/4175/1630 2995/4176/1631 2996/4177/1632
f 2996/4177/1632 2995/4176/1631 2610/4178/1461
f 2996/4177/1632 2610/4178/1461 2608/4179/1459
f 2997/4180/1633 2996/4177/1632 2608/4179/1459
f 2997/4180/1633 2608/4179/1459 2606/4181/1457
f 2998/4182/1634 2997/4180/1633 2606/4181/1457
f 2998/4182/1634 2606/4181/1457 2605/4183/1458
f 2999/4184/1635 2998/4182/1634 2605/4183/1458
f 2999/4184/1635 2605/4183/1458 2618/4185/1465
f 3000/4186/1636 2999/4184/1635 2618/4185/1465
f 3000/4186/1636 2618/4185/1465 2616/4187/1457
f 3001/4188/1637 3000/4186/1636 2616/4187/1457
f 3001/4188/1637 2616/4187/1457 2614/4189/1463
f 3002/4190/1638 3001/4188/1637 2614/4189/1463
f 3002/4190/1638 2614/4189/1463 2612/4191/1462
f 2995/4192/1631 3002/4190/1638 2612/4191/1462
f 2995/4192/1631 2612/4191/1462 2610/4193/1461
f 3003/4194/1639 2991/4172/1627 2994/4175/1630
f 3003/4194/1639 2994/4175/1630 3004/4195/1640
f 3004/4195/1640 2994/4175/1630 2996/4177/1632
f 3004/4195/1640 2996/4177/1632 2997/4180/1633
f 3005/4196/1641 3004/4195/1640 2997/4180/1633
f 3005/4196/1641 2997/4180/1633 2998/4182/1634
f 3006/4197/1642 3005/4196/1641 2998/4182/1634
f 3006/4197/1642 2998/4182/1634 2999/4184/1635
f 3007/4198/1643 3006/4197/1642 2999/4184/1635
f 3007/4198/1643 2999/4184/1635 3000/4186/1636
f 3008/4199/1644 3007/4198/1643 3000/4186/1636
f 3008/4199/1644 3000/4186/1636 3001/4188/1637
f 3009/4200/1645 3008/4199/1644 3001/4188/1637
f 3009/4200/1645 3001/4188/1637 3002/4190/1638
f 2993/4201/1629 3009/4200/1645 3002/4190/1638
f 2993/4201/1629 3002/4190/1638 2995/4192/1631
f 3010/4202/1646 3003/4194/1639 3004/4195/1640
f 3010/4202/1646 3004/4195/1640 3005/4196/1641
f 3011/4203/1647 3010/4202/1646 3005/4196/1641
f 3011/4203/1647 3005/4196/1641 3006/4197/1642
f 3012/4204/1648 3011/4203/1647 3006/4197/1642
f 3012/4204/1648 3006/4197/1642 3007/4198/1643
f 3013/4205/1649 3012/4204/1648 3007/4198/1643
f 3013/4205/1649 3007/4198/1643 3008/4199/1644
f 3014/4206/1650 3013/4205/1649 3008/4199/1644
f 3014/4206/1650 3008/4199/1644 3009/4200/1645
f 2992/4207/1628 3014/4206/1650 3009/4200/1645
f 2992/4207/1628 3009/4200/1645 2993/4201/1629
f 3015/4208/1651 3016/4209/1652 3017/4210/1653
f 3015/4208/1651 3017/4210/1653 3018/4211/1654
f 3019/4212/1655 3015/4208/1651 3018/4211/1654
f 3019/4212/1655 3018/4211/1654 3020/4213/1656
f 3021/4214/1657 3019/4212/1655 3020/4213/1656
f 3021/4214/1657 3020/4213/1656 3022/4215/1658
f 3023/4216/1659 3021/4214/1657 3022/4215/1658
f 3023/4216/1659 3022/4215/1658 3024/4217/1660
f 3025/4218/1661 3023/4216/1659 3024/4217/1660
f 3025/4218/1661 3024/4217/1660 3026/4219/1662
f 3027/4220/1663 3025/4218/1661 3026/4219/1662
f 3027/4220/1663 3026/4219/1662 3028/4221/1664
f 3029/4222/1665 3027/4220/1663 3028/4221/1664
f 3018/4211/1654 3017/4210/1653 3030/4223/1666
f 3018/4211/1654 3030/4223/1666 3031/4224/1667
f 3020/4213/1656 3018/4211/1654 3031/4224/1667
f 3020/4213/1656 3031/4224/1667 3032/4225/1668
f 3022/4215/1658 3020/4213/1656 3032/4225/1668
f 3022/4215/1658 3032/4225/1668 3033/4226/1669
f 3024/4217/1660 3022/4215/1658 3033/4226/1669
f 3024/4217/1660 3033/4226/1669 3034/4227/1670
f 3026/4219/1662 3024/4217/1660 3034/4227/1670
f 3026/4219/1662 3034/4227/1670 3035/4228/1671
f 3028/4221/1664 3026/4219/1662 3035/4228/1671
f 3028/4221/1664 3035/4228/1671 3036/4229/1672
f 3037/4230/1673 3028/4221/1664 3036/4229/1672
f 3030/4231/1666 2607/4232/1459 2609/4233/1460
f 3038/4234/1674 2604/4235/1457 2607/4232/1459
f 3030/4231/1666 3038/4234/1674 2607/4232/1459
f 3017/4236/1653 3038/4234/1674 3030/4231/1666
f 3029/4222/1665 3028/4221/1664 3037/4230/1673
f 3016/4237/1652 3029/4222/1665 3037/4230/1673
f 3016/4237/1652 3037/4230/1673 3017/4236/1653
f 3017/4236/1653 3037/4230/1673 3038/4234/1674
f 3037/4230/1673 3036/4229/1672 3038/4234/1674
f 3038/4234/1674 3036/4229/1672 2604/4235/1457
f 3036/4229/1672 2619/4238/1457 2604/4235/1457
f 3036/4229/1672 3035/4228/1671 2619/4238/1457
f 3035/4228/1671 2617/4239/1465 2619/4238/1457
f 3035/4228/1671 3034/4227/1670 2617/4239/1465
f 3034/4227/1670 2615/4240/1464 2617/4239/1465
f 3034/4227/1670 3033/4226/1669 2615/4240/1464
f 3033/4226/1669 2613/4241/1463 2615/4240/1464
f 3033/4226/1669 3032/4225/1668 2613/4241/1463
f 3032/4225/1668 2611/4242/1458 2613/4241/1463
f 3032/4225/1668 3031/4224/1667 2611/4242/1458
f 3031/4224/1667 2609/4243/1460 2611/4242/1458
f 3031/4224/1667 3030/4223/1666 2609/4243/1460
f 3039/4244/1424 3040/4245/1675 2649/4246/83
f 3039/4244/1424 2649/4246/83 2648/4247/83
f 3040/4245/1675 3041/4248/1423 2647/4249/83
f 3040/4245/1675 2647/4249/83 2649/4246/83
f 2706/4250/83 2717/4251/507 2716/4252/507
f 2706/4250/83 2716/4252/507 2700/4253/83
f 2715/4254/507 2701/4255/542 2700/4253/83
f 2715/4254/507 2700/4253/83 2716/4252/507
f 2717/4251/507 2706/4250/83 2705/3936/525
f 2717/4251/507 2705/3936/525 2718/3935/1309
f 2701/4255/542 2715/4254/507 2719/4256/507
f 2701/4255/542 2719/4256/507 2702/4257/111
f 2719/4256/507 2718/3935/1309 2651/3516/1271
f 2719/4256/507 2651/3516/1271 2659/3524/1478
f 3042/4258/1587 3043/4259/1588 3044/4260/1588
f 3042/4258/1587 3044/4260/1588 3045/4261/1587
f 3046/4262/1589 3042/4258/1587 3045/4261/1587
f 3046/4262/1589 3047/4263/1589 3042/4258/1587
f 3048/4264/1590 3047/4263/1589 3046/4262/1589
f 3048/4264/1590 3046/4262/1589 3049/4265/1590
f 3050/4266/1591 3048/4264/1590 3049/4265/1590
f 3050/4266/1591 3049/4265/1590 3051/4267/1591
f 2659/3524/1478 2658/3523/1275 2805/4268/1525
f 2659/3524/1478 2805/4268/1525 2703/4269/83
f 2703/4269/83 2719/4256/507 2659/3524/1478
f 2703/4269/83 2702/4257/111 2719/4256/507
f 2877/4270/103 2870/4271/109 2869/4024/110
f 2877/4270/103 2869/4024/110 2878/4023/102
f 2871/4026/163 2864/4025/105 2863/4272/106
f 2871/4026/163 2863/4272/106 2872/4273/98
f 3052/4274/1676 3053/4275/1677 3054/4276/1678
f 3052/4274/1676 3054/4276/1678 3055/4277/1679
f 3056/4278/1680 3052/4274/1676 3055/4277/1679
f 3056/4278/1680 3057/4279/1681 3052/4274/1676
f 3058/4280/1682 3057/4279/1681 3056/4278/1680
f 3058/4280/1682 3056/4278/1680 3059/4281/1683
f 3060/4282/1684 3058/4280/1682 3059/4281/1683
f 3060/4282/1684 3061/4283/1685 3058/4280/1682
f 3062/4284/1686 3061/4283/1685 3060/4282/1684
f 3062/4284/1686 3060/4282/1684 3063/4285/1687
f 3064/4286/1688 3062/4284/1686 3063/4285/1687
f 3064/4286/1688 3065/4287/1689 3062/4284/1686
f 3066/4288/1690 3065/4287/1689 3064/4286/1688
f 3066/4288/1690 3064/4286/1688 3067/4289/1691
f 3068/4290/1692 3066/4288/1690 3067/4289/1691
f 3068/4290/1692 3069/4291/1693 3066/4288/1690
f 3070/4292/1694 3069/4291/1693 3068/4290/1692
f 3070/4292/1694 3068/4290/1692 3071/4293/1695
f 3072/4294/1696 3073/4295/1697 3074/4296/1698
f 3072/4294/1696 3074/4296/1698 3075/4297/1699
f 3072/4294/1696 3075/4297/1699 3076/4298/1700
f 3072/4294/1696 3076/4298/1700 3077/4299/1701
f 3078/4300/1702 3077/4299/1701 3076/4298/1700
f 3078/4300/1702 3076/4298/1700 3079/4301/1703
f 3078/4300/1702 3079/4301/1703 3054/4276/1678
f 3078/4300/1702 3054/4276/1678 3053/4275/1677
f 3080/4302/873 3081/4303/874 3082/4304/872
f 3080/4302/873 3082/4304/872 3083/4305/1704
f 3084/4306/869 3083/4305/1704 3082/4304/872
f 3084/4306/869 3085/4307/870 3083/4305/1704
f 3084/4306/869 3086/4308/867 3085/4307/870
f 3084/4306/869 3087/4309/868 3086/4308/867
f 3086/4308/867 3087/4309/868 3088/4310/865
f 3086/4308/867 3088/4310/865 3089/4311/1705
f 3088/4310/865 3090/4312/863 3089/4311/1705
f 3088/4310/865 3091/4313/864 3090/4312/863
f 3090/4312/863 3091/4313/864 3092/4314/862
f 3090/4312/863 3092/4314/862 3093/4315/861
f 3093/4315/861 3092/4314/862 3094/4316/860
f 3093/4315/861 3094/4316/860 3095/4317/859
f 3095/4317/859 3094/4316/860 3096/4318/858
f 3095/4317/859 3096/4318/858 3097/4319/857
f 3097/4319/857 3096/4318/858 3098/4320/75
f 3097/4319/857 3098/4320/75 3099/4321/211
f 3100/4322/68 3101/4323/881 3102/4324/880
f 3100/4322/68 3102/4324/880 3103/4325/879
f 3104/4326/877 3103/4325/879 3102/4324/880
f 3104/4326/877 3105/4327/878 3103/4325/879
f 3104/4326/877 3106/4328/1706 3105/4327/878
f 3104/4326/877 3107/4329/876 3106/4328/1706
f 3106/4328/1706 3107/4329/876 3081/4303/874
f 3106/4328/1706 3081/4303/874 3080/4302/873
f 3108/4330/890 3109/4331/1707 3110/4332/185
f 3108/4330/890 3111/4333/185 3109/4331/1707
f 3108/4330/890 3112/4334/185 3111/4333/185
f 3111/4333/185 3112/4334/185 3113/4335/892
f 3111/4333/185 3113/4335/892 3114/4336/892
f 3114/4336/892 3113/4335/892 3115/4337/185
f 3114/4336/892 3115/4337/185 3116/4338/1707
f 3114/4336/892 3116/4338/1707 3117/4339/606
f 3117/4339/606 3116/4338/1707 3118/4340/185
f 3117/4339/606 3118/4340/185 3119/4341/892
f 3118/4340/185 3120/4342/606 3119/4341/892
f 3119/4341/892 3120/4342/606 3121/4343/1708
f 3119/4341/892 3121/4343/1708 3122/4344/185
f 3121/4343/1708 3123/4345/185 3122/4344/185
f 3123/4345/185 3124/4346/606 3122/4344/185
f 3123/4345/185 3125/4347/185 3124/4346/606
f 3124/4348/606 3125/4349/185 3126/4350/1709
f 3124/4348/606 3126/4350/1709 3070/4351/1694
f 3124/4348/606 3070/4351/1694 3071/4352/1695
f 3124/4348/606 3071/4352/1695 3099/4353/211
f 3124/4348/606 3099/4353/211 3098/4354/75
f 3124/4348/606 3098/4354/75 3127/4355/275
f 3124/4348/606 3127/4355/275 3128/4356/275
f 3075/4297/1699 3074/4296/1698 3100/4322/68
f 3075/4297/1699 3100/4322/68 3103/4325/879
f 3105/4327/878 3075/4297/1699 3103/4325/879
f 3105/4327/878 3076/4298/1700 3075/4297/1699
f 3079/4301/1703 3076/4298/1700 3105/4327/878
f 3079/4301/1703 3105/4327/878 3106/4328/1706
f 3080/4302/873 3079/4301/1703 3106/4328/1706
f 3080/4302/873 3054/4276/1678 3079/4301/1703
f 3055/4277/1679 3054/4276/1678 3080/4302/873
f 3055/4277/1679 3080/4302/873 3083/4305/1704
f 3085/4307/870 3055/4277/1679 3083/4305/1704
f 3085/4307/870 3056/4278/1680 3055/4277/1679
f 3085/4307/870 3059/4281/1683 3056/4278/1680
f 3085/4307/870 3086/4308/867 3059/4281/1683
f 3059/4281/1683 3086/4308/867 3089/4311/1705
f 3059/4281/1683 3089/4311/1705 3060/4282/1684
f 3089/4311/1705 3063/4285/1687 3060/4282/1684
f 3089/4311/1705 3090/4312/863 3063/4285/1687
f 3063/4285/1687 3090/4312/863 3093/4315/861
f 3063/4285/1687 3093/4315/861 3064/4286/1688
f 3093/4315/861 3067/4289/1691 3064/4286/1688
f 3093/4315/861 3095/4317/859 3067/4289/1691
f 3067/4289/1691 3095/4317/859 3097/4319/857
f 3067/4289/1691 3097/4319/857 3068/4290/1692
f 3071/4293/1695 3068/4290/1692 3097/4319/857
f 3071/4293/1695 3097/4319/857 3099/4321/211
f 3129/4357/209 3130/4358/209 3101/4359/881
f 3129/4357/209 3101/4359/881 3100/4360/68
f 3129/4357/209 3100/4360/68 3074/4361/1698
f 3129/4357/209 3074/4361/1698 3073/4362/1697
f 3073/4362/1697 3109/4363/1707 3129/4357/209
f 3073/4362/1697 3110/4364/185 3109/4363/1707
f 3073/4362/1697 3131/4365/1710 3110/4364/185
f 3121/4366/1708 3132/4367/241 3133/4368/241
f 3121/4366/1708 3134/4369/242 3132/4367/241
f 3120/4370/606 3134/4369/242 3121/4366/1708
f 3120/4370/606 3135/4371/244 3134/4369/242
f 3118/4372/185 3135/4371/244 3120/4370/606
f 3118/4372/185 3136/4373/245 3135/4371/244
f 3116/4374/1707 3136/4373/245 3118/4372/185
f 3116/4374/1707 3137/4375/83 3136/4373/245
f 3115/4376/185 3137/4375/83 3116/4374/1707
f 3115/4376/185 3138/4377/247 3137/4375/83
f 3113/4378/892 3138/4377/247 3115/4376/185
f 3113/4378/892 3139/4379/249 3138/4377/247
f 3112/4380/185 3139/4379/249 3113/4378/892
f 3112/4380/185 3140/4381/251 3139/4379/249
f 3108/4382/890 3140/4381/251 3112/4380/185
f 3108/4382/890 3141/4383/253 3140/4381/251
f 3110/4384/185 3141/4383/253 3108/4382/890
f 3110/4384/185 3131/4385/1710 3141/4383/253
f 3121/4366/1708 3133/4368/241 3123/4386/185
f 3133/4368/241 3125/4387/185 3123/4386/185
f 3133/4368/241 3126/4388/1709 3125/4387/185
f 3133/4368/241 3132/4367/241 3126/4388/1709
f 3109/4389/1707 3142/4390/1032 3129/4391/209
f 3109/4389/1707 3111/4392/185 3142/4390/1032
f 3142/4390/1032 3111/4392/185 3114/4393/892
f 3142/4390/1032 3114/4393/892 3143/4394/1034
f 3143/4394/1034 3114/4393/892 3117/4395/606
f 3143/4394/1034 3117/4395/606 3144/4396/83
f 3144/4396/83 3117/4395/606 3119/4397/892
f 3144/4396/83 3119/4397/892 3145/4398/1035
f 3145/4398/1035 3119/4397/892 3122/4399/185
f 3145/4398/1035 3122/4399/185 3146/4400/1036
f 3128/4401/275 3146/4400/1036 3122/4399/185
f 3128/4401/275 3122/4399/185 3124/4402/606
f 3053/4275/1677 3052/4274/1676 3057/4279/1681
f 3053/4275/1677 3057/4279/1681 3058/4280/1682
f 3141/4403/253 3131/4404/1710 3073/4295/1697
f 3141/4403/253 3073/4295/1697 3072/4294/1696
f 3141/4403/253 3072/4294/1696 3077/4299/1701
f 3141/4403/253 3077/4299/1701 3078/4300/1702
f 3141/4403/253 3078/4300/1702 3053/4275/1677
f 3140/4405/251 3141/4403/253 3053/4275/1677
f 3139/4406/249 3140/4405/251 3053/4275/1677
f 3138/4407/247 3139/4406/249 3053/4275/1677
f 3138/4407/247 3053/4275/1677 3058/4280/1682
f 3058/4280/1682 3137/4408/83 3138/4407/247
f 3058/4280/1682 3136/4409/245 3137/4408/83
f 3058/4280/1682 3135/4410/244 3136/4409/245
f 3058/4280/1682 3066/4288/1690 3135/4410/244
f 3066/4288/1690 3134/4411/242 3135/4410/244
f 3066/4288/1690 3132/4412/241 3134/4411/242
f 3066/4288/1690 3070/4292/1694 3132/4412/241
f 3070/4292/1694 3126/4413/1709 3132/4412/241
f 3058/4280/1682 3061/4283/1685 3062/4284/1686
f 3058/4280/1682 3062/4284/1686 3065/4287/1689
f 3058/4280/1682 3065/4287/1689 3066/4288/1690
f 3066/4288/1690 3069/4291/1693 3070/4292/1694
f 3147/4414/1711 356/4415/208 355/2923/207
f 3147/4414/1711 355/2923/207 2299/2920/185
f 3147/4414/1711 2299/2920/185 2301/2925/185
f 3147/4414/1711 2301/2925/185 3148/4416/1712
f 3149/4417/1713 3148/4416/1712 2301/2925/185
f 3149/4417/1713 2301/2925/185 2300/2924/185
f 3149/4417/1713 2300/2924/185 2292/2904/185
f 3149/4417/1713 2292/2904/185 3150/4418/1714
f 3151/4419/1715 3150/4418/1714 2292/2904/185
f 3151/4419/1715 2292/2904/185 2291/2903/185
f 2290/2902/185 3151/4419/1715 2291/2903/185
f 2290/2902/185 3152/4420/1716 3151/4419/1715
f 3153/4421/1717 3152/4420/1716 2290/2902/185
f 3153/4421/1717 2290/2902/185 2289/2901/185
f 2295/2907/185 3153/4421/1717 2289/2901/185
f 2295/2907/185 3154/4422/1718 3153/4421/1717
f 3155/4423/1719 3154/4422/1718 2295/2907/185
f 3155/4423/1719 2295/2907/185 2294/2906/185
f 2293/2905/185 3155/4423/1719 2294/2906/185
f 2293/2905/185 3156/4424/1720 3155/4423/1719
f 3157/4425/1721 3156/4424/1720 2293/2905/185
f 3157/4425/1721 2293/2905/185 2298/2912/185
f 2297/2911/185 3157/4425/1721 2298/2912/185
f 2297/2911/185 3158/4426/1722 3157/4425/1721
f 2303/4427/1325 3158/4426/1722 2297/2911/185
f 2303/4427/1325 2297/2911/185 2296/2910/892
f 3159/4428/241 3160/4429/68 3161/4430/68
f 3161/4430/68 3162/4431/241 3159/4428/241
f 3161/4430/68 3163/4432/1723 3162/4431/241
f 3162/4431/241 3163/4432/1723 3164/4433/243
f 3162/4431/241 3164/4433/243 3165/4434/242
f 3165/4434/242 3164/4433/243 3166/4435/244
f 3165/4434/242 3166/4435/244 3167/4436/244
f 3167/4436/244 3166/4435/244 3168/4437/1724
f 3167/4436/244 3168/4437/1724 3169/4438/245
f 3169/4438/245 3168/4437/1724 3170/4439/111
f 3169/4438/245 3170/4439/111 3171/4440/83
f 3171/4440/83 3170/4439/111 3172/4441/246
f 3171/4440/83 3172/4441/246 3173/4442/247
f 3173/4442/247 3172/4441/246 3174/4443/248
f 3173/4442/247 3174/4443/248 3175/4444/249
f 3175/4444/249 3174/4443/248 3176/4445/250
f 3175/4444/249 3176/4445/250 3177/4446/251
f 3177/4446/251 3176/4445/250 3178/4447/252
f 3177/4446/251 3178/4447/252 3179/4448/252
f 3179/4448/252 3178/4447/252 1583/4449/206
f 3179/4448/252 1583/4449/206 1582/4450/205
f 3162/4431/241 3165/4434/242 3159/4428/241
f 386/450/236 357/452/209 356/4415/208
f 386/450/236 356/4415/208 3147/4414/1711
f 3148/4416/1712 386/450/236 3147/4414/1711
f 3148/4416/1712 383/447/233 386/450/236
f 382/446/232 383/447/233 3148/4416/1712
f 382/446/232 3148/4416/1712 3149/4417/1713
f 3150/4418/1714 382/446/232 3149/4417/1713
f 3150/4418/1714 380/444/230 382/446/232
f 378/442/228 380/444/230 3150/4418/1714
f 378/442/228 3150/4418/1714 3151/4419/1715
f 3152/4420/1716 378/442/228 3151/4419/1715
f 3152/4420/1716 375/439/225 378/442/228
f 3152/4420/1716 374/438/224 375/439/225
f 3152/4420/1716 3153/4421/1717 374/438/224
f 374/438/224 3153/4421/1717 3154/4422/1718
f 374/438/224 3154/4422/1718 371/435/221
f 3154/4422/1718 370/434/220 371/435/221
f 3154/4422/1718 3155/4423/1719 370/434/220
f 370/434/220 3155/4423/1719 3156/4424/1720
f 370/434/220 3156/4424/1720 368/432/218
f 3156/4424/1720 366/430/216 368/432/218
f 3156/4424/1720 3157/4425/1721 366/430/216
f 366/430/216 3157/4425/1721 3158/4426/1722
f 366/430/216 3158/4426/1722 364/428/214
f 361/425/211 364/428/214 3158/4426/1722
f 361/425/211 3158/4426/1722 2303/4427/1325
f 1589/4451/903 3180/4452/1032 1581/4453/204
f 1589/4451/903 3181/4454/1032 3180/4452/1032
f 3182/4455/1034 3180/4452/1032 3181/4454/1032
f 3182/4455/1034 3183/4456/1034 3180/4452/1032
f 3184/4457/83 3183/4456/1034 3182/4455/1034
f 3184/4457/83 3185/4458/83 3183/4456/1034
f 3186/4459/1035 3185/4458/83 3184/4457/83
f 3186/4459/1035 3187/4460/1035 3185/4458/83
f 3188/4461/1036 3187/4460/1035 3186/4459/1035
f 3188/4461/1036 3189/4462/1036 3187/4460/1035
f 3190/4463/1725 3189/4462/1036 3188/4461/1036
f 3190/4463/1725 3188/4461/1036 3191/4464/1324
f 3190/4465/1725 3160/4466/68 3159/4467/241
f 3190/4465/1725 3159/4467/241 3189/4468/1036
f 3189/4468/1036 3159/4467/241 3165/4469/242
f 3189/4468/1036 3165/4469/242 3167/4470/244
f 3189/4468/1036 3167/4470/244 3187/4471/1035
f 3187/4471/1035 3167/4470/244 3169/4472/245
f 3187/4471/1035 3169/4472/245 3171/4473/83
f 3187/4471/1035 3171/4473/83 3185/4474/83
f 3185/4474/83 3171/4473/83 3173/4475/247
f 3185/4474/83 3173/4475/247 3183/4476/1034
f 3173/4475/247 3175/4477/249 3183/4476/1034
f 3183/4476/1034 3175/4477/249 3177/4478/251
f 3183/4476/1034 3177/4478/251 3180/4479/1032
f 3180/4479/1032 3177/4478/251 3179/4480/252
f 1581/4481/204 3180/4479/1032 3179/4480/252
f 1581/4481/204 3179/4480/252 1582/4482/205
f 1734/2083/1025 1733/2082/1024 1732/2081/1023
f 1734/2083/1025 1732/2081/1023 1731/2080/1022
f 1737/2086/1028 1736/2085/1027 1735/2084/1026
f 1737/2086/1028 1735/2084/1026 1734/2083/1025
f 3163/4483/1723 3161/4484/68 1740/2089/1031
f 3163/4483/1723 1740/2089/1031 1739/2088/1030
f 3163/4483/1723 1739/2088/1030 1738/2087/1029
f 3163/4483/1723 1738/2087/1029 1737/2086/1028
f 3164/4485/243 3163/4483/1723 1737/2086/1028
f 3166/4486/244 3164/4485/243 1737/2086/1028
f 3166/4486/244 1737/2086/1028 1734/2083/1025
f 1734/2083/1025 3168/4487/1724 3166/4486/244
f 1734/2083/1025 3170/4488/111 3168/4487/1724
f 1734/2083/1025 1731/2080/1022 3170/4488/111
f 1731/2080/1022 3172/4489/246 3170/4488/111
f 1731/2080/1022 3174/4490/248 3172/4489/246
f 1731/2080/1022 3176/4491/250 3174/4490/248
f 1731/2080/1022 1728/2077/1019 3176/4491/250
f 1728/2077/1019 3178/4492/252 3176/4491/250
f 1728/2077/1019 1583/4493/206 3178/4492/252
f 1728/2077/1019 1584/2076/901 1583/4493/206
f 1731/2080/1022 1730/2079/1021 1729/2078/1020
f 1731/2080/1022 1729/2078/1020 1728/2077/1019
f 3191/4494/1324 3192/4495/275 1658/4496/212
f 3191/4494/1324 1658/4496/212 1657/4497/75
f 3191/4494/1324 1657/4497/75 1716/4498/1007
f 3191/4494/1324 1716/4498/1007 1740/4499/1031
f 1740/4499/1031 3190/4500/1725 3191/4494/1324
f 1740/4499/1031 3160/4501/68 3190/4500/1725
f 1740/4499/1031 3161/4502/68 3160/4501/68
f 117/4503/86 125/1497/94 118/136/87
f 3193/4504/1726 3194/4505/1727 3195/4506/1728
f 3193/4504/1726 3195/4506/1728 2442/4507/1361
f 3193/4508/1726 2442/4509/1361 1481/4510/832
f 3193/4508/1726 1481/4510/832 3196/4511/1729
f 1479/4512/830 1482/4513/833 3195/4514/1728
f 1479/4512/830 3195/4514/1728 3194/4515/1727
f 3197/4516/1730 3198/4517/1731 3199/4518/1732
f 3199/4518/1732 3198/4517/1731 3200/4519/1733
f 3199/4518/1732 3200/4519/1733 3201/4520/1734
f 92/4521/72 2442/4522/1361 85/4523/66
f 85/4523/66 2442/4522/1361 3195/4524/1728
f 85/4523/66 3195/4524/1728 1482/4525/833
f 2442/4526/1361 92/4527/72 94/4528/74
f 3558/4529/1735 3560/4530/1735 3559/4531/1736
f 3558/4529/1735 3561/4532/1737 3560/4530/1735
f 3562/4533/1738 3560/4530/1735 3563/4534/1738
f 3562/4533/1738 3559/4531/1736 3560/4530/1735
f 3564/4535/1739 3561/4532/1737 3558/4529/1735
f 3564/4535/1739 3565/4536/1739 3561/4532/1737
f 3927/4537/1740 3931/4538/1741 3930/4539/1742
f 3927/4537/1740 3930/4539/1742 3926/4540/1743
f 3930/4539/1742 3925/4541/1744 3926/4540/1743
f 3930/4539/1742 3932/4542/1745 3925/4541/1744
f 3932/4542/1745 3924/4543/1746 3925/4541/1744
f 3932/4542/1745 3933/4544/1747 3924/4543/1746
f 3933/4544/1747 3923/4545/1748 3924/4543/1746
f 3933/4544/1747 3934/4546/1749 3923/4545/1748
f 3934/4546/1749 3922/4547/1750 3923/4545/1748
f 3934/4546/1749 3935/4548/1751 3922/4547/1750
f 3921/4549/1752 3922/4547/1750 3935/4548/1751
f 3921/4549/1752 3920/4550/1753 3922/4547/1750
f 3919/4551/1754 3918/4552/1755 3936/4553/1756
f 3919/4551/1754 3936/4553/1756 3937/4554/1757
f 3938/4555/1758 3937/4554/1757 3936/4553/1756
f 3938/4555/1758 3936/4553/1756 3939/4556/1759
f 3940/4557/1760 3938/4555/1758 3939/4556/1759
f 3940/4557/1760 3939/4556/1759 3941/4558/1761
f 3942/4559/1762 3940/4557/1760 3941/4558/1761
f 3942/4559/1762 3941/4558/1761 3943/4560/1763
f 3944/4561/1764 3942/4559/1762 3943/4560/1763
f 3944/4561/1764 3943/4560/1763 3945/4562/1765
f 3946/4563/1766 3944/4561/1764 3945/4562/1765
f 3946/4563/1766 3947/4564/1767 3944/4561/1764
f 3948/4565/1768 3956/4566/1741 3957/4567/1769
f 3948/4565/1768 3957/4567/1769 3949/4568/1770
f 3957/4567/1769 3950/4569/1771 3949/4568/1770
f 3957/4567/1769 3958/4570/1772 3950/4569/1771
f 3958/4570/1772 3951/4571/1773 3950/4569/1771
f 3958/4570/1772 3959/4572/1774 3951/4571/1773
f 3959/4572/1774 3952/4573/1775 3951/4571/1773
f 3959/4572/1774 3960/4574/1776 3952/4573/1775
f 3960/4574/1776 3953/4575/1777 3952/4573/1775
f 3960/4574/1776 3961/4576/1778 3953/4575/1777
f 3955/4577/1779 3953/4575/1777 3961/4576/1778
f 3955/4577/1779 3954/4578/1780 3953/4575/1777
f 3929/4579/1781 3928/4580/1782 3962/4581/1783
f 3929/4579/1781 3962/4581/1783 3963/4582/1784
f 3964/4583/1785 3963/4582/1784 3962/4581/1783
f 3964/4583/1785 3962/4581/1783 3965/4584/1786
f 3966/4585/1787 3964/4583/1785 3965/4584/1786
f 3966/4585/1787 3965/4584/1786 3967/4586/1788
f 3968/4587/1789 3966/4585/1787 3967/4586/1788
f 3968/4587/1789 3967/4586/1788 3969/4588/1790
f 3970/4589/1791 3968/4587/1789 3969/4588/1790
f 3970/4589/1791 3969/4588/1790 3971/4590/1792
f 3972/4591/1793 3970/4589/1791 3971/4590/1792
f 3972/4591/1793 3973/4592/1767 3970/4589/1791
usemtl Bus01_A.tga.001
f 3202/4593/68 3203/4594/1794 3204/4595/237
f 3202/4593/68 3204/4595/237 3205/4596/1795
f 3202/4593/68 3205/4596/1795 3206/4597/68
f 3202/4593/68 3206/4597/68 3207/4598/68
f 3208/4599/1796 3209/4600/1796 3210/4601/1796
f 3211/4602/1797 3208/4599/1796 3210/4601/1796
f 3211/4602/1797 3212/4603/1796 3208/4599/1796
f 3204/4604/237 3213/4605/606 3214/4606/185
f 3204/4604/237 3214/4606/185 3215/4607/185
f 3204/4604/237 3215/4607/185 3205/4608/1795
f 3216/4609/185 3217/4610/1707 3218/4611/185
f 3216/4609/185 3218/4611/185 3219/4612/607
f 3216/4609/185 3219/4612/607 3220/4613/185
f 3216/4609/185 3220/4613/185 3221/4614/185
f 3216/4609/185 3221/4614/185 3222/4615/185
f 3216/4609/185 3222/4615/185 3223/4616/185
f 3216/4609/185 3223/4616/185 3224/4617/185
f 3216/4609/185 3224/4617/185 3225/4618/185
f 3226/4619/75 3227/4620/1798 3228/4621/75
f 3226/4619/75 3228/4621/75 3229/4622/527
f 3226/4619/75 3229/4622/527 3230/4623/75
f 3226/4619/75 3230/4623/75 3231/4624/211
f 3226/4619/75 3231/4624/211 3232/4625/75
f 3233/4626/1799 3234/4627/1800 3235/4628/1801
f 3233/4626/1799 3235/4628/1801 3236/4629/1802
f 3237/4630/1803 3233/4626/1799 3236/4629/1802
f 3237/4630/1803 3236/4629/1802 3238/4631/1804
f 3239/4632/1805 3237/4630/1803 3238/4631/1804
f 3239/4632/1805 3238/4631/1804 3240/4633/1806
f 3239/4632/1805 3240/4633/1806 3241/4634/1807
f 3242/4635/75 3243/4636/211 3244/4637/75
f 3242/4635/75 3244/4637/75 3245/4638/75
f 3242/4635/75 3245/4638/75 3246/4639/75
f 3242/4635/75 3246/4639/75 3247/4640/211
f 3242/4635/75 3247/4640/211 3248/4641/1808
f 3249/4642/1809 3250/4643/1810 3251/4644/1811
f 3249/4642/1809 3251/4644/1811 3252/4645/1812
f 3253/4646/1813 3249/4642/1809 3252/4645/1812
f 3254/4647/1814 3251/4644/1811 3255/4648/1815
f 3254/4647/1814 3252/4645/1812 3251/4644/1811
f 3254/4647/1814 3256/4649/1816 3252/4645/1812
f 3253/4646/1813 3252/4645/1812 3256/4649/1816
f 3253/4646/1813 3256/4649/1816 3257/4650/1817
f 3253/4646/1813 3257/4650/1817 3258/4651/1818
f 3259/4652/1819 3260/4653/1820 3261/4654/1821
f 3259/4652/1819 3261/4654/1821 3262/4655/1822
f 3263/4656/1823 3259/4652/1819 3262/4655/1822
f 3263/4656/1823 3262/4655/1822 3264/4657/1824
f 3265/4658/1825 3263/4656/1823 3264/4657/1824
f 3265/4658/1825 3264/4657/1824 3266/4659/1826
f 3262/4655/1822 3266/4659/1826 3264/4657/1824
f 3262/4655/1822 3255/4648/1815 3266/4659/1826
f 3262/4655/1822 3254/4647/1814 3255/4648/1815
f 3254/4647/1814 3262/4655/1822 3261/4654/1821
f 3254/4647/1814 3261/4654/1821 3267/4660/75
f 3256/4649/1816 3254/4647/1814 3267/4660/75
f 3256/4649/1816 3267/4660/75 3257/4650/1817
f 3260/4661/1820 3268/4662/507 3238/4663/1827
f 3260/4661/1820 3238/4663/1827 3236/4664/1828
f 3261/4665/1821 3260/4661/1820 3236/4664/1828
f 3261/4665/1821 3236/4664/1828 3235/4666/1829
f 3267/4667/75 3261/4665/1821 3235/4666/1829
f 3267/4667/75 3235/4666/1829 3269/4668/1830
f 3257/4669/1817 3267/4667/75 3269/4668/1830
f 3257/4669/1817 3269/4668/1830 3270/4670/1831
f 3258/4671/1818 3257/4669/1817 3270/4670/1831
f 3258/4671/1818 3270/4670/1831 3271/4672/1832
f 3272/4673/507 3258/4671/1818 3271/4672/1832
f 3272/4673/507 3271/4672/1832 3273/4674/1833
f 3274/4675/1834 3272/4673/507 3273/4674/1833
f 3274/4675/1834 3273/4674/1833 3275/4676/1835
f 3276/4677/1836 3274/4675/1834 3275/4676/1835
f 3276/4677/1836 3275/4676/1835 3277/4678/1837
f 3278/4679/1838 3276/4677/1836 3277/4678/1837
f 3278/4679/1838 3277/4678/1837 3279/4680/1838
f 3280/4681/1839 3281/4682/1840 3239/4683/1805
f 3280/4681/1839 3239/4683/1805 3241/4684/1807
f 3282/4685/1841 3280/4681/1839 3241/4684/1807
f 3282/4685/1841 3241/4684/1807 3240/4686/1806
f 3268/4662/507 3282/4685/1841 3240/4686/1806
f 3268/4662/507 3240/4686/1806 3238/4663/1827
f 3283/4687/1842 3284/4688/1843 3285/4689/1844
f 3215/4690/185 3286/4691/1845 3205/4692/1795
f 3205/4692/1795 3287/4693/1846 3206/4694/68
f 3205/4692/1795 3286/4691/1845 3287/4693/1846
f 3288/4695/1847 3287/4693/1846 3286/4691/1845
f 3250/4696/1810 3288/4695/1847 3286/4691/1845
f 3251/4697/1811 3250/4696/1810 3286/4691/1845
f 3255/4698/1815 3251/4697/1811 3286/4691/1845
f 3255/4698/1815 3286/4691/1845 3266/4699/1826
f 3266/4699/1826 3286/4691/1845 3265/4700/1825
f 3265/4700/1825 3286/4691/1845 3289/4701/1848
f 3290/4702/1849 3289/4701/1848 3286/4691/1845
f 3291/4703/83 3290/4702/1849 3286/4691/1845
f 3292/4704/542 3293/4705/83 3291/4703/83
f 3292/4704/542 3291/4703/83 3286/4691/1845
f 3292/4704/542 3286/4691/1845 3215/4690/185
f 3292/4704/542 3215/4690/185 3214/4706/185
f 3292/4704/542 3214/4706/185 3294/4707/83
f 3292/4704/542 3294/4707/83 3295/4708/83
f 3292/4704/542 3295/4708/83 3246/4709/75
f 3292/4704/542 3246/4709/75 3296/4710/83
f 3246/4709/75 3297/4711/83 3296/4710/83
f 3246/4709/75 3245/4712/75 3297/4711/83
f 3292/4704/542 3296/4710/83 3298/4713/83
f 3299/4714/1850 3300/4715/83 3301/4716/83
f 3299/4714/1850 3301/4716/83 3302/4717/1851
f 3299/4714/1850 3302/4717/1851 3292/4704/542
f 3223/4718/185 3299/4714/1850 3292/4704/542
f 3292/4704/542 3224/4719/185 3223/4718/185
f 3292/4704/542 3298/4713/83 3224/4719/185
f 3298/4713/83 3303/4720/83 3224/4719/185
f 3298/4713/83 3304/4721/1852 3303/4720/83
f 3230/4722/75 3229/4723/527 3305/4724/83
f 3230/4722/75 3305/4724/83 3306/4725/83
f 3230/4722/75 3306/4725/83 3307/4726/83
f 3230/4722/75 3307/4726/83 3308/4727/1850
f 3230/4722/75 3308/4727/1850 3299/4714/1850
f 3223/4718/185 3230/4722/75 3299/4714/1850
f 3223/4718/185 3309/4728/1850 3310/4729/83
f 3223/4718/185 3310/4729/83 3311/4730/83
f 3223/4718/185 3311/4730/83 3312/4731/83
f 3223/4718/185 3312/4731/83 3313/4732/83
f 3223/4718/185 3313/4732/83 3230/4722/75
f 3313/4732/83 3314/4733/525 3230/4722/75
f 3315/4734/185 3310/4735/83 3309/4736/1850
f 3315/4734/185 3309/4736/1850 3316/4737/185
f 3315/4734/185 3316/4737/185 3317/4738/185
f 3315/4734/185 3317/4738/185 3318/4739/185
f 3315/4734/185 3318/4739/185 3319/4740/185
f 3315/4734/185 3319/4740/185 3320/4741/185
f 3244/4742/75 3315/4734/185 3320/4741/185
f 3244/4742/75 3320/4741/185 3321/4743/185
f 3244/4742/75 3321/4743/185 3322/4744/185
f 3244/4742/75 3322/4744/185 3323/4745/185
f 3244/4742/75 3323/4745/185 3324/4746/185
f 3323/4745/185 3325/4747/185 3324/4746/185
f 3323/4745/185 3326/4748/185 3325/4747/185
f 3323/4745/185 3327/4749/185 3326/4748/185
f 3323/4745/185 3304/4750/1852 3327/4749/185
f 3323/4745/185 3303/4751/83 3304/4750/1852
f 3328/4752/185 3297/4753/83 3245/4754/75
f 3328/4752/185 3245/4754/75 3244/4742/75
f 3244/4742/75 3329/4755/185 3328/4752/185
f 3244/4742/75 3330/4756/185 3329/4755/185
f 3244/4742/75 3331/4757/185 3330/4756/185
f 3244/4742/75 3324/4746/185 3331/4757/185
f 3332/4758/185 3333/4759/185 3334/4760/185
f 3332/4758/185 3334/4760/185 3335/4761/185
f 3332/4758/185 3335/4761/185 3336/4762/185
f 3332/4758/185 3336/4762/185 3337/4763/185
f 3332/4758/185 3337/4763/185 3338/4764/185
f 3332/4758/185 3338/4764/185 3298/4765/83
f 3332/4758/185 3298/4765/83 3296/4766/83
f 3332/4758/185 3296/4766/83 3339/4767/185
f 3340/4768/1853 3341/4769/68 3342/4770/1854
f 3340/4768/1853 3342/4770/1854 3343/4771/1855
f 3343/4771/1855 3342/4770/1854 3344/4772/1856
f 3343/4771/1855 3344/4772/1856 3345/4773/1857
f 3343/4771/1855 3345/4773/1857 3346/4774/1858
f 3343/4771/1855 3346/4774/1858 3347/4775/1859
f 3343/4771/1855 3347/4775/1859 3348/4776/68
f 3343/4771/1855 3348/4776/68 3349/4777/68
f 3349/4777/68 3348/4776/68 3350/4778/68
f 3349/4777/68 3350/4778/68 3351/4779/1860
f 3349/4777/68 3351/4779/1860 3352/4780/68
f 3349/4777/68 3352/4780/68 3353/4781/68
f 3343/4771/1855 3349/4777/68 3353/4781/68
f 3343/4771/1855 3353/4781/68 3354/4782/1861
f 3340/4768/1853 3343/4771/1855 3354/4782/1861
f 3340/4768/1853 3354/4782/1861 3355/4783/1862
f 3356/4784/113 3357/4785/113 3358/4786/113
f 3356/4784/113 3358/4786/113 3359/4787/113
f 3356/4784/113 3359/4787/113 3360/4788/113
f 3356/4784/113 3360/4788/113 3361/4789/113
f 3356/4784/113 3361/4789/113 3362/4790/113
f 3356/4784/113 3362/4790/113 3292/4791/542
f 3356/4784/113 3292/4791/542 3302/4792/1851
f 3356/4784/113 3302/4792/1851 3363/4793/113
f 3364/4794/1863 3365/4795/1864 3366/4796/1863
f 3227/4797/1798 3364/4794/1863 3366/4796/1863
f 3227/4797/1798 3366/4796/1863 3228/4798/75
f 3367/4799/811 3278/4679/1838 3279/4680/1838
f 3367/4799/811 3279/4680/1838 3368/4800/83
f 3369/4801/83 3367/4799/811 3368/4800/83
f 3369/4801/83 3368/4800/83 3370/4802/83
f 3371/4803/83 3369/4801/83 3370/4802/83
f 3371/4803/83 3370/4802/83 3372/4804/83
f 3373/4805/83 3371/4803/83 3372/4804/83
f 3373/4805/83 3372/4804/83 3374/4806/525
f 3375/4807/83 3373/4805/83 3374/4806/525
f 3375/4807/83 3374/4806/525 3234/4808/1800
f 3376/4809/83 3375/4807/83 3234/4808/1800
f 3376/4809/83 3234/4808/1800 3233/4810/1799
f 3377/4811/83 3376/4809/83 3233/4810/1799
f 3377/4811/83 3233/4810/1799 3237/4812/1803
f 3281/4813/1840 3377/4811/83 3237/4812/1803
f 3281/4813/1840 3237/4812/1803 3239/4814/1805
f 3368/4815/83 3279/4816/1838 3277/4817/1837
f 3368/4815/83 3277/4817/1837 3275/4818/1835
f 3368/4815/83 3275/4818/1835 3273/4819/1833
f 3370/4820/83 3368/4815/83 3273/4819/1833
f 3370/4820/83 3273/4819/1833 3271/4821/1832
f 3372/4822/83 3370/4820/83 3271/4821/1832
f 3372/4822/83 3271/4821/1832 3270/4823/1865
f 3374/4824/525 3372/4822/83 3270/4823/1865
f 3374/4824/525 3270/4823/1865 3269/4825/1866
f 3234/4627/1800 3374/4824/525 3269/4825/1866
f 3234/4627/1800 3269/4825/1866 3235/4628/1801
f 3378/4826/113 3379/4827/113 3380/4828/113
f 3378/4826/113 3380/4828/113 3381/4829/113
f 3378/4826/113 3381/4829/113 3382/4830/113
f 3378/4826/113 3382/4830/113 3383/4831/113
f 3378/4826/113 3383/4831/113 3384/4832/113
f 3378/4826/113 3384/4832/113 3299/4833/1850
f 3378/4826/113 3299/4833/1850 3308/4834/1850
f 3378/4826/113 3308/4834/1850 3385/4835/113
f 3386/4836/1867 3387/4837/1868 3388/4838/1868
f 3386/4836/1867 3388/4838/1868 3389/4839/1869
f 3386/4836/1867 3389/4839/1869 3352/4840/68
f 3386/4836/1867 3352/4840/68 3351/4841/1860
f 3386/4836/1867 3351/4841/1860 3390/4842/1870
f 3390/4842/1870 3351/4841/1860 3350/4843/68
f 3390/4842/1870 3350/4843/68 3391/4844/1871
f 3390/4842/1870 3391/4844/1871 3392/4845/1872
f 3393/4846/1873 3390/4842/1870 3392/4845/1872
f 3306/4725/83 3305/4724/83 3386/4836/1867
f 3306/4725/83 3386/4836/1867 3390/4842/1870
f 3231/4847/211 3230/4848/75 3314/4849/525
f 3231/4847/211 3314/4849/525 3394/4850/1874
f 3214/4606/185 3213/4605/606 3395/4851/1875
f 3214/4606/185 3395/4851/1875 3294/4852/83
f 3396/4853/1876 3295/4854/83 3294/4852/83
f 3396/4853/1876 3294/4852/83 3395/4851/1875
f 3312/4855/83 3397/4856/1877 3398/4857/1878
f 3312/4855/83 3398/4857/1878 3313/4858/83
f 3247/4859/211 3246/4860/75 3295/4854/83
f 3247/4859/211 3295/4854/83 3396/4853/1876
f 3394/4850/1874 3314/4849/525 3313/4858/83
f 3394/4850/1874 3313/4858/83 3398/4857/1878
f 3243/4861/211 3399/4862/1863 3315/4734/185
f 3243/4861/211 3315/4734/185 3244/4742/75
f 3311/4863/83 3400/4864/185 3397/4856/1877
f 3311/4863/83 3397/4856/1877 3312/4855/83
f 3401/4865/68 3400/4866/185 3311/4867/83
f 3401/4865/68 3311/4867/83 3310/4868/83
f 3401/4865/68 3310/4868/83 3315/4869/185
f 3315/4869/185 3402/4870/68 3401/4865/68
f 3315/4869/185 3399/4871/1863 3402/4870/68
f 3403/4872/1879 3375/4873/83 3376/4874/83
f 3403/4872/1879 3404/4875/1880 3375/4873/83
f 3405/4876/1881 3404/4875/1880 3403/4872/1879
f 3405/4876/1881 3406/4877/1882 3404/4875/1880
f 3407/4878/1883 3406/4877/1882 3405/4876/1881
f 3408/4879/1884 3406/4877/1882 3407/4878/1883
f 3408/4879/1884 3409/4880/1885 3406/4877/1882
f 3408/4879/1884 3410/4881/1884 3409/4880/1885
f 3410/4881/1884 3411/4882/1886 3409/4880/1885
f 3410/4881/1884 3412/4883/1887 3411/4882/1886
f 3413/4884/1888 3411/4882/1886 3412/4883/1887
f 3413/4884/1888 3414/4885/1886 3411/4882/1886
f 3411/4882/1886 3414/4885/1886 3415/4886/75
f 3416/4887/1889 3417/4888/1886 3418/4889/1890
f 3419/4890/1891 3369/4891/83 3371/4892/83
f 3419/4890/1891 3420/4893/1892 3369/4891/83
f 3421/4894/1893 3420/4893/1892 3419/4890/1891
f 3421/4894/1893 3419/4890/1891 3416/4887/1889
f 3421/4894/1893 3416/4887/1889 3422/4895/1894
f 3422/4895/1894 3416/4887/1889 3423/4896/1895
f 3424/4897/1896 3423/4896/1895 3416/4887/1889
f 3424/4897/1896 3416/4887/1889 3418/4889/1890
f 3425/4898/1896 3424/4897/1896 3418/4889/1890
f 3425/4898/1896 3418/4889/1890 3417/4888/1886
f 3413/4884/1888 3425/4898/1896 3417/4888/1886
f 3413/4884/1888 3417/4888/1886 3414/4885/1886
f 3416/4887/1889 3414/4885/1886 3417/4888/1886
f 3416/4887/1889 3415/4886/75 3414/4885/1886
f 3416/4887/1889 3419/4890/1891 3415/4886/75
f 3415/4886/75 3419/4890/1891 3371/4892/83
f 3415/4886/75 3371/4892/83 3373/4899/83
f 3404/4875/1880 3415/4886/75 3373/4899/83
f 3411/4882/1886 3415/4886/75 3404/4875/1880
f 3411/4882/1886 3404/4875/1880 3406/4877/1882
f 3411/4882/1886 3406/4877/1882 3409/4880/1885
f 3404/4875/1880 3373/4899/83 3375/4873/83
f 3426/4900/1897 3427/4901/1898 3428/4902/1899
f 3426/4900/1897 3428/4902/1899 3429/4903/1900
f 3430/4904/1901 3429/4903/1900 3428/4902/1899
f 3431/4905/1902 3432/4906/1903 3427/4901/1898
f 3431/4905/1902 3427/4901/1898 3426/4900/1897
f 3433/4907/1904 3431/4905/1902 3426/4900/1897
f 3433/4907/1904 3426/4900/1897 3434/4908/1905
f 3434/4908/1905 3426/4900/1897 3429/4903/1900
f 3434/4908/1905 3429/4903/1900 3435/4909/1906
f 3436/4910/1907 3435/4909/1906 3429/4903/1900
f 3430/4904/1901 3436/4910/1907 3429/4903/1900
f 3437/4911/1908 3436/4910/1907 3430/4904/1901
f 3438/4912/1909 3433/4907/1904 3434/4908/1905
f 3438/4912/1909 3434/4908/1905 3439/4913/1910
f 3439/4913/1910 3434/4908/1905 3435/4909/1906
f 3439/4913/1910 3435/4909/1906 3440/4914/1911
f 3441/4915/1912 3440/4914/1911 3435/4909/1906
f 3436/4910/1907 3441/4915/1912 3435/4909/1906
f 3442/4916/1913 3441/4915/1912 3436/4910/1907
f 3437/4911/1908 3442/4916/1913 3436/4910/1907
f 3443/4917/1914 3442/4916/1913 3437/4911/1908
f 3444/4918/1915 3438/4912/1909 3439/4913/1910
f 3444/4918/1915 3439/4913/1910 3445/4919/1916
f 3445/4919/1916 3439/4913/1910 3440/4914/1911
f 3446/4920/1917 3444/4918/1915 3445/4919/1916
f 3447/4921/1918 3448/4922/1919 3424/4923/1896
f 3448/4922/1919 3423/4924/1895 3424/4923/1896
f 3448/4922/1919 3449/4925/1920 3423/4924/1895
f 3449/4925/1920 3422/4926/1894 3423/4924/1895
f 3449/4925/1920 3450/4927/1921 3422/4926/1894
f 3450/4927/1921 3421/4928/1893 3422/4926/1894
f 3450/4927/1921 3443/4917/1914 3421/4928/1893
f 3443/4917/1914 3450/4927/1921 3442/4916/1913
f 3450/4927/1921 3451/4929/1922 3442/4916/1913
f 3442/4916/1913 3451/4929/1922 3441/4915/1912
f 3451/4929/1922 3452/4930/1923 3441/4915/1912
f 3441/4915/1912 3452/4930/1923 3440/4914/1911
f 3452/4930/1923 3453/4931/1924 3440/4914/1911
f 3445/4919/1916 3440/4914/1911 3453/4931/1924
f 3454/4932/1925 3445/4919/1916 3453/4931/1924
f 3446/4920/1917 3445/4919/1916 3454/4932/1925
f 3446/4920/1917 3454/4932/1925 3455/4933/1926
f 3446/4920/1917 3455/4933/1926 3456/4934/1927
f 3452/4930/1923 3457/4935/1928 3453/4931/1924
f 3458/4936/1929 3459/4937/1930 3457/4935/1928
f 3458/4936/1929 3457/4935/1928 3452/4930/1923
f 3451/4929/1922 3458/4936/1929 3452/4930/1923
f 3450/4927/1921 3449/4925/1920 3451/4929/1922
f 3449/4925/1920 3458/4936/1929 3451/4929/1922
f 3449/4925/1920 3448/4922/1919 3458/4936/1929
f 3448/4922/1919 3459/4937/1930 3458/4936/1929
f 3448/4922/1919 3447/4921/1918 3459/4937/1930
f 3460/4938/1931 3459/4937/1930 3447/4921/1918
f 3460/4938/1931 3461/4939/1932 3459/4937/1930
f 3461/4939/1932 3457/4935/1928 3459/4937/1930
f 3461/4939/1932 3462/4940/1933 3457/4935/1928
f 3462/4940/1933 3453/4931/1924 3457/4935/1928
f 3462/4940/1933 3463/4941/1934 3453/4931/1924
f 3454/4932/1925 3453/4931/1924 3463/4941/1934
f 3454/4932/1925 3463/4941/1934 3464/4942/1935
f 3454/4932/1925 3464/4942/1935 3455/4933/1926
f 3465/4943/1936 3466/4944/1937 3467/4945/1938
f 3462/4940/1933 3464/4942/1935 3463/4941/1934
f 3462/4940/1933 3467/4945/1938 3464/4942/1935
f 3467/4945/1938 3468/4946/1939 3464/4942/1935
f 3467/4945/1938 3466/4944/1937 3468/4946/1939
f 3466/4944/1937 3469/4947/1940 3468/4946/1939
f 3466/4944/1937 3470/4948/1941 3469/4947/1940
f 3471/4949/1942 3470/4948/1941 3466/4944/1937
f 3465/4943/1936 3471/4949/1942 3466/4944/1937
f 3472/4950/1943 3471/4949/1942 3465/4943/1936
f 3460/4938/1931 3472/4950/1943 3465/4943/1936
f 3460/4938/1931 3465/4943/1936 3461/4939/1932
f 3461/4939/1932 3465/4943/1936 3467/4945/1938
f 3461/4939/1932 3467/4945/1938 3462/4940/1933
f 3473/4951/1944 3455/4933/1926 3464/4942/1935
f 3473/4951/1944 3464/4942/1935 3468/4946/1939
f 3474/4952/1945 3473/4951/1944 3468/4946/1939
f 3474/4952/1945 3468/4946/1939 3469/4947/1940
f 3475/4953/1946 3474/4952/1945 3469/4947/1940
f 3475/4953/1946 3469/4947/1940 3476/4954/1947
f 3470/4948/1941 3476/4954/1947 3469/4947/1940
f 3470/4948/1941 3477/4955/1948 3476/4954/1947
f 3478/4956/1949 3477/4955/1948 3470/4948/1941
f 3471/4949/1942 3478/4956/1949 3470/4948/1941
f 3479/4957/1950 3478/4956/1949 3471/4949/1942
f 3472/4950/1943 3479/4957/1950 3471/4949/1942
f 3479/4957/1950 3472/4950/1943 3412/4958/1887
f 3460/4938/1931 3412/4958/1887 3472/4950/1943
f 3460/4938/1931 3413/4959/1888 3412/4958/1887
f 3460/4938/1931 3425/4960/1896 3413/4959/1888
f 3460/4938/1931 3447/4921/1918 3425/4960/1896
f 3447/4921/1918 3424/4923/1896 3425/4960/1896
f 3480/4961/1951 3407/4962/1883 3405/4963/1881
f 3481/4964/1952 3456/4934/1927 3455/4933/1926
f 3481/4964/1952 3455/4933/1926 3473/4951/1944
f 3482/4965/1953 3481/4964/1952 3473/4951/1944
f 3482/4965/1953 3473/4951/1944 3474/4952/1945
f 3483/4966/1954 3482/4965/1953 3474/4952/1945
f 3483/4966/1954 3474/4952/1945 3475/4953/1946
f 3484/4967/1955 3483/4966/1954 3475/4953/1946
f 3484/4967/1955 3475/4953/1946 3485/4968/1956
f 3485/4968/1956 3475/4953/1946 3476/4954/1947
f 3485/4968/1956 3476/4954/1947 3486/4969/1957
f 3477/4955/1948 3486/4969/1957 3476/4954/1947
f 3477/4955/1948 3283/4970/1842 3486/4969/1957
f 3487/4971/1958 3283/4970/1842 3477/4955/1948
f 3487/4971/1958 3488/4972/1959 3283/4970/1842
f 3489/4973/1960 3488/4972/1959 3487/4971/1958
f 3489/4973/1960 3480/4961/1951 3488/4972/1959
f 3480/4961/1951 3489/4973/1960 3407/4962/1883
f 3489/4973/1960 3408/4974/1884 3407/4962/1883
f 3479/4957/1950 3412/4958/1887 3410/4975/1884
f 3478/4956/1949 3487/4971/1958 3477/4955/1948
f 3490/4976/1961 3487/4971/1958 3478/4956/1949
f 3490/4976/1961 3489/4973/1960 3487/4971/1958
f 3489/4973/1960 3490/4976/1961 3408/4974/1884
f 3490/4976/1961 3410/4975/1884 3408/4974/1884
f 3490/4976/1961 3479/4957/1950 3410/4975/1884
f 3479/4957/1950 3490/4976/1961 3478/4956/1949
f 3392/4977/1872 3491/4978/1962 3492/4979/1963
f 3392/4977/1872 3492/4979/1963 3393/4980/1873
f 3393/4980/1873 3492/4979/1963 3209/4600/1796
f 3393/4980/1873 3209/4600/1796 3390/4981/1870
f 3208/4599/1796 3390/4981/1870 3209/4600/1796
f 3208/4599/1796 3306/4982/83 3390/4981/1870
f 3493/4983/1964 3306/4982/83 3208/4599/1796
f 3493/4983/1964 3307/4984/83 3306/4982/83
f 3494/4985/1964 3493/4983/1964 3208/4599/1796
f 3208/4599/1796 3495/4986/1965 3494/4985/1964
f 3208/4599/1796 3496/4987/1965 3495/4986/1965
f 3208/4599/1796 3497/4988/1965 3496/4987/1965
f 3498/4989/1964 3301/4990/83 3300/4991/83
f 3498/4989/1964 3300/4991/83 3499/4992/1964
f 3498/4989/1964 3499/4992/1964 3500/4993/1964
f 3498/4989/1964 3500/4993/1964 3501/4994/1965
f 3498/4989/1964 3501/4994/1965 3497/4988/1965
f 3502/4995/1965 3498/4989/1964 3497/4988/1965
f 3208/4599/1796 3502/4995/1965 3497/4988/1965
f 3208/4599/1796 3503/4996/1964 3502/4995/1965
f 3208/4599/1796 3504/4997/1965 3503/4996/1964
f 3208/4599/1796 3212/4603/1796 3504/4997/1965
f 3212/4603/1796 3505/4998/1965 3504/4997/1965
f 3212/4603/1796 3506/4999/1964 3505/4998/1965
f 3212/4603/1796 3507/5000/1964 3506/4999/1964
f 3212/4603/1796 3508/5001/1964 3507/5000/1964
f 3212/4603/1796 3293/5002/83 3508/5001/1964
f 3212/4603/1796 3291/5003/83 3293/5002/83
f 3509/5004/1966 3282/5005/1841 3268/5006/507
f 3509/5004/1966 3268/5006/507 3260/5007/1820
f 3509/5004/1966 3260/5007/1820 3259/5008/1819
f 3510/5009/1967 3280/5010/1839 3282/5005/1841
f 3509/5004/1966 3510/5009/1967 3282/5005/1841
f 3509/5004/1966 3511/5011/1968 3510/5009/1967
f 3509/5004/1966 3512/5012/1969 3511/5011/1968
f 3512/5012/1969 3509/5004/1966 3259/5008/1819
f 3512/5012/1969 3259/5008/1819 3263/5013/1823
f 3480/5014/1951 3405/5015/1881 3403/5016/1879
f 3289/5017/1848 3263/5013/1823 3265/5018/1825
f 3289/5017/1848 3512/5012/1969 3263/5013/1823
f 3512/5012/1969 3289/5017/1848 3290/5019/1849
f 3512/5012/1969 3290/5019/1849 3511/5011/1968
f 3511/5011/1968 3290/5019/1849 3291/5003/83
f 3511/5011/1968 3291/5003/83 3211/4602/1797
f 3510/5009/1967 3511/5011/1968 3211/4602/1797
f 3510/5009/1967 3211/4602/1797 3513/5020/1970
f 3510/5009/1967 3513/5020/1970 3280/5010/1839
f 3514/5021/1971 3280/5010/1839 3513/5020/1970
f 3514/5021/1971 3281/5022/1840 3280/5010/1839
f 3514/5021/1971 3377/5023/83 3281/5022/1840
f 3514/5021/1971 3515/5024/1972 3377/5023/83
f 3515/5024/1972 3376/5025/83 3377/5023/83
f 3515/5024/1972 3403/5016/1879 3376/5025/83
f 3480/5014/1951 3403/5016/1879 3515/5024/1972
f 3480/5014/1951 3515/5024/1972 3514/5021/1971
f 3480/5014/1951 3514/5021/1971 3488/5026/1959
f 3514/5021/1971 3283/4687/1842 3488/5026/1959
f 3514/5021/1971 3284/4688/1843 3283/4687/1842
f 3514/5021/1971 3513/5020/1970 3284/4688/1843
f 3516/5027/1973 3285/4689/1844 3284/4688/1843
f 3516/5027/1973 3284/4688/1843 3517/5028/1974
f 3517/5028/1974 3210/4601/1796 3516/5027/1973
f 3517/5028/1974 3211/4602/1797 3210/4601/1796
f 3516/5027/1973 3210/4601/1796 3209/4600/1796
f 3492/4979/1963 3516/5027/1973 3209/4600/1796
f 3492/4979/1963 3518/5029/1975 3516/5027/1973
f 3491/4978/1962 3518/5029/1975 3492/4979/1963
f 3491/4978/1962 3519/5030/1976 3518/5029/1975
f 3519/5030/1976 3485/5031/1956 3518/5029/1975
f 3519/5030/1976 3484/5032/1955 3485/5031/1956
f 3518/5029/1975 3485/5031/1956 3486/5033/1957
f 3518/5029/1975 3486/5033/1957 3516/5027/1973
f 3285/4689/1844 3516/5027/1973 3486/5033/1957
f 3285/4689/1844 3486/5033/1957 3283/4687/1842
f 3228/4798/75 3305/5034/83 3229/5035/527
f 3228/4798/75 3366/4796/1863 3305/5034/83
f 3305/5034/83 3366/4796/1863 3365/4795/1864
f 3305/5034/83 3365/4795/1864 3386/5036/1867
f 3520/5037/1977 3386/5036/1867 3365/4795/1864
f 3520/5037/1977 3387/5038/1868 3386/5036/1867
f 3432/5039/1903 3521/5040/1978 3522/5041/1979
f 3432/5039/1903 3522/5041/1979 3427/5042/1898
f 3523/5043/1980 3388/5044/1868 3387/5038/1868
f 3523/5043/1980 3387/5038/1868 3520/5037/1977
f 3521/5040/1978 3523/5043/1980 3520/5037/1977
f 3521/5040/1978 3520/5037/1977 3522/5041/1979
f 3522/5041/1979 3520/5037/1977 3365/4795/1864
f 3522/5041/1979 3365/4795/1864 3524/5045/1981
f 3427/5042/1898 3522/5041/1979 3524/5045/1981
f 3427/5042/1898 3524/5045/1981 3428/5046/1899
f 3226/5047/75 3364/4794/1863 3227/4797/1798
f 3524/5045/1981 3365/4795/1864 3364/4794/1863
f 3226/5047/75 3524/5045/1981 3364/4794/1863
f 3428/5046/1899 3524/5045/1981 3226/5047/75
f 3428/5046/1899 3226/5047/75 3232/5048/75
f 3428/5046/1899 3232/5048/75 3401/5049/68
f 3242/5050/75 3399/4862/1863 3243/4861/211
f 3242/5050/75 3402/5051/68 3399/4862/1863
f 3401/5049/68 3402/5051/68 3242/5050/75
f 3401/5049/68 3242/5050/75 3248/5052/1808
f 3248/5052/1808 3428/5046/1899 3401/5049/68
f 3248/5052/1808 3525/5053/1982 3428/5046/1899
f 3525/5053/1982 3430/5054/1901 3428/5046/1899
f 3203/5055/1794 3430/5054/1901 3525/5053/1982
f 3203/5055/1794 3437/5056/1908 3430/5054/1901
f 3203/5055/1794 3526/5057/1983 3437/5056/1908
f 3443/5058/1914 3437/5056/1908 3526/5057/1983
f 3527/5059/1984 3278/5060/1838 3367/5061/811
f 3420/5062/1892 3527/5059/1984 3367/5061/811
f 3420/5062/1892 3367/5061/811 3369/5063/83
f 3288/5064/1847 3528/5065/1985 3287/5066/1846
f 3288/5064/1847 3529/5067/1986 3528/5065/1985
f 3529/5067/1986 3288/5064/1847 3250/5068/1810
f 3529/5067/1986 3250/5068/1810 3249/5069/1809
f 3530/5070/1987 3529/5067/1986 3249/5069/1809
f 3530/5070/1987 3249/5069/1809 3253/5071/1813
f 3530/5070/1987 3253/5071/1813 3258/5072/1818
f 3530/5070/1987 3258/5072/1818 3272/5073/507
f 3530/5070/1987 3272/5073/507 3274/5074/1834
f 3530/5070/1987 3274/5074/1834 3531/5075/1988
f 3531/5075/1988 3274/5074/1834 3276/5076/1836
f 3203/5055/1794 3531/5075/1988 3276/5076/1836
f 3203/5055/1794 3276/5076/1836 3278/5060/1838
f 3203/5055/1794 3278/5060/1838 3526/5057/1983
f 3527/5059/1984 3526/5057/1983 3278/5060/1838
f 3443/5058/1914 3526/5057/1983 3527/5059/1984
f 3443/5058/1914 3527/5059/1984 3420/5062/1892
f 3443/5058/1914 3420/5062/1892 3421/5077/1893
f 3203/5055/1794 3202/5078/68 3531/5075/1988
f 3207/5079/68 3531/5075/1988 3202/5078/68
f 3207/5079/68 3528/5065/1985 3531/5075/1988
f 3206/5080/68 3528/5065/1985 3207/5079/68
f 3206/5080/68 3287/5066/1846 3528/5065/1985
f 3529/5067/1986 3530/5070/1987 3531/5075/1988
f 3529/5067/1986 3531/5075/1988 3528/5065/1985
f 3232/5081/75 3231/5082/211 3394/5083/1874
f 3397/5084/1877 3232/5081/75 3394/5083/1874
f 3397/5084/1877 3401/5085/68 3232/5081/75
f 3397/5084/1877 3400/5086/185 3401/5085/68
f 3394/5083/1874 3398/5087/1878 3397/5084/1877
f 3396/5088/1876 3395/5089/1875 3213/5090/606
f 3213/5090/606 3248/5091/1808 3396/5088/1876
f 3213/5090/606 3525/5092/1982 3248/5091/1808
f 3213/5090/606 3203/5093/1794 3525/5092/1982
f 3213/5090/606 3204/5094/237 3203/5093/1794
f 3248/5091/1808 3247/5095/211 3396/5088/1876
f 3521/5096/1978 3432/5097/1903 3532/5098/1989
f 3521/5096/1978 3532/5098/1989 3533/5099/1990
f 3523/5100/1980 3521/5096/1978 3533/5099/1990
f 3534/5101/1991 3354/4782/1861 3353/4781/68
f 3535/5102/1992 3536/5103/1993 3444/5104/1915
f 3536/5103/1993 3438/5105/1909 3444/5104/1915
f 3536/5103/1993 3537/5106/1994 3438/5105/1909
f 3537/5106/1994 3433/5107/1904 3438/5105/1909
f 3537/5106/1994 3538/5108/1995 3433/5107/1904
f 3538/5108/1995 3431/5109/1902 3433/5107/1904
f 3538/5108/1995 3539/5110/1996 3431/5109/1902
f 3539/5110/1996 3432/5097/1903 3431/5109/1902
f 3539/5110/1996 3532/5098/1989 3432/5097/1903
f 3539/5110/1996 3355/4783/1862 3532/5098/1989
f 3533/5099/1990 3532/5098/1989 3355/4783/1862
f 3533/5099/1990 3355/4783/1862 3354/4782/1861
f 3534/5101/1991 3533/5099/1990 3354/4782/1861
f 3523/5100/1980 3533/5099/1990 3534/5101/1991
f 3388/5111/1868 3523/5100/1980 3534/5101/1991
f 3388/5111/1868 3534/5101/1991 3389/5112/1869
f 3389/5112/1869 3534/5101/1991 3353/4781/68
f 3389/5112/1869 3353/4781/68 3352/4780/68
f 3540/5113/1997 3345/4773/1857 3344/4772/1856
f 3535/5102/1992 3540/5113/1997 3344/4772/1856
f 3535/5102/1992 3344/4772/1856 3342/4770/1854
f 3535/5102/1992 3342/4770/1854 3341/4769/68
f 3535/5102/1992 3341/4769/68 3536/5103/1993
f 3537/5106/1994 3536/5103/1993 3341/4769/68
f 3537/5106/1994 3341/4769/68 3340/4768/1853
f 3538/5108/1995 3537/5106/1994 3340/4768/1853
f 3538/5108/1995 3340/4768/1853 3355/4783/1862
f 3539/5110/1996 3538/5108/1995 3355/4783/1862
f 3541/5114/1998 3391/5115/1871 3350/4778/68
f 3541/5114/1998 3350/4778/68 3348/4776/68
f 3542/5116/1999 3541/5114/1998 3348/4776/68
f 3542/5116/1999 3348/4776/68 3347/4775/1859
f 3543/5117/2000 3542/5116/1999 3347/4775/1859
f 3543/5117/2000 3347/4775/1859 3346/4774/1858
f 3543/5117/2000 3346/4774/1858 3544/5118/2001
f 3491/5119/1962 3392/5120/1872 3391/5115/1871
f 3491/5119/1962 3391/5115/1871 3541/5114/1998
f 3519/5121/1976 3491/5119/1962 3541/5114/1998
f 3519/5121/1976 3541/5114/1998 3542/5116/1999
f 3484/5122/1955 3519/5121/1976 3542/5116/1999
f 3484/5122/1955 3542/5116/1999 3543/5117/2000
f 3483/5123/1954 3484/5122/1955 3543/5117/2000
f 3483/5123/1954 3543/5117/2000 3544/5118/2001
f 3482/5124/1953 3483/5123/1954 3544/5118/2001
f 3482/5124/1953 3544/5118/2001 3545/5125/2002
f 3545/5125/2002 3544/5118/2001 3346/4774/1858
f 3546/5126/2003 3545/5125/2002 3346/4774/1858
f 3546/5126/2003 3346/4774/1858 3345/4773/1857
f 3540/5113/1997 3546/5126/2003 3345/4773/1857
f 3546/5126/2003 3540/5113/1997 3456/5127/1927
f 3535/5102/1992 3456/5127/1927 3540/5113/1997
f 3535/5102/1992 3446/5128/1917 3456/5127/1927
f 3535/5102/1992 3444/5104/1915 3446/5128/1917
f 3546/5126/2003 3456/5127/1927 3481/5129/1952
f 3481/5129/1952 3545/5125/2002 3546/5126/2003
f 3481/5129/1952 3482/5124/1953 3545/5125/2002
f 3211/4602/1797 3517/5028/1974 3513/5020/1970
f 3513/5020/1970 3517/5028/1974 3284/4688/1843
f 3291/5003/83 3212/4603/1796 3211/4602/1797
f 3236/4629/2004 3547/5130/2005 3235/4628/2006
f 3548/5131/2007 3271/4672/2008 3270/4670/2009
f 3238/4631/2010 3549/5132/2011 3236/4629/2004
f 3547/5133/2005 3269/4668/2012 3235/4666/2006
f 3550/5134/2013 3270/4670/2009 3269/4668/2012
f 3240/4633/2014 3551/5135/2015 3238/4631/2010
f 3236/4629/2004 3549/5132/2011 3547/5130/2005
f 3548/5131/2007 3552/5136/2016 3271/4672/2008
f 3238/4631/2010 3551/5135/2015 3549/5132/2011
f 3547/5133/2005 3550/5134/2013 3269/4668/2012
f 3550/5134/2013 3548/5131/2007 3270/4670/2009
f 3240/4633/2014 3553/5137/2017 3551/5135/2015
f 3566/5138/211 3568/5139/116 3567/5140/2018
f 3566/5138/211 3569/5141/2019 3568/5139/116
f 3566/5138/211 3570/5142/82 3569/5141/2019
f 3566/5138/211 3571/5143/82 3570/5142/82
f 3572/5144/2020 3574/5145/2021 3573/5146/2022
f 3575/5147/2023 3574/5145/2021 3572/5144/2020
f 3575/5147/2023 3572/5144/2020 3576/5148/2021
f 3568/5149/116 3578/5150/113 3577/5151/390
f 3568/5149/116 3579/5152/113 3578/5150/113
f 3568/5149/116 3569/5153/2019 3579/5152/113
f 3580/5154/113 3582/5155/113 3581/5156/173
f 3580/5154/113 3583/5157/114 3582/5155/113
f 3580/5154/113 3584/5158/113 3583/5157/114
f 3580/5154/113 3585/5159/113 3584/5158/113
f 3580/5154/113 3586/5160/113 3585/5159/113
f 3580/5154/113 3587/5161/555 3586/5160/113
f 3580/5154/113 3588/5162/2024 3587/5161/555
f 3580/5154/113 3589/5163/113 3588/5162/2024
f 3590/5164/68 3592/5165/238 3591/5166/68
f 3590/5164/68 3593/5167/2025 3592/5165/238
f 3590/5164/68 3594/5168/79 3593/5167/2025
f 3590/5164/68 3595/5169/79 3594/5168/79
f 3590/5164/68 3596/5170/78 3595/5169/79
f 3603/5171/2026 3605/5172/2027 3604/5173/2028
f 3606/5174/68 3608/5175/68 3607/5176/68
f 3606/5174/68 3609/5177/939 3608/5175/68
f 3606/5174/68 3610/5178/79 3609/5177/939
f 3606/5174/68 3611/5179/505 3610/5178/79
f 3606/5174/68 3612/5180/2029 3611/5179/505
f 3613/5181/2030 3615/5182/2031 3614/5183/2032
f 3613/5181/2030 3616/5184/2033 3615/5182/2031
f 3617/5185/2034 3616/5184/2033 3613/5181/2030
f 3618/5186/2035 3619/5187/2036 3615/5182/2031
f 3618/5186/2035 3615/5182/2031 3616/5184/2033
f 3618/5186/2035 3616/5184/2033 3620/5188/2037
f 3617/5185/2034 3620/5188/2037 3616/5184/2033
f 3617/5185/2034 3621/5189/2038 3620/5188/2037
f 3617/5185/2034 3622/5190/2039 3621/5189/2038
f 3623/5191/2040 3625/5192/2041 3624/5193/2042
f 3623/5191/2040 3626/5194/2043 3625/5192/2041
f 3627/5195/2044 3626/5194/2043 3623/5191/2040
f 3627/5195/2044 3628/5196/2045 3626/5194/2043
f 3629/5197/2046 3628/5196/2045 3627/5195/2044
f 3629/5197/2046 3630/5198/2047 3628/5196/2045
f 3626/5194/2043 3628/5196/2045 3630/5198/2047
f 3626/5194/2043 3630/5198/2047 3619/5187/2036
f 3626/5194/2043 3619/5187/2036 3618/5186/2035
f 3618/5186/2035 3625/5192/2041 3626/5194/2043
f 3618/5186/2035 3631/5199/68 3625/5192/2041
f 3620/5188/2037 3631/5199/68 3618/5186/2035
f 3620/5188/2037 3621/5189/2038 3631/5199/68
f 3624/5200/2042 3602/5201/2048 3632/5202/83
f 3624/5200/2042 3600/5203/2049 3602/5201/2048
f 3625/5204/2041 3600/5203/2049 3624/5200/2042
f 3625/5204/2041 3599/5205/2050 3600/5203/2049
f 3631/5206/68 3599/5205/2050 3625/5204/2041
f 3631/5206/68 3633/5207/2051 3599/5205/2050
f 3621/5208/2038 3633/5207/2051 3631/5206/68
f 3621/5208/2038 3634/5209/2052 3633/5207/2051
f 3622/5210/2039 3634/5209/2052 3621/5208/2038
f 3622/5210/2039 3635/5211/2053 3634/5209/2052
f 3636/5212/83 3635/5211/2053 3622/5210/2039
f 3636/5212/83 3637/5213/2054 3635/5211/2053
f 3638/5214/2055 3637/5213/2054 3636/5212/83
f 3638/5214/2055 3639/5215/2056 3637/5213/2054
f 3640/5216/2057 3639/5215/2056 3638/5214/2055
f 3640/5216/2057 3641/5217/2058 3639/5215/2056
f 3642/5218/2059 3641/5217/2058 3640/5216/2057
f 3642/5218/2059 3643/5219/2060 3641/5217/2058
f 3644/5220/2061 3603/5221/2026 3645/5222/2062
f 3644/5220/2061 3605/5223/2027 3603/5221/2026
f 3646/5224/2063 3605/5223/2027 3644/5220/2061
f 3646/5224/2063 3604/5225/2028 3605/5223/2027
f 3632/5202/83 3604/5225/2028 3646/5224/2063
f 3632/5202/83 3602/5201/2048 3604/5225/2028
f 3647/5226/2064 3649/5227/2065 3648/5228/2066
f 3579/5229/113 3569/5230/2019 3650/5231/2067
f 3569/5230/2019 3570/5232/82 3651/5233/2068
f 3569/5230/2019 3651/5233/2068 3650/5231/2067
f 3652/5234/2069 3650/5231/2067 3651/5233/2068
f 3614/5235/2032 3650/5231/2067 3652/5234/2069
f 3615/5236/2031 3650/5231/2067 3614/5235/2032
f 3619/5237/2036 3650/5231/2067 3615/5236/2031
f 3619/5237/2036 3630/5238/2047 3650/5231/2067
f 3630/5238/2047 3629/5239/2046 3650/5231/2067
f 3629/5239/2046 3653/5240/2070 3650/5231/2067
f 3654/5241/2071 3650/5231/2067 3653/5240/2070
f 3655/5242/507 3650/5231/2067 3654/5241/2071
f 3656/5243/507 3655/5242/507 3657/5244/507
f 3656/5243/507 3650/5231/2067 3655/5242/507
f 3656/5243/507 3579/5229/113 3650/5231/2067
f 3656/5243/507 3578/5245/113 3579/5229/113
f 3656/5243/507 3658/5246/507 3578/5245/113
f 3656/5243/507 3659/5247/2072 3658/5246/507
f 3656/5243/507 3610/5248/79 3659/5247/2072
f 3656/5243/507 3660/5249/507 3610/5248/79
f 3610/5248/79 3660/5249/507 3661/5250/507
f 3610/5248/79 3661/5250/507 3609/5251/939
f 3656/5243/507 3662/5252/507 3660/5249/507
f 3663/5253/507 3665/5254/507 3664/5255/507
f 3663/5253/507 3666/5256/507 3665/5254/507
f 3663/5253/507 3656/5243/507 3666/5256/507
f 3587/5257/555 3656/5243/507 3663/5253/507
f 3656/5243/507 3587/5257/555 3588/5258/2024
f 3656/5243/507 3588/5258/2024 3662/5252/507
f 3662/5252/507 3588/5258/2024 3667/5259/507
f 3662/5252/507 3667/5259/507 3668/5260/2073
f 3594/5261/79 3669/5262/507 3593/5263/2025
f 3594/5261/79 3670/5264/507 3669/5262/507
f 3594/5261/79 3671/5265/507 3670/5264/507
f 3594/5261/79 3672/5266/507 3671/5265/507
f 3594/5261/79 3663/5253/507 3672/5266/507
f 3587/5257/555 3663/5253/507 3594/5261/79
f 3587/5257/555 3674/5267/511 3673/5268/2074
f 3587/5257/555 3675/5269/507 3674/5267/511
f 3587/5257/555 3676/5270/507 3675/5269/507
f 3587/5257/555 3677/5271/507 3676/5270/507
f 3587/5257/555 3594/5261/79 3677/5271/507
f 3677/5271/507 3594/5261/79 3678/5272/1456
f 3679/5273/113 3673/5274/2074 3674/5275/511
f 3679/5273/113 3680/5276/113 3673/5274/2074
f 3679/5273/113 3681/5277/113 3680/5276/113
f 3679/5273/113 3682/5278/113 3681/5277/113
f 3679/5273/113 3683/5279/113 3682/5278/113
f 3679/5273/113 3684/5280/113 3683/5279/113
f 3608/5281/68 3684/5280/113 3679/5273/113
f 3608/5281/68 3685/5282/113 3684/5280/113
f 3608/5281/68 3686/5283/113 3685/5282/113
f 3608/5281/68 3687/5284/113 3686/5283/113
f 3608/5281/68 3688/5285/113 3687/5284/113
f 3687/5284/113 3688/5285/113 3689/5286/113
f 3687/5284/113 3689/5286/113 3690/5287/113
f 3687/5284/113 3690/5287/113 3691/5288/113
f 3687/5284/113 3691/5288/113 3668/5289/2073
f 3687/5284/113 3668/5289/2073 3667/5290/507
f 3692/5291/113 3609/5292/939 3661/5293/507
f 3692/5291/113 3608/5281/68 3609/5292/939
f 3608/5281/68 3692/5291/113 3693/5294/113
f 3608/5281/68 3693/5294/113 3694/5295/113
f 3608/5281/68 3694/5295/113 3695/5296/113
f 3608/5281/68 3695/5296/113 3688/5285/113
f 3696/5297/113 3698/5298/113 3697/5299/113
f 3696/5297/113 3699/5300/113 3698/5298/113
f 3696/5297/113 3700/5301/113 3699/5300/113
f 3696/5297/113 3701/5302/113 3700/5301/113
f 3696/5297/113 3702/5303/113 3701/5302/113
f 3696/5297/113 3662/5304/507 3702/5303/113
f 3696/5297/113 3660/5305/507 3662/5304/507
f 3696/5297/113 3703/5306/113 3660/5305/507
f 3704/5307/2075 3706/5308/2076 3705/5309/75
f 3704/5307/2075 3707/5310/2077 3706/5308/2076
f 3707/5310/2077 3708/5311/2078 3706/5308/2076
f 3707/5310/2077 3709/5312/2079 3708/5311/2078
f 3707/5310/2077 3710/5313/2080 3709/5312/2079
f 3707/5310/2077 3711/5314/2081 3710/5313/2080
f 3707/5310/2077 3712/5315/75 3711/5314/2081
f 3707/5310/2077 3713/5316/75 3712/5315/75
f 3713/5316/75 3714/5317/75 3712/5315/75
f 3713/5316/75 3715/5318/2082 3714/5317/75
f 3713/5316/75 3716/5319/169 3715/5318/2082
f 3713/5316/75 3717/5320/75 3716/5319/169
f 3707/5310/2077 3717/5320/75 3713/5316/75
f 3707/5310/2077 3718/5321/2083 3717/5320/75
f 3704/5307/2075 3718/5321/2083 3707/5310/2077
f 3704/5307/2075 3719/5322/2084 3718/5321/2083
f 3720/5323/185 3722/5324/185 3721/5325/185
f 3720/5323/185 3723/5326/185 3722/5324/185
f 3720/5323/185 3724/5327/185 3723/5326/185
f 3720/5323/185 3725/5328/185 3724/5327/185
f 3720/5323/185 3726/5329/185 3725/5328/185
f 3720/5323/185 3656/5330/507 3726/5329/185
f 3720/5323/185 3666/5331/507 3656/5330/507
f 3720/5323/185 3727/5332/185 3666/5331/507
f 3728/5333/2085 3730/5334/2086 3729/5335/2087
f 3591/5336/68 3730/5334/2086 3728/5333/2085
f 3591/5336/68 3592/5337/238 3730/5334/2086
f 3731/5338/2072 3643/5219/2060 3642/5218/2059
f 3731/5338/2072 3732/5339/2088 3643/5219/2060
f 3733/5340/507 3732/5339/2088 3731/5338/2072
f 3733/5340/507 3734/5341/2089 3732/5339/2088
f 3735/5342/507 3734/5341/2089 3733/5340/507
f 3735/5342/507 3736/5343/2090 3734/5341/2089
f 3737/5344/507 3736/5343/2090 3735/5342/507
f 3737/5344/507 3738/5345/2091 3736/5343/2090
f 3739/5346/507 3738/5345/2091 3737/5344/507
f 3739/5346/507 3598/5347/2092 3738/5345/2091
f 3740/5348/507 3598/5347/2092 3739/5346/507
f 3740/5348/507 3597/5349/2093 3598/5347/2092
f 3741/5350/507 3597/5349/2093 3740/5348/507
f 3741/5350/507 3601/5351/2094 3597/5349/2093
f 3645/5352/2062 3601/5351/2094 3741/5350/507
f 3645/5352/2062 3603/5353/2026 3601/5351/2094
f 3742/5354/185 3744/5355/185 3743/5356/185
f 3742/5354/185 3745/5357/185 3744/5355/185
f 3742/5354/185 3746/5358/185 3745/5357/185
f 3742/5354/185 3747/5359/185 3746/5358/185
f 3742/5354/185 3748/5360/185 3747/5359/185
f 3742/5354/185 3663/5361/507 3748/5360/185
f 3742/5354/185 3672/5362/507 3663/5361/507
f 3742/5354/185 3749/5363/185 3672/5362/507
f 3750/5364/2095 3752/5365/2096 3751/5366/2097
f 3750/5364/2095 3753/5367/2098 3752/5365/2096
f 3750/5364/2095 3716/5368/169 3753/5367/2098
f 3750/5364/2095 3715/5369/2082 3716/5368/169
f 3750/5364/2095 3754/5370/2099 3715/5369/2082
f 3754/5370/2099 3714/5371/75 3715/5369/2082
f 3754/5370/2099 3755/5372/2100 3714/5371/75
f 3754/5370/2099 3756/5373/2101 3755/5372/2100
f 3757/5374/2102 3756/5373/2101 3754/5370/2099
f 3670/5264/507 3750/5364/2095 3669/5262/507
f 3670/5264/507 3754/5370/2099 3750/5364/2095
f 3595/5375/79 3678/5376/1456 3594/5377/79
f 3595/5375/79 3758/5378/2103 3678/5376/1456
f 3578/5150/113 3759/5379/2104 3577/5151/390
f 3578/5150/113 3658/5380/507 3759/5379/2104
f 3760/5381/2105 3658/5380/507 3659/5382/2072
f 3760/5381/2105 3759/5379/2104 3658/5380/507
f 3676/5383/507 3762/5384/2106 3761/5385/2107
f 3676/5383/507 3677/5386/507 3762/5384/2106
f 3611/5387/505 3659/5382/2072 3610/5388/79
f 3611/5387/505 3760/5381/2105 3659/5382/2072
f 3758/5378/2103 3677/5386/507 3678/5376/1456
f 3758/5378/2103 3762/5384/2106 3677/5386/507
f 3607/5389/68 3679/5273/113 3763/5390/2085
f 3607/5389/68 3608/5281/68 3679/5273/113
f 3675/5391/507 3761/5385/2107 3764/5392/113
f 3675/5391/507 3676/5383/507 3761/5385/2107
f 3765/5393/75 3675/5394/507 3764/5395/113
f 3765/5393/75 3674/5396/511 3675/5394/507
f 3765/5393/75 3679/5397/113 3674/5396/511
f 3679/5397/113 3765/5393/75 3766/5398/75
f 3679/5397/113 3766/5398/75 3763/5399/2085
f 3767/5400/2108 3740/5401/507 3739/5402/507
f 3767/5400/2108 3739/5402/507 3768/5403/2109
f 3769/5404/2110 3767/5400/2108 3768/5403/2109
f 3769/5404/2110 3768/5403/2109 3770/5405/2111
f 3771/5406/2112 3769/5404/2110 3770/5405/2111
f 3772/5407/2113 3771/5406/2112 3770/5405/2111
f 3772/5407/2113 3770/5405/2111 3773/5408/2114
f 3772/5407/2113 3773/5408/2114 3774/5409/2115
f 3774/5409/2115 3773/5408/2114 3775/5410/2116
f 3774/5409/2115 3775/5410/2116 3776/5411/2117
f 3777/5412/2118 3776/5411/2117 3775/5410/2116
f 3777/5412/2118 3775/5410/2116 3778/5413/2116
f 3775/5410/2116 3779/5414/68 3778/5413/2116
f 3780/5415/2119 3782/5416/2120 3781/5417/2116
f 3783/5418/2121 3735/5419/507 3733/5420/507
f 3783/5418/2121 3733/5420/507 3784/5421/2122
f 3785/5422/2123 3783/5418/2121 3784/5421/2122
f 3785/5422/2123 3780/5415/2119 3783/5418/2121
f 3785/5422/2123 3786/5423/2124 3780/5415/2119
f 3786/5423/2124 3787/5424/2125 3780/5415/2119
f 3788/5425/2118 3780/5415/2119 3787/5424/2125
f 3788/5425/2118 3782/5416/2120 3780/5415/2119
f 3789/5426/2118 3782/5416/2120 3788/5425/2118
f 3789/5426/2118 3781/5417/2116 3782/5416/2120
f 3777/5412/2118 3781/5417/2116 3789/5426/2118
f 3777/5412/2118 3778/5413/2116 3781/5417/2116
f 3780/5415/2119 3781/5417/2116 3778/5413/2116
f 3780/5415/2119 3778/5413/2116 3779/5414/68
f 3780/5415/2119 3779/5414/68 3783/5418/2121
f 3779/5414/68 3735/5419/507 3783/5418/2121
f 3779/5414/68 3737/5427/507 3735/5419/507
f 3768/5403/2109 3737/5427/507 3779/5414/68
f 3775/5410/2116 3768/5403/2109 3779/5414/68
f 3775/5410/2116 3770/5405/2111 3768/5403/2109
f 3775/5410/2116 3773/5408/2114 3770/5405/2111
f 3768/5403/2109 3739/5402/507 3737/5427/507
f 3790/5428/2126 3792/5429/2127 3791/5430/2128
f 3790/5428/2126 3793/5431/2129 3792/5429/2127
f 3794/5432/2130 3792/5429/2127 3793/5431/2129
f 3795/5433/2131 3791/5430/2128 3796/5434/2132
f 3795/5433/2131 3790/5428/2126 3791/5430/2128
f 3797/5435/2133 3790/5428/2126 3795/5433/2131
f 3797/5435/2133 3798/5436/2134 3790/5428/2126
f 3798/5436/2134 3793/5431/2129 3790/5428/2126
f 3798/5436/2134 3799/5437/2135 3793/5431/2129
f 3800/5438/2136 3793/5431/2129 3799/5437/2135
f 3794/5432/2130 3793/5431/2129 3800/5438/2136
f 3801/5439/2137 3794/5432/2130 3800/5438/2136
f 3802/5440/2138 3798/5436/2134 3797/5435/2133
f 3802/5440/2138 3803/5441/2139 3798/5436/2134
f 3803/5441/2139 3799/5437/2135 3798/5436/2134
f 3803/5441/2139 3804/5442/2140 3799/5437/2135
f 3805/5443/2141 3799/5437/2135 3804/5442/2140
f 3800/5438/2136 3799/5437/2135 3805/5443/2141
f 3806/5444/2142 3800/5438/2136 3805/5443/2141
f 3801/5439/2137 3800/5438/2136 3806/5444/2142
f 3807/5445/2143 3801/5439/2137 3806/5444/2142
f 3808/5446/2144 3803/5441/2139 3802/5440/2138
f 3808/5446/2144 3809/5447/2145 3803/5441/2139
f 3809/5447/2145 3804/5442/2140 3803/5441/2139
f 3810/5448/2146 3809/5447/2145 3808/5446/2144
f 3811/5449/2147 3788/5450/2118 3812/5451/2148
f 3812/5451/2148 3788/5450/2118 3787/5452/2125
f 3812/5451/2148 3787/5452/2125 3813/5453/2149
f 3813/5453/2149 3787/5452/2125 3786/5454/2124
f 3813/5453/2149 3786/5454/2124 3814/5455/2150
f 3814/5455/2150 3786/5454/2124 3785/5456/2123
f 3814/5455/2150 3785/5456/2123 3807/5445/2143
f 3807/5445/2143 3806/5444/2142 3814/5455/2150
f 3814/5455/2150 3806/5444/2142 3815/5457/2151
f 3806/5444/2142 3805/5443/2141 3815/5457/2151
f 3815/5457/2151 3805/5443/2141 3816/5458/2152
f 3805/5443/2141 3804/5442/2140 3816/5458/2152
f 3816/5458/2152 3804/5442/2140 3817/5459/2153
f 3809/5447/2145 3817/5459/2153 3804/5442/2140
f 3818/5460/2154 3817/5459/2153 3809/5447/2145
f 3810/5448/2146 3818/5460/2154 3809/5447/2145
f 3810/5448/2146 3819/5461/2155 3818/5460/2154
f 3810/5448/2146 3820/5462/2156 3819/5461/2155
f 3816/5458/2152 3817/5459/2153 3821/5463/2157
f 3822/5464/2158 3821/5463/2157 3823/5465/2159
f 3822/5464/2158 3816/5458/2152 3821/5463/2157
f 3815/5457/2151 3816/5458/2152 3822/5464/2158
f 3814/5455/2150 3815/5457/2151 3813/5453/2149
f 3813/5453/2149 3815/5457/2151 3822/5464/2158
f 3813/5453/2149 3822/5464/2158 3812/5451/2148
f 3812/5451/2148 3822/5464/2158 3823/5465/2159
f 3812/5451/2148 3823/5465/2159 3811/5449/2147
f 3824/5466/2160 3811/5449/2147 3823/5465/2159
f 3824/5466/2160 3823/5465/2159 3825/5467/2161
f 3825/5467/2161 3823/5465/2159 3821/5463/2157
f 3825/5467/2161 3821/5463/2157 3826/5468/2162
f 3826/5468/2162 3821/5463/2157 3817/5459/2153
f 3826/5468/2162 3817/5459/2153 3827/5469/2163
f 3818/5460/2154 3827/5469/2163 3817/5459/2153
f 3818/5460/2154 3828/5470/2164 3827/5469/2163
f 3818/5460/2154 3819/5461/2155 3828/5470/2164
f 3829/5471/2165 3831/5472/2166 3830/5473/2167
f 3826/5468/2162 3827/5469/2163 3828/5470/2164
f 3826/5468/2162 3828/5470/2164 3831/5472/2166
f 3831/5472/2166 3828/5470/2164 3832/5474/2168
f 3831/5472/2166 3832/5474/2168 3830/5473/2167
f 3830/5473/2167 3832/5474/2168 3833/5475/2169
f 3830/5473/2167 3833/5475/2169 3834/5476/2170
f 3835/5477/2171 3830/5473/2167 3834/5476/2170
f 3829/5471/2165 3830/5473/2167 3835/5477/2171
f 3836/5478/2172 3829/5471/2165 3835/5477/2171
f 3824/5466/2160 3829/5471/2165 3836/5478/2172
f 3824/5466/2160 3825/5467/2161 3829/5471/2165
f 3825/5467/2161 3831/5472/2166 3829/5471/2165
f 3825/5467/2161 3826/5468/2162 3831/5472/2166
f 3837/5479/2173 3828/5470/2164 3819/5461/2155
f 3837/5479/2173 3832/5474/2168 3828/5470/2164
f 3838/5480/2174 3832/5474/2168 3837/5479/2173
f 3838/5480/2174 3833/5475/2169 3832/5474/2168
f 3839/5481/2175 3833/5475/2169 3838/5480/2174
f 3839/5481/2175 3840/5482/2176 3833/5475/2169
f 3834/5476/2170 3833/5475/2169 3840/5482/2176
f 3834/5476/2170 3840/5482/2176 3841/5483/2177
f 3842/5484/2178 3834/5476/2170 3841/5483/2177
f 3835/5477/2171 3834/5476/2170 3842/5484/2178
f 3843/5485/2179 3835/5477/2171 3842/5484/2178
f 3836/5478/2172 3835/5477/2171 3843/5485/2179
f 3843/5485/2179 3776/5486/2117 3836/5478/2172
f 3824/5466/2160 3836/5478/2172 3776/5486/2117
f 3824/5466/2160 3776/5486/2117 3777/5487/2118
f 3824/5466/2160 3777/5487/2118 3789/5488/2118
f 3824/5466/2160 3789/5488/2118 3811/5449/2147
f 3811/5449/2147 3789/5488/2118 3788/5450/2118
f 3844/5489/2180 3769/5490/2110 3771/5491/2112
f 3845/5492/2181 3819/5461/2155 3820/5462/2156
f 3845/5492/2181 3837/5479/2173 3819/5461/2155
f 3846/5493/2182 3837/5479/2173 3845/5492/2181
f 3846/5493/2182 3838/5480/2174 3837/5479/2173
f 3847/5494/2183 3838/5480/2174 3846/5493/2182
f 3847/5494/2183 3839/5481/2175 3838/5480/2174
f 3848/5495/2184 3839/5481/2175 3847/5494/2183
f 3848/5495/2184 3849/5496/2185 3839/5481/2175
f 3849/5496/2185 3840/5482/2176 3839/5481/2175
f 3849/5496/2185 3850/5497/2186 3840/5482/2176
f 3841/5483/2177 3840/5482/2176 3850/5497/2186
f 3841/5483/2177 3850/5497/2186 3647/5498/2064
f 3851/5499/2187 3841/5483/2177 3647/5498/2064
f 3851/5499/2187 3647/5498/2064 3852/5500/2188
f 3853/5501/2189 3851/5499/2187 3852/5500/2188
f 3853/5501/2189 3852/5500/2188 3844/5489/2180
f 3844/5489/2180 3771/5491/2112 3853/5501/2189
f 3853/5501/2189 3771/5491/2112 3772/5502/2113
f 3843/5485/2179 3774/5503/2115 3776/5486/2117
f 3842/5484/2178 3841/5483/2177 3851/5499/2187
f 3854/5504/2190 3842/5484/2178 3851/5499/2187
f 3854/5504/2190 3851/5499/2187 3853/5501/2189
f 3853/5501/2189 3772/5502/2113 3854/5504/2190
f 3854/5504/2190 3772/5502/2113 3774/5503/2115
f 3854/5504/2190 3774/5503/2115 3843/5485/2179
f 3843/5485/2179 3842/5484/2178 3854/5504/2190
f 3756/5505/2101 3856/5506/2191 3855/5507/2192
f 3756/5505/2101 3757/5508/2102 3856/5506/2191
f 3757/5508/2102 3573/5146/2022 3856/5506/2191
f 3757/5508/2102 3754/5509/2099 3573/5146/2022
f 3572/5144/2020 3573/5146/2022 3754/5509/2099
f 3572/5144/2020 3754/5509/2099 3670/5510/507
f 3857/5511/2193 3572/5144/2020 3670/5510/507
f 3857/5511/2193 3670/5510/507 3671/5512/507
f 3858/5513/2193 3572/5144/2020 3857/5511/2193
f 3572/5144/2020 3858/5513/2193 3859/5514/2194
f 3572/5144/2020 3859/5514/2194 3860/5515/2194
f 3572/5144/2020 3860/5515/2194 3861/5516/2193
f 3862/5517/2193 3664/5518/507 3665/5519/507
f 3862/5517/2193 3863/5520/2193 3664/5518/507
f 3862/5517/2193 3864/5521/2193 3863/5520/2193
f 3862/5517/2193 3865/5522/2194 3864/5521/2193
f 3862/5517/2193 3861/5516/2193 3865/5522/2194
f 3866/5523/2194 3861/5516/2193 3862/5517/2193
f 3572/5144/2020 3861/5516/2193 3866/5523/2194
f 3572/5144/2020 3866/5523/2194 3867/5524/2193
f 3572/5144/2020 3867/5524/2193 3868/5525/2194
f 3572/5144/2020 3868/5525/2194 3576/5148/2021
f 3576/5148/2021 3868/5525/2194 3869/5526/2194
f 3576/5148/2021 3869/5526/2194 3870/5527/2193
f 3576/5148/2021 3870/5527/2193 3871/5528/2194
f 3576/5148/2021 3871/5528/2194 3872/5529/2193
f 3576/5148/2021 3872/5529/2193 3657/5530/507
f 3576/5148/2021 3657/5530/507 3655/5531/507
f 3873/5532/2195 3632/5533/83 3646/5534/2063
f 3873/5532/2195 3624/5535/2042 3632/5533/83
f 3873/5532/2195 3623/5536/2040 3624/5535/2042
f 3874/5537/2196 3646/5534/2063 3644/5538/2061
f 3873/5532/2195 3646/5534/2063 3874/5537/2196
f 3873/5532/2195 3874/5537/2196 3875/5539/2197
f 3873/5532/2195 3875/5539/2197 3876/5540/2198
f 3876/5540/2198 3623/5536/2040 3873/5532/2195
f 3876/5540/2198 3627/5541/2044 3623/5536/2040
f 3844/5542/2180 3767/5543/2108 3769/5544/2110
f 3653/5545/2070 3629/5546/2046 3627/5541/2044
f 3653/5545/2070 3627/5541/2044 3876/5540/2198
f 3876/5540/2198 3654/5547/2071 3653/5545/2070
f 3876/5540/2198 3875/5539/2197 3654/5547/2071
f 3875/5539/2197 3655/5531/507 3654/5547/2071
f 3875/5539/2197 3575/5147/2023 3655/5531/507
f 3874/5537/2196 3575/5147/2023 3875/5539/2197
f 3874/5537/2196 3877/5548/2199 3575/5147/2023
f 3874/5537/2196 3644/5538/2061 3877/5548/2199
f 3878/5549/2200 3877/5548/2199 3644/5538/2061
f 3878/5549/2200 3644/5538/2061 3645/5550/2062
f 3878/5549/2200 3645/5550/2062 3741/5551/507
f 3878/5549/2200 3741/5551/507 3879/5552/2201
f 3879/5552/2201 3741/5551/507 3740/5553/507
f 3879/5552/2201 3740/5553/507 3767/5543/2108
f 3844/5542/2180 3879/5552/2201 3767/5543/2108
f 3844/5542/2180 3878/5549/2200 3879/5552/2201
f 3844/5542/2180 3852/5554/2188 3878/5549/2200
f 3878/5549/2200 3852/5554/2188 3647/5226/2064
f 3878/5549/2200 3647/5226/2064 3648/5228/2066
f 3878/5549/2200 3648/5228/2066 3877/5548/2199
f 3880/5555/2202 3648/5228/2066 3649/5227/2065
f 3880/5555/2202 3881/5556/2203 3648/5228/2066
f 3881/5556/2203 3880/5555/2202 3574/5145/2021
f 3881/5556/2203 3574/5145/2021 3575/5147/2023
f 3880/5555/2202 3573/5146/2022 3574/5145/2021
f 3856/5506/2191 3573/5146/2022 3880/5555/2202
f 3856/5506/2191 3880/5555/2202 3882/5557/2204
f 3855/5507/2192 3856/5506/2191 3882/5557/2204
f 3855/5507/2192 3882/5557/2204 3883/5558/2205
f 3883/5558/2205 3882/5557/2204 3849/5559/2185
f 3883/5558/2205 3849/5559/2185 3848/5560/2184
f 3882/5557/2204 3850/5561/2186 3849/5559/2185
f 3882/5557/2204 3880/5555/2202 3850/5561/2186
f 3649/5227/2065 3850/5561/2186 3880/5555/2202
f 3649/5227/2065 3647/5226/2064 3850/5561/2186
f 3592/5337/238 3593/5562/2025 3669/5563/507
f 3592/5337/238 3669/5563/507 3730/5334/2086
f 3669/5563/507 3729/5335/2087 3730/5334/2086
f 3669/5563/507 3750/5564/2095 3729/5335/2087
f 3884/5565/2206 3729/5335/2087 3750/5564/2095
f 3884/5565/2206 3750/5564/2095 3751/5566/2097
f 3796/5567/2132 3886/5568/2207 3885/5569/2208
f 3796/5567/2132 3791/5570/2128 3886/5568/2207
f 3887/5571/2209 3751/5566/2097 3752/5572/2096
f 3887/5571/2209 3884/5565/2206 3751/5566/2097
f 3885/5569/2208 3884/5565/2206 3887/5571/2209
f 3885/5569/2208 3886/5568/2207 3884/5565/2206
f 3886/5568/2207 3729/5335/2087 3884/5565/2206
f 3886/5568/2207 3888/5573/2210 3729/5335/2087
f 3791/5570/2128 3888/5573/2210 3886/5568/2207
f 3791/5570/2128 3792/5574/2127 3888/5573/2210
f 3590/5575/68 3591/5336/68 3728/5333/2085
f 3888/5573/2210 3728/5333/2085 3729/5335/2087
f 3590/5575/68 3728/5333/2085 3888/5573/2210
f 3792/5574/2127 3590/5575/68 3888/5573/2210
f 3792/5574/2127 3596/5576/78 3590/5575/68
f 3792/5574/2127 3765/5577/75 3596/5576/78
f 3606/5578/68 3607/5389/68 3763/5390/2085
f 3606/5578/68 3763/5390/2085 3766/5579/75
f 3765/5577/75 3606/5578/68 3766/5579/75
f 3765/5577/75 3612/5580/2029 3606/5578/68
f 3612/5580/2029 3765/5577/75 3792/5574/2127
f 3612/5580/2029 3792/5574/2127 3889/5581/2211
f 3889/5581/2211 3792/5574/2127 3794/5582/2130
f 3567/5583/2018 3889/5581/2211 3794/5582/2130
f 3567/5583/2018 3794/5582/2130 3801/5584/2137
f 3567/5583/2018 3801/5584/2137 3890/5585/2212
f 3807/5586/2143 3890/5585/2212 3801/5584/2137
f 3891/5587/2213 3731/5588/2072 3642/5589/2059
f 3784/5590/2122 3731/5588/2072 3891/5587/2213
f 3784/5590/2122 3733/5591/507 3731/5588/2072
f 3652/5592/2069 3651/5593/2068 3892/5594/2214
f 3652/5592/2069 3892/5594/2214 3893/5595/2215
f 3893/5595/2215 3614/5596/2032 3652/5592/2069
f 3893/5595/2215 3613/5597/2030 3614/5596/2032
f 3894/5598/2216 3613/5597/2030 3893/5595/2215
f 3894/5598/2216 3617/5599/2034 3613/5597/2030
f 3894/5598/2216 3622/5600/2039 3617/5599/2034
f 3894/5598/2216 3636/5601/83 3622/5600/2039
f 3894/5598/2216 3638/5602/2055 3636/5601/83
f 3894/5598/2216 3895/5603/2217 3638/5602/2055
f 3895/5603/2217 3640/5604/2057 3638/5602/2055
f 3567/5583/2018 3640/5604/2057 3895/5603/2217
f 3567/5583/2018 3642/5589/2059 3640/5604/2057
f 3567/5583/2018 3890/5585/2212 3642/5589/2059
f 3891/5587/2213 3642/5589/2059 3890/5585/2212
f 3807/5586/2143 3891/5587/2213 3890/5585/2212
f 3807/5586/2143 3784/5590/2122 3891/5587/2213
f 3807/5586/2143 3785/5605/2123 3784/5590/2122
f 3567/5583/2018 3895/5603/2217 3566/5606/211
f 3571/5607/82 3566/5606/211 3895/5603/2217
f 3571/5607/82 3895/5603/2217 3892/5594/2214
f 3570/5608/82 3571/5607/82 3892/5594/2214
f 3570/5608/82 3892/5594/2214 3651/5593/2068
f 3893/5595/2215 3895/5603/2217 3894/5598/2216
f 3893/5595/2215 3892/5594/2214 3895/5603/2217
f 3596/5609/78 3758/5610/2103 3595/5611/79
f 3761/5612/2107 3758/5610/2103 3596/5609/78
f 3761/5612/2107 3596/5609/78 3765/5613/75
f 3761/5612/2107 3765/5613/75 3764/5614/113
f 3758/5610/2103 3761/5612/2107 3762/5615/2106
f 3760/5616/2105 3577/5617/390 3759/5618/2104
f 3577/5617/390 3760/5616/2105 3612/5619/2029
f 3577/5617/390 3612/5619/2029 3889/5620/2211
f 3577/5617/390 3889/5620/2211 3567/5621/2018
f 3577/5617/390 3567/5621/2018 3568/5622/116
f 3612/5619/2029 3760/5616/2105 3611/5623/505
f 3885/5624/2208 3896/5625/2218 3796/5626/2132
f 3885/5624/2208 3897/5627/2219 3896/5625/2218
f 3887/5628/2209 3897/5627/2219 3885/5624/2208
f 3898/5629/2220 3717/5320/75 3718/5321/2083
f 3899/5630/2221 3808/5631/2144 3900/5632/2222
f 3900/5632/2222 3808/5631/2144 3802/5633/2138
f 3900/5632/2222 3802/5633/2138 3901/5634/2223
f 3901/5634/2223 3802/5633/2138 3797/5635/2133
f 3901/5634/2223 3797/5635/2133 3902/5636/2224
f 3902/5636/2224 3797/5635/2133 3795/5637/2131
f 3902/5636/2224 3795/5637/2131 3903/5638/2225
f 3903/5638/2225 3795/5637/2131 3796/5626/2132
f 3903/5638/2225 3796/5626/2132 3896/5625/2218
f 3903/5638/2225 3896/5625/2218 3719/5322/2084
f 3897/5627/2219 3719/5322/2084 3896/5625/2218
f 3897/5627/2219 3718/5321/2083 3719/5322/2084
f 3898/5629/2220 3718/5321/2083 3897/5627/2219
f 3887/5628/2209 3898/5629/2220 3897/5627/2219
f 3752/5639/2096 3898/5629/2220 3887/5628/2209
f 3752/5639/2096 3753/5640/2098 3898/5629/2220
f 3753/5640/2098 3717/5320/75 3898/5629/2220
f 3753/5640/2098 3716/5319/169 3717/5320/75
f 3904/5641/2226 3708/5311/2078 3709/5312/2079
f 3899/5630/2221 3708/5311/2078 3904/5641/2226
f 3899/5630/2221 3706/5308/2076 3708/5311/2078
f 3899/5630/2221 3705/5309/75 3706/5308/2076
f 3899/5630/2221 3900/5632/2222 3705/5309/75
f 3901/5634/2223 3705/5309/75 3900/5632/2222
f 3901/5634/2223 3704/5307/2075 3705/5309/75
f 3902/5636/2224 3704/5307/2075 3901/5634/2223
f 3902/5636/2224 3719/5322/2084 3704/5307/2075
f 3903/5638/2225 3719/5322/2084 3902/5636/2224
f 3905/5642/2227 3714/5317/75 3755/5643/2100
f 3905/5642/2227 3712/5315/75 3714/5317/75
f 3906/5644/2228 3712/5315/75 3905/5642/2227
f 3906/5644/2228 3711/5314/2081 3712/5315/75
f 3907/5645/2229 3711/5314/2081 3906/5644/2228
f 3907/5645/2229 3710/5313/2080 3711/5314/2081
f 3907/5645/2229 3908/5646/2230 3710/5313/2080
f 3855/5647/2192 3755/5643/2100 3756/5648/2101
f 3855/5647/2192 3905/5642/2227 3755/5643/2100
f 3883/5649/2205 3905/5642/2227 3855/5647/2192
f 3883/5649/2205 3906/5644/2228 3905/5642/2227
f 3848/5650/2184 3906/5644/2228 3883/5649/2205
f 3848/5650/2184 3907/5645/2229 3906/5644/2228
f 3847/5651/2183 3907/5645/2229 3848/5650/2184
f 3847/5651/2183 3908/5646/2230 3907/5645/2229
f 3846/5652/2182 3908/5646/2230 3847/5651/2183
f 3846/5652/2182 3909/5653/2231 3908/5646/2230
f 3909/5653/2231 3710/5313/2080 3908/5646/2230
f 3910/5654/2232 3710/5313/2080 3909/5653/2231
f 3910/5654/2232 3709/5312/2079 3710/5313/2080
f 3904/5641/2226 3709/5312/2079 3910/5654/2232
f 3910/5654/2232 3820/5655/2156 3904/5641/2226
f 3899/5630/2221 3904/5641/2226 3820/5655/2156
f 3899/5630/2221 3820/5655/2156 3810/5656/2146
f 3899/5630/2221 3810/5656/2146 3808/5631/2144
f 3910/5654/2232 3845/5657/2181 3820/5655/2156
f 3845/5657/2181 3910/5654/2232 3909/5653/2231
f 3845/5657/2181 3909/5653/2231 3846/5652/2182
f 3575/5147/2023 3877/5548/2199 3881/5556/2203
f 3877/5548/2199 3648/5228/2066 3881/5556/2203
f 3655/5531/507 3575/5147/2023 3576/5148/2021
f 3600/5658/2049 3599/5659/2050 3911/5660/2233
f 3912/5661/2234 3634/5209/2052 3635/5211/2053
f 3602/5662/2048 3600/5658/2049 3913/5663/2235
f 3911/5664/2233 3599/5205/2050 3633/5207/2051
f 3914/5665/2236 3633/5207/2051 3634/5209/2052
f 3604/5173/2028 3602/5662/2048 3915/5666/2237
f 3600/5658/2049 3911/5660/2233 3913/5663/2235
f 3912/5661/2234 3635/5211/2053 3916/5667/2238
f 3602/5662/2048 3913/5663/2235 3915/5666/2237
f 3911/5664/2233 3633/5207/2051 3914/5665/2236
f 3914/5665/2236 3634/5209/2052 3912/5661/2234
f 3604/5173/2028 3915/5666/2237 3917/5668/2239
