# Blender 4.0.2
# www.blender.org
mtllib mercedes_wheel.mtl
o Rim.rl_Circle.001
v 0.253742 -0.000000 -0.576212
v 0.253742 0.112414 -0.565141
v 0.253742 0.220508 -0.532351
v 0.253742 0.320127 -0.479103
v 0.253742 0.407446 -0.407444
v 0.253742 0.479105 -0.320126
v 0.253742 0.532352 -0.220506
v 0.253742 0.565142 -0.112412
v 0.253864 0.576083 -0.001057
v 0.253742 0.565142 0.112414
v 0.253864 0.532638 0.219475
v 0.253742 0.479105 0.320127
v 0.253742 0.407446 0.407446
v 0.253896 0.318889 0.479733
v 0.253742 0.220508 0.532352
v 0.253742 0.112414 0.565142
v 0.253742 0.000000 0.576214
v 0.253742 -0.112414 0.565142
v 0.253742 -0.220508 0.532352
v 0.253742 -0.320127 0.479105
v 0.253742 -0.407444 0.407446
v 0.253742 -0.479103 0.320127
v 0.253742 -0.532351 0.220508
v 0.253742 -0.565141 0.112414
v 0.253982 -0.575951 0.000000
v 0.253742 -0.565141 -0.112414
v 0.253742 -0.532351 -0.220508
v 0.253742 -0.479103 -0.320127
v 0.253742 -0.407444 -0.407444
v 0.253742 -0.320126 -0.479103
v 0.253742 -0.220506 -0.532351
v 0.253742 -0.112412 -0.565141
v -0.254115 -0.112412 -0.565141
v -0.254115 -0.220506 -0.532351
v -0.254462 -0.319074 -0.479370
v -0.254115 -0.407444 -0.407444
v -0.254115 -0.479103 -0.320127
v -0.254115 -0.532351 -0.220508
v -0.254419 -0.564831 -0.112350
v -0.254115 -0.576212 0.000000
v -0.254115 -0.565141 0.112414
v -0.254115 -0.532352 0.220508
v -0.254115 -0.479103 0.320127
v -0.254115 -0.407444 0.407446
v -0.254115 -0.320127 0.479105
v -0.254115 -0.220508 0.532352
v -0.254115 -0.112414 0.565142
v -0.254115 0.000000 0.576214
v -0.254413 0.112498 0.564812
v -0.254426 0.220359 0.532063
v -0.254115 0.320127 0.479105
v -0.254115 0.407446 0.407446
v -0.254115 0.479105 0.320127
v -0.254476 0.531591 0.221359
v -0.254115 0.565142 0.112414
v -0.254413 0.575906 -0.000147
v -0.254115 0.565142 -0.112412
v -0.254115 0.532352 -0.220506
v -0.254115 0.479105 -0.320126
v -0.254115 0.407446 -0.407444
v -0.254115 0.320127 -0.479103
v -0.254115 0.220508 -0.532351
v -0.254115 0.112414 -0.565141
v -0.254462 0.001024 -0.575850
v 0.278937 -0.017684 -0.612419
v 0.280929 0.107635 -0.608411
v 0.279064 0.526047 -0.315330
v 0.280981 0.576679 -0.221443
v 0.279199 0.597693 -0.137361
v 0.278937 0.612423 -0.017682
v 0.279069 0.606119 0.088592
v 0.276288 0.511093 0.323669
v 0.279077 0.446873 0.419603
v 0.280945 0.355980 0.505256
v 0.280858 0.250633 0.564563
v 0.278879 0.057220 0.610408
v 0.278947 -0.076587 0.607745
v 0.279057 -0.249747 0.559767
v 0.281109 -0.318202 0.529958
v 0.278947 -0.401328 0.462766
v 0.280936 -0.523499 0.327827
v 0.280928 -0.567210 0.244842
v 0.278879 -0.610408 0.057213
v 0.278937 -0.559033 -0.250705
v 0.279199 -0.499631 -0.355631
v 0.276447 -0.417614 -0.438320
v 0.280972 -0.355412 -0.504717
v 0.280960 -0.137492 -0.602312
v -0.282419 -0.106211 -0.619672
v -0.282419 -0.225069 -0.587043
v -0.282419 -0.547661 -0.308770
v -0.281947 -0.605522 -0.167551
v -0.282419 -0.628487 -0.016704
v -0.282419 -0.619671 0.106225
v -0.282566 -0.588075 0.223579
v -0.282581 -0.524586 0.348775
v -0.282255 -0.443829 0.443830
v -0.282419 -0.363060 0.513287
v -0.282761 -0.153165 0.611598
v -0.282164 -0.015394 0.627597
v -0.282566 0.104561 0.620394
v -0.282292 0.223701 0.587154
v -0.282759 0.350282 0.524226
v -0.282419 0.456222 0.432594
v -0.282419 0.531846 0.335283
v -0.282304 0.585463 0.227764
v -0.282571 0.619821 0.108915
v -0.282255 0.627669 0.000002
v -0.282571 0.619823 -0.108913
v -0.282304 0.585461 -0.227764
v -0.282419 0.531850 -0.335280
v -0.282566 0.457733 -0.431623
v -0.282581 0.351168 -0.522987
v -0.282255 0.240187 -0.579893
v -0.282419 0.138984 -0.613153
v -0.282419 0.016714 -0.628485
v 0.306555 0.286958 -0.728936
v 0.306646 0.482250 -0.618403
v 0.307432 0.715687 -0.383036
v 0.306613 0.717390 -0.315310
v 0.306492 0.776244 -0.091064
v 0.306916 0.788727 0.077685
v 0.306492 0.743563 0.240743
v 0.306547 0.661530 0.417989
v 0.306921 0.488617 0.625518
v 0.306938 0.212258 0.765935
v 0.306588 -0.108595 0.776724
v 0.306928 -0.352083 0.711935
v 0.306550 -0.553109 0.553104
v 0.306928 -0.711935 0.352084
v 0.306689 -0.784966 0.054674
v 0.306538 -0.757760 -0.198716
v 0.306579 -0.549083 -0.557128
v 0.307562 -0.202386 -0.782525
v -0.307222 -0.296992 -0.717002
v -0.307157 -0.511373 -0.586614
v -0.307108 -0.684606 -0.365928
v -0.307174 -0.755089 -0.173171
v -0.307222 -0.776078 0.000000
v -0.307108 -0.742840 0.225341
v -0.307108 -0.492458 0.600061
v -0.307174 -0.128993 0.763879
v -0.307108 0.076084 0.772531
v -0.307174 0.275510 0.724046
v -0.307196 0.474915 0.616975
v -0.306208 0.628543 0.430814
v -0.307196 0.776844 0.052107
v -0.307121 0.747360 -0.206809
v -0.307108 0.365934 -0.684602
v -0.307164 0.117992 -0.768124
v 0.252771 0.001284 -0.964222
v 0.260046 0.164507 -0.938632
v 0.269223 0.376528 -0.859500
v 0.253681 0.554522 -0.787451
v 0.267749 0.648782 -0.681368
v 0.253687 0.898549 -0.346641
v 0.252772 0.964220 -0.001300
v 0.268233 0.921468 0.184728
v 0.264831 0.861583 0.390349
v 0.252791 0.800963 0.536772
v 0.267749 0.503385 0.794849
v 0.253693 0.210989 0.939692
v 0.269370 -0.012777 0.937990
v 0.266210 -0.201948 0.921661
v 0.257766 -0.656662 0.695647
v 0.267463 -0.782426 0.522798
v 0.253693 -0.939694 0.210975
v 0.267461 -0.941017 -0.000007
v 0.266198 -0.864571 -0.377874
v 0.260219 -0.656247 -0.690680
v 0.268989 -0.514459 -0.785587
v 0.267853 -0.185419 -0.921872
v -0.267998 -0.648926 -0.681529
v -0.242017 -0.906418 -0.374779
v -0.259690 -0.940066 -0.163178
v -0.268004 -0.940764 -0.023069
v -0.259680 -0.940087 0.163159
v -0.270403 -0.877670 0.329056
v -0.259704 -0.780083 0.549345
v -0.268000 -0.681527 0.648927
v -0.264469 -0.200623 0.925607
v -0.259687 0.023389 0.953844
v -0.248439 0.214712 0.947627
v -0.252673 0.815471 0.516447
v -0.270825 0.863220 0.363252
v -0.265033 0.946155 0.014682
v -0.264696 0.934147 -0.153678
v -0.253799 0.898915 -0.346778
v -0.259675 0.657964 -0.691002
v -0.253785 0.554751 -0.787776
v -0.268344 0.162528 -0.926304
v -0.264470 0.016209 -0.946955
v 0.228212 0.382206 -0.923823
v 0.227868 0.554874 -0.831703
v 0.227870 0.923433 -0.383260
v 0.228443 0.980438 -0.195467
v 0.227870 0.999809 -0.000123
v 0.228212 0.923821 0.382215
v 0.227870 0.831699 0.554881
v 0.227870 0.195174 0.980574
v 0.228024 -0.194644 0.980660
v 0.228212 -0.706643 0.707239
v 0.228212 -0.831035 0.555799
v 0.228443 -0.923467 0.382983
v 0.228156 -0.999833 -0.000003
v 0.228443 -0.980607 -0.194612
v 0.228445 -0.382981 -0.923465
v 0.228246 -0.195036 -0.980552
v -0.228554 -0.554934 -0.831701
v -0.228585 -0.831044 -0.555784
v -0.228520 -0.999842 -0.000291
v -0.228520 -0.923844 0.382364
v -0.228520 -0.707201 0.706791
v -0.228816 -0.382986 0.923465
v -0.228518 -0.000284 0.999845
v -0.228746 0.382347 0.923823
v -0.228746 0.706768 0.707187
v -0.228518 0.923628 0.382885
v -0.228241 0.999808 0.000705
v -0.226037 0.923890 -0.382733
v -0.228243 0.555568 -0.831239
v 0.295873 0.799722 -0.374548
v 0.295747 0.881837 0.065014
v 0.295740 0.851801 0.235689
v 0.295719 0.807368 0.357851
v 0.295564 0.744836 0.476942
v 0.295772 0.638736 0.611053
v 0.295772 0.507255 0.723922
v 0.295774 0.356281 0.808970
v 0.295753 0.131505 0.873544
v 0.295774 -0.019565 0.883734
v 0.295560 -0.151053 0.870497
v 0.295772 -0.395518 0.790526
v 0.295753 -0.524703 0.710674
v 0.295774 -0.638729 0.611056
v 0.292141 -0.730419 0.514382
v 0.295774 -0.838663 0.279298
v 0.295753 -0.873544 0.131493
v 0.295772 -0.883732 -0.019568
v 0.295772 -0.790522 -0.395522
v 0.295753 -0.710669 -0.524701
v 0.295753 0.041450 -0.882414
v 0.295772 0.191590 -0.862936
v 0.295560 -0.639844 -0.609243
v 0.295774 0.356252 -0.808981
v 0.295753 -0.455768 -0.756732
v 0.295772 0.507241 -0.723929
v 0.292148 -0.361993 -0.816718
v 0.295560 0.609238 -0.639851
v 0.295772 -0.110345 -0.877035
v 0.299477 0.735678 -0.468810
v -0.296665 0.882841 0.017841
v -0.293482 0.877504 -0.161432
v -0.296701 -0.212885 -0.857347
v -0.293859 -0.351626 -0.819059
v -0.296692 0.826946 -0.312440
v -0.296491 0.699979 -0.540680
v -0.296727 -0.063030 -0.881683
v -0.293055 -0.754451 -0.477802
v -0.296727 -0.808909 -0.356385
v -0.296925 0.579913 -0.666484
v -0.296703 0.455684 -0.756778
v -0.296703 -0.873558 -0.131378
v -0.296727 -0.883717 0.019710
v -0.296525 -0.866668 0.173966
v -0.296532 -0.830772 0.301447
v -0.296491 0.322407 -0.823629
v -0.296665 0.193471 -0.861665
v -0.296487 -0.722381 0.508724
v -0.296725 -0.638827 0.610942
v -0.296532 -0.457753 0.755986
v -0.296665 -0.361316 0.805714
v -0.296487 -0.151056 0.870529
v -0.296703 -0.041577 0.882403
v -0.296725 0.191727 0.862897
v -0.296487 0.317998 0.824328
v -0.296703 0.524805 0.710594
v -0.296725 0.638823 0.610943
v -0.296532 0.732659 0.494235
v -0.296484 0.872004 0.149513
v -0.143285 -0.350889 0.909537
v -0.122454 -0.352023 0.910800
v -0.054385 -0.350896 0.909555
v -0.034892 -0.350904 0.909573
v 0.032995 -0.352115 0.910783
v 0.055719 -0.352110 0.910800
v 0.122082 -0.352023 0.910800
v 0.144853 -0.351486 0.911095
v -0.143569 -0.561393 0.797206
v -0.123646 -0.561400 0.797202
v -0.054622 -0.561395 0.797206
v -0.036424 -0.560465 0.795869
v 0.034326 -0.561395 0.797206
v 0.055780 -0.562261 0.798444
v 0.121752 -0.521084 0.826687
v -0.143425 -0.673573 0.704868
v -0.124726 -0.674474 0.702353
v -0.056194 -0.692192 0.689375
v -0.035932 -0.674712 0.702072
v 0.035557 -0.674710 0.702075
v 0.054024 -0.652312 0.725295
v 0.124353 -0.674476 0.702351
v 0.143052 -0.673575 0.704867
v -0.145106 -0.824932 0.522416
v -0.122186 -0.800570 0.559954
v -0.054622 -0.799696 0.558004
v -0.034746 -0.838176 0.499245
v 0.034427 -0.824468 0.520412
v 0.056069 -0.801620 0.558435
v 0.123428 -0.823659 0.521612
v 0.143051 -0.822741 0.523104
v -0.143425 -0.892039 0.393454
v -0.125095 -0.889974 0.394460
v -0.056093 -0.893013 0.395057
v -0.036327 -0.889951 0.394448
v 0.035998 -0.889814 0.394717
v 0.054012 -0.891274 0.395031
v 0.124772 -0.889821 0.394754
v 0.142914 -0.891255 0.395023
v -0.145347 -0.954875 0.204692
v -0.123729 -0.960203 0.169680
v -0.056457 -0.961649 0.172312
v -0.034801 -0.960228 0.169480
v 0.034502 -0.946598 0.235012
v 0.055736 -0.962161 0.166869
v 0.123416 -0.946546 0.235286
v 0.143051 -0.960264 0.169179
v -0.145211 -0.976255 0.024364
v -0.122348 -0.976407 -0.020124
v -0.056121 -0.976239 0.024405
v -0.036198 -0.973265 -0.019040
v 0.032976 -0.976215 0.024401
v 0.055835 -0.976427 -0.019642
v 0.124697 -0.973209 0.023847
v 0.144921 -0.976424 -0.019669
v -0.143423 -0.960264 -0.169172
v -0.123918 -0.956520 -0.190266
v -0.054203 -0.956452 -0.190254
v -0.036327 -0.949804 -0.213239
v 0.035952 -0.949804 -0.213239
v 0.054012 -0.951212 -0.213568
v 0.124720 -0.949830 -0.213244
v 0.143051 -0.960264 -0.169174
v -0.143287 -0.909534 -0.350891
v -0.122528 -0.910933 -0.351436
v -0.054385 -0.909553 -0.350899
v -0.033438 -0.910960 -0.351446
v 0.035849 -0.905620 -0.356887
v 0.055649 -0.910979 -0.351453
v 0.124606 -0.905640 -0.356936
v 0.144797 -0.910825 -0.352042
v -0.143570 -0.797211 -0.561385
v -0.123646 -0.797206 -0.561392
v -0.054622 -0.797211 -0.561385
v -0.034698 -0.797211 -0.561385
v 0.034326 -0.797211 -0.561385
v 0.054250 -0.797204 -0.561395
v 0.124683 -0.791142 -0.567070
v 0.144467 -0.795949 -0.565014
v -0.123576 -0.673045 -0.705831
v -0.056153 -0.707244 -0.673390
v -0.033339 -0.688685 -0.691929
v 0.032932 -0.707240 -0.673387
v 0.054357 -0.673252 -0.705658
v 0.122018 -0.707230 -0.673380
v 0.144834 -0.689587 -0.691044
v -0.145212 -0.562620 -0.798204
v -0.123788 -0.502951 -0.835674
v -0.054622 -0.561508 -0.797372
v -0.036320 -0.560357 -0.796000
v 0.034326 -0.561508 -0.797372
v 0.054036 -0.503373 -0.835381
v 0.124710 -0.560294 -0.796082
v 0.144889 -0.562290 -0.798487
v -0.143570 -0.399011 -0.889757
v -0.125143 -0.394154 -0.890087
v -0.054622 -0.399011 -0.889757
v -0.036371 -0.394173 -0.890053
v 0.035997 -0.394174 -0.890053
v 0.054250 -0.399007 -0.889759
v 0.124770 -0.394156 -0.890086
v 0.143196 -0.399007 -0.889759
v -0.141687 -0.205885 -0.951354
v -0.122453 -0.176025 -0.960680
v -0.052948 -0.205667 -0.951445
v -0.034698 -0.166769 -0.960875
v 0.035945 -0.213092 -0.949845
v 0.054125 -0.211054 -0.951946
v 0.124710 -0.213002 -0.949897
v 0.143198 -0.166769 -0.960875
v -0.123729 0.163790 -0.961225
v -0.143423 0.164281 -0.961114
v -0.145209 -0.001030 -0.976256
v -0.123648 0.047804 -0.974272
v -0.034801 0.163987 -0.961183
v -0.056103 0.165959 -0.962306
v -0.053003 -0.001498 -0.973340
v -0.033339 -0.002290 -0.976241
v 0.054126 0.164149 -0.961145
v 0.034428 0.163985 -0.961183
v 0.032969 -0.002280 -0.976236
v 0.055749 -0.001556 -0.976251
v 0.143051 0.164283 -0.961114
v 0.123356 0.163787 -0.961225
v 0.123275 0.047800 -0.974274
v 0.144834 -0.001026 -0.976255
v 0.120898 0.193974 -0.980699
v 0.029706 0.192414 -0.981038
v -0.061369 0.194141 -0.980679
v -0.154562 0.194981 -0.980761
v -0.121237 0.382022 -0.923855
v -0.028624 0.382959 -0.923719
v 0.062631 0.382952 -0.923725
v 0.152322 0.387002 -0.921853
v -0.119968 0.555722 -0.831354
v -0.028718 0.555719 -0.831360
v 0.062534 0.555716 -0.831366
v 0.154258 0.555856 -0.831273
v -0.121179 0.706760 -0.707044
v -0.029698 0.705631 -0.708278
v 0.061114 0.708022 -0.705816
v 0.152327 0.709106 -0.704677
v -0.121233 0.831873 -0.554501
v -0.030076 0.832739 -0.553178
v 0.061092 0.833421 -0.552169
v 0.152306 0.834287 -0.550802
v -0.119963 0.924016 -0.382217
v -0.028665 0.924003 -0.382369
v 0.062589 0.924008 -0.382365
v 0.154256 0.924011 -0.382357
v -0.121215 0.980535 -0.195376
v -0.028665 0.980845 -0.194761
v 0.061104 0.980130 -0.197471
v 0.154256 0.980850 -0.194745
v -0.121227 0.999729 -0.000496
v -0.028622 0.999958 0.000313
v 0.061082 0.999739 -0.002983
v 0.154369 1.000001 0.000179
v -0.119927 0.980797 0.194957
v -0.062920 0.980788 0.194902
v 0.028333 0.980781 0.194916
v 0.120828 0.980621 0.194547
v -0.029739 0.922792 0.384761
v 0.062536 0.923792 0.382781
v 0.154254 0.923873 0.382694
v -0.119828 0.831366 0.555716
v -0.028569 0.831366 0.555722
v 0.062691 0.831372 0.555719
v 0.154365 0.831371 0.555719
v -0.121238 0.707168 0.706594
v -0.028665 0.706869 0.707338
v 0.061024 0.707587 0.706187
v 0.152332 0.704456 0.709287
v -0.119961 0.555139 0.831697
v -0.028711 0.555134 0.831704
v 0.062539 0.555131 0.831711
v 0.154194 0.555126 0.831714
v -0.121215 0.382919 0.923578
v -0.030132 0.380830 0.924427
v 0.061003 0.382432 0.923778
v 0.154293 0.382396 0.923956
v -0.121220 0.195622 0.980405
v -0.030163 0.193406 0.980910
v 0.061090 0.191196 0.981288
v 0.154365 0.194916 0.980819
v -0.121218 -0.001758 0.999727
v -0.028569 -0.000183 0.999999
v 0.061106 -0.004031 0.999736
v 0.152322 0.004683 0.999710
v -0.119828 -0.195273 0.980744
v -0.030158 -0.194292 0.980732
v 0.062691 -0.195263 0.980752
v 0.120864 -0.193281 0.980862
v -0.062908 -0.382564 0.923883
v 0.029725 -0.380121 0.924640
v 0.152322 -0.378245 0.925402
v -0.119877 -0.555808 0.831254
v -0.029334 -0.555880 0.831092
v 0.062539 -0.555955 0.831160
v 0.154293 -0.555796 0.831272
v -0.119922 -0.707146 0.707056
v -0.029438 -0.707240 0.706830
v 0.062587 -0.707122 0.707086
v 0.154196 -0.707232 0.706973
v -0.119922 -0.831494 0.555519
v -0.028667 -0.831485 0.555536
v 0.062587 -0.831477 0.555553
v 0.152363 -0.833177 0.552620
v -0.119964 -0.923898 0.382506
v -0.028665 -0.923890 0.382642
v 0.061020 -0.923507 0.382815
v 0.152363 -0.924981 0.379453
v -0.119964 -0.980768 0.194916
v -0.028713 -0.980766 0.194943
v 0.061019 -0.981464 0.190172
v 0.152277 -0.981584 0.189459
v -0.119829 -0.999994 -0.000197
v -0.028571 -0.999997 -0.000191
v 0.061128 -0.999818 -0.003148
v 0.152330 -0.999720 -0.005006
v -0.119828 -0.980742 -0.195273
v -0.029544 -0.980607 -0.195395
v 0.062631 -0.980687 -0.195378
v 0.154365 -0.980749 -0.195265
v -0.028713 -0.923645 -0.383119
v 0.062633 -0.831270 -0.555798
v 0.152325 -0.828041 -0.560152
v -0.121233 -0.706471 -0.707273
v -0.030127 -0.705903 -0.708017
v 0.062536 -0.706991 -0.707160
v 0.152325 -0.702859 -0.710922
v -0.119879 -0.555280 -0.831607
v -0.028624 -0.555288 -0.831605
v 0.061068 -0.557806 -0.829659
v 0.154292 -0.555300 -0.831600
v -0.119922 -0.382615 -0.923896
v -0.030154 -0.381792 -0.924009
v 0.062587 -0.382653 -0.923886
v 0.154252 -0.382665 -0.923881
v -0.121223 -0.193881 -0.980826
v -0.030163 -0.193430 -0.980903
v 0.061113 -0.192069 -0.981199
v 0.152337 -0.190671 -0.981443
v -0.119877 0.000320 -0.999953
v -0.029474 0.000479 -0.999835
v 0.062633 0.000301 -0.999961
v 0.154295 0.000299 -0.999960
v 0.143051 -0.169174 0.960266
v 0.123546 -0.190268 0.956522
v 0.054012 -0.213569 0.951214
v 0.033069 -0.213901 0.952684
v -0.034892 -0.213573 0.951232
v -0.053227 -0.171224 0.958515
v -0.124729 -0.217333 0.949199
v -0.141689 -0.205899 0.951354
v 0.144921 -0.019667 0.976426
v 0.121979 -0.020102 0.976403
v 0.055643 0.019806 0.976183
v 0.032886 -0.019731 0.976419
v -0.036467 0.017379 0.973104
v -0.056163 -0.013389 0.976349
v -0.122348 -0.020121 0.976408
v -0.145296 -0.019678 0.976427
v 0.143198 0.166769 0.960876
v 0.124697 0.166475 0.959164
v 0.052444 0.166462 0.959094
v 0.035933 0.166470 0.959130
v -0.036309 0.166468 0.959128
v -0.052816 0.166463 0.959094
v -0.125071 0.166475 0.959163
v -0.143570 0.166769 0.960876
v 0.142695 0.373171 0.900930
v 0.122001 0.384602 0.897870
v 0.053831 0.373185 0.900963
v 0.035926 0.387234 0.893022
v -0.036301 0.387229 0.893022
v -0.054203 0.373188 0.900961
v -0.125056 0.387193 0.893078
v -0.145029 0.412843 0.884958
v 0.141404 0.539465 0.810135
v 0.052633 0.539511 0.810140
v -0.033339 0.540473 0.812982
v -0.053006 0.539513 0.810140
v -0.124963 0.556976 0.798429
v -0.141776 0.539465 0.810135
v 0.143052 0.673575 0.704866
v 0.123356 0.673229 0.705234
v 0.054126 0.673484 0.704967
v 0.035559 0.674710 0.702074
v -0.035933 0.674714 0.702070
v -0.056093 0.673862 0.706719
v -0.123729 0.673229 0.705234
v -0.143423 0.673575 0.704866
v 0.143198 0.826079 0.518146
v 0.123274 0.826081 0.518142
v 0.055792 0.825248 0.522172
v 0.034326 0.826081 0.518142
v -0.034698 0.826079 0.518146
v -0.054622 0.826081 0.518141
v -0.124657 0.823153 0.520586
v -0.143570 0.826081 0.518141
v 0.141402 0.898633 0.373893
v 0.121806 0.892851 0.396967
v 0.055749 0.901347 0.375023
v 0.032672 0.893327 0.395891
v -0.034875 0.918961 0.326787
v -0.053005 0.898676 0.373872
v -0.123788 0.918882 0.327055
v -0.141775 0.898633 0.373893
v 0.143326 0.950832 0.216694
v 0.123428 0.960575 0.166708
v 0.054012 0.960536 0.166701
v 0.034519 0.960555 0.166704
v -0.034893 0.960555 0.166704
v -0.054385 0.960536 0.166701
v -0.123800 0.960575 0.166708
v -0.143700 0.950832 0.216692
v 0.143052 0.974705 0.022130
v 0.124355 0.973563 0.019710
v 0.035559 0.973534 0.019351
v -0.035933 0.973532 0.019346
v -0.054617 0.975593 -0.005981
v -0.124727 0.973563 0.019708
v -0.143425 0.974705 0.022132
v 0.144889 0.952881 -0.213940
v 0.121902 0.953632 -0.210970
v 0.054357 0.951836 -0.212683
v 0.032807 0.953690 -0.210736
v -0.033288 0.952862 -0.213937
v -0.056288 0.953714 -0.210655
v -0.122381 0.952840 -0.213932
v -0.145375 0.953717 -0.210621
v 0.143196 0.891408 -0.395084
v 0.123274 0.891411 -0.395079
v 0.055818 0.882335 -0.419313
v 0.032935 0.882528 -0.418784
v -0.036229 0.893609 -0.386051
v -0.054619 0.901200 -0.373276
v -0.124999 0.893687 -0.385960
v -0.143569 0.891409 -0.395079
v 0.143198 0.797361 -0.561522
v 0.123356 0.798940 -0.558994
v 0.055377 0.804332 -0.553475
v 0.034428 0.798819 -0.559153
v -0.034698 0.797361 -0.561522
v -0.055751 0.804332 -0.553477
v -0.123729 0.798940 -0.558996
v -0.143569 0.797361 -0.561522
v 0.144974 0.700678 -0.680248
v 0.055512 0.674669 -0.705913
v -0.033566 0.674390 -0.706168
v -0.055886 0.674657 -0.705927
v -0.124729 0.708041 -0.668497
v -0.145349 0.700685 -0.680245
v 0.144879 0.531518 -0.819144
v 0.124495 0.558666 -0.797452
v 0.054250 0.561503 -0.797375
v 0.035721 0.558584 -0.797461
v -0.034698 0.561505 -0.797375
v -0.054622 0.561505 -0.797375
v -0.123646 0.561505 -0.797375
v -0.143570 0.561505 -0.797375
v 0.143196 0.395084 -0.891406
v 0.124833 0.394441 -0.889930
v 0.054250 0.395084 -0.891406
v 0.036051 0.394434 -0.889913
v -0.036291 0.387120 -0.893072
v -0.054622 0.395082 -0.891408
v -0.125059 0.387226 -0.893061
v -0.143569 0.395084 -0.891406
v -0.152693 -0.981368 0.191084
v -0.152098 0.902618 -0.426829
v -0.152152 0.044264 -0.997694
v -0.152152 0.238065 0.969887
v -0.152694 -0.999708 -0.004691
v -0.152700 0.970257 -0.240729
v -0.152698 0.005719 0.999696
v -0.152152 -0.969889 -0.238053
v -0.152696 0.998672 -0.045133
v -0.152710 -0.190671 0.981445
v -0.152718 -0.339080 0.940415
v -0.152710 -0.925388 -0.378476
v -0.152696 0.378247 0.925403
v -0.152677 0.833719 -0.551673
v -0.152677 -0.190615 -0.981373
v -0.152173 -0.920726 0.386865
v -0.152156 0.518057 0.853802
v -0.152171 0.702609 -0.709746
v -0.152694 -0.378228 -0.925408
v -0.152667 -0.827952 0.560273
v -0.152700 0.705323 0.708430
v -0.152055 0.532713 -0.843814
v -0.152944 -0.556090 -0.830803
v -0.152700 -0.703368 0.710384
v -0.152224 0.818152 0.571863
v -0.152156 0.341561 -0.938454
v -0.152173 -0.709749 -0.702605
v -0.152265 -0.534569 0.843171
v -0.061354 0.383048 0.923435
v -0.061485 -0.988390 0.150095
v -0.061058 0.902649 -0.426846
v -0.061142 -0.042046 -0.997781
v -0.061369 0.147877 0.988698
v -0.061477 -0.999744 -0.002986
v -0.061458 0.979730 -0.199014
v -0.061503 0.003145 0.999821
v -0.061140 -0.970284 -0.236467
v -0.061482 0.998636 -0.046701
v -0.061465 -0.191193 0.981288
v -0.061167 -0.377525 0.924627
v -0.061485 -0.924875 -0.379797
v -0.061489 0.856331 -0.515866
v -0.061462 -0.192236 -0.981088
v -0.061513 -0.924218 0.381391
v -0.061405 0.515767 0.856480
v -0.061513 0.739257 -0.673002
v -0.061477 -0.379819 -0.924789
v -0.061444 -0.829052 0.558698
v -0.061044 0.552940 -0.831338
v -0.061485 -0.557999 -0.829626
v -0.061465 -0.704152 0.709682
v -0.061444 0.833432 0.552146
v -0.061381 0.337139 -0.941135
v -0.061397 -0.594088 0.804007
v 0.029806 -0.193897 -0.980727
v 0.029761 0.903613 -0.427765
v 0.029806 0.193871 0.980734
v 0.029747 -0.047870 0.998549
v 0.029905 0.997767 0.043169
v 0.029775 -0.381361 -0.924103
v 0.029913 0.555659 -0.829638
v 0.029756 -0.555322 -0.831374
v 0.029753 0.956438 0.290819
v 0.120866 -0.194432 -0.980636
v 0.120816 0.857422 -0.514041
v 0.120917 0.383000 0.923440
v 0.120835 -0.980371 0.196197
v 0.120855 0.903598 -0.427812
v 0.120871 0.047433 -0.998547
v 0.120878 0.243004 0.969795
v 0.120849 -0.999731 -0.000597
v 0.120855 0.980191 -0.196666
v 0.120835 0.001163 0.999811
v 0.120871 -0.970106 -0.241333
v 0.120843 0.999808 -0.001083
v 0.120878 0.515302 0.856748
v 0.120849 -0.382025 -0.923860
v 0.120850 -0.857272 0.514395
v 0.120996 0.492754 -0.869233
v 0.120835 -0.556434 -0.830663
v 0.120871 -0.705759 0.707996
v 0.120871 0.832176 0.554010
v 0.120890 0.336576 -0.941325
v 0.120869 -0.671372 -0.740808
v 0.120871 -0.594209 0.803907
v 0.120821 -0.803744 -0.594493
v 0.151882 0.404543 0.912708
v 0.151725 0.902621 -0.426821
v 0.151778 0.044265 -0.997694
v 0.151764 0.151496 0.987102
v 0.152332 0.970546 -0.239546
v 0.152612 -0.195578 0.980504
v 0.152304 -0.925328 -0.378415
v 0.151778 -0.969889 -0.238049
v 0.152332 0.998703 -0.044773
v 0.151762 0.598866 0.799173
v 0.152346 -0.339071 -0.940417
v 0.151778 -0.591078 -0.804972
v 0.151800 -0.702607 0.709749
v 0.151853 0.818132 0.571898
v 0.151800 -0.517831 0.853961
v 0.060800 0.938447 -0.341685
v 0.060760 0.193060 -0.980044
v 0.060709 0.043397 -0.997743
v 0.060996 -0.923635 -0.382519
v 0.060767 -0.970279 -0.236481
v 0.061104 -0.379836 0.924782
v 0.061135 -0.337705 -0.940952
v 0.061092 0.855693 0.516938
v 0.060712 0.341979 -0.938314
v 0.061037 -0.856485 -0.515563
v -0.030291 0.903028 -0.426121
v -0.030353 0.283587 -0.957440
v -0.030248 -0.998922 0.000535
v -0.030120 0.956372 -0.291076
v -0.030101 -0.048944 0.998585
v -0.030146 -0.969561 -0.243542
v -0.030276 0.997767 0.043164
v -0.030172 -0.381683 0.924064
v -0.030100 0.956616 0.290638
v -0.121201 0.147861 -0.988715
v -0.121230 0.048618 -0.998581
v -0.121237 0.903966 -0.426824
v -0.121196 -0.998516 -0.048953
v -0.121242 -0.969831 -0.242444
v -0.121194 -0.242807 0.969783
v -0.121237 -0.856649 -0.515269
v -0.121180 -0.941140 -0.337110
v -0.121203 0.923609 0.382596
v -0.121375 -0.313452 -0.948732
v -0.121266 -0.595511 -0.802971
v -0.121218 0.856846 0.515002
v -0.121256 -0.514766 0.856969
v 0.230119 0.704950 0.705819
v 0.230119 0.381192 0.921861
v 0.230201 -0.380965 0.921885
v 0.230047 -0.554272 0.829529
v 0.230047 -0.829529 -0.554269
v 0.227805 -0.000520 -0.999876
v 0.230045 0.829529 -0.554274
v -0.228747 -0.382341 -0.923821
v -0.228243 -0.195171 0.980574
v -0.228243 0.194365 0.980734
v -0.228243 0.831243 0.555565
v -0.229864 0.931377 -0.359296
v -0.228746 0.831478 -0.555228
v -0.227920 -0.923582 -0.382988
v 0.295227 0.683530 -0.102616
v 0.253742 0.084548 -0.569975
v 0.253742 0.056480 -0.573435
v 0.253742 0.028273 -0.575516
v 0.253742 0.194121 -0.542528
v 0.253742 0.167265 -0.551399
v 0.253942 0.139789 -0.558773
v 0.253742 0.296232 -0.494234
v 0.253742 0.271624 -0.508172
v 0.253742 0.246363 -0.520889
v 0.253742 0.386961 -0.426944
v 0.253742 0.365545 -0.445416
v 0.253742 0.343249 -0.462817
v 0.253742 0.462819 -0.343248
v 0.253742 0.445417 -0.365544
v 0.253742 0.426945 -0.386959
v 0.253742 0.520891 -0.246361
v 0.253742 0.508173 -0.271624
v 0.253742 0.494234 -0.296231
v 0.253870 0.559066 -0.138948
v 0.253942 0.551143 -0.167365
v 0.253742 0.542530 -0.194119
v 0.253742 0.575518 -0.028273
v 0.253742 0.573437 -0.056478
v 0.253742 0.569975 -0.084548
v 0.253742 0.569975 0.084549
v 0.253742 0.573437 0.056478
v 0.253742 0.575518 0.028275
v 0.253742 0.542530 0.194121
v 0.253742 0.551401 0.167265
v 0.253742 0.558945 0.140006
v 0.253742 0.494234 0.296232
v 0.253742 0.508173 0.271624
v 0.253742 0.520891 0.246363
v 0.253742 0.426945 0.386961
v 0.253742 0.445417 0.365545
v 0.253742 0.462819 0.343249
v 0.253942 0.342981 0.462745
v 0.253742 0.365545 0.445417
v 0.253742 0.386961 0.426945
v 0.253742 0.246363 0.520891
v 0.253742 0.271624 0.508173
v 0.253742 0.296232 0.494235
v 0.253942 0.139789 0.558773
v 0.253742 0.167265 0.551401
v 0.253742 0.194121 0.542530
v 0.253903 0.026895 0.575410
v 0.253891 0.056464 0.573274
v 0.253742 0.084548 0.569977
v 0.253742 -0.084548 0.569977
v 0.253742 -0.056478 0.573437
v 0.253742 -0.028273 0.575518
v 0.253942 -0.194208 0.542267
v 0.253742 -0.167265 0.551401
v 0.253742 -0.140008 0.558945
v 0.253742 -0.296232 0.494234
v 0.253742 -0.271624 0.508173
v 0.253742 -0.246363 0.520891
v 0.253913 -0.387749 0.425979
v 0.253893 -0.365439 0.445291
v 0.253742 -0.343249 0.462819
v 0.253742 -0.462817 0.343249
v 0.253742 -0.445417 0.365545
v 0.253742 -0.426945 0.386961
v 0.253742 -0.520889 0.246363
v 0.253742 -0.508173 0.271624
v 0.253870 -0.493568 0.297070
v 0.253942 -0.558773 0.139789
v 0.253742 -0.551399 0.167265
v 0.253742 -0.542528 0.194121
v 0.253742 -0.575518 0.028273
v 0.253742 -0.573437 0.056480
v 0.253742 -0.569975 0.084548
v 0.253742 -0.569975 -0.084548
v 0.253742 -0.573437 -0.056478
v 0.253742 -0.575518 -0.028273
v 0.253742 -0.542528 -0.194119
v 0.253742 -0.551399 -0.167265
v 0.253742 -0.558943 -0.140008
v 0.253742 -0.494234 -0.296232
v 0.253742 -0.508172 -0.271624
v 0.253742 -0.520889 -0.246363
v 0.253742 -0.426944 -0.386961
v 0.253742 -0.445416 -0.365544
v 0.253742 -0.462817 -0.343249
v 0.253742 -0.343248 -0.462817
v 0.253742 -0.365544 -0.445417
v 0.253742 -0.386959 -0.426944
v 0.253742 -0.246361 -0.520889
v 0.253742 -0.271622 -0.508172
v 0.253742 -0.296231 -0.494234
v 0.253905 -0.138633 -0.559105
v 0.253742 -0.167264 -0.551399
v 0.253742 -0.194119 -0.542528
v 0.253742 -0.028273 -0.575516
v 0.253742 -0.056478 -0.573435
v 0.253742 -0.084548 -0.569975
v -0.254115 -0.140006 -0.558943
v -0.254115 -0.167264 -0.551399
v -0.254115 -0.365544 -0.445417
v -0.254115 -0.386959 -0.426944
v -0.254115 -0.494234 -0.296232
v -0.254373 -0.507932 -0.271496
v -0.254115 -0.520889 -0.246363
v -0.254115 -0.569975 -0.084548
v -0.254115 -0.573437 -0.056478
v -0.254115 -0.575518 -0.028273
v -0.254115 -0.558943 0.140008
v -0.254115 -0.551399 0.167265
v -0.254115 -0.542528 0.194121
v -0.254484 -0.463096 0.342225
v -0.254421 -0.444738 0.365865
v -0.254115 -0.426945 0.386961
v -0.254115 -0.296232 0.494234
v -0.254115 -0.271624 0.508173
v -0.254115 -0.246363 0.520891
v -0.254115 -0.084548 0.569977
v -0.254115 -0.056478 0.573437
v -0.254484 -0.027268 0.575181
v -0.254115 0.140008 0.558945
v -0.254115 0.167265 0.551401
v -0.254115 0.194121 0.542530
v -0.254484 0.342227 0.463097
v -0.254115 0.365545 0.445417
v -0.254115 0.386961 0.426945
v -0.254115 0.494234 0.296232
v -0.254115 0.508173 0.271624
v -0.254115 0.520891 0.246363
v -0.254115 0.569975 0.084549
v -0.254115 0.573437 0.056478
v -0.254115 0.575518 0.028275
v -0.254115 0.558945 -0.140008
v -0.254115 0.551401 -0.167264
v -0.254115 0.542530 -0.194119
v -0.254115 0.462819 -0.343248
v -0.254115 0.445417 -0.365544
v -0.254115 0.426945 -0.386959
v -0.254115 0.296232 -0.494234
v -0.254115 0.271624 -0.508172
v -0.254115 0.246363 -0.520889
v -0.254115 -0.426944 -0.386961
v -0.254115 -0.445416 -0.365544
v -0.254115 -0.462817 -0.343249
v -0.254115 -0.542528 -0.194119
v -0.254115 -0.551399 -0.167265
v -0.254115 -0.558943 -0.140008
v -0.254115 0.084548 -0.569975
v -0.254115 0.056480 -0.573435
v -0.254115 0.028273 -0.575516
v -0.254115 -0.575518 0.028273
v -0.254115 -0.573437 0.056480
v -0.254115 -0.569975 0.084548
v -0.254115 -0.520889 0.246363
v -0.254115 -0.508173 0.271624
v -0.254115 -0.494234 0.296232
v -0.254115 -0.386961 0.426945
v -0.254115 -0.365544 0.445417
v -0.254115 -0.343249 0.462819
v -0.254115 -0.194121 0.542530
v -0.254115 -0.167265 0.551401
v -0.254454 -0.141031 0.558324
v -0.254115 0.028273 0.575518
v -0.254115 0.056480 0.573437
v -0.254115 0.084548 0.569977
v -0.254115 0.246363 0.520891
v -0.254115 0.271624 0.508173
v -0.254115 0.296232 0.494235
v -0.254115 0.426945 0.386961
v -0.254115 0.445417 0.365545
v -0.254115 0.462819 0.343249
v -0.254115 0.551401 0.167265
v -0.254115 0.558945 0.140006
v -0.254115 0.575518 -0.028273
v -0.254115 0.573437 -0.056478
v -0.254115 0.569975 -0.084548
v -0.254115 0.508173 -0.271624
v -0.254115 0.494234 -0.296232
v -0.254115 -0.056478 -0.573435
v -0.254115 -0.084548 -0.569975
v -0.254115 0.386961 -0.426944
v -0.254401 0.365910 -0.444730
v -0.254115 0.343249 -0.462817
v -0.254115 -0.246361 -0.520889
v -0.254115 -0.271622 -0.508172
v -0.254115 -0.296231 -0.494234
v -0.254115 0.167265 -0.551399
v -0.254115 0.140008 -0.558943
v 0.275941 0.203118 -0.569074
v 0.276284 0.272565 -0.540030
v 0.279204 0.376453 -0.484354
v 0.281193 -0.138217 0.602847
v 0.279276 -0.473954 0.388977
v 0.280900 -0.594975 0.163912
v 0.280888 -0.600836 -0.143107
v 0.280943 -0.203164 -0.582845
v -0.282419 -0.409686 -0.476897
v -0.282434 -0.269649 0.567518
v -0.285005 -0.477444 -0.422381
v -0.282434 -0.322070 -0.539498
v 0.265298 0.496241 0.314302
v 0.273244 0.452987 0.392987
v 0.265315 0.425451 0.405034
v -0.267922 -0.159210 0.570755
v -0.274665 -0.059423 0.603398
v -0.267662 0.000000 0.591686
v -0.265346 0.426728 0.404099
v -0.274978 0.430222 0.427038
v -0.265313 0.507026 0.297417
v -0.261255 0.467178 0.349380
v 0.273628 0.318769 0.508825
v 0.266938 0.339449 0.482028
v -0.268116 0.088009 0.585920
v -0.274848 0.178856 0.579920
v -0.268161 0.239151 0.542643
v 0.273315 0.230807 0.553215
v 0.265731 0.236445 0.538270
v -0.267662 0.328731 0.491964
v -0.275086 0.299042 0.527839
v -0.267968 0.545718 0.229948
v -0.274918 0.566762 0.215861
v -0.275086 0.597727 0.103750
v -0.265430 0.570957 0.140769
v 0.273305 0.147749 0.581030
v 0.265322 0.100448 0.578774
v 0.273170 0.000002 0.599208
v -0.275060 0.606767 -0.025291
v -0.267952 0.592283 -0.018634
v -0.267952 0.577268 -0.133821
v -0.260677 0.576789 -0.083699
v 0.273596 -0.089134 0.593421
v 0.265312 -0.100500 0.578754
v -0.275094 0.549785 -0.255859
v -0.267952 0.540069 -0.243871
v -0.254426 0.520590 -0.246239
v 0.271091 -0.229165 0.549229
v -0.260983 0.486815 -0.320982
v -0.267952 0.482120 -0.344536
v -0.275082 0.498545 -0.345921
v -0.267815 0.417464 -0.419591
v -0.260980 0.432112 -0.391695
v 0.273589 -0.306218 0.515921
v 0.265324 -0.338218 0.480292
v -0.260397 0.323611 -0.484292
v -0.267942 0.353605 -0.474994
v -0.275094 0.207828 -0.569678
v -0.267805 0.224574 -0.547729
v -0.254413 0.194564 -0.542039
v -0.274930 0.013237 -0.606210
v -0.260978 -0.113768 -0.572014
v 0.273589 -0.500300 0.331126
v -0.260831 -0.400889 -0.422865
v -0.267922 -0.407699 -0.429991
v -0.274978 -0.505254 -0.334912
v -0.260397 -0.484297 -0.323602
v -0.265507 -0.537485 -0.238219
v -0.274930 -0.554999 -0.244213
v -0.275058 -0.591714 -0.134286
v 0.273245 -0.590575 0.104198
v 0.265322 -0.578771 0.100454
v -0.254413 -0.193883 -0.542287
v -0.275058 -0.247154 -0.554146
v -0.267662 -0.328735 -0.491961
v 0.270925 -0.594626 0.013810
v 0.273437 -0.595772 -0.073505
v -0.267956 0.129788 -0.578046
v -0.275094 0.118331 -0.594864
v 0.273300 -0.506179 -0.320577
v 0.265313 -0.014342 -0.587242
v 0.273637 -0.042914 -0.599061
v 0.265322 0.100447 -0.578773
v -0.261267 -0.582850 -0.027356
v -0.267725 -0.592039 0.016986
v -0.275200 -0.606052 -0.028713
v -0.274867 -0.599904 0.090713
v -0.267956 -0.578048 0.129781
v 0.265310 -0.425446 -0.405029
v 0.265262 0.237994 -0.536965
v 0.273589 -0.359472 -0.480335
v 0.265129 -0.329687 -0.486173
v -0.265185 -0.543672 0.223261
v -0.275058 -0.566603 0.217082
v -0.267742 -0.514397 0.293344
v 0.273457 0.333127 -0.498603
v 0.265324 0.338215 -0.480292
v 0.273170 -0.229307 -0.553595
v 0.265262 -0.237995 -0.536963
v 0.273315 0.443109 -0.403697
v 0.265218 0.390195 -0.439158
v 0.273434 -0.146782 -0.581480
v -0.260831 -0.402720 0.421120
v -0.267742 -0.409529 0.427717
v -0.275058 -0.417370 0.440413
v -0.274978 -0.334905 0.505261
v -0.267968 -0.332003 0.490365
v -0.261257 -0.349391 0.467175
v 0.273456 0.498769 -0.333260
v 0.265264 0.496055 -0.314509
v 0.264958 0.544283 -0.220328
v -0.260831 -0.208534 0.544096
v -0.267805 -0.254982 0.534249
v -0.275086 -0.245834 0.554623
v 0.270890 0.584514 -0.110539
v 0.265223 0.586742 0.031015
v 0.273244 0.585497 0.129728
v 0.265283 0.578762 0.100223
v 0.273442 0.550340 0.239363
v 0.265322 0.528917 0.256015
v 0.306622 0.022913 -0.783329
v 0.306483 -0.672160 -0.400533
v -0.307222 -0.296998 0.717000
v -0.307198 0.717122 0.296148
v -0.307222 0.548774 -0.548767
v -0.307222 -0.645278 0.431176
v -0.307173 0.666973 -0.395399
v -0.307173 -0.110078 -0.767511
v -0.294490 0.371399 0.572281
v -0.289744 0.308982 0.582486
v 0.303463 -0.458343 -0.591628
v 0.280868 0.449722 -0.423366
v -0.293404 0.476877 0.479189
v -0.302983 0.497514 0.546154
v -0.297373 0.581766 0.388734
v -0.289946 0.558014 0.352129
v 0.289337 -0.111740 -0.646064
v 0.284085 0.526300 -0.347828
v -0.293426 0.629976 0.244810
v -0.293436 0.659164 0.148068
v 0.286337 0.015631 -0.638745
v -0.290106 0.660109 0.035632
v -0.297204 0.698799 -0.001751
v -0.303008 0.737740 0.036236
v -0.300660 0.702149 -0.150620
v -0.289869 0.652236 -0.094546
v -0.302983 -0.177687 -0.717096
v -0.297033 -0.299340 -0.630194
v -0.289804 -0.269478 -0.601642
v -0.289906 0.622024 -0.221380
v -0.296892 0.630784 -0.295846
v -0.303059 0.688122 -0.263735
v -0.290101 -0.382786 -0.538230
v -0.303044 -0.377678 -0.633434
v -0.303059 -0.506988 -0.534815
v -0.296721 -0.441404 -0.537875
v -0.300780 0.003933 -0.719427
v -0.289946 -0.538862 -0.380788
v -0.300614 -0.579660 -0.424589
v -0.301006 -0.666016 -0.277237
v -0.290106 -0.611571 -0.251538
v 0.289386 0.645286 0.116635
v -0.289805 0.452725 -0.479201
v -0.303059 0.506993 -0.534810
v -0.296598 0.428096 -0.548577
v -0.290101 0.350774 -0.559623
v -0.290101 -0.651260 -0.109901
v -0.297067 -0.671697 -0.187008
v -0.300660 -0.718040 0.010759
v -0.297033 -0.676480 0.170652
v -0.303059 -0.726350 0.124421
v -0.303241 -0.682764 0.282807
v -0.289616 -0.625496 0.209730
v -0.293404 0.260236 -0.623948
v -0.302810 0.363004 -0.640744
v -0.303044 0.180831 -0.714970
v -0.297373 0.136497 -0.686246
v -0.289946 0.111781 -0.650290
v -0.290108 -0.547873 0.369936
v -0.300655 -0.495075 0.520504
v -0.289944 -0.454215 0.478602
v -0.289944 -0.352119 0.558018
v -0.300653 -0.384019 0.607078
v -0.300831 -0.259292 0.671203
v -0.289946 -0.236503 0.615987
v -0.289906 -0.095775 0.653263
v -0.297373 -0.136494 0.686246
v -0.302736 -0.072224 0.733259
v -0.297067 0.018204 0.697011
v -0.289547 0.064547 0.655370
v -0.300705 0.143940 0.704644
v 0.289337 0.111743 0.646066
v 0.283939 0.106445 0.620741
v 0.286607 -0.009758 0.640109
v 0.283939 -0.225505 0.588044
v 0.289337 -0.639648 -0.144013
v 0.289337 -0.599263 -0.266037
v 0.283914 -0.569184 -0.270673
v 0.290760 -0.544216 -0.379083
v 0.286551 0.227205 -0.598315
v 0.243002 0.095929 -0.974117
v 0.271513 0.051814 -0.933191
v 0.253853 0.324020 -0.906434
v 0.271795 0.264773 -0.895907
v 0.228443 0.242501 -0.969872
v 0.260852 0.468681 -0.828291
v 0.242085 0.419010 -0.886111
v 0.262669 0.771872 -0.552607
v 0.270973 0.716691 -0.601597
v 0.269315 0.844161 -0.409802
v 0.270605 0.809998 -0.468965
v 0.260226 0.950215 -0.069048
v 0.262793 0.936318 -0.155397
v 0.261472 0.943761 0.114984
v 0.253865 0.906423 0.323994
v 0.262050 0.826385 0.468167
v 0.254472 0.572021 0.772994
v 0.262043 -0.069853 0.947224
v 0.253834 -0.455966 0.847796
v 0.271610 -0.396721 0.846053
v 0.253828 -0.612601 0.742561
v 0.270601 -0.568869 0.743250
v 0.228443 -0.740461 0.671699
v 0.262045 -0.826384 0.468185
v 0.262038 -0.901864 0.297943
v 0.262040 -0.947227 0.069855
v 0.269881 -0.924841 0.151906
v 0.262049 -0.901842 -0.297956
v 0.253823 -0.847806 -0.455978
v 0.255521 -0.728107 -0.626075
v 0.270600 -0.743240 -0.568886
v 0.254471 -0.591037 -0.758924
v 0.261465 -0.117815 -0.943420
v -0.254616 -0.280565 -0.920202
v -0.254541 -0.591324 -0.759277
v -0.264092 -0.826989 -0.462767
v -0.254606 -0.957275 -0.095645
v -0.255249 -0.926498 0.256383
v -0.253905 -0.744316 0.611169
v -0.253876 -0.456154 0.848257
v -0.254645 -0.095633 0.957213
v -0.269907 -0.034151 0.937142
v -0.254666 0.277942 0.920917
v -0.255264 0.591411 0.757838
v -0.242311 0.886311 0.419087
v -0.252878 0.935396 -0.235611
v -0.270531 0.892401 -0.285042
v -0.253920 0.774975 -0.571751
v -0.261806 0.720877 -0.619970
v -0.253323 -0.732931 -0.626376
v -0.254606 -0.920213 -0.280592
v -0.269912 -0.912464 -0.216300
v -0.243257 0.095950 -0.974288
v -0.242834 -0.974868 0.096584
v -0.263991 -0.828061 0.461209
v -0.267494 -0.618903 0.710312
v -0.254604 -0.574184 0.771907
v -0.254606 -0.280579 0.920218
v -0.254654 0.095623 0.957203
v -0.270531 0.151027 0.924569
v -0.254661 0.452275 0.849003
v -0.261806 0.750444 0.583840
v -0.253956 0.906798 0.324194
v -0.268886 0.904790 0.253369
v -0.270348 0.935654 -0.058009
v -0.261089 0.851426 -0.425678
v -0.267636 0.797134 -0.501039
v -0.269717 -0.421823 -0.838040
v -0.253946 0.324196 -0.906815
v -0.228746 0.243228 -0.969778
v -0.286891 0.905394 0.043439
v -0.303673 0.834774 -0.206144
v -0.307657 0.826273 -0.128071
v -0.308768 0.797090 -0.138318
v -0.286850 -0.127554 -0.897472
v -0.270974 -0.219105 -0.910389
v -0.303680 -0.345712 -0.787919
v -0.307638 -0.281545 -0.787728
v 0.302362 0.845394 -0.163558
v 0.305950 0.813655 -0.208854
v -0.282891 0.843051 -0.355016
v -0.303673 0.691985 -0.513161
v -0.307655 0.703033 -0.451258
v -0.308796 0.722569 -0.363702
v -0.286388 -0.522250 -0.741597
v -0.268004 -0.503503 -0.795020
v -0.307680 -0.590943 -0.590956
v -0.308770 -0.571420 -0.571415
v 0.302242 0.860263 0.021090
v 0.305914 0.837466 0.021130
v 0.307313 0.818313 -0.060381
v -0.286503 0.003644 -0.907155
v -0.267998 -0.769420 -0.541834
v -0.303579 -0.760650 -0.405132
v -0.308782 -0.725180 -0.363650
v 0.302329 0.840433 0.184379
v 0.305933 0.816858 0.183396
v -0.286388 0.625461 -0.656892
v -0.303595 0.460034 -0.726357
v -0.307655 0.451263 -0.703030
v -0.308782 0.560280 -0.586694
v -0.286390 -0.884996 -0.198711
v -0.303691 -0.860287 -0.038810
v -0.307668 -0.835323 -0.035271
v -0.308796 -0.802855 -0.099042
v 0.305955 0.767426 0.334738
v -0.282340 -0.902057 0.156542
v -0.303680 -0.815979 0.272970
v -0.307657 -0.785409 0.286811
v -0.308782 -0.791807 0.176543
v 0.305876 0.662024 0.516637
v 0.307332 0.759135 0.307867
v -0.287430 0.323279 -0.846140
v -0.269509 0.376752 -0.859591
v -0.303713 0.210284 -0.833445
v -0.307655 0.147899 -0.822201
v -0.282344 -0.748538 0.527159
v -0.303680 -0.620933 0.595632
v -0.307680 -0.590956 0.590944
v -0.308758 -0.641855 0.500922
v -0.286891 -0.466887 0.776945
v -0.269974 -0.510304 0.787061
v -0.303691 -0.365078 0.779948
v -0.307655 -0.285540 0.784470
v 0.302156 0.547975 0.665525
v 0.305941 0.495482 0.675938
v 0.307320 0.540760 0.617692
v -0.286431 -0.238183 0.876123
v -0.303680 -0.017884 0.860242
v 0.305938 0.354227 0.758107
v -0.287214 0.130260 0.896234
v -0.307662 0.276970 0.791020
v 0.305941 0.199094 0.814098
v 0.307325 0.223444 0.786818
v -0.267990 0.503506 0.795047
v -0.303480 0.546937 0.666452
v -0.308787 0.586859 0.554592
v 0.302052 0.084546 0.858310
v 0.305939 0.016156 0.837197
v -0.283301 0.758471 0.510133
v -0.303673 0.808616 0.292374
v -0.307680 0.772112 0.319828
v -0.308782 0.724233 0.364552
v 0.302273 -0.129581 0.851594
v 0.305986 -0.163404 0.821457
v 0.307325 -0.114711 0.811238
v -0.286108 0.890641 0.177137
v -0.268496 0.921672 0.184715
v 0.302261 -0.312575 0.801902
v 0.305941 -0.354101 0.759610
v 0.302452 -0.478051 0.715458
v 0.307342 -0.472822 0.671338
v 0.302172 -0.593067 0.622867
v 0.305951 -0.560502 0.625692
v 0.302273 -0.693791 0.510544
v 0.302261 -0.788051 0.346011
v 0.305909 -0.730814 0.413224
v 0.307325 -0.714361 0.398368
v 0.302261 -0.840414 0.185613
v 0.305969 -0.818344 0.182808
v 0.302254 -0.859182 0.039533
v 0.305939 -0.837197 -0.016148
v 0.307325 -0.812434 0.094660
v 0.305939 -0.817963 -0.179162
v 0.302254 -0.778662 -0.365299
v 0.305941 -0.759609 -0.354101
v 0.307313 -0.779127 -0.257376
v 0.302273 -0.693795 -0.510537
v 0.286741 0.025078 -0.905575
v 0.302263 0.185607 -0.840413
v 0.305986 0.163407 -0.821455
v 0.305883 -0.648346 -0.532089
v 0.307325 -0.596166 -0.559991
v 0.302172 0.344549 -0.789036
v 0.305941 0.354104 -0.759607
v 0.307344 0.160532 -0.807043
v 0.302254 -0.444492 -0.736331
v 0.305939 -0.511685 -0.662824
v 0.302362 0.509256 -0.694332
v 0.302271 -0.293236 -0.809947
v 0.305941 -0.354094 -0.759610
v 0.305883 0.532089 -0.648347
v 0.307313 0.535946 -0.621323
v 0.302254 -0.128881 -0.850381
v 0.305939 -0.179163 -0.817961
v -0.127783 0.887172 0.397836
v -0.135276 0.887883 0.393909
v -0.123674 0.736858 0.638668
v -0.122403 0.772148 0.597831
v 0.143165 0.737443 0.638002
v 0.143199 0.783018 0.580726
v 0.054250 0.603258 0.766130
v -0.034611 0.481484 0.848160
v -0.124681 0.260434 0.938473
v -0.122261 0.340712 0.915256
v 0.144756 0.260940 0.940961
v 0.054250 0.071713 0.972396
v -0.036508 -0.144172 0.962258
v -0.036419 -0.071699 0.970770
v -0.122403 -0.263988 0.940173
v 0.144756 -0.260945 0.940959
v 0.055729 -0.482218 0.849140
v 0.055660 -0.418668 0.881735
v -0.036436 -0.631904 0.740280
v -0.123676 -0.770155 0.598095
v -0.122275 -0.737548 0.640267
v 0.143163 -0.769615 0.598799
v 0.141108 -0.721083 0.653555
v 0.052533 -0.851337 0.471934
v -0.033363 -0.941305 0.259733
v -0.033246 -0.912722 0.347439
v -0.122384 -0.973879 0.072092
v 0.144870 -0.973893 0.072244
v 0.055950 -0.969246 -0.120790
v 0.054356 -0.972313 -0.074945
v -0.033219 -0.940556 -0.263100
v -0.123646 -0.846347 -0.484325
v -0.122323 -0.876209 -0.431058
v 0.144672 -0.840125 -0.497661
v 0.144945 -0.876156 -0.431202
v 0.054250 -0.741106 -0.633747
v -0.036144 -0.633749 -0.739096
v 0.143198 -0.480632 -0.848343
v 0.055748 -0.305875 -0.927402
v -0.034698 -0.067495 -0.972788
v 0.038723 0.212986 -0.948578
v 0.047255 0.173051 -0.955756
v 0.135642 -0.023693 -0.971086
v 0.127411 -0.028051 -0.971883
v 0.302261 0.788049 -0.346010
v 0.286265 0.879561 -0.219160
v 0.282233 0.914571 -0.020791
v 0.285562 0.890530 0.177111
v 0.285916 0.821614 0.384459
v 0.282939 0.752027 0.518247
v 0.268869 0.683887 0.643263
v 0.286335 0.655975 0.626289
v 0.270843 0.358920 0.863530
v 0.285561 0.347484 0.838853
v 0.283006 0.215670 0.887710
v 0.285817 0.022236 0.906688
v 0.286265 -0.219156 0.879564
v 0.286339 -0.366370 0.829640
v 0.268869 -0.497491 0.796233
v 0.286337 -0.521186 0.742224
v 0.281855 -0.631285 0.663025
v 0.269334 -0.854854 0.386407
v 0.286021 -0.829794 0.364875
v 0.285918 -0.890397 0.173359
v 0.285819 -0.906688 -0.022224
v 0.268867 -0.926007 -0.154921
v 0.285819 -0.884928 -0.198694
v 0.279895 -0.759321 -0.519059
v 0.305939 -0.016155 -0.837196
v 0.302261 0.018096 -0.860475
v 0.281858 0.156544 -0.902001
v 0.282207 -0.633240 -0.660112
v 0.285916 0.343699 -0.839484
v 0.286265 -0.466976 -0.776909
v 0.285001 0.524323 -0.743543
v 0.270319 -0.337005 -0.873527
v 0.285916 0.638810 -0.644034
v 0.285846 -0.238140 -0.876084
v 0.285904 0.727643 -0.541983
v 0.296003 0.682276 -0.559914
v 0.295873 -0.259538 -0.844083
v 0.296003 -0.559926 -0.682266
v 0.296003 -0.844604 -0.256217
v 0.296003 -0.778390 0.416068
v 0.296003 -0.256212 0.844606
v 0.295877 0.235376 0.850585
v 0.295865 0.878489 -0.088669
v 0.295564 0.853590 -0.231588
v -0.307619 0.831326 0.102548
v -0.308782 -0.117483 -0.799513
v -0.303673 -0.206130 -0.834774
v -0.269143 -0.332870 -0.878090
v -0.307655 0.777559 -0.305438
v -0.303595 0.788822 -0.344356
v -0.308782 -0.363651 -0.725179
v -0.307655 -0.451258 -0.703031
v -0.303691 -0.510228 -0.693735
v -0.308782 0.120074 -0.801090
v -0.307638 -0.055517 -0.835330
v -0.307657 -0.714363 -0.434527
v -0.272058 -0.846014 -0.396634
v -0.286891 -0.819846 -0.386622
v -0.307680 0.590954 -0.590944
v -0.307624 -0.800601 -0.242860
v -0.303595 -0.830817 -0.224862
v -0.286891 -0.905394 0.043458
v -0.307643 -0.825111 0.127397
v -0.303673 -0.850115 0.129018
v -0.286850 -0.839600 0.341765
v -0.308782 0.346518 -0.730034
v -0.307655 0.305440 -0.777556
v -0.303680 0.345714 -0.787919
v -0.307655 -0.703030 0.451263
v -0.303689 -0.736871 0.445671
v -0.286388 -0.625460 0.656895
v -0.307657 -0.434528 0.714363
v -0.303673 -0.509901 0.692346
v -0.280692 -0.359383 0.846036
v -0.308807 -0.312183 0.753679
v -0.307657 -0.128088 0.826269
v -0.303680 -0.185366 0.840223
v -0.308760 0.079655 0.808739
v -0.303673 0.129011 0.850118
v -0.271769 0.395399 0.847217
v -0.286106 0.347527 0.838959
v -0.308782 0.400937 0.705251
v -0.307657 0.493685 0.674837
v -0.271087 0.634077 0.688532
v -0.286388 0.625461 0.656893
v -0.307619 0.660339 0.515336
v -0.303680 0.680299 0.526808
v -0.286503 0.821641 0.384512
v -0.308789 0.802600 0.102474
v -0.303691 0.851331 0.129757
v -0.296843 0.064891 0.880129
v -0.296839 -0.259435 0.844081
v -0.294047 -0.547898 0.702087
v -0.296829 0.084329 -0.878884
v -0.294317 -0.849518 -0.266004
v -0.296757 0.787564 0.398869
v -0.296725 -0.578863 -0.668027
v -0.296757 0.769191 -0.433242
v -0.056290 0.952233 0.217258
v -0.056093 0.927413 0.305679
v -0.039095 0.949584 0.208895
v -0.047499 0.957080 0.166145
v 0.047127 0.957078 0.166145
v 0.038724 0.949584 0.208897
v 0.135645 0.947756 0.212911
v 0.127412 0.949584 0.208897
v -0.039094 0.887172 0.397836
v -0.046769 0.887862 0.393981
v 0.055666 0.872438 0.438537
v 0.047121 0.906268 0.349687
v 0.038723 0.887172 0.397836
v 0.123274 0.872908 0.434634
v -0.136034 0.794204 0.559302
v -0.034729 0.737085 0.638408
v -0.036284 0.792881 0.564698
v -0.047499 0.794257 0.559249
v 0.034356 0.737085 0.638409
v 0.135657 0.807264 0.539754
v 0.124695 0.792785 0.564879
v -0.123646 0.603258 0.766131
v -0.127982 0.705585 0.668916
v -0.136018 0.669761 0.703556
v -0.056103 0.601587 0.769198
v 0.047123 0.669800 0.703543
v 0.143196 0.603258 0.766130
v 0.135647 0.703418 0.669906
v 0.127609 0.705581 0.668918
v -0.143700 0.481696 0.848061
v -0.039095 0.520169 0.821337
v 0.055683 0.481311 0.849625
v 0.040953 0.525922 0.816608
v 0.122099 0.489484 0.845134
v -0.136006 0.349625 0.906271
v -0.033426 0.260901 0.940928
v -0.033176 0.341307 0.915027
v -0.047491 0.349630 0.906288
v 0.032807 0.341308 0.915020
v 0.033057 0.260915 0.940920
v 0.135633 0.349625 0.906271
v 0.124926 0.357025 0.905368
v -0.122388 0.071822 0.973889
v -0.136027 0.166101 0.957075
v -0.056153 0.071820 0.973905
v 0.044115 0.166106 0.957146
v 0.144853 0.071822 0.973896
v 0.135654 0.166101 0.957075
v -0.143699 -0.074842 0.972331
v -0.145484 -0.126036 0.968694
v -0.047503 0.023803 0.971105
v 0.055855 -0.141304 0.966491
v 0.055792 -0.055914 0.975167
v 0.047130 0.023803 0.971105
v 0.038723 0.023815 0.971907
v 0.124821 -0.071788 0.970787
v -0.129930 -0.193177 0.951751
v -0.033301 -0.264149 0.940159
v -0.041401 -0.212779 0.947819
v 0.033045 -0.284555 0.933665
v 0.135645 -0.193001 0.951734
v 0.127411 -0.166251 0.958082
v -0.123646 -0.484321 0.846350
v -0.122326 -0.431058 0.876207
v -0.127782 -0.371977 0.898033
v -0.136006 -0.393610 0.888052
v -0.056235 -0.431125 0.876197
v -0.054622 -0.484314 0.846354
v 0.047118 -0.393615 0.888069
v 0.040773 -0.347562 0.907171
v 0.143198 -0.484318 0.846352
v 0.144848 -0.430046 0.876618
v 0.135633 -0.393608 0.888052
v 0.127411 -0.349989 0.907230
v -0.145222 -0.630185 0.745835
v -0.047486 -0.559309 0.794211
v 0.047120 -0.559261 0.794247
v 0.038936 -0.518436 0.822508
v 0.122150 -0.601101 0.769425
v -0.136239 -0.688038 0.685293
v -0.034729 -0.769943 0.598370
v -0.033176 -0.737420 0.640433
v -0.047711 -0.688115 0.685242
v 0.036655 -0.733022 0.639899
v 0.034428 -0.770412 0.597684
v 0.135866 -0.688038 0.685295
v -0.125196 -0.847053 0.479663
v -0.127783 -0.792513 0.563265
v -0.136018 -0.820706 0.519629
v -0.056038 -0.849843 0.480861
v 0.047123 -0.820701 0.519668
v 0.038724 -0.792513 0.563265
v 0.144855 -0.867492 0.448140
v 0.135645 -0.820706 0.519629
v 0.127411 -0.792513 0.563265
v -0.145190 -0.927358 0.305779
v -0.143570 -0.939723 0.260029
v -0.047498 -0.906264 0.349697
v 0.054250 -0.939723 0.260029
v 0.055915 -0.912452 0.348394
v 0.047125 -0.906264 0.349697
v 0.121969 -0.912616 0.347677
v -0.127984 -0.949114 0.210898
v -0.136025 -0.952483 0.189168
v -0.034611 -0.972294 0.075070
v -0.039309 -0.949103 0.210936
v -0.047506 -0.952525 0.189036
v 0.032990 -0.969020 0.120548
v 0.135652 -0.952483 0.189166
v 0.127611 -0.949114 0.210898
v -0.124679 -0.971250 -0.072400
v -0.127783 -0.971906 0.023815
v -0.136028 -0.971088 0.023801
v -0.054728 -0.972313 -0.074946
v 0.047130 -0.971103 0.023803
v 0.038723 -0.971906 0.023815
v 0.143326 -0.972330 -0.074840
v 0.135656 -0.971088 0.023801
v -0.143699 -0.939049 -0.263090
v -0.047489 -0.947798 -0.212776
v 0.055881 -0.940525 -0.263254
v 0.047116 -0.947798 -0.212776
v 0.121969 -0.928581 -0.302447
v -0.127782 -0.898031 -0.371977
v -0.136006 -0.888050 -0.393608
v -0.033423 -0.841189 -0.495901
v -0.033228 -0.876219 -0.431069
v -0.039092 -0.898031 -0.371977
v -0.047491 -0.888068 -0.393615
v 0.032937 -0.888225 -0.405455
v 0.034326 -0.846352 -0.484316
v 0.135633 -0.888049 -0.393610
v -0.123645 -0.741111 -0.633742
v -0.127783 -0.821508 -0.520273
v -0.136016 -0.794266 -0.559204
v 0.047337 -0.806318 -0.541210
v 0.038723 -0.821508 -0.520273
v 0.144812 -0.740061 -0.637098
v 0.135642 -0.794254 -0.559222
v 0.127609 -0.822529 -0.518404
v -0.145187 -0.638604 -0.738764
v -0.039094 -0.670397 -0.704085
v -0.047501 -0.669840 -0.703505
v 0.052497 -0.592053 -0.772620
v 0.047121 -0.703548 -0.669790
v 0.038723 -0.670397 -0.704085
v 0.122078 -0.638480 -0.738807
v -0.127783 -0.563259 -0.792516
v -0.136016 -0.519625 -0.820706
v -0.036421 -0.479734 -0.846983
v -0.047496 -0.519666 -0.820701
v 0.036046 -0.479734 -0.846987
v 0.135644 -0.519625 -0.820706
v -0.123578 -0.263444 -0.938919
v -0.122176 -0.303997 -0.928682
v -0.136015 -0.349729 -0.906233
v -0.052774 -0.305030 -0.924382
v 0.047132 -0.371220 -0.897349
v 0.143326 -0.263090 -0.939047
v 0.145248 -0.306699 -0.927787
v 0.135642 -0.349729 -0.906233
v -0.145917 -0.184814 -0.960473
v -0.145187 -0.070811 -0.973946
v -0.040708 -0.212608 -0.948111
v 0.055729 -0.070779 -0.973939
v 0.056357 -0.184645 -0.960476
v 0.047123 -0.212713 -0.947815
v 0.121625 -0.185276 -0.960321
v 0.123274 -0.067499 -0.972788
v -0.145228 0.071810 -0.973898
v -0.127783 -0.028051 -0.971883
v -0.136015 -0.023693 -0.971086
v -0.047628 0.173053 -0.955756
v -0.039094 0.212986 -0.948578
v -0.039094 -0.028051 -0.971883
v -0.046767 -0.024200 -0.971049
v 0.047121 -0.023734 -0.971102
v 0.038723 -0.028051 -0.971883
v 0.144853 0.071801 -0.973896
v 0.127411 0.212986 -0.948578
v 0.135659 0.166096 -0.957075
v 0.055780 0.927250 0.306348
v 0.055842 0.951922 0.218245
v 0.143052 0.926284 0.304188
v -0.122487 0.877151 0.429348
v -0.034698 0.872907 0.434638
v 0.036051 0.071567 -0.970772
v 0.054250 0.071692 -0.972396
v -0.056155 0.071810 -0.973905
v -0.036426 0.071567 -0.970770
v -0.136032 0.166096 -0.957075
v -0.127783 0.212984 -0.948580
v 0.135334 -0.191267 -0.952071
v 0.143196 -0.067495 -0.972788
v 0.036256 -0.125492 -0.965051
v 0.034326 -0.067497 -0.972788
v -0.056731 -0.184650 -0.960476
v -0.054622 -0.067497 -0.972788
v -0.129261 -0.212714 -0.948111
v -0.123646 -0.067497 -0.972788
v 0.124750 -0.304968 -0.924469
v 0.035983 -0.304996 -0.924428
v -0.047504 -0.371220 -0.897349
v -0.034611 -0.263307 -0.938967
v -0.036458 -0.311540 -0.922036
v -0.143700 -0.306993 -0.925737
v 0.124823 -0.479670 -0.847048
v 0.047123 -0.519666 -0.820701
v 0.040879 -0.565751 -0.789570
v -0.054622 -0.480631 -0.848343
v -0.143570 -0.480631 -0.848343
v 0.135654 -0.669829 -0.703495
v 0.127411 -0.670397 -0.704085
v 0.143198 -0.640135 -0.735595
v 0.032988 -0.638587 -0.738744
v -0.056103 -0.638616 -0.738742
v -0.127783 -0.701236 -0.673508
v -0.136027 -0.669829 -0.703495
v -0.122425 -0.612707 -0.760621
v 0.032940 -0.767599 -0.603711
v -0.039094 -0.821508 -0.520273
v -0.047711 -0.806316 -0.541215
v -0.034698 -0.741109 -0.633742
v -0.143564 -0.726860 -0.650755
v 0.122020 -0.888199 -0.405475
v 0.122078 -0.849176 -0.482069
v 0.047118 -0.888068 -0.393615
v 0.054250 -0.846352 -0.484316
v 0.055862 -0.876194 -0.431128
v -0.056150 -0.888328 -0.405265
v -0.056103 -0.849140 -0.482218
v -0.145229 -0.888442 -0.405027
v -0.145187 -0.849157 -0.482202
v 0.135945 -0.952224 -0.191034
v 0.144756 -0.940957 -0.260947
v 0.036655 -0.925692 -0.299803
v -0.056216 -0.928692 -0.302177
v -0.127783 -0.948782 -0.213003
v -0.136317 -0.952224 -0.191034
v -0.122321 -0.940569 -0.262970
v 0.124307 -0.971250 -0.072403
v 0.121445 -0.974508 -0.089145
v 0.035487 -0.971250 -0.072032
v 0.032877 -0.964209 -0.154379
v -0.039094 -0.971906 0.023815
v -0.047503 -0.971103 0.023803
v -0.033246 -0.964215 -0.154386
v -0.034611 -0.972294 -0.075068
v -0.143699 -0.972330 -0.074840
v 0.124823 -0.966089 0.119373
v 0.047133 -0.952525 0.189036
v 0.038938 -0.949103 0.210936
v 0.054356 -0.972313 0.074947
v -0.054728 -0.967461 0.122596
v -0.145187 -0.969048 0.120553
v 0.135645 -0.906235 0.349728
v 0.144798 -0.941293 0.259815
v 0.144927 -0.912715 0.347477
v 0.032877 -0.912724 0.347419
v -0.056187 -0.919149 0.328882
v -0.056023 -0.941060 0.260395
v -0.136018 -0.906235 0.349728
v -0.123646 -0.939723 0.260031
v -0.122271 -0.912317 0.348726
v 0.121953 -0.868200 0.446962
v -0.039095 -0.792513 0.563265
v -0.047496 -0.820701 0.519668
v -0.145320 -0.868287 0.446837
v 0.125399 -0.732981 0.639978
v 0.123303 -0.770155 0.598095
v 0.047339 -0.688113 0.685244
v 0.054217 -0.769765 0.598603
v 0.051706 -0.733046 0.639834
v -0.052772 -0.736840 0.636077
v -0.141481 -0.721083 0.653555
v -0.145197 -0.769834 0.600810
v 0.135642 -0.559222 0.794256
v 0.127411 -0.516641 0.823668
v 0.143191 -0.585930 0.780063
v -0.056141 -0.630050 0.745942
v -0.127982 -0.518404 0.822531
v -0.136015 -0.559222 0.794256
v -0.124963 -0.602332 0.764789
v 0.121953 -0.431057 0.876207
v 0.123274 -0.484318 0.846354
v 0.032860 -0.431057 0.876221
v 0.033055 -0.495887 0.841192
v -0.047491 -0.393615 0.888069
v -0.034698 -0.484314 0.846356
v -0.036776 -0.392033 0.890789
v -0.145318 -0.431193 0.876161
v -0.143570 -0.484316 0.846352
v 0.122032 -0.264024 0.940159
v 0.047121 -0.212738 0.947810
v 0.038723 -0.166251 0.958082
v 0.055797 -0.264217 0.940161
v -0.054860 -0.260126 0.940056
v -0.145104 -0.284846 0.933605
v 0.135656 -0.023808 0.971090
v 0.127411 0.023815 0.971907
v 0.143326 -0.074840 0.972331
v 0.036044 -0.071700 0.970770
v 0.032689 -0.123843 0.969073
v -0.054622 -0.075935 0.972167
v -0.127783 0.023815 0.971907
v -0.136028 -0.023808 0.971090
v -0.125266 -0.144094 0.962296
v -0.125196 -0.071788 0.970785
v 0.122018 0.071820 0.973886
v 0.032932 0.071820 0.973896
v -0.044488 0.166106 0.957146
v -0.033301 0.071824 0.973901
v -0.145228 0.071820 0.973898
v 0.047118 0.349630 0.906288
v 0.054357 0.263193 0.939011
v -0.054730 0.263196 0.939010
v -0.145349 0.342642 0.914487
v -0.145130 0.260947 0.940961
v 0.129477 0.525866 0.816668
v 0.144778 0.481323 0.849646
v 0.034238 0.481486 0.848158
v -0.054730 0.481599 0.848105
v -0.129849 0.525861 0.816671
v -0.122617 0.462918 0.859704
v 0.123274 0.603256 0.766131
v 0.034326 0.603256 0.766131
v -0.047498 0.669799 0.703543
v -0.033358 0.601558 0.769201
v -0.145187 0.601575 0.769218
v 0.122006 0.747232 0.629173
v 0.047127 0.794257 0.559249
v 0.035909 0.792876 0.564706
v 0.054443 0.755349 0.617950
v -0.054816 0.755350 0.617948
v -0.143572 0.783018 0.580726
v -0.143538 0.737443 0.638002
v 0.134903 0.887883 0.393909
v 0.127411 0.887172 0.397836
v 0.143198 0.872907 0.434638
v 0.034326 0.872908 0.434634
v 0.032877 0.951917 0.218221
v 0.032932 0.927245 0.306345
v 0.121969 0.951970 0.217947
v 0.122018 0.927235 0.306343
v -0.143570 0.872908 0.434634
v -0.056015 0.880038 0.423157
v 0.119547 -0.923749 0.382976
v 0.119593 0.097841 -0.995145
v 0.119551 0.146671 -0.989172
v 0.028294 0.831278 -0.555846
v 0.028391 0.048744 -0.998757
v 0.029746 0.096259 -0.995052
v 0.028295 0.146691 -0.989172
v 0.062539 0.147218 -0.989057
v -0.120440 -0.954263 0.262924
v -0.121303 -0.955735 0.221029
v -0.062859 0.048755 -0.998761
v -0.061475 0.095363 -0.995166
v -0.062960 0.146710 -0.989173
v 0.148480 -0.168844 -0.968102
v -0.154569 0.048885 -0.998795
v -0.154564 0.097909 -0.995147
v -0.152802 0.147239 -0.988890
v 0.148504 0.821265 -0.540363
v 0.119549 -0.147056 -0.989115
v 0.119547 -0.098339 -0.995139
v 0.120835 -0.049208 -0.998487
v 0.152281 -0.093637 -0.995287
v 0.028294 -0.147064 -0.989117
v 0.028292 -0.098349 -0.995140
v 0.061080 -0.095298 -0.995168
v 0.062536 -0.146611 -0.989146
v 0.119547 0.831280 -0.555837
v -0.062912 -0.147217 -0.989057
v -0.062963 -0.098358 -0.995144
v -0.062859 -0.049358 -0.998732
v -0.030107 -0.096463 -0.995036
v -0.028716 -0.146586 -0.989146
v 0.059512 0.379171 0.911087
v 0.057162 0.374907 0.905130
v -0.154629 -0.147078 -0.989117
v -0.152682 -0.095324 -0.995222
v -0.154569 -0.049235 -0.998778
v -0.121230 -0.097227 -0.994971
v -0.031312 -0.964885 0.179697
v 0.119551 -0.337194 -0.941421
v 0.119551 -0.243031 -0.970005
v 0.154136 -0.242682 -0.970055
v 0.028342 -0.337332 -0.941332
v 0.029335 -0.289374 -0.956991
v 0.028295 -0.243012 -0.970012
v 0.062486 -0.242675 -0.970057
v -0.119828 0.195279 -0.980740
v -0.062961 -0.337211 -0.941423
v -0.062960 -0.242995 -0.970021
v -0.029701 -0.243726 -0.969624
v -0.120898 -0.050289 -0.980161
v -0.154564 -0.337344 -0.941330
v -0.154627 -0.242983 -0.970023
v -0.120009 -0.242653 -0.970055
v -0.119966 -0.336713 -0.941549
v -0.121345 0.922720 -0.330213
v 0.119598 -0.514257 -0.857619
v 0.119456 -0.427722 -0.903901
v 0.154293 -0.427270 -0.904077
v 0.154136 -0.513819 -0.857841
v -0.063066 -0.980749 0.195274
v 0.028347 -0.514253 -0.857626
v 0.029412 -0.469200 -0.882846
v 0.028198 -0.427718 -0.903906
v 0.062631 -0.427269 -0.904078
v 0.062486 -0.513812 -0.857845
v -0.154560 0.923799 -0.382762
v -0.062907 -0.514250 -0.857631
v -0.062907 -0.471479 -0.881822
v -0.063064 -0.427715 -0.903911
v -0.028624 -0.427258 -0.904078
v -0.030136 -0.513354 -0.857792
v 0.147713 0.353177 0.915520
v -0.154569 -0.514247 -0.857633
v -0.154560 -0.471464 -0.881829
v -0.154738 -0.427713 -0.903911
v -0.119879 -0.427250 -0.904078
v -0.120009 -0.513792 -0.857850
v -0.154666 -0.000306 -0.999960
v 0.119639 -0.634606 -0.772760
v 0.119551 -0.595741 -0.803161
v 0.154134 -0.634125 -0.773164
v -0.148029 0.186584 -0.963437
v 0.028294 -0.671800 -0.740721
v 0.028391 -0.634599 -0.772770
v 0.029308 -0.597515 -0.801610
v 0.062537 -0.595281 -0.803460
v 0.061070 -0.669599 -0.742330
v 0.058048 -0.948325 0.251493
v -0.062963 -0.671806 -0.740718
v -0.061473 -0.635832 -0.771443
v -0.062960 -0.595714 -0.803188
v -0.028714 -0.671418 -0.741010
v -0.154629 -0.671557 -0.740943
v -0.154625 -0.595704 -0.803195
v -0.119961 -0.671165 -0.741234
v -0.031437 0.929566 -0.315209
v 0.120861 -0.772628 -0.634548
v 0.119549 -0.741161 -0.671309
v 0.028196 -0.980746 0.195279
v 0.029665 -0.804341 -0.593694
v 0.028294 -0.773212 -0.634129
v 0.029684 -0.741313 -0.670713
v 0.061090 -0.738099 -0.674302
v -0.029734 0.150185 -0.988447
v -0.028569 0.195273 -0.980746
v -0.061441 -0.801292 -0.597836
v -0.062963 -0.773220 -0.634125
v -0.061499 -0.739149 -0.673282
v -0.030088 -0.771288 -0.636017
v -0.031348 0.064377 -0.979254
v -0.154509 -0.803346 -0.595430
v -0.152653 -0.775529 -0.630807
v -0.154665 -0.741120 -0.671309
v -0.119966 -0.740793 -0.671652
v -0.062960 0.923867 -0.382702
v 0.119508 -0.904082 -0.427245
v 0.119549 -0.857747 -0.514048
v 0.152571 -0.903405 -0.428165
v -0.120418 0.179013 0.971182
v -0.121303 0.221038 0.955734
v 0.028253 -0.904080 -0.427255
v 0.029739 -0.882468 -0.469680
v 0.028295 -0.857739 -0.514067
v 0.148434 -0.968148 0.168044
v -0.062910 -0.903997 -0.427431
v -0.061465 -0.883534 -0.467802
v -0.062961 -0.857732 -0.514084
v -0.030142 -0.856538 -0.515440
v -0.154738 0.195263 0.980751
v -0.154564 -0.903990 -0.427445
v -0.152710 -0.883837 -0.467346
v -0.154564 -0.857739 -0.513993
v -0.063064 -0.000183 -1.000001
v 0.119549 -0.956945 -0.290223
v 0.119549 -0.941553 -0.336826
v 0.154194 -0.941330 -0.337349
v -0.059888 0.263386 -0.951751
v 0.028347 -0.970067 -0.242792
v 0.029756 -0.957069 -0.288837
v 0.029729 -0.941353 -0.336484
v 0.062539 -0.941334 -0.337341
v 0.062541 -0.956750 -0.290749
v 0.058080 0.919176 -0.344300
v -0.062905 -0.970067 -0.242797
v -0.062910 -0.956929 -0.290159
v -0.062961 -0.941546 -0.336865
v -0.154507 -0.970057 -0.242675
v -0.154629 -0.956934 -0.290276
v -0.154562 -0.941536 -0.336773
v 0.028345 0.923780 -0.382800
v 0.119549 -0.998798 -0.048734
v 0.120859 -0.994951 -0.097466
v 0.119598 -0.989191 -0.146536
v 0.154134 -0.989085 -0.147015
v 0.152281 -0.994432 -0.102329
v -0.031312 0.179666 0.964890
v 0.028342 -0.998769 -0.048568
v 0.029764 -0.994886 -0.098036
v 0.028347 -0.989192 -0.146543
v 0.062486 -0.989083 -0.147023
v 0.062534 -0.998742 -0.049182
v 0.062691 0.195268 -0.980749
v -0.062961 -0.998805 -0.048717
v -0.061450 -0.994761 -0.099491
v -0.062907 -0.989194 -0.146550
v 0.059500 -0.037921 -0.986335
v -0.154627 -0.998805 -0.048710
v -0.152650 -0.994555 -0.101157
v -0.154569 -0.989194 -0.146553
v -0.120418 -0.988693 0.000002
v 0.119592 -0.989054 0.147193
v 0.119549 -0.998800 0.048722
v 0.152311 -0.998273 0.053171
v -0.063064 0.195265 0.980752
v 0.029785 -0.988604 0.148450
v 0.028393 -0.995099 0.098330
v 0.029744 -0.998595 0.048835
v 0.061101 -0.998390 0.051684
v 0.147925 0.900280 -0.391494
v -0.062857 -0.995104 0.098322
v -0.061496 -0.998549 0.050258
v -0.028716 -0.998737 0.049210
v -0.154629 -0.989119 0.147071
v -0.154505 -0.995104 0.098313
v -0.152715 -0.998455 0.051525
v -0.119968 -0.998732 0.049237
v 0.029067 -0.000346 -0.999898
v 0.120849 -0.941204 0.337247
v 0.119598 -0.956868 0.290471
v 0.119549 -0.970007 0.243029
v 0.152327 -0.958068 0.285427
v 0.030926 0.179447 -0.964969
v 0.028295 -0.941423 0.337202
v 0.028348 -0.956873 0.290466
v 0.029339 -0.969470 0.244647
v 0.061082 -0.969048 0.245822
v 0.062539 -0.957039 0.289799
v 0.062484 -0.941602 0.336583
v 0.119595 0.923767 -0.382822
v -0.062905 -0.941476 0.337059
v -0.062960 -0.956926 0.290307
v -0.061465 -0.969102 0.245906
v -0.029818 -0.969166 0.245567
v -0.028713 -0.957034 0.289804
v -0.028762 -0.941602 0.336573
v 0.058169 0.241263 0.951607
v -0.154567 -0.941476 0.337055
v -0.154627 -0.956929 0.290295
v -0.152647 -0.968605 0.247423
v -0.121218 -0.970192 0.241203
v -0.120011 -0.956979 0.289958
v -0.121230 -0.941532 0.336070
v -0.031357 -0.979995 -0.055082
v 0.119549 -0.881882 0.471442
v 0.120835 -0.903996 0.427096
v 0.152274 -0.901727 0.431626
v 0.154194 -0.882116 0.470930
v 0.028391 -0.857525 0.514342
v 0.028295 -0.881894 0.471426
v 0.029797 -0.902695 0.429600
v 0.062631 -0.904082 0.427264
v 0.061099 -0.880999 0.472543
v 0.062484 -0.857846 0.513812
v 0.154193 0.195576 -0.980643
v -0.062907 -0.857631 0.514252
v -0.062961 -0.881906 0.471411
v -0.063064 -0.903911 0.427717
v -0.030050 -0.881476 0.471645
v -0.154569 -0.857633 0.514248
v -0.152686 -0.880081 0.474347
v -0.154665 -0.903822 0.427809
v -0.121218 -0.904492 0.425846
v -0.121230 -0.881921 0.470790
v -0.120011 -0.857850 0.513792
v 0.119595 -0.740796 0.671651
v 0.119549 -0.772960 0.634433
v 0.120852 -0.802342 0.596537
v 0.152274 -0.800202 0.599240
v 0.154194 -0.773290 0.633977
v 0.029416 -0.741540 0.670585
v 0.028347 -0.772881 0.634532
v 0.028254 -0.802979 0.595930
v 0.061070 -0.805351 0.592348
v 0.062486 -0.773165 0.634125
v -0.154625 0.980780 -0.195099
v -0.061487 -0.741797 0.670228
v -0.062907 -0.772887 0.634529
v -0.062960 -0.803186 0.595719
v -0.030120 -0.773138 0.633725
v 0.148482 0.168830 0.968107
v -0.152700 -0.742823 0.669038
v -0.154509 -0.772782 0.634592
v -0.154625 -0.803193 0.595709
v -0.121235 -0.804059 0.594081
v 0.119456 -0.000193 -0.999994
v 0.119549 -0.634341 0.773037
v 0.119451 -0.671555 0.740950
v 0.154276 -0.671522 0.740914
v 0.152277 -0.631736 0.774780
v 0.120060 0.276484 -0.950678
v 0.029737 -0.595009 0.803339
v 0.028295 -0.634358 0.773027
v 0.029717 -0.672473 0.739863
v 0.061101 -0.674096 0.738274
v 0.062539 -0.634749 0.772658
v 0.059493 -0.986326 -0.037486
v -0.062961 -0.634375 0.773017
v -0.062967 -0.671673 0.740848
v -0.028637 -0.671521 0.740913
v -0.028711 -0.634743 0.772659
v 0.119456 0.195274 0.980744
v -0.154509 -0.595430 0.803347
v -0.152653 -0.630807 0.775531
v -0.154745 -0.671558 0.740954
v -0.121221 -0.672306 0.739881
v -0.121230 -0.634625 0.772451
v 0.120864 -0.425794 0.904511
v 0.119549 -0.471341 0.881937
v 0.120852 -0.512986 0.858170
v 0.154194 -0.514510 0.857431
v 0.152523 -0.428024 0.903465
v 0.029448 -0.999792 -0.002707
v 0.028343 -0.427395 0.904010
v 0.028343 -0.471250 0.881942
v 0.028295 -0.514067 0.857741
v 0.062539 -0.514505 0.857434
v -0.062910 -0.427419 0.904003
v -0.062961 -0.471378 0.881923
v -0.061487 -0.511402 0.859133
v -0.030119 -0.514027 0.857422
v -0.120474 -0.034558 0.988756
v -0.154564 -0.427433 0.903997
v -0.154627 -0.471389 0.881918
v -0.154629 -0.514096 0.857727
v -0.120011 -0.471659 0.881716
v 0.149496 -0.985700 0.048372
v 0.119549 -0.242656 0.970101
v 0.119593 -0.336708 0.941554
v 0.152275 -0.286824 0.957653
v 0.028294 -0.242648 0.970106
v 0.028343 -0.336733 0.941549
v 0.062486 -0.290565 0.956804
v 0.062536 -0.243079 0.969959
v 0.057959 0.954550 -0.225871
v -0.061489 -0.244242 0.969521
v -0.062907 -0.290108 0.956986
v -0.062961 -0.336865 0.941548
v -0.029785 -0.245052 0.969284
v -0.154629 -0.242634 0.970111
v -0.152705 -0.286898 0.957615
v -0.121230 -0.337305 0.941093
v -0.120009 -0.290582 0.956792
v 0.029335 0.980751 -0.194179
v 0.119549 -0.048732 0.998800
v 0.120835 -0.097822 0.994903
v 0.119551 -0.146669 0.989175
v 0.154136 -0.098308 0.995106
v -0.030433 0.070654 0.985125
v -0.031357 -0.055082 0.979997
v 0.028389 -0.097704 0.995163
v 0.028295 -0.146690 0.989175
v 0.061077 -0.145226 0.989122
v 0.062534 -0.049180 0.998746
v -0.120442 -0.967779 -0.194668
v -0.121382 -0.969231 -0.144543
v -0.062961 -0.048717 0.998807
v -0.061473 -0.095891 0.995098
v -0.062960 -0.146709 0.989175
v -0.028711 -0.147210 0.989057
v -0.154569 -0.048885 0.998797
v -0.152653 -0.093642 0.995289
v -0.154627 -0.146721 0.989173
v -0.121230 -0.147227 0.988816
v -0.119966 -0.049230 0.998735
v 0.149498 0.967965 -0.192383
v 0.120859 0.147225 0.988816
v 0.119598 0.098207 0.995152
v 0.119551 0.049126 0.998781
v 0.154136 0.097721 0.995164
v -0.154738 -0.980817 -0.194916
v 0.028340 0.147208 0.989057
v 0.028347 0.098202 0.995156
v 0.029308 0.051460 0.998477
v 0.061077 0.050533 0.998448
v 0.062486 0.097713 0.995166
v -0.062907 0.098197 0.995159
v -0.062960 0.049087 0.998790
v 0.059488 -0.037606 0.986305
v -0.152650 0.143560 0.989329
v -0.154569 0.098192 0.995159
v -0.154625 0.049075 0.998790
v -0.120009 0.048736 0.998756
v 0.119547 0.337199 0.941423
v 0.119597 0.290462 0.956871
v 0.154194 0.242482 0.970110
v 0.154191 0.336783 0.941534
v 0.028253 0.000310 0.999958
v 0.028340 0.337339 0.941332
v 0.028345 0.290457 0.956876
v 0.029385 0.244529 0.969492
v 0.062539 0.242487 0.970108
v 0.061094 0.288246 0.957239
v 0.062537 0.336768 0.941541
v -0.120440 0.988123 -0.001375
v -0.062963 0.337216 0.941423
v -0.062961 0.242999 0.970023
v -0.029787 0.244015 0.969549
v -0.028761 0.289968 0.956982
v -0.063004 -0.980805 -0.194786
v -0.154567 0.337351 0.941330
v -0.154509 0.290558 0.956806
v -0.154627 0.242983 0.970024
v -0.119961 0.242499 0.970098
v -0.120009 0.289958 0.956980
v -0.121230 0.336091 0.941527
v -0.154740 0.999999 -0.000176
v 0.119595 0.471519 0.881796
v 0.119551 0.427604 0.903954
v 0.154193 0.427082 0.904162
v 0.154193 0.470930 0.882118
v -0.148788 0.958699 0.215259
v 0.029739 0.515521 0.856639
v 0.028343 0.471498 0.881812
v 0.029761 0.429648 0.902681
v 0.062539 0.427089 0.904161
v 0.061008 0.515317 0.856653
v -0.062908 0.471478 0.881825
v -0.062960 0.427571 0.903976
v -0.028713 0.513653 0.857942
v 0.149503 0.048216 0.985733
v -0.154625 0.514106 0.857720
v -0.154625 0.471399 0.881912
v -0.152896 0.428031 0.903463
v -0.119963 0.427098 0.904147
v -0.121259 0.514689 0.857017
v 0.120842 0.671878 0.740281
v 0.119551 0.634432 0.772962
v 0.120843 0.596449 0.802412
v 0.154194 0.595269 0.803469
v 0.154193 0.633973 0.773294
v 0.058174 -0.964750 -0.180212
v 0.029790 0.672381 0.739789
v 0.029303 0.633708 0.773389
v 0.028295 0.595726 0.803180
v 0.061082 0.597944 0.801216
v 0.062537 0.633978 0.773290
v -0.061467 0.673459 0.738855
v -0.062960 0.634406 0.772991
v -0.061480 0.598127 0.801175
v -0.028713 0.633980 0.773283
v 0.120043 -0.224313 0.963281
v -0.154627 0.671558 0.740943
v -0.154627 0.595702 0.803200
v -0.121227 0.595940 0.802690
v -0.119964 0.633985 0.773275
v -0.028672 0.980804 0.194943
v 0.119638 0.803359 0.595403
v 0.119458 0.741072 0.671415
v 0.152346 0.769465 0.638201
v -0.031422 0.978426 0.078967
v 0.028391 0.803356 0.595415
v 0.029756 0.772757 0.634219
v 0.028198 0.741070 0.671422
v 0.062630 0.740714 0.671760
v 0.029104 -0.980728 -0.194523
v -0.062907 0.803103 0.595829
v -0.063062 0.741070 0.671427
v 0.030291 -0.891177 -0.421840
v -0.154507 0.803352 0.595423
v -0.154562 0.773032 0.634293
v -0.152698 0.744559 0.667124
v -0.119879 0.740697 0.671767
v -0.121189 0.803698 0.594546
v -0.063066 1.000001 -0.000176
v 0.119598 0.904060 0.427375
v 0.120830 0.881892 0.471029
v 0.119547 0.857749 0.514046
v 0.154193 0.857431 0.514510
v 0.154194 0.881641 0.471821
v -0.059921 0.968783 0.189443
v 0.028295 0.881930 0.471363
v 0.028295 0.857742 0.514065
v 0.061090 0.882436 0.469853
v 0.062486 0.903815 0.427812
v -0.119920 -0.382983 0.923746
v -0.062907 0.904060 0.427388
v -0.061491 0.882752 0.469430
v -0.062960 0.857735 0.514082
v -0.028713 0.857434 0.514498
v -0.028711 0.881644 0.471809
v -0.121384 -0.144523 0.969236
v -0.154569 0.904058 0.427392
v -0.154627 0.881916 0.471390
v -0.154627 0.857728 0.514092
v -0.121213 0.881389 0.471796
v -0.120009 0.903800 0.427828
v 0.119636 0.969898 0.243288
v 0.120843 0.956678 0.290111
v 0.120866 0.941070 0.337397
v 0.152332 0.957644 0.287228
v 0.149584 -0.980888 -0.117784
v 0.146584 -0.968892 -0.145867
v 0.028391 0.969903 0.243279
v 0.028253 0.941607 0.336581
v 0.061119 0.957256 0.288624
v -0.062857 0.969910 0.243270
v -0.061460 0.957331 0.287979
v -0.061462 0.940328 0.339516
v -0.147971 -0.372191 0.908087
v -0.154634 0.956890 0.290438
v -0.152677 0.939738 0.341059
v -0.121199 0.956727 0.290342
v 0.062582 0.980809 0.194930
v 0.119549 0.995178 0.097956
v 0.119455 0.989197 0.146541
v 0.152311 0.988183 0.151490
v 0.028391 0.998759 0.048760
v 0.028297 0.995178 0.097974
v 0.029773 0.988705 0.147976
v 0.061090 0.988334 0.150577
v 0.061090 0.995070 0.096389
v 0.119456 -0.980816 -0.194904
v -0.062960 0.995180 0.097993
v -0.061484 0.988652 0.149048
v -0.028713 0.995086 0.098506
v 0.120103 -0.923389 -0.350212
v -0.154625 0.995178 0.098005
v -0.152677 0.988217 0.151171
v -0.121235 0.988636 0.148463
v -0.121213 0.994845 0.098588
v 0.028196 0.999997 -0.000183
v 0.119547 0.989158 -0.146784
v 0.120855 0.994744 -0.099649
v 0.119592 0.998734 -0.049240
v 0.030069 0.969337 0.188005
v 0.028295 0.989163 -0.146765
v 0.028343 0.995120 -0.098156
v 0.029710 0.998386 -0.051763
v 0.061123 0.989189 -0.144675
v -0.062960 0.989168 -0.146746
v -0.061458 0.994515 -0.102041
v -0.029773 0.988558 -0.149546
v -0.031299 -0.179439 0.964965
v -0.154627 0.995176 -0.098024
v -0.121197 0.988920 -0.146432
v -0.119877 -0.831253 -0.555808
v 0.119547 0.956910 -0.290336
v 0.119592 0.969939 -0.243130
v 0.152351 0.942452 -0.333363
v -0.120548 -0.912472 -0.377891
v 0.028343 0.941450 -0.337007
v 0.028295 0.956919 -0.290318
v 0.028345 0.969949 -0.243106
v 0.062539 0.957039 -0.289793
v -0.062960 0.956927 -0.290301
v -0.062907 0.969959 -0.243082
v -0.058484 -0.370984 0.908568
v -0.154625 0.956931 -0.290288
v -0.121220 0.956508 -0.290770
v 0.154246 0.980811 0.194919
v 0.119547 0.881755 -0.471678
v 0.154189 0.881928 -0.471281
v 0.149418 0.986511 -0.034935
v 0.029698 0.856937 -0.514819
v 0.028340 0.881644 -0.471806
v 0.062486 0.904077 -0.427258
v 0.061080 0.882949 -0.468875
v -0.062913 0.881646 -0.471813
v -0.062907 0.903904 -0.427717
v -0.028761 0.904077 -0.427250
v -0.147119 -0.790900 -0.578997
v -0.154567 0.857433 -0.514508
v -0.154567 0.881642 -0.471818
v -0.154509 0.903819 -0.427802
v 0.119639 0.740675 -0.671781
v 0.119453 0.803094 -0.595841
v 0.154148 0.740919 -0.671534
v 0.120060 0.971386 0.177908
v 0.028342 0.772888 -0.634462
v 0.029756 0.801993 -0.596997
v 0.061082 0.801232 -0.597922
v 0.062532 0.741066 -0.671422
v -0.062910 0.772907 -0.634445
v -0.061458 0.800587 -0.598777
v -0.029474 0.803404 -0.595153
v -0.028718 0.741068 -0.671415
v 0.059546 -0.191915 0.968370
v -0.154507 0.740700 -0.671764
v -0.154637 0.773116 -0.634261
v -0.152693 0.800640 -0.598803
v -0.119828 0.803313 -0.595543
v -0.119970 0.741070 -0.671410
v -0.028622 -0.831261 -0.555803
v 0.119549 0.595647 -0.803231
v 0.120852 0.633342 -0.773617
v 0.120849 0.671837 -0.740331
v 0.152294 0.638734 -0.769039
v 0.152303 0.591881 -0.805668
v 0.028294 0.595666 -0.803222
v 0.028195 0.634247 -0.773123
v 0.029776 0.670017 -0.741927
v 0.060979 0.634599 -0.772483
v 0.062539 0.596071 -0.802873
v -0.062961 0.595681 -0.803214
v -0.063066 0.634254 -0.773121
v -0.061485 0.668836 -0.743035
v -0.030173 0.633286 -0.773540
v -0.028711 0.596065 -0.802873
v 0.030307 -0.443569 0.881335
v -0.154579 0.595830 -0.803063
v -0.152677 0.630719 -0.775640
v -0.154649 0.671536 -0.740901
v -0.121237 0.633735 -0.773191
v -0.119961 0.596059 -0.802873
v 0.119638 0.427239 -0.904077
v 0.119456 0.471228 -0.882000
v 0.119549 0.513805 -0.857891
v -0.120433 0.971396 0.177872
v 0.028391 0.427250 -0.904075
v 0.029385 0.469878 -0.882562
v 0.028295 0.513800 -0.857898
v 0.061075 0.516143 -0.856165
v -0.062859 0.427260 -0.904075
v -0.061497 0.469553 -0.882687
v -0.062961 0.513795 -0.857905
v -0.029679 0.516073 -0.856312
v -0.028714 0.471495 -0.881810
v -0.059926 -0.790974 -0.590599
v -0.057757 -0.790899 -0.579007
v -0.154509 0.427267 -0.904070
v -0.152717 0.468408 -0.883260
v -0.154565 0.513641 -0.857951
v -0.121213 0.514539 -0.857137
v 0.119508 0.242663 -0.970060
v 0.119639 0.289949 -0.956982
v 0.029104 0.242415 -0.969999
v 0.028391 0.289959 -0.956982
v 0.029754 0.335494 -0.941715
v -0.063004 0.242682 -0.970062
v -0.062857 0.289969 -0.956984
v -0.152679 0.237510 -0.971081
v -0.154507 0.289978 -0.956980
v -0.154562 0.336773 -0.941536
v 0.228181 0.194405 -0.980756
v -0.228552 0.194960 -0.980646
v -0.228176 0.000019 -0.999876
v 0.228147 0.707180 -0.706811
v 0.225532 0.831424 -0.555697
v -0.154629 0.980850 0.194743
v 0.225659 0.707336 0.706919
v 0.228147 0.555714 0.831186
v 0.225662 0.382973 0.923792
v 0.228147 0.000272 0.999843
v -0.154627 -0.382680 0.923878
v 0.225662 -0.382422 0.924020
v 0.225532 -0.555481 0.831567
v 0.227803 -0.980660 0.195091
v 0.028297 -0.923886 -0.382646
v 0.120854 -0.924155 -0.381508
v 0.227961 -0.923855 -0.382377
v -0.152729 -0.833859 -0.551608
v -0.061503 -0.833069 -0.552851
v 0.225532 -0.831567 -0.555481
v 0.228147 -0.707189 -0.706801
v 0.228181 -0.555403 -0.831388
v -0.033246 0.951925 0.218206
v -0.127783 0.949584 0.208895
v -0.136018 0.947756 0.212911
v -0.143425 0.926286 0.304185
v -0.122338 0.951978 0.217929
v 0.135645 0.971086 -0.023700
v 0.143198 0.967902 0.119398
v 0.047125 0.971102 -0.023739
v 0.054198 0.974305 0.050154
v -0.047498 0.971102 -0.023739
v -0.056151 0.970296 0.109081
v -0.036551 0.966291 0.116443
v -0.136018 0.971086 -0.023700
v -0.143570 0.967902 0.119400
v -0.125285 0.966376 0.116099
v 0.135659 0.947785 -0.212800
v 0.127411 0.948583 -0.212974
v 0.124402 0.965827 -0.123802
v 0.122020 0.975760 -0.034707
v 0.144856 0.975813 -0.034203
v 0.144800 0.969073 -0.120151
v 0.047132 0.947798 -0.212803
v 0.038723 0.948583 -0.212974
v 0.035603 0.965756 -0.124101
v 0.032935 0.975777 -0.034680
v 0.055778 0.975800 -0.034466
v 0.055722 0.969063 -0.120223
v -0.039094 0.948583 -0.212973
v -0.047504 0.947798 -0.212803
v -0.056095 0.969065 -0.120231
v -0.033305 0.975783 -0.034663
v -0.035978 0.965754 -0.124105
v -0.127783 0.948583 -0.212973
v -0.136032 0.947785 -0.212800
v -0.145175 0.969075 -0.120161
v -0.145231 0.975815 -0.034201
v -0.122389 0.975765 -0.034688
v -0.124777 0.965826 -0.123804
v 0.135864 0.896429 -0.373414
v 0.124618 0.907213 -0.353282
v 0.123356 0.938958 -0.262926
v 0.144754 0.927004 -0.306849
v 0.047337 0.896410 -0.373505
v 0.035832 0.907085 -0.353533
v 0.034428 0.939004 -0.262731
v 0.054125 0.925013 -0.308366
v -0.047710 0.896410 -0.373505
v -0.054499 0.939042 -0.262567
v -0.036327 0.924307 -0.305370
v -0.136237 0.896429 -0.373414
v -0.145484 0.925407 -0.312804
v -0.143423 0.939069 -0.262433
v -0.125095 0.924333 -0.305377
v 0.135644 0.820711 -0.519618
v 0.127411 0.819167 -0.523747
v 0.123274 0.850518 -0.476964
v 0.143198 0.850515 -0.476969
v 0.047123 0.820702 -0.519661
v 0.038723 0.819167 -0.523747
v 0.034326 0.850518 -0.476964
v 0.054250 0.850515 -0.476967
v -0.039094 0.819167 -0.523747
v -0.047496 0.820702 -0.519661
v -0.055888 0.860400 -0.461764
v -0.034698 0.850516 -0.476967
v -0.127783 0.819165 -0.523752
v -0.136016 0.820707 -0.519623
v -0.143570 0.850516 -0.476964
v -0.122581 0.859741 -0.462986
v 0.135649 0.689223 -0.684120
v 0.127436 0.671030 -0.703628
v 0.121902 0.768115 -0.603254
v 0.143198 0.738299 -0.636874
v 0.047123 0.703442 -0.669905
v 0.038748 0.670977 -0.703681
v 0.032807 0.767970 -0.603453
v 0.054250 0.738299 -0.636874
v -0.039119 0.670977 -0.703681
v -0.047496 0.703442 -0.669905
v -0.056196 0.756349 -0.618291
v -0.036229 0.731075 -0.642724
v -0.127809 0.671030 -0.703628
v -0.136022 0.689223 -0.684120
v -0.143569 0.738299 -0.636874
v -0.122271 0.768129 -0.603242
v 0.135647 0.559204 -0.794268
v 0.123205 0.639615 -0.736115
v 0.144593 0.653654 -0.724864
v 0.144889 0.600826 -0.769906
v 0.047125 0.559249 -0.794256
v 0.034238 0.639512 -0.736216
v 0.054357 0.639427 -0.736304
v -0.039094 0.523774 -0.819150
v -0.047498 0.559249 -0.794256
v -0.054730 0.639425 -0.736305
v -0.034611 0.639514 -0.736215
v -0.127783 0.523774 -0.819150
v -0.136020 0.559204 -0.794268
v -0.145130 0.638230 -0.739026
v -0.123578 0.639615 -0.736114
v 0.135633 0.393601 -0.888052
v 0.124762 0.479940 -0.846927
v 0.143198 0.476955 -0.850522
v 0.047118 0.393610 -0.888069
v 0.035991 0.479977 -0.846874
v 0.054250 0.476955 -0.850522
v -0.047491 0.393608 -0.888069
v -0.054622 0.476959 -0.850520
v -0.034698 0.476955 -0.850522
v -0.136006 0.393601 -0.888052
v -0.143570 0.476959 -0.850520
v -0.123646 0.476955 -0.850522
v 0.121979 0.256769 -0.942249
v 0.124762 0.305237 -0.924367
v 0.144494 0.322905 -0.921357
v 0.144925 0.256369 -0.942374
v 0.032886 0.256410 -0.942355
v 0.035991 0.305172 -0.924360
v 0.055481 0.322085 -0.921672
v 0.055838 0.256342 -0.942382
v -0.056211 0.256331 -0.942387
v -0.055854 0.322085 -0.921673
v -0.036368 0.305166 -0.924360
v -0.033253 0.256446 -0.942351
v -0.145298 0.256359 -0.942377
v -0.144868 0.322903 -0.921358
v -0.125136 0.305231 -0.924367
v -0.122348 0.256808 -0.942244
v 0.059565 -0.189632 -0.968805
v 0.149623 -0.892759 0.421976
v -0.062956 0.831369 -0.555707
v -0.120462 0.346044 0.924852
v -0.030679 0.806313 -0.567797
v -0.032090 0.798670 -0.569105
v -0.030430 -0.188963 -0.968973
v -0.032053 -0.192404 -0.960830
v 0.059594 -0.882672 0.444251
v 0.119551 0.555613 0.831430
v 0.148327 0.597623 0.779546
v 0.147776 0.533770 0.823418
v -0.120796 0.811164 -0.553785
v -0.030491 -0.926060 0.343313
v 0.028297 0.555599 0.831444
v 0.119551 0.707129 -0.707071
v 0.059558 0.525206 0.836669
v 0.057318 0.561587 0.802663
v -0.154567 -0.923650 0.383123
v 0.149554 0.732974 -0.661236
v 0.148822 -0.421526 -0.889550
v -0.062960 0.555586 0.831456
v 0.029270 0.739394 -0.672971
v 0.028295 0.707117 -0.707086
v -0.030688 0.572630 0.803133
v 0.119592 -0.831157 0.555947
v 0.058688 0.697251 -0.692642
v 0.059556 -0.329590 -0.930510
v 0.057480 -0.414651 -0.888321
v 0.148484 -0.803007 0.566497
v -0.154560 0.555630 0.831378
v -0.062960 0.707107 -0.707102
v -0.120419 0.513863 0.844023
v -0.121384 0.540089 0.817882
v -0.031340 0.710197 -0.677009
v -0.030811 -0.331326 -0.925627
v 0.059512 -0.797760 0.580647
v 0.119598 0.707240 0.706958
v -0.154627 0.707098 -0.707110
v 0.149556 0.731252 0.662802
v 0.146574 0.690136 0.695741
v -0.120457 0.660923 -0.735117
v -0.121314 0.689194 -0.697073
v -0.121315 -0.413999 -0.888540
v -0.031302 -0.802285 0.565012
v 0.028391 0.707300 0.706843
v 0.119638 0.555271 -0.831605
v 0.058176 0.709583 0.677741
v 0.149561 0.546214 -0.822300
v 0.149503 -0.548420 -0.820502
v -0.062905 0.707237 0.706970
v 0.028389 0.555281 -0.831603
v -0.031317 0.692019 0.696367
v 0.058205 0.525031 -0.829004
v 0.059512 -0.492559 -0.856468
v 0.057383 -0.539546 -0.818327
v 0.148378 -0.678592 0.710249
v -0.062860 0.555291 -0.831600
v -0.121365 0.672308 0.714179
v 0.028342 -0.706732 0.707415
v -0.030291 0.424570 -0.904166
v -0.032084 0.565647 -0.800849
v -0.031396 -0.552548 -0.811616
v 0.059491 -0.650429 0.743601
v 0.057383 -0.658186 0.726107
v -0.154569 0.555420 -0.831564
v 0.147692 0.828255 0.526202
v -0.120472 0.490977 -0.856945
v -0.121399 0.565188 -0.801256
v -0.120436 -0.588213 -0.793753
v -0.121346 -0.539541 -0.818335
v -0.030679 -0.714201 0.680039
v -0.031979 -0.658188 0.726111
v 0.028253 0.831607 0.555290
v 0.119456 0.382507 -0.923946
v 0.119549 -0.707331 -0.706867
v 0.059570 0.850291 0.501389
v 0.149551 -0.749773 -0.643164
v -0.121345 -0.658147 0.726152
v 0.028923 0.382387 -0.923912
v -0.031341 0.836975 0.512822
v 0.119456 -0.555404 0.831574
v 0.059442 0.330390 -0.930012
v 0.058253 -0.695209 -0.692818
v 0.148520 -0.526271 0.829996
v -0.154738 0.831569 0.555421
v -0.063064 0.382519 -0.923946
v -0.062963 -0.707346 -0.706861
v -0.120450 0.836418 0.525313
v -0.121367 0.825665 0.527280
v 0.029067 -0.555271 0.831549
v -0.031350 0.337534 -0.921624
v -0.031300 -0.664555 -0.723179
v 0.059519 -0.486833 0.859199
v 0.119549 0.923996 0.382379
v -0.154738 0.382519 -0.923946
v -0.154509 -0.707283 -0.706862
v 0.149558 0.902698 0.398347
v 0.147247 0.884001 0.425213
v -0.063064 -0.555418 0.831573
v -0.120394 0.297390 -0.943316
v -0.121346 0.403678 -0.893956
v -0.120532 -0.720561 -0.668487
v -0.031333 -0.483290 0.854291
v -0.031458 -0.574813 0.795164
v 0.029327 0.904602 0.425755
v 0.028294 0.924003 0.382372
v 0.119456 -0.831571 -0.555404
v 0.059517 0.921347 0.355447
v -0.154738 -0.555418 0.831571
v 0.149496 -0.846448 -0.507419
v -0.120474 -0.578048 0.802923
v -0.121346 -0.544666 0.815161
v -0.062963 0.924008 0.382367
v 0.028198 -0.831571 -0.555411
v -0.031331 0.887173 0.420134
v 0.119551 -0.382630 0.923891
v 0.058722 -0.838555 -0.512085
v 0.149561 -0.337489 0.927496
v -0.154565 0.924030 0.382206
v -0.149874 -0.967912 0.192700
v -0.148292 0.900285 -0.391455
v -0.149859 0.932080 -0.323977
v -0.149994 0.071714 -0.985358
v -0.148852 0.168832 0.968100
v -0.149920 -0.985833 0.050877
v -0.149874 0.967977 -0.192387
v -0.149873 0.048216 0.985727
v -0.148800 -0.968140 -0.168020
v -0.149792 0.986524 -0.034921
v -0.148761 -0.221662 0.957160
v -0.149953 -0.117787 0.980882
v -0.150004 -0.929749 -0.332728
v -0.149879 0.379573 0.910974
v -0.148852 0.829806 -0.526442
v -0.149820 -0.203111 -0.965349
v -0.149934 -0.893590 0.419559
v -0.148793 0.502947 0.844361
v -0.149926 0.589911 0.791516
v -0.149861 0.672241 -0.722249
v -0.149180 -0.421666 -0.889453
v -0.149992 -0.821145 0.548449
v -0.146946 0.690133 0.695744
v -0.149693 0.709125 0.686093
v -0.148043 0.525491 -0.828628
v -0.149932 -0.529291 -0.832708
v -0.148828 -0.721874 0.667124
v -0.148101 0.828610 0.525751
v -0.148672 0.426757 -0.885215
v -0.148879 -0.711724 -0.677650
v -0.147889 -0.513612 0.835889
v -0.148145 -0.573380 0.796298
v -0.147618 0.884001 0.425201
v -0.149934 0.902704 0.398366
v -0.152705 0.968873 0.246222
v -0.152226 -0.445662 0.893188
v -0.152190 0.880551 0.470754
v -0.152700 -0.632456 -0.774171
v -0.152137 -0.466362 -0.883074
v -0.152700 0.632465 0.774166
v -0.152700 -0.288068 -0.957266
v -0.152700 0.998359 0.051262
v -0.152700 0.989175 -0.144496
v -0.152718 0.942050 -0.334510
v -0.058578 0.353199 0.915510
v -0.059093 0.442570 0.877100
v -0.059921 -0.965347 0.204666
v -0.057757 0.922716 -0.330209
v -0.059927 0.880625 -0.447593
v -0.058629 -0.012786 -0.981202
v -0.059235 0.159311 0.969713
v -0.059895 -0.985933 0.040069
v -0.059809 0.978946 -0.128952
v -0.059980 0.024023 0.987378
v -0.058501 -0.962651 -0.191649
v -0.057756 0.980171 0.006011
v -0.059926 0.986110 0.045232
v -0.059131 -0.215881 0.958523
v -0.059893 -0.927209 -0.339128
v -0.059917 -0.204451 -0.965379
v -0.059910 -0.931591 0.326014
v -0.061072 -0.883739 0.465056
v -0.059117 0.524578 0.830729
v -0.059308 0.687593 -0.703149
v -0.057860 -0.331430 -0.922814
v -0.059909 -0.326101 -0.931553
v -0.058530 -0.791030 0.581044
v -0.059840 0.754593 0.637214
v -0.058537 0.525595 -0.828549
v -0.057756 -0.539529 -0.818339
v -0.059927 -0.571983 -0.805394
v -0.058568 0.838111 0.511076
v -0.059077 0.427688 -0.884760
v -0.059910 -0.697904 -0.697899
v -0.058515 -0.546084 0.815837
v -0.059871 0.927319 0.338418
v -0.061395 0.772611 0.634413
v -0.061114 -0.464816 -0.883886
v -0.061492 -0.289414 -0.956904
v -0.061492 0.998470 0.049882
v -0.061509 0.941599 -0.335897
v -0.061485 0.289575 0.956933
v 0.031682 -0.192411 -0.960827
v 0.030057 -0.188961 -0.968969
v 0.030951 0.838752 -0.509908
v 0.030325 0.326973 0.929827
v 0.030060 -0.978303 0.129246
v 0.030996 0.920120 -0.341934
v 0.029884 0.954229 -0.294797
v 0.030938 0.179695 0.964892
v 0.030972 -0.981319 -0.039080
v 0.030079 0.964186 -0.213315
v 0.030060 0.070627 0.985124
v 0.030069 -0.968882 -0.189050
v 0.030057 -0.890272 0.427204
v 0.030996 0.576765 0.794487
v 0.031548 0.689480 -0.696847
v 0.030084 0.749571 -0.642861
v 0.030936 -0.330965 -0.924403
v 0.031018 -0.798878 0.570557
v 0.030938 0.682736 0.705119
v 0.031712 0.565648 -0.800847
v 0.031023 -0.552567 -0.811613
v 0.030991 -0.710794 0.676802
v 0.030987 0.840327 0.507419
v 0.030975 0.337506 -0.921641
v 0.030072 -0.697773 -0.698092
v 0.030989 -0.612662 0.766998
v 0.030113 0.921894 0.353454
v 0.029906 0.856598 0.513846
v 0.031045 -0.843146 -0.502381
v 0.030043 -0.796214 -0.584274
v 0.029893 -0.464590 0.884054
v 0.029773 -0.705975 -0.707839
v 0.120043 -0.910022 0.387689
v 0.120103 -0.133437 -0.979176
v 0.120975 0.856774 -0.477545
v 0.120076 0.813720 -0.559499
v 0.120088 0.378379 0.913493
v 0.120081 -0.970684 0.181163
v 0.120973 0.922722 -0.330206
v 0.120115 0.921678 -0.360355
v 0.120973 -0.054067 -0.978698
v 0.120041 0.062848 -0.985558
v 0.120932 0.221043 0.955734
v 0.120077 0.199985 0.966549
v 0.120026 -0.988443 -0.005408
v 0.120076 0.976680 -0.147769
v 0.120057 0.020947 0.988529
v 0.120077 -0.963773 -0.193278
v 0.120067 0.988118 -0.001312
v 0.120084 0.563643 0.811002
v 0.120943 0.689192 -0.697076
v 0.120031 0.673672 -0.724346
v 0.120943 -0.413999 -0.888538
v 0.120975 -0.801775 0.564633
v 0.120067 -0.806301 0.570353
v 0.120975 0.635540 0.747127
v 0.120050 0.679059 0.717279
v 0.121028 0.565190 -0.801252
v 0.120973 -0.539532 -0.818342
v 0.120973 -0.693230 0.693239
v 0.120973 0.837604 0.509112
v 0.120975 0.403668 -0.893961
v 0.120079 -0.635317 -0.759937
v 0.120137 -0.664699 0.733367
v 0.120050 0.921636 0.355554
v 0.120973 -0.790907 -0.579004
v 0.120035 -0.831244 -0.536638
v 0.120035 -0.457958 0.876154
v 0.120850 -0.289756 0.956847
v 0.120871 -0.882385 -0.469829
v 0.120884 0.772882 0.634062
v 0.120893 -0.471419 -0.881552
v 0.120828 0.998551 0.048006
v 0.120808 0.940894 -0.337838
v 0.120866 -0.994788 0.098618
v 0.120890 0.772681 -0.634302
v 0.120826 -0.291274 -0.956315
v 0.147661 0.186609 -0.963440
v 0.146584 -0.145865 0.968894
v 0.149570 -0.191465 0.968550
v 0.149590 -0.902062 -0.400117
v 0.148417 0.958703 0.215257
v 0.152327 -0.858582 -0.512037
v 0.151817 0.880548 0.470759
v 0.152327 0.512044 -0.858579
v 0.151764 -0.466369 -0.883069
v 0.151723 -0.097868 0.993640
v 0.151742 0.290235 0.955354
v 0.151872 0.494967 0.866847
v 0.058169 0.185062 -0.963732
v 0.059603 -0.921966 -0.355677
v 0.059524 0.969658 0.185795
v 0.059579 -0.339203 0.927040
v 0.061010 -0.470482 0.882048
v 0.061111 -0.773417 -0.633441
v 0.061119 0.470518 -0.882065
v 0.060788 -0.236908 0.970219
v -0.031299 0.179432 -0.964965
v -0.030442 0.969342 0.187991
v -0.031444 -0.359855 0.913223
v -0.029865 0.596803 0.802102
v -0.029703 0.739468 0.672873
v -0.029835 -0.594645 -0.803792
v -0.030300 -0.920372 0.387659
v -0.030112 -0.988785 -0.147270
v -0.030271 0.476671 0.877579
v -0.121403 0.114059 -0.974108
v -0.120424 -0.413050 0.896511
v -0.121346 -0.815178 -0.544640
v -0.120387 -0.825642 -0.542691
v -0.120423 0.921639 0.355554
v -0.121206 -0.772045 -0.635093
v -0.121199 0.472175 -0.881165
v -0.121189 -0.773547 0.633274
v -0.121303 0.775821 -0.628952
v -0.121117 -0.923471 -0.383123
v -0.121206 -0.988712 -0.147824
v -0.121254 0.096788 0.994983
v -0.121227 -0.994983 0.097573
v 0.228198 0.980571 0.195049
v 0.227870 0.988967 -0.146827
v 0.227836 0.941332 -0.337101
v 0.227870 0.802634 -0.596145
v 0.230134 -0.337413 -0.938798
v 0.227836 0.595411 -0.803262
v 0.227614 0.426785 -0.904168
v 0.227805 -0.634715 -0.772580
v 0.227899 -0.595911 -0.802803
v 0.227870 0.336708 -0.941402
v 0.227870 -0.773301 -0.633729
v 0.228024 -0.741068 -0.671110
v 0.227668 0.097593 -0.995052
v 0.227870 -0.882077 -0.470687
v 0.227899 -0.969940 0.242530
v 0.227805 -0.633913 0.773239
v 0.227952 -0.671471 0.740854
v 0.227870 -0.470682 0.882082
v 0.227836 0.243207 0.969845
v 0.227836 0.595842 0.802944
v 0.227899 0.903988 0.427098
v 0.227870 0.941404 0.336708
v -0.228585 0.706638 -0.707242
v -0.228585 -0.980472 -0.195458
v -0.228619 -0.980718 0.194196
v -0.228585 0.382978 -0.923503
v -0.228520 -0.831492 0.555254
v -0.228585 -0.555786 0.831044
v -0.228520 0.555245 0.831499
v -0.228585 0.980474 0.195455
v -0.228619 0.980547 -0.195061
v -0.228520 -0.706791 -0.707199
v -0.228554 -0.194413 -0.980754
v -0.228243 -0.881689 -0.471416
v -0.228272 -0.595256 -0.803291
v -0.228178 -0.634300 -0.772921
v -0.228178 -0.289744 -0.956972
v -0.228176 0.989129 -0.146194
v -0.228176 0.941248 0.337344
v -0.228243 0.471206 0.881803
v -0.228241 0.097291 0.995060
v -0.228178 -0.290267 0.956815
v -0.228412 -0.671401 0.740784
v -0.228178 -0.595639 0.803098
v -0.228243 -0.881808 0.471194
v -0.227916 -0.995139 0.097420
v -0.227971 0.098267 -0.995050
v -0.228243 -0.956717 -0.290346
v -0.228334 -0.740659 -0.671669
v -0.228178 -0.772897 -0.634329
v -0.230564 0.425724 -0.902097
v -0.228243 0.802629 -0.596150
v -0.228176 0.970036 -0.242446
v -0.228209 0.857354 0.514358
v -0.227986 0.903831 0.427506
v -0.228274 0.595254 0.803292
v -0.228178 0.634300 0.772924
v -0.227985 0.242188 0.970060
v -0.228176 0.290230 0.956827
v -0.228178 -0.098022 0.995058
v -0.228243 -0.471411 0.881692
v -0.228178 -0.773242 0.633910
v -0.228176 0.337332 -0.941252
v -0.228209 -0.969840 0.243218
v -0.228243 -0.956789 0.290112
v -0.228178 -0.995057 -0.098024
v -0.228217 0.595617 -0.803098
v 0.305286 -0.297789 -0.707911
v 0.301435 -0.330891 -0.654957
v 0.283939 0.350102 -0.523950
v 0.289600 0.340392 -0.562575
v 0.305148 0.570478 -0.514507
v 0.300988 0.569970 -0.458678
v 0.301118 0.659163 -0.317330
v 0.301349 0.731672 -0.036474
v 0.301156 0.666708 0.300330
v 0.301158 0.613962 0.397571
v 0.303562 0.535448 0.524070
v 0.303588 0.443339 0.603338
v 0.305286 0.297785 0.707914
v 0.301433 0.330888 0.654956
v 0.301146 0.188759 0.707247
v 0.305141 0.079379 0.764375
v 0.301165 0.044414 0.730687
v 0.305078 -0.361834 0.676940
v 0.300988 -0.338656 0.648512
v 0.305078 -0.676937 0.361838
v 0.305337 -0.753939 0.149984
v 0.301146 -0.730477 0.047161
v 0.305238 0.128938 -0.755973
v 0.301741 -0.571304 -0.465844
v 0.287038 -0.441910 -0.465201
v 0.289530 -0.393865 -0.524716
v 0.299341 0.047238 -0.716802
v 0.289325 -0.656291 -0.000003
v 0.286431 -0.633778 0.085011
v 0.289414 -0.542296 0.370827
v 0.288627 -0.350838 0.550062
v 0.289520 -0.097598 0.648893
v 0.289456 0.307012 0.580143
v 0.286835 0.462812 0.443357
v 0.289646 0.569679 0.327274
v 0.289104 0.615788 0.221275
v 0.289509 0.655941 0.017051
v 0.286508 0.625140 -0.133928
v 0.289670 0.453349 -0.476051
v 0.289456 -0.307012 -0.580139
v 0.265260 0.463039 0.361335
v -0.265036 -0.081779 0.581788
v -0.271073 0.470439 0.367122
v 0.265266 0.383460 0.444909
v 0.273541 0.391147 0.454514
v -0.265517 0.160096 0.565638
v 0.265286 0.277719 0.517773
v -0.265236 0.384522 0.444282
v -0.275159 0.372456 0.478414
v -0.254401 0.542491 0.193343
v 0.265527 0.172170 0.562144
v -0.275074 0.520720 0.310713
v 0.270531 0.055770 0.591801
v -0.265344 0.583079 0.073537
v 0.265204 -0.034851 0.586402
v -0.261566 0.558637 -0.169458
v -0.275082 0.585942 -0.157734
v 0.265291 -0.156900 0.566040
v 0.273589 -0.176666 0.573351
v 0.265230 -0.289492 0.511006
v 0.264590 -0.238237 0.536088
v -0.265213 0.277959 -0.517812
v -0.274930 0.300308 -0.526762
v 0.270921 -0.379646 0.458129
v -0.254401 -0.028974 -0.575183
v -0.267922 -0.044813 -0.590845
v 0.265148 -0.471096 0.350732
v 0.265602 -0.438275 0.391890
v 0.273456 -0.444446 0.402866
v -0.265213 -0.454971 -0.372015
v -0.275074 -0.450107 -0.406317
v 0.265289 -0.517758 0.277759
v 0.269401 -0.537736 0.248682
v -0.265406 -0.561951 -0.173097
v -0.275248 0.409216 -0.449505
v 0.265527 -0.562143 0.172170
v 0.273434 -0.565028 0.201018
v -0.265300 -0.256750 -0.528735
v 0.264994 -0.585058 0.047392
v 0.265266 -0.585786 -0.042904
v 0.264590 -0.578102 -0.099705
v -0.261255 0.083296 -0.577394
v -0.268057 0.044245 -0.590418
v -0.260999 0.155446 -0.561795
v 0.265142 -0.553367 -0.196792
v 0.265301 -0.569987 -0.142452
v 0.273589 -0.573351 -0.176665
v 0.265230 -0.511004 -0.289494
v 0.264590 -0.536077 -0.238251
v 0.273432 -0.541678 -0.257387
v 0.265250 0.043255 -0.585735
v 0.273589 0.061424 -0.596798
v -0.261255 -0.580324 0.059529
v 0.265165 -0.471635 -0.350383
v 0.273745 -0.464035 -0.380830
v 0.265083 0.188805 -0.555895
v 0.270834 0.145499 -0.576555
v 0.265233 -0.383622 -0.444713
v -0.261334 -0.507442 0.287486
v 0.265264 0.289268 -0.511183
v 0.264571 -0.286277 -0.511982
v 0.273541 -0.296203 -0.521381
v 0.273541 0.391128 -0.454528
v 0.265527 -0.172169 -0.562143
v 0.265245 0.462988 -0.361378
v 0.265189 0.428423 -0.401559
v -0.267922 -0.159224 -0.570752
v -0.275450 -0.118661 -0.596593
v 0.265038 -0.081180 -0.581637
v 0.264782 0.522490 -0.267048
v 0.273464 0.536630 -0.267178
v -0.254401 -0.343646 -0.462150
v -0.275033 -0.362920 -0.486868
v -0.275159 -0.162350 0.584162
v 0.271142 0.565664 -0.186271
v -0.267942 -0.508466 -0.303506
v 0.265016 0.584071 -0.060302
v 0.273628 0.598156 -0.044096
v -0.268108 -0.586327 -0.084401
v -0.261335 0.042884 0.581642
v -0.275316 0.059478 0.604041
v 0.273434 0.598945 0.030498
v -0.260677 -0.564915 0.143389
v 0.265081 0.562722 0.168442
v -0.268151 -0.466868 0.364321
v -0.275450 -0.505767 0.337938
v -0.261335 0.287491 0.507442
v -0.261270 -0.276163 0.514004
v -0.303145 0.319011 0.665646
v 0.301448 0.451855 -0.578313
v 0.301313 -0.198265 -0.705586
v -0.302957 0.694930 0.245129
v 0.303667 -0.115239 -0.741333
v -0.293366 -0.154579 -0.657501
v 0.303408 0.725476 -0.183174
v -0.289906 -0.033515 -0.659392
v 0.303909 0.748626 0.067899
v -0.300992 -0.710596 -0.118899
v 0.301411 0.712740 0.175662
v -0.300773 -0.584611 0.418511
v -0.293151 0.222421 0.636874
v 0.301247 -0.081791 0.727522
v 0.301481 -0.195874 0.707341
v -0.290300 0.550510 -0.367827
v -0.297205 0.551399 -0.428214
v -0.303241 0.614461 -0.410587
v 0.301300 -0.470648 0.561359
v 0.301447 -0.554376 0.480581
v 0.301146 -0.633573 0.366628
v 0.301426 -0.702985 0.212863
v -0.289906 -0.659394 0.033512
v 0.301448 -0.728053 -0.091585
v -0.297067 -0.622308 0.314460
v 0.301300 -0.698727 -0.220012
v 0.301484 -0.654335 -0.332781
v 0.301146 0.188764 -0.707249
v 0.301433 0.330890 -0.654957
v -0.294577 0.885962 -0.078574
v -0.286850 -0.257812 -0.869057
v 0.269083 0.904207 -0.251991
v 0.282994 0.855492 -0.319262
v -0.284890 0.799386 -0.436478
v -0.283854 -0.576553 -0.707755
v 0.282876 0.906245 -0.115042
v -0.268893 -0.117869 -0.932160
v -0.268990 -0.046082 -0.938088
v 0.283011 0.908347 0.095991
v 0.269067 0.937378 0.044021
v -0.283505 0.539646 -0.737318
v -0.270873 0.603025 -0.716116
v -0.284885 -0.905580 -0.097337
v 0.283873 0.863753 0.290893
v 0.268609 0.904602 0.253369
v -0.294483 -0.448164 -0.768558
v -0.284257 -0.880967 0.234359
v 0.282256 0.793445 0.454900
v -0.280259 0.214207 -0.894604
v -0.270962 0.285381 -0.891459
v -0.284574 -0.693692 0.590589
v 0.269081 0.741068 0.576125
v -0.270969 -0.413062 0.839942
v 0.284680 0.543074 0.730046
v 0.268951 0.614143 0.710065
v -0.287597 -0.088700 0.900554
v -0.270564 -0.124197 0.928526
v 0.286580 0.446237 0.787675
v 0.268948 0.423176 0.838035
v -0.281427 0.237989 0.886426
v -0.270928 0.301259 0.886335
v 0.268948 0.295671 0.891042
v -0.285323 0.542843 0.730037
v 0.286553 0.130321 0.896302
v 0.268951 0.067829 0.936359
v 0.268730 0.137793 0.928848
v -0.270955 0.818659 0.453833
v 0.286893 -0.088717 0.900704
v 0.270225 -0.124361 0.928415
v -0.268920 0.932540 0.114504
v 0.269396 -0.294286 0.890749
v -0.283835 0.881357 -0.236931
v -0.283094 0.670950 -0.621203
v -0.283337 0.732721 -0.545891
v -0.286488 0.464883 -0.779225
v -0.268924 0.462629 -0.817742
v 0.280594 -0.688613 0.607980
v 0.269397 -0.739556 0.577139
v -0.294744 -0.693714 -0.556056
v -0.281150 -0.682240 -0.614542
v 0.283216 -0.794167 0.449934
v -0.270940 -0.886311 -0.301262
v 0.282306 -0.873592 0.271693
v -0.281979 0.101474 -0.910947
v 0.283212 -0.910299 0.067138
v -0.270581 -0.934508 0.063796
v 0.292844 -0.883011 -0.123640
v 0.269394 -0.935564 -0.068997
v -0.294520 -0.780873 0.426396
v -0.270617 -0.839713 0.414945
v 0.283214 -0.866695 -0.286325
v 0.268609 -0.910829 -0.228843
v 0.286337 -0.810665 -0.406645
v 0.270536 -0.810819 -0.467901
v -0.270945 -0.301260 0.886304
v 0.283878 -0.686721 -0.599239
v 0.286578 0.241394 -0.872517
v -0.283235 0.046509 0.912720
v 0.283914 -0.569240 -0.711641
v 0.281853 0.444218 -0.800443
v -0.294746 0.428110 0.779206
v 0.271227 -0.430968 -0.830050
v 0.270601 0.582759 -0.732409
v -0.287599 0.699510 0.574061
v -0.270928 0.703570 0.617526
v 0.269392 -0.250154 -0.904142
v -0.294481 0.841227 0.289622
v 0.283204 -0.111757 -0.905915
v 0.268725 -0.046077 -0.937889
v 0.286893 0.798191 -0.426648
v -0.226105 0.941613 -0.336773
v -0.226037 0.427530 -0.904031
v 0.225536 -0.337017 -0.941529
v -0.119922 0.427607 -0.903950
v -0.119922 0.671594 -0.740901
v -0.119918 0.773206 -0.634134
v -0.119920 0.857749 -0.514046
v -0.119920 0.881940 -0.471334
v -0.119920 0.941643 -0.336576
v -0.119920 0.970100 -0.242658
v -0.119920 0.995204 -0.097687
v -0.119918 0.998800 -0.048741
v -0.119970 0.998773 0.049264
v -0.119970 0.970065 0.242790
v -0.119828 0.941476 0.337058
v -0.119920 0.772799 0.634632
v -0.119920 0.671309 0.741164
v -0.119920 0.471100 0.882066
v -0.119922 0.146669 0.989175
v -0.119970 -0.098210 0.995151
v -0.121225 -0.427067 0.904007
v -0.119970 -0.595846 0.803084
v -0.119922 -0.740977 0.671512
v -0.119922 -0.989175 0.146659
v -0.119922 -0.995164 -0.098077
v -0.119918 -0.956832 -0.290597
v -0.119829 -0.903899 -0.427723
v -0.119922 -0.881880 -0.471443
v -0.119920 -0.803164 -0.595738
v -0.119920 -0.634125 -0.773210
v -0.121252 -0.470756 -0.882005
v -0.119922 -0.290221 -0.956945
v -0.119922 -0.146675 -0.989172
v -0.119970 -0.048868 -0.998790
v 0.306015 0.697810 -0.466258
v 0.302172 0.648811 -0.565979
v 0.307472 -0.390090 -0.704211
v 0.302261 -0.564465 -0.649709
v 0.302261 -0.830293 -0.226616
v 0.302351 -0.855447 -0.084255
v 0.302261 0.272856 0.816270
v 0.302351 0.405207 0.758090
v 0.302242 0.678411 0.529387
v 0.302156 0.778746 0.369799
v -0.303680 0.383954 0.770008
v -0.307655 0.056319 0.833497
v -0.303716 0.088018 -0.855184
v -0.303680 -0.649394 -0.564462
v -0.303764 0.757914 0.405113
v -0.303764 0.249480 0.822380
v -0.303737 0.560521 -0.652262
v -0.303680 -0.060066 -0.858325
v -0.303680 0.858327 -0.060073
v 0.062587 0.242990 -0.970021
v 0.062587 0.290312 -0.956924
v 0.062534 0.337048 -0.941479
v 0.152334 0.239239 -0.970751
v 0.154194 0.290459 -0.956878
v 0.152340 0.334467 -0.942177
v -0.121201 0.243221 -0.969766
v -0.119971 0.290474 -0.956866
v -0.119920 0.337183 -0.941426
v 0.127409 0.047694 -0.970850
v 0.127411 0.123258 -0.964442
v 0.135630 0.071423 -0.968737
v 0.154252 -0.146724 -0.989170
v 0.154196 -0.048883 -0.998795
v 0.062534 -0.048880 -0.998795
v -0.028718 -0.048874 -0.998793
v 0.152344 -0.287091 -0.957671
v 0.061125 -0.288328 -0.957333
v -0.028668 -0.336850 -0.941548
v -0.028668 -0.290241 -0.956943
v 0.154254 -0.471076 -0.882082
v 0.061032 -0.470446 -0.882181
v -0.028667 -0.471088 -0.882073
v 0.154256 -0.671546 -0.740952
v 0.154256 -0.595418 -0.803407
v 0.062532 -0.634242 -0.773121
v -0.028720 -0.634235 -0.773123
v 0.154254 -0.803198 -0.595700
v 0.152306 -0.769904 -0.637821
v 0.154252 -0.740937 -0.671564
v 0.062589 -0.803192 -0.595711
v -0.028667 -0.803178 -0.595724
v -0.028668 -0.740914 -0.671584
v 0.154252 -0.881909 -0.471400
v 0.062689 -0.903911 -0.427717
v 0.062585 -0.881904 -0.471412
v -0.030081 -0.904434 -0.426157
v -0.028668 -0.881892 -0.471428
v 0.154196 -0.969980 -0.243151
v 0.154259 -0.956832 -0.290616
v 0.062532 -0.969980 -0.243151
v -0.028663 -0.956832 -0.290606
v -0.029438 -0.941349 -0.337125
v 0.154252 -0.998788 -0.049074
v 0.061102 -0.994790 -0.100025
v -0.028668 -0.998785 -0.049105
v -0.028668 -0.995169 -0.098058
v 0.154254 -0.989173 0.146710
v 0.154194 -0.995193 0.097838
v 0.062589 -0.989175 0.146698
v 0.062532 -0.995193 0.097834
v -0.028667 -0.989175 0.146680
v -0.028720 -0.995192 0.097828
v 0.154194 -0.941597 0.336716
v 0.154365 -0.969983 0.243159
v 0.154196 -0.857814 0.513944
v -0.028718 -0.857817 0.513934
v -0.028569 -0.904063 0.427387
v 0.154254 -0.741179 0.671299
v 0.061125 -0.742132 0.669973
v -0.028667 -0.740967 0.671529
v -0.029747 -0.804912 0.593173
v 0.154196 -0.595835 0.803098
v 0.061032 -0.594587 0.803768
v -0.028665 -0.595962 0.803003
v 0.154196 -0.471551 0.881829
v 0.062688 -0.427712 0.903913
v -0.029438 -0.427766 0.903776
v -0.028718 -0.471558 0.881822
v 0.154194 -0.243147 0.969981
v 0.154258 -0.337219 0.941421
v 0.062590 -0.337212 0.941424
v -0.028718 -0.290462 0.956874
v -0.028665 -0.337204 0.941424
v 0.154252 -0.049073 0.998790
v 0.154256 -0.147080 0.989119
v 0.062534 -0.098198 0.995159
v -0.028718 -0.098204 0.995156
v 0.154254 0.146721 0.989173
v 0.154254 0.048712 0.998807
v 0.062587 0.146709 0.989175
v -0.028667 0.146690 0.989175
v -0.028667 0.048727 0.998804
v 0.154198 0.290112 0.956984
v -0.028665 0.336855 0.941549
v 0.154256 0.513795 0.857906
v 0.062589 0.471088 0.882078
v -0.028665 0.471093 0.882073
v -0.028665 0.427248 0.904126
v 0.154256 0.671293 0.741183
v 0.062590 0.671300 0.741178
v -0.030148 0.670987 0.741183
v 0.154196 0.803099 0.595835
v 0.154364 0.740827 0.671692
v 0.062534 0.803096 0.595839
v 0.061066 0.774176 0.632648
v -0.028718 0.803091 0.595841
v -0.030100 0.772863 0.634236
v 0.154196 0.903906 0.427715
v -0.028718 0.903899 0.427722
v 0.154194 0.970067 0.242807
v 0.152337 0.939830 0.341036
v 0.062532 0.970069 0.242804
v 0.061113 0.940342 0.339704
v -0.028720 0.970067 0.242797
v -0.028567 0.941481 0.337055
v 0.154196 0.998780 0.049251
v 0.152325 0.995241 0.095168
v 0.062534 0.998780 0.049254
v -0.028718 0.998776 0.049259
v -0.030129 0.988719 0.148443
v 0.154256 0.989221 -0.146385
v 0.152320 0.994571 -0.102048
v 0.062589 0.995211 -0.097672
v 0.062590 0.998807 -0.048724
v -0.028667 0.995207 -0.097679
v -0.030067 0.998545 -0.050318
v 0.154256 0.957035 -0.289944
v 0.062590 0.941655 -0.336564
v 0.062589 0.970110 -0.242645
v -0.028665 0.941650 -0.336569
v -0.028667 0.970105 -0.242652
v 0.154254 0.857727 -0.514093
v 0.154196 0.904060 -0.427387
v 0.062589 0.857734 -0.514082
v -0.028667 0.857740 -0.514065
v -0.028667 0.881933 -0.471354
v 0.154259 0.773225 -0.634119
v 0.152320 0.800633 -0.598813
v 0.062592 0.773222 -0.634125
v -0.030125 0.772717 -0.634408
v 0.154254 0.671560 -0.740940
v 0.062587 0.671570 -0.740931
v -0.028667 0.671582 -0.740916
v 0.154252 0.427564 -0.903978
v 0.154254 0.471397 -0.881911
v 0.062587 0.427576 -0.903973
v -0.028668 0.427592 -0.903962
v -0.028667 0.243009 -0.970014
v -0.028720 0.290469 -0.956871
v -0.028665 0.337192 -0.941426
v 0.062534 0.049244 -0.998778
v 0.062590 0.098359 -0.995144
v -0.028718 0.049249 -0.998775
v -0.030112 0.097928 -0.994985
v -0.119918 0.098342 -0.995139
v -0.031405 0.456662 0.868716
v 0.148935 -0.284355 -0.942799
v 0.146751 0.772447 -0.602794
v -0.148829 -0.925266 0.332255
v 0.120430 -0.317109 -0.928926
v 0.031032 0.456657 0.868725
v -0.120445 -0.143883 -0.977342
v -0.120447 0.869907 -0.468579
v 0.147913 0.439698 0.877905
v -0.149955 -0.089531 -0.983077
v -0.148828 0.876303 -0.444436
v 0.059538 -0.942244 0.293438
v -0.031334 -0.073507 -0.978456
v -0.031307 0.880313 -0.433962
v 0.029773 -0.924192 0.381184
v 0.031001 -0.949871 0.248164
v -0.058475 -0.093085 -0.976819
v -0.149883 0.277208 0.947107
v 0.149565 -0.945464 0.283968
v 0.059531 0.850022 -0.502213
v 0.121014 -0.949454 0.243224
v 0.030962 -0.073517 -0.978459
v -0.030698 0.326977 0.929826
v -0.058510 0.253472 0.948043
v 0.148427 -0.071882 -0.979966
v 0.148456 0.876308 -0.444431
v -0.030250 -0.987667 0.147032
v -0.031348 -0.979254 0.064378
v 0.029770 0.381172 0.924199
v -0.120430 0.074091 -0.985064
v -0.120438 0.937067 -0.312002
v -0.058568 -0.974546 0.114490
v 0.149510 0.277165 0.947113
v 0.058125 -0.977676 0.085897
v -0.059972 0.944113 -0.289043
v -0.059939 0.103880 -0.981621
v 0.120994 -0.977758 0.077668
v 0.058125 0.085890 -0.977676
v 0.149484 0.932078 -0.323945
v -0.148836 -0.980036 -0.071677
v 0.030975 0.064360 -0.979261
v 0.058797 0.108049 0.976944
v 0.149625 0.071721 -0.985363
v -0.120448 0.976674 -0.147836
v -0.121326 0.972516 -0.119674
v -0.059189 -0.979969 -0.071836
v 0.121032 0.114073 -0.974105
v -0.030476 0.978979 -0.129441
v -0.031943 0.972567 -0.119433
v 0.059440 0.978952 -0.129027
v 0.030992 0.975110 -0.109705
v -0.059237 -0.120105 0.975387
v -0.148549 -0.940667 -0.284124
v 0.120955 0.972514 -0.119681
v -0.030471 -0.957692 -0.246966
v 0.029794 -0.192862 0.980922
v 0.030334 -0.114616 0.979612
v -0.121345 0.976043 0.090075
v -0.148137 0.979280 0.062152
v -0.148918 0.974264 0.128261
v 0.149548 -0.071281 0.984075
v 0.121011 -0.144543 0.969232
v 0.030927 -0.938815 -0.287331
v -0.120433 -0.259216 0.953086
v 0.149565 -0.945462 -0.283967
v -0.149927 -0.332614 0.929193
v 0.059570 0.986251 0.041233
v 0.057383 0.976037 0.090073
v 0.031049 0.978433 0.078943
v -0.058573 -0.296148 0.935353
v 0.148547 0.974267 0.128259
v 0.147767 0.979287 0.062169
v -0.149809 -0.859051 -0.486722
v 0.120973 0.976043 0.090078
v -0.030659 -0.881220 -0.444003
v 0.030057 -0.292018 0.943297
v -0.121367 0.929041 0.310846
v -0.059939 -0.867124 -0.471666
v 0.154196 0.049240 -0.998778
v 0.154258 0.098366 -0.995142
v 0.152429 0.148070 -0.988765
v 0.041016 0.143071 -0.960521
v 0.047115 0.071425 -0.968755
v -0.047487 0.071425 -0.968755
v -0.041387 0.143071 -0.960521
v -0.136003 0.071423 -0.968737
v -0.127782 0.047694 -0.970850
v -0.127783 0.123258 -0.964442
v 0.127411 -0.123216 -0.964447
v 0.135638 -0.118824 -0.964076
v 0.047118 -0.118867 -0.964088
v -0.047491 -0.118868 -0.964088
v -0.039094 -0.123214 -0.964447
v -0.136011 -0.118825 -0.964076
v -0.127783 -0.123214 -0.964447
v 0.135657 -0.259064 -0.936193
v 0.047132 -0.304724 -0.922357
v -0.047508 -0.236378 -0.941891
v -0.044488 -0.304744 -0.922410
v -0.136030 -0.259070 -0.936191
v -0.127783 -0.304966 -0.923123
v 0.135630 -0.436709 -0.867663
v 0.047115 -0.436716 -0.867680
v -0.047487 -0.436716 -0.867680
v -0.136003 -0.436709 -0.867663
v -0.127982 -0.481108 -0.844883
v 0.127409 -0.616642 -0.751381
v 0.135642 -0.597517 -0.765856
v 0.040821 -0.617719 -0.749339
v 0.047198 -0.640077 -0.730545
v -0.047494 -0.597559 -0.765844
v -0.136015 -0.597517 -0.765856
v -0.127783 -0.635032 -0.736136
v 0.129843 -0.749318 -0.617760
v 0.124404 -0.739107 -0.634117
v 0.135840 -0.730496 -0.640154
v 0.040739 -0.781000 -0.577353
v 0.040339 -0.735886 -0.634493
v 0.049812 -0.765729 -0.599406
v -0.047496 -0.765830 -0.597578
v -0.053194 -0.738701 -0.634495
v -0.041387 -0.719167 -0.652585
v -0.039094 -0.763891 -0.601506
v -0.136015 -0.735592 -0.634404
v -0.127783 -0.763891 -0.601506
v 0.127411 -0.868395 -0.437092
v 0.135644 -0.845217 -0.478718
v 0.038723 -0.868395 -0.437092
v 0.047121 -0.845210 -0.478763
v -0.047494 -0.845212 -0.478761
v -0.039094 -0.868395 -0.437092
v -0.136016 -0.845217 -0.478718
v -0.127783 -0.868395 -0.437092
v 0.127412 -0.923120 -0.304977
v 0.135657 -0.936193 -0.259064
v 0.135656 -0.914418 -0.326867
v 0.047132 -0.922356 -0.304734
v -0.047504 -0.922356 -0.304734
v -0.039095 -0.923120 -0.304977
v -0.136030 -0.936193 -0.259064
v -0.136028 -0.914418 -0.326867
v -0.127785 -0.923120 -0.304977
v 0.127411 -0.965480 -0.114846
v 0.135652 -0.969928 -0.047356
v 0.135642 -0.964054 -0.119017
v 0.038723 -0.965480 -0.114846
v 0.047133 -0.969952 -0.047219
v 0.047121 -0.964074 -0.118979
v -0.047506 -0.969952 -0.047219
v -0.047494 -0.964074 -0.118979
v -0.039094 -0.965480 -0.114846
v -0.136025 -0.969928 -0.047356
v -0.136015 -0.964054 -0.119017
v -0.127783 -0.965480 -0.114846
v 0.135642 -0.964054 0.119019
v 0.038723 -0.965480 0.114848
v 0.047121 -0.964074 0.118979
v -0.047494 -0.964074 0.118979
v -0.039094 -0.965480 0.114848
v -0.136015 -0.964054 0.119019
v -0.127783 -0.965480 0.114848
v 0.127226 -0.924129 0.302329
v 0.135645 -0.936164 0.259155
v 0.038522 -0.924121 0.302362
v 0.047125 -0.936189 0.259124
v -0.047498 -0.936189 0.259124
v -0.038894 -0.924121 0.302362
v -0.136018 -0.936164 0.259155
v -0.127599 -0.924129 0.302328
v 0.127411 -0.843874 0.482926
v 0.135630 -0.867656 0.436724
v 0.035955 -0.847414 0.479432
v 0.041324 -0.855479 0.459598
v 0.047417 -0.878634 0.413837
v -0.047487 -0.867675 0.436728
v -0.039094 -0.843874 0.482926
v -0.136003 -0.867656 0.436724
v 0.135372 -0.736811 0.632937
v 0.135652 -0.779806 0.578709
v 0.044115 -0.735573 0.634543
v 0.047133 -0.779738 0.578831
v -0.047506 -0.779738 0.578831
v -0.041399 -0.735539 0.634517
v -0.136015 -0.765856 0.597518
v -0.129849 -0.730679 0.639988
v 0.127409 -0.579033 0.780737
v 0.127435 -0.635656 0.735741
v 0.135644 -0.634407 0.735590
v 0.035810 -0.602098 0.764938
v 0.038522 -0.637217 0.734424
v 0.047121 -0.634450 0.735575
v -0.047496 -0.634450 0.735575
v -0.136016 -0.634407 0.735590
v -0.127599 -0.637241 0.734400
v 0.127411 -0.437092 0.868398
v 0.135644 -0.478718 0.845218
v 0.038723 -0.437092 0.868398
v 0.047121 -0.478761 0.845213
v -0.047624 -0.472572 0.848577
v -0.041387 -0.498762 0.833252
v -0.039094 -0.437092 0.868397
v -0.136016 -0.478718 0.845218
v -0.127783 -0.437092 0.868398
v 0.127411 -0.259280 0.936983
v 0.135657 -0.259064 0.936195
v 0.135656 -0.326869 0.914420
v 0.038723 -0.259280 0.936983
v 0.047202 -0.297587 0.924577
v -0.047510 -0.326744 0.914482
v -0.047575 -0.266232 0.934088
v -0.039095 -0.304973 0.923122
v -0.136030 -0.259063 0.936195
v -0.136028 -0.326869 0.914420
v -0.127785 -0.304973 0.923122
v 0.135626 -0.118950 0.964057
v 0.047132 -0.047222 0.969952
v 0.047111 -0.118952 0.964076
v -0.047493 -0.071483 0.968755
v -0.047790 -0.144042 0.960476
v -0.135999 -0.118955 0.964057
v 0.127409 0.095274 0.967341
v 0.135630 0.071425 0.968740
v 0.038721 0.095274 0.967341
v 0.047621 0.095189 0.966546
v -0.047994 0.095189 0.966546
v -0.039092 0.095274 0.967341
v -0.136003 0.071425 0.968740
v -0.127782 0.095274 0.967341
v 0.127226 0.302338 0.924127
v 0.124308 0.260439 0.938473
v 0.135644 0.259169 0.936162
v 0.038522 0.302370 0.924119
v 0.038721 0.236182 0.942892
v 0.047123 0.259133 0.936188
v -0.047496 0.259133 0.936188
v -0.038894 0.302370 0.924119
v -0.039092 0.236182 0.942892
v -0.136016 0.259169 0.936162
v -0.127599 0.302338 0.924127
v 0.127411 0.440913 0.866567
v 0.135334 0.500833 0.831976
v 0.135644 0.436644 0.867704
v 0.038723 0.440913 0.866567
v 0.046819 0.500926 0.831938
v 0.047123 0.436689 0.867701
v -0.047192 0.500926 0.831938
v -0.047496 0.436689 0.867701
v -0.039094 0.440913 0.866567
v -0.135707 0.500833 0.831976
v -0.136016 0.436644 0.867704
v -0.127783 0.440909 0.866570
v 0.127435 0.635653 0.735744
v 0.124792 0.562047 0.794551
v 0.135649 0.654833 0.717103
v 0.135628 0.597602 0.765786
v 0.038747 0.635596 0.735792
v 0.036026 0.562180 0.794427
v 0.047113 0.597612 0.765801
v -0.047486 0.597612 0.765803
v -0.039118 0.635598 0.735792
v -0.041408 0.559247 0.794278
v -0.136001 0.597602 0.765786
v -0.127807 0.635653 0.735744
v 0.127411 0.766426 0.598125
v 0.135659 0.765783 0.597623
v 0.038723 0.766426 0.598125
v 0.041013 0.719939 0.651737
v 0.047255 0.740092 0.629027
v -0.047628 0.740092 0.629027
v -0.041384 0.719939 0.651735
v -0.039094 0.766427 0.598125
v -0.136018 0.735455 0.634563
v -0.127783 0.766432 0.598119
v 0.127411 0.843872 0.482931
v 0.135644 0.845217 0.478720
v 0.038723 0.843872 0.482931
v 0.047116 0.867679 0.436723
v 0.047132 0.832715 0.499621
v -0.047496 0.845212 0.478765
v -0.039094 0.843872 0.482931
v -0.136016 0.845217 0.478720
v -0.127783 0.843872 0.482931
v 0.127411 0.923310 0.305048
v 0.135630 0.922337 0.304717
v 0.038723 0.923310 0.305048
v 0.047123 0.936191 0.259124
v -0.047496 0.936191 0.259124
v -0.047788 0.914966 0.325728
v -0.039094 0.923310 0.305048
v -0.136003 0.922337 0.304717
v -0.127783 0.923310 0.305048
v 0.127226 0.969896 0.068696
v 0.124910 0.966378 0.116096
v 0.135645 0.968735 0.071545
v 0.135657 0.960618 0.142195
v 0.038522 0.969896 0.068730
v 0.036174 0.966294 0.116434
v 0.047125 0.968754 0.071504
v -0.047498 0.968754 0.071504
v -0.038895 0.969896 0.068728
v -0.136018 0.968735 0.071545
v -0.136030 0.960618 0.142195
v -0.127599 0.969896 0.068696
v 0.127226 0.969480 -0.074329
v 0.135645 0.964078 -0.118825
v 0.038522 0.969486 -0.074295
v 0.047123 0.964090 -0.118865
v -0.047496 0.964090 -0.118865
v -0.038894 0.969486 -0.074295
v -0.136018 0.964078 -0.118825
v -0.127599 0.969480 -0.074329
v 0.127224 0.923784 -0.303716
v 0.135630 0.922337 -0.304713
v 0.038521 0.923797 -0.303684
v 0.047115 0.922356 -0.304717
v -0.047487 0.922357 -0.304715
v -0.136003 0.922338 -0.304712
v 0.127411 0.866577 -0.440892
v 0.135642 0.867704 -0.436637
v 0.038723 0.866577 -0.440892
v 0.047121 0.867701 -0.436682
v -0.047494 0.867701 -0.436682
v -0.039094 0.866577 -0.440892
v -0.136015 0.867704 -0.436637
v -0.127783 0.866577 -0.440892
v 0.124356 0.708041 -0.668499
v 0.127411 0.766429 -0.598120
v 0.135644 0.735469 -0.634546
v 0.135122 0.779933 -0.578432
v 0.035571 0.708155 -0.668321
v 0.038723 0.766429 -0.598120
v 0.047132 0.765805 -0.597616
v -0.047504 0.765805 -0.597616
v -0.039094 0.766427 -0.598122
v -0.136016 0.735469 -0.634546
v -0.135493 0.779931 -0.578434
v -0.127783 0.766424 -0.598127
v 0.127226 0.600434 -0.764785
v 0.135645 0.634402 -0.735594
v 0.038522 0.600408 -0.764808
v 0.047123 0.634443 -0.735580
v -0.047498 0.634443 -0.735580
v -0.038894 0.600408 -0.764808
v -0.136018 0.634402 -0.735594
v -0.127599 0.600434 -0.764785
v 0.135642 0.478713 -0.845220
v 0.047121 0.478758 -0.845215
v -0.047494 0.478758 -0.845215
v -0.039094 0.440907 -0.866569
v -0.136015 0.478713 -0.845220
v -0.127783 0.440907 -0.866569
v 0.135645 0.259163 -0.936160
v 0.135656 0.326866 -0.914418
v 0.047123 0.259126 -0.936189
v 0.047137 0.326742 -0.914482
v -0.047498 0.259126 -0.936189
v -0.047510 0.326742 -0.914482
v -0.136018 0.259170 -0.936159
v -0.136028 0.326867 -0.914418
v 0.058871 0.773743 -0.605883
v 0.148410 -0.841669 0.506191
v -0.059888 0.778621 -0.607426
v 0.031550 -0.862054 0.466728
v 0.057480 -0.862235 0.466475
v -0.148816 0.765651 -0.616356
v -0.148795 -0.308625 -0.932863
v 0.149477 0.653680 0.738930
v -0.059917 -0.870338 0.465906
v -0.120371 -0.374211 -0.916484
v -0.031405 -0.862325 0.468616
v 0.120028 -0.437248 -0.885394
v 0.058893 0.644173 0.742301
v 0.149589 0.644787 -0.747021
v 0.146888 -0.466229 -0.862411
v -0.120447 -0.858005 0.489780
v -0.121314 -0.861814 0.467091
v -0.059883 0.622385 0.766229
v 0.030050 0.633501 -0.757356
v 0.030929 -0.441152 -0.876520
v 0.058883 0.607005 -0.772957
v 0.148458 -0.734588 0.653112
v -0.059095 0.605070 -0.773993
v -0.058580 -0.441154 -0.876520
v -0.120438 0.699353 0.699358
v 0.029778 -0.830719 0.556119
v -0.030435 0.635598 -0.755591
v -0.031302 -0.441154 -0.876513
v 0.058151 -0.742987 0.640915
v -0.148289 0.598756 -0.777981
v -0.147261 -0.466244 -0.862404
v 0.147692 0.772726 0.604802
v -0.059977 -0.773117 0.614602
v 0.030054 0.764604 0.625017
v 0.031610 0.753873 0.626455
v 0.120099 0.490955 -0.856955
v 0.058176 0.772647 0.604857
v 0.149560 0.419549 -0.893585
v 0.146833 0.441386 -0.874885
v 0.148426 -0.642088 -0.743786
v -0.120433 -0.745044 0.648442
v -0.057756 0.753874 0.626450
v 0.030953 0.471279 -0.861689
v -0.031334 0.772717 0.604722
v 0.058193 0.441586 -0.876332
v 0.058024 -0.629735 -0.752178
v 0.148422 -0.617063 0.765059
v -0.148024 0.772938 0.604424
v -0.031326 0.471238 -0.861703
v 0.120077 0.820591 0.551861
v -0.149926 -0.628054 -0.761599
v -0.059809 -0.660683 0.733436
v -0.030262 -0.633946 0.771963
v 0.149445 0.297260 -0.940605
v -0.149878 -0.633580 0.756570
v -0.059857 0.874822 0.456154
v 0.059488 -0.784437 -0.599157
v 0.057487 -0.757237 -0.622911
v 0.149572 -0.443604 0.881427
v -0.149814 0.297210 -0.940619
v -0.030442 -0.786409 -0.596930
v -0.031916 -0.757411 -0.622636
v -0.149943 -0.777875 -0.607130
v 0.148516 0.933323 0.307797
v -0.059868 -0.487394 0.857911
v -0.030780 0.933609 0.306694
v -0.148887 0.933320 0.307797
v 0.029378 -0.288507 0.957240
v 0.029694 -0.050003 -0.998436
v -0.030279 0.856601 0.513839
v -0.029641 0.095941 0.995183
v 0.228190 0.988949 0.147087
v 0.228246 0.994940 0.098017
v 0.228246 0.998554 0.049076
v 0.228156 0.998628 -0.049063
v 0.228246 0.994945 -0.097969
v 0.228181 0.969898 -0.242845
v 0.228246 0.956715 -0.290190
v 0.228246 0.903403 -0.428228
v 0.228181 0.881466 -0.471897
v 0.228246 0.857078 -0.514717
v 0.228212 -0.049480 -0.998537
v 0.228180 -0.097901 -0.995031
v 0.228246 -0.146675 -0.988941
v 0.228246 0.772274 -0.634907
v 0.228190 0.740562 -0.671731
v 0.228181 -0.242840 -0.969899
v 0.228279 -0.290607 -0.956584
v 0.228246 0.671420 -0.740750
v 0.228181 0.634368 -0.772818
v 0.228214 -0.427744 -0.903714
v 0.228246 -0.472042 -0.881299
v 0.228145 -0.514255 -0.857451
v 0.228181 0.514099 -0.857540
v 0.228246 0.471298 -0.881699
v 0.228246 -0.672030 -0.740196
v 0.228246 0.289388 -0.956958
v 0.228246 -0.803530 -0.594859
v 0.228246 0.145847 -0.989062
v 0.228248 0.048202 -0.998595
v 0.228181 -0.857539 -0.514103
v 0.228181 -0.904123 -0.426887
v 0.228180 -0.941358 -0.336928
v 0.228277 -0.956828 -0.289802
v 0.228246 -0.970007 -0.242082
v 0.228181 -0.988999 -0.146813
v 0.228214 -0.995045 -0.097720
v 0.228246 -0.998597 -0.048192
v 0.228181 -0.998665 0.048387
v 0.228279 -0.994896 0.098419
v 0.228212 -0.988879 0.147111
v 0.228214 -0.956697 0.290510
v 0.228246 -0.941028 0.337616
v 0.228180 -0.903889 0.427390
v 0.228212 -0.881639 0.471568
v 0.228246 -0.857078 0.514717
v 0.228181 -0.803137 0.595524
v 0.228212 -0.772700 0.634508
v 0.228246 -0.594857 0.803532
v 0.228181 -0.514106 0.857537
v 0.228181 -0.426885 0.904126
v 0.228246 -0.336826 0.941312
v 0.228214 -0.289963 0.956864
v 0.228246 -0.242080 0.970009
v 0.228212 -0.146284 0.989004
v 0.228212 -0.097720 0.995046
v 0.228246 -0.048189 0.998599
v 0.228246 0.049039 0.998557
v 0.228212 0.098284 0.994992
v 0.228212 0.147119 0.988881
v 0.228279 0.290618 0.956582
v 0.228181 0.337462 0.941168
v 0.228181 0.427395 0.903887
v 0.228214 0.471568 0.881640
v 0.228246 0.514707 0.857087
v 0.228214 0.634505 0.772702
v 0.228246 0.672036 0.740194
v 0.228246 0.740757 0.671415
v 0.228180 0.772825 0.634363
v 0.228246 0.803007 0.595569
v 0.228214 0.857730 0.513778
v 0.228181 0.882089 0.470735
v 0.228260 0.956823 0.289775
v 0.228246 0.969804 0.242903
v -0.228554 -0.903884 -0.427395
v -0.228554 -0.857248 -0.514587
v -0.228619 -0.145842 -0.989062
v -0.228619 -0.097130 -0.995028
v -0.228585 -0.048644 -0.998578
v -0.228619 -0.671408 -0.740762
v -0.228520 0.857739 -0.513778
v -0.228552 0.881731 -0.471402
v -0.228552 0.903801 -0.427573
v -0.228554 -0.336920 -0.941359
v -0.228619 -0.242089 -0.970005
v -0.228619 0.995028 -0.097131
v -0.228518 0.998650 -0.048784
v -0.228554 0.970034 0.242296
v -0.228633 0.956823 0.289778
v -0.228554 0.802685 0.596131
v -0.228552 0.772464 0.634801
v -0.228554 0.740381 0.671945
v -0.228617 0.513992 0.857516
v -0.228554 0.426886 0.904126
v -0.228518 0.146440 0.989061
v -0.228617 0.048195 0.998597
v -0.228619 -0.242908 0.969802
v -0.228554 -0.337460 0.941168
v -0.228554 -0.634803 0.772461
v -0.228619 -0.857511 0.513997
v -0.228554 -0.904128 0.426882
v -0.228585 -0.989004 0.146281
v -0.228619 -0.998554 0.049040
v -0.228619 0.049044 -0.998554
v -0.228617 0.146673 -0.988941
v -0.228554 -0.969899 -0.242838
v -0.228554 -0.941166 -0.337460
v -0.228554 -0.803135 -0.595522
v -0.228619 0.472044 -0.881299
v -0.228554 0.514582 -0.857250
v -0.228552 0.740762 -0.671526
v -0.228631 0.772526 -0.634573
v -0.228583 0.956833 -0.289814
v -0.228552 0.998600 0.049723
v -0.228619 0.994858 0.098857
v -0.228554 0.988919 0.147357
v -0.228617 0.881714 0.471271
v -0.228617 0.671411 0.740762
v -0.228552 0.336930 0.941358
v -0.228619 -0.049028 0.998557
v -0.228585 -0.147104 0.988883
v -0.228554 -0.427393 0.903887
v -0.228619 -0.514720 0.857077
v -0.228554 -0.740759 0.671531
v -0.228619 -0.803525 0.594866
v -0.228554 0.290142 -0.956811
v -0.228619 -0.941310 0.336828
v -0.228585 -0.513609 -0.857749
v -0.228554 -0.471416 -0.881723
v -0.228652 -0.427063 -0.903948
v -0.228619 -0.998556 -0.049025
v -0.228619 -0.988809 -0.147553
v -0.228552 0.634365 -0.772822
v -0.228546 0.671735 -0.740584
v 0.284957 -0.498475 -0.391243
v 0.289248 0.128035 -0.642853
v 0.280806 -0.615098 -0.051925
v 0.289763 -0.618479 0.225561
v 0.285349 -0.459304 0.438618
v 0.286216 -0.406584 0.491928
v 0.289566 -0.219297 0.619536
v 0.280873 0.179726 0.590609
v 0.289527 0.216554 0.619257
v 0.289881 0.405455 0.518525
v 0.286951 0.514171 0.383253
v 0.280965 0.560525 0.260393
v 0.280912 0.593843 0.169374
v 0.283823 0.627490 0.048878
v 0.285367 0.631876 -0.062248
v 0.289338 0.610470 -0.238993
v 0.289581 0.546267 -0.366106
v 0.284148 -0.061766 -0.627160
v 0.289527 -0.216550 -0.619255
v 0.280688 -0.278314 -0.550864
v -0.210101 0.501322 0.147488
v -0.193001 0.084416 -0.136394
v -0.211326 0.084416 -0.136394
v -0.191075 0.540744 -0.015941
v -0.213251 0.543984 -0.028331
v -0.155768 0.146273 0.048732
v -0.137444 0.137267 0.043179
v -0.157693 0.367054 -0.331576
v -0.157693 0.377955 -0.324856
v -0.135519 0.377955 -0.324856
v -0.099016 0.064885 0.150107
v -0.117339 0.064885 0.150107
v -0.097090 0.496898 0.051016
v -0.119265 0.496898 0.051016
v -0.059979 0.443316 0.214175
v -0.037804 0.443316 0.214175
v -0.187926 0.524155 0.053666
v -0.210101 0.524155 0.053666
v -0.189852 0.171380 -0.007797
v -0.189852 0.161309 -0.011046
v -0.208175 0.171380 -0.007797
v -0.208175 0.161309 -0.011046
v -0.187926 0.307422 -0.425812
v -0.187926 0.295234 -0.429743
v -0.210101 0.307422 -0.425812
v -0.210101 0.295234 -0.429743
v -0.193001 -0.103587 -0.120965
v -0.193001 -0.112498 -0.126674
v -0.211326 -0.103587 -0.120965
v -0.211326 -0.112498 -0.126674
v -0.191075 0.151985 -0.517737
v -0.191075 0.141200 -0.524646
v -0.213250 0.151985 -0.517737
v -0.213250 0.141200 -0.524646
v -0.155768 0.002733 0.143391
v -0.155768 0.000234 0.153676
v -0.137444 0.002733 0.143391
v -0.137444 0.000234 0.153676
v -0.157693 0.430154 0.246130
v -0.157693 0.427132 0.258573
v -0.135519 0.430154 0.246130
v -0.135519 0.427132 0.258573
v -0.099016 0.173420 -0.013198
v -0.099016 0.162858 -0.013858
v -0.117339 0.173420 -0.013198
v -0.117339 0.162858 -0.013858
v -0.097090 0.202114 -0.455347
v -0.097090 0.189332 -0.456144
v -0.119265 0.202114 -0.455347
v -0.119265 0.189332 -0.456144
v -0.058053 0.132610 0.094787
v -0.058053 0.123173 0.089998
v -0.039730 0.132610 0.094787
v -0.039730 0.123173 0.089998
v -0.059979 -0.065318 0.487304
v -0.059979 -0.076739 0.481508
v -0.037804 -0.065318 0.487304
v -0.037804 -0.076739 0.481508
v -0.189852 0.065629 -0.122572
v -0.189852 0.055970 -0.126898
v -0.208175 0.065629 -0.122572
v -0.208175 0.055970 -0.126898
v -0.187926 0.224747 -0.475216
v -0.187926 0.213060 -0.480451
v -0.210101 0.224747 -0.475216
v -0.210101 0.213060 -0.480451
v -0.189852 0.045591 -0.163934
v -0.189852 0.039388 -0.155359
v -0.208175 0.045591 -0.163934
v -0.208175 0.039388 -0.155359
v -0.187926 -0.309926 -0.422492
v -0.187926 -0.317432 -0.412114
v -0.210101 -0.309926 -0.422492
v -0.210101 -0.317432 -0.412114
v -0.193001 -0.147008 0.062604
v -0.193001 -0.155191 0.069315
v -0.211326 -0.147008 0.062604
v -0.211326 -0.155191 0.069315
v -0.191075 -0.445387 -0.303066
v -0.191075 -0.455289 -0.294948
v -0.213250 -0.445387 -0.303066
v -0.213250 -0.455289 -0.294948
v -0.155768 -0.134151 0.046413
v -0.155768 -0.144701 0.047214
v -0.137444 -0.134151 0.046413
v -0.137444 -0.144701 0.047214
v -0.157693 -0.099775 0.484663
v -0.157693 -0.112547 0.485631
v -0.135519 -0.099775 0.484663
v -0.135519 -0.112547 0.485631
v -0.099016 0.041084 -0.167542
v -0.099016 0.037194 -0.157702
v -0.117339 0.041084 -0.167542
v -0.117339 0.037194 -0.157702
v -0.097090 -0.370556 -0.331466
v -0.097090 -0.375265 -0.319556
v -0.119265 -0.370556 -0.331466
v -0.119265 -0.375265 -0.319556
v -0.058053 -0.047787 0.154911
v -0.058053 -0.046150 0.144458
v -0.039730 -0.047787 0.154911
v -0.039730 -0.046150 0.144458
v -0.059979 -0.482257 0.087965
v -0.059979 -0.480273 0.075313
v -0.037804 -0.482257 0.087965
v -0.037804 -0.480273 0.075313
v -0.189852 -0.096247 -0.098826
v -0.189852 -0.103345 -0.090976
v -0.208175 -0.096247 -0.098826
v -0.208175 -0.103345 -0.090976
v -0.187926 -0.382461 -0.359130
v -0.187926 -0.391050 -0.349632
v -0.210101 -0.382461 -0.359130
v -0.210101 -0.391050 -0.349632
v -0.189852 -0.141775 -0.092550
v -0.189852 -0.135538 -0.084000
v -0.208175 -0.141775 -0.092550
v -0.208175 -0.135538 -0.084000
v -0.187926 -0.497541 0.165668
v -0.187926 -0.489991 0.176013
v -0.210101 -0.497541 0.165668
v -0.210101 -0.489991 0.176013
v -0.193001 0.014159 0.160626
v -0.193001 0.018012 0.170482
v -0.211326 0.014159 0.160626
v -0.211326 0.018012 0.170482
v -0.191075 -0.425818 0.331401
v -0.191075 -0.421156 0.343328
v -0.213251 -0.425818 0.331401
v -0.213251 -0.421156 0.343328
v -0.155768 -0.084214 -0.113739
v -0.155768 -0.088237 -0.123527
v -0.137444 -0.084214 -0.113739
v -0.137444 -0.088237 -0.123527
v -0.157693 -0.490394 0.054378
v -0.157693 -0.495260 0.042531
v -0.135519 -0.490394 0.054378
v -0.135519 -0.495260 0.042531
v -0.099016 -0.146601 -0.089379
v -0.099016 -0.138443 -0.082637
v -0.117339 -0.146601 -0.089379
v -0.117339 -0.138443 -0.082637
v -0.097090 -0.429704 0.251459
v -0.097090 -0.419833 0.259617
v -0.119265 -0.429704 0.251459
v -0.119265 -0.419833 0.259617
v -0.058053 -0.160715 0.001924
v -0.058053 -0.150266 0.000251
v -0.039730 -0.160715 0.001924
v -0.039730 -0.150266 0.000251
v -0.059979 -0.231304 -0.431967
v -0.059979 -0.218659 -0.433993
v -0.037804 -0.231304 -0.431967
v -0.037804 -0.218659 -0.433993
v -0.189852 -0.123684 0.062465
v -0.189852 -0.118413 0.071641
v -0.208175 -0.123684 0.062465
v -0.208175 -0.118413 0.071641
v -0.187926 -0.459696 0.254231
v -0.187926 -0.453313 0.265336
v -0.210101 -0.459696 0.254231
v -0.210101 -0.453313 0.265336
v -0.189852 -0.131784 0.107704
v -0.189852 -0.121726 0.104413
v -0.208175 -0.131784 0.107704
v -0.208175 -0.121726 0.104413
v -0.187926 0.003858 0.525849
v -0.187926 0.016030 0.521867
v -0.210101 0.003858 0.525849
v -0.210101 0.016030 0.521867
v -0.193001 0.157187 0.037638
v -0.193001 0.167751 0.037019
v -0.211326 0.157187 0.037638
v -0.211326 0.167751 0.037019
v -0.191075 0.183642 0.508854
v -0.191075 0.196428 0.508107
v -0.213251 0.183642 0.508854
v -0.213251 0.196428 0.508107
v -0.155768 0.083530 -0.115737
v -0.155768 0.091595 -0.122586
v -0.137444 0.083530 -0.115737
v -0.137444 0.091595 -0.122586
v -0.157693 -0.201875 -0.450085
v -0.157693 -0.192113 -0.458376
v -0.135519 -0.201875 -0.450085
v -0.135519 -0.192113 -0.458376
v -0.099016 -0.130260 0.113274
v -0.099016 -0.121329 0.107598
v -0.117339 -0.130260 0.113274
v -0.117339 -0.121329 0.107598
v -0.097090 0.106413 0.487846
v -0.097090 0.117221 0.480978
v -0.119265 0.106413 0.487846
v -0.119265 0.117221 0.480978
v -0.058053 -0.050113 -0.152753
v -0.058053 -0.045292 -0.143331
v -0.039730 -0.050113 -0.152753
v -0.039730 -0.045292 -0.143331
v -0.059979 0.340730 -0.353966
v -0.059979 0.346562 -0.342567
v -0.037804 0.340730 -0.353966
v -0.037804 0.346562 -0.342567
v -0.189852 0.021234 0.138400
v -0.189852 0.031589 0.136223
v -0.208175 0.021234 0.138402
v -0.208175 0.031589 0.136223
v -0.187926 0.099782 0.517224
v -0.187926 0.112315 0.514588
v -0.210101 0.099782 0.517224
v -0.210101 0.112315 0.514588
v -0.189852 0.061756 0.160084
v -0.189852 0.061733 0.149501
v -0.208175 0.061756 0.160084
v -0.208175 0.061733 0.149501
v -0.187926 0.501351 0.160295
v -0.187926 0.501322 0.147488
v -0.210101 0.501351 0.160295
v -0.193001 0.087092 -0.146633
v -0.211326 0.087092 -0.146633
v -0.191075 0.543984 -0.028331
v -0.213251 0.540744 -0.015943
v -0.155768 0.137267 0.043179
v -0.137444 0.146273 0.048732
v -0.135519 0.367054 -0.331576
v -0.099016 0.067524 0.160356
v -0.117339 0.067524 0.160356
v -0.097090 0.493707 0.038613
v -0.119265 0.493707 0.038613
v -0.058053 0.131173 -0.095361
v -0.058053 0.123701 -0.087867
v -0.039730 0.131173 -0.095361
v -0.039730 0.123701 -0.087867
v -0.059979 0.434274 0.223244
v -0.037804 0.434274 0.223244
v -0.189852 0.138236 0.024042
v -0.189852 0.139363 0.013519
v -0.208175 0.138236 0.024042
v -0.208175 0.139363 0.013519
v -0.187926 0.522791 0.066401
v -0.210101 0.522791 0.066401
v -0.245646 0.001033 -0.579226
v -0.245646 0.114170 -0.568082
v -0.245646 0.222962 -0.535082
v -0.245646 0.323225 -0.481491
v -0.245646 0.411104 -0.409370
v -0.245646 0.483225 -0.321489
v -0.245646 0.536816 -0.221226
v -0.245646 0.569818 -0.112436
v -0.245646 0.580962 0.000703
v -0.245646 0.569818 0.113840
v -0.245646 0.536816 0.222630
v -0.245646 0.483225 0.322893
v -0.245646 0.411104 0.410774
v -0.245646 0.323225 0.482895
v -0.245646 0.222962 0.536486
v -0.245646 0.114172 0.569486
v -0.245646 0.001033 0.580630
v -0.245646 -0.112106 0.569486
v -0.245646 -0.220896 0.536486
v -0.245646 -0.321157 0.482895
v -0.245646 -0.409038 0.410772
v -0.245646 -0.481159 0.322893
v -0.245646 -0.534750 0.222630
v -0.245646 -0.567752 0.113840
v -0.245646 -0.578894 0.000701
v -0.245646 -0.567750 -0.112436
v -0.245646 -0.534750 -0.221228
v -0.245646 -0.481159 -0.321489
v -0.245646 -0.409038 -0.409370
v -0.245646 -0.321157 -0.481491
v -0.245646 -0.220894 -0.535082
v -0.245646 -0.112104 -0.568082
v -0.245646 0.001033 -0.520971
v -0.245646 0.102806 -0.510947
v -0.245646 0.200669 -0.481260
v -0.245646 0.290859 -0.433053
v -0.245646 0.369912 -0.368176
v -0.245646 0.434788 -0.289123
v -0.245646 0.482996 -0.198933
v -0.245646 0.512682 -0.101072
v -0.245646 0.522707 0.000703
v -0.245646 0.512682 0.102476
v -0.245646 0.482996 0.200337
v -0.245646 0.434788 0.290527
v -0.245646 0.369912 0.369580
v -0.245646 0.290859 0.434457
v -0.245646 0.200669 0.482664
v -0.245646 0.102806 0.512352
v -0.245646 0.001033 0.522375
v -0.245646 -0.100740 0.512352
v -0.245646 -0.198602 0.482664
v -0.245646 -0.288793 0.434457
v -0.245646 -0.367846 0.369580
v -0.245646 -0.432724 0.290527
v -0.245646 -0.480930 0.200337
v -0.245646 -0.510617 0.102474
v -0.245646 -0.520639 0.000701
v -0.245646 -0.510617 -0.101072
v -0.245646 -0.480928 -0.198933
v -0.245646 -0.432721 -0.289125
v -0.245646 -0.367844 -0.368177
v -0.245646 -0.288791 -0.433052
v -0.245646 -0.198602 -0.481262
v -0.245646 -0.100738 -0.510947
v -0.160690 0.001033 -0.520971
v -0.160690 0.102806 -0.510947
v -0.160690 0.200669 -0.481260
v -0.160690 0.290859 -0.433053
v -0.160690 0.369912 -0.368176
v -0.160690 0.434788 -0.289123
v -0.160690 0.482996 -0.198933
v -0.160690 0.512682 -0.101072
v -0.160690 0.522707 0.000703
v -0.160690 0.512682 0.102476
v -0.160690 0.482996 0.200337
v -0.160690 0.434788 0.290527
v -0.160690 0.369912 0.369580
v -0.160690 0.290859 0.434457
v -0.160690 0.200669 0.482664
v -0.160690 0.102806 0.512352
v -0.160690 0.001033 0.522375
v -0.160690 -0.100740 0.512352
v -0.160690 -0.198602 0.482664
v -0.160690 -0.288793 0.434457
v -0.160690 -0.367846 0.369580
v -0.160690 -0.432724 0.290527
v -0.160690 -0.480930 0.200337
v -0.160690 -0.510617 0.102474
v -0.160690 -0.520639 0.000701
v -0.160690 -0.510617 -0.101072
v -0.160690 -0.480928 -0.198933
v -0.160690 -0.432721 -0.289125
v -0.160690 -0.367844 -0.368177
v -0.160690 -0.288791 -0.433052
v -0.160690 -0.198602 -0.481262
v -0.160690 -0.100742 -0.510947
v -0.160690 0.001033 -0.485103
v -0.160690 0.095808 -0.475768
v -0.160690 0.186943 -0.448123
v -0.160690 0.270931 -0.403230
v -0.160690 0.344549 -0.342813
v -0.160690 0.404966 -0.269197
v -0.160690 0.449859 -0.185207
v -0.160690 0.477503 -0.094074
v -0.160690 0.486837 0.000703
v -0.160690 0.477503 0.095478
v -0.160690 0.449859 0.186611
v -0.160690 0.404966 0.270601
v -0.160690 0.344549 0.344217
v -0.160690 0.270931 0.404634
v -0.160690 0.186943 0.449527
v -0.160690 0.095809 0.477172
v -0.160690 0.001033 0.486507
v -0.160690 -0.093743 0.477172
v -0.160690 -0.184877 0.449527
v -0.160690 -0.268865 0.404634
v -0.160690 -0.342483 0.344217
v -0.160690 -0.402898 0.270601
v -0.160690 -0.447793 0.186611
v -0.160690 -0.475437 0.095478
v -0.160690 -0.484771 0.000701
v -0.160690 -0.475437 -0.094075
v -0.160690 -0.447793 -0.185207
v -0.160690 -0.402898 -0.269197
v -0.160690 -0.342482 -0.342815
v -0.160690 -0.268866 -0.403230
v -0.160690 -0.184875 -0.448123
v -0.160690 -0.093742 -0.475768
v 0.262211 -0.112104 -0.568082
v 0.262211 -0.220894 -0.535082
v 0.262211 -0.321157 -0.481491
v 0.262211 -0.409038 -0.409370
v 0.262211 -0.481159 -0.321489
v 0.262211 -0.534750 -0.221228
v 0.262211 -0.567750 -0.112436
v 0.262211 -0.578894 0.000701
v 0.262211 -0.567752 0.113840
v 0.262211 -0.534750 0.222630
v 0.262211 -0.481159 0.322893
v 0.262211 -0.409038 0.410772
v 0.262211 -0.321157 0.482895
v 0.262211 -0.220896 0.536486
v 0.262211 -0.112106 0.569486
v 0.262211 0.001033 0.580630
v 0.262211 0.114172 0.569486
v 0.262211 0.222962 0.536486
v 0.262211 0.323225 0.482895
v 0.262211 0.411104 0.410774
v 0.262211 0.483225 0.322893
v 0.262211 0.536816 0.222630
v 0.262211 0.569818 0.113840
v 0.262211 0.580962 0.000703
v 0.262211 0.569818 -0.112436
v 0.262211 0.536816 -0.221226
v 0.262211 0.483225 -0.321489
v 0.262211 0.411104 -0.409370
v 0.262211 0.323225 -0.481491
v 0.262211 0.222962 -0.535082
v 0.262211 0.114170 -0.568082
v 0.262211 0.001033 -0.579226
v 0.262211 0.001033 -0.520971
v 0.262211 0.102806 -0.510947
v 0.262211 0.200669 -0.481260
v 0.262211 0.290859 -0.433053
v 0.262211 0.369912 -0.368176
v 0.262211 0.434788 -0.289123
v 0.262211 0.482996 -0.198933
v 0.262211 0.512682 -0.101072
v 0.262211 0.522707 0.000703
v 0.262211 0.512682 0.102476
v 0.262211 0.482996 0.200337
v 0.262211 0.434788 0.290527
v 0.262211 0.369912 0.369580
v 0.262211 0.290859 0.434457
v 0.262211 0.200669 0.482664
v 0.262211 0.102806 0.512352
v 0.262211 0.001033 0.522375
v 0.262211 -0.100740 0.512352
v 0.262211 -0.198602 0.482664
v 0.262211 -0.288793 0.434457
v 0.262211 -0.367846 0.369580
v 0.262211 -0.432724 0.290527
v 0.262211 -0.480930 0.200337
v 0.262211 -0.510617 0.102474
v 0.262211 -0.520639 0.000701
v 0.262211 -0.510617 -0.101072
v 0.262211 -0.480928 -0.198933
v 0.262211 -0.432721 -0.289125
v 0.262211 -0.367844 -0.368177
v 0.262211 -0.288791 -0.433052
v 0.262211 -0.198602 -0.481262
v 0.262211 -0.100742 -0.510947
v 0.177255 0.001033 -0.520971
v 0.177255 0.102806 -0.510947
v 0.177255 0.200669 -0.481260
v 0.177255 0.290859 -0.433053
v 0.177255 0.369912 -0.368176
v 0.177255 0.434788 -0.289123
v 0.177255 0.482996 -0.198933
v 0.177255 0.512682 -0.101072
v 0.177255 0.522707 0.000703
v 0.177255 0.512682 0.102476
v 0.177255 0.482996 0.200337
v 0.177255 0.434788 0.290527
v 0.177255 0.369912 0.369580
v 0.177255 0.290859 0.434457
v 0.177255 0.200669 0.482664
v 0.177255 0.102806 0.512352
v 0.177255 0.001033 0.522375
v 0.177255 -0.100740 0.512352
v 0.177255 -0.198602 0.482664
v 0.177255 -0.288793 0.434457
v 0.177255 -0.367846 0.369580
v 0.177255 -0.432724 0.290527
v 0.177255 -0.480930 0.200337
v 0.177255 -0.510617 0.102474
v 0.177255 -0.520639 0.000701
v 0.177255 -0.510617 -0.101072
v 0.177255 -0.480928 -0.198933
v 0.177255 -0.432721 -0.289125
v 0.177255 -0.367844 -0.368177
v 0.177255 -0.288791 -0.433052
v 0.177255 -0.198602 -0.481262
v 0.177255 -0.100742 -0.510947
v 0.177255 0.001033 -0.485103
v 0.177255 0.095808 -0.475768
v 0.177255 0.186943 -0.448123
v 0.177255 0.270931 -0.403230
v 0.177255 0.344549 -0.342813
v 0.177255 0.404966 -0.269197
v 0.177255 0.449859 -0.185207
v 0.177255 0.477503 -0.094074
v 0.177255 0.486837 0.000703
v 0.177255 0.477503 0.095478
v 0.177255 0.449859 0.186611
v 0.177255 0.404966 0.270601
v 0.177255 0.344549 0.344217
v 0.177255 0.270931 0.404634
v 0.177255 0.186943 0.449527
v 0.177255 0.095809 0.477172
v 0.177255 0.001033 0.486507
v 0.177255 -0.093743 0.477172
v 0.177255 -0.184877 0.449527
v 0.177255 -0.268865 0.404634
v 0.177255 -0.342483 0.344217
v 0.177255 -0.402898 0.270601
v 0.177255 -0.447793 0.186611
v 0.177255 -0.475437 0.095478
v 0.177255 -0.484771 0.000701
v 0.177255 -0.475437 -0.094075
v 0.177255 -0.447793 -0.185207
v 0.177255 -0.402898 -0.269197
v 0.177255 -0.342482 -0.342815
v 0.177255 -0.268866 -0.403230
v 0.177255 -0.184875 -0.448123
v 0.177255 -0.093742 -0.475768
v -0.245646 -0.171030 0.023197
v -0.245646 -0.154529 -0.076186
v -0.245646 -0.085594 -0.149654
v -0.245646 -0.019067 -0.153036
v -0.245646 0.011313 -0.154004
v -0.245646 0.041296 -0.149026
v -0.245646 0.069734 -0.138294
v -0.245646 0.095531 -0.122220
v -0.245646 0.117693 -0.101424
v -0.245646 0.135377 -0.076701
v -0.245646 0.147897 -0.049004
v -0.245646 0.154772 -0.019399
v -0.245646 0.155739 0.010981
v -0.245646 0.146709 0.051705
v -0.245646 0.143798 0.059418
v -0.245646 0.123956 0.095199
v -0.245646 0.103158 0.117365
v -0.245646 0.078437 0.135047
v -0.245646 0.050740 0.147565
v -0.245646 0.021133 0.154441
v -0.245646 -0.009245 0.155408
v -0.245646 -0.039230 0.150430
v -0.245646 -0.067666 0.139699
v -0.245646 -0.093463 0.123624
v -0.245646 -0.122152 0.093708
v -0.245646 -0.126860 0.087123
v -0.245646 -0.145830 0.050408
v -0.245646 -0.152705 0.020801
v -0.245646 -0.153673 -0.009577
v -0.245646 -0.148694 -0.039561
v -0.245646 -0.137963 -0.067998
v -0.245646 -0.121888 -0.093795
v -0.245646 -0.101092 -0.115961
v -0.245646 -0.076369 -0.133643
v -0.245646 -0.048673 -0.146161
v -0.245646 0.145395 0.055183
v -0.245646 -0.124469 0.090467
v -0.245646 -0.024471 -0.151781
v -0.245646 -0.014374 -0.153185
v -0.265761 -0.001982 -0.022366
v -0.245646 0.025241 -0.010230
v -0.245646 0.013533 0.020793
v -0.245646 -0.005881 0.023331
v -0.245646 -0.025171 -0.003639
v -0.265761 0.019387 0.005281
v -0.265761 -0.015525 0.009846
v -0.245646 -0.018132 -0.018616
v -0.245646 0.014588 -0.022895
v -0.249882 -0.020264 -0.162198
v -0.249882 0.011925 -0.163224
v -0.249882 -0.146245 -0.072092
v -0.249882 -0.129215 -0.099426
v -0.249882 0.083050 0.143052
v -0.249882 0.053702 0.156317
v -0.249882 0.043696 -0.157948
v -0.249882 -0.107177 -0.122913
v -0.249882 0.022332 0.163602
v -0.249882 0.073828 -0.146577
v -0.249882 -0.080982 -0.141648
v -0.249882 -0.009858 0.164628
v -0.249882 0.101162 -0.129545
v -0.249882 -0.051635 -0.154913
v -0.249882 -0.041628 0.159352
v -0.249882 0.124647 -0.107509
v -0.249882 -0.071760 0.147981
v -0.249882 0.143384 -0.081314
v -0.249882 -0.099095 0.130951
v -0.249882 0.156648 -0.051966
v -0.249882 -0.129492 0.099249
v -0.249882 0.163934 -0.020596
v -0.249882 -0.134482 0.092274
v -0.249882 0.164958 0.011594
v -0.249882 -0.154582 0.053371
v -0.249882 0.155390 0.054746
v -0.249882 -0.161866 0.022000
v -0.249882 0.152306 0.062917
v -0.249882 -0.162892 -0.010189
v -0.249882 0.131281 0.100831
v -0.249882 -0.157618 -0.041960
v -0.249882 0.109245 0.124317
v -0.249882 0.153999 0.058431
v -0.249882 -0.131950 0.095816
v -0.249882 -0.025992 -0.160867
v -0.249882 -0.015293 -0.162357
v 0.217648 0.061756 0.160084
v 0.217648 0.061732 0.149501
v 0.235971 0.061756 0.160084
v 0.239122 0.084414 -0.136394
v 0.218871 0.540743 -0.015941
v 0.241047 0.540743 -0.015941
v 0.241047 0.543982 -0.028331
v 0.165240 0.146271 -0.047330
v 0.183564 0.146271 -0.047330
v 0.185489 0.377953 0.326258
v 0.126812 0.095637 -0.129145
v 0.145135 0.095637 -0.129145
v 0.145135 0.100490 -0.138548
v 0.124886 0.488845 0.075076
v 0.124886 0.494719 0.063697
v 0.147061 0.494719 0.063697
v 0.067526 0.131171 0.096764
v 0.085849 0.131171 0.096764
v 0.065600 0.443314 -0.212771
v 0.065600 0.434272 -0.221842
v 0.087775 0.443314 -0.212771
v 0.087775 0.434272 -0.221842
v 0.217648 0.139362 0.013519
v 0.215722 0.522789 0.066401
v 0.215722 0.524154 0.053666
v 0.237897 0.524154 0.053666
v 0.217648 0.171378 -0.007797
v 0.217648 0.161307 -0.011046
v 0.235971 0.171378 -0.007797
v 0.235971 0.161307 -0.011046
v 0.215722 0.307420 -0.425812
v 0.215722 0.295232 -0.429743
v 0.237897 0.307420 -0.425812
v 0.237897 0.295232 -0.429743
v 0.220797 -0.103589 -0.120965
v 0.220797 -0.112499 -0.126674
v 0.239122 -0.103589 -0.120965
v 0.239122 -0.112499 -0.126674
v 0.218871 0.151983 -0.517737
v 0.218871 0.141200 -0.524646
v 0.241046 0.151983 -0.517737
v 0.241046 0.141200 -0.524646
v 0.165240 0.002731 -0.141988
v 0.165240 0.000233 -0.152272
v 0.183564 0.002731 -0.141988
v 0.183564 0.000233 -0.152272
v 0.163315 0.430154 -0.244726
v 0.163315 0.427130 -0.257169
v 0.185489 0.430154 -0.244726
v 0.185489 0.427130 -0.257169
v 0.126812 -0.093225 -0.129398
v 0.126812 -0.100668 -0.136919
v 0.145135 -0.093225 -0.129398
v 0.145135 -0.100668 -0.136919
v 0.124886 0.222509 -0.440253
v 0.124886 0.213501 -0.449356
v 0.147061 0.222509 -0.440253
v 0.147061 0.213501 -0.449356
v 0.067526 0.132608 -0.093383
v 0.067526 0.123171 -0.088594
v 0.085849 0.132608 -0.093383
v 0.085849 0.123171 -0.088594
v 0.065600 -0.065320 -0.485900
v 0.065600 -0.076741 -0.480104
v 0.087775 -0.065320 -0.485900
v 0.087775 -0.076741 -0.480104
v 0.217648 0.065628 -0.122572
v 0.217648 0.055968 -0.126898
v 0.235971 0.065628 -0.122572
v 0.235971 0.055968 -0.126898
v 0.215722 0.224745 -0.475216
v 0.215722 0.213058 -0.480451
v 0.237897 0.224745 -0.475216
v 0.237897 0.213058 -0.480451
v 0.217648 0.045589 -0.163934
v 0.217648 0.039386 -0.155359
v 0.235971 0.045589 -0.163934
v 0.235971 0.039386 -0.155359
v 0.215722 -0.309928 -0.422492
v 0.215722 -0.317434 -0.412114
v 0.237897 -0.309928 -0.422492
v 0.237897 -0.317434 -0.412114
v 0.220797 -0.147010 0.062604
v 0.220797 -0.155193 0.069315
v 0.239122 -0.147010 0.062604
v 0.239122 -0.155193 0.069315
v 0.218871 -0.445387 -0.303066
v 0.218871 -0.455290 -0.294948
v 0.241046 -0.445387 -0.303066
v 0.241046 -0.455290 -0.294948
v 0.165240 -0.134151 -0.045009
v 0.165240 -0.144703 -0.045810
v 0.183564 -0.134151 -0.045009
v 0.183564 -0.144703 -0.045810
v 0.163315 -0.099777 -0.483259
v 0.163315 -0.112547 -0.484227
v 0.185489 -0.099777 -0.483259
v 0.185489 -0.112547 -0.484227
v 0.126812 -0.151827 0.050142
v 0.126812 -0.161281 0.054898
v 0.145135 -0.151827 0.050142
v 0.145135 -0.161281 0.054898
v 0.124886 -0.349900 -0.346198
v 0.124886 -0.361342 -0.340443
v 0.147061 -0.349900 -0.346198
v 0.147061 -0.361342 -0.340443
v 0.067526 -0.047788 -0.153508
v 0.067526 -0.046152 -0.143054
v 0.085849 -0.047788 -0.153508
v 0.085849 -0.046152 -0.143054
v 0.065600 -0.482257 -0.086562
v 0.065600 -0.480275 -0.073910
v 0.087775 -0.482257 -0.086562
v 0.087775 -0.480275 -0.073910
v 0.217648 -0.096249 -0.098826
v 0.217648 -0.103346 -0.090976
v 0.235971 -0.096249 -0.098826
v 0.235971 -0.103346 -0.090976
v 0.215722 -0.382463 -0.359130
v 0.215722 -0.391052 -0.349632
v 0.237897 -0.382463 -0.359130
v 0.237897 -0.391052 -0.349632
v 0.217648 -0.141776 -0.092550
v 0.217648 -0.135539 -0.084000
v 0.235971 -0.141776 -0.092550
v 0.235971 -0.135539 -0.084000
v 0.215722 -0.497541 0.165668
v 0.215722 -0.489992 0.176013
v 0.237897 -0.497541 0.165668
v 0.237897 -0.489992 0.176013
v 0.220797 0.014157 0.160626
v 0.220797 0.018010 0.170482
v 0.239122 0.014157 0.160626
v 0.239122 0.018010 0.170482
v 0.218871 -0.425820 0.331401
v 0.218871 -0.421158 0.343328
v 0.241046 -0.425820 0.331401
v 0.241046 -0.421158 0.343328
v 0.165240 -0.084216 0.115142
v 0.165240 -0.088237 0.124929
v 0.183564 -0.084216 0.115142
v 0.183564 -0.088237 0.124929
v 0.163315 -0.490394 -0.052975
v 0.163315 -0.495261 -0.041129
v 0.185489 -0.490394 -0.052975
v 0.185489 -0.495261 -0.041129
v 0.126812 0.000816 0.161357
v 0.126812 0.002417 0.171818
v 0.145135 0.000816 0.161357
v 0.145135 0.002417 0.171818
v 0.124886 -0.437333 0.227261
v 0.124886 -0.435397 0.239920
v 0.147061 -0.437333 0.227261
v 0.147061 -0.435397 0.239920
v 0.067526 -0.160717 -0.000520
v 0.067526 -0.150268 0.001153
v 0.085849 -0.160717 -0.000520
v 0.085849 -0.150268 0.001153
v 0.065600 -0.231306 0.433371
v 0.065600 -0.218659 0.435396
v 0.087775 -0.231306 0.433371
v 0.087775 -0.218659 0.435396
v 0.217648 -0.123686 0.062465
v 0.217648 -0.118415 0.071641
v 0.235971 -0.123686 0.062465
v 0.235971 -0.118415 0.071641
v 0.215722 -0.459696 0.254231
v 0.215722 -0.453315 0.265336
v 0.237897 -0.459696 0.254231
v 0.237897 -0.453315 0.265336
v 0.217648 -0.131785 0.107704
v 0.217648 -0.121728 0.104413
v 0.235971 -0.131785 0.107704
v 0.235971 -0.121728 0.104413
v 0.215722 0.003858 0.525849
v 0.215722 0.016028 0.521867
v 0.237897 0.003858 0.525849
v 0.237897 0.016028 0.521867
v 0.220797 0.157185 0.037638
v 0.220797 0.167749 0.037019
v 0.239122 0.157185 0.037638
v 0.239122 0.167749 0.037019
v 0.218871 0.183642 0.508854
v 0.218871 0.196426 0.508107
v 0.241047 0.183642 0.508854
v 0.241047 0.196426 0.508107
v 0.165240 0.083528 0.117141
v 0.165240 0.091594 0.123990
v 0.183564 0.083528 0.117141
v 0.183564 0.091594 0.123990
v 0.163315 -0.201875 0.451489
v 0.163315 -0.192115 0.459778
v 0.185489 -0.201875 0.451489
v 0.185489 -0.192115 0.459778
v 0.126812 0.153758 0.050552
v 0.126812 0.164201 0.052262
v 0.145135 0.153758 0.050552
v 0.145135 0.164201 0.052262
v 0.124886 0.081040 0.487622
v 0.124886 0.093680 0.489693
v 0.147061 0.081040 0.487622
v 0.147061 0.093680 0.489693
v 0.067526 -0.050114 0.154157
v 0.067526 -0.045293 0.144735
v 0.085849 -0.050114 0.154157
v 0.085849 -0.045293 0.144735
v 0.065600 0.340729 0.355370
v 0.065600 0.346562 0.343969
v 0.087775 0.340729 0.355370
v 0.087775 0.346562 0.343969
v 0.217648 0.021232 0.138400
v 0.217648 0.031588 0.136223
v 0.235971 0.021232 0.138402
v 0.235971 0.031588 0.136223
v 0.215722 0.099781 0.517224
v 0.215722 0.112313 0.514588
v 0.237897 0.099781 0.517224
v 0.237897 0.112313 0.514588
v 0.235971 0.061732 0.149501
v 0.215722 0.501350 0.160295
v 0.215722 0.501322 0.147488
v 0.237897 0.501350 0.160295
v 0.237897 0.501322 0.147488
v 0.220797 0.084414 -0.136394
v 0.220797 0.087091 -0.146633
v 0.239122 0.087091 -0.146633
v 0.218871 0.543982 -0.028331
v 0.165240 0.137265 -0.041775
v 0.183564 0.137265 -0.041775
v 0.163315 0.367052 0.332980
v 0.163315 0.377953 0.326258
v 0.185489 0.367052 0.332980
v 0.126812 0.100490 -0.138548
v 0.147061 0.488845 0.075076
v 0.067526 0.123699 0.089270
v 0.085849 0.123699 0.089270
v 0.217648 0.138235 0.024042
v 0.235971 0.138235 0.024042
v 0.235971 0.139362 0.013519
v 0.237897 0.522789 0.066401
v 0.273442 0.001031 -0.579226
v 0.273442 0.114170 -0.568082
v 0.273442 0.222960 -0.535082
v 0.273442 0.323223 -0.481491
v 0.273442 0.411102 -0.409370
v 0.273442 0.483223 -0.321489
v 0.273442 0.536814 -0.221226
v 0.273442 0.569816 -0.112436
v 0.273442 0.580960 0.000703
v 0.273442 0.569816 0.113840
v 0.273442 0.536814 0.222630
v 0.273442 0.483223 0.322893
v 0.273442 0.411102 0.410774
v 0.273442 0.323225 0.482895
v 0.273442 0.222962 0.536486
v 0.273442 0.114170 0.569486
v 0.273442 0.001033 0.580630
v 0.273442 -0.112108 0.569486
v 0.273442 -0.220898 0.536486
v 0.273442 -0.321159 0.482895
v 0.273442 -0.409039 0.410772
v 0.273442 -0.481161 0.322893
v 0.273442 -0.534752 0.222630
v 0.273442 -0.567754 0.113840
v 0.273442 -0.578896 0.000701
v 0.273442 -0.567752 -0.112436
v 0.273442 -0.534752 -0.221228
v 0.273442 -0.481161 -0.321489
v 0.273442 -0.409039 -0.409370
v 0.273442 -0.321159 -0.481491
v 0.273442 -0.220896 -0.535082
v 0.273442 -0.112106 -0.568082
v 0.273442 0.001031 -0.520971
v 0.273442 0.102804 -0.510947
v 0.273442 0.200667 -0.481260
v 0.273442 0.290857 -0.433053
v 0.273442 0.369910 -0.368176
v 0.273442 0.434787 -0.289123
v 0.273442 0.482994 -0.198933
v 0.273442 0.512680 -0.101072
v 0.273442 0.522705 0.000703
v 0.273442 0.512680 0.102476
v 0.273442 0.482994 0.200337
v 0.273442 0.434787 0.290527
v 0.273442 0.369910 0.369580
v 0.273442 0.290857 0.434457
v 0.273442 0.200669 0.482664
v 0.273442 0.102804 0.512352
v 0.273442 0.001033 0.522375
v 0.273442 -0.100742 0.512352
v 0.273442 -0.198602 0.482664
v 0.273442 -0.288795 0.434457
v 0.273442 -0.367847 0.369580
v 0.273442 -0.432724 0.290527
v 0.273442 -0.480932 0.200337
v 0.273442 -0.510617 0.102474
v 0.273442 -0.520641 0.000701
v 0.273442 -0.510617 -0.101072
v 0.273442 -0.480930 -0.198933
v 0.273442 -0.432722 -0.289125
v 0.273442 -0.367846 -0.368177
v 0.273442 -0.288793 -0.433052
v 0.273442 -0.198603 -0.481262
v 0.273442 -0.100740 -0.510947
v 0.188486 0.001031 -0.520971
v 0.188486 0.102804 -0.510947
v 0.188486 0.200667 -0.481260
v 0.188486 0.290857 -0.433053
v 0.188486 0.369910 -0.368176
v 0.188486 0.434787 -0.289123
v 0.188486 0.482994 -0.198933
v 0.188486 0.512680 -0.101072
v 0.188486 0.522705 0.000703
v 0.188486 0.512680 0.102476
v 0.188486 0.482994 0.200337
v 0.188486 0.434787 0.290527
v 0.188486 0.369910 0.369580
v 0.188486 0.290857 0.434457
v 0.188486 0.200669 0.482664
v 0.188486 0.102804 0.512352
v 0.188486 0.001033 0.522375
v 0.188486 -0.100742 0.512352
v 0.188486 -0.198602 0.482664
v 0.188486 -0.288795 0.434457
v 0.188486 -0.367847 0.369580
v 0.188486 -0.432724 0.290527
v 0.188486 -0.480932 0.200337
v 0.188486 -0.510617 0.102474
v 0.188486 -0.520641 0.000701
v 0.188486 -0.510617 -0.101072
v 0.188486 -0.480930 -0.198933
v 0.188486 -0.432722 -0.289125
v 0.188486 -0.367846 -0.368177
v 0.188486 -0.288793 -0.433052
v 0.188486 -0.198603 -0.481262
v 0.188486 -0.100740 -0.510947
v 0.188486 0.001031 -0.485103
v 0.188486 0.095808 -0.475768
v 0.188486 0.186941 -0.448123
v 0.188486 0.270930 -0.403230
v 0.188486 0.344547 -0.342813
v 0.188486 0.404964 -0.269197
v 0.188486 0.449857 -0.185207
v 0.188486 0.477503 -0.094074
v 0.188486 0.486837 0.000703
v 0.188486 0.477503 0.095478
v 0.188486 0.449857 0.186611
v 0.188486 0.404966 0.270601
v 0.188486 0.344549 0.344217
v 0.188486 0.270931 0.404634
v 0.188486 0.186943 0.449527
v 0.188486 0.095808 0.477172
v 0.188486 0.001033 0.486507
v 0.188486 -0.093745 0.477172
v 0.188486 -0.184879 0.449527
v 0.188486 -0.268867 0.404634
v 0.188486 -0.342485 0.344217
v 0.188486 -0.402900 0.270601
v 0.188486 -0.447795 0.186611
v 0.188486 -0.475438 0.095478
v 0.188486 -0.484773 0.000701
v 0.188486 -0.475438 -0.094075
v 0.188486 -0.447793 -0.185207
v 0.188486 -0.402900 -0.269197
v 0.188486 -0.342483 -0.342815
v 0.188486 -0.268867 -0.403230
v 0.188486 -0.184877 -0.448123
v 0.188486 -0.093743 -0.475768
v -0.234415 -0.112106 -0.568082
v -0.234415 -0.220896 -0.535082
v -0.234415 -0.321159 -0.481491
v -0.234415 -0.409038 -0.409370
v -0.234415 -0.481161 -0.321489
v -0.234415 -0.534752 -0.221228
v -0.234415 -0.567752 -0.112436
v -0.234415 -0.578896 0.000701
v -0.234415 -0.567754 0.113840
v -0.234415 -0.534752 0.222630
v -0.234415 -0.481161 0.322893
v -0.234415 -0.409039 0.410772
v -0.234415 -0.321159 0.482895
v -0.234415 -0.220898 0.536486
v -0.234415 -0.112104 0.569486
v -0.234415 0.001033 0.580630
v -0.234415 0.114170 0.569486
v -0.234415 0.222962 0.536486
v -0.234415 0.323225 0.482895
v -0.234415 0.411102 0.410774
v -0.234415 0.483225 0.322893
v -0.234415 0.536814 0.222630
v -0.234415 0.569816 0.113840
v -0.234415 0.580960 0.000703
v -0.234415 0.569816 -0.112436
v -0.234415 0.536814 -0.221226
v -0.234415 0.483225 -0.321489
v -0.234415 0.411102 -0.409370
v -0.234415 0.323223 -0.481491
v -0.234415 0.222960 -0.535082
v -0.234415 0.114170 -0.568082
v -0.234415 0.001031 -0.579226
v -0.234415 0.001031 -0.520971
v -0.234415 0.102806 -0.510947
v -0.234415 0.200667 -0.481260
v -0.234415 0.290857 -0.433053
v -0.234415 0.369910 -0.368176
v -0.234415 0.434787 -0.289123
v -0.234415 0.482994 -0.198933
v -0.234415 0.512680 -0.101072
v -0.234415 0.522705 0.000703
v -0.234415 0.512680 0.102476
v -0.234415 0.482994 0.200337
v -0.234415 0.434787 0.290527
v -0.234415 0.369910 0.369580
v -0.234415 0.290857 0.434457
v -0.234415 0.200669 0.482664
v -0.234415 0.102804 0.512352
v -0.234415 0.001033 0.522375
v -0.234415 -0.100742 0.512352
v -0.234415 -0.198602 0.482664
v -0.234415 -0.288795 0.434457
v -0.234415 -0.367847 0.369580
v -0.234415 -0.432724 0.290527
v -0.234415 -0.480932 0.200337
v -0.234415 -0.510617 0.102474
v -0.234415 -0.520641 0.000701
v -0.234415 -0.510617 -0.101072
v -0.234415 -0.480930 -0.198933
v -0.234415 -0.432722 -0.289125
v -0.234415 -0.367846 -0.368177
v -0.234415 -0.288793 -0.433052
v -0.234415 -0.198603 -0.481262
v -0.234415 -0.100740 -0.510947
v -0.149459 0.001031 -0.520971
v -0.149459 0.102806 -0.510947
v -0.149459 0.200667 -0.481260
v -0.149459 0.290857 -0.433053
v -0.149459 0.369910 -0.368176
v -0.149459 0.434787 -0.289123
v -0.149459 0.482994 -0.198933
v -0.149459 0.512680 -0.101072
v -0.149459 0.522705 0.000703
v -0.149459 0.512680 0.102476
v -0.149459 0.482994 0.200337
v -0.149459 0.434787 0.290527
v -0.149459 0.369910 0.369580
v -0.149459 0.290857 0.434457
v -0.149459 0.200669 0.482664
v -0.149459 0.102804 0.512352
v -0.149459 0.001033 0.522375
v -0.149459 -0.100742 0.512352
v -0.149459 -0.198602 0.482664
v -0.149459 -0.288795 0.434457
v -0.149459 -0.367847 0.369580
v -0.149459 -0.432724 0.290527
v -0.149459 -0.480932 0.200337
v -0.149459 -0.510617 0.102474
v -0.149459 -0.520641 0.000701
v -0.149459 -0.510617 -0.101072
v -0.149459 -0.480930 -0.198933
v -0.149459 -0.432722 -0.289125
v -0.149459 -0.367846 -0.368177
v -0.149459 -0.288793 -0.433052
v -0.149459 -0.198603 -0.481262
v -0.149459 -0.100740 -0.510947
v -0.149459 0.001031 -0.485103
v -0.149459 0.095808 -0.475768
v -0.149459 0.186941 -0.448123
v -0.149459 0.270930 -0.403230
v -0.149459 0.344547 -0.342813
v -0.149459 0.404964 -0.269197
v -0.149459 0.449857 -0.185207
v -0.149459 0.477503 -0.094074
v -0.149459 0.486837 0.000703
v -0.149459 0.477503 0.095478
v -0.149459 0.449857 0.186611
v -0.149459 0.404966 0.270601
v -0.149459 0.344549 0.344217
v -0.149459 0.270931 0.404634
v -0.149459 0.186943 0.449527
v -0.149459 0.095808 0.477172
v -0.149459 0.001033 0.486507
v -0.149459 -0.093745 0.477172
v -0.149459 -0.184879 0.449527
v -0.149459 -0.268867 0.404634
v -0.149459 -0.342485 0.344217
v -0.149459 -0.402900 0.270601
v -0.149459 -0.447793 0.186611
v -0.149459 -0.475438 0.095478
v -0.149459 -0.484773 0.000701
v -0.149459 -0.475438 -0.094075
v -0.149459 -0.447793 -0.185207
v -0.149459 -0.402900 -0.269197
v -0.149459 -0.342483 -0.342815
v -0.149459 -0.268867 -0.403230
v -0.149459 -0.184877 -0.448123
v -0.149459 -0.093743 -0.475768
v 0.273442 -0.021465 -0.171360
v 0.273442 0.012536 -0.172442
v 0.273442 0.046094 -0.166872
v 0.273442 0.077921 -0.154861
v 0.273442 0.106791 -0.136872
v 0.273442 0.131599 -0.113596
v 0.273442 0.151388 -0.085926
v 0.273442 0.165400 -0.054929
v 0.273442 0.173094 -0.021793
v 0.273442 0.174176 0.012206
v 0.273442 0.164069 0.057785
v 0.273442 0.160811 0.066416
v 0.273440 0.138606 0.106462
v 0.273442 0.115330 0.131269
v 0.273440 0.087660 0.151058
v 0.273442 0.056663 0.165069
v 0.273442 0.023527 0.172764
v 0.273442 -0.010472 0.173846
v 0.273442 -0.044031 0.168276
v 0.273442 -0.075855 0.156265
v 0.273442 -0.104728 0.138276
v 0.273442 -0.136836 0.104791
v 0.273442 -0.142103 0.097424
v 0.273442 -0.163335 0.056333
v 0.273442 -0.171031 0.023197
v 0.273442 -0.172114 -0.010802
v 0.273442 -0.166542 -0.044359
v 0.273442 -0.154531 -0.076186
v 0.273442 -0.136541 -0.105058
v 0.273442 -0.113266 -0.129865
v 0.273442 -0.085596 -0.149654
v 0.273442 -0.054600 -0.163665
v 0.273442 -0.019069 -0.153036
v 0.273442 0.011311 -0.154004
v 0.273442 0.041295 -0.149026
v 0.273442 0.069732 -0.138294
v 0.273442 0.095529 -0.122220
v 0.273442 0.117693 -0.101424
v 0.273442 0.135375 -0.076701
v 0.273442 0.147896 -0.049004
v 0.273442 0.154771 -0.019399
v 0.273442 0.155737 0.010981
v 0.273442 0.146707 0.051705
v 0.273442 0.143796 0.059418
v 0.273442 0.123954 0.095199
v 0.273442 0.103156 0.117365
v 0.273442 0.078435 0.135047
v 0.273442 0.050739 0.147565
v 0.273442 0.021131 0.154441
v 0.273442 -0.009245 0.155408
v 0.273442 -0.039232 0.150430
v 0.273442 -0.067668 0.139699
v 0.273442 -0.093465 0.123624
v 0.273442 -0.122152 0.093708
v 0.273442 -0.126862 0.087123
v 0.273442 -0.145831 0.050408
v 0.273442 -0.152706 0.020801
v 0.273442 -0.153674 -0.009577
v 0.273442 -0.148696 -0.039561
v 0.273442 -0.137964 -0.067998
v 0.273442 -0.121890 -0.093795
v 0.273442 -0.101094 -0.115961
v 0.273442 -0.076371 -0.133643
v 0.273442 -0.048674 -0.146161
v 0.273442 0.162600 0.061677
v 0.273442 0.145394 0.055183
v 0.273442 -0.139430 0.101166
v 0.273442 -0.124471 0.090467
v 0.273442 -0.027514 -0.169956
v 0.273442 -0.024473 -0.151781
v 0.273442 -0.016213 -0.171527
v 0.273442 -0.014376 -0.153185
v 0.293558 -0.001984 -0.022366
v 0.273442 0.025239 -0.010230
v 0.273442 0.013531 0.020793
v 0.273442 -0.005883 0.023331
v 0.273442 -0.025173 -0.003639
v 0.293558 0.019385 0.005281
v 0.293558 -0.015527 0.009846
v 0.273442 -0.018133 -0.018616
v 0.273442 0.014586 -0.022895
v 0.277678 -0.020266 -0.162198
v 0.277678 0.011924 -0.163224
v 0.277678 -0.146247 -0.072092
v 0.277678 -0.129217 -0.099426
v 0.277678 0.083050 0.143052
v 0.277678 0.053702 0.156317
v 0.277678 0.043694 -0.157948
v 0.277678 -0.107179 -0.122913
v 0.277678 0.022330 0.163602
v 0.277678 0.073826 -0.146577
v 0.277678 -0.080984 -0.141648
v 0.277678 -0.009859 0.164628
v 0.277678 0.101161 -0.129545
v 0.277678 -0.051636 -0.154913
v 0.277678 -0.041630 0.159352
v 0.277678 0.124645 -0.107509
v 0.277678 -0.071762 0.147981
v 0.277678 0.143382 -0.081314
v 0.277678 -0.099096 0.130951
v 0.277678 0.156647 -0.051966
v 0.277678 -0.129494 0.099249
v 0.277678 0.163932 -0.020596
v 0.277678 -0.134484 0.092274
v 0.277678 0.164957 0.011594
v 0.277678 -0.154584 0.053371
v 0.277678 0.155388 0.054746
v 0.277678 -0.161868 0.022000
v 0.277678 0.152304 0.062917
v 0.277678 -0.162894 -0.010189
v 0.277678 0.131279 0.100831
v 0.277678 -0.157620 -0.041960
v 0.277678 0.109243 0.124317
v 0.277678 0.153998 0.058431
v 0.277678 -0.131951 0.095816
v 0.277678 -0.025993 -0.160867
v 0.277678 -0.015294 -0.162357
v -0.245646 -0.021465 -0.171360
v -0.245646 0.012536 -0.172442
v -0.245646 0.046094 -0.166872
v -0.245646 0.077921 -0.154861
v -0.245646 0.106791 -0.136872
v -0.245646 0.131599 -0.113596
v -0.245646 0.151388 -0.085926
v -0.245646 0.165400 -0.054929
v -0.245646 0.173094 -0.021793
v -0.245646 0.174176 0.012206
v -0.245646 0.164069 0.057785
v -0.245646 0.160811 0.066416
v -0.245646 0.138606 0.106461
v -0.245646 0.115330 0.131269
v -0.245646 0.087660 0.151058
v -0.245646 0.056663 0.165069
v -0.245646 0.023527 0.172764
v -0.245646 -0.010472 0.173846
v -0.245646 -0.044031 0.168276
v -0.245646 -0.075855 0.156264
v -0.245646 -0.104728 0.138276
v -0.245646 -0.136836 0.104791
v -0.245646 -0.142103 0.097424
v -0.245646 -0.163335 0.056333
v -0.245646 -0.172114 -0.010802
v -0.245646 -0.166542 -0.044359
v -0.245646 -0.136541 -0.105058
v -0.245646 -0.113266 -0.129865
v -0.245646 -0.054598 -0.163665
v -0.245646 0.162600 0.061677
v -0.245646 -0.139430 0.101166
v -0.245646 -0.027514 -0.169956
v -0.245646 -0.016213 -0.171527
vn -0.0000 -1.0000 0.0023
vn 1.0000 0.0044 -0.0000
vn -0.0000 0.0046 1.0000
vn -0.0000 0.9675 0.2529
vn -0.0000 0.2552 -0.9669
vn -0.0000 -0.9675 -0.2529
vn 1.0000 0.0039 0.0010
vn -0.0000 -0.2507 0.9681
vn -1.0000 0.0039 0.0010
vn -0.0000 0.5248 -0.8512
vn -0.0000 0.8525 0.5227
vn -0.0000 -0.5247 0.8513
vn -1.0000 0.0023 -0.0037
vn -0.0000 -0.8498 -0.5270
vn 1.0000 0.0023 -0.0037
vn -0.0000 0.9684 -0.2493
vn -0.0000 -0.2468 -0.9691
vn -0.0000 -0.9685 0.2492
vn 1.0000 0.0042 -0.0011
vn -0.0000 0.2516 0.9678
vn -1.0000 0.0042 -0.0011
vn -0.0000 -0.7041 0.7101
vn -0.0000 -0.7082 -0.7060
vn -1.0000 0.0031 0.0031
vn 1.0000 0.0031 0.0031
vn -0.0000 -0.9943 -0.1066
vn 1.0000 0.0049 0.0005
vn -0.0000 -0.1038 0.9946
vn -1.0000 0.0049 0.0005
vn -0.0000 0.3070 -0.9517
vn -0.0000 -0.9509 -0.3095
vn -0.0000 -0.3070 0.9517
vn 1.0000 0.0013 -0.0042
vn -0.0000 0.9525 0.3047
vn -1.0000 0.0013 -0.0042
vn -0.0000 0.5395 -0.8420
vn -0.0000 -0.8407 -0.5415
vn -0.0000 -0.5394 0.8420
vn 1.0000 0.0022 -0.0034
vn -0.0000 0.8432 0.5375
vn -1.0000 0.0022 -0.0034
vn -0.0000 0.9717 0.2361
vn -0.0000 -0.2337 0.9723
vn -0.0000 -0.9718 -0.2360
vn -1.0000 0.0043 0.0010
vn -0.0000 0.2386 -0.9711
vn 1.0000 0.0043 0.0010
vn -0.0000 0.0624 -0.9981
vn -0.0000 -0.9979 -0.0648
vn -0.0000 -0.0622 0.9981
vn 1.0000 0.0003 -0.0043
vn -0.0000 0.9982 0.0598
vn -1.0000 0.0003 -0.0043
vn -0.0000 -0.4525 0.8918
vn -0.0000 -0.8929 -0.4502
vn -0.0000 0.4525 -0.8917
vn -1.0000 -0.0020 0.0039
vn -0.0000 0.8906 0.4548
vn 1.0000 -0.0020 0.0039
vn -0.0000 0.4087 -0.9127
vn -0.0000 -0.9115 -0.4113
vn -0.0000 -0.4088 0.9126
vn 1.0000 0.0020 -0.0045
vn -0.0000 0.9139 0.4060
vn -1.0000 0.0020 -0.0045
vn -0.0000 -0.8102 -0.5861
vn -0.0000 -0.5882 0.8087
vn -0.0000 0.8103 0.5861
vn 1.0000 -0.0035 -0.0026
vn -0.0000 0.5841 -0.8117
vn -1.0000 -0.0035 -0.0026
vn -0.0000 -0.6341 -0.7732
vn -0.0000 -0.7748 0.6322
vn -0.0000 0.6340 0.7733
vn 1.0000 -0.0026 -0.0032
vn -0.0000 0.7718 -0.6359
vn -1.0000 -0.0026 -0.0032
vn -0.0000 0.0756 0.9971
vn -0.0000 -0.9969 0.0782
vn -0.0000 -0.0756 -0.9971
vn -1.0000 0.0003 0.0044
vn -0.0000 0.9973 -0.0731
vn 1.0000 0.0003 0.0044
vn -0.0000 -0.9300 -0.3677
vn -0.0000 -0.3700 0.9290
vn -0.0000 0.9300 0.3676
vn 1.0000 -0.0040 -0.0016
vn -0.0000 0.3653 -0.9309
vn -1.0000 -0.0040 -0.0016
vn -0.0000 -0.9880 -0.1547
vn -0.0000 0.1523 -0.9883
vn -0.0000 0.9879 0.1549
vn -1.0000 -0.0043 -0.0007
vn -0.0000 -0.1573 0.9876
vn 1.0000 -0.0043 -0.0007
vn -0.0000 -0.7418 -0.6707
vn -0.0000 -0.6728 0.7398
vn -0.0000 0.7417 0.6707
vn 1.0000 -0.0037 -0.0033
vn -0.0000 0.6686 -0.7437
vn -1.0000 -0.0037 -0.0033
vn -0.0000 -0.8079 0.5894
vn -0.0000 0.5874 0.8093
vn -0.0000 0.8077 -0.5895
vn 1.0000 -0.0035 0.0026
vn -0.0000 -0.5915 -0.8063
vn -1.0000 -0.0035 0.0026
vn -0.0000 -0.9314 0.3641
vn -0.0000 0.3618 0.9322
vn -0.0000 0.9314 -0.3641
vn 1.0000 -0.0038 0.0015
vn -0.0000 -0.3662 -0.9305
vn -1.0000 -0.0038 0.0015
vn -0.0000 -0.9249 0.3801
vn -0.0000 -0.3824 -0.9240
vn -0.0000 0.9250 -0.3799
vn -1.0000 -0.0041 0.0017
vn -0.0000 0.3778 0.9259
vn 1.0000 -0.0041 0.0017
vn -0.0000 -0.6370 0.7708
vn -0.0000 0.7693 0.6389
vn -0.0000 0.6370 -0.7708
vn 1.0000 -0.0028 0.0034
vn -0.0000 -0.7724 -0.6351
vn -1.0000 -0.0028 0.0034
vn -0.0000 -0.1581 -0.9874
vn -0.0000 0.9870 -0.1606
vn -0.0000 0.1582 0.9874
vn -1.0000 -0.0007 -0.0043
vn -0.0000 -0.9878 0.1556
vn 1.0000 -0.0007 -0.0043
vn -0.0000 -0.8671 0.4981
vn -0.0000 0.4957 0.8685
vn -0.0000 0.8670 -0.4983
vn 1.0000 -0.0043 0.0025
vn -0.0000 -0.5007 -0.8656
vn -1.0000 -0.0043 0.0025
vn -0.0000 0.3109 0.9504
vn -0.0000 0.9512 -0.3086
vn -0.0000 -0.3109 -0.9504
vn 1.0000 0.0014 0.0042
vn -0.0000 -0.9496 0.3134
vn -1.0000 0.0014 0.0042
vn -0.0000 0.0585 0.9983
vn -0.0000 0.9984 -0.0561
vn -0.0000 -0.0584 -0.9983
vn 1.0000 0.0002 0.0041
vn -0.0000 -0.9982 0.0608
vn -1.0000 0.0002 0.0041
vn -0.0000 -0.6473 -0.7622
vn -0.0000 0.7606 -0.6492
vn -0.0000 0.6474 0.7622
vn -1.0000 -0.0028 -0.0033
vn -0.0000 -0.7639 0.6454
vn 1.0000 -0.0028 -0.0033
vn -0.0000 0.5364 0.8440
vn -0.0000 0.8454 -0.5342
vn -0.0000 -0.5363 -0.8440
vn 1.0000 0.0023 0.0037
vn -0.0000 -0.8427 0.5384
vn -1.0000 0.0023 0.0037
vn -0.0000 0.8902 -0.4555
vn -0.0000 0.4577 0.8891
vn -0.0000 -0.8902 0.4555
vn -1.0000 0.0039 -0.0020
vn -0.0000 -0.4532 -0.8914
vn 1.0000 0.0039 -0.0020
vn 0.0001 0.2059 0.9786
vn -0.0000 0.9792 -0.2030
vn -0.0000 -0.2058 -0.9786
vn 1.0000 0.0010 0.0049
vn -0.0000 -0.9780 0.2087
vn -1.0000 0.0010 0.0049
vn -0.0000 1.0000 -0.0021
vn -0.0000 0.0005 -1.0000
vn -1.0000 0.0044 -0.0000
vn -0.0000 0.7082 0.7061
vn -0.0000 0.7077 -0.7065
vn -0.0000 0.9943 0.1065
vn -0.0000 0.1095 -0.9940
vn 1.0000 -0.0000 -0.0000
vn -0.0000 0.7730 0.6344
vn -0.0000 -0.9569 -0.2903
vn -0.0000 0.6344 0.7730
vn -0.0000 -0.8819 -0.4714
vn -0.0000 0.4714 0.8819
vn -0.0000 0.0980 -0.9952
vn -0.0000 -0.7730 -0.6344
vn -0.0000 0.2903 0.9569
vn -0.0000 0.2903 -0.9569
vn -0.0000 -0.6344 -0.7730
vn -0.0000 0.0980 0.9952
vn -0.0000 0.4714 -0.8819
vn -0.0000 -0.4714 -0.8819
vn -0.0000 -0.0980 0.9952
vn -0.0000 0.6344 -0.7730
vn -0.0000 -0.2903 -0.9569
vn -0.0000 -0.2903 0.9569
vn -0.0000 0.7730 -0.6344
vn -0.0000 -0.0980 -0.9952
vn -0.0000 -0.4714 0.8819
vn -0.0000 0.8819 -0.4714
vn -0.0000 -0.6344 0.7730
vn -0.0000 0.9569 -0.2903
vn -0.0000 -0.7730 0.6344
vn -0.0000 0.9952 -0.0980
vn -0.0000 -0.8819 0.4714
vn -0.0000 0.9952 0.0980
vn -0.0000 -0.9569 0.2903
vn -0.0000 0.9569 0.2903
vn -0.0000 -0.9952 0.0980
vn -0.0000 0.8819 0.4714
vn -0.0000 -0.9952 -0.0980
vn -1.0000 -0.0000 -0.0000
vn 0.9083 -0.0134 -0.4182
vn 0.9083 -0.3551 -0.2212
vn 0.9082 0.1723 0.3813
vn 0.9083 0.0685 -0.4128
vn 0.9082 -0.3052 -0.2863
vn 0.9082 0.0947 0.4076
vn 0.9082 0.1477 -0.3915
vn 0.9082 -0.2434 -0.3404
vn 0.9082 0.0133 0.4182
vn 0.9082 0.2213 -0.3551
vn 0.9082 -0.1723 -0.3813
vn 0.9083 -0.0685 0.4128
vn 0.9083 0.2863 -0.3051
vn 0.9082 -0.0947 -0.4076
vn 0.9082 -0.1477 0.3915
vn 0.9083 0.3403 -0.2434
vn 0.9083 -0.2212 0.3551
vn 0.9082 0.3813 -0.1723
vn 0.9072 -0.3036 0.2911
vn 0.9082 0.4076 -0.0947
vn 0.9082 -0.3402 0.2436
vn 0.9082 0.4182 -0.0133
vn 0.9072 -0.3737 0.1931
vn 0.9072 0.4108 0.0911
vn 0.9083 -0.4076 0.0946
vn 0.9083 0.3915 0.1477
vn 0.9083 -0.4182 0.0133
vn 0.9072 0.3678 0.2040
vn 0.9083 -0.4128 -0.0685
vn 0.9083 0.3051 0.2863
vn 0.9082 -0.3915 -0.1478
vn 0.9083 0.2434 0.3403
vn 0.9083 -0.3403 0.2434
vn 0.9083 -0.0133 -0.4182
vn 0.7069 -0.3382 0.6212
vn 0.7058 -0.3455 0.6185
vn 0.7129 -0.3454 -0.6103
vn 0.7129 -0.3455 -0.6103
vn 0.7129 -0.3455 -0.6102
vn 0.7219 0.1746 -0.6695
vn 0.7219 0.1746 -0.6696
vn 0.7137 0.4818 0.5084
vn 0.7137 0.4819 0.5084
vn 0.7181 -0.6738 0.1743
vn 0.7181 -0.6738 0.1742
vn 0.7316 0.6817 -0.0048
vn 0.7316 0.6817 -0.0047
vn 0.5648 -0.6461 0.5133
vn 0.5648 0.7564 0.3299
vn 0.5880 -0.1049 -0.8021
vn 0.9082 0.0133 0.4183
vn 0.9083 0.0946 0.4076
vn 0.9082 0.3405 -0.2432
vn 0.9082 -0.3916 -0.1478
vn 0.9083 0.3914 0.1477
vn 0.9083 0.4127 0.0685
vn 0.9072 -0.3679 -0.2040
vn 0.9083 0.4181 -0.0133
vn 0.9083 0.4075 -0.0946
vn 0.9071 -0.4108 -0.0911
vn 0.9072 0.3737 -0.1931
vn 0.9082 -0.4183 0.0133
vn 0.9083 0.3402 -0.2434
vn 0.9082 -0.4077 0.0947
vn 0.9072 0.3036 -0.2911
vn 0.9082 -0.3814 0.1724
vn 0.9083 0.2212 -0.3551
vn 0.9082 0.1478 -0.3915
vn 0.9083 0.0946 0.4075
vn 0.9082 -0.2863 0.3052
vn 0.9083 0.0685 -0.4127
vn 0.9082 0.1724 0.3813
vn 0.9083 -0.2213 0.3551
vn 0.9082 -0.0133 -0.4183
vn 0.9083 -0.1477 0.3915
vn 0.9082 -0.0946 -0.4076
vn 0.9082 -0.0685 0.4128
vn 0.9083 -0.1723 -0.3813
vn 0.9083 0.3551 0.2212
vn 0.9083 0.0133 0.4182
vn -0.0000 1.0000 -0.0023
vn -0.0000 0.5250 0.8511
vn -0.0000 -0.5248 -0.8512
vn -0.0000 -0.8498 0.5270
vn -0.0000 0.8886 0.4587
vn -0.0000 0.4609 -0.8874
vn -0.0000 -0.8886 -0.4587
vn -1.0000 0.0039 0.0020
vn -0.0000 -0.4565 0.8897
vn 1.0000 0.0039 0.0020
vn -0.0000 0.7082 -0.7061
vn -0.0000 -0.7041 -0.7101
vn -0.0000 -0.7082 0.7060
vn -1.0000 0.0031 -0.0031
vn -0.0000 0.7077 0.7065
vn 1.0000 0.0031 -0.0031
vn -0.0000 -0.5395 0.8420
vn -0.0000 0.9717 -0.2361
vn -0.0000 -0.2337 -0.9723
vn -0.0000 -0.9717 0.2361
vn -1.0000 0.0043 -0.0010
vn -0.0000 0.2386 0.9711
vn 1.0000 0.0043 -0.0010
vn -0.0000 0.7108 -0.7034
vn -0.0000 -0.7016 -0.7126
vn -0.0000 -0.7108 0.7034
vn -0.0000 0.7051 0.7091
vn -0.0000 -0.4525 -0.8918
vn -0.0000 -0.8929 0.4502
vn -0.0000 0.4525 0.8917
vn -1.0000 -0.0020 -0.0039
vn -0.0000 0.8906 -0.4548
vn 1.0000 -0.0020 -0.0039
vn 1.0000 -0.0036 -0.0026
vn -0.0000 0.6340 0.7734
vn -0.0000 0.0756 -0.9971
vn -0.0000 -0.9969 -0.0782
vn -0.0000 -0.0756 0.9971
vn -1.0000 0.0003 -0.0044
vn -0.0000 0.9973 0.0731
vn 1.0000 0.0003 -0.0044
vn -0.0000 -0.4494 -0.8933
vn -0.0000 -0.8945 0.4470
vn -0.0000 0.4493 0.8934
vn -0.0000 0.8923 -0.4515
vn -0.0000 -0.9880 0.1547
vn -0.0000 0.1523 0.9883
vn -0.0000 0.9879 -0.1548
vn -1.0000 -0.0043 0.0007
vn -0.0000 -0.1573 -0.9876
vn 1.0000 -0.0043 0.0007
vn -0.0000 0.8078 -0.5895
vn -0.0000 -0.9250 -0.3800
vn -0.0000 -0.3824 0.9240
vn -0.0000 0.9250 0.3800
vn -1.0000 -0.0041 -0.0017
vn -0.0000 0.3778 -0.9259
vn 1.0000 -0.0041 -0.0017
vn -0.0000 -0.9885 0.1513
vn -0.0000 0.1487 0.9889
vn -0.0000 0.9885 -0.1512
vn -0.0000 -0.1537 -0.9881
vn -0.0000 -0.1581 0.9874
vn -0.0000 0.9870 0.1606
vn -0.0000 0.1581 -0.9874
vn -1.0000 -0.0007 0.0043
vn -0.0000 -0.9878 -0.1556
vn 1.0000 -0.0007 0.0043
vn -0.0000 0.8670 -0.4982
vn -0.0000 -0.6473 0.7622
vn -0.0000 0.7606 0.6492
vn -0.0000 0.6473 -0.7622
vn -1.0000 -0.0028 0.0033
vn -0.0000 -0.7639 -0.6454
vn 1.0000 -0.0028 0.0033
vn -0.0000 -0.1616 0.9869
vn -0.0000 0.9864 0.1641
vn -0.0000 0.1617 -0.9868
vn -0.0000 -0.9873 -0.1592
vn -0.0000 0.8902 0.4555
vn -0.0000 0.4577 -0.8891
vn -0.0000 -0.8902 -0.4555
vn -0.0000 -0.4532 0.8914
vn -0.0000 0.2057 0.9786
vn -0.0000 -1.0000 0.0021
vn -0.0000 0.8525 -0.5227
vn -0.9083 -0.0133 -0.4182
vn -0.9083 -0.3551 -0.2212
vn -0.9082 0.1723 0.3813
vn -0.9082 0.0685 -0.4128
vn -0.9082 -0.3052 -0.2863
vn -0.9083 0.0946 0.4076
vn -0.9082 0.1477 -0.3915
vn -0.9082 -0.2434 -0.3404
vn -0.9083 0.0133 0.4182
vn -0.9082 0.2213 -0.3551
vn -0.9082 -0.1723 -0.3813
vn -0.9082 -0.0685 0.4128
vn -0.9082 0.2863 -0.3052
vn -0.9082 -0.0946 -0.4076
vn -0.9082 -0.1477 0.3915
vn -0.9083 0.3403 -0.2434
vn -0.9083 -0.2212 0.3551
vn -0.9082 0.3813 -0.1723
vn -0.9072 -0.3037 0.2912
vn -0.9082 0.4076 -0.0947
vn -0.9083 -0.3402 0.2435
vn -0.9083 0.4182 -0.0133
vn -0.9072 -0.3737 0.1931
vn -0.9072 0.4108 0.0911
vn -0.9083 -0.4076 0.0946
vn -0.9083 0.3914 0.1478
vn -0.9083 -0.4182 0.0133
vn -0.9072 0.3678 0.2040
vn -0.9083 -0.4127 -0.0685
vn -0.9083 0.3051 0.2863
vn -0.9082 -0.3915 -0.1478
vn -0.9083 0.2434 0.3403
vn -0.9083 0.3915 0.1477
vn -0.9083 -0.3403 0.2434
vn -0.9082 -0.0947 -0.4076
vn -0.7069 -0.3382 0.6212
vn -0.7129 -0.3455 -0.6103
vn -0.7129 -0.3454 -0.6103
vn -0.7219 0.1746 -0.6696
vn -0.7219 0.1746 -0.6695
vn -0.7137 0.4819 0.5084
vn -0.7137 0.4818 0.5084
vn -0.7181 -0.6738 0.1742
vn -0.7316 0.6817 -0.0047
vn -0.7316 0.6817 -0.0048
vn -0.5648 -0.6461 0.5133
vn -0.5648 0.7564 0.3299
vn -0.5880 -0.1049 -0.8021
vn -0.9082 0.0133 0.4183
vn -0.9082 0.3405 -0.2433
vn -0.9082 -0.2435 -0.3405
vn -0.9083 0.3914 0.1477
vn -0.9083 -0.3051 -0.2863
vn -0.9082 0.4128 0.0685
vn -0.9072 -0.3679 -0.2040
vn -0.9082 -0.3915 -0.1477
vn -0.9083 0.4075 -0.0947
vn -0.9072 -0.4108 -0.0911
vn -0.9072 0.3738 -0.1931
vn -0.9082 0.3402 -0.2436
vn -0.9082 -0.4076 0.0946
vn -0.9072 0.3036 -0.2911
vn -0.9083 -0.3813 0.1723
vn -0.9082 -0.3404 0.2434
vn -0.9083 0.1477 -0.3915
vn -0.9083 0.0946 0.4075
vn -0.9083 -0.2863 0.3051
vn -0.9083 0.0685 -0.4127
vn -0.9083 0.1723 0.3812
vn -0.9083 -0.2213 0.3551
vn -0.9082 -0.0133 -0.4183
vn -0.9082 0.2434 0.3404
vn -0.9083 -0.1477 0.3914
vn -0.9083 -0.0685 0.4127
vn -0.9082 -0.1724 -0.3813
vn -0.9082 0.3551 0.2213
vn -0.9082 0.0134 0.4182
vn -0.0000 -0.9763 -0.2165
vn -0.0000 0.9741 -0.2262
vn -0.0000 -0.9356 -0.3531
vn -0.0000 0.9995 -0.0318
vn -0.0000 -0.8746 -0.4849
vn -0.0000 0.0318 0.9995
vn -0.0000 0.9865 0.1638
vn -0.0000 -0.7292 -0.6843
vn -0.0000 0.9356 0.3531
vn -0.0000 -0.5817 -0.8134
vn -0.0000 0.0319 0.9995
vn -0.0000 0.8487 0.5288
vn -0.0000 -0.4119 -0.9112
vn -0.0000 -0.1637 0.9865
vn -0.0000 0.7292 0.6843
vn -0.0000 -0.2262 -0.9741
vn -0.0000 -0.3531 0.9356
vn -0.0000 -0.9356 -0.3532
vn -0.0000 0.5817 0.8134
vn -0.0000 -0.0318 -0.9995
vn -0.0000 -0.5289 0.8487
vn -0.0000 0.4119 0.9112
vn -0.0000 0.1637 -0.9865
vn -0.0000 -0.6842 0.7293
vn -0.0000 0.2262 0.9741
vn -0.0000 0.3531 -0.9356
vn -0.0000 -0.8134 0.5817
vn -0.0000 0.8137 -0.5813
vn -0.0000 0.5288 -0.8487
vn -0.0000 -0.9112 0.4119
vn -0.0000 0.7218 -0.6921
vn -0.0000 -0.9741 0.2262
vn -0.0000 0.8132 -0.5819
vn -0.0000 -0.9995 0.0318
vn -0.0000 0.2261 0.9741
vn -0.0000 0.8884 -0.4591
vn 0.0001 0.2552 -0.9669
vn -0.0000 0.3071 -0.9517
vn -1.0000 -0.0036 -0.0026
vn 0.9082 -0.3551 -0.2213
vn 0.9082 0.0685 -0.4128
vn 0.9083 -0.3051 -0.2863
vn 0.9082 0.2863 -0.3051
vn 0.9082 -0.2213 0.3551
vn 0.9083 0.3812 -0.1723
vn 0.9072 -0.3037 0.2912
vn 0.9083 -0.3403 0.2433
vn 0.9083 0.4182 -0.0133
vn 0.9083 0.3914 0.1478
vn 0.9083 -0.4127 -0.0685
vn 0.9082 0.3051 0.2863
vn 0.9083 -0.3914 -0.1477
vn 0.9082 0.2434 0.3403
vn 0.7220 0.1746 -0.6695
vn 0.9083 0.0947 0.4075
vn 0.9082 -0.3916 -0.1477
vn 0.9083 0.4076 -0.0946
vn 0.9071 -0.4109 -0.0911
vn 0.9072 0.3738 -0.1931
vn 0.9083 0.3402 -0.2436
vn 0.9082 -0.4076 0.0947
vn 0.9082 -0.3813 0.1723
vn 0.9082 -0.3404 0.2435
vn 0.9083 0.1477 -0.3914
vn 0.9083 -0.2863 0.3051
vn 0.9082 0.0686 -0.4128
vn 0.9083 0.1723 0.3812
vn 0.9082 -0.0133 -0.4182
vn 0.9082 0.2434 0.3404
vn 0.9083 -0.0947 -0.4076
vn 0.9083 -0.0685 0.4127
vn 0.9082 -0.1724 -0.3813
vn 0.9082 0.0134 0.4182
vn -0.0001 0.2059 0.9786
vn -0.9083 -0.0134 -0.4182
vn -0.9082 -0.3551 -0.2213
vn -0.9083 0.1723 0.3813
vn -0.9083 0.0685 -0.4128
vn -0.9082 0.0947 0.4076
vn -0.9082 0.0133 0.4182
vn -0.9083 -0.0685 0.4128
vn -0.9082 0.2863 -0.3051
vn -0.9082 -0.1478 0.3915
vn -0.9082 0.3404 -0.2434
vn -0.9082 -0.2213 0.3551
vn -0.9083 0.3812 -0.1723
vn -0.9072 -0.3036 0.2911
vn -0.9083 -0.3402 0.2436
vn -0.9082 0.4182 -0.0133
vn -0.9083 -0.4128 -0.0685
vn -0.9082 0.3051 0.2863
vn -0.9083 -0.3914 -0.1477
vn -0.7220 0.1746 -0.6695
vn -0.7122 0.4896 0.5030
vn -0.7181 -0.6738 0.1743
vn -0.5648 -0.6462 0.5133
vn -0.9083 0.0947 0.4075
vn -0.9083 -0.2434 -0.3403
vn -0.9082 0.3915 0.1477
vn -0.9083 0.4128 0.0685
vn -0.9082 0.4076 -0.0946
vn -0.9082 -0.4182 0.0133
vn -0.9083 0.3403 -0.2435
vn -0.9083 -0.4076 0.0947
vn -0.9072 0.3037 -0.2912
vn -0.9082 -0.3813 0.1723
vn -0.9083 0.2213 -0.3551
vn -0.9083 0.1477 -0.3914
vn -0.9082 0.0686 -0.4128
vn -0.9082 0.1724 0.3813
vn -0.9082 -0.0133 -0.4182
vn -0.9083 -0.0946 -0.4076
vn -0.9082 -0.1724 -0.3815
vn -0.9083 0.3551 0.2212
vn -0.0000 0.9995 -0.0319
vn -0.0000 -0.8745 -0.4849
vn -0.0000 -0.7293 -0.6842
vn -0.0000 0.3532 -0.9356
vn -0.0000 0.5288 -0.8488
vn 0.7615 -0.5124 -0.3970
vn 0.8678 -0.3836 -0.3159
vn 0.7570 -0.4688 -0.4552
vn 0.6841 -0.5463 -0.4833
vn 0.6834 -0.5914 -0.4280
vn 0.6834 -0.5589 -0.4697
vn 0.6841 -0.6016 -0.4124
vn 0.9058 -0.3612 -0.2213
vn -0.7276 0.0430 -0.6846
vn -0.8011 0.0915 -0.5915
vn -0.8288 -0.0056 -0.5595
vn -0.7177 0.1052 -0.6883
vn -0.6710 0.0454 -0.7401
vn -0.6395 0.1784 -0.7478
vn -0.8401 0.1490 -0.5216
vn -0.9166 0.0390 -0.3979
vn -0.9607 0.0678 -0.2691
vn -0.9598 0.0040 -0.2805
vn -0.8040 -0.4381 -0.4021
vn -0.8845 -0.3653 -0.2901
vn -0.7486 -0.5349 -0.3917
vn -0.7074 -0.5692 -0.4190
vn -0.6857 -0.6030 -0.4076
vn -0.6984 -0.5410 -0.4686
vn -0.6470 -0.5800 -0.4950
vn -0.7019 -0.4973 -0.5100
vn -0.9200 -0.2729 -0.2812
vn -0.9613 -0.1997 -0.1897
vn -0.9608 -0.2355 -0.1461
vn -0.8069 -0.5104 -0.2974
vn -0.9211 -0.3374 -0.1945
vn 0.7071 -0.4297 -0.5616
vn 0.7652 -0.4198 -0.4881
vn 0.7690 -0.3732 -0.5190
vn 0.8669 -0.3267 -0.3766
vn 0.8841 -0.2431 -0.3990
vn 0.6834 -0.4966 -0.5351
vn 0.6790 -0.4531 -0.5777
vn 0.6840 -0.5096 -0.5220
vn 0.9463 -0.2317 -0.2253
vn 0.9564 -0.1702 -0.2371
vn -0.8114 -0.1537 -0.5638
vn -0.8183 -0.2351 -0.5246
vn -0.7512 -0.2402 -0.6148
vn -0.6122 -0.2935 -0.7342
vn -0.6892 -0.1554 -0.7077
vn -0.7083 -0.2113 -0.6736
vn -0.7318 -0.1426 -0.6664
vn -0.8348 -0.0841 -0.5441
vn -0.9193 -0.1149 -0.3765
vn 0.7692 -0.2674 -0.5804
vn 0.8826 -0.1745 -0.4366
vn 0.6888 -0.2754 -0.6706
vn 0.7359 -0.3116 -0.6012
vn 0.6536 -0.4052 -0.6393
vn 0.7007 -0.3358 -0.6295
vn 0.9552 -0.1225 -0.2693
vn -0.8036 -0.3887 -0.4506
vn -0.9167 -0.2497 -0.3121
vn -0.8375 -0.2998 -0.4569
vn -0.7042 -0.4833 -0.5202
vn -0.6921 -0.4399 -0.5722
vn -0.7303 -0.4124 -0.5445
vn -0.9657 -0.1472 -0.2140
vn -0.7986 -0.5831 -0.1493
vn -0.9263 -0.3533 -0.1313
vn -0.9228 -0.3799 -0.0643
vn -0.7228 -0.6700 -0.1694
vn -0.6903 -0.7118 -0.1295
vn -0.6609 -0.7104 -0.2421
vn -0.7609 -0.5932 -0.2632
vn -0.8347 -0.5021 -0.2263
vn -0.7235 -0.6556 -0.2163
vn -0.9631 -0.2652 -0.0456
vn 0.6791 -0.1591 -0.7166
vn 0.6809 -0.1703 -0.7123
vn 0.7343 -0.1141 -0.6692
vn 0.6789 -0.2538 -0.6889
vn 0.7558 -0.1949 -0.6252
vn 0.7042 -0.1997 -0.6813
vn 0.8774 -0.1091 -0.4671
vn 0.9560 -0.0858 -0.2805
vn 0.9351 -0.0351 -0.3526
vn -0.5409 -0.7741 -0.3289
vn -0.7180 -0.5951 -0.3609
vn -0.6937 -0.6403 -0.3297
vn -0.9624 -0.2521 -0.1010
vn 0.8376 -0.0549 -0.5435
vn 0.7332 -0.0773 -0.6756
vn 0.6804 -0.0933 -0.7269
vn 0.8724 -0.0021 -0.4887
vn 0.7513 0.0400 -0.6587
vn 0.7049 -0.0122 -0.7092
vn -0.7400 -0.6724 -0.0169
vn -0.7994 -0.5972 -0.0655
vn -0.8492 -0.5278 0.0191
vn -0.9231 -0.3839 0.0218
vn -0.5867 -0.8098 -0.0103
vn -0.7029 -0.7019 -0.1154
vn -0.7019 -0.7096 -0.0609
vn -0.9618 -0.2737 -0.0031
vn -0.7048 -0.7026 0.0976
vn -0.8563 -0.5055 0.1061
vn -0.6406 -0.7655 0.0602
vn -0.7097 -0.6966 0.1055
vn -0.2922 -0.9563 0.0127
vn 0.6814 0.0964 -0.7256
vn 0.7639 0.1165 -0.6347
vn 0.6976 0.0311 -0.7158
vn 0.6732 0.0837 -0.7347
vn 0.6276 -0.0211 -0.7783
vn 0.9320 0.0458 -0.3595
vn 0.8840 0.0677 -0.4625
vn -0.7098 -0.6713 0.2133
vn -0.8401 -0.4971 0.2169
vn -0.9233 -0.3691 0.1062
vn -0.3333 -0.8572 0.3927
vn -0.7499 -0.5926 0.2940
vn -0.6306 -0.7586 0.1641
vn -0.6456 -0.7443 0.1711
vn -0.9641 -0.2614 0.0471
vn -0.9628 -0.2506 0.1008
vn 0.7089 0.2282 -0.6674
vn 0.7600 0.1687 -0.6276
vn 0.8466 0.2062 -0.4907
vn 0.8781 0.1520 -0.4537
vn 0.7397 0.2827 -0.6107
vn 0.6736 0.2670 -0.6892
vn 0.6835 0.1690 -0.7101
vn 0.6791 0.2285 -0.6976
vn 0.6841 0.1508 -0.7136
vn 0.9563 0.0659 -0.2848
vn 0.9326 0.1565 -0.3253
vn -0.7206 -0.5186 0.4602
vn -0.8587 -0.4098 0.3076
vn -0.8422 -0.3898 0.3724
vn -0.9230 -0.2555 0.2876
vn -0.6244 -0.6195 0.4757
vn -0.6411 -0.6028 0.4750
vn 0.8849 0.2384 -0.4001
vn 0.7639 0.3134 -0.5641
vn 0.6841 0.3980 -0.6113
vn 0.7355 0.3926 -0.5522
vn 0.6833 0.3366 -0.6479
vn 0.6834 0.3826 -0.6218
vn 0.6819 0.3201 -0.6576
vn 0.9537 0.1535 -0.2588
vn -0.4991 -0.3020 0.8122
vn -0.8059 -0.2757 0.5240
vn -0.7312 -0.2223 0.6449
vn -0.6936 -0.3754 0.6148
vn -0.7192 -0.3269 0.6131
vn -0.7053 -0.3938 0.5894
vn -0.7128 -0.3803 0.5893
vn -0.8211 -0.3350 0.4621
vn -0.9184 -0.1961 0.3436
vn -0.9642 -0.1517 0.2177
vn -0.9636 -0.1048 0.2460
vn -0.7288 -0.5797 0.3644
vn -0.9232 -0.3149 0.2201
vn -0.3360 -0.8465 0.4131
vn -0.6502 -0.6590 0.3780
vn 0.8350 0.3474 -0.4267
vn 0.7353 0.4212 -0.5310
vn 0.6804 0.4481 -0.5800
vn 0.9408 0.2243 -0.2542
vn 0.8716 0.3556 -0.3373
vn 0.7732 0.4726 -0.4228
vn 0.7103 0.4884 -0.5069
vn -0.6411 0.0975 0.7613
vn -0.7065 0.1312 0.6954
vn -0.7143 0.1365 0.6863
vn -0.3028 0.0599 0.9512
vn -0.7392 -0.0080 0.6734
vn -0.8194 0.0511 0.5709
vn -0.7627 0.0343 0.6459
vn -0.9292 -0.0052 0.3696
vn -0.9627 0.0403 0.2677
vn -0.9318 0.0726 0.3556
vn -0.8336 0.1536 0.5306
vn 0.7525 0.5272 -0.3948
vn 0.8887 0.3811 -0.2549
vn 0.6446 0.6458 -0.4092
vn 0.6645 0.6331 -0.3970
vn 0.6988 0.5332 -0.4768
vn 0.6587 0.5735 -0.4870
vn 0.6410 0.5278 -0.5573
vn 0.9367 0.2772 -0.2137
vn 0.9536 0.2558 -0.1586
vn -0.8026 0.4635 0.3754
vn -0.9253 0.2792 0.2567
vn -0.9221 0.3211 0.2159
vn -0.8356 0.3795 0.3973
vn -0.6937 0.5820 0.4243
vn -0.7127 0.5769 0.3990
vn -0.6771 0.5366 0.5035
vn -0.7193 0.5365 0.4413
vn -0.6701 0.5321 0.5174
vn -0.7548 0.4564 0.4711
vn -0.9683 0.1862 0.1666
vn -0.9608 0.2418 0.1353
vn -0.8324 0.4773 0.2815
vn 0.7223 0.6097 -0.3263
vn 0.8331 0.4992 -0.2382
vn 0.7008 0.6604 -0.2697
vn 0.7009 0.6277 -0.3387
vn 0.6577 0.6864 -0.3103
vn 0.9490 0.2889 -0.1262
vn -0.6574 0.7369 0.1573
vn -0.7981 0.5751 0.1797
vn -0.7217 0.6766 0.1464
vn -0.7023 0.6621 0.2616
vn -0.6904 0.6771 0.2547
vn -0.8115 0.5335 0.2386
vn -0.9119 0.3765 0.1637
vn -0.9609 0.2662 0.0759
vn -0.9243 0.3744 0.0742
vn -0.8367 0.5431 0.0709
vn -0.5821 -0.5080 0.6349
vn -0.7377 -0.4359 0.5155
vn -0.3027 -0.6147 0.7284
vn 0.7540 0.6305 -0.1844
vn 0.8888 0.4307 -0.1564
vn 0.8715 0.4823 -0.0886
vn 0.6792 0.7165 -0.1591
vn 0.6809 0.7123 -0.1703
vn 0.7717 0.6262 -0.1111
vn 0.6838 0.6856 -0.2496
vn 0.7042 0.6813 -0.1997
vn 0.9532 0.2930 -0.0746
vn 0.9414 0.3364 -0.0239
vn -0.7563 0.3479 0.5541
vn -0.8034 0.2668 0.5323
vn -0.8259 0.2998 0.4775
vn -0.9221 0.1564 0.3539
vn -0.9266 0.2249 0.3016
vn -0.5446 0.4591 0.7019
vn -0.7169 0.2945 0.6319
vn -0.6938 0.3491 0.6299
vn -0.6389 0.2691 0.7207
vn 0.7331 0.6779 -0.0547
vn 0.6850 0.7243 -0.0781
vn 0.6628 0.7487 -0.0165
vn 0.6847 0.7221 -0.0989
vn 0.6819 0.7247 0.0992
vn 0.7521 0.6580 0.0377
vn 0.7533 0.6471 0.1177
vn 0.6781 0.7347 0.0184
vn 0.7226 0.6913 0.0062
vn 0.8222 0.5692 -0.0059
vn 0.8813 0.4689 0.0586
vn 0.9525 0.3038 0.0225
vn 0.9567 0.2829 0.0684
vn -0.8416 -0.0491 0.5378
vn -0.9246 -0.0651 0.3754
vn -0.3280 -0.0103 0.9446
vn -0.7253 -0.0975 0.6815
vn -0.7074 -0.1062 0.6988
vn -0.6472 -0.0601 0.7600
vn -0.6468 -0.1569 0.7464
vn -0.9597 -0.0104 0.2809
vn -0.7256 -0.1924 0.6607
vn -0.8413 -0.2176 0.4949
vn -0.8572 -0.1166 0.5016
vn -0.9253 -0.1236 0.3586
vn -0.6603 -0.2411 0.7113
vn 0.6882 0.6711 0.2756
vn 0.7557 0.6157 0.2235
vn 0.7582 0.5973 0.2613
vn 0.6953 0.6953 0.1820
vn 0.6590 0.7233 0.2062
vn 0.6896 0.7100 0.1425
vn 0.7508 0.6415 0.1573
vn 0.8731 0.4647 0.1478
vn 0.9422 0.3099 0.1276
vn 0.8764 0.4312 0.2143
vn 0.7567 0.5688 0.3223
vn 0.8706 0.4191 0.2576
vn 0.6716 0.6204 0.4050
vn 0.7583 0.5253 0.3860
vn 0.6819 0.6577 0.3201
vn 0.6834 0.6479 0.3366
vn 0.9423 0.2761 0.1893
vn 0.6841 -0.0984 0.7228
vn 0.7579 -0.0390 0.6512
vn 0.7390 -0.1200 0.6629
vn 0.6834 -0.0273 0.7296
vn 0.6835 -0.0800 0.7255
vn 0.6841 -0.0087 0.7293
vn 0.8753 0.0412 0.4819
vn 0.8710 -0.0444 0.4893
vn 0.9462 0.0054 0.3237
vn 0.8278 -0.1440 0.5422
vn -0.7072 0.7026 -0.0792
vn -0.8485 0.5288 -0.0188
vn -0.8380 0.5319 -0.1214
vn -0.9311 0.3613 -0.0498
vn -0.6312 0.7631 -0.1388
vn -0.7317 0.6568 -0.1822
vn -0.6336 0.7732 -0.0254
vn -0.7073 0.7038 -0.0667
vn -0.7158 0.6974 0.0362
vn -0.9294 0.3684 0.0241
vn -0.9609 0.2769 0.0086
vn 0.8569 0.3900 0.3370
vn 0.7700 0.4657 0.4361
vn 0.6800 0.5516 0.4831
vn 0.7043 0.5704 0.4227
vn 0.6650 0.5693 0.4835
vn 0.9141 0.2788 0.2946
vn 0.7255 -0.1677 0.6675
vn 0.7698 -0.1994 0.6063
vn 0.6858 -0.2520 0.6828
vn 0.7703 -0.2568 0.5837
vn 0.6835 -0.2715 0.6776
vn 0.6638 -0.1990 0.7210
vn 0.6756 0.4461 0.5870
vn 0.7692 0.4138 0.4869
vn 0.7582 0.3629 0.5417
vn 0.6840 0.5096 0.5220
vn 0.6834 0.4965 0.5352
vn -0.8067 0.5451 -0.2282
vn -0.8377 0.4807 -0.2591
vn -0.7556 0.5737 -0.3160
vn -0.4553 0.7197 -0.5241
vn -0.7501 0.5408 -0.3807
vn -0.6766 0.6600 -0.3266
vn -0.6754 0.6556 -0.3376
vn -0.7207 0.6400 -0.2664
vn -0.9228 0.3610 -0.1348
vn -0.9623 0.2281 -0.1480
vn -0.9322 0.2995 -0.2033
vn 0.7674 -0.3198 0.5557
vn 0.9070 -0.1932 0.3743
vn 0.8539 -0.2786 0.4396
vn 0.6841 -0.3980 0.6113
vn 0.7625 -0.3772 0.5256
vn 0.6840 -0.3363 0.6474
vn 0.6834 -0.3199 0.6562
vn 0.7614 0.2667 0.5909
vn 0.8756 0.2416 0.4183
vn 0.8797 0.1788 0.4406
vn 0.7602 0.3141 0.5687
vn 0.6838 0.3372 0.6471
vn 0.6834 0.3199 0.6563
vn 0.6733 0.3888 0.6289
vn 0.6964 0.3913 0.6016
vn 0.9540 0.1721 0.2454
vn 0.9551 0.1323 0.2650
vn 0.8676 -0.3294 0.3726
vn 0.7625 -0.4317 0.4819
vn 0.6835 -0.5143 0.5180
vn 0.7644 -0.4681 0.4433
vn 0.6815 -0.4448 0.5812
vn 0.6731 -0.4603 0.5788
vn 0.8807 -0.3535 0.3153
vn 0.9303 -0.2339 0.2825
vn 0.9546 -0.2158 0.2054
vn 0.6755 0.2566 0.6912
vn 0.7557 0.1939 0.6256
vn 0.7043 0.2005 0.6810
vn 0.9550 0.0972 0.2801
vn 0.8899 0.1090 0.4430
vn 0.9549 0.0622 0.2903
vn 0.6618 0.1657 0.7311
vn 0.7482 0.0989 0.6561
vn -0.7535 0.4509 -0.4785
vn -0.8508 0.3644 -0.3787
vn -0.7234 0.4203 -0.5478
vn -0.8601 0.2861 -0.4224
vn -0.9228 0.2641 -0.2805
vn -0.9240 0.2067 -0.3217
vn -0.7075 0.4190 -0.5692
vn -0.6337 0.4192 -0.6501
vn -0.6622 0.4919 -0.5652
vn -0.6473 0.4948 -0.5798
vn -0.6743 0.5300 -0.5142
vn 0.7509 -0.5201 0.4069
vn 0.6840 -0.6017 0.4124
vn 0.7638 -0.5484 0.3404
vn 0.6858 -0.5442 0.4832
vn 0.6835 -0.5588 0.4696
vn 0.8715 -0.4019 0.2811
vn 0.9389 -0.3009 0.1670
vn -0.7065 0.2519 0.6613
vn -0.2984 0.3096 0.9028
vn -0.6411 0.2012 0.7406
vn 0.6809 0.0475 0.7308
vn 0.7546 0.0062 0.6561
vn 0.6301 0.1721 0.7572
vn 0.6982 0.1085 0.7076
vn 0.7598 -0.5766 0.3002
vn 0.8706 -0.4410 0.2180
vn 0.6837 -0.6608 0.3098
vn 0.7375 -0.6263 0.2527
vn 0.6980 -0.6603 0.2771
vn 0.6840 -0.6398 0.3505
vn 0.6833 -0.6306 0.3679
vn 0.9529 -0.2818 0.1118
vn 0.8427 -0.5103 0.1718
vn -0.6744 0.4875 0.5545
vn -0.4600 0.5381 0.7063
vn -0.7336 0.4162 0.5372
vn -0.7141 0.2505 -0.6537
vn -0.7498 0.1504 -0.6443
vn -0.4491 0.2261 -0.8644
vn -0.8540 0.2270 -0.4682
vn -0.9255 0.1464 -0.3493
vn -0.9234 0.1052 -0.3692
vn 0.7416 -0.6403 0.2001
vn 0.7256 -0.6692 0.1603
vn 0.6587 -0.7151 0.2340
vn -0.7310 0.6064 0.3129
vn -0.6995 0.6381 0.3217
vn -0.7053 0.5895 0.3939
vn -0.5858 0.7094 0.3920
vn 0.8420 -0.5328 0.0853
vn 0.8761 -0.4807 0.0370
vn 0.7550 -0.6517 0.0723
vn 0.6382 -0.7696 0.0191
vn 0.6579 -0.7529 0.0155
vn 0.5219 -0.8318 0.1892
vn 0.6620 -0.7395 0.1221
vn 0.9422 -0.3351 0.0072
vn 0.7669 -0.6409 -0.0326
vn 0.8643 -0.5022 -0.0272
vn -0.7131 0.7001 0.0358
vn -0.6492 0.7605 -0.0148
vn -0.2966 0.9390 0.1743
vn -0.6375 0.7651 0.0907
vn -0.9246 -0.0325 -0.3796
vn -0.4694 -0.1617 -0.8681
vn -0.7243 -0.0499 -0.6877
vn -0.6756 -0.0250 -0.7369
vn -0.6755 -0.0834 -0.7326
vn -0.4553 0.0359 -0.8896
vn 0.7536 -0.6491 -0.1038
vn 0.8800 -0.4640 -0.1013
vn 0.6804 -0.7265 -0.0957
vn 0.7024 -0.7112 -0.0298
vn 0.6680 -0.7392 -0.0851
vn -0.6762 0.6995 -0.2310
vn -0.7096 0.6840 -0.1691
vn -0.6405 0.7303 -0.2374
vn -0.9611 0.2557 -0.1046
vn 0.6466 -0.7118 -0.2742
vn 0.7401 -0.6424 -0.1990
vn 0.6542 -0.7035 -0.2776
vn 0.6737 -0.7188 -0.1717
vn 0.8888 -0.4238 -0.1746
vn 0.9562 -0.2809 -0.0825
vn 0.9548 -0.2669 -0.1306
vn 0.7646 -0.5791 -0.2830
vn -0.7490 0.5028 -0.4315
vn -0.8114 0.4521 -0.3703
vn -0.4554 0.6815 -0.5728
vn -0.9618 0.1997 -0.1875
vn -0.7152 -0.3431 -0.6089
vn -0.4556 -0.5240 -0.7196
vn -0.4667 -0.3478 -0.8132
vn -0.6755 -0.3376 -0.6555
vn -0.9257 -0.1800 -0.3328
vn -0.9646 -0.0982 -0.2449
vn 0.7762 -0.5332 -0.3364
vn 0.6817 -0.6331 -0.3668
vn 0.6992 -0.6495 -0.2988
vn -0.6604 0.3023 -0.6874
vn -0.7274 0.3309 -0.6012
vn -0.6493 0.4035 -0.6447
vn -0.9603 0.1227 -0.2505
vn -0.9805 -0.0620 -0.1864
vn -0.9908 -0.0605 -0.1209
vn -0.9815 -0.1049 -0.1599
vn -0.9717 -0.1043 -0.2120
vn -0.9901 -0.0981 -0.1002
vn -0.9874 -0.1305 -0.0899
vn -0.9951 -0.0804 -0.0568
vn -0.9823 -0.1333 -0.1316
vn -0.9776 -0.1791 -0.1107
vn -0.9907 -0.1293 -0.0423
vn -0.9971 -0.0703 -0.0286
vn -0.9968 -0.0792 -0.0045
vn -0.9923 -0.1241 -0.0050
vn -0.9810 -0.1894 -0.0419
vn -0.9779 -0.2073 0.0271
vn -0.9857 -0.1686 0.0065
vn -0.9890 -0.1452 0.0282
vn -0.9965 -0.0803 0.0234
vn -0.9778 0.0844 0.1916
vn -0.9821 0.0425 0.1834
vn -0.9846 0.0733 0.1588
vn -0.9636 0.0910 0.2514
vn -0.9777 -0.1981 0.0701
vn -0.9861 -0.1498 0.0725
vn -0.9772 -0.1771 0.1168
vn -0.9626 -0.2326 0.1392
vn -0.9917 -0.1198 0.0456
vn -0.9969 -0.0677 0.0412
vn -0.9918 -0.1053 0.0721
vn -0.9568 0.1963 0.2146
vn -0.9772 0.1208 0.1746
vn -0.9630 0.1361 0.2327
vn -0.9907 0.0701 0.1165
vn -0.9968 0.0506 0.0617
vn -0.9929 0.0838 0.0839
vn -0.9783 0.0140 0.2065
vn -0.9891 -0.0016 0.1471
vn -0.9970 0.0103 0.0764
vn -0.9907 0.0336 0.1320
vn -0.9810 0.1615 0.1074
vn -0.9891 0.1361 0.0559
vn -0.9803 0.1822 0.0767
vn -0.9878 0.1256 0.0924
vn -0.9970 0.0674 0.0384
vn -0.9772 -0.1462 0.1541
vn -0.9853 -0.1041 0.1353
vn -0.9736 -0.1149 0.1973
vn -0.9921 -0.0857 0.0920
vn -0.9919 -0.0651 0.1095
vn -0.9973 -0.0528 0.0510
vn -0.9968 -0.0381 0.0700
vn -0.9789 0.2037 -0.0132
vn -0.9893 0.1439 0.0226
vn -0.9895 0.1444 -0.0023
vn -0.9798 0.1976 0.0307
vn -0.9971 0.0268 0.0709
vn -0.9853 0.1077 0.1326
vn -0.9570 0.2851 -0.0543
vn -0.9774 0.2000 -0.0682
vn -0.9915 0.1288 -0.0185
vn -0.9968 0.0758 -0.0264
vn -0.9913 0.1210 -0.0525
vn -0.9858 0.1633 -0.0392
vn -0.9857 0.1491 -0.0786
vn -0.9813 -0.0741 0.1779
vn -0.9906 -0.0372 0.1319
vn -0.9856 -0.0294 0.1663
vn -0.9614 -0.0639 0.2678
vn -0.9780 -0.0313 0.2061
vn -0.9787 0.1410 -0.1492
vn -0.9893 0.1174 -0.0863
vn -0.9890 0.1034 -0.1053
vn -0.9787 0.1706 -0.1140
vn -0.9968 0.0681 -0.0412
vn -0.9929 0.0738 -0.0934
vn -0.9795 0.0718 -0.1884
vn -0.9887 0.0790 -0.1270
vn -0.9894 0.0503 -0.1366
vn -0.9788 0.1082 -0.1738
vn -0.9614 0.1626 -0.2221
vn -0.9786 0.0266 -0.2042
vn -0.9839 0.0406 -0.1740
vn -0.9830 -0.0062 -0.1833
vn -0.9787 -0.0188 -0.2043
vn -0.9915 0.0111 -0.1297
vn -0.9950 0.0180 -0.0987
vn -0.9973 -0.0061 -0.0725
vn -0.9895 -0.0312 -0.1410
vn -0.9961 -0.0299 -0.0836
vn -0.9819 -0.1752 -0.0714
vn -0.9860 -0.1296 0.1049
vn -0.9629 -0.2003 0.1810
vn -0.9825 0.1791 0.0502
vn -0.9972 -0.0120 0.0737
vn -0.9962 0.0871 -0.0012
vn -0.9973 0.0281 -0.0682
vn -0.9627 -0.0485 -0.2662
vn -0.9266 0.3706 -0.0643
vn -0.8649 0.5009 -0.0331
vn -0.8566 0.5095 -0.0817
vn -0.9022 0.4308 0.0235
vn -0.9265 0.3744 -0.0378
vn -0.9026 -0.1266 -0.4115
vn -0.8642 -0.1135 -0.4902
vn -0.8619 -0.1826 -0.4730
vn 0.8985 0.4111 -0.1540
vn 0.8596 0.4921 -0.1375
vn 0.9042 0.4165 -0.0949
vn 0.9413 0.3064 -0.1414
vn 0.9467 0.3095 -0.0895
vn 0.8518 0.5163 -0.0885
vn 0.4716 0.8645 -0.1738
vn -0.8904 0.4182 -0.1795
vn -0.8475 0.4744 -0.2380
vn -0.8961 0.3898 -0.2121
vn -0.9367 0.2737 -0.2185
vn -0.8900 0.3682 -0.2689
vn -0.8578 0.4356 -0.2728
vn -0.9410 -0.2272 -0.2509
vn -0.8906 -0.2863 -0.3534
vn -0.8886 -0.3393 -0.3086
vn -0.9307 -0.1830 -0.3168
vn -0.9036 -0.2465 -0.3503
vn -0.8594 -0.2717 -0.4331
vn -0.8408 -0.3320 -0.4276
vn 0.8972 0.4377 -0.0583
vn 0.8485 0.5278 -0.0390
vn 0.9473 0.3189 -0.0295
vn 0.8970 0.4419 -0.0101
vn 0.8384 0.5451 -0.0010
vn -0.9058 -0.0624 -0.4192
vn -0.8610 -0.0290 -0.5077
vn -0.8571 -0.0647 -0.5111
vn -0.9245 -0.3209 -0.2056
vn -0.8631 -0.4570 -0.2149
vn -0.9012 -0.3895 -0.1900
vn -0.9421 -0.3096 -0.1289
vn 0.8607 0.5086 0.0241
vn 0.8472 0.5272 0.0653
vn 0.8956 0.4422 0.0492
vn 0.9441 0.3287 0.0244
vn 0.9094 0.4082 0.0795
vn 0.9448 0.3151 0.0903
vn 0.8563 0.5065 0.1011
vn -0.9007 0.3023 -0.3119
vn -0.8624 0.3265 -0.3868
vn -0.8953 0.2615 -0.3607
vn -0.8395 0.3119 -0.4450
vn -0.9415 0.1716 -0.2899
vn -0.8994 0.2210 -0.3771
vn -0.8959 0.3248 -0.3032
vn -0.8467 0.3680 -0.3843
vn -0.9404 -0.3399 0.0066
vn -0.8964 -0.4411 -0.0444
vn -0.9023 -0.4305 0.0239
vn -0.8606 -0.4955 -0.1173
vn -0.8483 -0.5217 -0.0907
vn 0.8606 0.4908 0.1360
vn 0.8990 0.4135 0.1444
vn 0.8414 0.5088 0.1823
vn 0.9430 0.3068 0.1289
vn 0.9049 0.3847 0.1822
vn 0.8544 0.4737 0.2137
vn -0.8636 -0.2269 -0.4503
vn -0.9239 -0.1496 -0.3522
vn -0.8949 -0.4311 0.1155
vn -0.8419 -0.5204 0.1427
vn -0.8602 -0.4779 0.1780
vn -0.9399 -0.3344 0.0684
vn -0.9388 -0.3231 0.1193
vn -0.8898 -0.4500 0.0753
vn 0.8493 0.4592 0.2605
vn 0.8949 0.3878 0.2210
vn 0.9465 0.2716 0.1743
vn 0.8964 0.3623 0.2555
vn 0.8401 0.4509 0.3014
vn -0.9380 0.0732 -0.3388
vn -0.9004 0.1550 -0.4065
vn -0.8825 0.1117 -0.4568
vn -0.8628 0.2083 -0.4607
vn -0.8365 0.1849 -0.5159
vn -0.8620 0.1494 -0.4844
vn -0.4737 0.2141 -0.8543
vn -0.8889 -0.3749 0.2632
vn -0.8412 -0.4183 0.3426
vn -0.8955 -0.3420 0.2847
vn -0.9373 -0.2531 0.2394
vn -0.9005 -0.2974 0.3174
vn -0.9436 -0.2670 0.1958
vn 0.9042 0.3089 0.2950
vn 0.8631 0.3966 0.3127
vn 0.8568 0.3763 0.3525
vn 0.9495 0.2268 0.2169
vn -0.8624 -0.2786 0.4227
vn -0.8374 -0.2598 0.4810
vn -0.8630 -0.2217 0.4539
vn -0.9346 -0.1446 0.3249
vn -0.9000 -0.2221 0.3751
vn -0.8836 -0.1813 0.4317
vn -0.4759 -0.3369 0.8124
vn 0.8643 0.3304 0.3793
vn 0.8994 0.2657 0.3471
vn 0.8416 0.3216 0.4339
vn 0.9456 0.1834 0.2686
vn -0.9048 -0.0428 0.4236
vn -0.8648 -0.0730 0.4968
vn -0.8634 -0.0171 0.5041
vn -0.9369 -0.0174 0.3493
vn -0.8919 0.0218 0.4518
vn -0.9368 -0.0563 0.3453
vn -0.8997 -0.1111 0.4222
vn 0.9458 0.1322 0.2968
vn 0.9118 0.2025 0.3572
vn 0.9052 0.1561 0.3953
vn 0.8601 0.2719 0.4315
vn 0.8595 0.1965 0.4719
vn 0.8613 0.2294 0.4533
vn 0.6846 0.2791 0.6734
vn -0.8885 0.1201 0.4430
vn -0.8368 0.1579 0.5242
vn -0.8624 0.1685 0.4773
vn -0.9414 0.1175 0.3162
vn -0.9007 0.1662 0.4013
vn -0.8647 0.2138 0.4546
vn -0.4719 0.3372 0.8146
vn 0.8628 0.1586 0.4800
vn 0.8958 0.1063 0.4315
vn 0.8397 0.1199 0.5297
vn 0.9471 0.0513 0.3168
vn 0.9058 0.0567 0.4199
vn 0.9445 0.0901 0.3159
vn -0.8946 0.2681 0.3574
vn -0.8416 0.3318 0.4261
vn -0.8613 0.3442 0.3738
vn -0.9418 0.2429 0.2326
vn -0.9065 0.2875 0.3093
vn -0.8620 0.2704 0.4288
vn 0.8583 0.0751 0.5075
vn 0.8612 0.0369 0.5069
vn 0.9472 -0.0074 0.3204
vn 0.9083 0.0161 0.4180
vn 0.8621 -0.0072 0.5067
vn -0.9022 0.3904 0.1834
vn -0.8654 0.4387 0.2421
vn -0.8641 0.4652 0.1923
vn -0.8897 0.3798 0.2533
vn -0.9387 0.3063 0.1580
vn -0.8372 0.4614 0.2935
vn -0.8262 0.5089 0.2417
vn 0.8503 -0.0386 0.5249
vn 0.8641 -0.0703 0.4983
vn 0.9389 -0.0612 0.3387
vn 0.9090 -0.0404 0.4149
vn 0.9061 -0.1021 0.4105
vn 0.8562 -0.1098 0.5048
vn -0.8992 0.4283 0.0893
vn -0.8609 0.5052 0.0606
vn -0.9361 0.3464 0.0603
vn -0.9446 0.3283 0.0057
vn -0.8531 0.5217 0.0090
vn 0.9457 -0.0964 0.3105
vn 0.9080 -0.1653 0.3849
vn 0.8650 -0.1587 0.4761
vn 0.6866 -0.2773 0.6721
vn 0.8652 -0.2166 0.4523
vn -0.9386 0.3246 -0.1172
vn -0.8961 0.4291 -0.1132
vn -0.8392 0.5275 -0.1326
vn -0.8620 0.4826 -0.1550
vn -0.8397 0.5062 -0.1966
vn 0.9066 -0.2390 0.3478
vn 0.8657 -0.2612 0.4269
vn 0.9437 -0.1550 0.2923
vn -0.9372 0.2299 -0.2622
vn -0.8399 0.4365 -0.3225
vn -0.8483 0.4011 -0.3456
vn 0.8958 -0.3007 0.3273
vn 0.8393 -0.3469 0.4185
vn 0.8451 -0.3687 0.3871
vn 0.9448 -0.2366 0.2265
vn -0.9412 0.1238 -0.3143
vn -0.8585 0.2500 -0.4478
vn -0.6847 0.3122 -0.6586
vn 0.8856 -0.3486 0.3070
vn 0.4760 -0.6514 0.5908
vn 0.9254 -0.3106 0.2171
vn 0.8614 -0.4010 0.3118
vn 0.8600 -0.4237 0.2843
vn -0.9301 -0.2909 -0.2242
vn -0.8615 -0.4153 -0.2921
vn -0.8590 -0.3529 -0.3710
vn -0.8387 -0.4143 -0.3534
vn 0.8966 -0.3849 0.2192
vn 0.8600 -0.4653 0.2094
vn 0.9097 -0.3811 0.1651
vn 0.9483 -0.2797 0.1503
vn 0.8482 -0.4616 0.2597
vn -0.9030 -0.4196 -0.0925
vn -0.8670 -0.4705 -0.1645
vn -0.9271 -0.3571 -0.1142
vn 0.8920 -0.4328 0.1305
vn 0.8491 -0.5010 0.1676
vn 0.8417 -0.5264 0.1204
vn 0.9463 -0.3066 0.1028
vn 0.9057 -0.4146 0.0881
vn -0.9048 0.0024 -0.4258
vn -0.8871 0.0517 -0.4587
vn -0.8515 0.0108 -0.5243
vn -0.9389 0.0311 -0.3427
vn -0.8554 0.0909 -0.5099
vn -0.8293 0.0554 -0.5561
vn 0.8617 -0.5010 0.0804
vn 0.8481 -0.5282 0.0403
vn 0.9009 -0.4330 0.0318
vn 0.9455 -0.3255 -0.0061
vn 0.9009 -0.4339 -0.0116
vn 0.8571 -0.5152 0.0006
vn -0.8605 -0.5083 0.0353
vn -0.8464 -0.5244 0.0930
vn 0.9306 -0.3624 -0.0521
vn 0.8634 -0.5028 -0.0407
vn 0.8621 -0.5003 -0.0808
vn -0.9279 -0.3291 0.1754
vn -0.8642 -0.4522 0.2204
vn -0.8548 -0.4516 0.2557
vn -0.9039 -0.3947 0.1649
vn -0.8462 -0.4363 0.3061
vn 0.8587 -0.4970 -0.1248
vn 0.8483 -0.5024 -0.1670
vn 0.8984 -0.4152 -0.1429
vn 0.9467 -0.2868 -0.1466
vn 0.9026 -0.3849 -0.1926
vn 0.9076 -0.4098 -0.0913
vn 0.9445 -0.3133 -0.0990
vn 0.8576 -0.4725 -0.2031
vn -0.9248 -0.2355 0.2988
vn -0.8592 -0.3343 0.3874
vn -0.8411 -0.3234 0.4335
vn -0.9443 -0.1700 0.2817
vn 0.8636 -0.4342 -0.2561
vn 0.8368 -0.4823 -0.2590
vn 0.9391 -0.2773 -0.2031
vn 0.8873 -0.3835 -0.2562
vn 0.6778 -0.6114 -0.4085
vn 0.8957 0.0703 -0.4390
vn 0.8649 0.0329 -0.5008
vn 0.8474 0.0932 -0.5228
vn 0.9417 0.0722 -0.3285
vn 0.9078 0.0072 -0.4194
vn -0.8623 -0.1676 0.4778
vn -0.8540 -0.1075 0.5090
vn -0.9438 -0.1038 0.3138
vn 0.8612 -0.4045 -0.3078
vn 0.8979 -0.3305 -0.2908
vn 0.9475 -0.2316 -0.2206
vn 0.8944 -0.3094 -0.3229
vn 0.8421 -0.4069 -0.3538
vn 0.8483 -0.3650 -0.3837
vn 0.9427 0.1382 -0.3038
vn 0.9121 0.1135 -0.3940
vn 0.9040 0.1556 -0.3982
vn 0.8655 0.1409 -0.4808
vn 0.4725 0.2145 -0.8548
vn 0.8615 0.2044 -0.4648
vn -0.9427 0.0238 0.3327
vn -0.8451 0.0131 0.5345
vn 0.8961 -0.2757 -0.3478
vn 0.8417 -0.3332 -0.4248
vn 0.9454 -0.1690 -0.2786
vn 0.9050 -0.2206 -0.3637
vn 0.9447 -0.2050 -0.2558
vn 0.8983 0.2143 -0.3835
vn 0.8485 0.2632 -0.4592
vn 0.9449 0.1832 -0.2714
vn 0.8973 0.2535 -0.3614
vn 0.8400 0.3103 -0.4451
vn -0.9283 0.1845 0.3228
vn -0.9430 0.1936 0.2708
vn 0.8664 -0.1806 -0.4656
vn 0.8654 -0.2285 -0.4460
vn 0.4746 -0.3406 -0.8116
vn 0.9294 -0.1510 -0.3366
vn 0.9048 0.3007 -0.3014
vn 0.8659 0.3161 -0.3876
vn 0.8575 0.3540 -0.3733
vn 0.9476 0.2156 -0.2356
vn -0.9066 0.3280 0.2653
vn -0.8618 0.3784 0.3377
vn -0.9415 0.2815 0.1855
vn -0.8495 0.4172 0.3229
vn 0.9458 -0.0943 -0.3108
vn 0.9070 -0.1074 -0.4071
vn 0.8571 -0.1397 -0.4958
vn 0.8596 -0.0998 -0.5011
vn 0.9419 0.2586 -0.2143
vn 0.9062 0.3419 -0.2487
vn 0.8660 0.3799 -0.3250
vn 0.8515 0.4279 -0.3031
vn -0.9265 0.3571 0.1186
vn 0.8953 -0.0540 -0.4421
vn 0.8631 -0.0263 -0.5043
vn 0.9437 -0.0391 -0.3285
vn 0.8475 -0.0660 -0.5267
vn 0.8364 0.0010 -0.5481
vn 0.9106 0.3631 -0.1974
vn 0.8641 0.4330 -0.2567
vn 0.8619 0.4572 -0.2191
vn 0.9580 0.2427 -0.1529
vn 0.4712 0.6558 0.5898
vn 0.2408 0.6866 0.6861
vn 0.6837 0.5154 0.5166
vn 0.4694 0.3788 0.7976
vn 0.2411 0.3713 0.8967
vn 0.4704 -0.2955 0.8315
vn 0.2412 -0.3720 0.8964
vn -0.4690 0.8452 -0.2565
vn -0.2425 0.9137 -0.3262
vn -0.6239 0.7291 -0.2813
vn -0.2361 0.8976 -0.3721
vn 0.6756 -0.4097 0.6130
vn 0.4674 -0.4534 0.7590
vn 0.2307 -0.5407 0.8090
vn -0.4686 0.4186 -0.7779
vn -0.2429 0.4154 -0.8766
vn 0.4674 -0.7583 -0.4544
vn 0.2294 -0.8097 -0.5402
vn 0.6780 -0.2469 -0.6923
vn 0.2315 -0.3272 -0.9161
vn 0.6736 0.6148 -0.4103
vn 0.4615 0.7108 -0.5308
vn 0.2300 0.8083 -0.5420
vn -0.4668 0.0420 -0.8834
vn -0.4469 0.0883 -0.8902
vn 0.2577 0.0545 -0.9647
vn 0.6176 0.1136 -0.7783
vn 0.3700 0.0896 -0.9247
vn -0.4620 -0.0007 -0.8869
vn 0.4318 -0.0071 -0.9020
vn -0.4673 0.1311 -0.8743
vn -0.4683 0.1726 -0.8665
vn -0.4109 0.3905 -0.8238
vn 0.6554 0.3561 -0.6661
vn 0.4983 0.3652 -0.7864
vn -0.7211 0.3299 -0.6093
vn 0.4215 0.4668 -0.7774
vn -0.7209 0.2639 -0.6408
vn 0.4549 0.3455 -0.8208
vn -0.7225 0.3524 -0.5948
vn -0.5272 0.4765 -0.7036
vn -0.5163 0.5063 -0.6907
vn 0.4582 0.5592 -0.6909
vn 0.5192 0.5128 -0.6837
vn -0.7222 0.4401 -0.5337
vn -0.4071 0.6135 -0.6766
vn 0.3438 0.5250 -0.7786
vn -0.7192 0.4897 -0.4929
vn 0.3815 0.6528 -0.6545
vn 0.6636 0.4987 -0.5575
vn -0.4830 0.6503 -0.5863
vn 0.3678 0.7178 -0.5912
vn 0.6619 0.5554 -0.5034
vn -0.3772 0.7118 -0.5925
vn 0.6618 0.6021 -0.4467
vn -0.4324 0.7233 -0.5383
vn -0.7161 0.5817 -0.3859
vn 0.3791 0.7687 -0.5152
vn -0.5148 0.7383 -0.4358
vn 0.4337 0.7949 -0.4243
vn 0.6694 0.6360 -0.3839
vn -0.5235 0.7492 -0.4058
vn 0.3321 0.8526 -0.4036
vn -0.7232 0.6245 -0.2949
vn 0.4280 0.8342 -0.3477
vn -0.5150 0.8053 -0.2936
vn 0.4913 0.8351 -0.2475
vn 0.6654 0.7027 -0.2518
vn -0.7243 0.6593 -0.2015
vn -0.3969 0.8903 -0.2232
vn -0.5252 0.7879 -0.3215
vn 0.6666 0.7304 -0.1490
vn 0.4837 0.8474 -0.2189
vn -0.7254 0.6806 -0.1030
vn -0.5233 0.8486 -0.0775
vn 0.3659 0.9202 -0.1390
vn 0.6678 0.7434 -0.0367
vn 0.6598 0.7480 -0.0724
vn -0.7202 0.6809 -0.1331
vn -0.5168 0.8548 -0.0481
vn 0.3534 0.9355 0.0009
vn -0.4150 0.9087 0.0449
vn 0.3722 0.9236 0.0922
vn 0.6607 0.7496 0.0380
vn -0.7206 0.6897 0.0712
vn 0.6636 0.7401 0.1087
vn -0.7272 0.6864 0.0002
vn -0.7240 0.6824 0.1004
vn -0.5073 0.8443 0.1729
vn 0.4955 0.8438 0.2059
vn -0.7183 0.6653 0.2035
vn 0.6658 0.7143 0.2156
vn 0.6587 0.7083 0.2536
vn 0.4776 0.8605 0.1774
vn -0.5248 0.8269 0.2021
vn -0.3824 0.8702 0.3106
vn 0.4724 0.8118 0.3434
vn -0.4175 0.8214 0.3885
vn 0.6590 0.6636 0.3541
vn 0.4903 0.7907 0.3666
vn -0.7198 0.6112 0.3292
vn 0.3552 0.8027 0.4790
vn -0.7244 0.6371 0.2635
vn -0.7253 0.5908 0.3534
vn -0.3835 0.7678 0.5133
vn -0.5294 0.6527 0.5419
vn 0.4599 0.6545 0.6001
vn 0.6612 0.5809 0.4747
vn 0.3879 0.7407 0.5485
vn 0.6734 0.6158 0.4092
vn -0.7198 0.5582 0.4127
vn -0.5057 0.6423 0.5760
vn 0.4929 0.6197 0.6107
vn -0.5235 0.5683 0.6348
vn 0.3623 0.5926 0.7194
vn 0.6685 0.5019 0.5488
vn -0.5245 0.5438 0.6551
vn 0.6639 0.4447 0.6012
vn -0.7298 0.4836 0.4832
vn -0.7189 0.4134 0.5589
vn 0.3588 0.5199 0.7752
vn -0.7275 0.3539 0.5878
vn -0.5219 0.3981 0.7544
vn 0.6588 0.3849 0.6465
vn 0.4796 0.3804 0.7908
vn 0.4963 0.4051 0.7678
vn -0.4006 0.5092 0.7618
vn -0.5211 0.3694 0.7694
vn -0.7200 0.2636 0.6420
vn -0.7233 0.2334 0.6499
vn 0.6481 0.2227 0.7282
vn 0.3615 0.3135 0.8781
vn -0.5279 0.2425 0.8139
vn 0.4900 0.2061 0.8470
vn 0.6701 0.2818 0.6867
vn -0.5156 0.2129 0.8300
vn 0.4597 0.1790 0.8698
vn -0.4091 0.1335 0.9027
vn 0.4952 0.0793 0.8652
vn 0.6622 0.1088 0.7414
vn -0.7212 0.0669 0.6895
vn 0.4725 0.0501 0.8799
vn -0.7251 0.1330 0.6756
vn -0.4141 0.0443 0.9092
vn 0.6608 -0.0004 0.7505
vn -0.5168 -0.0469 0.8548
vn -0.5270 -0.0785 0.8462
vn 0.3719 -0.0443 0.9272
vn 0.3638 -0.1349 0.9216
vn 0.6614 -0.0696 0.7468
vn -0.7236 -0.0029 0.6902
vn -0.7199 -0.1019 0.6866
vn -0.3869 -0.1808 0.9042
vn -0.7232 -0.1696 0.6695
vn 0.5005 -0.2569 0.8268
vn 0.6569 -0.1865 0.7306
vn -0.4175 -0.2633 0.8697
vn 0.4995 -0.2861 0.8177
vn 0.6578 -0.1446 0.7392
vn -0.7223 -0.2328 0.6512
vn -0.3924 -0.3516 0.8499
vn -0.7239 -0.2946 0.6238
vn 0.4741 -0.4089 0.7797
vn 0.5259 -0.3678 0.7669
vn -0.4100 -0.4307 0.8040
vn 0.6606 -0.3861 0.6439
vn 0.3192 -0.3697 0.8726
vn -0.7214 -0.3574 0.5932
vn 0.3534 -0.5186 0.7786
vn -0.5275 -0.5022 0.6852
vn 0.4927 -0.5564 0.6691
vn 0.6743 -0.4387 0.5940
vn -0.7232 -0.4393 0.5330
vn 0.4744 -0.5858 0.6571
vn -0.4960 -0.4859 0.7196
vn -0.5276 -0.6259 0.5744
vn 0.4921 -0.6768 0.5475
vn 0.6668 -0.5511 0.5016
vn -0.7233 -0.5346 0.4371
vn 0.4676 -0.7058 0.5322
vn -0.5178 -0.6094 0.6004
vn 0.6643 -0.5293 0.5277
vn -0.7208 -0.5559 0.4140
vn -0.5049 -0.7206 0.4751
vn -0.5305 -0.7248 0.4396
vn 0.3253 -0.8306 0.4519
vn 0.4468 -0.7679 0.4590
vn -0.7253 -0.6078 0.3233
vn 0.3860 -0.8337 0.3949
vn 0.6710 -0.6156 0.4133
vn -0.7184 -0.6287 0.2977
vn 0.6640 -0.6904 0.2870
vn -0.7213 -0.6529 0.2309
vn 0.4683 -0.8435 0.2630
vn 0.4918 -0.8220 0.2872
vn -0.4157 -0.8705 0.2636
vn 0.6638 -0.7248 0.1844
vn -0.3999 -0.8467 0.3511
vn -0.7257 -0.6670 0.1686
vn 0.3489 -0.9188 0.1844
vn -0.5194 -0.8445 0.1304
vn 0.3859 -0.9180 0.0914
vn 0.6690 -0.7352 0.1092
vn -0.7182 -0.6928 0.0659
vn 0.6596 -0.7506 0.0393
vn -0.5235 -0.8512 0.0368
vn -0.5226 -0.8372 0.1613
vn -0.7230 -0.6901 -0.0323
vn -0.4124 -0.9066 -0.0896
vn 0.3619 -0.9310 -0.0468
vn 0.4983 -0.8567 -0.1333
vn 0.6613 -0.7461 -0.0772
vn -0.5000 -0.8660 0.0054
vn 0.6620 -0.7495 -0.0001
vn -0.7217 -0.6845 -0.1031
vn -0.3868 -0.9044 -0.1802
vn -0.7232 -0.6702 -0.1667
vn -0.4129 -0.8715 -0.2646
vn 0.3341 -0.9123 -0.2367
vn 0.4736 -0.8312 -0.2913
vn 0.5294 -0.8107 -0.2501
vn 0.4849 -0.8589 -0.1646
vn -0.7187 -0.6536 -0.2370
vn 0.6635 -0.6911 -0.2865
vn -0.5064 -0.7774 -0.3731
vn 0.6628 -0.6626 -0.3489
vn 0.3615 -0.8435 -0.3973
vn -0.5298 -0.7503 -0.3953
vn 0.3659 -0.7990 -0.4772
vn -0.7072 -0.6532 -0.2707
vn -0.7243 -0.5894 -0.3578
vn 0.6642 -0.6228 -0.4134
vn -0.5257 -0.6865 -0.5024
vn 0.3585 -0.7204 -0.5938
vn 0.6616 -0.6016 -0.4477
vn -0.7179 -0.5372 -0.4427
vn 0.6663 -0.5539 -0.4993
vn -0.5011 -0.7168 -0.4850
vn -0.4075 -0.6771 -0.6127
vn 0.4793 -0.6155 -0.6257
vn -0.5249 -0.5683 -0.6337
vn -0.5137 -0.5481 -0.6600
vn 0.4876 -0.5914 -0.6423
vn 0.3613 -0.5563 -0.7483
vn 0.6686 -0.4735 -0.5734
vn -0.7181 -0.4913 -0.4929
vn -0.7275 -0.4075 -0.5519
vn 0.6596 -0.4183 -0.6244
vn -0.5276 -0.4407 -0.7263
vn -0.7196 -0.3262 -0.6130
vn 0.4446 -0.4584 -0.7695
vn 0.3953 -0.3934 -0.8301
vn 0.3306 -0.4518 -0.8286
vn -0.4968 -0.4788 -0.7239
vn -0.4984 -0.3661 -0.7859
vn -0.5759 -0.3147 -0.7545
vn -0.4151 -0.3141 -0.8538
vn -0.4096 -0.2572 -0.8753
vn 0.3644 -0.3127 -0.8772
vn 0.3801 -0.2237 -0.8975
vn 0.6653 -0.2152 -0.7149
vn 0.6670 -0.2849 -0.6885
vn -0.4959 -0.2136 -0.8417
vn -0.7195 -0.1337 -0.6816
vn -0.3945 -0.1342 -0.9090
vn 0.5274 -0.0875 -0.8451
vn 0.4864 -0.1225 -0.8651
vn -0.7218 -0.0690 -0.6886
vn -0.5254 -0.0364 -0.8501
vn 0.6633 -0.1419 -0.7348
vn 0.4727 0.0059 -0.8812
vn 0.3442 -0.0547 -0.9373
vn 0.6225 0.3691 -0.6901
vn 0.4429 0.3764 -0.8137
vn -0.4682 0.4544 -0.7578
vn -0.4684 0.3371 -0.8167
vn 0.4180 0.3533 -0.8369
vn 0.4202 0.5106 -0.7501
vn 0.3502 0.4809 -0.8038
vn -1.0000 0.0014 -0.0009
vn -0.9944 0.0980 0.0402
vn -0.9937 0.1113 0.0099
vn -0.9744 0.2125 0.0731
vn -0.9734 0.2264 0.0357
vn -1.0000 0.0021 0.0028
vn -0.9943 0.0834 0.0666
vn -1.0000 0.0055 0.0045
vn -0.9711 0.1555 0.1810
vn -0.9696 0.1925 0.1513
vn -0.9999 0.0069 0.0127
vn -0.9936 0.0390 0.1062
vn -0.9938 0.0631 0.0913
vn -0.9968 -0.0484 -0.0637
vn -0.9752 0.0993 0.1977
vn -0.9752 -0.0041 0.2211
vn -0.9751 0.0334 0.2193
vn -0.9394 0.0751 0.3346
vn -1.0000 0.0020 0.0072
vn -0.9937 0.0069 0.1119
vn -0.9999 -0.0071 0.0150
vn -0.9930 -0.0374 0.1120
vn -0.9942 -0.0141 0.1063
vn -0.9740 -0.0971 0.2045
vn -0.9736 -0.0513 0.2224
vn -0.9950 -0.0683 0.0726
vn -0.9939 -0.0583 0.0933
vn -0.9999 -0.0122 0.0095
vn -0.9745 -0.1640 0.1529
vn -0.9748 -0.1335 0.1786
vn -0.9946 -0.0959 0.0394
vn -0.9728 -0.1990 0.1188
vn -0.9948 -0.0844 0.0566
vn -1.0000 -0.0078 0.0028
vn -0.9731 -0.2197 0.0695
vn -0.9950 -0.0999 -0.0037
vn -0.9948 -0.1007 0.0145
vn -0.9725 -0.2308 0.0311
vn -1.0000 -0.0058 -0.0016
vn -0.9701 -0.2423 -0.0145
vn -1.0000 -0.0005 -0.0030
vn -0.9941 0.0197 -0.1065
vn -0.9945 -0.0061 -0.1048
vn -0.9764 0.0205 -0.2150
vn -0.9734 -0.0163 -0.2286
vn -0.9345 -0.0254 -0.3551
vn -0.9964 0.0821 0.0211
vn -1.0000 -0.0076 -0.0034
vn -0.9942 -0.1023 -0.0341
vn -0.9715 -0.2094 -0.1110
vn -0.9723 -0.2272 -0.0556
vn -0.9433 -0.3279 -0.0512
vn -0.9934 -0.0794 -0.0826
vn -0.9939 -0.0918 -0.0616
vn -1.0000 0.0006 -0.0013
vn -0.9732 -0.1729 -0.1514
vn -1.0000 0.0026 -0.0012
vn -0.9948 0.0552 -0.0851
vn -0.9946 0.0353 -0.0976
vn -1.0000 0.0031 -0.0037
vn -0.9734 0.1251 -0.1918
vn -0.9732 0.0978 -0.2081
vn -0.9940 0.0932 -0.0565
vn -0.9743 0.1813 -0.1337
vn -0.9930 0.0853 -0.0812
vn -1.0000 0.0038 -0.0026
vn -0.9765 0.1395 -0.1643
vn -0.9946 0.0978 -0.0354
vn -0.9725 0.2254 -0.0581
vn -0.9729 0.2096 -0.0974
vn -0.9936 0.1114 -0.0168
vn -1.0000 0.0028 -0.0016
vn -0.9754 0.2202 -0.0134
vn -0.9766 0.1884 0.1042
vn -0.9722 0.0659 0.2248
vn -0.9748 0.0584 -0.2152
vn -0.9942 -0.0561 -0.0914
vn -0.9741 -0.0926 -0.2062
vn -0.9706 -0.1420 -0.1944
vn -0.9939 -0.0355 -0.1048
vn -1.0000 -0.0014 -0.0032
vn -0.9768 -0.0495 -0.2084
vn -0.9372 -0.0812 -0.3393
vn -0.9999 -0.0044 -0.0099
vn -0.9447 0.2840 -0.1639
vn -0.5191 0.2137 -0.8276
vn 0.5302 0.2416 -0.8127
vn 0.4994 0.2147 -0.8394
vn -0.5297 0.2419 -0.8130
vn 0.7209 0.2295 -0.6540
vn -0.2616 0.1931 -0.9457
vn 0.7228 0.1355 -0.6777
vn -0.3232 0.3109 -0.8938
vn 0.4906 0.3375 -0.8034
vn -0.6455 0.1798 -0.7423
vn 0.4683 0.2545 -0.8461
vn -0.3129 0.2737 -0.9095
vn 0.4578 0.3000 -0.8369
vn -0.2867 0.1861 -0.9398
vn 0.4658 0.1728 -0.8678
vn -0.6311 0.2641 -0.7294
vn 0.4661 0.3372 -0.8179
vn -0.7215 0.1706 -0.6711
vn 0.5024 0.2455 -0.8291
vn 0.4664 0.2202 -0.8567
vn -0.5251 0.2526 -0.8127
vn 0.6675 0.2499 -0.7014
vn -0.3818 0.1802 -0.9065
vn 0.6709 0.1439 -0.7274
vn -0.5094 0.2845 -0.8121
vn 0.3909 0.2673 -0.8808
vn 0.6478 0.1779 -0.7408
vn -0.4689 0.2552 -0.8456
vn 0.2563 0.3181 -0.9128
vn 0.2895 0.1857 -0.9390
vn -0.4579 0.3000 -0.8369
vn 0.2778 0.1137 -0.9539
vn -0.2279 0.1693 -0.9588
vn -0.2345 0.0774 -0.9690
vn 0.6194 0.0298 -0.7845
vn 0.4164 0.0354 -0.9085
vn 0.2357 -0.0285 -0.9714
vn 0.6752 0.1416 -0.7239
vn -0.6075 0.1149 -0.7859
vn -0.7506 0.0554 -0.6585
vn -0.6991 0.0006 -0.7150
vn -0.1759 -0.0243 -0.9841
vn -0.3046 -0.1372 -0.9426
vn 0.4672 -0.0849 -0.8801
vn 0.4684 -0.1319 -0.8736
vn -0.6252 -0.0748 -0.7768
vn -0.4354 -0.0362 -0.8995
vn -0.6236 -0.1531 -0.7666
vn 0.4692 -0.1723 -0.8661
vn 0.4576 -0.0007 -0.8892
vn 0.4692 -0.0452 -0.8820
vn -0.3643 -0.1347 -0.9215
vn 0.5228 -0.0888 -0.8478
vn 0.5167 -0.1207 -0.8476
vn -0.6677 -0.0729 -0.7409
vn -0.4943 -0.0361 -0.8685
vn -0.6588 -0.1457 -0.7380
vn 0.7203 -0.1343 -0.6806
vn 0.3878 -0.0004 -0.9217
vn 0.7207 -0.0346 -0.6924
vn -0.3722 -0.1348 -0.9183
vn 0.5022 -0.0902 -0.8600
vn 0.4900 -0.1225 -0.8631
vn -0.6841 -0.0732 -0.7257
vn -0.4331 -0.0416 -0.9004
vn -0.6950 -0.1407 -0.7051
vn 0.6967 -0.1398 -0.7036
vn 0.6104 0.0022 -0.7921
vn 0.6818 -0.0357 -0.7307
vn -0.4702 -0.1290 -0.8731
vn 0.6263 -0.0756 -0.7759
vn 0.2970 -0.1381 -0.9448
vn -0.4691 -0.0858 -0.8790
vn 0.4382 -0.0364 -0.8981
vn -0.4703 -0.1706 -0.8659
vn 0.6294 -0.1466 -0.7631
vn -0.4699 -0.0433 -0.8817
vn -0.6322 -0.2629 -0.7288
vn -0.6207 -0.2251 -0.7510
vn 0.4685 -0.2138 -0.8572
vn 0.4697 -0.2553 -0.8451
vn -0.4413 -0.3504 -0.8261
vn -0.3148 -0.2283 -0.9213
vn -0.6600 -0.2546 -0.7068
vn -0.6639 -0.2156 -0.7160
vn 0.3993 -0.3082 -0.8635
vn 0.4117 -0.2217 -0.8839
vn 0.7118 -0.2043 -0.6720
vn -0.4935 -0.3380 -0.8014
vn 0.7210 -0.2662 -0.6398
vn -0.3744 -0.2238 -0.8999
vn -0.4908 -0.2876 -0.8224
vn 0.6697 -0.2161 -0.7105
vn 0.4062 -0.3064 -0.8609
vn -0.5304 -0.2502 -0.8100
vn 0.4046 -0.2225 -0.8870
vn -0.6914 -0.2772 -0.6672
vn 0.6824 -0.2793 -0.6755
vn -0.6586 -0.1856 -0.7292
vn -0.4665 -0.2976 -0.8330
vn 0.6259 -0.2237 -0.7471
vn 0.3055 -0.3182 -0.8974
vn -0.4568 -0.2584 -0.8512
vn 0.3228 -0.2285 -0.9185
vn -0.4716 -0.3386 -0.8142
vn 0.6280 -0.2949 -0.7201
vn -0.4688 -0.2129 -0.8572
vn -0.4783 -0.4563 -0.7504
vn -0.2535 -0.4617 -0.8500
vn 0.4709 -0.4518 -0.7577
vn 0.4716 -0.3764 -0.7974
vn 0.4718 -0.4177 -0.7765
vn -0.4294 -0.4958 -0.7549
vn 0.4679 -0.4912 -0.7347
vn -0.4342 -0.3784 -0.8175
vn -0.3826 -0.4757 -0.7920
vn -0.6638 -0.3489 -0.6615
vn 0.4076 -0.4695 -0.7832
vn 0.3892 -0.3944 -0.8324
vn 0.7234 -0.3236 -0.6099
vn -0.6735 -0.4144 -0.6122
vn 0.7142 -0.3903 -0.5811
vn -0.4673 -0.3727 -0.8017
vn -0.6833 -0.3745 -0.6268
vn -0.5017 -0.4027 -0.7656
vn 0.4116 -0.4669 -0.7826
vn 0.3808 -0.3948 -0.8361
vn 0.6779 -0.3458 -0.6488
vn -0.3793 -0.5142 -0.7692
vn 0.6792 -0.4093 -0.6092
vn -0.4833 -0.3786 -0.7894
vn -0.4705 -0.4520 -0.7578
vn -0.4701 -0.4172 -0.7778
vn 0.3863 -0.4736 -0.7915
vn 0.3417 -0.4013 -0.8498
vn 0.2557 -0.4621 -0.8492
vn -0.4679 -0.4909 -0.7349
vn 0.6250 -0.4366 -0.6472
vn -0.4713 -0.3763 -0.7977
vn -0.4052 -0.6085 -0.6823
vn 0.4595 -0.5642 -0.6859
vn 0.4680 -0.5929 -0.6553
vn -0.4734 -0.5627 -0.6777
vn -0.2512 -0.5817 -0.7736
vn -0.6324 -0.5462 -0.5494
vn 0.4660 -0.6270 -0.6243
vn 0.4608 -0.5286 -0.7129
vn -0.6481 -0.5110 -0.5646
vn -0.4899 -0.5487 -0.6775
vn 0.7238 -0.4615 -0.5130
vn 0.5063 -0.5178 -0.6896
vn 0.5254 -0.5363 -0.6605
vn -0.3647 -0.6570 -0.6598
vn 0.5169 -0.6091 -0.6015
vn -0.4777 -0.5277 -0.7024
vn -0.4915 -0.5805 -0.6492
vn -0.5290 -0.5413 -0.6536
vn 0.4840 -0.5839 -0.6517
vn 0.6582 -0.4516 -0.6023
vn 0.5407 -0.5365 -0.6480
vn -0.6840 -0.5173 -0.5144
vn 0.6952 -0.5088 -0.5079
vn -0.6872 -0.4323 -0.5839
vn -0.4698 -0.5924 -0.6544
vn -0.4587 -0.5641 -0.6866
vn 0.3738 -0.6237 -0.6865
vn 0.3183 -0.5641 -0.7619
vn 0.6258 -0.4920 -0.6053
vn -0.4686 -0.6250 -0.6243
vn 0.2569 -0.6783 -0.6884
vn -0.4608 -0.5280 -0.7134
vn -0.3013 -0.7643 -0.5701
vn 0.4600 -0.6871 -0.5625
vn 0.4707 -0.7078 -0.5267
vn -0.6245 -0.6044 -0.4947
vn 0.4633 -0.6566 -0.5951
vn -0.6378 -0.6385 -0.4308
vn -0.3077 -0.7030 -0.6412
vn -0.4919 -0.7024 -0.5145
vn 0.7158 -0.5407 -0.4419
vn 0.7229 -0.5554 -0.4111
vn -0.6609 -0.5791 -0.4774
vn 0.5116 -0.6332 -0.5807
vn -0.4703 -0.7308 -0.4947
vn 0.4988 -0.7239 -0.4767
vn -0.6751 -0.5446 -0.4977
vn -0.5117 -0.6928 -0.5080
vn 0.3956 -0.7105 -0.5820
vn 0.6937 -0.5792 -0.4280
vn -0.6959 -0.5543 -0.4566
vn -0.3714 -0.6873 -0.6242
vn -0.4820 -0.7257 -0.4910
vn 0.4800 -0.7329 -0.4821
vn 0.6950 -0.5322 -0.4835
vn -0.4673 -0.7102 -0.5265
vn 0.6296 -0.6024 -0.4906
vn 0.3154 -0.7634 -0.5637
vn -0.4574 -0.6880 -0.5634
vn 0.3434 -0.6965 -0.6301
vn -0.4691 -0.7346 -0.4902
vn 0.6422 -0.6362 -0.4276
vn -0.4627 -0.6558 -0.5966
vn -0.6242 -0.7055 -0.3355
vn -0.3182 -0.8364 -0.4463
vn 0.4657 -0.8007 -0.3768
vn 0.4591 -0.7838 -0.4182
vn -0.6326 -0.7168 -0.2933
vn 0.4643 -0.8184 -0.3387
vn -0.6245 -0.6709 -0.3999
vn -0.4649 -0.7979 -0.3838
vn 0.7213 -0.6109 -0.3262
vn 0.3836 -0.8348 -0.3950
vn -0.4978 -0.7676 -0.4037
vn 0.5265 -0.7265 -0.4415
vn -0.6647 -0.6894 -0.2880
vn 0.7204 -0.6415 -0.2635
vn -0.6577 -0.6459 -0.3876
vn -0.6894 -0.6554 -0.3085
vn 0.7008 -0.6305 -0.3337
vn 0.4833 -0.7934 -0.3701
vn -0.3873 -0.8133 -0.4342
vn 0.5111 -0.7344 -0.4466
vn -0.4165 -0.8407 -0.3461
vn 0.5070 -0.7943 -0.3348
vn -0.7009 -0.6111 -0.3678
vn -0.4673 -0.7985 -0.3795
vn 0.6273 -0.6898 -0.3614
vn 0.3014 -0.8632 -0.4051
vn -0.4618 -0.7823 -0.4180
vn -0.4678 -0.7573 -0.4557
vn -0.4434 -0.8278 -0.3439
vn 0.6353 -0.7131 -0.2963
vn 0.3017 -0.8193 -0.4875
vn -0.2590 -0.9350 -0.2422
vn 0.4694 -0.8457 -0.2540
vn 0.4700 -0.8562 -0.2145
vn -0.4654 -0.8453 -0.2623
vn 0.4681 -0.8315 -0.2993
vn -0.4199 -0.8913 -0.1708
vn 0.4725 -0.8643 -0.1724
vn -0.4227 -0.8558 -0.2983
vn -0.3365 -0.9114 -0.2369
vn 0.5245 -0.8135 -0.2514
vn 0.7202 -0.6732 -0.1678
vn -0.5311 -0.8094 -0.2505
vn 0.5116 -0.8109 -0.2843
vn -0.4808 -0.8610 -0.1656
vn 0.4888 -0.8566 -0.1654
vn -0.4890 -0.8231 -0.2889
vn -0.6944 -0.6981 -0.1748
vn -0.4218 -0.8669 -0.2658
vn 0.4313 -0.8758 -0.2166
vn 0.6848 -0.6860 -0.2458
vn 0.6994 -0.6835 -0.2089
vn -0.5483 -0.8202 -0.1634
vn 0.6535 -0.7425 -0.1473
vn -0.6503 -0.7153 -0.2558
vn -0.4680 -0.8575 -0.2136
vn 0.4649 -0.8457 -0.2621
vn 0.2569 -0.9358 -0.2415
vn -0.4592 -0.8501 -0.2580
vn -0.4667 -0.8327 -0.2979
vn -0.4678 -0.8665 -0.1743
vn 0.4238 -0.8897 -0.1700
vn 0.4233 -0.8557 -0.2976
vn -0.3073 -0.9503 -0.0494
vn 0.4695 -0.8786 -0.0876
vn 0.4706 -0.8814 -0.0422
vn -0.6259 -0.7762 -0.0760
vn 0.4692 -0.8738 -0.1277
vn -0.6364 -0.7713 -0.0030
vn 0.4677 -0.8839 0.0007
vn -0.4391 -0.8876 -0.1392
vn -0.3569 -0.9329 -0.0476
vn -0.6694 -0.7390 -0.0763
vn 0.3972 -0.9166 -0.0453
vn 0.5279 -0.8395 -0.1289
vn 0.7188 -0.6921 -0.0666
vn -0.6602 -0.7511 0.0008
vn 0.7278 -0.6858 -0.0005
vn -0.5002 -0.8555 -0.1336
vn -0.5361 -0.8428 -0.0480
vn 0.6998 -0.7111 -0.0684
vn 0.3889 -0.9201 -0.0457
vn -0.5188 -0.8514 -0.0771
vn 0.4325 -0.8916 -0.1344
vn -0.2792 -0.9602 -0.0017
vn 0.6591 -0.7520 -0.0022
vn -0.6978 -0.7085 -0.1055
vn -0.4685 -0.8824 -0.0428
vn -0.4574 -0.8850 -0.0872
vn 0.3043 -0.9513 -0.0488
vn 0.4387 -0.8877 -0.1394
vn 0.6262 -0.7756 -0.0795
vn -0.4680 -0.8837 0.0019
vn 0.6303 -0.7764 -0.0009
vn -0.4662 -0.8750 -0.1304
vn -0.4035 -0.9062 0.1266
vn 0.4700 -0.8782 0.0893
vn 0.4705 -0.8730 0.1284
vn -0.4251 -0.9001 0.0957
vn 0.4665 -0.8836 0.0408
vn -0.6253 -0.7792 0.0421
vn -0.6266 -0.7645 0.1512
vn 0.4585 -0.8717 0.1728
vn -0.4557 -0.8815 0.1238
vn 0.7220 -0.6884 0.0691
vn 0.4034 -0.9052 0.1338
vn -0.4837 -0.8704 0.0922
vn 0.4086 -0.9116 0.0443
vn -0.6777 -0.7343 0.0388
vn -0.6540 -0.7424 0.1452
vn 0.7211 -0.6795 0.1351
vn -0.3578 -0.9239 0.1356
vn 0.3898 -0.9164 0.0909
vn 0.6984 -0.7078 0.1067
vn -0.5501 -0.8316 0.0765
vn 0.6884 -0.7244 0.0368
vn -0.5329 -0.8449 0.0472
vn -0.4715 -0.8649 0.1722
vn 0.3835 -0.9054 0.1822
vn -0.4653 -0.8755 0.1302
vn -0.4454 -0.8911 0.0871
vn 0.4038 -0.9060 0.1272
vn 0.6230 -0.7812 0.0411
vn 0.4364 -0.8947 0.0951
vn -0.4694 -0.8821 0.0402
vn -0.4665 -0.8673 0.1738
vn 0.6246 -0.7668 0.1481
vn -0.3230 -0.8919 0.3164
vn 0.4669 -0.8465 0.2560
vn 0.4682 -0.8312 0.2998
vn -0.3023 -0.9252 0.2293
vn 0.4606 -0.8609 0.2159
vn -0.6251 -0.7477 0.2238
vn -0.6337 -0.7157 0.2936
vn 0.4718 -0.8147 0.3372
vn -0.4984 -0.8178 0.2878
vn 0.5246 -0.8162 0.2422
vn 0.7204 -0.6518 0.2369
vn -0.4751 -0.8403 0.2611
vn 0.5065 -0.8353 0.2136
vn -0.6697 -0.6870 0.2822
vn 0.3861 -0.8526 0.3520
vn -0.6665 -0.7236 0.1797
vn -0.5583 -0.7828 0.2749
vn 0.5325 -0.8087 0.2497
vn 0.4862 -0.8246 0.2892
vn -0.5220 -0.8149 0.2521
vn 0.6798 -0.7111 0.1797
vn -0.3497 -0.8681 0.3523
vn 0.6926 -0.6655 0.2784
vn -0.6841 -0.7071 0.1789
vn -0.4695 -0.8315 0.2968
vn 0.4089 -0.8711 0.2721
vn 0.4708 -0.8324 0.2923
vn -0.4587 -0.8622 0.2148
vn 0.6338 -0.7498 0.1899
vn -0.4604 -0.8492 0.2586
vn -0.4707 -0.8146 0.3389
vn 0.2506 -0.8968 0.3646
vn -0.4285 -0.7786 0.4584
vn 0.4689 -0.7798 0.4148
vn 0.4686 -0.7562 0.4566
vn -0.4122 -0.8002 0.4357
vn 0.4685 -0.7983 0.3784
vn -0.6215 -0.6526 0.4335
vn 0.4686 -0.7343 0.4911
vn -0.6257 -0.7039 0.3362
vn -0.4955 -0.7420 0.4516
vn 0.3959 -0.8103 0.4321
vn 0.7201 -0.5943 0.3581
vn -0.6636 -0.6582 0.3555
vn 0.7233 -0.6244 0.2949
vn -0.4653 -0.7395 0.4864
vn 0.3974 -0.7628 0.5101
vn -0.3589 -0.8431 0.4005
vn -0.5231 -0.7280 0.4431
vn 0.4782 -0.7717 0.4192
vn 0.5101 -0.7401 0.4382
vn -0.6974 -0.6314 0.3390
vn -0.4103 -0.8251 0.3883
vn -0.5222 -0.7116 0.4699
vn 0.6842 -0.6072 0.4040
vn 0.6967 -0.6487 0.3062
vn -0.4686 -0.7576 0.4543
vn 0.6355 -0.6793 0.3669
vn 0.3200 -0.8114 0.4892
vn -0.4613 -0.7829 0.4174
vn -0.4702 -0.7982 0.3765
vn -0.4660 -0.7368 0.4898
vn 0.6273 -0.6441 0.4378
vn 0.3366 -0.8509 0.4033
vn -0.4660 -0.6592 0.5902
vn 0.4701 -0.6816 0.5607
vn -0.4178 -0.6976 0.5820
vn 0.4682 -0.7105 0.5253
vn -0.2590 -0.6886 0.6773
vn 0.4668 -0.6259 0.6247
vn -0.6260 -0.6243 0.4673
vn -0.6716 -0.5501 0.4964
vn 0.5085 -0.6620 0.5507
vn 0.5275 -0.6325 0.5672
vn -0.3812 -0.7160 0.5849
vn 0.7214 -0.5571 0.4113
vn -0.3599 -0.6605 0.6590
vn 0.7231 -0.4868 0.4901
vn -0.6616 -0.6034 0.4452
vn -0.4290 -0.6679 0.6082
vn 0.5304 -0.6584 0.5341
vn 0.6869 -0.5385 0.4880
vn -0.6877 -0.5614 0.4603
vn -0.6686 -0.5998 0.4395
vn -0.6508 -0.5371 0.5366
vn 0.3960 -0.6506 0.6480
vn 0.4781 -0.7024 0.5273
vn -0.4658 -0.6547 0.5953
vn 0.4338 -0.7004 0.5667
vn 0.6230 -0.5828 0.5217
vn -0.4578 -0.6876 0.5636
vn 0.4023 -0.7309 0.5513
vn -0.4675 -0.6246 0.6255
vn 0.6283 -0.5477 0.5525
vn -0.4665 -0.7106 0.5267
vn -0.4387 -0.5295 0.7261
vn 0.4572 -0.5648 0.6869
vn 0.4702 -0.5258 0.7088
vn -0.6219 -0.4960 0.6060
vn 0.4613 -0.5947 0.6585
vn -0.4311 -0.5071 0.7463
vn -0.6694 -0.4412 0.5977
vn 0.5254 -0.5428 0.6553
vn 0.7188 -0.4143 0.5582
vn -0.3827 -0.5868 0.7136
vn 0.4921 -0.5808 0.6485
vn -0.4814 -0.4821 0.7320
vn 0.3817 -0.5139 0.7683
vn -0.4764 -0.5223 0.7073
vn 0.3843 -0.5858 0.7136
vn 0.7023 -0.4235 0.5722
vn -0.2907 -0.6086 0.7383
vn 0.6803 -0.4930 0.5424
vn -0.5937 -0.4497 0.6674
vn 0.6149 -0.4345 0.6581
vn -0.4578 -0.5298 0.7139
vn 0.6296 -0.4878 0.6047
vn 0.4172 -0.5365 0.7336
vn -0.4658 -0.5623 0.6832
vn 0.2989 -0.6391 0.7086
vn -0.4680 -0.4904 0.7352
vn 0.3701 -0.5220 0.7685
vn -0.6251 -0.3297 0.7075
vn -0.3797 -0.4374 0.8152
vn 0.4667 -0.3779 0.7996
vn 0.4591 -0.4182 0.7838
vn -0.6375 -0.2986 0.7103
vn -0.2510 -0.4918 0.8337
vn -0.3602 -0.3982 0.8436
vn 0.3952 -0.4331 0.8101
vn 0.7240 -0.2962 0.6230
vn -0.6657 -0.3504 0.6588
vn 0.7207 -0.3531 0.5966
vn -0.6673 -0.2855 0.6879
vn 0.5105 -0.3239 0.7965
vn -0.4942 -0.4508 0.7434
vn -0.6002 -0.3449 0.7216
vn 0.3597 -0.4463 0.8194
vn 0.4296 -0.3861 0.8163
vn -0.4359 -0.4226 0.7946
vn 0.4931 -0.4479 0.7459
vn -0.6790 -0.2815 0.6780
vn 0.6949 -0.2739 0.6649
vn -0.6823 -0.3785 0.6254
vn -0.4689 -0.3766 0.7989
vn 0.4099 -0.4363 0.8010
vn 0.3911 -0.3859 0.8356
vn -0.4589 -0.4192 0.7834
vn 0.3939 -0.4654 0.7926
vn 0.4171 -0.3531 0.8375
vn -0.4684 -0.4556 0.7570
vn -0.3122 -0.2297 0.9218
vn 0.4697 -0.2551 0.8452
vn 0.4698 -0.2143 0.8564
vn -0.6389 -0.2203 0.7370
vn -0.3060 -0.3183 0.8973
vn -0.6143 -0.1555 0.7736
vn 0.4657 -0.1715 0.8682
vn -0.3229 -0.2383 0.9160
vn 0.7200 -0.1997 0.6647
vn 0.4036 -0.2222 0.8876
vn -0.5332 -0.2496 0.8083
vn -0.4712 -0.2910 0.8327
vn -0.3912 -0.1802 0.9025
vn 0.7270 -0.1347 0.6733
vn 0.5232 -0.2911 0.8010
vn -0.6669 -0.1840 0.7221
vn -0.5251 -0.2513 0.8131
vn 0.4042 -0.2218 0.8874
vn 0.4050 -0.3063 0.8615
vn 0.6754 -0.2135 0.7058
vn -0.6814 -0.1446 0.7174
vn 0.6946 -0.1402 0.7056
vn -0.4796 -0.2906 0.8280
vn -0.4671 -0.2141 0.8579
vn -0.4567 -0.2589 0.8511
vn 0.3147 -0.2293 0.9211
vn 0.6248 -0.2643 0.7347
vn 0.6293 -0.2263 0.7435
vn -0.4621 -0.1721 0.8700
vn 0.6245 -0.1483 0.7668
vn -0.4676 -0.2989 0.8318
vn -0.3753 -0.0460 0.9258
vn 0.4680 -0.0878 0.8794
vn 0.4689 -0.0413 0.8823
vn -0.2734 -0.0953 0.9572
vn -0.3727 -0.1351 0.9181
vn -0.6355 -0.0003 0.7721
vn 0.4689 0.0010 0.8833
vn 0.4704 -0.1301 0.8728
vn -0.4799 -0.0491 0.8760
vn -0.4912 -0.0795 0.8674
vn 0.4040 -0.0447 0.9137
vn 0.3981 -0.1339 0.9075
vn 0.7195 -0.0678 0.6911
vn -0.6608 0.0002 0.7505
vn 0.7239 0.0031 0.6899
vn -0.6676 -0.1069 0.7368
vn -0.6974 -0.0354 0.7158
vn 0.5129 -0.0880 0.8539
vn 0.6988 -0.0349 0.7145
vn -0.5052 -0.0897 0.8584
vn 0.4812 -0.1233 0.8679
vn -0.4769 0.0048 0.8790
vn 0.4024 0.0014 0.9154
vn -0.4879 -0.1229 0.8642
vn -0.4693 -0.0422 0.8820
vn -0.4575 -0.0873 0.8849
vn 0.3226 -0.0438 0.9455
vn 0.3046 -0.1372 0.9426
vn 0.6315 -0.0684 0.7723
vn -0.4660 -0.0021 0.8848
vn 0.6379 -0.0010 0.7702
vn -0.4687 -0.1320 0.8734
vn -0.2551 0.1347 0.9575
vn 0.4697 0.0874 0.8785
vn 0.4697 0.1299 0.8732
vn -0.4755 0.0807 0.8760
vn -0.4081 0.0519 0.9115
vn -0.4227 0.1833 0.8875
vn 0.4602 0.1723 0.8709
vn 0.4711 0.0423 0.8811
vn -0.4678 0.1234 0.8752
vn 0.5276 0.0785 0.8459
vn 0.7221 0.1023 0.6842
vn -0.4953 0.0906 0.8640
vn 0.5069 0.0467 0.8608
vn -0.6701 0.1454 0.7279
vn 0.3790 0.1804 0.9076
vn -0.6625 0.0341 0.7483
vn -0.4030 0.1318 0.9057
vn 0.5349 0.0869 0.8405
vn 0.4893 0.1231 0.8634
vn -0.6786 0.0695 0.7312
vn -0.5364 0.0373 0.8432
vn -0.6990 0.1407 0.7011
vn 0.7003 0.1403 0.6999
vn 0.6805 0.0379 0.7318
vn -0.4666 0.1303 0.8748
vn 0.4279 0.0818 0.9001
vn 0.6285 0.1091 0.7701
vn -0.4592 0.0862 0.8841
vn 0.4080 0.0523 0.9115
vn -0.4580 0.1723 0.8721
vn 0.3375 0.1833 0.9233
vn -0.4664 0.0436 0.8835
vn -0.4483 0.3055 0.8400
vn -0.2723 0.2779 0.9212
vn 0.4687 0.2966 0.8320
vn 0.4594 0.2164 0.8615
vn 0.4707 0.2564 0.8442
vn -0.3820 0.3459 0.8570
vn -0.4683 0.2085 0.8586
vn -0.3690 0.3118 0.8755
vn 0.5211 0.2521 0.8154
vn 0.5097 0.2857 0.8115
vn -0.6547 0.2202 0.7231
vn 0.7212 0.1686 0.6719
vn -0.6622 0.2871 0.6922
vn 0.7286 0.2623 0.6327
vn -0.3798 0.2246 0.8974
vn -0.4790 0.2903 0.8284
vn 0.5285 0.2507 0.8111
vn 0.4919 0.2886 0.8214
vn -0.5318 0.2491 0.8094
vn 0.6629 0.1843 0.7257
vn -0.6901 0.2765 0.6688
vn 0.6929 0.2774 0.6655
vn -0.6665 0.1833 0.7226
vn -0.4689 0.2987 0.8312
vn 0.4751 0.2610 0.8403
vn 0.4137 0.3001 0.8596
vn -0.4590 0.2562 0.8507
vn 0.2529 0.2420 0.9367
vn 0.6251 0.2956 0.7224
vn -0.4542 0.2177 0.8639
vn -0.3852 0.4810 0.7876
vn 0.4704 0.4174 0.7775
vn 0.4708 0.4530 0.7571
vn -0.4137 0.4225 0.8064
vn -0.4537 0.4917 0.7433
vn 0.4668 0.4909 0.7356
vn -0.3924 0.4008 0.8279
vn -0.6642 0.3818 0.6427
vn -0.4932 0.4057 0.7695
vn 0.7191 0.3584 0.5954
vn 0.5106 0.3721 0.7751
vn 0.5233 0.3980 0.7535
vn -0.3704 0.5170 0.7717
vn 0.3878 0.5128 0.7659
vn -0.4875 0.3785 0.7869
vn -0.5214 0.4434 0.7290
vn -0.3599 0.4328 0.8265
vn 0.6806 0.3775 0.6279
vn 0.7038 0.3039 0.6421
vn 0.3707 0.4384 0.8188
vn -0.5363 0.4651 0.7043
vn 0.4912 0.4894 0.7206
vn -0.4485 0.3842 0.8070
vn -0.4682 0.4544 0.7579
vn 0.3740 0.4385 0.8172
vn 0.2557 0.4905 0.8331
vn -0.4590 0.4190 0.7834
vn -0.4665 0.3766 0.8003
vn -0.4681 0.4913 0.7345
vn 0.4493 0.5030 0.7383
vn 0.6268 0.3331 0.7044
vn -0.4372 0.5980 0.6718
vn 0.4682 0.5616 0.6822
vn 0.4704 0.5919 0.6545
vn -0.4475 0.5730 0.6866
vn 0.4589 0.5293 0.7136
vn -0.6333 0.5456 0.5489
vn -0.2572 0.5691 0.7810
vn -0.4918 0.5805 0.6489
vn 0.3959 0.5830 0.7095
vn 0.7253 0.4635 0.5090
vn -0.4851 0.5592 0.6723
vn 0.7212 0.4118 0.5570
vn -0.6714 0.5261 0.5220
vn 0.5275 0.6044 0.5970
vn -0.6639 0.4461 0.6002
vn -0.6836 0.4879 0.5428
vn 0.6572 0.4764 0.5841
vn 0.6822 0.4910 0.5418
vn -0.3800 0.5865 0.7153
vn 0.5300 0.5015 0.6838
vn -0.3958 0.6496 0.6491
vn 0.5079 0.6129 0.6053
vn -0.6870 0.4323 0.5840
vn -0.4699 0.5924 0.6544
vn -0.4588 0.5640 0.6866
vn 0.3188 0.6357 0.7030
vn 0.4401 0.5292 0.7255
vn 0.6357 0.4908 0.5958
vn -0.4716 0.6243 0.6228
vn 0.6245 0.5499 0.5546
vn -0.4613 0.5277 0.7132
vn -0.3597 0.7486 0.5570
vn 0.4695 0.6817 0.5612
vn 0.4684 0.7093 0.5268
vn -0.6351 0.5970 0.4902
vn -0.2998 0.7055 0.6421
vn -0.3703 0.7764 0.5100
vn 0.4584 0.7390 0.4937
vn -0.4859 0.7054 0.5161
vn 0.7201 0.5369 0.4395
vn 0.4155 0.7304 0.5420
vn -0.6479 0.5894 0.4826
vn 0.4923 0.6424 0.5873
vn -0.4510 0.7388 0.5008
vn 0.7291 0.5691 0.3801
vn -0.3540 0.6934 0.6276
vn -0.5188 0.6900 0.5048
vn 0.6949 0.5560 0.4560
vn 0.5247 0.6870 0.5028
vn -0.6795 0.5665 0.4662
vn 0.4719 0.6505 0.5951
vn -0.5084 0.7131 0.4826
vn 0.5118 0.7116 0.4814
vn -0.6421 0.5666 0.5164
vn -0.4667 0.7108 0.5262
vn 0.4125 0.7088 0.5722
vn 0.4235 0.7229 0.5459
vn -0.4675 0.6817 0.5627
vn 0.6323 0.5786 0.5152
vn -0.4593 0.7383 0.4940
vn 0.3726 0.7758 0.5091
vn -0.4685 0.6539 0.5941
vn -0.4672 0.8015 0.3732
vn 0.4676 0.7807 0.4146
vn 0.4638 0.8010 0.3787
vn -0.2710 0.8481 0.4554
vn 0.4663 0.7589 0.4546
vn -0.4094 0.8401 0.3559
vn 0.4666 0.8171 0.3385
vn -0.4501 0.7638 0.4627
vn -0.4961 0.7871 0.3666
vn 0.7174 0.6142 0.3287
vn 0.5255 0.7713 0.3592
vn -0.6660 0.6586 0.3503
vn 0.3899 0.7904 0.4726
vn -0.4772 0.8094 0.3423
vn 0.5108 0.7925 0.3333
vn -0.6630 0.6405 0.3876
vn -0.5433 0.7567 0.3636
vn 0.4569 0.7848 0.4186
vn 0.6800 0.6638 0.3114
vn -0.5330 0.7485 0.3944
vn 0.2927 0.8208 0.4906
vn -0.6832 0.6739 0.2812
vn 0.5323 0.7838 0.3199
vn -0.2910 0.8201 0.4926
vn -0.4465 0.8088 0.3828
vn 0.2703 0.8491 0.4539
vn 0.4681 0.8013 0.3726
vn -0.4687 0.7783 0.4179
vn 0.4461 0.7656 0.4635
vn -0.4661 0.8175 0.3383
vn 0.4170 0.8370 0.3544
vn -0.4585 0.7625 0.4565
vn 0.4698 0.8564 0.2142
vn -0.6232 0.7491 0.2246
vn 0.4672 0.8463 0.2558
vn 0.4576 0.8374 0.2990
vn 0.4698 0.8657 0.1725
vn -0.4275 0.8786 0.2127
vn -0.6253 0.7333 0.2670
vn 0.4171 0.8816 0.2208
vn -0.6656 0.7143 0.2163
vn 0.7201 0.6632 0.2039
vn 0.7253 0.6487 0.2303
vn 0.7243 0.6763 0.1342
vn -0.4900 0.8472 0.2055
vn -0.6574 0.7097 0.2532
vn 0.5139 0.8332 0.2043
vn -0.6893 0.6935 0.2097
vn 0.6970 0.6863 0.2078
vn 0.4867 0.8210 0.2985
vn 0.4916 0.8531 0.1750
vn -0.5055 0.8381 0.2048
vn -0.3906 0.8662 0.3116
vn 0.3096 0.9321 0.1878
vn -0.4684 0.8573 0.2137
vn 0.6247 0.7567 0.1930
vn -0.4702 0.8655 0.1724
vn -0.4574 0.8373 0.2996
vn 0.6276 0.7313 0.2669
vn -0.4308 0.9017 0.0370
vn 0.4676 0.8798 0.0853
vn 0.4691 0.8820 0.0448
vn -0.6304 0.7729 0.0718
vn 0.4669 0.8746 0.1310
vn -0.6245 0.7721 0.1173
vn -0.3961 0.9182 0.0069
vn 0.4585 0.8887 0.0002
vn -0.4098 0.8932 0.1851
vn -0.3808 0.9236 0.0440
vn 0.5277 0.8448 0.0888
vn 0.7220 0.6912 0.0308
vn -0.6667 0.7415 0.0749
vn 0.4992 0.8580 0.1212
vn -0.6667 0.7453 -0.0031
vn 0.7248 0.6890 0.0012
vn -0.6637 0.7400 0.1090
vn -0.4688 0.8650 0.1790
vn -0.3608 0.9311 0.0538
vn 0.4485 0.8896 0.0858
vn 0.3586 0.9320 0.0533
vn -0.4492 0.8893 0.0858
vn -0.6939 0.7122 0.1063
vn -0.4127 0.9109 0.0010
vn 0.4167 0.9091 -0.0001
vn 0.6954 0.7107 0.1061
vn -0.4683 0.8824 0.0455
vn 0.3229 0.9417 0.0942
vn 0.6363 0.7705 0.0384
vn -0.4711 0.8779 0.0858
vn -0.4686 0.8737 0.1308
vn -0.4630 0.8863 -0.0002
vn 0.2982 0.9545 0.0017
vn 0.6255 0.7714 0.1172
vn -0.4127 0.8999 -0.1411
vn 0.4668 0.8800 -0.0880
vn 0.4619 0.8775 -0.1289
vn -0.6354 0.7682 -0.0781
vn 0.4637 0.8849 -0.0440
vn -0.6204 0.7834 -0.0374
vn -0.4273 0.8881 -0.1696
vn -0.6561 0.7465 -0.1108
vn -0.4886 0.8689 -0.0795
vn 0.4001 0.9064 -0.1358
vn 0.3998 0.9155 -0.0460
vn 0.7235 0.6868 -0.0688
vn -0.6695 0.7279 -0.1483
vn 0.7205 0.6803 -0.1346
vn -0.4773 0.8774 -0.0489
vn -0.6880 0.7175 -0.1083
vn -0.4022 0.9110 -0.0913
vn 0.5314 0.8385 -0.1203
vn 0.6961 0.7170 -0.0374
vn 0.5022 0.8600 -0.0905
vn -0.5288 0.8313 -0.1714
vn 0.6823 0.7172 -0.1419
vn -0.6917 0.7212 -0.0363
vn -0.4615 0.8777 -0.1292
vn 0.3233 0.9419 -0.0912
vn 0.6364 0.7635 -0.1099
vn -0.4706 0.8781 -0.0864
vn -0.4674 0.8830 -0.0425
vn -0.4675 0.8672 -0.1716
vn 0.3194 0.9297 -0.1837
vn 0.6229 0.7813 -0.0393
vn -0.6248 0.7356 -0.2617
vn -0.3194 0.9074 -0.2732
vn 0.4588 0.8367 -0.2990
vn 0.4690 0.8569 -0.2141
vn 0.4701 0.8445 -0.2565
vn -0.3758 0.8561 -0.3547
vn 0.4603 0.8196 -0.3411
vn -0.6341 0.7501 -0.1879
vn -0.3240 0.8933 -0.3115
vn 0.5276 0.8142 -0.2422
vn 0.7233 0.6490 -0.2361
vn -0.5294 0.8131 -0.2419
vn -0.4741 0.8526 -0.2196
vn -0.4952 0.8004 -0.3378
vn 0.4038 0.8452 -0.3501
vn 0.5217 0.8263 -0.2124
vn -0.5001 0.8135 -0.2969
vn 0.3448 0.9004 -0.2655
vn 0.5295 0.7966 -0.2916
vn -0.6838 0.6990 -0.2091
vn -0.5174 0.8316 -0.2017
vn -0.5332 0.7831 -0.3201
vn 0.5149 0.7941 -0.3229
vn 0.4797 0.8511 -0.2132
vn 0.3193 0.9073 -0.2736
vn 0.6252 0.7347 -0.2634
vn -0.4569 0.8629 -0.2159
vn 0.3755 0.8561 -0.3551
vn 0.6345 0.7495 -0.1888
vn -0.4099 0.7865 -0.4619
vn 0.4695 0.7782 -0.4171
vn 0.4712 0.7572 -0.4523
vn -0.4611 0.7800 -0.4232
vn -0.2731 0.8697 -0.4111
vn -0.6222 0.6528 -0.4321
vn 0.4695 0.7980 -0.3779
vn -0.3629 0.8001 -0.4776
vn 0.4008 0.8081 -0.4316
vn 0.7193 0.5950 -0.3586
vn -0.6685 0.6587 -0.3454
vn 0.7191 0.6285 -0.2964
vn -0.6629 0.6226 -0.4158
vn 0.5249 0.7044 -0.4779
vn -0.5001 0.7854 -0.3647
vn -0.4948 0.7485 -0.4414
vn 0.3848 0.8137 -0.4357
vn 0.6815 0.6276 -0.3765
vn -0.5354 0.7433 -0.4011
vn 0.7026 0.6431 -0.3047
vn -0.6987 0.5951 -0.3971
vn 0.3802 0.7689 -0.5141
vn -0.3643 0.8413 -0.3994
vn -0.4689 0.7587 -0.4523
vn 0.4626 0.7790 -0.4232
vn 0.4189 0.7825 -0.4606
vn -0.4685 0.7781 -0.4185
vn 0.2733 0.8690 -0.4124
vn -0.4676 0.7351 -0.4909
vn 0.6242 0.6494 -0.4343
vn -0.4668 0.7998 -0.3774
vn -0.4357 0.6715 -0.5994
vn -0.4045 0.7023 -0.5859
vn 0.4712 0.6528 -0.5932
vn 0.4699 0.6822 -0.5602
vn 0.4687 0.6256 -0.6237
vn -0.6322 0.6203 -0.4643
vn -0.4958 0.6479 -0.5783
vn 0.7213 0.5348 -0.4401
vn 0.5297 0.6255 -0.5728
vn -0.4698 0.6781 -0.5652
vn 0.4956 0.7010 -0.5129
vn -0.6590 0.6047 -0.4472
vn -0.4178 0.6718 -0.6116
vn 0.4070 0.7048 -0.5811
vn 0.6666 0.5518 -0.5012
vn -0.6861 0.5642 -0.4593
vn 0.6967 0.5755 -0.4283
vn -0.5320 0.6806 -0.5038
vn -0.4677 0.6538 -0.5949
vn 0.4053 0.7019 -0.5857
vn 0.4752 0.6554 -0.5871
vn -0.4574 0.7137 -0.5304
vn 0.6251 0.6278 -0.4638
vn -0.6337 0.4623 -0.6202
vn 0.4689 0.5607 -0.6825
vn 0.4582 0.5304 -0.7133
vn -0.6303 0.4922 -0.6004
vn -0.3009 0.6423 -0.7049
vn -0.3048 0.5274 -0.7931
vn 0.4603 0.4923 -0.7387
vn -0.6396 0.5422 -0.5449
vn 0.4710 0.5914 -0.6545
vn -0.4856 0.5168 -0.7050
vn 0.7170 0.4447 -0.5368
vn 0.5038 0.5104 -0.6969
vn -0.6604 0.4768 -0.5801
vn -0.3664 0.6251 -0.6892
vn -0.4927 0.4887 -0.7200
vn 0.5836 0.4526 -0.6742
vn -0.6539 0.5364 -0.5336
vn 0.5111 0.6113 -0.6042
vn 0.7299 0.4584 -0.5071
vn -0.4899 0.5150 -0.7034
vn 0.4698 0.5556 -0.6860
vn 0.5311 0.5081 -0.6781
vn -0.6979 0.4533 -0.5545
vn -0.4026 0.6153 -0.6778
vn -0.5354 0.4723 -0.7002
vn 0.3680 0.5132 -0.7754
vn -0.6704 0.5242 -0.5252
vn 0.4131 0.6443 -0.6436
vn 0.6990 0.4802 -0.5298
vn 0.4173 0.5356 -0.7342
vn -0.4681 0.5614 -0.6825
vn 0.6456 0.4806 -0.5935
vn -0.4663 0.5924 -0.6570
vn 0.3432 0.6295 -0.6971
vn -0.4602 0.4930 -0.7384
vn -0.4596 0.5294 -0.7131
vn -0.4680 0.6261 -0.6237
vn 0.2525 0.6892 -0.6792
vn -0.4116 0.3969 -0.8204
vn 0.4661 0.4172 -0.7802
vn 0.4462 0.3820 -0.8093
vn -0.4296 0.4199 -0.7994
vn 0.4663 0.4559 -0.7581
vn -0.6329 0.2954 -0.7157
vn -0.6356 0.3938 -0.6640
vn -0.4977 0.3656 -0.7866
vn 0.3907 0.4276 -0.8152
vn 0.5861 0.3444 -0.7334
vn -0.6803 0.3472 -0.6455
vn 0.4029 0.4766 -0.7814
vn -0.4853 0.3406 -0.8053
vn -0.6499 0.3901 -0.6522
vn -0.3015 0.4135 -0.8591
vn 0.6825 0.3424 -0.6457
vn 0.4795 0.3731 -0.7943
vn -0.4681 0.4172 -0.7790
vn 0.4682 0.4549 -0.7575
vn -0.5090 0.3243 -0.7973
vn 0.6016 0.3093 -0.7365
vn -0.6781 0.3797 -0.6293
vn -0.5223 0.2008 -0.8288
vn 0.4366 0.2593 -0.8615
vn 0.6154 0.1931 -0.7642
vn -0.3740 0.2774 -0.8850
vn 0.6815 0.2445 -0.6898
vn -0.5081 0.1736 -0.8436
vn 0.7020 0.1387 -0.6985
vn -0.5456 0.2860 -0.7878
vn -0.3241 0.0545 -0.9444
vn 0.5286 0.0874 -0.8444
vn 0.7271 0.0342 -0.6857
vn -0.5254 0.0885 -0.8462
vn 0.5116 0.1206 -0.8507
vn -0.4797 -0.0056 -0.8774
vn -0.5101 0.1200 -0.8517
vn -0.4285 0.0425 -0.9025
vn 0.6811 0.0714 -0.7287
vn 0.4334 0.0423 -0.9002
vn -0.6998 0.0704 -0.7109
vn 0.3779 0.1341 -0.9161
vn -0.6546 0.0003 -0.7559
vn -0.6624 0.1135 -0.7405
vn -0.7225 0.0365 -0.6904
vn 0.6617 0.0685 -0.7466
vn 0.4996 0.0368 -0.8655
vn -0.4056 0.0893 -0.9097
vn 0.3713 0.1351 -0.9186
vn -0.4942 -0.0042 -0.8693
vn -0.7206 0.1014 -0.6859
vn 0.9997 -0.0199 0.0171
vn 0.8829 -0.4186 0.2130
vn 0.9719 -0.1919 0.1364
vn 0.9997 -0.0237 0.0113
vn 0.9020 -0.4034 0.1536
vn 0.3914 -0.8406 0.3744
vn 0.6981 -0.6118 0.3719
vn -0.8768 0.2359 0.4190
vn -0.9868 0.0939 0.1317
vn -0.9673 0.1157 0.2259
vn -0.7976 0.3230 0.5095
vn -0.7377 0.3444 0.5807
vn -0.4716 0.3482 0.8101
vn -0.8597 0.1934 0.4728
vn -0.9885 0.0493 0.1427
vn 0.9936 -0.0193 -0.1110
vn 0.9564 -0.0974 -0.2754
vn 0.5221 -0.1983 -0.8295
vn 0.5442 -0.2506 -0.8007
vn 0.5417 -0.3399 -0.7688
vn 0.9901 0.1027 -0.0962
vn 0.8119 0.4598 -0.3598
vn 0.9138 0.2821 -0.2923
vn 0.9962 0.0567 -0.0668
vn 0.9693 0.2085 -0.1305
vn 0.5081 0.6399 -0.5765
vn 0.9405 0.1809 0.2876
vn 0.9739 0.1449 0.1747
vn 0.9435 0.1522 0.2942
vn 0.6786 0.2913 0.6743
vn 0.6852 0.3563 0.6352
vn 0.5525 0.4619 0.6938
vn -1.0000 -0.0042 -0.0002
vn -0.8708 -0.4549 0.1862
vn -0.9710 -0.2338 0.0494
vn -0.7385 -0.6458 0.1935
vn -0.9364 -0.1062 -0.3346
vn -0.9152 -0.0687 -0.3972
vn -0.9310 -0.1572 -0.3295
vn -0.7619 -0.2074 -0.6136
vn -0.6722 -0.1939 -0.7145
vn -0.6747 -0.1231 -0.7277
vn -0.9531 0.2287 -0.1982
vn -0.8044 0.4724 -0.3603
vn -0.9277 0.3148 -0.2007
vn -0.6574 0.6144 -0.4362
vn 0.9336 -0.3382 0.1181
vn 0.7428 -0.6514 0.1543
vn 0.6927 -0.6893 0.2124
vn 0.7928 -0.5591 0.2425
vn 0.9531 -0.2973 0.0570
vn -0.9794 0.1106 0.1687
vn -0.8905 0.1728 0.4209
vn -0.9779 0.0826 0.1922
vn -0.8659 0.2993 0.4008
vn -0.7514 0.3127 0.5811
vn -0.6881 0.2846 0.6675
vn 0.9759 -0.0774 -0.2042
vn 0.5221 -0.1950 -0.8303
vn 0.6206 -0.2397 -0.7466
vn 0.9496 -0.1316 -0.2845
vn 0.5928 -0.3158 -0.7408
vn 0.9999 -0.0084 -0.0125
vn 1.0000 -0.0023 -0.0020
vn 0.8430 0.4149 -0.3424
vn 0.9664 0.1784 -0.1850
vn 0.9998 0.0175 -0.0092
vn 0.6026 0.5821 -0.5458
vn 0.9886 0.0494 0.1424
vn 0.9624 0.1219 0.2428
vn 0.4717 0.3482 0.8101
vn 0.7350 0.3422 0.5854
vn 0.9558 0.1760 0.2357
vn 0.6223 0.4362 0.6500
vn -0.9912 -0.1247 0.0445
vn -0.7889 -0.5939 0.1578
vn -0.9627 -0.2640 0.0596
vn -0.8826 -0.4314 0.1869
vn -0.8999 -0.4310 0.0657
vn -0.7740 -0.6251 0.1004
vn -1.0000 -0.0023 -0.0085
vn -0.8491 -0.0171 -0.5279
vn -0.8605 -0.0954 -0.5004
vn -0.7951 -0.0566 -0.6038
vn -0.6660 0.0312 -0.7453
vn -0.9991 0.0378 -0.0193
vn -0.9857 0.1435 -0.0887
vn -0.8792 0.4164 -0.2316
vn -0.8143 0.4706 -0.3398
vn -0.4271 0.8244 -0.3713
vn -0.9524 0.2844 -0.1096
vn 0.9717 -0.2233 0.0768
vn 0.9750 -0.2176 0.0456
vn 0.7856 -0.6114 0.0944
vn 0.7500 -0.6376 0.1760
vn 0.7868 -0.5831 0.2024
vn 0.7637 -0.5905 0.2610
vn -0.8168 0.2853 0.5015
vn -0.9331 0.1637 0.3201
vn -0.8004 0.2420 0.5484
vn -0.8889 0.2483 0.3850
vn -0.6564 0.3717 0.6565
vn -0.6448 0.3031 0.7017
vn -0.9054 0.1373 0.4018
vn 0.9532 -0.0288 -0.3009
vn 0.7570 -0.0427 -0.6520
vn 0.8156 -0.1112 -0.5679
vn 0.9543 -0.0716 -0.2900
vn 0.9535 0.0269 -0.3002
vn 0.7158 0.0041 -0.6983
vn 0.8224 0.5157 -0.2403
vn 0.9255 0.3216 -0.1999
vn 0.9526 0.2865 -0.1021
vn 0.9251 0.3376 -0.1738
vn 0.6637 0.6855 -0.2992
vn 0.6662 0.6491 -0.3671
vn 0.9995 0.0090 0.0307
vn 0.8443 0.2629 0.4669
vn 0.9997 0.0150 0.0175
vn 0.9156 0.1577 0.3698
vn -0.9796 -0.1921 0.0587
vn -0.7480 -0.6211 0.2341
vn -0.9332 -0.3482 0.0890
vn -0.9822 -0.1685 0.0831
vn -0.6647 -0.7175 0.2084
vn -0.9936 -0.0198 -0.1111
vn -0.9615 -0.0231 -0.2737
vn -0.7247 -0.1075 -0.6806
vn -0.7753 -0.0408 -0.6303
vn -0.7391 0.0086 -0.6736
vn -0.4459 0.0705 -0.8923
vn -0.9379 0.2777 -0.2077
vn -0.7972 0.4967 -0.3431
vn -0.6969 0.6199 -0.3606
vn -0.9658 0.2303 -0.1191
vn -0.5335 0.7766 -0.3350
vn -0.9543 0.2817 -0.0997
vn 0.9946 -0.0932 0.0458
vn -0.9989 0.0163 0.0440
vn -0.9501 0.0747 0.3030
vn -0.9997 0.0048 0.0227
vn -0.9029 0.1557 0.4007
vn -0.5382 0.2381 0.8085
vn 0.8438 -0.0153 -0.5365
vn 0.9424 -0.0459 -0.3314
vn 0.9767 -0.0511 -0.2082
vn 0.9290 -0.0028 -0.3700
vn 0.6907 -0.0498 -0.7214
vn 0.8469 -0.1001 -0.5223
vn 0.8806 0.4295 -0.2000
vn 0.9778 0.1888 -0.0912
vn 0.7490 0.5488 -0.3713
vn 0.9738 0.1786 -0.1407
vn 0.9478 0.0954 0.3041
vn 0.7356 0.2253 0.6388
vn 0.9520 0.1180 0.2825
vn 0.7975 0.1383 0.5872
vn 0.9167 0.0691 0.3936
vn 0.7309 0.1733 0.6601
vn -0.9531 -0.2891 0.0899
vn -0.9139 -0.4011 0.0630
vn -0.9575 -0.2620 0.1209
vn -0.7112 -0.6588 0.2453
vn -0.7270 -0.6651 0.1707
vn -0.6702 -0.7309 0.1293
vn -0.9751 -0.0457 -0.2171
vn -0.7786 -0.0537 -0.6252
vn -0.9732 -0.0081 -0.2298
vn -0.8633 0.0170 -0.5044
vn -0.9782 0.1796 -0.1039
vn -0.6850 0.6627 -0.3026
vn -0.9548 0.2743 -0.1144
vn -0.7420 0.5474 -0.3869
vn 0.9320 -0.3477 0.1021
vn 0.9999 -0.0115 0.0020
vn 0.9578 -0.0212 -0.2868
vn 0.9264 -0.0748 -0.3689
vn 0.7394 0.0086 -0.6733
vn 0.8025 -0.0404 -0.5952
vn 0.5009 -0.1200 -0.8571
vn 0.9565 0.2747 -0.0986
vn 0.8803 0.4520 -0.1441
vn 0.4664 0.8023 -0.3726
vn 0.7420 0.5878 -0.3224
vn -0.1129 0.1986 0.9736
vn -0.7791 0.1625 0.6054
vn -0.9886 0.0097 0.1505
vn -0.5772 0.1289 0.8064
vn -0.8418 -0.5376 0.0485
vn -0.9996 -0.0290 -0.0004
vn -0.9039 -0.4271 -0.0214
vn 0.9365 0.0834 0.3405
vn 0.5666 0.1464 0.8109
vn 0.6739 0.2130 0.7075
vn 0.9267 0.1319 0.3520
vn -0.9535 0.0269 -0.3002
vn -0.8051 0.0139 -0.5929
vn -0.9139 -0.0266 -0.4050
vn -0.6869 -0.0481 -0.7252
vn -0.8228 0.5147 -0.2410
vn -0.9246 0.3383 -0.1750
vn -0.6598 0.6534 -0.3711
vn -0.6726 0.6758 -0.3015
vn -0.6595 0.6890 -0.3007
vn 0.9536 -0.3003 0.0198
vn 0.7068 -0.7021 0.0867
vn 0.9999 -0.0003 -0.0124
vn 0.9452 -0.0096 -0.3264
vn 0.9005 -0.0955 -0.4243
vn 0.9999 -0.0023 -0.0105
vn 1.0000 -0.0012 -0.0002
vn 0.8777 0.4210 -0.2289
vn -0.9372 0.0785 0.3399
vn -0.9465 0.0350 0.3207
vn -0.6534 0.2211 0.7240
vn -0.9639 -0.2659 0.0158
vn -0.8598 -0.5107 0.0025
vn -0.7738 -0.6310 0.0551
vn -0.5561 -0.8311 -0.0098
vn -0.9569 -0.2895 -0.0248
vn -0.9576 0.0415 -0.2851
vn -0.9999 0.0052 -0.0101
vn -0.9998 0.0200 -0.0059
vn -0.9996 0.0271 -0.0028
vn -0.8499 0.5137 -0.1177
vn 0.9751 -0.2213 0.0142
vn 0.8517 -0.5210 0.0560
vn 0.7642 -0.6449 0.0103
vn 0.6746 -0.7313 0.1008
vn 0.7343 0.6621 -0.1495
vn 0.7464 0.6302 -0.2138
vn 0.3518 0.9021 -0.2500
vn 0.6725 0.6757 -0.3019
vn -0.9554 0.0855 0.2827
vn -0.7307 0.1746 0.6600
vn -0.7949 0.0961 0.5991
vn -0.9177 0.0726 0.3905
vn -0.8237 0.1686 0.5414
vn -0.6572 0.1278 0.7428
vn 0.8058 0.0138 -0.5920
vn 0.9075 0.0941 -0.4095
vn 0.7507 0.0554 -0.6584
vn -0.9105 -0.4119 0.0349
vn -0.9745 -0.2240 -0.0116
vn -0.5037 -0.8511 0.1480
vn -0.7096 -0.7033 0.0429
vn -0.7820 -0.6233 -0.0029
vn 0.9996 0.0046 0.0271
vn 0.9564 0.0710 0.2833
vn 0.4700 0.1347 0.8723
vn 0.5240 0.2435 0.8162
vn 0.3946 0.3300 0.8576
vn -0.9917 0.1273 -0.0180
vn -0.7360 0.6586 -0.1569
vn 0.9574 -0.2885 -0.0106
vn 0.8241 -0.5620 0.0704
vn 0.9901 -0.1385 0.0209
vn 0.7641 -0.6272 0.1508
vn 0.9191 -0.3808 0.1007
vn -0.5581 0.0689 -0.8269
vn -0.7282 0.1131 -0.6759
vn -0.9534 0.0579 -0.2961
vn 0.9793 0.1940 -0.0582
vn 0.7451 0.6523 -0.1388
vn 0.8983 0.4119 -0.1530
vn 0.5031 0.8337 -0.2275
vn 0.4613 0.8127 -0.3559
vn -0.8453 0.0391 0.5328
vn -0.9998 -0.0022 0.0221
vn -0.9092 -0.0139 0.4160
vn -0.7457 -0.6636 0.0598
vn -0.9533 -0.3017 0.0137
vn -0.7126 -0.7014 -0.0157
vn 0.7236 0.0627 0.6874
vn 0.6572 0.1278 0.7428
vn 0.9757 0.0247 -0.2179
vn 0.9719 0.0623 -0.2270
vn 0.7557 0.0377 -0.6539
vn 0.6248 0.0195 -0.7805
vn -0.8397 0.5080 -0.1916
vn -0.9058 0.4122 -0.0986
vn -0.9741 0.2237 -0.0314
vn -0.6382 0.7322 -0.2377
vn -0.6648 0.7319 -0.1499
vn 0.9999 -0.0105 0.0008
vn 0.9315 -0.3624 0.0301
vn 0.4788 -0.8779 0.0082
vn 0.4935 -0.8604 0.1268
vn 0.7888 -0.5975 0.1442
vn 0.9897 0.1400 -0.0300
vn 0.8391 0.5328 -0.1097
vn 0.5915 0.7783 -0.2106
vn 0.5920 0.7510 -0.2924
vn -0.8606 0.0299 0.5085
vn -0.4404 0.0158 0.8977
vn -0.9100 -0.0134 0.4145
vn -0.9050 0.0332 -0.4240
vn -0.7634 0.0156 -0.6458
vn -0.6670 0.0475 -0.7436
vn -0.6775 0.1080 -0.7276
vn -0.9470 0.0693 -0.3137
vn -0.9515 -0.3050 -0.0394
vn -0.9996 -0.0285 -0.0044
vn -0.4827 -0.8728 -0.0717
vn 0.9755 0.0075 0.2199
vn 0.9384 0.0504 0.3419
vn 0.7593 0.0571 0.6482
vn -0.9520 0.2878 -0.1045
vn -0.7291 0.6659 -0.1578
vn -0.9475 0.3144 -0.0578
vn -0.7310 0.6500 -0.2079
vn 0.9181 -0.3956 -0.0231
vn 0.6740 -0.7273 -0.1296
vn 0.6779 -0.7328 -0.0597
vn 0.7229 -0.6909 0.0084
vn 0.9540 0.0119 -0.2996
vn 0.9623 0.0586 -0.2656
vn 0.7283 0.1131 -0.6759
vn 0.5580 0.0693 -0.8269
vn 0.8446 0.5235 -0.1122
vn 0.9642 0.2516 -0.0841
vn 0.6196 0.7577 -0.2051
vn 0.5897 0.7533 -0.2911
vn 0.7258 0.6304 -0.2755
vn -0.9718 -0.0096 0.2356
vn -0.5209 0.1506 0.8402
vn -0.6763 0.0447 0.7353
vn -0.7234 0.0181 0.6902
vn -0.7808 -0.0449 0.6232
vn -0.9930 -0.1143 -0.0282
vn -0.8044 -0.5865 -0.0941
vn -0.7927 -0.6075 -0.0508
vn 0.8479 0.0402 0.5286
vn 0.5774 0.1289 0.8062
vn 0.0969 0.1993 0.9751
vn -0.9078 0.0939 -0.4087
vn -0.9573 0.2875 -0.0321
vn -0.8968 0.4424 -0.0113
vn -0.9995 0.0323 0.0033
vn -0.5923 0.7974 -0.1151
vn 0.9461 -0.3233 -0.0195
vn 0.7038 -0.6979 -0.1328
vn 0.7089 -0.7029 -0.0586
vn 0.9515 0.3076 -0.0073
vn 0.6968 0.7119 -0.0880
vn 0.9508 0.3043 -0.0582
vn -0.7235 0.0627 0.6874
vn -0.9483 0.0155 0.3170
vn -0.7209 -0.0074 0.6930
vn 1.0000 0.0040 -0.0024
vn 0.9526 0.0411 -0.3015
vn -0.9427 -0.3300 -0.0488
vn -0.8510 -0.5111 -0.1203
vn -0.7111 -0.6969 -0.0933
vn -0.3381 -0.9384 -0.0706
vn 0.8656 0.0402 0.4992
vn -0.9324 0.3594 -0.0386
vn -0.7516 0.6596 -0.0065
vn -0.8807 0.4736 0.0113
vn -0.5607 0.8194 -0.1189
vn 0.9924 -0.1196 -0.0280
vn 0.8534 -0.5146 -0.0828
vn 0.5825 -0.8085 -0.0839
vn 0.9738 0.2251 -0.0314
vn 0.9793 0.2021 0.0083
vn 0.8813 0.4726 0.0036
vn -0.8943 -0.0685 0.4421
vn -0.9989 -0.0091 0.0463
vn -0.4677 -0.0610 0.8818
vn -0.9609 -0.2748 -0.0341
vn -0.8717 -0.4835 -0.0797
vn -0.8068 -0.5758 -0.1324
vn -0.4239 -0.9033 -0.0662
vn 0.9481 0.0156 0.3177
vn 0.9537 -0.0355 0.2987
vn 0.9102 -0.1018 0.4015
vn 0.7588 -0.1016 0.6433
vn 0.7003 -0.0111 0.7138
vn -0.7802 0.6206 -0.0779
vn -0.7383 0.6736 -0.0329
vn -0.9802 0.1980 0.0087
vn 0.9858 -0.1662 -0.0258
vn 0.8575 -0.5127 -0.0431
vn 0.5963 -0.7799 -0.1904
vn 0.8795 0.4757 0.0124
vn 0.9593 0.2816 0.0232
vn 0.9105 0.4114 -0.0411
vn 0.5404 0.8413 -0.0140
vn 0.5595 0.8196 -0.1234
vn -0.5524 -0.0686 0.8307
vn -0.5268 -0.1216 0.8412
vn -0.9611 -0.0533 0.2710
vn -0.9995 -0.0313 -0.0109
vn -0.8619 -0.4878 -0.1388
vn -0.8714 -0.4602 -0.1701
vn 0.9485 -0.0374 0.3147
vn 0.7704 -0.0227 0.6371
vn 0.6185 -0.0570 0.7837
vn -0.9508 0.3096 -0.0051
vn -0.6968 0.7118 -0.0885
vn -0.7501 0.6607 -0.0286
vn 0.7947 -0.5913 -0.1371
vn 0.9190 -0.3755 -0.1203
vn 0.9117 -0.4052 -0.0681
vn 0.5171 -0.7947 -0.3179
vn 0.6454 -0.7380 -0.1968
vn 0.9997 0.0224 -0.0020
vn 0.9994 0.0336 0.0033
vn 0.8966 0.4426 -0.0113
vn 0.9572 0.2875 -0.0321
vn 0.5926 0.7973 -0.1149
vn -0.7659 -0.0951 0.6359
vn -0.9785 -0.0406 0.2022
vn -0.8524 -0.1189 0.5092
vn -0.8836 -0.4518 -0.1229
vn -0.7910 -0.5717 -0.2180
vn 0.9788 -0.0137 0.2045
vn 0.8355 -0.0188 0.5492
vn 0.9885 0.0118 0.1508
vn -0.9996 0.0290 0.0017
vn 0.8488 -0.5146 -0.1212
vn 0.9754 -0.2069 -0.0760
vn 0.9260 -0.3713 -0.0690
vn 0.7527 -0.6311 -0.1875
vn 0.9161 0.3971 0.0560
vn 0.9163 0.3915 0.0844
vn 0.6730 0.7346 0.0861
vn 0.4636 0.8837 0.0643
vn 0.6053 0.7960 0.0092
vn 0.7503 0.6605 -0.0286
vn -0.9599 -0.0187 0.2797
vn -0.8655 -0.0650 0.4967
vn -0.8270 -0.0559 0.5594
vn -0.9580 -0.0560 0.2811
vn -0.4389 -0.0630 0.8963
vn -0.9746 -0.2098 -0.0784
vn -0.6996 -0.6900 -0.1855
vn -0.8033 -0.5557 -0.2142
vn 0.9998 -0.0014 0.0192
vn 0.9199 -0.0486 0.3892
vn 0.9995 -0.0009 0.0326
vn 0.6441 -0.1700 0.7458
vn 0.4675 -0.0618 0.8818
vn -0.9592 0.2818 0.0230
vn -0.9933 0.1143 0.0175
vn 0.9501 -0.3008 -0.0830
vn 0.4678 -0.8207 -0.3280
vn 0.5368 -0.8032 -0.2583
vn 0.4259 -0.8845 -0.1904
vn 0.9749 0.2187 0.0423
vn 0.7680 0.6360 0.0756
vn 0.7841 0.6035 0.1445
vn 0.2729 0.9488 0.1592
vn 0.6722 0.7403 -0.0132
vn -0.9987 -0.0216 0.0465
vn -0.9044 -0.1094 0.4123
vn -0.9487 -0.3013 -0.0960
vn -0.7255 -0.6665 -0.1714
vn 0.9595 -0.0985 0.2638
vn 0.9035 -0.1669 0.3947
vn 0.7102 -0.2024 0.6743
vn 0.5223 -0.1787 0.8338
vn -0.9773 0.2085 0.0377
vn 0.8470 -0.5101 -0.1497
vn 0.9927 0.1191 0.0197
vn 0.8248 0.5476 0.1408
vn 0.6005 0.7883 0.1340
vn 0.5470 0.8298 0.1108
vn 0.5485 0.8359 0.0185
vn -0.9604 -0.0937 0.2624
vn -0.4617 -0.2455 0.8524
vn -0.8109 -0.2030 0.5488
vn -0.9691 -0.2044 -0.1379
vn -0.9999 -0.0119 -0.0042
vn -0.6116 -0.6920 -0.3835
vn -0.7854 -0.4994 -0.3657
vn 0.8401 -0.2004 0.5040
vn 0.9293 -0.1073 0.3533
vn 0.9474 -0.0735 0.3115
vn 0.9464 -0.1310 0.2952
vn 0.6867 -0.2585 0.6795
vn 0.6845 -0.1839 0.7054
vn -0.4589 0.8862 0.0645
vn -0.9173 0.3941 0.0569
vn -0.9121 0.4005 0.0877
vn -0.6730 0.7346 0.0861
vn -0.6594 0.7316 0.1732
vn 0.9495 -0.2718 -0.1570
vn 0.7483 -0.5746 -0.3315
vn 0.6986 -0.6476 -0.3041
vn 0.9637 -0.2526 -0.0862
vn 0.8643 -0.4067 -0.2959
vn 0.9995 0.0325 0.0045
vn 0.9379 0.3457 0.0273
vn 0.8551 0.5022 0.1293
vn 0.6310 0.7649 0.1298
vn 0.5660 0.8175 0.1067
vn 0.5169 0.8557 0.0224
vn -0.9728 -0.0759 0.2188
vn -0.7634 -0.1731 0.6223
vn -0.9889 -0.1316 -0.0694
vn -0.8160 -0.4984 -0.2929
vn -0.9942 -0.0863 -0.0642
vn 0.9895 -0.0433 0.1381
vn 0.8359 -0.1628 0.5242
vn 0.8138 -0.1250 0.5675
vn 0.7836 -0.2304 0.5769
vn 0.9901 -0.0620 0.1263
vn -0.9555 0.2838 0.0809
vn -0.9997 0.0225 0.0076
vn -0.8513 0.5077 0.1323
vn -0.7385 0.6266 0.2491
vn -0.8582 0.4586 0.2307
vn 0.9745 -0.1977 -0.1064
vn 0.7645 -0.5559 -0.3265
vn 0.7525 -0.5958 -0.2806
vn 0.9792 -0.1604 -0.1240
vn 0.9127 -0.3323 -0.2377
vn -0.2591 0.0550 -0.9643
vn 0.4484 0.0871 -0.8896
vn 0.4680 0.0426 -0.8827
vn -0.3690 0.0898 -0.9251
vn 0.4654 0.1297 -0.8756
vn -0.4292 -0.0066 -0.9032
vn -0.6177 0.1144 -0.7780
vn 0.2821 0.1197 -0.9519
vn -0.1510 0.0780 -0.9855
vn 0.3249 -0.0381 -0.9450
vn -0.1976 -0.0217 -0.9801
vn -0.2821 0.1197 -0.9519
vn 0.1799 0.0722 -0.9810
vn 0.7492 0.1081 -0.6535
vn -0.3317 -0.0372 -0.9426
vn 0.1050 -0.0159 -0.9943
vn 0.2279 0.1693 -0.9589
vn -0.2778 0.1137 -0.9539
vn 0.2346 0.0774 -0.9690
vn 0.1838 -0.0214 -0.9827
vn 0.6075 0.1149 -0.7860
vn -0.6751 0.1416 -0.7241
vn -0.4163 0.0354 -0.9086
vn -0.2356 -0.0285 -0.9714
vn -0.1241 -0.1124 -0.9859
vn 0.2964 -0.1189 -0.9476
vn 0.7914 -0.0568 -0.6086
vn -0.1128 -0.1961 -0.9741
vn -0.1570 -0.1114 -0.9813
vn -0.5052 -0.2013 -0.8392
vn -0.1512 -0.2191 -0.9639
vn 0.1582 -0.1116 -0.9811
vn -0.2498 -0.1272 -0.9599
vn -0.1379 -0.2289 -0.9636
vn 0.4455 -0.1978 -0.8732
vn 0.1696 -0.1144 -0.9788
vn -0.2812 -0.1249 -0.9515
vn -0.1947 -0.2259 -0.9545
vn 0.4452 -0.1894 -0.8752
vn -0.1728 -0.2587 -0.9504
vn -0.1523 -0.3603 -0.9203
vn -0.6893 -0.2836 -0.6667
vn -0.1807 -0.3075 -0.9342
vn -0.7621 -0.1920 -0.6183
vn -0.1543 -0.3615 -0.9195
vn -0.6772 -0.2895 -0.6765
vn 0.1383 -0.2652 -0.9542
vn 0.0173 -0.3024 -0.9530
vn 0.5131 -0.2533 -0.8201
vn -0.5939 -0.2564 -0.7626
vn 0.1284 -0.3547 -0.9261
vn 0.6508 -0.3068 -0.6945
vn -0.7404 -0.1844 -0.6463
vn -0.5495 -0.3391 -0.7636
vn 0.1594 -0.2554 -0.9536
vn -0.4499 -0.2873 -0.8456
vn 0.1488 -0.3526 -0.9239
vn 0.6925 -0.2281 -0.6844
vn 0.6928 -0.2841 -0.6628
vn -0.3240 -0.2419 -0.9146
vn -0.8450 -0.1574 -0.5111
vn -0.1265 -0.4471 -0.8855
vn 0.5284 -0.4167 -0.7396
vn -0.6475 -0.3882 -0.6558
vn -0.1432 -0.5261 -0.8383
vn 0.5598 -0.4894 -0.6687
vn -0.1097 -0.4522 -0.8852
vn 0.5470 -0.4160 -0.7265
vn 0.7276 -0.3948 -0.5610
vn 0.2229 -0.5625 -0.7962
vn -0.6038 -0.3954 -0.6921
vn -0.2013 -0.5467 -0.8128
vn 0.1376 -0.4469 -0.8839
vn -0.5467 -0.4154 -0.7271
vn 0.6632 -0.3715 -0.6498
vn 0.1339 -0.5292 -0.8379
vn -0.5911 -0.4736 -0.6529
vn 0.1535 -0.4498 -0.8798
vn -0.5884 -0.3160 -0.7443
vn -0.3065 -0.4528 -0.8373
vn 0.6475 -0.3882 -0.6557
vn -0.7187 -0.3567 -0.5969
vn -0.2804 -0.5495 -0.7870
vn 0.2024 -0.5219 -0.8286
vn 0.3522 -0.5904 -0.7262
vn -0.1772 -0.6748 -0.7164
vn 0.3212 -0.6529 -0.6860
vn -0.1533 -0.6137 -0.7745
vn 0.8844 -0.3076 -0.3510
vn 0.8073 -0.4387 -0.3947
vn -0.7468 -0.3909 -0.5381
vn -0.6867 -0.4780 -0.5476
vn -0.6932 -0.5100 -0.5093
vn 0.2191 -0.6200 -0.7534
vn -0.1650 -0.6399 -0.7505
vn 0.3519 -0.6465 -0.6769
vn -0.5061 -0.5224 -0.6863
vn 0.7551 -0.4251 -0.4991
vn 0.8370 -0.3984 -0.3752
vn -0.2128 -0.7108 -0.6705
vn 0.1761 -0.6861 -0.7059
vn -0.5694 -0.5264 -0.6314
vn -0.3016 -0.6577 -0.6903
vn 0.1512 -0.6053 -0.7815
vn 0.7605 -0.4231 -0.4925
vn 0.8136 -0.4319 -0.3893
vn 0.6325 -0.4595 -0.6235
vn -0.7616 -0.4635 -0.4529
vn 0.2146 -0.6022 -0.7690
vn -0.3918 -0.6053 -0.6929
vn 0.7485 -0.4415 -0.4947
vn 0.1762 -0.6831 -0.7088
vn 0.6372 -0.5766 -0.5114
vn 0.7415 -0.3875 -0.5477
vn -0.8677 -0.3162 -0.3837
vn 0.5864 -0.6584 -0.4719
vn 0.2497 -0.7635 -0.5956
vn -0.1602 -0.8098 -0.5643
vn 0.4601 -0.6819 -0.5687
vn -0.1626 -0.7346 -0.6588
vn -0.7609 -0.4965 -0.4177
vn -0.5623 -0.6795 -0.4712
vn 0.2878 -0.8040 -0.5204
vn 0.2867 -0.7206 -0.6313
vn -0.2589 -0.7614 -0.5943
vn 0.2576 -0.7856 -0.5625
vn 0.8154 -0.4503 -0.3637
vn 0.5767 -0.6678 -0.4706
vn -0.6972 -0.4914 -0.5219
vn -0.7073 -0.5301 -0.4677
vn -0.6459 -0.6195 -0.4461
vn 0.2781 -0.8121 -0.5129
vn -0.1964 -0.8133 -0.5477
vn -0.1858 -0.7165 -0.6724
vn -0.2589 -0.7570 -0.6000
vn 0.1089 -0.7859 -0.6087
vn 0.4282 -0.6902 -0.5833
vn 0.6702 -0.6137 -0.4173
vn -0.7190 -0.5228 -0.4579
vn -0.4825 -0.7226 -0.4950
vn -0.3431 -0.7910 -0.5066
vn 0.2135 -0.8075 -0.5499
vn 0.2118 -0.7498 -0.6268
vn -0.3179 -0.7479 -0.5828
vn 0.2287 -0.7937 -0.5637
vn 0.6161 -0.6506 -0.4441
vn -0.3108 -0.6891 -0.6547
vn -0.7201 -0.4689 -0.5115
vn -0.7800 -0.4810 -0.4004
vn 0.3839 -0.8241 -0.4165
vn -0.2450 -0.8465 -0.4727
vn -0.1860 -0.8959 -0.4035
vn 0.8686 -0.4345 -0.2384
vn -0.7496 -0.5651 -0.3445
vn -0.7435 -0.5972 -0.3009
vn -0.7307 -0.6372 -0.2452
vn 0.3457 -0.8358 -0.4265
vn -0.2466 -0.8435 -0.4773
vn -0.1984 -0.8941 -0.4016
vn 0.7659 -0.5649 -0.3070
vn -0.6538 -0.6582 -0.3733
vn -0.7167 -0.6216 -0.3162
vn 0.2686 -0.8396 -0.4722
vn -0.4038 -0.8145 -0.4166
vn 0.2364 -0.8892 -0.3918
vn 0.3089 -0.8864 -0.3448
vn -0.3642 -0.8613 -0.3542
vn -0.8375 -0.4943 -0.2330
vn 0.2549 -0.8421 -0.4753
vn -0.4208 -0.8074 -0.4136
vn 0.2237 -0.8915 -0.3939
vn -0.3113 -0.8022 -0.5095
vn -0.3704 -0.8579 -0.3562
vn -0.8287 -0.5009 -0.2497
vn 0.3760 -0.8622 -0.3395
vn -0.1613 -0.9335 -0.3201
vn 0.4072 -0.8671 -0.2869
vn -0.2255 -0.9384 -0.2619
vn -0.6011 -0.7844 -0.1526
vn -0.1364 -0.9715 -0.1940
vn -0.1521 -0.9383 -0.3105
vn -0.1517 -0.9657 -0.2106
vn -0.6184 -0.7662 -0.1746
vn 0.2205 -0.9254 -0.3081
vn -0.3342 -0.9202 -0.2038
vn 0.1214 -0.9660 -0.2281
vn -0.3099 -0.9026 -0.2989
vn 0.2302 -0.9392 -0.2549
vn 0.1804 -0.9647 -0.1916
vn 0.1655 -0.9293 -0.3301
vn -0.3567 -0.8876 -0.2914
vn -0.3657 -0.9069 -0.2093
vn -0.6497 -0.7446 -0.1530
vn 0.3761 -0.9181 -0.1254
vn -0.1653 -0.9854 -0.0408
vn 0.5874 -0.8075 -0.0547
vn -0.1259 -0.9837 -0.1281
vn -0.1293 -0.9912 0.0267
vn 0.2790 -0.9547 -0.1030
vn -0.1803 -0.9828 -0.0409
vn 0.4099 -0.9110 0.0463
vn 0.3612 -0.9322 0.0227
vn -0.2218 -0.9669 -0.1265
vn -0.1664 -0.9855 0.0320
vn 0.1640 -0.9850 -0.0538
vn -0.3075 -0.9457 -0.1051
vn 0.2151 -0.9759 0.0357
vn 0.1111 -0.9850 -0.1322
vn -0.1779 -0.9835 0.0318
vn 0.1281 -0.9912 -0.0320
vn -0.1387 -0.9833 -0.1179
vn 0.2062 -0.9781 0.0283
vn 0.1286 -0.9830 -0.1306
vn -0.3291 -0.9439 0.0267
vn -0.1065 -0.9862 0.1265
vn 0.2840 -0.9395 0.1917
vn -0.1808 -0.9648 0.1907
vn 0.3618 -0.9272 0.0973
vn -0.1654 -0.9784 0.1243
vn 0.3083 -0.9307 0.1970
vn -0.2212 -0.9569 0.1884
vn -0.2547 -0.9605 0.1118
vn 0.1931 -0.9736 0.1219
vn 0.2442 -0.9520 0.1847
vn -0.3095 -0.9281 0.2068
vn -0.2994 -0.9475 0.1124
vn 0.2052 -0.9709 0.1236
vn 0.2283 -0.9587 0.1695
vn -0.6739 -0.7307 0.1092
vn -0.2866 -0.9343 0.2121
vn 0.3267 -0.9001 0.2882
vn -0.2525 -0.9330 0.2566
vn -0.2282 -0.9095 0.3476
vn -0.3034 -0.8700 0.3886
vn 0.3125 -0.9047 0.2896
vn -0.2376 -0.9366 0.2576
vn -0.2442 -0.9062 0.3452
vn -0.4851 -0.8012 0.3502
vn 0.2665 -0.9293 0.2558
vn -0.3666 -0.8840 0.2903
vn 0.2165 -0.9121 0.3481
vn 0.2335 -0.9377 0.2573
vn -0.3560 -0.8889 0.2884
vn 0.1669 -0.9206 0.3530
vn 0.5609 -0.7535 0.3430
vn 0.2525 -0.9336 0.2544
vn -0.2177 -0.8715 0.4395
vn 0.3559 -0.8102 0.4657
vn 0.2885 -0.7838 0.5500
vn -0.2263 -0.8223 0.5221
vn -0.7234 -0.6054 0.3320
vn -0.6357 -0.6489 0.4182
vn 0.0801 -0.8889 0.4511
vn -0.1629 -0.8364 0.5233
vn 0.6102 -0.6900 0.3893
vn -0.1473 -0.8835 0.4447
vn -0.5462 -0.7222 0.4243
vn 0.7777 -0.5352 0.3298
vn 0.2738 -0.7872 0.5526
vn 0.4141 -0.8342 0.3642
vn 0.2007 -0.8727 0.4451
vn -0.4549 -0.8158 0.3571
vn -0.3502 -0.8234 0.4465
vn 0.7807 -0.5385 0.3170
vn 0.2135 -0.8235 0.5256
vn -0.7343 -0.5760 0.3592
vn -0.2410 -0.7965 0.5545
vn 0.1934 -0.8783 0.4372
vn -0.4680 -0.8092 0.3552
vn -0.5876 -0.6973 0.4105
vn 0.7255 -0.6052 0.3277
vn 0.2272 -0.8195 0.5260
vn 0.7283 -0.5829 0.3602
vn -0.8513 -0.4361 0.2918
vn -0.4397 -0.7307 0.5223
vn -0.0820 -0.7603 0.6443
vn 0.4325 -0.6809 0.5911
vn 0.7464 -0.5135 0.4234
vn -0.6427 -0.6031 0.4724
vn -0.1709 -0.7912 0.5872
vn -0.1236 -0.7171 0.6859
vn -0.6151 -0.5756 0.5388
vn -0.6725 -0.5096 0.5367
vn 0.6089 -0.5311 0.5892
vn 0.0036 -0.7700 0.6380
vn 0.5081 -0.6519 0.5629
vn -0.1844 -0.7883 0.5870
vn -0.5313 -0.6268 0.5699
vn 0.7671 -0.4974 0.4052
vn -0.6304 -0.6119 0.4777
vn -0.0629 -0.7217 0.6894
vn -0.6819 -0.4866 0.5462
vn 0.5663 -0.5589 0.6057
vn 0.1638 -0.7764 0.6086
vn -0.2023 -0.7415 0.6397
vn 0.3827 -0.6951 0.6086
vn 0.2266 -0.7031 0.6741
vn 0.7619 -0.4657 0.4501
vn 0.6670 -0.6190 0.4146
vn -0.6805 -0.5749 0.4544
vn -0.5443 -0.5852 0.6011
vn 0.2880 -0.7503 0.5951
vn -0.2436 -0.7310 0.6374
vn 0.5322 -0.6249 0.5712
vn 0.1305 -0.7179 0.6838
vn 0.5696 -0.5591 0.6024
vn 0.6731 -0.5785 0.4608
vn -0.4741 -0.6940 0.5418
vn -0.5792 -0.5670 0.5857
vn 0.3808 -0.5528 0.7412
vn -0.0988 -0.6481 0.7551
vn -0.1658 -0.5537 0.8160
vn 0.8339 -0.3023 0.4618
vn 0.4539 -0.4729 0.7552
vn 0.8486 -0.3215 0.4202
vn 0.2428 -0.6410 0.7281
vn 0.6034 -0.4881 0.6306
vn -0.1473 -0.6363 0.7572
vn -0.2443 -0.5567 0.7940
vn 0.0796 -0.6604 0.7467
vn -0.7135 -0.4058 0.5713
vn 0.3626 -0.5036 0.7842
vn 0.1771 -0.6490 0.7399
vn -0.5506 -0.4704 0.6896
vn 0.1503 -0.5661 0.8105
vn 0.7603 -0.4047 0.5081
vn 0.6539 -0.4447 0.6121
vn -0.5274 -0.5422 0.6541
vn 0.1810 -0.6503 0.7378
vn -0.5358 -0.5203 0.6649
vn 0.2041 -0.5584 0.8040
vn 0.7416 -0.4303 0.5147
vn 0.6386 -0.4393 0.6318
vn -0.0912 -0.6599 0.7458
vn -0.3130 -0.5088 0.8020
vn 0.4206 -0.4128 0.8079
vn -0.2314 -0.4795 0.8465
vn -0.2254 -0.3951 0.8905
vn 0.8695 -0.2083 0.4478
vn 0.4099 -0.3288 0.8508
vn 0.7906 -0.2190 0.5717
vn 0.5169 -0.4159 0.7482
vn -0.5843 -0.4012 0.7054
vn -0.7548 -0.2890 0.5888
vn -0.7459 -0.2468 0.6187
vn 0.4037 -0.4160 0.8148
vn -0.2697 -0.4742 0.8381
vn -0.2771 -0.3840 0.8808
vn 0.8376 -0.2323 0.4944
vn 0.3785 -0.3284 0.8654
vn 0.7615 -0.3367 0.5539
vn -0.7809 -0.3119 0.5412
vn -0.7512 -0.2872 0.5944
vn -0.7964 -0.2207 0.5630
vn 0.2605 -0.4741 0.8411
vn -0.1994 -0.4351 0.8780
vn 0.1318 -0.3989 0.9075
vn -0.2870 -0.5104 0.8106
vn 0.7526 -0.2878 0.5922
vn 0.5319 -0.4219 0.7342
vn -0.7427 -0.3328 0.5811
vn 0.2358 -0.4798 0.8451
vn -0.4208 -0.4136 0.8074
vn 0.1862 -0.3969 0.8988
vn 0.5414 -0.3786 0.7507
vn 0.6374 -0.2681 0.7224
vn 0.5961 -0.3971 0.6978
vn -0.6067 -0.3849 0.6955
vn -0.3729 -0.3560 0.8569
vn -0.8579 -0.2258 0.4615
vn -0.8578 -0.1811 0.4810
vn -0.2061 -0.2578 0.9440
vn 0.3811 -0.2434 0.8919
vn 0.8597 -0.1475 0.4890
vn -0.2151 -0.3086 0.9265
vn -0.7004 -0.1895 0.6882
vn -0.6006 -0.1525 0.7849
vn -0.1793 -0.2193 0.9590
vn 0.2838 -0.1428 0.9482
vn 0.3670 -0.2453 0.8973
vn -0.2584 -0.3060 0.9163
vn -0.2433 -0.2107 0.9468
vn -0.1845 -0.2074 0.9607
vn 0.1742 -0.3289 0.9282
vn 0.2717 -0.2612 0.9263
vn -0.5092 -0.3522 0.7853
vn -0.3136 -0.3004 0.9008
vn -0.2357 -0.2172 0.9472
vn -0.6540 -0.1669 0.7379
vn 0.1573 -0.2590 0.9530
vn 0.1865 -0.3343 0.9238
vn -0.3569 -0.2915 0.8875
vn -0.1038 -0.1768 0.9788
vn -0.1455 -0.1260 0.9813
vn 0.8940 -0.0229 0.4475
vn 0.3820 0.0233 0.9239
vn -0.2296 -0.0203 0.9731
vn 0.3695 -0.1611 0.9152
vn -0.2250 -0.1178 0.9672
vn 0.3875 -0.0683 0.9193
vn 0.3133 0.0239 0.9493
vn -0.2182 -0.0282 0.9755
vn -0.2165 0.0267 0.9759
vn 0.1561 -0.0711 0.9852
vn 0.1599 0.0319 0.9866
vn 0.0933 -0.1446 0.9851
vn 0.1928 -0.1183 0.9741
vn -0.6114 -0.1332 0.7800
vn 0.3082 -0.0696 0.9488
vn 0.2297 -0.0203 0.9730
vn -0.3821 0.0233 0.9238
vn 0.3568 0.1147 0.9271
vn -0.1414 0.1682 0.9756
vn -0.2323 0.0700 0.9701
vn 0.3096 0.1081 0.9447
vn 0.0064 0.1724 0.9850
vn -0.1603 0.1103 0.9809
vn 0.1969 0.1111 0.9741
vn -0.0063 0.1724 0.9850
vn -0.3098 0.1075 0.9447
vn 0.1414 0.1682 0.9756
vn -0.3569 0.1147 0.9271
vn -0.4699 0.1347 0.8724
vn 0.2324 0.0700 0.9701
vn 0.1203 0.3170 0.9408
vn -0.1437 0.2609 0.9546
vn -0.1139 0.3428 0.9325
vn 0.3756 0.2887 0.8807
vn -0.2123 0.2550 0.9434
vn -0.1617 0.3365 0.9277
vn 0.7791 0.1626 0.6055
vn 0.8596 0.1935 0.4730
vn 0.3438 0.2031 0.9168
vn 0.2122 0.2550 0.9434
vn -0.3758 0.2887 0.8806
vn 0.1617 0.3365 0.9277
vn -0.3441 0.2030 0.9167
vn 0.1438 0.2609 0.9546
vn -0.3512 0.2866 0.8914
vn 0.2105 0.3492 0.9131
vn 0.7175 0.2995 0.6289
vn 0.2976 0.4360 0.8493
vn -0.2467 0.5044 0.8274
vn 0.1527 0.5332 0.8321
vn 0.3947 0.5157 0.7604
vn -0.1237 0.4354 0.8917
vn -0.5254 0.4842 0.6996
vn 0.1730 0.4461 0.8781
vn -0.2581 0.5033 0.8247
vn 0.0876 0.5331 0.8415
vn -0.1268 0.4413 0.8884
vn -0.5116 0.4779 0.7141
vn 0.1789 0.5085 0.8422
vn -0.1730 0.4460 0.8782
vn -0.3814 0.4976 0.7790
vn 0.0977 0.4449 0.8903
vn -0.2095 0.5743 0.7914
vn 0.2294 0.5052 0.8319
vn -0.3250 0.4252 0.8448
vn -0.0979 0.5286 0.8432
vn 0.6580 0.3595 0.6617
vn 0.1691 0.4500 0.8769
vn -0.3081 0.3873 0.8690
vn -0.8552 0.2451 0.4567
vn 0.4685 0.5096 0.7217
vn -0.1976 0.6001 0.7751
vn 0.2931 0.6247 0.7238
vn 0.8518 0.3197 0.4151
vn 0.6330 0.5472 0.5476
vn -0.6378 0.4880 0.5959
vn -0.1950 0.6643 0.7216
vn -0.6326 0.5267 0.5678
vn -0.1267 0.7157 0.6868
vn 0.2744 0.6981 0.6614
vn -0.2093 0.5993 0.7727
vn 0.2467 0.6372 0.7301
vn 0.7786 0.3902 0.4915
vn 0.5848 0.5659 0.5812
vn -0.6492 0.4710 0.5973
vn -0.1372 0.6820 0.7183
vn -0.6591 0.5241 0.5394
vn 0.2990 0.5818 0.7564
vn -0.2879 0.6313 0.7201
vn 0.7669 0.3881 0.5111
vn 0.1685 0.6804 0.7132
vn 0.7244 0.4802 0.4946
vn -0.8074 0.3742 0.4562
vn -0.5706 0.5660 0.5950
vn 0.2278 0.5999 0.7670
vn -0.6386 0.4400 0.6313
vn -0.3110 0.6221 0.7185
vn 0.7266 0.4306 0.5353
vn 0.2283 0.6710 0.7054
vn 0.6087 0.5398 0.5815
vn -0.6964 0.4372 0.5692
vn -0.8181 0.4005 0.4126
vn -0.3097 0.6883 0.6559
vn -0.1449 0.7716 0.6194
vn 0.3030 0.7501 0.5879
vn 0.8505 0.4002 0.3414
vn -0.6166 0.5922 0.5187
vn -0.1538 0.8250 0.5438
vn -0.6402 0.6236 0.4485
vn -0.6646 0.6374 0.3899
vn 0.4215 0.7341 0.5324
vn 0.2331 0.7692 0.5950
vn -0.2481 0.7230 0.6448
vn -0.1162 0.8141 0.5689
vn 0.2847 0.6969 0.6583
vn 0.7135 0.5268 0.4620
vn -0.6858 0.5625 0.4618
vn -0.7665 0.5364 0.3531
vn 0.2481 0.7230 0.6448
vn -0.2329 0.7693 0.5950
vn 0.0778 0.8194 0.5680
vn -0.2847 0.6969 0.6583
vn 0.6952 0.5670 0.4418
vn 0.7056 0.5934 0.3872
vn -0.6955 0.5455 0.4676
vn 0.2328 0.7369 0.6346
vn -0.4315 0.7105 0.5559
vn 0.6480 0.6106 0.4553
vn 0.1589 0.8055 0.5710
vn 0.6778 0.6259 0.3858
vn 0.5784 0.6114 0.5400
vn -0.4231 0.6871 0.5907
vn 0.4127 0.8280 0.3795
vn -0.1275 0.8676 0.4805
vn -0.0984 0.9142 0.3932
vn 0.6378 0.6878 0.3467
vn 0.8549 0.4734 0.2120
vn 0.8390 0.4564 0.2962
vn 0.2634 0.8372 0.4792
vn -0.6633 0.6629 0.3473
vn 0.2782 0.8368 0.4715
vn -0.2154 0.8368 0.5033
vn -0.2666 0.8600 0.4351
vn 0.6493 0.6804 0.3399
vn 0.4304 0.8232 0.3703
vn 0.8044 0.5414 0.2446
vn 0.8155 0.4857 0.3147
vn -0.7380 0.6042 0.3004
vn -0.2488 0.9037 0.3486
vn -0.7908 0.5595 0.2481
vn 0.1403 0.8651 0.4817
vn -0.2259 0.8898 0.3964
vn 0.1463 0.9117 0.3840
vn 0.7678 0.5765 0.2795
vn -0.2537 0.8383 0.4826
vn -0.8162 0.4858 0.3128
vn -0.7657 0.5699 0.2982
vn -0.7572 0.6094 0.2349
vn 0.1280 0.8668 0.4820
vn -0.3208 0.8664 0.3827
vn 0.0984 0.9142 0.3932
vn 0.6631 0.6630 0.3474
vn -0.2340 0.8396 0.4903
vn -0.6604 0.6435 0.3872
vn 0.3833 0.8770 0.2898
vn -0.1784 0.9592 0.2194
vn 0.3786 0.9058 0.1902
vn 0.8425 0.5132 0.1638
vn -0.1633 0.9356 0.3129
vn -0.5668 0.7658 0.3038
vn -0.6532 0.7212 0.2308
vn 0.4129 0.8649 0.2854
vn -0.2383 0.9361 0.2586
vn 0.4083 0.8922 0.1930
vn 0.8044 0.5661 0.1801
vn -0.7688 0.6099 0.1926
vn -0.2124 0.9639 0.1608
vn -0.7802 0.6083 0.1460
vn -0.4350 0.8882 0.1482
vn 0.2384 0.9362 0.2581
vn -0.3127 0.9064 0.2841
vn -0.4084 0.8922 0.1930
vn 0.2176 0.9615 0.1677
vn 0.3795 0.8598 0.3416
vn 0.2242 0.9087 0.3521
vn 0.7708 0.6077 0.1913
vn -0.8205 0.5531 0.1445
vn -0.6008 0.7881 0.1339
vn 0.1784 0.9592 0.2194
vn -0.3057 0.9076 0.2878
vn -0.3787 0.9058 0.1902
vn 0.6594 0.7316 0.1732
vn 0.1633 0.9356 0.3129
vn 0.5667 0.7658 0.3039
vn 0.6532 0.7212 0.2307
vn -0.6312 0.7647 0.1298
vn -0.1114 0.9917 0.0649
vn 0.0723 0.9956 0.0604
vn -0.1434 0.9753 0.1683
vn -0.6054 0.7959 0.0092
vn -0.2026 0.9789 -0.0256
vn -0.1456 0.9857 0.0849
vn 0.0589 0.9964 0.0609
vn -0.5539 0.8324 0.0185
vn -0.2137 0.9766 -0.0238
vn 0.1423 0.9881 0.0582
vn -0.5468 0.8299 0.1108
vn -0.0585 0.9964 0.0609
vn -0.5483 0.8361 0.0185
vn 0.1805 0.9824 -0.0472
vn 0.1114 0.9917 0.0649
vn -0.5658 0.8176 0.1067
vn -0.0721 0.9956 0.0604
vn 0.1434 0.9753 0.1683
vn -0.5170 0.8557 0.0224
vn 0.2026 0.9789 -0.0256
vn 0.3273 0.9416 -0.0788
vn -0.1532 0.9812 -0.1177
vn 0.3826 0.9007 -0.2057
vn -0.2055 0.9542 -0.2174
vn 0.3128 0.9465 -0.0792
vn -0.1699 0.9783 -0.1182
vn 0.3651 0.9076 -0.2073
vn -0.1979 0.9553 -0.2195
vn 0.1688 0.9791 -0.1139
vn -0.3129 0.9465 -0.0792
vn 0.2218 0.9509 -0.2159
vn 0.7789 0.6233 -0.0693
vn -0.3598 0.9100 -0.2062
vn 0.1536 0.9812 -0.1173
vn -0.3274 0.9416 -0.0788
vn 0.2072 0.9541 -0.2164
vn -0.3766 0.9035 -0.2047
vn 0.1950 0.9307 -0.3096
vn -0.1924 0.9322 -0.3064
vn -0.1456 0.9118 -0.3839
vn 0.1834 0.9328 -0.3103
vn -0.1795 0.9356 -0.3040
vn -0.1386 0.9137 -0.3819
vn -0.5658 0.7867 -0.2469
vn 0.0711 0.9464 -0.3150
vn 0.1923 0.9084 -0.3711
vn -0.5398 0.8044 -0.2480
vn 0.1664 0.9382 -0.3034
vn 0.1354 0.9194 -0.3692
vn 0.2698 0.8561 -0.4407
vn -0.1244 0.8431 -0.5232
vn 0.2593 0.8132 -0.5210
vn 0.8256 0.4896 -0.2805
vn -0.1276 0.8877 -0.4423
vn 0.3465 0.8298 -0.4375
vn -0.1734 0.8385 -0.5167
vn 0.2485 0.8147 -0.5240
vn -0.2079 0.8714 -0.4444
vn 0.1069 0.8619 -0.4956
vn 0.1724 0.8387 -0.5166
vn -0.1894 0.8747 -0.4461
vn -0.2479 0.8148 -0.5241
vn 0.7853 0.5394 -0.3039
vn 0.1776 0.8816 -0.4374
vn 0.1243 0.8431 -0.5232
vn -0.3297 0.8423 -0.4264
vn -0.2575 0.8137 -0.5211
vn 0.1204 0.8856 -0.4487
vn 0.4203 0.7147 -0.5591
vn -0.1579 0.7905 -0.5918
vn -0.1868 0.7519 -0.6322
vn 0.4538 0.7285 -0.5132
vn -0.5109 0.6493 -0.5634
vn -0.7342 0.4856 -0.4745
vn -0.2466 0.6926 -0.6779
vn 0.2398 0.6728 -0.6999
vn -0.1408 0.7814 -0.6079
vn -0.1128 0.7204 -0.6843
vn 0.6616 0.6087 -0.4380
vn 0.3652 0.7358 -0.5703
vn -0.6905 0.5465 -0.4738
vn 0.2106 0.7793 -0.5903
vn -0.5435 0.6375 -0.5461
vn 0.1650 0.7130 -0.6815
vn 0.7861 0.4670 -0.4048
vn -0.1650 0.7776 -0.6067
vn -0.7897 0.4312 -0.4364
vn -0.4187 0.6284 -0.6556
vn 0.1578 0.7905 -0.5918
vn -0.4204 0.7146 -0.5591
vn 0.1869 0.7519 -0.6322
vn 0.7019 0.5186 -0.4882
vn 0.2439 0.6918 -0.6797
vn 0.6403 0.6286 -0.4414
vn 0.6150 0.5946 -0.5180
vn -0.2396 0.6728 -0.6999
vn 0.2380 0.5948 -0.7678
vn -0.2314 0.6346 -0.7374
vn -0.1278 0.5723 -0.8101
vn 0.6812 0.4749 -0.5571
vn -0.7297 0.4668 -0.4996
vn -0.7420 0.4106 -0.5299
vn -0.7585 0.3454 -0.5526
vn 0.2279 0.5963 -0.7698
vn -0.2358 0.6316 -0.7386
vn -0.1507 0.5693 -0.8082
vn 0.6384 0.4993 -0.5858
vn 0.2459 0.6723 -0.6983
vn -0.6327 0.5160 -0.5775
vn -0.6572 0.4329 -0.6170
vn 0.2358 0.6316 -0.7385
vn -0.2986 0.5884 -0.7514
vn 0.2441 0.5593 -0.7922
vn 0.6564 0.4334 -0.6175
vn 0.6218 0.5216 -0.5842
vn -0.4324 0.5897 -0.6822
vn 0.2498 0.6305 -0.7349
vn -0.3110 0.5859 -0.7483
vn 0.2325 0.5609 -0.7946
vn 0.6249 0.4485 -0.6391
vn 0.7134 0.4515 -0.5358
vn -0.6811 0.4750 -0.5571
vn 0.5990 0.3208 -0.7337
vn -0.1415 0.4862 -0.8623
vn -0.1342 0.4064 -0.9038
vn 0.4190 0.4496 -0.7889
vn -0.5256 0.4180 -0.7410
vn -0.4720 0.3476 -0.8101
vn 0.5006 0.3536 -0.7901
vn -0.1485 0.4925 -0.8576
vn -0.1487 0.4055 -0.9019
vn 0.5705 0.4126 -0.7101
vn -0.6512 0.3679 -0.6638
vn -0.5587 0.3267 -0.7623
vn 0.2381 0.4855 -0.8412
vn -0.2388 0.4302 -0.8706
vn 0.1544 0.4088 -0.8995
vn 0.6470 0.3695 -0.6669
vn 0.6450 0.3016 -0.7021
vn -0.2948 0.5106 -0.8077
vn -0.7979 0.3469 -0.4929
vn -0.7903 0.3086 -0.5293
vn -0.5098 0.3407 -0.7899
vn 0.2270 0.4865 -0.8437
vn -0.2498 0.4289 -0.8681
vn 0.1396 0.4099 -0.9014
vn 0.6119 0.3836 -0.6917
vn 0.6150 0.3113 -0.7245
vn -0.3076 0.5084 -0.8043
vn -0.8258 0.3253 -0.4608
vn -0.5846 0.4028 -0.7043
vn -0.5979 0.3071 -0.7404
vn 0.3868 0.2884 -0.8759
vn -0.2285 0.2554 -0.9395
vn 0.3555 0.2005 -0.9129
vn 0.9085 0.1122 -0.4026
vn -0.1853 0.3443 -0.9204
vn -0.7205 0.2335 -0.6529
vn -0.7095 0.1711 -0.6836
vn 0.5419 0.2514 -0.8019
vn -0.2432 0.2549 -0.9359
vn 0.3338 0.2033 -0.9205
vn 0.6731 0.2004 -0.7118
vn -0.2006 0.3437 -0.9174
vn -0.7777 0.2056 -0.5941
vn -0.2508 0.1735 -0.9524
vn -0.7086 0.1735 -0.6840
vn 0.2433 0.2549 -0.9358
vn -0.5416 0.2512 -0.8022
vn -0.3339 0.2033 -0.9204
vn 0.7846 0.1538 -0.6006
vn 0.2781 0.1719 -0.9450
vn 0.7078 0.2417 -0.6638
vn 0.1972 0.3426 -0.9185
vn -0.6720 0.2007 -0.7129
vn 0.2285 0.2554 -0.9394
vn -0.3871 0.2882 -0.8758
vn -0.3555 0.2004 -0.9129
vn 0.7096 0.1711 -0.6835
vn 0.7079 0.2429 -0.6632
vn 0.1817 0.3431 -0.9215
vn -0.8961 0.1162 -0.4285
vn -0.9566 0.2298 -0.1792
vn -0.9583 0.2044 -0.2000
vn -0.7631 0.4339 -0.4790
vn -0.9764 -0.0771 -0.2018
vn -0.8622 -0.1026 -0.4961
vn -0.9176 -0.3455 0.1966
vn -0.9255 -0.3094 0.2182
vn 0.9207 0.1971 0.3367
vn 0.7900 0.3243 0.5203
vn 0.9605 0.1988 -0.1945
vn 0.9781 -0.0652 -0.1974
vn 0.9045 -0.1570 -0.3966
vn -0.9995 0.0189 0.0257
vn -0.9526 0.1675 0.2538
vn 0.8019 -0.5594 0.2098
vn 0.8818 -0.4113 0.2307
vn 0.9696 -0.1989 0.1425
vn -0.9582 0.2011 -0.2033
vn -0.9887 0.1263 -0.0813
vn -0.9036 0.3885 -0.1807
vn -0.9932 0.0731 -0.0901
vn -0.9625 -0.0919 -0.2554
vn -0.9441 -0.0735 -0.3213
vn -0.8137 -0.4762 0.3334
vn -0.8940 -0.3926 0.2157
vn 0.9640 0.1715 0.2032
vn 0.9998 0.0119 0.0147
vn 0.9239 0.2976 -0.2406
vn 0.7973 0.4212 -0.4324
vn 0.9149 -0.1279 -0.3828
vn 0.9334 -0.1563 -0.3229
vn -0.9661 0.1677 0.1961
vn -0.8628 0.3589 0.3560
vn -0.9172 0.2427 0.3159
vn -0.7915 0.3692 0.4871
vn 0.9772 -0.1874 0.0997
vn 0.9831 -0.1438 0.1130
vn 0.8972 -0.3608 0.2545
vn -0.9085 0.3285 -0.2583
vn -1.0000 0.0011 -0.0022
vn -0.6829 0.5635 -0.4649
vn -0.9996 0.0101 0.0266
vn -0.9995 -0.0009 -0.0319
vn -0.9654 -0.2161 0.1462
vn -0.9512 -0.2694 0.1504
vn 0.9561 0.2082 0.2064
vn 0.8325 0.2734 -0.4818
vn 1.0000 -0.0021 0.0012
vn 0.8719 0.2884 -0.3957
vn 0.9001 -0.2344 -0.3672
vn 1.0000 -0.0044 -0.0076
vn -0.9498 0.2047 0.2366
vn -0.9337 0.2559 0.2505
vn 0.9537 -0.2490 0.1689
vn 0.9616 -0.2503 0.1126
vn -0.9485 0.2094 -0.2378
vn -0.7999 -0.2769 -0.5324
vn -0.9538 -0.1602 -0.2540
vn -0.8047 -0.2813 -0.5228
vn -0.9999 -0.0151 0.0066
vn -0.9550 -0.2638 0.1356
vn 0.9799 0.1508 0.1306
vn 0.5480 0.4676 -0.6936
vn 0.9544 0.1383 -0.2646
vn 0.9070 0.2387 -0.3470
vn 0.9558 -0.1328 -0.2621
vn 0.9664 -0.1459 -0.2115
vn -0.9614 0.1976 0.1913
vn 1.0000 -0.0040 -0.0002
vn 0.9471 -0.2329 0.2208
vn -0.9535 0.1847 -0.2383
vn -0.9853 -0.0850 -0.1479
vn -0.8238 -0.3276 -0.4626
vn -0.8613 -0.2181 -0.4589
vn -0.9055 -0.3209 0.2777
vn 0.9528 0.1744 0.2483
vn 0.8702 0.3427 0.3541
vn 0.9610 0.2033 0.1875
vn 0.8718 0.2698 -0.4087
vn 0.9399 0.2153 -0.2650
vn 0.7846 0.4171 -0.4587
vn 0.9468 0.1686 -0.2742
vn 0.9460 -0.1432 -0.2909
vn 0.8999 -0.2268 -0.3724
vn 0.9811 -0.1134 -0.1568
vn -0.9999 0.0089 0.0084
vn -0.9630 0.1766 0.2033
vn 0.9526 -0.2201 0.2103
vn -0.5051 0.4789 -0.7180
vn -0.9615 0.1359 -0.2387
vn -0.9553 -0.1658 -0.2446
vn -0.9506 -0.1355 -0.2791
vn -0.9774 -0.1688 0.1273
vn -0.5161 -0.6417 0.5673
vn -0.9810 -0.1264 0.1471
vn 0.9626 0.2357 0.1333
vn 0.9537 0.2040 -0.2208
vn 0.8960 0.2789 -0.3455
vn 0.8297 0.2978 -0.4721
vn 0.9221 0.2060 -0.3275
vn 0.8340 -0.2586 -0.4874
vn 0.9557 -0.1553 -0.2502
vn 0.7978 -0.2780 -0.5350
vn -0.9050 0.3311 0.2671
vn -0.9652 0.1960 0.1733
vn -0.8125 0.4773 0.3347
vn -0.9062 0.3559 0.2281
vn 0.9728 -0.1542 0.1730
vn -0.9170 0.2317 -0.3245
vn -0.9595 0.1976 -0.2008
vn -1.0000 0.0039 -0.0073
vn -0.9525 -0.1649 -0.2560
vn -0.9501 -0.1442 -0.2767
vn -0.8341 -0.1747 -0.5232
vn -0.9994 -0.0178 -0.0281
vn -0.7795 -0.4734 0.4103
vn 0.9411 0.2587 0.2178
vn 0.4835 0.7109 0.5107
vn 0.9686 0.2151 0.1247
vn 0.6132 0.4482 -0.6504
vn 0.8354 0.2256 -0.5012
vn -0.9423 0.2727 0.1942
vn 0.9105 -0.3021 0.2825
vn -0.9502 0.1731 -0.2592
vn -0.8762 0.2240 -0.4267
vn -0.9573 0.1245 -0.2607
vn -0.9128 -0.2641 -0.3116
vn -0.9512 -0.2333 -0.2020
vn -0.9991 -0.0317 0.0273
vn -0.8524 -0.3951 0.3424
vn 0.9117 0.3147 0.2640
vn 0.5774 0.6902 0.4363
vn 0.5832 0.4602 -0.6694
vn 0.9589 0.1004 -0.2655
vn 0.9908 -0.0948 -0.0970
vn -0.9679 0.2177 0.1254
vn -0.5331 0.6893 0.4906
vn -0.9621 0.2137 0.1696
vn -0.8523 0.1876 -0.4883
vn -0.9745 0.0786 -0.2103
vn -0.9312 0.1574 -0.3288
vn -0.9452 0.1777 -0.2740
vn -0.9338 -0.2274 -0.2762
vn -0.9415 -0.2483 -0.2280
vn -0.9147 -0.2771 0.2942
vn -0.7911 -0.4260 0.4389
vn -0.9312 -0.2001 0.3045
vn -0.9268 -0.2382 0.2902
vn -0.6634 -0.4483 0.5991
vn 0.9026 0.3343 0.2713
vn 0.8126 0.4771 0.3347
vn 0.9065 0.3558 0.2274
vn 0.9501 0.1357 -0.2809
vn 0.9726 -0.1621 -0.1668
vn -0.9997 0.0199 0.0123
vn -0.9542 0.2502 0.1639
vn -0.8268 0.4494 0.3383
vn 0.9532 -0.1892 0.2356
vn 0.6942 -0.4094 0.5921
vn 0.8814 -0.2142 0.4210
vn -0.9689 -0.1721 -0.1779
vn -0.8964 -0.3081 0.3186
vn -0.6597 -0.5078 0.5539
vn -0.9734 -0.1153 0.1978
vn 0.9999 0.0102 0.0054
vn 0.9993 0.0345 0.0125
vn 0.9228 0.1674 -0.3470
vn 0.9532 -0.1904 -0.2349
vn 0.7940 -0.4349 -0.4247
vn 0.9306 -0.2603 -0.2574
vn -0.8082 0.5189 0.2785
vn -0.9647 0.2438 0.0994
vn -0.8992 0.3974 0.1831
vn 0.4975 -0.4954 0.7121
vn 0.9810 -0.0974 0.1680
vn -0.9021 0.1823 -0.3912
vn -0.9896 -0.1047 -0.0988
vn -0.8681 -0.3161 0.3827
vn -0.9494 -0.1849 0.2538
vn -0.9914 -0.0925 0.0923
vn -0.5543 -0.5421 0.6316
vn -0.9632 -0.1312 0.2345
vn 0.9903 0.1294 0.0515
vn -0.9471 0.0937 -0.3071
vn 1.0000 -0.0031 -0.0054
vn 0.9413 -0.2672 -0.2064
vn -0.9758 0.1887 0.1103
vn -0.9746 0.2084 0.0822
vn 0.9514 -0.1982 0.2359
vn 0.9011 -0.2635 0.3445
vn 0.9179 -0.2083 0.3376
vn 0.7959 -0.3259 0.5102
vn -0.9503 -0.2646 -0.1643
vn -0.9999 0.0045 -0.0092
vn -0.9716 -0.1277 0.1990
vn -0.9077 -0.2816 0.3112
vn -0.7193 -0.4657 0.5156
vn -0.8240 0.1070 -0.5564
vn 0.9767 0.2000 0.0778
vn 0.9763 0.1902 0.1034
vn 0.9927 -0.0999 -0.0673
vn 0.8085 -0.5049 -0.3024
vn -0.8652 0.4303 0.2575
vn -0.9504 0.2861 0.1218
vn 0.9995 -0.0153 0.0262
vn -0.8633 0.2084 -0.4596
vn -0.9428 0.1100 -0.3147
vn -0.8925 0.1231 -0.4339
vn -0.9839 -0.1459 -0.1028
vn -0.8891 -0.3494 -0.2955
vn -0.9505 -0.2632 -0.1649
vn -0.9504 -0.1451 0.2752
vn -0.7919 -0.3207 0.5197
vn -0.9507 -0.1030 0.2926
vn 0.9486 0.0916 -0.3028
vn 0.7967 0.2135 -0.5654
vn 0.8086 0.5179 0.2793
vn 0.8991 0.3975 0.1832
vn 0.9648 0.2435 0.0993
vn -0.9149 -0.3064 -0.2630
vn 0.9630 -0.2118 -0.1668
vn -0.9165 0.3803 0.1240
vn 0.9993 -0.0352 -0.0150
vn 0.8708 -0.4484 -0.2016
vn 0.8189 -0.2576 0.5129
vn -0.9523 -0.2783 -0.1254
vn -0.8487 -0.3098 0.4286
vn 0.7374 -0.5869 -0.3345
vn 0.8576 -0.4739 -0.1999
vn -0.9718 0.2259 0.0670
vn 0.9148 0.3845 0.1238
vn 0.3182 0.9067 0.2768
vn 0.8437 -0.2461 -0.4772
vn 0.8538 -0.4643 0.2356
vn 0.8665 0.4274 0.2579
vn -0.3396 -0.6307 0.6978
vn -0.7986 -0.3512 -0.4888
vn -0.4554 -0.5985 0.6591
vn 0.8404 0.5059 -0.1944
vn 0.8611 -0.2792 -0.4250
vn 0.8257 0.2408 -0.5102
vn 0.8391 0.1838 -0.5120
vn 0.8285 0.0547 -0.5573
vn 0.8642 -0.3073 0.3985
vn 0.8388 -0.2581 0.4794
vn -0.8561 -0.4500 -0.2540
vn -0.8260 -0.5211 -0.2151
vn -0.8393 -0.1595 -0.5197
vn -0.8545 0.5093 0.1022
vn -0.8630 0.4861 0.1377
vn -0.4687 0.8457 0.2553
vn -0.8384 0.5135 0.1826
vn -0.8395 0.2564 0.4790
vn -0.8410 0.0538 0.5384
vn -0.8606 0.0823 0.5026
vn -0.8321 0.1224 0.5409
vn -0.8373 -0.1593 0.5230
vn -0.4673 -0.5947 0.6542
vn -0.8263 -0.5605 0.0549
vn -0.8602 -0.5098 -0.0112
vn -0.8364 -0.5244 -0.1595
vn -0.4671 0.6836 -0.5608
vn -0.8364 -0.0537 0.5455
vn -0.8573 -0.3723 0.3557
vn -0.8408 -0.5387 -0.0536
vn 0.9759 -0.0770 0.2040
vn 0.9854 -0.0860 0.1466
vn 0.9715 -0.1343 0.1955
vn 0.9911 -0.0619 0.1183
vn 0.9920 -0.0778 0.0991
vn 0.9099 -0.1330 0.3930
vn 0.9541 -0.0488 0.2953
vn 0.9834 -0.0355 0.1778
vn 0.9909 -0.0335 0.1303
vn 0.9709 0.1846 0.1524
vn 0.9859 0.1382 0.0940
vn 0.9770 0.1469 0.1547
vn 0.9913 0.1022 0.0827
vn 0.9786 -0.0091 0.2053
vn 0.9906 -0.0098 0.1362
vn 0.9716 0.2122 0.1047
vn 0.9844 0.1623 0.0684
vn 0.9914 0.1177 0.0580
vn 0.9834 0.1772 0.0391
vn 0.9915 0.1231 0.0413
vn 0.9851 0.1720 -0.0005
vn 0.9909 0.1336 0.0158
vn 0.9782 0.2053 -0.0317
vn 0.9841 0.1453 -0.1026
vn 0.9834 0.1699 -0.0635
vn 0.9912 0.1141 -0.0676
vn 0.9897 0.1364 -0.0439
vn 0.9419 0.2379 -0.2373
vn 0.9776 0.1324 -0.1635
vn 0.9911 0.1030 -0.0847
vn 0.9834 0.0980 -0.1526
vn 0.9905 0.0860 -0.1076
vn 0.9740 0.0821 -0.2111
vn 0.9840 0.0609 -0.1675
vn 0.9849 0.0243 -0.1712
vn 0.9889 0.0457 -0.1412
vn 0.9911 0.0593 -0.1194
vn 0.9793 0.0036 -0.2022
vn 0.9917 0.0136 -0.1278
vn 0.9745 -0.0407 -0.2207
vn 0.9842 -0.0295 -0.1744
vn 0.9912 -0.0074 -0.1325
vn 0.9827 -0.0606 -0.1750
vn 0.9895 -0.0374 -0.1394
vn 0.9835 -0.0857 -0.1591
vn 0.9784 -0.1462 -0.1460
vn 0.9844 -0.1106 -0.1367
vn 0.9779 -0.1673 -0.1251
vn 0.9919 -0.0930 -0.0866
vn 0.9829 -0.1729 -0.0628
vn 0.9851 -0.1482 -0.0876
vn 0.9838 -0.1770 -0.0286
vn 0.9908 -0.1322 -0.0286
vn 0.9724 -0.2326 -0.0182
vn 0.9849 -0.1730 -0.0020
vn 0.9345 -0.3512 -0.0580
vn 0.9762 -0.2160 0.0207
vn 0.9872 -0.1585 0.0192
vn 0.9777 -0.2053 0.0448
vn 0.9912 -0.1324 0.0058
vn 0.9835 -0.1679 0.0672
vn 0.9915 -0.1161 0.0584
vn 0.9912 -0.1281 0.0328
vn 0.9840 -0.1488 0.0979
vn 0.9746 -0.1859 0.1249
vn 0.9708 0.0221 0.2390
vn 0.9839 0.0291 0.1763
vn 0.9935 0.0146 0.1129
vn 0.9830 0.0616 0.1732
vn 0.9888 0.0398 0.1439
vn 0.9830 0.0864 0.1619
vn 0.9929 0.0738 0.0938
vn 1.0000 -0.0004 0.0017
vn 0.9964 0.0327 0.0789
vn 0.9982 -0.0360 0.0473
vn 0.9908 -0.0982 0.0932
vn 0.9897 0.0682 0.1256
vn 1.0000 -0.0009 -0.0027
vn 0.9970 0.0019 0.0780
vn 0.9906 -0.1080 0.0834
vn 0.9976 -0.0638 0.0250
vn 0.9997 0.0231 -0.0102
vn 0.9982 -0.0585 0.0091
vn 0.9940 -0.1087 -0.0105
vn 0.9981 -0.0605 -0.0080
vn 0.9979 -0.0616 -0.0185
vn 0.9911 -0.1212 -0.0550
vn 0.9973 -0.0606 -0.0406
vn 0.9914 -0.1086 -0.0726
vn 0.9989 -0.0269 -0.0380
vn 0.9936 -0.0643 -0.0924
vn 0.9935 -0.0474 -0.1031
vn 0.9898 -0.0670 -0.1253
vn 0.9832 -0.0117 -0.1824
vn 0.9994 -0.0089 -0.0327
vn 0.9982 0.0085 -0.0591
vn 0.9956 0.0469 -0.0816
vn 0.9975 0.0507 -0.0490
vn 0.9957 0.0801 -0.0461
vn 0.9991 0.0384 -0.0161
vn 0.9895 0.1409 -0.0332
vn 0.9982 0.0601 -0.0029
vn 0.9918 0.1277 -0.0084
vn 0.9981 0.0608 0.0139
vn 0.9975 0.0609 0.0367
vn 0.9842 -0.0345 0.1735
vn 0.9972 -0.0296 0.0692
vn 0.9841 0.1071 0.1414
vn 0.9983 0.0387 0.0429
vn 0.9789 0.1889 -0.0783
vn 0.9927 0.0996 -0.0678
vn 0.9923 0.1186 -0.0355
vn 0.9944 -0.0047 -0.1052
vn 0.9773 -0.0345 -0.2088
vn 0.9759 0.0039 -0.2182
vn 0.9930 -0.0256 -0.1149
vn 0.9991 0.0085 -0.0412
vn 0.9447 0.0262 -0.3268
vn 0.9992 0.0273 -0.0285
vn 0.9916 0.0835 -0.0983
vn 0.9782 0.1538 -0.1398
vn 0.9930 -0.0508 -0.1064
vn 0.9755 -0.0763 -0.2061
vn 0.9768 0.1262 -0.1728
vn 0.9781 -0.1068 -0.1784
vn 0.9939 -0.0654 -0.0886
vn 0.9944 0.0477 -0.0947
vn 0.9928 -0.0916 -0.0775
vn 0.9769 -0.1433 -0.1584
vn 0.9916 0.0233 -0.1273
vn 0.9767 0.0490 -0.2089
vn 0.9764 0.0836 -0.1992
vn 0.9766 -0.1755 -0.1243
vn 0.9942 -0.0969 -0.0471
vn 0.9754 -0.2008 -0.0909
vn 0.9989 -0.0451 -0.0149
vn 0.9994 -0.0247 -0.0251
vn 0.9937 -0.1099 -0.0204
vn 0.9760 -0.2108 -0.0554
vn 0.9941 -0.1082 -0.0034
vn 0.9992 -0.0398 0.0031
vn 0.9757 -0.2184 0.0146
vn 0.9767 -0.2131 -0.0237
vn 0.9941 -0.1052 0.0257
vn 0.9721 -0.2286 0.0518
vn 0.9452 -0.3234 0.0449
vn 0.9996 -0.0254 0.0134
vn 0.9903 -0.1206 0.0695
vn 0.9759 -0.2006 0.0856
vn 0.9766 -0.1716 0.1295
vn 0.9927 -0.0804 0.0897
vn 0.9978 -0.0364 0.0556
vn 0.9736 -0.1571 0.1658
vn 0.9769 -0.1157 0.1799
vn 0.9981 0.0231 -0.0573
vn 0.9444 -0.2044 0.2576
vn 0.9748 -0.0791 0.2087
vn 0.9933 -0.0504 0.1040
vn 0.9993 -0.0036 0.0373
vn 0.9931 -0.0290 0.1138
vn 0.9752 -0.0289 0.2193
vn 0.9929 -0.0003 0.1186
vn 0.9735 0.0206 0.2276
vn 0.9915 0.0271 0.1270
vn 0.9995 0.0101 0.0310
vn 0.9943 0.0445 0.0965
vn 0.9756 0.0706 0.2077
vn 0.9931 0.0657 0.0976
vn 0.9746 0.1091 0.1957
vn 0.9983 0.0400 0.0420
vn 0.9720 0.1535 0.1778
vn 0.9940 0.0869 0.0670
vn 0.9995 0.0313 0.0110
vn 0.9930 0.1091 0.0459
vn 0.9744 0.2009 0.1005
vn 0.9705 0.1898 0.1484
vn 0.9734 0.2245 0.0449
vn 0.9984 0.0554 -0.0059
vn 0.9941 0.1083 0.0042
vn 0.9950 0.0978 0.0219
vn 0.9740 0.2233 -0.0381
vn 0.9743 0.2253 0.0011
vn 0.7005 -0.3840 -0.6015
vn 0.6577 -0.3104 -0.6864
vn -0.6456 -0.7139 0.2712
vn -0.7123 -0.6717 0.2038
vn -0.9197 -0.3527 0.1722
vn -0.6411 -0.5317 0.5534
vn -0.7144 -0.5185 0.4699
vn -0.7070 -0.5858 0.3962
vn -0.6771 -0.3031 0.6706
vn 0.6976 0.5759 -0.4262
vn -0.7221 0.6625 0.1992
vn 0.6833 0.7257 0.0802
vn -0.6749 -0.1681 0.7185
vn 0.6978 0.6742 0.2421
vn 0.6833 0.6218 0.3826
vn 0.6792 -0.1591 0.7165
vn -0.6470 0.7519 -0.1264
vn 0.8788 0.2929 0.3767
vn 0.6833 0.4565 0.5698
vn -0.6756 0.6266 -0.3886
vn 0.6834 -0.3827 0.6217
vn 0.6834 0.2715 0.6777
vn 0.6982 -0.4837 0.5279
vn 0.6834 -0.5914 0.4280
vn 0.6705 0.0611 0.7394
vn -0.6743 0.2382 -0.6990
vn 0.9408 -0.3295 0.0795
vn 0.6967 -0.7141 0.0683
vn 0.6835 -0.7142 -0.1508
vn 0.7018 -0.6812 -0.2082
vn -0.6755 -0.3886 -0.6266
vn 0.6742 -0.6459 -0.3582
vn -0.6375 0.3155 -0.7029
vn -0.7131 0.3293 -0.6189
vn -0.9769 -0.2128 -0.0167
vn -0.9058 0.0588 0.4197
vn -0.4816 0.8585 0.1764
vn -0.8796 -0.4400 0.1807
vn -0.5175 -0.1824 0.8360
vn 0.5965 -0.1302 0.7920
vn 0.8772 -0.0561 0.4768
vn -0.9380 0.3455 0.0273
vn -0.8978 0.4376 0.0488
vn -0.6025 0.5822 -0.5459
vn 0.9942 0.0852 0.0651
vn 0.9838 -0.1221 0.1316
vt 0.164734 0.795825
vt 0.066169 0.287682
vt 0.068393 0.292755
vt 0.066558 0.297405
vt 0.063830 0.295133
vt 0.063582 0.285178
vt 0.063618 0.290203
vt 0.063731 0.280169
vt 0.069721 0.278136
vt 0.141235 0.305223
vt 0.141705 0.305580
vt 0.140851 0.305354
vt 0.141802 0.305335
vt 0.141515 0.305304
vt 0.142145 0.305262
vt 0.142766 0.305495
vt 0.141296 0.305909
vt 0.142440 0.306438
vt 0.140591 0.306097
vt 0.142885 0.294150
vt 0.143450 0.291866
vt 0.144249 0.291629
vt 0.144652 0.291694
vt 0.145205 0.290555
vt 0.143634 0.293878
vt 0.144126 0.292784
vt 0.143181 0.294914
vt 0.141993 0.294425
vt 0.141403 0.293704
vt 0.143343 0.289012
vt 0.145302 0.288908
vt 0.144447 0.288745
vt 0.066686 0.314765
vt 0.067642 0.307049
vt 0.070166 0.316261
vt 0.069896 0.306693
vt 0.073317 0.320687
vt 0.064748 0.305014
vt 0.065575 0.309937
vt 0.064211 0.300114
vt 0.070568 0.296435
vt 0.074336 0.315010
vt 0.140241 0.303298
vt 0.140335 0.301373
vt 0.140803 0.301718
vt 0.140677 0.302367
vt 0.140558 0.303524
vt 0.140582 0.302996
vt 0.140559 0.303957
vt 0.140303 0.304512
vt 0.139796 0.303158
vt 0.076387 0.334732
vt 0.079055 0.335288
vt 0.074981 0.337957
vt 0.073398 0.327698
vt 0.069483 0.324132
vt 0.071025 0.328867
vt 0.080563 0.331959
vt 0.142062 0.296193
vt 0.141041 0.297042
vt 0.141104 0.298531
vt 0.142749 0.295911
vt 0.142358 0.296861
vt 0.142010 0.297793
vt 0.139890 0.298416
vt 0.149124 0.281566
vt 0.146684 0.284323
vt 0.149363 0.279310
vt 0.149708 0.282035
vt 0.150413 0.280768
vt 0.148996 0.283271
vt 0.147661 0.285810
vt 0.146789 0.285496
vt 0.148321 0.284506
vt 0.148466 0.278889
vt 0.086579 0.354000
vt 0.083614 0.350290
vt 0.090014 0.353977
vt 0.077714 0.342255
vt 0.082470 0.344563
vt 0.080477 0.346497
vt 0.086917 0.346916
vt 0.086582 0.341768
vt 0.097723 0.355987
vt 0.146997 0.286987
vt 0.145792 0.289410
vt 0.146374 0.288209
vt 0.145763 0.284091
vt 0.095830 0.358239
vt 0.093114 0.360997
vt 0.089780 0.357608
vt 0.103325 0.362360
vt 0.106475 0.367408
vt 0.097129 0.364008
vt 0.153253 0.275998
vt 0.150844 0.278553
vt 0.152991 0.274725
vt 0.152638 0.274060
vt 0.152669 0.276899
vt 0.151156 0.279502
vt 0.151899 0.278214
vt 0.151232 0.274520
vt 0.155139 0.272425
vt 0.156262 0.270074
vt 0.154631 0.273833
vt 0.155513 0.272627
vt 0.153774 0.275075
vt 0.112122 0.374074
vt 0.115259 0.372837
vt 0.104347 0.369118
vt 0.108241 0.371624
vt 0.100637 0.366430
vt 0.113450 0.366869
vt 0.114332 0.369863
vt 0.157770 0.268787
vt 0.159738 0.265818
vt 0.156417 0.268855
vt 0.159876 0.266801
vt 0.160638 0.266105
vt 0.156357 0.271422
vt 0.157228 0.270245
vt 0.154125 0.270254
vt 0.157701 0.265836
vt 0.129728 0.380199
vt 0.123748 0.375927
vt 0.135183 0.377193
vt 0.126860 0.374342
vt 0.137021 0.379174
vt 0.134260 0.381248
vt 0.120774 0.377776
vt 0.125252 0.379125
vt 0.116388 0.376180
vt 0.121458 0.369820
vt 0.137685 0.374522
vt 0.165458 0.260174
vt 0.163191 0.262022
vt 0.166102 0.259054
vt 0.166564 0.257908
vt 0.163952 0.262343
vt 0.164810 0.261388
vt 0.147794 0.377324
vt 0.145960 0.379739
vt 0.153028 0.381991
vt 0.155131 0.379038
vt 0.143588 0.382357
vt 0.148335 0.382372
vt 0.138949 0.381956
vt 0.148137 0.374289
vt 0.172319 0.255069
vt 0.170840 0.255600
vt 0.172941 0.254625
vt 0.170282 0.256642
vt 0.171046 0.256049
vt 0.169488 0.257300
vt 0.169329 0.257012
vt 0.168388 0.257166
vt 0.170218 0.255231
vt 0.168736 0.255283
vt 0.172019 0.253380
vt 0.162747 0.263140
vt 0.162625 0.261788
vt 0.161274 0.265402
vt 0.162189 0.264344
vt 0.162093 0.376738
vt 0.162306 0.380875
vt 0.157716 0.381507
vt 0.163605 0.373528
vt 0.174080 0.372624
vt 0.175212 0.374669
vt 0.166985 0.379673
vt 0.176005 0.254446
vt 0.176223 0.254732
vt 0.176051 0.254811
vt 0.175937 0.254111
vt 0.175675 0.253651
vt 0.176197 0.253667
vt 0.175872 0.253767
vt 0.175930 0.252955
vt 0.177135 0.253777
vt 0.176804 0.254320
vt 0.176472 0.255369
vt 0.182861 0.372328
vt 0.186610 0.368405
vt 0.187998 0.372781
vt 0.191870 0.370996
vt 0.175341 0.377443
vt 0.179545 0.376099
vt 0.171013 0.378563
vt 0.177511 0.369097
vt 0.187531 0.365034
vt 0.172630 0.266640
vt 0.173837 0.265749
vt 0.172309 0.269385
vt 0.174038 0.263884
vt 0.171572 0.267539
vt 0.171358 0.268874
vt 0.172597 0.265307
vt 0.172086 0.266381
vt 0.173082 0.264236
vt 0.173638 0.263762
vt 0.174880 0.266386
vt 0.172303 0.271558
vt 0.171210 0.270319
vt 0.194967 0.366740
vt 0.199217 0.363121
vt 0.204257 0.364111
vt 0.196228 0.369057
vt 0.200304 0.366576
vt 0.199059 0.358130
vt 0.166604 0.277160
vt 0.167952 0.276195
vt 0.165890 0.278368
vt 0.168593 0.273489
vt 0.167947 0.274720
vt 0.169525 0.273218
vt 0.170258 0.273697
vt 0.169043 0.277800
vt 0.167593 0.278538
vt 0.165816 0.280192
vt 0.168647 0.258025
vt 0.167993 0.258339
vt 0.167281 0.258741
vt 0.210056 0.356203
vt 0.205524 0.357021
vt 0.217152 0.346718
vt 0.218976 0.351818
vt 0.215451 0.354963
vt 0.218883 0.348198
vt 0.208049 0.361182
vt 0.211896 0.358254
vt 0.208959 0.350447
vt 0.220676 0.339605
vt 0.174699 0.260239
vt 0.175921 0.257889
vt 0.175312 0.260426
vt 0.176589 0.257330
vt 0.175491 0.261505
vt 0.175014 0.259397
vt 0.175530 0.257710
vt 0.175303 0.258527
vt 0.175723 0.257027
vt 0.224561 0.341494
vt 0.225407 0.344553
vt 0.228403 0.340775
vt 0.222326 0.348283
vt 0.239367 0.324862
vt 0.233445 0.329682
vt 0.238394 0.321527
vt 0.234203 0.333200
vt 0.231351 0.337054
vt 0.226892 0.336200
vt 0.234157 0.324383
vt 0.229907 0.325713
vt 0.236351 0.313575
vt 0.175420 0.253186
vt 0.174497 0.252953
vt 0.175386 0.253673
vt 0.174865 0.253451
vt 0.174796 0.253663
vt 0.175108 0.253647
vt 0.174388 0.253819
vt 0.176114 0.252527
vt 0.173704 0.253919
vt 0.172248 0.254439
vt 0.174236 0.253386
vt 0.172716 0.253692
vt 0.173480 0.254286
vt 0.249170 0.301709
vt 0.244957 0.305801
vt 0.247479 0.298414
vt 0.243706 0.315909
vt 0.245566 0.311331
vt 0.241664 0.320446
vt 0.241246 0.314820
vt 0.241295 0.308945
vt 0.243212 0.296865
vt 0.245699 0.295310
vt 0.249064 0.288620
vt 0.247305 0.283458
vt 0.252233 0.281484
vt 0.250046 0.276256
vt 0.250432 0.296615
vt 0.251319 0.291542
vt 0.245663 0.277960
vt 0.201788 0.187414
vt 0.206752 0.192581
vt 0.198802 0.188890
vt 0.209808 0.191397
vt 0.205833 0.189279
vt 0.213608 0.193704
vt 0.216409 0.201450
vt 0.203519 0.193415
vt 0.212368 0.200838
vt 0.192232 0.187703
vt 0.161371 0.285933
vt 0.162965 0.284424
vt 0.159632 0.289054
vt 0.161390 0.287822
vt 0.159397 0.287870
vt 0.158760 0.289344
vt 0.161941 0.284380
vt 0.161087 0.285548
vt 0.163885 0.282298
vt 0.164775 0.282956
vt 0.165195 0.284051
vt 0.247772 0.271373
vt 0.250277 0.264154
vt 0.252887 0.266637
vt 0.252646 0.276491
vt 0.252749 0.271509
vt 0.246788 0.259515
vt 0.193599 0.184002
vt 0.185876 0.184205
vt 0.184946 0.181401
vt 0.178003 0.182882
vt 0.180518 0.180632
vt 0.189346 0.182588
vt 0.250927 0.245813
vt 0.249661 0.254060
vt 0.247319 0.242009
vt 0.252855 0.261507
vt 0.252599 0.256320
vt 0.156398 0.292667
vt 0.154244 0.295512
vt 0.154006 0.295117
vt 0.152492 0.296245
vt 0.151666 0.297126
vt 0.155014 0.293287
vt 0.154159 0.294311
vt 0.155859 0.292238
vt 0.157457 0.292801
vt 0.153913 0.298068
vt 0.153372 0.297418
vt 0.169504 0.182193
vt 0.173364 0.185487
vt 0.163181 0.184388
vt 0.163113 0.179612
vt 0.161007 0.182183
vt 0.171749 0.179791
vt 0.176081 0.180098
vt 0.240235 0.224351
vt 0.242516 0.234906
vt 0.236984 0.223489
vt 0.244688 0.233167
vt 0.246290 0.230104
vt 0.243924 0.225196
vt 0.248255 0.235292
vt 0.249828 0.240489
vt 0.242689 0.245167
vt 0.237919 0.231695
vt 0.152697 0.184882
vt 0.151073 0.182753
vt 0.145404 0.180957
vt 0.142979 0.184099
vt 0.158735 0.179717
vt 0.154395 0.179941
vt 0.142283 0.186619
vt 0.157178 0.186481
vt 0.144310 0.189098
vt 0.238141 0.216315
vt 0.233151 0.214225
vt 0.235007 0.212112
vt 0.231417 0.220708
vt 0.228404 0.212130
vt 0.224923 0.212728
vt 0.231284 0.208549
vt 0.222555 0.203479
vt 0.149034 0.300322
vt 0.149250 0.300656
vt 0.147232 0.302063
vt 0.146665 0.302968
vt 0.149447 0.301218
vt 0.146702 0.303518
vt 0.147018 0.301832
vt 0.146361 0.302436
vt 0.148464 0.300451
vt 0.147742 0.301166
vt 0.149226 0.299694
vt 0.135071 0.186847
vt 0.127734 0.186828
vt 0.126587 0.190197
vt 0.140846 0.181981
vt 0.136431 0.183492
vt 0.129491 0.191524
vt 0.126180 0.195250
vt 0.175883 0.256358
vt 0.175963 0.255836
vt 0.176024 0.255312
vt 0.217421 0.196286
vt 0.214178 0.197110
vt 0.228137 0.205415
vt 0.224751 0.202001
vt 0.118815 0.193877
vt 0.119036 0.196563
vt 0.115108 0.193092
vt 0.111736 0.198308
vt 0.111031 0.195583
vt 0.119262 0.190760
vt 0.123433 0.188707
vt 0.113092 0.203720
vt 0.107394 0.203179
vt 0.173532 0.263207
vt 0.173955 0.262222
vt 0.174333 0.261241
vt 0.143705 0.304744
vt 0.142532 0.305143
vt 0.142967 0.304923
vt 0.144627 0.304479
vt 0.144366 0.305104
vt 0.142737 0.305841
vt 0.103151 0.201020
vt 0.099204 0.204497
vt 0.107053 0.198320
vt 0.169844 0.271075
vt 0.169223 0.272282
vt 0.171026 0.268715
vt 0.170458 0.269905
vt 0.097916 0.211574
vt 0.091153 0.220458
vt 0.091031 0.216450
vt 0.085779 0.219237
vt 0.083039 0.223212
vt 0.095903 0.207865
vt 0.092344 0.211298
vt 0.090002 0.225300
vt 0.081969 0.229461
vt 0.084076 0.230680
vt 0.163561 0.281975
vt 0.162768 0.283186
vt 0.165220 0.279628
vt 0.164402 0.280810
vt 0.140194 0.305119
vt 0.140641 0.304298
vt 0.140678 0.304878
vt 0.140880 0.304879
vt 0.140735 0.304621
vt 0.141065 0.305065
vt 0.076354 0.240050
vt 0.076434 0.245233
vt 0.075095 0.236542
vt 0.079917 0.227565
vt 0.077432 0.232100
vt 0.156754 0.291185
vt 0.158510 0.288990
vt 0.157647 0.290101
vt 0.158182 0.293445
vt 0.068177 0.255470
vt 0.072015 0.251175
vt 0.066954 0.259978
vt 0.071226 0.245897
vt 0.070830 0.263102
vt 0.077196 0.251707
vt 0.073143 0.266088
vt 0.067828 0.266467
vt 0.150787 0.298040
vt 0.151764 0.298243
vt 0.150032 0.298880
vt 0.150307 0.301466
vt 0.141015 0.299801
vt 0.141687 0.298604
vt 0.140973 0.300972
vt 0.141174 0.300224
vt 0.140279 0.299805
vt 0.139300 0.302391
vt 0.066488 0.277850
vt 0.064099 0.275065
vt 0.065448 0.264991
vt 0.143946 0.304339
vt 0.145167 0.303768
vt 0.145703 0.303003
vt 0.144832 0.305503
vt 0.138228 0.303047
vt 0.136558 0.301304
vt 0.138296 0.298534
vt 0.138713 0.300220
vt 0.137329 0.294659
vt 0.140585 0.288769
vt 0.138386 0.288416
vt 0.139605 0.293979
vt 0.142241 0.288583
vt 0.142204 0.281205
vt 0.140249 0.282193
vt 0.145199 0.272815
vt 0.146701 0.273147
vt 0.146016 0.279085
vt 0.152642 0.270145
vt 0.148847 0.272680
vt 0.152019 0.266903
vt 0.151648 0.263974
vt 0.177992 0.257328
vt 0.178243 0.254072
vt 0.179007 0.257667
vt 0.177283 0.256428
vt 0.156224 0.265533
vt 0.157094 0.262356
vt 0.160972 0.260372
vt 0.161272 0.261908
vt 0.154575 0.262776
vt 0.157333 0.258074
vt 0.159247 0.258053
vt 0.175729 0.263181
vt 0.177323 0.261299
vt 0.176736 0.259544
vt 0.179938 0.259569
vt 0.180421 0.263922
vt 0.178926 0.264955
vt 0.177051 0.252360
vt 0.177355 0.250801
vt 0.179830 0.251247
vt 0.179683 0.253517
vt 0.174568 0.269432
vt 0.174119 0.276329
vt 0.171926 0.275333
vt 0.176804 0.269749
vt 0.177133 0.274374
vt 0.165334 0.256593
vt 0.166632 0.254139
vt 0.168889 0.253993
vt 0.164087 0.254273
vt 0.169121 0.251217
vt 0.162995 0.253511
vt 0.169499 0.249779
vt 0.164937 0.286846
vt 0.170738 0.282646
vt 0.167498 0.287446
vt 0.168642 0.281224
vt 0.181028 0.256002
vt 0.178044 0.262992
vt 0.161799 0.288951
vt 0.159826 0.293472
vt 0.165188 0.292015
vt 0.163614 0.296137
vt 0.160629 0.297419
vt 0.162477 0.292824
vt 0.158007 0.297806
vt 0.171685 0.252031
vt 0.174130 0.249605
vt 0.174783 0.250619
vt 0.174239 0.252484
vt 0.174938 0.251642
vt 0.150454 0.302826
vt 0.155283 0.301434
vt 0.151522 0.304562
vt 0.154489 0.299179
vt 0.157060 0.302560
vt 0.150837 0.307273
vt 0.143855 0.306794
vt 0.147648 0.306980
vt 0.143980 0.308323
vt 0.146999 0.305305
vt 0.147487 0.303826
vt 0.141334 0.307047
vt 0.141698 0.307950
vt 0.139446 0.306945
vt 0.139396 0.305881
vt 0.140223 0.308552
vt 0.140866 0.309654
vt 0.137328 0.307983
vt 0.137669 0.305564
vt 0.135775 0.303290
vt 0.143969 0.283145
vt 0.161603 0.257966
vt 0.164818 0.258425
vt 0.171603 0.279302
vt 0.176112 0.248479
vt 0.169614 0.288484
vt 0.144323 0.309875
vt 0.139578 0.304832
vt 0.146883 0.263404
vt 0.142908 0.265619
vt 0.144805 0.262422
vt 0.141760 0.269702
vt 0.144973 0.266071
vt 0.184158 0.251317
vt 0.184746 0.249453
vt 0.185529 0.252976
vt 0.129248 0.229878
vt 0.126349 0.234762
vt 0.123533 0.234055
vt 0.132041 0.224906
vt 0.123436 0.231916
vt 0.122127 0.239996
vt 0.126046 0.241386
vt 0.151318 0.257208
vt 0.152013 0.254482
vt 0.153946 0.255015
vt 0.158523 0.252618
vt 0.157546 0.252010
vt 0.154853 0.252676
vt 0.183510 0.263704
vt 0.184593 0.262772
vt 0.183906 0.267777
vt 0.184235 0.258095
vt 0.184664 0.260607
vt 0.185912 0.259094
vt 0.186440 0.262188
vt 0.118560 0.239835
vt 0.118594 0.244522
vt 0.115745 0.239394
vt 0.114444 0.245136
vt 0.116572 0.248637
vt 0.182972 0.247853
vt 0.182476 0.245332
vt 0.183655 0.246756
vt 0.181551 0.273070
vt 0.181585 0.277812
vt 0.180600 0.277344
vt 0.179517 0.277885
vt 0.113278 0.250006
vt 0.111541 0.254609
vt 0.109565 0.252089
vt 0.108679 0.248865
vt 0.106531 0.257516
vt 0.102859 0.261329
vt 0.108595 0.258707
vt 0.162121 0.249185
vt 0.163383 0.247256
vt 0.165500 0.247088
vt 0.165400 0.245081
vt 0.168086 0.247013
vt 0.168059 0.246179
vt 0.160333 0.250045
vt 0.161396 0.247594
vt 0.172096 0.291449
vt 0.175477 0.288166
vt 0.172232 0.292741
vt 0.178668 0.284741
vt 0.178200 0.287103
vt 0.106629 0.263159
vt 0.103376 0.265547
vt 0.106643 0.268034
vt 0.099001 0.270827
vt 0.100693 0.272734
vt 0.103879 0.272770
vt 0.185804 0.256109
vt 0.184149 0.254632
vt 0.167621 0.298849
vt 0.168828 0.300659
vt 0.165891 0.302169
vt 0.168270 0.296422
vt 0.164793 0.300262
vt 0.169782 0.296582
vt 0.103164 0.278649
vt 0.100523 0.278583
vt 0.097956 0.281627
vt 0.099916 0.284029
vt 0.103693 0.283556
vt 0.176105 0.244953
vt 0.172673 0.244663
vt 0.176007 0.243728
vt 0.171329 0.243864
vt 0.173190 0.242491
vt 0.174111 0.243297
vt 0.176038 0.240759
vt 0.158711 0.307125
vt 0.157638 0.310193
vt 0.156171 0.308655
vt 0.154238 0.308746
vt 0.153328 0.310231
vt 0.158086 0.306070
vt 0.099226 0.294712
vt 0.101596 0.287931
vt 0.101560 0.294033
vt 0.097693 0.294936
vt 0.148688 0.313607
vt 0.146583 0.315223
vt 0.145489 0.314519
vt 0.144507 0.312991
vt 0.147564 0.312842
vt 0.144045 0.314235
vt 0.143877 0.317133
vt 0.102115 0.300537
vt 0.100688 0.305588
vt 0.104389 0.304941
vt 0.099181 0.307829
vt 0.137547 0.313354
vt 0.137768 0.314524
vt 0.135974 0.313659
vt 0.137086 0.312314
vt 0.135074 0.311943
vt 0.139226 0.313068
vt 0.140865 0.314077
vt 0.103113 0.320093
vt 0.102424 0.313319
vt 0.105087 0.320574
vt 0.103939 0.309642
vt 0.106801 0.319636
vt 0.105476 0.315304
vt 0.110617 0.317951
vt 0.132695 0.308045
vt 0.131207 0.307935
vt 0.131747 0.306750
vt 0.133011 0.305038
vt 0.132227 0.304733
vt 0.131226 0.303836
vt 0.129350 0.305708
vt 0.108883 0.323487
vt 0.109846 0.328644
vt 0.112976 0.327528
vt 0.111594 0.334145
vt 0.112760 0.333361
vt 0.107169 0.328164
vt 0.131907 0.297894
vt 0.130149 0.297164
vt 0.131330 0.294597
vt 0.133395 0.292674
vt 0.132417 0.294128
vt 0.130794 0.300177
vt 0.114240 0.331724
vt 0.117087 0.334641
vt 0.119190 0.340723
vt 0.117851 0.337964
vt 0.120540 0.337566
vt 0.135529 0.282106
vt 0.133693 0.284011
vt 0.134954 0.280394
vt 0.133647 0.287071
vt 0.135974 0.283384
vt 0.131975 0.285625
vt 0.132713 0.281196
vt 0.123560 0.338661
vt 0.126027 0.340922
vt 0.126572 0.345450
vt 0.123446 0.342012
vt 0.131158 0.344993
vt 0.130309 0.342077
vt 0.139060 0.274345
vt 0.139228 0.271288
vt 0.140292 0.273941
vt 0.143006 0.269365
vt 0.141027 0.267761
vt 0.133773 0.346859
vt 0.140912 0.345930
vt 0.135718 0.343424
vt 0.139989 0.339713
vt 0.142230 0.344154
vt 0.151159 0.258999
vt 0.148112 0.260694
vt 0.146192 0.259556
vt 0.148532 0.258766
vt 0.149228 0.256400
vt 0.152348 0.345518
vt 0.149162 0.343543
vt 0.143656 0.347295
vt 0.163603 0.249254
vt 0.156374 0.250406
vt 0.158680 0.249435
vt 0.161052 0.343330
vt 0.156272 0.340812
vt 0.160126 0.340440
vt 0.164275 0.345060
vt 0.172384 0.245456
vt 0.168480 0.244800
vt 0.170114 0.241869
vt 0.165964 0.341642
vt 0.163575 0.336015
vt 0.173199 0.341047
vt 0.169077 0.338955
vt 0.173106 0.336910
vt 0.182445 0.269434
vt 0.183805 0.271984
vt 0.185214 0.265355
vt 0.185455 0.268981
vt 0.178142 0.336732
vt 0.181978 0.331871
vt 0.183772 0.333540
vt 0.180591 0.338040
vt 0.176798 0.334155
vt 0.177396 0.284511
vt 0.180136 0.281582
vt 0.178133 0.281555
vt 0.189205 0.328599
vt 0.186686 0.327147
vt 0.190482 0.322129
vt 0.189703 0.331442
vt 0.194700 0.323905
vt 0.180934 0.245457
vt 0.178908 0.244165
vt 0.181390 0.244121
vt 0.178818 0.245349
vt 0.177689 0.243041
vt 0.180038 0.242120
vt 0.194363 0.320844
vt 0.197197 0.315781
vt 0.199316 0.317625
vt 0.204753 0.313854
vt 0.203437 0.312685
vt 0.200463 0.312415
vt 0.172781 0.294145
vt 0.170990 0.297709
vt 0.208280 0.306816
vt 0.203161 0.308599
vt 0.206002 0.303418
vt 0.161116 0.303965
vt 0.163297 0.304571
vt 0.162268 0.306055
vt 0.164381 0.301879
vt 0.159514 0.308469
vt 0.208200 0.298783
vt 0.209255 0.294093
vt 0.211878 0.295184
vt 0.216754 0.286483
vt 0.215166 0.285956
vt 0.209699 0.301351
vt 0.213487 0.297621
vt 0.211549 0.288532
vt 0.150599 0.311020
vt 0.152645 0.312063
vt 0.150703 0.313782
vt 0.147550 0.312073
vt 0.213781 0.281496
vt 0.211443 0.283043
vt 0.218709 0.274306
vt 0.215672 0.276579
vt 0.209801 0.276624
vt 0.187446 0.218530
vt 0.192677 0.222823
vt 0.186508 0.220869
vt 0.185838 0.215253
vt 0.194847 0.222104
vt 0.142167 0.314993
vt 0.139383 0.315269
vt 0.141763 0.313292
vt 0.214673 0.272931
vt 0.216543 0.268734
vt 0.218426 0.265756
vt 0.216018 0.262997
vt 0.212997 0.269263
vt 0.213317 0.262944
vt 0.174357 0.213859
vt 0.182472 0.216196
vt 0.175664 0.215406
vt 0.181060 0.217902
vt 0.182108 0.222698
vt 0.174107 0.217258
vt 0.135382 0.310898
vt 0.134682 0.313285
vt 0.215675 0.257182
vt 0.212009 0.257004
vt 0.215700 0.248161
vt 0.214163 0.248653
vt 0.217873 0.257580
vt 0.168933 0.215426
vt 0.168449 0.217870
vt 0.162690 0.212673
vt 0.162639 0.214776
vt 0.162983 0.218812
vt 0.132491 0.301678
vt 0.132739 0.297899
vt 0.208278 0.239887
vt 0.210970 0.245759
vt 0.205219 0.243081
vt 0.212078 0.240988
vt 0.152681 0.216647
vt 0.159429 0.217330
vt 0.154406 0.218757
vt 0.153570 0.214726
vt 0.133182 0.290210
vt 0.131847 0.291134
vt 0.134683 0.287369
vt 0.131722 0.289057
vt 0.209285 0.234263
vt 0.206920 0.233631
vt 0.205433 0.235078
vt 0.202921 0.232052
vt 0.146162 0.216863
vt 0.143964 0.219692
vt 0.148061 0.220491
vt 0.144156 0.223238
vt 0.137545 0.278976
vt 0.201358 0.227567
vt 0.197142 0.226329
vt 0.202683 0.226286
vt 0.199752 0.229519
vt 0.194129 0.226016
vt 0.135592 0.224220
vt 0.138534 0.225227
vt 0.134935 0.227833
vt 0.138588 0.219212
vt 0.105924 0.292625
vt 0.106155 0.295546
vt 0.105920 0.295626
vt 0.109767 0.315257
vt 0.110794 0.317795
vt 0.137517 0.339496
vt 0.140031 0.339527
vt 0.146282 0.257171
vt 0.147521 0.255802
vt 0.148244 0.255250
vt 0.148832 0.254524
vt 0.150399 0.339208
vt 0.147766 0.339394
vt 0.150375 0.338974
vt 0.168612 0.242300
vt 0.170112 0.241726
vt 0.209280 0.279640
vt 0.209548 0.276617
vt 0.204276 0.240757
vt 0.204071 0.240795
vt 0.143985 0.227447
vt 0.146549 0.226318
vt 0.144089 0.227695
vt 0.181681 0.241867
vt 0.180386 0.241273
vt 0.183121 0.239268
vt 0.179957 0.237986
vt 0.181502 0.238658
vt 0.182884 0.242626
vt 0.184422 0.240352
vt 0.178998 0.240914
vt 0.177532 0.240722
vt 0.170862 0.237549
vt 0.168684 0.235841
vt 0.170427 0.235325
vt 0.168943 0.238100
vt 0.166765 0.236431
vt 0.172718 0.237073
vt 0.172331 0.234741
vt 0.167185 0.238562
vt 0.165543 0.239157
vt 0.163793 0.239863
vt 0.161329 0.238484
vt 0.163143 0.237753
vt 0.162053 0.240569
vt 0.160354 0.241305
vt 0.164984 0.237047
vt 0.158665 0.242099
vt 0.157853 0.240067
vt 0.159705 0.239177
vt 0.157017 0.242926
vt 0.154422 0.241805
vt 0.156229 0.240833
vt 0.155341 0.243812
vt 0.152826 0.242646
vt 0.153732 0.244783
vt 0.152100 0.245877
vt 0.151011 0.243875
vt 0.150560 0.246953
vt 0.147747 0.246173
vt 0.149429 0.244946
vt 0.148965 0.248104
vt 0.146088 0.247383
vt 0.147389 0.249321
vt 0.144503 0.248761
vt 0.144430 0.251969
vt 0.141461 0.251627
vt 0.142908 0.250160
vt 0.143005 0.253349
vt 0.141574 0.254815
vt 0.145903 0.250601
vt 0.138668 0.254514
vt 0.140003 0.253128
vt 0.138926 0.257856
vt 0.137652 0.259466
vt 0.137203 0.256258
vt 0.134527 0.259743
vt 0.135918 0.257743
vt 0.140249 0.256316
vt 0.136426 0.261156
vt 0.133378 0.261419
vt 0.134101 0.264572
vt 0.131079 0.265108
vt 0.132099 0.263226
vt 0.133056 0.266376
vt 0.129976 0.267093
vt 0.135262 0.262824
vt 0.132058 0.268234
vt 0.131159 0.270027
vt 0.128214 0.270924
vt 0.129430 0.273823
vt 0.127354 0.272773
vt 0.126450 0.274945
vt 0.129125 0.268948
vt 0.130267 0.271923
vt 0.128636 0.275731
vt 0.125821 0.276849
vt 0.127310 0.279633
vt 0.124531 0.280916
vt 0.125164 0.278917
vt 0.126769 0.281618
vt 0.124138 0.283077
vt 0.127962 0.277656
vt 0.126298 0.283600
vt 0.125882 0.285569
vt 0.125181 0.289581
vt 0.122774 0.291373
vt 0.122904 0.289321
vt 0.123328 0.287181
vt 0.123768 0.284973
vt 0.125522 0.287488
vt 0.124933 0.291582
vt 0.122628 0.293450
vt 0.124678 0.295550
vt 0.122528 0.297543
vt 0.122533 0.295458
vt 0.124600 0.297522
vt 0.122485 0.299448
vt 0.124777 0.293487
vt 0.124581 0.299345
vt 0.122616 0.301527
vt 0.124769 0.303061
vt 0.124962 0.305079
vt 0.122738 0.303484
vt 0.123145 0.307360
vt 0.122961 0.305409
vt 0.124631 0.301303
vt 0.125152 0.306995
vt 0.125382 0.308747
vt 0.125717 0.310634
vt 0.123946 0.313530
vt 0.123639 0.311281
vt 0.126006 0.312680
vt 0.124416 0.315186
vt 0.123378 0.309368
vt 0.126315 0.314465
vt 0.124826 0.317019
vt 0.127282 0.317686
vt 0.126535 0.320312
vt 0.125379 0.319163
vt 0.128129 0.318879
vt 0.127464 0.321612
vt 0.126744 0.315948
vt 0.128878 0.320159
vt 0.128367 0.323070
vt 0.130900 0.321904
vt 0.132151 0.322328
vt 0.129973 0.323708
vt 0.133073 0.324683
vt 0.131223 0.324411
vt 0.129920 0.321137
vt 0.133754 0.322507
vt 0.135198 0.322799
vt 0.136992 0.322780
vt 0.138685 0.325055
vt 0.136618 0.325286
vt 0.138747 0.322717
vt 0.140659 0.324790
vt 0.134468 0.325094
vt 0.140659 0.322465
vt 0.142411 0.322227
vt 0.144305 0.321855
vt 0.146406 0.323646
vt 0.144501 0.324112
vt 0.146053 0.321465
vt 0.148090 0.323226
vt 0.142502 0.324506
vt 0.147866 0.320953
vt 0.150073 0.322562
vt 0.151338 0.319771
vt 0.153777 0.321306
vt 0.151830 0.321992
vt 0.153195 0.319119
vt 0.155623 0.320627
vt 0.149551 0.320410
vt 0.158335 0.316891
vt 0.160994 0.318068
vt 0.159266 0.319024
vt 0.160121 0.315966
vt 0.162726 0.317063
vt 0.156600 0.317747
vt 0.157263 0.319998
vt 0.161768 0.315023
vt 0.163297 0.314042
vt 0.164932 0.312950
vt 0.167781 0.313818
vt 0.166071 0.314947
vt 0.166545 0.311799
vt 0.169426 0.312516
vt 0.164261 0.316138
vt 0.168127 0.310542
vt 0.171085 0.311145
vt 0.171104 0.307870
vt 0.174107 0.308270
vt 0.172575 0.309732
vt 0.172566 0.306490
vt 0.175546 0.306906
vt 0.169598 0.309284
vt 0.174019 0.304963
vt 0.177022 0.305174
vt 0.176725 0.301915
vt 0.179805 0.301901
vt 0.178359 0.303694
vt 0.178056 0.300298
vt 0.181143 0.300231
vt 0.179286 0.298668
vt 0.175361 0.303494
vt 0.181630 0.295207
vt 0.182729 0.293439
vt 0.183537 0.296589
vt 0.185734 0.292846
vt 0.184751 0.294713
vt 0.180495 0.296938
vt 0.182467 0.298300
vt 0.183764 0.291569
vt 0.184733 0.289772
vt 0.185604 0.287910
vt 0.186486 0.285986
vt 0.187694 0.288959
vt 0.189370 0.284970
vt 0.188539 0.286969
vt 0.186737 0.290918
vt 0.187260 0.284069
vt 0.190122 0.283059
vt 0.188648 0.280084
vt 0.191448 0.278946
vt 0.190807 0.280859
vt 0.189288 0.278090
vt 0.191997 0.276735
vt 0.187953 0.282068
vt 0.189871 0.276074
vt 0.192488 0.274812
vt 0.190817 0.272195
vt 0.193304 0.270606
vt 0.193036 0.272540
vt 0.191188 0.270237
vt 0.193587 0.268406
vt 0.190357 0.274148
vt 0.191446 0.268318
vt 0.193711 0.266538
vt 0.191720 0.264430
vt 0.191791 0.262473
vt 0.193804 0.264502
vt 0.193893 0.260491
vt 0.193886 0.262521
vt 0.191618 0.266404
vt 0.191820 0.260635
vt 0.193904 0.258543
vt 0.191699 0.256635
vt 0.191577 0.254768
vt 0.193773 0.256424
vt 0.193481 0.252284
vt 0.193650 0.254366
vt 0.191759 0.258593
vt 0.191345 0.252598
vt 0.191196 0.250490
vt 0.191056 0.248419
vt 0.190895 0.246206
vt 0.193220 0.248114
vt 0.193158 0.243752
vt 0.193093 0.245856
vt 0.193328 0.250034
vt 0.190852 0.243866
vt 0.190846 0.241567
vt 0.190923 0.238952
vt 0.194035 0.235704
vt 0.193717 0.238852
vt 0.190876 0.236369
vt 0.190875 0.233504
vt 0.193255 0.241302
vt 0.193672 0.226530
vt 0.194263 0.232009
vt 0.168294 0.239835
vt 0.169732 0.239417
vt 0.167125 0.242813
vt 0.171576 0.241391
vt 0.171356 0.238949
vt 0.164977 0.241044
vt 0.166590 0.240425
vt 0.143285 0.273967
vt 0.138429 0.281598
vt 0.142532 0.273348
vt 0.138294 0.279891
vt 0.141352 0.273799
vt 0.135728 0.292549
vt 0.135515 0.289740
vt 0.138259 0.284052
vt 0.133493 0.296289
vt 0.134863 0.289545
vt 0.134618 0.300467
vt 0.134335 0.305061
vt 0.134083 0.297729
vt 0.135779 0.296780
vt 0.133366 0.302428
vt 0.137082 0.311466
vt 0.135029 0.309199
vt 0.133908 0.308408
vt 0.136525 0.308942
vt 0.136367 0.309940
vt 0.144082 0.311108
vt 0.143082 0.311797
vt 0.139595 0.311550
vt 0.144904 0.312226
vt 0.140350 0.312515
vt 0.153154 0.307609
vt 0.147449 0.310621
vt 0.155852 0.304961
vt 0.153935 0.308044
vt 0.149644 0.310385
vt 0.163723 0.299016
vt 0.159447 0.304027
vt 0.158371 0.303839
vt 0.165978 0.295121
vt 0.164865 0.298998
vt 0.172034 0.288526
vt 0.167974 0.293981
vt 0.168683 0.294522
vt 0.172741 0.285658
vt 0.172776 0.288959
vt 0.176690 0.247426
vt 0.176542 0.246504
vt 0.180443 0.248463
vt 0.178311 0.246076
vt 0.180999 0.247873
vt 0.181560 0.247222
vt 0.173493 0.282119
vt 0.177892 0.275509
vt 0.176373 0.281048
vt 0.179705 0.275213
vt 0.176593 0.282308
vt 0.175371 0.286282
vt 0.181640 0.265810
vt 0.179545 0.273191
vt 0.180875 0.265845
vt 0.181858 0.268017
vt 0.170642 0.248396
vt 0.167582 0.248804
vt 0.172256 0.247070
vt 0.163152 0.252131
vt 0.167607 0.247995
vt 0.171352 0.246533
vt 0.157099 0.255704
vt 0.158363 0.253660
vt 0.162340 0.251774
vt 0.155188 0.258618
vt 0.163972 0.249879
vt 0.152542 0.259973
vt 0.149027 0.262607
vt 0.152860 0.258447
vt 0.147783 0.265496
vt 0.148818 0.265632
vt 0.145444 0.267263
vt 0.136493 0.284331
vt 0.134006 0.306380
vt 0.175295 0.245751
vt 0.182611 0.259665
vt 0.183292 0.255172
vt 0.183171 0.261336
vt 0.182481 0.253828
vt 0.180618 0.250477
vt 0.182567 0.251139
vt 0.183215 0.250669
vt 0.182070 0.257150
vt 0.154850 0.255565
vt 0.180207 0.229901
vt 0.178472 0.227158
vt 0.180669 0.227547
vt 0.178112 0.229558
vt 0.176286 0.226855
vt 0.182218 0.230243
vt 0.182842 0.228084
vt 0.176029 0.229272
vt 0.173968 0.226812
vt 0.181399 0.226132
vt 0.179756 0.222115
vt 0.179034 0.225556
vt 0.177300 0.221663
vt 0.183387 0.226667
vt 0.184468 0.223386
vt 0.176927 0.225194
vt 0.174835 0.221412
vt 0.178793 0.235248
vt 0.176300 0.233468
vt 0.178342 0.232687
vt 0.176852 0.235854
vt 0.174373 0.234182
vt 0.181203 0.234506
vt 0.180641 0.231922
vt 0.174829 0.236534
vt 0.174655 0.238354
vt 0.176537 0.238117
vt 0.174591 0.240869
vt 0.173061 0.238577
vt 0.178023 0.238066
vt 0.173088 0.241066
vt 0.185821 0.228978
vt 0.184092 0.227907
vt 0.188041 0.229790
vt 0.188835 0.230580
vt 0.188873 0.230503
vt 0.191683 0.232350
vt 0.184147 0.228251
vt 0.184277 0.227752
vt 0.188184 0.229492
vt 0.190981 0.231206
vt 0.191650 0.232063
vt 0.196303 0.234928
vt 0.196821 0.230918
vt 0.198548 0.232591
vt 0.194631 0.233278
vt 0.193047 0.232043
vt 0.197588 0.236433
vt 0.200144 0.234449
vt 0.193030 0.227924
vt 0.194968 0.229368
vt 0.193850 0.237086
vt 0.193965 0.234198
vt 0.195402 0.235742
vt 0.192652 0.235559
vt 0.191176 0.234603
vt 0.194909 0.238521
vt 0.196662 0.237420
vt 0.190702 0.231628
vt 0.192355 0.232886
vt 0.192671 0.237469
vt 0.193154 0.235209
vt 0.194200 0.236871
vt 0.192592 0.235749
vt 0.190961 0.235728
vt 0.193025 0.239420
vt 0.194920 0.238791
vt 0.189754 0.233304
vt 0.191552 0.234192
vt 0.185682 0.245813
vt 0.186902 0.242296
vt 0.187803 0.244136
vt 0.184854 0.244582
vt 0.185623 0.241408
vt 0.186322 0.247200
vt 0.188593 0.245454
vt 0.183908 0.243535
vt 0.201266 0.242472
vt 0.200154 0.240180
vt 0.201603 0.236414
vt 0.202979 0.238498
vt 0.202123 0.244567
vt 0.199018 0.238395
vt 0.197512 0.244594
vt 0.196662 0.242456
vt 0.199669 0.243645
vt 0.197763 0.239404
vt 0.198810 0.241460
vt 0.198086 0.246698
vt 0.200404 0.245839
vt 0.195809 0.240520
vt 0.193983 0.246374
vt 0.195922 0.243429
vt 0.196309 0.245833
vt 0.193574 0.243979
vt 0.195495 0.241133
vt 0.194512 0.248709
vt 0.196663 0.247967
vt 0.193254 0.241700
vt 0.187591 0.251786
vt 0.189584 0.249066
vt 0.189855 0.251062
vt 0.187291 0.250159
vt 0.189132 0.247511
vt 0.187798 0.253368
vt 0.190065 0.252573
vt 0.186858 0.248651
vt 0.204437 0.251751
vt 0.203807 0.249253
vt 0.207964 0.250684
vt 0.206257 0.245514
vt 0.207156 0.248056
vt 0.205016 0.254313
vt 0.208618 0.253355
vt 0.202988 0.246883
vt 0.199723 0.253560
vt 0.199251 0.251235
vt 0.202246 0.252997
vt 0.201069 0.248186
vt 0.201764 0.250480
vt 0.200111 0.256103
vt 0.202704 0.255524
vt 0.198678 0.248951
vt 0.195583 0.255218
vt 0.195216 0.253016
vt 0.197839 0.254775
vt 0.197111 0.250306
vt 0.197484 0.252432
vt 0.195778 0.257249
vt 0.198140 0.256903
vt 0.194867 0.250814
vt 0.188021 0.258202
vt 0.188027 0.256604
vt 0.190270 0.258060
vt 0.190190 0.254567
vt 0.190262 0.256301
vt 0.187995 0.259817
vt 0.190270 0.259767
vt 0.187927 0.254968
vt 0.206082 0.262270
vt 0.209636 0.259014
vt 0.209922 0.261925
vt 0.205848 0.259556
vt 0.205540 0.256917
vt 0.206175 0.264689
vt 0.210102 0.264767
vt 0.209211 0.256178
vt 0.200786 0.263108
vt 0.200631 0.260771
vt 0.203539 0.263009
vt 0.202991 0.257982
vt 0.203262 0.260512
vt 0.200737 0.265608
vt 0.203382 0.265687
vt 0.200391 0.258315
vt 0.195915 0.263878
vt 0.195903 0.261635
vt 0.198292 0.263879
vt 0.198260 0.259371
vt 0.198284 0.261584
vt 0.195897 0.266048
vt 0.198306 0.266060
vt 0.195834 0.259395
vt 0.187568 0.264814
vt 0.187764 0.263109
vt 0.189910 0.264987
vt 0.190166 0.261489
vt 0.190110 0.263107
vt 0.187346 0.266497
vt 0.189708 0.266776
vt 0.187890 0.261457
vt 0.205955 0.273302
vt 0.210143 0.270680
vt 0.209968 0.273671
vt 0.206080 0.270233
vt 0.210193 0.267713
vt 0.205639 0.275789
vt 0.206254 0.267717
vt 0.200096 0.272954
vt 0.202945 0.270727
vt 0.202854 0.273341
vt 0.200319 0.270566
vt 0.203190 0.268272
vt 0.199753 0.275418
vt 0.202439 0.275870
vt 0.200541 0.267881
vt 0.195211 0.272585
vt 0.197933 0.270694
vt 0.197716 0.273108
vt 0.195536 0.270315
vt 0.195764 0.268232
vt 0.194759 0.274792
vt 0.197163 0.275361
vt 0.198137 0.268409
vt 0.186331 0.271731
vt 0.189193 0.270570
vt 0.188779 0.272305
vt 0.186726 0.269955
vt 0.189451 0.268598
vt 0.185882 0.273458
vt 0.188322 0.274326
vt 0.187047 0.268217
vt 0.204105 0.284378
vt 0.204781 0.281689
vt 0.208035 0.285566
vt 0.208726 0.282640
vt 0.203284 0.287358
vt 0.207248 0.288439
vt 0.205207 0.279032
vt 0.198261 0.282810
vt 0.201589 0.281059
vt 0.200947 0.283589
vt 0.198843 0.280343
vt 0.202019 0.278425
vt 0.197554 0.285255
vt 0.200312 0.286253
vt 0.199327 0.277803
vt 0.193094 0.281495
vt 0.195987 0.279920
vt 0.195473 0.282127
vt 0.193679 0.279209
vt 0.196585 0.277634
vt 0.192492 0.283586
vt 0.194881 0.284420
vt 0.194242 0.276937
vt 0.184209 0.278743
vt 0.187298 0.277993
vt 0.186653 0.279686
vt 0.184832 0.276973
vt 0.185386 0.275212
vt 0.183555 0.280472
vt 0.185937 0.281687
vt 0.187828 0.275991
vt 0.200513 0.295040
vt 0.205293 0.294106
vt 0.204141 0.296888
vt 0.201563 0.292428
vt 0.206317 0.291278
vt 0.199305 0.297561
vt 0.202884 0.299553
vt 0.202534 0.289768
vt 0.194917 0.292364
vt 0.198437 0.291181
vt 0.197468 0.293755
vt 0.195879 0.290008
vt 0.199388 0.288700
vt 0.193794 0.294612
vt 0.196235 0.296027
vt 0.196779 0.287626
vt 0.189988 0.289996
vt 0.190937 0.287935
vt 0.192249 0.291240
vt 0.194287 0.286799
vt 0.193337 0.289150
vt 0.188957 0.292036
vt 0.191158 0.293340
vt 0.191742 0.285773
vt 0.181247 0.285639
vt 0.184428 0.285127
vt 0.183611 0.286925
vt 0.182065 0.283931
vt 0.182834 0.282191
vt 0.180377 0.287309
vt 0.182708 0.288692
vt 0.185221 0.283334
vt 0.195192 0.304916
vt 0.200069 0.304775
vt 0.198536 0.307333
vt 0.196697 0.302269
vt 0.201547 0.302168
vt 0.193770 0.306973
vt 0.196966 0.309767
vt 0.198003 0.300053
vt 0.190045 0.301222
vt 0.191362 0.298953
vt 0.192376 0.302879
vt 0.194982 0.298335
vt 0.193746 0.300651
vt 0.188729 0.303181
vt 0.191049 0.305134
vt 0.192587 0.296845
vt 0.185622 0.298069
vt 0.188975 0.297456
vt 0.187727 0.299519
vt 0.186792 0.296070
vt 0.190068 0.295395
vt 0.184443 0.300035
vt 0.186585 0.301452
vt 0.187909 0.294045
vt 0.177506 0.292225
vt 0.178518 0.290623
vt 0.179712 0.293832
vt 0.181761 0.290440
vt 0.180890 0.292080
vt 0.176466 0.293785
vt 0.178777 0.295340
vt 0.179482 0.288953
vt 0.188570 0.313883
vt 0.193448 0.314517
vt 0.191581 0.316812
vt 0.190350 0.311703
vt 0.195277 0.312134
vt 0.191862 0.309644
vt 0.186917 0.315681
vt 0.189631 0.319016
vt 0.184077 0.309332
vt 0.187768 0.309318
vt 0.186143 0.311313
vt 0.185647 0.307352
vt 0.189397 0.307215
vt 0.187082 0.305451
vt 0.182627 0.311012
vt 0.184487 0.313419
vt 0.180419 0.305520
vt 0.183784 0.305487
vt 0.182329 0.307520
vt 0.181816 0.303749
vt 0.185212 0.303571
vt 0.183138 0.301926
vt 0.178854 0.307151
vt 0.180609 0.309096
vt 0.173093 0.298369
vt 0.174280 0.296877
vt 0.175118 0.300276
vt 0.177519 0.297199
vt 0.176345 0.298694
vt 0.175378 0.295358
vt 0.171901 0.299798
vt 0.173991 0.301727
vt 0.180783 0.321638
vt 0.185428 0.323161
vt 0.183211 0.325081
vt 0.184828 0.317975
vt 0.187603 0.321110
vt 0.183006 0.319608
vt 0.178768 0.323159
vt 0.180937 0.326823
vt 0.177063 0.316300
vt 0.180699 0.316904
vt 0.178789 0.318665
vt 0.178923 0.314632
vt 0.182617 0.315155
vt 0.175173 0.317871
vt 0.176839 0.320248
vt 0.180599 0.313029
vt 0.173938 0.311853
vt 0.177231 0.312297
vt 0.175513 0.313910
vt 0.175600 0.310291
vt 0.178869 0.310754
vt 0.172263 0.313363
vt 0.173827 0.315448
vt 0.177130 0.308815
vt 0.168067 0.303882
vt 0.171187 0.304597
vt 0.169806 0.305964
vt 0.170624 0.301238
vt 0.172433 0.303379
vt 0.169373 0.302569
vt 0.166746 0.305128
vt 0.168392 0.307302
vt 0.171957 0.327775
vt 0.176230 0.330061
vt 0.173775 0.331532
vt 0.174260 0.326369
vt 0.178655 0.328486
vt 0.169791 0.328923
vt 0.171313 0.332857
vt 0.176249 0.324997
vt 0.169273 0.322047
vt 0.172733 0.323238
vt 0.170589 0.324611
vt 0.171234 0.320773
vt 0.174895 0.321862
vt 0.167215 0.323316
vt 0.168471 0.325864
vt 0.173296 0.319380
vt 0.166936 0.317226
vt 0.170106 0.318239
vt 0.168183 0.319505
vt 0.168727 0.315999
vt 0.170542 0.314742
vt 0.165080 0.318394
vt 0.166239 0.320796
vt 0.171920 0.317037
vt 0.162633 0.308589
vt 0.165428 0.309808
vt 0.164048 0.310821
vt 0.164021 0.307504
vt 0.165413 0.306336
vt 0.161218 0.309631
vt 0.162404 0.312087
vt 0.166956 0.308520
vt 0.162416 0.332101
vt 0.166197 0.335088
vt 0.164887 0.331159
vt 0.168794 0.334014
vt 0.159951 0.332974
vt 0.160951 0.336909
vt 0.167051 0.330206
vt 0.160911 0.326275
vt 0.164022 0.328129
vt 0.161703 0.329046
vt 0.163029 0.325450
vt 0.166288 0.327208
vt 0.158603 0.327151
vt 0.159300 0.329960
vt 0.165332 0.324358
vt 0.159477 0.321281
vt 0.162346 0.322700
vt 0.160411 0.323588
vt 0.161457 0.320390
vt 0.163358 0.319368
vt 0.157531 0.322141
vt 0.158350 0.324537
vt 0.164295 0.321743
vt 0.156912 0.312394
vt 0.159487 0.313854
vt 0.158018 0.314728
vt 0.158376 0.311538
vt 0.161047 0.312905
vt 0.155483 0.313171
vt 0.156261 0.315604
vt 0.159822 0.310596
vt 0.152472 0.334764
vt 0.155661 0.338218
vt 0.153009 0.338713
vt 0.154815 0.334244
vt 0.158332 0.337604
vt 0.149958 0.335218
vt 0.151839 0.329135
vt 0.154746 0.331226
vt 0.152348 0.331885
vt 0.154153 0.328523
vt 0.157075 0.330585
vt 0.149601 0.329687
vt 0.150084 0.332416
vt 0.151634 0.324307
vt 0.154271 0.326069
vt 0.152204 0.326731
vt 0.153680 0.323699
vt 0.156349 0.325436
vt 0.149614 0.324932
vt 0.150190 0.327399
vt 0.151111 0.315228
vt 0.153215 0.317081
vt 0.151766 0.317595
vt 0.152594 0.314599
vt 0.154898 0.316239
vt 0.149660 0.315757
vt 0.150150 0.318161
vt 0.142618 0.335952
vt 0.145012 0.335830
vt 0.142565 0.339670
vt 0.145128 0.339607
vt 0.139963 0.335990
vt 0.147497 0.335603
vt 0.142771 0.331115
vt 0.145407 0.333438
vt 0.142934 0.333856
vt 0.145050 0.330722
vt 0.147660 0.333011
vt 0.140398 0.331454
vt 0.140674 0.334068
vt 0.147307 0.330238
vt 0.143305 0.326519
vt 0.145848 0.328638
vt 0.143623 0.329159
vt 0.145438 0.326052
vt 0.148091 0.328049
vt 0.141213 0.326905
vt 0.141202 0.329667
vt 0.147624 0.325528
vt 0.145269 0.316910
vt 0.146963 0.318978
vt 0.145399 0.319284
vt 0.146716 0.316615
vt 0.148554 0.318621
vt 0.143846 0.319539
vt 0.148208 0.316221
vt 0.133315 0.335417
vt 0.135069 0.339189
vt 0.132608 0.338822
vt 0.135396 0.335678
vt 0.137850 0.335924
vt 0.131185 0.334998
vt 0.130299 0.338239
vt 0.133859 0.331694
vt 0.135909 0.334107
vt 0.133698 0.334038
vt 0.136019 0.331589
vt 0.138282 0.331511
vt 0.131847 0.331533
vt 0.131433 0.333812
vt 0.138283 0.334127
vt 0.133729 0.328452
vt 0.136091 0.327874
vt 0.134055 0.331370
vt 0.139026 0.330167
vt 0.136487 0.330808
vt 0.131266 0.329076
vt 0.131379 0.331893
vt 0.138663 0.327306
vt 0.139774 0.317161
vt 0.141063 0.317292
vt 0.139233 0.319452
vt 0.142238 0.319792
vt 0.140527 0.319683
vt 0.138494 0.316954
vt 0.137566 0.319278
vt 0.142455 0.317286
vt 0.125394 0.332636
vt 0.125927 0.336484
vt 0.123900 0.335356
vt 0.127202 0.333614
vt 0.129159 0.334361
vt 0.123545 0.331452
vt 0.122024 0.334071
vt 0.128061 0.337421
vt 0.126464 0.330090
vt 0.128253 0.330651
vt 0.125780 0.331965
vt 0.129506 0.333287
vt 0.127673 0.332555
vt 0.124939 0.329680
vt 0.123927 0.331157
vt 0.129901 0.331279
vt 0.123968 0.331254
vt 0.126786 0.332739
vt 0.124579 0.333031
vt 0.126240 0.330319
vt 0.129151 0.332306
vt 0.121360 0.334543
vt 0.122332 0.333122
vt 0.128725 0.329587
vt 0.135149 0.315537
vt 0.136180 0.316163
vt 0.133960 0.317534
vt 0.136450 0.318772
vt 0.134943 0.318314
vt 0.134182 0.314881
vt 0.132608 0.316771
vt 0.137344 0.316605
vt 0.119275 0.327143
vt 0.118583 0.330910
vt 0.116988 0.329145
vt 0.120717 0.328686
vt 0.122217 0.330189
vt 0.118106 0.325273
vt 0.115502 0.327188
vt 0.120266 0.332548
vt 0.121916 0.325247
vt 0.121212 0.328139
vt 0.120103 0.326343
vt 0.122840 0.327010
vt 0.122435 0.329833
vt 0.121030 0.323655
vt 0.119050 0.324425
vt 0.123624 0.328586
vt 0.123451 0.325610
vt 0.121251 0.328520
vt 0.120896 0.325981
vt 0.123589 0.328375
vt 0.123264 0.331466
vt 0.123139 0.322921
vt 0.120599 0.323592
vt 0.121751 0.330775
vt 0.131731 0.312119
vt 0.130937 0.314735
vt 0.129972 0.313908
vt 0.132487 0.313143
vt 0.131848 0.315728
vt 0.131084 0.311041
vt 0.129229 0.312397
vt 0.133315 0.314037
vt 0.114916 0.318799
vt 0.115862 0.321113
vt 0.111749 0.320348
vt 0.114144 0.325050
vt 0.112907 0.322725
vt 0.113989 0.316410
vt 0.116972 0.323243
vt 0.118952 0.316795
vt 0.117245 0.320008
vt 0.116474 0.317594
vt 0.119597 0.319198
vt 0.118139 0.322351
vt 0.118379 0.314360
vt 0.115752 0.315172
vt 0.120323 0.321395
vt 0.122569 0.314899
vt 0.120002 0.318026
vt 0.119807 0.315325
vt 0.122792 0.317685
vt 0.120213 0.320686
vt 0.122236 0.312166
vt 0.119576 0.312942
vt 0.122983 0.320270
vt 0.129656 0.307115
vt 0.128072 0.309485
vt 0.127664 0.307973
vt 0.130039 0.308481
vt 0.128557 0.311054
vt 0.127274 0.306760
vt 0.130488 0.309827
vt 0.111777 0.308856
vt 0.108951 0.312598
vt 0.108166 0.309849
vt 0.112439 0.311435
vt 0.111237 0.306233
vt 0.107545 0.307110
vt 0.113170 0.313960
vt 0.116844 0.306731
vt 0.117353 0.309379
vt 0.114236 0.307413
vt 0.115216 0.312580
vt 0.114727 0.309991
vt 0.116383 0.304440
vt 0.113809 0.304973
vt 0.117861 0.311929
vt 0.121090 0.305227
vt 0.121330 0.307407
vt 0.118702 0.305588
vt 0.119175 0.310220
vt 0.118951 0.307901
vt 0.120865 0.302989
vt 0.118464 0.303293
vt 0.121748 0.309770
vt 0.128742 0.301186
vt 0.126706 0.303282
vt 0.126505 0.301636
vt 0.128875 0.302761
vt 0.129093 0.304279
vt 0.128675 0.299599
vt 0.126406 0.299851
vt 0.126921 0.304961
vt 0.110155 0.298098
vt 0.106583 0.301433
vt 0.106241 0.298488
vt 0.110423 0.300870
vt 0.106994 0.304297
vt 0.110025 0.295475
vt 0.110742 0.303568
vt 0.115552 0.297096
vt 0.113057 0.299907
vt 0.112748 0.297284
vt 0.115724 0.299595
vt 0.113343 0.302446
vt 0.115490 0.294504
vt 0.112765 0.294630
vt 0.115963 0.301813
vt 0.120392 0.296153
vt 0.118108 0.298674
vt 0.117960 0.296312
vt 0.120525 0.298445
vt 0.118271 0.300942
vt 0.120381 0.294016
vt 0.118003 0.294010
vt 0.120687 0.300619
vt 0.128887 0.294660
vt 0.128752 0.296353
vt 0.126526 0.294578
vt 0.126414 0.298097
vt 0.126398 0.296477
vt 0.129066 0.292985
vt 0.126612 0.292872
vt 0.128699 0.297994
vt 0.110011 0.286923
vt 0.105974 0.289652
vt 0.106060 0.286681
vt 0.109972 0.290009
vt 0.109878 0.292533
vt 0.110215 0.284126
vt 0.106265 0.283671
vt 0.115815 0.287146
vt 0.112942 0.289455
vt 0.113111 0.286871
vt 0.115641 0.289476
vt 0.112842 0.292010
vt 0.116100 0.284658
vt 0.113259 0.284166
vt 0.115500 0.292096
vt 0.120886 0.287395
vt 0.118142 0.289409
vt 0.118474 0.287044
vt 0.120634 0.289567
vt 0.118072 0.291694
vt 0.121235 0.285173
vt 0.118812 0.284711
vt 0.120502 0.291879
vt 0.129970 0.287872
vt 0.127205 0.289156
vt 0.127569 0.287344
vt 0.129618 0.289590
vt 0.126884 0.290796
vt 0.130393 0.286121
vt 0.127984 0.285542
vt 0.129321 0.291308
vt 0.111587 0.275832
vt 0.107058 0.277745
vt 0.107628 0.274800
vt 0.110990 0.278593
vt 0.106596 0.280725
vt 0.112290 0.273085
vt 0.108368 0.271872
vt 0.110564 0.281363
vt 0.117670 0.277348
vt 0.114394 0.279083
vt 0.115038 0.276573
vt 0.117104 0.279683
vt 0.113827 0.281621
vt 0.118347 0.274893
vt 0.115679 0.274026
vt 0.116517 0.282340
vt 0.122917 0.278600
vt 0.119881 0.280071
vt 0.120591 0.277751
vt 0.122255 0.280803
vt 0.119218 0.282382
vt 0.123563 0.276500
vt 0.121249 0.275582
vt 0.121648 0.282969
vt 0.131935 0.280915
vt 0.128941 0.281899
vt 0.129526 0.280048
vt 0.131375 0.282649
vt 0.128441 0.283720
vt 0.132570 0.279192
vt 0.130155 0.278198
vt 0.130842 0.284408
vt 0.111386 0.263418
vt 0.114139 0.267618
vt 0.110260 0.266169
vt 0.109239 0.269002
vt 0.112606 0.260663
vt 0.115107 0.265166
vt 0.113075 0.270650
vt 0.118334 0.266582
vt 0.120014 0.270033
vt 0.117335 0.268999
vt 0.116307 0.271491
vt 0.119332 0.264050
vt 0.120911 0.267761
vt 0.119074 0.272622
vt 0.123551 0.268917
vt 0.125035 0.272062
vt 0.122625 0.271135
vt 0.121946 0.273339
vt 0.124477 0.266686
vt 0.125861 0.269929
vt 0.124269 0.274214
vt 0.133274 0.271045
vt 0.134790 0.274034
vt 0.132292 0.272924
vt 0.135618 0.272394
vt 0.133243 0.277483
vt 0.130714 0.276551
vt 0.120343 0.255232
vt 0.115381 0.255328
vt 0.116973 0.252796
vt 0.119020 0.257507
vt 0.113939 0.257974
vt 0.117460 0.260328
vt 0.121875 0.252883
vt 0.118618 0.250335
vt 0.116285 0.262579
vt 0.125599 0.258864
vt 0.121950 0.259450
vt 0.123290 0.257152
vt 0.124372 0.260937
vt 0.120633 0.261720
vt 0.127083 0.256661
vt 0.124663 0.254941
vt 0.123007 0.263363
vt 0.121946 0.265431
vt 0.129960 0.261816
vt 0.126610 0.262383
vt 0.127826 0.260275
vt 0.128791 0.263789
vt 0.127713 0.265852
vt 0.131247 0.259943
vt 0.129245 0.258320
vt 0.125375 0.264525
vt 0.138399 0.267480
vt 0.135172 0.267607
vt 0.136100 0.265984
vt 0.137428 0.269112
vt 0.136498 0.270735
vt 0.139398 0.265896
vt 0.137227 0.264272
vt 0.134043 0.269435
vt 0.126957 0.246442
vt 0.122153 0.245704
vt 0.124065 0.243500
vt 0.125364 0.248356
vt 0.120343 0.247972
vt 0.123389 0.250856
vt 0.128832 0.244429
vt 0.131508 0.250952
vt 0.129955 0.252780
vt 0.129478 0.248875
vt 0.126236 0.252903
vt 0.127836 0.250743
vt 0.133277 0.248932
vt 0.131178 0.246851
vt 0.128419 0.254762
vt 0.135576 0.254541
vt 0.134011 0.256373
vt 0.133649 0.252880
vt 0.130738 0.256335
vt 0.132153 0.254646
vt 0.136955 0.252933
vt 0.135121 0.251162
vt 0.132662 0.258088
vt 0.142686 0.261333
vt 0.139485 0.261044
vt 0.140607 0.259547
vt 0.141539 0.262824
vt 0.140458 0.264321
vt 0.143870 0.259895
vt 0.141924 0.258040
vt 0.138165 0.262709
vt 0.134679 0.239020
vt 0.132732 0.240629
vt 0.132365 0.235519
vt 0.128069 0.239350
vt 0.130179 0.237419
vt 0.136876 0.237162
vt 0.134614 0.233728
vt 0.130666 0.242648
vt 0.138367 0.243720
vt 0.134767 0.243229
vt 0.136660 0.241334
vt 0.136597 0.245428
vt 0.134858 0.247196
vt 0.140248 0.242213
vt 0.138663 0.239871
vt 0.132939 0.245065
vt 0.141531 0.248083
vt 0.138196 0.247576
vt 0.139954 0.246036
vt 0.139988 0.249559
vt 0.138429 0.251215
vt 0.143187 0.246659
vt 0.141729 0.244618
vt 0.136641 0.249363
vt 0.144470 0.255186
vt 0.145706 0.253829
vt 0.145050 0.258513
vt 0.147199 0.252517
vt 0.143087 0.256614
vt 0.143508 0.232611
vt 0.139245 0.230462
vt 0.141623 0.228944
vt 0.141258 0.234051
vt 0.139037 0.235550
vt 0.145524 0.231482
vt 0.136934 0.232034
vt 0.146111 0.238055
vt 0.142708 0.236943
vt 0.144782 0.235529
vt 0.144038 0.239462
vt 0.140656 0.238356
vt 0.147954 0.236982
vt 0.146916 0.234389
vt 0.142182 0.240765
vt 0.148406 0.242721
vt 0.145265 0.241825
vt 0.147116 0.240366
vt 0.146621 0.243978
vt 0.143482 0.243209
vt 0.150114 0.241671
vt 0.149054 0.239305
vt 0.144870 0.245295
vt 0.152882 0.251108
vt 0.150020 0.250083
vt 0.151450 0.248924
vt 0.151520 0.252216
vt 0.148608 0.251263
vt 0.154256 0.250056
vt 0.152759 0.247880
vt 0.150188 0.253359
vt 0.152801 0.228109
vt 0.150394 0.229074
vt 0.151590 0.224299
vt 0.149082 0.225236
vt 0.154109 0.223373
vt 0.148256 0.230073
vt 0.154353 0.233805
vt 0.151216 0.232168
vt 0.153402 0.231228
vt 0.152232 0.234784
vt 0.149045 0.233261
vt 0.150263 0.235744
vt 0.155720 0.238712
vt 0.152899 0.237292
vt 0.154935 0.236368
vt 0.153814 0.239544
vt 0.151037 0.238179
vt 0.152013 0.240545
vt 0.158464 0.247191
vt 0.155835 0.245870
vt 0.157354 0.244936
vt 0.155671 0.249024
vt 0.154480 0.246701
vt 0.162620 0.225504
vt 0.159324 0.222070
vt 0.161937 0.221595
vt 0.159707 0.226040
vt 0.157580 0.226511
vt 0.164810 0.225185
vt 0.164571 0.221308
vt 0.155030 0.227340
vt 0.156710 0.222627
vt 0.162917 0.230941
vt 0.160184 0.228804
vt 0.162400 0.228293
vt 0.160720 0.231531
vt 0.158600 0.232112
vt 0.165127 0.230402
vt 0.164702 0.227782
vt 0.156395 0.232953
vt 0.155587 0.230269
vt 0.157847 0.229349
vt 0.163504 0.235785
vt 0.160870 0.234020
vt 0.162930 0.233394
vt 0.161532 0.236407
vt 0.159598 0.237090
vt 0.165525 0.235141
vt 0.164998 0.232784
vt 0.157744 0.237874
vt 0.156833 0.235541
vt 0.158936 0.234634
vt 0.163376 0.241760
vt 0.162753 0.244764
vt 0.162010 0.242405
vt 0.161322 0.245545
vt 0.160374 0.243270
vt 0.165670 0.243407
vt 0.164211 0.244039
vt 0.159923 0.246324
vt 0.158877 0.244058
vt 0.172159 0.224976
vt 0.169728 0.221174
vt 0.172340 0.221259
vt 0.169707 0.224976
vt 0.167145 0.221206
vt 0.174300 0.225047
vt 0.167364 0.225066
vt 0.171740 0.229508
vt 0.169353 0.227019
vt 0.171666 0.226905
vt 0.169549 0.229716
vt 0.167010 0.227290
vt 0.173924 0.229338
vt 0.167154 0.229971
vt 0.171297 0.233444
vt 0.169027 0.231658
vt 0.170975 0.231086
vt 0.169395 0.233982
vt 0.166975 0.232212
vt 0.173449 0.233020
vt 0.173169 0.230576
vt 0.167367 0.234568
vt 0.179296 0.232517
vt 0.177567 0.230114
vt 0.179698 0.230394
vt 0.177467 0.232112
vt 0.175475 0.230204
vt 0.181242 0.233138
vt 0.181856 0.230926
vt 0.175551 0.232526
vt 0.187939 0.232447
vt 0.186926 0.229518
vt 0.188986 0.230452
vt 0.186064 0.231677
vt 0.184863 0.228716
vt 0.189571 0.233490
vt 0.184120 0.230936
vt 0.187147 0.234706
vt 0.185945 0.232032
vt 0.187821 0.232606
vt 0.185228 0.234068
vt 0.183828 0.231397
vt 0.189057 0.235259
vt 0.183134 0.233606
vt 0.188365 0.231843
vt 0.185460 0.229486
vt 0.188683 0.227906
vt 0.185990 0.232663
vt 0.182747 0.230783
vt 0.190473 0.231313
vt 0.183391 0.233664
vt 0.167568 0.327256
vt 0.173812 0.323670
vt 0.167686 0.327403
vt 0.176790 0.321184
vt 0.178614 0.320314
vt 0.176395 0.322116
vt 0.169905 0.326269
vt 0.121263 0.306951
vt 0.120787 0.301176
vt 0.121831 0.307212
vt 0.121199 0.302444
vt 0.121727 0.305577
vt 0.122382 0.310169
vt 0.122620 0.312666
vt 0.122556 0.313805
vt 0.194866 0.238652
vt 0.196442 0.245553
vt 0.195120 0.239813
vt 0.196250 0.244247
vt 0.197438 0.248678
vt 0.153804 0.236594
vt 0.151937 0.237051
vt 0.157086 0.234847
vt 0.160462 0.233627
vt 0.147047 0.239654
vt 0.155646 0.235201
vt 0.122209 0.302951
vt 0.122054 0.297965
vt 0.122715 0.306901
vt 0.122945 0.310332
vt 0.122246 0.305047
vt 0.121824 0.302109
vt 0.173101 0.305472
vt 0.170125 0.307929
vt 0.174178 0.304060
vt 0.172882 0.305197
vt 0.199756 0.240516
vt 0.196614 0.236160
vt 0.202582 0.247177
vt 0.200165 0.241768
vt 0.199080 0.239920
vt 0.196445 0.236262
vt 0.152801 0.228697
vt 0.149508 0.230481
vt 0.145796 0.232316
vt 0.147378 0.231922
vt 0.170119 0.306481
vt 0.174057 0.302894
vt 0.170991 0.305930
vt 0.168288 0.307507
vt 0.174218 0.302199
vt 0.117013 0.305597
vt 0.118852 0.313930
vt 0.118758 0.314034
vt 0.116832 0.303015
vt 0.117669 0.307665
vt 0.118868 0.313783
vt 0.199826 0.242583
vt 0.197353 0.238278
vt 0.199723 0.242054
vt 0.201562 0.247475
vt 0.201400 0.246470
vt 0.201776 0.248678
vt 0.157211 0.229018
vt 0.150031 0.231642
vt 0.155805 0.229269
vt 0.147269 0.233425
vt 0.154185 0.229652
vt 0.120059 0.315835
vt 0.118737 0.308690
vt 0.119213 0.312611
vt 0.118380 0.307244
vt 0.117810 0.301706
vt 0.117589 0.302422
vt 0.173426 0.311949
vt 0.176072 0.308994
vt 0.178817 0.306285
vt 0.172066 0.313507
vt 0.180364 0.305482
vt 0.178911 0.305767
vt 0.186528 0.233131
vt 0.188564 0.237300
vt 0.190428 0.242024
vt 0.188520 0.238484
vt 0.185538 0.235666
vt 0.149219 0.248324
vt 0.152564 0.246071
vt 0.149392 0.248652
vt 0.152994 0.246027
vt 0.146747 0.250873
vt 0.144736 0.252404
vt 0.173070 0.309946
vt 0.177073 0.306034
vt 0.178221 0.305228
vt 0.175415 0.308228
vt 0.173087 0.310492
vt 0.170615 0.312505
vt 0.112071 0.309894
vt 0.113503 0.312455
vt 0.113552 0.315126
vt 0.112081 0.306623
vt 0.112962 0.309676
vt 0.114734 0.315935
vt 0.114942 0.317263
vt 0.187347 0.241393
vt 0.187445 0.240221
vt 0.189424 0.244152
vt 0.189286 0.245390
vt 0.183184 0.237702
vt 0.185686 0.238510
vt 0.148577 0.251207
vt 0.151930 0.247828
vt 0.145239 0.253655
vt 0.149109 0.250098
vt 0.147422 0.251633
vt 0.150196 0.248841
vt 0.115447 0.315386
vt 0.113763 0.308754
vt 0.113130 0.304252
vt 0.115017 0.314977
vt 0.178304 0.314426
vt 0.175729 0.316108
vt 0.179690 0.312765
vt 0.172063 0.319630
vt 0.179122 0.312883
vt 0.192967 0.239567
vt 0.192187 0.234834
vt 0.193229 0.238894
vt 0.192210 0.234429
vt 0.190185 0.232462
vt 0.186986 0.231687
vt 0.151388 0.241471
vt 0.151241 0.241772
vt 0.147625 0.244202
vt 0.145737 0.245398
vt 0.144213 0.247045
vt 0.141421 0.249142
vt 0.172068 0.317611
vt 0.125956 0.309694
vt 0.127043 0.313888
vt 0.127309 0.315868
vt 0.126228 0.309362
vt 0.126874 0.312057
vt 0.193869 0.231279
vt 0.193445 0.234459
vt 0.193346 0.241778
vt 0.192244 0.231270
vt 0.192900 0.233531
vt 0.193323 0.240381
vt 0.146052 0.247304
vt 0.146779 0.246210
vt 0.151203 0.242842
vt 0.153376 0.241802
vt 0.127757 0.310537
vt 0.126844 0.308351
vt 0.126845 0.306833
vt 0.128507 0.311430
vt 0.128993 0.313769
vt 0.127567 0.311356
vt 0.182522 0.319174
vt 0.187016 0.314243
vt 0.176149 0.324297
vt 0.179240 0.321281
vt 0.183066 0.317865
vt 0.186613 0.314008
vt 0.194746 0.238636
vt 0.191978 0.234930
vt 0.191089 0.233987
vt 0.188203 0.232459
vt 0.146070 0.238706
vt 0.142647 0.241464
vt 0.139367 0.243896
vt 0.149027 0.237468
vt 0.182985 0.316071
vt 0.185362 0.313378
vt 0.192271 0.234738
vt 0.194817 0.238892
vt 0.189637 0.233505
vt 0.192030 0.234693
vt 0.193367 0.236593
vt 0.139989 0.245117
vt 0.138287 0.247280
vt 0.143229 0.242522
vt 0.145667 0.240430
vt 0.122891 0.320467
vt 0.122794 0.316290
vt 0.123555 0.326771
vt 0.123325 0.320523
vt 0.178222 0.299057
vt 0.180241 0.296735
vt 0.180415 0.295790
vt 0.123627 0.315413
vt 0.123963 0.319710
vt 0.123427 0.315287
vt 0.123207 0.311027
vt 0.188385 0.229149
vt 0.189588 0.229556
vt 0.193602 0.233070
vt 0.193303 0.233135
vt 0.139087 0.235641
vt 0.140703 0.235471
vt 0.142785 0.234678
vt 0.138607 0.237408
vt 0.138098 0.237305
vt 0.177854 0.297498
vt 0.176299 0.300092
vt 0.195194 0.235229
vt 0.192629 0.232950
vt 0.196588 0.237193
vt 0.188505 0.229853
vt 0.137471 0.239948
vt 0.143204 0.235868
vt 0.120493 0.320990
vt 0.122408 0.326893
vt 0.120245 0.319650
vt 0.182173 0.302053
vt 0.184415 0.300050
vt 0.181689 0.302309
vt 0.184240 0.298727
vt 0.185387 0.297509
vt 0.184015 0.233967
vt 0.175764 0.236418
vt 0.143991 0.252876
vt 0.139310 0.258049
vt 0.141382 0.256071
vt 0.181808 0.300236
vt 0.179723 0.302943
vt 0.182500 0.299906
vt 0.179690 0.303465
vt 0.141868 0.256782
vt 0.144800 0.253632
vt 0.143334 0.255143
vt 0.147447 0.251202
vt 0.116320 0.321375
vt 0.116887 0.321835
vt 0.119080 0.327042
vt 0.118912 0.325989
vt 0.115848 0.321088
vt 0.119101 0.325879
vt 0.183505 0.238989
vt 0.178905 0.237076
vt 0.183576 0.236975
vt 0.185560 0.306519
vt 0.189257 0.301349
vt 0.182732 0.309596
vt 0.185679 0.305904
vt 0.188399 0.301828
vt 0.118617 0.324398
vt 0.118274 0.323383
vt 0.119513 0.325555
vt 0.117476 0.321478
vt 0.115539 0.316463
vt 0.135161 0.255323
vt 0.138068 0.252547
vt 0.187887 0.300181
vt 0.183768 0.307263
vt 0.183305 0.307302
vt 0.179506 0.311220
vt 0.178884 0.311377
vt 0.186675 0.231198
vt 0.182449 0.231118
vt 0.181855 0.231202
vt 0.141271 0.251178
vt 0.138633 0.253401
vt 0.142653 0.249646
vt 0.140339 0.251669
vt 0.144173 0.248101
vt 0.129531 0.317826
vt 0.131136 0.320959
vt 0.131299 0.319977
vt 0.190238 0.309783
vt 0.191492 0.309029
vt 0.193306 0.305551
vt 0.130399 0.316623
vt 0.128723 0.314177
vt 0.184959 0.230082
vt 0.177579 0.232843
vt 0.186718 0.230716
vt 0.191366 0.231309
vt 0.138598 0.243572
vt 0.134837 0.248157
vt 0.131443 0.251881
vt 0.138183 0.245322
vt 0.134581 0.248800
vt 0.191646 0.305272
vt 0.189107 0.309144
vt 0.191032 0.306886
vt 0.187791 0.311175
vt 0.183375 0.315983
vt 0.135472 0.249900
vt 0.135158 0.249583
vt 0.137036 0.247704
vt 0.140386 0.244351
vt 0.124195 0.325626
vt 0.126232 0.325723
vt 0.128020 0.327069
vt 0.186508 0.231498
vt 0.189805 0.233227
vt 0.187061 0.231704
vt 0.183158 0.230951
vt 0.182366 0.230653
vt 0.183268 0.291290
vt 0.184384 0.289483
vt 0.181578 0.293867
vt 0.127291 0.323556
vt 0.124520 0.319508
vt 0.125672 0.323187
vt 0.134838 0.239730
vt 0.130611 0.244348
vt 0.129285 0.244900
vt 0.134550 0.240674
vt 0.180804 0.293405
vt 0.183079 0.289915
vt 0.181107 0.293424
vt 0.178756 0.296848
vt 0.187270 0.232062
vt 0.182347 0.231258
vt 0.183021 0.231289
vt 0.186986 0.231924
vt 0.131363 0.245428
vt 0.136162 0.240686
vt 0.133420 0.243257
vt 0.137160 0.239602
vt 0.139217 0.238386
vt 0.125931 0.330305
vt 0.121596 0.324363
vt 0.122951 0.328249
vt 0.124209 0.329382
vt 0.126619 0.330425
vt 0.189765 0.289557
vt 0.187568 0.293296
vt 0.185667 0.296537
vt 0.122389 0.328954
vt 0.121919 0.324263
vt 0.121949 0.323610
vt 0.183409 0.227275
vt 0.138767 0.259109
vt 0.136710 0.262076
vt 0.135600 0.263018
vt 0.139053 0.259097
vt 0.184729 0.296087
vt 0.187575 0.291338
vt 0.185041 0.296105
vt 0.137580 0.262749
vt 0.139538 0.259767
vt 0.141556 0.257664
vt 0.121587 0.329338
vt 0.122187 0.330190
vt 0.124532 0.331698
vt 0.179139 0.226892
vt 0.186328 0.229082
vt 0.192895 0.294835
vt 0.194736 0.292654
vt 0.191233 0.297432
vt 0.189919 0.299400
vt 0.121825 0.329156
vt 0.135062 0.255802
vt 0.132784 0.259025
vt 0.130162 0.261611
vt 0.135381 0.255750
vt 0.191617 0.293723
vt 0.191157 0.295363
vt 0.189095 0.298977
vt 0.136301 0.256399
vt 0.131777 0.262797
vt 0.132596 0.261223
vt 0.134971 0.321273
vt 0.138022 0.322231
vt 0.133060 0.320209
vt 0.196706 0.301139
vt 0.197224 0.299485
vt 0.200332 0.295266
vt 0.194955 0.302854
vt 0.131243 0.316662
vt 0.135204 0.319216
vt 0.138274 0.320164
vt 0.135158 0.319840
vt 0.132398 0.318385
vt 0.131582 0.252524
vt 0.128851 0.255954
vt 0.126275 0.258862
vt 0.197154 0.296375
vt 0.194382 0.301506
vt 0.198078 0.295431
vt 0.127873 0.259993
vt 0.126397 0.261179
vt 0.132267 0.253880
vt 0.129824 0.256736
vt 0.132446 0.253009
vt 0.128901 0.326673
vt 0.131097 0.327293
vt 0.131682 0.328113
vt 0.187723 0.282088
vt 0.185505 0.286587
vt 0.187015 0.282909
vt 0.131488 0.325526
vt 0.127900 0.324842
vt 0.129635 0.325704
vt 0.123556 0.251685
vt 0.126917 0.248194
vt 0.123992 0.252062
vt 0.183598 0.287111
vt 0.184976 0.285418
vt 0.182771 0.289859
vt 0.186271 0.282628
vt 0.184864 0.286268
vt 0.129045 0.248244
vt 0.124195 0.254563
vt 0.124870 0.252750
vt 0.127855 0.249152
vt 0.127814 0.248747
vt 0.129840 0.331143
vt 0.131833 0.331442
vt 0.133610 0.331784
vt 0.189732 0.288515
vt 0.191396 0.284494
vt 0.128665 0.331018
vt 0.125407 0.329848
vt 0.122201 0.329312
vt 0.131776 0.269610
vt 0.187639 0.289227
vt 0.189895 0.284795
vt 0.187355 0.291212
vt 0.189630 0.286416
vt 0.133908 0.268376
vt 0.132234 0.271634
vt 0.133832 0.267954
vt 0.135395 0.266099
vt 0.136033 0.264525
vt 0.137283 0.262540
vt 0.126322 0.332894
vt 0.129400 0.333853
vt 0.127190 0.333611
vt 0.131209 0.334594
vt 0.126624 0.332714
vt 0.196745 0.286319
vt 0.194665 0.290716
vt 0.196247 0.286156
vt 0.132779 0.334366
vt 0.129664 0.333162
vt 0.123234 0.330762
vt 0.131570 0.333760
vt 0.126681 0.332237
vt 0.129808 0.263419
vt 0.127214 0.267788
vt 0.194097 0.289147
vt 0.195416 0.285524
vt 0.194693 0.288532
vt 0.192706 0.292667
vt 0.128726 0.268611
vt 0.130058 0.265213
vt 0.127812 0.269717
vt 0.128798 0.267591
vt 0.132761 0.260669
vt 0.144086 0.321479
vt 0.138653 0.321731
vt 0.200993 0.292371
vt 0.200058 0.293279
vt 0.141985 0.320266
vt 0.143309 0.320318
vt 0.140179 0.320657
vt 0.137559 0.320563
vt 0.122579 0.265341
vt 0.199844 0.290512
vt 0.124197 0.266264
vt 0.123165 0.267611
vt 0.124257 0.265176
vt 0.125225 0.262744
vt 0.127954 0.258716
vt 0.140773 0.326418
vt 0.136450 0.327324
vt 0.140574 0.326245
vt 0.189876 0.274183
vt 0.189969 0.274450
vt 0.189080 0.277006
vt 0.189953 0.273235
vt 0.142149 0.324623
vt 0.138493 0.325634
vt 0.135217 0.326070
vt 0.141998 0.325281
vt 0.141004 0.325633
vt 0.136868 0.326216
vt 0.120741 0.256475
vt 0.118821 0.259742
vt 0.116493 0.264248
vt 0.119425 0.259566
vt 0.116799 0.264586
vt 0.188063 0.276990
vt 0.188402 0.277028
vt 0.187103 0.280358
vt 0.185599 0.283462
vt 0.189307 0.272510
vt 0.119161 0.263084
vt 0.121377 0.258777
vt 0.117752 0.265070
vt 0.119100 0.262512
vt 0.120332 0.259906
vt 0.123163 0.255247
vt 0.138681 0.331416
vt 0.135276 0.331437
vt 0.193071 0.280262
vt 0.193550 0.277325
vt 0.194866 0.272116
vt 0.136452 0.330875
vt 0.136287 0.331118
vt 0.133046 0.330915
vt 0.139641 0.330303
vt 0.144457 0.329206
vt 0.129537 0.275088
vt 0.128672 0.276810
vt 0.131253 0.271378
vt 0.129355 0.275835
vt 0.127847 0.280261
vt 0.192007 0.278579
vt 0.192555 0.277871
vt 0.191349 0.281625
vt 0.193484 0.272564
vt 0.193598 0.272953
vt 0.189392 0.229448
vt 0.188908 0.225364
vt 0.191025 0.226595
vt 0.187444 0.228365
vt 0.186744 0.224274
vt 0.191227 0.230714
vt 0.185431 0.227384
vt 0.183954 0.231297
vt 0.187041 0.231761
vt 0.190633 0.233943
vt 0.190493 0.233838
vt 0.183370 0.231103
vt 0.186742 0.230940
vt 0.182192 0.231145
vt 0.191629 0.232656
vt 0.191903 0.232145
vt 0.180322 0.236078
vt 0.182359 0.235485
vt 0.183986 0.236337
vt 0.186756 0.238408
vt 0.180109 0.236564
vt 0.181179 0.234920
vt 0.185183 0.236129
vt 0.187235 0.237991
vt 0.194857 0.234843
vt 0.194856 0.235107
vt 0.193066 0.233375
vt 0.197009 0.237303
vt 0.193245 0.236356
vt 0.195329 0.239581
vt 0.195314 0.239721
vt 0.193101 0.236516
vt 0.193085 0.236766
vt 0.193510 0.241475
vt 0.193245 0.241290
vt 0.188836 0.241127
vt 0.189285 0.240704
vt 0.190438 0.244420
vt 0.189871 0.244611
vt 0.198853 0.239923
vt 0.200915 0.244053
vt 0.201977 0.246367
vt 0.196511 0.244076
vt 0.196715 0.243884
vt 0.197465 0.247373
vt 0.198047 0.248563
vt 0.193390 0.242712
vt 0.193572 0.246145
vt 0.193401 0.246279
vt 0.193696 0.246275
vt 0.193914 0.249436
vt 0.193907 0.250876
vt 0.193670 0.243767
vt 0.194359 0.250336
vt 0.190432 0.246901
vt 0.190806 0.248787
vt 0.190785 0.251057
vt 0.190465 0.249402
vt 0.190768 0.253289
vt 0.190855 0.246660
vt 0.190959 0.248450
vt 0.202376 0.248683
vt 0.202478 0.251303
vt 0.203286 0.251016
vt 0.203456 0.253641
vt 0.203450 0.256312
vt 0.198311 0.250767
vt 0.198369 0.253188
vt 0.198966 0.257766
vt 0.199189 0.258065
vt 0.199177 0.254176
vt 0.199085 0.255324
vt 0.194310 0.252642
vt 0.194847 0.254597
vt 0.194307 0.254879
vt 0.194634 0.256825
vt 0.195080 0.258797
vt 0.191023 0.254803
vt 0.191153 0.252725
vt 0.191318 0.256645
vt 0.190864 0.256748
vt 0.191414 0.257434
vt 0.191288 0.260358
vt 0.191121 0.258484
vt 0.204313 0.260094
vt 0.204703 0.263897
vt 0.204351 0.263950
vt 0.204413 0.258708
vt 0.204335 0.261488
vt 0.203759 0.266617
vt 0.204396 0.256012
vt 0.204947 0.261437
vt 0.205142 0.265122
vt 0.199245 0.261263
vt 0.199556 0.262675
vt 0.199268 0.264736
vt 0.199664 0.259483
vt 0.198909 0.262460
vt 0.199064 0.267163
vt 0.199559 0.267067
vt 0.194800 0.265268
vt 0.195198 0.262956
vt 0.195085 0.265239
vt 0.194773 0.261028
vt 0.194484 0.263276
vt 0.194378 0.267399
vt 0.194484 0.259014
vt 0.195252 0.266159
vt 0.191031 0.262076
vt 0.191084 0.263802
vt 0.190656 0.263975
vt 0.190732 0.265697
vt 0.190163 0.268731
vt 0.190833 0.260404
vt 0.191282 0.262454
vt 0.203729 0.274118
vt 0.204075 0.270424
vt 0.204222 0.274620
vt 0.203793 0.269348
vt 0.204413 0.268745
vt 0.204916 0.269205
vt 0.204706 0.274443
vt 0.203434 0.277354
vt 0.199246 0.269511
vt 0.199332 0.271789
vt 0.198770 0.273073
vt 0.198752 0.271675
vt 0.198167 0.274082
vt 0.199874 0.264652
vt 0.199699 0.269652
vt 0.199034 0.274206
vt 0.197821 0.276426
vt 0.198499 0.275237
vt 0.194749 0.268373
vt 0.194505 0.271434
vt 0.194182 0.271611
vt 0.194218 0.269558
vt 0.193599 0.273737
vt 0.194888 0.269641
vt 0.194290 0.273795
vt 0.193697 0.275925
vt 0.193654 0.274737
vt 0.190274 0.269417
vt 0.190216 0.271133
vt 0.189565 0.273235
vt 0.189314 0.273214
vt 0.190785 0.267362
vt 0.191076 0.265654
vt 0.190583 0.269530
vt 0.202438 0.282553
vt 0.203353 0.279977
vt 0.202104 0.285292
vt 0.202775 0.279801
vt 0.204035 0.279009
vt 0.203149 0.283252
vt 0.201872 0.288057
vt 0.196721 0.281175
vt 0.197633 0.278860
vt 0.196480 0.283656
vt 0.197121 0.278557
vt 0.198021 0.278711
vt 0.197448 0.281829
vt 0.192869 0.277989
vt 0.192488 0.280142
vt 0.191542 0.282189
vt 0.190484 0.284157
vt 0.191495 0.283343
vt 0.192599 0.280589
vt 0.188691 0.277136
vt 0.188281 0.279088
vt 0.187294 0.280878
vt 0.189421 0.275212
vt 0.187186 0.281904
vt 0.188366 0.279503
vt 0.200917 0.287356
vt 0.200968 0.289253
vt 0.200195 0.290399
vt 0.199589 0.293109
vt 0.197686 0.298141
vt 0.197974 0.296801
vt 0.195161 0.288398
vt 0.193150 0.292899
vt 0.193450 0.293054
vt 0.190054 0.286368
vt 0.188673 0.290652
vt 0.188280 0.290453
vt 0.190336 0.286481
vt 0.185052 0.286500
vt 0.183749 0.289169
vt 0.186158 0.283683
vt 0.186064 0.284725
vt 0.184432 0.288461
vt 0.184100 0.289443
vt 0.195450 0.300414
vt 0.193742 0.303902
vt 0.194050 0.302389
vt 0.195921 0.300422
vt 0.191465 0.307239
vt 0.190397 0.297226
vt 0.188823 0.300354
vt 0.186256 0.303033
vt 0.186519 0.303212
vt 0.190813 0.297232
vt 0.186820 0.303448
vt 0.184590 0.297352
vt 0.186467 0.294796
vt 0.182792 0.300116
vt 0.186282 0.294444
vt 0.183032 0.300313
vt 0.180706 0.294544
vt 0.182434 0.292245
vt 0.179040 0.297062
vt 0.182289 0.291935
vt 0.179236 0.297229
vt 0.188184 0.311549
vt 0.184431 0.315181
vt 0.185531 0.314573
vt 0.184062 0.307196
vt 0.184117 0.307553
vt 0.180529 0.310576
vt 0.181574 0.310079
vt 0.180388 0.303649
vt 0.180023 0.303574
vt 0.177951 0.306145
vt 0.177483 0.307140
vt 0.176932 0.300380
vt 0.176611 0.300326
vt 0.174715 0.302698
vt 0.175549 0.302323
vt 0.174265 0.303578
vt 0.180663 0.318858
vt 0.182712 0.317481
vt 0.178757 0.320990
vt 0.176888 0.322908
vt 0.177004 0.313825
vt 0.178907 0.312602
vt 0.175327 0.315832
vt 0.173738 0.317678
vt 0.175668 0.308539
vt 0.174376 0.310236
vt 0.172480 0.311517
vt 0.172610 0.304853
vt 0.171445 0.306387
vt 0.169731 0.307577
vt 0.168153 0.308569
vt 0.172398 0.304597
vt 0.174534 0.324069
vt 0.171987 0.325243
vt 0.167517 0.327739
vt 0.170114 0.326777
vt 0.174303 0.324839
vt 0.170169 0.327178
vt 0.170539 0.319425
vt 0.167787 0.321460
vt 0.169623 0.319853
vt 0.172695 0.318099
vt 0.170248 0.320209
vt 0.167641 0.320942
vt 0.165463 0.322379
vt 0.173241 0.316963
vt 0.169148 0.314216
vt 0.171063 0.313269
vt 0.167424 0.315852
vt 0.167321 0.315172
vt 0.165701 0.316628
vt 0.166848 0.316426
vt 0.163845 0.318058
vt 0.166811 0.310160
vt 0.168509 0.309226
vt 0.165466 0.311663
vt 0.166361 0.310072
vt 0.163772 0.312444
vt 0.163634 0.312144
vt 0.162475 0.313863
vt 0.162148 0.313793
vt 0.163264 0.329965
vt 0.162748 0.329653
vt 0.165491 0.328469
vt 0.165718 0.329403
vt 0.166674 0.328540
vt 0.159686 0.331288
vt 0.162045 0.330731
vt 0.158540 0.332011
vt 0.158501 0.331130
vt 0.161637 0.324521
vt 0.161321 0.324342
vt 0.164734 0.323159
vt 0.161475 0.324931
vt 0.163703 0.323109
vt 0.163906 0.323951
vt 0.158600 0.325857
vt 0.156209 0.326993
vt 0.157547 0.325718
vt 0.162955 0.318167
vt 0.160264 0.319782
vt 0.160105 0.319357
vt 0.157618 0.320948
vt 0.157524 0.320594
vt 0.163955 0.317310
vt 0.162274 0.319085
vt 0.156881 0.321745
vt 0.160601 0.314393
vt 0.158822 0.315666
vt 0.158190 0.315641
vt 0.156690 0.316567
vt 0.155821 0.316689
vt 0.160456 0.314053
vt 0.160834 0.314786
vt 0.156071 0.317323
vt 0.152325 0.332859
vt 0.155973 0.332334
vt 0.151145 0.333495
vt 0.148619 0.333332
vt 0.148518 0.333672
vt 0.153534 0.332310
vt 0.155953 0.331946
vt 0.153282 0.327227
vt 0.155285 0.327020
vt 0.150865 0.328292
vt 0.155327 0.326600
vt 0.150875 0.328700
vt 0.148508 0.328462
vt 0.154716 0.322145
vt 0.150761 0.323734
vt 0.150733 0.323300
vt 0.154274 0.321942
vt 0.150748 0.323016
vt 0.154565 0.322618
vt 0.154269 0.317783
vt 0.152752 0.318729
vt 0.150896 0.319006
vt 0.153896 0.317597
vt 0.150914 0.318738
vt 0.154423 0.318015
vt 0.149086 0.319825
vt 0.144003 0.334497
vt 0.146328 0.334429
vt 0.141547 0.334744
vt 0.143630 0.334420
vt 0.139228 0.334395
vt 0.139306 0.334171
vt 0.146554 0.333780
vt 0.146534 0.334725
vt 0.143384 0.335037
vt 0.139129 0.335125
vt 0.144267 0.329659
vt 0.146368 0.329313
vt 0.141883 0.330370
vt 0.143956 0.329594
vt 0.139500 0.330649
vt 0.147216 0.328555
vt 0.146383 0.329661
vt 0.143074 0.330484
vt 0.139568 0.331010
vt 0.146541 0.324530
vt 0.144837 0.325289
vt 0.142882 0.325452
vt 0.147722 0.324370
vt 0.144640 0.324772
vt 0.146992 0.324075
vt 0.146884 0.324853
vt 0.147445 0.320003
vt 0.145583 0.320656
vt 0.143967 0.320667
vt 0.145449 0.319998
vt 0.142436 0.320671
vt 0.147647 0.319686
vt 0.147503 0.320393
vt 0.143043 0.321106
vt 0.145161 0.320963
vt 0.142087 0.321468
vt 0.134559 0.334775
vt 0.134563 0.334649
vt 0.134725 0.334596
vt 0.137997 0.334684
vt 0.134570 0.335031
vt 0.130476 0.334062
vt 0.131620 0.334081
vt 0.130538 0.333530
vt 0.135124 0.331178
vt 0.136948 0.331093
vt 0.132987 0.331351
vt 0.133002 0.331542
vt 0.139803 0.326095
vt 0.136958 0.326568
vt 0.142683 0.325851
vt 0.138644 0.326621
vt 0.134225 0.327180
vt 0.133922 0.327602
vt 0.139146 0.321001
vt 0.141480 0.321035
vt 0.140489 0.321391
vt 0.136912 0.320983
vt 0.128476 0.333197
vt 0.124665 0.331463
vt 0.123218 0.330462
vt 0.124794 0.331590
vt 0.130935 0.331071
vt 0.128999 0.330848
vt 0.127245 0.330327
vt 0.123984 0.329359
vt 0.126391 0.330169
vt 0.124069 0.329285
vt 0.129241 0.326092
vt 0.126492 0.324893
vt 0.131516 0.326726
vt 0.134698 0.320259
vt 0.135206 0.320924
vt 0.133702 0.319315
vt 0.132153 0.318964
vt 0.130691 0.318602
vt 0.121180 0.328344
vt 0.119244 0.325759
vt 0.121721 0.329217
vt 0.122333 0.327801
vt 0.121751 0.324314
vt 0.122370 0.327652
vt 0.124692 0.323188
vt 0.123645 0.320132
vt 0.124219 0.323865
vt 0.128455 0.314556
vt 0.129361 0.316831
vt 0.128117 0.314950
vt 0.130048 0.317088
vt 0.116613 0.319348
vt 0.117159 0.321687
vt 0.115319 0.317015
vt 0.120086 0.317243
vt 0.120468 0.319661
vt 0.119269 0.314834
vt 0.120878 0.319363
vt 0.119704 0.315093
vt 0.121022 0.320709
vt 0.123237 0.315750
vt 0.122873 0.314120
vt 0.122905 0.311656
vt 0.123083 0.317091
vt 0.127254 0.311740
vt 0.126643 0.310429
vt 0.126484 0.308314
vt 0.126353 0.305710
vt 0.114125 0.311694
vt 0.113135 0.308134
vt 0.113040 0.306465
vt 0.112857 0.304083
vt 0.113909 0.312050
vt 0.112388 0.305826
vt 0.118651 0.309628
vt 0.117833 0.306216
vt 0.117757 0.304637
vt 0.118373 0.309962
vt 0.117211 0.304034
vt 0.121860 0.304114
vt 0.122058 0.307374
vt 0.121544 0.303308
vt 0.122364 0.307416
vt 0.121368 0.301166
vt 0.125572 0.302149
vt 0.125667 0.304917
vt 0.125339 0.301140
vt 0.125883 0.302943
vt 0.125907 0.304910
vt 0.125920 0.307164
vt 0.125437 0.304272
vt 0.125681 0.300445
vt 0.112021 0.301735
vt 0.112005 0.298954
vt 0.112391 0.301307
vt 0.112016 0.296206
vt 0.111638 0.301608
vt 0.111574 0.297530
vt 0.111133 0.296342
vt 0.111415 0.293687
vt 0.111757 0.293519
vt 0.117001 0.300302
vt 0.117139 0.297800
vt 0.117475 0.299917
vt 0.117025 0.295203
vt 0.116703 0.300186
vt 0.116590 0.295505
vt 0.116360 0.295496
vt 0.121439 0.298969
vt 0.121234 0.296910
vt 0.121745 0.298842
vt 0.121660 0.294812
vt 0.121985 0.294709
vt 0.120993 0.299107
vt 0.121257 0.294650
vt 0.125436 0.297697
vt 0.125149 0.299864
vt 0.125249 0.295882
vt 0.125746 0.297569
vt 0.125599 0.293983
vt 0.125830 0.293859
vt 0.125077 0.297686
vt 0.125295 0.294081
vt 0.125586 0.292065
vt 0.111530 0.288263
vt 0.111902 0.288263
vt 0.112048 0.290253
vt 0.111055 0.291073
vt 0.111910 0.284258
vt 0.111257 0.286913
vt 0.111686 0.282620
vt 0.112267 0.285917
vt 0.117366 0.288321
vt 0.116816 0.290364
vt 0.117278 0.285894
vt 0.116920 0.291864
vt 0.117262 0.290786
vt 0.116586 0.289470
vt 0.117267 0.283468
vt 0.121878 0.290234
vt 0.121836 0.288426
vt 0.122500 0.286320
vt 0.121599 0.291626
vt 0.122197 0.289395
vt 0.123215 0.283984
vt 0.121420 0.290694
vt 0.126089 0.290242
vt 0.126139 0.288367
vt 0.126821 0.287403
vt 0.126746 0.286464
vt 0.127421 0.284408
vt 0.126349 0.290278
vt 0.125656 0.290350
vt 0.113892 0.275194
vt 0.112431 0.280201
vt 0.113617 0.274900
vt 0.113675 0.277431
vt 0.114269 0.275106
vt 0.112565 0.282688
vt 0.112762 0.280502
vt 0.112608 0.277206
vt 0.118402 0.281393
vt 0.117888 0.282357
vt 0.118722 0.278777
vt 0.119372 0.278692
vt 0.119683 0.276723
vt 0.120070 0.276600
vt 0.118103 0.283286
vt 0.118318 0.278666
vt 0.120136 0.274098
vt 0.119338 0.275230
vt 0.123263 0.281954
vt 0.123937 0.277747
vt 0.124234 0.277634
vt 0.124189 0.279025
vt 0.122914 0.282111
vt 0.122415 0.283930
vt 0.123283 0.279501
vt 0.125023 0.274299
vt 0.127617 0.282660
vt 0.128444 0.278979
vt 0.128721 0.278877
vt 0.128465 0.280658
vt 0.127330 0.282801
vt 0.126836 0.284539
vt 0.115567 0.269798
vt 0.117233 0.264593
vt 0.117683 0.264529
vt 0.115844 0.269888
vt 0.115215 0.269678
vt 0.113673 0.273576
vt 0.114891 0.269461
vt 0.121272 0.271878
vt 0.121769 0.269444
vt 0.123080 0.267086
vt 0.121554 0.271969
vt 0.120486 0.271607
vt 0.123662 0.264868
vt 0.122206 0.267177
vt 0.123392 0.264736
vt 0.126628 0.271422
vt 0.125512 0.273360
vt 0.127336 0.269103
vt 0.128502 0.267434
vt 0.124866 0.276730
vt 0.125429 0.274417
vt 0.126119 0.273536
vt 0.126938 0.269363
vt 0.128048 0.267192
vt 0.131742 0.271408
vt 0.129818 0.274980
vt 0.131585 0.271135
vt 0.131928 0.271634
vt 0.130061 0.275064
vt 0.129251 0.278038
vt 0.130331 0.275084
vt 0.132260 0.269402
vt 0.121140 0.257432
vt 0.121595 0.257538
vt 0.119132 0.260948
vt 0.122273 0.254777
vt 0.124055 0.252863
vt 0.126035 0.260587
vt 0.126441 0.260701
vt 0.126378 0.259495
vt 0.128882 0.256674
vt 0.130603 0.263538
vt 0.129219 0.265148
vt 0.130381 0.263239
vt 0.131504 0.261216
vt 0.132985 0.259810
vt 0.134649 0.266112
vt 0.133347 0.267524
vt 0.134446 0.265830
vt 0.133132 0.268700
vt 0.135458 0.264005
vt 0.136778 0.262697
vt 0.126005 0.250804
vt 0.127240 0.248556
vt 0.131238 0.245043
vt 0.130967 0.244743
vt 0.130809 0.254935
vt 0.131893 0.252854
vt 0.135068 0.249250
vt 0.134838 0.249004
vt 0.135550 0.256212
vt 0.134063 0.257665
vt 0.138460 0.252985
vt 0.135817 0.256405
vt 0.138246 0.252747
vt 0.139243 0.259537
vt 0.137848 0.260822
vt 0.141705 0.256414
vt 0.141524 0.256224
vt 0.135030 0.241457
vt 0.134842 0.241094
vt 0.137853 0.238440
vt 0.138470 0.246042
vt 0.138292 0.245688
vt 0.140997 0.243263
vt 0.141385 0.249674
vt 0.141666 0.250044
vt 0.144068 0.247793
vt 0.144147 0.253255
vt 0.144380 0.253542
vt 0.146610 0.251549
vt 0.141372 0.236558
vt 0.145349 0.233603
vt 0.145717 0.233861
vt 0.143214 0.235573
vt 0.140980 0.236329
vt 0.144077 0.241414
vt 0.147605 0.238706
vt 0.147903 0.238894
vt 0.143743 0.241233
vt 0.145324 0.239755
vt 0.149696 0.243358
vt 0.146304 0.245375
vt 0.149715 0.242970
vt 0.147340 0.245318
vt 0.146314 0.245739
vt 0.151701 0.247394
vt 0.148750 0.249386
vt 0.151727 0.247063
vt 0.148748 0.249724
vt 0.149814 0.231426
vt 0.148614 0.231703
vt 0.151959 0.230000
vt 0.147648 0.233033
vt 0.151847 0.229646
vt 0.154667 0.228545
vt 0.155318 0.228883
vt 0.156683 0.228819
vt 0.151610 0.236527
vt 0.155710 0.234664
vt 0.149639 0.238119
vt 0.151708 0.236833
vt 0.153569 0.235266
vt 0.153157 0.241161
vt 0.155222 0.239712
vt 0.156809 0.239420
vt 0.154084 0.241042
vt 0.153052 0.240883
vt 0.158545 0.238207
vt 0.158588 0.238396
vt 0.153961 0.245798
vt 0.154637 0.245062
vt 0.156304 0.244376
vt 0.158268 0.243629
vt 0.158509 0.243107
vt 0.153299 0.246554
vt 0.156387 0.244624
vt 0.159342 0.242403
vt 0.161269 0.227725
vt 0.159024 0.227844
vt 0.163694 0.226812
vt 0.158897 0.228454
vt 0.157881 0.227640
vt 0.161293 0.226803
vt 0.165509 0.226213
vt 0.161947 0.232948
vt 0.159922 0.233233
vt 0.164081 0.231889
vt 0.159844 0.233834
vt 0.157855 0.234311
vt 0.159719 0.232942
vt 0.164085 0.231624
vt 0.160457 0.237859
vt 0.162108 0.236847
vt 0.164109 0.236401
vt 0.164107 0.236650
vt 0.160363 0.238170
vt 0.160243 0.237446
vt 0.161025 0.241856
vt 0.162537 0.240936
vt 0.164277 0.240441
vt 0.164269 0.240679
vt 0.161065 0.242171
vt 0.160883 0.241541
vt 0.173058 0.226515
vt 0.168429 0.226482
vt 0.173096 0.226085
vt 0.168418 0.226993
vt 0.168637 0.226073
vt 0.173131 0.225786
vt 0.172515 0.230318
vt 0.168282 0.230832
vt 0.172519 0.229942
vt 0.168277 0.231235
vt 0.168495 0.230542
vt 0.172537 0.229719
vt 0.167856 0.235133
vt 0.169676 0.234359
vt 0.171791 0.234031
vt 0.167967 0.235307
vt 0.171718 0.234279
vt 0.165825 0.235555
vt 0.164122 0.235978
vt 0.168202 0.234775
vt 0.172128 0.233527
vt 0.167522 0.239139
vt 0.169127 0.238391
vt 0.171047 0.238151
vt 0.167620 0.239326
vt 0.170961 0.238398
vt 0.165767 0.239601
vt 0.164351 0.240116
vt 0.167790 0.238725
vt 0.171382 0.237723
vt 0.177634 0.226782
vt 0.179869 0.226729
vt 0.181964 0.227325
vt 0.179972 0.226816
vt 0.176595 0.226317
vt 0.176953 0.225997
vt 0.180144 0.226453
vt 0.176668 0.230043
vt 0.178819 0.230198
vt 0.180847 0.230897
vt 0.178885 0.230709
vt 0.175746 0.229776
vt 0.176130 0.229575
vt 0.182684 0.231002
vt 0.179092 0.229937
vt 0.177716 0.232216
vt 0.175777 0.232490
vt 0.179977 0.231406
vt 0.177836 0.232461
vt 0.181855 0.231141
vt 0.175080 0.233435
vt 0.174808 0.233184
vt 0.178082 0.231721
vt 0.176419 0.236749
vt 0.174639 0.236815
vt 0.178668 0.235914
vt 0.176405 0.237164
vt 0.173775 0.237681
vt 0.173648 0.237411
vt 0.177008 0.236276
vt 0.151489 0.235898
vt 0.156508 0.233702
vt 0.157658 0.233556
vt 0.197147 0.244642
vt 0.194686 0.238533
vt 0.171500 0.326947
vt 0.168079 0.328746
vt 0.125999 0.302060
vt 0.126424 0.301581
vt 0.158127 0.239268
vt 0.193471 0.247566
vt 0.193456 0.247701
vt 0.125022 0.302608
vt 0.125041 0.301008
vt 0.175146 0.315146
vt 0.170229 0.319094
vt 0.165275 0.322088
vt 0.156727 0.238771
vt 0.151169 0.241457
vt 0.144845 0.245332
vt 0.160952 0.236923
vt 0.194023 0.246895
vt 0.193173 0.239955
vt 0.166112 0.322884
vt 0.170792 0.320218
vt 0.112185 0.299215
vt 0.112210 0.296273
vt 0.155389 0.245521
vt 0.159055 0.243891
vt 0.190281 0.249702
vt 0.190625 0.254315
vt 0.110789 0.298610
vt 0.110876 0.295368
vt 0.111390 0.302425
vt 0.110749 0.303216
vt 0.167977 0.314296
vt 0.161633 0.318222
vt 0.162995 0.317581
vt 0.155127 0.243948
vt 0.160480 0.241577
vt 0.154646 0.244794
vt 0.191176 0.251060
vt 0.190494 0.239574
vt 0.164073 0.318323
vt 0.168370 0.315679
vt 0.117300 0.294940
vt 0.168217 0.227085
vt 0.168076 0.226899
vt 0.163687 0.227518
vt 0.202877 0.254870
vt 0.203877 0.260778
vt 0.116210 0.297959
vt 0.116118 0.293274
vt 0.162739 0.312332
vt 0.167293 0.308876
vt 0.158844 0.226821
vt 0.203725 0.249057
vt 0.204585 0.254574
vt 0.203243 0.249904
vt 0.165474 0.312141
vt 0.166126 0.311434
vt 0.122391 0.289941
vt 0.164052 0.232597
vt 0.168902 0.231405
vt 0.164986 0.232759
vt 0.197705 0.251081
vt 0.198756 0.257127
vt 0.121032 0.294001
vt 0.157103 0.331134
vt 0.159446 0.330570
vt 0.161802 0.231937
vt 0.199226 0.252930
vt 0.199568 0.255992
vt 0.198293 0.249131
vt 0.162682 0.331146
vt 0.126036 0.298267
vt 0.126019 0.293085
vt 0.126238 0.292222
vt 0.165102 0.236958
vt 0.162303 0.237695
vt 0.158552 0.238895
vt 0.165859 0.236150
vt 0.194018 0.252963
vt 0.194362 0.257838
vt 0.194297 0.259448
vt 0.125067 0.293410
vt 0.125132 0.294438
vt 0.159416 0.324718
vt 0.164097 0.235835
vt 0.168694 0.234467
vt 0.195311 0.257990
vt 0.194866 0.252325
vt 0.165375 0.323733
vt 0.161843 0.325241
vt 0.155540 0.327596
vt 0.112822 0.281938
vt 0.159909 0.243010
vt 0.162948 0.241580
vt 0.165874 0.240607
vt 0.165760 0.240150
vt 0.190731 0.256139
vt 0.190628 0.258816
vt 0.190287 0.256028
vt 0.110832 0.288359
vt 0.110544 0.292457
vt 0.110205 0.285300
vt 0.111309 0.282909
vt 0.155501 0.321202
vt 0.164389 0.240009
vt 0.158797 0.242476
vt 0.167821 0.238726
vt 0.191481 0.258850
vt 0.191274 0.253250
vt 0.191054 0.247546
vt 0.191522 0.260772
vt 0.160244 0.320197
vt 0.117476 0.289769
vt 0.117696 0.286183
vt 0.118446 0.282466
vt 0.163839 0.227251
vt 0.172686 0.226777
vt 0.116485 0.288447
vt 0.157797 0.315471
vt 0.164973 0.225784
vt 0.170791 0.225713
vt 0.172217 0.225456
vt 0.205284 0.261134
vt 0.205527 0.269282
vt 0.159034 0.316176
vt 0.159015 0.315839
vt 0.122245 0.289659
vt 0.123582 0.283434
vt 0.164230 0.232294
vt 0.175223 0.229918
vt 0.198761 0.266032
vt 0.122262 0.283453
vt 0.122027 0.286525
vt 0.121427 0.288537
vt 0.175736 0.229143
vt 0.175989 0.229331
vt 0.170419 0.229903
vt 0.166242 0.230882
vt 0.200054 0.261458
vt 0.200087 0.265815
vt 0.158613 0.332424
vt 0.159687 0.332985
vt 0.148741 0.334692
vt 0.154421 0.333491
vt 0.152673 0.333513
vt 0.126860 0.288366
vt 0.127729 0.286364
vt 0.127573 0.284610
vt 0.170232 0.234855
vt 0.194128 0.266401
vt 0.126496 0.284433
vt 0.126638 0.284726
vt 0.125966 0.288241
vt 0.153606 0.326812
vt 0.150827 0.327653
vt 0.145464 0.328753
vt 0.195453 0.264360
vt 0.156344 0.327084
vt 0.156560 0.327781
vt 0.146321 0.330096
vt 0.112666 0.284369
vt 0.115321 0.272535
vt 0.169678 0.238937
vt 0.190434 0.263202
vt 0.189729 0.266910
vt 0.190133 0.267628
vt 0.111087 0.278579
vt 0.112620 0.274530
vt 0.112455 0.276392
vt 0.149846 0.323039
vt 0.147181 0.323882
vt 0.170996 0.237681
vt 0.190980 0.267905
vt 0.153738 0.323682
vt 0.151254 0.323919
vt 0.158540 0.321342
vt 0.155777 0.322458
vt 0.146605 0.325133
vt 0.121155 0.274276
vt 0.178443 0.225818
vt 0.202993 0.276690
vt 0.203436 0.273554
vt 0.117134 0.281893
vt 0.119241 0.273834
vt 0.153715 0.317307
vt 0.151262 0.318351
vt 0.148840 0.319220
vt 0.149275 0.318508
vt 0.204592 0.278799
vt 0.150982 0.319678
vt 0.149864 0.319834
vt 0.155100 0.317986
vt 0.154973 0.318469
vt 0.182314 0.230123
vt 0.125946 0.274941
vt 0.124148 0.280484
vt 0.198197 0.273271
vt 0.197050 0.277669
vt 0.121684 0.282941
vt 0.123281 0.278589
vt 0.144853 0.334044
vt 0.171269 0.233404
vt 0.174555 0.232609
vt 0.177711 0.231781
vt 0.199704 0.272275
vt 0.199773 0.270549
vt 0.198657 0.277367
vt 0.143837 0.335397
vt 0.147760 0.335547
vt 0.138148 0.335521
vt 0.174698 0.237753
vt 0.173035 0.238499
vt 0.128863 0.281912
vt 0.128807 0.280171
vt 0.129463 0.278988
vt 0.194954 0.270462
vt 0.189392 0.271358
vt 0.114443 0.269376
vt 0.200337 0.287906
vt 0.201603 0.284509
vt 0.145953 0.319244
vt 0.203120 0.285572
vt 0.150808 0.319408
vt 0.195743 0.282171
vt 0.195962 0.282942
vt 0.125187 0.273203
vt 0.130597 0.275237
vt 0.131592 0.274611
vt 0.193608 0.253963
vt 0.168025 0.313755
vt 0.119103 0.282412
vt 0.157465 0.333679
vt 0.205461 0.256734
vt 0.155570 0.322986
vt 0.131902 0.232425
vt 0.212566 0.251710
vt 0.172375 0.219955
vt 0.177670 0.219241
vt 0.189455 0.224192
vt 0.154454 0.343091
vt 0.145375 0.342170
vt 0.182984 0.275560
vt 0.182783 0.280179
vt 0.185986 0.250719
vt 0.137872 0.273725
vt 0.136649 0.276192
vt 0.134000 0.275738
vt 0.134707 0.278115
vt 0.130196 0.302549
vt 0.133352 0.312218
vt 0.133156 0.310530
vt 0.131566 0.309811
vt 0.141264 0.315942
vt 0.154024 0.313931
vt 0.173549 0.296304
vt 0.174892 0.291451
vt 0.180613 0.283136
vt 0.157062 0.248084
vt 0.136779 0.315021
vt 0.155182 0.310632
vt 0.177148 0.289632
vt 0.181298 0.191654
vt 0.166795 0.191863
vt 0.163245 0.188299
vt 0.171888 0.201118
vt 0.158246 0.200553
vt 0.183947 0.186931
vt 0.196892 0.193163
vt 0.193609 0.197235
vt 0.186483 0.204025
vt 0.242957 0.273321
vt 0.238832 0.278157
vt 0.241278 0.260029
vt 0.230697 0.271328
vt 0.206719 0.201851
vt 0.199588 0.208060
vt 0.241160 0.294120
vt 0.237061 0.295424
vt 0.228780 0.288760
vt 0.231218 0.312131
vt 0.225694 0.301796
vt 0.221507 0.328922
vt 0.219322 0.314689
vt 0.215557 0.339733
vt 0.182514 0.361557
vt 0.200234 0.350545
vt 0.184250 0.351014
vt 0.198255 0.340200
vt 0.170438 0.367874
vt 0.161102 0.370146
vt 0.171203 0.355437
vt 0.150338 0.369317
vt 0.159533 0.358605
vt 0.133617 0.371292
vt 0.132102 0.367327
vt 0.117761 0.362707
vt 0.128953 0.357400
vt 0.143709 0.359959
vt 0.107269 0.358455
vt 0.118535 0.354340
vt 0.094893 0.349324
vt 0.097212 0.346794
vt 0.108962 0.346411
vt 0.088862 0.335498
vt 0.099222 0.335249
vt 0.082853 0.323925
vt 0.074739 0.296968
vt 0.078579 0.309316
vt 0.074728 0.285665
vt 0.087291 0.296763
vt 0.080117 0.259358
vt 0.077378 0.274790
vt 0.085625 0.245744
vt 0.091589 0.254531
vt 0.086606 0.235524
vt 0.092359 0.233721
vt 0.081525 0.239944
vt 0.096717 0.222450
vt 0.104902 0.224144
vt 0.104251 0.215094
vt 0.103205 0.233506
vt 0.116292 0.208010
vt 0.126038 0.212482
vt 0.114638 0.223599
vt 0.132522 0.199187
vt 0.130654 0.196048
vt 0.215456 0.206778
vt 0.218235 0.213143
vt 0.210690 0.219898
vt 0.227075 0.223948
vt 0.217372 0.225338
vt 0.233595 0.235802
vt 0.228499 0.252959
vt 0.220534 0.243428
vt 0.220192 0.234621
vt 0.158766 0.204544
vt 0.147101 0.207547
vt 0.225065 0.238040
vt 0.212126 0.227743
vt 0.198820 0.214452
vt 0.142039 0.205250
vt 0.126236 0.218148
vt 0.131880 0.217083
vt 0.109646 0.232412
vt 0.099180 0.244504
vt 0.102416 0.247257
vt 0.093293 0.261315
vt 0.087177 0.268248
vt 0.090402 0.279912
vt 0.085354 0.280282
vt 0.091350 0.306458
vt 0.088490 0.309432
vt 0.096175 0.325121
vt 0.091180 0.321805
vt 0.108827 0.341637
vt 0.101855 0.332067
vt 0.121582 0.351732
vt 0.144735 0.356537
vt 0.164864 0.352675
vt 0.185026 0.347098
vt 0.185925 0.344205
vt 0.201637 0.332094
vt 0.207754 0.324623
vt 0.211741 0.327656
vt 0.220260 0.303598
vt 0.224821 0.282521
vt 0.191121 0.209799
vt 0.177936 0.206648
vt 0.238017 0.249348
vt 0.226924 0.262778
vt 0.129990 0.224607
vt 0.138607 0.215950
vt 0.120418 0.229759
vt 0.198932 0.220676
vt 0.204808 0.226176
vt 0.196317 0.220249
vt 0.208886 0.227684
vt 0.188571 0.211147
vt 0.194466 0.220464
vt 0.156183 0.207549
vt 0.157798 0.209065
vt 0.147506 0.214618
vt 0.216314 0.240144
vt 0.212222 0.235849
vt 0.161250 0.210897
vt 0.217175 0.247653
vt 0.220739 0.254796
vt 0.173314 0.211449
vt 0.222465 0.270716
vt 0.219767 0.259113
vt 0.188167 0.212310
vt 0.186445 0.213639
vt 0.174662 0.212707
vt 0.220426 0.274462
vt 0.219537 0.289394
vt 0.218028 0.288721
vt 0.219467 0.298242
vt 0.224506 0.265900
vt 0.214737 0.304089
vt 0.214321 0.300069
vt 0.207410 0.316281
vt 0.203840 0.325516
vt 0.203405 0.318693
vt 0.209033 0.310546
vt 0.197346 0.329314
vt 0.196220 0.327914
vt 0.197959 0.323148
vt 0.182223 0.344557
vt 0.181071 0.342940
vt 0.185751 0.337021
vt 0.172914 0.343933
vt 0.160069 0.349534
vt 0.153044 0.352544
vt 0.161720 0.347578
vt 0.151239 0.348480
vt 0.142942 0.354017
vt 0.153926 0.346838
vt 0.138082 0.348825
vt 0.142015 0.350316
vt 0.122755 0.349875
vt 0.126536 0.349390
vt 0.124774 0.346681
vt 0.115899 0.341571
vt 0.112827 0.337288
vt 0.105395 0.331827
vt 0.102648 0.330976
vt 0.100154 0.319999
vt 0.104164 0.326323
vt 0.095193 0.307294
vt 0.100035 0.315996
vt 0.092409 0.302019
vt 0.096599 0.303167
vt 0.094841 0.288182
vt 0.093822 0.267017
vt 0.095134 0.269342
vt 0.096739 0.272104
vt 0.096128 0.288154
vt 0.102844 0.257284
vt 0.109874 0.236725
vt 0.107387 0.243589
vt 0.101261 0.256982
vt 0.118659 0.233725
vt 0.108886 0.244739
vt 0.068076 0.319751
vt 0.073026 0.333468
vt 0.158985 0.267939
vt 0.158123 0.269099
vt 0.159528 0.265139
vt 0.166475 0.259593
vt 0.165679 0.260475
vt 0.163107 0.263331
vt 0.171692 0.255540
vt 0.183856 0.374684
vt 0.167275 0.275931
vt 0.236900 0.329098
vt 0.173961 0.254020
vt 0.247511 0.306642
vt 0.251916 0.286449
vt 0.197682 0.185623
vt 0.160258 0.286720
vt 0.246071 0.247359
vt 0.251955 0.251029
vt 0.153318 0.295293
vt 0.167391 0.179612
vt 0.241166 0.220547
vt 0.149931 0.180247
vt 0.132034 0.185120
vt 0.221072 0.199053
vt 0.143433 0.304663
vt 0.102617 0.211156
vt 0.088769 0.214974
vt 0.072969 0.241204
vt 0.069460 0.250630
vt 0.141408 0.299434
vt 0.064656 0.270060
vt 0.144495 0.303947
vt 0.145051 0.303519
vt 0.149159 0.275033
vt 0.134094 0.310219
vt 0.126765 0.267824
vt 0.172911 0.311852
vt 0.137479 0.321352
vt 0.132935 0.326515
vt 0.129113 0.331006
vt 0.133702 0.266414
vt 0.125145 0.261134
vt 0.157655 0.243235
vt 0.117728 0.289346
vt 0.149760 0.193502
s 0
usemtl SIlver.002
f 4020/1/1 4234/1/1 4236/1/1
f 4020/1/2 4232/1/2 4233/1/2
f 4231/1/3 4020/1/3 4233/1/3
f 4237/1/4 4022/1/4 4021/1/4
f 4240/1/5 4021/1/5 4022/1/5
f 4240/1/6 4239/1/6 4023/1/6
f 4024/1/7 4022/1/7 4238/1/7
f 4239/1/8 4238/1/8 4237/1/8
f 4021/1/9 4239/1/9 4237/1/9
f 4025/1/10 4026/1/10 4241/1/10
f 4243/1/11 4241/1/11 4026/1/11
f 4029/1/12 4027/1/12 4243/1/12
f 4242/1/13 4243/1/13 4026/1/13
f 4028/1/14 4242/1/14 4025/1/14
f 4027/1/15 4025/1/15 4241/1/15
f 4030/1/16 4245/1/16 4244/1/16
f 4033/1/17 4244/1/17 4245/1/17
f 4247/1/18 4032/1/18 4033/1/18
f 4247/1/19 4245/1/19 4031/1/19
f 4246/1/20 4031/1/20 4030/1/20
f 4244/1/21 4246/1/21 4030/1/21
f 4035/1/22 4248/1/22 4250/1/22
f 4253/1/23 4034/1/23 4035/1/23
f 4253/1/24 4250/1/24 4251/1/24
f 4248/1/25 4252/1/25 4249/1/25
f 4037/1/26 4258/1/26 4259/1/26
f 4037/1/27 4256/1/27 4257/1/27
f 4036/1/28 4257/1/28 4255/1/28
f 4254/1/29 4036/1/29 4255/1/29
f 4039/1/30 4040/1/30 4038/1/30
f 4044/1/31 4038/1/31 4040/1/31
f 4045/1/32 4042/1/32 4044/1/32
f 4045/1/33 4040/1/33 4041/1/33
f 4043/1/34 4041/1/34 4039/1/34
f 4038/1/35 4043/1/35 4039/1/35
f 4047/1/36 4048/1/36 4046/1/36
f 4052/1/37 4046/1/37 4048/1/37
f 4053/1/38 4050/1/38 4052/1/38
f 4053/1/39 4048/1/39 4049/1/39
f 4051/1/40 4049/1/40 4047/1/40
f 4046/1/41 4051/1/41 4047/1/41
f 4055/1/42 4056/1/42 4054/1/42
f 4060/1/43 4054/1/43 4056/1/43
f 4061/1/44 4058/1/44 4060/1/44
f 4057/1/45 4060/1/45 4056/1/45
f 4059/1/46 4057/1/46 4055/1/46
f 4058/1/47 4055/1/47 4054/1/47
f 4063/1/48 4064/1/48 4062/1/48
f 4068/1/49 4062/1/49 4064/1/49
f 4069/1/50 4066/1/50 4068/1/50
f 4065/1/51 4068/1/51 4064/1/51
f 4067/1/52 4065/1/52 4063/1/52
f 4066/1/53 4063/1/53 4062/1/53
f 4071/1/54 4072/1/54 4070/1/54
f 4076/1/55 4070/1/55 4072/1/55
f 4077/1/56 4074/1/56 4076/1/56
f 4077/1/57 4072/1/57 4073/1/57
f 4075/1/58 4073/1/58 4071/1/58
f 4070/1/59 4075/1/59 4071/1/59
f 4079/1/60 4080/1/60 4078/1/60
f 4084/1/61 4078/1/61 4080/1/61
f 4085/1/62 4082/1/62 4084/1/62
f 4081/1/63 4084/1/63 4080/1/63
f 4083/1/64 4081/1/64 4079/1/64
f 4082/1/65 4079/1/65 4078/1/65
f 4087/1/66 4088/1/66 4086/1/66
f 4092/1/67 4086/1/67 4088/1/67
f 4093/1/68 4090/1/68 4092/1/68
f 4093/1/69 4088/1/69 4089/1/69
f 4091/1/70 4089/1/70 4087/1/70
f 4086/1/71 4091/1/71 4087/1/71
f 4095/1/72 4096/1/72 4094/1/72
f 4100/1/73 4094/1/73 4096/1/73
f 4101/1/74 4098/1/74 4100/1/74
f 4101/1/75 4096/1/75 4097/1/75
f 4099/1/76 4097/1/76 4095/1/76
f 4094/1/77 4099/1/77 4095/1/77
f 4103/1/78 4104/1/78 4102/1/78
f 4104/1/79 4106/1/79 4102/1/79
f 4109/1/80 4106/1/80 4108/1/80
f 4109/1/81 4104/1/81 4105/1/81
f 4107/1/82 4105/1/82 4103/1/82
f 4102/1/83 4107/1/83 4103/1/83
f 4111/1/84 4112/1/84 4110/1/84
f 4116/1/85 4110/1/85 4112/1/85
f 4117/1/86 4114/1/86 4116/1/86
f 4113/1/87 4116/1/87 4112/1/87
f 4115/1/88 4113/1/88 4111/1/88
f 4114/1/89 4111/1/89 4110/1/89
f 4119/1/90 4120/1/90 4118/1/90
f 4124/1/91 4118/1/91 4120/1/91
f 4125/1/92 4122/1/92 4124/1/92
f 4125/1/93 4120/1/93 4121/1/93
f 4123/1/94 4121/1/94 4119/1/94
f 4118/1/95 4123/1/95 4119/1/95
f 4127/1/96 4128/1/96 4126/1/96
f 4132/1/97 4126/1/97 4128/1/97
f 4133/1/98 4130/1/98 4132/1/98
f 4133/1/99 4128/1/99 4129/1/99
f 4131/1/100 4129/1/100 4127/1/100
f 4126/1/101 4131/1/101 4127/1/101
f 4135/1/102 4136/1/102 4134/1/102
f 4140/1/103 4134/1/103 4136/1/103
f 4141/1/104 4138/1/104 4140/1/104
f 4141/1/105 4136/1/105 4137/1/105
f 4139/1/106 4137/1/106 4135/1/106
f 4134/1/107 4139/1/107 4135/1/107
f 4143/1/108 4144/1/108 4142/1/108
f 4148/1/109 4142/1/109 4144/1/109
f 4149/1/110 4146/1/110 4148/1/110
f 4149/1/111 4144/1/111 4145/1/111
f 4147/1/112 4145/1/112 4143/1/112
f 4142/1/113 4147/1/113 4143/1/113
f 4151/1/114 4152/1/114 4150/1/114
f 4156/1/115 4150/1/115 4152/1/115
f 4157/1/116 4154/1/116 4156/1/116
f 4157/1/117 4152/1/117 4153/1/117
f 4155/1/118 4153/1/118 4151/1/118
f 4150/1/119 4155/1/119 4151/1/119
f 4159/1/120 4160/1/120 4158/1/120
f 4164/1/121 4158/1/121 4160/1/121
f 4165/1/122 4162/1/122 4164/1/122
f 4161/1/123 4164/1/123 4160/1/123
f 4163/1/124 4161/1/124 4159/1/124
f 4162/1/125 4159/1/125 4158/1/125
f 4167/1/126 4168/1/126 4166/1/126
f 4172/1/127 4166/1/127 4168/1/127
f 4173/1/128 4170/1/128 4172/1/128
f 4169/1/129 4172/1/129 4168/1/129
f 4167/1/130 4173/1/130 4169/1/130
f 4170/1/131 4167/1/131 4166/1/131
f 4175/1/132 4176/1/132 4174/1/132
f 4180/1/133 4174/1/133 4176/1/133
f 4181/1/134 4178/1/134 4180/1/134
f 4181/1/135 4176/1/135 4177/1/135
f 4179/1/136 4177/1/136 4175/1/136
f 4174/1/137 4179/1/137 4175/1/137
f 4183/1/138 4184/1/138 4182/1/138
f 4188/1/139 4182/1/139 4184/1/139
f 4189/1/140 4186/1/140 4188/1/140
f 4185/1/141 4188/1/141 4184/1/141
f 4187/1/142 4185/1/142 4183/1/142
f 4186/1/143 4183/1/143 4182/1/143
f 4191/1/144 4192/1/144 4190/1/144
f 4196/1/145 4190/1/145 4192/1/145
f 4197/1/146 4194/1/146 4196/1/146
f 4197/1/147 4192/1/147 4193/1/147
f 4195/1/148 4193/1/148 4191/1/148
f 4190/1/149 4195/1/149 4191/1/149
f 4199/1/150 4200/1/150 4198/1/150
f 4204/1/151 4198/1/151 4200/1/151
f 4205/1/152 4202/1/152 4204/1/152
f 4201/1/153 4204/1/153 4200/1/153
f 4203/1/154 4201/1/154 4199/1/154
f 4198/1/155 4203/1/155 4199/1/155
f 4207/1/156 4208/1/156 4206/1/156
f 4212/1/157 4206/1/157 4208/1/157
f 4213/1/158 4210/1/158 4212/1/158
f 4213/1/159 4208/1/159 4209/1/159
f 4211/1/160 4209/1/160 4207/1/160
f 4206/1/161 4211/1/161 4207/1/161
f 4215/1/162 4216/1/162 4214/1/162
f 4220/1/163 4214/1/163 4216/1/163
f 4221/1/164 4218/1/164 4220/1/164
f 4217/1/165 4220/1/165 4216/1/165
f 4219/1/166 4217/1/166 4215/1/166
f 4218/1/167 4215/1/167 4214/1/167
f 4222/1/168 4225/1/168 4224/1/168
f 4224/1/169 4226/1/169 4222/1/169
f 4229/1/170 4226/1/170 4228/1/170
f 4229/1/171 4224/1/171 4225/1/171
f 4227/1/172 4225/1/172 4223/1/172
f 4226/1/173 4223/1/173 4222/1/173
f 4231/1/174 4232/1/174 4230/1/174
f 4236/1/175 4230/1/175 4232/1/175
f 4230/1/176 4235/1/176 4231/1/176
f 4249/1/177 4250/1/177 4248/1/177
f 4252/1/178 4251/1/178 4249/1/178
f 4255/1/179 4256/1/179 4254/1/179
f 4259/1/180 4254/1/180 4256/1/180
f 4264/1/181 4295/1/181 4263/1/181
f 4291/1/181 4322/1/181 4290/1/181
f 4310/1/181 4277/1/181 4278/1/181
f 4265/1/181 4296/1/181 4264/1/181
f 4260/1/181 4323/1/181 4291/1/181
f 4279/1/181 4310/1/181 4278/1/181
f 4266/1/181 4297/1/181 4265/1/181
f 4280/1/181 4311/1/181 4279/1/181
f 4299/1/181 4266/1/181 4267/1/181
f 4281/1/181 4312/1/181 4280/1/181
f 4300/1/181 4267/1/181 4268/1/181
f 4282/1/181 4313/1/181 4281/1/181
f 4269/1/181 4300/1/181 4268/1/181
f 4315/1/181 4282/1/181 4283/1/181
f 4270/1/181 4301/1/181 4269/1/181
f 4284/1/181 4315/1/181 4283/1/181
f 4303/1/181 4270/1/181 4271/1/181
f 4317/1/181 4284/1/181 4285/1/181
f 4304/1/181 4271/1/181 4272/1/181
f 4286/1/181 4317/1/181 4285/1/181
f 4305/1/181 4272/1/181 4273/1/181
f 4287/1/181 4318/1/181 4286/1/181
f 4306/1/181 4273/1/181 4274/1/181
f 4261/1/181 4292/1/181 4260/1/181
f 4288/1/181 4319/1/181 4287/1/181
f 4275/1/181 4306/1/181 4274/1/181
f 4262/1/181 4293/1/181 4261/1/181
f 4289/1/181 4320/1/181 4288/1/181
f 4276/1/181 4307/1/181 4275/1/181
f 4263/1/181 4294/1/181 4262/1/181
f 4322/1/181 4289/1/181 4290/1/181
f 4309/1/181 4276/1/181 4277/1/181
f 4336/1/182 4303/1/182 4304/1/182
f 4350/1/183 4317/1/183 4318/1/183
f 4337/1/184 4304/1/184 4305/1/184
f 4351/1/185 4318/1/185 4319/1/185
f 4338/1/186 4305/1/186 4306/1/186
f 4325/1/187 4292/1/187 4293/1/187
f 4352/1/188 4319/1/188 4320/1/188
f 4339/1/189 4306/1/189 4307/1/189
f 4326/1/190 4293/1/190 4294/1/190
f 4353/1/191 4320/1/191 4321/1/191
f 4340/1/192 4307/1/192 4308/1/192
f 4327/1/193 4294/1/193 4295/1/193
f 4354/1/194 4321/1/194 4322/1/194
f 4341/1/195 4308/1/195 4309/1/195
f 4328/1/196 4295/1/196 4296/1/196
f 4355/1/197 4322/1/197 4323/1/197
f 4342/1/198 4309/1/198 4310/1/198
f 4329/1/199 4296/1/199 4297/1/199
f 4324/1/200 4323/1/200 4292/1/200
f 4343/1/201 4310/1/201 4311/1/201
f 4330/1/202 4297/1/202 4298/1/202
f 4344/1/203 4311/1/203 4312/1/203
f 4331/1/204 4298/1/204 4299/1/204
f 4345/1/205 4312/1/205 4313/1/205
f 4332/1/206 4299/1/206 4300/1/206
f 4346/1/207 4313/1/207 4314/1/207
f 4333/1/208 4300/1/208 4301/1/208
f 4347/1/209 4314/1/209 4315/1/209
f 4334/1/210 4301/1/210 4302/1/210
f 4348/1/211 4315/1/211 4316/1/211
f 4335/1/212 4302/1/212 4303/1/212
f 4349/1/213 4316/1/213 4317/1/213
f 4371/1/181 4338/1/181 4339/1/181
f 4358/1/181 4325/1/181 4326/1/181
f 4385/1/181 4352/1/181 4353/1/181
f 4372/1/181 4339/1/181 4340/1/181
f 4359/1/181 4326/1/181 4327/1/181
f 4386/1/181 4353/1/181 4354/1/181
f 4341/1/181 4372/1/181 4340/1/181
f 4360/1/181 4327/1/181 4328/1/181
f 4355/1/181 4386/1/181 4354/1/181
f 4342/1/181 4373/1/181 4341/1/181
f 4361/1/181 4328/1/181 4329/1/181
f 4324/1/181 4387/1/181 4355/1/181
f 4343/1/181 4374/1/181 4342/1/181
f 4362/1/181 4329/1/181 4330/1/181
f 4376/1/181 4343/1/181 4344/1/181
f 4331/1/181 4362/1/181 4330/1/181
f 4377/1/181 4344/1/181 4345/1/181
f 4332/1/181 4363/1/181 4331/1/181
f 4378/1/181 4345/1/181 4346/1/181
f 4365/1/181 4332/1/181 4333/1/181
f 4379/1/181 4346/1/181 4347/1/181
f 4366/1/181 4333/1/181 4334/1/181
f 4380/1/181 4347/1/181 4348/1/181
f 4335/1/181 4366/1/181 4334/1/181
f 4349/1/181 4380/1/181 4348/1/181
f 4336/1/181 4367/1/181 4335/1/181
f 4350/1/181 4381/1/181 4349/1/181
f 4337/1/181 4368/1/181 4336/1/181
f 4383/1/181 4350/1/181 4351/1/181
f 4338/1/181 4369/1/181 4337/1/181
f 4357/1/181 4324/1/181 4325/1/181
f 4384/1/181 4351/1/181 4352/1/181
f 4397/1/214 4443/1/214 4396/1/214
f 4417/1/214 4421/1/214 4422/1/214
f 4390/1/214 4450/1/214 4389/1/214
f 4410/1/214 4428/1/214 4429/1/214
f 4405/1/214 4435/1/214 4404/1/214
f 4397/1/214 4441/1/214 4442/1/214
f 4391/1/214 4447/1/214 4448/1/214
f 4412/1/214 4428/1/214 4411/1/214
f 4418/1/214 4420/1/214 4421/1/214
f 4398/1/214 4440/1/214 4441/1/214
f 4406/1/214 4434/1/214 4405/1/214
f 4413/1/214 4427/1/214 4412/1/214
f 4392/1/214 4446/1/214 4447/1/214
f 4399/1/214 4439/1/214 4440/1/214
f 4407/1/214 4433/1/214 4406/1/214
f 4413/1/214 4425/1/214 4426/1/214
f 4393/1/214 4445/1/214 4446/1/214
f 4400/1/214 4438/1/214 4439/1/214
f 4408/1/214 4432/1/214 4407/1/214
f 4388/1/214 4420/1/214 4419/1/214
f 4395/1/214 4445/1/214 4394/1/214
f 4403/1/214 4437/1/214 4402/1/214
f 4414/1/214 4424/1/214 4425/1/214
f 4409/1/214 4431/1/214 4408/1/214
f 4416/1/214 4422/1/214 4423/1/214
f 4402/1/214 4438/1/214 4401/1/214
f 4395/1/214 4443/1/214 4444/1/214
f 4403/1/214 4435/1/214 4436/1/214
f 4389/1/214 4451/1/214 4388/1/214
f 4409/1/214 4429/1/214 4430/1/214
f 4390/1/214 4448/1/214 4449/1/214
f 4415/1/214 4423/1/214 4424/1/214
f 4431/1/182 4464/1/182 4432/1/182
f 4445/1/183 4478/1/183 4446/1/183
f 4432/1/184 4465/1/184 4433/1/184
f 4446/1/185 4479/1/185 4447/1/185
f 4433/1/186 4466/1/186 4434/1/186
f 4420/1/187 4453/1/187 4421/1/187
f 4447/1/188 4480/1/188 4448/1/188
f 4434/1/189 4467/1/189 4435/1/189
f 4421/1/190 4454/1/190 4422/1/190
f 4448/1/191 4481/1/191 4449/1/191
f 4435/1/192 4468/1/192 4436/1/192
f 4422/1/193 4455/1/193 4423/1/193
f 4449/1/194 4482/1/194 4450/1/194
f 4436/1/195 4469/1/195 4437/1/195
f 4423/1/196 4456/1/196 4424/1/196
f 4450/1/197 4483/1/197 4451/1/197
f 4437/1/198 4470/1/198 4438/1/198
f 4424/1/199 4457/1/199 4425/1/199
f 4451/1/200 4452/1/200 4420/1/200
f 4438/1/201 4471/1/201 4439/1/201
f 4425/1/202 4458/1/202 4426/1/202
f 4439/1/203 4472/1/203 4440/1/203
f 4426/1/204 4459/1/204 4427/1/204
f 4440/1/205 4473/1/205 4441/1/205
f 4427/1/206 4460/1/206 4428/1/206
f 4441/1/207 4474/1/207 4442/1/207
f 4428/1/208 4461/1/208 4429/1/208
f 4442/1/209 4475/1/209 4443/1/209
f 4429/1/210 4462/1/210 4430/1/210
f 4443/1/211 4476/1/211 4444/1/211
f 4430/1/212 4463/1/212 4431/1/212
f 4444/1/213 4477/1/213 4445/1/213
f 4466/1/214 4499/1/214 4467/1/214
f 4453/1/214 4486/1/214 4454/1/214
f 4480/1/214 4513/1/214 4481/1/214
f 4467/1/214 4500/1/214 4468/1/214
f 4454/1/214 4487/1/214 4455/1/214
f 4481/1/214 4514/1/214 4482/1/214
f 4469/1/214 4500/1/214 4501/1/214
f 4455/1/214 4488/1/214 4456/1/214
f 4483/1/214 4514/1/214 4515/1/214
f 4470/1/214 4501/1/214 4502/1/214
f 4456/1/214 4489/1/214 4457/1/214
f 4452/1/214 4515/1/214 4484/1/214
f 4471/1/214 4502/1/214 4503/1/214
f 4457/1/214 4490/1/214 4458/1/214
f 4471/1/214 4504/1/214 4472/1/214
f 4459/1/214 4490/1/214 4491/1/214
f 4472/1/214 4505/1/214 4473/1/214
f 4460/1/214 4491/1/214 4492/1/214
f 4473/1/214 4506/1/214 4474/1/214
f 4460/1/214 4493/1/214 4461/1/214
f 4474/1/214 4507/1/214 4475/1/214
f 4461/1/214 4494/1/214 4462/1/214
f 4475/1/214 4508/1/214 4476/1/214
f 4463/1/214 4494/1/214 4495/1/214
f 4477/1/214 4508/1/214 4509/1/214
f 4464/1/214 4495/1/214 4496/1/214
f 4478/1/214 4509/1/214 4510/1/214
f 4465/1/214 4496/1/214 4497/1/214
f 4478/1/214 4511/1/214 4479/1/214
f 4466/1/214 4497/1/214 4498/1/214
f 4452/1/214 4485/1/214 4453/1/214
f 4479/1/214 4512/1/214 4480/1/214
f 4358/1/190 4485/1/190 4357/1/190
f 4359/1/193 4486/1/193 4358/1/193
f 4360/1/196 4487/1/196 4359/1/196
f 4361/1/199 4488/1/199 4360/1/199
f 4362/1/202 4489/1/202 4361/1/202
f 4363/1/204 4490/1/204 4362/1/204
f 4364/1/206 4491/1/206 4363/1/206
f 4365/1/208 4492/1/208 4364/1/208
f 4366/1/210 4493/1/210 4365/1/210
f 4367/1/212 4494/1/212 4366/1/212
f 4368/1/182 4495/1/182 4367/1/182
f 4369/1/184 4496/1/184 4368/1/184
f 4370/1/186 4497/1/186 4369/1/186
f 4371/1/189 4498/1/189 4370/1/189
f 4372/1/192 4499/1/192 4371/1/192
f 4373/1/195 4500/1/195 4372/1/195
f 4374/1/198 4501/1/198 4373/1/198
f 4375/1/201 4502/1/201 4374/1/201
f 4376/1/203 4503/1/203 4375/1/203
f 4377/1/205 4504/1/205 4376/1/205
f 4378/1/207 4505/1/207 4377/1/207
f 4379/1/209 4506/1/209 4378/1/209
f 4380/1/211 4507/1/211 4379/1/211
f 4381/1/213 4508/1/213 4380/1/213
f 4382/1/183 4509/1/183 4381/1/183
f 4383/1/185 4510/1/185 4382/1/185
f 4384/1/188 4511/1/188 4383/1/188
f 4385/1/191 4512/1/191 4384/1/191
f 4386/1/194 4513/1/194 4385/1/194
f 4387/1/197 4514/1/197 4386/1/197
f 4356/1/200 4515/1/200 4387/1/200
f 4357/1/187 4484/1/187 4356/1/187
f 4599/1/215 4519/1/215 4564/1/215
f 4547/1/216 4566/1/216 4567/1/216
f 4569/1/217 4533/1/217 4568/1/217
f 4570/1/218 4520/1/218 4565/1/218
f 4548/1/219 4567/1/219 4571/1/219
f 4572/1/220 4534/1/220 4569/1/220
f 4522/1/221 4570/1/221 4573/1/221
f 4549/1/222 4571/1/222 4574/1/222
f 4575/1/223 4535/1/223 4572/1/223
f 4523/1/224 4573/1/224 4576/1/224
f 4577/1/225 4549/1/225 4574/1/225
f 4578/1/226 4536/1/226 4575/1/226
f 4524/1/227 4576/1/227 4579/1/227
f 4598/1/228 4550/1/228 4577/1/228
f 4580/1/229 4537/1/229 4578/1/229
f 4525/1/230 4579/1/230 4581/1/230
f 4539/1/231 4580/1/231 4582/1/231
f 4526/1/232 4581/1/232 4583/1/232
f 4584/1/233 4539/1/233 4582/1/233
f 4527/1/234 4583/1/234 4585/1/234
f 4597/1/235 4540/1/235 4584/1/235
f 4587/1/236 4527/1/236 4585/1/236
f 4542/1/237 4586/1/237 4588/1/237
f 4589/1/238 4528/1/238 4587/1/238
f 4590/1/239 4542/1/239 4588/1/239
f 4596/1/240 4529/1/240 4589/1/240
f 4592/1/241 4543/1/241 4590/1/241
f 4531/1/242 4591/1/242 4593/1/242
f 4594/1/243 4544/1/243 4592/1/243
f 4532/1/244 4593/1/244 4595/1/244
f 4546/1/245 4594/1/245 4566/1/245
f 4568/1/246 4532/1/246 4595/1/246
f 4530/1/240 4596/1/240 4591/1/240
f 4541/1/247 4597/1/247 4586/1/247
f 4519/1/228 4598/1/228 4564/1/228
f 4520/1/248 4599/1/248 4565/1/248
f 4560/1/249 4529/1/250 4551/1/249
f 4561/1/251 4540/1/252 4552/1/253
f 4557/1/254 4551/1/255 4530/1/255
f 4541/1/256 4561/1/257 4552/1/256
f 4554/1/258 4555/1/259 4519/1/258
f 4555/1/260 4553/1/261 4519/1/261
f 4563/1/262 4560/1/262 4555/1/262
f 4562/1/263 4561/1/263 4559/1/263
f 4561/1/264 4557/1/264 4558/1/264
f 4555/1/181 4560/1/181 4561/1/181
f 4565/1/265 5245/1/265 5214/1/265
f 4564/1/266 5244/1/266 5213/1/266
f 4586/1/267 5243/1/267 5235/1/267
f 4591/1/268 5242/1/268 5224/1/268
f 4568/1/222 5226/1/222 5227/1/222
f 4517/1/269 4594/1/269 5238/1/269
f 4595/1/219 5225/1/219 5226/1/219
f 5238/1/270 4592/1/270 5237/1/270
f 4593/1/271 5224/1/271 5225/1/271
f 4592/1/272 4516/1/272 5237/1/272
f 5242/1/245 4589/1/245 5223/1/245
f 4590/1/273 5236/1/273 4516/1/273
f 5223/1/274 4587/1/274 5222/1/274
f 4588/1/275 5235/1/275 5236/1/275
f 4587/1/276 5221/1/276 5222/1/276
f 5243/1/277 4584/1/277 5234/1/277
f 4585/1/278 5220/1/278 5221/1/278
f 5234/1/279 4582/1/279 5233/1/279
f 5220/1/280 4581/1/280 5219/1/280
f 4582/1/281 5232/1/281 5233/1/281
f 5219/1/247 4579/1/247 5218/1/247
f 4580/1/282 5231/1/282 5232/1/282
f 5244/1/283 4577/1/283 5241/1/283
f 5218/1/284 4576/1/284 5217/1/284
f 4578/1/285 5230/1/285 5231/1/285
f 5241/1/286 4574/1/286 4518/1/286
f 5217/1/287 4573/1/287 5216/1/287
f 4575/1/288 5229/1/288 5230/1/288
f 4518/1/246 4571/1/246 5240/1/246
f 5216/1/289 4570/1/289 5215/1/289
f 4572/1/290 5228/1/290 5229/1/290
f 5240/1/244 4567/1/244 5239/1/244
f 5215/1/291 4565/1/291 5214/1/291
f 4569/1/292 5227/1/292 5228/1/292
f 5239/1/293 4566/1/293 4517/1/293
f 5245/1/294 4564/1/294 5213/1/294
f 4563/1/181 4554/1/181 4520/1/181
f 4550/1/181 4553/1/181 4562/1/181
f 4539/1/181 4540/1/181 4558/1/181
f 4602/1/295 4601/1/295 4600/1/295
f 4600/1/175 4821/1/175 4602/1/175
f 4602/1/176 4822/1/176 4818/1/176
f 4818/1/3 4820/1/3 4601/1/3
f 4600/1/2 4820/1/2 4819/1/2
f 4603/1/4 4824/1/4 4823/1/4
f 4823/1/5 4605/1/5 4603/1/5
f 4604/1/6 4606/1/6 4605/1/6
f 4603/1/9 4606/1/9 4825/1/9
f 4825/1/8 4826/1/8 4824/1/8
f 4823/1/7 4826/1/7 4604/1/7
f 4828/1/296 4607/1/296 4827/1/296
f 4829/1/297 4609/1/297 4831/1/297
f 4828/1/161 4609/1/161 4608/1/161
f 4608/1/298 4830/1/298 4607/1/298
f 4827/1/159 4830/1/159 4829/1/159
f 4611/1/299 4832/1/299 4610/1/299
f 4610/1/300 4833/1/300 4611/1/300
f 4613/1/301 4615/1/301 4833/1/301
f 4612/1/302 4833/1/302 4615/1/302
f 4832/1/303 4615/1/303 4614/1/303
f 4832/1/304 4613/1/304 4610/1/304
f 4617/1/305 4834/1/305 4616/1/305
f 4616/1/306 4620/1/306 4617/1/306
f 4618/1/307 4621/1/307 4620/1/307
f 4617/1/308 4621/1/308 4835/1/308
f 4835/1/309 4619/1/309 4834/1/309
f 4616/1/310 4619/1/310 4618/1/310
f 4837/1/179 4622/1/179 4836/1/179
f 4836/1/180 4839/1/180 4837/1/180
f 4623/1/26 4625/1/26 4839/1/26
f 4837/1/29 4625/1/29 4838/1/29
f 4838/1/28 4624/1/28 4622/1/28
f 4836/1/27 4624/1/27 4623/1/27
f 4628/1/30 4627/1/30 4626/1/30
f 4626/1/31 4632/1/31 4628/1/31
f 4630/1/32 4633/1/32 4632/1/32
f 4628/1/35 4633/1/35 4629/1/35
f 4629/1/34 4631/1/34 4627/1/34
f 4626/1/33 4631/1/33 4630/1/33
f 4636/1/36 4635/1/36 4634/1/36
f 4634/1/37 4640/1/37 4636/1/37
f 4638/1/311 4641/1/311 4640/1/311
f 4636/1/41 4641/1/41 4637/1/41
f 4635/1/40 4641/1/40 4639/1/40
f 4634/1/39 4639/1/39 4638/1/39
f 4644/1/312 4643/1/312 4642/1/312
f 4642/1/313 4648/1/313 4644/1/313
f 4646/1/314 4649/1/314 4648/1/314
f 4645/1/315 4648/1/315 4649/1/315
f 4645/1/316 4647/1/316 4643/1/316
f 4643/1/317 4646/1/317 4642/1/317
f 4652/1/318 4651/1/318 4650/1/318
f 4650/1/319 4656/1/319 4652/1/319
f 4654/1/320 4657/1/320 4656/1/320
f 4652/1/308 4657/1/308 4653/1/308
f 4653/1/321 4655/1/321 4651/1/321
f 4650/1/310 4655/1/310 4654/1/310
f 4660/1/322 4659/1/322 4658/1/322
f 4658/1/323 4664/1/323 4660/1/323
f 4662/1/324 4665/1/324 4664/1/324
f 4660/1/325 4665/1/325 4661/1/325
f 4661/1/326 4663/1/326 4659/1/326
f 4658/1/327 4663/1/327 4662/1/327
f 4668/1/60 4667/1/60 4666/1/60
f 4666/1/61 4672/1/61 4668/1/61
f 4670/1/62 4673/1/62 4672/1/62
f 4669/1/65 4672/1/65 4673/1/65
f 4669/1/64 4671/1/64 4667/1/64
f 4667/1/63 4670/1/63 4666/1/63
f 4676/1/66 4675/1/66 4674/1/66
f 4674/1/67 4680/1/67 4676/1/67
f 4678/1/68 4681/1/68 4680/1/68
f 4676/1/71 4681/1/71 4677/1/71
f 4677/1/70 4679/1/70 4675/1/70
f 4674/1/328 4679/1/328 4678/1/328
f 4684/1/72 4683/1/72 4682/1/72
f 4682/1/73 4688/1/73 4684/1/73
f 4686/1/329 4689/1/329 4688/1/329
f 4684/1/77 4689/1/77 4685/1/77
f 4683/1/76 4689/1/76 4687/1/76
f 4682/1/75 4687/1/75 4686/1/75
f 4692/1/330 4691/1/330 4690/1/330
f 4690/1/331 4696/1/331 4692/1/331
f 4694/1/332 4697/1/332 4696/1/332
f 4692/1/333 4697/1/333 4693/1/333
f 4693/1/334 4695/1/334 4691/1/334
f 4690/1/335 4695/1/335 4694/1/335
f 4700/1/336 4699/1/336 4698/1/336
f 4698/1/337 4704/1/337 4700/1/337
f 4702/1/338 4705/1/338 4704/1/338
f 4700/1/325 4705/1/325 4701/1/325
f 4701/1/339 4703/1/339 4699/1/339
f 4698/1/327 4703/1/327 4702/1/327
f 4708/1/340 4707/1/340 4706/1/340
f 4708/1/341 4710/1/341 4712/1/341
f 4710/1/342 4713/1/342 4712/1/342
f 4709/1/343 4712/1/343 4713/1/343
f 4709/1/344 4711/1/344 4707/1/344
f 4707/1/345 4710/1/345 4706/1/345
f 4716/1/96 4715/1/96 4714/1/96
f 4714/1/97 4720/1/97 4716/1/97
f 4718/1/98 4721/1/98 4720/1/98
f 4716/1/101 4721/1/101 4717/1/101
f 4717/1/100 4719/1/100 4715/1/100
f 4714/1/99 4719/1/99 4718/1/99
f 4724/1/102 4723/1/102 4722/1/102
f 4722/1/103 4728/1/103 4724/1/103
f 4726/1/346 4729/1/346 4728/1/346
f 4724/1/107 4729/1/107 4725/1/107
f 4725/1/106 4727/1/106 4723/1/106
f 4723/1/105 4726/1/105 4722/1/105
f 4732/1/108 4731/1/108 4730/1/108
f 4730/1/109 4736/1/109 4732/1/109
f 4734/1/110 4737/1/110 4736/1/110
f 4732/1/113 4737/1/113 4733/1/113
f 4733/1/112 4735/1/112 4731/1/112
f 4730/1/111 4735/1/111 4734/1/111
f 4740/1/347 4739/1/347 4738/1/347
f 4738/1/348 4744/1/348 4740/1/348
f 4742/1/349 4745/1/349 4744/1/349
f 4740/1/350 4745/1/350 4741/1/350
f 4741/1/351 4743/1/351 4739/1/351
f 4738/1/352 4743/1/352 4742/1/352
f 4748/1/353 4747/1/353 4746/1/353
f 4746/1/354 4752/1/354 4748/1/354
f 4750/1/355 4753/1/355 4752/1/355
f 4748/1/343 4753/1/343 4749/1/343
f 4749/1/356 4751/1/356 4747/1/356
f 4747/1/345 4750/1/345 4746/1/345
f 4756/1/357 4755/1/357 4754/1/357
f 4754/1/358 4760/1/358 4756/1/358
f 4758/1/359 4761/1/359 4760/1/359
f 4756/1/360 4761/1/360 4757/1/360
f 4757/1/361 4759/1/361 4755/1/361
f 4754/1/362 4759/1/362 4758/1/362
f 4764/1/132 4763/1/132 4762/1/132
f 4762/1/133 4768/1/133 4764/1/133
f 4766/1/363 4769/1/363 4768/1/363
f 4765/1/137 4768/1/137 4769/1/137
f 4765/1/136 4767/1/136 4763/1/136
f 4762/1/135 4767/1/135 4766/1/135
f 4772/1/138 4771/1/138 4770/1/138
f 4770/1/139 4776/1/139 4772/1/139
f 4774/1/140 4777/1/140 4776/1/140
f 4773/1/143 4776/1/143 4777/1/143
f 4773/1/142 4775/1/142 4771/1/142
f 4771/1/141 4774/1/141 4770/1/141
f 4780/1/144 4779/1/144 4778/1/144
f 4778/1/145 4784/1/145 4780/1/145
f 4782/1/146 4785/1/146 4784/1/146
f 4780/1/149 4785/1/149 4781/1/149
f 4781/1/148 4783/1/148 4779/1/148
f 4778/1/147 4783/1/147 4782/1/147
f 4788/1/364 4787/1/364 4786/1/364
f 4788/1/365 4790/1/365 4792/1/365
f 4790/1/366 4793/1/366 4792/1/366
f 4789/1/367 4792/1/367 4793/1/367
f 4789/1/368 4791/1/368 4787/1/368
f 4787/1/369 4790/1/369 4786/1/369
f 4796/1/370 4795/1/370 4794/1/370
f 4794/1/371 4800/1/371 4796/1/371
f 4798/1/372 4801/1/372 4800/1/372
f 4797/1/360 4800/1/360 4801/1/360
f 4797/1/373 4799/1/373 4795/1/373
f 4794/1/362 4799/1/362 4798/1/362
f 4804/1/374 4803/1/374 4802/1/374
f 4802/1/375 4808/1/375 4804/1/375
f 4806/1/376 4809/1/376 4808/1/376
f 4805/1/302 4808/1/302 4809/1/302
f 4805/1/377 4807/1/377 4803/1/377
f 4803/1/304 4806/1/304 4802/1/304
f 4810/1/378 4813/1/378 4811/1/378
f 4812/1/169 4814/1/169 4816/1/169
f 4814/1/170 4817/1/170 4816/1/170
f 4812/1/173 4817/1/173 4813/1/173
f 4813/1/172 4815/1/172 4811/1/172
f 4811/1/171 4814/1/171 4810/1/171
f 4819/1/379 4822/1/379 4821/1/379
f 4827/1/380 4831/1/380 4828/1/380
f 4844/1/214 4875/1/214 4876/1/214
f 4871/1/214 4902/1/214 4903/1/214
f 4857/1/214 4890/1/214 4858/1/214
f 4845/1/214 4876/1/214 4877/1/214
f 4840/1/214 4903/1/214 4872/1/214
f 4858/1/214 4891/1/214 4859/1/214
f 4846/1/214 4877/1/214 4878/1/214
f 4860/1/214 4891/1/214 4892/1/214
f 4846/1/214 4879/1/214 4847/1/214
f 4861/1/214 4892/1/214 4893/1/214
f 4847/1/214 4880/1/214 4848/1/214
f 4862/1/214 4893/1/214 4894/1/214
f 4849/1/214 4880/1/214 4881/1/214
f 4863/1/214 4894/1/214 4895/1/214
f 4850/1/214 4881/1/214 4882/1/214
f 4864/1/214 4895/1/214 4896/1/214
f 4850/1/214 4883/1/214 4851/1/214
f 4865/1/214 4896/1/214 4897/1/214
f 4851/1/214 4884/1/214 4852/1/214
f 4866/1/214 4897/1/214 4898/1/214
f 4852/1/214 4885/1/214 4853/1/214
f 4867/1/214 4898/1/214 4899/1/214
f 4854/1/214 4885/1/214 4886/1/214
f 4840/1/214 4873/1/214 4841/1/214
f 4868/1/214 4899/1/214 4900/1/214
f 4855/1/214 4886/1/214 4887/1/214
f 4842/1/214 4873/1/214 4874/1/214
f 4869/1/214 4900/1/214 4901/1/214
f 4856/1/214 4887/1/214 4888/1/214
f 4843/1/214 4874/1/214 4875/1/214
f 4869/1/214 4902/1/214 4870/1/214
f 4856/1/214 4889/1/214 4857/1/214
f 4883/1/182 4916/1/182 4884/1/182
f 4897/1/183 4930/1/183 4898/1/183
f 4884/1/184 4917/1/184 4885/1/184
f 4898/1/185 4931/1/185 4899/1/185
f 4885/1/186 4918/1/186 4886/1/186
f 4872/1/187 4905/1/187 4873/1/187
f 4899/1/188 4932/1/188 4900/1/188
f 4886/1/189 4919/1/189 4887/1/189
f 4873/1/190 4906/1/190 4874/1/190
f 4900/1/191 4933/1/191 4901/1/191
f 4887/1/192 4920/1/192 4888/1/192
f 4874/1/193 4907/1/193 4875/1/193
f 4901/1/194 4934/1/194 4902/1/194
f 4888/1/195 4921/1/195 4889/1/195
f 4875/1/196 4908/1/196 4876/1/196
f 4902/1/197 4935/1/197 4903/1/197
f 4889/1/198 4922/1/198 4890/1/198
f 4876/1/199 4909/1/199 4877/1/199
f 4903/1/200 4904/1/200 4872/1/200
f 4890/1/201 4923/1/201 4891/1/201
f 4877/1/202 4910/1/202 4878/1/202
f 4891/1/203 4924/1/203 4892/1/203
f 4878/1/204 4911/1/204 4879/1/204
f 4892/1/205 4925/1/205 4893/1/205
f 4879/1/206 4912/1/206 4880/1/206
f 4893/1/207 4926/1/207 4894/1/207
f 4880/1/208 4913/1/208 4881/1/208
f 4894/1/209 4927/1/209 4895/1/209
f 4881/1/210 4914/1/210 4882/1/210
f 4895/1/211 4928/1/211 4896/1/211
f 4882/1/212 4915/1/212 4883/1/212
f 4896/1/213 4929/1/213 4897/1/213
f 4918/1/214 4951/1/214 4919/1/214
f 4906/1/214 4937/1/214 4938/1/214
f 4932/1/214 4965/1/214 4933/1/214
f 4919/1/214 4952/1/214 4920/1/214
f 4906/1/214 4939/1/214 4907/1/214
f 4933/1/214 4966/1/214 4934/1/214
f 4921/1/214 4952/1/214 4953/1/214
f 4907/1/214 4940/1/214 4908/1/214
f 4934/1/214 4967/1/214 4935/1/214
f 4922/1/214 4953/1/214 4954/1/214
f 4908/1/214 4941/1/214 4909/1/214
f 4935/1/214 4936/1/214 4904/1/214
f 4923/1/214 4954/1/214 4955/1/214
f 4909/1/214 4942/1/214 4910/1/214
f 4923/1/214 4956/1/214 4924/1/214
f 4911/1/214 4942/1/214 4943/1/214
f 4924/1/214 4957/1/214 4925/1/214
f 4912/1/214 4943/1/214 4944/1/214
f 4925/1/214 4958/1/214 4926/1/214
f 4912/1/214 4945/1/214 4913/1/214
f 4926/1/214 4959/1/214 4927/1/214
f 4913/1/214 4946/1/214 4914/1/214
f 4927/1/214 4960/1/214 4928/1/214
f 4914/1/214 4947/1/214 4915/1/214
f 4929/1/214 4960/1/214 4961/1/214
f 4915/1/214 4948/1/214 4916/1/214
f 4930/1/214 4961/1/214 4962/1/214
f 4916/1/214 4949/1/214 4917/1/214
f 4930/1/214 4963/1/214 4931/1/214
f 4917/1/214 4950/1/214 4918/1/214
f 4905/1/214 4936/1/214 4937/1/214
f 4931/1/214 4964/1/214 4932/1/214
f 4976/1/181 5022/1/181 4977/1/181
f 4997/1/181 5001/1/181 4998/1/181
f 5030/1/181 4970/1/181 4969/1/181
f 4990/1/181 5008/1/181 4991/1/181
f 4984/1/181 5014/1/181 4985/1/181
f 4977/1/181 5021/1/181 4978/1/181
f 4971/1/181 5027/1/181 4972/1/181
f 5008/1/181 4992/1/181 4991/1/181
f 4998/1/181 5000/1/181 4999/1/181
f 4978/1/181 5020/1/181 4979/1/181
f 4985/1/181 5013/1/181 4986/1/181
f 5007/1/181 4993/1/181 4992/1/181
f 4972/1/181 5026/1/181 4973/1/181
f 4979/1/181 5019/1/181 4980/1/181
f 5013/1/181 4987/1/181 4986/1/181
f 4993/1/181 5005/1/181 4994/1/181
f 4973/1/181 5025/1/181 4974/1/181
f 5019/1/181 4981/1/181 4980/1/181
f 5012/1/181 4988/1/181 4987/1/181
f 4999/1/181 5031/1/181 4968/1/181
f 4974/1/181 5024/1/181 4975/1/181
f 4982/1/181 5016/1/181 4983/1/181
f 4994/1/181 5004/1/181 4995/1/181
f 5011/1/181 4989/1/181 4988/1/181
f 4996/1/181 5002/1/181 4997/1/181
f 4981/1/181 5017/1/181 4982/1/181
f 4975/1/181 5023/1/181 4976/1/181
f 4983/1/181 5015/1/181 4984/1/181
f 4968/1/181 5030/1/181 4969/1/181
f 4989/1/181 5009/1/181 4990/1/181
f 4970/1/181 5028/1/181 4971/1/181
f 4995/1/181 5003/1/181 4996/1/181
f 5044/1/182 5011/1/182 5012/1/182
f 5058/1/183 5025/1/183 5026/1/183
f 5045/1/184 5012/1/184 5013/1/184
f 5059/1/185 5026/1/185 5027/1/185
f 5046/1/186 5013/1/186 5014/1/186
f 5033/1/187 5000/1/187 5001/1/187
f 5060/1/188 5027/1/188 5028/1/188
f 5047/1/189 5014/1/189 5015/1/189
f 5034/1/190 5001/1/190 5002/1/190
f 5061/1/191 5028/1/191 5029/1/191
f 5048/1/192 5015/1/192 5016/1/192
f 5035/1/193 5002/1/193 5003/1/193
f 5062/1/194 5029/1/194 5030/1/194
f 5049/1/195 5016/1/195 5017/1/195
f 5036/1/196 5003/1/196 5004/1/196
f 5063/1/197 5030/1/197 5031/1/197
f 5050/1/198 5017/1/198 5018/1/198
f 5037/1/199 5004/1/199 5005/1/199
f 5032/1/200 5031/1/200 5000/1/200
f 5051/1/201 5018/1/201 5019/1/201
f 5038/1/202 5005/1/202 5006/1/202
f 5052/1/203 5019/1/203 5020/1/203
f 5039/1/204 5006/1/204 5007/1/204
f 5053/1/205 5020/1/205 5021/1/205
f 5040/1/206 5007/1/206 5008/1/206
f 5054/1/207 5021/1/207 5022/1/207
f 5041/1/208 5008/1/208 5009/1/208
f 5055/1/209 5022/1/209 5023/1/209
f 5042/1/210 5009/1/210 5010/1/210
f 5056/1/211 5023/1/211 5024/1/211
f 5043/1/212 5010/1/212 5011/1/212
f 5057/1/213 5024/1/213 5025/1/213
f 5079/1/181 5046/1/181 5047/1/181
f 5066/1/181 5033/1/181 5034/1/181
f 5093/1/181 5060/1/181 5061/1/181
f 5080/1/181 5047/1/181 5048/1/181
f 5067/1/181 5034/1/181 5035/1/181
f 5094/1/181 5061/1/181 5062/1/181
f 5049/1/181 5080/1/181 5048/1/181
f 5068/1/181 5035/1/181 5036/1/181
f 5095/1/181 5062/1/181 5063/1/181
f 5050/1/181 5081/1/181 5049/1/181
f 5069/1/181 5036/1/181 5037/1/181
f 5064/1/181 5063/1/181 5032/1/181
f 5051/1/181 5082/1/181 5050/1/181
f 5070/1/181 5037/1/181 5038/1/181
f 5084/1/181 5051/1/181 5052/1/181
f 5039/1/181 5070/1/181 5038/1/181
f 5085/1/181 5052/1/181 5053/1/181
f 5040/1/181 5071/1/181 5039/1/181
f 5086/1/181 5053/1/181 5054/1/181
f 5073/1/181 5040/1/181 5041/1/181
f 5087/1/181 5054/1/181 5055/1/181
f 5074/1/181 5041/1/181 5042/1/181
f 5088/1/181 5055/1/181 5056/1/181
f 5075/1/181 5042/1/181 5043/1/181
f 5057/1/181 5088/1/181 5056/1/181
f 5076/1/181 5043/1/181 5044/1/181
f 5058/1/181 5089/1/181 5057/1/181
f 5077/1/181 5044/1/181 5045/1/181
f 5091/1/181 5058/1/181 5059/1/181
f 5078/1/181 5045/1/181 5046/1/181
f 5065/1/181 5032/1/181 5033/1/181
f 5092/1/181 5059/1/181 5060/1/181
f 5065/1/190 4938/1/190 4937/1/190
f 5066/1/193 4939/1/193 4938/1/193
f 5067/1/196 4940/1/196 4939/1/196
f 5068/1/199 4941/1/199 4940/1/199
f 5069/1/202 4942/1/202 4941/1/202
f 5070/1/204 4943/1/204 4942/1/204
f 5071/1/206 4944/1/206 4943/1/206
f 5072/1/208 4945/1/208 4944/1/208
f 5073/1/210 4946/1/210 4945/1/210
f 5074/1/212 4947/1/212 4946/1/212
f 5075/1/182 4948/1/182 4947/1/182
f 5076/1/184 4949/1/184 4948/1/184
f 5077/1/186 4950/1/186 4949/1/186
f 5078/1/189 4951/1/189 4950/1/189
f 5079/1/192 4952/1/192 4951/1/192
f 5080/1/195 4953/1/195 4952/1/195
f 5081/1/198 4954/1/198 4953/1/198
f 5082/1/201 4955/1/201 4954/1/201
f 5083/1/203 4956/1/203 4955/1/203
f 5084/1/205 4957/1/205 4956/1/205
f 4957/1/207 5086/1/207 4958/1/207
f 4958/1/209 5087/1/209 4959/1/209
f 5087/1/211 4960/1/211 4959/1/211
f 5088/1/213 4961/1/213 4960/1/213
f 5089/1/183 4962/1/183 4961/1/183
f 5090/1/185 4963/1/185 4962/1/185
f 5091/1/188 4964/1/188 4963/1/188
f 5092/1/191 4965/1/191 4964/1/191
f 5093/1/194 4966/1/194 4965/1/194
f 5094/1/197 4967/1/197 4966/1/197
f 5095/1/200 4936/1/200 4967/1/200
f 5064/1/187 4937/1/187 4936/1/187
f 5212/1/381 5128/1/381 5167/1/381
f 5179/1/382 5156/1/382 5180/1/382
f 5182/1/383 5142/1/383 5143/1/383
f 5183/1/384 5129/1/384 5130/1/384
f 5180/1/385 5157/1/385 5184/1/385
f 5185/1/386 5143/1/386 5144/1/386
f 5183/1/387 5131/1/387 5186/1/387
f 5184/1/388 5158/1/388 5187/1/388
f 5185/1/389 5145/1/389 5188/1/389
f 5186/1/390 5132/1/390 5189/1/390
f 5190/1/391 5158/1/391 5159/1/391
f 5191/1/392 5145/1/392 5146/1/392
f 5189/1/393 5133/1/393 5192/1/393
f 5211/1/394 5159/1/394 5165/1/394
f 5193/1/395 5146/1/395 5147/1/395
f 5192/1/396 5134/1/396 5194/1/396
f 5193/1/397 5148/1/397 5195/1/397
f 5194/1/398 5135/1/398 5196/1/398
f 5197/1/399 5148/1/399 5149/1/399
f 5196/1/400 5136/1/400 5198/1/400
f 5210/1/401 5149/1/401 5163/1/401
f 5200/1/402 5136/1/402 5137/1/402
f 5199/1/403 5151/1/403 5201/1/403
f 5202/1/404 5137/1/404 5138/1/404
f 5203/1/405 5151/1/405 5152/1/405
f 5209/1/406 5138/1/406 5161/1/406
f 5205/1/407 5152/1/407 5153/1/407
f 5204/1/408 5140/1/408 5206/1/408
f 5207/1/409 5153/1/409 5154/1/409
f 5206/1/410 5141/1/410 5208/1/410
f 5207/1/411 5155/1/411 5179/1/411
f 5181/1/412 5141/1/412 5142/1/412
f 5209/1/413 5139/1/413 5204/1/413
f 5210/1/414 5150/1/414 5199/1/414
f 5211/1/415 5128/1/415 5177/1/415
f 5212/1/381 5129/1/381 5178/1/381
f 5138/1/416 5173/1/416 5161/1/416
f 5149/1/417 5174/1/418 5163/1/417
f 5161/1/419 5170/1/420 5139/1/419
f 5150/1/421 5174/1/422 5172/1/422
f 5167/1/423 5168/1/423 5176/1/423
f 5165/1/424 5168/1/425 5128/1/424
f 5176/1/426 5173/1/426 5169/1/426
f 5174/1/427 5175/1/427 5172/1/427
f 5174/1/428 5170/1/428 5173/1/428
f 5168/1/214 5174/1/214 5173/1/214
f 5166/1/429 5178/1/429 5097/1/429
f 5164/1/386 5177/1/386 5096/1/386
f 5162/1/430 5199/1/430 5118/1/430
f 5160/1/411 5204/1/411 5107/1/411
f 5109/1/431 5181/1/431 5110/1/431
f 5123/1/432 5207/1/432 5179/1/432
f 5109/1/433 5206/1/433 5208/1/433
f 5122/1/434 5205/1/434 5207/1/434
f 5107/1/435 5206/1/435 5108/1/435
f 5120/1/402 5205/1/402 5121/1/402
f 5160/1/436 5202/1/436 5209/1/436
f 5119/1/437 5203/1/437 5120/1/437
f 5106/1/438 5200/1/438 5202/1/438
f 5118/1/439 5201/1/439 5119/1/439
f 5104/1/407 5200/1/407 5105/1/407
f 5162/1/440 5197/1/440 5210/1/440
f 5103/1/441 5198/1/441 5104/1/441
f 5117/1/442 5195/1/442 5197/1/442
f 5102/1/443 5196/1/443 5103/1/443
f 5116/1/390 5193/1/390 5195/1/390
f 5101/1/444 5194/1/444 5102/1/444
f 5115/1/445 5191/1/445 5193/1/445
f 5164/1/446 5190/1/446 5211/1/446
f 5101/1/447 5189/1/447 5192/1/447
f 5113/1/448 5191/1/448 5114/1/448
f 5127/1/449 5187/1/449 5190/1/449
f 5100/1/450 5186/1/450 5189/1/450
f 5112/1/451 5188/1/451 5113/1/451
f 5126/1/452 5184/1/452 5187/1/452
f 5099/1/453 5183/1/453 5186/1/453
f 5111/1/394 5185/1/394 5112/1/394
f 5125/1/410 5180/1/410 5184/1/410
f 5098/1/454 5178/1/454 5183/1/454
f 5110/1/455 5182/1/455 5111/1/455
f 5123/1/456 5180/1/456 5124/1/456
f 5166/1/457 5177/1/457 5212/1/457
f 5132/1/214 5131/1/214 5176/1/214
f 5153/1/214 5152/1/214 5172/1/214
f 5142/1/214 5141/1/214 5170/1/214
f 5223/1/458 5105/1/458 5106/1/458
f 4516/1/459 5119/1/459 5120/1/459
f 5242/1/460 5106/1/460 5160/1/460
f 5121/1/461 4516/1/461 5120/1/461
f 5108/1/462 5224/1/462 5107/1/462
f 5214/1/463 5166/1/463 5097/1/463
f 5238/1/464 5121/1/464 5122/1/464
f 5226/1/465 5108/1/465 5109/1/465
f 4517/1/466 5122/1/466 5123/1/466
f 5110/1/467 5226/1/467 5109/1/467
f 5245/1/468 5096/1/468 5166/1/468
f 5239/1/469 5123/1/469 5124/1/469
f 5228/1/470 5110/1/470 5111/1/470
f 5215/1/471 5097/1/471 5098/1/471
f 5240/1/472 5124/1/472 5125/1/472
f 5229/1/473 5111/1/473 5112/1/473
f 5216/1/474 5098/1/474 5099/1/474
f 5224/1/475 5160/1/475 5107/1/475
f 5126/1/476 5240/1/476 5125/1/476
f 5230/1/477 5112/1/477 5113/1/477
f 5217/1/478 5099/1/478 5100/1/478
f 5127/1/479 4518/1/479 5126/1/479
f 5231/1/480 5113/1/480 5114/1/480
f 5218/1/481 5100/1/481 5101/1/481
f 5164/1/482 5241/1/482 5127/1/482
f 5115/1/483 5231/1/483 5114/1/483
f 5219/1/484 5101/1/484 5102/1/484
f 5235/1/485 5162/1/485 5118/1/485
f 5116/1/486 5232/1/486 5115/1/486
f 5220/1/487 5102/1/487 5103/1/487
f 5234/1/488 5116/1/488 5117/1/488
f 5221/1/489 5103/1/489 5104/1/489
f 5243/1/490 5117/1/490 5162/1/490
f 5222/1/491 5104/1/491 5105/1/491
f 5213/1/492 5164/1/492 5096/1/492
f 5236/1/493 5118/1/493 5119/1/493
f 4020/1/1 4235/1/1 4234/1/1
f 4020/1/2 4236/1/2 4232/1/2
f 4231/1/3 4235/1/3 4020/1/3
f 4237/1/4 4238/1/4 4022/1/4
f 4240/1/494 4023/1/494 4021/1/494
f 4240/1/6 4024/1/6 4239/1/6
f 4024/1/7 4240/1/7 4022/1/7
f 4239/1/8 4024/1/8 4238/1/8
f 4021/1/9 4023/1/9 4239/1/9
f 4025/1/10 4242/1/10 4026/1/10
f 4243/1/11 4027/1/11 4241/1/11
f 4029/1/12 4028/1/12 4027/1/12
f 4242/1/13 4029/1/13 4243/1/13
f 4028/1/14 4029/1/14 4242/1/14
f 4027/1/15 4028/1/15 4025/1/15
f 4030/1/16 4031/1/16 4245/1/16
f 4033/1/17 4032/1/17 4244/1/17
f 4247/1/18 4246/1/18 4032/1/18
f 4247/1/19 4033/1/19 4245/1/19
f 4246/1/20 4247/1/20 4031/1/20
f 4244/1/21 4032/1/21 4246/1/21
f 4035/1/22 4034/1/22 4248/1/22
f 4253/1/23 4252/1/23 4034/1/23
f 4253/1/24 4035/1/24 4250/1/24
f 4248/1/25 4034/1/25 4252/1/25
f 4037/1/26 4036/1/26 4258/1/26
f 4037/1/27 4259/1/27 4256/1/27
f 4036/1/28 4037/1/28 4257/1/28
f 4254/1/29 4258/1/29 4036/1/29
f 4039/1/495 4041/1/495 4040/1/495
f 4044/1/31 4042/1/31 4038/1/31
f 4045/1/32 4043/1/32 4042/1/32
f 4045/1/33 4044/1/33 4040/1/33
f 4043/1/34 4045/1/34 4041/1/34
f 4038/1/35 4042/1/35 4043/1/35
f 4047/1/36 4049/1/36 4048/1/36
f 4052/1/37 4050/1/37 4046/1/37
f 4053/1/38 4051/1/38 4050/1/38
f 4053/1/39 4052/1/39 4048/1/39
f 4051/1/40 4053/1/40 4049/1/40
f 4046/1/41 4050/1/41 4051/1/41
f 4055/1/42 4057/1/42 4056/1/42
f 4060/1/43 4058/1/43 4054/1/43
f 4061/1/44 4059/1/44 4058/1/44
f 4057/1/45 4061/1/45 4060/1/45
f 4059/1/46 4061/1/46 4057/1/46
f 4058/1/47 4059/1/47 4055/1/47
f 4063/1/48 4065/1/48 4064/1/48
f 4068/1/49 4066/1/49 4062/1/49
f 4069/1/50 4067/1/50 4066/1/50
f 4065/1/51 4069/1/51 4068/1/51
f 4067/1/52 4069/1/52 4065/1/52
f 4066/1/53 4067/1/53 4063/1/53
f 4071/1/54 4073/1/54 4072/1/54
f 4076/1/55 4074/1/55 4070/1/55
f 4077/1/56 4075/1/56 4074/1/56
f 4077/1/57 4076/1/57 4072/1/57
f 4075/1/58 4077/1/58 4073/1/58
f 4070/1/59 4074/1/59 4075/1/59
f 4079/1/60 4081/1/60 4080/1/60
f 4084/1/61 4082/1/61 4078/1/61
f 4085/1/62 4083/1/62 4082/1/62
f 4081/1/63 4085/1/63 4084/1/63
f 4083/1/64 4085/1/64 4081/1/64
f 4082/1/65 4083/1/65 4079/1/65
f 4087/1/66 4089/1/66 4088/1/66
f 4092/1/67 4090/1/67 4086/1/67
f 4093/1/68 4091/1/68 4090/1/68
f 4093/1/69 4092/1/69 4088/1/69
f 4091/1/70 4093/1/70 4089/1/70
f 4086/1/496 4090/1/496 4091/1/496
f 4095/1/72 4097/1/72 4096/1/72
f 4100/1/73 4098/1/73 4094/1/73
f 4101/1/74 4099/1/74 4098/1/74
f 4101/1/75 4100/1/75 4096/1/75
f 4099/1/76 4101/1/76 4097/1/76
f 4094/1/77 4098/1/77 4099/1/77
f 4103/1/78 4105/1/78 4104/1/78
f 4104/1/79 4108/1/79 4106/1/79
f 4109/1/80 4107/1/80 4106/1/80
f 4109/1/81 4108/1/81 4104/1/81
f 4107/1/82 4109/1/82 4105/1/82
f 4102/1/83 4106/1/83 4107/1/83
f 4111/1/84 4113/1/84 4112/1/84
f 4116/1/85 4114/1/85 4110/1/85
f 4117/1/86 4115/1/86 4114/1/86
f 4113/1/87 4117/1/87 4116/1/87
f 4115/1/88 4117/1/88 4113/1/88
f 4114/1/89 4115/1/89 4111/1/89
f 4119/1/90 4121/1/90 4120/1/90
f 4124/1/91 4122/1/91 4118/1/91
f 4125/1/92 4123/1/92 4122/1/92
f 4125/1/93 4124/1/93 4120/1/93
f 4123/1/94 4125/1/94 4121/1/94
f 4118/1/95 4122/1/95 4123/1/95
f 4127/1/96 4129/1/96 4128/1/96
f 4132/1/97 4130/1/97 4126/1/97
f 4133/1/98 4131/1/98 4130/1/98
f 4133/1/99 4132/1/99 4128/1/99
f 4131/1/100 4133/1/100 4129/1/100
f 4126/1/101 4130/1/101 4131/1/101
f 4135/1/102 4137/1/102 4136/1/102
f 4140/1/103 4138/1/103 4134/1/103
f 4141/1/104 4139/1/104 4138/1/104
f 4141/1/105 4140/1/105 4136/1/105
f 4139/1/106 4141/1/106 4137/1/106
f 4134/1/107 4138/1/107 4139/1/107
f 4143/1/108 4145/1/108 4144/1/108
f 4148/1/109 4146/1/109 4142/1/109
f 4149/1/110 4147/1/110 4146/1/110
f 4149/1/111 4148/1/111 4144/1/111
f 4147/1/112 4149/1/112 4145/1/112
f 4142/1/113 4146/1/113 4147/1/113
f 4151/1/114 4153/1/114 4152/1/114
f 4156/1/115 4154/1/115 4150/1/115
f 4157/1/116 4155/1/116 4154/1/116
f 4157/1/117 4156/1/117 4152/1/117
f 4155/1/118 4157/1/118 4153/1/118
f 4150/1/119 4154/1/119 4155/1/119
f 4159/1/120 4161/1/120 4160/1/120
f 4164/1/121 4162/1/121 4158/1/121
f 4165/1/122 4163/1/122 4162/1/122
f 4161/1/123 4165/1/123 4164/1/123
f 4163/1/124 4165/1/124 4161/1/124
f 4162/1/125 4163/1/125 4159/1/125
f 4167/1/126 4169/1/126 4168/1/126
f 4172/1/127 4170/1/127 4166/1/127
f 4173/1/128 4171/1/128 4170/1/128
f 4169/1/129 4173/1/129 4172/1/129
f 4167/1/130 4171/1/130 4173/1/130
f 4170/1/131 4171/1/131 4167/1/131
f 4175/1/132 4177/1/132 4176/1/132
f 4180/1/133 4178/1/133 4174/1/133
f 4181/1/134 4179/1/134 4178/1/134
f 4181/1/135 4180/1/135 4176/1/135
f 4179/1/136 4181/1/136 4177/1/136
f 4174/1/137 4178/1/137 4179/1/137
f 4183/1/138 4185/1/138 4184/1/138
f 4188/1/139 4186/1/139 4182/1/139
f 4189/1/140 4187/1/140 4186/1/140
f 4185/1/141 4189/1/141 4188/1/141
f 4187/1/142 4189/1/142 4185/1/142
f 4186/1/143 4187/1/143 4183/1/143
f 4191/1/144 4193/1/144 4192/1/144
f 4196/1/145 4194/1/145 4190/1/145
f 4197/1/146 4195/1/146 4194/1/146
f 4197/1/147 4196/1/147 4192/1/147
f 4195/1/148 4197/1/148 4193/1/148
f 4190/1/149 4194/1/149 4195/1/149
f 4199/1/150 4201/1/150 4200/1/150
f 4204/1/151 4202/1/151 4198/1/151
f 4205/1/152 4203/1/152 4202/1/152
f 4201/1/153 4205/1/153 4204/1/153
f 4203/1/154 4205/1/154 4201/1/154
f 4198/1/155 4202/1/155 4203/1/155
f 4207/1/156 4209/1/156 4208/1/156
f 4212/1/157 4210/1/157 4206/1/157
f 4213/1/158 4211/1/158 4210/1/158
f 4213/1/159 4212/1/159 4208/1/159
f 4211/1/160 4213/1/160 4209/1/160
f 4206/1/161 4210/1/161 4211/1/161
f 4215/1/162 4217/1/162 4216/1/162
f 4220/1/163 4218/1/163 4214/1/163
f 4221/1/164 4219/1/164 4218/1/164
f 4217/1/165 4221/1/165 4220/1/165
f 4219/1/166 4221/1/166 4217/1/166
f 4218/1/167 4219/1/167 4215/1/167
f 4222/1/378 4223/1/378 4225/1/378
f 4224/1/169 4228/1/169 4226/1/169
f 4229/1/170 4227/1/170 4226/1/170
f 4229/1/171 4228/1/171 4224/1/171
f 4227/1/172 4229/1/172 4225/1/172
f 4226/1/173 4227/1/173 4223/1/173
f 4231/1/174 4233/1/174 4232/1/174
f 4236/1/175 4234/1/175 4230/1/175
f 4230/1/176 4234/1/176 4235/1/176
f 4249/1/177 4251/1/177 4250/1/177
f 4252/1/178 4253/1/178 4251/1/178
f 4255/1/179 4257/1/179 4256/1/179
f 4259/1/180 4258/1/180 4254/1/180
f 4264/1/181 4296/1/181 4295/1/181
f 4291/1/181 4323/1/181 4322/1/181
f 4310/1/181 4309/1/181 4277/1/181
f 4265/1/181 4297/1/181 4296/1/181
f 4260/1/181 4292/1/181 4323/1/181
f 4279/1/181 4311/1/181 4310/1/181
f 4266/1/181 4298/1/181 4297/1/181
f 4280/1/181 4312/1/181 4311/1/181
f 4299/1/181 4298/1/181 4266/1/181
f 4281/1/181 4313/1/181 4312/1/181
f 4300/1/181 4299/1/181 4267/1/181
f 4282/1/181 4314/1/181 4313/1/181
f 4269/1/181 4301/1/181 4300/1/181
f 4315/1/181 4314/1/181 4282/1/181
f 4270/1/181 4302/1/181 4301/1/181
f 4284/1/181 4316/1/181 4315/1/181
f 4303/1/181 4302/1/181 4270/1/181
f 4317/1/181 4316/1/181 4284/1/181
f 4304/1/181 4303/1/181 4271/1/181
f 4286/1/181 4318/1/181 4317/1/181
f 4305/1/181 4304/1/181 4272/1/181
f 4287/1/181 4319/1/181 4318/1/181
f 4306/1/181 4305/1/181 4273/1/181
f 4261/1/181 4293/1/181 4292/1/181
f 4288/1/181 4320/1/181 4319/1/181
f 4275/1/181 4307/1/181 4306/1/181
f 4262/1/181 4294/1/181 4293/1/181
f 4289/1/181 4321/1/181 4320/1/181
f 4276/1/181 4308/1/181 4307/1/181
f 4263/1/181 4295/1/181 4294/1/181
f 4322/1/181 4321/1/181 4289/1/181
f 4309/1/181 4308/1/181 4276/1/181
f 4336/1/182 4335/1/182 4303/1/182
f 4350/1/183 4349/1/183 4317/1/183
f 4337/1/184 4336/1/184 4304/1/184
f 4351/1/185 4350/1/185 4318/1/185
f 4338/1/186 4337/1/186 4305/1/186
f 4325/1/187 4324/1/187 4292/1/187
f 4352/1/188 4351/1/188 4319/1/188
f 4339/1/189 4338/1/189 4306/1/189
f 4326/1/190 4325/1/190 4293/1/190
f 4353/1/191 4352/1/191 4320/1/191
f 4340/1/192 4339/1/192 4307/1/192
f 4327/1/193 4326/1/193 4294/1/193
f 4354/1/194 4353/1/194 4321/1/194
f 4341/1/195 4340/1/195 4308/1/195
f 4328/1/196 4327/1/196 4295/1/196
f 4355/1/197 4354/1/197 4322/1/197
f 4342/1/198 4341/1/198 4309/1/198
f 4329/1/199 4328/1/199 4296/1/199
f 4324/1/200 4355/1/200 4323/1/200
f 4343/1/201 4342/1/201 4310/1/201
f 4330/1/202 4329/1/202 4297/1/202
f 4344/1/203 4343/1/203 4311/1/203
f 4331/1/204 4330/1/204 4298/1/204
f 4345/1/205 4344/1/205 4312/1/205
f 4332/1/206 4331/1/206 4299/1/206
f 4346/1/207 4345/1/207 4313/1/207
f 4333/1/208 4332/1/208 4300/1/208
f 4347/1/209 4346/1/209 4314/1/209
f 4334/1/210 4333/1/210 4301/1/210
f 4348/1/211 4347/1/211 4315/1/211
f 4335/1/212 4334/1/212 4302/1/212
f 4349/1/213 4348/1/213 4316/1/213
f 4371/1/181 4370/1/181 4338/1/181
f 4358/1/181 4357/1/181 4325/1/181
f 4385/1/181 4384/1/181 4352/1/181
f 4372/1/181 4371/1/181 4339/1/181
f 4359/1/181 4358/1/181 4326/1/181
f 4386/1/181 4385/1/181 4353/1/181
f 4341/1/181 4373/1/181 4372/1/181
f 4360/1/181 4359/1/181 4327/1/181
f 4355/1/181 4387/1/181 4386/1/181
f 4342/1/181 4374/1/181 4373/1/181
f 4361/1/181 4360/1/181 4328/1/181
f 4324/1/181 4356/1/181 4387/1/181
f 4343/1/181 4375/1/181 4374/1/181
f 4362/1/181 4361/1/181 4329/1/181
f 4376/1/181 4375/1/181 4343/1/181
f 4331/1/181 4363/1/181 4362/1/181
f 4377/1/181 4376/1/181 4344/1/181
f 4332/1/181 4364/1/181 4363/1/181
f 4378/1/181 4377/1/181 4345/1/181
f 4365/1/181 4364/1/181 4332/1/181
f 4379/1/181 4378/1/181 4346/1/181
f 4366/1/181 4365/1/181 4333/1/181
f 4380/1/181 4379/1/181 4347/1/181
f 4335/1/181 4367/1/181 4366/1/181
f 4349/1/181 4381/1/181 4380/1/181
f 4336/1/181 4368/1/181 4367/1/181
f 4350/1/181 4382/1/181 4381/1/181
f 4337/1/181 4369/1/181 4368/1/181
f 4383/1/181 4382/1/181 4350/1/181
f 4338/1/181 4370/1/181 4369/1/181
f 4357/1/181 4356/1/181 4324/1/181
f 4384/1/181 4383/1/181 4351/1/181
f 4397/1/214 4442/1/214 4443/1/214
f 4417/1/214 4418/1/214 4421/1/214
f 4390/1/214 4449/1/214 4450/1/214
f 4410/1/214 4411/1/214 4428/1/214
f 4405/1/214 4434/1/214 4435/1/214
f 4397/1/214 4398/1/214 4441/1/214
f 4391/1/214 4392/1/214 4447/1/214
f 4412/1/214 4427/1/214 4428/1/214
f 4418/1/214 4419/1/214 4420/1/214
f 4398/1/214 4399/1/214 4440/1/214
f 4406/1/214 4433/1/214 4434/1/214
f 4413/1/214 4426/1/214 4427/1/214
f 4392/1/214 4393/1/214 4446/1/214
f 4399/1/214 4400/1/214 4439/1/214
f 4407/1/214 4432/1/214 4433/1/214
f 4413/1/214 4414/1/214 4425/1/214
f 4393/1/214 4394/1/214 4445/1/214
f 4400/1/214 4401/1/214 4438/1/214
f 4408/1/214 4431/1/214 4432/1/214
f 4388/1/214 4451/1/214 4420/1/214
f 4395/1/214 4444/1/214 4445/1/214
f 4403/1/214 4436/1/214 4437/1/214
f 4414/1/214 4415/1/214 4424/1/214
f 4409/1/214 4430/1/214 4431/1/214
f 4416/1/214 4417/1/214 4422/1/214
f 4402/1/214 4437/1/214 4438/1/214
f 4395/1/214 4396/1/214 4443/1/214
f 4403/1/214 4404/1/214 4435/1/214
f 4389/1/214 4450/1/214 4451/1/214
f 4409/1/214 4410/1/214 4429/1/214
f 4390/1/214 4391/1/214 4448/1/214
f 4415/1/214 4416/1/214 4423/1/214
f 4431/1/182 4463/1/182 4464/1/182
f 4445/1/183 4477/1/183 4478/1/183
f 4432/1/184 4464/1/184 4465/1/184
f 4446/1/185 4478/1/185 4479/1/185
f 4433/1/186 4465/1/186 4466/1/186
f 4420/1/187 4452/1/187 4453/1/187
f 4447/1/188 4479/1/188 4480/1/188
f 4434/1/189 4466/1/189 4467/1/189
f 4421/1/190 4453/1/190 4454/1/190
f 4448/1/191 4480/1/191 4481/1/191
f 4435/1/192 4467/1/192 4468/1/192
f 4422/1/193 4454/1/193 4455/1/193
f 4449/1/194 4481/1/194 4482/1/194
f 4436/1/195 4468/1/195 4469/1/195
f 4423/1/196 4455/1/196 4456/1/196
f 4450/1/197 4482/1/197 4483/1/197
f 4437/1/198 4469/1/198 4470/1/198
f 4424/1/199 4456/1/199 4457/1/199
f 4451/1/200 4483/1/200 4452/1/200
f 4438/1/201 4470/1/201 4471/1/201
f 4425/1/202 4457/1/202 4458/1/202
f 4439/1/203 4471/1/203 4472/1/203
f 4426/1/204 4458/1/204 4459/1/204
f 4440/1/205 4472/1/205 4473/1/205
f 4427/1/206 4459/1/206 4460/1/206
f 4441/1/207 4473/1/207 4474/1/207
f 4428/1/208 4460/1/208 4461/1/208
f 4442/1/209 4474/1/209 4475/1/209
f 4429/1/210 4461/1/210 4462/1/210
f 4443/1/211 4475/1/211 4476/1/211
f 4430/1/212 4462/1/212 4463/1/212
f 4444/1/213 4476/1/213 4477/1/213
f 4466/1/214 4498/1/214 4499/1/214
f 4453/1/214 4485/1/214 4486/1/214
f 4480/1/214 4512/1/214 4513/1/214
f 4467/1/214 4499/1/214 4500/1/214
f 4454/1/214 4486/1/214 4487/1/214
f 4481/1/214 4513/1/214 4514/1/214
f 4469/1/214 4468/1/214 4500/1/214
f 4455/1/214 4487/1/214 4488/1/214
f 4483/1/214 4482/1/214 4514/1/214
f 4470/1/214 4469/1/214 4501/1/214
f 4456/1/214 4488/1/214 4489/1/214
f 4452/1/214 4483/1/214 4515/1/214
f 4471/1/214 4470/1/214 4502/1/214
f 4457/1/214 4489/1/214 4490/1/214
f 4471/1/214 4503/1/214 4504/1/214
f 4459/1/214 4458/1/214 4490/1/214
f 4472/1/214 4504/1/214 4505/1/214
f 4460/1/214 4459/1/214 4491/1/214
f 4473/1/214 4505/1/214 4506/1/214
f 4460/1/214 4492/1/214 4493/1/214
f 4474/1/214 4506/1/214 4507/1/214
f 4461/1/214 4493/1/214 4494/1/214
f 4475/1/214 4507/1/214 4508/1/214
f 4463/1/214 4462/1/214 4494/1/214
f 4477/1/214 4476/1/214 4508/1/214
f 4464/1/214 4463/1/214 4495/1/214
f 4478/1/214 4477/1/214 4509/1/214
f 4465/1/214 4464/1/214 4496/1/214
f 4478/1/214 4510/1/214 4511/1/214
f 4466/1/214 4465/1/214 4497/1/214
f 4452/1/214 4484/1/214 4485/1/214
f 4479/1/214 4511/1/214 4512/1/214
f 4358/1/190 4486/1/190 4485/1/190
f 4359/1/193 4487/1/193 4486/1/193
f 4360/1/196 4488/1/196 4487/1/196
f 4361/1/199 4489/1/199 4488/1/199
f 4362/1/202 4490/1/202 4489/1/202
f 4363/1/204 4491/1/204 4490/1/204
f 4364/1/206 4492/1/206 4491/1/206
f 4365/1/208 4493/1/208 4492/1/208
f 4366/1/210 4494/1/210 4493/1/210
f 4367/1/212 4495/1/212 4494/1/212
f 4368/1/182 4496/1/182 4495/1/182
f 4369/1/184 4497/1/184 4496/1/184
f 4370/1/186 4498/1/186 4497/1/186
f 4371/1/189 4499/1/189 4498/1/189
f 4372/1/192 4500/1/192 4499/1/192
f 4373/1/195 4501/1/195 4500/1/195
f 4374/1/198 4502/1/198 4501/1/198
f 4375/1/201 4503/1/201 4502/1/201
f 4376/1/203 4504/1/203 4503/1/203
f 4377/1/205 4505/1/205 4504/1/205
f 4378/1/207 4506/1/207 4505/1/207
f 4379/1/209 4507/1/209 4506/1/209
f 4380/1/211 4508/1/211 4507/1/211
f 4381/1/213 4509/1/213 4508/1/213
f 4382/1/183 4510/1/183 4509/1/183
f 4383/1/185 4511/1/185 4510/1/185
f 4384/1/188 4512/1/188 4511/1/188
f 4385/1/191 4513/1/191 4512/1/191
f 4386/1/194 4514/1/194 4513/1/194
f 4387/1/197 4515/1/197 4514/1/197
f 4356/1/200 4484/1/200 4515/1/200
f 4357/1/187 4485/1/187 4484/1/187
f 4599/1/248 4554/1/248 4519/1/248
f 4547/1/497 4546/1/497 4566/1/497
f 4569/1/217 4534/1/217 4533/1/217
f 4570/1/498 4521/1/498 4520/1/498
f 4548/1/499 4547/1/499 4567/1/499
f 4572/1/266 4535/1/266 4534/1/266
f 4522/1/221 4521/1/221 4570/1/221
f 4549/1/222 4548/1/222 4571/1/222
f 4575/1/294 4536/1/294 4535/1/294
f 4523/1/224 4522/1/224 4573/1/224
f 4577/1/225 4550/1/225 4549/1/225
f 4578/1/291 4537/1/291 4536/1/291
f 4524/1/500 4523/1/500 4576/1/500
f 4598/1/290 4553/1/290 4550/1/290
f 4580/1/229 4538/1/229 4537/1/229
f 4525/1/230 4524/1/230 4579/1/230
f 4539/1/501 4538/1/501 4580/1/501
f 4526/1/502 4525/1/502 4581/1/502
f 4584/1/503 4540/1/503 4539/1/503
f 4527/1/234 4526/1/234 4583/1/234
f 4597/1/504 4552/1/504 4540/1/504
f 4587/1/505 4528/1/505 4527/1/505
f 4542/1/237 4541/1/237 4586/1/237
f 4589/1/238 4529/1/238 4528/1/238
f 4590/1/239 4543/1/239 4542/1/239
f 4596/1/506 4551/1/506 4529/1/506
f 4592/1/241 4544/1/241 4543/1/241
f 4531/1/242 4530/1/242 4591/1/242
f 4594/1/507 4545/1/507 4544/1/507
f 4532/1/508 4531/1/508 4593/1/508
f 4546/1/509 4545/1/509 4594/1/509
f 4568/1/510 4533/1/510 4532/1/510
f 4530/1/269 4551/1/269 4596/1/269
f 4541/1/247 4552/1/247 4597/1/247
f 4519/1/228 4553/1/228 4598/1/228
f 4520/1/248 4554/1/248 4599/1/248
f 4560/1/249 4556/1/249 4529/1/249
f 4561/1/252 4558/1/252 4540/1/252
f 4557/1/511 4560/1/511 4551/1/511
f 4541/1/257 4559/1/256 4561/1/256
f 4554/1/259 4563/1/259 4555/1/259
f 4555/1/261 4562/1/261 4553/1/261
f 4563/1/262 4556/1/262 4560/1/262
f 4562/1/263 4555/1/263 4561/1/263
f 4561/1/264 4560/1/264 4557/1/264
f 4565/1/223 4599/1/223 5245/1/223
f 4564/1/512 4598/1/512 5244/1/512
f 4586/1/230 4597/1/230 5243/1/230
f 4591/1/268 4596/1/268 5242/1/268
f 4568/1/222 4595/1/222 5226/1/222
f 4517/1/269 4566/1/269 4594/1/269
f 4595/1/219 4593/1/219 5225/1/219
f 5238/1/270 4594/1/270 4592/1/270
f 4593/1/271 4591/1/271 5224/1/271
f 4592/1/505 4590/1/505 4516/1/505
f 5242/1/513 4596/1/513 4589/1/513
f 4590/1/514 4588/1/514 5236/1/514
f 5223/1/515 4589/1/515 4587/1/515
f 4588/1/516 4586/1/516 5235/1/516
f 4587/1/276 4585/1/276 5221/1/276
f 5243/1/517 4597/1/517 4584/1/517
f 4585/1/518 4583/1/518 5220/1/518
f 5234/1/279 4584/1/279 4582/1/279
f 5220/1/519 4583/1/519 4581/1/519
f 4582/1/224 4580/1/224 5232/1/224
f 5219/1/520 4581/1/520 4579/1/520
f 4580/1/521 4578/1/521 5231/1/521
f 5244/1/283 4598/1/283 4577/1/283
f 5218/1/522 4579/1/522 4576/1/522
f 4578/1/523 4575/1/523 5230/1/523
f 5241/1/524 4577/1/524 4574/1/524
f 5217/1/501 4576/1/501 4573/1/501
f 4575/1/525 4572/1/525 5229/1/525
f 4518/1/526 4574/1/526 4571/1/526
f 5216/1/289 4573/1/289 4570/1/289
f 4572/1/527 4569/1/527 5228/1/527
f 5240/1/244 4571/1/244 4567/1/244
f 5215/1/528 4570/1/528 4565/1/528
f 4569/1/529 4568/1/529 5227/1/529
f 5239/1/293 4567/1/293 4566/1/293
f 5245/1/530 4599/1/530 4564/1/530
f 4520/1/181 4521/1/181 4563/1/181
f 4521/1/181 4522/1/181 4563/1/181
f 4522/1/181 4523/1/181 4563/1/181
f 4523/1/181 4524/1/181 4563/1/181
f 4563/1/181 4524/1/181 4556/1/181
f 4524/1/181 4525/1/181 4556/1/181
f 4525/1/181 4526/1/181 4556/1/181
f 4526/1/181 4527/1/181 4556/1/181
f 4527/1/181 4528/1/181 4556/1/181
f 4528/1/181 4529/1/181 4556/1/181
f 4541/1/181 4542/1/181 4559/1/181
f 4542/1/181 4543/1/181 4559/1/181
f 4543/1/181 4544/1/181 4559/1/181
f 4544/1/181 4545/1/181 4559/1/181
f 4545/1/181 4546/1/181 4559/1/181
f 4546/1/181 4547/1/181 4562/1/181
f 4559/1/181 4546/1/181 4562/1/181
f 4547/1/181 4548/1/181 4562/1/181
f 4548/1/181 4549/1/181 4562/1/181
f 4549/1/181 4550/1/181 4562/1/181
f 4530/1/181 4531/1/181 4557/1/181
f 4531/1/181 4532/1/181 4557/1/181
f 4532/1/181 4533/1/181 4557/1/181
f 4533/1/181 4534/1/181 4557/1/181
f 4534/1/181 4535/1/181 4557/1/181
f 4535/1/181 4536/1/181 4558/1/181
f 4557/1/181 4535/1/181 4558/1/181
f 4536/1/181 4537/1/181 4558/1/181
f 4537/1/181 4538/1/181 4558/1/181
f 4538/1/181 4539/1/181 4558/1/181
f 4602/1/295 4818/1/295 4601/1/295
f 4600/1/175 4819/1/175 4821/1/175
f 4602/1/176 4821/1/176 4822/1/176
f 4818/1/3 4822/1/3 4820/1/3
f 4600/1/2 4601/1/2 4820/1/2
f 4603/1/4 4825/1/4 4824/1/4
f 4823/1/5 4604/1/5 4605/1/5
f 4604/1/6 4826/1/6 4606/1/6
f 4603/1/9 4605/1/9 4606/1/9
f 4825/1/8 4606/1/8 4826/1/8
f 4823/1/7 4824/1/7 4826/1/7
f 4828/1/296 4608/1/296 4607/1/296
f 4829/1/297 4830/1/297 4609/1/297
f 4828/1/161 4831/1/161 4609/1/161
f 4608/1/298 4609/1/298 4830/1/298
f 4827/1/159 4607/1/159 4830/1/159
f 4611/1/299 4612/1/299 4832/1/299
f 4610/1/300 4613/1/300 4833/1/300
f 4613/1/301 4614/1/301 4615/1/301
f 4612/1/302 4611/1/302 4833/1/302
f 4832/1/303 4612/1/303 4615/1/303
f 4832/1/304 4614/1/304 4613/1/304
f 4617/1/305 4835/1/305 4834/1/305
f 4616/1/306 4618/1/306 4620/1/306
f 4618/1/307 4619/1/307 4621/1/307
f 4617/1/308 4620/1/308 4621/1/308
f 4835/1/309 4621/1/309 4619/1/309
f 4616/1/310 4834/1/310 4619/1/310
f 4837/1/179 4838/1/179 4622/1/179
f 4836/1/180 4623/1/180 4839/1/180
f 4623/1/26 4624/1/26 4625/1/26
f 4837/1/29 4839/1/29 4625/1/29
f 4838/1/28 4625/1/28 4624/1/28
f 4836/1/27 4622/1/27 4624/1/27
f 4628/1/495 4629/1/495 4627/1/495
f 4626/1/31 4630/1/31 4632/1/31
f 4630/1/32 4631/1/32 4633/1/32
f 4628/1/35 4632/1/35 4633/1/35
f 4629/1/34 4633/1/34 4631/1/34
f 4626/1/33 4627/1/33 4631/1/33
f 4636/1/36 4637/1/36 4635/1/36
f 4634/1/37 4638/1/37 4640/1/37
f 4638/1/311 4639/1/311 4641/1/311
f 4636/1/41 4640/1/41 4641/1/41
f 4635/1/40 4637/1/40 4641/1/40
f 4634/1/39 4635/1/39 4639/1/39
f 4644/1/312 4645/1/312 4643/1/312
f 4642/1/313 4646/1/313 4648/1/313
f 4646/1/314 4647/1/314 4649/1/314
f 4645/1/315 4644/1/315 4648/1/315
f 4645/1/316 4649/1/316 4647/1/316
f 4643/1/317 4647/1/317 4646/1/317
f 4652/1/318 4653/1/318 4651/1/318
f 4650/1/319 4654/1/319 4656/1/319
f 4654/1/320 4655/1/320 4657/1/320
f 4652/1/308 4656/1/308 4657/1/308
f 4653/1/321 4657/1/321 4655/1/321
f 4650/1/310 4651/1/310 4655/1/310
f 4660/1/322 4661/1/322 4659/1/322
f 4658/1/323 4662/1/323 4664/1/323
f 4662/1/324 4663/1/324 4665/1/324
f 4660/1/325 4664/1/325 4665/1/325
f 4661/1/326 4665/1/326 4663/1/326
f 4658/1/327 4659/1/327 4663/1/327
f 4668/1/60 4669/1/60 4667/1/60
f 4666/1/61 4670/1/61 4672/1/61
f 4670/1/62 4671/1/62 4673/1/62
f 4669/1/65 4668/1/65 4672/1/65
f 4669/1/64 4673/1/64 4671/1/64
f 4667/1/63 4671/1/63 4670/1/63
f 4676/1/66 4677/1/66 4675/1/66
f 4674/1/67 4678/1/67 4680/1/67
f 4678/1/68 4679/1/68 4681/1/68
f 4676/1/71 4680/1/71 4681/1/71
f 4677/1/70 4681/1/70 4679/1/70
f 4674/1/69 4675/1/69 4679/1/69
f 4684/1/72 4685/1/72 4683/1/72
f 4682/1/73 4686/1/73 4688/1/73
f 4686/1/329 4687/1/329 4689/1/329
f 4684/1/77 4688/1/77 4689/1/77
f 4683/1/76 4685/1/76 4689/1/76
f 4682/1/75 4683/1/75 4687/1/75
f 4692/1/330 4693/1/330 4691/1/330
f 4690/1/331 4694/1/331 4696/1/331
f 4694/1/332 4695/1/332 4697/1/332
f 4692/1/333 4696/1/333 4697/1/333
f 4693/1/334 4697/1/334 4695/1/334
f 4690/1/335 4691/1/335 4695/1/335
f 4700/1/336 4701/1/336 4699/1/336
f 4698/1/337 4702/1/337 4704/1/337
f 4702/1/338 4703/1/338 4705/1/338
f 4700/1/325 4704/1/325 4705/1/325
f 4701/1/339 4705/1/339 4703/1/339
f 4698/1/327 4699/1/327 4703/1/327
f 4708/1/340 4709/1/340 4707/1/340
f 4708/1/341 4706/1/341 4710/1/341
f 4710/1/342 4711/1/342 4713/1/342
f 4709/1/343 4708/1/343 4712/1/343
f 4709/1/344 4713/1/344 4711/1/344
f 4707/1/345 4711/1/345 4710/1/345
f 4716/1/96 4717/1/96 4715/1/96
f 4714/1/97 4718/1/97 4720/1/97
f 4718/1/98 4719/1/98 4721/1/98
f 4716/1/101 4720/1/101 4721/1/101
f 4717/1/100 4721/1/100 4719/1/100
f 4714/1/99 4715/1/99 4719/1/99
f 4724/1/102 4725/1/102 4723/1/102
f 4722/1/103 4726/1/103 4728/1/103
f 4726/1/346 4727/1/346 4729/1/346
f 4724/1/107 4728/1/107 4729/1/107
f 4725/1/106 4729/1/106 4727/1/106
f 4723/1/105 4727/1/105 4726/1/105
f 4732/1/108 4733/1/108 4731/1/108
f 4730/1/109 4734/1/109 4736/1/109
f 4734/1/110 4735/1/110 4737/1/110
f 4732/1/113 4736/1/113 4737/1/113
f 4733/1/112 4737/1/112 4735/1/112
f 4730/1/111 4731/1/111 4735/1/111
f 4740/1/347 4741/1/347 4739/1/347
f 4738/1/348 4742/1/348 4744/1/348
f 4742/1/349 4743/1/349 4745/1/349
f 4740/1/350 4744/1/350 4745/1/350
f 4741/1/351 4745/1/351 4743/1/351
f 4738/1/352 4739/1/352 4743/1/352
f 4748/1/353 4749/1/353 4747/1/353
f 4746/1/354 4750/1/354 4752/1/354
f 4750/1/355 4751/1/355 4753/1/355
f 4748/1/343 4752/1/343 4753/1/343
f 4749/1/356 4753/1/356 4751/1/356
f 4747/1/345 4751/1/345 4750/1/345
f 4756/1/357 4757/1/357 4755/1/357
f 4754/1/358 4758/1/358 4760/1/358
f 4758/1/359 4759/1/359 4761/1/359
f 4756/1/360 4760/1/360 4761/1/360
f 4757/1/361 4761/1/361 4759/1/361
f 4754/1/362 4755/1/362 4759/1/362
f 4764/1/132 4765/1/132 4763/1/132
f 4762/1/133 4766/1/133 4768/1/133
f 4766/1/363 4767/1/363 4769/1/363
f 4765/1/137 4764/1/137 4768/1/137
f 4765/1/136 4769/1/136 4767/1/136
f 4762/1/135 4763/1/135 4767/1/135
f 4772/1/138 4773/1/138 4771/1/138
f 4770/1/139 4774/1/139 4776/1/139
f 4774/1/140 4775/1/140 4777/1/140
f 4773/1/143 4772/1/143 4776/1/143
f 4773/1/142 4777/1/142 4775/1/142
f 4771/1/141 4775/1/141 4774/1/141
f 4780/1/144 4781/1/144 4779/1/144
f 4778/1/145 4782/1/145 4784/1/145
f 4782/1/146 4783/1/146 4785/1/146
f 4780/1/149 4784/1/149 4785/1/149
f 4781/1/148 4785/1/148 4783/1/148
f 4778/1/147 4779/1/147 4783/1/147
f 4788/1/364 4789/1/364 4787/1/364
f 4788/1/365 4786/1/365 4790/1/365
f 4790/1/366 4791/1/366 4793/1/366
f 4789/1/367 4788/1/367 4792/1/367
f 4789/1/368 4793/1/368 4791/1/368
f 4787/1/369 4791/1/369 4790/1/369
f 4796/1/370 4797/1/370 4795/1/370
f 4794/1/371 4798/1/371 4800/1/371
f 4798/1/372 4799/1/372 4801/1/372
f 4797/1/360 4796/1/360 4800/1/360
f 4797/1/373 4801/1/373 4799/1/373
f 4794/1/362 4795/1/362 4799/1/362
f 4804/1/374 4805/1/374 4803/1/374
f 4802/1/375 4806/1/375 4808/1/375
f 4806/1/376 4807/1/376 4809/1/376
f 4805/1/302 4804/1/302 4808/1/302
f 4805/1/377 4809/1/377 4807/1/377
f 4803/1/304 4807/1/304 4806/1/304
f 4810/1/531 4812/1/531 4813/1/531
f 4812/1/169 4810/1/169 4814/1/169
f 4814/1/170 4815/1/170 4817/1/170
f 4812/1/173 4816/1/173 4817/1/173
f 4813/1/172 4817/1/172 4815/1/172
f 4811/1/171 4815/1/171 4814/1/171
f 4819/1/379 4820/1/379 4822/1/379
f 4827/1/380 4829/1/380 4831/1/380
f 4844/1/214 4843/1/214 4875/1/214
f 4871/1/214 4870/1/214 4902/1/214
f 4857/1/214 4889/1/214 4890/1/214
f 4845/1/214 4844/1/214 4876/1/214
f 4840/1/214 4871/1/214 4903/1/214
f 4858/1/214 4890/1/214 4891/1/214
f 4846/1/214 4845/1/214 4877/1/214
f 4860/1/214 4859/1/214 4891/1/214
f 4846/1/214 4878/1/214 4879/1/214
f 4861/1/214 4860/1/214 4892/1/214
f 4847/1/214 4879/1/214 4880/1/214
f 4862/1/214 4861/1/214 4893/1/214
f 4849/1/214 4848/1/214 4880/1/214
f 4863/1/214 4862/1/214 4894/1/214
f 4850/1/214 4849/1/214 4881/1/214
f 4864/1/214 4863/1/214 4895/1/214
f 4850/1/214 4882/1/214 4883/1/214
f 4865/1/214 4864/1/214 4896/1/214
f 4851/1/214 4883/1/214 4884/1/214
f 4866/1/214 4865/1/214 4897/1/214
f 4852/1/214 4884/1/214 4885/1/214
f 4867/1/214 4866/1/214 4898/1/214
f 4854/1/214 4853/1/214 4885/1/214
f 4840/1/214 4872/1/214 4873/1/214
f 4868/1/214 4867/1/214 4899/1/214
f 4855/1/214 4854/1/214 4886/1/214
f 4842/1/214 4841/1/214 4873/1/214
f 4869/1/214 4868/1/214 4900/1/214
f 4856/1/214 4855/1/214 4887/1/214
f 4843/1/214 4842/1/214 4874/1/214
f 4869/1/214 4901/1/214 4902/1/214
f 4856/1/214 4888/1/214 4889/1/214
f 4883/1/182 4915/1/182 4916/1/182
f 4897/1/183 4929/1/183 4930/1/183
f 4884/1/184 4916/1/184 4917/1/184
f 4898/1/185 4930/1/185 4931/1/185
f 4885/1/186 4917/1/186 4918/1/186
f 4872/1/187 4904/1/187 4905/1/187
f 4899/1/188 4931/1/188 4932/1/188
f 4886/1/189 4918/1/189 4919/1/189
f 4873/1/190 4905/1/190 4906/1/190
f 4900/1/191 4932/1/191 4933/1/191
f 4887/1/192 4919/1/192 4920/1/192
f 4874/1/193 4906/1/193 4907/1/193
f 4901/1/194 4933/1/194 4934/1/194
f 4888/1/195 4920/1/195 4921/1/195
f 4875/1/196 4907/1/196 4908/1/196
f 4902/1/197 4934/1/197 4935/1/197
f 4889/1/198 4921/1/198 4922/1/198
f 4876/1/199 4908/1/199 4909/1/199
f 4903/1/200 4935/1/200 4904/1/200
f 4890/1/201 4922/1/201 4923/1/201
f 4877/1/202 4909/1/202 4910/1/202
f 4891/1/203 4923/1/203 4924/1/203
f 4878/1/204 4910/1/204 4911/1/204
f 4892/1/205 4924/1/205 4925/1/205
f 4879/1/206 4911/1/206 4912/1/206
f 4893/1/207 4925/1/207 4926/1/207
f 4880/1/208 4912/1/208 4913/1/208
f 4894/1/209 4926/1/209 4927/1/209
f 4881/1/210 4913/1/210 4914/1/210
f 4895/1/211 4927/1/211 4928/1/211
f 4882/1/212 4914/1/212 4915/1/212
f 4896/1/213 4928/1/213 4929/1/213
f 4918/1/214 4950/1/214 4951/1/214
f 4906/1/214 4905/1/214 4937/1/214
f 4932/1/214 4964/1/214 4965/1/214
f 4919/1/214 4951/1/214 4952/1/214
f 4906/1/214 4938/1/214 4939/1/214
f 4933/1/214 4965/1/214 4966/1/214
f 4921/1/214 4920/1/214 4952/1/214
f 4907/1/214 4939/1/214 4940/1/214
f 4934/1/214 4966/1/214 4967/1/214
f 4922/1/214 4921/1/214 4953/1/214
f 4908/1/214 4940/1/214 4941/1/214
f 4935/1/214 4967/1/214 4936/1/214
f 4923/1/214 4922/1/214 4954/1/214
f 4909/1/214 4941/1/214 4942/1/214
f 4923/1/214 4955/1/214 4956/1/214
f 4911/1/214 4910/1/214 4942/1/214
f 4924/1/214 4956/1/214 4957/1/214
f 4912/1/214 4911/1/214 4943/1/214
f 4925/1/214 4957/1/214 4958/1/214
f 4912/1/214 4944/1/214 4945/1/214
f 4926/1/214 4958/1/214 4959/1/214
f 4913/1/214 4945/1/214 4946/1/214
f 4927/1/214 4959/1/214 4960/1/214
f 4914/1/214 4946/1/214 4947/1/214
f 4929/1/214 4928/1/214 4960/1/214
f 4915/1/214 4947/1/214 4948/1/214
f 4930/1/214 4929/1/214 4961/1/214
f 4916/1/214 4948/1/214 4949/1/214
f 4930/1/214 4962/1/214 4963/1/214
f 4917/1/214 4949/1/214 4950/1/214
f 4905/1/214 4904/1/214 4936/1/214
f 4931/1/214 4963/1/214 4964/1/214
f 4976/1/181 5023/1/181 5022/1/181
f 4997/1/181 5002/1/181 5001/1/181
f 5030/1/181 5029/1/181 4970/1/181
f 4990/1/181 5009/1/181 5008/1/181
f 4984/1/181 5015/1/181 5014/1/181
f 4977/1/181 5022/1/181 5021/1/181
f 4971/1/181 5028/1/181 5027/1/181
f 5008/1/181 5007/1/181 4992/1/181
f 4998/1/181 5001/1/181 5000/1/181
f 4978/1/181 5021/1/181 5020/1/181
f 4985/1/181 5014/1/181 5013/1/181
f 5007/1/181 5006/1/181 4993/1/181
f 4972/1/181 5027/1/181 5026/1/181
f 4979/1/181 5020/1/181 5019/1/181
f 5013/1/181 5012/1/181 4987/1/181
f 4993/1/181 5006/1/181 5005/1/181
f 4973/1/181 5026/1/181 5025/1/181
f 5019/1/181 5018/1/181 4981/1/181
f 5012/1/181 5011/1/181 4988/1/181
f 4999/1/181 5000/1/181 5031/1/181
f 4974/1/181 5025/1/181 5024/1/181
f 4982/1/181 5017/1/181 5016/1/181
f 4994/1/181 5005/1/181 5004/1/181
f 5011/1/181 5010/1/181 4989/1/181
f 4996/1/181 5003/1/181 5002/1/181
f 4981/1/181 5018/1/181 5017/1/181
f 4975/1/181 5024/1/181 5023/1/181
f 4983/1/181 5016/1/181 5015/1/181
f 4968/1/181 5031/1/181 5030/1/181
f 4989/1/181 5010/1/181 5009/1/181
f 4970/1/181 5029/1/181 5028/1/181
f 4995/1/181 5004/1/181 5003/1/181
f 5044/1/182 5043/1/182 5011/1/182
f 5058/1/183 5057/1/183 5025/1/183
f 5045/1/184 5044/1/184 5012/1/184
f 5059/1/185 5058/1/185 5026/1/185
f 5046/1/186 5045/1/186 5013/1/186
f 5033/1/187 5032/1/187 5000/1/187
f 5060/1/188 5059/1/188 5027/1/188
f 5047/1/189 5046/1/189 5014/1/189
f 5034/1/190 5033/1/190 5001/1/190
f 5061/1/191 5060/1/191 5028/1/191
f 5048/1/192 5047/1/192 5015/1/192
f 5035/1/193 5034/1/193 5002/1/193
f 5062/1/194 5061/1/194 5029/1/194
f 5049/1/195 5048/1/195 5016/1/195
f 5036/1/196 5035/1/196 5003/1/196
f 5063/1/197 5062/1/197 5030/1/197
f 5050/1/198 5049/1/198 5017/1/198
f 5037/1/199 5036/1/199 5004/1/199
f 5032/1/200 5063/1/200 5031/1/200
f 5051/1/201 5050/1/201 5018/1/201
f 5038/1/202 5037/1/202 5005/1/202
f 5052/1/203 5051/1/203 5019/1/203
f 5039/1/204 5038/1/204 5006/1/204
f 5053/1/205 5052/1/205 5020/1/205
f 5040/1/206 5039/1/206 5007/1/206
f 5054/1/207 5053/1/207 5021/1/207
f 5041/1/208 5040/1/208 5008/1/208
f 5055/1/209 5054/1/209 5022/1/209
f 5042/1/210 5041/1/210 5009/1/210
f 5056/1/211 5055/1/211 5023/1/211
f 5043/1/212 5042/1/212 5010/1/212
f 5057/1/213 5056/1/213 5024/1/213
f 5079/1/181 5078/1/181 5046/1/181
f 5066/1/181 5065/1/181 5033/1/181
f 5093/1/181 5092/1/181 5060/1/181
f 5080/1/181 5079/1/181 5047/1/181
f 5067/1/181 5066/1/181 5034/1/181
f 5094/1/181 5093/1/181 5061/1/181
f 5049/1/181 5081/1/181 5080/1/181
f 5068/1/181 5067/1/181 5035/1/181
f 5095/1/181 5094/1/181 5062/1/181
f 5050/1/181 5082/1/181 5081/1/181
f 5069/1/181 5068/1/181 5036/1/181
f 5064/1/181 5095/1/181 5063/1/181
f 5051/1/181 5083/1/181 5082/1/181
f 5070/1/181 5069/1/181 5037/1/181
f 5084/1/181 5083/1/181 5051/1/181
f 5039/1/181 5071/1/181 5070/1/181
f 5085/1/181 5084/1/181 5052/1/181
f 5040/1/181 5072/1/181 5071/1/181
f 5086/1/181 5085/1/181 5053/1/181
f 5073/1/181 5072/1/181 5040/1/181
f 5087/1/181 5086/1/181 5054/1/181
f 5074/1/181 5073/1/181 5041/1/181
f 5088/1/181 5087/1/181 5055/1/181
f 5075/1/181 5074/1/181 5042/1/181
f 5057/1/181 5089/1/181 5088/1/181
f 5076/1/181 5075/1/181 5043/1/181
f 5058/1/181 5090/1/181 5089/1/181
f 5077/1/181 5076/1/181 5044/1/181
f 5091/1/181 5090/1/181 5058/1/181
f 5078/1/181 5077/1/181 5045/1/181
f 5065/1/181 5064/1/181 5032/1/181
f 5092/1/181 5091/1/181 5059/1/181
f 5065/1/190 5066/1/190 4938/1/190
f 5066/1/193 5067/1/193 4939/1/193
f 5067/1/196 5068/1/196 4940/1/196
f 5068/1/199 5069/1/199 4941/1/199
f 5069/1/202 5070/1/202 4942/1/202
f 5070/1/204 5071/1/204 4943/1/204
f 5071/1/206 5072/1/206 4944/1/206
f 5072/1/208 5073/1/208 4945/1/208
f 5073/1/210 5074/1/210 4946/1/210
f 5074/1/212 5075/1/212 4947/1/212
f 5075/1/182 5076/1/182 4948/1/182
f 5076/1/184 5077/1/184 4949/1/184
f 5077/1/186 5078/1/186 4950/1/186
f 5078/1/189 5079/1/189 4951/1/189
f 5079/1/192 5080/1/192 4952/1/192
f 5080/1/195 5081/1/195 4953/1/195
f 5081/1/198 5082/1/198 4954/1/198
f 5082/1/201 5083/1/201 4955/1/201
f 5083/1/203 5084/1/203 4956/1/203
f 5084/1/205 5085/1/205 4957/1/205
f 4957/1/207 5085/1/207 5086/1/207
f 4958/1/209 5086/1/209 5087/1/209
f 5087/1/211 5088/1/211 4960/1/211
f 5088/1/213 5089/1/213 4961/1/213
f 5089/1/183 5090/1/183 4962/1/183
f 5090/1/185 5091/1/185 4963/1/185
f 5091/1/188 5092/1/188 4964/1/188
f 5092/1/191 5093/1/191 4965/1/191
f 5093/1/194 5094/1/194 4966/1/194
f 5094/1/197 5095/1/197 4967/1/197
f 5095/1/200 5064/1/200 4936/1/200
f 5064/1/187 5065/1/187 4937/1/187
f 5212/1/532 5177/1/532 5128/1/532
f 5179/1/533 5155/1/533 5156/1/533
f 5182/1/534 5181/1/534 5142/1/534
f 5183/1/535 5178/1/535 5129/1/535
f 5180/1/433 5156/1/433 5157/1/433
f 5185/1/536 5182/1/536 5143/1/536
f 5183/1/387 5130/1/387 5131/1/387
f 5184/1/388 5157/1/388 5158/1/388
f 5185/1/537 5144/1/537 5145/1/537
f 5186/1/390 5131/1/390 5132/1/390
f 5190/1/391 5187/1/391 5158/1/391
f 5191/1/538 5188/1/538 5145/1/538
f 5189/1/539 5132/1/539 5133/1/539
f 5211/1/415 5190/1/415 5159/1/415
f 5193/1/540 5191/1/540 5146/1/540
f 5192/1/541 5133/1/541 5134/1/541
f 5193/1/542 5147/1/542 5148/1/542
f 5194/1/543 5134/1/543 5135/1/543
f 5197/1/544 5195/1/544 5148/1/544
f 5196/1/400 5135/1/400 5136/1/400
f 5210/1/545 5197/1/545 5149/1/545
f 5200/1/546 5198/1/546 5136/1/546
f 5199/1/403 5150/1/403 5151/1/403
f 5202/1/404 5200/1/404 5137/1/404
f 5203/1/405 5201/1/405 5151/1/405
f 5209/1/413 5202/1/413 5138/1/413
f 5205/1/407 5203/1/407 5152/1/407
f 5204/1/408 5139/1/408 5140/1/408
f 5207/1/547 5205/1/547 5153/1/547
f 5206/1/548 5140/1/548 5141/1/548
f 5207/1/549 5154/1/549 5155/1/549
f 5181/1/412 5208/1/412 5141/1/412
f 5209/1/432 5161/1/432 5139/1/432
f 5210/1/414 5163/1/414 5150/1/414
f 5211/1/415 5165/1/415 5128/1/415
f 5212/1/381 5167/1/381 5129/1/381
f 5138/1/416 5169/1/416 5173/1/416
f 5149/1/417 5171/1/417 5174/1/417
f 5161/1/550 5173/1/550 5170/1/550
f 5150/1/551 5163/1/422 5174/1/422
f 5167/1/552 5128/1/552 5168/1/423
f 5165/1/424 5175/1/424 5168/1/424
f 5176/1/553 5168/1/553 5173/1/553
f 5174/1/427 5168/1/427 5175/1/427
f 5174/1/428 5171/1/428 5170/1/428
f 5166/1/537 5212/1/537 5178/1/537
f 5164/1/554 5211/1/554 5177/1/554
f 5162/1/541 5210/1/541 5199/1/541
f 5160/1/411 5209/1/411 5204/1/411
f 5109/1/555 5208/1/555 5181/1/555
f 5123/1/556 5122/1/556 5207/1/556
f 5109/1/385 5108/1/385 5206/1/385
f 5122/1/557 5121/1/557 5205/1/557
f 5107/1/435 5204/1/435 5206/1/435
f 5120/1/402 5203/1/402 5205/1/402
f 5160/1/411 5106/1/411 5202/1/411
f 5119/1/558 5201/1/558 5203/1/558
f 5106/1/438 5105/1/438 5200/1/438
f 5118/1/439 5199/1/439 5201/1/439
f 5104/1/559 5198/1/559 5200/1/559
f 5162/1/560 5117/1/560 5197/1/560
f 5103/1/561 5196/1/561 5198/1/561
f 5117/1/562 5116/1/562 5195/1/562
f 5102/1/563 5194/1/563 5196/1/563
f 5116/1/564 5115/1/564 5193/1/564
f 5101/1/414 5192/1/414 5194/1/414
f 5115/1/565 5114/1/565 5191/1/565
f 5164/1/446 5127/1/446 5190/1/446
f 5101/1/447 5100/1/447 5189/1/447
f 5113/1/566 5188/1/566 5191/1/566
f 5127/1/567 5126/1/567 5187/1/567
f 5100/1/450 5099/1/450 5186/1/450
f 5112/1/568 5185/1/568 5188/1/568
f 5126/1/412 5125/1/412 5184/1/412
f 5099/1/453 5098/1/453 5183/1/453
f 5111/1/569 5182/1/569 5185/1/569
f 5125/1/548 5124/1/548 5180/1/548
f 5098/1/392 5097/1/392 5178/1/392
f 5110/1/570 5181/1/570 5182/1/570
f 5123/1/571 5179/1/571 5180/1/571
f 5166/1/537 5096/1/537 5177/1/537
f 5131/1/214 5130/1/214 5176/1/214
f 5130/1/214 5129/1/214 5176/1/214
f 5129/1/214 5167/1/214 5176/1/214
f 5176/1/214 5169/1/214 5133/1/214
f 5169/1/214 5138/1/214 5137/1/214
f 5136/1/214 5169/1/214 5137/1/214
f 5136/1/214 5135/1/214 5169/1/214
f 5135/1/214 5134/1/214 5169/1/214
f 5169/1/214 5134/1/214 5133/1/214
f 5133/1/214 5132/1/214 5176/1/214
f 5152/1/214 5151/1/214 5172/1/214
f 5151/1/214 5150/1/214 5172/1/214
f 5172/1/214 5175/1/214 5155/1/214
f 5153/1/214 5172/1/214 5154/1/214
f 5175/1/214 5165/1/214 5159/1/214
f 5159/1/214 5158/1/214 5175/1/214
f 5158/1/214 5157/1/214 5175/1/214
f 5157/1/214 5156/1/214 5175/1/214
f 5156/1/214 5155/1/214 5175/1/214
f 5155/1/214 5154/1/214 5172/1/214
f 5141/1/214 5140/1/214 5170/1/214
f 5140/1/214 5139/1/214 5170/1/214
f 5170/1/214 5171/1/214 5144/1/214
f 5142/1/214 5170/1/214 5143/1/214
f 5171/1/214 5149/1/214 5148/1/214
f 5148/1/214 5147/1/214 5171/1/214
f 5147/1/214 5146/1/214 5171/1/214
f 5146/1/214 5145/1/214 5171/1/214
f 5145/1/214 5144/1/214 5171/1/214
f 5144/1/214 5143/1/214 5170/1/214
f 5223/1/458 5222/1/458 5105/1/458
f 4516/1/459 5236/1/459 5119/1/459
f 5242/1/460 5223/1/460 5106/1/460
f 5121/1/572 5237/1/572 4516/1/572
f 5108/1/573 5225/1/573 5224/1/573
f 5214/1/463 5245/1/463 5166/1/463
f 5238/1/464 5237/1/464 5121/1/464
f 5226/1/574 5225/1/574 5108/1/574
f 4517/1/466 5238/1/466 5122/1/466
f 5110/1/467 5227/1/467 5226/1/467
f 5245/1/468 5213/1/468 5096/1/468
f 5239/1/469 4517/1/469 5123/1/469
f 5228/1/470 5227/1/470 5110/1/470
f 5215/1/471 5214/1/471 5097/1/471
f 5240/1/472 5239/1/472 5124/1/472
f 5229/1/473 5228/1/473 5111/1/473
f 5216/1/474 5215/1/474 5098/1/474
f 5224/1/475 5242/1/475 5160/1/475
f 5126/1/476 4518/1/476 5240/1/476
f 5230/1/477 5229/1/477 5112/1/477
f 5217/1/478 5216/1/478 5099/1/478
f 5127/1/479 5241/1/479 4518/1/479
f 5231/1/480 5230/1/480 5113/1/480
f 5218/1/481 5217/1/481 5100/1/481
f 5164/1/482 5244/1/482 5241/1/482
f 5115/1/575 5232/1/575 5231/1/575
f 5219/1/484 5218/1/484 5101/1/484
f 5235/1/485 5243/1/485 5162/1/485
f 5116/1/576 5233/1/576 5232/1/576
f 5220/1/487 5219/1/487 5102/1/487
f 5234/1/488 5233/1/488 5116/1/488
f 5221/1/489 5220/1/489 5103/1/489
f 5243/1/490 5234/1/490 5117/1/490
f 5222/1/491 5221/1/491 5104/1/491
f 5213/1/492 5244/1/492 5164/1/492
f 5236/1/493 5235/1/493 5118/1/493
s 1
usemtl Black.002
f 3040/2/577 998/3/578 999/4/579
f 832/5/580 3040/2/577 999/4/579
f 834/6/581 3040/2/577 833/7/582
f 12/8/583 3040/2/577 834/6/581
f 3040/2/577 72/9/584 998/3/578
f 916/10/585 3041/11/586 1002/12/587
f 914/13/588 3041/11/586 915/14/589
f 47/15/590 3041/11/586 914/13/588
f 1000/16/591 1001/17/592 3041/11/586
f 1001/17/592 99/18/593 100/19/594
f 1003/20/595 3042/21/596 1006/22/597
f 967/23/598 1006/22/597 53/24/599
f 965/25/600 1006/22/597 966/26/601
f 52/27/602 1003/20/595 965/25/600
f 1004/28/603 104/29/604 3042/21/596
f 3042/21/596 104/29/604 105/30/605
f 1005/31/606 3042/21/596 3051/32/607
f 1006/22/597 3042/21/596 1005/31/606
f 835/33/608 3043/34/609 1008/35/610
f 1008/35/610 3044/36/611 1007/37/612
f 837/38/613 3043/34/609 836/39/614
f 13/40/615 3043/34/609 837/38/613
f 999/4/579 3044/36/611 3043/34/609
f 998/3/578 73/41/616 3044/36/611
f 3044/36/611 74/42/617 1007/37/612
f 3045/43/618 1011/44/619 50/45/620
f 919/46/621 3045/43/618 50/45/620
f 917/47/622 3045/43/618 918/48/623
f 49/49/624 1009/50/625 3045/43/618
f 1009/50/625 1010/51/626 3045/43/618
f 1013/52/627 1007/37/612 1012/53/628
f 15/54/629 3046/55/630 1013/52/627
f 840/56/631 3046/55/630 839/57/632
f 1008/35/610 1007/37/612 3046/55/630
f 1007/37/612 74/42/617 75/58/633
f 3047/59/634 3048/60/635 1004/28/603
f 1014/61/636 3048/60/635 3047/59/634
f 922/62/637 1003/20/595 52/27/602
f 921/63/638 3047/59/634 922/62/637
f 920/64/639 3047/59/634 921/63/638
f 1004/28/603 103/65/640 104/29/604
f 1019/66/641 1017/67/642 1018/68/643
f 969/69/644 1019/66/641 55/70/645
f 968/71/646 1019/66/641 969/69/644
f 54/72/647 1016/73/648 3049/74/649
f 1017/67/642 107/75/650 1018/68/643
f 16/76/651 841/77/652 1021/78/653
f 843/79/654 3050/80/655 842/81/656
f 843/79/654 1013/52/627 3050/80/655
f 1013/52/627 1012/53/628 3050/80/655
f 1020/82/657 75/58/633 4007/83/658
f 1020/82/657 4007/83/658 76/84/659
f 1005/31/606 1016/73/648 54/72/647
f 1016/73/648 3051/32/607 1017/67/642
f 925/85/660 1005/31/606 54/72/647
f 923/86/661 1005/31/606 924/87/662
f 53/24/599 1005/31/606 923/86/661
f 1017/67/642 105/30/605 106/88/663
f 1021/78/653 3052/89/664 845/90/665
f 16/76/651 1021/78/653 846/91/666
f 1020/82/657 76/84/659 3052/89/664
f 3052/89/664 1022/92/667 3054/93/668
f 844/94/669 3052/89/664 3054/93/668
f 56/95/670 3053/96/671 1024/97/672
f 3053/96/671 1023/98/673 1024/97/672
f 928/99/674 3053/96/671 56/95/670
f 926/100/675 3053/96/671 927/101/676
f 926/100/675 1019/66/641 3053/96/671
f 1019/66/641 1018/68/643 3053/96/671
f 1023/98/673 107/75/650 108/102/677
f 1026/103/678 1024/97/672 1025/104/679
f 1024/97/672 1023/98/673 1025/104/679
f 971/105/680 1026/103/678 972/106/681
f 970/107/682 1026/103/678 971/105/680
f 847/108/683 3054/93/668 1028/109/684
f 849/110/685 3054/93/668 848/111/686
f 17/112/687 3054/93/668 849/110/685
f 1022/92/667 76/84/659 77/113/688
f 1022/92/667 77/113/688 1027/114/689
f 3055/115/690 1025/104/679 1030/116/691
f 1025/104/679 3056/117/692 1030/116/691
f 58/118/693 3055/115/690 1031/119/694
f 57/120/695 3055/115/690 929/121/696
f 1026/103/678 1025/104/679 3055/115/690
f 3056/117/692 109/122/697 110/123/698
f 850/124/699 3057/125/700 1032/126/701
f 3057/125/700 3058/127/702 1032/126/701
f 850/124/699 3060/128/703 19/129/704
f 852/130/705 3057/125/700 851/131/706
f 18/132/707 3057/125/700 852/130/705
f 3057/125/700 1027/114/689 3058/127/702
f 1027/114/689 988/133/708 3058/127/702
f 3058/127/702 988/133/708 78/134/709
f 1037/135/710 1034/136/711 1036/137/712
f 1034/136/711 3074/138/713 1036/137/712
f 932/139/714 1037/135/710 933/140/715
f 3060/128/703 1038/141/716 3059/142/717
f 20/143/718 3059/142/717 1039/144/719
f 854/145/720 3059/142/717 853/146/721
f 855/147/722 3059/142/717 854/145/720
f 19/129/704 3060/128/703 855/147/722
f 1032/126/701 78/134/709 1038/141/716
f 1038/141/716 78/134/709 79/148/723
f 62/149/724 3061/150/725 1044/151/726
f 935/152/727 3061/150/725 936/153/728
f 61/154/729 1040/155/730 935/152/727
f 1041/156/731 3062/157/732 3061/150/725
f 3062/157/732 113/158/733 114/159/734
f 1033/160/735 1030/116/691 1034/136/711
f 1030/116/691 1035/161/736 1034/136/711
f 973/162/737 1033/160/735 974/163/738
f 1039/144/719 3063/164/739 857/165/740
f 20/143/718 1039/144/719 858/166/741
f 3063/164/739 79/148/723 80/167/742
f 3063/164/739 3068/168/743 3067/169/744
f 856/170/745 3063/164/739 3067/169/744
f 976/171/746 1046/172/747 33/173/748
f 975/174/749 1046/172/747 976/171/746
f 64/175/750 3065/176/751 3064/177/752
f 1045/178/753 89/179/754 3107/180/755
f 1046/172/747 3065/176/751 3106/181/756
f 3066/182/757 3068/168/743 1047/183/758
f 22/184/759 3066/182/757 864/185/760
f 861/186/761 3066/182/757 860/187/762
f 21/188/763 3067/169/744 861/186/761
f 3068/168/743 989/189/764 1047/183/758
f 1047/183/758 989/189/764 81/190/765
f 3069/191/766 3070/192/767 1050/193/768
f 1049/194/769 3070/192/767 3069/191/766
f 940/195/770 3069/191/766 1051/196/771
f 938/197/772 3069/191/766 939/198/773
f 36/199/774 3069/191/766 938/197/772
f 1048/200/775 1049/194/769 3069/191/766
f 1050/193/768 995/201/776 91/202/777
f 1051/196/771 3069/191/766 3115/203/778
f 3071/204/779 1047/183/758 3072/205/780
f 23/206/781 3071/204/779 3072/205/780
f 863/207/782 3071/204/779 862/208/783
f 864/185/760 3071/204/779 863/207/782
f 3066/182/757 1047/183/758 3071/204/779
f 3072/205/780 81/190/765 82/209/784
f 943/210/785 3073/211/786 39/212/787
f 38/213/788 3073/211/786 941/214/789
f 1052/215/790 1053/216/791 3073/211/786
f 1053/216/791 92/217/792 1054/218/793
f 3073/211/786 1054/218/793 3118/219/794
f 39/212/787 3073/211/786 3118/219/794
f 1036/137/712 3074/138/713 1041/156/731
f 979/220/795 978/221/796 1040/155/730
f 977/222/797 1037/135/710 978/221/796
f 1037/135/710 1036/137/712 978/221/796
f 1041/156/731 3074/138/713 3062/157/732
f 3075/223/798 3076/224/799 1055/225/800
f 24/226/801 865/227/802 1056/228/803
f 867/229/804 3075/223/798 866/230/805
f 867/229/804 3072/205/780 3075/223/798
f 3072/205/780 3076/224/799 3075/223/798
f 3076/224/799 82/209/784 990/231/806
f 1055/225/800 990/231/806 83/232/807
f 35/233/808 3077/234/809 1059/235/810
f 1059/235/810 1058/236/811 3112/237/812
f 982/238/813 3077/234/809 35/233/808
f 980/239/814 3077/234/809 981/240/815
f 34/241/816 3077/234/809 980/239/814
f 1056/228/803 1055/225/800 3078/242/817
f 869/243/818 3078/242/817 868/244/819
f 870/245/820 3078/242/817 869/243/818
f 24/226/801 1056/228/803 870/245/820
f 871/246/821 3079/247/822 3080/248/823
f 873/249/824 25/250/825 3079/247/822
f 1060/251/826 1061/252/827 3079/247/822
f 1061/252/827 83/232/807 4002/253/828
f 1061/252/827 4002/253/828 991/254/829
f 3082/255/830 1063/256/831 1045/178/753
f 946/257/832 3081/258/833 64/175/750
f 944/259/834 3081/258/833 945/260/835
f 63/261/836 3081/258/833 944/259/834
f 1063/256/831 116/262/837 1045/178/753
f 64/175/750 3082/255/830 3065/176/751
f 3083/263/838 1043/264/839 1062/265/840
f 1043/264/839 1042/266/841 1062/265/840
f 63/261/836 3083/263/838 3081/258/833
f 1044/151/726 3083/263/838 983/267/842
f 3083/263/838 1062/265/840 3081/258/833
f 27/268/843 3084/269/844 3088/270/845
f 876/271/846 3084/269/844 875/272/847
f 26/273/848 3085/274/849 876/271/846
f 3085/274/849 1061/252/827 3086/275/850
f 1061/252/827 991/254/829 3086/275/850
f 3086/275/850 991/254/829 84/276/851
f 3084/269/844 3086/275/850 3089/277/852
f 3087/278/853 3089/277/852 1064/279/854
f 3088/270/845 3089/277/852 3087/278/853
f 28/280/855 3087/278/853 3093/281/856
f 879/282/857 3087/278/853 878/283/858
f 27/268/843 3088/270/845 879/282/857
f 3084/269/844 3089/277/852 3088/270/845
f 1064/279/854 84/276/851 85/284/859
f 799/285/860 3090/286/861 1067/287/862
f 801/288/863 3090/286/861 800/289/864
f 1/290/865 3090/286/861 801/288/863
f 3090/286/861 1066/291/866 3091/292/867
f 1066/291/866 65/293/868 3091/292/867
f 1067/287/862 3091/292/867 3096/294/869
f 3092/295/870 1069/296/871 1072/297/872
f 1069/296/871 1071/298/873 1072/297/872
f 41/299/874 3092/295/870 3122/300/875
f 947/301/876 3092/295/870 948/302/877
f 947/301/876 1068/303/878 3092/295/870
f 1068/303/878 1069/296/871 3092/295/870
f 1069/296/871 1070/304/879 1071/298/873
f 1070/304/879 93/305/880 1071/298/873
f 3093/281/856 3094/306/881 1073/307/882
f 880/308/883 3093/281/856 1073/307/882
f 882/309/884 3093/281/856 881/310/885
f 28/280/855 3093/281/856 882/309/884
f 1064/279/854 85/284/859 3094/306/881
f 3094/306/881 85/284/859 86/311/886
f 1073/307/882 3094/306/881 86/311/886
f 804/312/887 3096/294/869 3095/313/888
f 802/314/889 1074/315/890 3/316/891
f 803/317/892 804/312/887 3095/313/888
f 1067/287/862 3096/294/869 804/312/887
f 883/318/893 3097/319/894 1076/320/895
f 29/321/896 3097/319/894 885/322/897
f 1073/307/882 86/311/886 3097/319/894
f 1077/323/898 1079/324/899 3098/325/900
f 43/326/901 3098/325/900 908/327/902
f 950/328/903 3098/325/900 951/329/904
f 42/330/905 1077/323/898 950/328/903
f 1077/323/898 1078/331/906 1079/324/899
f 1078/331/906 96/332/907 3125/333/908
f 3099/334/909 986/335/910 1080/336/911
f 1074/315/890 986/335/910 3099/334/909
f 4/337/912 3099/334/909 1081/338/913
f 806/339/914 1074/315/890 3099/334/909
f 3/316/891 1074/315/890 807/340/915
f 1083/341/916 3101/342/917 1082/343/918
f 1076/320/895 3101/342/917 3100/344/919
f 887/345/920 1083/341/916 886/346/921
f 888/347/922 3100/344/919 887/345/920
f 30/348/923 3100/344/919 888/347/922
f 3101/342/917 87/349/924 4019/350/925
f 1081/338/913 3102/351/926 1085/352/927
f 5/353/928 1085/352/927 3105/354/929
f 810/355/930 1085/352/927 809/356/931
f 4/337/912 1081/338/913 810/355/930
f 1084/357/932 987/358/933 1116/359/934
f 1085/352/927 3102/351/926 1084/357/932
f 891/360/935 3103/361/936 890/362/937
f 891/360/935 1083/341/916 3103/361/936
f 1083/341/916 1082/343/918 3103/361/936
f 1082/343/918 992/363/938 1086/364/939
f 1086/364/939 992/363/938 88/365/940
f 889/366/941 3103/361/936 3108/367/942
f 1087/368/943 1088/369/944 1092/370/945
f 1091/371/946 1089/372/947 1090/373/948
f 955/374/949 1092/370/945 45/375/950
f 953/376/951 1092/370/945 954/377/952
f 44/378/953 1087/368/943 953/376/951
f 3105/354/929 1084/357/932 3104/379/954
f 6/380/955 3104/379/954 1094/381/956
f 813/382/957 3104/379/954 812/383/958
f 5/353/928 3105/354/929 813/382/957
f 1093/384/959 1116/359/934 67/385/960
f 3104/379/954 1093/384/959 1094/381/956
f 1046/172/747 3106/181/756 1057/386/961
f 3106/181/756 3107/180/755 1058/236/811
f 896/387/962 1046/172/747 1057/386/961
f 33/173/748 1046/172/747 895/388/963
f 1057/386/961 3106/181/756 3077/234/809
f 892/389/964 3108/367/942 1065/390/965
f 32/391/966 3108/367/942 894/392/967
f 1086/364/939 88/365/940 1066/291/866
f 3109/393/968 1093/384/959 3110/394/969
f 814/395/970 1095/396/971 7/397/972
f 815/398/973 1094/381/956 3109/393/968
f 6/380/955 1094/381/956 816/399/974
f 1093/384/959 67/385/960 3110/394/969
f 3110/394/969 68/400/975 3114/401/976
f 1095/396/971 3110/394/969 3114/401/976
f 1059/235/810 3112/237/812 1049/194/769
f 898/402/977 1048/200/775 36/199/774
f 897/403/978 1048/200/775 898/402/977
f 35/233/808 1059/235/810 3111/404/979
f 1049/194/769 3112/237/812 3070/192/767
f 1096/405/980 1000/16/591 958/406/981
f 47/15/590 958/406/981 3041/11/586
f 957/407/982 1096/405/980 958/406/981
f 1097/408/983 1098/409/984 1000/16/591
f 1000/16/591 3113/410/985 1001/17/592
f 958/406/981 1000/16/591 3041/11/586
f 818/411/986 3114/401/976 817/412/987
f 1095/396/971 3114/401/976 818/411/986
f 7/397/972 1095/396/971 819/413/988
f 1051/196/771 3115/203/778 900/414/989
f 3115/203/778 1050/193/768 1053/216/791
f 901/415/990 900/414/989 1052/215/790
f 37/416/991 1051/196/771 899/417/992
f 1050/193/768 91/202/777 1053/216/791
f 1053/216/791 91/202/777 92/217/792
f 1099/418/993 3117/419/994 3116/420/995
f 820/421/996 3116/420/995 9/422/997
f 8/423/998 3116/420/995 822/424/999
f 817/412/987 1099/418/993 3116/420/995
f 1099/418/993 70/425/1000 3117/419/994
f 1100/426/1001 3117/419/994 3121/427/1002
f 1068/303/878 3118/219/794 1069/296/871
f 39/212/787 3118/219/794 1068/303/878
f 904/428/1003 1068/303/878 40/429/1004
f 902/430/1005 1068/303/878 903/431/1006
f 1054/218/793 93/305/880 1070/304/879
f 1002/12/587 3120/432/1007 1009/50/625
f 961/433/1008 3119/434/1009 49/49/624
f 959/435/1010 3119/434/1009 960/436/1011
f 48/437/1012 3119/434/1009 959/435/1010
f 916/10/585 1002/12/587 3119/434/1009
f 1001/17/592 100/19/594 3120/432/1007
f 1009/50/625 3120/432/1007 1010/51/626
f 1102/438/1013 3121/427/1002 1101/439/1014
f 823/440/1015 1100/426/1001 1102/438/1013
f 825/441/1016 1100/426/1001 824/442/1017
f 9/422/997 1100/426/1001 825/441/1016
f 907/443/1018 3122/300/875 1077/323/898
f 905/444/1019 3122/300/875 906/445/1020
f 41/299/874 3122/300/875 905/444/1019
f 1071/298/873 95/446/1021 1078/331/906
f 826/447/1022 3123/448/1023 11/449/1024
f 828/450/1025 1102/438/1013 3123/448/1023
f 1103/451/1026 4012/452/1027 4011/453/1028
f 3123/448/1023 1103/451/1026 1104/454/1029
f 11/449/1024 3123/448/1023 1104/454/1029
f 909/455/1030 3124/456/1031 1088/369/944
f 908/327/902 3124/456/1031 909/455/1030
f 1088/369/944 3125/333/908 1089/372/947
f 910/457/1032 1087/368/943 44/378/953
f 1079/324/899 3125/333/908 3124/456/1031
f 1089/372/947 96/332/907 97/458/1033
f 3126/459/1034 1011/44/619 1014/61/636
f 50/45/620 1011/44/619 3126/459/1034
f 51/460/1035 3126/459/1034 920/64/639
f 962/461/1036 3126/459/1034 963/462/1037
f 1011/44/619 1010/51/626 1015/463/1038
f 1010/51/626 102/464/1039 1015/463/1038
f 1104/454/1029 72/9/584 997/465/1040
f 829/466/1041 1104/454/1029 997/465/1040
f 831/467/1042 11/449/1024 1104/454/1029
f 1103/451/1026 4011/453/1028 72/9/584
f 1097/408/983 1090/373/948 1098/409/984
f 46/468/1043 3127/469/1044 1096/405/980
f 45/375/950 3127/469/1044 911/470/1045
f 1090/373/948 994/471/1046 1098/409/984
f 3140/472/1047 3128/473/1048 1113/474/1049
f 102/464/1039 1114/475/1050 103/65/640
f 1113/474/1049 3128/473/1048 1118/476/1051
f 1119/477/1052 1118/476/1051 146/478/1053
f 1117/479/1054 1118/476/1051 1119/477/1052
f 105/30/605 1117/479/1054 1120/480/1055
f 3131/481/1056 1108/482/1057 147/483/1058
f 3131/481/1056 147/483/1058 1128/484/1059
f 1124/485/1060 3131/481/1056 1128/484/1059
f 1130/486/1061 1127/487/1062 1129/488/1063
f 108/102/677 1130/486/1061 109/122/697
f 1129/488/1063 147/483/1058 148/489/1064
f 1133/490/1065 3133/491/1066 1132/492/1067
f 90/493/1068 3133/491/1066 1133/490/1065
f 89/179/754 3133/491/1066 90/493/1068
f 1134/494/1069 1135/495/1070 3143/496/1071
f 110/123/698 3143/496/1071 111/497/1072
f 1136/498/1073 1111/499/1074 3145/500/1075
f 993/501/1076 1137/502/1077 995/201/776
f 996/503/1078 1137/502/1077 993/501/1076
f 1138/504/1079 136/505/1080 1139/506/1081
f 3135/507/1082 1141/508/1083 3133/491/1066
f 89/179/754 3135/507/1082 3133/491/1066
f 116/262/837 3135/507/1082 89/179/754
f 1141/508/1083 1112/509/1084 1131/510/1085
f 1142/511/1086 1144/512/1087 1145/513/1088
f 1143/514/1089 137/515/1090 1144/512/1087
f 1147/516/1091 1149/517/1092 1150/518/1093
f 1149/517/1092 1148/519/1094 1159/520/1095
f 113/158/733 1147/516/1091 1150/518/1093
f 1159/520/1095 1109/521/1096 149/522/1097
f 3150/523/1098 3137/524/1099 1153/525/1100
f 93/305/880 1151/526/1101 3150/523/1098
f 92/217/792 1151/526/1101 93/305/880
f 1133/490/1065 1132/492/1067 1137/502/1077
f 996/503/1078 1133/490/1065 1137/502/1077
f 90/493/1068 1133/490/1065 996/503/1078
f 1131/510/1085 135/527/1102 1138/504/1079
f 1138/504/1079 135/527/1102 136/505/1080
f 1137/502/1077 1132/492/1067 1140/528/1103
f 94/529/1104 1157/530/1105 95/446/1021
f 1155/531/1106 140/532/1107 1156/533/1108
f 1157/530/1105 1154/534/1109 3152/535/1110
f 1158/536/1111 1160/537/1112 1161/538/1113
f 115/539/1114 1158/536/1111 1162/540/1115
f 114/159/734 1158/536/1111 115/539/1114
f 1159/520/1095 149/522/1097 1160/537/1112
f 1165/541/1116 3139/542/1117 1164/543/1118
f 97/458/1033 1163/544/1119 1165/541/1116
f 1164/543/1118 1110/545/1120 141/546/1121
f 1169/547/1122 1167/548/1123 1168/549/1124
f 994/471/1046 1166/550/1125 1169/547/1122
f 98/551/1126 1166/550/1125 994/471/1046
f 1170/552/1127 1171/553/1128 1173/554/1129
f 100/19/594 1170/552/1127 1174/555/1130
f 1172/556/1131 142/557/1132 143/558/1133
f 3140/472/1047 1175/559/1134 3128/473/1048
f 102/464/1039 3140/472/1047 1114/475/1050
f 1174/555/1130 1175/559/1134 3140/472/1047
f 1175/559/1134 144/560/1135 3128/473/1048
f 1113/474/1049 1118/476/1051 1117/479/1054
f 104/29/604 1113/474/1049 1117/479/1054
f 1123/561/1136 146/478/1053 3131/481/1056
f 106/88/663 1120/480/1055 1123/561/1136
f 1124/485/1060 1128/484/1059 1127/487/1062
f 1134/494/1069 1129/488/1063 1135/495/1070
f 109/122/697 1134/494/1069 110/123/698
f 1130/486/1061 1129/488/1063 1134/494/1069
f 1129/488/1063 148/489/1064 1136/498/1073
f 3144/562/1137 3145/500/1075 1148/519/1094
f 112/563/1138 3143/496/1071 1147/516/1091
f 111/497/1072 3143/496/1071 112/563/1138
f 1147/516/1091 3144/562/1137 1149/517/1092
f 1149/517/1092 1159/520/1095 1158/536/1111
f 114/159/734 1150/518/1093 1158/536/1111
f 995/201/776 1143/514/1089 1142/511/1086
f 1140/528/1103 1139/506/1081 1143/514/1089
f 1139/506/1081 136/505/1080 1143/514/1089
f 1143/514/1089 136/505/1080 137/515/1090
f 1145/513/1088 1152/564/1139 1151/526/1101
f 1152/564/1139 1144/512/1087 3137/524/1099
f 92/217/792 1145/513/1088 1151/526/1101
f 3135/507/1082 1161/538/1113 1141/508/1083
f 116/262/837 1162/540/1115 3135/507/1082
f 115/539/1114 1162/540/1115 116/262/837
f 1160/537/1112 150/565/1140 1141/508/1083
f 3150/523/1098 1153/525/1100 1154/534/1109
f 94/529/1104 3150/523/1098 1157/530/1105
f 93/305/880 3150/523/1098 94/529/1104
f 1153/525/1100 139/566/1141 1155/531/1106
f 1155/531/1106 139/566/1141 140/532/1107
f 1157/530/1105 3152/535/1110 1163/544/1119
f 3152/535/1110 1156/533/1108 3139/542/1117
f 96/332/907 1157/530/1105 1163/544/1119
f 1163/544/1119 3152/535/1110 3139/542/1117
f 1166/550/1125 1164/543/1118 1167/548/1123
f 98/551/1126 1165/541/1116 1166/550/1125
f 97/458/1033 1165/541/1116 98/551/1126
f 1171/553/1128 1168/549/1124 1172/556/1131
f 99/18/593 1169/547/1122 1170/552/1127
f 994/471/1046 1169/547/1122 99/18/593
f 1172/556/1131 1107/567/1142 142/557/1132
f 1174/555/1130 1173/554/1129 1175/559/1134
f 100/19/594 1174/555/1130 101/568/1143
f 1172/556/1131 143/558/1133 1175/559/1134
f 253/569/1144 1249/570/1145 187/571/1146
f 1255/572/1147 1249/570/1145 3157/573/1148
f 3158/574/1149 1260/575/1150 1461/576/1151
f 3160/577/1152 3159/578/1153 1415/579/1154
f 222/580/1155 3160/577/1152 1457/581/1156
f 1197/582/1157 3159/578/1153 196/583/1158
f 1415/579/1154 3159/578/1153 1197/582/1157
f 1265/584/1159 1250/585/1160 3161/586/1161
f 257/587/1162 3161/586/1161 3201/588/1163
f 3201/588/1163 3161/586/1161 1251/589/1164
f 1510/590/1165 3162/591/1166 3207/592/1167
f 3173/593/1168 1269/594/1169 1510/590/1165
f 1270/595/1170 1219/596/1171 3162/591/1166
f 3163/597/1172 1197/582/1157 1196/598/1173
f 1456/599/1174 3163/597/1172 1416/600/1175
f 1457/581/1156 3163/597/1172 1456/599/1174
f 1416/600/1175 1196/598/1173 157/601/1176
f 1259/602/1177 3165/603/1178 3164/604/1179
f 1259/602/1177 3164/604/1179 1260/575/1150
f 259/605/1180 1470/606/1181 1471/607/1182
f 259/605/1180 1471/607/1182 260/608/1183
f 3167/609/1184 1198/610/1185 3166/611/1186
f 223/612/1187 1417/613/1188 224/614/1189
f 223/612/1187 3166/611/1186 1417/613/1188
f 223/612/1187 1416/600/1175 3166/611/1186
f 1416/600/1175 3167/609/1184 3166/611/1186
f 1417/613/1188 3166/611/1186 158/615/1190
f 1282/616/1191 3169/617/1192 3168/618/1193
f 3168/618/1193 3169/617/1192 190/619/1194
f 262/620/1195 3168/618/1193 3202/621/1196
f 3200/622/1197 189/623/1198 3169/617/1192
f 264/624/1199 3170/625/1200 1475/626/1201
f 1236/627/1202 175/628/1203 3170/625/1200
f 1417/613/1188 3172/629/1204 3171/630/1205
f 3171/630/1205 3172/629/1204 1199/631/1206
f 225/632/1207 3171/630/1205 1418/633/1208
f 1417/613/1188 158/615/1190 3172/629/1204
f 1418/633/1208 3171/630/1205 159/634/1209
f 3173/593/1168 1252/635/1210 1270/595/1170
f 255/636/1211 1252/635/1210 3173/593/1168
f 3174/637/1212 1222/638/1213 178/639/1214
f 265/640/1215 3174/637/1212 266/641/1216
f 1291/642/1217 1222/638/1213 3174/637/1212
f 159/634/1209 1200/643/1218 3175/644/1219
f 226/645/1220 3175/644/1219 1419/646/1221
f 225/632/1207 1418/633/1208 226/645/1220
f 1419/646/1221 1200/643/1218 160/647/1222
f 268/648/1223 1297/649/1224 3176/650/1225
f 1298/651/1226 1253/652/1227 3177/653/1228
f 3176/650/1225 3177/653/1228 1254/654/1229
f 1301/655/1230 1223/656/1231 3178/657/1232
f 270/658/1233 3178/657/1232 1484/659/1234
f 269/660/1235 3178/657/1232 270/658/1233
f 1421/661/1236 3179/662/1237 1420/663/1238
f 1419/646/1221 3179/662/1237 1421/661/1236
f 226/645/1220 1421/661/1236 227/664/1239
f 1306/665/1240 1224/666/1241 3180/667/1242
f 272/668/1243 1305/669/1244 1487/670/1245
f 1487/670/1245 3180/667/1242 214/671/1246
f 1421/661/1236 3182/672/1247 3181/673/1248
f 3181/673/1248 3182/672/1247 1201/674/1249
f 227/664/1239 3181/673/1248 228/675/1250
f 3183/676/1251 3184/677/1252 1226/678/1253
f 274/679/1254 3183/676/1251 3225/680/1255
f 273/681/1256 3183/676/1251 274/679/1254
f 1312/682/1257 3184/677/1252 3183/676/1251
f 229/683/1258 3185/684/1259 1423/685/1260
f 228/675/1250 3185/684/1259 229/683/1258
f 3181/673/1248 161/686/1261 3185/684/1259
f 1422/687/1262 3186/688/1263 785/689/1264
f 3187/690/1265 1227/691/1266 3188/692/1267
f 276/693/1268 3187/690/1265 1494/694/1269
f 1493/695/1270 3188/692/1267 216/696/1271
f 1494/694/1269 3188/692/1267 1493/695/1270
f 1423/685/1260 3189/697/1272 1424/698/1273
f 1424/698/1273 3189/697/1272 162/699/1274
f 230/700/1275 1424/698/1273 3191/701/1276
f 229/683/1258 1424/698/1273 1455/702/1277
f 3190/703/1278 1228/704/1279 1497/705/1280
f 278/706/1281 3190/703/1278 1498/707/1282
f 1319/708/1283 1228/704/1279 3190/703/1278
f 3191/701/1276 3193/709/1284 3192/710/1285
f 231/711/1286 3191/701/1276 1425/712/1287
f 1425/712/1287 3192/710/1285 163/713/1288
f 1501/714/1289 3194/715/1290 185/716/1291
f 1324/717/1292 3194/715/1290 1501/714/1289
f 1509/718/1293 1324/717/1292 1501/714/1289
f 1324/717/1292 184/719/1294 3194/715/1290
f 185/716/1291 3194/715/1290 1229/720/1295
f 163/713/1288 1202/721/1296 3196/722/1297
f 232/723/1298 3195/724/1299 1426/725/1300
f 1425/712/1287 163/713/1288 3195/724/1299
f 1426/725/1300 3196/722/1297 164/726/1301
f 1331/727/1302 3197/728/1303 1255/572/1147
f 280/729/1304 1255/572/1147 252/730/1305
f 1255/572/1147 186/731/1306 1249/570/1145
f 1454/732/1307 1426/725/1300 1427/733/1308
f 232/723/1298 1426/725/1300 1454/732/1307
f 3198/734/1309 786/735/1310 1204/736/1311
f 1427/733/1308 3198/734/1309 1204/736/1311
f 256/737/1312 3199/738/1313 1265/584/1159
f 3199/738/1313 187/571/1146 1230/739/1314
f 1231/740/1315 188/741/1316 1265/584/1159
f 1429/742/1317 1204/736/1311 1428/743/1318
f 233/744/1319 1427/733/1308 1429/742/1317
f 261/745/1320 3200/622/1197 1282/616/1191
f 257/587/1162 3201/588/1163 3200/622/1197
f 1251/589/1164 1232/746/1321 3201/588/1163
f 3200/622/1197 1233/747/1322 189/623/1198
f 1430/748/1323 1205/749/1324 165/750/1325
f 235/751/1326 1429/742/1317 1430/748/1323
f 3202/621/1196 1298/651/1226 1297/649/1224
f 267/752/1327 3202/621/1196 1297/649/1224
f 1298/651/1226 3203/753/1328 2983/754/1329
f 3204/755/1330 165/750/1325 1207/756/1331
f 236/757/1332 3205/758/1333 166/759/1334
f 3206/760/1335 3207/592/1167 1277/761/1336
f 1510/590/1165 3207/592/1167 3206/760/1335
f 173/762/1337 1234/763/1338 3207/592/1167
f 3208/764/1339 1431/765/1340 1432/766/1341
f 1453/767/1342 3208/764/1339 1432/766/1341
f 236/757/1332 3208/764/1339 1453/767/1342
f 166/759/1334 1208/768/1343 3208/764/1339
f 1286/769/1344 3209/770/1345 1236/627/1202
f 1471/607/1182 3209/770/1345 1508/771/1346
f 3210/772/1347 1209/773/1348 167/774/1349
f 237/775/1350 3210/772/1347 1433/776/1351
f 1431/765/1340 1209/773/1348 3210/772/1347
f 1276/777/1352 3211/778/1353 192/779/1354
f 1507/780/1355 3211/778/1353 1276/777/1352
f 268/648/1223 3211/778/1353 1507/780/1355
f 3176/650/1225 191/781/1356 3211/778/1353
f 191/781/1356 1237/782/1357 3211/778/1353
f 1211/783/1358 1210/784/1359 3212/785/1360
f 239/786/1361 3212/785/1360 1434/787/1362
f 1434/787/1362 3212/785/1360 168/788/1363
f 1291/642/1217 3213/789/1364 177/790/1365
f 265/640/1215 1475/626/1201 1291/642/1217
f 3214/791/1366 3215/792/1367 1435/793/1368
f 1434/787/1362 3215/792/1367 3214/791/1366
f 3216/794/1369 3217/795/1370 1239/796/1371
f 269/660/1235 3216/794/1369 1301/655/1230
f 266/641/1216 1478/797/1372 3216/794/1369
f 1478/797/1372 178/639/1214 3217/795/1370
f 1301/655/1230 1239/796/1371 179/798/1373
f 3219/799/1374 1212/800/1375 3218/801/1376
f 240/802/1377 3218/801/1376 3220/803/1378
f 3214/791/1366 1436/804/1379 1452/805/1380
f 3220/803/1378 3218/801/1376 169/806/1381
f 1506/807/1382 1240/808/1383 1306/665/1240
f 1484/659/1234 1240/808/1383 1506/807/1382
f 1240/808/1383 1241/809/1384 1306/665/1240
f 271/810/1385 1506/807/1382 1305/669/1244
f 3221/811/1386 169/806/1381 1213/812/1387
f 241/813/1388 3220/803/1378 1437/814/1389
f 1437/814/1389 3221/811/1386 788/815/1390
f 1440/816/1391 1186/817/1392 152/818/1393
f 243/819/1394 1353/820/1395 1440/816/1391
f 1312/682/1257 3222/821/1396 181/822/1397
f 1505/823/1398 1487/670/1245 1312/682/1257
f 1487/670/1245 3222/821/1396 1312/682/1257
f 1437/814/1389 1215/824/1399 3223/825/1400
f 244/826/1401 3223/825/1400 1441/827/1402
f 1441/827/1402 1214/828/1403 170/829/1404
f 245/830/1405 3224/831/1406 1442/832/1407
f 1440/816/1391 1188/833/1408 3224/831/1406
f 1188/833/1408 152/818/1393 1189/834/1409
f 1442/832/1407 1188/833/1408 153/835/1410
f 274/679/1254 3225/680/1255 1504/836/1411
f 1226/678/1253 182/837/1412 3225/680/1255
f 3226/838/1413 170/829/1404 1216/839/1414
f 246/840/1415 3226/838/1413 1443/841/1416
f 244/826/1401 1441/827/1402 1451/842/1417
f 3227/843/1418 153/835/1410 1190/844/1419
f 247/845/1420 3227/843/1418 1444/846/1421
f 1444/846/1421 1190/844/1419 154/847/1422
f 3228/848/1423 1493/695/1270 1319/708/1283
f 1494/694/1269 1493/695/1270 3228/848/1423
f 277/849/1424 3228/848/1423 3190/703/1278
f 276/693/1268 1494/694/1269 3228/848/1423
f 1445/850/1425 3229/851/1426 207/852/1427
f 248/853/1428 3229/851/1426 1445/850/1425
f 1446/854/1429 3230/855/1430 155/856/1431
f 249/857/1432 1444/846/1421 1446/854/1429
f 1444/846/1421 154/847/1422 3230/855/1430
f 3231/858/1433 3232/859/1434 1324/717/1292
f 279/860/1435 3231/858/1433 1324/717/1292
f 1498/707/1282 3232/859/1434 3231/858/1433
f 1324/717/1292 1246/861/1436 184/719/1294
f 1450/862/1437 248/853/1428 1447/863/1438
f 248/853/1428 1445/850/1425 1447/863/1438
f 1447/863/1438 3233/864/1439 172/865/1440
f 249/857/1432 1446/854/1429 1449/866/1441
f 1448/867/1442 1193/868/1443 1192/869/1444
f 280/729/1304 3234/870/1445 1331/727/1302
f 1501/714/1289 185/716/1291 3234/870/1445
f 3235/871/1446 3236/872/1447 1353/820/1395
f 250/873/1448 3235/871/1446 1353/820/1395
f 172/865/1440 1217/874/1449 3235/871/1446
f 1186/817/1392 3236/872/1447 151/875/1450
f 1353/820/1395 3236/872/1447 1186/817/1392
f 3237/876/1451 1195/877/1452 1194/878/1453
f 222/580/1155 3237/876/1451 3160/577/1152
f 251/879/1454 3237/876/1451 222/580/1155
f 1448/867/1442 1195/877/1452 3237/876/1451
f 3933/880/1455 2468/881/1456 784/882/1457
f 3928/883/1458 2470/884/1459 785/689/1264
f 3917/885/1460 2473/886/1461 786/735/1310
f 3978/887/1462 3238/888/1463 795/889/1464
f 795/889/1464 3238/888/1463 220/890/1465
f 787/891/1466 3915/892/1467 2474/893/1468
f 2983/754/1329 3974/894/1469 3239/895/1470
f 788/815/1390 3896/896/1471 2481/897/1472
f 2937/898/1473 207/852/1427 3240/899/1474
f 790/900/1475 2936/901/1476 2466/902/1477
f 3969/903/1478 2979/904/1479 1872/905/1480
f 2979/904/1479 1874/906/1481 1873/907/1482
f 2464/908/1483 1872/905/1480 1936/909/1484
f 3970/910/1485 2463/911/1486 1874/906/1481
f 3241/912/1487 2442/913/1488 2441/914/1489
f 2926/915/1490 2443/916/1491 2442/913/1488
f 411/917/1492 3241/912/1487 2698/918/1493
f 2451/919/1494 415/920/1495 2443/916/1491
f 2432/921/1496 2423/922/1497 2422/923/1498
f 2431/924/1499 3242/925/1500 2423/922/1497
f 415/920/1495 2422/923/1498 2669/926/1501
f 3242/925/1500 419/927/1502 2643/928/1503
f 3242/925/1500 2643/928/1503 2424/929/1504
f 2410/930/1505 2401/931/1506 696/932/1507
f 3243/933/1508 2402/934/1509 2401/931/1506
f 2409/935/1510 423/936/1511 2614/937/1512
f 2409/935/1510 2614/937/1512 2402/934/1509
f 3244/938/1513 2386/939/1514 692/940/1515
f 3245/941/1516 2387/942/1517 2386/939/1514
f 423/936/1511 3244/938/1513 2614/937/1512
f 773/943/1518 1973/944/1519 2387/942/1517
f 3246/945/1520 2373/946/1521 2812/947/1522
f 2377/948/1523 3247/949/1524 2373/946/1521
f 427/950/1525 3246/945/1520 1973/944/1519
f 3247/949/1524 685/951/1526 2374/952/1527
f 2363/953/1528 3248/954/1529 2358/955/1530
f 3248/954/1529 688/956/1531 2359/957/1532
f 431/958/1533 2358/955/1530 685/951/1526
f 3249/959/1534 2292/960/1535 688/956/1531
f 3250/961/1536 2341/962/1537 2811/963/1538
f 2348/964/1539 2342/965/1540 2341/962/1537
f 435/966/1541 3250/961/1536 2292/960/1535
f 2347/967/1542 439/968/1543 2342/965/1540
f 2324/969/1544 2330/970/1545 2325/971/1546
f 2330/970/1545 2326/972/1547 2325/971/1546
f 440/973/1548 3251/974/1549 2324/969/1544
f 3252/975/1550 2725/976/1551 2326/972/1547
f 2314/977/1552 2305/978/1553 2304/979/1554
f 2313/980/1555 2306/981/1556 2305/978/1553
f 779/982/1557 2304/979/1554 2725/976/1551
f 782/983/1558 446/984/1559 2306/981/1556
f 3253/985/1560 2285/986/1561 2808/987/1562
f 446/984/1559 2284/988/1563 702/989/1564
f 446/984/1559 2291/990/1565 2284/988/1563
f 2290/991/1566 2662/992/1567 2285/986/1561
f 3254/993/1568 2266/994/1569 2265/995/1570
f 2273/996/1571 2267/997/1572 2266/994/1569
f 450/998/1573 3254/993/1568 2662/992/1567
f 2272/999/1574 2633/1000/1575 2267/997/1572
f 2253/1001/1576 3255/1002/1577 695/1003/1578
f 3255/1002/1577 2246/1004/1579 2245/1005/1580
f 454/1006/1581 695/1003/1578 2633/1000/1575
f 2252/1007/1582 458/1008/1583 2246/1004/1579
f 2233/1009/1584 2813/1010/1585 2223/1011/1586
f 2232/1012/1587 2224/1013/1588 2813/1010/1585
f 458/1008/1583 2223/1011/1586 679/1014/1589
f 2231/1015/1590 2032/1016/1591 2224/1013/1588
f 3256/1017/1592 2204/1018/1593 683/1019/1594
f 2931/1020/1595 2205/1021/1596 2204/1018/1593
f 462/1022/1597 3256/1017/1592 2032/1016/1591
f 2210/1023/1598 686/1024/1599 2205/1021/1596
f 2192/1025/1600 3257/1026/1601 2184/1027/1602
f 3257/1026/1601 2186/1028/1603 2185/1029/1604
f 466/1030/1605 2184/1027/1602 686/1024/1599
f 2191/1031/1606 470/1032/1607 2186/1028/1603
f 776/1033/1608 2164/1034/1609 2163/1035/1610
f 2170/1036/1611 2165/1037/1612 2164/1034/1609
f 470/1032/1607 2163/1035/1610 689/1038/1613
f 2169/1039/1614 2303/1040/1615 2165/1037/1612
f 3258/1041/1616 2146/1042/1617 2145/1043/1618
f 2153/1044/1619 2147/1045/1620 2146/1042/1617
f 2303/1040/1615 2145/1043/1618 474/1046/1621
f 783/1047/1622 2711/1048/1623 2147/1045/1620
f 3259/1049/1624 2125/1050/1625 704/1051/1626
f 2134/1052/1627 2126/1053/1628 2125/1050/1625
f 477/1054/1629 3259/1049/1624 2711/1048/1623
f 3260/1055/1630 2105/1056/1631 2104/1057/1632
f 2927/1058/1633 2106/1059/1634 2105/1056/1631
f 481/1060/1635 2104/1057/1632 701/1061/1636
f 2112/1062/1637 485/1063/1638 2106/1059/1634
f 2092/1064/1639 2084/1065/1640 2083/1066/1641
f 2091/1067/1642 2085/1068/1643 2084/1065/1640
f 485/1063/1638 2083/1066/1641 698/1069/1644
f 2090/1070/1645 694/1071/1646 2085/1068/1643
f 2070/1072/1647 2059/1073/1648 2058/1074/1649
f 2069/1075/1650 2060/1076/1651 2059/1073/1648
f 489/1077/1652 2058/1074/1649 694/1071/1646
f 2068/1078/1653 1918/1079/1654 2060/1076/1651
f 3261/1080/1655 2038/1081/1656 680/1082/1657
f 2932/1083/1658 2039/1084/1659 2038/1081/1656
f 2932/1083/1658 2044/1085/1660 2039/1084/1659
f 493/1086/1661 3261/1080/1655 1918/1079/1654
f 774/1087/1662 3262/1088/1663 2021/1089/1664
f 3262/1088/1663 2023/1090/1665 2022/1091/1666
f 497/1092/1667 2021/1089/1664 684/1093/1668
f 2930/1094/1669 501/1095/1670 2023/1090/1665
f 775/1096/1671 3263/1097/1672 2002/1098/1673
f 3263/1097/1672 2004/1099/1674 2003/1100/1675
f 501/1095/1670 2002/1098/1673 2227/1101/1676
f 778/1102/1677 691/1103/1678 2004/1099/1674
f 3264/1104/1679 1984/1105/1680 1983/1106/1681
f 3265/1107/1682 1985/1108/1683 1984/1105/1680
f 2929/1109/1684 3264/1104/1679 691/1103/1678
f 777/1110/1685 2480/1111/1686 1985/1108/1683
f 3266/1112/1687 1965/1113/1688 1964/1114/1689
f 2925/1115/1690 1966/1116/1691 1965/1113/1688
f 2364/1117/1692 3266/1112/1687 2480/1111/1686
f 1972/1118/1693 2699/1119/1694 1966/1116/1691
f 1953/1120/1695 3267/1121/1696 1947/1122/1697
f 3267/1121/1696 1949/1123/1698 1948/1124/1699
f 508/1125/1700 1947/1122/1697 2699/1119/1694
f 781/1126/1701 700/1127/1702 1949/1123/1698
f 1935/1128/1703 3268/1129/1704 1925/1130/1705
f 3268/1129/1704 1927/1131/1706 1926/1132/1707
f 512/1133/1708 1925/1130/1705 700/1127/1702
f 1934/1134/1709 516/1135/1710 1927/1131/1706
f 1912/1136/1711 3269/1137/1712 1905/1138/1713
f 3269/1137/1712 1906/1139/1714 2810/1140/1715
f 516/1135/1710 1905/1138/1713 697/1141/1716
f 1911/1142/1717 520/1143/1718 1906/1139/1714
f 3270/1144/1719 1886/1145/1720 1885/1146/1721
f 1895/1147/1722 3271/1148/1723 1886/1145/1720
f 520/1143/1718 1885/1146/1721 693/1149/1724
f 3271/1148/1723 1991/1150/1725 1887/1151/1726
f 3239/895/1470 2449/1152/1727 2448/1153/1728
f 3974/894/1469 3975/1154/1729 2449/1152/1727
f 2958/1155/1730 3239/895/1470 2707/1156/1731
f 3975/1154/1729 2677/1157/1732 2450/1158/1733
f 1502/1159/1734 1326/1160/1735 1458/1161/1736
f 1458/1161/1736 1325/1162/1737 1503/1163/1738
f 1108/482/1057 1502/1159/1734 147/483/1058
f 1503/1163/1738 3234/870/1445 280/729/1304
f 1321/1164/1739 1499/1165/1740 1327/1166/1741
f 146/478/1053 1321/1164/1739 1327/1166/1741
f 1320/1167/1742 278/706/1281 1500/1168/1743
f 1500/1168/1743 278/706/1281 279/860/1435
f 1495/1169/1744 1316/1170/1745 1496/1171/1746
f 144/560/1135 1495/1169/1744 145/1172/1747
f 1320/1167/1742 3228/848/1423 277/849/1424
f 1496/1171/1746 3282/1173/1748 1320/1167/1742
f 1313/1174/1749 1504/836/1411 1492/1175/1750
f 1492/1175/1750 1504/836/1411 275/1176/1751
f 1491/1177/1752 3283/1178/1753 1316/1170/1745
f 1488/1179/1754 1308/1180/1755 1489/1181/1756
f 1307/1182/1757 1505/823/1398 1490/1183/1758
f 1490/1183/1758 1505/823/1398 273/681/1256
f 1488/1179/1754 1303/1184/1759 1485/1185/1760
f 141/546/1121 1304/1186/1761 1488/1179/1754
f 1302/1187/1762 1506/807/1382 1486/1188/1763
f 1486/1188/1763 1506/807/1382 271/810/1385
f 1293/1189/1764 1483/1190/1765 1482/1191/1766
f 140/532/1107 1304/1186/1761 1110/545/1120
f 1294/1192/1767 1293/1189/1764 1304/1186/1761
f 1292/1193/1768 3216/794/1369 1483/1190/1765
f 1483/1190/1765 3216/794/1369 269/660/1235
f 1294/1192/1767 1288/1194/1769 1476/1195/1770
f 1288/1194/1769 1477/1196/1771 1476/1195/1770
f 1289/1197/1772 1288/1194/1769 1294/1192/1767
f 1287/1198/1773 264/624/1199 1477/1196/1771
f 1477/1196/1771 264/624/1199 265/640/1215
f 1467/1199/1774 1300/1200/1775 1468/1201/1776
f 3284/1202/1777 268/648/1223 1507/780/1355
f 3289/1203/1778 1507/780/1355 258/1204/1779
f 1468/1201/1776 3284/1202/1777 3289/1203/1778
f 138/1205/1780 1279/1206/1781 1289/1197/1772
f 137/515/1090 1279/1206/1781 138/1205/1780
f 1473/1207/1782 1278/1208/1783 1474/1209/1784
f 1278/1208/1783 260/608/1183 1474/1209/1784
f 1474/1209/1784 1508/771/1346 263/1210/1785
f 1279/1206/1781 1271/1211/1786 1469/1212/1787
f 137/515/1090 1272/1213/1788 1279/1206/1781
f 1278/1208/1783 3206/760/1335 259/605/1180
f 1469/1212/1787 3285/1214/1789 1278/1208/1783
f 1479/1215/1790 1284/1216/1791 1480/1217/1792
f 1285/1218/1793 1284/1216/1791 1479/1215/1790
f 1283/1219/1794 262/620/1195 1481/1220/1795
f 1481/1220/1795 262/620/1195 267/752/1327
f 1267/1221/1796 1266/1222/1797 1472/1223/1798
f 1111/499/1074 1285/1218/1793 1109/521/1096
f 1268/1224/1799 1267/1221/1796 1285/1218/1793
f 1266/1222/1797 261/745/1320 3288/1225/1800
f 1472/1223/1798 1266/1222/1797 3288/1225/1800
f 1462/1226/1801 1256/1227/1802 1463/1228/1803
f 1257/1229/1804 1256/1227/1802 1462/1226/1801
f 148/489/1064 1258/1230/1805 1268/1224/1799
f 1503/1163/1738 280/729/1304 252/730/1305
f 1458/1161/1736 1503/1163/1738 3290/1231/1806
f 1499/1165/1740 3286/1232/1807 1326/1160/1735
f 146/478/1053 1327/1166/1741 1108/482/1057
f 1500/1168/1743 279/860/1435 3286/1232/1807
f 1325/1162/1737 1509/718/1293 3234/870/1445
f 1326/1160/1735 3286/1232/1807 1325/1162/1737
f 145/1172/1747 1495/1169/1744 1321/1164/1739
f 1320/1167/1742 277/849/1424 278/706/1281
f 1321/1164/1739 1496/1171/1746 1499/1165/1740
f 144/560/1135 1491/1177/1752 1495/1169/1744
f 143/558/1133 1491/1177/1752 144/560/1135
f 1492/1175/1750 275/1176/1751 3287/1233/1808
f 3287/1233/1808 275/1176/1751 276/693/1268
f 1316/1170/1745 3287/1233/1808 3282/1173/1748
f 1488/1179/1754 1489/1181/1756 1491/1177/1752
f 1490/1183/1758 274/679/1254 1313/1174/1749
f 1491/1177/1752 1489/1181/1756 3283/1178/1753
f 141/546/1121 1488/1179/1754 1107/567/1142
f 1486/1188/1763 271/810/1385 1307/1182/1757
f 1488/1179/1754 1485/1185/1760 1308/1180/1755
f 1482/1191/1766 1302/1187/1762 1303/1184/1759
f 1483/1190/1765 270/658/1233 1302/1187/1762
f 1467/1199/1774 1480/1217/1792 1300/1200/1775
f 1479/1215/1790 1480/1217/1792 1467/1199/1774
f 149/522/1097 1467/1199/1774 150/565/1140
f 1481/1220/1795 267/752/1327 1299/1234/1809
f 1476/1195/1770 1292/1193/1768 1293/1189/1764
f 1477/1196/1771 265/640/1215 1292/1193/1768
f 1292/1193/1768 265/640/1215 266/641/1216
f 1465/1235/1810 1261/1236/1811 1466/1237/1812
f 1262/1238/1813 1261/1236/1811 1465/1235/1810
f 138/1205/1780 1289/1197/1772 139/566/1141
f 1473/1207/1782 1287/1198/1773 1288/1194/1769
f 1474/1209/1784 263/1210/1785 1287/1198/1773
f 1287/1198/1773 263/1210/1785 264/624/1199
f 1285/1218/1793 1472/1223/1798 1284/1216/1791
f 1283/1219/1794 261/745/1320 262/620/1195
f 1284/1216/1791 3288/1225/1800 1283/1219/1794
f 1279/1206/1781 1469/1212/1787 1473/1207/1782
f 150/565/1140 1459/1239/1814 1112/509/1084
f 1467/1199/1774 1468/1201/1776 1459/1239/1814
f 1460/1240/1815 258/1204/1779 254/1241/1816
f 1468/1201/1776 3289/1203/1778 1460/1240/1815
f 1464/1242/1817 1271/1211/1786 1272/1213/1788
f 1465/1235/1810 1466/1237/1812 1271/1211/1786
f 1271/1211/1786 1466/1237/1812 3285/1214/1789
f 1462/1226/1801 1463/1228/1803 1267/1221/1796
f 148/489/1064 1268/1224/1799 1111/499/1074
f 1266/1222/1797 1511/1243/1818 257/587/1162
f 1459/1239/1814 1262/1238/1813 1464/1242/1817
f 1262/1238/1813 1460/1240/1815 1261/1236/1811
f 1112/509/1084 1464/1242/1817 135/527/1102
f 1261/1236/1811 254/1241/1816 255/636/1211
f 1502/1159/1734 1257/1229/1804 1258/1230/1805
f 1458/1161/1736 3290/1231/1806 1257/1229/1804
f 3290/1231/1806 252/730/1305 3157/573/1148
f 1256/1227/1802 3157/573/1148 253/569/1144
f 1257/1229/1804 3290/1231/1806 1256/1227/1802
f 3291/1244/1819 2453/1245/1820 2452/1246/1821
f 3292/1247/1822 733/1248/1823 2453/1245/1820
f 2020/1249/1824 2452/1246/1821 407/1250/1825
f 3293/1251/1826 2686/1252/1827 733/1248/1823
f 3294/1253/1828 3892/1254/1829 1189/834/1409
f 3295/1255/1830 2942/1256/1831 3892/1254/1829
f 2082/1257/1832 3294/1253/1828 2462/1258/1833
f 3296/1259/1834 193/1260/1835 2942/1256/1831
f 3297/1261/1836 2458/1262/1837 2457/1263/1838
f 3298/1264/1839 703/1265/1840 2458/1262/1837
f 1904/1266/1841 2457/1263/1838 409/1267/1842
f 3299/1268/1843 2698/918/1493 703/1265/1840
f 1254/654/1229 2460/1269/1844 2459/1270/1845
f 3991/1271/1846 2461/1272/1847 2460/1269/1844
f 2463/911/1486 2459/1270/1845 410/1273/1848
f 2995/1274/1849 2707/1156/1731 2461/1272/1847
f 3301/1275/1850 1692/1276/1851 3302/1277/1852
f 405/1278/1853 3300/1279/1854 1413/1280/1855
f 404/1281/1856 3301/1275/1850 405/1278/1853
f 3302/1277/1852 403/1282/1857 1690/1283/1858
f 3302/1277/1852 406/1284/1859 1412/1285/1860
f 3300/1279/1854 1412/1285/1860 1413/1280/1855
f 3303/1286/1861 3878/1287/1862 3879/1288/1863
f 1879/1289/1864 3304/1290/1865 3878/1287/1862
f 523/1291/1866 3879/1288/1863 208/1292/1867
f 3304/1290/1865 789/1293/1868 3877/1294/1869
f 1883/1295/1870 1877/1296/1871 1876/1297/1872
f 1882/1298/1873 3305/1299/1874 1877/1296/1871
f 522/1300/1875 1876/1297/1872 714/1301/1876
f 3305/1299/1874 2113/1302/1877 1878/1303/1878
f 1889/1304/1879 1881/1305/1880 1880/1306/1881
f 1888/1307/1882 3306/1308/1883 1881/1305/1880
f 521/1309/1884 1880/1306/1881 705/1310/1885
f 3306/1308/1883 2045/1311/1886 3864/1312/1887
f 3942/1313/1888 1893/1314/1889 1892/1315/1890
f 3943/1316/1891 1894/1317/1892 1893/1314/1889
f 2965/1318/1893 1892/1315/1890 665/1319/1894
f 3944/1320/1895 2464/908/1483 1894/1317/1892
f 747/1321/1896 3307/1322/1897 3240/899/1474
f 3307/1322/1897 3882/1323/1898 3883/1324/1899
f 519/1325/1900 3240/899/1474 207/852/1427
f 1899/1326/1901 523/1291/1866 3882/1323/1898
f 758/1327/1902 3308/1328/1903 1897/1329/1904
f 3308/1328/1903 1898/1330/1905 2890/1331/1906
f 518/1332/1907 1897/1329/1904 727/1333/1908
f 1903/1334/1909 522/1300/1875 1898/1330/1905
f 3309/1335/1910 1901/1336/1911 1900/1337/1912
f 3310/1338/1913 1902/1339/1914 1901/1336/1911
f 517/1340/1915 1900/1337/1912 710/1341/1916
f 1907/1342/1917 521/1309/1884 1902/1339/1914
f 3949/1343/1918 2772/1344/1919 1909/1345/1920
f 2969/1346/1921 1910/1347/1922 2772/1344/1919
f 791/1348/1923 1909/1345/1920 669/1349/1924
f 3950/1350/1925 2965/1318/1893 1910/1347/1922
f 1917/1351/1926 3311/1352/1927 3888/1353/1928
f 3311/1352/1927 3886/1354/1929 3887/1355/1930
f 515/1356/1931 3888/1353/1928 2483/1357/1932
f 1916/1358/1933 519/1325/1900 3886/1354/1929
f 1923/1359/1934 3312/1360/1935 1914/1361/1936
f 3312/1360/1935 1915/1362/1937 2885/1363/1938
f 514/1364/1939 1914/1361/1936 730/1365/1940
f 1922/1366/1941 518/1332/1907 1915/1362/1937
f 1929/1367/1942 3313/1368/1943 1919/1369/1944
f 3313/1368/1943 1921/1370/1945 1920/1371/1946
f 513/1372/1947 1919/1369/1944 712/1373/1948
f 1928/1374/1949 517/1340/1915 1921/1370/1945
f 3993/1375/1950 3994/1376/1951 1931/1377/1952
f 3994/1376/1951 1933/1378/1953 1932/1379/1954
f 209/1380/1955 1931/1377/1952 673/1381/1956
f 3995/1382/1957 791/1348/1923 1933/1378/1953
f 3314/1383/1958 2940/1384/1959 3891/1385/1960
f 1939/1386/1961 3315/1387/1962 2940/1384/1959
f 511/1388/1963 3314/1383/1958 2482/1389/1964
f 3315/1387/1962 2483/1357/1932 2941/1390/1965
f 1945/1391/1966 3316/1392/1967 734/1393/1968
f 3316/1392/1967 1938/1394/1969 1937/1395/1970
f 510/1396/1971 734/1393/1968 2687/1397/1972
f 1944/1398/1973 730/1365/1940 1938/1394/1969
f 1950/1399/1974 3317/1400/1975 1941/1401/1976
f 3317/1400/1975 1943/1402/1977 1942/1403/1978
f 509/1404/1979 1941/1401/1976 2845/1405/1980
f 2916/1406/1981 712/1373/1948 1943/1402/1977
f 3945/1407/1982 2968/1408/1983 1951/1409/1984
f 2968/1408/1983 1952/1410/1985 2769/1411/1986
f 2964/1412/1987 1951/1409/1984 2708/1413/1988
f 2967/1414/1989 209/1380/1955 1952/1410/1985
f 3318/1415/1990 2943/1416/1991 3893/1417/1992
f 3319/1418/1993 2944/1419/1994 2943/1416/1991
f 507/1420/1995 3318/1415/1990 2481/897/1472
f 3320/1421/1996 2482/1389/1964 2944/1419/1994
f 3321/1422/1997 1955/1423/1998 736/1424/1999
f 2908/1425/2000 1956/1426/2001 1955/1423/1998
f 506/1427/2002 3321/1422/1997 2719/1428/2003
f 1961/1429/2004 2687/1397/1972 1956/1426/2001
f 3322/1430/2005 1959/1431/2006 1958/1432/2007
f 1967/1433/2008 3323/1434/2009 1959/1431/2006
f 2411/1435/2010 3322/1430/2005 2726/1436/2011
f 3323/1434/2009 2845/1405/1980 1960/1437/2012
f 3973/1438/2013 1970/1439/2014 1969/1440/2015
f 2982/1441/2016 1971/1442/2017 1970/1439/2014
f 210/1443/2018 3973/1438/2013 2479/1444/2019
f 2981/1445/2020 2708/1413/1988 1971/1442/2017
f 1976/1446/2021 3324/1447/2022 3897/1448/2023
f 3324/1447/2022 3896/896/1471 2946/1449/2024
f 743/1450/2025 3897/1448/2023 2478/1451/2026
f 2896/1452/2027 2481/897/1472 3896/896/1471
f 3325/1453/2028 2883/1454/2029 1974/1455/2030
f 3326/1456/2031 1975/1457/2032 2883/1454/2029
f 755/1458/2033 3325/1453/2028 2477/1459/2034
f 761/1460/2035 2719/1428/2003 1975/1457/2032
f 3327/1461/2036 1980/1462/2037 1979/1463/2038
f 3328/1464/2039 1981/1465/2040 1980/1462/2037
f 505/1466/2041 3327/1461/2036 2476/1467/2042
f 1986/1468/2043 2726/1436/2011 1981/1465/2040
f 3940/1469/2044 1989/1470/2045 1988/1471/2046
f 2966/1472/2047 3941/1473/2048 1989/1470/2045
f 797/1474/2049 3940/1469/2044 662/1475/2050
f 3941/1473/2048 2479/1444/2019 1990/1476/2051
f 3329/1477/2052 3899/1478/2053 3900/1479/2054
f 3330/1480/2055 3898/1481/2056 3899/1478/2053
f 504/1482/2057 3900/1479/2054 206/1483/2058
f 1994/1484/2059 2478/1451/2026 3898/1481/2056
f 3331/1485/2060 1992/1486/2061 724/1487/2062
f 2000/1488/2063 1993/1489/2064 1992/1486/2061
f 503/1490/2065 3331/1485/2060 2340/1491/2066
f 1999/1492/2067 2477/1459/2034 1993/1489/2064
f 767/1493/2068 3332/1494/2069 1996/1495/2070
f 3332/1494/2069 1998/1496/2071 1997/1497/2072
f 502/1498/2073 1996/1495/2070 2283/1499/2074
f 3333/1500/2075 2476/1467/2042 1998/1496/2071
f 3971/1501/2076 2006/1502/2077 2005/1503/2078
f 2980/1504/2079 3972/1505/2080 2006/1502/2077
f 2956/1506/2081 3971/1501/2076 2198/1507/2082
f 3972/1505/2080 662/1475/2050 2007/1508/2083
f 3334/1509/2084 3902/1510/2085 3903/1511/2086
f 2013/1512/2087 3901/1513/2088 3902/1510/2085
f 500/1514/2089 3334/1509/2084 205/1515/2090
f 2012/1516/2091 504/1482/2057 3901/1513/2088
f 2019/1517/2092 3335/1518/2093 2009/1519/2094
f 3335/1518/2093 2011/1520/2095 2010/1521/2096
f 499/1522/2097 2009/1519/2094 721/1523/2098
f 2018/1524/2099 2340/1491/2066 2011/1520/2095
f 3336/1525/2100 2016/1526/2101 2015/1527/2102
f 3337/1528/2103 2017/1529/2104 2016/1526/2101
f 498/1530/2105 2015/1527/2102 2140/1531/2106
f 2918/1532/2107 502/1498/2073 2017/1529/2104
f 3996/1533/2108 2998/1534/2109 2025/1535/2110
f 2998/1534/2109 2027/1536/2111 2026/1537/2112
f 211/1538/2113 2025/1535/2110 655/1539/2114
f 3997/1540/2115 2198/1507/2082 2027/1536/2111
f 3338/1541/2116 3905/1542/2117 3906/1543/2118
f 3339/1544/2119 3904/1545/2120 3905/1542/2117
f 3339/1544/2119 2031/1546/2121 3904/1545/2120
f 496/1547/2122 3338/1541/2116 2475/1548/2123
f 3904/1545/2120 500/1514/2089 205/1515/2090
f 3340/1549/2124 2888/1550/2125 2029/1551/2126
f 3341/1552/2127 2030/1553/2128 2888/1550/2125
f 3341/1552/2127 2036/1554/2129 2030/1553/2128
f 495/1555/2130 3340/1549/2124 717/1556/2131
f 3342/1557/2132 2034/1558/2133 2033/1559/2134
f 3343/1560/2135 2035/1561/2136 2034/1558/2133
f 3343/1560/2135 2040/1562/2137 2035/1561/2136
f 494/1563/2138 3342/1557/2132 1957/1564/2139
f 3967/1565/2140 2978/1566/2141 2041/1567/2142
f 2978/1566/2141 2043/1568/2143 2042/1569/2144
f 2978/1566/2141 3968/1570/2145 2043/1568/2143
f 2957/1571/2146 2041/1567/2142 651/1572/2147
f 3344/1573/2148 3907/1574/2149 3908/1575/2150
f 3907/1574/2149 3345/1576/2151 2947/1577/2152
f 2049/1578/2153 3345/1576/2151 3907/1574/2149
f 492/1579/2154 3908/1575/2150 204/1580/2155
f 2056/1581/2156 2047/1582/2157 2046/1583/2158
f 2055/1584/2159 2048/1585/2160 2047/1582/2157
f 491/1586/2161 2046/1583/2158 1858/1587/2162
f 2054/1588/2163 717/1556/2131 2048/1585/2160
f 2063/1589/2164 2052/1590/2165 2051/1591/2166
f 2062/1592/2167 2053/1593/2168 2052/1590/2165
f 490/1594/2169 2051/1591/2166 3451/1595/2170
f 2061/1596/2171 1957/1564/2139 2053/1593/2168
f 3992/1597/2172 2066/1598/2173 2065/1599/2174
f 2066/1598/2173 2996/1600/2175 2067/1601/2176
f 2997/1602/2177 2996/1600/2175 2066/1598/2173
f 212/1603/2178 2065/1599/2174 2630/1604/2179
f 3346/1605/2180 3910/1606/2181 3911/1607/2182
f 2075/1608/2183 3909/1609/2184 3910/1606/2181
f 488/1610/2185 3911/1607/2182 203/1611/2186
f 2074/1612/2187 492/1579/2154 3909/1609/2184
f 2081/1613/2188 2072/1614/2189 728/1615/2190
f 2080/1616/2191 2073/1617/2192 2072/1614/2189
f 487/1618/2193 728/1615/2190 2637/1619/2194
f 2079/1620/2195 1858/1587/2162 2073/1617/2192
f 3347/1621/2196 2077/1622/2197 2076/1623/2198
f 2086/1624/2199 3348/1625/2200 2077/1622/2197
f 486/1626/2201 2076/1623/2198 3821/1627/2202
f 3348/1625/2200 3451/1595/2170 2078/1628/2203
f 3965/1629/2204 2088/1630/2205 2087/1631/2206
f 2977/1632/2207 3966/1633/2208 2088/1630/2205
f 2959/1634/2209 2087/1631/2206 670/1635/2210
f 3966/1633/2208 2630/1604/2179 2089/1636/2211
f 3349/1637/2212 3913/1638/2213 1207/756/1331
f 2097/1639/2214 3912/1640/2215 3913/1638/2213
f 484/1641/2216 1207/756/1331 202/1642/2217
f 2096/1643/2218 488/1610/2185 3912/1640/2215
f 3350/1644/2219 2094/1645/2220 2093/1646/2221
f 2102/1647/2222 2095/1648/2223 2094/1645/2220
f 483/1649/2224 2093/1646/2221 731/1650/2225
f 2101/1651/2226 487/1618/2193 2095/1648/2223
f 3351/1652/2227 2099/1653/2228 2098/1654/2229
f 2107/1655/2230 3352/1656/2231 2099/1653/2228
f 482/1657/2232 2098/1654/2229 2671/1658/2233
f 3352/1656/2231 3821/1627/2202 2100/1659/2234
f 3989/1660/2235 2110/1661/2236 2109/1662/2237
f 2994/1663/2238 2111/1664/2239 2110/1661/2236
f 213/1665/2240 2109/1662/2237 674/1666/2241
f 3990/1667/2242 2959/1634/2209 2111/1664/2239
f 3353/1668/2243 2948/1669/2244 3914/1670/2245
f 2117/1671/2246 2949/1672/2247 2948/1669/2244
f 480/1673/2248 3353/1668/2243 2474/893/1468
f 3354/1674/2249 2114/1675/2250 735/1676/2251
f 2123/1677/2252 2115/1678/2253 2114/1675/2250
f 479/1679/2254 3354/1674/2249 2693/1680/2255
f 3355/1681/2256 2120/1682/2257 2119/1683/2258
f 2128/1684/2259 2121/1685/2260 2120/1682/2257
f 478/1686/2261 3355/1681/2256 2702/1687/2262
f 2976/1688/2263 2131/1689/2264 2130/1690/2265
f 3964/1691/2266 2132/1692/2267 2131/1689/2264
f 2960/1693/2268 2976/1688/2263 2721/1694/2269
f 2139/1695/2270 3356/1696/2271 3916/1697/2272
f 3356/1696/2271 3915/892/1467 2950/1698/2273
f 476/1699/2274 3916/1697/2272 2473/886/1461
f 2138/1700/2275 2474/893/1468 3915/892/1467
f 3357/1701/2276 2136/1702/2277 2135/1703/2278
f 2907/1704/2279 2137/1705/2280 2136/1702/2277
f 757/1706/2281 3357/1701/2276 2728/1707/2282
f 2144/1708/2283 2693/1680/2255 2137/1705/2280
f 3358/1709/2284 2142/1710/2285 2141/1711/2286
f 3359/1712/2287 2143/1713/2288 2142/1710/2285
f 769/1714/2289 2141/1711/2286 475/1715/2290
f 2148/1716/2291 2702/1687/2262 2143/1713/2288
f 3987/1717/2292 2151/1718/2293 2150/1719/2294
f 2993/1720/2295 2152/1721/2296 2151/1718/2293
f 214/671/1246 3987/1717/2292 2472/1722/2297
f 3988/1723/2298 2721/1694/2269 2152/1721/2296
f 3360/1724/2299 3918/1725/2300 3919/1726/2301
f 2157/1727/2302 3361/1728/2303 3918/1725/2300
f 742/1729/2304 3919/1726/2301 201/1730/2305
f 3361/1728/2303 2473/886/1461 3917/885/1460
f 2161/1731/2306 2882/1732/2307 2155/1733/2308
f 2160/1734/2309 3362/1735/2310 2882/1732/2307
f 472/1736/2311 2155/1733/2308 473/1737/2312
f 3362/1735/2310 2728/1707/2282 2156/1738/2313
f 2166/1739/2314 3363/1740/2315 2158/1741/2316
f 3363/1740/2315 2159/1742/2317 3863/1743/2318
f 471/1744/2319 2158/1741/2316 3492/1745/2320
f 3364/1746/2321 475/1715/2290 2159/1742/2317
f 3962/1747/2322 2974/1748/2323 2167/1749/2324
f 2974/1748/2323 661/1750/2325 2168/1751/2326
f 792/1752/2327 2167/1749/2324 660/1753/2328
f 3963/1754/2329 2472/1722/2297 661/1750/2325
f 3365/1755/2330 3921/1756/2331 3922/1757/2332
f 2175/1758/2333 3366/1759/2334 3921/1756/2331
f 469/1760/2335 3365/1755/2330 2471/1761/2336
f 3366/1759/2334 201/1730/2305 3920/1762/2337
f 2181/1763/2338 3367/1764/2339 2172/1765/2340
f 3367/1764/2339 2174/1766/2341 2173/1767/2342
f 468/1768/2343 2172/1765/2340 723/1769/2344
f 2180/1770/2345 472/1736/2311 2174/1766/2341
f 766/1771/2346 2178/1772/2347 708/1773/2348
f 3368/1774/2349 2179/1775/2350 2178/1772/2347
f 467/1776/2351 708/1773/2348 2215/1777/2352
f 2187/1778/2353 471/1744/2319 2179/1775/2350
f 3985/1779/2354 2992/1780/2355 2188/1781/2356
f 2992/1780/2355 2190/1782/2357 2189/1783/2358
f 215/1784/2359 2188/1781/2356 657/1785/2360
f 3986/1786/2361 660/1753/2328 2190/1782/2357
f 3369/1787/2362 3924/1788/2363 3925/1789/2364
f 2197/1790/2365 3370/1791/2366 3924/1788/2363
f 465/1792/2367 3925/1789/2364 200/1793/2368
f 3370/1791/2366 2471/1761/2336 3923/1794/2369
f 3371/1795/2370 2195/1796/2371 2194/1797/2372
f 2203/1798/2373 2196/1799/2374 2195/1796/2371
f 464/1800/2375 3371/1795/2370 2129/1801/2376
f 2202/1802/2377 723/1769/2344 2196/1799/2374
f 3372/1803/2378 2200/1804/2379 2199/1805/2380
f 3866/1806/2381 3373/1807/2382 2200/1804/2379
f 463/1808/2383 2199/1805/2380 707/1809/2384
f 3373/1807/2382 2215/1777/2352 2201/1810/2385
f 3960/1811/2386 2208/1812/2387 2207/1813/2388
f 2973/1814/2389 2209/1815/2390 2208/1812/2387
f 793/1816/2391 3960/1811/2386 1987/1817/2392
f 3961/1818/2393 215/1784/2359 2209/1815/2390
f 2214/1819/2394 3374/1820/2395 3927/1821/2396
f 3374/1820/2395 2951/1822/2397 3926/1823/2398
f 461/1824/2399 3927/1821/2396 2470/884/1459
f 2213/1825/2400 465/1792/2367 2951/1822/2397
f 2221/1826/2401 2212/1827/2402 2211/1828/2403
f 2220/1829/2404 720/1830/2405 2212/1827/2402
f 460/1831/2406 2211/1828/2403 716/1832/2407
f 2219/1833/2408 2129/1801/2376 720/1830/2405
f 3375/1834/2409 2217/1835/2410 2216/1836/2411
f 2226/1837/2412 2218/1838/2413 2217/1835/2410
f 459/1839/2414 2216/1836/2411 3465/1840/2415
f 2225/1841/2416 463/1808/2383 2218/1838/2413
f 3984/1842/2417 2229/1843/2418 2228/1844/2419
f 2991/1845/2420 2230/1846/2421 2229/1843/2418
f 216/696/1271 2228/1844/2419 663/1847/2422
f 2990/1848/2423 1987/1817/2392 2230/1846/2421
f 3376/1849/2424 3929/1850/2425 3930/1851/2426
f 2238/1852/2427 3928/883/1458 3929/1850/2425
f 457/1853/2428 3376/1849/2424 2469/1854/2429
f 2237/1855/2430 2470/884/1459 3928/883/1458
f 2244/1856/2431 3377/1857/2432 726/1858/2433
f 3377/1857/2432 2236/1859/2434 2235/1860/2435
f 456/1861/2436 726/1858/2433 2621/1862/2437
f 2243/1863/2438 460/1831/2406 2236/1859/2434
f 2247/1864/2439 3378/1865/2440 2240/1866/2441
f 3378/1865/2440 2242/1867/2442 2241/1868/2443
f 455/1869/2444 2240/1866/2441 2626/1870/2445
f 3379/1871/2446 3465/1840/2415 2242/1867/2442
f 3958/1872/2447 2250/1873/2448 2249/1874/2449
f 2972/1875/2450 3959/1876/2451 2250/1873/2448
f 2961/1877/2452 2249/1874/2449 2642/1878/2453
f 3959/1876/2451 663/1847/2422 2251/1879/2454
f 3380/1880/2455 3931/1881/2456 3932/1882/2457
f 2258/1883/2458 2952/1884/2459 3931/1881/2456
f 453/1885/2460 3380/1880/2455 2468/881/1456
f 2257/1886/2461 2469/1854/2429 2952/1884/2459
f 3381/1887/2462 2255/1888/2463 2254/1889/2464
f 2264/1890/2465 2256/1891/2466 2255/1888/2463
f 452/1892/2467 3381/1887/2462 2649/1893/2468
f 2263/1894/2469 2621/1862/2437 2256/1891/2466
f 3382/1895/2470 2261/1896/2471 2260/1897/2472
f 2268/1898/2473 2262/1899/2474 2261/1896/2471
f 451/1900/2475 2260/1897/2472 2657/1901/2476
f 2914/1902/2477 2626/1870/2445 2262/1899/2474
f 3983/1903/2478 2989/1904/2479 2270/1905/2480
f 2989/1904/2479 2271/1906/2481 2771/1907/2482
f 217/1908/2483 2270/1905/2480 671/1909/2484
f 2988/1910/2485 2961/1877/2452 2271/1906/2481
f 3383/1911/2486 3934/1912/2487 3935/1913/2488
f 2277/1914/2489 3384/1915/2490 3934/1912/2487
f 449/1916/2491 3935/1913/2488 199/1917/2492
f 3384/1915/2490 2468/881/1456 3933/880/1455
f 3385/1918/2493 2884/1919/2494 2275/1920/2495
f 3386/1921/2496 2276/1922/2497 2884/1919/2494
f 448/1923/2498 2275/1920/2495 732/1924/2499
f 2282/1925/2500 2649/1893/2468 2276/1922/2497
f 3387/1926/2501 2280/1927/2502 2279/1928/2503
f 3388/1929/2504 2281/1930/2505 2280/1927/2502
f 447/1931/2506 2279/1928/2503 2685/1932/2507
f 2915/1933/2508 451/1900/2475 2281/1930/2505
f 3955/1934/2509 2288/1935/2510 2287/1936/2511
f 3956/1937/2512 2289/1938/2513 2288/1935/2510
f 794/1939/2514 3955/1934/2509 2697/1940/2515
f 3957/1941/2516 671/1909/2484 2289/1938/2513
f 3389/1942/2517 3937/1943/2518 2953/1944/2519
f 2297/1945/2520 3936/1946/2521 3937/1943/2518
f 445/1947/2522 2953/1944/2519 198/1948/2523
f 2296/1949/2524 449/1916/2491 3936/1946/2521
f 2302/1950/2525 2294/1951/2526 2293/1952/2527
f 2301/1953/2528 2295/1954/2529 2294/1951/2526
f 444/1955/2530 2293/1952/2527 2706/1956/2531
f 759/1957/2532 448/1923/2498 2295/1954/2529
f 3390/1958/2533 2299/1959/2534 2717/1960/2535
f 2308/1961/2536 2300/1962/2537 2299/1959/2534
f 443/1963/2538 3390/1958/2533 2718/1964/2539
f 2307/1965/2540 447/1931/2506 2300/1962/2537
f 2987/1966/2541 2311/1967/2542 2310/1968/2543
f 3982/1969/2544 2312/1970/2545 2311/1967/2542
f 218/1971/2546 2310/1968/2543 2731/1972/2547
f 2986/1973/2548 2697/1940/2515 2312/1970/2545
f 3939/1974/2549 2318/1975/2550 3938/1976/2551
f 2318/1975/2550 2954/1977/2552 3938/1976/2551
f 2933/1978/2553 3391/1979/2554 3939/1974/2549
f 3392/1980/2555 198/1948/2523 2954/1977/2552
f 2315/1981/2556 2323/1982/2557 2316/1983/2558
f 2323/1982/2557 2317/1984/2559 2316/1983/2558
f 442/1985/2560 3393/1986/2561 2315/1981/2556
f 3394/1987/2562 2706/1956/2531 2317/1984/2559
f 2321/1988/2563 770/1989/2564 713/1990/2565
f 770/1989/2564 2322/1991/2566 713/1990/2565
f 441/1992/2567 3395/1993/2568 2321/1988/2563
f 3396/1994/2569 2718/1964/2539 2322/1991/2566
f 2467/1995/2570 3953/1996/2571 2766/1997/2572
f 2962/1998/2573 3953/1996/2571 2467/1995/2570
f 2971/1999/2574 2731/1972/2547 2329/2000/2575
f 3397/2001/2576 3868/2002/2577 3869/2003/2578
f 3398/2004/2579 3867/2005/2580 3868/2002/2577
f 3398/2004/2579 2334/2006/2581 3867/2005/2580
f 438/2007/2582 3869/2003/2578 197/2008/2583
f 2334/2006/2581 2378/2009/2584 3867/2005/2580
f 3399/2010/2585 2332/2011/2586 2886/2012/2587
f 2339/2013/2588 2333/2014/2589 2332/2011/2586
f 437/2015/2590 3399/2010/2585 725/2016/2591
f 2338/2017/2592 2331/2018/2593 2333/2014/2589
f 3400/2019/2594 2336/2020/2595 2335/2021/2596
f 2343/2022/2597 3401/2023/2598 2336/2020/2595
f 436/2024/2599 3400/2019/2594 2349/2025/2600
f 3401/2023/2598 441/1992/2567 2337/2026/2601
f 3979/2027/2602 2345/2028/2603 2773/2029/2604
f 3980/2030/2605 3981/2031/2606 2345/2028/2603
f 219/2032/2607 3979/2027/2602 2234/2033/2608
f 3981/2031/2606 2467/1995/2570 2346/2034/2609
f 3402/2035/2610 3871/2036/2611 2934/2037/2612
f 3403/2038/2613 3870/2039/2614 3871/2036/2611
f 3403/2038/2613 745/2040/2615 3870/2039/2614
f 434/2041/2616 2934/2037/2612 196/583/1158
f 745/2040/2615 438/2007/2582 3870/2039/2614
f 2357/2042/2617 3404/2043/2618 2350/2044/2619
f 3404/2043/2618 2352/2045/2620 2351/2046/2621
f 433/2047/2622 2350/2044/2619 722/2048/2623
f 3405/2049/2624 725/2016/2591 2352/2045/2620
f 2360/2050/2625 3406/2051/2626 2354/2052/2627
f 3406/2051/2626 2356/2053/2628 2355/2054/2629
f 432/2055/2630 2354/2052/2627 2171/2056/2631
f 3407/2057/2632 2349/2025/2600 2356/2053/2628
f 2970/2058/2633 2362/2059/2634 2774/2060/2635
f 3951/2061/2636 3952/2062/2637 2362/2059/2634
f 2963/2063/2638 2970/2058/2633 2103/2064/2639
f 3952/2062/2637 2234/2033/2608 659/2065/2640
f 2367/2066/2641 3408/2067/2642 2935/2068/2643
f 3408/2067/2642 3872/2069/2644 3873/2070/2645
f 430/2071/2646 2935/2068/2643 195/2072/2647
f 741/2073/2648 434/2041/2616 3872/2069/2644
f 3409/2074/2649 2365/2075/2650 2887/2076/2651
f 2372/2077/2652 3410/2078/2653 2365/2075/2650
f 429/2079/2654 2887/2076/2651 2057/2080/2655
f 3410/2078/2653 722/2048/2623 2366/2081/2656
f 3411/2082/2657 2370/2083/2658 2369/2084/2659
f 765/2085/2660 3412/2086/2661 2370/2083/2658
f 428/2087/2662 2369/2084/2659 2008/2088/2663
f 3412/2086/2661 2171/2056/2631 2371/2089/2664
f 3238/888/1463 2376/2090/2665 2775/2091/2666
f 3978/887/1462 2985/2092/2667 2376/2090/2665
f 220/890/1465 2775/2091/2666 1924/2093/2668
f 2985/2092/2667 2103/2064/2639 656/2094/2669
f 3413/2095/2670 3875/2096/2671 3876/2097/2672
f 2380/2098/2673 3414/2099/2674 3875/2096/2671
f 426/2100/2675 3413/2095/2670 2466/902/1477
f 3414/2099/2674 195/2072/2647 3874/2101/2676
f 3415/2102/2677 2379/2103/2678 715/2104/2679
f 2385/2105/2680 718/2106/2681 2379/2103/2678
f 425/2107/2682 3415/2102/2677 1884/2108/2683
f 2384/2109/2684 429/2079/2654 718/2106/2681
f 3416/2110/2685 2383/2111/2686 2382/2112/2687
f 3417/2113/2688 706/2114/2689 2383/2111/2686
f 424/2115/2690 3416/2110/2685 1861/2116/2691
f 2388/2117/2692 428/2087/2662 706/2114/2689
f 3946/2118/2693 2391/2119/2694 2390/2120/2695
f 3947/2121/2696 2392/2122/2697 2391/2119/2694
f 796/2123/2698 2390/2120/2695 664/2124/2699
f 3948/2125/2700 1924/2093/2668 2392/2122/2697
f 2395/2126/2701 3418/2127/2702 3881/2128/2703
f 3418/2127/2702 2936/901/1476 3880/2129/2704
f 2465/2130/2705 2395/2126/2701 3881/2128/2703
f 3419/2131/2706 2466/902/1477 2936/901/1476
f 2400/2132/2707 2889/2133/2708 2393/2134/2709
f 3420/2135/2710 2394/2136/2711 2889/2133/2708
f 2399/2137/2712 1884/2108/2683 2394/2136/2711
f 2404/2138/2713 2397/2139/2714 2634/2140/2715
f 3421/2141/2716 2398/2142/2717 2397/2139/2714
f 2403/2143/2718 1861/2116/2691 2398/2142/2717
f 3976/2144/2719 2407/2145/2720 2406/2146/2721
f 2407/2145/2720 2984/2147/2722 2408/2148/2723
f 2416/2149/2724 3885/2150/2725 2938/2151/2726
f 2415/2152/2727 3422/2153/2728 3885/2150/2725
f 418/2154/2729 2938/2151/2726 194/2155/2730
f 3422/2153/2728 422/2156/2731 2465/2130/2705
f 3422/2153/2728 2465/2130/2705 3884/2157/2732
f 2421/2158/2733 2413/2159/2734 2412/2160/2735
f 2420/2161/2736 3423/2162/2737 2413/2159/2734
f 417/2163/2738 2412/2160/2735 2658/2164/2739
f 3423/2162/2737 421/2165/2740 2627/2166/2741
f 3423/2162/2737 2627/2166/2741 2414/2167/2742
f 2426/2168/2743 2418/2169/2744 2417/2170/2745
f 2425/2171/2746 3424/2172/2747 2418/2169/2744
f 416/2173/2748 2417/2170/2745 2663/2174/2749
f 3424/2172/2747 420/2175/2750 2635/2176/2751
f 3424/2172/2747 2635/2176/2751 2419/2177/2752
f 2428/2178/2753 3998/2179/2754 2429/2180/2755
f 2429/2180/2755 3999/2181/2756 2430/2182/2757
f 221/2183/2758 2999/2184/2759 2677/1157/1732
f 3999/2181/2756 2955/2185/2760 2650/2186/2761
f 3999/2181/2756 2650/2186/2761 2430/2182/2757
f 3425/2187/2762 3890/2188/2763 2939/2189/2764
f 3426/2190/2765 3889/2191/2766 3890/2188/2763
f 414/2192/2767 2939/2189/2764 193/1260/1835
f 2898/2193/2768 418/2154/2729 3889/2191/2766
f 3427/2194/2769 2434/2195/2770 2433/2196/2771
f 2909/2197/2772 2435/2198/2773 2434/2195/2770
f 413/2199/2774 3427/2194/2769 2686/1252/1827
f 2440/2200/2775 417/2163/2738 2435/2198/2773
f 3428/2201/2776 2438/2202/2777 2437/2203/2778
f 2445/2204/2779 2439/2205/2780 2438/2202/2777
f 412/2206/2781 3428/2201/2776 2691/2207/2782
f 2444/2208/2783 416/2173/2748 2439/2205/2780
f 3429/2209/2784 2455/2210/2785 2454/2211/2786
f 3430/2212/2787 2456/2213/2788 2455/2210/2785
f 1963/2214/2789 2454/2211/2786 408/2215/2790
f 3431/2216/2791 2691/2207/2782 2456/2213/2788
f 3432/2217/2792 1859/2218/2793 719/2219/2794
f 3433/2220/2795 1860/2221/2796 1859/2218/2793
f 526/2222/2797 3432/2217/2792 2113/1302/1877
f 1865/2223/2798 2020/1249/1824 1860/2221/2796
f 3434/2224/2799 1863/2225/2800 1862/2226/2801
f 3435/2227/2802 1864/2228/2803 1863/2225/2800
f 525/2229/2804 3434/2224/2799 2045/1311/1886
f 1962/2230/2805 1963/2214/2789 1864/2228/2803
f 772/2231/2806 1869/2232/2807 1868/2233/2808
f 3436/2234/2809 1870/2235/2810 1869/2232/2807
f 524/2236/2811 772/2231/2806 1991/1150/1725
f 771/2237/2812 1904/1266/1841 1870/2235/2810
f 2868/2238/2813 1776/2239/2814 2867/2240/2815
f 2846/2241/2816 1613/2242/2817 1776/2239/2814
f 1613/2242/2817 318/2243/2818 1776/2239/2814
f 1776/2239/2814 310/2244/2819 2867/2240/2815
f 2919/2245/2820 2636/2246/2821 3437/2247/2822
f 2636/2246/2821 562/2248/2823 3437/2247/2822
f 562/2248/2823 1377/2249/2824 3437/2247/2822
f 3437/2247/2822 556/2250/2825 1548/2251/2826
f 3437/2247/2822 1548/2251/2826 3459/2252/2827
f 2815/2253/2828 2830/2254/2829 710/1341/1916
f 2830/2254/2829 387/2255/2830 1713/2256/2831
f 2830/2254/2829 1713/2256/2831 379/2257/2832
f 2829/2258/2833 2559/2259/2834 2828/2260/2835
f 2398/2142/2717 3814/2261/2836 2419/2177/2752
f 2382/2112/2687 2829/2258/2833 2398/2142/2717
f 2816/2262/2837 2559/2259/2834 2829/2258/2833
f 2559/2259/2834 3766/2263/2838 2828/2260/2835
f 695/1003/1578 2794/2264/2839 3813/2265/2840
f 679/1014/1589 2794/2264/2839 695/1003/1578
f 2777/2266/2841 557/2267/2842 1833/2268/2843
f 2794/2264/2839 1833/2268/2843 563/2269/2844
f 1866/2270/2845 1775/2271/2846 1867/2272/2847
f 2070/1072/1647 1866/2270/2845 2068/1078/1653
f 1867/2272/2847 1775/2271/2846 1774/2273/2848
f 523/1291/1866 3438/2274/2849 1871/2275/2850
f 747/1321/1896 2632/2276/2851 3438/2274/2849
f 2632/2276/2851 1671/2277/2852 3438/2274/2849
f 1671/2277/2852 1670/2278/2853 3438/2274/2849
f 3438/2274/2849 390/2279/2854 1871/2275/2850
f 2631/2280/2855 3439/2281/2856 1875/2282/2857
f 3439/2281/2856 621/2283/2858 1875/2282/2857
f 3440/2284/2859 320/2285/2860 1607/2286/2861
f 2067/1601/2176 3440/2284/2859 666/2287/2862
f 2067/1601/2176 2732/2288/2863 3440/2284/2859
f 2628/2289/2864 1891/2290/2865 1890/2291/2866
f 460/1831/2406 2628/2289/2864 1890/2291/2866
f 2628/2289/2864 2629/2292/2867 1543/2293/2868
f 1543/2293/2868 554/2294/2869 1891/2290/2865
f 3441/2295/2870 389/2296/2871 1712/2297/2872
f 2866/2298/2873 1712/2297/2872 381/2299/2874
f 2890/1331/1906 3441/2295/2870 3807/2300/2875
f 2865/2301/2876 2555/2302/2877 2864/2303/2878
f 2889/2133/2708 2865/2301/2876 2414/2167/2742
f 2889/2133/2708 2849/2304/2879 2865/2301/2876
f 715/2104/2679 2849/2304/2879 2889/2133/2708
f 2555/2302/2877 3762/2305/2880 2864/2303/2878
f 2240/1866/2441 2817/2306/2881 3442/2307/2882
f 3442/2307/2882 555/2308/2883 1832/2309/2884
f 2827/2310/2885 1832/2309/2884 3693/2311/2886
f 2240/1866/2441 2827/2310/2885 2260/1897/2472
f 2625/2312/2887 1394/2313/2888 1896/2314/2889
f 2917/2315/2890 2625/2312/2887 3463/2316/2891
f 1394/2313/2888 323/2317/2892 1896/2314/2889
f 2625/2312/2887 1896/2314/2889 3463/2316/2891
f 1895/1147/1722 3466/2318/2893 772/2231/2806
f 1908/2319/2894 384/2320/2895 1711/2321/2896
f 1908/2319/2894 1711/2321/2896 394/2322/2897
f 3444/2323/2898 2624/2324/2899 2552/2325/2900
f 2624/2324/2899 627/2326/2901 2552/2325/2900
f 2552/2325/2900 619/2327/2902 1913/2328/2903
f 3444/2323/2898 2552/2325/2900 1913/2328/2903
f 2060/1076/1651 2792/2329/2904 694/1071/1646
f 2060/1076/1651 2778/2330/2905 2792/2329/2904
f 2778/2330/2905 322/2331/2906 1772/2332/2907
f 2792/2329/2904 1771/2333/2908 314/2334/2909
f 2902/2335/2910 3445/2336/2911 737/2337/2912
f 2902/2335/2910 2623/2338/2913 3445/2336/2911
f 1831/2339/2914 552/2340/2915 3445/2336/2911
f 3445/2336/2911 552/2340/2915 1930/2341/2916
f 3446/2342/2917 1674/2343/2918 1673/2344/2919
f 1893/1314/1889 2747/2345/2920 665/1319/1894
f 1893/1314/1889 2735/2346/2921 3446/2342/2917
f 3446/2342/2917 393/2347/2922 1674/2343/2918
f 652/2348/2923 2746/2349/2924 664/2124/2699
f 652/2348/2923 2734/2350/2925 3447/2351/2926
f 2734/2350/2925 2733/2352/2927 3447/2351/2926
f 3447/2351/2926 2551/2353/2928 2746/2349/2924
f 2850/2354/2929 1545/2355/2930 2863/2356/2931
f 2850/2354/2929 553/2357/2932 1545/2355/2930
f 716/1832/2407 2850/2354/2929 726/1858/2433
f 3448/2358/2933 1611/2359/2934 1946/2360/2935
f 491/1586/2161 2620/2361/2936 3448/2358/2933
f 2620/2361/2936 1611/2359/2934 3448/2358/2933
f 1946/2360/2935 1611/2359/2934 1610/2362/2937
f 3448/2358/2933 1946/2360/2935 495/1555/2130
f 1888/1307/1882 2618/2363/2938 3449/2364/2939
f 521/1309/1884 2618/2363/2938 1888/1307/1882
f 3449/2364/2939 386/2365/2940 1409/2366/2941
f 3449/2364/2939 398/2367/2942 1968/2368/2943
f 1888/1307/1882 3449/2364/2939 1968/2368/2943
f 2617/2369/2944 625/2370/2945 2548/2371/2946
f 3450/2372/2947 2548/2371/2946 617/2373/2948
f 3450/2372/2947 617/2373/2948 1954/2374/2949
f 3451/1595/2170 2826/2375/2950 2078/1628/2203
f 2615/2376/2951 1978/2377/2952 1977/2378/2953
f 2615/2376/2951 1379/2379/2954 1978/2377/2952
f 2233/1009/1584 1977/2378/2953 462/1022/1597
f 1978/2377/2952 1379/2379/2954 1378/2380/2955
f 682/2381/2956 3453/2382/2957 2791/2383/2958
f 682/2381/2956 2791/2383/2958 693/1149/1724
f 2781/2384/2959 1709/2385/2960 3453/2382/2957
f 3453/2382/2957 1708/2386/2961 2791/2383/2958
f 681/2387/2962 2780/2388/2963 692/940/1515
f 2780/2388/2963 626/2389/2964 3798/2390/2965
f 3454/2391/2966 1828/2392/2967 2745/2393/2968
f 654/2394/2969 3454/2391/2966 663/1847/2422
f 3454/2391/2966 2736/2395/2970 1829/2396/2971
f 496/1547/2122 3455/2397/2972 1982/2398/2973
f 492/1579/2154 2613/2399/2974 3455/2397/2972
f 2613/2399/2974 1769/2400/2975 3455/2397/2972
f 1768/2401/2976 327/2402/2977 1982/2398/2973
f 2612/2403/2978 1676/2404/2979 2024/2405/2980
f 1882/1298/1873 2024/2405/2980 754/2406/2981
f 1882/1298/1873 2612/2403/2978 2024/2405/2980
f 3456/2407/2982 615/2408/2983 2001/2409/2984
f 3456/2407/2982 623/2410/2985 615/2408/2983
f 2846/2241/2816 3457/2411/2986 1613/2242/2817
f 2046/1583/2158 2846/2241/2816 2073/1617/2192
f 2046/1583/2158 2851/2412/2987 2846/2241/2816
f 2815/2253/2828 3458/2413/2988 2814/2414/2989
f 401/2415/2990 1707/2416/2991 3458/2413/2988
f 3458/2413/2988 1706/2417/2992 2814/2414/2989
f 2382/2112/2687 2819/2418/2993 2816/2262/2837
f 706/2114/2689 2820/2419/2994 2382/2112/2687
f 2820/2419/2994 2819/2418/2993 2382/2112/2687
f 616/2420/2995 2543/2421/2996 2816/2262/2837
f 459/1839/2414 3459/2252/2827 2014/2422/2997
f 3459/2252/2827 1547/2423/2998 2014/2422/2997
f 3459/2252/2827 1548/2251/2826 1547/2423/2998
f 463/1808/2383 459/1839/2414 2176/2424/2999
f 1547/2423/2998 548/2425/3000 2014/2422/2997
f 459/1839/2414 2014/2422/2997 2176/2424/2999
f 1866/2270/2845 1396/2426/3001 2028/2427/3002
f 2932/1083/1658 2028/2427/3002 774/1087/1662
f 2028/2427/3002 1396/2426/3001 329/2428/3003
f 3460/2429/3004 549/2430/3005 1827/2431/3006
f 3460/2429/3004 557/2267/2842 2776/2432/3007
f 2813/1010/1585 2776/2432/3007 2777/2266/2841
f 1879/1289/1864 3479/2433/3008 739/2434/3009
f 1879/1289/1864 1871/2275/2850 3461/2435/3010
f 3461/2435/3010 390/2279/2854 1705/2436/3011
f 3461/2435/3010 406/1284/1859 3479/2433/3008
f 738/2437/3012 1875/2282/2857 3462/2438/3013
f 1875/2282/2857 621/2283/2858 2540/2439/3014
f 3462/2438/3013 2540/2439/3014 613/2440/3015
f 3462/2438/3013 613/2440/3015 2037/2441/3016
f 2737/2442/3017 1766/2443/3018 2732/2288/2863
f 651/1572/2147 2737/2442/3017 2732/2288/2863
f 2847/2444/3019 2854/2445/3020 1679/2446/3021
f 1878/1303/1878 2847/2444/3019 714/1301/1876
f 1878/1303/1878 2855/2447/3022 2847/2444/3019
f 2853/2448/3023 2848/2449/3024 2849/2304/2879
f 718/2106/2681 2849/2304/2879 715/2104/2679
f 2220/1829/2404 1890/2291/2866 2064/2450/3025
f 464/1800/2375 2220/1829/2404 3478/2451/3026
f 460/1831/2406 1890/2291/2866 2220/1829/2404
f 2064/2450/3025 554/2294/2869 1826/2452/3027
f 2220/1829/2404 2064/2450/3025 3478/2451/3026
f 3463/2316/2891 3464/2453/3028 764/2454/3029
f 3463/2316/2891 1896/2314/2889 3464/2453/3028
f 3464/2453/3028 323/2317/2892 1616/2455/3030
f 3464/2453/3028 331/2456/3031 2071/2457/3032
f 3465/1840/2415 2240/1866/2441 2242/1867/2442
f 3465/1840/2415 2817/2306/2881 2240/1866/2441
f 772/2231/2806 3466/2318/2893 771/2237/2812
f 1908/2319/2894 2920/2458/3033 3466/2318/2893
f 3466/2318/2893 2920/2458/3033 2712/2459/3034
f 431/958/1533 3467/2460/3035 3480/2461/3036
f 773/943/1518 3467/2460/3035 2377/948/1523
f 3467/2460/3035 611/2462/3037 3480/2461/3036
f 2783/2463/3038 3468/2464/3039 2778/2330/2905
f 680/1082/1657 2783/2463/3038 2778/2330/2905
f 3468/2464/3039 330/2465/3040 1765/2466/3041
f 3468/2464/3039 1765/2466/3041 322/2331/2906
f 3468/2464/3039 322/2331/2906 2778/2330/2905
f 2734/2350/2925 612/2467/3042 2534/2468/3043
f 656/2094/2669 2734/2350/2925 2775/2091/2666
f 612/2467/3042 2535/2469/3044 2534/2468/3043
f 2733/2352/2927 2534/2468/3043 620/2470/3045
f 3469/2471/3046 1930/2341/2916 1380/2472/3047
f 740/2473/3048 3469/2471/3046 2108/2474/3049
f 2901/2475/3050 737/2337/2912 3469/2471/3046
f 1380/2472/3047 544/2476/3051 2108/2474/3049
f 653/2477/3052 1874/906/1481 2735/2346/2921
f 1874/906/1481 1940/2478/3053 2735/2346/2921
f 2735/2346/2921 1681/2479/3054 393/2347/2922
f 495/1555/2130 3470/2480/3055 2124/2481/3056
f 2036/1554/2129 2124/2481/3056 499/1522/2097
f 495/1555/2130 1946/2360/2935 3470/2480/3055
f 3470/2480/3055 325/2482/3057 1764/2483/3058
f 2124/2481/3056 3470/2480/3055 333/2484/3059
f 720/1830/2405 2850/2354/2929 716/1832/2407
f 720/1830/2405 2857/2485/3060 2850/2354/2929
f 2856/2486/3061 545/2487/3062 3666/2488/3063
f 2856/2486/3061 1553/2489/3064 553/2357/2932
f 765/2085/2660 1954/2374/2949 3484/2490/3065
f 765/2085/2660 3450/2372/2947 1954/2374/2949
f 1954/2374/2949 609/2491/3066 3484/2490/3065
f 2822/2492/3067 1619/2493/3068 2818/2494/3069
f 2033/1559/2134 2035/1561/2136 2818/2494/3069
f 1619/2493/3068 324/2495/3070 3452/2496/3071
f 1968/2368/2943 398/2367/2942 1701/2497/3072
f 1968/2368/2943 395/2498/3073 2911/2499/3074
f 3471/2500/3075 610/2501/3076 2779/2502/3077
f 681/2387/2962 3471/2500/3075 2780/2388/2963
f 685/951/1526 3471/2500/3075 2812/947/1522
f 610/2501/3076 2531/2503/3078 2779/2502/3077
f 2779/2502/3077 2531/2503/3078 618/2504/3079
f 3471/2500/3075 2779/2502/3077 2780/2388/2963
f 1977/2378/2953 1554/2505/3080 2149/2506/3081
f 2931/1020/1595 2149/2506/3081 466/1030/1605
f 2149/2506/3081 1554/2505/3080 542/2507/3082
f 1982/2398/2973 1397/2508/3083 2154/2509/3084
f 2031/1546/2121 2154/2509/3084 500/1514/2089
f 496/1547/2122 2154/2509/3084 2031/1546/2121
f 2154/2509/3084 1397/2508/3083 335/2510/3085
f 2207/1813/2388 2736/2395/2970 654/2394/2969
f 1824/2511/3086 551/2512/3087 2736/2395/2970
f 1869/2232/2807 3472/2513/3088 682/2381/2956
f 409/1267/1842 1995/2514/3089 3472/2513/3088
f 1700/2515/3090 397/2516/3091 2781/2384/2959
f 752/2517/3092 2162/2518/3093 3486/2519/3094
f 752/2517/3092 2001/2409/2984 2162/2518/3093
f 433/2047/2622 752/2517/3092 3486/2519/3094
f 2162/2518/3093 2529/2520/3095 607/2521/3096
f 2858/2522/3097 3473/2523/3098 2851/2412/2987
f 2888/1550/2125 2851/2412/2987 717/1556/2131
f 2888/1550/2125 2858/2522/3097 2851/2412/2987
f 3473/2523/3098 334/2524/3099 1761/2525/3100
f 3473/2523/3098 326/2526/3101 3457/2411/2986
f 2823/2527/3102 608/2528/3103 2819/2418/2993
f 608/2528/3103 2528/2529/3104 2819/2418/2993
f 2819/2418/2993 2528/2529/3104 2527/2530/3105
f 2819/2418/2993 2527/2530/3105 616/2420/2995
f 2014/2422/2997 1823/2531/3106 2176/2424/2999
f 463/1808/2383 2176/2424/2999 766/1771/2346
f 1823/2531/3106 540/2532/3107 2177/2533/3108
f 2176/2424/2999 1823/2531/3106 2177/2533/3108
f 3474/2534/3109 402/2535/3110 1699/2536/3111
f 3474/2534/3109 399/2537/3112 2903/2538/3113
f 2028/2427/3002 329/2428/3003 2183/2539/3114
f 2930/1094/1669 2182/2540/3115 775/1096/1671
f 2930/1094/1669 2028/2427/3002 2182/2540/3115
f 329/2428/3003 1622/2541/3116 2183/2539/3114
f 683/1019/1594 2785/2542/3117 2782/2543/3118
f 1556/2544/3119 549/2430/3005 2782/2543/3118
f 3475/2545/3120 605/2546/3121 2193/2547/3122
f 741/2073/2648 3475/2545/3120 2193/2547/3122
f 738/2437/3012 3475/2545/3120 2367/2066/2641
f 3475/2545/3120 2037/2441/3016 2525/2548/3123
f 2026/1537/2112 3476/2549/3124 655/1539/2114
f 3476/2549/3124 336/2550/3125 1760/2551/3126
f 3476/2549/3124 328/2552/3127 2737/2442/3017
f 1863/2225/2800 3477/2553/3128 3864/1312/1887
f 1863/2225/2800 2050/2554/3129 3477/2553/3128
f 3477/2553/3128 400/2555/3130 1698/2556/3131
f 2853/2448/3023 606/2557/3132 2852/2558/3133
f 722/2048/2623 2853/2448/3023 2887/2076/2651
f 606/2557/3132 2524/2559/3134 2852/2558/3133
f 2852/2558/3133 2524/2559/3134 2523/2560/3135
f 2852/2558/3133 2523/2560/3135 614/2561/3136
f 2202/1802/2377 2206/2562/3137 468/1768/2343
f 3478/2451/3026 546/2563/3138 1381/2564/3139
f 2206/2562/3137 538/2565/3140 1564/2566/3141
f 3491/2567/3142 2071/2457/3032 1758/2568/3143
f 2918/1532/2107 3491/2567/3142 767/1493/2068
f 2918/1532/2107 764/2454/3029 3491/2567/3142
f 2071/2457/3032 331/2456/3031 1759/2569/3144
f 1821/2570/3145 547/2571/3146 2821/2572/3147
f 3479/2433/3008 1690/1283/1858 2891/2573/3148
f 1690/1283/1858 403/1282/1857 2891/2573/3148
f 3480/2461/3036 3481/2574/3149 2520/2575/3150
f 2363/953/1528 3480/2461/3036 2222/2576/3151
f 3480/2461/3036 611/2462/3037 3481/2574/3149
f 3481/2574/3149 611/2462/3037 2521/2577/3152
f 2022/1091/1666 3482/2578/3153 684/1093/1668
f 3482/2578/3153 338/2579/3154 1625/2580/3155
f 3482/2578/3153 330/2465/3040 2783/2463/3038
f 2741/2581/3156 2518/2582/3157 2738/2583/3158
f 2774/2060/2635 2738/2583/3158 656/2094/2669
f 659/2065/2640 2741/2581/3156 2774/2060/2635
f 2108/2474/3049 1558/2584/3159 2248/2585/3160
f 740/2473/3048 2248/2585/3160 469/1760/2335
f 740/2473/3048 2108/2474/3049 2248/2585/3160
f 2248/2585/3160 1558/2584/3159 536/2586/3161
f 2118/2587/3162 3483/2588/3163 2855/2447/3022
f 407/1250/1825 2118/2587/3162 2855/2447/3022
f 3483/2588/3163 404/1281/1856 405/1278/1853
f 3483/2588/3163 405/1278/1853 2854/2445/3020
f 2855/2447/3022 3483/2588/3163 2854/2445/3020
f 2124/2481/3056 2259/2589/3164 756/2590/3165
f 2124/2481/3056 333/2484/3059 1398/2591/3166
f 3335/1518/2093 2124/2481/3056 756/2590/3165
f 333/2484/3059 1399/2592/3167 1398/2591/3166
f 2857/2485/3060 1820/2593/3168 2856/2486/3061
f 2194/1797/2372 2857/2485/3060 720/1830/2405
f 1820/2593/3168 545/2487/3062 2856/2486/3061
f 3484/2490/3065 3485/2594/3169 2514/2595/3170
f 3407/2057/2632 3484/2490/3065 768/2596/3171
f 3484/2490/3065 609/2491/3066 3485/2594/3169
f 3485/2594/3169 609/2491/3066 2515/2597/3172
f 2035/1561/2136 2825/2598/3173 2822/2492/3067
f 2822/2492/3067 1755/2599/3174 1754/2600/3175
f 2359/957/1532 2784/2601/3176 685/951/1526
f 688/956/1531 2784/2601/3176 2359/957/1532
f 2788/2602/3177 2787/2603/3178 2784/2601/3176
f 2149/2506/3081 542/2507/3082 2309/2604/3179
f 2191/1031/1606 3500/2605/3180 776/1033/1608
f 542/2507/3082 1819/2606/3181 2309/2604/3179
f 2149/2506/3081 2309/2604/3179 3500/2605/3180
f 2319/2607/3182 335/2510/3085 2320/2608/3183
f 2013/1512/2087 2319/2607/3182 744/2609/3184
f 500/1514/2089 2154/2509/3084 2319/2607/3182
f 335/2510/3085 1628/2610/3185 2320/2608/3183
f 2189/1783/2358 2739/2611/3186 657/1785/2360
f 2743/2612/3187 2742/2613/3188 1561/2614/3189
f 2743/2612/3187 543/2615/3190 2739/2611/3186
f 3486/2519/3094 2510/2616/3191 2509/2617/3192
f 437/2015/2590 3486/2519/3094 3503/2618/3193
f 3486/2519/3094 2162/2518/3093 2510/2616/3191
f 2861/2619/3194 1753/2620/3195 2858/2522/3097
f 2010/1521/2096 2858/2522/3097 721/1523/2098
f 2861/2619/3194 342/2621/3196 1753/2620/3195
f 1753/2620/3195 334/2524/3099 3473/2523/3098
f 2356/2053/2628 2823/2527/3102 2820/2419/2994
f 709/2622/3197 3505/2623/3198 3487/2624/3199
f 3505/2623/3198 2508/2625/3200 3487/2624/3199
f 3487/2624/3199 2508/2625/3200 2507/2626/3201
f 766/1771/2346 2176/2424/2999 471/1744/2319
f 2176/2424/2999 2177/2533/3108 471/1744/2319
f 2177/2533/3108 540/2532/3107 1383/2627/3202
f 2177/2533/3108 1382/2628/3203 2361/2629/3204
f 2182/2540/3115 2368/2630/3205 778/1102/1677
f 2368/2630/3205 1751/2631/3206 345/2632/3207
f 775/1096/1671 2182/2540/3115 778/1102/1677
f 2182/2540/3115 2183/2539/3114 1751/2631/3206
f 3488/2633/3208 541/2634/3209 2785/2542/3117
f 2185/1029/1604 2785/2542/3117 686/1024/1599
f 3488/2633/3208 1815/2635/3210 541/2634/3209
f 2381/2636/3211 2504/2637/3212 2503/2638/3213
f 3403/2038/2613 2193/2547/3122 2381/2636/3211
f 2193/2547/3122 605/2546/3121 2504/2637/3212
f 658/2639/3214 3489/2640/3215 2740/2641/3216
f 3489/2640/3215 344/2642/3217 1630/2643/3218
f 3489/2640/3215 336/2550/3125 2740/2641/3216
f 2351/2046/2621 2859/2644/3219 722/2048/2623
f 725/2016/2591 2862/2645/3220 2351/2046/2621
f 2862/2645/3220 2502/2646/3221 2859/2644/3219
f 3490/2647/3222 2502/2646/3221 2501/2648/3223
f 2206/2562/3137 1564/2566/3141 1563/2649/3224
f 2180/1770/2345 2405/2650/3225 2910/2651/3226
f 3491/2567/3142 1400/2652/3227 347/2653/3228
f 767/1493/2068 3491/2567/3142 3327/1461/2036
f 3491/2567/3142 1758/2568/3143 1400/2652/3227
f 3493/2654/3229 539/2655/3230 2824/2656/3231
f 2348/964/1539 2222/2576/3151 2436/2657/3232
f 687/2658/3233 2790/2659/3234 2786/2660/3235
f 1748/2661/3236 338/2579/3154 2786/2660/3235
f 2773/2029/2604 2741/2581/3156 659/2065/2640
f 2346/2034/2609 3496/2662/3237 2773/2029/2604
f 2239/2663/3238 2497/2664/3239 3496/2662/3237
f 3495/2665/3240 2497/2664/3239 604/2666/3241
f 3495/2665/3240 604/2666/3241 2519/2667/3242
f 2741/2581/3156 3495/2665/3240 2519/2667/3242
f 3497/2668/3243 536/2586/3161 2892/2669/3244
f 2900/2670/3245 2893/2671/3246 742/1729/2304
f 2900/2670/3245 2248/2585/3160 3497/2668/3243
f 536/2586/3161 1812/2672/3247 2892/2669/3244
f 2904/2673/3248 1632/2674/3249 349/2675/3250
f 756/2590/3165 2904/2673/3248 755/1458/2033
f 2269/2676/3251 3498/2677/3252 2860/2678/3253
f 2173/1767/2342 2860/2678/3253 723/1769/2344
f 3498/2677/3252 529/2679/3254 1567/2680/3255
f 768/2596/3171 2278/2681/3256 2912/2682/3257
f 3499/2683/3258 348/2684/3259 1747/2685/3260
f 3499/2683/3258 340/2686/3261 1755/2599/3174
f 2298/2687/3262 2494/2688/3263 2788/2602/3177
f 2811/963/1538 2788/2602/3177 688/956/1531
f 2342/965/1540 2788/2602/3177 2811/963/1538
f 2298/2687/3262 1512/2689/3264 2494/2688/3263
f 1512/2689/3264 595/2690/3265 2494/2688/3263
f 2787/2603/3178 2494/2688/3263 602/2691/3266
f 2169/1039/1614 2921/2692/3267 3258/1041/1616
f 3500/2605/3180 2309/2604/3179 1384/2693/3268
f 744/2609/3184 3501/2694/3269 743/1450/2025
f 3501/2694/3269 2320/2608/3183 1746/2695/3270
f 3502/2696/3271 2327/2697/3272 1809/2698/3273
f 660/1753/2328 2742/2613/3188 2743/2612/3187
f 2168/1751/2326 3502/2696/3271 2742/2613/3188
f 1809/2698/3273 535/2699/3274 2742/2613/3188
f 2339/2013/2588 3503/2618/3193 2905/2700/3275
f 1634/2701/3276 342/2621/3196 2861/2619/3194
f 2337/2026/2601 2353/2702/3277 709/2622/3197
f 2353/2702/3277 1852/2703/3278 3505/2623/3198
f 1852/2703/3278 593/2704/3279 3505/2623/3198
f 3505/2623/3198 593/2704/3279 3733/2705/3280
f 3505/2623/3198 3733/2705/3280 600/2706/3281
f 3505/2623/3198 600/2706/3281 2508/2625/3200
f 769/1714/2289 2361/2629/3204 2913/2707/3282
f 1569/2708/3283 284/2709/3284 2913/2707/3282
f 2368/2630/3205 2922/2710/3285 2923/2711/3286
f 2929/1109/1684 2923/2711/3286 777/1110/1685
f 2922/2710/3285 1401/2712/3287 353/2713/3288
f 690/2714/3289 3506/2715/3290 2789/2716/3291
f 689/1038/1613 2789/2716/3291 3488/2633/3208
f 2163/1035/1610 690/2714/3289 2789/2716/3291
f 690/2714/3289 2375/2717/3292 3506/2715/3290
f 3506/2715/3290 283/2718/3293 1808/2719/3294
f 3506/2715/3290 1808/2719/3294 2789/2716/3291
f 2381/2636/3211 3508/2720/3295 3507/2721/3296
f 2334/2006/2581 3507/2721/3296 2895/2722/3297
f 3398/2004/2579 2381/2636/3211 3507/2721/3296
f 3508/2720/3295 2490/2723/3298 3507/2721/3296
f 2895/2722/3297 2490/2723/3298 590/2724/3299
f 3509/2725/3300 1744/2726/3301 1743/2727/3302
f 662/1475/2050 3509/2725/3300 2744/2728/3303
f 3509/2725/3300 2389/2729/3304 1744/2726/3301
f 2396/2730/3305 3510/2731/3306 2862/2645/3220
f 2886/2012/2587 2862/2645/3220 725/2016/2591
f 442/1985/2560 2396/2730/3305 2886/2012/2587
f 2396/2730/3305 1854/2732/3307 3510/2731/3306
f 1854/2732/3307 591/2733/3308 3510/2731/3306
f 3510/2731/3306 591/2733/3308 3729/2734/3309
f 3510/2731/3306 3729/2734/3309 599/2735/3310
f 3510/2731/3306 599/2735/3310 2502/2646/3221
f 2862/2645/3220 3510/2731/3306 2502/2646/3221
f 2910/2651/3226 2405/2650/3225 2906/2736/3311
f 2405/2650/3225 1807/2737/3312 2906/2736/3311
f 2910/2651/3226 2906/2736/3311 757/1706/2281
f 2405/2650/3225 1563/2649/3224 1807/2737/3312
f 3511/2738/3313 1637/2739/3314 3856/2740/3315
f 3512/2741/3316 1571/2742/3317 531/2743/3318
f 3512/2741/3316 285/2744/3319 1571/2742/3317
f 475/1715/2290 3512/2741/3316 3492/1745/2320
f 2427/2745/3320 285/2744/3319 3512/2741/3316
f 3512/2741/3316 531/2743/3318 3493/2654/3229
f 3512/2741/3316 3493/2654/3229 3492/1745/2320
f 2436/2657/3232 3513/2746/3321 2924/2747/3322
f 2488/2748/3323 588/2749/3324 3513/2746/3321
f 3513/2746/3321 588/2749/3324 1696/2750/3325
f 2924/2747/3322 3513/2746/3321 1696/2750/3325
f 3514/2751/3326 1742/2752/3327 1741/2753/3328
f 1984/1105/1680 3514/2751/3326 2790/2659/3234
f 2480/1111/1686 2446/2754/3329 3514/2751/3326
f 3514/2751/3326 2447/2755/3330 1742/2752/3327
f 3515/2756/3331 2945/2757/3332 3895/2758/3333
f 3516/2759/3334 3894/2760/3335 2945/2757/3332
f 527/2761/3336 3515/2756/3331 789/1293/1868
f 3517/2762/3337 2462/1258/1833 3894/2760/3335
f 1698/2556/3131 3518/2763/3338 3519/2764/3339
f 401/2415/2990 1698/2556/3131 1689/2765/3340
f 3519/2764/3339 399/2537/3112 1699/2536/3111
f 3519/2764/3339 402/2535/3110 1688/2766/3341
f 1698/2556/3131 1688/2766/3341 1689/2765/3340
f 3521/2767/3342 1701/2497/3072 3520/2768/3343
f 396/2769/3344 3520/2768/3343 1700/2515/3090
f 1701/2497/3072 398/2367/2942 1686/2770/3345
f 1687/2771/3346 1701/2497/3072 1686/2770/3345
f 3520/2768/3343 1687/2771/3346 397/2516/3091
f 1702/2772/3347 3524/2773/3348 3522/2774/3349
f 393/2347/2922 3522/2774/3349 1683/2775/3350
f 392/2776/3351 3522/2774/3349 1681/2479/3054
f 3524/2773/3348 391/2777/3352 394/2322/2897
f 3523/2778/3353 394/2322/2897 1682/2779/3354
f 1683/2775/3350 3523/2778/3353 1682/2779/3354
f 1413/1280/1855 3526/2780/3355 3525/2781/3356
f 1680/2782/3357 1413/1280/1855 3525/2781/3356
f 1412/1285/1860 1705/2436/3011 3526/2780/3355
f 3526/2780/3355 390/2279/2854 1704/2783/3358
f 3525/2781/3356 1704/2783/3358 389/2296/2871
f 1689/2765/3340 3527/2784/3359 1706/2417/2992
f 1707/2416/2991 1689/2765/3340 1706/2417/2992
f 1688/2766/3341 1676/2404/2979 3527/2784/3359
f 3527/2784/3359 388/2785/3360 1678/2786/3361
f 1706/2417/2992 1678/2786/3361 387/2255/2830
f 3528/2787/3362 1686/2770/3345 3529/2788/3363
f 1709/2385/2960 1687/2771/3346 3528/2787/3362
f 1709/2385/2960 397/2516/3091 1687/2771/3346
f 1686/2770/3345 1409/2366/2941 3529/2788/3363
f 3529/2788/3363 386/2365/2940 1675/2789/3364
f 3528/2787/3362 1675/2789/3364 385/2790/3365
f 3530/2791/3366 1682/2779/3354 3531/2792/3367
f 1674/2343/2918 1683/2775/3350 3530/2791/3366
f 1682/2779/3354 1711/2321/2896 3531/2792/3367
f 3531/2792/3367 384/2320/2895 1710/2793/3368
f 3530/2791/3366 1710/2793/3368 383/2794/3369
f 1712/2297/2872 3532/2795/3370 1672/2796/3371
f 389/2296/2871 3532/2795/3370 1712/2297/2872
f 3532/2795/3370 390/2279/2854 1670/2278/2853
f 1672/2796/3371 1670/2278/2853 1671/2277/2852
f 1672/2796/3371 1671/2277/2852 382/2797/3372
f 387/2255/2830 3533/2798/3373 1713/2256/2831
f 1678/2786/3361 1408/2799/3374 3533/2798/3373
f 1669/2800/3375 1408/2799/3374 380/2801/3376
f 379/2257/2832 3533/2798/3373 1669/2800/3375
f 3534/2802/3377 3535/2803/3378 1668/2804/3379
f 3535/2803/3378 1675/2789/3364 1716/2805/3380
f 1668/2804/3379 1714/2806/3381 377/2807/3382
f 1675/2789/3364 386/2365/2940 1715/2808/3383
f 1675/2789/3364 1715/2808/3383 1716/2805/3380
f 3535/2803/3378 378/2809/3384 1714/2806/3381
f 3536/2810/3385 3537/2811/3386 1667/2812/3387
f 3536/2810/3385 1710/2793/3368 3537/2811/3386
f 1717/2813/3388 1667/2812/3387 375/2814/3389
f 1710/2793/3368 384/2320/2895 1665/2815/3390
f 1710/2793/3368 1665/2815/3390 3537/2811/3386
f 3537/2811/3386 1665/2815/3390 1666/2816/3391
f 381/2299/2874 3538/2817/3392 1718/2818/3393
f 381/2299/2874 1672/2796/3371 3538/2817/3392
f 3538/2817/3392 382/2797/3372 1407/2819/3394
f 1718/2818/3393 1664/2820/3395 373/2821/3396
f 379/2257/2832 3539/2822/3397 1663/2823/3398
f 371/2824/3399 1663/2823/3398 1720/2825/3400
f 379/2257/2832 1669/2800/3375 3539/2822/3397
f 3539/2822/3397 380/2801/3376 372/2826/3401
f 1663/2823/3398 1719/2827/3402 1720/2825/3400
f 3540/2828/3403 378/2809/3384 1661/2829/3404
f 377/2807/3382 3540/2828/3403 1721/2830/3405
f 1714/2806/3381 378/2809/3384 3540/2828/3403
f 1662/2831/3406 1661/2829/3404 370/2832/3407
f 3541/2833/3408 376/2834/3409 3542/2835/3410
f 375/2814/3389 3541/2833/3408 1722/2836/3411
f 1667/2812/3387 376/2834/3409 3541/2833/3408
f 3542/2835/3410 376/2834/3409 368/2837/3412
f 3542/2835/3410 368/2837/3412 1659/2838/3413
f 1660/2839/3414 3542/2835/3410 1659/2838/3413
f 3543/2840/3415 1723/2841/3416 1724/2842/3417
f 373/2821/3396 3544/2843/3418 3543/2840/3415
f 1658/2844/3419 1724/2842/3417 365/2845/3420
f 1658/2844/3419 3543/2840/3415 1724/2842/3417
f 373/2821/3396 3543/2840/3415 1658/2844/3419
f 1664/2820/3395 374/2846/3421 3544/2843/3418
f 3544/2843/3418 374/2846/3421 1725/2847/3422
f 3544/2843/3418 1725/2847/3422 1723/2841/3416
f 1723/2841/3416 1725/2847/3422 366/2848/3423
f 3545/2849/3424 3546/2850/3425 1657/2851/3426
f 3545/2849/3424 1655/2852/3427 3546/2850/3425
f 1726/2853/3428 1657/2851/3426 363/2854/3429
f 1726/2853/3428 3545/2849/3424 1657/2851/3426
f 371/2824/3399 3545/2849/3424 1726/2853/3428
f 1720/2825/3400 1719/2827/3402 1655/2852/3427
f 1657/2851/3426 3546/2850/3425 1656/2855/3430
f 1654/2856/3431 1406/2857/3432 1653/2858/3433
f 3547/2859/3434 370/2832/3407 1406/2857/3432
f 1727/2860/3435 1654/2856/3431 361/2861/3436
f 1727/2860/3435 3547/2859/3434 1654/2856/3431
f 369/2862/3437 3547/2859/3434 1727/2860/3435
f 369/2862/3437 1662/2831/3406 3547/2859/3434
f 1653/2858/3433 1406/2857/3432 362/2863/3438
f 3548/2864/3439 1659/2838/3413 3549/2865/3440
f 1652/2866/3441 1729/2867/3442 1735/2868/3443
f 1652/2866/3441 3548/2864/3439 1729/2867/3442
f 367/2869/3444 3548/2864/3439 1652/2866/3441
f 367/2869/3444 1660/2839/3414 3548/2864/3439
f 1659/2838/3413 1730/2870/3445 3549/2865/3440
f 358/2871/3446 3550/2872/3447 1650/2873/3448
f 3551/2874/3449 1723/2841/3416 3552/2875/3450
f 3552/2875/3450 366/2848/3423 1649/2876/3451
f 1650/2873/3448 1649/2876/3451 359/2877/3452
f 358/2871/3446 1650/2873/3448 1651/2878/3453
f 3554/2879/3454 3555/2880/3455 3553/2881/3456
f 1656/2855/3430 3555/2880/3455 3554/2879/3454
f 1731/2882/3457 3553/2881/3456 356/2883/3458
f 1656/2855/3430 364/2884/3459 1405/2885/3460
f 3555/2880/3455 1405/2885/3460 357/2886/3461
f 1648/2887/3462 3553/2881/3456 1647/2888/3463
f 3558/2889/3464 3559/2890/3465 3556/2891/3466
f 3557/2892/3467 3556/2891/3466 354/2893/3468
f 3557/2892/3467 1654/2856/3431 3558/2889/3464
f 3558/2889/3464 362/2863/3438 1734/2894/3469
f 3559/2890/3465 1734/2894/3469 355/2895/3470
f 3556/2891/3466 1732/2896/3471 1733/2897/3472
f 3560/2898/3473 3561/2899/3474 1646/2900/3475
f 1735/2868/3443 1646/2900/3475 352/2901/3476
f 1729/2867/3442 1728/2902/3477 3560/2898/3473
f 1728/2902/3477 360/2903/3478 1644/2904/3479
f 3561/2899/3474 1644/2904/3479 353/2713/3288
f 3562/2905/3480 3563/2906/3481 1643/2907/3482
f 1651/2878/3453 3563/2906/3481 3562/2905/3480
f 1737/2908/3483 1651/2878/3453 3562/2905/3480
f 1651/2878/3453 1650/2873/3448 3563/2906/3481
f 1650/2873/3448 1403/2909/3484 3563/2906/3481
f 3563/2906/3481 1404/2910/3485 1643/2907/3482
f 1643/2907/3482 1404/2910/3485 351/2911/3486
f 3564/2912/3487 3565/2913/3488 1738/2914/3489
f 1648/2887/3462 3565/2913/3488 3564/2912/3487
f 1642/2915/3490 1648/2887/3462 3564/2912/3487
f 1648/2887/3462 1647/2888/3463 3565/2913/3488
f 1647/2888/3463 1739/2916/3491 3565/2913/3488
f 3565/2913/3488 1740/2917/3492 1738/2914/3489
f 1738/2914/3489 1740/2917/3492 349/2675/3250
f 3566/2918/3493 3567/2919/3494 1640/2920/3495
f 3566/2918/3493 1732/2896/3471 3567/2919/3494
f 1741/2753/3328 1640/2920/3495 346/2921/3496
f 1741/2753/3328 3566/2918/3493 1640/2920/3495
f 1742/2752/3327 1733/2897/3472 3566/2918/3493
f 1733/2897/3472 1732/2896/3471 3566/2918/3493
f 1732/2896/3471 1637/2739/3314 3567/2919/3494
f 1639/2922/3497 1638/2923/3498 347/2653/3228
f 3568/2924/3499 3569/2925/3500 1636/2926/3501
f 3568/2924/3499 1645/2927/3502 3569/2925/3500
f 1743/2727/3302 1636/2926/3501 344/2642/3217
f 1743/2727/3302 3568/2924/3499 1636/2926/3501
f 1744/2726/3301 1646/2900/3475 3568/2924/3499
f 1646/2900/3475 1645/2927/3502 3568/2924/3499
f 1645/2927/3502 1401/2712/3287 3569/2925/3500
f 1635/2928/3503 1402/2929/3504 345/2632/3207
f 350/2930/3505 3572/2931/3506 3570/2932/3507
f 1643/2907/3482 351/2911/3486 3572/2931/3506
f 3572/2931/3506 1746/2695/3270 3571/2933/3508
f 3571/2933/3508 343/2934/3509 1745/2935/3510
f 342/2621/3196 3571/2933/3508 1745/2935/3510
f 340/2686/3261 3573/2936/3511 1633/2937/3512
f 348/2684/3259 3573/2936/3511 1747/2685/3260
f 1738/2914/3489 349/2675/3250 3573/2936/3511
f 1633/2937/3512 1632/2674/3249 341/2938/3513
f 3574/2939/3514 339/2940/3515 1631/2941/3516
f 1748/2661/3236 1631/2941/3516 338/2579/3154
f 346/2921/3496 1640/2920/3495 3574/2939/3514
f 3574/2939/3514 1639/2922/3497 3575/2942/3517
f 1639/2922/3497 347/2653/3228 3575/2942/3517
f 336/2550/3125 3576/2943/3518 1750/2944/3519
f 1630/2643/3218 3577/2945/3520 3576/2943/3518
f 344/2642/3217 1636/2926/3501 3577/2945/3520
f 3577/2945/3520 1635/2928/3503 3578/2946/3521
f 1635/2928/3503 345/2632/3207 3578/2946/3521
f 1749/2947/3522 1751/2631/3206 337/2948/3523
f 3576/2943/3518 1749/2947/3522 1750/2944/3519
f 3579/2949/3524 3580/2950/3525 1752/2951/3526
f 1753/2620/3195 342/2621/3196 3579/2949/3524
f 342/2621/3196 3581/2952/3527 3579/2949/3524
f 1745/2935/3510 343/2934/3509 3581/2952/3527
f 3581/2952/3527 1628/2610/3185 3580/2950/3525
f 3580/2950/3525 335/2510/3085 1629/2953/3528
f 1752/2951/3526 1629/2953/3528 334/2524/3099
f 3582/2954/3529 3583/2955/3530 1754/2600/3175
f 332/2956/3531 1754/2600/3175 1627/2957/3532
f 1755/2599/3174 340/2686/3261 3582/2954/3529
f 340/2686/3261 3584/2958/3533 3582/2954/3529
f 1633/2937/3512 1398/2591/3166 3584/2958/3533
f 3584/2958/3533 1399/2592/3167 3583/2955/3530
f 3583/2955/3530 333/2484/3059 1626/2959/3534
f 1754/2600/3175 1626/2959/3534 1627/2957/3532
f 3585/2960/3535 3587/2961/3536 331/2456/3031
f 330/2465/3040 3585/2960/3535 1757/2962/3537
f 1625/2580/3155 3586/2963/3538 3585/2960/3535
f 338/2579/3154 1631/2941/3516 3586/2963/3538
f 3586/2963/3538 339/2940/3515 3587/2961/3536
f 339/2940/3515 1758/2568/3143 3587/2961/3536
f 3587/2961/3536 1759/2569/3144 331/2456/3031
f 1757/2962/3537 331/2456/3031 1756/2964/3539
f 3588/2965/3540 3590/2966/3541 1622/2541/3116
f 328/2552/3127 3588/2965/3540 1624/2967/3542
f 1760/2551/3126 3589/2968/3543 3588/2965/3540
f 336/2550/3125 1750/2944/3519 3589/2968/3543
f 3589/2968/3543 1749/2947/3522 3590/2966/3541
f 1749/2947/3522 337/2948/3523 3590/2966/3541
f 1622/2541/3116 329/2428/3003 1623/2969/3544
f 1624/2967/3542 1622/2541/3116 1623/2969/3544
f 1761/2525/3100 1629/2953/3528 3591/2970/3545
f 1761/2525/3100 1621/2971/3546 326/2526/3101
f 1629/2953/3528 335/2510/3085 1397/2508/3083
f 3591/2970/3545 1397/2508/3083 327/2402/2977
f 1621/2971/3546 3591/2970/3545 1620/2972/3547
f 3592/2973/3548 1626/2959/3534 3593/2974/3549
f 1619/2493/3068 1763/2975/3550 324/2495/3070
f 332/2956/3531 3592/2973/3548 1619/2493/3068
f 1626/2959/3534 333/2484/3059 1764/2483/3058
f 3593/2974/3549 1764/2483/3058 325/2482/3057
f 1763/2975/3550 3593/2974/3549 1762/2976/3551
f 1757/2962/3537 3595/2977/3552 3594/2978/3553
f 1765/2466/3041 1618/2979/3554 322/2331/2906
f 330/2465/3040 3594/2978/3553 1765/2466/3041
f 1756/2964/3539 331/2456/3031 1616/2455/3030
f 3595/2977/3552 1616/2455/3030 323/2317/2892
f 3594/2978/3553 1617/2980/3555 1618/2979/3554
f 1624/2967/3542 3597/2981/3556 3596/2982/3557
f 1766/2443/3018 1615/2983/3558 320/2285/2860
f 328/2552/3127 3596/2982/3557 1766/2443/3018
f 1623/2969/3544 329/2428/3003 1396/2426/3001
f 3597/2981/3556 1396/2426/3001 321/2984/3559
f 3596/2982/3557 1614/2985/3560 1615/2983/3558
f 3598/2986/3561 3599/2987/3562 1767/2988/3563
f 326/2526/3101 1621/2971/3546 3598/2986/3561
f 1621/2971/3546 1620/2972/3547 3599/2987/3562
f 3599/2987/3562 327/2402/2977 1768/2401/2976
f 3599/2987/3562 1769/2400/2975 1767/2988/3563
f 1767/2988/3563 1769/2400/2975 319/2989/3564
f 3600/2990/3565 3601/2991/3566 1612/2992/3567
f 324/2495/3070 1763/2975/3550 3600/2990/3565
f 1763/2975/3550 1762/2976/3551 3601/2991/3566
f 3601/2991/3566 325/2482/3057 1610/2362/2937
f 3601/2991/3566 1611/2359/2934 1612/2992/3567
f 1612/2992/3567 1611/2359/2934 317/2993/3568
f 3602/2994/3569 3603/2995/3570 1609/2996/3571
f 1771/2333/2908 1609/2996/3571 314/2334/2909
f 1771/2333/2908 3602/2994/3569 1609/2996/3571
f 322/2331/2906 3602/2994/3569 1772/2332/2907
f 1618/2979/3554 1617/2980/3555 3602/2994/3569
f 1617/2980/3555 323/2317/2892 1394/2313/2888
f 1617/2980/3555 1394/2313/2888 3603/2995/3570
f 3604/2997/3572 3605/2998/3573 1773/2999/3574
f 1607/2286/2861 1773/2999/3574 312/3000/3575
f 1607/2286/2861 3604/2997/3572 1773/2999/3574
f 320/2285/2860 3604/2997/3572 1608/3001/3576
f 1615/2983/3558 1614/2985/3560 3604/2997/3572
f 1614/2985/3560 321/2984/3559 1774/2273/2848
f 1614/2985/3560 1774/2273/2848 3605/2998/3573
f 318/2243/2818 3607/3002/3577 3606/3003/3578
f 310/2244/2819 3606/3003/3578 1606/3004/3579
f 1776/2239/2814 3606/3003/3578 310/2244/2819
f 1776/2239/2814 318/2243/2818 3606/3003/3578
f 318/2243/2818 1767/2988/3563 3607/3002/3577
f 1767/2988/3563 319/2989/3564 3607/3002/3577
f 1605/3005/3580 1604/3006/3581 311/3007/3582
f 3606/3003/3578 1605/3005/3580 1606/3004/3579
f 3609/3008/3583 1602/3009/3584 3608/3010/3585
f 3609/3008/3583 3610/3011/3586 1393/3012/3587
f 308/3013/3588 3608/3010/3585 1603/3014/3589
f 3608/3010/3585 316/3015/3590 3609/3008/3583
f 316/3015/3590 1612/2992/3567 3610/3011/3586
f 1612/2992/3567 317/2993/3568 3610/3011/3586
f 3608/3010/3585 1602/3009/3584 1603/3014/3589
f 3611/3016/3591 315/3017/3592 3612/3018/3593
f 1601/3019/3594 3611/3016/3591 1778/3020/3595
f 314/2334/2909 1609/2996/3571 3611/3016/3591
f 1609/2996/3571 315/3017/3592 3611/3016/3591
f 315/3017/3592 307/3021/3596 3612/3018/3593
f 3612/3018/3593 307/3021/3596 1777/3022/3597
f 1778/3020/3595 3612/3018/3593 1777/3022/3597
f 3613/3023/3598 313/3024/3599 1598/3025/3600
f 1779/3026/3601 1600/3027/3602 304/3028/3603
f 312/3000/3575 1773/2999/3574 3613/3023/3598
f 1773/2999/3574 313/3024/3599 3613/3023/3598
f 1598/3025/3600 305/3029/3604 1599/3030/3605
f 1600/3027/3602 1598/3025/3600 1599/3030/3605
f 1606/3004/3579 3614/3031/3606 1780/3032/3607
f 1781/3033/3608 1606/3004/3579 1780/3032/3607
f 1605/3005/3580 1391/3034/3609 3615/3035/3610
f 3615/3035/3610 1391/3034/3609 3614/3031/3606
f 1597/3036/3611 1392/3037/3612 303/3038/3613
f 302/3039/3614 3614/3031/3606 1597/3036/3611
f 1603/3014/3589 3616/3040/3615 1595/3041/3616
f 3616/3040/3615 3617/3042/3617 1784/3043/3618
f 1596/3044/3619 1603/3014/3589 1595/3041/3616
f 1602/3009/3584 1783/3045/3620 3617/3042/3617
f 3617/3042/3617 1783/3045/3620 1784/3043/3618
f 1782/3046/3621 1784/3043/3618 301/3047/3622
f 300/3048/3623 3616/3040/3615 1782/3046/3621
f 3618/3049/3624 3619/3050/3625 1785/3051/3626
f 1785/3051/3626 1594/3052/3627 298/3053/3628
f 306/3054/3629 1778/3020/3595 3618/3049/3624
f 1777/3022/3597 1592/3055/3630 3619/3050/3625
f 3619/3050/3625 299/3056/3631 1594/3052/3627
f 3620/3057/3632 3621/3058/3633 1786/3059/3634
f 3620/3057/3632 1599/3030/3605 3621/3058/3633
f 1786/3059/3634 1591/3060/3635 296/3061/3636
f 1787/3062/3637 1600/3027/3602 3620/3057/3632
f 1599/3030/3605 1389/3063/3638 3621/3058/3633
f 3621/3058/3633 297/3064/3639 1591/3060/3635
f 3622/3065/3640 3624/3066/3641 1788/3067/3642
f 295/3068/3643 3622/3065/3640 1789/3069/3644
f 1590/3070/3645 3623/3071/3646 3622/3065/3640
f 3623/3071/3646 1597/3036/3611 3624/3066/3641
f 1597/3036/3611 303/3038/3613 3624/3066/3641
f 3622/3065/3640 1788/3067/3642 1789/3069/3644
f 3625/3072/3647 3627/3073/3648 1588/3074/3649
f 3626/3075/3650 1782/3046/3621 3627/3073/3648
f 1782/3046/3621 301/3047/3622 3627/3073/3648
f 1588/3074/3649 301/3047/3622 294/3076/3651
f 3625/3072/3647 1588/3074/3649 1589/3077/3652
f 3628/3078/3653 292/3079/3654 1587/3080/3655
f 1791/3081/3656 1587/3080/3655 291/3082/3657
f 298/3053/3628 1594/3052/3627 3628/3078/3653
f 1594/3052/3627 1388/3083/3658 3628/3078/3653
f 3629/3084/3659 1794/3085/3660 1793/3086/3661
f 1586/3087/3662 1793/3086/3661 289/3088/3663
f 296/3061/3636 1591/3060/3635 3629/3084/3659
f 1591/3060/3635 3630/3089/3664 3629/3084/3659
f 1793/3086/3661 1794/3085/3660 1792/3090/3665
f 3631/3091/3666 3632/3092/3667 1584/3093/3668
f 1789/3069/3644 3632/3092/3667 3631/3091/3666
f 1795/3094/3669 1585/3095/3670 287/3096/3671
f 1796/3097/3672 1789/3069/3644 3631/3091/3666
f 1789/3069/3644 1788/3067/3642 3632/3092/3667
f 1788/3067/3642 1582/3098/3673 3632/3092/3667
f 3632/3092/3667 1583/3099/3674 1584/3093/3668
f 1584/3093/3668 1583/3099/3674 288/3100/3675
f 3633/3101/3676 3634/3102/3677 1580/3103/3678
f 1589/3077/3652 3634/3102/3677 3633/3101/3676
f 1797/3104/3679 1581/3105/3680 285/2744/3319
f 1798/3106/3681 1589/3077/3652 3633/3101/3676
f 1589/3077/3652 1588/3074/3649 3634/3102/3677
f 1588/3074/3649 1386/3107/3682 3634/3102/3677
f 3634/3102/3677 1387/3108/3683 1580/3103/3678
f 1580/3103/3678 1387/3108/3683 286/3109/3684
f 3635/3110/3685 3637/3111/3686 1799/3112/3687
f 3635/3110/3685 3636/3113/3688 3637/3111/3686
f 1578/3114/3689 1799/3112/3687 283/2718/3293
f 1578/3114/3689 3635/3110/3685 1799/3112/3687
f 1579/3115/3690 1587/3080/3655 3635/3110/3685
f 1587/3080/3655 3636/3113/3688 3635/3110/3685
f 292/3079/3654 1800/3116/3691 3636/3113/3688
f 3636/3113/3688 1800/3116/3691 3637/3111/3686
f 3638/3117/3692 3639/3118/3693 1577/3119/3694
f 3638/3117/3692 1792/3090/3665 3639/3118/3693
f 1802/3120/3695 1577/3119/3694 281/3121/3696
f 1802/3120/3695 3638/3117/3692 1577/3119/3694
f 1803/3122/3697 1793/3086/3661 3638/3117/3692
f 1793/3086/3661 1792/3090/3665 3638/3117/3692
f 1792/3090/3665 1574/3123/3698 3639/3118/3693
f 1576/3124/3699 1575/3125/3700 282/3126/3701
f 1585/3095/3670 3641/3127/3702 3640/3128/3703
f 1804/3129/3704 3640/3128/3703 529/2679/3254
f 1804/3129/3704 1585/3095/3670 3640/3128/3703
f 1584/3093/3668 288/3100/3675 3642/3130/3705
f 3642/3130/3705 1385/3131/3706 3641/3127/3702
f 3641/3127/3702 528/3132/3707 1572/3133/3708
f 1573/3134/3709 3641/3127/3702 1572/3133/3708
f 3643/3135/3710 3644/3136/3711 1805/3137/3712
f 1581/3105/3680 3644/3136/3711 3643/3135/3710
f 1571/2742/3317 3643/3135/3710 531/2743/3318
f 1571/2742/3317 1581/3105/3680 3643/3135/3710
f 1581/3105/3680 1580/3103/3678 3644/3136/3711
f 1580/3103/3678 286/3109/3684 3644/3136/3711
f 1805/3137/3712 1807/2737/3312 530/3138/3713
f 1808/2719/3294 3645/3139/3714 3646/3140/3715
f 283/2718/3293 1799/3112/3687 3645/3139/3714
f 3645/3139/3714 1801/3141/3716 3647/3142/3717
f 1801/3141/3716 284/2709/3284 3647/3142/3717
f 1570/3143/3718 1569/2708/3283 532/3144/3719
f 1809/2698/3273 3648/3145/3720 535/2699/3274
f 1809/2698/3273 3649/3146/3721 3648/3145/3720
f 281/3121/3696 1577/3119/3694 3649/3146/3721
f 3649/3146/3721 1576/3124/3699 3650/3147/3722
f 1576/3124/3699 282/3126/3701 3650/3147/3722
f 535/2699/3274 3648/3145/3720 1568/3148/3723
f 1573/3134/3709 3651/3149/3724 1567/2680/3255
f 537/3150/3725 1567/2680/3255 1811/3151/3726
f 1573/3134/3709 1572/3133/3708 3651/3149/3724
f 1572/3133/3708 528/3132/3707 3651/3149/3724
f 3651/3149/3724 1812/2672/3247 1810/3152/3727
f 1567/2680/3255 1810/3152/3727 1811/3151/3726
f 1806/3153/3728 3653/3154/3729 1813/3155/3730
f 539/2655/3230 1813/3155/3730 1566/3156/3731
f 1806/3153/3728 1805/3137/3712 3653/3154/3729
f 1805/3137/3712 1563/2649/3224 3653/3154/3729
f 3653/3154/3729 1564/2566/3141 3652/3157/3732
f 3652/3157/3732 538/2565/3140 1565/3158/3733
f 1813/3155/3730 1565/3158/3733 1566/3156/3731
f 3654/3159/3734 1382/2628/3203 1383/2627/3202
f 541/2634/3209 3654/3159/3734 1562/3160/3735
f 1815/2635/3210 3655/3161/3736 3654/3159/3734
f 1570/3143/3718 1382/2628/3203 3655/3161/3736
f 1562/3160/3735 1383/2627/3202 540/2532/3107
f 3656/3162/3737 1818/3163/3738 1819/2606/3181
f 1560/3164/3739 3656/3162/3737 1817/3165/3740
f 1561/2614/3189 535/2699/3274 3656/3162/3737
f 1568/3148/3723 1818/3163/3738 3656/3162/3737
f 1819/2606/3181 542/2507/3082 1816/3166/3741
f 1817/3165/3740 1819/2606/3181 1816/3166/3741
f 3657/3167/3742 1559/3168/3743 545/2487/3062
f 537/3150/3725 1811/3151/3726 1820/2593/3168
f 1811/3151/3726 1810/3152/3727 3658/3169/3744
f 3658/3169/3744 536/2586/3161 1558/2584/3159
f 3658/3169/3744 544/2476/3051 1559/3168/3743
f 3659/3170/3745 1557/3171/3746 547/2571/3146
f 3659/3170/3745 1565/3158/3733 3660/3172/3747
f 1557/3171/3746 3660/3172/3747 546/2563/3138
f 539/2655/3230 1566/3156/3731 1821/2570/3145
f 1565/3158/3733 538/2565/3140 1381/2564/3139
f 3661/3173/3748 1822/3174/3749 549/2430/3005
f 1822/3174/3749 3662/3175/3750 548/2425/3000
f 1562/3160/3735 3662/3175/3750 3661/3173/3748
f 541/2634/3209 1562/3160/3735 1556/2544/3119
f 1555/3176/3751 3664/3177/3752 550/3178/3753
f 551/2512/3087 3663/3179/3754 1555/3176/3751
f 543/2615/3190 3663/3179/3754 1824/2511/3086
f 1817/3165/3740 1816/3166/3741 3663/3179/3754
f 1816/3166/3741 542/2507/3082 1554/2505/3080
f 3665/3180/3755 3667/3181/3756 1552/3182/3757
f 3666/2488/3063 3665/3180/3755 1553/2489/3064
f 3666/2488/3063 1559/3168/3743 3667/3181/3756
f 3667/3181/3756 544/2476/3051 1380/2472/3047
f 1552/3182/3757 1380/2472/3047 552/2340/2915
f 3668/3183/3758 3670/3184/3759 1825/3185/3760
f 1551/3186/3761 3668/3183/3758 1550/3187/3762
f 1551/3186/3761 3669/3188/3763 3668/3183/3758
f 547/2571/3146 3669/3188/3763 1551/3186/3761
f 3669/3188/3763 1557/3171/3746 3670/3184/3759
f 3670/3184/3759 546/2563/3138 1826/2452/3027
f 1825/3185/3760 1826/2452/3027 554/2294/2869
f 3671/3189/3764 3672/3190/3765 1549/3191/3766
f 1827/2431/3006 1549/3191/3766 557/2267/2842
f 549/2430/3005 3671/3189/3764 1827/2431/3006
f 1822/3174/3749 3673/3192/3767 3671/3189/3764
f 3673/3192/3767 548/2425/3000 1547/2423/2998
f 3673/3192/3767 1547/2423/2998 3672/3190/3765
f 3672/3190/3765 1547/2423/2998 1548/2251/2826
f 3674/3193/3768 3675/3194/3769 1546/3195/3770
f 1828/2392/2967 1546/3195/3770 559/3196/3771
f 1829/2396/2971 1546/3195/3770 1828/2392/2967
f 551/2512/3087 3674/3193/3768 1829/2396/2971
f 1555/3176/3751 1378/2380/2955 3674/3193/3768
f 3675/3194/3769 1378/2380/2955 1379/2379/2954
f 3676/3197/3772 3677/3198/3773 1830/3199/3774
f 1545/2355/2930 1830/3199/3774 3689/3200/3775
f 1545/2355/2930 3676/3197/3772 1830/3199/3774
f 553/2357/2932 1553/2489/3064 3676/3197/3772
f 1553/2489/3064 3678/3201/3776 3676/3197/3772
f 1552/3182/3757 552/2340/2915 3678/3201/3776
f 3678/3201/3776 1831/2339/2914 3677/3198/3773
f 1830/3199/3774 3677/3198/3773 560/3202/3777
f 3679/3203/3778 3680/3204/3779 1544/3205/3780
f 1832/2309/2884 1544/3205/3780 3693/2311/2886
f 1832/2309/2884 3679/3203/3778 1544/3205/3780
f 555/2308/2883 3681/3206/3781 3679/3203/3778
f 1825/3185/3760 554/2294/2869 3681/3206/3781
f 3681/3206/3781 1543/2293/2868 3680/3204/3779
f 1544/3205/3780 3680/3204/3779 561/3207/3782
f 3682/3208/3783 3684/3209/3784 1542/3210/3785
f 1833/2268/2843 3683/3211/3786 3682/3208/3783
f 557/2267/2842 1549/3191/3766 3683/3211/3786
f 3683/3211/3786 556/2250/2825 3684/3209/3784
f 3684/3209/3784 1377/2249/2824 1542/3210/3785
f 1542/3210/3785 1377/2249/2824 562/2248/2823
f 3682/3208/3783 3697/3212/3787 563/2269/2844
f 3685/3213/3788 3687/3214/3789 1834/3215/3790
f 1541/3216/3791 3686/3217/3792 3685/3213/3788
f 559/3196/3771 1546/3195/3770 3686/3217/3792
f 3686/3217/3792 558/3218/3793 3687/3214/3789
f 3687/3214/3789 1835/3219/3794 1834/3215/3790
f 3685/3213/3788 1834/3215/3790 565/3220/3795
f 3689/3200/3775 3691/3221/3796 3688/3222/3797
f 1836/3223/3798 3688/3222/3797 567/3224/3799
f 3689/3200/3775 1830/3199/3774 3691/3221/3796
f 3691/3221/3796 560/3202/3777 1538/3225/3800
f 3690/3226/3801 1538/3225/3800 566/3227/3802
f 3688/3222/3797 1539/3228/3803 1540/3229/3804
f 3693/2311/2886 3694/3230/3805 3692/3231/3806
f 1837/3232/3807 3692/3231/3806 569/3233/3808
f 3693/2311/2886 1544/3205/3780 3694/3230/3805
f 3694/3230/3805 561/3207/3782 1376/3234/3809
f 1537/3235/3810 1376/3234/3809 568/3236/3811
f 3692/3231/3806 1537/3235/3810 569/3233/3808
f 3695/3237/3812 3697/3212/3787 3696/3238/3813
f 1536/3239/3814 1838/3240/3815 571/3241/3816
f 563/2269/2844 3695/3237/3812 1536/3239/3814
f 3697/3212/3787 562/2248/2823 1839/3242/3817
f 3696/3238/3813 1839/3242/3817 570/3243/3818
f 1838/3240/3815 3696/3238/3813 570/3243/3818
f 3698/3244/3819 564/3245/3820 3699/3246/3821
f 1840/3247/3822 1535/3248/3823 573/3249/3824
f 565/3220/3795 3698/3244/3819 1840/3247/3822
f 1834/3215/3790 564/3245/3820 3698/3244/3819
f 3699/3246/3821 1533/3250/3825 572/3251/3826
f 1535/3248/3823 3699/3246/3821 1534/3252/3827
f 1540/3229/3804 3701/3253/3828 3700/3254/3829
f 1841/3255/3830 1540/3229/3804 3700/3254/3829
f 1539/3228/3803 1374/3256/3831 3701/3253/3828
f 1531/3257/3832 1375/3258/3833 574/3259/3834
f 1532/3260/3835 3701/3253/3828 1531/3257/3832
f 3702/3261/3836 3704/3262/3837 1842/3263/3838
f 3703/3264/3839 3704/3262/3837 3702/3261/3836
f 1530/3265/3840 3703/3264/3839 3702/3261/3836
f 1530/3265/3840 569/3233/3808 3703/3264/3839
f 3703/3264/3839 1537/3235/3810 3704/3262/3837
f 1537/3235/3810 1844/3266/3841 3704/3262/3837
f 3704/3262/3837 1844/3266/3841 1842/3263/3838
f 1842/3263/3838 1844/3266/3841 576/3267/3842
f 3705/3268/3843 3707/3269/3844 1529/3270/3845
f 3705/3268/3843 3706/3271/3846 3707/3269/3844
f 1845/3272/3847 1529/3270/3845 579/3273/3848
f 1845/3272/3847 3705/3268/3843 1529/3270/3845
f 1845/3272/3847 1838/3240/3815 3705/3268/3843
f 1838/3240/3815 3706/3271/3846 3705/3268/3843
f 570/3243/3818 1527/3274/3849 3706/3271/3846
f 3706/3271/3846 1527/3274/3849 3707/3269/3844
f 3708/3275/3850 1534/3252/3827 3709/3276/3851
f 1846/3277/3852 1526/3278/3853 581/3279/3854
f 1846/3277/3852 3708/3275/3850 1526/3278/3853
f 1847/3280/3855 1535/3248/3823 3708/3275/3850
f 1534/3252/3827 1372/3281/3856 3709/3276/3851
f 1849/3282/3857 3711/3283/3858 1848/3284/3859
f 1525/3285/3860 1849/3282/3857 583/3286/3861
f 575/3287/3862 3710/3288/3863 1525/3285/3860
f 3710/3288/3863 1531/3257/3832 3711/3283/3858
f 3711/3283/3858 574/3259/3834 1850/3289/3864
f 3712/3290/3865 3714/3291/3866 3713/3292/3867
f 1851/3293/3868 1524/3294/3869 585/3295/3870
f 577/3296/3871 3712/3290/3865 1851/3293/3868
f 3712/3290/3865 1842/3263/3838 3714/3291/3866
f 3713/3292/3867 576/3267/3842 1522/3297/3872
f 1523/3298/3873 1522/3297/3872 584/3299/3874
f 3715/3300/3875 1520/3301/3876 1521/3302/3877
f 579/3273/3848 3715/3300/3875 1857/3303/3878
f 1529/3270/3845 3716/3304/3879 3715/3300/3875
f 3716/3304/3879 578/3305/3880 1697/3306/3881
f 1520/3301/3876 1697/3306/3881 586/3307/3882
f 3717/3308/3883 1370/3309/3884 1371/3310/3885
f 581/3279/3854 3717/3308/3883 1856/3311/3886
f 1526/3278/3853 3718/3312/3887 3717/3308/3883
f 3718/3312/3887 580/3313/3888 1696/2750/3325
f 1370/3309/3884 1696/2750/3325 588/2749/3324
f 3719/3314/3889 1518/3315/3890 1519/3316/3891
f 1854/2732/3307 1519/3316/3891 591/2733/3308
f 1854/2732/3307 3719/3314/3889 1519/3316/3891
f 583/3286/3861 3719/3314/3889 1855/3317/3892
f 3719/3314/3889 1848/3284/3859 3720/3318/3893
f 3720/3318/3893 582/3319/3894 1695/3320/3895
f 3720/3318/3893 590/2724/3299 1518/3315/3890
f 3721/3321/3896 3722/3322/3897 1517/3323/3898
f 1852/2703/3278 1517/3323/3898 593/2704/3279
f 1852/2703/3278 3721/3321/3896 1517/3323/3898
f 585/3295/3870 3721/3321/3896 1853/3324/3899
f 1523/3298/3873 584/3299/3874 1693/3325/3900
f 1516/3326/3901 1694/3327/3902 592/3328/3903
f 3723/3329/3904 3725/3330/3905 1514/3331/3906
f 1512/2689/3264 1515/3332/3907 595/2690/3265
f 587/3333/3908 3724/3334/3909 1513/3335/3910
f 1521/3302/3877 3725/3330/3905 3724/3334/3909
f 3725/3330/3905 2484/3336/3911 1514/3331/3906
f 1514/3331/3906 2484/3336/3911 594/3337/3912
f 2486/3338/3913 3727/3339/3914 2485/3340/3915
f 597/3341/3916 3726/3342/3917 2486/3338/3913
f 589/3343/3918 3726/3342/3917 2487/3344/3919
f 1371/3310/3885 3727/3339/3914 3726/3342/3917
f 3727/3339/3914 2488/2748/3323 2485/3340/3915
f 2485/3340/3915 2488/2748/3323 596/3345/3920
f 3729/2734/3309 3730/3346/3921 3728/3347/3922
f 3729/2734/3309 3728/3347/3922 599/2735/3310
f 591/2733/3308 1519/3316/3891 3729/2734/3309
f 1519/3316/3891 3731/3348/3923 3729/2734/3309
f 1518/3315/3890 2490/2723/3298 3731/3348/3923
f 3731/3348/3923 2490/2723/3298 3730/3346/3921
f 3730/3346/3921 2490/2723/3298 598/3349/3924
f 3728/3347/3922 2489/3350/3925 599/2735/3310
f 3733/2705/3280 3734/3351/3926 3732/3352/3927
f 3733/2705/3280 3732/3352/3927 600/2706/3281
f 593/2704/3279 1517/3323/3898 3733/2705/3280
f 1517/3323/3898 1516/3326/3901 3733/2705/3280
f 1516/3326/3901 2492/3353/3928 3734/3351/3926
f 3732/3352/3927 2491/3354/3929 600/2706/3281
f 3735/3355/3930 2495/3356/3931 3736/3357/3932
f 2494/2688/3263 3735/3355/3930 602/2691/3266
f 2494/2688/3263 1515/3332/3907 3735/3355/3930
f 1515/3332/3907 1514/3331/3906 2495/3356/3931
f 1514/3331/3906 594/3337/3912 2495/3356/3931
f 3736/3357/3932 2495/3356/3931 601/3358/3933
f 2493/3359/3934 3736/3357/3932 601/3358/3933
f 3737/3360/3935 2498/3361/3936 3739/3362/3937
f 2497/2664/3239 3737/3360/3935 604/2666/3241
f 2497/2664/3239 3738/3363/3938 3737/3360/3935
f 2497/2664/3239 2486/3338/3913 3738/3363/3938
f 3738/3363/3938 2485/3340/3915 2498/3361/3936
f 2485/3340/3915 596/3345/3920 2498/3361/3936
f 3739/3362/3937 2498/3361/3936 603/3364/3939
f 2496/3365/3940 3739/3362/3937 603/3364/3939
f 3740/3366/3941 3741/3367/3942 2501/2648/3223
f 606/2557/3132 2501/2648/3223 2500/3368/3943
f 2502/2646/3221 3740/3366/3941 2501/2648/3223
f 2502/2646/3221 599/2735/3310 3740/3366/3941
f 599/2735/3310 2489/3350/3925 3740/3366/3941
f 3741/3367/3942 2503/2638/3213 2504/2637/3212
f 3741/3367/3942 605/2546/3121 2499/3369/3944
f 2501/2648/3223 2499/3369/3944 2500/3368/3943
f 3742/3370/3945 3743/3371/3946 2507/2626/3201
f 608/2528/3103 2507/2626/3201 2506/3372/3947
f 2508/2625/3200 3742/3370/3945 2507/2626/3201
f 2508/2625/3200 600/2706/3281 3742/3370/3945
f 600/2706/3281 2491/3354/3929 3742/3370/3945
f 3743/3371/3946 2509/2617/3192 2510/2616/3191
f 3743/3371/3946 607/2521/3096 2505/3373/3948
f 2507/2626/3201 2505/3373/3948 2506/3372/3947
f 3744/3374/3949 3745/3375/3950 2515/2597/3172
f 610/2501/3076 3744/3374/3949 2512/3376/3951
f 602/2691/3266 3744/3374/3949 2513/3377/3952
f 2493/3359/3934 601/3358/3933 3745/3375/3950
f 601/3358/3933 2514/2595/3170 3745/3375/3950
f 3745/3375/3950 2514/2595/3170 2515/2597/3172
f 2515/2597/3172 609/2491/3066 2511/3378/3953
f 2512/3376/3951 2515/2597/3172 2511/3378/3953
f 3746/3379/3954 3747/3380/3955 2521/2577/3152
f 612/2467/3042 3746/3379/3954 2517/3381/3956
f 2519/2667/3242 3746/3379/3954 2518/2582/3157
f 2496/3365/3940 603/3364/3939 3747/3380/3955
f 603/3364/3939 2520/2575/3150 3747/3380/3955
f 3747/3380/3955 2520/2575/3150 2521/2577/3152
f 2521/2577/3152 611/2462/3037 2516/3382/3957
f 2517/3381/3956 2521/2577/3152 2516/3382/3957
f 3748/3383/3958 2499/3369/3944 3749/3384/3959
f 2524/2559/3134 3748/3383/3958 2523/2560/3135
f 606/2557/3132 2500/3368/3943 2524/2559/3134
f 3749/3384/3959 605/2546/3121 2525/2548/3123
f 2522/3385/3960 2525/2548/3123 613/2440/3015
f 3748/3383/3958 2522/3385/3960 2523/2560/3135
f 3750/3386/3961 2505/3373/3948 3751/3387/3962
f 2528/2529/3104 3750/3386/3961 2527/2530/3105
f 608/2528/3103 2506/3372/3947 2528/2529/3104
f 3751/3387/3962 607/2521/3096 2529/2520/3095
f 2526/3388/3963 2529/2520/3095 615/2408/2983
f 3750/3386/3961 2526/3388/3963 2527/2530/3105
f 2512/3376/3951 2532/3389/3964 3752/3390/3965
f 2531/2503/3078 3752/3390/3965 618/2504/3079
f 610/2501/3076 2512/3376/3951 2531/2503/3078
f 2530/3391/3966 2532/3389/3964 617/2373/2948
f 2517/3381/3956 2536/3392/3967 3753/3393/3968
f 2534/2468/3043 2533/3394/3969 620/2470/3045
f 2535/2469/3044 3753/3393/3968 2534/2468/3043
f 612/2467/3042 2517/3381/3956 2535/2469/3044
f 2533/3394/3969 2536/3392/3967 619/2327/2902
f 3754/3395/3970 2537/3396/3971 2538/3397/3972
f 2539/3398/3973 3754/3395/3970 2538/3397/3972
f 614/2561/3136 2523/2560/3135 3754/3395/3970
f 2523/2560/3135 3755/3399/3974 3754/3395/3970
f 2522/3385/3960 613/2440/3015 3755/3399/3974
f 3755/3399/3974 2540/2439/3014 2537/3396/3971
f 3756/3400/3975 2541/3401/3976 2542/3402/3977
f 2543/2421/2996 3756/3400/3975 2542/3402/3977
f 616/2420/2995 2527/2530/3105 3756/3400/3975
f 2527/2530/3105 3757/3403/3978 3756/3400/3975
f 2526/3388/3963 615/2408/2983 3757/3403/3978
f 3757/3403/3978 2544/3404/3979 2541/3401/3976
f 2546/3405/3980 3759/3406/3981 2545/3407/3982
f 2547/3408/3983 3758/3409/3984 2546/3405/3980
f 618/2504/3079 2530/3391/3966 3758/3409/3984
f 3758/3409/3984 617/2373/2948 3759/3406/3981
f 3759/3406/3981 2548/2371/2946 2545/3407/3982
f 2550/3410/3985 3761/3411/3986 2549/3412/3987
f 2551/2353/2928 3760/3413/3988 2550/3410/3985
f 620/2470/3045 2533/3394/3969 3760/3413/3988
f 3760/3413/3988 619/2327/2902 3761/3411/3986
f 3761/3411/3986 2552/2325/2900 2549/3412/3987
f 3763/3414/3989 3765/3415/3990 3764/3416/3991
f 622/3417/3992 2538/3397/3972 3763/3414/3989
f 2538/3397/3972 3765/3415/3990 3763/3414/3989
f 2537/3396/3971 621/2283/2858 3765/3415/3990
f 3764/3416/3991 621/2283/2858 2556/3418/3993
f 3764/3416/3991 629/3419/3994 2553/3420/3995
f 2554/3421/3996 3764/3416/3991 2553/3420/3995
f 3766/2263/2838 3768/3422/3997 2557/3423/3998
f 624/3424/3999 2542/3402/3977 3767/3425/4000
f 2542/3402/3977 3768/3422/3997 3767/3425/4000
f 2541/3401/3976 623/2410/2985 3768/3422/3997
f 3768/3422/3997 623/2410/2985 2560/3426/4001
f 3769/3427/4002 2564/3428/4003 2562/3429/4004
f 626/2389/2964 3769/3427/4002 2563/3430/4005
f 626/2389/2964 2546/3405/3980 3769/3427/4002
f 3769/3427/4002 2545/3407/3982 3770/3431/4006
f 2545/3407/3982 625/2370/2945 3770/3431/4006
f 3770/3431/4006 625/2370/2945 2564/3428/4003
f 2564/3428/4003 631/3432/4007 2561/3433/4008
f 3772/3434/4009 3773/3435/4010 3771/3436/4011
f 634/3437/4012 3771/3436/4011 2566/3438/4013
f 628/3439/4014 3771/3436/4011 2567/3440/4015
f 628/3439/4014 2550/3410/3985 3772/3434/4009
f 3772/3434/4009 2549/3412/3987 3773/3435/4010
f 2549/3412/3987 627/2326/2901 3773/3435/4010
f 3771/3436/4011 2565/3441/4016 2566/3438/4013
f 3774/3442/4017 3775/3443/4018 2569/3444/4019
f 2570/3445/4020 2554/3421/3996 3774/3442/4017
f 2554/3421/3996 2553/3420/3995 3775/3443/4018
f 2553/3420/3995 2571/3446/4021 3775/3443/4018
f 3775/3443/4018 2572/3447/4022 2569/3444/4019
f 2569/3444/4019 2572/3447/4022 635/3448/4023
f 3776/3449/4024 3777/3450/4025 2573/3451/4026
f 2574/3452/4027 2558/3453/4028 3776/3449/4024
f 2558/3453/4028 2557/3423/3998 3777/3450/4025
f 2557/3423/3998 2575/3454/4029 3777/3450/4025
f 3777/3450/4025 637/3455/4030 2573/3451/4026
f 3778/3456/4031 3779/3457/4032 2577/3458/4033
f 640/3459/4034 3778/3456/4031 2577/3458/4033
f 2578/3460/4035 2562/3429/4004 3778/3456/4031
f 2562/3429/4004 2561/3433/4008 3778/3456/4031
f 2561/3433/4008 2579/3461/4036 3779/3457/4032
f 3780/3462/4037 3781/3463/4038 2581/3464/4039
f 642/3465/4040 3780/3462/4037 2581/3464/4039
f 2582/3466/4041 2566/3438/4013 3780/3462/4037
f 2566/3438/4013 2565/3441/4016 3780/3462/4037
f 2565/3441/4016 2583/3467/4042 3781/3463/4038
f 644/3468/4043 3782/3469/4044 2584/3470/4045
f 2585/3471/4046 2569/3444/4019 3782/3469/4044
f 3782/3469/4044 635/3448/4023 2586/3472/4047
f 2584/3470/4045 2586/3472/4047 643/3473/4048
f 646/3474/4049 3783/3475/4050 2587/3476/4051
f 2588/3477/4052 2573/3451/4026 3783/3475/4050
f 3783/3475/4050 637/3455/4030 2589/3478/4053
f 2587/3476/4051 2589/3478/4053 645/3479/4054
f 3784/3480/4055 3785/3481/4056 2590/3482/4057
f 2591/3483/4058 2590/3482/4057 648/3484/4059
f 640/3459/4034 3784/3480/4055 2591/3483/4058
f 2577/3458/4033 2576/3485/4060 3784/3480/4055
f 2576/3485/4060 639/3486/4061 2592/3487/4062
f 3785/3481/4056 2592/3487/4062 647/3488/4063
f 3786/3489/4064 3787/3490/4065 2593/3491/4066
f 2594/3492/4067 2593/3491/4066 650/3493/4068
f 642/3465/4040 3786/3489/4064 2594/3492/4067
f 2581/3464/4039 2580/3494/4069 3786/3489/4064
f 2580/3494/4069 641/3495/4070 2595/3496/4071
f 3787/3490/4065 2595/3496/4071 649/3497/4072
f 2597/3498/4073 3788/3499/4074 1691/3500/4075
f 2596/3501/4076 1691/3500/4075 404/1281/1856
f 2596/3501/4076 2597/3498/4073 1691/3500/4075
f 644/3468/4043 3789/3502/4077 2597/3498/4073
f 2584/3470/4045 2598/3503/4078 3789/3502/4077
f 3789/3502/4077 2598/3503/4078 3788/3499/4074
f 1692/1276/1851 2599/3504/4079 403/1282/1857
f 2601/3505/4080 3790/3506/4081 1410/3507/4082
f 2600/3508/4083 1410/3507/4082 400/2555/3130
f 2600/3508/4083 2601/3505/4080 1410/3507/4082
f 646/3474/4049 3791/3509/4084 2601/3505/4080
f 2587/3476/4051 2602/3510/4085 3791/3509/4084
f 3791/3509/4084 2602/3510/4085 3790/3506/4081
f 1411/3511/4086 2603/3512/4087 399/2537/3112
f 3792/3513/4088 2606/3514/4089 1685/3515/4090
f 2604/3516/4091 1684/3517/4092 396/2769/3344
f 2605/3518/4093 3793/3519/4094 3792/3513/4088
f 2605/3518/4093 2590/3482/4057 3793/3519/4094
f 3793/3519/4094 647/3488/4063 2606/3514/4089
f 2606/3514/4089 2607/3520/4095 1685/3515/4090
f 1685/3515/4090 2607/3520/4095 395/2498/3073
f 3794/3521/4096 2610/3522/4097 1703/3523/4098
f 2608/3524/4099 1702/2772/3347 392/2776/3351
f 2609/3525/4100 3795/3526/4101 3794/3521/4096
f 2609/3525/4100 2593/3491/4066 3795/3526/4101
f 3795/3526/4101 649/3497/4072 2610/3522/4097
f 2610/3522/4097 2611/3527/4102 1703/3523/4098
f 1703/3523/4098 2611/3527/4102 391/2777/3352
f 425/2107/2682 3796/3528/4103 3456/2407/2982
f 421/2165/2740 2638/3529/4104 3796/3528/4103
f 2638/3529/4104 630/3530/4105 2560/3426/4001
f 3456/2407/2982 3796/3528/4103 623/2410/2985
f 2639/3531/4106 1677/3532/4107 2612/2403/2978
f 1408/2799/3374 388/2785/3360 1677/3532/4107
f 2613/2399/2974 3797/3533/4108 1604/3006/3581
f 2074/1612/2187 2613/2399/2974 492/1579/2154
f 2074/1612/2187 3797/3533/4108 2613/2399/2974
f 488/1610/2185 2641/3534/4109 3797/3533/4108
f 2251/1879/2454 2749/3535/4110 667/3536/4111
f 2745/2393/2968 1828/2392/2967 559/3196/3771
f 2749/3535/4110 1541/3216/3791 565/3220/3795
f 3798/2390/2965 2563/3430/4005 2795/3537/4112
f 2402/934/1509 3798/2390/2965 696/932/1507
f 692/940/1515 3798/2390/2965 2402/934/1509
f 2797/3538/4113 1708/2386/2961 2796/3539/4114
f 2810/1140/1715 2797/3538/4113 697/1141/1716
f 2810/1140/1715 2791/2383/2958 2797/3538/4113
f 693/1149/1724 2791/2383/2958 2810/1140/1715
f 2796/3539/4114 385/2790/3365 1668/2804/3379
f 2796/3539/4114 1668/2804/3379 377/2807/3382
f 2644/3540/4115 1835/3219/3794 2615/2376/2951
f 2644/3540/4115 2645/3541/4116 1835/3219/3794
f 2645/3541/4116 564/3245/3820 1835/3219/3794
f 1835/3219/3794 558/3218/3793 1379/2379/2954
f 2826/2375/2950 1770/3542/4117 3799/3543/4118
f 1770/3542/4117 316/3015/3590 3799/3543/4118
f 3799/3543/4118 308/3013/3588 2831/3544/4119
f 2826/2375/2950 2831/3544/4119 3821/1627/2202
f 3421/2141/2716 2646/3545/4120 2616/3546/4121
f 2646/3545/4120 2617/2369/2944 2616/3546/4121
f 424/2115/2690 3421/2141/2716 762/3547/4122
f 3822/3548/4123 2646/3545/4120 3421/2141/2716
f 2646/3545/4120 631/3432/4007 2564/3428/4003
f 3421/2141/2716 2616/3546/4121 762/3547/4122
f 2647/3549/4124 2619/3550/4125 2618/2363/2938
f 517/1340/1915 2618/2363/2938 521/1309/1884
f 2647/3549/4124 1716/2805/3380 1715/2808/3383
f 2647/3549/4124 1715/2808/3383 2619/3550/4125
f 2080/1616/2191 2620/2361/2936 491/1586/2161
f 2101/1651/2226 2620/2361/2936 2080/1616/2191
f 2620/2361/2936 309/3551/4126 3800/3552/4127
f 3800/3552/4127 309/3551/4126 1393/3012/3587
f 2863/2356/2931 2869/3553/4128 2870/3554/4129
f 2256/1891/2466 2870/3554/4129 2254/1889/2464
f 726/1858/2433 2863/2356/2931 2256/1891/2466
f 2869/3553/4128 3689/3200/3775 1836/3223/3798
f 2869/3553/4128 1836/3223/3798 567/3224/3799
f 2408/2148/2723 3801/3555/4130 668/3556/4131
f 664/2124/2699 3801/3555/4130 2408/2148/2723
f 3801/3555/4130 628/3439/4014 2567/3440/4015
f 3801/3555/4130 2567/3440/4015 634/3437/4012
f 2772/1344/1919 3802/3557/4132 669/1349/1924
f 2772/1344/1919 2747/2345/2920 3802/3557/4132
f 665/1319/1894 2747/2345/2920 2772/1344/1919
f 3802/3557/4132 383/2794/3369 1717/2813/3388
f 2752/3558/4133 1717/2813/3388 375/2814/3389
f 3803/3559/4134 2652/3560/4135 2622/3561/4136
f 746/3562/4137 3803/3559/4134 2622/3561/4136
f 2652/3560/4135 1538/3225/3800 2622/3561/4136
f 2622/3561/4136 560/3202/3777 2623/2338/2913
f 3804/3563/4138 314/2334/2909 1601/3019/3594
f 698/1069/1644 3804/3563/4138 3828/3564/4139
f 1601/3019/3594 306/3054/3629 2798/3565/4140
f 3804/3563/4138 2798/3565/4140 3828/3564/4139
f 2928/3566/4141 2653/3567/4142 2624/2324/2899
f 2653/3567/4142 2568/3568/4143 2624/2324/2899
f 423/936/1511 2928/3566/4141 3444/2323/2898
f 2568/3568/4143 627/2326/2901 2624/2324/2899
f 2928/3566/4141 2624/2324/2899 3444/2323/2898
f 3805/3569/4144 384/2320/2895 3443/3570/4145
f 520/1143/1718 3805/3569/4144 3443/3570/4145
f 1666/2816/3391 1665/2815/3390 384/2320/2895
f 2917/2315/2890 2656/3571/4146 3806/3572/4147
f 2260/1897/2472 2827/2310/2885 2832/3573/4148
f 2827/2310/2885 3693/2311/2886 1837/3232/3807
f 2832/3573/4148 1837/3232/3807 569/3233/3808
f 729/3574/4149 2865/2301/2876 3831/3575/4150
f 2864/2303/2878 3762/2305/2880 2570/3445/4020
f 2864/2303/2878 2570/3445/4020 2871/3576/4151
f 3807/2300/2875 2872/3577/4152 2876/3578/4153
f 2885/1363/1938 2876/3578/4153 730/1365/1940
f 2866/2298/2873 381/2299/2874 1718/2818/3393
f 3808/3579/4154 2629/2292/2867 2628/2289/2864
f 2263/1894/2469 3808/3579/4154 2628/2289/2864
f 2659/3580/4155 568/3236/3811 3808/3579/4154
f 3808/3579/4154 1376/3234/3809 2629/2292/2867
f 2753/3581/4156 1779/3026/3601 304/3028/3603
f 2088/1630/2205 2753/3581/4156 670/1635/2210
f 2748/3582/4157 3440/2284/2859 1779/3026/3601
f 3440/2284/2859 312/3000/3575 1779/3026/3601
f 3809/3583/4158 2572/3447/4022 2571/3446/4021
f 2415/2152/2727 2631/2280/2855 422/2156/2731
f 2416/2149/2724 3809/3583/4158 2415/2152/2727
f 3809/3583/4158 629/3419/3994 2631/2280/2855
f 2899/3584/4159 2632/2276/2851 747/1321/1896
f 2661/3585/4160 374/2846/3421 3810/3586/4161
f 3810/3586/4161 374/2846/3421 1407/2819/3394
f 2091/1067/1642 3811/3587/4162 2090/1070/1645
f 3811/3587/4162 305/3029/3604 3812/3588/4163
f 3812/3588/4163 305/3029/3604 1598/3025/3600
f 3811/3587/4162 1775/2271/2846 1866/2270/2845
f 2267/997/1572 3813/2265/2840 2265/995/1570
f 695/1003/1578 3813/2265/2840 2267/997/1572
f 2794/2264/2839 1536/3239/3814 3813/2265/2840
f 3813/2265/2840 571/3241/3816 2799/3589/4164
f 2828/2260/2835 3766/2263/2838 2574/3452/4027
f 2828/2260/2835 2574/3452/4027 2833/3590/4165
f 3814/2261/2836 3838/3591/4166 711/3592/4167
f 712/1373/1948 3815/3593/4168 2834/3594/4169
f 2830/2254/2829 379/2257/2832 3815/3593/4168
f 3815/3593/4168 379/2257/2832 1663/2823/3398
f 3382/1895/2470 2664/3595/4170 2636/2246/2821
f 2636/2246/2821 2664/3595/4170 1839/3242/3817
f 2636/2246/2821 1839/3242/3817 562/2248/2823
f 2868/2238/2813 2867/2240/2815 2877/3596/4171
f 731/1650/2225 2868/2238/2813 2877/3596/4171
f 2867/2240/2815 310/2244/2819 1781/3033/3608
f 2873/3597/4172 1781/3033/3608 1780/3032/3607
f 2638/3529/4104 3816/3598/4173 630/3530/4105
f 2420/2161/2736 2638/3529/4104 421/2165/2740
f 2440/2200/2775 3816/3598/4173 2420/2161/2736
f 3816/3598/4173 637/3455/4030 2575/3454/4029
f 2666/3599/4174 2667/3600/4175 2640/3601/4176
f 3312/1360/1935 2639/3531/4106 758/1327/1902
f 514/1364/1939 2666/3599/4174 3312/1360/1935
f 2667/3600/4175 372/2826/3401 2640/3601/4176
f 2666/3599/4174 2640/3601/4176 2639/3531/4106
f 2096/1643/2218 2641/3534/4109 488/1610/2185
f 2096/1643/2218 3817/3602/4177 2641/3534/4109
f 3817/3602/4177 303/3038/3613 1392/3037/3612
f 3817/3602/4177 1391/3034/3609 2641/3534/4109
f 2750/3603/4178 2754/3604/4179 2755/3605/4180
f 2771/1907/2482 2755/3605/4180 671/1909/2484
f 667/3536/4111 2750/3603/4178 2771/1907/2482
f 2754/3604/4179 1840/3247/3822 573/3249/3824
f 699/3606/4181 2795/3537/4112 3818/3607/4182
f 632/3608/4183 2578/3460/4035 3818/3607/4182
f 3818/3607/4182 640/3459/4034 2800/3609/4184
f 3819/3610/4185 2801/3611/4186 2802/3612/4187
f 2796/3539/4114 377/2807/3382 3819/3610/4185
f 3819/3610/4185 377/2807/3382 1721/2830/3405
f 3820/3613/4188 2645/3541/4116 2644/3540/4115
f 2272/999/1574 3820/3613/4188 2644/3540/4115
f 2670/3614/4189 1533/3250/3825 2645/3541/4116
f 3821/1627/2202 2835/3615/4190 2121/1685/2260
f 3821/1627/2202 2831/3544/4119 2835/3615/4190
f 2835/3615/4190 1596/3044/3619 1595/3041/3616
f 3822/3548/4123 2673/3616/4191 631/3432/4007
f 2425/2171/2746 3822/3548/4123 3421/2141/2716
f 3844/3617/4192 2673/3616/4191 3822/3548/4123
f 2673/3616/4191 639/3486/4061 2579/3461/4036
f 2674/3618/4193 370/2832/3407 1661/2829/3404
f 2674/3618/4193 1661/2829/3404 3823/3619/4194
f 2648/3620/4195 3824/3621/4196 309/3551/4126
f 3350/1644/2219 2675/3622/4197 2648/3620/4195
f 3824/3621/4196 301/3047/3622 1784/3043/3618
f 3824/3621/4196 1783/3045/3620 309/3551/4126
f 2254/1889/2464 2870/3554/4129 2884/1919/2494
f 2874/3623/4198 1532/3260/3835 575/3287/3862
f 2751/3624/4199 2582/3466/4041 3825/3625/4200
f 2429/2180/2755 2751/3624/4199 672/3626/4201
f 2751/3624/4199 634/3437/4012 2582/3466/4041
f 2582/3466/4041 642/3465/4040 3825/3625/4200
f 3825/3625/4200 642/3465/4040 2756/3627/4202
f 672/3626/4201 3825/3625/4200 2756/3627/4202
f 2752/3558/4133 3826/3628/4203 2757/3629/4204
f 2770/3630/4205 2757/3629/4204 673/1381/1956
f 2752/3558/4133 375/2814/3389 3826/3628/4203
f 3826/3628/4203 375/2814/3389 1722/2836/3411
f 3827/3631/4206 2652/3560/4135 2651/3632/4207
f 453/1885/2460 2651/3632/4207 3803/3559/4134
f 750/3633/4208 2651/3632/4207 2277/1914/2489
f 2678/3634/4209 1375/3258/3833 3827/3631/4206
f 3827/3631/4206 1374/3256/3831 2652/3560/4135
f 2104/1057/1632 3828/3564/4139 3847/3635/4210
f 698/1069/1644 3828/3564/4139 2104/1057/1632
f 2653/3567/4142 2680/3636/4211 2654/3637/4212
f 2431/924/1499 2653/3567/4142 419/927/1502
f 2451/919/1494 2653/3567/4142 2431/924/1499
f 2679/3638/4213 2680/3636/4211 2653/3567/4142
f 2680/3636/4211 641/3495/4070 2583/3467/4042
f 3805/3569/4144 2682/3639/4214 2655/3640/4215
f 3268/1129/1704 3805/3569/4144 780/3641/4216
f 3268/1129/1704 2681/3642/4217 3805/3569/4144
f 2682/3639/4214 368/2837/3412 2655/3640/4215
f 1593/3643/4218 1592/3055/3630 2656/3571/4146
f 3830/3644/4219 569/3233/3808 1530/3265/3840
f 3830/3644/4219 1530/3265/3840 1843/3645/4220
f 2836/3646/4221 1843/3645/4220 577/3296/3871
f 729/3574/4149 3831/3575/4150 2118/2587/3162
f 2871/3576/4151 636/3647/4222 2585/3471/4046
f 2875/3648/4223 2585/3471/4046 644/3468/4043
f 3831/3575/4150 2875/3648/4223 2118/2587/3162
f 576/3267/3842 1844/3266/3841 3832/3649/4224
f 3832/3649/4224 1844/3266/3841 2659/3580/4155
f 3386/1921/2496 2659/3580/4155 3808/3579/4154
f 2753/3581/4156 1787/3062/3637 2758/3650/4225
f 670/1635/2210 2758/3650/4225 2109/1662/2237
f 2758/3650/4225 1787/3062/3637 1786/3059/3634
f 2660/3651/4226 3834/3652/4227 635/3448/4023
f 2898/2193/2768 2660/3651/4226 2416/2149/2724
f 414/2192/2767 3833/3653/4228 2898/2193/2768
f 3833/3653/4228 2598/3503/4078 3834/3652/4227
f 3834/3652/4227 2586/3472/4047 635/3448/4023
f 3835/3654/4229 374/2846/3421 2661/3585/4160
f 511/1388/1963 2689/3655/4230 3835/3654/4229
f 366/2848/3423 1725/2847/3422 3835/3654/4229
f 3836/3656/4231 1390/3657/4232 305/3029/3604
f 1390/3657/4232 1389/3063/3638 305/3029/3604
f 2265/995/1570 2799/3589/4164 2808/987/1562
f 3837/3658/4233 571/3241/3816 1845/3272/3847
f 2803/3659/4234 1845/3272/3847 579/3273/3848
f 711/3592/4167 3838/3591/4166 2456/2213/2788
f 2833/3590/4165 638/3660/4235 2588/3477/4052
f 3838/3591/4166 2588/3477/4052 646/3474/4049
f 3838/3591/4166 646/3474/4049 2837/3661/4236
f 2456/2213/2788 3838/3591/4166 2837/3661/4236
f 2834/3594/4169 1726/2853/3428 2838/3662/4237
f 2692/3663/4238 1528/3664/4239 3839/3665/4240
f 3839/3665/4240 1527/3274/3849 2664/3595/4170
f 3388/1929/2504 2664/3595/4170 3382/1895/2470
f 2877/3596/4171 2873/3597/4172 1590/3070/3645
f 760/3666/4241 2694/3667/4242 2909/2197/2772
f 3840/3668/4243 2589/3478/4053 2665/3669/4244
f 1945/1391/1966 3841/3670/4245 2666/3599/4174
f 1945/1391/1966 2695/3671/4246 3841/3670/4245
f 514/1364/1939 1945/1391/1966 2666/3599/4174
f 2695/3671/4246 364/2884/3459 3841/3670/4245
f 3841/3670/4245 1655/2852/3427 2667/3600/4175
f 2117/1671/2246 2668/3672/4247 749/3673/4248
f 2117/1671/2246 2696/3674/4249 3842/3675/4250
f 3842/3675/4250 1790/3676/4251 303/3038/3613
f 2755/3605/4180 3843/3677/4252 675/3678/4253
f 671/1909/2484 2755/3605/4180 2289/1938/2513
f 2754/3604/4179 573/3249/3824 1847/3280/3855
f 3843/3677/4252 1847/3280/3855 1846/3277/3852
f 2759/3679/4254 1846/3277/3852 581/3279/3854
f 699/3606/4181 2800/3609/4184 2804/3680/4255
f 2442/913/1488 699/3606/4181 2804/3680/4255
f 2800/3609/4184 640/3459/4034 2591/3483/4058
f 2804/3680/4255 2591/3483/4058 648/3484/4059
f 2804/3680/4255 648/3484/4059 2605/3518/4093
f 2802/3612/4187 1727/2860/3435 2805/3681/4256
f 1948/1124/1699 2805/3681/4256 1966/1116/1691
f 2291/990/1565 3820/3613/4188 450/998/1573
f 782/983/1558 2700/3682/4257 2291/990/1565
f 2700/3682/4257 2701/3683/4258 1373/3684/4259
f 1373/3684/4259 1372/3281/3856 2670/3614/4189
f 2835/3615/4190 300/3048/3623 2839/3685/4260
f 2839/3685/4260 3625/3072/3647 293/3686/4261
f 2839/3685/4260 293/3686/4261 1798/3106/3681
f 2121/1685/2260 2839/3685/4260 2844/3687/4262
f 3844/3617/4192 2592/3487/4062 2673/3616/4191
f 509/1404/1979 2674/3618/4193 1929/1367/1942
f 509/1404/1979 2704/3688/4263 2674/3618/4193
f 362/2863/3438 1406/2857/3432 2704/3688/4263
f 2704/3688/4263 370/2832/3407 2674/3618/4193
f 2675/3622/4197 294/3076/3651 2676/3689/4264
f 3354/1674/2249 2675/3622/4197 2122/3690/4265
f 3354/1674/2249 2705/3691/4266 2675/3622/4197
f 294/3076/3651 301/3047/3622 2676/3689/4264
f 3845/3692/4267 583/3286/3861 2878/3693/4268
f 2294/1951/2526 2878/3693/4268 2317/1984/2559
f 732/1924/2499 3845/3692/4267 2294/1951/2526
f 2874/3623/4198 575/3287/3862 1525/3285/3860
f 672/3626/4201 2756/3627/4202 2760/3694/4269
f 2449/1152/1727 672/3626/4201 2760/3694/4269
f 2756/3627/4202 642/3465/4040 2594/3492/4067
f 2760/3694/4269 2594/3492/4067 650/3493/4068
f 2760/3694/4269 650/3493/4068 2609/3525/4100
f 2769/1411/1986 3846/3695/4270 677/3696/4271
f 673/1381/1956 3846/3695/4270 2769/1411/1986
f 2757/3629/4204 367/2869/3444 3846/3695/4270
f 2761/3697/4272 1652/2866/3441 1735/2868/3443
f 2897/3698/4273 2709/3699/4274 2710/3700/4275
f 2710/3700/4275 574/3259/3834 2678/3634/4209
f 2897/3698/4273 2678/3634/4209 750/3633/4208
f 3847/3635/4210 298/3053/3628 1791/3081/3656
f 2806/3701/4276 1791/3081/3656 291/3082/3657
f 3847/3635/4210 2806/3701/4276 3860/3702/4277
f 2679/3638/4213 2713/3703/4278 2680/3636/4211
f 2926/915/1490 2679/3638/4213 2451/919/1494
f 411/917/1492 2712/2459/3034 2926/915/1490
f 2713/3703/4278 2595/3496/4071 2680/3636/4211
f 2681/3642/4217 1730/2870/3445 2682/3639/4214
f 508/1125/1700 2681/3642/4217 781/1126/1701
f 508/1125/1700 2714/3704/4279 2681/3642/4217
f 2714/3704/4279 360/2903/3478 1730/2870/3445
f 3848/3705/4280 2716/3706/4281 2683/3707/4282
f 2716/3706/4281 2684/3708/4283 2683/3707/4282
f 3848/3705/4280 2715/3709/4284 2716/3706/4281
f 2716/3706/4281 1388/3083/3658 2684/3708/4283
f 2684/3708/4283 1388/3083/3658 299/3056/3631
f 2596/3501/4076 404/1281/1856 3483/2588/3163
f 2836/3646/4221 585/3295/3870 2840/3710/4285
f 2836/3646/4221 577/3296/3871 1851/3293/3868
f 3849/3711/4286 2599/3504/4079 2598/3503/4078
f 3296/1259/1834 3833/3653/4228 414/2192/2767
f 3294/1253/1828 3849/3711/4286 3296/1259/1834
f 3517/2762/3337 2891/2573/3148 3849/3711/4286
f 2880/3712/4287 365/2845/3420 2879/3713/4288
f 1955/1423/1998 2880/3712/4287 736/1424/1999
f 1955/1423/1998 2876/3578/4153 2880/3712/4287
f 365/2845/3420 3551/2874/3449 2879/3713/4288
f 2879/3713/4288 3551/2874/3449 358/2871/3446
f 759/1957/2532 2688/3714/4289 3386/1921/2496
f 2301/1953/2528 2720/3715/4290 2688/3714/4289
f 2720/3715/4290 584/3299/3874 1522/3297/3872
f 674/1666/2241 2758/3650/4225 3850/3716/4291
f 3850/3716/4291 2758/3650/4225 1586/3087/3662
f 2758/3650/4225 296/3061/3636 1586/3087/3662
f 2763/3717/4292 1586/3087/3662 289/3088/3663
f 2763/3717/4292 289/3088/3663 2762/3718/4293
f 3850/3716/4291 2763/3717/4292 678/3719/4294
f 2837/3661/4236 2600/3508/4083 2050/2554/3129
f 408/2215/2790 2456/2213/2788 1863/2225/2800
f 2600/3508/4083 400/2555/3130 2050/2554/3129
f 2689/3655/4230 359/2877/3452 1649/2876/3451
f 3319/1418/1993 2689/3655/4230 511/1388/1963
f 507/1420/1995 2722/3720/4295 2689/3655/4230
f 2689/3655/4230 1403/2909/3484 359/2877/3452
f 2689/3655/4230 1649/2876/3451 366/2848/3423
f 2723/3721/4296 2724/3722/4297 2690/3723/4298
f 2134/1052/1627 2723/3721/4296 2133/3724/4299
f 2724/3722/4297 1794/3085/3660 2690/3723/4298
f 2690/3723/4298 1794/3085/3660 297/3064/3639
f 2723/3721/4296 2690/3723/4298 3836/3656/4231
f 2694/3667/4242 2603/3512/4087 2602/3510/4085
f 753/3725/4300 2694/3667/4242 760/3666/4241
f 753/3725/4300 2903/2538/3113 2694/3667/4242
f 2305/978/1553 2807/3726/4301 2326/972/1547
f 702/989/1564 3851/3727/4302 2305/978/1553
f 2803/3659/4234 579/3273/3848 1857/3303/3878
f 3851/3727/4302 1857/3303/3878 2807/3726/4301
f 703/1265/1840 2804/3680/4255 1995/2514/3089
f 2804/3680/4255 2605/3518/4093 1995/2514/3089
f 2843/3728/4303 363/2854/3429 1731/2882/3457
f 1960/1437/2012 2843/3728/4303 1958/1432/2007
f 1731/2882/3457 356/2883/3458 2842/3729/4304
f 3865/3730/4305 2727/3731/4306 2692/3663/4238
f 2727/3731/4306 578/3305/3880 2692/3663/4238
f 3865/3730/4305 2692/3663/4238 3388/1929/2504
f 2881/3732/4307 295/3068/3643 1795/3094/3669
f 295/3068/3643 1796/3097/3672 1795/3094/3669
f 2881/3732/4307 1795/3094/3669 287/3096/3671
f 2672/3733/4308 2911/2499/3074 2703/3734/4309
f 763/3735/4310 2911/2499/3074 2672/3733/4308
f 2607/3520/4095 2606/3514/4089 2703/3734/4309
f 2703/3734/4309 2606/3514/4089 647/3488/4063
f 3852/3736/4311 3853/3737/4312 2695/3671/4246
f 3852/3736/4311 2729/3738/4313 3853/3737/4312
f 3853/3737/4312 364/2884/3459 2695/3671/4246
f 3852/3736/4311 2695/3671/4246 1945/1391/1966
f 2139/1695/2270 3854/3739/4314 751/3740/4315
f 2139/1695/2270 2730/3741/4316 3854/3739/4314
f 3854/3739/4314 288/3100/3675 1583/3099/3674
f 2696/3674/4249 1582/3098/3673 1790/3676/4251
f 3855/3742/4317 2608/3524/4099 1940/2478/3053
f 2459/1270/1845 3855/3742/4317 1874/906/1481
f 676/3743/4318 2760/3694/4269 3855/3742/4317
f 2760/3694/4269 2609/3525/4100 3855/3742/4317
f 2608/3524/4099 392/2776/3351 1940/2478/3053
f 2768/3744/4319 2759/3679/4254 2764/3745/4320
f 2768/3744/4319 2765/3746/4321 2329/2000/2575
f 2764/3745/4320 581/3279/3854 1856/3311/3886
f 2764/3745/4320 1856/3311/3886 589/3343/3918
f 2712/2459/3034 2611/3527/4102 2713/3703/4278
f 3297/1261/1836 2712/2459/3034 411/917/1492
f 771/2237/2812 2712/2459/3034 3297/1261/1836
f 2712/2459/3034 2920/2458/3033 2611/3527/4102
f 2611/3527/4102 2610/3522/4097 2713/3703/4278
f 2713/3703/4278 2610/3522/4097 649/3497/4072
f 2446/2754/3329 361/2861/3436 2447/2755/3330
f 1964/1114/1689 2446/2754/3329 2480/1111/1686
f 1964/1114/1689 2805/3681/4256 2446/2754/3329
f 361/2861/3436 3557/2892/3467 2447/2755/3330
f 2447/2755/3330 3557/2892/3467 354/2893/3468
f 2313/980/1555 2924/2747/3322 2700/3682/4257
f 1696/2750/3325 580/3313/3888 2701/3683/4258
f 2427/2745/3320 1798/3106/3681 1797/3104/3679
f 2427/2745/3320 1797/3104/3679 285/2744/3319
f 3856/2740/3315 3857/3747/4322 2704/3688/4263
f 3856/2740/3315 1637/2739/3314 3857/3747/4322
f 2704/3688/4263 3857/3747/4322 362/2863/3438
f 3856/2740/3315 2704/3688/4263 509/1404/1979
f 2907/1704/2279 2705/3691/4266 3354/1674/2249
f 2907/1704/2279 2906/2736/3311 2705/3691/4266
f 2906/2736/3311 1387/3108/3683 2705/3691/4266
f 2396/2730/3305 1855/3317/3892 1854/2732/3307
f 2316/1983/2558 2396/2730/3305 442/1985/2560
f 2316/1983/2558 2878/3693/4268 2396/2730/3305
f 2317/1984/2559 2878/3693/4268 2316/1983/2558
f 3858/3748/4323 2761/3697/4272 2389/2729/3304
f 1970/1439/2014 3509/2725/3300 2479/1444/2019
f 1970/1439/2014 2761/3697/4272 3858/3748/4323
f 2761/3697/4272 1735/2868/3443 2389/2729/3304
f 2389/2729/3304 1735/2868/3443 352/2901/3476
f 3858/3748/4323 2389/2729/3304 3509/2725/3300
f 3392/1980/2555 3859/3749/4324 2709/3699/4274
f 2895/2722/3297 1695/3320/3895 3859/3749/4324
f 3859/3749/4324 582/3319/3894 2710/3700/4275
f 2709/3699/4274 3859/3749/4324 2710/3700/4275
f 3860/3702/4277 2806/3701/4276 1578/3114/3689
f 2806/3701/4276 1579/3115/3690 1578/3114/3689
f 1578/3114/3689 283/2718/3293 2375/2717/3292
f 2925/1115/1690 2714/3704/4279 508/1125/1700
f 2922/2710/3285 1644/2904/3479 2714/3704/4279
f 769/1714/2289 2715/3709/4284 2148/1716/2291
f 2913/2707/3282 284/2709/3284 1801/3141/3716
f 2715/3709/4284 1801/3141/3716 1800/3116/3691
f 2716/3706/4281 1800/3116/3691 292/3079/3654
f 2353/2702/3277 1853/3324/3899 1852/2703/3278
f 2337/2026/2601 2840/3710/4285 2353/2702/3277
f 2344/3750/4325 1737/2908/3483 1736/3751/4326
f 2477/1459/2034 2880/3712/4287 2344/3750/4325
f 2880/3712/4287 2879/3713/4288 1737/2908/3483
f 2905/2700/3275 1693/3325/3900 2720/3715/4290
f 2720/3715/4290 1693/3325/3900 584/3299/3874
f 678/3719/4294 2762/3718/4293 2767/3752/4327
f 2767/3752/4327 3502/2696/3271 661/1750/2325
f 2762/3718/4293 1803/3122/3697 1802/3120/3695
f 1802/3120/3695 281/3121/3696 2327/2697/3272
f 2894/3753/4328 1404/2910/3485 2722/3720/4295
f 2896/1452/2027 2722/3720/4295 507/1420/1995
f 1976/1446/2021 2722/3720/4295 2896/1452/2027
f 743/1450/2025 2894/3753/4328 1976/1446/2021
f 2921/2692/3267 1575/3125/3700 2723/3721/4296
f 3258/1041/1616 2921/2692/3267 783/1047/1622
f 2724/3722/4297 1574/3123/3698 290/3754/4329
f 2807/3726/4301 1512/2689/3264 2298/2687/3262
f 2325/971/1546 2298/2687/3262 2342/965/1540
f 2325/971/1546 2807/3726/4301 2298/2687/3262
f 2326/972/1547 2807/3726/4301 2325/971/1546
f 2843/3728/4303 2286/3755/4330 1998/1496/2071
f 2286/3755/4330 2842/3729/4304 1641/3756/4331
f 1980/1462/2037 2843/3728/4303 1998/1496/2071
f 770/1989/2564 3861/3757/4332 3865/3730/4305
f 3401/2023/2598 3861/3757/4332 770/1989/2564
f 2484/3336/3911 586/3307/3882 3861/3757/4332
f 3861/3757/4332 586/3307/3882 2727/3731/4306
f 3861/3757/4332 2727/3731/4306 3865/3730/4305
f 2269/2676/3251 287/3096/3671 1804/3129/3704
f 2882/1732/2307 2881/3732/4307 2269/2676/3251
f 2881/3732/4307 287/3096/3671 2269/2676/3251
f 1804/3129/3704 529/2679/3254 3498/2677/3252
f 2904/2673/3248 1740/2917/3492 2729/3738/4313
f 755/1458/2033 2729/3738/4313 761/1460/2035
f 2729/3738/4313 1739/2916/3491 357/2886/3461
f 2157/1727/2302 2893/2671/3246 2730/3741/4316
f 2893/2671/3246 1385/3131/3706 2730/3741/4316
f 2157/1727/2302 2730/3741/4316 476/1699/2274
f 2893/2671/3246 2892/2669/3244 1385/3131/3706
f 2766/1997/2572 2239/2663/3238 2346/2034/2609
f 2766/1997/2572 3862/3758/4333 2239/2663/3238
f 2329/2000/2575 3862/3758/4333 2766/1997/2572
f 3862/3758/4333 589/3343/3918 2487/3344/3919
f 2239/2663/3238 2487/3344/3919 597/3341/3916
f 2328/3759/4334 2329/2000/2575 2766/1997/2572
f 2766/1997/2572 2346/2034/2609 2467/1995/2570
f 2151/1718/2293 678/3719/4294 2767/3752/4327
f 2472/1722/2297 2767/3752/4327 661/1750/2325
f 2708/1413/1988 677/3696/4271 1971/1442/2017
f 2312/1970/2545 675/3678/4253 2768/3744/4319
f 2310/1968/2543 2329/2000/2575 2731/1972/2547
f 2130/1690/2265 678/3719/4294 2721/1694/2269
f 1951/1409/1984 2769/1411/1986 677/3696/4271
f 1952/1410/1985 673/1381/1956 2769/1411/1986
f 2677/1157/1732 672/3626/4201 2450/1158/1733
f 2448/1153/1728 676/3743/4318 2707/1156/1731
f 2287/1936/2511 2289/1938/2513 675/3678/4253
f 2287/1936/2511 675/3678/4253 2697/1940/2515
f 2110/1661/2236 670/1635/2210 2109/1662/2237
f 669/1349/1924 2770/3630/4205 1933/1378/1953
f 2650/2186/2761 668/3556/4131 2430/2182/2757
f 2677/1157/1732 2429/2180/2755 672/3626/4201
f 2270/1905/2480 2771/1907/2482 671/1909/2484
f 2271/1906/2481 667/3536/4111 2771/1907/2482
f 2630/1604/2179 666/2287/2862 2089/1636/2211
f 2772/1344/1919 669/1349/1924 1909/1345/1920
f 1910/1347/1922 665/1319/1894 2772/1344/1919
f 2406/2146/2721 2408/2148/2723 668/3556/4131
f 2406/2146/2721 668/3556/4131 2650/2186/2761
f 2250/1873/2448 2251/1879/2454 667/3536/4111
f 2345/2028/2603 2346/2034/2609 2773/2029/2604
f 2773/2029/2604 659/2065/2640 2234/2033/2608
f 2006/1502/2077 662/1475/2050 658/2639/3214
f 2005/1503/2078 658/2639/3214 2198/1507/2082
f 2362/2059/2634 659/2065/2640 2774/2060/2635
f 2103/2064/2639 2774/2060/2635 656/2094/2669
f 2026/1537/2112 655/1539/2114 2025/1535/2110
f 2027/1536/2111 658/2639/3214 2026/1537/2112
f 2208/1812/2387 657/1785/2360 2207/1813/2388
f 2207/1813/2388 654/2394/2969 1987/1817/2392
f 1873/907/1482 1874/906/1481 653/2477/3052
f 1872/905/1480 653/2477/3052 1936/909/1484
f 2376/2090/2665 656/2094/2669 2775/2091/2666
f 1924/2093/2668 2775/2091/2666 652/2348/2923
f 2042/1569/2144 651/1572/2147 2041/1567/2142
f 2229/1843/2418 663/1847/2422 2228/1844/2419
f 2391/2119/2694 664/2124/2699 2390/2120/2695
f 2392/2122/2697 652/2348/2923 2391/2119/2694
f 1893/1314/1889 665/1319/1894 1892/1315/1890
f 1894/1317/1892 653/2477/3052 1893/1314/1889
f 2065/1599/2174 2067/1601/2176 666/2287/2862
f 2065/1599/2174 666/2287/2862 2630/1604/2179
f 2324/969/1544 2342/965/1540 440/973/1548
f 2145/1043/1618 2147/1045/1620 690/2714/3289
f 1966/1116/1691 1964/1114/1689 1965/1113/1688
f 2458/1262/1837 409/1267/1842 2457/1263/1838
f 2304/979/1554 2326/972/1547 2725/976/1551
f 2125/1050/1625 701/1061/1636 704/1051/1626
f 1947/1122/1697 1966/1116/1691 2699/1119/1694
f 2669/926/1501 699/3606/4181 2443/916/1491
f 2441/914/1489 703/1265/1840 2698/918/1493
f 2662/992/1567 2808/987/1562 2285/986/1561
f 2105/1056/1631 698/1069/1644 2104/1057/1632
f 697/1141/1716 2809/3760/4335 1927/1131/1706
f 2422/923/1498 2424/929/1504 699/3606/4181
f 694/1071/1646 2793/3761/4336 2085/1068/1643
f 2810/1140/1715 697/1141/1716 1905/1138/1713
f 1906/1139/1714 693/1149/1724 2810/1140/1715
f 2164/1034/1609 690/2714/3289 2163/1035/1610
f 2341/962/1537 2342/965/1540 2811/963/1538
f 2811/963/1538 688/956/1531 2292/960/1535
f 2003/1100/1675 691/1103/1678 687/2658/3233
f 2002/1098/1673 687/2658/3233 2227/1101/1676
f 2022/1091/1666 684/1093/1668 2021/1089/1664
f 2023/1090/1665 687/2658/3233 2022/1091/1666
f 2204/1018/1593 686/1024/1599 683/1019/1594
f 1868/2233/2808 682/2381/2956 1991/1150/1725
f 2373/946/1521 685/951/1526 2812/947/1522
f 1973/944/1519 2812/947/1522 681/2387/2962
f 2813/1010/1585 679/1014/1589 2223/1011/1586
f 2224/1013/1588 683/1019/1594 2813/1010/1585
f 2387/942/1517 681/2387/2962 2386/939/1514
f 1886/1145/1720 693/1149/1724 1885/1146/1721
f 1887/1151/1726 682/2381/2956 1886/1145/1720
f 2058/1074/1649 2060/1076/1651 694/1071/1646
f 2245/1005/1580 679/1014/1589 695/1003/1578
f 1981/1465/2040 1958/1432/2007 1980/1462/2037
f 2476/1467/2042 1980/1462/2037 1998/1496/2071
f 2718/1964/2539 713/1990/2565 2322/1991/2566
f 2321/1988/2563 2337/2026/2601 441/1992/2567
f 2143/1713/2288 2702/1687/2262 2844/3687/4262
f 2456/2213/2788 408/2215/2790 2454/2211/2786
f 2717/1960/2535 2841/3762/4337 713/1990/2565
f 2120/1682/2257 2121/1685/2260 2119/1683/2258
f 1942/1403/1978 2845/1405/1980 1941/1401/1976
f 2663/2174/2749 711/3592/4167 2439/2205/2780
f 2438/2202/2777 2456/2213/2788 2691/2207/2782
f 2657/1901/2476 2280/1927/2502 2281/1930/2505
f 2279/1928/2503 2841/3762/4337 2685/1932/2507
f 2099/1653/2228 3821/1627/2202 2098/1654/2229
f 2098/1654/2229 2121/1685/2260 2671/1658/2233
f 1919/1369/1944 1920/1371/1946 712/1373/1948
f 710/1341/1916 1920/1371/1946 1921/1370/1945
f 2417/2170/2745 2419/2177/2752 711/3592/4167
f 2262/1899/2474 2240/1866/2441 2261/1896/2471
f 2261/1896/2471 2240/1866/2441 2260/1897/2472
f 2076/1623/2198 2078/1628/2203 3821/1627/2202
f 3863/1743/2318 475/1715/2290 3492/1745/2320
f 2336/2020/2595 2337/2026/2601 709/2622/3197
f 2335/2021/2596 709/2622/3197 2349/2025/2600
f 2178/1772/2347 3492/1745/2320 708/1773/2348
f 2354/2052/2627 2356/2053/2628 2171/2056/2631
f 2171/2056/2631 2356/2053/2628 2820/2419/2994
f 2016/1526/2101 2140/1531/2106 2015/1527/2102
f 2017/1529/2104 2283/1499/2074 2016/1526/2101
f 2140/1531/2106 2016/1526/2101 2035/1561/2136
f 2200/1804/2379 707/1809/2384 2199/1805/2380
f 1863/2225/2800 3864/1312/1887 2045/1311/1886
f 2371/2089/2664 2171/2056/2631 2820/2419/2994
f 2008/2088/2663 2820/2419/2994 706/2114/2689
f 2217/1835/2410 3465/1840/2415 2216/1836/2411
f 1881/1305/1880 705/1310/1885 1880/1306/1881
f 2052/1590/2165 3451/1595/2170 2051/1591/2166
f 2634/2140/2715 2398/2142/2717 2419/2177/2752
f 1901/1336/1911 710/1341/1916 1900/1337/1912
f 1902/1339/1914 705/1310/1885 1901/1336/1911
f 1901/1336/1911 705/1310/1885 710/1341/1916
f 2156/1738/2313 2135/1703/2278 2882/1732/2307
f 1975/1457/2032 736/1424/1999 2883/1454/2029
f 2687/1397/1972 1955/1423/1998 1956/1426/2001
f 2453/1245/1820 407/1250/1825 2452/1246/1821
f 2293/1952/2527 2317/1984/2559 2706/1956/2531
f 2114/1675/2250 731/1650/2225 735/1676/2251
f 1937/1395/1970 730/1365/1940 734/1393/1968
f 2435/2198/2773 729/3574/4149 2434/2195/2770
f 2658/2164/2739 729/3574/4149 2435/2198/2773
f 2433/2196/2771 733/1248/1823 2686/1252/1827
f 2649/1893/2468 2884/1919/2494 2276/1922/2497
f 2093/1646/2221 2095/1648/2223 731/1650/2225
f 727/1333/1908 2885/1363/1938 1915/1362/1937
f 2658/2164/2739 2413/2159/2734 729/3574/4149
f 2332/2011/2586 442/1985/2560 2886/2012/2587
f 1992/1486/2061 2477/1459/2034 724/1487/2062
f 2010/1521/2096 721/1523/2098 2009/1519/2094
f 2011/1520/2095 724/1487/2062 2010/1521/2096
f 2195/1796/2371 723/1769/2344 2194/1797/2372
f 2194/1797/2372 720/1830/2405 2129/1801/2376
f 1859/2218/2793 407/1250/1825 719/2219/2794
f 2365/2075/2650 722/2048/2623 2887/2076/2651
f 2057/2080/2655 2887/2076/2651 718/2106/2681
f 2030/1553/2128 721/1523/2098 2888/1550/2125
f 2212/1827/2402 716/1832/2407 2211/1828/2403
f 1877/1296/1871 714/1301/1876 1876/1297/1872
f 2047/1582/2157 717/1556/2131 2046/1583/2158
f 2046/1583/2158 2073/1617/2192 1858/1587/2162
f 2235/1860/2435 716/1832/2407 726/1858/2433
f 1884/2108/2683 2889/2133/2708 2394/2136/2711
f 2393/2134/2709 2414/2167/2742 2627/2166/2741
f 2890/1331/1906 727/1333/1908 1897/1329/1904
f 1898/1330/1905 714/1301/1876 2890/1331/1906
f 2072/1614/2189 2073/1617/2192 728/1615/2190
f 2157/1727/2302 476/1699/2274 3361/1728/2303
f 3360/1724/2299 742/1729/2304 2157/1727/2302
f 3324/1447/2022 1976/1446/2021 2896/1452/2027
f 3391/1979/2554 2334/2006/2581 2318/1975/2550
f 3356/1696/2271 751/3740/4315 2138/1700/2275
f 3356/1696/2271 2139/1695/2270 751/3740/4315
f 2138/1700/2275 751/3740/4315 480/1673/2248
f 3295/1255/1830 3294/1253/1828 3296/1259/1834
f 2297/1945/2520 2897/3698/4273 2296/1949/2524
f 3389/1942/2517 2897/3698/4273 2297/1945/2520
f 3389/1942/2517 3392/1980/2555 2897/3698/4273
f 2296/1949/2524 750/3633/4208 449/1916/2491
f 2117/1671/2246 749/3673/4248 2116/3763/4338
f 3353/1668/2243 751/3740/4315 2117/1671/2246
f 1939/1386/1961 748/3764/4339 3315/1387/1962
f 1939/1386/1961 511/1388/1963 748/3764/4339
f 3315/1387/1962 748/3764/4339 515/1356/1931
f 3426/2190/2765 414/2192/2767 2898/2193/2768
f 2898/2193/2768 2416/2149/2724 418/2154/2729
f 3349/1637/2212 2096/1643/2218 2097/1639/2214
f 484/1641/2216 749/3673/4248 3349/1637/2212
f 3311/1352/1927 2899/3584/4159 1916/1358/1933
f 1917/1351/1926 2899/3584/4159 3311/1352/1927
f 1917/1351/1926 748/3764/4339 2899/3584/4159
f 519/1325/1900 2899/3584/4159 747/1321/1896
f 2258/1883/2458 746/3562/4137 2257/1886/2461
f 3380/1880/2455 746/3562/4137 2258/1883/2458
f 2257/1886/2461 746/3562/4137 457/1853/2428
f 3346/1605/2180 2074/1612/2187 2075/1608/2183
f 3397/2001/2576 745/2040/2615 3398/2004/2579
f 3330/1480/2055 743/1450/2025 1994/1484/2059
f 3329/1477/2052 744/2609/3184 3330/1480/2055
f 2175/1758/2333 2900/2670/3245 3366/1759/2334
f 3365/1755/2330 469/1760/2335 2900/2670/3245
f 434/2041/2616 3403/2038/2613 3402/2035/2610
f 2012/1516/2091 744/2609/3184 504/1482/2057
f 2197/1790/2365 469/1760/2335 3370/1791/2366
f 3515/2756/3331 739/2434/3009 3516/2759/3334
f 3517/2762/3337 3294/1253/1828 2082/1257/1832
f 3339/1544/2119 496/1547/2122 2031/1546/2121
f 3374/1820/2395 2901/2475/3050 2213/1825/2400
f 2214/1819/2394 737/2337/2912 2901/2475/3050
f 2213/1825/2400 740/2473/3048 465/1792/2367
f 2380/2098/2673 426/2100/2675 738/2437/3012
f 3414/2099/2674 738/2437/3012 430/2071/2646
f 3304/1290/1865 739/2434/3009 527/2761/3336
f 2238/1852/2427 737/2337/2912 2237/1855/2430
f 3376/1849/2424 2902/2335/2910 2238/1852/2427
f 457/1853/2428 2902/2335/2910 3376/1849/2424
f 2237/1855/2430 737/2337/2912 461/1824/2399
f 2395/2126/2701 3419/2131/2706 3418/2127/2702
f 3326/1456/2031 755/1458/2033 761/1460/2035
f 3393/1986/2561 2338/2017/2592 2323/1982/2557
f 757/1706/2281 2907/1704/2279 3357/1701/2276
f 2144/1708/2283 3354/1674/2249 479/1679/2254
f 3321/1422/1997 761/1460/2035 2908/1425/2000
f 3292/1247/1822 753/3725/4300 760/3666/4241
f 3293/1251/1826 760/3666/4241 413/2199/2774
f 2302/1950/2525 3394/1987/2562 2301/1953/2528
f 3316/1392/1967 514/1364/1939 1944/1398/1973
f 3427/2194/2769 760/3666/4241 2909/2197/2772
f 3386/1921/2496 452/1892/2467 2282/1925/2500
f 3385/1918/2493 759/1957/2532 3386/1921/2496
f 1923/1359/1934 514/1364/1939 3312/1360/1935
f 518/1332/1907 3312/1360/1935 758/1327/1902
f 417/2163/2738 2420/2161/2736 2421/2158/2733
f 3381/1887/2462 2263/1894/2469 2264/1890/2465
f 2263/1894/2469 2244/1856/2431 456/1861/2436
f 2080/1616/2191 491/1586/2161 2079/1620/2195
f 2081/1613/2188 2101/1651/2226 2080/1616/2191
f 2400/2132/2707 2399/2137/2712 3420/2135/2710
f 2160/1734/2309 757/1706/2281 3362/1735/2310
f 3399/2010/2585 437/2015/2590 2339/2013/2588
f 2000/1488/2063 755/1458/2033 1999/1492/2067
f 3331/1485/2060 756/2590/3165 2000/1488/2063
f 3367/1764/2339 468/1768/2343 2180/1770/2345
f 2180/1770/2345 2910/2651/3226 472/1736/2311
f 3404/2043/2618 437/2015/2590 3405/2049/2624
f 2018/1524/2099 756/2590/3165 503/1490/2065
f 2203/1798/2373 464/1800/2375 2202/1802/2377
f 3433/2220/2795 753/3725/4300 1865/2223/2798
f 3432/2217/2792 754/2406/2981 3433/2220/2795
f 1865/2223/2798 753/3725/4300 2020/1249/1824
f 2372/2077/2652 433/2047/2622 3410/2078/2653
f 3409/2074/2649 752/2517/3092 2372/2077/2652
f 429/2079/2654 752/2517/3092 3409/2074/2649
f 3341/1552/2127 495/1555/2130 2036/1554/2129
f 2384/2109/2684 752/2517/3092 429/2079/2654
f 3305/1299/1874 754/2406/2981 526/2222/2797
f 2056/1581/2156 2054/1588/2163 2055/1584/2159
f 3377/1857/2432 460/1831/2406 2243/1863/2438
f 3395/1993/2568 3401/2023/2598 770/1989/2564
f 3359/1712/2287 3358/1709/2284 2148/1716/2291
f 3322/1430/2005 1986/1468/2043 1967/1433/2008
f 3430/2212/2787 763/3735/4310 3431/2216/2791
f 3429/2209/2784 1962/2230/2805 763/3735/4310
f 3431/2216/2791 2672/3733/4308 412/2206/2781
f 2308/1961/2536 3865/3730/4305 2307/1965/2540
f 3390/1958/2533 3865/3730/4305 2308/1961/2536
f 2307/1965/2540 3865/3730/4305 447/1931/2506
f 2128/1684/2259 3848/3705/4280 2127/3765/4340
f 3355/1681/2256 3848/3705/4280 2128/1684/2259
f 478/1686/2261 3848/3705/4280 3355/1681/2256
f 3317/1400/1975 509/1404/1979 2916/1406/1981
f 2916/1406/1981 509/1404/1979 1929/1367/1942
f 2444/2208/2783 2672/3733/4308 2425/2171/2746
f 3387/1926/2501 3865/3730/4305 3388/1929/2504
f 3351/1652/2227 482/1657/2232 2107/1655/2230
f 3313/1368/1943 517/1340/1915 1928/1374/1949
f 3424/2172/2747 2425/2171/2746 420/2175/2750
f 416/2173/2748 2425/2171/2746 2426/2168/2743
f 3382/1895/2470 2914/1902/2477 2268/1898/2473
f 2086/1624/2199 2917/2315/2890 3348/1625/2200
f 3347/1621/2196 3352/1656/2231 2086/1624/2199
f 3310/1338/1913 517/1340/1915 1907/1342/1917
f 2404/2138/2713 420/2175/2750 3421/2141/2716
f 3328/1464/2039 3327/1461/2036 1986/1468/2043
f 3363/1740/2315 769/1714/2289 3364/1746/2321
f 3400/2019/2594 768/2596/3171 2343/2022/2597
f 3333/1500/2075 3327/1461/2036 505/1466/2041
f 3368/1774/2349 471/1744/2319 2187/1778/2353
f 2360/2050/2625 3407/2057/2632 3406/2051/2626
f 3407/2057/2632 768/2596/3171 436/2024/2599
f 3337/1528/2103 764/2454/3029 2918/1532/2107
f 502/1498/2073 2918/1532/2107 767/1493/2068
f 3866/1806/2381 463/1808/2383 766/1771/2346
f 3373/1807/2382 766/1771/2346 467/1776/2351
f 3434/2224/2799 525/2229/2804 3435/2227/2802
f 1962/2230/2805 3435/2227/2802 763/3735/4310
f 428/2087/2662 765/2085/2660 3411/2082/2657
f 3412/2086/2661 2360/2050/2625 432/2055/2630
f 3343/1560/2135 764/2454/3029 2040/1562/2137
f 2040/1562/2137 764/2454/3029 498/1530/2105
f 2226/1837/2412 459/1839/2414 2225/1841/2416
f 2225/1841/2416 459/1839/2414 463/1808/2383
f 3417/2113/2688 424/2115/2690 762/3547/4122
f 2388/2117/2692 762/3547/4122 428/2087/2662
f 2063/1589/2164 2061/1596/2171 2062/1592/2167
f 2061/1596/2171 2917/2315/2890 3463/2316/2891
f 494/1563/2138 2061/1596/2171 3463/2316/2891
f 3378/1865/2440 2919/2245/2820 3379/1871/2446
f 2247/1864/2439 2919/2245/2820 3378/1865/2440
f 455/1869/2444 2919/2245/2820 2247/1864/2439
f 2153/1044/1619 3258/1041/1616 783/1047/1622
f 1972/1118/1693 2925/1115/1690 508/1125/1700
f 3266/1112/1687 777/1110/1685 2925/1115/1690
f 2314/977/1552 779/982/1557 2313/980/1555
f 3298/1264/1839 411/917/1492 3299/1268/1843
f 3259/1049/1624 783/1047/1622 2134/1052/1627
f 1953/1120/1695 781/1126/1701 3267/1121/1696
f 3241/912/1487 411/917/1492 2926/915/1490
f 3253/985/1560 450/998/1573 2290/991/1566
f 3260/1055/1630 2133/3724/4299 2927/1058/1633
f 1935/1128/1703 781/1126/1701 3268/1129/1704
f 516/1135/1710 3268/1129/1704 780/3641/4216
f 3242/925/1500 2431/924/1499 419/927/1502
f 415/920/1495 2431/924/1499 2432/921/1496
f 3254/993/1568 2272/999/1574 2273/996/1571
f 2272/999/1574 2253/1001/1576 454/1006/1581
f 2092/1064/1639 2112/1062/1637 2091/1067/1642
f 3243/933/1508 2928/3566/4141 2409/935/1510
f 2410/930/1505 2928/3566/4141 3243/933/1508
f 2410/930/1505 419/927/1502 2928/3566/4141
f 3255/1002/1577 458/1008/1583 2252/1007/1582
f 2330/970/1545 779/982/1557 3252/975/1550
f 3251/974/1549 2347/967/1542 2330/970/1545
f 3265/1107/1682 2929/1109/1684 777/1110/1685
f 2170/1036/1611 776/1033/1608 2169/1039/1614
f 2169/1039/1614 3258/1041/1616 2303/1040/1615
f 3250/961/1536 435/966/1541 2348/964/1539
f 3257/1026/1601 466/1030/1605 2191/1031/1606
f 2191/1031/1606 776/1033/1608 470/1032/1607
f 3248/954/1529 435/966/1541 3249/959/1534
f 3262/1088/1663 774/1087/1662 2930/1094/1669
f 2930/1094/1669 775/1096/1671 501/1095/1670
f 3256/1017/1592 462/1022/1597 2931/1020/1595
f 2377/948/1523 431/958/1533 3247/949/1524
f 427/950/1525 2377/948/1523 3246/945/1520
f 3261/1080/1655 2068/1078/1653 2932/1083/1658
f 2044/1085/1660 774/1087/1662 497/1092/1667
f 2232/1012/1587 462/1022/1597 2231/1015/1590
f 3245/941/1516 423/936/1511 773/943/1518
f 3271/1148/1723 772/2231/2806 524/2236/2811
f 158/615/1190 3867/2005/2580 2933/1978/2553
f 1198/610/1185 3868/2002/2577 3867/2005/2580
f 1198/610/1185 3869/2003/2578 3868/2002/2577
f 3167/609/1184 157/601/1176 3869/2003/2578
f 1196/598/1173 3871/2036/2611 3870/2039/2614
f 1196/598/1173 1197/582/1157 3871/2036/2611
f 1197/582/1157 196/583/1158 2934/2037/2612
f 157/601/1176 3870/2039/2614 197/2008/2583
f 3159/578/1153 3873/2070/2645 3872/2069/2644
f 3159/578/1153 156/3766/4341 3873/2070/2645
f 1195/877/1452 3875/2096/2671 1194/878/1453
f 790/900/1475 3876/2097/2672 1195/877/1452
f 3874/2101/2676 195/2072/2647 156/3766/4341
f 3236/872/1447 3878/1287/1862 3877/1294/1869
f 1217/874/1449 3879/1288/1863 3878/1287/1862
f 1217/874/1449 208/1292/1867 3879/1288/1863
f 3877/1294/1869 789/1293/1868 151/875/1450
f 3880/2129/2704 2936/901/1476 1192/869/1444
f 155/856/1431 3881/2128/2703 1193/868/1443
f 172/865/1440 3882/1323/1898 208/1292/1867
f 3233/864/1439 3883/1324/1899 3882/1323/1898
f 2937/898/1473 3883/1324/1899 3233/864/1439
f 155/856/1431 3884/2157/2732 2465/2130/2705
f 155/856/1431 3885/2150/2725 3884/2157/2732
f 3230/855/1430 154/847/1422 3885/2150/2725
f 171/3767/4342 3887/1355/1930 3229/851/1426
f 171/3767/4342 2483/1357/1932 3888/1353/1928
f 1190/844/1419 3890/2188/2763 3889/2191/2766
f 1190/844/1419 1191/3768/4343 3890/2188/2763
f 193/1260/1835 2939/2189/2764 1191/3768/4343
f 3889/2191/2766 194/2155/2730 154/847/1422
f 3891/1385/1960 2940/1384/1959 1216/839/1414
f 171/3767/4342 1216/839/1414 2483/1357/1932
f 1187/3769/4344 3892/1254/1829 2942/1256/1831
f 153/835/1410 1187/3769/4344 193/1260/1835
f 1189/834/1409 3892/1254/1829 1188/833/1408
f 3893/1417/1992 2943/1416/1991 1214/828/1403
f 170/829/1404 1214/828/1403 2482/1389/1964
f 788/815/1390 3893/1417/1992 1215/824/1399
f 1185/3770/4345 3894/2760/3335 152/818/1393
f 151/875/1450 3895/2758/3333 1186/817/1392
f 3895/2758/3333 2945/2757/3332 1185/3770/4345
f 3897/1448/2023 2946/1449/2024 1213/812/1387
f 3221/811/1386 1213/812/1387 3896/896/1471
f 1212/800/1375 3899/1478/2053 3898/1481/2056
f 3219/799/1374 3899/1478/2053 1212/800/1375
f 206/1483/2058 3900/1479/2054 3219/799/1374
f 169/806/1381 3898/1481/2056 2478/1451/2026
f 1435/793/1368 3902/1510/2085 3901/1513/2088
f 168/788/1363 3903/1511/2086 3215/792/1367
f 168/788/1363 3904/1545/2120 205/1515/2090
f 1210/784/1359 3905/1542/2117 3904/1545/2120
f 1211/783/1358 3905/1542/2117 1210/784/1359
f 1211/783/1358 167/774/1349 3906/1543/2118
f 3907/1574/2149 2947/1577/2152 167/774/1349
f 204/1580/2155 3908/1575/2150 1209/773/1348
f 167/774/1349 2947/1577/2152 2475/1548/2123
f 1431/765/1340 3910/1606/2181 3909/1609/2184
f 166/759/1334 3911/1607/2182 1208/768/1343
f 166/759/1334 3912/1640/2215 203/1611/2186
f 3205/758/1333 3913/1638/2213 3912/1640/2215
f 1207/756/1331 3913/1638/2213 3205/758/1333
f 165/750/1325 1205/749/1324 2949/1672/2247
f 3914/1670/2245 2948/1669/2244 1205/749/1324
f 787/891/1466 3914/1670/2245 1206/3771/4346
f 3916/1697/2272 2950/1698/2273 1203/3772/4347
f 1428/743/1318 1203/3772/4347 3915/892/1467
f 786/735/1310 3916/1697/2272 1204/736/1311
f 3198/734/1309 3918/1725/2300 3917/885/1460
f 164/726/1301 3918/1725/2300 3198/734/1309
f 3196/722/1297 3921/1756/2331 3920/1762/2337
f 163/713/1288 3922/1757/2332 1202/721/1296
f 164/726/1301 3920/1762/2337 201/1730/2305
f 163/713/1288 3923/1794/2369 2471/1761/2336
f 3192/710/1285 3924/1788/2363 3923/1794/2369
f 3193/709/1284 3924/1788/2363 3192/710/1285
f 3193/709/1284 162/699/1274 3925/1789/2364
f 3926/1823/2398 2951/1822/2397 162/699/1274
f 785/689/1264 3927/1821/2396 3189/697/1272
f 162/699/1274 2951/1822/2397 200/1793/2368
f 3186/688/1263 3929/1850/2425 3928/883/1458
f 161/686/1261 3929/1850/2425 3186/688/1263
f 3931/1881/2456 2952/1884/2459 1201/674/1249
f 161/686/1261 1201/674/1249 2469/1854/2429
f 784/882/1457 3932/1882/2457 3182/672/1247
f 1420/663/1238 3934/1912/2487 3933/880/1455
f 3179/662/1237 3935/1913/2488 3934/1912/2487
f 3179/662/1237 160/647/1222 3935/1913/2488
f 159/634/1209 3937/1943/2518 1200/643/1218
f 198/1948/2523 2953/1944/2519 159/634/1209
f 3936/1946/2521 199/1917/2492 160/647/1222
f 1199/631/1206 3938/1976/2551 2954/1977/2552
f 159/634/1209 1199/631/1206 198/1948/2523
f 158/615/1190 3939/1974/2549 3172/629/1204
f 1220/3773/4348 3941/1473/2048 2966/1472/2047
f 1470/606/1181 1220/3773/4348 3940/1469/2044
f 1277/761/1336 3941/1473/2048 1220/3773/4348
f 174/3774/4349 3940/1469/2044 797/1474/2049
f 3164/604/1179 2965/1318/1893 1260/575/1150
f 3165/603/1178 3943/1316/1891 3164/604/1179
f 3165/603/1178 192/779/1354 3944/1320/1895
f 1219/596/1171 2967/1414/1989 2968/1408/1983
f 173/762/1337 3945/1407/1982 2964/1412/1987
f 173/762/1337 1219/596/1171 3945/1407/1982
f 209/1380/1955 2967/1414/1989 1219/596/1171
f 1251/589/1164 3947/2121/2696 3946/2118/2693
f 1250/585/1160 3948/2125/2700 3947/2121/2696
f 1250/585/1160 188/741/1316 3948/2125/2700
f 3950/1350/1925 2969/1346/1921 1218/3775/4350
f 1461/576/1151 1218/3775/4350 3949/1343/1918
f 3951/2061/2636 2970/2058/2633 187/571/1146
f 1249/570/1145 186/731/1306 3952/2062/2637
f 1332/3776/4351 3953/1996/2571 2962/1998/2573
f 1248/3777/4352 3954/3778/4353 3953/1996/2571
f 1248/3777/4352 1247/3779/4354 3954/3778/4353
f 218/1971/2546 2971/1999/2574 1247/3779/4354
f 3232/859/1434 3956/1937/2512 1246/861/1436
f 217/1908/2483 3957/1941/2516 3232/859/1434
f 184/719/1294 3955/1934/2509 794/1939/2514
f 1245/3780/4355 3959/1876/2451 2972/1875/2450
f 1319/708/1283 3958/1872/2447 2961/1877/2452
f 1319/708/1283 1245/3780/4355 3958/1872/2447
f 216/696/1271 3959/1876/2451 1493/695/1270
f 3961/1818/2393 2973/1814/2389 1243/3781/4356
f 1244/3782/4357 1243/3781/4356 3960/1811/2386
f 3960/1811/2386 793/1816/2391 183/3783/4358
f 1242/3784/4359 3963/1754/2329 2974/1748/2323
f 181/822/1397 1242/3784/4359 3962/1747/2322
f 214/671/1246 3963/1754/2329 3222/821/1396
f 181/822/1397 3962/1747/2322 792/1752/2327
f 1241/809/1384 3964/1691/2266 2976/1688/2263
f 1306/665/1240 1241/809/1384 2960/1693/2268
f 1240/808/1383 213/1665/2240 2975/3785/4360
f 1239/796/1371 3966/1633/2208 2977/1632/2207
f 179/798/1373 3965/1629/2204 2959/1634/2209
f 178/639/1214 3966/1633/2208 3217/795/1370
f 177/790/1365 1238/3786/4361 3967/1565/2140
f 176/3787/4362 3968/1570/2145 3213/789/1364
f 3968/1570/2145 2978/1566/2141 1238/3786/4361
f 192/779/1354 1237/782/1357 3969/903/1478
f 191/781/1356 2463/911/1486 3970/910/1485
f 3970/910/1485 2979/904/1479 1237/782/1357
f 192/779/1354 3969/903/1478 2464/908/1483
f 1235/3788/4363 3972/1505/2080 2980/1504/2079
f 175/628/1203 3971/1501/2076 2956/1506/2081
f 1236/627/1202 1235/3788/4363 3971/1501/2076
f 174/3774/4349 3972/1505/2080 3209/770/1345
f 1234/763/1338 2981/1445/2020 2982/1441/2016
f 1277/761/1336 3973/1438/2013 210/1443/2018
f 1277/761/1336 1234/763/1338 3973/1438/2013
f 1234/763/1338 2964/1412/1987 2981/1445/2020
f 1298/651/1226 2983/754/1329 2958/1155/1730
f 190/619/1194 3975/1154/1729 3203/753/1328
f 189/623/1198 3976/2144/2719 2955/2185/2760
f 1233/747/1322 3977/3789/4364 3976/2144/2719
f 1233/747/1322 1232/746/1321 3977/3789/4364
f 1232/746/1321 796/2123/2698 2984/2147/2722
f 3978/887/1462 795/889/1464 188/741/1316
f 1231/740/1315 1230/739/1314 3978/887/1462
f 2963/2063/2638 2985/2092/2667 1230/739/1314
f 3197/728/1303 3979/2027/2602 186/731/1306
f 1332/3776/4351 3981/2031/2606 3197/728/1303
f 3979/2027/2602 219/2032/2607 186/731/1306
f 185/716/1291 1229/720/1295 218/1971/2546
f 3194/715/1290 184/719/1294 3982/1969/2544
f 184/719/1294 794/1939/2514 2986/1973/2548
f 1229/720/1295 3982/1969/2544 2987/1966/2541
f 1228/704/1279 2988/1910/2485 2989/1904/2479
f 1497/705/1280 1228/704/1279 3983/1903/2478
f 2961/1877/2452 2988/1910/2485 1228/704/1279
f 1227/691/1266 183/3783/4358 2991/1845/2420
f 3188/692/1267 1227/691/1266 3984/1842/2417
f 793/1816/2391 2990/1848/2423 183/3783/4358
f 1225/3790/4365 3986/1786/2361 2992/1780/2355
f 182/837/1412 3985/1779/2354 215/1784/2359
f 1226/678/1253 1225/3790/4365 3985/1779/2354
f 3184/677/1252 181/822/1397 3986/1786/2361
f 1224/666/1241 3988/1723/2298 2993/1720/2295
f 3180/667/1242 1224/666/1241 3987/1717/2292
f 3990/1667/2242 2994/1663/2238 1223/656/1231
f 180/3791/4366 3989/1660/2235 213/1665/2240
f 180/3791/4366 1223/656/1231 3989/1660/2235
f 191/781/1356 1254/654/1229 2463/911/1486
f 3177/653/1228 1253/652/1227 3991/1271/1846
f 2958/1155/1730 2995/1274/1849 1253/652/1227
f 1222/638/1213 2996/1600/2175 2997/1602/2177
f 178/639/1214 3992/1597/2172 212/1603/2178
f 178/639/1214 1222/638/1213 3992/1597/2172
f 2957/1571/2146 2996/1600/2175 1222/638/1213
f 1270/595/1170 3994/1376/1951 3993/1375/1950
f 1252/635/1210 3995/1382/1957 3994/1376/1951
f 791/1348/1923 3995/1382/1957 1252/635/1210
f 1221/3792/4367 3997/1540/2115 2998/1534/2109
f 176/3787/4362 3996/1533/2108 211/1538/2113
f 176/3787/4362 1221/3792/4367 3996/1533/2108
f 3998/2179/2754 2999/2184/2759 190/619/1194
f 189/623/1198 3998/2179/2754 3169/617/1192
f 190/619/1194 2999/2184/2759 221/2183/2758
f 1184/3793/4368 3003/3794/4369 3002/3795/4370
f 986/335/910 1184/3793/4368 3002/3795/4370
f 3003/3794/4369 3156/3796/4371 3129/3797/4372
f 985/3798/4373 66/3799/4374 1184/3793/4368
f 1184/3793/4368 4001/3800/4375 3155/3801/4376
f 1184/3793/4368 3155/3801/4376 3156/3796/4371
f 4000/3802/4377 1183/3803/4378 3024/3804/4379
f 86/311/886 4000/3802/4377 3024/3804/4379
f 3024/3804/4379 1183/3803/4378 3023/3805/4380
f 1125/3806/4381 3026/3807/4382 4001/3800/4375
f 65/293/868 1125/3806/4381 66/3799/4374
f 4001/3800/4375 3026/3807/4382 3155/3801/4376
f 1182/3808/4383 1181/3809/4384 1183/3803/4378
f 85/284/859 1182/3808/4383 4000/3802/4377
f 84/276/851 1182/3808/4383 85/284/859
f 1183/3803/4378 1181/3809/4384 3154/3810/4385
f 1183/3803/4378 3154/3810/4385 3023/3805/4380
f 1182/3808/4383 1180/3811/4386 1181/3809/4384
f 84/276/851 991/254/829 1182/3808/4383
f 1181/3809/4384 1180/3811/4386 3153/3812/4387
f 1181/3809/4384 3153/3812/4387 3154/3810/4385
f 991/254/829 3027/3813/4388 1180/3811/4386
f 1180/3811/4386 3027/3813/4388 3151/3814/4389
f 83/232/807 3028/3815/4390 4002/253/828
f 83/232/807 990/231/806 3028/3815/4390
f 82/209/784 3029/3816/4391 4003/3817/4392
f 4003/3817/4392 3029/3816/4391 3148/3818/4393
f 4003/3817/4392 3148/3818/4393 3149/3819/4394
f 989/189/764 4004/3820/4395 81/190/765
f 80/167/742 4004/3820/4395 989/189/764
f 4005/3821/4396 3147/3822/4397 3029/3816/4391
f 80/167/742 4005/3821/4396 4004/3820/4395
f 79/148/723 4005/3821/4396 80/167/742
f 79/148/723 3030/3823/4398 4005/3821/4396
f 4005/3821/4396 3030/3823/4398 3146/3824/4399
f 4005/3821/4396 3146/3824/4399 3147/3822/4397
f 1179/3825/4400 3030/3823/4398 79/148/723
f 988/133/708 4006/3826/4401 1179/3825/4400
f 988/133/708 3031/3827/4402 4006/3826/4401
f 3031/3827/4402 3142/3828/4403 4006/3826/4401
f 4006/3826/4401 3142/3828/4403 3018/3829/4404
f 77/113/688 1178/3830/4405 988/133/708
f 76/84/659 1178/3830/4405 77/113/688
f 3031/3827/4402 3141/3831/4406 3142/3828/4403
f 76/84/659 1177/3832/4407 1178/3830/4405
f 1178/3830/4405 1176/3833/4408 3016/3834/4409
f 1177/3832/4407 4008/3835/4410 1176/3833/4408
f 75/58/633 4008/3835/4410 4007/83/658
f 1176/3833/4408 4008/3835/4410 3014/3836/4411
f 74/42/617 3032/3837/4412 75/58/633
f 3033/3838/4413 4009/3839/4414 74/42/617
f 73/41/616 4010/3840/4415 3033/3838/4413
f 3033/3838/4413 4010/3840/4415 3010/3841/4416
f 4011/453/1028 3035/3842/4417 3034/3843/4418
f 4012/452/1027 1146/3844/4419 3035/3842/4417
f 1146/3844/4419 3138/3845/4420 3035/3842/4417
f 4013/3846/4421 3036/3847/4422 1146/3844/4419
f 71/3848/4423 4013/3846/4421 4012/452/1027
f 70/425/1000 4013/3846/4421 71/3848/4423
f 1146/3844/4419 3036/3847/4422 3138/3845/4420
f 4013/3846/4421 1146/3844/4419 4012/452/1027
f 4014/3849/4424 798/3850/4425 3036/3847/4422
f 70/425/1000 4014/3849/4424 4013/3846/4421
f 3037/3851/4426 798/3850/4425 4014/3849/4424
f 3036/3847/4422 798/3850/4425 3007/3852/4427
f 4013/3846/4421 4014/3849/4424 3036/3847/4422
f 4015/3853/4428 3006/3854/4429 3134/3855/4430
f 68/400/975 4016/3856/4431 4015/3853/4428
f 67/385/960 1122/3857/4432 68/400/975
f 4015/3853/4428 4016/3856/4431 3006/3854/4429
f 4017/3858/4433 1121/3859/4434 1125/3806/4381
f 65/293/868 4017/3858/4433 1125/3806/4381
f 88/365/940 1121/3859/4434 4017/3858/4433
f 1125/3806/4381 1121/3859/4434 3132/3860/4435
f 1125/3806/4381 3132/3860/4435 3026/3807/4382
f 1116/359/934 4016/3856/4431 1122/3857/4432
f 1116/359/934 1122/3857/4432 67/385/960
f 88/365/940 4018/3861/4436 1121/3859/4434
f 992/363/938 4018/3861/4436 88/365/940
f 1121/3859/4434 4018/3861/4436 3130/3862/4437
f 87/349/924 3039/3863/4438 4019/350/925
f 1115/3864/4439 3274/3865/4440 3000/3866/4441
f 3129/3797/4372 118/3867/4442 3004/3868/4443
f 3001/3869/4444 3000/3866/4441 3130/3862/4437
f 3132/3860/4435 134/3870/4445 1105/3871/4446
f 3005/3872/4447 120/3873/4448 3006/3854/4429
f 3005/3872/4447 3006/3854/4429 4016/3856/4431
f 3004/3868/4443 119/3874/4449 120/3873/4448
f 3134/3855/4430 120/3873/4448 121/3875/4450
f 3134/3855/4430 121/3875/4450 3007/3852/4427
f 3007/3852/4427 3136/3876/4451 3036/3847/4422
f 121/3875/4450 122/3877/4452 3136/3876/4451
f 3138/3845/4420 3136/3876/4451 123/3878/4453
f 3008/3879/4454 124/3880/4455 3009/3881/4456
f 3009/3881/4456 3010/3841/4416 4010/3840/4415
f 3010/3841/4416 124/3880/4455 125/3882/4457
f 3011/3883/4458 125/3882/4457 3012/3884/4459
f 3013/3885/4460 3012/3884/4459 3014/3836/4411
f 3014/3836/4411 3015/3886/4461 3016/3834/4409
f 3015/3886/4461 126/3887/4462 127/3888/4463
f 3016/3834/4409 127/3888/4463 3141/3831/4406
f 3018/3829/4404 127/3888/4463 3017/3889/4464
f 3141/3831/4406 127/3888/4463 3142/3828/4403
f 3018/3829/4404 3017/3889/4464 3146/3824/4399
f 3148/3818/4393 129/3890/4465 3019/3891/4466
f 3146/3824/4399 129/3890/4465 3147/3822/4397
f 3019/3891/4466 129/3890/4465 130/3892/4467
f 3019/3891/4466 130/3892/4467 3020/3893/4468
f 3020/3893/4468 130/3892/4467 131/3894/4469
f 3021/3895/4470 3020/3893/4468 131/3894/4469
f 3149/3819/4394 3020/3893/4468 3021/3895/4470
f 3151/3814/4389 131/3894/4469 132/3896/4471
f 3021/3895/4470 131/3894/4469 3151/3814/4389
f 3151/3814/4389 132/3896/4471 3153/3812/4387
f 3153/3812/4387 132/3896/4471 1106/3897/4472
f 3153/3812/4387 1106/3897/4472 3154/3810/4385
f 3022/3898/4473 1105/3871/4446 117/3899/4474
f 3024/3804/4379 1115/3864/4439 3025/3900/4475
f 3023/3805/4380 1115/3864/4439 3024/3804/4379
f 3023/3805/4380 133/3901/4476 1115/3864/4439
f 1115/3864/4439 133/3901/4476 3274/3865/4440
f 3156/3796/4371 117/3899/4474 118/3867/4442
f 251/879/1454 222/580/1155 1414/3902/4477
f 119/3874/4449 3272/3903/4478 1264/3904/4479
f 1438/3905/4480 1368/3906/4481 1439/3907/4482
f 1369/3908/4483 1368/3906/4481 1438/3905/4480
f 1105/3871/4446 134/3870/4445 1360/3909/4484
f 1439/3907/4482 250/873/1448 242/3910/4485
f 118/3867/4442 1367/3911/4486 119/3874/4449
f 1366/3912/4487 3273/3913/4488 3272/3903/4478
f 1365/3914/4489 1364/3915/4490 1369/3908/4483
f 1368/3906/4481 1450/862/1437 250/873/1448
f 1369/3908/4483 1364/3915/4490 1368/3906/4481
f 1363/3916/4491 247/845/1420 249/857/1432
f 1366/3912/4487 1363/3916/4491 3273/3913/4488
f 1365/3914/4489 1361/3917/4492 1364/3915/4490
f 1362/3918/4493 1361/3917/4492 1365/3914/4489
f 1364/3915/4490 246/840/1415 248/853/1428
f 1360/3909/4484 1359/3919/4494 1367/3911/4486
f 1363/3916/4491 245/830/1405 247/845/1420
f 1367/3911/4486 1359/3919/4494 1366/3912/4487
f 1356/3920/4495 3275/3921/4496 1362/3918/4493
f 1361/3917/4492 1451/842/1417 246/840/1415
f 1362/3918/4493 3275/3921/4496 1361/3917/4492
f 1360/3909/4484 1355/3922/4497 1359/3919/4494
f 1359/3919/4494 1354/3923/4498 1358/3924/4499
f 1358/3924/4499 243/819/1394 245/830/1405
f 1352/3925/4500 241/813/1388 244/826/1401
f 1356/3920/4495 1352/3925/4500 3275/3921/4496
f 1355/3922/4497 1439/3907/4482 1354/3923/4498
f 1438/3905/4480 1439/3907/4482 1355/3922/4497
f 1354/3923/4498 242/3910/4485 243/819/1394
f 1350/3926/4501 1349/3927/4502 1352/3925/4500
f 1106/3897/4472 1351/3928/4503 1357/3929/4504
f 132/3896/4471 1351/3928/4503 1106/3897/4472
f 1352/3925/4500 240/802/1377 241/813/1388
f 1357/3929/4504 1350/3926/4501 1356/3920/4495
f 1351/3928/4503 1348/3930/4505 1350/3926/4501
f 1349/3927/4502 1452/805/1380 240/802/1377
f 1350/3926/4501 3276/3931/4506 1349/3927/4502
f 1351/3928/4503 1346/3932/4507 1348/3930/4505
f 1347/3933/4508 1346/3932/4507 1351/3928/4503
f 131/3894/4469 1351/3928/4503 132/3896/4471
f 1345/3934/4509 239/786/1361 3277/3935/4510
f 3277/3935/4510 239/786/1361 3214/791/1366
f 1348/3930/4505 3277/3935/4510 3276/3931/4506
f 1347/3933/4508 1344/3936/4511 1346/3932/4507
f 1343/3937/4512 238/3938/4513 1345/3934/4509
f 1345/3934/4509 238/3938/4513 239/786/1361
f 1342/3939/4514 1344/3936/4511 1347/3933/4508
f 1342/3939/4514 1341/3940/4515 1344/3936/4511
f 1341/3940/4515 1340/3941/4516 1344/3936/4511
f 1340/3941/4516 237/775/1350 1343/3937/4512
f 1343/3937/4512 237/775/1350 238/3938/4513
f 1339/3942/4517 1453/767/1342 1340/3941/4516
f 1340/3941/4516 1453/767/1342 237/775/1350
f 1342/3939/4514 1338/3943/4518 1341/3940/4515
f 1336/3944/4519 1338/3943/4518 1342/3939/4514
f 1337/3945/4520 235/751/1326 1339/3942/4517
f 1339/3942/4517 235/751/1326 236/757/1332
f 1338/3943/4518 1335/3946/4521 1337/3945/4520
f 128/3947/4522 1336/3944/4519 129/3890/4465
f 1337/3945/4520 234/3948/4523 235/751/1326
f 1333/3949/4524 233/744/1319 1335/3946/4521
f 1335/3946/4521 233/744/1319 234/3948/4523
f 1336/3944/4519 1334/3950/4525 1338/3943/4518
f 1330/3951/4526 1329/3952/4527 1334/3950/4525
f 128/3947/4522 1330/3951/4526 1336/3944/4519
f 127/3888/4463 1330/3951/4526 128/3947/4522
f 1328/3953/4528 1454/732/1307 1333/3949/4524
f 1333/3949/4524 1454/732/1307 233/744/1319
f 1323/3954/4529 1328/3953/4528 1329/3952/4527
f 1322/3955/4530 231/711/1286 1328/3953/4528
f 1328/3953/4528 231/711/1286 232/723/1298
f 1317/3956/4531 1322/3955/4530 1323/3954/4529
f 127/3888/4463 1318/3957/4532 1330/3951/4526
f 1322/3955/4530 230/700/1275 231/711/1286
f 1314/3958/4533 3278/3959/4534 1317/3956/4531
f 1322/3955/4530 1455/702/1277 230/700/1275
f 1317/3956/4531 3278/3959/4534 1322/3955/4530
f 1310/3960/4535 3279/3961/4536 1314/3958/4533
f 126/3887/4462 1311/3962/4537 1318/3957/4532
f 1309/3963/4538 228/675/1250 3279/3961/4536
f 1314/3958/4533 3279/3961/4536 3278/3959/4534
f 1295/3964/4539 1309/3963/4538 1310/3960/4535
f 1296/3965/4540 1290/3966/4541 1295/3964/4539
f 123/3878/4453 1296/3965/4540 124/3880/4455
f 3281/3967/4542 225/632/1207 226/645/1220
f 3281/3967/4542 226/645/1220 3280/3968/4543
f 1295/3964/4539 3281/3967/4542 3280/3968/4543
f 1290/3966/4541 1280/3969/4544 3281/3967/4542
f 122/3877/4452 1296/3965/4540 123/3878/4453
f 1275/3970/4545 1274/3971/4546 1281/3972/4547
f 1274/3971/4546 1280/3969/4544 1281/3972/4547
f 122/3877/4452 1275/3970/4545 1296/3965/4540
f 1280/3969/4544 223/612/1187 224/614/1189
f 1275/3970/4545 1264/3904/4479 1274/3971/4546
f 1274/3971/4546 1263/3973/4548 1273/3974/4549
f 1263/3973/4548 1456/599/1174 1273/3974/4549
f 119/3874/4449 1264/3904/4479 1275/3970/4545
f 1414/3902/4477 222/580/1155 1457/581/1156
f 1414/3902/4477 1457/581/1156 1263/3973/4548
f 13/40/615 832/5/580 999/4/579
f 832/5/580 833/7/582 3040/2/577
f 12/8/583 997/465/1040 3040/2/577
f 3040/2/577 997/465/1040 72/9/584
f 998/3/578 72/9/584 73/41/616
f 1002/12/587 3041/11/586 1001/17/592
f 916/10/585 915/14/589 3041/11/586
f 3042/21/596 1003/20/595 1004/28/603
f 967/23/598 966/26/601 1006/22/597
f 965/25/600 1003/20/595 1006/22/597
f 3051/32/607 3042/21/596 105/30/605
f 1008/35/610 3043/34/609 3044/36/611
f 836/39/614 3043/34/609 835/33/608
f 13/40/615 999/4/579 3043/34/609
f 999/4/579 998/3/578 3044/36/611
f 3044/36/611 73/41/616 74/42/617
f 14/3975/4550 835/33/608 1008/35/610
f 1011/44/619 3045/43/618 1010/51/626
f 919/46/621 918/48/623 3045/43/618
f 917/47/622 49/49/624 3045/43/618
f 1010/51/626 101/568/1143 102/464/1039
f 1013/52/627 3046/55/630 1007/37/612
f 15/54/629 838/3976/4551 3046/55/630
f 838/3976/4551 839/57/632 3046/55/630
f 840/56/631 14/3975/4550 3046/55/630
f 14/3975/4550 1008/35/610 3046/55/630
f 1012/53/628 1007/37/612 75/58/633
f 920/64/639 1014/61/636 3047/59/634
f 922/62/637 3047/59/634 1003/20/595
f 1014/61/636 1015/463/1038 3048/60/635
f 3048/60/635 1015/463/1038 103/65/640
f 1004/28/603 3048/60/635 103/65/640
f 1003/20/595 3047/59/634 1004/28/603
f 3049/74/649 1016/73/648 1019/66/641
f 1019/66/641 1016/73/648 1017/67/642
f 968/71/646 3049/74/649 1019/66/641
f 1017/67/642 106/88/663 107/75/650
f 3050/80/655 1012/53/628 1020/82/657
f 842/81/656 3050/80/655 841/77/652
f 843/79/654 15/54/629 1013/52/627
f 1020/82/657 1012/53/628 75/58/633
f 1021/78/653 3050/80/655 1020/82/657
f 1021/78/653 841/77/652 3050/80/655
f 1016/73/648 1005/31/606 3051/32/607
f 925/85/660 924/87/662 1005/31/606
f 53/24/599 1006/22/597 1005/31/606
f 1017/67/642 3051/32/607 105/30/605
f 844/94/669 845/90/665 3052/89/664
f 846/91/666 1021/78/653 845/90/665
f 1021/78/653 1020/82/657 3052/89/664
f 1022/92/667 3052/89/664 76/84/659
f 3053/96/671 1018/68/643 1023/98/673
f 928/99/674 927/101/676 3053/96/671
f 926/100/675 55/70/645 1019/66/641
f 1023/98/673 1018/68/643 107/75/650
f 1026/103/678 56/95/670 1024/97/672
f 57/120/695 972/106/681 1026/103/678
f 970/107/682 56/95/670 1026/103/678
f 1023/98/673 108/102/677 109/122/697
f 3056/117/692 1023/98/673 109/122/697
f 1025/104/679 1023/98/673 3056/117/692
f 1028/109/684 3054/93/668 1027/114/689
f 3054/93/668 1022/92/667 1027/114/689
f 18/132/707 847/108/683 1028/109/684
f 847/108/683 848/111/686 3054/93/668
f 17/112/687 844/94/669 3054/93/668
f 58/118/693 931/3977/4552 3055/115/690
f 931/3977/4552 930/3978/4553 3055/115/690
f 930/3978/4553 929/121/696 3055/115/690
f 57/120/695 1026/103/678 3055/115/690
f 1029/3979/4554 3056/117/692 110/123/698
f 1030/116/691 3056/117/692 1029/3979/4554
f 1031/119/694 3055/115/690 1030/116/691
f 851/131/706 3057/125/700 850/124/699
f 18/132/707 1028/109/684 3057/125/700
f 3057/125/700 1028/109/684 1027/114/689
f 1027/114/689 77/113/688 988/133/708
f 1032/126/701 3058/127/702 78/134/709
f 3060/128/703 850/124/699 1032/126/701
f 1037/135/710 1033/160/735 1034/136/711
f 1034/136/711 1035/161/736 3074/138/713
f 60/3980/4555 934/3981/4556 1037/135/710
f 934/3981/4556 933/140/715 1037/135/710
f 932/139/714 1033/160/735 1037/135/710
f 932/139/714 59/3982/4557 1033/160/735
f 1035/161/736 111/497/1072 112/563/1138
f 3074/138/713 1035/161/736 112/563/1138
f 3060/128/703 1032/126/701 1038/141/716
f 20/143/718 853/146/721 3059/142/717
f 855/147/722 3060/128/703 3059/142/717
f 1039/144/719 3059/142/717 1038/141/716
f 1043/264/839 3061/150/725 3062/157/732
f 62/149/724 937/3983/4558 3061/150/725
f 937/3983/4558 936/153/728 3061/150/725
f 935/152/727 1040/155/730 3061/150/725
f 1040/155/730 1041/156/731 3061/150/725
f 1042/266/841 3062/157/732 114/159/734
f 1043/264/839 3062/157/732 1042/266/841
f 1044/151/726 3061/150/725 1043/264/839
f 1033/160/735 1031/119/694 1030/116/691
f 1030/116/691 1029/3979/4554 1035/161/736
f 59/3982/4557 974/163/738 1033/160/735
f 973/162/737 1031/119/694 1033/160/735
f 1029/3979/4554 110/123/698 111/497/1072
f 1035/161/736 1029/3979/4554 111/497/1072
f 856/170/745 857/165/740 3063/164/739
f 858/166/741 1039/144/719 857/165/740
f 1039/144/719 1038/141/716 3063/164/739
f 3063/164/739 1038/141/716 79/148/723
f 3068/168/743 3063/164/739 80/167/742
f 1046/172/747 3064/177/752 3065/176/751
f 3065/176/751 1045/178/753 3107/180/755
f 975/174/749 3064/177/752 1046/172/747
f 1045/178/753 116/262/837 89/179/754
f 3106/181/756 3065/176/751 3107/180/755
f 3066/182/757 3067/169/744 3068/168/743
f 22/184/759 859/3984/4559 3066/182/757
f 859/3984/4559 860/187/762 3066/182/757
f 861/186/761 3067/169/744 3066/182/757
f 21/188/763 856/170/745 3067/169/744
f 3068/168/743 80/167/742 989/189/764
f 37/416/991 940/195/770 1051/196/771
f 940/195/770 939/198/773 3069/191/766
f 36/199/774 1048/200/775 3069/191/766
f 3070/192/767 993/501/1076 995/201/776
f 1050/193/768 3070/192/767 995/201/776
f 3115/203/778 3069/191/766 1050/193/768
f 23/206/781 862/208/783 3071/204/779
f 864/185/760 3066/182/757 3071/204/779
f 3072/205/780 1047/183/758 81/190/765
f 3076/224/799 3072/205/780 82/209/784
f 3073/211/786 1053/216/791 1054/218/793
f 943/210/785 942/3985/4560 3073/211/786
f 942/3985/4560 941/214/789 3073/211/786
f 38/213/788 1052/215/790 3073/211/786
f 1040/155/730 978/221/796 1041/156/731
f 978/221/796 1036/137/712 1041/156/731
f 61/154/729 979/220/795 1040/155/730
f 977/222/797 60/3980/4555 1037/135/710
f 3074/138/713 112/563/1138 113/158/733
f 3062/157/732 3074/138/713 113/158/733
f 866/230/805 3075/223/798 865/227/802
f 867/229/804 23/206/781 3072/205/780
f 1055/225/800 3076/224/799 990/231/806
f 1056/228/803 3075/223/798 1055/225/800
f 1056/228/803 865/227/802 3075/223/798
f 1059/235/810 3077/234/809 1058/236/811
f 982/238/813 981/240/815 3077/234/809
f 34/241/816 1057/386/961 3077/234/809
f 1058/236/811 90/493/1068 996/503/1078
f 3112/237/812 1058/236/811 996/503/1078
f 3078/242/817 1055/225/800 1060/251/826
f 868/244/819 3078/242/817 25/250/825
f 870/245/820 1056/228/803 3078/242/817
f 1060/251/826 1055/225/800 83/232/807
f 25/250/825 3078/242/817 1060/251/826
f 3080/248/823 3079/247/822 1061/252/827
f 26/273/848 871/246/821 3080/248/823
f 871/246/821 872/3986/4561 3079/247/822
f 872/3986/4561 873/249/824 3079/247/822
f 25/250/825 1060/251/826 3079/247/822
f 1061/252/827 1060/251/826 83/232/807
f 3085/274/849 3080/248/823 1061/252/827
f 64/175/750 3081/258/833 3082/255/830
f 3081/258/833 1062/265/840 3082/255/830
f 3082/255/830 1062/265/840 1063/256/831
f 946/257/832 945/260/835 3081/258/833
f 1063/256/831 115/539/1114 116/262/837
f 3065/176/751 3082/255/830 1045/178/753
f 3083/263/838 1044/151/726 1043/264/839
f 1062/265/840 1042/266/841 1063/256/831
f 63/261/836 984/3987/4562 3083/263/838
f 984/3987/4562 983/267/842 3083/263/838
f 1042/266/841 114/159/734 115/539/1114
f 1063/256/831 1042/266/841 115/539/1114
f 3084/269/844 3085/274/849 3086/275/850
f 27/268/843 874/3988/4563 3084/269/844
f 874/3988/4563 875/272/847 3084/269/844
f 876/271/846 3085/274/849 3084/269/844
f 26/273/848 3080/248/823 3085/274/849
f 3089/277/852 3086/275/850 84/276/851
f 28/280/855 877/3989/4564 3087/278/853
f 877/3989/4564 878/283/858 3087/278/853
f 879/282/857 3088/270/845 3087/278/853
f 1064/279/854 3089/277/852 84/276/851
f 3093/281/856 3087/278/853 1064/279/854
f 1067/287/862 3090/286/861 3091/292/867
f 2/3990/4565 799/285/860 1067/287/862
f 799/285/860 800/289/864 3090/286/861
f 1/290/865 1065/390/965 3090/286/861
f 3090/286/861 1065/390/965 1066/291/866
f 3091/292/867 65/293/868 66/3799/4374
f 3096/294/869 3091/292/867 66/3799/4374
f 41/299/874 949/3991/4566 3092/295/870
f 949/3991/4566 948/302/877 3092/295/870
f 947/301/876 40/429/1004 1068/303/878
f 1071/298/873 93/305/880 94/529/1104
f 3122/300/875 3092/295/870 1072/297/872
f 29/321/896 880/308/883 1073/307/882
f 880/308/883 881/310/885 3093/281/856
f 3093/281/856 1064/279/854 3094/306/881
f 3095/313/888 3096/294/869 985/3798/4373
f 802/314/889 3095/313/888 1074/315/890
f 802/314/889 803/317/892 3095/313/888
f 2/3990/4565 1067/287/862 804/312/887
f 3096/294/869 66/3799/4374 985/3798/4373
f 1074/315/890 3095/313/888 985/3798/4373
f 1076/320/895 3097/319/894 1075/3992/4567
f 3097/319/894 86/311/886 1075/3992/4567
f 30/348/923 883/318/893 1076/320/895
f 883/318/893 884/3993/4568 3097/319/894
f 884/3993/4568 885/322/897 3097/319/894
f 29/321/896 1073/307/882 3097/319/894
f 1075/3992/4567 86/311/886 87/349/924
f 1079/324/899 1078/331/906 3125/333/908
f 43/326/901 952/3994/4569 3098/325/900
f 952/3994/4569 951/329/904 3098/325/900
f 950/328/903 1077/323/898 3098/325/900
f 1078/331/906 95/446/1021 96/332/907
f 908/327/902 3098/325/900 1079/324/899
f 4/337/912 805/3995/4570 3099/334/909
f 805/3995/4570 806/339/914 3099/334/909
f 806/339/914 807/340/915 1074/315/890
f 1074/315/890 985/3798/4373 986/335/910
f 1080/336/911 986/335/910 987/358/933
f 1081/338/913 3099/334/909 1080/336/911
f 1083/341/916 3100/344/919 3101/342/917
f 31/3996/4571 886/346/921 1083/341/916
f 887/345/920 3100/344/919 1083/341/916
f 30/348/923 1076/320/895 3100/344/919
f 1076/320/895 1075/3992/4567 3101/342/917
f 3101/342/917 1075/3992/4567 87/349/924
f 1082/343/918 3101/342/917 4019/350/925
f 1081/338/913 1080/336/911 3102/351/926
f 5/353/928 808/3997/4572 1085/352/927
f 808/3997/4572 809/356/931 1085/352/927
f 810/355/930 1081/338/913 1085/352/927
f 3102/351/926 1080/336/911 987/358/933
f 1084/357/932 3102/351/926 987/358/933
f 3103/361/936 1082/343/918 1086/364/939
f 890/362/937 3103/361/936 889/366/941
f 891/360/935 31/3996/4571 1083/341/916
f 1082/343/918 4019/350/925 992/363/938
f 3108/367/942 3103/361/936 1086/364/939
f 1092/370/945 1088/369/944 1091/371/946
f 1091/371/946 1088/369/944 1089/372/947
f 955/374/949 954/377/952 1092/370/945
f 953/376/951 1087/368/943 1092/370/945
f 1089/372/947 97/458/1033 98/551/1126
f 1090/373/948 1089/372/947 98/551/1126
f 3104/379/954 1084/357/932 1093/384/959
f 6/380/955 811/3998/4573 3104/379/954
f 811/3998/4573 812/383/958 3104/379/954
f 813/382/957 3105/354/929 3104/379/954
f 3105/354/929 1085/352/927 1084/357/932
f 1093/384/959 1084/357/932 1116/359/934
f 896/387/962 895/388/963 1046/172/747
f 3107/180/755 89/179/754 90/493/1068
f 1058/236/811 3107/180/755 90/493/1068
f 3077/234/809 3106/181/756 1058/236/811
f 1065/390/965 3108/367/942 1066/291/866
f 1/290/865 892/389/964 1065/390/965
f 892/389/964 893/3999/4574 3108/367/942
f 893/3999/4574 894/392/967 3108/367/942
f 32/391/966 889/366/941 3108/367/942
f 3108/367/942 1086/364/939 1066/291/866
f 1066/291/866 88/365/940 65/293/868
f 1095/396/971 3109/393/968 3110/394/969
f 3109/393/968 1094/381/956 1093/384/959
f 814/395/970 3109/393/968 1095/396/971
f 814/395/970 815/398/973 3109/393/968
f 815/398/973 816/399/974 1094/381/956
f 3110/394/969 67/385/960 68/400/975
f 1048/200/775 3111/404/979 1049/194/769
f 3111/404/979 1059/235/810 1049/194/769
f 897/403/978 3111/404/979 1048/200/775
f 3112/237/812 996/503/1078 993/501/1076
f 3070/192/767 3112/237/812 993/501/1076
f 1000/16/591 1098/409/984 3113/410/985
f 957/407/982 956/4000/4575 1096/405/980
f 956/4000/4575 46/468/1043 1096/405/980
f 1096/405/980 1097/408/983 1000/16/591
f 1098/409/984 994/471/1046 99/18/593
f 3113/410/985 1098/409/984 99/18/593
f 1001/17/592 3113/410/985 99/18/593
f 819/413/988 1095/396/971 818/411/986
f 3114/401/976 68/400/975 69/4001/4576
f 1099/418/993 3114/401/976 69/4001/4576
f 817/412/987 3114/401/976 1099/418/993
f 1052/215/790 900/414/989 3115/203/778
f 1052/215/790 3115/203/778 1053/216/791
f 38/213/788 901/415/990 1052/215/790
f 899/417/992 1051/196/771 900/414/989
f 820/421/996 821/4002/4577 3116/420/995
f 821/4002/4577 822/424/999 3116/420/995
f 8/423/998 817/412/987 3116/420/995
f 1099/418/993 69/4001/4576 70/425/1000
f 3121/427/1002 3117/419/994 70/425/1000
f 1100/426/1001 3116/420/995 3117/419/994
f 9/422/997 3116/420/995 1100/426/1001
f 1069/296/871 3118/219/794 1070/304/879
f 3118/219/794 1054/218/793 1070/304/879
f 904/428/1003 903/431/1006 1068/303/878
f 902/430/1005 39/212/787 1068/303/878
f 1054/218/793 92/217/792 93/305/880
f 49/49/624 3119/434/1009 1009/50/625
f 3119/434/1009 1002/12/587 1009/50/625
f 961/433/1008 960/436/1011 3119/434/1009
f 48/437/1012 916/10/585 3119/434/1009
f 1002/12/587 1001/17/592 3120/432/1007
f 3120/432/1007 100/19/594 101/568/1143
f 1010/51/626 3120/432/1007 101/568/1143
f 1102/438/1013 1100/426/1001 3121/427/1002
f 10/4003/4578 823/440/1015 1102/438/1013
f 823/440/1015 824/442/1017 1100/426/1001
f 3121/427/1002 70/425/1000 71/3848/4423
f 1101/439/1014 3121/427/1002 71/3848/4423
f 3122/300/875 1072/297/872 1077/323/898
f 1077/323/898 1072/297/872 1078/331/906
f 1072/297/872 1071/298/873 1078/331/906
f 42/330/905 907/443/1018 1077/323/898
f 907/443/1018 906/445/1020 3122/300/875
f 1071/298/873 94/529/1104 95/446/1021
f 3123/448/1023 1101/439/1014 1103/451/1026
f 826/447/1022 827/4004/4579 3123/448/1023
f 827/4004/4579 828/450/1025 3123/448/1023
f 828/450/1025 10/4003/4578 1102/438/1013
f 3123/448/1023 1102/438/1013 1101/439/1014
f 1101/439/1014 71/3848/4423 4012/452/1027
f 1103/451/1026 1101/439/1014 4012/452/1027
f 1088/369/944 3124/456/1031 3125/333/908
f 910/457/1032 909/455/1030 1087/368/943
f 908/327/902 1079/324/899 3124/456/1031
f 1089/372/947 3125/333/908 96/332/907
f 1087/368/943 909/455/1030 1088/369/944
f 1014/61/636 1011/44/619 1015/463/1038
f 51/460/1035 964/4005/4580 3126/459/1034
f 964/4005/4580 963/462/1037 3126/459/1034
f 962/461/1036 50/45/620 3126/459/1034
f 1015/463/1038 102/464/1039 103/65/640
f 920/64/639 3126/459/1034 1014/61/636
f 1104/454/1029 1103/451/1026 72/9/584
f 12/8/583 829/466/1041 997/465/1040
f 829/466/1041 830/4006/4581 1104/454/1029
f 830/4006/4581 831/467/1042 1104/454/1029
f 3127/469/1044 1091/371/946 1097/408/983
f 1097/408/983 1091/371/946 1090/373/948
f 46/468/1043 913/4007/4582 3127/469/1044
f 913/4007/4582 912/4008/4583 3127/469/1044
f 912/4008/4583 911/470/1045 3127/469/1044
f 45/375/950 1092/370/945 3127/469/1044
f 3127/469/1044 1092/370/945 1091/371/946
f 1090/373/948 98/551/1126 994/471/1046
f 1096/405/980 3127/469/1044 1097/408/983
f 1114/475/1050 3140/472/1047 1113/474/1049
f 3128/473/1048 144/560/1135 145/1172/1747
f 1118/476/1051 3128/473/1048 145/1172/1747
f 1120/480/1055 1117/479/1054 1119/477/1052
f 105/30/605 104/29/604 1117/479/1054
f 1118/476/1051 145/1172/1747 146/478/1053
f 1124/485/1060 1123/561/1136 3131/481/1056
f 107/75/650 106/88/663 1124/485/1060
f 106/88/663 1123/561/1136 1124/485/1060
f 1130/486/1061 1126/4009/4584 1127/487/1062
f 1127/487/1062 1128/484/1059 1129/488/1063
f 108/102/677 1126/4009/4584 1130/486/1061
f 1129/488/1063 1128/484/1059 147/483/1058
f 1132/492/1067 3133/491/1066 1131/510/1085
f 1131/510/1085 1112/509/1084 135/527/1102
f 1135/495/1070 1136/498/1073 3145/500/1075
f 110/123/698 1134/494/1069 3143/496/1071
f 1136/498/1073 148/489/1064 1111/499/1074
f 3144/562/1137 1135/495/1070 3145/500/1075
f 3143/496/1071 1135/495/1070 3144/562/1137
f 995/201/776 1137/502/1077 1140/528/1103
f 1140/528/1103 1138/504/1079 1139/506/1081
f 3133/491/1066 1141/508/1083 1131/510/1085
f 1141/508/1083 150/565/1140 1112/509/1084
f 1142/511/1086 1143/514/1089 1144/512/1087
f 92/217/792 91/202/777 1145/513/1088
f 91/202/777 1142/511/1086 1145/513/1088
f 113/158/733 112/563/1138 1147/516/1091
f 1159/520/1095 1148/519/1094 1109/521/1096
f 3150/523/1098 1151/526/1101 3137/524/1099
f 1151/526/1101 1152/564/1139 3137/524/1099
f 3137/524/1099 138/1205/1780 139/566/1141
f 1153/525/1100 3137/524/1099 139/566/1141
f 1132/492/1067 1131/510/1085 1138/504/1079
f 1140/528/1103 1132/492/1067 1138/504/1079
f 1154/534/1109 1155/531/1106 1156/533/1108
f 3152/535/1110 1154/534/1109 1156/533/1108
f 1162/540/1115 1158/536/1111 1161/538/1113
f 1158/536/1111 1159/520/1095 1160/537/1112
f 1160/537/1112 149/522/1097 150/565/1140
f 1165/541/1116 1163/544/1119 3139/542/1117
f 97/458/1033 96/332/907 1163/544/1119
f 1164/543/1118 3139/542/1117 1110/545/1120
f 1169/547/1122 1166/550/1125 1167/548/1123
f 1167/548/1123 141/546/1121 1107/567/1142
f 1168/549/1124 1167/548/1123 1107/567/1142
f 1173/554/1129 1171/553/1128 1172/556/1131
f 100/19/594 99/18/593 1170/552/1127
f 1174/555/1130 1170/552/1127 1173/554/1129
f 102/464/1039 101/568/1143 3140/472/1047
f 101/568/1143 1174/555/1130 3140/472/1047
f 1175/559/1134 143/558/1133 144/560/1135
f 104/29/604 103/65/640 1113/474/1049
f 103/65/640 1114/475/1050 1113/474/1049
f 1123/561/1136 1120/480/1055 1119/477/1052
f 1123/561/1136 1119/477/1052 146/478/1053
f 106/88/663 105/30/605 1120/480/1055
f 3131/481/1056 146/478/1053 1108/482/1057
f 1126/4009/4584 1124/485/1060 1127/487/1062
f 108/102/677 107/75/650 1126/4009/4584
f 107/75/650 1124/485/1060 1126/4009/4584
f 1135/495/1070 1129/488/1063 1136/498/1073
f 109/122/697 1130/486/1061 1134/494/1069
f 1147/516/1091 3143/496/1071 3144/562/1137
f 3145/500/1075 1111/499/1074 1109/521/1096
f 1148/519/1094 3145/500/1075 1109/521/1096
f 1149/517/1092 3144/562/1137 1148/519/1094
f 1150/518/1093 1149/517/1092 1158/536/1111
f 114/159/734 113/158/733 1150/518/1093
f 91/202/777 995/201/776 1142/511/1086
f 995/201/776 1140/528/1103 1143/514/1089
f 1145/513/1088 1144/512/1087 1152/564/1139
f 1144/512/1087 137/515/1090 138/1205/1780
f 3137/524/1099 1144/512/1087 138/1205/1780
f 3135/507/1082 1162/540/1115 1161/538/1113
f 1161/538/1113 1160/537/1112 1141/508/1083
f 1154/534/1109 1153/525/1100 1155/531/1106
f 1157/530/1105 3150/523/1098 1154/534/1109
f 96/332/907 95/446/1021 1157/530/1105
f 1156/533/1108 140/532/1107 1110/545/1120
f 3139/542/1117 1156/533/1108 1110/545/1120
f 1166/550/1125 1165/541/1116 1164/543/1118
f 1167/548/1123 1164/543/1118 141/546/1121
f 1170/552/1127 1169/547/1122 1171/553/1128
f 1169/547/1122 1168/549/1124 1171/553/1128
f 1172/556/1131 1168/549/1124 1107/567/1142
f 1173/554/1129 1172/556/1131 1175/559/1134
f 253/569/1144 3157/573/1148 1249/570/1145
f 252/730/1305 1255/572/1147 3157/573/1148
f 1461/576/1151 1260/575/1150 1218/3775/4350
f 255/636/1211 254/1241/1816 3158/574/1149
f 254/1241/1816 1259/602/1177 3158/574/1149
f 3158/574/1149 1259/602/1177 1260/575/1150
f 255/636/1211 3158/574/1149 1461/576/1151
f 3160/577/1152 156/3766/4341 3159/578/1153
f 1457/581/1156 3160/577/1152 1415/579/1154
f 3160/577/1152 1194/878/1453 156/3766/4341
f 3161/586/1161 1250/585/1160 1251/589/1164
f 257/587/1162 1511/1243/1818 3161/586/1161
f 1511/1243/1818 256/737/1312 3161/586/1161
f 256/737/1312 1265/584/1159 3161/586/1161
f 1265/584/1159 188/741/1316 1250/585/1160
f 3162/591/1166 1219/596/1171 173/762/1337
f 1510/590/1165 1269/594/1169 3162/591/1166
f 1269/594/1169 1270/595/1170 3162/591/1166
f 3207/592/1167 3162/591/1166 173/762/1337
f 1416/600/1175 3163/597/1172 1196/598/1173
f 223/612/1187 1456/599/1174 1416/600/1175
f 1457/581/1156 1415/579/1154 3163/597/1172
f 1415/579/1154 1197/582/1157 3163/597/1172
f 1259/602/1177 1276/777/1352 3165/603/1178
f 254/1241/1816 258/1204/1779 1259/602/1177
f 258/1204/1779 1276/777/1352 1259/602/1177
f 1276/777/1352 192/779/1354 3165/603/1178
f 259/605/1180 1220/3773/4348 1470/606/1181
f 259/605/1180 1277/761/1336 1220/3773/4348
f 1416/600/1175 157/601/1176 3167/609/1184
f 158/615/1190 3166/611/1186 1198/610/1185
f 262/620/1195 261/745/1320 3168/618/1193
f 261/745/1320 1282/616/1191 3168/618/1193
f 1282/616/1191 3200/622/1197 3169/617/1192
f 176/3787/4362 3170/625/1200 1221/3792/4367
f 3170/625/1200 175/628/1203 1221/3792/4367
f 264/624/1199 263/1210/1785 3170/625/1200
f 263/1210/1785 1286/769/1344 3170/625/1200
f 1286/769/1344 1236/627/1202 3170/625/1200
f 1475/626/1201 3170/625/1200 176/3787/4362
f 225/632/1207 224/614/1189 3171/630/1205
f 224/614/1189 1417/613/1188 3171/630/1205
f 159/634/1209 3171/630/1205 1199/631/1206
f 255/636/1211 1461/576/1151 1252/635/1210
f 1461/576/1151 791/1348/1923 1252/635/1210
f 1269/594/1169 3173/593/1168 1270/595/1170
f 1478/797/1372 3174/637/1212 178/639/1214
f 266/641/1216 3174/637/1212 1478/797/1372
f 265/640/1215 1291/642/1217 3174/637/1212
f 1291/642/1217 177/790/1365 1222/638/1213
f 1418/633/1208 159/634/1209 3175/644/1219
f 226/645/1220 1418/633/1208 3175/644/1219
f 1419/646/1221 3175/644/1219 1200/643/1218
f 3176/650/1225 1297/649/1224 3177/653/1228
f 268/648/1223 267/752/1327 1297/649/1224
f 1297/649/1224 1298/651/1226 3177/653/1228
f 3176/650/1225 1254/654/1229 191/781/1356
f 3178/657/1232 1223/656/1231 180/3791/4366
f 1301/655/1230 179/798/1373 1223/656/1231
f 269/660/1235 1301/655/1230 3178/657/1232
f 1484/659/1234 3178/657/1232 180/3791/4366
f 226/645/1220 1419/646/1221 1421/661/1236
f 1419/646/1221 160/647/1222 3179/662/1237
f 1487/670/1245 1305/669/1244 3180/667/1242
f 1305/669/1244 1306/665/1240 3180/667/1242
f 272/668/1243 271/810/1385 1305/669/1244
f 227/664/1239 1421/661/1236 3181/673/1248
f 1421/661/1236 1420/663/1238 3182/672/1247
f 1420/663/1238 784/882/1457 3182/672/1247
f 161/686/1261 3181/673/1248 1201/674/1249
f 1226/678/1253 3184/677/1252 1225/3790/4365
f 273/681/1256 1312/682/1257 3183/676/1251
f 1312/682/1257 181/822/1397 3184/677/1252
f 3225/680/1255 3183/676/1251 1226/678/1253
f 1423/685/1260 3185/684/1259 3186/688/1263
f 3185/684/1259 161/686/1261 3186/688/1263
f 228/675/1250 3181/673/1248 3185/684/1259
f 1423/685/1260 3186/688/1263 1422/687/1262
f 1494/694/1269 3187/690/1265 3188/692/1267
f 276/693/1268 275/1176/1751 3187/690/1265
f 275/1176/1751 1315/4010/4585 3187/690/1265
f 3187/690/1265 1315/4010/4585 1244/3782/4357
f 1244/3782/4357 183/3783/4358 3187/690/1265
f 3187/690/1265 183/3783/4358 1227/691/1266
f 230/700/1275 1455/702/1277 1424/698/1273
f 229/683/1258 1423/685/1260 1424/698/1273
f 1423/685/1260 1422/687/1262 3189/697/1272
f 1422/687/1262 785/689/1264 3189/697/1272
f 1498/707/1282 3190/703/1278 1497/705/1280
f 278/706/1281 277/849/1424 3190/703/1278
f 1425/712/1287 3191/701/1276 3192/710/1285
f 231/711/1286 230/700/1275 3191/701/1276
f 3191/701/1276 1424/698/1273 3193/709/1284
f 1424/698/1273 162/699/1274 3193/709/1284
f 3234/870/1445 1509/718/1293 1501/714/1289
f 1509/718/1293 279/860/1435 1324/717/1292
f 3195/724/1299 163/713/1288 3196/722/1297
f 232/723/1298 231/711/1286 3195/724/1299
f 231/711/1286 1425/712/1287 3195/724/1299
f 1426/725/1300 3195/724/1299 3196/722/1297
f 1255/572/1147 3197/728/1303 186/731/1306
f 280/729/1304 1331/727/1302 1255/572/1147
f 1331/727/1302 1332/3776/4351 3197/728/1303
f 1427/733/1308 1426/725/1300 3198/734/1309
f 1426/725/1300 164/726/1301 3198/734/1309
f 233/744/1319 1454/732/1307 1427/733/1308
f 1265/584/1159 3199/738/1313 1231/740/1315
f 3199/738/1313 1230/739/1314 1231/740/1315
f 256/737/1312 253/569/1144 3199/738/1313
f 253/569/1144 187/571/1146 3199/738/1313
f 1429/742/1317 1427/733/1308 1204/736/1311
f 1428/743/1318 1204/736/1311 1203/3772/4347
f 234/3948/4523 233/744/1319 1429/742/1317
f 3200/622/1197 3201/588/1163 1233/747/1322
f 3201/588/1163 1232/746/1321 1233/747/1322
f 261/745/1320 257/587/1162 3200/622/1197
f 1251/589/1164 796/2123/2698 1232/746/1321
f 1430/748/1323 1429/742/1317 1206/3771/4346
f 1430/748/1323 1206/3771/4346 1205/749/1324
f 235/751/1326 234/3948/4523 1429/742/1317
f 1429/742/1317 1428/743/1318 1206/3771/4346
f 1428/743/1318 787/891/1466 1206/3771/4346
f 3202/621/1196 3203/753/1328 1298/651/1226
f 267/752/1327 262/620/1195 3202/621/1196
f 3202/621/1196 3168/618/1193 3203/753/1328
f 3168/618/1193 190/619/1194 3203/753/1328
f 236/757/1332 3204/755/1330 3205/758/1333
f 236/757/1332 235/751/1326 3204/755/1330
f 235/751/1326 1430/748/1323 3204/755/1330
f 1430/748/1323 165/750/1325 3204/755/1330
f 3204/755/1330 1207/756/1331 3205/758/1333
f 3207/592/1167 1234/763/1338 1277/761/1336
f 259/605/1180 3206/760/1335 1277/761/1336
f 1431/765/1340 3208/764/1339 1208/768/1343
f 237/775/1350 1453/767/1342 1432/766/1341
f 236/757/1332 166/759/1334 3208/764/1339
f 1286/769/1344 1508/771/1346 3209/770/1345
f 1236/627/1202 3209/770/1345 1235/3788/4363
f 263/1210/1785 1508/771/1346 1286/769/1344
f 260/608/1183 1471/607/1182 1508/771/1346
f 1471/607/1182 1470/606/1181 3209/770/1345
f 3209/770/1345 1470/606/1181 174/3774/4349
f 238/3938/4513 237/775/1350 1433/776/1351
f 237/775/1350 1432/766/1341 3210/772/1347
f 1432/766/1341 1431/765/1340 3210/772/1347
f 1431/765/1340 204/1580/2155 1209/773/1348
f 1211/783/1358 3210/772/1347 167/774/1349
f 1433/776/1351 3210/772/1347 1211/783/1358
f 258/1204/1779 1507/780/1355 1276/777/1352
f 268/648/1223 3176/650/1225 3211/778/1353
f 192/779/1354 3211/778/1353 1237/782/1357
f 1433/776/1351 1211/783/1358 3212/785/1360
f 239/786/1361 238/3938/4513 3212/785/1360
f 238/3938/4513 1433/776/1351 3212/785/1360
f 168/788/1363 3212/785/1360 1210/784/1359
f 1291/642/1217 1475/626/1201 3213/789/1364
f 265/640/1215 264/624/1199 1475/626/1201
f 1475/626/1201 176/3787/4362 3213/789/1364
f 177/790/1365 3213/789/1364 1238/3786/4361
f 239/786/1361 1434/787/1362 3214/791/1366
f 1434/787/1362 168/788/1363 3215/792/1367
f 1436/804/1379 3214/791/1366 1435/793/1368
f 3216/794/1369 1478/797/1372 3217/795/1370
f 1301/655/1230 3216/794/1369 1239/796/1371
f 1436/804/1379 3219/799/1374 3218/801/1376
f 240/802/1377 1452/805/1380 3218/801/1376
f 1452/805/1380 1436/804/1379 3218/801/1376
f 1436/804/1379 1435/793/1368 3219/799/1374
f 1435/793/1368 206/1483/2058 3219/799/1374
f 169/806/1381 3218/801/1376 1212/800/1375
f 270/658/1233 1484/659/1234 1506/807/1382
f 1484/659/1234 180/3791/4366 1240/808/1383
f 1305/669/1244 1506/807/1382 1306/665/1240
f 3220/803/1378 169/806/1381 3221/811/1386
f 241/813/1388 240/802/1377 3220/803/1378
f 1437/814/1389 3220/803/1378 3221/811/1386
f 1440/816/1391 1353/820/1395 1186/817/1392
f 243/819/1394 242/3910/4485 1353/820/1395
f 152/818/1393 1186/817/1392 1185/3770/4345
f 181/822/1397 3222/821/1396 1242/3784/4359
f 273/681/1256 1505/823/1398 1312/682/1257
f 1505/823/1398 272/668/1243 1487/670/1245
f 1487/670/1245 214/671/1246 3222/821/1396
f 3223/825/1400 1215/824/1399 1214/828/1403
f 244/826/1401 241/813/1388 3223/825/1400
f 241/813/1388 1437/814/1389 3223/825/1400
f 1437/814/1389 788/815/1390 1215/824/1399
f 1441/827/1402 3223/825/1400 1214/828/1403
f 1442/832/1407 3224/831/1406 1188/833/1408
f 245/830/1405 243/819/1394 3224/831/1406
f 243/819/1394 1440/816/1391 3224/831/1406
f 1440/816/1391 152/818/1393 1188/833/1408
f 153/835/1410 1188/833/1408 1187/3769/4344
f 1315/4010/4585 3225/680/1255 1244/3782/4357
f 1244/3782/4357 3225/680/1255 1243/3781/4356
f 3225/680/1255 182/837/1412 1243/3781/4356
f 275/1176/1751 1504/836/1411 1315/4010/4585
f 1504/836/1411 3225/680/1255 1315/4010/4585
f 171/3767/4342 3226/838/1413 1216/839/1414
f 3226/838/1413 1441/827/1402 170/829/1404
f 246/840/1415 1451/842/1417 3226/838/1413
f 1451/842/1417 1441/827/1402 3226/838/1413
f 1443/841/1416 3226/838/1413 171/3767/4342
f 3227/843/1418 1442/832/1407 153/835/1410
f 247/845/1420 245/830/1405 3227/843/1418
f 245/830/1405 1442/832/1407 3227/843/1418
f 153/835/1410 1191/3768/4343 1190/844/1419
f 1444/846/1421 3227/843/1418 1190/844/1419
f 1319/708/1283 1493/695/1270 1245/3780/4355
f 3190/703/1278 3228/848/1423 1319/708/1283
f 248/853/1428 1443/841/1416 3229/851/1426
f 248/853/1428 246/840/1415 1443/841/1416
f 1443/841/1416 171/3767/4342 3229/851/1426
f 1446/854/1429 1444/846/1421 3230/855/1430
f 249/857/1432 247/845/1420 1444/846/1421
f 1324/717/1292 3232/859/1434 1246/861/1436
f 279/860/1435 278/706/1281 3231/858/1433
f 278/706/1281 1498/707/1282 3231/858/1433
f 1498/707/1282 1497/705/1280 3232/859/1434
f 1497/705/1280 217/1908/2483 3232/859/1434
f 1447/863/1438 1445/850/1425 3233/864/1439
f 250/873/1448 1450/862/1437 1447/863/1438
f 1445/850/1425 207/852/1427 2937/898/1473
f 1445/850/1425 2937/898/1473 3233/864/1439
f 1448/867/1442 1446/854/1429 1193/868/1443
f 251/879/1454 1449/866/1441 1448/867/1442
f 1449/866/1441 1446/854/1429 1448/867/1442
f 1446/854/1429 155/856/1431 1193/868/1443
f 1331/727/1302 3234/870/1445 1248/3777/4352
f 3234/870/1445 185/716/1291 1248/3777/4352
f 185/716/1291 1247/3779/4354 1248/3777/4352
f 1331/727/1302 1248/3777/4352 1332/3776/4351
f 3236/872/1447 3235/871/1446 1217/874/1449
f 242/3910/4485 250/873/1448 1353/820/1395
f 250/873/1448 1447/863/1438 3235/871/1446
f 1447/863/1438 172/865/1440 3235/871/1446
f 251/879/1454 1448/867/1442 3237/876/1451
f 1448/867/1442 1192/869/1444 1195/877/1452
f 1192/869/1444 790/900/1475 1195/877/1452
f 3160/577/1152 3237/876/1451 1194/878/1453
f 784/882/1457 2468/881/1456 3932/1882/2457
f 785/689/1264 2470/884/1459 3927/1821/2396
f 786/735/1310 2473/886/1461 3916/1697/2272
f 787/891/1466 2474/893/1468 3914/1670/2245
f 2958/1155/1730 2983/754/1329 3239/895/1470
f 788/815/1390 2481/897/1472 3893/1417/1992
f 2937/898/1473 3240/899/1474 3883/1324/1899
f 790/900/1475 2466/902/1477 3876/2097/2672
f 3948/2125/2700 795/889/1464 220/890/1465
f 1872/905/1480 2979/904/1479 1873/907/1482
f 2979/904/1479 3970/910/1485 1874/906/1481
f 2464/908/1483 3969/903/1478 1872/905/1480
f 1874/906/1481 2463/911/1486 410/1273/1848
f 3241/912/1487 2926/915/1490 2442/913/1488
f 2926/915/1490 2451/919/1494 2443/916/1491
f 2698/918/1493 3241/912/1487 2441/914/1489
f 2443/916/1491 415/920/1495 2669/926/1501
f 2432/921/1496 2431/924/1499 2423/922/1497
f 2423/922/1497 3242/925/1500 2424/929/1504
f 415/920/1495 2432/921/1496 2422/923/1498
f 2410/930/1505 3243/933/1508 2401/931/1506
f 3243/933/1508 2409/935/1510 2402/934/1509
f 2643/928/1503 2410/930/1505 696/932/1507
f 2643/928/1503 419/927/1502 2410/930/1505
f 3244/938/1513 3245/941/1516 2386/939/1514
f 3245/941/1516 773/943/1518 2387/942/1517
f 2614/937/1512 3244/938/1513 692/940/1515
f 773/943/1518 427/950/1525 1973/944/1519
f 3246/945/1520 2377/948/1523 2373/946/1521
f 2373/946/1521 3247/949/1524 2374/952/1527
f 1973/944/1519 3246/945/1520 2812/947/1522
f 3247/949/1524 431/958/1533 685/951/1526
f 2358/955/1530 3248/954/1529 2359/957/1532
f 3248/954/1529 3249/959/1534 688/956/1531
f 431/958/1533 2363/953/1528 2358/955/1530
f 3249/959/1534 435/966/1541 2292/960/1535
f 3250/961/1536 2348/964/1539 2341/962/1537
f 2348/964/1539 2347/967/1542 2342/965/1540
f 2292/960/1535 3250/961/1536 2811/963/1538
f 2342/965/1540 439/968/1543 440/973/1548
f 2324/969/1544 3251/974/1549 2330/970/1545
f 2330/970/1545 3252/975/1550 2326/972/1547
f 440/973/1548 439/968/1543 3251/974/1549
f 3252/975/1550 779/982/1557 2725/976/1551
f 2314/977/1552 2313/980/1555 2305/978/1553
f 2313/980/1555 782/983/1558 2306/981/1556
f 779/982/1557 2314/977/1552 2304/979/1554
f 2306/981/1556 446/984/1559 702/989/1564
f 2284/988/1563 3253/985/1560 2808/987/1562
f 2284/988/1563 2291/990/1565 3253/985/1560
f 3253/985/1560 2290/991/1566 2285/986/1561
f 2290/991/1566 450/998/1573 2662/992/1567
f 3254/993/1568 2273/996/1571 2266/994/1569
f 2273/996/1571 2272/999/1574 2267/997/1572
f 2662/992/1567 3254/993/1568 2265/995/1570
f 2272/999/1574 454/1006/1581 2633/1000/1575
f 695/1003/1578 3255/1002/1577 2245/1005/1580
f 3255/1002/1577 2252/1007/1582 2246/1004/1579
f 454/1006/1581 2253/1001/1576 695/1003/1578
f 2246/1004/1579 458/1008/1583 679/1014/1589
f 2233/1009/1584 2232/1012/1587 2813/1010/1585
f 2232/1012/1587 2231/1015/1590 2224/1013/1588
f 458/1008/1583 2233/1009/1584 2223/1011/1586
f 2231/1015/1590 462/1022/1597 2032/1016/1591
f 3256/1017/1592 2931/1020/1595 2204/1018/1593
f 2931/1020/1595 2210/1023/1598 2205/1021/1596
f 2032/1016/1591 3256/1017/1592 683/1019/1594
f 2210/1023/1598 466/1030/1605 686/1024/1599
f 2184/1027/1602 3257/1026/1601 2185/1029/1604
f 3257/1026/1601 2191/1031/1606 2186/1028/1603
f 466/1030/1605 2192/1025/1600 2184/1027/1602
f 2186/1028/1603 470/1032/1607 689/1038/1613
f 776/1033/1608 2170/1036/1611 2164/1034/1609
f 2170/1036/1611 2169/1039/1614 2165/1037/1612
f 470/1032/1607 776/1033/1608 2163/1035/1610
f 2165/1037/1612 2303/1040/1615 474/1046/1621
f 3258/1041/1616 2153/1044/1619 2146/1042/1617
f 2153/1044/1619 783/1047/1622 2147/1045/1620
f 2303/1040/1615 3258/1041/1616 2145/1043/1618
f 783/1047/1622 477/1054/1629 2711/1048/1623
f 3259/1049/1624 2134/1052/1627 2125/1050/1625
f 2134/1052/1627 2133/3724/4299 2126/1053/1628
f 2711/1048/1623 3259/1049/1624 704/1051/1626
f 2126/1053/1628 2133/3724/4299 481/1060/1635
f 2126/1053/1628 481/1060/1635 701/1061/1636
f 3260/1055/1630 2927/1058/1633 2105/1056/1631
f 2927/1058/1633 2112/1062/1637 2106/1059/1634
f 481/1060/1635 3260/1055/1630 2104/1057/1632
f 2106/1059/1634 485/1063/1638 698/1069/1644
f 2092/1064/1639 2091/1067/1642 2084/1065/1640
f 2091/1067/1642 2090/1070/1645 2085/1068/1643
f 485/1063/1638 2092/1064/1639 2083/1066/1641
f 2090/1070/1645 489/1077/1652 694/1071/1646
f 2070/1072/1647 2069/1075/1650 2059/1073/1648
f 2069/1075/1650 2068/1078/1653 2060/1076/1651
f 489/1077/1652 2070/1072/1647 2058/1074/1649
f 2068/1078/1653 493/1086/1661 1918/1079/1654
f 3261/1080/1655 2932/1083/1658 2038/1081/1656
f 1918/1079/1654 3261/1080/1655 680/1082/1657
f 2039/1084/1659 2044/1085/1660 497/1092/1667
f 2039/1084/1659 497/1092/1667 684/1093/1668
f 2021/1089/1664 3262/1088/1663 2022/1091/1666
f 3262/1088/1663 2930/1094/1669 2023/1090/1665
f 497/1092/1667 774/1087/1662 2021/1089/1664
f 2023/1090/1665 501/1095/1670 2227/1101/1676
f 2002/1098/1673 3263/1097/1672 2003/1100/1675
f 3263/1097/1672 778/1102/1677 2004/1099/1674
f 501/1095/1670 775/1096/1671 2002/1098/1673
f 778/1102/1677 2929/1109/1684 691/1103/1678
f 3264/1104/1679 3265/1107/1682 1984/1105/1680
f 3265/1107/1682 777/1110/1685 1985/1108/1683
f 691/1103/1678 3264/1104/1679 1983/1106/1681
f 777/1110/1685 2364/1117/1692 2480/1111/1686
f 3266/1112/1687 2925/1115/1690 1965/1113/1688
f 2925/1115/1690 1972/1118/1693 1966/1116/1691
f 2480/1111/1686 3266/1112/1687 1964/1114/1689
f 1972/1118/1693 508/1125/1700 2699/1119/1694
f 1947/1122/1697 3267/1121/1696 1948/1124/1699
f 3267/1121/1696 781/1126/1701 1949/1123/1698
f 508/1125/1700 1953/1120/1695 1947/1122/1697
f 781/1126/1701 512/1133/1708 700/1127/1702
f 1925/1130/1705 3268/1129/1704 1926/1132/1707
f 3268/1129/1704 1934/1134/1709 1927/1131/1706
f 512/1133/1708 1935/1128/1703 1925/1130/1705
f 1927/1131/1706 516/1135/1710 697/1141/1716
f 1905/1138/1713 3269/1137/1712 2810/1140/1715
f 3269/1137/1712 1911/1142/1717 1906/1139/1714
f 516/1135/1710 1912/1136/1711 1905/1138/1713
f 1906/1139/1714 520/1143/1718 693/1149/1724
f 3270/1144/1719 1895/1147/1722 1886/1145/1720
f 1886/1145/1720 3271/1148/1723 1887/1151/1726
f 520/1143/1718 3270/1144/1719 1885/1146/1721
f 3271/1148/1723 524/2236/2811 1991/1150/1725
f 3239/895/1470 3974/894/1469 2449/1152/1727
f 2449/1152/1727 3975/1154/1729 2450/1158/1733
f 2707/1156/1731 3239/895/1470 2448/1153/1728
f 3975/1154/1729 221/2183/2758 2677/1157/1732
f 1502/1159/1734 1327/1166/1741 1326/1160/1735
f 1458/1161/1736 1326/1160/1735 1325/1162/1737
f 1108/482/1057 1327/1166/1741 1502/1159/1734
f 1503/1163/1738 1325/1162/1737 3234/870/1445
f 146/478/1053 145/1172/1747 1321/1164/1739
f 1499/1165/1740 1320/1167/1742 1500/1168/1743
f 1496/1171/1746 1316/1170/1745 3282/1173/1748
f 3282/1173/1748 276/693/1268 3228/848/1423
f 1320/1167/1742 3282/1173/1748 3228/848/1423
f 3283/1178/1753 1313/1174/1749 1492/1175/1750
f 1313/1174/1749 274/679/1254 1504/836/1411
f 1316/1170/1745 3283/1178/1753 1492/1175/1750
f 1489/1181/1756 1308/1180/1755 1490/1183/1758
f 1308/1180/1755 1307/1182/1757 1490/1183/1758
f 142/557/1132 1107/567/1142 1488/1179/1754
f 1307/1182/1757 272/668/1243 1505/823/1398
f 1488/1179/1754 1304/1186/1761 1303/1184/1759
f 1485/1185/1760 1303/1184/1759 1486/1188/1763
f 1303/1184/1759 1302/1187/1762 1486/1188/1763
f 1302/1187/1762 270/658/1233 1506/807/1382
f 1304/1186/1761 1293/1189/1764 1482/1191/1766
f 140/532/1107 1294/1192/1767 1304/1186/1761
f 1293/1189/1764 1292/1193/1768 1483/1190/1765
f 1292/1193/1768 266/641/1216 3216/794/1369
f 1288/1194/1769 1287/1198/1773 1477/1196/1771
f 140/532/1107 139/566/1141 1294/1192/1767
f 139/566/1141 1289/1197/1772 1294/1192/1767
f 1468/1201/1776 1300/1200/1775 3284/1202/1777
f 1300/1200/1775 1299/1234/1809 3284/1202/1777
f 3284/1202/1777 1299/1234/1809 268/648/1223
f 3289/1203/1778 3284/1202/1777 1507/780/1355
f 1289/1197/1772 1279/1206/1781 1473/1207/1782
f 1474/1209/1784 260/608/1183 1508/771/1346
f 1279/1206/1781 1272/1213/1788 1271/1211/1786
f 1469/1212/1787 1271/1211/1786 3285/1214/1789
f 137/515/1090 136/505/1080 1272/1213/1788
f 3285/1214/1789 1510/590/1165 3206/760/1335
f 1278/1208/1783 3285/1214/1789 3206/760/1335
f 1480/1217/1792 1284/1216/1791 1481/1220/1795
f 1284/1216/1791 1283/1219/1794 1481/1220/1795
f 149/522/1097 1285/1218/1793 1479/1215/1790
f 1285/1218/1793 1267/1221/1796 1472/1223/1798
f 1111/499/1074 1268/1224/1799 1285/1218/1793
f 1266/1222/1797 257/587/1162 261/745/1320
f 1268/1224/1799 1258/1230/1805 1462/1226/1801
f 1258/1230/1805 1257/1229/1804 1462/1226/1801
f 1256/1227/1802 253/569/1144 256/737/1312
f 1463/1228/1803 1256/1227/1802 256/737/1312
f 3290/1231/1806 1503/1163/1738 252/730/1305
f 1327/1166/1741 1499/1165/1740 1326/1160/1735
f 1499/1165/1740 1500/1168/1743 3286/1232/1807
f 3286/1232/1807 279/860/1435 1509/718/1293
f 1325/1162/1737 3286/1232/1807 1509/718/1293
f 1321/1164/1739 1495/1169/1744 1496/1171/1746
f 1499/1165/1740 1496/1171/1746 1320/1167/1742
f 1495/1169/1744 1491/1177/1752 1316/1170/1745
f 1316/1170/1745 1492/1175/1750 3287/1233/1808
f 3282/1173/1748 3287/1233/1808 276/693/1268
f 1489/1181/1756 1490/1183/1758 1313/1174/1749
f 143/558/1133 142/557/1132 1491/1177/1752
f 142/557/1132 1488/1179/1754 1491/1177/1752
f 1490/1183/1758 273/681/1256 274/679/1254
f 3283/1178/1753 1489/1181/1756 1313/1174/1749
f 1485/1185/1760 1486/1188/1763 1307/1182/1757
f 1307/1182/1757 271/810/1385 272/668/1243
f 1308/1180/1755 1485/1185/1760 1307/1182/1757
f 1304/1186/1761 1482/1191/1766 1303/1184/1759
f 1482/1191/1766 1483/1190/1765 1302/1187/1762
f 141/546/1121 1110/545/1120 1304/1186/1761
f 1483/1190/1765 269/660/1235 270/658/1233
f 1300/1200/1775 1480/1217/1792 1299/1234/1809
f 1480/1217/1792 1481/1220/1795 1299/1234/1809
f 149/522/1097 1479/1215/1790 1467/1199/1774
f 1299/1234/1809 267/752/1327 268/648/1223
f 1294/1192/1767 1476/1195/1770 1293/1189/1764
f 1476/1195/1770 1477/1196/1771 1292/1193/1768
f 1464/1242/1817 1262/1238/1813 1465/1235/1810
f 136/505/1080 135/527/1102 1464/1242/1817
f 1261/1236/1811 255/636/1211 3173/593/1168
f 1466/1237/1812 1261/1236/1811 3173/593/1168
f 1289/1197/1772 1473/1207/1782 1288/1194/1769
f 1473/1207/1782 1474/1209/1784 1287/1198/1773
f 1284/1216/1791 1472/1223/1798 3288/1225/1800
f 149/522/1097 1109/521/1096 1285/1218/1793
f 1283/1219/1794 3288/1225/1800 261/745/1320
f 1278/1208/1783 259/605/1180 260/608/1183
f 1473/1207/1782 1469/1212/1787 1278/1208/1783
f 150/565/1140 1467/1199/1774 1459/1239/1814
f 1460/1240/1815 3289/1203/1778 258/1204/1779
f 1464/1242/1817 1465/1235/1810 1271/1211/1786
f 136/505/1080 1464/1242/1817 1272/1213/1788
f 1466/1237/1812 3173/593/1168 1510/590/1165
f 3285/1214/1789 1466/1237/1812 1510/590/1165
f 1268/1224/1799 1462/1226/1801 1267/1221/1796
f 1267/1221/1796 1463/1228/1803 1266/1222/1797
f 1463/1228/1803 256/737/1312 1511/1243/1818
f 1266/1222/1797 1463/1228/1803 1511/1243/1818
f 1112/509/1084 1459/1239/1814 1464/1242/1817
f 1459/1239/1814 1468/1201/1776 1262/1238/1813
f 1262/1238/1813 1468/1201/1776 1460/1240/1815
f 1261/1236/1811 1460/1240/1815 254/1241/1816
f 148/489/1064 147/483/1058 1258/1230/1805
f 147/483/1058 1502/1159/1734 1258/1230/1805
f 1502/1159/1734 1458/1161/1736 1257/1229/1804
f 1256/1227/1802 3290/1231/1806 3157/573/1148
f 3291/1244/1819 3292/1247/1822 2453/1245/1820
f 3292/1247/1822 3293/1251/1826 733/1248/1823
f 2020/1249/1824 3291/1244/1819 2452/1246/1821
f 3293/1251/1826 413/2199/2774 2686/1252/1827
f 3294/1253/1828 3295/1255/1830 3892/1254/1829
f 3295/1255/1830 3296/1259/1834 2942/1256/1831
f 2462/1258/1833 3294/1253/1828 1189/834/1409
f 3296/1259/1834 414/2192/2767 193/1260/1835
f 3297/1261/1836 3298/1264/1839 2458/1262/1837
f 3298/1264/1839 3299/1268/1843 703/1265/1840
f 1904/1266/1841 3297/1261/1836 2457/1263/1838
f 3299/1268/1843 411/917/1492 2698/918/1493
f 1254/654/1229 3991/1271/1846 2460/1269/1844
f 3991/1271/1846 2995/1274/1849 2461/1272/1847
f 2463/911/1486 1254/654/1229 2459/1270/1845
f 2995/1274/1849 2958/1155/1730 2707/1156/1731
f 3300/1279/1854 3301/1275/1850 3302/1277/1852
f 405/1278/1853 3301/1275/1850 3300/1279/1854
f 404/1281/1856 1691/3500/4075 3301/1275/1850
f 3301/1275/1850 1691/3500/4075 1692/1276/1851
f 3302/1277/1852 1692/1276/1851 403/1282/1857
f 3302/1277/1852 1690/1283/1858 406/1284/1859
f 3300/1279/1854 3302/1277/1852 1412/1285/1860
f 3303/1286/1861 1879/1289/1864 3878/1287/1862
f 3878/1287/1862 3304/1290/1865 3877/1294/1869
f 523/1291/1866 3303/1286/1861 3879/1288/1863
f 3304/1290/1865 527/2761/3336 789/1293/1868
f 1883/1295/1870 1882/1298/1873 1877/1296/1871
f 1877/1296/1871 3305/1299/1874 1878/1303/1878
f 522/1300/1875 1883/1295/1870 1876/1297/1872
f 3305/1299/1874 526/2222/2797 2113/1302/1877
f 1889/1304/1879 1888/1307/1882 1881/1305/1880
f 1881/1305/1880 3306/1308/1883 3864/1312/1887
f 521/1309/1884 1889/1304/1879 1880/1306/1881
f 3306/1308/1883 525/2229/2804 2045/1311/1886
f 3942/1313/1888 3943/1316/1891 1893/1314/1889
f 3943/1316/1891 3944/1320/1895 1894/1317/1892
f 2965/1318/1893 3942/1313/1888 1892/1315/1890
f 1894/1317/1892 2464/908/1483 1936/909/1484
f 3240/899/1474 3307/1322/1897 3883/1324/1899
f 3307/1322/1897 1899/1326/1901 3882/1323/1898
f 519/1325/1900 747/1321/1896 3240/899/1474
f 3882/1323/1898 523/1291/1866 208/1292/1867
f 1897/1329/1904 3308/1328/1903 2890/1331/1906
f 3308/1328/1903 1903/1334/1909 1898/1330/1905
f 518/1332/1907 758/1327/1902 1897/1329/1904
f 1898/1330/1905 522/1300/1875 714/1301/1876
f 3309/1335/1910 3310/1338/1913 1901/1336/1911
f 3310/1338/1913 1907/1342/1917 1902/1339/1914
f 517/1340/1915 3309/1335/1910 1900/1337/1912
f 1902/1339/1914 521/1309/1884 705/1310/1885
f 3949/1343/1918 2969/1346/1921 2772/1344/1919
f 2969/1346/1921 3950/1350/1925 1910/1347/1922
f 791/1348/1923 3949/1343/1918 1909/1345/1920
f 1910/1347/1922 2965/1318/1893 665/1319/1894
f 3888/1353/1928 3311/1352/1927 3887/1355/1930
f 3311/1352/1927 1916/1358/1933 3886/1354/1929
f 515/1356/1931 1917/1351/1926 3888/1353/1928
f 3886/1354/1929 519/1325/1900 207/852/1427
f 1914/1361/1936 3312/1360/1935 2885/1363/1938
f 3312/1360/1935 1922/1366/1941 1915/1362/1937
f 514/1364/1939 1923/1359/1934 1914/1361/1936
f 1915/1362/1937 518/1332/1907 727/1333/1908
f 1919/1369/1944 3313/1368/1943 1920/1371/1946
f 3313/1368/1943 1928/1374/1949 1921/1370/1945
f 513/1372/1947 1929/1367/1942 1919/1369/1944
f 1921/1370/1945 517/1340/1915 710/1341/1916
f 1931/1377/1952 3994/1376/1951 1932/1379/1954
f 3994/1376/1951 3995/1382/1957 1933/1378/1953
f 209/1380/1955 3993/1375/1950 1931/1377/1952
f 1933/1378/1953 791/1348/1923 669/1349/1924
f 3314/1383/1958 1939/1386/1961 2940/1384/1959
f 2940/1384/1959 3315/1387/1962 2941/1390/1965
f 2482/1389/1964 3314/1383/1958 3891/1385/1960
f 3315/1387/1962 515/1356/1931 2483/1357/1932
f 734/1393/1968 3316/1392/1967 1937/1395/1970
f 3316/1392/1967 1944/1398/1973 1938/1394/1969
f 510/1396/1971 1945/1391/1966 734/1393/1968
f 1944/1398/1973 514/1364/1939 730/1365/1940
f 1941/1401/1976 3317/1400/1975 1942/1403/1978
f 3317/1400/1975 2916/1406/1981 1943/1402/1977
f 509/1404/1979 1950/1399/1974 1941/1401/1976
f 2916/1406/1981 513/1372/1947 712/1373/1948
f 1951/1409/1984 2968/1408/1983 2769/1411/1986
f 2968/1408/1983 2967/1414/1989 1952/1410/1985
f 2964/1412/1987 3945/1407/1982 1951/1409/1984
f 1952/1410/1985 209/1380/1955 673/1381/1956
f 3318/1415/1990 3319/1418/1993 2943/1416/1991
f 3319/1418/1993 3320/1421/1996 2944/1419/1994
f 2481/897/1472 3318/1415/1990 3893/1417/1992
f 3320/1421/1996 511/1388/1963 2482/1389/1964
f 3321/1422/1997 2908/1425/2000 1955/1423/1998
f 2908/1425/2000 1961/1429/2004 1956/1426/2001
f 2719/1428/2003 3321/1422/1997 736/1424/1999
f 1961/1429/2004 510/1396/1971 2687/1397/1972
f 3322/1430/2005 1967/1433/2008 1959/1431/2006
f 1959/1431/2006 3323/1434/2009 1960/1437/2012
f 2726/1436/2011 3322/1430/2005 1958/1432/2007
f 3323/1434/2009 509/1404/1979 2845/1405/1980
f 3973/1438/2013 2982/1441/2016 1970/1439/2014
f 2982/1441/2016 2981/1445/2020 1971/1442/2017
f 2479/1444/2019 3973/1438/2013 1969/1440/2015
f 2981/1445/2020 2964/1412/1987 2708/1413/1988
f 3897/1448/2023 3324/1447/2022 2946/1449/2024
f 3324/1447/2022 2896/1452/2027 3896/896/1471
f 743/1450/2025 1976/1446/2021 3897/1448/2023
f 2896/1452/2027 507/1420/1995 2481/897/1472
f 3325/1453/2028 3326/1456/2031 2883/1454/2029
f 3326/1456/2031 761/1460/2035 1975/1457/2032
f 2477/1459/2034 3325/1453/2028 1974/1455/2030
f 761/1460/2035 506/1427/2002 2719/1428/2003
f 3327/1461/2036 3328/1464/2039 1980/1462/2037
f 3328/1464/2039 1986/1468/2043 1981/1465/2040
f 2476/1467/2042 3327/1461/2036 1979/1463/2038
f 1986/1468/2043 2411/1435/2010 2726/1436/2011
f 3940/1469/2044 2966/1472/2047 1989/1470/2045
f 1989/1470/2045 3941/1473/2048 1990/1476/2051
f 662/1475/2050 3940/1469/2044 1988/1471/2046
f 3941/1473/2048 210/1443/2018 2479/1444/2019
f 3329/1477/2052 3330/1480/2055 3899/1478/2053
f 3330/1480/2055 1994/1484/2059 3898/1481/2056
f 504/1482/2057 3329/1477/2052 3900/1479/2054
f 1994/1484/2059 743/1450/2025 2478/1451/2026
f 3331/1485/2060 2000/1488/2063 1992/1486/2061
f 2000/1488/2063 1999/1492/2067 1993/1489/2064
f 2340/1491/2066 3331/1485/2060 724/1487/2062
f 1999/1492/2067 755/1458/2033 2477/1459/2034
f 1996/1495/2070 3332/1494/2069 1997/1497/2072
f 3332/1494/2069 3333/1500/2075 1998/1496/2071
f 502/1498/2073 767/1493/2068 1996/1495/2070
f 3333/1500/2075 505/1466/2041 2476/1467/2042
f 3971/1501/2076 2980/1504/2079 2006/1502/2077
f 2006/1502/2077 3972/1505/2080 2007/1508/2083
f 2198/1507/2082 3971/1501/2076 2005/1503/2078
f 3972/1505/2080 797/1474/2049 662/1475/2050
f 3334/1509/2084 2013/1512/2087 3902/1510/2085
f 2013/1512/2087 2012/1516/2091 3901/1513/2088
f 205/1515/2090 3334/1509/2084 3903/1511/2086
f 3901/1513/2088 504/1482/2057 206/1483/2058
f 2009/1519/2094 3335/1518/2093 2010/1521/2096
f 3335/1518/2093 2018/1524/2099 2011/1520/2095
f 499/1522/2097 2019/1517/2092 2009/1519/2094
f 2018/1524/2099 503/1490/2065 2340/1491/2066
f 3336/1525/2100 3337/1528/2103 2016/1526/2101
f 3337/1528/2103 2918/1532/2107 2017/1529/2104
f 498/1530/2105 3336/1525/2100 2015/1527/2102
f 2017/1529/2104 502/1498/2073 2283/1499/2074
f 2025/1535/2110 2998/1534/2109 2026/1537/2112
f 2998/1534/2109 3997/1540/2115 2027/1536/2111
f 211/1538/2113 3996/1533/2108 2025/1535/2110
f 3997/1540/2115 2956/1506/2081 2198/1507/2082
f 3338/1541/2116 3339/1544/2119 3905/1542/2117
f 2475/1548/2123 3338/1541/2116 3906/1543/2118
f 3904/1545/2120 2031/1546/2121 500/1514/2089
f 3340/1549/2124 3341/1552/2127 2888/1550/2125
f 717/1556/2131 3340/1549/2124 2029/1551/2126
f 2030/1553/2128 2036/1554/2129 499/1522/2097
f 2030/1553/2128 499/1522/2097 721/1523/2098
f 3342/1557/2132 3343/1560/2135 2034/1558/2133
f 1957/1564/2139 3342/1557/2132 2033/1559/2134
f 2035/1561/2136 2040/1562/2137 498/1530/2105
f 2035/1561/2136 498/1530/2105 2140/1531/2106
f 2041/1567/2142 2978/1566/2141 2042/1569/2144
f 2957/1571/2146 3967/1565/2140 2041/1567/2142
f 2043/1568/2143 3968/1570/2145 211/1538/2113
f 2043/1568/2143 211/1538/2113 655/1539/2114
f 3344/1573/2148 2049/1578/2153 3907/1574/2149
f 492/1579/2154 3344/1573/2148 3908/1575/2150
f 3345/1576/2151 496/1547/2122 2475/1548/2123
f 2947/1577/2152 3345/1576/2151 2475/1548/2123
f 2056/1581/2156 2055/1584/2159 2047/1582/2157
f 2055/1584/2159 2054/1588/2163 2048/1585/2160
f 491/1586/2161 2056/1581/2156 2046/1583/2158
f 2054/1588/2163 495/1555/2130 717/1556/2131
f 2063/1589/2164 2062/1592/2167 2052/1590/2165
f 2062/1592/2167 2061/1596/2171 2053/1593/2168
f 490/1594/2169 2063/1589/2164 2051/1591/2166
f 2061/1596/2171 494/1563/2138 1957/1564/2139
f 3992/1597/2172 2997/1602/2177 2066/1598/2173
f 212/1603/2178 3992/1597/2172 2065/1599/2174
f 2996/1600/2175 2957/1571/2146 651/1572/2147
f 2067/1601/2176 2996/1600/2175 651/1572/2147
f 3346/1605/2180 2075/1608/2183 3910/1606/2181
f 2075/1608/2183 2074/1612/2187 3909/1609/2184
f 488/1610/2185 3346/1605/2180 3911/1607/2182
f 3909/1609/2184 492/1579/2154 204/1580/2155
f 2081/1613/2188 2080/1616/2191 2072/1614/2189
f 2080/1616/2191 2079/1620/2195 2073/1617/2192
f 487/1618/2193 2081/1613/2188 728/1615/2190
f 2079/1620/2195 491/1586/2161 1858/1587/2162
f 3347/1621/2196 2086/1624/2199 2077/1622/2197
f 2077/1622/2197 3348/1625/2200 2078/1628/2203
f 486/1626/2201 3347/1621/2196 2076/1623/2198
f 3348/1625/2200 490/1594/2169 3451/1595/2170
f 3965/1629/2204 2977/1632/2207 2088/1630/2205
f 2088/1630/2205 3966/1633/2208 2089/1636/2211
f 2959/1634/2209 3965/1629/2204 2087/1631/2206
f 3966/1633/2208 212/1603/2178 2630/1604/2179
f 3349/1637/2212 2097/1639/2214 3913/1638/2213
f 2097/1639/2214 2096/1643/2218 3912/1640/2215
f 484/1641/2216 3349/1637/2212 1207/756/1331
f 3912/1640/2215 488/1610/2185 203/1611/2186
f 3350/1644/2219 2102/1647/2222 2094/1645/2220
f 2102/1647/2222 2101/1651/2226 2095/1648/2223
f 483/1649/2224 3350/1644/2219 2093/1646/2221
f 2095/1648/2223 487/1618/2193 2637/1619/2194
f 3351/1652/2227 2107/1655/2230 2099/1653/2228
f 2099/1653/2228 3352/1656/2231 2100/1659/2234
f 482/1657/2232 3351/1652/2227 2098/1654/2229
f 3352/1656/2231 486/1626/2201 3821/1627/2202
f 3989/1660/2235 2994/1663/2238 2110/1661/2236
f 2994/1663/2238 3990/1667/2242 2111/1664/2239
f 213/1665/2240 3989/1660/2235 2109/1662/2237
f 2111/1664/2239 2959/1634/2209 670/1635/2210
f 3353/1668/2243 2117/1671/2246 2948/1669/2244
f 2117/1671/2246 2116/3763/4338 2949/1672/2247
f 2474/893/1468 3353/1668/2243 3914/1670/2245
f 2949/1672/2247 2116/3763/4338 484/1641/2216
f 2949/1672/2247 484/1641/2216 202/1642/2217
f 3354/1674/2249 2123/1677/2252 2114/1675/2250
f 2123/1677/2252 2122/3690/4265 2115/1678/2253
f 2693/1680/2255 3354/1674/2249 735/1676/2251
f 2115/1678/2253 2122/3690/4265 483/1649/2224
f 2115/1678/2253 483/1649/2224 731/1650/2225
f 3355/1681/2256 2128/1684/2259 2120/1682/2257
f 2128/1684/2259 2127/3765/4340 2121/1685/2260
f 2702/1687/2262 3355/1681/2256 2119/1683/2258
f 2121/1685/2260 2127/3765/4340 482/1657/2232
f 2121/1685/2260 482/1657/2232 2671/1658/2233
f 2976/1688/2263 3964/1691/2266 2131/1689/2264
f 3964/1691/2266 2975/3785/4360 2132/1692/2267
f 2721/1694/2269 2976/1688/2263 2130/1690/2265
f 2132/1692/2267 2975/3785/4360 213/1665/2240
f 2132/1692/2267 213/1665/2240 674/1666/2241
f 3916/1697/2272 3356/1696/2271 2950/1698/2273
f 3356/1696/2271 2138/1700/2275 3915/892/1467
f 476/1699/2274 2139/1695/2270 3916/1697/2272
f 2138/1700/2275 480/1673/2248 2474/893/1468
f 3357/1701/2276 2907/1704/2279 2136/1702/2277
f 2907/1704/2279 2144/1708/2283 2137/1705/2280
f 2728/1707/2282 3357/1701/2276 2135/1703/2278
f 2144/1708/2283 479/1679/2254 2693/1680/2255
f 3358/1709/2284 3359/1712/2287 2142/1710/2285
f 3359/1712/2287 2148/1716/2291 2143/1713/2288
f 769/1714/2289 3358/1709/2284 2141/1711/2286
f 2148/1716/2291 478/1686/2261 2702/1687/2262
f 3987/1717/2292 2993/1720/2295 2151/1718/2293
f 2993/1720/2295 3988/1723/2298 2152/1721/2296
f 2472/1722/2297 3987/1717/2292 2150/1719/2294
f 3988/1723/2298 2960/1693/2268 2721/1694/2269
f 3360/1724/2299 2157/1727/2302 3918/1725/2300
f 3918/1725/2300 3361/1728/2303 3917/885/1460
f 742/1729/2304 3360/1724/2299 3919/1726/2301
f 3361/1728/2303 476/1699/2274 2473/886/1461
f 2161/1731/2306 2160/1734/2309 2882/1732/2307
f 2882/1732/2307 3362/1735/2310 2156/1738/2313
f 472/1736/2311 2161/1731/2306 2155/1733/2308
f 3362/1735/2310 757/1706/2281 2728/1707/2282
f 2158/1741/2316 3363/1740/2315 3863/1743/2318
f 3363/1740/2315 3364/1746/2321 2159/1742/2317
f 471/1744/2319 2166/1739/2314 2158/1741/2316
f 3364/1746/2321 769/1714/2289 475/1715/2290
f 2167/1749/2324 2974/1748/2323 2168/1751/2326
f 2974/1748/2323 3963/1754/2329 661/1750/2325
f 792/1752/2327 3962/1747/2322 2167/1749/2324
f 3963/1754/2329 214/671/1246 2472/1722/2297
f 3365/1755/2330 2175/1758/2333 3921/1756/2331
f 3921/1756/2331 3366/1759/2334 3920/1762/2337
f 2471/1761/2336 3365/1755/2330 3922/1757/2332
f 3366/1759/2334 742/1729/2304 201/1730/2305
f 2172/1765/2340 3367/1764/2339 2173/1767/2342
f 3367/1764/2339 2180/1770/2345 2174/1766/2341
f 468/1768/2343 2181/1763/2338 2172/1765/2340
f 2174/1766/2341 472/1736/2311 473/1737/2312
f 766/1771/2346 3368/1774/2349 2178/1772/2347
f 3368/1774/2349 2187/1778/2353 2179/1775/2350
f 467/1776/2351 766/1771/2346 708/1773/2348
f 2179/1775/2350 471/1744/2319 3492/1745/2320
f 2188/1781/2356 2992/1780/2355 2189/1783/2358
f 2992/1780/2355 3986/1786/2361 2190/1782/2357
f 215/1784/2359 3985/1779/2354 2188/1781/2356
f 3986/1786/2361 792/1752/2327 660/1753/2328
f 3369/1787/2362 2197/1790/2365 3924/1788/2363
f 3924/1788/2363 3370/1791/2366 3923/1794/2369
f 465/1792/2367 3369/1787/2362 3925/1789/2364
f 3370/1791/2366 469/1760/2335 2471/1761/2336
f 3371/1795/2370 2203/1798/2373 2195/1796/2371
f 2203/1798/2373 2202/1802/2377 2196/1799/2374
f 2129/1801/2376 3371/1795/2370 2194/1797/2372
f 2202/1802/2377 468/1768/2343 723/1769/2344
f 3372/1803/2378 3866/1806/2381 2200/1804/2379
f 2200/1804/2379 3373/1807/2382 2201/1810/2385
f 463/1808/2383 3372/1803/2378 2199/1805/2380
f 3373/1807/2382 467/1776/2351 2215/1777/2352
f 3960/1811/2386 2973/1814/2389 2208/1812/2387
f 2973/1814/2389 3961/1818/2393 2209/1815/2390
f 1987/1817/2392 3960/1811/2386 2207/1813/2388
f 2209/1815/2390 215/1784/2359 657/1785/2360
f 3927/1821/2396 3374/1820/2395 3926/1823/2398
f 3374/1820/2395 2213/1825/2400 2951/1822/2397
f 461/1824/2399 2214/1819/2394 3927/1821/2396
f 2951/1822/2397 465/1792/2367 200/1793/2368
f 2221/1826/2401 2220/1829/2404 2212/1827/2402
f 2220/1829/2404 2219/1833/2408 720/1830/2405
f 460/1831/2406 2221/1826/2401 2211/1828/2403
f 2219/1833/2408 464/1800/2375 2129/1801/2376
f 3375/1834/2409 2226/1837/2412 2217/1835/2410
f 2226/1837/2412 2225/1841/2416 2218/1838/2413
f 459/1839/2414 3375/1834/2409 2216/1836/2411
f 2218/1838/2413 463/1808/2383 707/1809/2384
f 3984/1842/2417 2991/1845/2420 2229/1843/2418
f 2991/1845/2420 2990/1848/2423 2230/1846/2421
f 216/696/1271 3984/1842/2417 2228/1844/2419
f 2990/1848/2423 793/1816/2391 1987/1817/2392
f 3376/1849/2424 2238/1852/2427 3929/1850/2425
f 2238/1852/2427 2237/1855/2430 3928/883/1458
f 2469/1854/2429 3376/1849/2424 3930/1851/2426
f 2237/1855/2430 461/1824/2399 2470/884/1459
f 726/1858/2433 3377/1857/2432 2235/1860/2435
f 3377/1857/2432 2243/1863/2438 2236/1859/2434
f 456/1861/2436 2244/1856/2431 726/1858/2433
f 2236/1859/2434 460/1831/2406 716/1832/2407
f 2240/1866/2441 3378/1865/2440 2241/1868/2443
f 3378/1865/2440 3379/1871/2446 2242/1867/2442
f 455/1869/2444 2247/1864/2439 2240/1866/2441
f 3379/1871/2446 459/1839/2414 3465/1840/2415
f 3958/1872/2447 2972/1875/2450 2250/1873/2448
f 2250/1873/2448 3959/1876/2451 2251/1879/2454
f 2961/1877/2452 3958/1872/2447 2249/1874/2449
f 3959/1876/2451 216/696/1271 663/1847/2422
f 3380/1880/2455 2258/1883/2458 3931/1881/2456
f 2258/1883/2458 2257/1886/2461 2952/1884/2459
f 2468/881/1456 3380/1880/2455 3932/1882/2457
f 2257/1886/2461 457/1853/2428 2469/1854/2429
f 3381/1887/2462 2264/1890/2465 2255/1888/2463
f 2264/1890/2465 2263/1894/2469 2256/1891/2466
f 2649/1893/2468 3381/1887/2462 2254/1889/2464
f 2263/1894/2469 456/1861/2436 2621/1862/2437
f 3382/1895/2470 2268/1898/2473 2261/1896/2471
f 2268/1898/2473 2914/1902/2477 2262/1899/2474
f 451/1900/2475 3382/1895/2470 2260/1897/2472
f 2914/1902/2477 455/1869/2444 2626/1870/2445
f 2270/1905/2480 2989/1904/2479 2771/1907/2482
f 2989/1904/2479 2988/1910/2485 2271/1906/2481
f 217/1908/2483 3983/1903/2478 2270/1905/2480
f 2271/1906/2481 2961/1877/2452 2642/1878/2453
f 3383/1911/2486 2277/1914/2489 3934/1912/2487
f 3934/1912/2487 3384/1915/2490 3933/880/1455
f 449/1916/2491 3383/1911/2486 3935/1913/2488
f 3384/1915/2490 453/1885/2460 2468/881/1456
f 3385/1918/2493 3386/1921/2496 2884/1919/2494
f 3386/1921/2496 2282/1925/2500 2276/1922/2497
f 448/1923/2498 3385/1918/2493 2275/1920/2495
f 2282/1925/2500 452/1892/2467 2649/1893/2468
f 3387/1926/2501 3388/1929/2504 2280/1927/2502
f 3388/1929/2504 2915/1933/2508 2281/1930/2505
f 447/1931/2506 3387/1926/2501 2279/1928/2503
f 2281/1930/2505 451/1900/2475 2657/1901/2476
f 3955/1934/2509 3956/1937/2512 2288/1935/2510
f 3956/1937/2512 3957/1941/2516 2289/1938/2513
f 2697/1940/2515 3955/1934/2509 2287/1936/2511
f 3957/1941/2516 217/1908/2483 671/1909/2484
f 3389/1942/2517 2297/1945/2520 3937/1943/2518
f 2297/1945/2520 2296/1949/2524 3936/1946/2521
f 445/1947/2522 3389/1942/2517 2953/1944/2519
f 3936/1946/2521 449/1916/2491 199/1917/2492
f 2302/1950/2525 2301/1953/2528 2294/1951/2526
f 2301/1953/2528 759/1957/2532 2295/1954/2529
f 444/1955/2530 2302/1950/2525 2293/1952/2527
f 2295/1954/2529 448/1923/2498 732/1924/2499
f 3390/1958/2533 2308/1961/2536 2299/1959/2534
f 2308/1961/2536 2307/1965/2540 2300/1962/2537
f 2718/1964/2539 3390/1958/2533 2717/1960/2535
f 2300/1962/2537 447/1931/2506 2685/1932/2507
f 2987/1966/2541 3982/1969/2544 2311/1967/2542
f 3982/1969/2544 2986/1973/2548 2312/1970/2545
f 218/1971/2546 2987/1966/2541 2310/1968/2543
f 2986/1973/2548 794/1939/2514 2697/1940/2515
f 3939/1974/2549 3391/1979/2554 2318/1975/2550
f 2318/1975/2550 3392/1980/2555 2954/1977/2552
f 2933/1978/2553 2378/2009/2584 3391/1979/2554
f 3392/1980/2555 445/1947/2522 198/1948/2523
f 2315/1981/2556 3393/1986/2561 2323/1982/2557
f 2323/1982/2557 3394/1987/2562 2317/1984/2559
f 442/1985/2560 2331/2018/2593 3393/1986/2561
f 3394/1987/2562 444/1955/2530 2706/1956/2531
f 2321/1988/2563 3395/1993/2568 770/1989/2564
f 770/1989/2564 3396/1994/2569 2322/1991/2566
f 441/1992/2567 2274/4011/4586 3395/1993/2568
f 3396/1994/2569 443/1963/2538 2718/1964/2539
f 2766/1997/2572 3953/1996/2571 2328/3759/4334
f 3953/1996/2571 3954/3778/4353 2328/3759/4334
f 2328/3759/4334 2971/1999/2574 2329/2000/2575
f 2328/3759/4334 3954/3778/4353 2971/1999/2574
f 2971/1999/2574 218/1971/2546 2731/1972/2547
f 3397/2001/2576 3398/2004/2579 3868/2002/2577
f 438/2007/2582 3397/2001/2576 3869/2003/2578
f 3867/2005/2580 2378/2009/2584 2933/1978/2553
f 3399/2010/2585 2339/2013/2588 2332/2011/2586
f 2339/2013/2588 2338/2017/2592 2333/2014/2589
f 725/2016/2591 3399/2010/2585 2886/2012/2587
f 2333/2014/2589 2331/2018/2593 442/1985/2560
f 3400/2019/2594 2343/2022/2597 2336/2020/2595
f 2336/2020/2595 3401/2023/2598 2337/2026/2601
f 2349/2025/2600 3400/2019/2594 2335/2021/2596
f 3401/2023/2598 2274/4011/4586 441/1992/2567
f 3979/2027/2602 3980/2030/2605 2345/2028/2603
f 2345/2028/2603 3981/2031/2606 2346/2034/2609
f 2234/2033/2608 3979/2027/2602 2773/2029/2604
f 3981/2031/2606 2962/1998/2573 2467/1995/2570
f 3402/2035/2610 3403/2038/2613 3871/2036/2611
f 434/2041/2616 3402/2035/2610 2934/2037/2612
f 3870/2039/2614 438/2007/2582 197/2008/2583
f 2350/2044/2619 3404/2043/2618 2351/2046/2621
f 3404/2043/2618 3405/2049/2624 2352/2045/2620
f 433/2047/2622 2357/2042/2617 2350/2044/2619
f 3405/2049/2624 437/2015/2590 725/2016/2591
f 2354/2052/2627 3406/2051/2626 2355/2054/2629
f 3406/2051/2626 3407/2057/2632 2356/2053/2628
f 432/2055/2630 2360/2050/2625 2354/2052/2627
f 3407/2057/2632 436/2024/2599 2349/2025/2600
f 2970/2058/2633 3951/2061/2636 2362/2059/2634
f 2362/2059/2634 3952/2062/2637 659/2065/2640
f 2103/2064/2639 2970/2058/2633 2774/2060/2635
f 3952/2062/2637 219/2032/2607 2234/2033/2608
f 2935/2068/2643 3408/2067/2642 3873/2070/2645
f 3408/2067/2642 741/2073/2648 3872/2069/2644
f 430/2071/2646 2367/2066/2641 2935/2068/2643
f 3872/2069/2644 434/2041/2616 196/583/1158
f 3409/2074/2649 2372/2077/2652 2365/2075/2650
f 2365/2075/2650 3410/2078/2653 2366/2081/2656
f 429/2079/2654 3409/2074/2649 2887/2076/2651
f 3410/2078/2653 433/2047/2622 722/2048/2623
f 3411/2082/2657 765/2085/2660 2370/2083/2658
f 2370/2083/2658 3412/2086/2661 2371/2089/2664
f 428/2087/2662 3411/2082/2657 2369/2084/2659
f 3412/2086/2661 432/2055/2630 2171/2056/2631
f 3238/888/1463 3978/887/1462 2376/2090/2665
f 2376/2090/2665 2985/2092/2667 656/2094/2669
f 220/890/1465 3238/888/1463 2775/2091/2666
f 2985/2092/2667 2963/2063/2638 2103/2064/2639
f 3413/2095/2670 2380/2098/2673 3875/2096/2671
f 3875/2096/2671 3414/2099/2674 3874/2101/2676
f 2466/902/1477 3413/2095/2670 3876/2097/2672
f 3414/2099/2674 430/2071/2646 195/2072/2647
f 3415/2102/2677 2385/2105/2680 2379/2103/2678
f 2385/2105/2680 2384/2109/2684 718/2106/2681
f 1884/2108/2683 3415/2102/2677 715/2104/2679
f 718/2106/2681 429/2079/2654 2057/2080/2655
f 3416/2110/2685 3417/2113/2688 2383/2111/2686
f 3417/2113/2688 2388/2117/2692 706/2114/2689
f 1861/2116/2691 3416/2110/2685 2382/2112/2687
f 706/2114/2689 428/2087/2662 2008/2088/2663
f 3946/2118/2693 3947/2121/2696 2391/2119/2694
f 3947/2121/2696 3948/2125/2700 2392/2122/2697
f 796/2123/2698 3946/2118/2693 2390/2120/2695
f 3948/2125/2700 220/890/1465 1924/2093/2668
f 3881/2128/2703 3418/2127/2702 3880/2129/2704
f 3418/2127/2702 3419/2131/2706 2936/901/1476
f 2465/2130/2705 422/2156/2731 2395/2126/2701
f 3419/2131/2706 426/2100/2675 2466/902/1477
f 2400/2132/2707 3420/2135/2710 2889/2133/2708
f 3420/2135/2710 2399/2137/2712 2394/2136/2711
f 2627/2166/2741 2400/2132/2707 2393/2134/2709
f 2627/2166/2741 421/2165/2740 2400/2132/2707
f 2399/2137/2712 425/2107/2682 1884/2108/2683
f 2404/2138/2713 3421/2141/2716 2397/2139/2714
f 3421/2141/2716 2403/2143/2718 2398/2142/2717
f 2635/2176/2751 2404/2138/2713 2634/2140/2715
f 2635/2176/2751 420/2175/2750 2404/2138/2713
f 2403/2143/2718 424/2115/2690 1861/2116/2691
f 3976/2144/2719 3977/3789/4364 2407/2145/2720
f 2407/2145/2720 3977/3789/4364 2984/2147/2722
f 2650/2186/2761 3976/2144/2719 2406/2146/2721
f 2650/2186/2761 2955/2185/2760 3976/2144/2719
f 2408/2148/2723 2984/2147/2722 796/2123/2698
f 2408/2148/2723 796/2123/2698 664/2124/2699
f 2416/2149/2724 2415/2152/2727 3885/2150/2725
f 3885/2150/2725 3422/2153/2728 3884/2157/2732
f 418/2154/2729 2416/2149/2724 2938/2151/2726
f 2421/2158/2733 2420/2161/2736 2413/2159/2734
f 2413/2159/2734 3423/2162/2737 2414/2167/2742
f 417/2163/2738 2421/2158/2733 2412/2160/2735
f 2426/2168/2743 2425/2171/2746 2418/2169/2744
f 2418/2169/2744 3424/2172/2747 2419/2177/2752
f 416/2173/2748 2426/2168/2743 2417/2170/2745
f 2428/2178/2753 2999/2184/2759 3998/2179/2754
f 2429/2180/2755 3998/2179/2754 3999/2181/2756
f 2677/1157/1732 2999/2184/2759 2428/2178/2753
f 3425/2187/2762 3426/2190/2765 3890/2188/2763
f 3426/2190/2765 2898/2193/2768 3889/2191/2766
f 414/2192/2767 3425/2187/2762 2939/2189/2764
f 3889/2191/2766 418/2154/2729 194/2155/2730
f 3427/2194/2769 2909/2197/2772 2434/2195/2770
f 2909/2197/2772 2440/2200/2775 2435/2198/2773
f 2686/1252/1827 3427/2194/2769 2433/2196/2771
f 2435/2198/2773 417/2163/2738 2658/2164/2739
f 3428/2201/2776 2445/2204/2779 2438/2202/2777
f 2445/2204/2779 2444/2208/2783 2439/2205/2780
f 2691/2207/2782 3428/2201/2776 2437/2203/2778
f 2439/2205/2780 416/2173/2748 2663/2174/2749
f 3429/2209/2784 3430/2212/2787 2455/2210/2785
f 3430/2212/2787 3431/2216/2791 2456/2213/2788
f 1963/2214/2789 3429/2209/2784 2454/2211/2786
f 3431/2216/2791 412/2206/2781 2691/2207/2782
f 3432/2217/2792 3433/2220/2795 1859/2218/2793
f 3433/2220/2795 1865/2223/2798 1860/2221/2796
f 2113/1302/1877 3432/2217/2792 719/2219/2794
f 1860/2221/2796 2020/1249/1824 407/1250/1825
f 3434/2224/2799 3435/2227/2802 1863/2225/2800
f 3435/2227/2802 1962/2230/2805 1864/2228/2803
f 2045/1311/1886 3434/2224/2799 1862/2226/2801
f 1864/2228/2803 1963/2214/2789 408/2215/2790
f 772/2231/2806 3436/2234/2809 1869/2232/2807
f 3436/2234/2809 771/2237/2812 1870/2235/2810
f 1991/1150/1725 772/2231/2806 1868/2233/2808
f 1870/2235/2810 1904/1266/1841 409/1267/1842
f 2868/2238/2813 2846/2241/2816 1776/2239/2814
f 728/1615/2190 2846/2241/2816 2868/2238/2813
f 728/1615/2190 2073/1617/2192 2846/2241/2816
f 2919/2245/2820 3382/1895/2470 2636/2246/2821
f 3437/2247/2822 1377/2249/2824 556/2250/2825
f 2919/2245/2820 3437/2247/2822 3459/2252/2827
f 2830/2254/2829 2815/2253/2828 2814/2414/2989
f 710/1341/1916 705/1310/1885 2815/2253/2828
f 2830/2254/2829 2814/2414/2989 387/2255/2830
f 2398/2142/2717 2829/2258/2833 3814/2261/2836
f 2829/2258/2833 2382/2112/2687 2816/2262/2837
f 2559/2259/2834 2816/2262/2837 624/3424/3999
f 679/1014/1589 2777/2266/2841 2794/2264/2839
f 2777/2266/2841 2776/2432/3007 557/2267/2842
f 2794/2264/2839 2777/2266/2841 1833/2268/2843
f 2070/1072/1647 2090/1070/1645 1866/2270/2845
f 1867/2272/2847 1774/2273/2848 321/2984/3559
f 523/1291/1866 3307/1322/1897 3438/2274/2849
f 3307/1322/1897 747/1321/1896 3438/2274/2849
f 2632/2276/2851 382/2797/3372 1671/2277/2852
f 3438/2274/2849 1670/2278/2853 390/2279/2854
f 2631/2280/2855 629/3419/3994 3439/2281/2856
f 426/2100/2675 3419/2131/2706 1875/2282/2857
f 3419/2131/2706 2631/2280/2855 1875/2282/2857
f 3419/2131/2706 422/2156/2731 2631/2280/2855
f 3439/2281/2856 629/3419/3994 2556/3418/3993
f 3439/2281/2856 2556/3418/3993 621/2283/2858
f 3440/2284/2859 2732/2288/2863 320/2285/2860
f 666/2287/2862 3440/2284/2859 2748/3582/4157
f 2067/1601/2176 651/1572/2147 2732/2288/2863
f 1607/2286/2861 320/2285/2860 1608/3001/3576
f 3440/2284/2859 1607/2286/2861 312/3000/3575
f 2628/2289/2864 1543/2293/2868 1891/2290/2865
f 460/1831/2406 2244/1856/2431 2628/2289/2864
f 2629/2292/2867 561/3207/3782 1543/2293/2868
f 2890/1331/1906 2847/2444/3019 3441/2295/2870
f 3441/2295/2870 2847/2444/3019 1679/2446/3021
f 727/1333/1908 2890/1331/1906 3807/2300/2875
f 714/1301/1876 2847/2444/3019 2890/1331/1906
f 3441/2295/2870 1679/2446/3021 389/2296/2871
f 2866/2298/2873 3441/2295/2870 1712/2297/2872
f 2865/2301/2876 2849/2304/2879 2555/2302/2877
f 2849/2304/2879 2848/2449/3024 2555/2302/2877
f 2555/2302/2877 2848/2449/3024 622/3417/3992
f 2240/1866/2441 3442/2307/2882 2827/2310/2885
f 3442/2307/2882 2817/2306/2881 1550/3187/3762
f 3442/2307/2882 1550/3187/3762 555/2308/2883
f 2827/2310/2885 3442/2307/2882 1832/2309/2884
f 2625/2312/2887 1395/4012/4587 1394/2313/2888
f 3443/3570/4145 384/2320/2895 1908/2319/2894
f 1895/1147/1722 3443/3570/4145 3466/2318/2893
f 1895/1147/1722 520/1143/1718 3443/3570/4145
f 3466/2318/2893 3443/3570/4145 1908/2319/2894
f 773/943/1518 3444/2323/2898 3467/2460/3035
f 773/943/1518 423/936/1511 3444/2323/2898
f 2792/2329/2904 1772/2332/2907 1771/2333/2908
f 2792/2329/2904 2778/2330/2905 1772/2332/2907
f 694/1071/1646 2792/2329/2904 2793/3761/4336
f 2060/1076/1651 680/1082/1657 2778/2330/2905
f 3445/2336/2911 2623/2338/2913 1831/2339/2914
f 746/3562/4137 2622/3561/4136 2902/2335/2910
f 2902/2335/2910 2622/3561/4136 2623/2338/2913
f 2623/2338/2913 560/3202/3777 1831/2339/2914
f 737/2337/2912 3445/2336/2911 1930/2341/2916
f 1893/1314/1889 3446/2342/2917 2747/2345/2920
f 1893/1314/1889 653/2477/3052 2735/2346/2921
f 3446/2342/2917 2735/2346/2921 393/2347/2922
f 2747/2345/2920 3446/2342/2917 1673/2344/2919
f 652/2348/2923 3447/2351/2926 2746/2349/2924
f 3447/2351/2926 2733/2352/2927 620/2470/3045
f 3447/2351/2926 620/2470/3045 2551/2353/2928
f 2746/2349/2924 2551/2353/2928 628/3439/4014
f 726/1858/2433 2850/2354/2929 2863/2356/2931
f 495/1555/2130 2054/1588/2163 3448/2358/2933
f 2054/1588/2163 491/1586/2161 3448/2358/2933
f 1946/2360/2935 1610/2362/2937 325/2482/3057
f 2618/2363/2938 2619/3550/4125 3449/2364/2939
f 3449/2364/2939 2619/3550/4125 386/2365/2940
f 398/2367/2942 3449/2364/2939 1409/2366/2941
f 762/3547/4122 2616/3546/4121 3450/2372/2947
f 3450/2372/2947 2616/3546/4121 2617/2369/2944
f 3450/2372/2947 2617/2369/2944 2548/2371/2946
f 765/2085/2660 762/3547/4122 3450/2372/2947
f 2033/1559/2134 2818/2494/3069 3451/1595/2170
f 3451/1595/2170 2818/2494/3069 3452/2496/3071
f 3452/2496/3071 324/2495/3070 1770/3542/4117
f 2826/2375/2950 3452/2496/3071 1770/3542/4117
f 3451/1595/2170 3452/2496/3071 2826/2375/2950
f 2233/1009/1584 2615/2376/2951 1977/2378/2953
f 2233/1009/1584 458/1008/1583 2615/2376/2951
f 1978/2377/2952 1378/2380/2955 550/3178/3753
f 682/2381/2956 2781/2384/2959 3453/2382/2957
f 2781/2384/2959 397/2516/3091 1709/2385/2960
f 3453/2382/2957 1709/2385/2960 1708/2386/2961
f 2780/2388/2963 2547/3408/3983 626/2389/2964
f 692/940/1515 2780/2388/2963 3798/2390/2965
f 2780/2388/2963 2779/2502/3077 2547/3408/3983
f 2547/3408/3983 2779/2502/3077 618/2504/3079
f 3454/2391/2966 1829/2396/2971 1828/2392/2967
f 663/1847/2422 3454/2391/2966 2745/2393/2968
f 654/2394/2969 2736/2395/2970 3454/2391/2966
f 1829/2396/2971 2736/2395/2970 551/2512/3087
f 3455/2397/2972 1769/2400/2975 1768/2401/2976
f 496/1547/2122 2049/1578/2153 3455/2397/2972
f 2049/1578/2153 492/1579/2154 3455/2397/2972
f 3455/2397/2972 1768/2401/2976 1982/2398/2973
f 2612/2403/2978 1677/3532/4107 1676/2404/2979
f 1882/1298/1873 522/1300/1875 2612/2403/2978
f 2024/2405/2980 1676/2404/2979 402/2535/3110
f 2385/2105/2680 3456/2407/2982 752/2517/3092
f 2385/2105/2680 425/2107/2682 3456/2407/2982
f 615/2408/2983 623/2410/2985 2544/3404/3979
f 752/2517/3092 3456/2407/2982 2001/2409/2984
f 2846/2241/2816 2851/2412/2987 3457/2411/2986
f 2046/1583/2158 717/1556/2131 2851/2412/2987
f 3457/2411/2986 326/2526/3101 1613/2242/2817
f 3864/1312/1887 3458/2413/2988 2815/2253/2828
f 705/1310/1885 3864/1312/1887 2815/2253/2828
f 3864/1312/1887 3477/2553/3128 3458/2413/2988
f 3458/2413/2988 3477/2553/3128 401/2415/2990
f 3458/2413/2988 1707/2416/2991 1706/2417/2992
f 2814/2414/2989 1706/2417/2992 387/2255/2830
f 2816/2262/2837 2819/2418/2993 616/2420/2995
f 2816/2262/2837 2543/2421/2996 624/3424/3999
f 459/1839/2414 2919/2245/2820 3459/2252/2827
f 1866/2270/2845 1867/2272/2847 1396/2426/3001
f 2932/1083/1658 1866/2270/2845 2028/2427/3002
f 2932/1083/1658 2068/1078/1653 1866/2270/2845
f 1396/2426/3001 1867/2272/2847 321/2984/3559
f 2813/1010/1585 3460/2429/3004 2776/2432/3007
f 679/1014/1589 2813/1010/1585 2777/2266/2841
f 683/1019/1594 2782/2543/3118 2813/1010/1585
f 2813/1010/1585 2782/2543/3118 3460/2429/3004
f 3460/2429/3004 2782/2543/3118 549/2430/3005
f 3460/2429/3004 1827/2431/3006 557/2267/2842
f 1879/1289/1864 3461/2435/3010 3479/2433/3008
f 1879/1289/1864 523/1291/1866 1871/2275/2850
f 3461/2435/3010 1871/2275/2850 390/2279/2854
f 406/1284/1859 3461/2435/3010 1705/2436/3011
f 738/2437/3012 3462/2438/3013 3475/2545/3120
f 738/2437/3012 426/2100/2675 1875/2282/2857
f 3462/2438/3013 1875/2282/2857 2540/2439/3014
f 3475/2545/3120 3462/2438/3013 2037/2441/3016
f 2737/2442/3017 328/2552/3127 1766/2443/3018
f 651/1572/2147 2043/1568/2143 2737/2442/3017
f 2043/1568/2143 655/1539/2114 2737/2442/3017
f 2732/2288/2863 1766/2443/3018 320/2285/2860
f 1878/1303/1878 719/2219/2794 2855/2447/3022
f 2847/2444/3019 2855/2447/3022 2854/2445/3020
f 2854/2445/3020 405/1278/1853 1680/2782/3357
f 2854/2445/3020 1680/2782/3357 1679/2446/3021
f 718/2106/2681 2853/2448/3023 2849/2304/2879
f 2853/2448/3023 2852/2558/3133 2848/2449/3024
f 2848/2449/3024 2852/2558/3133 614/2561/3136
f 2848/2449/3024 614/2561/3136 2539/3398/3973
f 2848/2449/3024 2539/3398/3973 622/3417/3992
f 2064/2450/3025 1890/2291/2866 1891/2290/2865
f 2064/2450/3025 1891/2290/2865 554/2294/2869
f 2064/2450/3025 1826/2452/3027 546/2563/3138
f 3464/2453/3028 1896/2314/2889 323/2317/2892
f 3464/2453/3028 1616/2455/3030 331/2456/3031
f 3465/1840/2415 2821/2572/3147 2817/2306/2881
f 2817/2306/2881 1551/3186/3761 1550/3187/3762
f 2817/2306/2881 2821/2572/3147 1551/3186/3761
f 707/1809/2384 2824/2656/3231 3465/1840/2415
f 3465/1840/2415 2824/2656/3231 2821/2572/3147
f 1551/3186/3761 2821/2572/3147 547/2571/3146
f 771/2237/2812 3466/2318/2893 2712/2459/3034
f 2920/2458/3033 1908/2319/2894 394/2322/2897
f 2920/2458/3033 394/2322/2897 391/2777/3352
f 3467/2460/3035 1913/2328/2903 611/2462/3037
f 431/958/1533 2377/948/1523 3467/2460/3035
f 3467/2460/3035 3444/2323/2898 1913/2328/2903
f 1913/2328/2903 619/2327/2902 2536/3392/3967
f 611/2462/3037 1913/2328/2903 2536/3392/3967
f 2783/2463/3038 330/2465/3040 3468/2464/3039
f 680/1082/1657 2039/1084/1659 2783/2463/3038
f 2039/1084/1659 684/1093/1668 2783/2463/3038
f 2734/2350/2925 2738/2583/3158 612/2467/3042
f 652/2348/2923 2775/2091/2666 2734/2350/2925
f 656/2094/2669 2738/2583/3158 2734/2350/2925
f 2734/2350/2925 2534/2468/3043 2733/2352/2927
f 740/2473/3048 2901/2475/3050 3469/2471/3046
f 3469/2471/3046 737/2337/2912 1930/2341/2916
f 1380/2472/3047 1930/2341/2916 552/2340/2915
f 3469/2471/3046 1380/2472/3047 2108/2474/3049
f 2735/2346/2921 1940/2478/3053 1681/2479/3054
f 1681/2479/3054 1940/2478/3053 392/2776/3351
f 2036/1554/2129 495/1555/2130 2124/2481/3056
f 3470/2480/3055 1946/2360/2935 325/2482/3057
f 3470/2480/3055 1764/2483/3058 333/2484/3059
f 2850/2354/2929 2856/2486/3061 553/2357/2932
f 2850/2354/2929 2857/2485/3060 2856/2486/3061
f 2856/2486/3061 3666/2488/3063 1553/2489/3064
f 1954/2374/2949 617/2373/2948 2532/3389/3964
f 609/2491/3066 1954/2374/2949 2532/3389/3964
f 2818/2494/3069 2035/1561/2136 2822/2492/3067
f 2822/2492/3067 332/2956/3531 1619/2493/3068
f 2818/2494/3069 1619/2493/3068 3452/2496/3071
f 763/3735/4310 1968/2368/2943 2911/2499/3074
f 763/3735/4310 1888/1307/1882 1968/2368/2943
f 3435/2227/2802 1888/1307/1882 763/3735/4310
f 1968/2368/2943 1701/2497/3072 395/2498/3073
f 681/2387/2962 2812/947/1522 3471/2500/3075
f 685/951/1526 2784/2601/3176 3471/2500/3075
f 3471/2500/3075 2784/2601/3176 610/2501/3076
f 1977/2378/2953 1978/2377/2952 1554/2505/3080
f 2931/1020/1595 1977/2378/2953 2149/2506/3081
f 2931/1020/1595 462/1022/1597 1977/2378/2953
f 1554/2505/3080 1978/2377/2952 550/3178/3753
f 496/1547/2122 1982/2398/2973 2154/2509/3084
f 1397/2508/3083 1982/2398/2973 327/2402/2977
f 2736/2395/2970 2739/2611/3186 1824/2511/3086
f 2207/1813/2388 2739/2611/3186 2736/2395/2970
f 2207/1813/2388 657/1785/2360 2739/2611/3186
f 2739/2611/3186 543/2615/3190 1824/2511/3086
f 3472/2513/3088 396/2769/3344 1700/2515/3090
f 1869/2232/2807 409/1267/1842 3472/2513/3088
f 3472/2513/3088 1995/2514/3089 396/2769/3344
f 2781/2384/2959 3472/2513/3088 1700/2515/3090
f 682/2381/2956 3472/2513/3088 2781/2384/2959
f 2001/2409/2984 615/2408/2983 2529/2520/3095
f 2162/2518/3093 2001/2409/2984 2529/2520/3095
f 2888/1550/2125 721/1523/2098 2858/2522/3097
f 3473/2523/3098 1761/2525/3100 326/2526/3101
f 2851/2412/2987 3473/2523/3098 3457/2411/2986
f 2820/2419/2994 2823/2527/3102 2819/2418/2993
f 1823/2531/3106 2014/2422/2997 548/2425/3000
f 753/3725/4300 2024/2405/2980 3474/2534/3109
f 754/2406/2981 2024/2405/2980 753/3725/4300
f 2024/2405/2980 402/2535/3110 3474/2534/3109
f 3474/2534/3109 1699/2536/3111 399/2537/3112
f 753/3725/4300 3474/2534/3109 2903/2538/3113
f 2182/2540/3115 2028/2427/3002 2183/2539/3114
f 2930/1094/1669 774/1087/1662 2028/2427/3002
f 2183/2539/3114 1622/2541/3116 337/2948/3523
f 2782/2543/3118 2785/2542/3117 1556/2544/3119
f 683/1019/1594 686/1024/1599 2785/2542/3117
f 2785/2542/3117 541/2634/3209 1556/2544/3119
f 3475/2545/3120 2525/2548/3123 605/2546/3121
f 741/2073/2648 2367/2066/2641 3475/2545/3120
f 2037/2441/3016 613/2440/3015 2525/2548/3123
f 655/1539/2114 3476/2549/3124 2737/2442/3017
f 2026/1537/2112 2740/2641/3216 3476/2549/3124
f 2026/1537/2112 658/2639/3214 2740/2641/3216
f 3476/2549/3124 2740/2641/3216 336/2550/3125
f 3476/2549/3124 1760/2551/3126 328/2552/3127
f 3477/2553/3128 2050/2554/3129 400/2555/3130
f 3477/2553/3128 1698/2556/3131 401/2415/2990
f 718/2106/2681 2887/2076/2651 2853/2448/3023
f 722/2048/2623 2859/2644/3219 2853/2448/3023
f 2853/2448/3023 2859/2644/3219 606/2557/3132
f 2202/1802/2377 3478/2451/3026 2206/2562/3137
f 2202/1802/2377 464/1800/2375 3478/2451/3026
f 3478/2451/3026 2064/2450/3025 546/2563/3138
f 538/2565/3140 3478/2451/3026 1381/2564/3139
f 2206/2562/3137 3478/2451/3026 538/2565/3140
f 764/2454/3029 2071/2457/3032 3491/2567/3142
f 764/2454/3029 3464/2453/3028 2071/2457/3032
f 2071/2457/3032 1759/2569/3144 1758/2568/3143
f 2821/2572/3147 2824/2656/3231 1821/2570/3145
f 707/1809/2384 708/1773/2348 2824/2656/3231
f 2824/2656/3231 539/2655/3230 1821/2570/3145
f 739/2434/3009 3479/2433/3008 3517/2762/3337
f 3479/2433/3008 406/1284/1859 1690/1283/1858
f 3517/2762/3337 3479/2433/3008 2891/2573/3148
f 435/966/1541 2363/953/1528 2222/2576/3151
f 2363/953/1528 431/958/1533 3480/2461/3036
f 3481/2574/3149 2521/2577/3152 2520/2575/3150
f 2222/2576/3151 3480/2461/3036 2520/2575/3150
f 3482/2578/3153 687/2658/3233 2786/2660/3235
f 684/1093/1668 3482/2578/3153 2783/2463/3038
f 2022/1091/1666 687/2658/3233 3482/2578/3153
f 3482/2578/3153 2786/2660/3235 338/2579/3154
f 3482/2578/3153 1625/2580/3155 330/2465/3040
f 2741/2581/3156 2519/2667/3242 2518/2582/3157
f 2774/2060/2635 2741/2581/3156 2738/2583/3158
f 2738/2583/3158 2518/2582/3157 612/2467/3042
f 1558/2584/3159 2108/2474/3049 544/2476/3051
f 719/2219/2794 407/1250/1825 2855/2447/3022
f 2259/2589/3164 2124/2481/3056 1398/2591/3166
f 3335/1518/2093 499/1522/2097 2124/2481/3056
f 2259/2589/3164 1398/2591/3166 341/2938/3513
f 2857/2485/3060 2860/2678/3253 1820/2593/3168
f 2194/1797/2372 2860/2678/3253 2857/2485/3060
f 2194/1797/2372 723/1769/2344 2860/2678/3253
f 2860/2678/3253 537/3150/3725 1820/2593/3168
f 3407/2057/2632 765/2085/2660 3484/2490/3065
f 3485/2594/3169 2515/2597/3172 2514/2595/3170
f 2278/2681/3256 3484/2490/3065 2514/2595/3170
f 768/2596/3171 3484/2490/3065 2278/2681/3256
f 2825/2598/3173 1755/2599/3174 2822/2492/3067
f 2016/1526/2101 2825/2598/3173 2035/1561/2136
f 2016/1526/2101 1997/1497/2072 2825/2598/3173
f 2822/2492/3067 1754/2600/3175 332/2956/3531
f 2784/2601/3176 2787/2603/3178 2513/3377/3952
f 688/956/1531 2788/2602/3177 2784/2601/3176
f 2513/3377/3952 2787/2603/3178 602/2691/3266
f 2784/2601/3176 2513/3377/3952 610/2501/3076
f 2191/1031/1606 2149/2506/3081 3500/2605/3180
f 2191/1031/1606 466/1030/1605 2149/2506/3081
f 2309/2604/3179 1819/2606/3181 1818/3163/3738
f 2309/2604/3179 1818/3163/3738 534/4013/4588
f 2013/1512/2087 500/1514/2089 2319/2607/3182
f 2319/2607/3182 2154/2509/3084 335/2510/3085
f 2320/2608/3183 1628/2610/3185 343/2934/3509
f 2743/2612/3187 1561/2614/3189 543/2615/3190
f 2189/1783/2358 2743/2612/3187 2739/2611/3186
f 2189/1783/2358 660/1753/2328 2743/2612/3187
f 1561/2614/3189 2742/2613/3188 535/2699/3274
f 543/2615/3190 1561/2614/3189 1560/3164/3739
f 437/2015/2590 2357/2042/2617 3486/2519/3094
f 2357/2042/2617 433/2047/2622 3486/2519/3094
f 2510/2616/3191 2162/2518/3093 607/2521/3096
f 3503/2618/3193 3486/2519/3094 2509/2617/3192
f 2010/1521/2096 2861/2619/3194 2858/2522/3097
f 2010/1521/2096 724/1487/2062 2861/2619/3194
f 1753/2620/3195 1752/2951/3526 334/2524/3099
f 2858/2522/3097 1753/2620/3195 3473/2523/3098
f 2823/2527/3102 709/2622/3197 3487/2624/3199
f 2356/2053/2628 709/2622/3197 2823/2527/3102
f 3487/2624/3199 2507/2626/3201 608/2528/3103
f 2823/2527/3102 3487/2624/3199 608/2528/3103
f 471/1744/2319 2177/2533/3108 2361/2629/3204
f 2177/2533/3108 1383/2627/3202 1382/2628/3203
f 2361/2629/3204 1382/2628/3203 532/3144/3719
f 2368/2630/3205 2182/2540/3115 1751/2631/3206
f 1751/2631/3206 2183/2539/3114 337/2948/3523
f 2185/1029/1604 3488/2633/3208 2785/2542/3117
f 2185/1029/1604 689/1038/1613 3488/2633/3208
f 3488/2633/3208 2789/2716/3291 533/4014/4589
f 3488/2633/3208 533/4014/4589 1815/2635/3210
f 2381/2636/3211 2193/2547/3122 2504/2637/3212
f 745/2040/2615 3403/2038/2613 2381/2636/3211
f 3403/2038/2613 741/2073/2648 2193/2547/3122
f 658/2639/3214 2744/2728/3303 3489/2640/3215
f 658/2639/3214 662/1475/2050 2744/2728/3303
f 2744/2728/3303 1743/2727/3302 3489/2640/3215
f 3489/2640/3215 1743/2727/3302 344/2642/3217
f 3489/2640/3215 1630/2643/3218 336/2550/3125
f 2859/2644/3219 2502/2646/3221 3490/2647/3222
f 2351/2046/2621 2862/2645/3220 2859/2644/3219
f 3490/2647/3222 2501/2648/3223 606/2557/3132
f 2859/2644/3219 3490/2647/3222 606/2557/3132
f 2405/2650/3225 2206/2562/3137 1563/2649/3224
f 2180/1770/2345 2206/2562/3137 2405/2650/3225
f 2180/1770/2345 468/1768/2343 2206/2562/3137
f 1400/2652/3227 1758/2568/3143 339/2940/3515
f 3511/2738/3313 3491/2567/3142 347/2653/3228
f 3493/2654/3229 1814/4015/4590 539/2655/3230
f 708/1773/2348 3492/1745/2320 2824/2656/3231
f 3493/2654/3229 531/2743/3318 1814/4015/4590
f 539/2655/3230 1814/4015/4590 1813/3155/3730
f 2824/2656/3231 3492/1745/2320 3493/2654/3229
f 2436/2657/3232 2222/2576/3151 3494/4016/4591
f 2347/967/1542 2348/964/1539 2436/2657/3232
f 2348/964/1539 435/966/1541 2222/2576/3151
f 2222/2576/3151 2520/2575/3150 3494/4016/4591
f 3494/4016/4591 2520/2575/3150 603/3364/3939
f 3494/4016/4591 603/3364/3939 2498/3361/3936
f 3494/4016/4591 2498/3361/3936 596/3345/3920
f 2488/2748/3323 3494/4016/4591 596/3345/3920
f 2436/2657/3232 3494/4016/4591 2488/2748/3323
f 2790/2659/3234 1748/2661/3236 2786/2660/3235
f 687/2658/3233 691/1103/1678 2790/2659/3234
f 2790/2659/3234 1741/2753/3328 1748/2661/3236
f 1748/2661/3236 1741/2753/3328 346/2921/3496
f 2741/2581/3156 3496/2662/3237 3495/2665/3240
f 2773/2029/2604 3496/2662/3237 2741/2581/3156
f 2346/2034/2609 2239/2663/3238 3496/2662/3237
f 2239/2663/3238 597/3341/3916 2497/2664/3239
f 3495/2665/3240 3496/2662/3237 2497/2664/3239
f 2893/2671/3246 3497/2668/3243 2892/2669/3244
f 2900/2670/3245 3497/2668/3243 2893/2671/3246
f 2900/2670/3245 469/1760/2335 2248/2585/3160
f 3497/2668/3243 2248/2585/3160 536/2586/3161
f 2892/2669/3244 1812/2672/3247 528/3132/3707
f 756/2590/3165 2259/2589/3164 2904/2673/3248
f 2904/2673/3248 2259/2589/3164 1632/2674/3249
f 1632/2674/3249 2259/2589/3164 341/2938/3513
f 2860/2678/3253 3498/2677/3252 537/3150/3725
f 2173/1767/2342 2269/2676/3251 2860/2678/3253
f 2173/1767/2342 473/1737/2312 2269/2676/3251
f 537/3150/3725 3498/2677/3252 1567/2680/3255
f 3401/2023/2598 768/2596/3171 2912/2682/3257
f 2278/2681/3256 2514/2595/3170 601/3358/3933
f 2278/2681/3256 601/3358/3933 2495/3356/3931
f 2278/2681/3256 2495/3356/3931 594/3337/3912
f 2484/3336/3911 2278/2681/3256 594/3337/3912
f 2912/2682/3257 2278/2681/3256 2484/3336/3911
f 2825/2598/3173 1998/1496/2071 3499/2683/3258
f 1997/1497/2072 1998/1496/2071 2825/2598/3173
f 1998/1496/2071 2286/3755/4330 3499/2683/3258
f 2286/3755/4330 1641/3756/4331 3499/2683/3258
f 3499/2683/3258 1641/3756/4331 348/2684/3259
f 3499/2683/3258 1747/2685/3260 340/2686/3261
f 2825/2598/3173 3499/2683/3258 1755/2599/3174
f 2788/2602/3177 2494/2688/3263 2787/2603/3178
f 2342/965/1540 2298/2687/3262 2788/2602/3177
f 3500/2605/3180 1384/2693/3268 282/3126/3701
f 2169/1039/1614 3500/2605/3180 2921/2692/3267
f 2169/1039/1614 776/1033/1608 3500/2605/3180
f 1384/2693/3268 2309/2604/3179 534/4013/4588
f 2921/2692/3267 3500/2605/3180 282/3126/3701
f 3501/2694/3269 1746/2695/3270 351/2911/3486
f 743/1450/2025 3501/2694/3269 2894/3753/4328
f 744/2609/3184 2319/2607/3182 3501/2694/3269
f 3501/2694/3269 2319/2607/3182 2320/2608/3183
f 1746/2695/3270 2320/2608/3183 343/2934/3509
f 2894/3753/4328 3501/2694/3269 351/2911/3486
f 2742/2613/3188 3502/2696/3271 1809/2698/3273
f 660/1753/2328 2168/1751/2326 2742/2613/3188
f 2168/1751/2326 661/1750/2325 3502/2696/3271
f 1809/2698/3273 2327/2697/3272 281/3121/3696
f 2905/2700/3275 3503/2618/3193 3504/4017/4592
f 2338/2017/2592 2339/2013/2588 2905/2700/3275
f 2339/2013/2588 437/2015/2590 3503/2618/3193
f 3503/2618/3193 2509/2617/3192 3504/4017/4592
f 3504/4017/4592 2509/2617/3192 2492/3353/3928
f 3504/4017/4592 2492/3353/3928 592/3328/3903
f 1694/3327/3902 3504/4017/4592 592/3328/3903
f 2905/2700/3275 3504/4017/4592 1694/3327/3902
f 2344/3750/4325 1634/2701/3276 2861/2619/3194
f 724/1487/2062 2344/3750/4325 2861/2619/3194
f 724/1487/2062 2477/1459/2034 2344/3750/4325
f 2344/3750/4325 1736/3751/4326 1634/2701/3276
f 1634/2701/3276 1736/3751/4326 350/2930/3505
f 709/2622/3197 2353/2702/3277 3505/2623/3198
f 2913/2707/3282 2361/2629/3204 1569/2708/3283
f 769/1714/2289 471/1744/2319 2361/2629/3204
f 1569/2708/3283 2361/2629/3204 532/3144/3719
f 2923/2711/3286 778/1102/1677 2368/2630/3205
f 2368/2630/3205 1402/2929/3504 2922/2710/3285
f 2929/1109/1684 778/1102/1677 2923/2711/3286
f 2368/2630/3205 345/2632/3207 1402/2929/3504
f 2922/2710/3285 1402/2929/3504 1401/2712/3287
f 689/1038/1613 2163/1035/1610 2789/2716/3291
f 3506/2715/3290 2375/2717/3292 283/2718/3293
f 2789/2716/3291 1808/2719/3294 533/4014/4589
f 2334/2006/2581 3398/2004/2579 3507/2721/3296
f 3398/2004/2579 745/2040/2615 2381/2636/3211
f 2381/2636/3211 2503/2638/3213 3508/2720/3295
f 3508/2720/3295 2503/2638/3213 598/3349/3924
f 3508/2720/3295 598/3349/3924 2490/2723/3298
f 2895/2722/3297 3507/2721/3296 2490/2723/3298
f 662/1475/2050 1989/1470/2045 3509/2725/3300
f 1989/1470/2045 2479/1444/2019 3509/2725/3300
f 2389/2729/3304 352/2901/3476 1744/2726/3301
f 2744/2728/3303 3509/2725/3300 1743/2727/3302
f 2886/2012/2587 2396/2730/3305 2862/2645/3220
f 2906/2736/3311 1807/2737/3312 286/3109/3684
f 1807/2737/3312 1563/2649/3224 530/3138/3713
f 3327/1461/2036 3491/2567/3142 3511/2738/3313
f 3511/2738/3313 1638/2923/3498 1637/2739/3314
f 1986/1468/2043 3327/1461/2036 3856/2740/3315
f 3511/2738/3313 347/2653/3228 1638/2923/3498
f 3856/2740/3315 3327/1461/2036 3511/2738/3313
f 475/1715/2290 2844/3687/4262 3512/2741/3316
f 2436/2657/3232 2488/2748/3323 3513/2746/3321
f 779/982/1557 2330/970/1545 2924/2747/3322
f 2330/970/1545 2436/2657/3232 2924/2747/3322
f 2330/970/1545 2347/967/1542 2436/2657/3232
f 691/1103/1678 1984/1105/1680 2790/2659/3234
f 1984/1105/1680 2480/1111/1686 3514/2751/3326
f 3514/2751/3326 2446/2754/3329 2447/2755/3330
f 2447/2755/3330 354/2893/3468 1742/2752/3327
f 2790/2659/3234 3514/2751/3326 1741/2753/3328
f 3515/2756/3331 3516/2759/3334 2945/2757/3332
f 3516/2759/3334 3517/2762/3337 3894/2760/3335
f 789/1293/1868 3515/2756/3331 3895/2758/3333
f 3517/2762/3337 2082/1257/1832 2462/1258/1833
f 3518/2763/3338 1411/3511/4086 3519/2764/3339
f 400/2555/3130 3518/2763/3338 1698/2556/3131
f 400/2555/3130 1410/3507/4082 3518/2763/3338
f 3518/2763/3338 1410/3507/4082 1411/3511/4086
f 3519/2764/3339 1411/3511/4086 399/2537/3112
f 3519/2764/3339 1699/2536/3111 402/2535/3110
f 1698/2556/3131 3519/2764/3339 1688/2766/3341
f 3520/2768/3343 1684/3517/4092 3521/2767/3342
f 397/2516/3091 1700/2515/3090 3520/2768/3343
f 396/2769/3344 1684/3517/4092 3520/2768/3343
f 1684/3517/4092 1685/3515/4090 3521/2767/3342
f 3521/2767/3342 1685/3515/4090 395/2498/3073
f 1701/2497/3072 3521/2767/3342 395/2498/3073
f 1687/2771/3346 3520/2768/3343 1701/2497/3072
f 3522/2774/3349 3524/2773/3348 3523/2778/3353
f 393/2347/2922 1681/2479/3054 3522/2774/3349
f 392/2776/3351 1702/2772/3347 3522/2774/3349
f 1702/2772/3347 1703/3523/4098 3524/2773/3348
f 3524/2773/3348 1703/3523/4098 391/2777/3352
f 3523/2778/3353 3524/2773/3348 394/2322/2897
f 1683/2775/3350 3522/2774/3349 3523/2778/3353
f 1413/1280/1855 1412/1285/1860 3526/2780/3355
f 389/2296/2871 1679/2446/3021 3525/2781/3356
f 1679/2446/3021 1680/2782/3357 3525/2781/3356
f 1680/2782/3357 405/1278/1853 1413/1280/1855
f 1412/1285/1860 406/1284/1859 1705/2436/3011
f 3526/2780/3355 1705/2436/3011 390/2279/2854
f 3525/2781/3356 3526/2780/3355 1704/2783/3358
f 1689/2765/3340 1688/2766/3341 3527/2784/3359
f 1707/2416/2991 401/2415/2990 1689/2765/3340
f 1688/2766/3341 402/2535/3110 1676/2404/2979
f 3527/2784/3359 1676/2404/2979 1677/3532/4107
f 3527/2784/3359 1677/3532/4107 388/2785/3360
f 1706/2417/2992 3527/2784/3359 1678/2786/3361
f 3528/2787/3362 1687/2771/3346 1686/2770/3345
f 385/2790/3365 1708/2386/2961 3528/2787/3362
f 1708/2386/2961 1709/2385/2960 3528/2787/3362
f 1686/2770/3345 398/2367/2942 1409/2366/2941
f 3529/2788/3363 1409/2366/2941 386/2365/2940
f 1675/2789/3364 3528/2787/3362 3529/2788/3363
f 3530/2791/3366 1683/2775/3350 1682/2779/3354
f 383/2794/3369 1673/2344/2919 3530/2791/3366
f 1673/2344/2919 1674/2343/2918 3530/2791/3366
f 1674/2343/2918 393/2347/2922 1683/2775/3350
f 1682/2779/3354 394/2322/2897 1711/2321/2896
f 3531/2792/3367 1711/2321/2896 384/2320/2895
f 1710/2793/3368 3530/2791/3366 3531/2792/3367
f 389/2296/2871 1704/2783/3358 3532/2795/3370
f 3532/2795/3370 1704/2783/3358 390/2279/2854
f 1672/2796/3371 3532/2795/3370 1670/2278/2853
f 381/2299/2874 1712/2297/2872 1672/2796/3371
f 387/2255/2830 1678/2786/3361 3533/2798/3373
f 1678/2786/3361 388/2785/3360 1408/2799/3374
f 1669/2800/3375 3533/2798/3373 1408/2799/3374
f 379/2257/2832 1713/2256/2831 3533/2798/3373
f 3535/2803/3378 3534/2802/3377 1675/2789/3364
f 1668/2804/3379 385/2790/3365 3534/2802/3377
f 385/2790/3365 1675/2789/3364 3534/2802/3377
f 3535/2803/3378 1716/2805/3380 378/2809/3384
f 1714/2806/3381 1668/2804/3379 3535/2803/3378
f 1717/2813/3388 3536/2810/3385 1667/2812/3387
f 1717/2813/3388 383/2794/3369 3536/2810/3385
f 383/2794/3369 1710/2793/3368 3536/2810/3385
f 376/2834/3409 3537/2811/3386 1666/2816/3391
f 1667/2812/3387 3537/2811/3386 376/2834/3409
f 1718/2818/3393 3538/2817/3392 1664/2820/3395
f 3538/2817/3392 1672/2796/3371 382/2797/3372
f 1664/2820/3395 3538/2817/3392 1407/2819/3394
f 1664/2820/3395 1407/2819/3394 374/2846/3421
f 1663/2823/3398 3539/2822/3397 1719/2827/3402
f 3539/2822/3397 1669/2800/3375 380/2801/3376
f 1719/2827/3402 3539/2822/3397 372/2826/3401
f 1662/2831/3406 3540/2828/3403 1661/2829/3404
f 369/2862/3437 1721/2830/3405 1662/2831/3406
f 1721/2830/3405 3540/2828/3403 1662/2831/3406
f 377/2807/3382 1714/2806/3381 3540/2828/3403
f 1660/2839/3414 3541/2833/3408 3542/2835/3410
f 367/2869/3444 1722/2836/3411 1660/2839/3414
f 1722/2836/3411 3541/2833/3408 1660/2839/3414
f 375/2814/3389 1667/2812/3387 3541/2833/3408
f 3543/2840/3415 3544/2843/3418 1723/2841/3416
f 373/2821/3396 1664/2820/3395 3544/2843/3418
f 3545/2849/3424 1720/2825/3400 1655/2852/3427
f 371/2824/3399 1720/2825/3400 3545/2849/3424
f 1719/2827/3402 372/2826/3401 1655/2852/3427
f 3546/2850/3425 1655/2852/3427 364/2884/3459
f 1656/2855/3430 3546/2850/3425 364/2884/3459
f 1654/2856/3431 3547/2859/3434 1406/2857/3432
f 3547/2859/3434 1662/2831/3406 370/2832/3407
f 1729/2867/3442 3548/2864/3439 3549/2865/3440
f 3548/2864/3439 1660/2839/3414 1659/2838/3413
f 1659/2838/3413 368/2837/3412 1730/2870/3445
f 3549/2865/3440 1730/2870/3445 360/2903/3478
f 1728/2902/3477 3549/2865/3440 360/2903/3478
f 1729/2867/3442 3549/2865/3440 1728/2902/3477
f 3550/2872/3447 3551/2874/3449 3552/2875/3450
f 3550/2872/3447 3552/2875/3450 1650/2873/3448
f 3551/2874/3449 3550/2872/3447 358/2871/3446
f 365/2845/3420 1724/2842/3417 3551/2874/3449
f 3551/2874/3449 1724/2842/3417 1723/2841/3416
f 3552/2875/3450 1723/2841/3416 366/2848/3423
f 1650/2873/3448 3552/2875/3450 1649/2876/3451
f 356/2883/3458 3553/2881/3456 1648/2887/3462
f 1731/2882/3457 3554/2879/3454 3553/2881/3456
f 1731/2882/3457 363/2854/3429 3554/2879/3454
f 363/2854/3429 1657/2851/3426 3554/2879/3454
f 3554/2879/3454 1657/2851/3426 1656/2855/3430
f 3555/2880/3455 1656/2855/3430 1405/2885/3460
f 1647/2888/3463 3555/2880/3455 357/2886/3461
f 1647/2888/3463 3553/2881/3456 3555/2880/3455
f 3556/2891/3466 3557/2892/3467 3558/2889/3464
f 354/2893/3468 3556/2891/3466 1733/2897/3472
f 361/2861/3436 1654/2856/3431 3557/2892/3467
f 1654/2856/3431 1653/2858/3433 3558/2889/3464
f 3558/2889/3464 1653/2858/3433 362/2863/3438
f 3559/2890/3465 3558/2889/3464 1734/2894/3469
f 1732/2896/3471 3559/2890/3465 355/2895/3470
f 3556/2891/3466 3559/2890/3465 1732/2896/3471
f 3560/2898/3473 1728/2902/3477 3561/2899/3474
f 1735/2868/3443 3560/2898/3473 1646/2900/3475
f 1735/2868/3443 1729/2867/3442 3560/2898/3473
f 3561/2899/3474 1728/2902/3477 1644/2904/3479
f 1645/2927/3502 3561/2899/3474 353/2713/3288
f 1646/2900/3475 3561/2899/3474 1645/2927/3502
f 1736/3751/4326 3562/2905/3480 350/2930/3505
f 1736/3751/4326 1737/2908/3483 3562/2905/3480
f 1737/2908/3483 358/2871/3446 1651/2878/3453
f 1650/2873/3448 359/2877/3452 1403/2909/3484
f 3563/2906/3481 1403/2909/3484 1404/2910/3485
f 350/2930/3505 3562/2905/3480 1643/2907/3482
f 1641/3756/4331 3564/2912/3487 348/2684/3259
f 1641/3756/4331 1642/2915/3490 3564/2912/3487
f 1642/2915/3490 356/2883/3458 1648/2887/3462
f 1647/2888/3463 357/2886/3461 1739/2916/3491
f 3565/2913/3488 1739/2916/3491 1740/2917/3492
f 348/2684/3259 3564/2912/3487 1738/2914/3489
f 1741/2753/3328 1742/2752/3327 3566/2918/3493
f 1742/2752/3327 354/2893/3468 1733/2897/3472
f 1732/2896/3471 355/2895/3470 1637/2739/3314
f 3567/2919/3494 1637/2739/3314 1638/2923/3498
f 1639/2922/3497 3567/2919/3494 1638/2923/3498
f 1640/2920/3495 3567/2919/3494 1639/2922/3497
f 1743/2727/3302 1744/2726/3301 3568/2924/3499
f 1744/2726/3301 352/2901/3476 1646/2900/3475
f 1645/2927/3502 353/2713/3288 1401/2712/3287
f 3569/2925/3500 1401/2712/3287 1402/2929/3504
f 1635/2928/3503 3569/2925/3500 1402/2929/3504
f 1636/2926/3501 3569/2925/3500 1635/2928/3503
f 342/2621/3196 3570/2932/3507 3571/2933/3508
f 3570/2932/3507 3572/2931/3506 3571/2933/3508
f 1634/2701/3276 3570/2932/3507 342/2621/3196
f 1634/2701/3276 350/2930/3505 3570/2932/3507
f 350/2930/3505 1643/2907/3482 3572/2931/3506
f 3572/2931/3506 351/2911/3486 1746/2695/3270
f 3571/2933/3508 1746/2695/3270 343/2934/3509
f 340/2686/3261 1747/2685/3260 3573/2936/3511
f 348/2684/3259 1738/2914/3489 3573/2936/3511
f 3573/2936/3511 349/2675/3250 1632/2674/3249
f 1633/2937/3512 3573/2936/3511 1632/2674/3249
f 3574/2939/3514 3575/2942/3517 339/2940/3515
f 1748/2661/3236 3574/2939/3514 1631/2941/3516
f 1748/2661/3236 346/2921/3496 3574/2939/3514
f 3574/2939/3514 1640/2920/3495 1639/2922/3497
f 3575/2942/3517 347/2653/3228 1400/2652/3227
f 339/2940/3515 3575/2942/3517 1400/2652/3227
f 3576/2943/3518 3578/2946/3521 1749/2947/3522
f 3576/2943/3518 3577/2945/3520 3578/2946/3521
f 336/2550/3125 1630/2643/3218 3576/2943/3518
f 1630/2643/3218 344/2642/3217 3577/2945/3520
f 3577/2945/3520 1636/2926/3501 1635/2928/3503
f 3578/2946/3521 345/2632/3207 1751/2631/3206
f 1749/2947/3522 3578/2946/3521 1751/2631/3206
f 3579/2949/3524 3581/2952/3527 3580/2950/3525
f 1752/2951/3526 1753/2620/3195 3579/2949/3524
f 342/2621/3196 1745/2935/3510 3581/2952/3527
f 3581/2952/3527 343/2934/3509 1628/2610/3185
f 3580/2950/3525 1628/2610/3185 335/2510/3085
f 1752/2951/3526 3580/2950/3525 1629/2953/3528
f 3582/2954/3529 3584/2958/3533 3583/2955/3530
f 1754/2600/3175 1755/2599/3174 3582/2954/3529
f 340/2686/3261 1633/2937/3512 3584/2958/3533
f 1633/2937/3512 341/2938/3513 1398/2591/3166
f 3584/2958/3533 1398/2591/3166 1399/2592/3167
f 3583/2955/3530 1399/2592/3167 333/2484/3059
f 1754/2600/3175 3583/2955/3530 1626/2959/3534
f 3585/2960/3535 3586/2963/3538 3587/2961/3536
f 330/2465/3040 1625/2580/3155 3585/2960/3535
f 1625/2580/3155 338/2579/3154 3586/2963/3538
f 3586/2963/3538 1631/2941/3516 339/2940/3515
f 3587/2961/3536 1758/2568/3143 1759/2569/3144
f 1757/2962/3537 3585/2960/3535 331/2456/3031
f 3588/2965/3540 3589/2968/3543 3590/2966/3541
f 328/2552/3127 1760/2551/3126 3588/2965/3540
f 1760/2551/3126 336/2550/3125 3589/2968/3543
f 3589/2968/3543 1750/2944/3519 1749/2947/3522
f 3590/2966/3541 337/2948/3523 1622/2541/3116
f 1624/2967/3542 3588/2965/3540 1622/2541/3116
f 1761/2525/3100 334/2524/3099 1629/2953/3528
f 3591/2970/3545 1629/2953/3528 1397/2508/3083
f 1620/2972/3547 3591/2970/3545 327/2402/2977
f 1621/2971/3546 1761/2525/3100 3591/2970/3545
f 3592/2973/3548 1627/2957/3532 1626/2959/3534
f 1619/2493/3068 3592/2973/3548 1763/2975/3550
f 332/2956/3531 1627/2957/3532 3592/2973/3548
f 3593/2974/3549 1626/2959/3534 1764/2483/3058
f 1762/2976/3551 3593/2974/3549 325/2482/3057
f 1763/2975/3550 3592/2973/3548 3593/2974/3549
f 1757/2962/3537 1756/2964/3539 3595/2977/3552
f 1765/2466/3041 3594/2978/3553 1618/2979/3554
f 330/2465/3040 1757/2962/3537 3594/2978/3553
f 3595/2977/3552 1756/2964/3539 1616/2455/3030
f 1617/2980/3555 3595/2977/3552 323/2317/2892
f 3594/2978/3553 3595/2977/3552 1617/2980/3555
f 1624/2967/3542 1623/2969/3544 3597/2981/3556
f 1766/2443/3018 3596/2982/3557 1615/2983/3558
f 328/2552/3127 1624/2967/3542 3596/2982/3557
f 3597/2981/3556 1623/2969/3544 1396/2426/3001
f 1614/2985/3560 3597/2981/3556 321/2984/3559
f 3596/2982/3557 3597/2981/3556 1614/2985/3560
f 3598/2986/3561 1621/2971/3546 3599/2987/3562
f 1613/2242/2817 3598/2986/3561 318/2243/2818
f 1613/2242/2817 326/2526/3101 3598/2986/3561
f 3599/2987/3562 1620/2972/3547 327/2402/2977
f 3599/2987/3562 1768/2401/2976 1769/2400/2975
f 318/2243/2818 3598/2986/3561 1767/2988/3563
f 3600/2990/3565 1763/2975/3550 3601/2991/3566
f 1770/3542/4117 3600/2990/3565 316/3015/3590
f 1770/3542/4117 324/2495/3070 3600/2990/3565
f 3601/2991/3566 1762/2976/3551 325/2482/3057
f 3601/2991/3566 1610/2362/2937 1611/2359/2934
f 316/3015/3590 3600/2990/3565 1612/2992/3567
f 3602/2994/3569 1617/2980/3555 3603/2995/3570
f 1771/2333/2908 1772/2332/2907 3602/2994/3569
f 322/2331/2906 1618/2979/3554 3602/2994/3569
f 3603/2995/3570 1394/2313/2888 1395/4012/4587
f 315/3017/3592 3603/2995/3570 1395/4012/4587
f 1609/2996/3571 3603/2995/3570 315/3017/3592
f 3604/2997/3572 1614/2985/3560 3605/2998/3573
f 1607/2286/2861 1608/3001/3576 3604/2997/3572
f 320/2285/2860 1615/2983/3558 3604/2997/3572
f 3605/2998/3573 1774/2273/2848 1775/2271/2846
f 313/3024/3599 3605/2998/3573 1775/2271/2846
f 1773/2999/3574 3605/2998/3573 313/3024/3599
f 3606/3003/3578 3607/3002/3577 1605/3005/3580
f 3607/3002/3577 319/2989/3564 1604/3006/3581
f 1605/3005/3580 3607/3002/3577 1604/3006/3581
f 316/3015/3590 3610/3011/3586 3609/3008/3583
f 1602/3009/3584 3609/3008/3583 1393/3012/3587
f 3610/3011/3586 317/2993/3568 1393/3012/3587
f 1602/3009/3584 1393/3012/3587 309/3551/4126
f 1778/3020/3595 3611/3016/3591 3612/3018/3593
f 306/3054/3629 1601/3019/3594 1778/3020/3595
f 1601/3019/3594 314/2334/2909 3611/3016/3591
f 1600/3027/3602 3613/3023/3598 1598/3025/3600
f 1779/3026/3601 3613/3023/3598 1600/3027/3602
f 1779/3026/3601 312/3000/3575 3613/3023/3598
f 1606/3004/3579 3615/3035/3610 3614/3031/3606
f 1781/3033/3608 310/2244/2819 1606/3004/3579
f 1606/3004/3579 1605/3005/3580 3615/3035/3610
f 1605/3005/3580 311/3007/3582 1391/3034/3609
f 3614/3031/3606 1391/3034/3609 1392/3037/3612
f 3614/3031/3606 1392/3037/3612 1597/3036/3611
f 302/3039/3614 1780/3032/3607 3614/3031/3606
f 1603/3014/3589 3617/3042/3617 3616/3040/3615
f 1596/3044/3619 308/3013/3588 1603/3014/3589
f 1603/3014/3589 1602/3009/3584 3617/3042/3617
f 1602/3009/3584 309/3551/4126 1783/3045/3620
f 3616/3040/3615 1784/3043/3618 1782/3046/3621
f 300/3048/3623 1595/3041/3616 3616/3040/3615
f 3619/3050/3625 3618/3049/3624 1777/3022/3597
f 1785/3051/3626 306/3054/3629 3618/3049/3624
f 3618/3049/3624 1778/3020/3595 1777/3022/3597
f 1777/3022/3597 307/3021/3596 1592/3055/3630
f 3619/3050/3625 1592/3055/3630 1593/3643/4218
f 299/3056/3631 3619/3050/3625 1593/3643/4218
f 1594/3052/3627 1785/3051/3626 3619/3050/3625
f 1786/3059/3634 1787/3062/3637 3620/3057/3632
f 1787/3062/3637 304/3028/3603 1600/3027/3602
f 3620/3057/3632 1600/3027/3602 1599/3030/3605
f 1599/3030/3605 305/3029/3604 1389/3063/3638
f 3621/3058/3633 1389/3063/3638 1390/3657/4232
f 297/3064/3639 3621/3058/3633 1390/3657/4232
f 1591/3060/3635 1786/3059/3634 3621/3058/3633
f 3622/3065/3640 3623/3071/3646 3624/3066/3641
f 295/3068/3643 1590/3070/3645 3622/3065/3640
f 1590/3070/3645 302/3039/3614 3623/3071/3646
f 3623/3071/3646 302/3039/3614 1597/3036/3611
f 3624/3066/3641 303/3038/3613 1790/3676/4251
f 1788/3067/3642 3624/3066/3641 1790/3676/4251
f 3625/3072/3647 3626/3075/3650 3627/3073/3648
f 293/3686/4261 3625/3072/3647 1589/3077/3652
f 3625/3072/3647 300/3048/3623 3626/3075/3650
f 3626/3075/3650 300/3048/3623 1782/3046/3621
f 1588/3074/3649 3627/3073/3648 301/3047/3622
f 3628/3078/3653 1388/3083/3658 292/3079/3654
f 1791/3081/3656 3628/3078/3653 1587/3080/3655
f 1791/3081/3656 298/3053/3628 3628/3078/3653
f 1594/3052/3627 299/3056/3631 1388/3083/3658
f 3629/3084/3659 3630/3089/3664 1794/3085/3660
f 1586/3087/3662 3629/3084/3659 1793/3086/3661
f 1586/3087/3662 296/3061/3636 3629/3084/3659
f 1591/3060/3635 297/3064/3639 3630/3089/3664
f 3630/3089/3664 297/3064/3639 1794/3085/3660
f 1792/3090/3665 1794/3085/3660 290/3754/4329
f 1795/3094/3669 3631/3091/3666 1585/3095/3670
f 1795/3094/3669 1796/3097/3672 3631/3091/3666
f 1796/3097/3672 295/3068/3643 1789/3069/3644
f 1788/3067/3642 1790/3676/4251 1582/3098/3673
f 3632/3092/3667 1582/3098/3673 1583/3099/3674
f 1585/3095/3670 3631/3091/3666 1584/3093/3668
f 1797/3104/3679 3633/3101/3676 1581/3105/3680
f 1797/3104/3679 1798/3106/3681 3633/3101/3676
f 1798/3106/3681 293/3686/4261 1589/3077/3652
f 1588/3074/3649 294/3076/3651 1386/3107/3682
f 3634/3102/3677 1386/3107/3682 1387/3108/3683
f 1581/3105/3680 3633/3101/3676 1580/3103/3678
f 1578/3114/3689 1579/3115/3690 3635/3110/3685
f 1579/3115/3690 291/3082/3657 1587/3080/3655
f 3636/3113/3688 1587/3080/3655 292/3079/3654
f 3637/3111/3686 1800/3116/3691 1801/3141/3716
f 1799/3112/3687 3637/3111/3686 1801/3141/3716
f 1802/3120/3695 1803/3122/3697 3638/3117/3692
f 1803/3122/3697 289/3088/3663 1793/3086/3661
f 1792/3090/3665 290/3754/4329 1574/3123/3698
f 3639/3118/3693 1574/3123/3698 1575/3125/3700
f 1576/3124/3699 3639/3118/3693 1575/3125/3700
f 1577/3119/3694 3639/3118/3693 1576/3124/3699
f 1585/3095/3670 3642/3130/3705 3641/3127/3702
f 529/2679/3254 3640/3128/3703 1573/3134/3709
f 1804/3129/3704 287/3096/3671 1585/3095/3670
f 1585/3095/3670 1584/3093/3668 3642/3130/3705
f 3642/3130/3705 288/3100/3675 1385/3131/3706
f 3641/3127/3702 1385/3131/3706 528/3132/3707
f 1573/3134/3709 3640/3128/3703 3641/3127/3702
f 531/2743/3318 3643/3135/3710 1806/3153/3728
f 1571/2742/3317 285/2744/3319 1581/3105/3680
f 3644/3136/3711 286/3109/3684 1807/2737/3312
f 1805/3137/3712 3644/3136/3711 1807/2737/3312
f 1806/3153/3728 3643/3135/3710 1805/3137/3712
f 3646/3140/3715 3647/3142/3717 1570/3143/3718
f 3646/3140/3715 3645/3139/3714 3647/3142/3717
f 1808/2719/3294 3646/3140/3715 533/4014/4589
f 1808/2719/3294 283/2718/3293 3645/3139/3714
f 3645/3139/3714 1799/3112/3687 1801/3141/3716
f 3647/3142/3717 284/2709/3284 1569/2708/3283
f 1570/3143/3718 3647/3142/3717 1569/2708/3283
f 533/4014/4589 3646/3140/3715 1570/3143/3718
f 3648/3145/3720 3650/3147/3722 534/4013/4588
f 3648/3145/3720 3649/3146/3721 3650/3147/3722
f 1809/2698/3273 281/3121/3696 3649/3146/3721
f 3649/3146/3721 1577/3119/3694 1576/3124/3699
f 3650/3147/3722 282/3126/3701 1384/2693/3268
f 534/4013/4588 3650/3147/3722 1384/2693/3268
f 3648/3145/3720 534/4013/4588 1568/3148/3723
f 1567/2680/3255 3651/3149/3724 1810/3152/3727
f 1567/2680/3255 529/2679/3254 1573/3134/3709
f 3651/3149/3724 528/3132/3707 1812/2672/3247
f 1810/3152/3727 1812/2672/3247 536/2586/3161
f 1813/3155/3730 3653/3154/3729 3652/3157/3732
f 1813/3155/3730 1814/4015/4590 1806/3153/3728
f 1814/4015/4590 531/2743/3318 1806/3153/3728
f 1805/3137/3712 530/3138/3713 1563/2649/3224
f 3653/3154/3729 1563/2649/3224 1564/2566/3141
f 3652/3157/3732 1564/2566/3141 538/2565/3140
f 1813/3155/3730 3652/3157/3732 1565/3158/3733
f 3654/3159/3734 3655/3161/3736 1382/2628/3203
f 541/2634/3209 1815/2635/3210 3654/3159/3734
f 1815/2635/3210 533/4014/4589 3655/3161/3736
f 3655/3161/3736 533/4014/4589 1570/3143/3718
f 1570/3143/3718 532/3144/3719 1382/2628/3203
f 1562/3160/3735 3654/3159/3734 1383/2627/3202
f 1817/3165/3740 3656/3162/3737 1819/2606/3181
f 543/2615/3190 1560/3164/3739 1817/3165/3740
f 1560/3164/3739 1561/2614/3189 3656/3162/3737
f 3656/3162/3737 535/2699/3274 1568/3148/3723
f 1568/3148/3723 534/4013/4588 1818/3163/3738
f 3657/3167/3742 3658/3169/3744 1559/3168/3743
f 3657/3167/3742 1811/3151/3726 3658/3169/3744
f 545/2487/3062 1820/2593/3168 3657/3167/3742
f 1820/2593/3168 1811/3151/3726 3657/3167/3742
f 3658/3169/3744 1810/3152/3727 536/2586/3161
f 3658/3169/3744 1558/2584/3159 544/2476/3051
f 3659/3170/3745 3660/3172/3747 1557/3171/3746
f 3659/3170/3745 1566/3156/3731 1565/3158/3733
f 547/2571/3146 1821/2570/3145 3659/3170/3745
f 1821/2570/3145 1566/3156/3731 3659/3170/3745
f 3660/3172/3747 1565/3158/3733 1381/2564/3139
f 3660/3172/3747 1381/2564/3139 546/2563/3138
f 1822/3174/3749 3661/3173/3748 3662/3175/3750
f 1562/3160/3735 540/2532/3107 3662/3175/3750
f 549/2430/3005 1556/2544/3119 3661/3173/3748
f 1556/2544/3119 1562/3160/3735 3661/3173/3748
f 3662/3175/3750 540/2532/3107 1823/2531/3106
f 3662/3175/3750 1823/2531/3106 548/2425/3000
f 1555/3176/3751 3663/3179/3754 3664/3177/3752
f 3663/3179/3754 1816/3166/3741 3664/3177/3752
f 551/2512/3087 1824/2511/3086 3663/3179/3754
f 543/2615/3190 1817/3165/3740 3663/3179/3754
f 3664/3177/3752 1816/3166/3741 1554/2505/3080
f 3664/3177/3752 1554/2505/3080 550/3178/3753
f 3665/3180/3755 3666/2488/3063 3667/3181/3756
f 3666/2488/3063 545/2487/3062 1559/3168/3743
f 3667/3181/3756 1559/3168/3743 544/2476/3051
f 1552/3182/3757 3667/3181/3756 1380/2472/3047
f 1553/2489/3064 3665/3180/3755 1552/3182/3757
f 3668/3183/3758 3669/3188/3763 3670/3184/3759
f 1550/3187/3762 3668/3183/3758 555/2308/2883
f 3669/3188/3763 547/2571/3146 1557/3171/3746
f 1557/3171/3746 546/2563/3138 3670/3184/3759
f 1825/3185/3760 3670/3184/3759 1826/2452/3027
f 555/2308/2883 3668/3183/3758 1825/3185/3760
f 3671/3189/3764 3673/3192/3767 3672/3190/3765
f 1827/2431/3006 3671/3189/3764 1549/3191/3766
f 3671/3189/3764 549/2430/3005 1822/3174/3749
f 1822/3174/3749 548/2425/3000 3673/3192/3767
f 556/2250/2825 3672/3190/3765 1548/2251/2826
f 1549/3191/3766 3672/3190/3765 556/2250/2825
f 3674/3193/3768 1378/2380/2955 3675/3194/3769
f 1829/2396/2971 3674/3193/3768 1546/3195/3770
f 551/2512/3087 1555/3176/3751 3674/3193/3768
f 1555/3176/3751 550/3178/3753 1378/2380/2955
f 558/3218/3793 3675/3194/3769 1379/2379/2954
f 1546/3195/3770 3675/3194/3769 558/3218/3793
f 3676/3197/3772 3678/3201/3776 3677/3198/3773
f 1545/2355/2930 553/2357/2932 3676/3197/3772
f 1553/2489/3064 1552/3182/3757 3678/3201/3776
f 3678/3201/3776 552/2340/2915 1831/2339/2914
f 560/3202/3777 3677/3198/3773 1831/2339/2914
f 3679/3203/3778 3681/3206/3781 3680/3204/3779
f 1832/2309/2884 555/2308/2883 3679/3203/3778
f 555/2308/2883 1825/3185/3760 3681/3206/3781
f 3681/3206/3781 554/2294/2869 1543/2293/2868
f 561/3207/3782 3680/3204/3779 1543/2293/2868
f 3682/3208/3783 3683/3211/3786 3684/3209/3784
f 1833/2268/2843 3682/3208/3783 563/2269/2844
f 1833/2268/2843 557/2267/2842 3683/3211/3786
f 3683/3211/3786 1549/3191/3766 556/2250/2825
f 3684/3209/3784 556/2250/2825 1377/2249/2824
f 3697/3212/3787 3682/3208/3783 1542/3210/3785
f 3685/3213/3788 3686/3217/3792 3687/3214/3789
f 1541/3216/3791 3685/3213/3788 565/3220/3795
f 1541/3216/3791 559/3196/3771 3686/3217/3792
f 3686/3217/3792 1546/3195/3770 558/3218/3793
f 3687/3214/3789 558/3218/3793 1835/3219/3794
f 1834/3215/3790 1835/3219/3794 564/3245/3820
f 3688/3222/3797 3691/3221/3796 3690/3226/3801
f 567/3224/3799 3688/3222/3797 1540/3229/3804
f 1836/3223/3798 3689/3200/3775 3688/3222/3797
f 1830/3199/3774 560/3202/3777 3691/3221/3796
f 3690/3226/3801 3691/3221/3796 1538/3225/3800
f 1539/3228/3803 3690/3226/3801 566/3227/3802
f 3688/3222/3797 3690/3226/3801 1539/3228/3803
f 3692/3231/3806 3694/3230/3805 1537/3235/3810
f 1837/3232/3807 3693/2311/2886 3692/3231/3806
f 1544/3205/3780 561/3207/3782 3694/3230/3805
f 1537/3235/3810 3694/3230/3805 1376/3234/3809
f 1838/3240/3815 3695/3237/3812 3696/3238/3813
f 1536/3239/3814 3695/3237/3812 1838/3240/3815
f 3695/3237/3812 563/2269/2844 3697/3212/3787
f 3697/3212/3787 1542/3210/3785 562/2248/2823
f 3696/3238/3813 3697/3212/3787 1839/3242/3817
f 1535/3248/3823 3698/3244/3819 3699/3246/3821
f 1840/3247/3822 3698/3244/3819 1535/3248/3823
f 3698/3244/3819 565/3220/3795 1834/3215/3790
f 3699/3246/3821 564/3245/3820 1533/3250/3825
f 1534/3252/3827 3699/3246/3821 572/3251/3826
f 1540/3229/3804 1539/3228/3803 3701/3253/3828
f 1532/3260/3835 1841/3255/3830 3700/3254/3829
f 1841/3255/3830 567/3224/3799 1540/3229/3804
f 1539/3228/3803 566/3227/3802 1374/3256/3831
f 3701/3253/3828 1374/3256/3831 1375/3258/3833
f 1531/3257/3832 3701/3253/3828 1375/3258/3833
f 1532/3260/3835 3700/3254/3829 3701/3253/3828
f 1843/3645/4220 1530/3265/3840 3702/3261/3836
f 569/3233/3808 1537/3235/3810 3703/3264/3839
f 1537/3235/3810 568/3236/3811 1844/3266/3841
f 1843/3645/4220 3702/3261/3836 1842/3263/3838
f 1845/3272/3847 571/3241/3816 1838/3240/3815
f 3706/3271/3846 1838/3240/3815 570/3243/3818
f 3707/3269/3844 1527/3274/3849 1528/3664/4239
f 1529/3270/3845 3707/3269/3844 1528/3664/4239
f 1526/3278/3853 3708/3275/3850 3709/3276/3851
f 1846/3277/3852 1847/3280/3855 3708/3275/3850
f 1847/3280/3855 573/3249/3824 1535/3248/3823
f 3708/3275/3850 1535/3248/3823 1534/3252/3827
f 1534/3252/3827 572/3251/3826 1372/3281/3856
f 3709/3276/3851 1372/3281/3856 1373/3684/4259
f 580/3313/3888 3709/3276/3851 1373/3684/4259
f 1526/3278/3853 3709/3276/3851 580/3313/3888
f 1849/3282/3857 3710/3288/3863 3711/3283/3858
f 1525/3285/3860 3710/3288/3863 1849/3282/3857
f 575/3287/3862 1532/3260/3835 3710/3288/3863
f 3710/3288/3863 1532/3260/3835 1531/3257/3832
f 3711/3283/3858 1531/3257/3832 574/3259/3834
f 1848/3284/3859 3711/3283/3858 1850/3289/3864
f 582/3319/3894 1848/3284/3859 1850/3289/3864
f 1524/3294/3869 3712/3290/3865 3713/3292/3867
f 1851/3293/3868 3712/3290/3865 1524/3294/3869
f 577/3296/3871 1843/3645/4220 3712/3290/3865
f 3712/3290/3865 1843/3645/4220 1842/3263/3838
f 3714/3291/3866 1842/3263/3838 576/3267/3842
f 3713/3292/3867 3714/3291/3866 576/3267/3842
f 1523/3298/3873 3713/3292/3867 1522/3297/3872
f 1524/3294/3869 3713/3292/3867 1523/3298/3873
f 3715/3300/3875 3716/3304/3879 1520/3301/3876
f 1857/3303/3878 1521/3302/3877 587/3333/3908
f 1857/3303/3878 3715/3300/3875 1521/3302/3877
f 579/3273/3848 1529/3270/3845 3715/3300/3875
f 1529/3270/3845 1528/3664/4239 3716/3304/3879
f 3716/3304/3879 1528/3664/4239 578/3305/3880
f 1520/3301/3876 3716/3304/3879 1697/3306/3881
f 3717/3308/3883 3718/3312/3887 1370/3309/3884
f 1856/3311/3886 1371/3310/3885 589/3343/3918
f 1856/3311/3886 3717/3308/3883 1371/3310/3885
f 581/3279/3854 1526/3278/3853 3717/3308/3883
f 1526/3278/3853 580/3313/3888 3718/3312/3887
f 1370/3309/3884 3718/3312/3887 1696/2750/3325
f 3719/3314/3889 3720/3318/3893 1518/3315/3890
f 1854/2732/3307 1855/3317/3892 3719/3314/3889
f 583/3286/3861 1849/3282/3857 3719/3314/3889
f 3719/3314/3889 1849/3282/3857 1848/3284/3859
f 1848/3284/3859 582/3319/3894 3720/3318/3893
f 3720/3318/3893 1695/3320/3895 590/2724/3299
f 3721/3321/3896 1523/3298/3873 3722/3322/3897
f 1852/2703/3278 1853/3324/3899 3721/3321/3896
f 585/3295/3870 1524/3294/3869 3721/3321/3896
f 3721/3321/3896 1524/3294/3869 1523/3298/3873
f 3722/3322/3897 1523/3298/3873 1693/3325/3900
f 3722/3322/3897 1693/3325/3900 1694/3327/3902
f 1516/3326/3901 3722/3322/3897 1694/3327/3902
f 1517/3323/3898 3722/3322/3897 1516/3326/3901
f 3723/3329/3904 3724/3334/3909 3725/3330/3905
f 1512/2689/3264 3723/3329/3904 1515/3332/3907
f 1512/2689/3264 1513/3335/3910 3723/3329/3904
f 1513/3335/3910 3724/3334/3909 3723/3329/3904
f 3724/3334/3909 587/3333/3908 1521/3302/3877
f 1521/3302/3877 1520/3301/3876 3725/3330/3905
f 3725/3330/3905 1520/3301/3876 586/3307/3882
f 3725/3330/3905 586/3307/3882 2484/3336/3911
f 1515/3332/3907 3723/3329/3904 1514/3331/3906
f 2486/3338/3913 3726/3342/3917 3727/3339/3914
f 597/3341/3916 2487/3344/3919 3726/3342/3917
f 3726/3342/3917 589/3343/3918 1371/3310/3885
f 1371/3310/3885 1370/3309/3884 3727/3339/3914
f 3727/3339/3914 1370/3309/3884 588/2749/3324
f 3727/3339/3914 588/2749/3324 2488/2748/3323
f 3729/2734/3309 3731/3348/3923 3730/3346/3921
f 1519/3316/3891 1518/3315/3890 3731/3348/3923
f 1518/3315/3890 590/2724/3299 2490/2723/3298
f 2489/3350/3925 3730/3346/3921 598/3349/3924
f 3728/3347/3922 3730/3346/3921 2489/3350/3925
f 3733/2705/3280 1516/3326/3901 3734/3351/3926
f 1516/3326/3901 592/3328/3903 2492/3353/3928
f 2491/3354/3929 3734/3351/3926 2492/3353/3928
f 3732/3352/3927 3734/3351/3926 2491/3354/3929
f 3735/3355/3930 1515/3332/3907 2495/3356/3931
f 602/2691/3266 3735/3355/3930 2493/3359/3934
f 2494/2688/3263 595/2690/3265 1515/3332/3907
f 2493/3359/3934 3735/3355/3930 3736/3357/3932
f 3737/3360/3935 3738/3363/3938 2498/3361/3936
f 604/2666/3241 3737/3360/3935 2496/3365/3940
f 2497/2664/3239 597/3341/3916 2486/3338/3913
f 3738/3363/3938 2486/3338/3913 2485/3340/3915
f 2496/3365/3940 3737/3360/3935 3739/3362/3937
f 3740/3366/3941 2489/3350/3925 3741/3367/3942
f 2489/3350/3925 598/3349/3924 2503/2638/3213
f 3741/3367/3942 2489/3350/3925 2503/2638/3213
f 3741/3367/3942 2504/2637/3212 605/2546/3121
f 2501/2648/3223 3741/3367/3942 2499/3369/3944
f 3742/3370/3945 2491/3354/3929 3743/3371/3946
f 2491/3354/3929 2492/3353/3928 2509/2617/3192
f 3743/3371/3946 2491/3354/3929 2509/2617/3192
f 3743/3371/3946 2510/2616/3191 607/2521/3096
f 2507/2626/3201 3743/3371/3946 2505/3373/3948
f 3744/3374/3949 2493/3359/3934 3745/3375/3950
f 610/2501/3076 2513/3377/3952 3744/3374/3949
f 602/2691/3266 2493/3359/3934 3744/3374/3949
f 2512/3376/3951 3744/3374/3949 2515/2597/3172
f 3746/3379/3954 2496/3365/3940 3747/3380/3955
f 612/2467/3042 2518/2582/3157 3746/3379/3954
f 2519/2667/3242 2496/3365/3940 3746/3379/3954
f 2519/2667/3242 604/2666/3241 2496/3365/3940
f 2517/3381/3956 3746/3379/3954 2521/2577/3152
f 3748/3383/3958 2500/3368/3943 2499/3369/3944
f 2524/2559/3134 2500/3368/3943 3748/3383/3958
f 3749/3384/3959 2499/3369/3944 605/2546/3121
f 2522/3385/3960 3749/3384/3959 2525/2548/3123
f 3748/3383/3958 3749/3384/3959 2522/3385/3960
f 3750/3386/3961 2506/3372/3947 2505/3373/3948
f 2528/2529/3104 2506/3372/3947 3750/3386/3961
f 3751/3387/3962 2505/3373/3948 607/2521/3096
f 2526/3388/3963 3751/3387/3962 2529/2520/3095
f 3750/3386/3961 3751/3387/3962 2526/3388/3963
f 2512/3376/3951 2511/3378/3953 2532/3389/3964
f 618/2504/3079 3752/3390/3965 2530/3391/3966
f 2531/2503/3078 2512/3376/3951 3752/3390/3965
f 2532/3389/3964 2511/3378/3953 609/2491/3066
f 2530/3391/3966 3752/3390/3965 2532/3389/3964
f 2517/3381/3956 2516/3382/3957 2536/3392/3967
f 2534/2468/3043 3753/3393/3968 2533/3394/3969
f 2535/2469/3044 2517/3381/3956 3753/3393/3968
f 2536/3392/3967 2516/3382/3957 611/2462/3037
f 2533/3394/3969 3753/3393/3968 2536/3392/3967
f 3754/3395/3970 3755/3399/3974 2537/3396/3971
f 622/3417/3992 2539/3398/3973 2538/3397/3972
f 2539/3398/3973 614/2561/3136 3754/3395/3970
f 2523/2560/3135 2522/3385/3960 3755/3399/3974
f 3755/3399/3974 613/2440/3015 2540/2439/3014
f 2537/3396/3971 2540/2439/3014 621/2283/2858
f 3756/3400/3975 3757/3403/3978 2541/3401/3976
f 624/3424/3999 2543/2421/2996 2542/3402/3977
f 2543/2421/2996 616/2420/2995 3756/3400/3975
f 2527/2530/3105 2526/3388/3963 3757/3403/3978
f 3757/3403/3978 615/2408/2983 2544/3404/3979
f 2541/3401/3976 2544/3404/3979 623/2410/2985
f 2546/3405/3980 3758/3409/3984 3759/3406/3981
f 626/2389/2964 2547/3408/3983 2546/3405/3980
f 2547/3408/3983 618/2504/3079 3758/3409/3984
f 3758/3409/3984 2530/3391/3966 617/2373/2948
f 3759/3406/3981 617/2373/2948 2548/2371/2946
f 2545/3407/3982 2548/2371/2946 625/2370/2945
f 2550/3410/3985 3760/3413/3988 3761/3411/3986
f 628/3439/4014 2551/2353/2928 2550/3410/3985
f 2551/2353/2928 620/2470/3045 3760/3413/3988
f 3760/3413/3988 2533/3394/3969 619/2327/2902
f 3761/3411/3986 619/2327/2902 2552/2325/2900
f 2549/3412/3987 2552/2325/2900 627/2326/2901
f 3762/2305/2880 3763/3414/3989 3764/3416/3991
f 2555/2302/2877 3763/3414/3989 3762/2305/2880
f 2555/2302/2877 622/3417/3992 3763/3414/3989
f 2538/3397/3972 2537/3396/3971 3765/3415/3990
f 3764/3416/3991 3765/3415/3990 621/2283/2858
f 3764/3416/3991 2556/3418/3993 629/3419/3994
f 2554/3421/3996 3762/2305/2880 3764/3416/3991
f 3766/2263/2838 3767/3425/4000 3768/3422/3997
f 2559/2259/2834 3767/3425/4000 3766/2263/2838
f 2559/2259/2834 624/3424/3999 3767/3425/4000
f 2542/3402/3977 2541/3401/3976 3768/3422/3997
f 2557/3423/3998 3768/3422/3997 2560/3426/4001
f 2557/3423/3998 2560/3426/4001 630/3530/4105
f 2558/3453/4028 3766/2263/2838 2557/3423/3998
f 3769/3427/4002 3770/3431/4006 2564/3428/4003
f 632/3608/4183 2563/3430/4005 2562/3429/4004
f 2563/3430/4005 3769/3427/4002 2562/3429/4004
f 3769/3427/4002 2546/3405/3980 2545/3407/3982
f 2562/3429/4004 2564/3428/4003 2561/3433/4008
f 3771/3436/4011 3773/3435/4010 633/4018/4593
f 634/3437/4012 2567/3440/4015 3771/3436/4011
f 628/3439/4014 3772/3434/4009 3771/3436/4011
f 3772/3434/4009 2550/3410/3985 2549/3412/3987
f 3773/3435/4010 627/2326/2901 2568/3568/4143
f 633/4018/4593 3773/3435/4010 2568/3568/4143
f 3771/3436/4011 633/4018/4593 2565/3441/4016
f 3774/3442/4017 2554/3421/3996 3775/3443/4018
f 636/3647/4222 2570/3445/4020 3774/3442/4017
f 2570/3445/4020 3762/2305/2880 2554/3421/3996
f 2553/3420/3995 629/3419/3994 2571/3446/4021
f 3775/3443/4018 2571/3446/4021 2572/3447/4022
f 636/3647/4222 3774/3442/4017 2569/3444/4019
f 3776/3449/4024 2558/3453/4028 3777/3450/4025
f 638/3660/4235 2574/3452/4027 3776/3449/4024
f 2574/3452/4027 3766/2263/2838 2558/3453/4028
f 2557/3423/3998 630/3530/4105 2575/3454/4029
f 3777/3450/4025 2575/3454/4029 637/3455/4030
f 638/3660/4235 3776/3449/4024 2573/3451/4026
f 3778/3456/4031 2561/3433/4008 3779/3457/4032
f 640/3459/4034 2578/3460/4035 3778/3456/4031
f 2578/3460/4035 632/3608/4183 2562/3429/4004
f 2561/3433/4008 631/3432/4007 2579/3461/4036
f 3779/3457/4032 2579/3461/4036 639/3486/4061
f 2576/3485/4060 3779/3457/4032 639/3486/4061
f 2577/3458/4033 3779/3457/4032 2576/3485/4060
f 3780/3462/4037 2565/3441/4016 3781/3463/4038
f 642/3465/4040 2582/3466/4041 3780/3462/4037
f 2582/3466/4041 634/3437/4012 2566/3438/4013
f 2565/3441/4016 633/4018/4593 2583/3467/4042
f 3781/3463/4038 2583/3467/4042 641/3495/4070
f 2580/3494/4069 3781/3463/4038 641/3495/4070
f 2581/3464/4039 3781/3463/4038 2580/3494/4069
f 644/3468/4043 2585/3471/4046 3782/3469/4044
f 2585/3471/4046 636/3647/4222 2569/3444/4019
f 3782/3469/4044 2569/3444/4019 635/3448/4023
f 2584/3470/4045 3782/3469/4044 2586/3472/4047
f 646/3474/4049 2588/3477/4052 3783/3475/4050
f 2588/3477/4052 638/3660/4235 2573/3451/4026
f 3783/3475/4050 2573/3451/4026 637/3455/4030
f 2587/3476/4051 3783/3475/4050 2589/3478/4053
f 3784/3480/4055 2576/3485/4060 3785/3481/4056
f 2591/3483/4058 3784/3480/4055 2590/3482/4057
f 640/3459/4034 2577/3458/4033 3784/3480/4055
f 3785/3481/4056 2576/3485/4060 2592/3487/4062
f 2590/3482/4057 3785/3481/4056 647/3488/4063
f 3786/3489/4064 2580/3494/4069 3787/3490/4065
f 2594/3492/4067 3786/3489/4064 2593/3491/4066
f 642/3465/4040 2581/3464/4039 3786/3489/4064
f 3787/3490/4065 2580/3494/4069 2595/3496/4071
f 2593/3491/4066 3787/3490/4065 649/3497/4072
f 2597/3498/4073 3789/3502/4077 3788/3499/4074
f 644/3468/4043 2584/3470/4045 3789/3502/4077
f 2584/3470/4045 643/3473/4048 2598/3503/4078
f 3788/3499/4074 2598/3503/4078 2599/3504/4079
f 1692/1276/1851 3788/3499/4074 2599/3504/4079
f 1691/3500/4075 3788/3499/4074 1692/1276/1851
f 2601/3505/4080 3791/3509/4084 3790/3506/4081
f 646/3474/4049 2587/3476/4051 3791/3509/4084
f 2587/3476/4051 645/3479/4054 2602/3510/4085
f 3790/3506/4081 2602/3510/4085 2603/3512/4087
f 1411/3511/4086 3790/3506/4081 2603/3512/4087
f 1410/3507/4082 3790/3506/4081 1411/3511/4086
f 3792/3513/4088 3793/3519/4094 2606/3514/4089
f 2604/3516/4091 3792/3513/4088 1684/3517/4092
f 2604/3516/4091 2605/3518/4093 3792/3513/4088
f 2605/3518/4093 648/3484/4059 2590/3482/4057
f 3793/3519/4094 2590/3482/4057 647/3488/4063
f 1684/3517/4092 3792/3513/4088 1685/3515/4090
f 3794/3521/4096 3795/3526/4101 2610/3522/4097
f 2608/3524/4099 3794/3521/4096 1702/2772/3347
f 2608/3524/4099 2609/3525/4100 3794/3521/4096
f 2609/3525/4100 650/3493/4068 2593/3491/4066
f 3795/3526/4101 2593/3491/4066 649/3497/4072
f 1702/2772/3347 3794/3521/4096 1703/3523/4098
f 425/2107/2682 2399/2137/2712 3796/3528/4103
f 2399/2137/2712 421/2165/2740 3796/3528/4103
f 3796/3528/4103 2638/3529/4104 2560/3426/4001
f 3796/3528/4103 2560/3426/4001 623/2410/2985
f 2639/3531/4106 1408/2799/3374 1677/3532/4107
f 522/1300/1875 3308/1328/1903 2612/2403/2978
f 3308/1328/1903 2639/3531/4106 2612/2403/2978
f 3308/1328/1903 758/1327/1902 2639/3531/4106
f 2639/3531/4106 2640/3601/4176 1408/2799/3374
f 2640/3601/4176 380/2801/3376 1408/2799/3374
f 2074/1612/2187 488/1610/2185 3797/3533/4108
f 3797/3533/4108 2641/3534/4109 311/3007/3582
f 3797/3533/4108 311/3007/3582 1604/3006/3581
f 1769/2400/2975 1604/3006/3581 319/2989/3564
f 2613/2399/2974 1604/3006/3581 1769/2400/2975
f 2749/3535/4110 2745/2393/2968 559/3196/3771
f 667/3536/4111 2749/3535/4110 2750/3603/4178
f 2251/1879/2454 2745/2393/2968 2749/3535/4110
f 2251/1879/2454 663/1847/2422 2745/2393/2968
f 2749/3535/4110 559/3196/3771 1541/3216/3791
f 696/932/1507 3798/2390/2965 2795/3537/4112
f 3798/2390/2965 626/2389/2964 2563/3430/4005
f 2795/3537/4112 2563/3430/4005 632/3608/4183
f 2797/3538/4113 2791/2383/2958 1708/2386/2961
f 697/1141/1716 2797/3538/4113 2809/3760/4335
f 2796/3539/4114 1708/2386/2961 385/2790/3365
f 458/1008/1583 2644/3540/4115 2615/2376/2951
f 458/1008/1583 2253/1001/1576 2644/3540/4115
f 2615/2376/2951 1835/3219/3794 1379/2379/2954
f 2831/3544/4119 2826/2375/2950 3799/3543/4118
f 3821/1627/2202 2078/1628/2203 2826/2375/2950
f 3799/3543/4118 316/3015/3590 3608/3010/3585
f 3799/3543/4118 3608/3010/3585 308/3013/3588
f 2617/2369/2944 2646/3545/4120 2564/3428/4003
f 2617/2369/2944 2564/3428/4003 625/2370/2945
f 517/1340/1915 2647/3549/4124 2618/2363/2938
f 2647/3549/4124 378/2809/3384 1716/2805/3380
f 2619/3550/4125 1715/2808/3383 386/2365/2940
f 2101/1651/2226 2648/3620/4195 2620/2361/2936
f 2620/2361/2936 2648/3620/4195 309/3551/4126
f 3800/3552/4127 1393/3012/3587 317/2993/3568
f 1611/2359/2934 3800/3552/4127 317/2993/3568
f 2620/2361/2936 3800/3552/4127 1611/2359/2934
f 2256/1891/2466 2863/2356/2931 2870/3554/4129
f 2863/2356/2931 1545/2355/2930 2869/3553/4128
f 2869/3553/4128 1545/2355/2930 3689/3200/3775
f 668/3556/4131 3801/3555/4130 2751/3624/4199
f 664/2124/2699 2746/2349/2924 3801/3555/4130
f 3801/3555/4130 2746/2349/2924 628/3439/4014
f 2751/3624/4199 3801/3555/4130 634/3437/4012
f 3802/3557/4132 2747/2345/2920 1673/2344/2919
f 669/1349/1924 3802/3557/4132 2752/3558/4133
f 3802/3557/4132 1673/2344/2919 383/2794/3369
f 2752/3558/4133 3802/3557/4132 1717/2813/3388
f 746/3562/4137 453/1885/2460 3803/3559/4134
f 3803/3559/4134 2651/3632/4207 2652/3560/4135
f 2652/3560/4135 566/3227/3802 1538/3225/3800
f 2622/3561/4136 1538/3225/3800 560/3202/3777
f 698/1069/1644 2793/3761/4336 3804/3563/4138
f 2793/3761/4336 2792/2329/2904 3804/3563/4138
f 3804/3563/4138 2792/2329/2904 314/2334/2909
f 3804/3563/4138 1601/3019/3594 2798/3565/4140
f 2653/3567/4142 2654/3637/4212 2568/3568/4143
f 2928/3566/4141 419/927/1502 2653/3567/4142
f 2568/3568/4143 2654/3637/4212 633/4018/4593
f 3805/3569/4144 1666/2816/3391 384/2320/2895
f 520/1143/1718 780/3641/4216 3805/3569/4144
f 3805/3569/4144 2655/3640/4215 1666/2816/3391
f 2655/3640/4215 376/2834/3409 1666/2816/3391
f 2917/2315/2890 3806/3572/4147 2625/2312/2887
f 2086/1624/2199 2107/1655/2230 2917/2315/2890
f 2917/2315/2890 2107/1655/2230 2656/3571/4146
f 3806/3572/4147 2656/3571/4146 307/3021/3596
f 3806/3572/4147 307/3021/3596 315/3017/3592
f 1395/4012/4587 3806/3572/4147 315/3017/3592
f 2625/2312/2887 3806/3572/4147 1395/4012/4587
f 2832/3573/4148 2827/2310/2885 1837/3232/3807
f 3829/4019/4594 2260/1897/2472 2832/3573/4148
f 2865/2301/2876 2864/2303/2878 2871/3576/4151
f 729/3574/4149 2413/2159/2734 2865/2301/2876
f 2413/2159/2734 2414/2167/2742 2865/2301/2876
f 2871/3576/4151 2570/3445/4020 636/3647/4222
f 3831/3575/4150 2865/2301/2876 2871/3576/4151
f 3807/2300/2875 2866/2298/2873 2872/3577/4152
f 2885/1363/1938 3807/2300/2875 2876/3578/4153
f 2885/1363/1938 727/1333/1908 3807/2300/2875
f 3807/2300/2875 3441/2295/2870 2866/2298/2873
f 2872/3577/4152 2866/2298/2873 1718/2818/3393
f 2872/3577/4152 1718/2818/3393 373/2821/3396
f 2244/1856/2431 2263/1894/2469 2628/2289/2864
f 2263/1894/2469 452/1892/2467 3808/3579/4154
f 3808/3579/4154 568/3236/3811 1376/3234/3809
f 2629/2292/2867 1376/3234/3809 561/3207/3782
f 2753/3581/4156 2748/3582/4157 1779/3026/3601
f 2088/1630/2205 2748/3582/4157 2753/3581/4156
f 2088/1630/2205 666/2287/2862 2748/3582/4157
f 3809/3583/4158 2660/3651/4226 2572/3447/4022
f 2415/2152/2727 3809/3583/4158 2631/2280/2855
f 2416/2149/2724 2660/3651/4226 3809/3583/4158
f 2660/3651/4226 635/3448/4023 2572/3447/4022
f 3809/3583/4158 2571/3446/4021 629/3419/3994
f 2632/2276/2851 2661/3585/4160 3810/3586/4161
f 2899/3584/4159 2661/3585/4160 2632/2276/2851
f 2899/3584/4159 748/3764/4339 2661/3585/4160
f 3810/3586/4161 1407/2819/3394 382/2797/3372
f 2632/2276/2851 3810/3586/4161 382/2797/3372
f 2090/1070/1645 3811/3587/4162 1866/2270/2845
f 2091/1067/1642 2112/1062/1637 3811/3587/4162
f 3812/3588/4163 1598/3025/3600 313/3024/3599
f 1775/2271/2846 3812/3588/4163 313/3024/3599
f 3811/3587/4162 3812/3588/4163 1775/2271/2846
f 3813/2265/2840 1536/3239/3814 571/3241/3816
f 2265/995/1570 3813/2265/2840 2799/3589/4164
f 1536/3239/3814 2794/2264/2839 563/2269/2844
f 3814/2261/2836 2828/2260/2835 2833/3590/4165
f 711/3592/4167 2419/2177/2752 3814/2261/2836
f 3814/2261/2836 2829/2258/2833 2828/2260/2835
f 2833/3590/4165 2574/3452/4027 638/3660/4235
f 3838/3591/4166 3814/2261/2836 2833/3590/4165
f 712/1373/1948 710/1341/1916 3815/3593/4168
f 710/1341/1916 2830/2254/2829 3815/3593/4168
f 2834/3594/4169 3815/3593/4168 1663/2823/3398
f 2834/3594/4169 1663/2823/3398 371/2824/3399
f 2664/3595/4170 570/3243/3818 1839/3242/3817
f 2877/3596/4171 2867/2240/2815 2873/3597/4172
f 731/1650/2225 2095/1648/2223 2868/2238/2813
f 2095/1648/2223 728/1615/2190 2868/2238/2813
f 2873/3597/4172 2867/2240/2815 1781/3033/3608
f 2873/3597/4172 1780/3032/3607 302/3039/3614
f 2420/2161/2736 3816/3598/4173 2638/3529/4104
f 3816/3598/4173 2440/2200/2775 2665/3669/4244
f 3816/3598/4173 2665/3669/4244 637/3455/4030
f 630/3530/4105 3816/3598/4173 2575/3454/4029
f 3312/1360/1935 2666/3599/4174 2639/3531/4106
f 2640/3601/4176 372/2826/3401 380/2801/3376
f 2096/1643/2218 749/3673/4248 3817/3602/4177
f 3817/3602/4177 2668/3672/4247 303/3038/3613
f 3817/3602/4177 1392/3037/3612 1391/3034/3609
f 2641/3534/4109 1391/3034/3609 311/3007/3582
f 2750/3603/4178 1840/3247/3822 2754/3604/4179
f 2771/1907/2482 2750/3603/4178 2755/3605/4180
f 2750/3603/4178 2749/3535/4110 1840/3247/3822
f 1840/3247/3822 2749/3535/4110 565/3220/3795
f 2795/3537/4112 632/3608/4183 3818/3607/4182
f 699/3606/4181 2424/929/1504 2795/3537/4112
f 2424/929/1504 696/932/1507 2795/3537/4112
f 3818/3607/4182 2578/3460/4035 640/3459/4034
f 2802/3612/4187 2809/3760/4335 3819/3610/4185
f 700/1127/1702 2809/3760/4335 2802/3612/4187
f 2809/3760/4335 2797/3538/4113 3819/3610/4185
f 3819/3610/4185 2797/3538/4113 2796/3539/4114
f 2801/3611/4186 3819/3610/4185 1721/2830/3405
f 2801/3611/4186 1721/2830/3405 369/2862/3437
f 3820/3613/4188 2670/3614/4189 2645/3541/4116
f 2253/1001/1576 2272/999/1574 2644/3540/4115
f 2272/999/1574 450/998/1573 3820/3613/4188
f 2670/3614/4189 572/3251/3826 1533/3250/3825
f 2645/3541/4116 1533/3250/3825 564/3245/3820
f 2831/3544/4119 308/3013/3588 1596/3044/3619
f 2835/3615/4190 2831/3544/4119 1596/3044/3619
f 2835/3615/4190 1595/3041/3616 300/3048/3623
f 2425/2171/2746 2672/3733/4308 3822/3548/4123
f 3822/3548/4123 2672/3733/4308 3844/3617/4192
f 631/3432/4007 2673/3616/4191 2579/3461/4036
f 3822/3548/4123 631/3432/4007 2646/3545/4120
f 1929/1367/1942 2674/3618/4193 3823/3619/4194
f 517/1340/1915 1929/1367/1942 2647/3549/4124
f 3823/3619/4194 1661/2829/3404 378/2809/3384
f 2647/3549/4124 3823/3619/4194 378/2809/3384
f 2647/3549/4124 1929/1367/1942 3823/3619/4194
f 2648/3620/4195 2675/3622/4197 3824/3621/4196
f 2101/1651/2226 3350/1644/2219 2648/3620/4195
f 3350/1644/2219 2122/3690/4265 2675/3622/4197
f 2675/3622/4197 2676/3689/4264 3824/3621/4196
f 3824/3621/4196 2676/3689/4264 301/3047/3622
f 3824/3621/4196 1784/3043/3618 1783/3045/3620
f 3845/3692/4267 2870/3554/4129 1841/3255/3830
f 732/1924/2499 2884/1919/2494 3845/3692/4267
f 2884/1919/2494 2870/3554/4129 3845/3692/4267
f 2870/3554/4129 2869/3553/4128 1841/3255/3830
f 1841/3255/3830 2869/3553/4128 567/3224/3799
f 2874/3623/4198 1841/3255/3830 1532/3260/3835
f 3845/3692/4267 1841/3255/3830 2874/3623/4198
f 672/3626/4201 2751/3624/4199 3825/3625/4200
f 2429/2180/2755 668/3556/4131 2751/3624/4199
f 2770/3630/4205 2752/3558/4133 2757/3629/4204
f 2770/3630/4205 669/1349/1924 2752/3558/4133
f 3826/3628/4203 1722/2836/3411 367/2869/3444
f 2757/3629/4204 3826/3628/4203 367/2869/3444
f 2651/3632/4207 750/3633/4208 3827/3631/4206
f 453/1885/2460 2277/1914/2489 2651/3632/4207
f 750/3633/4208 2678/3634/4209 3827/3631/4206
f 2678/3634/4209 574/3259/3834 1375/3258/3833
f 3827/3631/4206 1375/3258/3833 1374/3256/3831
f 2652/3560/4135 1374/3256/3831 566/3227/3802
f 3828/3564/4139 2798/3565/4140 298/3053/3628
f 701/1061/1636 2104/1057/1632 3847/3635/4210
f 2798/3565/4140 306/3054/3629 1785/3051/3626
f 298/3053/3628 2798/3565/4140 1785/3051/3626
f 3847/3635/4210 3828/3564/4139 298/3053/3628
f 2451/919/1494 2679/3638/4213 2653/3567/4142
f 2654/3637/4212 2680/3636/4211 2583/3467/4042
f 2654/3637/4212 2583/3467/4042 633/4018/4593
f 3805/3569/4144 2681/3642/4217 2682/3639/4214
f 3268/1129/1704 781/1126/1701 2681/3642/4217
f 2655/3640/4215 368/2837/3412 376/2834/3409
f 2107/1655/2230 2683/3707/4282 2656/3571/4146
f 2656/3571/4146 2683/3707/4282 1593/3643/4218
f 2683/3707/4282 2684/3708/4283 1593/3643/4218
f 1593/3643/4218 2684/3708/4283 299/3056/3631
f 2656/3571/4146 1592/3055/3630 307/3021/3596
f 3829/4019/4594 2832/3573/4148 3830/3644/4219
f 2841/3762/4337 2280/1927/2502 3829/4019/4594
f 2280/1927/2502 2260/1897/2472 3829/4019/4594
f 3830/3644/4219 2832/3573/4148 569/3233/3808
f 2836/3646/4221 3830/3644/4219 1843/3645/4220
f 3829/4019/4594 3830/3644/4219 2836/3646/4221
f 3831/3575/4150 2871/3576/4151 2875/3648/4223
f 733/1248/1823 729/3574/4149 2118/2587/3162
f 2875/3648/4223 2871/3576/4151 2585/3471/4046
f 2876/3578/4153 2872/3577/4152 1658/2844/3419
f 734/1393/1968 730/1365/1940 2876/3578/4153
f 1658/2844/3419 2872/3577/4152 373/2821/3396
f 2876/3578/4153 1658/2844/3419 365/2845/3420
f 3386/1921/2496 3832/3649/4224 2659/3580/4155
f 452/1892/2467 3386/1921/2496 3808/3579/4154
f 3386/1921/2496 2688/3714/4289 3832/3649/4224
f 3832/3649/4224 2688/3714/4289 576/3267/3842
f 2659/3580/4155 1844/3266/3841 568/3236/3811
f 674/1666/2241 2109/1662/2237 2758/3650/4225
f 670/1635/2210 2753/3581/4156 2758/3650/4225
f 2753/3581/4156 304/3028/3603 1787/3062/3637
f 2758/3650/4225 1786/3059/3634 296/3061/3636
f 2660/3651/4226 3833/3653/4228 3834/3652/4227
f 2898/2193/2768 3833/3653/4228 2660/3651/4226
f 3834/3652/4227 2598/3503/4078 643/3473/4048
f 3834/3652/4227 643/3473/4048 2586/3472/4047
f 748/3764/4339 3835/3654/4229 2661/3585/4160
f 748/3764/4339 511/1388/1963 3835/3654/4229
f 3835/3654/4229 2689/3655/4230 366/2848/3423
f 3835/3654/4229 1725/2847/3422 374/2846/3421
f 2112/1062/1637 3836/3656/4231 3811/3587/4162
f 2112/1062/1637 2927/1058/1633 3836/3656/4231
f 2927/1058/1633 2133/3724/4299 3836/3656/4231
f 3836/3656/4231 2690/3723/4298 1390/3657/4232
f 1390/3657/4232 2690/3723/4298 297/3064/3639
f 3811/3587/4162 3836/3656/4231 305/3029/3604
f 702/989/1564 2808/987/1562 2799/3589/4164
f 2799/3589/4164 571/3241/3816 3837/3658/4233
f 2803/3659/4234 3837/3658/4233 1845/3272/3847
f 2799/3589/4164 3837/3658/4233 2803/3659/4234
f 3838/3591/4166 2833/3590/4165 2588/3477/4052
f 712/1373/1948 2834/3594/4169 2838/3662/4237
f 2845/1405/1980 712/1373/1948 2838/3662/4237
f 1726/2853/3428 2834/3594/4169 371/2824/3399
f 2838/3662/4237 1726/2853/3428 363/2854/3429
f 3388/1929/2504 3839/3665/4240 2664/3595/4170
f 3388/1929/2504 2692/3663/4238 3839/3665/4240
f 2692/3663/4238 578/3305/3880 1528/3664/4239
f 3839/3665/4240 1528/3664/4239 1527/3274/3849
f 2664/3595/4170 1527/3274/3849 570/3243/3818
f 735/1676/2251 2877/3596/4171 2881/3732/4307
f 735/1676/2251 731/1650/2225 2877/3596/4171
f 2873/3597/4172 302/3039/3614 1590/3070/3645
f 2877/3596/4171 1590/3070/3645 295/3068/3643
f 2440/2200/2775 3840/3668/4243 2665/3669/4244
f 2440/2200/2775 2694/3667/4242 3840/3668/4243
f 2909/2197/2772 2694/3667/4242 2440/2200/2775
f 3840/3668/4243 2694/3667/4242 2602/3510/4085
f 3840/3668/4243 2602/3510/4085 645/3479/4054
f 3840/3668/4243 645/3479/4054 2589/3478/4053
f 2665/3669/4244 2589/3478/4053 637/3455/4030
f 3841/3670/4245 364/2884/3459 1655/2852/3427
f 2667/3600/4175 1655/2852/3427 372/2826/3401
f 2666/3599/4174 3841/3670/4245 2667/3600/4175
f 749/3673/4248 2668/3672/4247 3817/3602/4177
f 2117/1671/2246 3842/3675/4250 2668/3672/4247
f 2117/1671/2246 751/3740/4315 2696/3674/4249
f 3842/3675/4250 2696/3674/4249 1790/3676/4251
f 2668/3672/4247 3842/3675/4250 303/3038/3613
f 3843/3677/4252 2755/3605/4180 2754/3604/4179
f 675/3678/4253 2289/1938/2513 2755/3605/4180
f 3843/3677/4252 2754/3604/4179 1847/3280/3855
f 2759/3679/4254 3843/3677/4252 1846/3277/3852
f 675/3678/4253 3843/3677/4252 2759/3679/4254
f 703/1265/1840 2442/913/1488 2804/3680/4255
f 699/3606/4181 3818/3607/4182 2800/3609/4184
f 2804/3680/4255 2800/3609/4184 2591/3483/4058
f 2802/3612/4187 2801/3611/4186 1727/2860/3435
f 1948/1124/1699 2802/3612/4187 2805/3681/4256
f 1948/1124/1699 700/1127/1702 2802/3612/4187
f 1727/2860/3435 2801/3611/4186 369/2862/3437
f 2805/3681/4256 1727/2860/3435 361/2861/3436
f 3820/3613/4188 1373/3684/4259 2670/3614/4189
f 3820/3613/4188 2700/3682/4257 1373/3684/4259
f 2291/990/1565 2700/3682/4257 3820/3613/4188
f 2701/3683/4258 580/3313/3888 1373/3684/4259
f 2670/3614/4189 1372/3281/3856 572/3251/3826
f 2121/1685/2260 2835/3615/4190 2839/3685/4260
f 2119/1683/2258 2121/1685/2260 2844/3687/4262
f 2839/3685/4260 300/3048/3623 3625/3072/3647
f 2672/3733/4308 2703/3734/4309 3844/3617/4192
f 3844/3617/4192 2703/3734/4309 647/3488/4063
f 3844/3617/4192 647/3488/4063 2592/3487/4062
f 2673/3616/4191 2592/3487/4062 639/3486/4061
f 2704/3688/4263 1406/2857/3432 370/2832/3407
f 2675/3622/4197 2705/3691/4266 294/3076/3651
f 3845/3692/4267 2874/3623/4198 583/3286/3861
f 2294/1951/2526 3845/3692/4267 2878/3693/4268
f 583/3286/3861 2874/3623/4198 1525/3285/3860
f 676/3743/4318 2449/1152/1727 2760/3694/4269
f 2760/3694/4269 2756/3627/4202 2594/3492/4067
f 3846/3695/4270 367/2869/3444 1652/2866/3441
f 677/3696/4271 3846/3695/4270 2761/3697/4272
f 673/1381/1956 2757/3629/4204 3846/3695/4270
f 3846/3695/4270 1652/2866/3441 2761/3697/4272
f 2897/3698/4273 2710/3700/4275 2678/3634/4209
f 2897/3698/4273 3392/1980/2555 2709/3699/4274
f 2710/3700/4275 582/3319/3894 1850/3289/3864
f 2710/3700/4275 1850/3289/3864 574/3259/3834
f 3847/3635/4210 1791/3081/3656 2806/3701/4276
f 704/1051/1626 3847/3635/4210 3860/3702/4277
f 704/1051/1626 701/1061/1636 3847/3635/4210
f 2926/915/1490 2712/2459/3034 2679/3638/4213
f 2679/3638/4213 2712/2459/3034 2713/3703/4278
f 2713/3703/4278 649/3497/4072 2595/3496/4071
f 2680/3636/4211 2595/3496/4071 641/3495/4070
f 2681/3642/4217 2714/3704/4279 1730/2870/3445
f 2682/3639/4214 1730/2870/3445 368/2837/3412
f 3848/3705/4280 2148/1716/2291 2715/3709/4284
f 2716/3706/4281 292/3079/3654 1388/3083/3658
f 2107/1655/2230 3848/3705/4280 2683/3707/4282
f 2118/2587/3162 2875/3648/4223 2596/3501/4076
f 407/1250/1825 733/1248/1823 2118/2587/3162
f 2875/3648/4223 644/3468/4043 2597/3498/4073
f 2596/3501/4076 2875/3648/4223 2597/3498/4073
f 2118/2587/3162 2596/3501/4076 3483/2588/3163
f 2841/3762/4337 2836/3646/4221 2840/3710/4285
f 2841/3762/4337 3829/4019/4594 2836/3646/4221
f 585/3295/3870 2836/3646/4221 1851/3293/3868
f 3849/3711/4286 2891/2573/3148 2599/3504/4079
f 3296/1259/1834 3849/3711/4286 3833/3653/4228
f 3294/1253/1828 3517/2762/3337 3849/3711/4286
f 2599/3504/4079 2891/2573/3148 403/1282/1857
f 3833/3653/4228 3849/3711/4286 2598/3503/4078
f 2880/3712/4287 2876/3578/4153 365/2845/3420
f 1955/1423/1998 734/1393/1968 2876/3578/4153
f 2688/3714/4289 1522/3297/3872 576/3267/3842
f 2688/3714/4289 2720/3715/4290 1522/3297/3872
f 759/1957/2532 2301/1953/2528 2688/3714/4289
f 2301/1953/2528 3394/1987/2562 2720/3715/4290
f 3850/3716/4291 1586/3087/3662 2763/3717/4292
f 2131/1689/2264 3850/3716/4291 678/3719/4294
f 2131/1689/2264 674/1666/2241 3850/3716/4291
f 2456/2213/2788 2837/3661/4236 2050/2554/3129
f 2837/3661/4236 646/3474/4049 2601/3505/4080
f 2600/3508/4083 2837/3661/4236 2601/3505/4080
f 1863/2225/2800 2456/2213/2788 2050/2554/3129
f 3319/1418/1993 507/1420/1995 2689/3655/4230
f 2689/3655/4230 2722/3720/4295 1403/2909/3484
f 2133/3724/4299 2723/3721/4296 3836/3656/4231
f 2134/1052/1627 783/1047/1622 2723/3721/4296
f 2724/3722/4297 290/3754/4329 1794/3085/3660
f 2694/3667/4242 2903/2538/3113 2603/3512/4087
f 2603/3512/4087 2903/2538/3113 399/2537/3112
f 3851/3727/4302 2803/3659/4234 1857/3303/3878
f 2305/978/1553 3851/3727/4302 2807/3726/4301
f 702/989/1564 2799/3589/4164 3851/3727/4302
f 3851/3727/4302 2799/3589/4164 2803/3659/4234
f 1995/2514/3089 2605/3518/4093 2604/3516/4091
f 409/1267/1842 703/1265/1840 1995/2514/3089
f 1995/2514/3089 2604/3516/4091 396/2769/3344
f 2843/3728/4303 2838/3662/4237 363/2854/3429
f 1960/1437/2012 2838/3662/4237 2843/3728/4303
f 1960/1437/2012 2845/1405/1980 2838/3662/4237
f 2843/3728/4303 1731/2882/3457 2842/3729/4304
f 2727/3731/4306 586/3307/3882 1697/3306/3881
f 2727/3731/4306 1697/3306/3881 578/3305/3880
f 2135/1703/2278 2137/1705/2280 2881/3732/4307
f 2137/1705/2280 735/1676/2251 2881/3732/4307
f 2881/3732/4307 2877/3596/4171 295/3068/3643
f 2703/3734/4309 2911/2499/3074 2607/3520/4095
f 2607/3520/4095 2911/2499/3074 395/2498/3073
f 1961/1429/2004 3852/3736/4311 1945/1391/1966
f 1961/1429/2004 2908/1425/2000 3852/3736/4311
f 2908/1425/2000 761/1460/2035 3852/3736/4311
f 3853/3737/4312 2729/3738/4313 357/2886/3461
f 3853/3737/4312 357/2886/3461 1405/2885/3460
f 3853/3737/4312 1405/2885/3460 364/2884/3459
f 3854/3739/4314 1583/3099/3674 2696/3674/4249
f 751/3740/4315 3854/3739/4314 2696/3674/4249
f 2139/1695/2270 476/1699/2274 2730/3741/4316
f 3854/3739/4314 2730/3741/4316 288/3100/3675
f 2696/3674/4249 1583/3099/3674 1582/3098/3673
f 3855/3742/4317 2609/3525/4100 2608/3524/4099
f 2459/1270/1845 676/3743/4318 3855/3742/4317
f 1874/906/1481 3855/3742/4317 1940/2478/3053
f 2768/3744/4319 2764/3745/4320 2765/3746/4321
f 2768/3744/4319 675/3678/4253 2759/3679/4254
f 2764/3745/4320 2759/3679/4254 581/3279/3854
f 2611/3527/4102 2920/2458/3033 391/2777/3352
f 2446/2754/3329 2805/3681/4256 361/2861/3436
f 1964/1114/1689 1966/1116/1691 2805/3681/4256
f 2700/3682/4257 1696/2750/3325 2701/3683/4258
f 2700/3682/4257 2924/2747/3322 1696/2750/3325
f 782/983/1558 2313/980/1555 2700/3682/4257
f 2313/980/1555 779/982/1557 2924/2747/3322
f 2844/3687/4262 2839/3685/4260 2427/2745/3320
f 2427/2745/3320 2839/3685/4260 1798/3106/3681
f 3512/2741/3316 2844/3687/4262 2427/2745/3320
f 1967/1433/2008 3856/2740/3315 509/1404/1979
f 1967/1433/2008 1986/1468/2043 3856/2740/3315
f 3857/3747/4322 1637/2739/3314 355/2895/3470
f 3857/3747/4322 355/2895/3470 1734/2894/3469
f 3857/3747/4322 1734/2894/3469 362/2863/3438
f 2705/3691/4266 1387/3108/3683 1386/3107/3682
f 2907/1704/2279 757/1706/2281 2906/2736/3311
f 2906/2736/3311 286/3109/3684 1387/3108/3683
f 2705/3691/4266 1386/3107/3682 294/3076/3651
f 2396/2730/3305 2878/3693/4268 1855/3317/3892
f 2878/3693/4268 583/3286/3861 1855/3317/3892
f 1970/1439/2014 3858/3748/4323 3509/2725/3300
f 1970/1439/2014 677/3696/4271 2761/3697/4272
f 3392/1980/2555 2318/1975/2550 3859/3749/4324
f 2318/1975/2550 2895/2722/3297 3859/3749/4324
f 2318/1975/2550 2334/2006/2581 2895/2722/3297
f 2895/2722/3297 590/2724/3299 1695/3320/3895
f 3859/3749/4324 1695/3320/3895 582/3319/3894
f 2375/2717/3292 3860/3702/4277 1578/3114/3689
f 690/2714/3289 2147/1045/1620 3860/3702/4277
f 2147/1045/1620 704/1051/1626 3860/3702/4277
f 2806/3701/4276 291/3082/3657 1579/3115/3690
f 690/2714/3289 3860/3702/4277 2375/2717/3292
f 2714/3704/4279 2923/2711/3286 2922/2710/3285
f 2925/1115/1690 2923/2711/3286 2714/3704/4279
f 2925/1115/1690 777/1110/1685 2923/2711/3286
f 2922/2710/3285 353/2713/3288 1644/2904/3479
f 2714/3704/4279 1644/2904/3479 360/2903/3478
f 769/1714/2289 2913/2707/3282 2715/3709/4284
f 2715/3709/4284 2913/2707/3282 1801/3141/3716
f 2716/3706/4281 2715/3709/4284 1800/3116/3691
f 2353/2702/3277 2840/3710/4285 1853/3324/3899
f 2337/2026/2601 713/1990/2565 2840/3710/4285
f 713/1990/2565 2841/3762/4337 2840/3710/4285
f 2840/3710/4285 585/3295/3870 1853/3324/3899
f 2344/3750/4325 2880/3712/4287 1737/2908/3483
f 2477/1459/2034 2883/1454/2029 2880/3712/4287
f 2883/1454/2029 736/1424/1999 2880/3712/4287
f 2879/3713/4288 358/2871/3446 1737/2908/3483
f 2905/2700/3275 1694/3327/3902 1693/3325/3900
f 3394/1987/2562 2323/1982/2557 2720/3715/4290
f 2323/1982/2557 2905/2700/3275 2720/3715/4290
f 2323/1982/2557 2338/2017/2592 2905/2700/3275
f 2767/3752/4327 2762/3718/4293 2327/2697/3272
f 2327/2697/3272 2762/3718/4293 1802/3120/3695
f 678/3719/4294 2763/3717/4292 2762/3718/4293
f 2762/3718/4293 289/3088/3663 1803/3122/3697
f 3502/2696/3271 2767/3752/4327 2327/2697/3272
f 2722/3720/4295 1404/2910/3485 1403/2909/3484
f 1976/1446/2021 2894/3753/4328 2722/3720/4295
f 2894/3753/4328 351/2911/3486 1404/2910/3485
f 2723/3721/4296 1575/3125/3700 2724/3722/4297
f 783/1047/1622 2921/2692/3267 2723/3721/4296
f 2921/2692/3267 282/3126/3701 1575/3125/3700
f 2724/3722/4297 1575/3125/3700 1574/3123/3698
f 2807/3726/4301 1513/3335/3910 1512/2689/3264
f 2807/3726/4301 1857/3303/3878 1513/3335/3910
f 1513/3335/3910 1857/3303/3878 587/3333/3908
f 2843/3728/4303 2842/3729/4304 2286/3755/4330
f 1980/1462/2037 1958/1432/2007 2843/3728/4303
f 2842/3729/4304 356/2883/3458 1642/2915/3490
f 2842/3729/4304 1642/2915/3490 1641/3756/4331
f 2912/2682/3257 2484/3336/3911 3861/3757/4332
f 3401/2023/2598 2912/2682/3257 3861/3757/4332
f 473/1737/2312 2882/1732/2307 2269/2676/3251
f 2882/1732/2307 2135/1703/2278 2881/3732/4307
f 2269/2676/3251 1804/3129/3704 3498/2677/3252
f 761/1460/2035 2729/3738/4313 3852/3736/4311
f 755/1458/2033 2904/2673/3248 2729/3738/4313
f 2904/2673/3248 349/2675/3250 1740/2917/3492
f 2729/3738/4313 1740/2917/3492 1739/2916/3491
f 2730/3741/4316 1385/3131/3706 288/3100/3675
f 742/1729/2304 2893/2671/3246 2157/1727/2302
f 1385/3131/3706 2892/2669/3244 528/3132/3707
f 2329/2000/2575 2765/3746/4321 3862/3758/4333
f 2765/3746/4321 2764/3745/4320 3862/3758/4333
f 3862/3758/4333 2764/3745/4320 589/3343/3918
f 2239/2663/3238 3862/3758/4333 2487/3344/3919
f 2150/1719/2294 2151/1718/2293 2767/3752/4327
f 2151/1718/2293 2152/1721/2296 678/3719/4294
f 2152/1721/2296 2721/1694/2269 678/3719/4294
f 2472/1722/2297 2150/1719/2294 2767/3752/4327
f 1970/1439/2014 1971/1442/2017 677/3696/4271
f 1969/1440/2015 1970/1439/2014 2479/1444/2019
f 2310/1968/2543 2311/1967/2542 2768/3744/4319
f 2311/1967/2542 2312/1970/2545 2768/3744/4319
f 2312/1970/2545 2697/1940/2515 675/3678/4253
f 2310/1968/2543 2768/3744/4319 2329/2000/2575
f 2460/1269/1844 676/3743/4318 2459/1270/1845
f 2460/1269/1844 2461/1272/1847 676/3743/4318
f 2461/1272/1847 2707/1156/1731 676/3743/4318
f 2131/1689/2264 2132/1692/2267 674/1666/2241
f 2130/1690/2265 2131/1689/2264 678/3719/4294
f 2708/1413/1988 1951/1409/1984 677/3696/4271
f 2450/1158/1733 672/3626/4201 2449/1152/1727
f 2448/1153/1728 2449/1152/1727 676/3743/4318
f 2287/1936/2511 2288/1935/2510 2289/1938/2513
f 2110/1661/2236 2111/1664/2239 670/1635/2210
f 1931/1377/1952 1932/1379/1954 2770/3630/4205
f 1932/1379/1954 1933/1378/1953 2770/3630/4205
f 1931/1377/1952 2770/3630/4205 673/1381/1956
f 2429/2180/2755 2430/2182/2757 668/3556/4131
f 2677/1157/1732 2428/2178/2753 2429/2180/2755
f 2271/1906/2481 2642/1878/2453 667/3536/4111
f 2088/1630/2205 2089/1636/2211 666/2287/2862
f 2087/1631/2206 2088/1630/2205 670/1635/2210
f 2406/2146/2721 2407/2145/2720 2408/2148/2723
f 2249/1874/2449 2250/1873/2448 667/3536/4111
f 2642/1878/2453 2249/1874/2449 667/3536/4111
f 1989/1470/2045 1990/1476/2051 2479/1444/2019
f 662/1475/2050 1988/1471/2046 1989/1470/2045
f 2167/1749/2324 2168/1751/2326 660/1753/2328
f 2005/1503/2078 2006/1502/2077 658/2639/3214
f 2006/1502/2077 2007/1508/2083 662/1475/2050
f 2189/1783/2358 2190/1782/2357 660/1753/2328
f 2188/1781/2356 2189/1783/2358 657/1785/2360
f 2027/1536/2111 2198/1507/2082 658/2639/3214
f 2208/1812/2387 2209/1815/2390 657/1785/2360
f 1872/905/1480 1873/907/1482 653/2477/3052
f 1874/906/1481 410/1273/1848 2459/1270/1845
f 2042/1569/2144 2043/1568/2143 651/1572/2147
f 2229/1843/2418 654/2394/2969 663/1847/2422
f 2229/1843/2418 2230/1846/2421 654/2394/2969
f 2230/1846/2421 1987/1817/2392 654/2394/2969
f 2391/2119/2694 652/2348/2923 664/2124/2699
f 2392/2122/2697 1924/2093/2668 652/2348/2923
f 1894/1317/1892 1936/909/1484 653/2477/3052
f 2065/1599/2174 2066/1598/2173 2067/1601/2176
f 2324/969/1544 2325/971/1546 2342/965/1540
f 2145/1043/1618 2146/1042/1617 2147/1045/1620
f 2147/1045/1620 2711/1048/1623 704/1051/1626
f 474/1046/1621 2145/1043/1618 690/2714/3289
f 2458/1262/1837 703/1265/1840 409/1267/1842
f 2305/978/1553 2306/981/1556 702/989/1564
f 2304/979/1554 2305/978/1553 2326/972/1547
f 2125/1050/1625 2126/1053/1628 701/1061/1636
f 1948/1124/1699 1949/1123/1698 700/1127/1702
f 1947/1122/1697 1948/1124/1699 1966/1116/1691
f 2443/916/1491 699/3606/4181 2442/913/1488
f 2441/914/1489 2442/913/1488 703/1265/1840
f 2662/992/1567 2265/995/1570 2808/987/1562
f 2284/988/1563 2808/987/1562 702/989/1564
f 2105/1056/1631 2106/1059/1634 698/1069/1644
f 1925/1130/1705 1926/1132/1707 2809/3760/4335
f 1926/1132/1707 1927/1131/1706 2809/3760/4335
f 1925/1130/1705 2809/3760/4335 700/1127/1702
f 2422/923/1498 2423/922/1497 2424/929/1504
f 2643/928/1503 696/932/1507 2424/929/1504
f 2669/926/1501 2422/923/1498 699/3606/4181
f 2265/995/1570 2266/994/1569 2267/997/1572
f 2267/997/1572 2633/1000/1575 695/1003/1578
f 2083/1066/1641 2084/1065/1640 2793/3761/4336
f 2084/1065/1640 2085/1068/1643 2793/3761/4336
f 2083/1066/1641 2793/3761/4336 698/1069/1644
f 696/932/1507 2401/931/1506 2402/934/1509
f 2614/937/1512 692/940/1515 2402/934/1509
f 1984/1105/1680 1985/1108/1683 2480/1111/1686
f 691/1103/1678 1983/1106/1681 1984/1105/1680
f 2164/1034/1609 2165/1037/1612 690/2714/3289
f 2165/1037/1612 474/1046/1621 690/2714/3289
f 2002/1098/1673 2003/1100/1675 687/2658/3233
f 2003/1100/1675 2004/1099/1674 691/1103/1678
f 2185/1029/1604 2186/1028/1603 689/1038/1613
f 2184/1027/1602 2185/1029/1604 686/1024/1599
f 685/951/1526 2358/955/1530 2359/957/1532
f 2023/1090/1665 2227/1101/1676 687/2658/3233
f 2204/1018/1593 2205/1021/1596 686/1024/1599
f 1869/2232/2807 1870/2235/2810 409/1267/1842
f 1868/2233/2808 1869/2232/2807 682/2381/2956
f 2373/946/1521 2374/952/1527 685/951/1526
f 2038/1081/1656 2039/1084/1659 680/1082/1657
f 2224/1013/1588 2032/1016/1591 683/1019/1594
f 2386/939/1514 681/2387/2962 692/940/1515
f 2387/942/1517 1973/944/1519 681/2387/2962
f 1886/1145/1720 682/2381/2956 693/1149/1724
f 1887/1151/1726 1991/1150/1725 682/2381/2956
f 2058/1074/1649 2059/1073/1648 2060/1076/1651
f 2060/1076/1651 1918/1079/1654 680/1082/1657
f 2245/1005/1580 2246/1004/1579 679/1014/1589
f 1981/1465/2040 2726/1436/2011 1958/1432/2007
f 2476/1467/2042 1979/1463/2038 1980/1462/2037
f 2718/1964/2539 2717/1960/2535 713/1990/2565
f 2321/1988/2563 713/1990/2565 2337/2026/2601
f 2141/1711/2286 2142/1710/2285 2844/3687/4262
f 2142/1710/2285 2143/1713/2288 2844/3687/4262
f 2844/3687/4262 2702/1687/2262 2119/1683/2258
f 475/1715/2290 2141/1711/2286 2844/3687/4262
f 1959/1431/2006 1960/1437/2012 1958/1432/2007
f 2455/2210/2785 2456/2213/2788 2454/2211/2786
f 2717/1960/2535 2299/1959/2534 2841/3762/4337
f 2299/1959/2534 2300/1962/2537 2841/3762/4337
f 2300/1962/2537 2685/1932/2507 2841/3762/4337
f 1942/1403/1978 1943/1402/1977 2845/1405/1980
f 1943/1402/1977 712/1373/1948 2845/1405/1980
f 2439/2205/2780 711/3592/4167 2438/2202/2777
f 2438/2202/2777 711/3592/4167 2456/2213/2788
f 2437/2203/2778 2438/2202/2777 2691/2207/2782
f 2657/1901/2476 2260/1897/2472 2280/1927/2502
f 2279/1928/2503 2280/1927/2502 2841/3762/4337
f 2099/1653/2228 2100/1659/2234 3821/1627/2202
f 2098/1654/2229 3821/1627/2202 2121/1685/2260
f 1920/1371/1946 710/1341/1916 712/1373/1948
f 2417/2170/2745 2418/2169/2744 2419/2177/2752
f 2635/2176/2751 2634/2140/2715 2419/2177/2752
f 2663/2174/2749 2417/2170/2745 711/3592/4167
f 2262/1899/2474 2626/1870/2445 2240/1866/2441
f 2076/1623/2198 2077/1622/2197 2078/1628/2203
f 3863/1743/2318 2159/1742/2317 475/1715/2290
f 2158/1741/2316 3863/1743/2318 3492/1745/2320
f 2335/2021/2596 2336/2020/2595 709/2622/3197
f 1996/1495/2070 1997/1497/2072 2283/1499/2074
f 2178/1772/2347 2179/1775/2350 3492/1745/2320
f 2354/2052/2627 2355/2054/2629 2356/2053/2628
f 2356/2053/2628 2349/2025/2600 709/2622/3197
f 2283/1499/2074 1997/1497/2072 2016/1526/2101
f 2200/1804/2379 2201/1810/2385 707/1809/2384
f 2201/1810/2385 2215/1777/2352 708/1773/2348
f 2201/1810/2385 708/1773/2348 707/1809/2384
f 1863/2225/2800 1864/2228/2803 408/2215/2790
f 1862/2226/2801 1863/2225/2800 2045/1311/1886
f 2369/2084/2659 2370/2083/2658 2820/2419/2994
f 2370/2083/2658 2371/2089/2664 2820/2419/2994
f 2008/2088/2663 2369/2084/2659 2820/2419/2994
f 2034/1558/2133 2035/1561/2136 2033/1559/2134
f 2217/1835/2410 2218/1838/2413 3465/1840/2415
f 2218/1838/2413 707/1809/2384 3465/1840/2415
f 2383/2111/2686 706/2114/2689 2382/2112/2687
f 1881/1305/1880 3864/1312/1887 705/1310/1885
f 2052/1590/2165 2053/1593/2168 3451/1595/2170
f 2053/1593/2168 1957/1564/2139 2033/1559/2134
f 2053/1593/2168 2033/1559/2134 3451/1595/2170
f 2240/1866/2441 2241/1868/2443 2242/1867/2442
f 2634/2140/2715 2397/2139/2714 2398/2142/2717
f 1861/2116/2691 2382/2112/2687 2398/2142/2717
f 2156/1738/2313 2728/1707/2282 2135/1703/2278
f 2155/1733/2308 2882/1732/2307 473/1737/2312
f 1975/1457/2032 2719/1428/2003 736/1424/1999
f 2477/1459/2034 1974/1455/2030 2883/1454/2029
f 2315/1981/2556 2316/1983/2558 442/1985/2560
f 2135/1703/2278 2136/1702/2277 2137/1705/2280
f 2137/1705/2280 2693/1680/2255 735/1676/2251
f 2687/1397/1972 734/1393/1968 1955/1423/1998
f 2453/1245/1820 733/1248/1823 407/1250/1825
f 2294/1951/2526 2295/1954/2529 732/1924/2499
f 2293/1952/2527 2294/1951/2526 2317/1984/2559
f 2114/1675/2250 2115/1678/2253 731/1650/2225
f 1937/1395/1970 1938/1394/1969 730/1365/1940
f 2433/2196/2771 2434/2195/2770 729/3574/4149
f 2433/2196/2771 729/3574/4149 733/1248/1823
f 2649/1893/2468 2254/1889/2464 2884/1919/2494
f 2275/1920/2495 2884/1919/2494 732/1924/2499
f 2093/1646/2221 2094/1645/2220 2095/1648/2223
f 2637/1619/2194 728/1615/2190 2095/1648/2223
f 1914/1361/1936 2885/1363/1938 730/1365/1940
f 2658/2164/2739 2412/2160/2735 2413/2159/2734
f 2254/1889/2464 2255/1888/2463 2256/1891/2466
f 2256/1891/2466 2621/1862/2437 726/1858/2433
f 2332/2011/2586 2333/2014/2589 442/1985/2560
f 1992/1486/2061 1993/1489/2064 2477/1459/2034
f 2173/1767/2342 2174/1766/2341 473/1737/2312
f 2172/1765/2340 2173/1767/2342 723/1769/2344
f 2351/2046/2621 2352/2045/2620 725/2016/2591
f 722/2048/2623 2350/2044/2619 2351/2046/2621
f 2011/1520/2095 2340/1491/2066 724/1487/2062
f 2195/1796/2371 2196/1799/2374 723/1769/2344
f 1859/2218/2793 1860/2221/2796 407/1250/1825
f 2365/2075/2650 2366/2081/2656 722/2048/2623
f 2029/1551/2126 2888/1550/2125 717/1556/2131
f 2212/1827/2402 720/1830/2405 716/1832/2407
f 2379/2103/2678 718/2106/2681 715/2104/2679
f 1877/1296/1871 1878/1303/1878 714/1301/1876
f 1878/1303/1878 2113/1302/1877 719/2219/2794
f 2047/1582/2157 2048/1585/2160 717/1556/2131
f 2235/1860/2435 2236/1859/2434 716/1832/2407
f 1884/2108/2683 715/2104/2679 2889/2133/2708
f 2393/2134/2709 2889/2133/2708 2414/2167/2742
f 3391/1979/2554 2378/2009/2584 2334/2006/2581
f 3319/1418/1993 3318/1415/1990 507/1420/1995
f 511/1388/1963 3320/1421/1996 3319/1418/1993
f 3389/1942/2517 445/1947/2522 3392/1980/2555
f 2296/1949/2524 2897/3698/4273 750/3633/4208
f 3353/1668/2243 480/1673/2248 751/3740/4315
f 484/1641/2216 2116/3763/4338 749/3673/4248
f 1939/1386/1961 3314/1383/1958 511/1388/1963
f 3426/2190/2765 3425/2187/2762 414/2192/2767
f 3383/1911/2486 750/3633/4208 2277/1914/2489
f 3383/1911/2486 449/1916/2491 750/3633/4208
f 453/1885/2460 3384/1915/2490 2277/1914/2489
f 3349/1637/2212 749/3673/4248 2096/1643/2218
f 1917/1351/1926 515/1356/1931 748/3764/4339
f 519/1325/1900 1916/1358/1933 2899/3584/4159
f 422/2156/2731 3422/2153/2728 2415/2152/2727
f 3380/1880/2455 453/1885/2460 746/3562/4137
f 3346/1605/2180 488/1610/2185 2074/1612/2187
f 3397/2001/2576 438/2007/2582 745/2040/2615
f 3330/1480/2055 744/2609/3184 743/1450/2025
f 3329/1477/2052 504/1482/2057 744/2609/3184
f 2175/1758/2333 3365/1755/2330 2900/2670/3245
f 3366/1759/2334 2900/2670/3245 742/1729/2304
f 434/2041/2616 741/2073/2648 3403/2038/2613
f 2013/1512/2087 3334/1509/2084 500/1514/2089
f 2012/1516/2091 2013/1512/2087 744/2609/3184
f 2197/1790/2365 740/2473/3048 469/1760/2335
f 2197/1790/2365 3369/1787/2362 740/2473/3048
f 3369/1787/2362 465/1792/2367 740/2473/3048
f 3516/2759/3334 739/2434/3009 3517/2762/3337
f 3515/2756/3331 527/2761/3336 739/2434/3009
f 3408/2067/2642 2367/2066/2641 741/2073/2648
f 430/2071/2646 738/2437/3012 2367/2066/2641
f 3339/1544/2119 3338/1541/2116 496/1547/2122
f 3374/1820/2395 2214/1819/2394 2901/2475/3050
f 2214/1819/2394 461/1824/2399 737/2337/2912
f 2213/1825/2400 2901/2475/3050 740/2473/3048
f 3414/2099/2674 2380/2098/2673 738/2437/3012
f 2380/2098/2673 3413/2095/2670 426/2100/2675
f 1879/1289/1864 3303/1286/1861 523/1291/1866
f 3304/1290/1865 1879/1289/1864 739/2434/3009
f 3344/1573/2148 492/1579/2154 2049/1578/2153
f 496/1547/2122 3345/1576/2151 2049/1578/2153
f 2238/1852/2427 2902/2335/2910 737/2337/2912
f 457/1853/2428 746/3562/4137 2902/2335/2910
f 2395/2126/2701 422/2156/2731 3419/2131/2706
f 1899/1326/1901 3307/1322/1897 523/1291/1866
f 3326/1456/2031 3325/1453/2028 755/1458/2033
f 3393/1986/2561 2331/2018/2593 2338/2017/2592
f 2144/1708/2283 2907/1704/2279 3354/1674/2249
f 3321/1422/1997 506/1427/2002 761/1460/2035
f 3293/1251/1826 3292/1247/1822 760/3666/4241
f 3292/1247/1822 3291/1244/1819 753/3725/4300
f 3291/1244/1819 2020/1249/1824 753/3725/4300
f 2302/1950/2525 444/1955/2530 3394/1987/2562
f 2123/1677/2252 3354/1674/2249 2122/3690/4265
f 3316/1392/1967 1945/1391/1966 514/1364/1939
f 1945/1391/1966 510/1396/1971 1961/1429/2004
f 3427/2194/2769 413/2199/2774 760/3666/4241
f 3385/1918/2493 448/1923/2498 759/1957/2532
f 2102/1647/2222 3350/1644/2219 2101/1651/2226
f 3350/1644/2219 483/1649/2224 2122/3690/4265
f 518/1332/1907 1922/1366/1941 3312/1360/1935
f 417/2163/2738 2440/2200/2775 2420/2161/2736
f 421/2165/2740 3423/2162/2737 2420/2161/2736
f 3381/1887/2462 452/1892/2467 2263/1894/2469
f 2081/1613/2188 487/1618/2193 2101/1651/2226
f 1903/1334/1909 3308/1328/1903 522/1300/1875
f 2400/2132/2707 421/2165/2740 2399/2137/2712
f 2160/1734/2309 2910/2651/3226 757/1706/2281
f 2160/1734/2309 2161/1731/2306 2910/2651/3226
f 2161/1731/2306 472/1736/2311 2910/2651/3226
f 2000/1488/2063 756/2590/3165 755/1458/2033
f 3331/1485/2060 503/1490/2065 756/2590/3165
f 3367/1764/2339 2181/1763/2338 468/1768/2343
f 3404/2043/2618 2357/2042/2617 437/2015/2590
f 3335/1518/2093 2019/1517/2092 499/1522/2097
f 2018/1524/2099 3335/1518/2093 756/2590/3165
f 2203/1798/2373 3371/1795/2370 464/1800/2375
f 3433/2220/2795 754/2406/2981 753/3725/4300
f 3432/2217/2792 526/2222/2797 754/2406/2981
f 2372/2077/2652 752/2517/3092 433/2047/2622
f 3341/1552/2127 3340/1549/2124 495/1555/2130
f 2220/1829/2404 2221/1826/2401 460/1831/2406
f 2219/1833/2408 2220/1829/2404 464/1800/2375
f 2385/2105/2680 3415/2102/2677 425/2107/2682
f 2384/2109/2684 2385/2105/2680 752/2517/3092
f 1882/1298/1873 1883/1295/1870 522/1300/1875
f 3305/1299/1874 1882/1298/1873 754/2406/2981
f 2056/1581/2156 491/1586/2161 2054/1588/2163
f 3377/1857/2432 2244/1856/2431 460/1831/2406
f 3395/1993/2568 2274/4011/4586 3401/2023/2598
f 443/1963/2538 3396/1994/2569 770/1989/2564
f 2148/1716/2291 3358/1709/2284 769/1714/2289
f 3322/1430/2005 2411/1435/2010 1986/1468/2043
f 509/1404/1979 3323/1434/2009 1967/1433/2008
f 3430/2212/2787 3429/2209/2784 763/3735/4310
f 3429/2209/2784 1963/2214/2789 1962/2230/2805
f 3431/2216/2791 763/3735/4310 2672/3733/4308
f 3390/1958/2533 443/1963/2538 3865/3730/4305
f 443/1963/2538 770/1989/2564 3865/3730/4305
f 3848/3705/4280 478/1686/2261 2148/1716/2291
f 482/1657/2232 2127/3765/4340 3848/3705/4280
f 3317/1400/1975 1950/1399/1974 509/1404/1979
f 2444/2208/2783 2445/2204/2779 2672/3733/4308
f 2445/2204/2779 3428/2201/2776 2672/3733/4308
f 3428/2201/2776 412/2206/2781 2672/3733/4308
f 3387/1926/2501 447/1931/2506 3865/3730/4305
f 2915/1933/2508 3388/1929/2504 3382/1895/2470
f 2107/1655/2230 482/1657/2232 3848/3705/4280
f 3352/1656/2231 2107/1655/2230 2086/1624/2199
f 3313/1368/1943 1929/1367/1942 517/1340/1915
f 1929/1367/1942 513/1372/1947 2916/1406/1981
f 416/2173/2748 2444/2208/2783 2425/2171/2746
f 420/2175/2750 2425/2171/2746 3421/2141/2716
f 451/1900/2475 2915/1933/2508 3382/1895/2470
f 2914/1902/2477 3382/1895/2470 2919/2245/2820
f 3347/1621/2196 486/1626/2201 3352/1656/2231
f 490/1594/2169 3348/1625/2200 2917/2315/2890
f 3310/1338/1913 3309/1335/1910 517/1340/1915
f 1907/1342/1917 517/1340/1915 521/1309/1884
f 2403/2143/2718 3421/2141/2716 424/2115/2690
f 3363/1740/2315 2166/1739/2314 769/1714/2289
f 2166/1739/2314 471/1744/2319 769/1714/2289
f 2343/2022/2597 768/2596/3171 3401/2023/2598
f 3400/2019/2594 436/2024/2599 768/2596/3171
f 3332/1494/2069 767/1493/2068 3333/1500/2075
f 3327/1461/2036 3333/1500/2075 767/1493/2068
f 3368/1774/2349 766/1771/2346 471/1744/2319
f 2360/2050/2625 765/2085/2660 3407/2057/2632
f 3337/1528/2103 3336/1525/2100 764/2454/3029
f 3336/1525/2100 498/1530/2105 764/2454/3029
f 3866/1806/2381 3372/1803/2378 463/1808/2383
f 3373/1807/2382 3866/1806/2381 766/1771/2346
f 3435/2227/2802 525/2229/2804 1888/1307/1882
f 428/2087/2662 762/3547/4122 765/2085/2660
f 3412/2086/2661 765/2085/2660 2360/2050/2625
f 3343/1560/2135 3463/2316/2891 764/2454/3029
f 3343/1560/2135 3342/1557/2132 3463/2316/2891
f 3342/1557/2132 494/1563/2138 3463/2316/2891
f 2226/1837/2412 3375/1834/2409 459/1839/2414
f 2388/2117/2692 3417/2113/2688 762/3547/4122
f 3417/2113/2688 3416/2110/2685 424/2115/2690
f 1888/1307/1882 1889/1304/1879 521/1309/1884
f 3306/1308/1883 1888/1307/1882 525/2229/2804
f 2063/1589/2164 2917/2315/2890 2061/1596/2171
f 2063/1589/2164 490/1594/2169 2917/2315/2890
f 455/1869/2444 2914/1902/2477 2919/2245/2820
f 3379/1871/2446 2919/2245/2820 459/1839/2414
f 3266/1112/1687 2364/1117/1692 777/1110/1685
f 3298/1264/1839 3297/1261/1836 411/917/1492
f 3297/1261/1836 1904/1266/1841 771/2237/2812
f 3259/1049/1624 477/1054/1629 783/1047/1622
f 1953/1120/1695 508/1125/1700 781/1126/1701
f 3253/985/1560 2291/990/1565 450/998/1573
f 2291/990/1565 446/984/1559 782/983/1558
f 3260/1055/1630 481/1060/1635 2133/3724/4299
f 1935/1128/1703 512/1133/1708 781/1126/1701
f 516/1135/1710 1934/1134/1709 3268/1129/1704
f 415/920/1495 2451/919/1494 2431/924/1499
f 3254/993/1568 450/998/1573 2272/999/1574
f 2092/1064/1639 485/1063/1638 2112/1062/1637
f 1911/1142/1717 3269/1137/1712 780/3641/4216
f 3269/1137/1712 1912/1136/1711 780/3641/4216
f 1912/1136/1711 516/1135/1710 780/3641/4216
f 1911/1142/1717 780/3641/4216 520/1143/1718
f 423/936/1511 2409/935/1510 2928/3566/4141
f 3255/1002/1577 2253/1001/1576 458/1008/1583
f 3251/974/1549 439/968/1543 2347/967/1542
f 3265/1107/1682 3264/1104/1679 2929/1109/1684
f 3263/1097/1672 775/1096/1671 778/1102/1677
f 3257/1026/1601 2192/1025/1600 466/1030/1605
f 3248/954/1529 2363/953/1528 435/966/1541
f 2210/1023/1598 2931/1020/1595 466/1030/1605
f 427/950/1525 773/943/1518 2377/948/1523
f 3436/2234/2809 772/2231/2806 771/2237/2812
f 3261/1080/1655 493/1086/1661 2068/1078/1653
f 2044/1085/1660 2932/1083/1658 774/1087/1662
f 2232/1012/1587 2233/1009/1584 462/1022/1597
f 3245/941/1516 3244/938/1513 423/936/1511
f 1895/1147/1722 3270/1144/1719 520/1143/1718
f 3271/1148/1723 1895/1147/1722 772/2231/2806
f 2069/1075/1650 2070/1072/1647 2068/1078/1653
f 2070/1072/1647 489/1077/1652 2090/1070/1645
f 158/615/1190 1198/610/1185 3867/2005/2580
f 1198/610/1185 3167/609/1184 3869/2003/2578
f 3869/2003/2578 157/601/1176 197/2008/2583
f 3871/2036/2611 1197/582/1157 2934/2037/2612
f 1196/598/1173 3870/2039/2614 157/601/1176
f 3873/2070/2645 156/3766/4341 2935/2068/2643
f 196/583/1158 3159/578/1153 3872/2069/2644
f 156/3766/4341 195/2072/2647 2935/2068/2643
f 1194/878/1453 3874/2101/2676 156/3766/4341
f 1194/878/1453 3875/2096/2671 3874/2101/2676
f 1195/877/1452 3876/2097/2672 3875/2096/2671
f 3236/872/1447 3877/1294/1869 151/875/1450
f 3236/872/1447 1217/874/1449 3878/1287/1862
f 1217/874/1449 172/865/1440 208/1292/1867
f 1193/868/1443 3880/2129/2704 1192/869/1444
f 1193/868/1443 3881/2128/2703 3880/2129/2704
f 155/856/1431 2465/2130/2705 3881/2128/2703
f 1192/869/1444 2936/901/1476 790/900/1475
f 172/865/1440 3233/864/1439 3882/1323/1898
f 3885/2150/2725 154/847/1422 2938/2151/2726
f 155/856/1431 3230/855/1430 3885/2150/2725
f 154/847/1422 194/2155/2730 2938/2151/2726
f 207/852/1427 3229/851/1426 3886/1354/1929
f 3229/851/1426 3887/1355/1930 3886/1354/1929
f 171/3767/4342 3888/1353/1928 3887/1355/1930
f 154/847/1422 1190/844/1419 3889/2191/2766
f 153/835/1410 193/1260/1835 1191/3768/4343
f 1191/3768/4343 2939/2189/2764 3890/2188/2763
f 1216/839/1414 2940/1384/1959 2941/1390/1965
f 170/829/1404 3891/1385/1960 1216/839/1414
f 170/829/1404 2482/1389/1964 3891/1385/1960
f 2483/1357/1932 1216/839/1414 2941/1390/1965
f 1188/833/1408 3892/1254/1829 1187/3769/4344
f 152/818/1393 2462/1258/1833 1189/834/1409
f 193/1260/1835 1187/3769/4344 2942/1256/1831
f 1214/828/1403 2943/1416/1991 2944/1419/1994
f 1215/824/1399 3893/1417/1992 1214/828/1403
f 1214/828/1403 2944/1419/1994 2482/1389/1964
f 152/818/1393 3894/2760/3335 2462/1258/1833
f 1186/817/1392 3895/2758/3333 1185/3770/4345
f 151/875/1450 789/1293/1868 3895/2758/3333
f 3894/2760/3335 1185/3770/4345 2945/2757/3332
f 1213/812/1387 2946/1449/2024 3896/896/1471
f 788/815/1390 3221/811/1386 3896/896/1471
f 169/806/1381 3897/1448/2023 1213/812/1387
f 169/806/1381 2478/1451/2026 3897/1448/2023
f 169/806/1381 1212/800/1375 3898/1481/2056
f 3219/799/1374 3900/1479/2054 3899/1478/2053
f 206/1483/2058 1435/793/1368 3901/1513/2088
f 1435/793/1368 3215/792/1367 3902/1510/2085
f 3215/792/1367 3903/1511/2086 3902/1510/2085
f 168/788/1363 205/1515/2090 3903/1511/2086
f 168/788/1363 1210/784/1359 3904/1545/2120
f 1211/783/1358 3906/1543/2118 3905/1542/2117
f 3906/1543/2118 167/774/1349 2475/1548/2123
f 167/774/1349 1209/773/1348 3907/1574/2149
f 1209/773/1348 3908/1575/2150 3907/1574/2149
f 204/1580/2155 1431/765/1340 3909/1609/2184
f 1431/765/1340 1208/768/1343 3910/1606/2181
f 1208/768/1343 3911/1607/2182 3910/1606/2181
f 166/759/1334 203/1611/2186 3911/1607/2182
f 166/759/1334 3205/758/1333 3912/1640/2215
f 165/750/1325 202/1642/2217 1207/756/1331
f 1205/749/1324 2948/1669/2244 2949/1672/2247
f 1206/3771/4346 3914/1670/2245 1205/749/1324
f 165/750/1325 2949/1672/2247 202/1642/2217
f 1203/3772/4347 2950/1698/2273 3915/892/1467
f 787/891/1466 1428/743/1318 3915/892/1467
f 1204/736/1311 3916/1697/2272 1203/3772/4347
f 786/735/1310 3198/734/1309 3917/885/1460
f 164/726/1301 3919/1726/2301 3918/1725/2300
f 164/726/1301 201/1730/2305 3919/1726/2301
f 3196/722/1297 3920/1762/2337 164/726/1301
f 3196/722/1297 1202/721/1296 3921/1756/2331
f 1202/721/1296 3922/1757/2332 3921/1756/2331
f 163/713/1288 2471/1761/2336 3922/1757/2332
f 163/713/1288 3192/710/1285 3923/1794/2369
f 3193/709/1284 3925/1789/2364 3924/1788/2363
f 3925/1789/2364 162/699/1274 200/1793/2368
f 162/699/1274 3189/697/1272 3926/1823/2398
f 3189/697/1272 3927/1821/2396 3926/1823/2398
f 785/689/1264 3186/688/1263 3928/883/1458
f 161/686/1261 3930/1851/2426 3929/1850/2425
f 161/686/1261 2469/1854/2429 3930/1851/2426
f 1201/674/1249 3182/672/1247 3931/1881/2456
f 3182/672/1247 3932/1882/2457 3931/1881/2456
f 2469/1854/2429 1201/674/1249 2952/1884/2459
f 784/882/1457 1420/663/1238 3933/880/1455
f 1420/663/1238 3179/662/1237 3934/1912/2487
f 160/647/1222 199/1917/2492 3935/1913/2488
f 3937/1943/2518 159/634/1209 2953/1944/2519
f 160/647/1222 1200/643/1218 3936/1946/2521
f 1200/643/1218 3937/1943/2518 3936/1946/2521
f 3172/629/1204 3938/1976/2551 1199/631/1206
f 3172/629/1204 3939/1974/2549 3938/1976/2551
f 158/615/1190 2933/1978/2553 3939/1974/2549
f 198/1948/2523 1199/631/1206 2954/1977/2552
f 3940/1469/2044 1220/3773/4348 2966/1472/2047
f 174/3774/4349 1470/606/1181 3940/1469/2044
f 1277/761/1336 210/1443/2018 3941/1473/2048
f 3164/604/1179 3942/1313/1888 2965/1318/1893
f 3164/604/1179 3943/1316/1891 3942/1313/1888
f 3165/603/1178 3944/1320/1895 3943/1316/1891
f 3944/1320/1895 192/779/1354 2464/908/1483
f 3945/1407/1982 1219/596/1171 2968/1408/1983
f 1270/595/1170 209/1380/1955 1219/596/1171
f 1251/589/1164 3946/2118/2693 796/2123/2698
f 1251/589/1164 1250/585/1160 3947/2121/2696
f 3948/2125/2700 188/741/1316 795/889/1464
f 1218/3775/4350 2969/1346/1921 3949/1343/1918
f 791/1348/1923 1461/576/1151 3949/1343/1918
f 1260/575/1150 3950/1350/1925 1218/3775/4350
f 1260/575/1150 2965/1318/1893 3950/1350/1925
f 1249/570/1145 3951/2061/2636 187/571/1146
f 1249/570/1145 3952/2062/2637 3951/2061/2636
f 186/731/1306 219/2032/2607 3952/2062/2637
f 187/571/1146 2970/2058/2633 2963/2063/2638
f 1247/3779/4354 2971/1999/2574 3954/3778/4353
f 1332/3776/4351 1248/3777/4352 3953/1996/2571
f 185/716/1291 218/1971/2546 1247/3779/4354
f 1246/861/1436 3955/1934/2509 184/719/1294
f 1246/861/1436 3956/1937/2512 3955/1934/2509
f 3232/859/1434 3957/1941/2516 3956/1937/2512
f 3958/1872/2447 1245/3780/4355 2972/1875/2450
f 1493/695/1270 3959/1876/2451 1245/3780/4355
f 1243/3781/4356 2973/1814/2389 3960/1811/2386
f 1244/3782/4357 3960/1811/2386 183/3783/4358
f 182/837/1412 3961/1818/2393 1243/3781/4356
f 182/837/1412 215/1784/2359 3961/1818/2393
f 3962/1747/2322 1242/3784/4359 2974/1748/2323
f 3222/821/1396 3963/1754/2329 1242/3784/4359
f 1240/808/1383 2975/3785/4360 3964/1691/2266
f 1240/808/1383 3964/1691/2266 1241/809/1384
f 180/3791/4366 213/1665/2240 1240/808/1383
f 2960/1693/2268 1241/809/1384 2976/1688/2263
f 3965/1629/2204 1239/796/1371 2977/1632/2207
f 179/798/1373 1239/796/1371 3965/1629/2204
f 3217/795/1370 3966/1633/2208 1239/796/1371
f 178/639/1214 212/1603/2178 3966/1633/2208
f 177/790/1365 3967/1565/2140 2957/1571/2146
f 3213/789/1364 3968/1570/2145 1238/3786/4361
f 176/3787/4362 211/1538/2113 3968/1570/2145
f 1238/3786/4361 2978/1566/2141 3967/1565/2140
f 1237/782/1357 191/781/1356 3970/910/1485
f 3969/903/1478 1237/782/1357 2979/904/1479
f 3971/1501/2076 1235/3788/4363 2980/1504/2079
f 175/628/1203 1236/627/1202 3971/1501/2076
f 3209/770/1345 3972/1505/2080 1235/3788/4363
f 174/3774/4349 797/1474/2049 3972/1505/2080
f 3973/1438/2013 1234/763/1338 2982/1441/2016
f 173/762/1337 2964/1412/1987 1234/763/1338
f 3203/753/1328 3974/894/1469 2983/754/1329
f 3203/753/1328 3975/1154/1729 3974/894/1469
f 3975/1154/1729 190/619/1194 221/2183/2758
f 3977/3789/4364 1232/746/1321 2984/2147/2722
f 189/623/1198 1233/747/1322 3976/2144/2719
f 1230/739/1314 2985/2092/2667 3978/887/1462
f 1231/740/1315 3978/887/1462 188/741/1316
f 1230/739/1314 187/571/1146 2963/2063/2638
f 3197/728/1303 3980/2030/2605 3979/2027/2602
f 3197/728/1303 3981/2031/2606 3980/2030/2605
f 1332/3776/4351 2962/1998/2573 3981/2031/2606
f 184/719/1294 2986/1973/2548 3982/1969/2544
f 1229/720/1295 3194/715/1290 3982/1969/2544
f 218/1971/2546 1229/720/1295 2987/1966/2541
f 3983/1903/2478 1228/704/1279 2989/1904/2479
f 217/1908/2483 1497/705/1280 3983/1903/2478
f 1319/708/1283 2961/1877/2452 1228/704/1279
f 3984/1842/2417 1227/691/1266 2991/1845/2420
f 216/696/1271 3188/692/1267 3984/1842/2417
f 183/3783/4358 2990/1848/2423 2991/1845/2420
f 3985/1779/2354 1225/3790/4365 2992/1780/2355
f 182/837/1412 1226/678/1253 3985/1779/2354
f 3184/677/1252 3986/1786/2361 1225/3790/4365
f 3986/1786/2361 181/822/1397 792/1752/2327
f 3987/1717/2292 1224/666/1241 2993/1720/2295
f 214/671/1246 3180/667/1242 3987/1717/2292
f 1306/665/1240 3988/1723/2298 1224/666/1241
f 1306/665/1240 2960/1693/2268 3988/1723/2298
f 1223/656/1231 2994/1663/2238 3989/1660/2235
f 179/798/1373 3990/1667/2242 1223/656/1231
f 179/798/1373 2959/1634/2209 3990/1667/2242
f 1253/652/1227 2995/1274/1849 3991/1271/1846
f 1254/654/1229 3177/653/1228 3991/1271/1846
f 1298/651/1226 2958/1155/1730 1253/652/1227
f 3992/1597/2172 1222/638/1213 2997/1602/2177
f 177/790/1365 2957/1571/2146 1222/638/1213
f 1270/595/1170 3993/1375/1950 209/1380/1955
f 1270/595/1170 1252/635/1210 3994/1376/1951
f 3996/1533/2108 1221/3792/4367 2998/1534/2109
f 175/628/1203 3997/1540/2115 1221/3792/4367
f 175/628/1203 2956/1506/2081 3997/1540/2115
f 3169/617/1192 3998/2179/2754 190/619/1194
f 189/623/1198 3999/2181/2756 3998/2179/2754
f 189/623/1198 2955/2185/2760 3999/2181/2756
f 987/358/933 986/335/910 3002/3795/4370
f 1184/3793/4368 3156/3796/4371 3003/3794/4369
f 87/349/924 3024/3804/4379 3025/3900/4475
f 87/349/924 86/311/886 3024/3804/4379
f 3039/3863/4438 3025/3900/4475 1115/3864/4439
f 66/3799/4374 4001/3800/4375 1184/3793/4368
f 986/335/910 985/3798/4373 1184/3793/4368
f 86/311/886 85/284/859 4000/3802/4377
f 66/3799/4374 1125/3806/4381 4001/3800/4375
f 4000/3802/4377 1182/3808/4383 1183/3803/4378
f 1182/3808/4383 991/254/829 1180/3811/4386
f 1180/3811/4386 3151/3814/4389 3153/3812/4387
f 991/254/829 4002/253/828 3027/3813/4388
f 3027/3813/4388 3021/3895/4470 3151/3814/4389
f 3028/3815/4390 3149/3819/4394 3021/3895/4470
f 3028/3815/4390 3021/3895/4470 3027/3813/4388
f 4002/253/828 3028/3815/4390 3027/3813/4388
f 990/231/806 82/209/784 4003/3817/4392
f 4003/3817/4392 3149/3819/4394 3028/3815/4390
f 3028/3815/4390 990/231/806 4003/3817/4392
f 82/209/784 81/190/765 3029/3816/4391
f 81/190/765 4004/3820/4395 3029/3816/4391
f 4004/3820/4395 4005/3821/4396 3029/3816/4391
f 3030/3823/4398 3018/3829/4404 3146/3824/4399
f 1179/3825/4400 4006/3826/4401 3030/3823/4398
f 78/134/709 1179/3825/4400 79/148/723
f 3030/3823/4398 4006/3826/4401 3018/3829/4404
f 78/134/709 988/133/708 1179/3825/4400
f 988/133/708 1178/3830/4405 3031/3827/4402
f 1178/3830/4405 3016/3834/4409 3141/3831/4406
f 1178/3830/4405 3141/3831/4406 3031/3827/4402
f 1178/3830/4405 1177/3832/4407 1176/3833/4408
f 1176/3833/4408 3014/3836/4411 3016/3834/4409
f 1177/3832/4407 4007/83/658 4008/3835/4410
f 76/84/659 4007/83/658 1177/3832/4407
f 75/58/633 3032/3837/4412 4008/3835/4410
f 4008/3835/4410 3013/3885/4460 3014/3836/4411
f 74/42/617 4009/3839/4414 3032/3837/4412
f 3032/3837/4412 3011/3883/4458 3013/3885/4460
f 4008/3835/4410 3032/3837/4412 3013/3885/4460
f 74/42/617 73/41/616 3033/3838/4413
f 3032/3837/4412 4009/3839/4414 3011/3883/4458
f 73/41/616 72/9/584 4010/3840/4415
f 72/9/584 4011/453/1028 4010/3840/4415
f 3035/3842/4417 3008/3879/4454 3034/3843/4418
f 4010/3840/4415 3034/3843/4418 3009/3881/4456
f 4010/3840/4415 4011/453/1028 3034/3843/4418
f 3035/3842/4417 3138/3845/4420 3008/3879/4454
f 4011/453/1028 4012/452/1027 3035/3842/4417
f 70/425/1000 69/4001/4576 4014/3849/4424
f 69/4001/4576 3037/3851/4426 4014/3849/4424
f 3037/3851/4426 68/400/975 4015/3853/4428
f 69/4001/4576 68/400/975 3037/3851/4426
f 4015/3853/4428 3134/3855/4430 3037/3851/4426
f 798/3850/4425 3037/3851/4426 3134/3855/4430
f 68/400/975 1122/3857/4432 4016/3856/4431
f 65/293/868 88/365/940 4017/3858/4433
f 1121/3859/4434 3130/3862/4437 3132/3860/4435
f 1116/359/934 3038/4020/4595 4016/3856/4431
f 3038/4020/4595 3005/3872/4447 4016/3856/4431
f 992/363/938 3039/3863/4438 4018/3861/4436
f 4018/3861/4436 3001/3869/4444 3130/3862/4437
f 1116/359/934 3002/3795/4370 3038/4020/4595
f 3002/3795/4370 3003/3794/4369 3038/4020/4595
f 987/358/933 3002/3795/4370 1116/359/934
f 3003/3794/4369 3129/3797/4372 3038/4020/4595
f 87/349/924 3025/3900/4475 3039/3863/4438
f 3039/3863/4438 1115/3864/4439 3001/3869/4444
f 4018/3861/4436 3039/3863/4438 3001/3869/4444
f 992/363/938 4019/350/925 3039/3863/4438
f 3001/3869/4444 1115/3864/4439 3000/3866/4441
f 3005/3872/4447 3038/4020/4595 3129/3797/4372
f 3005/3872/4447 3129/3797/4372 3004/3868/4443
f 3130/3862/4437 3000/3866/4441 3132/3860/4435
f 3000/3866/4441 3274/3865/4440 134/3870/4445
f 3132/3860/4435 3000/3866/4441 134/3870/4445
f 3004/3868/4443 118/3867/4442 119/3874/4449
f 3026/3807/4382 3132/3860/4435 1105/3871/4446
f 3005/3872/4447 3004/3868/4443 120/3873/4448
f 3006/3854/4429 120/3873/4448 3134/3855/4430
f 798/3850/4425 3134/3855/4430 3007/3852/4427
f 3138/3845/4420 3036/3847/4422 3136/3876/4451
f 3007/3852/4427 121/3875/4450 3136/3876/4451
f 123/3878/4453 3136/3876/4451 122/3877/4452
f 3008/3879/4454 3138/3845/4420 123/3878/4453
f 3009/3881/4456 3034/3843/4418 3008/3879/4454
f 3008/3879/4454 123/3878/4453 124/3880/4455
f 3009/3881/4456 124/3880/4455 3010/3841/4416
f 3011/3883/4458 4009/3839/4414 3010/3841/4416
f 4009/3839/4414 3033/3838/4413 3010/3841/4416
f 3011/3883/4458 3010/3841/4416 125/3882/4457
f 3013/3885/4460 3011/3883/4458 3012/3884/4459
f 3012/3884/4459 125/3882/4457 126/3887/4462
f 3014/3836/4411 3012/3884/4459 3015/3886/4461
f 3015/3886/4461 3012/3884/4459 126/3887/4462
f 3016/3834/4409 3015/3886/4461 127/3888/4463
f 3018/3829/4404 3142/3828/4403 127/3888/4463
f 3017/3889/4464 127/3888/4463 128/3947/4522
f 3146/3824/4399 3017/3889/4464 129/3890/4465
f 3017/3889/4464 128/3947/4522 129/3890/4465
f 3148/3818/4393 3147/3822/4397 129/3890/4465
f 3148/3818/4393 3029/3816/4391 3147/3822/4397
f 3149/3819/4394 3148/3818/4393 3019/3891/4466
f 3149/3819/4394 3019/3891/4466 3020/3893/4468
f 3023/3805/4380 3154/3810/4385 1106/3897/4472
f 3155/3801/4376 3026/3807/4382 3022/3898/4473
f 3026/3807/4382 1105/3871/4446 3022/3898/4473
f 3023/3805/4380 1106/3897/4472 133/3901/4476
f 3155/3801/4376 3022/3898/4473 117/3899/4474
f 3156/3796/4371 3155/3801/4376 117/3899/4474
f 3129/3797/4372 3156/3796/4371 118/3867/4442
f 3272/3903/4478 251/879/1454 1414/3902/4477
f 1264/3904/4479 3272/3903/4478 1414/3902/4477
f 1360/3909/4484 134/3870/4445 1438/3905/4480
f 134/3870/4445 1369/3908/4483 1438/3905/4480
f 1439/3907/4482 1368/3906/4481 250/873/1448
f 1367/3911/4486 1366/3912/4487 3272/3903/4478
f 3273/3913/4488 249/857/1432 1449/866/1441
f 251/879/1454 3273/3913/4488 1449/866/1441
f 3272/3903/4478 3273/3913/4488 251/879/1454
f 119/3874/4449 1367/3911/4486 3272/3903/4478
f 134/3870/4445 1365/3914/4489 1369/3908/4483
f 1364/3915/4490 248/853/1428 1450/862/1437
f 1368/3906/4481 1364/3915/4490 1450/862/1437
f 3273/3913/4488 1363/3916/4491 249/857/1432
f 3274/3865/4440 1362/3918/4493 1365/3914/4489
f 1364/3915/4490 1361/3917/4492 246/840/1415
f 134/3870/4445 3274/3865/4440 1365/3914/4489
f 1359/3919/4494 1358/3924/4499 1363/3916/4491
f 118/3867/4442 117/3899/4474 1367/3911/4486
f 117/3899/4474 1360/3909/4484 1367/3911/4486
f 1363/3916/4491 1358/3924/4499 245/830/1405
f 1366/3912/4487 1359/3919/4494 1363/3916/4491
f 3274/3865/4440 133/3901/4476 1357/3929/4504
f 1357/3929/4504 1356/3920/4495 1362/3918/4493
f 3275/3921/4496 244/826/1401 1451/842/1417
f 1361/3917/4492 3275/3921/4496 1451/842/1417
f 3274/3865/4440 1357/3929/4504 1362/3918/4493
f 1359/3919/4494 1355/3922/4497 1354/3923/4498
f 1358/3924/4499 1354/3923/4498 243/819/1394
f 133/3901/4476 1106/3897/4472 1357/3929/4504
f 3275/3921/4496 1352/3925/4500 244/826/1401
f 1360/3909/4484 1438/3905/4480 1355/3922/4497
f 117/3899/4474 1105/3871/4446 1360/3909/4484
f 1354/3923/4498 1439/3907/4482 242/3910/4485
f 1352/3925/4500 1349/3927/4502 240/802/1377
f 1356/3920/4495 1350/3926/4501 1352/3925/4500
f 1357/3929/4504 1351/3928/4503 1350/3926/4501
f 1350/3926/4501 1348/3930/4505 3276/3931/4506
f 3276/3931/4506 3214/791/1366 1452/805/1380
f 1349/3927/4502 3276/3931/4506 1452/805/1380
f 1348/3930/4505 1346/3932/4507 3277/3935/4510
f 131/3894/4469 1347/3933/4508 1351/3928/4503
f 1346/3932/4507 1345/3934/4509 3277/3935/4510
f 3276/3931/4506 3277/3935/4510 3214/791/1366
f 1346/3932/4507 1344/3936/4511 1345/3934/4509
f 1344/3936/4511 1343/3937/4512 1345/3934/4509
f 1344/3936/4511 1340/3941/4516 1343/3937/4512
f 131/3894/4469 130/3892/4467 1347/3933/4508
f 130/3892/4467 1342/3939/4514 1347/3933/4508
f 1341/3940/4515 1339/3942/4517 1340/3941/4516
f 1339/3942/4517 236/757/1332 1453/767/1342
f 1341/3940/4515 1338/3943/4518 1339/3942/4517
f 130/3892/4467 129/3890/4465 1342/3939/4514
f 129/3890/4465 1336/3944/4519 1342/3939/4514
f 1338/3943/4518 1337/3945/4520 1339/3942/4517
f 1337/3945/4520 1335/3946/4521 234/3948/4523
f 1334/3950/4525 1333/3949/4524 1335/3946/4521
f 1338/3943/4518 1334/3950/4525 1335/3946/4521
f 1334/3950/4525 1329/3952/4527 1333/3949/4524
f 1329/3952/4527 1328/3953/4528 1333/3949/4524
f 1328/3953/4528 232/723/1298 1454/732/1307
f 1336/3944/4519 1330/3951/4526 1334/3950/4525
f 1330/3951/4526 1323/3954/4529 1329/3952/4527
f 1323/3954/4529 1322/3955/4530 1328/3953/4528
f 1330/3951/4526 1318/3957/4532 1323/3954/4529
f 1318/3957/4532 1317/3956/4531 1323/3954/4529
f 127/3888/4463 126/3887/4462 1318/3957/4532
f 1318/3957/4532 1314/3958/4533 1317/3956/4531
f 3278/3959/4534 229/683/1258 1455/702/1277
f 1322/3955/4530 3278/3959/4534 1455/702/1277
f 1318/3957/4532 1311/3962/4537 1314/3958/4533
f 1311/3962/4537 1310/3960/4535 1314/3958/4533
f 126/3887/4462 125/3882/4457 1311/3962/4537
f 1310/3960/4535 1309/3963/4538 3279/3961/4536
f 3279/3961/4536 228/675/1250 229/683/1258
f 3278/3959/4534 3279/3961/4536 229/683/1258
f 1311/3962/4537 1295/3964/4539 1310/3960/4535
f 1309/3963/4538 227/664/1239 228/675/1250
f 125/3882/4457 124/3880/4455 1311/3962/4537
f 124/3880/4455 1296/3965/4540 1311/3962/4537
f 1311/3962/4537 1296/3965/4540 1295/3964/4539
f 3280/3968/4543 226/645/1220 227/664/1239
f 1309/3963/4538 3280/3968/4543 227/664/1239
f 1295/3964/4539 3280/3968/4543 1309/3963/4538
f 1295/3964/4539 1290/3966/4541 3281/3967/4542
f 1296/3965/4540 1281/3972/4547 1290/3966/4541
f 1290/3966/4541 1281/3972/4547 1280/3969/4544
f 3281/3967/4542 1280/3969/4544 224/614/1189
f 3281/3967/4542 224/614/1189 225/632/1207
f 1274/3971/4546 1273/3974/4549 1280/3969/4544
f 1280/3969/4544 1273/3974/4549 223/612/1187
f 1296/3965/4540 1275/3970/4545 1281/3972/4547
f 1274/3971/4546 1264/3904/4479 1263/3973/4548
f 122/3877/4452 121/3875/4450 1275/3970/4545
f 1263/3973/4548 1457/581/1156 1456/599/1174
f 1273/3974/4549 1456/599/1174 223/612/1187
f 1264/3904/4479 1414/3902/4477 1263/3973/4548
f 121/3875/4450 120/3873/4448 1275/3970/4545
f 120/3873/4448 119/3874/4449 1275/3970/4545
