# Blender v3.0.1 OBJ File: ''
# www.blender.org
mtllib mtruck_wheel.mtl
o Monster_TruckTextured.003
v -0.168347 -0.367765 -0.112490
v -0.485091 -0.383112 -0.033676
v -0.168347 -0.383159 -0.033592
v -0.485091 -0.367718 -0.112573
v -0.168347 -0.336351 -0.186498
v -0.485091 -0.336305 -0.186582
v -0.168347 -0.290220 -0.252342
v -0.485091 -0.290173 -0.252425
v -0.168347 -0.231398 -0.307159
v -0.485091 -0.231351 -0.307242
v -0.168347 -0.162486 -0.348558
v -0.485091 -0.162439 -0.348641
v -0.168347 -0.086449 -0.374718
v -0.485091 -0.086402 -0.374801
v -0.168347 -0.006668 -0.384496
v -0.485091 -0.006621 -0.384579
v -0.168347 0.073426 -0.377475
v -0.485091 0.073473 -0.377558
v -0.168347 0.150347 -0.353967
v -0.485091 0.150394 -0.354050
v -0.168347 0.220663 -0.314960
v -0.485091 0.220710 -0.315043
v -0.168347 0.281305 -0.262223
v -0.485091 0.281352 -0.262306
v -0.168347 0.329673 -0.197992
v -0.485091 0.329720 -0.198075
v -0.168347 0.363635 -0.125128
v -0.485091 0.363682 -0.125211
v -0.168347 0.381734 -0.046803
v -0.485091 0.381781 -0.046886
v -0.168347 0.383086 0.033603
v -0.485091 0.383133 0.033520
v -0.485091 -0.381708 0.046730
v -0.168347 -0.381755 0.046813
v -0.485091 -0.363609 0.125055
v -0.168347 -0.363656 0.125138
v -0.485091 -0.329647 0.197971
v -0.168347 -0.329694 0.198055
v -0.485091 -0.281279 0.262150
v -0.168347 -0.281326 0.262234
v -0.485091 -0.220637 0.314939
v -0.168347 -0.220684 0.315022
v -0.485091 -0.150321 0.353946
v -0.168347 -0.150368 0.354029
v -0.485091 -0.073400 0.377454
v -0.168347 -0.073447 0.377537
v -0.485091 0.006694 0.384475
v -0.168347 0.006647 0.384558
v -0.485091 0.086475 0.374697
v -0.168347 0.086428 0.374781
v -0.485091 0.162512 0.348537
v -0.168347 0.162465 0.348620
v -0.485091 0.231424 0.307138
v -0.168347 0.231377 0.307221
v -0.485091 0.290246 0.252321
v -0.168347 0.290199 0.252404
v -0.485091 0.336377 0.186478
v -0.168347 0.336331 0.186561
v -0.485091 0.367791 0.112469
v -0.168347 0.367744 0.112552
v 0.488461 0.382665 0.034196
v 0.488461 0.367375 0.113145
v 0.169710 0.383138 0.033286
v 0.169710 0.367848 0.112235
v 0.488461 0.336013 0.187154
v 0.169710 0.336487 0.186244
v 0.488461 0.289933 0.253049
v 0.169710 0.290407 0.252139
v 0.488461 0.231164 0.307918
v 0.169710 0.231637 0.307008
v 0.488461 0.162304 0.349369
v 0.169710 0.162777 0.348459
v 0.488461 0.086267 0.375634
v 0.169710 0.086740 0.374723
v 0.488461 0.006485 0.385463
v 0.169710 0.006959 0.384553
v 0.488461 -0.073608 0.378494
v 0.169710 -0.073135 0.377584
v 0.488461 -0.150529 0.355038
v 0.169710 -0.150056 0.354128
v 0.488461 -0.220845 0.316135
v 0.169710 -0.220372 0.315225
v 0.488461 -0.281591 0.263399
v 0.169710 -0.281118 0.262488
v 0.488461 -0.330011 0.199220
v 0.169710 -0.329538 0.198310
v 0.488461 -0.364025 0.126407
v 0.169710 -0.363552 0.125497
v 0.488461 -0.382176 0.048082
v 0.169710 -0.381703 0.047172
v 0.488461 -0.383633 -0.032323
v 0.169710 -0.383159 -0.033234
v 0.488461 -0.368342 -0.111273
v 0.169710 -0.367869 -0.112183
v 0.488461 -0.336981 -0.185281
v 0.169710 -0.336507 -0.186192
v 0.488461 -0.290901 -0.251177
v 0.169710 -0.290428 -0.252087
v 0.488461 -0.232131 -0.306046
v 0.169710 -0.231658 -0.306956
v 0.488461 -0.163271 -0.347497
v 0.169710 -0.162798 -0.348407
v 0.488461 -0.087234 -0.373761
v 0.169710 -0.086761 -0.374671
v 0.488461 -0.007453 -0.383591
v 0.169710 -0.006980 -0.384501
v 0.488461 0.072641 -0.376622
v 0.169710 0.073114 -0.377532
v 0.488461 0.149562 -0.353166
v 0.169710 0.150035 -0.354076
v 0.488461 0.219878 -0.314263
v 0.169710 0.220351 -0.315173
v 0.488461 0.280624 -0.261526
v 0.169710 0.281097 -0.262436
v 0.488461 0.329044 -0.197347
v 0.169710 0.329517 -0.198258
v 0.488461 0.363058 -0.124535
v 0.169710 0.363531 -0.125445
v 0.488461 0.381209 -0.046210
v 0.169710 0.381682 -0.047120
v 0.564498 0.661068 0.039189
v 0.542915 0.458754 -0.055779
v 0.564498 0.659300 -0.062645
v 0.542915 0.460470 0.040957
v 0.564498 0.646350 0.144246
v 0.542915 0.442111 0.135925
v 0.564498 0.616653 0.241451
v 0.542915 0.404353 0.224964
v 0.564498 0.570157 0.336835
v 0.564498 0.511751 0.420257
v 0.542915 0.348911 0.304278
v 0.564498 0.438055 0.496606
v 0.542915 0.278231 0.370277
v 0.564498 0.356765 0.557924
v 0.542915 0.195329 0.420153
v 0.564498 0.263097 0.607749
v 0.564498 0.166881 0.640826
v 0.542915 0.103898 0.451722
v 0.564498 0.062499 0.659342
v 0.542915 0.007890 0.463580
v 0.564498 -0.039334 0.661110
v 0.542915 -0.088483 0.455207
v 0.564498 -0.144236 0.646443
v 0.542915 -0.181006 0.426966
v 0.564498 -0.241597 0.616694
v 0.564498 -0.336981 0.570198
v 0.542915 -0.265625 0.380106
v 0.564498 -0.420403 0.511793
v 0.542915 -0.338645 0.316708
v 0.564498 -0.496752 0.438096
v 0.542915 -0.396947 0.239527
v 0.564498 -0.558070 0.356806
v 0.564498 -0.607894 0.263086
v 0.542915 -0.437878 0.151840
v 0.564498 -0.641024 0.166870
v 0.542915 -0.459669 0.057652
v 0.564498 -0.659487 0.062541
v -0.565913 0.661796 0.037784
v -0.543081 0.460990 0.040333
v -0.566017 0.646766 0.145027
v -0.543081 0.442475 0.135301
v -0.565913 0.617745 0.240463
v -0.543081 0.404665 0.224340
v -0.566017 0.570261 0.337771
v -0.565913 0.513155 0.419581
v -0.543081 0.349171 0.303549
v -0.566017 0.437950 0.497438
v -0.543081 0.278439 0.369496
v -0.565913 0.358377 0.557560
v -0.543081 0.195485 0.419321
v -0.566017 0.262785 0.608425
v -0.565913 0.168545 0.641034
v -0.543081 0.104054 0.450786
v -0.566017 0.061875 0.659862
v -0.543081 0.007994 0.462540
v -0.565913 -0.037826 0.661734
v -0.543081 -0.088327 0.454115
v -0.566017 -0.145068 0.646651
v -0.565913 -0.240504 0.617630
v -0.543081 -0.180850 0.425822
v -0.566017 -0.337813 0.570198
v -0.543081 -0.265417 0.378910
v -0.565913 -0.419571 0.513093
v -0.543081 -0.338437 0.315407
v -0.566017 -0.497480 0.437888
v -0.565913 -0.557602 0.358263
v -0.543081 -0.396635 0.238174
v -0.566017 -0.608467 0.262670
v -0.543081 -0.437462 0.150487
v -0.565913 -0.641076 0.168430
v -0.543081 -0.459201 0.056247
v -0.543081 -0.460918 -0.040489
v -0.565913 -0.661724 -0.037940
v -0.566017 -0.659903 0.061812
v -0.566017 -0.646693 -0.145183
v -0.543081 -0.442402 -0.135457
v -0.565913 -0.617672 -0.240567
v -0.543081 -0.404592 -0.224444
v -0.566017 -0.570188 -0.337927
v -0.565913 -0.513082 -0.419685
v -0.543081 -0.349099 -0.303705
v -0.566017 -0.437878 -0.497594
v -0.543081 -0.278367 -0.369653
v -0.565913 -0.358304 -0.557716
v -0.543081 -0.195413 -0.419477
v -0.566017 -0.262712 -0.608581
v -0.565913 -0.168472 -0.641138
v -0.543081 -0.103981 -0.450942
v -0.566017 -0.061802 -0.659966
v -0.543081 -0.007921 -0.462696
v -0.565913 0.037899 -0.661838
v -0.543081 0.088399 -0.454271
v -0.566017 0.145141 -0.646807
v -0.565913 0.240577 -0.617735
v -0.543081 0.180923 -0.425926
v -0.566017 0.337886 -0.570302
v -0.543081 0.265489 -0.379014
v -0.565913 0.419643 -0.513197
v -0.543081 0.338510 -0.315563
v -0.566017 0.497553 -0.437992
v -0.565913 0.557675 -0.358419
v -0.543081 0.396708 -0.238278
v -0.566017 0.608539 -0.262826
v -0.543081 0.437534 -0.150643
v -0.565913 0.641149 -0.168534
v -0.543081 0.459274 -0.056352
v -0.566017 0.659976 -0.061916
v -0.553171 -0.038606 0.724509
v -0.553795 0.066348 0.722220
v -0.525034 -0.005997 0.896762
v -0.466160 -0.044119 0.872786
v -0.509847 -0.000952 0.930723
v -0.387003 0.025157 0.913249
v -0.525398 0.054958 0.894993
v -0.553171 0.187164 0.701001
v -0.466160 0.111595 0.866805
v -0.509587 0.057922 0.928799
v -0.410719 0.075189 0.963229
v -0.408638 0.135259 0.956728
v -0.204556 0.224454 0.957196
v -0.088108 0.249731 0.915017
v -0.212513 0.275631 0.944038
v -0.386587 0.190025 0.893589
v 0.015857 0.386462 0.925835
v -0.466160 0.227731 0.843713
v -0.525034 0.271418 0.854739
v -0.553795 0.286345 0.666363
v -0.553171 0.394627 0.608841
v -0.525398 0.328836 0.834247
v -0.553795 0.478257 0.545286
v -0.509847 0.286709 0.885476
v -0.466160 0.373980 0.789884
v -0.509587 0.342150 0.865452
v -0.387003 0.306160 0.860772
v -0.410719 0.369143 0.892861
v -0.408638 0.424272 0.868105
v -0.204556 0.509306 0.841008
v -0.386587 0.456882 0.791132
v -0.212513 0.553878 0.812664
v -0.466160 0.477321 0.732050
v -0.525034 0.522309 0.729033
v -0.525398 0.570573 0.691795
v -0.509847 0.546337 0.753530
v -0.466160 0.599802 0.635678
v -0.509587 0.592833 0.717383
v -0.387003 0.557207 0.724041
v -0.410719 0.627054 0.735118
v -0.408638 0.671834 0.694499
v -0.204556 0.744282 0.642439
v -0.212513 0.777932 0.601768
v -0.088108 0.739914 0.593498
v -0.386587 0.679011 0.611233
v -0.466160 0.680207 0.548719
v -0.553171 0.563500 0.457079
v -0.553795 0.623362 0.370797
v -0.525034 0.722075 0.531972
v -0.509847 0.752448 0.547835
v -0.525398 0.756452 0.481628
v -0.387003 0.753696 0.516421
v -0.509587 0.785525 0.499050
v -0.410719 0.823544 0.505396
v -0.466160 0.766906 0.419217
v -0.408638 0.853553 0.452919
v -0.204556 0.906394 0.381043
v -0.553171 0.677191 0.260590
v -0.386587 0.834674 0.371525
v -0.553795 0.707460 0.160057
v -0.553171 0.724623 0.038617
v -0.466160 0.816523 0.311663
v -0.525034 0.851108 0.282798
v -0.509847 0.884914 0.288519
v -0.525398 0.868271 0.224288
v -0.466160 0.858910 0.161721
v -0.466160 0.872900 0.044077
v -0.509587 0.901349 0.231881
v -0.386587 0.908682 0.095410
v -0.387003 0.913311 -0.025198
v -0.177459 0.937495 -0.051671
v -0.088108 0.915131 -0.249772
v -0.006870 0.939055 -0.171343
v -0.017428 0.994757 -0.114393
v -0.212513 0.983107 0.029567
v 0.015857 1.000062 -0.081420
v 0.084925 0.945400 -0.101755
v -0.408638 0.951797 0.167026
v -0.410719 0.939419 0.226160
v -0.204556 0.979778 0.082304
v -0.387003 0.876385 0.258250
v -0.088108 0.947481 0.045222
v -0.177459 0.907538 0.240567
v -0.212513 0.925845 0.331894
v -0.017428 0.981442 0.198596
v 0.015857 0.976242 0.231569
v -0.006870 0.946024 0.127240
v -0.088108 0.887099 0.335795
v -0.177459 0.788750 0.509192
v -0.017428 0.872016 0.492133
v -0.006870 0.860418 0.413340
v 0.015857 0.856881 0.521882
v 0.084925 0.824636 0.473358
v -0.013996 0.925013 0.386347
v 0.005768 0.786722 0.534885
v 0.022723 0.935519 0.354518
v 0.005768 0.913519 0.265583
v 0.084925 0.930578 0.195371
v 0.162886 0.854385 0.361331
v 0.221812 0.857557 0.479079
v 0.214635 0.829941 0.524795
v 0.382572 0.767842 0.496398
v 0.404207 0.774031 0.580028
v 0.406340 0.736221 0.627200
v 0.383040 0.665281 0.627200
v 0.162886 0.700907 0.607645
v 0.507653 0.697786 0.615810
v 0.022723 0.780168 0.626264
v 0.221812 0.667517 0.720608
v -0.013996 0.760353 0.653257
v -0.006870 0.690557 0.658978
v 0.214635 0.627106 0.755558
v 0.084925 0.637976 0.705005
v 0.382572 0.576814 0.709374
v 0.404207 0.556895 0.790820
v 0.406340 0.506342 0.824001
v 0.468802 0.492248 0.720764
v 0.507653 0.473316 0.801274
v 0.383040 0.438887 0.802054
v 0.507913 0.421672 0.829722
v 0.527468 0.453969 0.775009
v 0.527052 0.404457 0.802210
v 0.552224 0.387034 0.613366
v 0.468854 0.356557 0.796645
v 0.551600 0.294510 0.663086
v 0.382572 0.329356 0.852918
v 0.552224 0.178531 0.702925
v 0.468802 0.245414 0.837576
v 0.530953 0.191273 0.864880
v 0.507653 0.202507 0.908308
v 0.404207 0.285253 0.924170
v 0.507913 0.144621 0.919386
v 0.406340 0.226899 0.940137
v 0.214635 0.362902 0.912364
v 0.383040 0.169533 0.898426
v 0.221812 0.412154 0.891613
v -0.013996 0.521217 0.856247
v 0.084925 0.388854 0.867637
v 0.022723 0.548417 0.836640
v 0.162886 0.478777 0.794460
v 0.005768 0.582951 0.751761
v 0.015857 0.653683 0.761123
v -0.177459 0.592781 0.727993
v -0.017428 0.677243 0.737511
v -0.088108 0.520280 0.793056
v -0.177459 0.338770 0.875542
v -0.017428 0.416159 0.910648
v -0.006870 0.453085 0.840072
v 0.005768 0.322075 0.895097
v 0.162886 0.209840 0.903523
v 0.022723 0.263045 0.965153
v -0.013996 0.231111 0.975399
v -0.006870 0.171301 0.938993
v 0.084925 0.101714 0.945338
v 0.221812 0.116432 0.975295
v 0.214635 0.063227 0.979820
v 0.383040 -0.116411 0.906851
v 0.404207 -0.014318 0.967078
v 0.406340 -0.074752 0.964217
v 0.507913 -0.146576 0.919074
v 0.468854 -0.179810 0.854011
v 0.507653 -0.088067 0.926407
v 0.530485 -0.144860 0.874086
v 0.551600 -0.151517 0.709530
v 0.530953 -0.085362 0.881627
v 0.552224 -0.047448 0.723676
v 0.468802 -0.025448 0.872422
v 0.551600 0.075189 0.721648
v 0.382572 0.049653 0.912936
v 0.468854 0.092924 0.867793
v 0.530485 0.132399 0.876062
v 0.468802 0.690921 0.533376
v 0.527468 0.671262 0.596827
v 0.507913 0.657480 0.658769
v 0.468854 0.585291 0.647484
v 0.527052 0.632619 0.637966
v 0.552224 0.557675 0.463737
v 0.551600 0.485070 0.539617
v 0.551600 0.628095 0.363307
v 0.552224 0.673706 0.268755
v 0.527052 0.798788 0.411260
v 0.468854 0.756764 0.434924
v 0.527468 0.822868 0.360187
v 0.383040 0.826560 0.390924
v 0.507913 0.828901 0.423378
v -0.013996 0.999178 0.081628
v 0.507653 0.853917 0.370017
v 0.406340 0.894016 0.369028
v 0.468802 0.821932 0.293772
v 0.404207 0.915443 0.312443
v 0.214635 0.951485 0.242647
v 0.221812 0.963655 0.190638
v 0.382572 0.883666 0.234846
v 0.022723 0.999282 0.048082
v 0.468854 0.854125 0.179768
v 0.551600 0.709644 0.151476
v 0.383040 0.906914 0.116370
v 0.162886 0.924233 0.079652
v 0.005768 0.950913 -0.029723
v -0.553795 0.722283 -0.066389
v -0.525034 0.896876 0.005955
v -0.509847 0.930786 0.000962
v -0.525398 0.895108 -0.054999
v -0.553171 0.701115 -0.187206
v -0.466160 0.866867 -0.111585
v -0.509587 0.928914 -0.057964
v -0.410719 0.963343 -0.075179
v -0.408638 0.956842 -0.135249
v -0.204556 0.957310 -0.224496
v -0.212513 0.944152 -0.275673
v -0.386587 0.893704 -0.190066
v 0.015857 0.925949 -0.386503
v -0.466160 0.843827 -0.227773
v -0.525034 0.854853 -0.271460
v -0.553795 0.666477 -0.286334
v -0.553171 0.608955 -0.394669
v -0.525398 0.834310 -0.328878
v -0.553795 0.545349 -0.478247
v -0.509847 0.885538 -0.286750
v -0.466160 0.789998 -0.374021
v -0.509587 0.865567 -0.342192
v -0.387003 0.860886 -0.306202
v -0.410719 0.892976 -0.369184
v -0.408638 0.868219 -0.424314
v -0.204556 0.841071 -0.509296
v -0.386587 0.791246 -0.456923
v -0.212513 0.812778 -0.553920
v -0.466160 0.732164 -0.477363
v -0.525034 0.729148 -0.522350
v -0.525398 0.691857 -0.570615
v -0.509847 0.753644 -0.546326
v -0.466160 0.635792 -0.599844
v -0.509587 0.717498 -0.592874
v -0.387003 0.724155 -0.557196
v -0.410719 0.735233 -0.627044
v -0.408638 0.694614 -0.671824
v -0.204556 0.642553 -0.744272
v -0.212513 0.601830 -0.777974
v -0.088108 0.593561 -0.739955
v -0.386587 0.611348 -0.679053
v -0.466160 0.548833 -0.680249
v -0.553171 0.457194 -0.563541
v -0.553795 0.370911 -0.623403
v -0.525034 0.532086 -0.722064
v -0.509847 0.547949 -0.752489
v -0.525398 0.481690 -0.756494
v -0.387003 0.516536 -0.753686
v -0.509587 0.499165 -0.785567
v -0.410719 0.505458 -0.823585
v -0.466160 0.419331 -0.766948
v -0.408638 0.453033 -0.853594
v -0.204556 0.381157 -0.906435
v -0.553171 0.260705 -0.677233
v -0.386587 0.371587 -0.834715
v -0.553795 0.160120 -0.707502
v -0.553171 0.038679 -0.724613
v -0.466160 0.311777 -0.816564
v -0.525034 0.282912 -0.851150
v -0.509847 0.288633 -0.884956
v -0.525398 0.224402 -0.868313
v -0.466160 0.161836 -0.858951
v -0.466160 0.044192 -0.872890
v -0.509587 0.231996 -0.901391
v -0.386587 0.095473 -0.908724
v -0.387003 -0.025084 -0.913353
v -0.177459 -0.051556 -0.937485
v -0.088108 -0.249658 -0.915173
v -0.006870 -0.171229 -0.939097
v -0.017428 -0.114279 -0.994798
v -0.212513 0.029681 -0.983148
v 0.015857 -0.081357 -1.000051
v 0.084925 -0.101641 -0.945442
v -0.408638 0.167089 -0.951787
v -0.410719 0.226275 -0.939461
v -0.204556 0.082418 -0.979820
v -0.387003 0.258364 -0.876426
v -0.088108 0.045336 -0.947522
v -0.177459 0.240629 -0.907580
v -0.212513 0.332009 -0.925835
v -0.017428 0.198710 -0.981432
v 0.015857 0.231684 -0.976283
v -0.006870 0.127354 -0.946066
v -0.088108 0.335909 -0.887140
v -0.177459 0.509307 -0.788791
v -0.017428 0.492248 -0.872058
v -0.006870 0.413454 -0.860460
v 0.015857 0.521997 -0.856923
v 0.084925 0.473473 -0.824678
v -0.013996 0.386462 -0.925055
v 0.005768 0.534947 -0.786763
v 0.022723 0.354632 -0.935560
v 0.005768 0.265697 -0.913561
v 0.084925 0.195486 -0.930619
v 0.162886 0.361446 -0.854427
v 0.221812 0.479194 -0.857547
v 0.214635 0.524909 -0.829982
v 0.382572 0.496512 -0.767884
v 0.404207 0.580143 -0.774073
v 0.406340 0.627315 -0.736263
v 0.383040 0.627315 -0.665323
v 0.162886 0.607759 -0.700897
v 0.507653 0.615925 -0.697828
v 0.022723 0.626326 -0.780210
v 0.221812 0.720722 -0.667559
v -0.013996 0.653371 -0.760395
v -0.006870 0.659092 -0.690599
v 0.214635 0.755672 -0.627148
v 0.084925 0.705120 -0.638018
v 0.382572 0.709488 -0.576856
v 0.404207 0.790934 -0.556936
v 0.406340 0.824116 -0.506384
v 0.468802 0.720878 -0.492289
v 0.507653 0.801388 -0.473358
v 0.383040 0.802168 -0.438928
v 0.507913 0.829785 -0.421713
v 0.527468 0.775124 -0.454011
v 0.527052 0.802324 -0.404498
v 0.552224 0.613480 -0.387075
v 0.468854 0.796707 -0.356598
v 0.551600 0.663201 -0.294552
v 0.382572 0.852981 -0.329398
v 0.564498 0.557883 -0.356910
v 0.564498 0.496564 -0.438252
v 0.564498 0.607707 -0.263243
v 0.552224 0.703039 -0.178572
v 0.564498 0.640837 -0.167130
v 0.468802 0.837690 -0.245456
v 0.530953 0.864943 -0.191262
v 0.507653 0.908422 -0.202548
v 0.404207 0.924285 -0.285294
v 0.507913 0.919500 -0.144662
v 0.406340 0.940251 -0.226940
v 0.214635 0.912479 -0.362943
v 0.383040 0.898540 -0.169575
v 0.221812 0.891675 -0.412196
v -0.013996 0.856361 -0.521258
v 0.084925 0.867751 -0.388896
v 0.022723 0.836754 -0.548459
v 0.162886 0.794575 -0.478819
v 0.005768 0.751876 -0.582993
v 0.015857 0.761237 -0.653673
v -0.177459 0.728108 -0.592822
v -0.017428 0.737625 -0.677233
v -0.088108 0.793171 -0.520322
v -0.177459 0.875657 -0.338811
v -0.017428 0.910762 -0.416200
v -0.006870 0.840187 -0.453127
v 0.005768 0.895212 -0.322116
v 0.162886 0.903637 -0.209881
v 0.022723 0.965268 -0.263086
v -0.013996 0.975513 -0.231153
v 0.221812 0.975409 -0.116474
v 0.214635 0.979934 -0.063217
v 0.404207 0.967192 0.014276
v 0.406340 0.964332 0.074711
v 0.507913 0.919188 0.146535
v 0.507653 0.926521 0.088077
v 0.530485 0.874148 0.144819
v 0.530953 0.881742 0.085372
v 0.552224 0.723791 0.047406
v 0.468802 0.872536 0.025406
v 0.551600 0.721711 -0.075231
v 0.382572 0.913051 -0.049694
v 0.468854 0.867907 -0.092914
v 0.530485 0.876125 -0.132388
v 0.468802 0.533491 -0.690963
v 0.527468 0.596889 -0.671304
v 0.507913 0.658884 -0.657521
v 0.468854 0.647546 -0.585333
v 0.527052 0.638080 -0.632609
v 0.552224 0.463851 -0.557716
v 0.551600 0.539732 -0.485060
v 0.564498 0.420216 -0.511949
v 0.564498 0.336793 -0.570302
v 0.551600 0.363422 -0.628084
v 0.564498 0.241409 -0.616798
v 0.552224 0.268818 -0.673748
v 0.564498 0.144153 -0.646443
v 0.527052 0.411374 -0.798829
v 0.468854 0.435038 -0.756754
v 0.527468 0.360249 -0.822909
v 0.383040 0.391039 -0.826602
v 0.507913 0.423492 -0.828942
v -0.013996 0.081690 -0.999167
v 0.507653 0.370131 -0.853958
v 0.406340 0.369143 -0.894057
v 0.468802 0.293886 -0.821973
v 0.404207 0.312557 -0.915433
v 0.214635 0.242762 -0.951527
v 0.221812 0.190753 -0.963645
v 0.382572 0.234960 -0.883708
v 0.022723 0.048197 -0.999323
v 0.468854 0.179883 -0.854167
v 0.551600 0.151590 -0.709686
v 0.383040 0.116484 -0.906955
v 0.162886 0.079714 -0.924274
v 0.005768 -0.029609 -0.950955
v -0.553795 -0.066275 -0.722324
v -0.525034 0.006069 -0.896918
v -0.509847 0.001025 -0.930827
v -0.525398 -0.054885 -0.895149
v -0.553171 -0.187091 -0.701105
v -0.466160 -0.111522 -0.866909
v -0.509587 -0.057849 -0.928955
v -0.410719 -0.075116 -0.963385
v -0.408638 -0.135186 -0.956884
v -0.204556 -0.224382 -0.957352
v -0.212513 -0.275558 -0.944194
v -0.386587 -0.189952 -0.893745
v 0.015857 -0.386389 -0.925991
v -0.466160 -0.227658 -0.843817
v -0.525034 -0.271345 -0.854895
v -0.553795 -0.286272 -0.666467
v -0.553171 -0.394554 -0.608997
v -0.525398 -0.328763 -0.834351
v -0.553795 -0.478184 -0.545390
v -0.509847 -0.286636 -0.885580
v -0.466160 -0.373907 -0.790040
v -0.509587 -0.342077 -0.865609
v -0.387003 -0.306087 -0.860876
v -0.410719 -0.369070 -0.893017
v -0.408638 -0.424199 -0.868261
v -0.204556 -0.509234 -0.841112
v -0.386587 -0.456809 -0.791288
v -0.212513 -0.553805 -0.812820
v -0.466160 -0.477300 -0.732154
v -0.525034 -0.522236 -0.729189
v -0.525398 -0.570500 -0.691899
v -0.509847 -0.546264 -0.753686
v -0.466160 -0.599729 -0.635782
v -0.509587 -0.592760 -0.717487
v -0.387003 -0.557134 -0.724145
v -0.410719 -0.626982 -0.735222
v -0.408638 -0.671761 -0.694656
v -0.204556 -0.744210 -0.642595
v -0.212513 -0.777859 -0.601872
v -0.088108 -0.739841 -0.593602
v -0.386587 -0.678938 -0.611389
v -0.466160 -0.680135 -0.548823
v -0.553171 -0.563427 -0.457235
v -0.553795 -0.623289 -0.370953
v -0.525034 -0.722002 -0.532076
v -0.509847 -0.752375 -0.547991
v -0.525398 -0.756380 -0.481732
v -0.387003 -0.753623 -0.516577
v -0.509587 -0.785452 -0.499207
v -0.410719 -0.823471 -0.505500
v -0.466160 -0.766833 -0.419373
v -0.408638 -0.853480 -0.453075
v -0.204556 -0.906321 -0.381147
v -0.553171 -0.677118 -0.260746
v -0.386587 -0.834601 -0.371629
v -0.553795 -0.707387 -0.160161
v -0.553171 -0.724550 -0.038721
v -0.466160 -0.816450 -0.311819
v -0.525034 -0.851036 -0.282954
v -0.509847 -0.884841 -0.288623
v -0.525398 -0.868199 -0.224444
v -0.466160 -0.858837 -0.161877
v -0.466160 -0.872827 -0.044234
v -0.509587 -0.901276 -0.232037
v -0.386587 -0.908609 -0.095514
v -0.387003 -0.913238 0.025042
v -0.177459 -0.937422 0.051515
v -0.088108 -0.915058 0.249616
v -0.006870 -0.939035 0.171187
v -0.017428 -0.994684 0.114237
v -0.212513 -0.983034 -0.029723
v 0.015857 -0.999989 0.081316
v 0.084925 -0.945328 0.101599
v -0.408638 -0.951725 -0.167130
v -0.410719 -0.939347 -0.226316
v -0.204556 -0.979705 -0.082408
v -0.387003 -0.876312 -0.258406
v -0.088108 -0.947408 -0.045378
v -0.177459 -0.907465 -0.240671
v -0.212513 -0.925772 -0.332050
v -0.017428 -0.981370 -0.198752
v 0.015857 -0.976169 -0.231673
v -0.006870 -0.945952 -0.127396
v -0.088108 -0.887026 -0.335951
v -0.177459 -0.788677 -0.509348
v -0.017428 -0.871943 -0.492289
v -0.006870 -0.860345 -0.413496
v 0.015857 -0.856809 -0.522038
v 0.084925 -0.824563 -0.473514
v -0.013996 -0.924940 -0.386503
v 0.005768 -0.786649 -0.534989
v 0.022723 -0.935446 -0.354674
v 0.005768 -0.913446 -0.265687
v 0.084925 -0.930505 -0.195527
v 0.162886 -0.854312 -0.361435
v 0.221812 -0.857485 -0.479183
v 0.214635 -0.829868 -0.524951
v 0.382572 -0.767770 -0.496554
v 0.404207 -0.773959 -0.580184
v 0.406340 -0.736148 -0.627356
v 0.383040 -0.665208 -0.627304
v 0.162886 -0.700834 -0.607749
v 0.507653 -0.697714 -0.615914
v 0.022723 -0.780096 -0.626368
v 0.221812 -0.667444 -0.720764
v -0.013996 -0.760280 -0.653413
v -0.006870 -0.690484 -0.659082
v 0.214635 -0.627034 -0.755714
v 0.084925 -0.637903 -0.705109
v 0.382572 -0.576741 -0.709530
v 0.404207 -0.556822 -0.790976
v 0.406340 -0.506269 -0.824157
v 0.468802 -0.492175 -0.720920
v 0.507653 -0.473244 -0.801378
v 0.383040 -0.438814 -0.802210
v 0.507913 -0.421599 -0.829826
v 0.527468 -0.453896 -0.775165
v 0.527052 -0.404384 -0.802314
v 0.552224 -0.386961 -0.613522
v 0.468854 -0.356484 -0.796749
v 0.551600 -0.294437 -0.663190
v 0.382572 -0.329283 -0.853022
v 0.564498 -0.356952 -0.558028
v 0.564498 -0.438242 -0.496762
v 0.564498 -0.263284 -0.607905
v 0.552224 -0.178458 -0.703081
v 0.564498 -0.166964 -0.641034
v 0.468802 -0.245341 -0.837732
v 0.530953 -0.191200 -0.864984
v 0.507653 -0.202434 -0.908412
v 0.404207 -0.285180 -0.924326
v 0.507913 -0.144548 -0.919542
v 0.406340 -0.226826 -0.940293
v 0.214635 -0.362829 -0.912520
v 0.383040 -0.169460 -0.898582
v 0.221812 -0.412081 -0.891717
v -0.013996 -0.521144 -0.856403
v 0.084925 -0.388781 -0.867741
v 0.022723 -0.548344 -0.836796
v 0.162886 -0.478705 -0.794616
v 0.005768 -0.582878 -0.751917
v 0.015857 -0.653610 -0.761279
v -0.177459 -0.592708 -0.728149
v -0.017428 -0.677170 -0.737615
v -0.088108 -0.520208 -0.793212
v -0.177459 -0.338697 -0.875698
v -0.017428 -0.416086 -0.910804
v -0.006870 -0.453012 -0.840228
v 0.005768 -0.322002 -0.895253
v 0.162886 -0.209767 -0.903679
v 0.022723 -0.262972 -0.965309
v -0.013996 -0.231039 -0.975555
v 0.221812 -0.116359 -0.975451
v 0.214635 -0.063154 -0.979976
v 0.404207 0.014391 -0.967234
v 0.406340 0.074825 -0.964373
v 0.507913 0.146649 -0.919230
v 0.507653 0.088139 -0.926563
v 0.530485 0.144933 -0.874190
v 0.530953 0.085435 -0.881731
v 0.564498 0.039147 -0.661266
v 0.552224 0.047520 -0.723832
v 0.564498 -0.062686 -0.659446
v 0.468802 0.025521 -0.872578
v 0.551600 -0.075116 -0.721752
v 0.382572 -0.049580 -0.913041
v 0.468854 -0.092851 -0.867949
v 0.530485 -0.132326 -0.876166
v 0.468802 -0.690849 -0.533532
v 0.527468 -0.671189 -0.596931
v 0.507913 -0.657407 -0.658926
v 0.468854 -0.585219 -0.647588
v 0.527052 -0.632547 -0.638070
v 0.552224 -0.557602 -0.463893
v 0.551600 -0.484998 -0.539773
v 0.564498 -0.511938 -0.420413
v 0.564498 -0.570344 -0.336939
v 0.551600 -0.628022 -0.363464
v 0.564498 -0.616840 -0.241555
v 0.552224 -0.673634 -0.268860
v 0.564498 -0.646537 -0.144246
v 0.527052 -0.798715 -0.411364
v 0.468854 -0.756692 -0.435080
v 0.527468 -0.822795 -0.360291
v 0.383040 -0.826487 -0.391028
v 0.507913 -0.828828 -0.423534
v -0.013996 -0.999105 -0.081732
v 0.507653 -0.853844 -0.370173
v 0.406340 -0.893943 -0.369184
v 0.468802 -0.821859 -0.293928
v 0.404207 -0.915370 -0.312599
v 0.214635 -0.951413 -0.242803
v 0.221812 -0.963583 -0.190794
v 0.382572 -0.883593 -0.235002
v 0.022723 -0.999209 -0.048238
v 0.468854 -0.854052 -0.179925
v 0.551600 -0.709572 -0.151580
v 0.383040 -0.906841 -0.116526
v 0.162886 -0.924160 -0.079756
v 0.005768 -0.950841 0.029567
v -0.553795 -0.722210 0.066285
v -0.525034 -0.896803 -0.006111
v -0.509847 -0.930713 -0.001066
v -0.525398 -0.895035 0.054843
v -0.553171 -0.701042 0.187050
v -0.466160 -0.866794 0.111481
v -0.509587 -0.928841 0.057808
v -0.410719 -0.963271 0.075075
v -0.408638 -0.956770 0.135145
v -0.204556 -0.957238 0.224340
v -0.212513 -0.944079 0.275517
v -0.386587 -0.893631 0.189910
v 0.015857 -0.925876 0.386347
v -0.466160 -0.843754 0.227668
v -0.525034 -0.854780 0.271356
v -0.553795 -0.666404 0.286230
v -0.553171 -0.608883 0.394565
v -0.525398 -0.834237 0.328774
v -0.553795 -0.545276 0.478143
v -0.509847 -0.885465 0.286594
v -0.466160 -0.789925 0.373865
v -0.509587 -0.865494 0.342036
v -0.387003 -0.860813 0.306046
v -0.410719 -0.892903 0.369080
v -0.408638 -0.868146 0.424210
v -0.204556 -0.840998 0.509192
v -0.386587 -0.791174 0.456767
v -0.212513 -0.812705 0.553764
v -0.466160 -0.732091 0.477259
v -0.525034 -0.729075 0.522194
v -0.525398 -0.691785 0.570458
v -0.509847 -0.753571 0.546222
v -0.466160 -0.635719 0.599687
v -0.509587 -0.717425 0.592770
v -0.387003 -0.724082 0.557092
v -0.410719 -0.735160 0.626940
v -0.408638 -0.694541 0.671720
v -0.204556 -0.642480 0.744168
v -0.212513 -0.601757 0.777818
v -0.088108 -0.593488 0.739799
v -0.386587 -0.611275 0.678897
v -0.466160 -0.548760 0.680093
v -0.553171 -0.457121 0.563385
v -0.553795 -0.370838 0.623247
v -0.525034 -0.532014 0.721960
v -0.509847 -0.547876 0.752333
v -0.525398 -0.481617 0.756338
v -0.387003 -0.516463 0.753582
v -0.509587 -0.499092 0.785411
v -0.410719 -0.505385 0.823429
v -0.466160 -0.419259 0.766792
v -0.408638 -0.452960 0.853490
v -0.204556 -0.381084 0.906279
v -0.553171 -0.260632 0.677077
v -0.386587 -0.371514 0.834611
v -0.553795 -0.160047 0.707346
v -0.466160 -0.311704 0.816408
v -0.525034 -0.282839 0.850994
v -0.509847 -0.288560 0.884852
v -0.525398 -0.224330 0.868157
v -0.466160 -0.161763 0.858847
v -0.509587 -0.231923 0.901234
v -0.386587 -0.095400 0.908568
v -0.177459 0.051629 0.937381
v -0.017428 0.114352 0.994694
v -0.212513 -0.029609 0.982992
v 0.015857 0.081430 0.999947
v -0.408638 -0.167016 0.951683
v -0.410719 -0.226202 0.939305
v -0.204556 -0.082346 0.979716
v -0.387003 -0.258291 0.876270
v -0.088108 -0.045263 0.947366
v -0.177459 -0.240556 0.907424
v -0.212513 -0.331936 0.925731
v -0.017428 -0.198637 0.981328
v 0.015857 -0.231611 0.976127
v -0.006870 -0.127281 0.945962
v -0.088108 -0.335836 0.887036
v -0.177459 -0.509234 0.788687
v -0.017428 -0.492175 0.871902
v -0.006870 -0.413382 0.860304
v 0.015857 -0.521924 0.856767
v 0.084925 -0.473400 0.824522
v -0.013996 -0.386389 0.924899
v 0.005768 -0.534874 0.786659
v 0.022723 -0.354560 0.935404
v 0.005768 -0.265625 0.913457
v 0.084925 -0.195413 0.930463
v 0.162886 -0.361373 0.854271
v 0.221812 -0.479121 0.857443
v 0.214635 -0.524836 0.829826
v 0.382572 -0.496440 0.767728
v 0.404207 -0.580070 0.773969
v 0.406340 -0.627242 0.736107
v 0.383040 -0.627242 0.665219
v 0.162886 -0.607686 0.700793
v 0.507653 -0.615852 0.697672
v 0.022723 -0.626254 0.780054
v 0.221812 -0.720650 0.667403
v -0.013996 -0.653298 0.760239
v -0.006870 -0.659019 0.690443
v 0.214635 -0.755599 0.626992
v 0.084925 -0.705047 0.637862
v 0.382572 -0.709416 0.576752
v 0.404207 -0.790861 0.556780
v 0.406340 -0.824043 0.506228
v 0.468802 -0.720806 0.492133
v 0.507653 -0.801315 0.473202
v 0.383040 -0.802095 0.438824
v 0.507913 -0.829712 0.421609
v 0.527468 -0.775051 0.453855
v 0.527052 -0.802251 0.404394
v 0.552224 -0.613407 0.386919
v 0.468854 -0.796634 0.356442
v 0.551600 -0.663128 0.294448
v 0.382572 -0.852908 0.329294
v 0.552224 -0.702967 0.178416
v 0.468802 -0.837617 0.245299
v 0.530953 -0.864870 0.191158
v 0.507653 -0.908349 0.202444
v 0.404207 -0.924212 0.285138
v 0.507913 -0.919427 0.144558
v 0.406340 -0.940179 0.226836
v 0.214635 -0.912406 0.362839
v 0.383040 -0.898468 0.169471
v 0.221812 -0.891602 0.412040
v -0.013996 -0.856288 0.521154
v 0.084925 -0.867678 0.388792
v 0.022723 -0.836681 0.548355
v 0.162886 -0.794502 0.478715
v 0.005768 -0.751803 0.582837
v 0.015857 -0.761164 0.653569
v -0.177459 -0.728035 0.592666
v -0.017428 -0.737552 0.677129
v -0.088108 -0.793098 0.520166
v -0.177459 -0.875584 0.338707
v -0.017428 -0.910690 0.416044
v -0.006870 -0.840114 0.452971
v 0.005768 -0.895139 0.321960
v 0.162886 -0.903564 0.209725
v 0.022723 -0.965195 0.262930
v -0.013996 -0.975441 0.230997
v 0.221812 -0.975337 0.116318
v 0.214635 -0.979861 0.063113
v 0.404207 -0.967119 -0.014432
v 0.406340 -0.964259 -0.074815
v 0.507913 -0.919115 -0.146639
v 0.507653 -0.926448 -0.088181
v 0.530485 -0.874076 -0.144923
v 0.530953 -0.881669 -0.085476
v 0.564498 -0.661307 -0.039293
v 0.552224 -0.723718 -0.047510
v 0.468802 -0.872463 -0.025562
v 0.551600 -0.721638 0.075075
v 0.382572 -0.912978 0.049590
v 0.468854 -0.867834 0.092810
v 0.530485 -0.876052 0.132284
v 0.468802 -0.533418 0.690807
v 0.527468 -0.596817 0.671148
v 0.507913 -0.658811 0.657365
v 0.468854 -0.647473 0.585177
v 0.527052 -0.638008 0.632505
v 0.552224 -0.463778 0.557560
v 0.551600 -0.539659 0.484956
v 0.551600 -0.363349 0.627980
v 0.552224 -0.268745 0.673592
v 0.527052 -0.411301 0.798673
v 0.468854 -0.434965 0.756650
v 0.527468 -0.360177 0.822753
v 0.383040 -0.390966 0.826446
v 0.507913 -0.423419 0.828786
v -0.013996 -0.081617 0.999063
v 0.507653 -0.370058 0.853854
v 0.406340 -0.369070 0.893953
v 0.468802 -0.293813 0.821869
v 0.404207 -0.312485 0.915329
v 0.214635 -0.242689 0.951423
v 0.221812 -0.190680 0.963541
v 0.382572 -0.234887 0.883603
v 0.022723 -0.048124 0.999219
v 0.162886 -0.079641 0.924118
v 0.005768 0.029681 0.950799
v 0.542915 0.436910 -0.150019
v 0.542915 0.395979 -0.237654
v 0.542915 0.337730 -0.314835
v 0.542915 0.264657 -0.378286
v 0.542915 0.180039 -0.425094
v 0.542915 0.087515 -0.453335
v 0.542915 -0.008857 -0.461708
v 0.542915 -0.104865 -0.449850
v 0.542915 -0.196297 -0.418281
v 0.542915 -0.279199 -0.368404
v 0.542915 -0.349879 -0.302405
v 0.542915 -0.405320 -0.223092
v 0.542915 -0.443079 -0.134053
v 0.542915 -0.461438 -0.039085
v -0.168347 -0.000010 0.000005
v 0.169710 -0.000010 -0.000000
vt 0.453430 0.800140
vt 0.419140 0.941410
vt 0.419140 0.800140
vt 0.453430 0.941410
vt 0.487730 0.800140
vt 0.487730 0.941410
vt 0.522080 0.800140
vt 0.522080 0.941410
vt 0.556380 0.800140
vt 0.556380 0.941410
vt 0.590670 0.800140
vt 0.590670 0.941410
vt 0.624970 0.800140
vt 0.624970 0.941410
vt 0.659260 0.800140
vt 0.659260 0.941410
vt 0.693560 0.800140
vt 0.693560 0.941410
vt 0.727850 0.800140
vt 0.727850 0.941410
vt 0.762150 0.800140
vt 0.762150 0.941410
vt 0.796440 0.800140
vt 0.796440 0.941410
vt 0.830740 0.800140
vt 0.830740 0.941410
vt 0.865030 0.800140
vt 0.865030 0.941410
vt 0.899330 0.800140
vt 0.899330 0.941410
vt 0.933620 0.800140
vt 0.933620 0.941410
vt 0.933380 0.941410
vt 0.899020 0.941410
vt 0.933380 0.800140
vt 0.899020 0.800140
vt 0.864730 0.941410
vt 0.864730 0.800140
vt 0.830430 0.941410
vt 0.830430 0.800140
vt 0.796140 0.941410
vt 0.796140 0.800140
vt 0.761840 0.941410
vt 0.761840 0.800140
vt 0.727550 0.941410
vt 0.727550 0.800140
vt 0.693250 0.941410
vt 0.693250 0.800140
vt 0.658960 0.941410
vt 0.658960 0.800140
vt 0.624660 0.941410
vt 0.624660 0.800140
vt 0.590370 0.941410
vt 0.590370 0.800140
vt 0.556070 0.941410
vt 0.556070 0.800140
vt 0.521780 0.941410
vt 0.521780 0.800140
vt 0.487480 0.941410
vt 0.487480 0.800140
vt 0.453130 0.941410
vt 0.453130 0.800140
vt 0.418830 0.941410
vt 0.418830 0.800140
vt 0.418830 0.941410
vt 0.453130 0.941410
vt 0.418830 0.800140
vt 0.453130 0.800140
vt 0.487480 0.941410
vt 0.487480 0.800140
vt 0.521780 0.941410
vt 0.521780 0.800140
vt 0.556070 0.941410
vt 0.556070 0.800140
vt 0.590370 0.941410
vt 0.590370 0.800140
vt 0.624660 0.941410
vt 0.624660 0.800140
vt 0.658960 0.941410
vt 0.658960 0.800140
vt 0.693250 0.941410
vt 0.693250 0.800140
vt 0.727550 0.941410
vt 0.727550 0.800140
vt 0.761840 0.941410
vt 0.761840 0.800140
vt 0.796140 0.941410
vt 0.796140 0.800140
vt 0.830430 0.941410
vt 0.830430 0.800140
vt 0.864730 0.941410
vt 0.864730 0.800140
vt 0.899020 0.941410
vt 0.899020 0.800140
vt 0.933380 0.941410
vt 0.933380 0.800140
vt 0.419810 0.941410
vt 0.454100 0.941410
vt 0.419810 0.800140
vt 0.454100 0.800140
vt 0.488400 0.941410
vt 0.488400 0.800140
vt 0.522690 0.941410
vt 0.522690 0.800140
vt 0.556990 0.941410
vt 0.556990 0.800140
vt 0.591280 0.941410
vt 0.591280 0.800140
vt 0.625580 0.941410
vt 0.625580 0.800140
vt 0.659870 0.941410
vt 0.659870 0.800140
vt 0.694170 0.941410
vt 0.694170 0.800140
vt 0.728460 0.941410
vt 0.728460 0.800140
vt 0.762760 0.941410
vt 0.762760 0.800140
vt 0.797110 0.941410
vt 0.797110 0.800140
vt 0.831410 0.941410
vt 0.831410 0.800140
vt 0.865700 0.941410
vt 0.865700 0.800140
vt 0.900000 0.941410
vt 0.900000 0.800140
vt 0.934290 0.941410
vt 0.934290 0.800140
vt 0.237430 0.602140
vt 0.291030 0.539400
vt 0.280980 0.607620
vt 0.244800 0.533650
vt 0.292070 0.485500
vt 0.191680 0.588920
vt 0.256980 0.481210
vt 0.200760 0.518420
vt 0.223540 0.469630
vt 0.151960 0.570320
vt 0.160800 0.494350
vt 0.112550 0.543590
vt 0.080510 0.513590
vt 0.193260 0.451390
vt 0.126740 0.462520
vt 0.167440 0.427220
vt 0.051270 0.476110
vt 0.100060 0.424300
vt 0.030130 0.437620
vt 0.147150 0.398310
vt 0.081910 0.381350
vt 0.013870 0.392840
vt 0.133380 0.365750
vt 0.005650 0.349790
vt 0.073080 0.335660
vt 0.004000 0.302190
vt 0.126680 0.331000
vt 0.073930 0.289050
vt 0.009480 0.258680
vt 0.127350 0.295620
vt 0.084470 0.243640
vt 0.135330 0.261240
vt 0.022700 0.212900
vt 0.104210 0.201410
vt 0.041340 0.173230
vt 0.150320 0.229130
vt 0.068020 0.133740
vt 0.132290 0.164200
vt 0.171640 0.200950
vt 0.097990 0.101820
vt 0.167500 0.133650
vt 0.198320 0.177790
vt 0.135580 0.072540
vt 0.208310 0.111120
vt 0.173950 0.051380
vt 0.229260 0.160640
vt 0.218730 0.035150
vt 0.252900 0.097530
vt 0.263070 0.150340
vt 0.261860 0.026850
vt 0.299320 0.093520
vt 0.298340 0.147330
vt 0.309430 0.025300
vt 0.309670 0.025030
vt 0.299560 0.093340
vt 0.262040 0.026670
vt 0.263320 0.150240
vt 0.298590 0.147240
vt 0.253080 0.097350
vt 0.218970 0.034970
vt 0.229510 0.160550
vt 0.208490 0.110940
vt 0.174140 0.051200
vt 0.198500 0.177700
vt 0.135700 0.072360
vt 0.167680 0.133460
vt 0.171820 0.200860
vt 0.098110 0.101630
vt 0.132410 0.164110
vt 0.068080 0.133650
vt 0.150440 0.229040
vt 0.104330 0.201320
vt 0.041400 0.173140
vt 0.022760 0.212810
vt 0.135460 0.261140
vt 0.084590 0.243540
vt 0.009540 0.258590
vt 0.127480 0.295620
vt 0.074050 0.288960
vt 0.004120 0.302190
vt 0.126810 0.331000
vt 0.073140 0.335660
vt 0.005710 0.349790
vt 0.013990 0.392930
vt 0.133570 0.365750
vt 0.082030 0.381440
vt 0.030190 0.437710
vt 0.147340 0.398310
vt 0.100190 0.424390
vt 0.051390 0.476110
vt 0.167620 0.427310
vt 0.126930 0.462610
vt 0.080630 0.513680
vt 0.112670 0.543690
vt 0.193450 0.451480
vt 0.160980 0.494440
vt 0.152150 0.570410
vt 0.223780 0.469720
vt 0.200940 0.518510
vt 0.191860 0.589100
vt 0.257230 0.481210
vt 0.245040 0.533750
vt 0.292310 0.485590
vt 0.291280 0.539490
vt 0.281220 0.607710
vt 0.237670 0.602240
vt 0.309670 0.025030
vt 0.299560 0.093340
vt 0.262040 0.026580
vt 0.263320 0.150150
vt 0.298520 0.147140
vt 0.253080 0.097350
vt 0.218910 0.034880
vt 0.229450 0.160550
vt 0.208430 0.110940
vt 0.174140 0.051110
vt 0.198500 0.177610
vt 0.135700 0.072270
vt 0.167680 0.133460
vt 0.171760 0.200770
vt 0.098110 0.101540
vt 0.132410 0.164020
vt 0.068080 0.133560
vt 0.150440 0.229040
vt 0.104330 0.201230
vt 0.041400 0.173050
vt 0.022760 0.212810
vt 0.135460 0.261050
vt 0.084530 0.243450
vt 0.009540 0.258590
vt 0.127480 0.295530
vt 0.073990 0.288960
vt 0.004060 0.302090
vt 0.126810 0.330910
vt 0.073140 0.335560
vt 0.005650 0.349700
vt 0.013930 0.392840
vt 0.133510 0.365660
vt 0.081970 0.381350
vt 0.030190 0.437620
vt 0.147340 0.398220
vt 0.100190 0.424300
vt 0.051330 0.476110
vt 0.167560 0.427220
vt 0.126870 0.462520
vt 0.080630 0.513680
vt 0.112670 0.543690
vt 0.193450 0.451390
vt 0.160980 0.494350
vt 0.152150 0.570410
vt 0.223720 0.469630
vt 0.200940 0.518420
vt 0.191860 0.589010
vt 0.257160 0.481210
vt 0.244980 0.533650
vt 0.292310 0.485590
vt 0.291280 0.539400
vt 0.281170 0.607710
vt 0.237610 0.602240
vt 0.936370 0.011710
vt 0.933750 0.049470
vt 0.876850 0.011710
vt 0.876970 0.049470
vt 0.812590 0.011710
vt 0.908650 0.130640
vt 0.932470 0.143220
vt 0.905180 0.140120
vt 0.906760 0.194570
vt 0.888850 0.129820
vt 0.809970 0.049470
vt 0.753070 0.011710
vt 0.858030 0.137930
vt 0.889160 0.141950
vt 0.882330 0.185360
vt 0.861010 0.188460
vt 0.827390 0.276280
vt 0.818310 0.332560
vt 0.808930 0.273180
vt 0.827450 0.191920
vt 0.762820 0.379890
vt 0.808690 0.143220
vt 0.784870 0.130640
vt 0.753190 0.049470
vt 0.688810 0.011710
vt 0.686190 0.049470
vt 0.629290 0.011710
vt 0.765070 0.129720
vt 0.629420 0.049470
vt 0.565030 0.011710
vt 0.781400 0.140120
vt 0.734250 0.137930
vt 0.765380 0.141950
vt 0.782980 0.194570
vt 0.758560 0.185360
vt 0.737230 0.188460
vt 0.703610 0.276280
vt 0.703670 0.191830
vt 0.685150 0.273180
vt 0.684910 0.143220
vt 0.661090 0.130640
vt 0.641290 0.129720
vt 0.657620 0.140120
vt 0.610470 0.137930
vt 0.641600 0.141950
vt 0.659200 0.194570
vt 0.634780 0.185360
vt 0.613460 0.188460
vt 0.579830 0.276280
vt 0.561370 0.273180
vt 0.570750 0.332560
vt 0.579890 0.191830
vt 0.561130 0.143220
vt 0.562410 0.049470
vt 0.505510 0.011710
vt 0.505640 0.049470
vt 0.441250 0.011710
vt 0.537310 0.130640
vt 0.533840 0.140120
vt 0.517510 0.129720
vt 0.535420 0.194570
vt 0.517820 0.141950
vt 0.511000 0.185360
vt 0.486690 0.137930
vt 0.489680 0.188460
vt 0.456050 0.276280
vt 0.438630 0.049470
vt 0.381730 0.011710
vt 0.456110 0.191920
vt 0.381800 0.049470
vt 0.317470 0.011710
vt 0.314850 0.049470
vt 0.437290 0.143220
vt 0.413530 0.130640
vt 0.410060 0.140030
vt 0.393740 0.129720
vt 0.362850 0.138020
vt 0.313390 0.143400
vt 0.394040 0.141860
vt 0.331480 0.193200
vt 0.287440 0.195210
vt 0.256130 0.315410
vt 0.198810 0.332280
vt 0.229510 0.372230
vt 0.255220 0.366030
vt 0.310890 0.276830
vt 0.265630 0.382080
vt 0.259170 0.419650
vt 0.365470 0.189010
vt 0.387220 0.185360
vt 0.330450 0.279020
vt 0.411340 0.195020
vt 0.321550 0.335110
vt 0.381370 0.314410
vt 0.437590 0.273180
vt 0.381860 0.364930
vt 0.391480 0.379800
vt 0.356450 0.371220
vt 0.446910 0.332560
vt 0.505270 0.314220
vt 0.505640 0.364930
vt 0.480230 0.371130
vt 0.515260 0.379800
vt 0.508010 0.418650
vt 0.456360 0.375880
vt 0.539990 0.383080
vt 0.446370 0.392570
vt 0.416210 0.383080
vt 0.384230 0.418650
vt 0.442470 0.437980
vt 0.500640 0.482310
vt 0.519460 0.479660
vt 0.516360 0.559190
vt 0.550470 0.563390
vt 0.571850 0.566760
vt 0.596090 0.557280
vt 0.566250 0.438070
vt 0.579530 0.611360
vt 0.570150 0.392570
vt 0.624420 0.482310
vt 0.580130 0.375970
vt 0.604010 0.371130
vt 0.643240 0.479660
vt 0.631790 0.418650
vt 0.640200 0.559190
vt 0.674250 0.563480
vt 0.695630 0.566760
vt 0.672540 0.617010
vt 0.703310 0.611450
vt 0.719870 0.557280
vt 0.719690 0.613180
vt 0.704100 0.623670
vt 0.722250 0.622850
vt 0.691240 0.703740
vt 0.746740 0.611900
vt 0.747770 0.703740
vt 0.763980 0.559190
vt 0.691060 0.742140
vt 0.626860 0.742140
vt 0.750270 0.742140
vt 0.814720 0.703740
vt 0.814470 0.742140
vt 0.796320 0.616650
vt 0.827390 0.628230
vt 0.827020 0.611360
vt 0.798030 0.563390
vt 0.843350 0.613180
vt 0.819410 0.566760
vt 0.767020 0.479660
vt 0.843650 0.557180
vt 0.748260 0.482310
vt 0.703970 0.375970
vt 0.755570 0.418650
vt 0.693920 0.392570
vt 0.690020 0.438070
vt 0.663770 0.383080
vt 0.639040 0.379890
vt 0.629050 0.314220
vt 0.629420 0.364930
vt 0.694530 0.332560
vt 0.752830 0.314220
vt 0.753190 0.364930
vt 0.727850 0.371220
vt 0.787610 0.383080
vt 0.813800 0.438070
vt 0.817700 0.392570
vt 0.827750 0.375970
vt 0.851630 0.371220
vt 0.879350 0.418650
vt 0.872040 0.482310
vt 0.890800 0.479660
vt 0.967430 0.557180
vt 0.921810 0.563390
vt 0.943190 0.566760
vt 0.967130 0.613180
vt 0.994230 0.611450
vt 0.950860 0.611450
vt 0.971030 0.627230
vt 0.995880 0.703740
vt 0.951230 0.628320
vt 0.998500 0.742140
vt 0.938740 0.742140
vt 0.938800 0.703740
vt 0.874540 0.742140
vt 0.920100 0.616550
vt 0.871980 0.703740
vt 0.887760 0.559100
vt 0.870460 0.611360
vt 0.847190 0.627140
vt 0.548760 0.617010
vt 0.580320 0.623670
vt 0.595910 0.613180
vt 0.622960 0.611900
vt 0.598470 0.622760
vt 0.567530 0.703740
vt 0.624180 0.703740
vt 0.567400 0.742140
vt 0.503080 0.742140
vt 0.500460 0.703740
vt 0.443620 0.742140
vt 0.443810 0.703740
vt 0.379480 0.742140
vt 0.474630 0.622760
vt 0.499180 0.611900
vt 0.456540 0.623670
vt 0.472320 0.557180
vt 0.472130 0.613180
vt 0.332520 0.375970
vt 0.455750 0.611360
vt 0.448070 0.566760
vt 0.424990 0.617010
vt 0.426690 0.563390
vt 0.395680 0.479660
vt 0.376860 0.482310
vt 0.392580 0.559190
vt 0.322590 0.392570
vt 0.375400 0.611900
vt 0.376740 0.703740
vt 0.348420 0.557280
vt 0.318630 0.437980
vt 0.292190 0.383360
vt 0.936370 0.011710
vt 0.933750 0.049470
vt 0.876850 0.011710
vt 0.876970 0.049470
vt 0.812590 0.011710
vt 0.908650 0.130640
vt 0.932470 0.143220
vt 0.905180 0.140120
vt 0.906760 0.194570
vt 0.888850 0.129820
vt 0.809970 0.049470
vt 0.753070 0.011710
vt 0.858030 0.137930
vt 0.889160 0.141950
vt 0.882330 0.185360
vt 0.861010 0.188460
vt 0.827390 0.276280
vt 0.818310 0.332560
vt 0.808930 0.273180
vt 0.827450 0.191920
vt 0.762820 0.379890
vt 0.808690 0.143220
vt 0.784870 0.130640
vt 0.753190 0.049470
vt 0.688810 0.011710
vt 0.686190 0.049470
vt 0.629290 0.011710
vt 0.765070 0.129720
vt 0.629420 0.049470
vt 0.565030 0.011710
vt 0.781400 0.140120
vt 0.734250 0.137930
vt 0.765380 0.141950
vt 0.782980 0.194570
vt 0.758560 0.185360
vt 0.737230 0.188460
vt 0.703610 0.276280
vt 0.703670 0.191830
vt 0.685150 0.273180
vt 0.684910 0.143220
vt 0.661090 0.130640
vt 0.641290 0.129720
vt 0.657620 0.140120
vt 0.610470 0.137930
vt 0.641600 0.141950
vt 0.659200 0.194570
vt 0.634780 0.185360
vt 0.613460 0.188460
vt 0.579830 0.276280
vt 0.561370 0.273180
vt 0.570750 0.332560
vt 0.579890 0.191830
vt 0.561130 0.143220
vt 0.562410 0.049470
vt 0.505510 0.011710
vt 0.505640 0.049470
vt 0.441250 0.011710
vt 0.537310 0.130640
vt 0.533840 0.140120
vt 0.517510 0.129720
vt 0.535420 0.194570
vt 0.517820 0.141950
vt 0.511000 0.185360
vt 0.486690 0.137930
vt 0.489680 0.188460
vt 0.456050 0.276280
vt 0.438630 0.049470
vt 0.381730 0.011710
vt 0.456110 0.191920
vt 0.381800 0.049470
vt 0.317470 0.011710
vt 0.314850 0.049470
vt 0.437290 0.143220
vt 0.413530 0.130640
vt 0.410060 0.140030
vt 0.393740 0.129720
vt 0.362850 0.138020
vt 0.313390 0.143400
vt 0.394040 0.141860
vt 0.331480 0.193200
vt 0.287440 0.195210
vt 0.256130 0.315410
vt 0.198810 0.332280
vt 0.229510 0.372230
vt 0.255220 0.366030
vt 0.310890 0.276830
vt 0.265630 0.382080
vt 0.259170 0.419650
vt 0.365470 0.189010
vt 0.387220 0.185360
vt 0.330450 0.279020
vt 0.411340 0.195020
vt 0.321550 0.335110
vt 0.381370 0.314410
vt 0.437590 0.273180
vt 0.381860 0.364930
vt 0.391480 0.379800
vt 0.356450 0.371220
vt 0.446910 0.332560
vt 0.505270 0.314220
vt 0.505640 0.364930
vt 0.480230 0.371130
vt 0.515260 0.379800
vt 0.508010 0.418650
vt 0.456360 0.375880
vt 0.539990 0.383080
vt 0.446370 0.392570
vt 0.416210 0.383080
vt 0.384230 0.418650
vt 0.442470 0.437980
vt 0.500640 0.482310
vt 0.519460 0.479660
vt 0.516360 0.559190
vt 0.550470 0.563390
vt 0.571850 0.566760
vt 0.596090 0.557280
vt 0.566250 0.438070
vt 0.579530 0.611360
vt 0.570150 0.392570
vt 0.624420 0.482310
vt 0.580130 0.375970
vt 0.604010 0.371130
vt 0.643240 0.479660
vt 0.631790 0.418650
vt 0.640200 0.559190
vt 0.674250 0.563480
vt 0.695630 0.566760
vt 0.672540 0.617010
vt 0.703310 0.611450
vt 0.719870 0.557280
vt 0.719690 0.613180
vt 0.704100 0.623670
vt 0.722250 0.622850
vt 0.691240 0.703740
vt 0.746740 0.611900
vt 0.747770 0.703740
vt 0.763980 0.559190
vt 0.691060 0.742140
vt 0.626860 0.742140
vt 0.750270 0.742140
vt 0.814720 0.703740
vt 0.814470 0.742140
vt 0.796320 0.616650
vt 0.827390 0.628230
vt 0.827020 0.611360
vt 0.798030 0.563390
vt 0.843350 0.613180
vt 0.819410 0.566760
vt 0.767020 0.479660
vt 0.843650 0.557180
vt 0.748260 0.482310
vt 0.703970 0.375970
vt 0.755570 0.418650
vt 0.693920 0.392570
vt 0.690020 0.438070
vt 0.663770 0.383080
vt 0.639040 0.379890
vt 0.629050 0.314220
vt 0.629420 0.364930
vt 0.694530 0.332560
vt 0.752830 0.314220
vt 0.753190 0.364930
vt 0.727850 0.371220
vt 0.787610 0.383080
vt 0.813800 0.438070
vt 0.817700 0.392570
vt 0.827750 0.375970
vt 0.851630 0.371220
vt 0.879350 0.418650
vt 0.872040 0.482310
vt 0.890800 0.479660
vt 0.967430 0.557180
vt 0.921810 0.563390
vt 0.943190 0.566760
vt 0.967130 0.613180
vt 0.994230 0.611450
vt 0.950860 0.611450
vt 0.971030 0.627230
vt 0.995880 0.703740
vt 0.951230 0.628320
vt 0.998500 0.742140
vt 0.938740 0.742140
vt 0.938800 0.703740
vt 0.874540 0.742140
vt 0.920100 0.616550
vt 0.871980 0.703740
vt 0.887760 0.559100
vt 0.870460 0.611360
vt 0.847190 0.627140
vt 0.548760 0.617010
vt 0.580320 0.623670
vt 0.595910 0.613180
vt 0.622960 0.611900
vt 0.598470 0.622760
vt 0.567530 0.703740
vt 0.624180 0.703740
vt 0.567400 0.742140
vt 0.503080 0.742140
vt 0.500460 0.703740
vt 0.443620 0.742140
vt 0.443810 0.703740
vt 0.379480 0.742140
vt 0.474630 0.622760
vt 0.499180 0.611900
vt 0.456540 0.623670
vt 0.472320 0.557180
vt 0.472130 0.613180
vt 0.332520 0.375970
vt 0.455750 0.611360
vt 0.448070 0.566760
vt 0.424990 0.617010
vt 0.426690 0.563390
vt 0.395680 0.479660
vt 0.376860 0.482310
vt 0.392580 0.559190
vt 0.322590 0.392570
vt 0.375400 0.611900
vt 0.376740 0.703740
vt 0.348420 0.557280
vt 0.318630 0.437980
vt 0.292190 0.383360
vt 0.936370 0.011710
vt 0.933750 0.049470
vt 0.876850 0.011710
vt 0.876970 0.049470
vt 0.812590 0.011710
vt 0.908650 0.130640
vt 0.932470 0.143220
vt 0.905180 0.140120
vt 0.906760 0.194570
vt 0.888850 0.129820
vt 0.809970 0.049470
vt 0.753070 0.011710
vt 0.858030 0.137930
vt 0.889160 0.141950
vt 0.882330 0.185360
vt 0.861010 0.188460
vt 0.827390 0.276280
vt 0.818310 0.332560
vt 0.808930 0.273180
vt 0.827450 0.191920
vt 0.762820 0.379890
vt 0.808690 0.143220
vt 0.784870 0.130640
vt 0.753190 0.049470
vt 0.688810 0.011710
vt 0.686190 0.049470
vt 0.629290 0.011710
vt 0.765070 0.129720
vt 0.629420 0.049470
vt 0.565030 0.011710
vt 0.781400 0.140120
vt 0.734250 0.137930
vt 0.765380 0.141950
vt 0.782980 0.194570
vt 0.758560 0.185360
vt 0.737230 0.188460
vt 0.703610 0.276280
vt 0.703670 0.191830
vt 0.685150 0.273180
vt 0.684910 0.143220
vt 0.661090 0.130640
vt 0.641290 0.129720
vt 0.657620 0.140120
vt 0.610470 0.137930
vt 0.641600 0.141950
vt 0.659200 0.194570
vt 0.634780 0.185360
vt 0.613460 0.188460
vt 0.579830 0.276280
vt 0.561370 0.273180
vt 0.570750 0.332560
vt 0.579890 0.191830
vt 0.561130 0.143220
vt 0.562410 0.049470
vt 0.505510 0.011710
vt 0.505640 0.049470
vt 0.441250 0.011710
vt 0.537310 0.130640
vt 0.533840 0.140120
vt 0.517510 0.129720
vt 0.535420 0.194570
vt 0.517820 0.141950
vt 0.511000 0.185360
vt 0.486690 0.137930
vt 0.489680 0.188460
vt 0.456050 0.276280
vt 0.438630 0.049470
vt 0.381730 0.011710
vt 0.456110 0.191920
vt 0.381800 0.049470
vt 0.317470 0.011710
vt 0.314850 0.049470
vt 0.437290 0.143220
vt 0.413530 0.130640
vt 0.410060 0.140030
vt 0.393740 0.129720
vt 0.362850 0.138020
vt 0.313390 0.143400
vt 0.394040 0.141860
vt 0.331480 0.193200
vt 0.287440 0.195210
vt 0.256130 0.315410
vt 0.198810 0.332280
vt 0.229510 0.372230
vt 0.255220 0.366030
vt 0.310890 0.276830
vt 0.265630 0.382080
vt 0.259170 0.419650
vt 0.365470 0.189010
vt 0.387220 0.185360
vt 0.330450 0.279020
vt 0.411340 0.195020
vt 0.321550 0.335110
vt 0.381370 0.314410
vt 0.437590 0.273180
vt 0.381860 0.364930
vt 0.391480 0.379800
vt 0.356450 0.371220
vt 0.446910 0.332560
vt 0.505270 0.314220
vt 0.505640 0.364930
vt 0.480230 0.371130
vt 0.515260 0.379800
vt 0.508010 0.418650
vt 0.456360 0.375880
vt 0.539990 0.383080
vt 0.446370 0.392570
vt 0.416210 0.383080
vt 0.384230 0.418650
vt 0.442470 0.437980
vt 0.500640 0.482310
vt 0.519460 0.479660
vt 0.516360 0.559190
vt 0.550470 0.563390
vt 0.571850 0.566760
vt 0.596090 0.557280
vt 0.566250 0.438070
vt 0.579530 0.611360
vt 0.570150 0.392570
vt 0.624420 0.482310
vt 0.580130 0.375970
vt 0.604010 0.371130
vt 0.643240 0.479660
vt 0.631790 0.418650
vt 0.640200 0.559190
vt 0.674250 0.563480
vt 0.695630 0.566760
vt 0.672540 0.617010
vt 0.703310 0.611450
vt 0.719870 0.557280
vt 0.719690 0.613180
vt 0.704100 0.623670
vt 0.722250 0.622850
vt 0.691240 0.703740
vt 0.746740 0.611900
vt 0.747770 0.703740
vt 0.763980 0.559190
vt 0.691060 0.742140
vt 0.626860 0.742140
vt 0.750270 0.742140
vt 0.814720 0.703740
vt 0.814470 0.742140
vt 0.796320 0.616650
vt 0.827390 0.628230
vt 0.827020 0.611360
vt 0.798030 0.563390
vt 0.843350 0.613180
vt 0.819410 0.566760
vt 0.767020 0.479660
vt 0.843650 0.557180
vt 0.748260 0.482310
vt 0.703970 0.375970
vt 0.755570 0.418650
vt 0.693920 0.392570
vt 0.690020 0.438070
vt 0.663770 0.383080
vt 0.639040 0.379890
vt 0.629050 0.314220
vt 0.629420 0.364930
vt 0.694530 0.332560
vt 0.752830 0.314220
vt 0.753190 0.364930
vt 0.727850 0.371220
vt 0.787610 0.383080
vt 0.813800 0.438070
vt 0.817700 0.392570
vt 0.827750 0.375970
vt 0.851630 0.371220
vt 0.879350 0.418650
vt 0.872040 0.482310
vt 0.890800 0.479660
vt 0.967430 0.557180
vt 0.921810 0.563390
vt 0.943190 0.566760
vt 0.967130 0.613180
vt 0.994230 0.611450
vt 0.950860 0.611450
vt 0.971030 0.627230
vt 0.995880 0.703740
vt 0.951230 0.628320
vt 0.998500 0.742140
vt 0.938740 0.742140
vt 0.938800 0.703740
vt 0.874540 0.742140
vt 0.920100 0.616550
vt 0.871980 0.703740
vt 0.887760 0.559100
vt 0.870460 0.611360
vt 0.847190 0.627140
vt 0.548760 0.617010
vt 0.580320 0.623670
vt 0.595910 0.613180
vt 0.622960 0.611900
vt 0.598470 0.622760
vt 0.567530 0.703740
vt 0.624180 0.703740
vt 0.567400 0.742140
vt 0.503080 0.742140
vt 0.500460 0.703740
vt 0.443620 0.742140
vt 0.443810 0.703740
vt 0.379480 0.742140
vt 0.474630 0.622760
vt 0.499180 0.611900
vt 0.456540 0.623670
vt 0.472320 0.557180
vt 0.472130 0.613180
vt 0.332520 0.375970
vt 0.455750 0.611360
vt 0.448070 0.566760
vt 0.424990 0.617010
vt 0.426690 0.563390
vt 0.395680 0.479660
vt 0.376860 0.482310
vt 0.392580 0.559190
vt 0.322590 0.392570
vt 0.375400 0.611900
vt 0.376740 0.703740
vt 0.348420 0.557280
vt 0.318630 0.437980
vt 0.292190 0.383360
vt 0.936370 0.011710
vt 0.933750 0.049470
vt 0.876850 0.011710
vt 0.876970 0.049470
vt 0.812590 0.011710
vt 0.908650 0.130640
vt 0.932470 0.143220
vt 0.905180 0.140120
vt 0.906760 0.194570
vt 0.888850 0.129820
vt 0.809970 0.049470
vt 0.753070 0.011710
vt 0.858030 0.137930
vt 0.889160 0.141950
vt 0.882330 0.185360
vt 0.861010 0.188460
vt 0.827390 0.276280
vt 0.818310 0.332560
vt 0.808930 0.273180
vt 0.827450 0.191920
vt 0.762820 0.379890
vt 0.808690 0.143220
vt 0.784870 0.130640
vt 0.753190 0.049470
vt 0.688810 0.011710
vt 0.686190 0.049470
vt 0.629290 0.011710
vt 0.765070 0.129720
vt 0.629420 0.049470
vt 0.565030 0.011710
vt 0.781400 0.140120
vt 0.734250 0.137930
vt 0.765380 0.141950
vt 0.782980 0.194570
vt 0.758560 0.185360
vt 0.737230 0.188460
vt 0.703610 0.276280
vt 0.703670 0.191830
vt 0.685150 0.273180
vt 0.684910 0.143220
vt 0.661090 0.130640
vt 0.641290 0.129720
vt 0.657620 0.140120
vt 0.610470 0.137930
vt 0.641600 0.141950
vt 0.659200 0.194570
vt 0.634780 0.185360
vt 0.613460 0.188460
vt 0.579830 0.276280
vt 0.561370 0.273180
vt 0.570750 0.332560
vt 0.579890 0.191830
vt 0.561130 0.143220
vt 0.562410 0.049470
vt 0.505510 0.011710
vt 0.505640 0.049470
vt 0.441250 0.011710
vt 0.537310 0.130640
vt 0.533840 0.140120
vt 0.517510 0.129720
vt 0.535420 0.194570
vt 0.517820 0.141950
vt 0.511000 0.185360
vt 0.486690 0.137930
vt 0.489680 0.188460
vt 0.456050 0.276280
vt 0.438630 0.049470
vt 0.381730 0.011710
vt 0.456110 0.191920
vt 0.381800 0.049470
vt 0.317470 0.011710
vt 0.314850 0.049470
vt 0.437290 0.143220
vt 0.413530 0.130640
vt 0.410060 0.140030
vt 0.393740 0.129720
vt 0.362850 0.138020
vt 0.313390 0.143400
vt 0.394040 0.141860
vt 0.331480 0.193200
vt 0.287440 0.195210
vt 0.256130 0.315410
vt 0.198810 0.332280
vt 0.229510 0.372230
vt 0.255220 0.366030
vt 0.310890 0.276830
vt 0.265630 0.382080
vt 0.259170 0.419650
vt 0.365470 0.189010
vt 0.387220 0.185360
vt 0.330450 0.279020
vt 0.411340 0.195020
vt 0.321550 0.335110
vt 0.381370 0.314410
vt 0.437590 0.273180
vt 0.381860 0.364930
vt 0.391480 0.379800
vt 0.356450 0.371220
vt 0.446910 0.332560
vt 0.505270 0.314220
vt 0.505640 0.364930
vt 0.480230 0.371130
vt 0.515260 0.379800
vt 0.508010 0.418650
vt 0.456360 0.375880
vt 0.539990 0.383080
vt 0.446370 0.392570
vt 0.416210 0.383080
vt 0.384230 0.418650
vt 0.442470 0.437980
vt 0.500640 0.482310
vt 0.519460 0.479660
vt 0.516360 0.559190
vt 0.550470 0.563390
vt 0.571850 0.566760
vt 0.596090 0.557280
vt 0.566250 0.438070
vt 0.579530 0.611360
vt 0.570150 0.392570
vt 0.624420 0.482310
vt 0.580130 0.375970
vt 0.604010 0.371130
vt 0.643240 0.479660
vt 0.631790 0.418650
vt 0.640200 0.559190
vt 0.674250 0.563480
vt 0.695630 0.566760
vt 0.672540 0.617010
vt 0.703310 0.611450
vt 0.719870 0.557280
vt 0.719690 0.613180
vt 0.704100 0.623670
vt 0.722250 0.622850
vt 0.691240 0.703740
vt 0.746740 0.611900
vt 0.747770 0.703740
vt 0.763980 0.559190
vt 0.691060 0.742140
vt 0.626860 0.742140
vt 0.750270 0.742140
vt 0.814720 0.703740
vt 0.814470 0.742140
vt 0.796320 0.616650
vt 0.827390 0.628230
vt 0.827020 0.611360
vt 0.798030 0.563390
vt 0.843350 0.613180
vt 0.819410 0.566760
vt 0.767020 0.479660
vt 0.843650 0.557180
vt 0.748260 0.482310
vt 0.703970 0.375970
vt 0.755570 0.418650
vt 0.693920 0.392570
vt 0.690020 0.438070
vt 0.663770 0.383080
vt 0.639040 0.379890
vt 0.629050 0.314220
vt 0.629420 0.364930
vt 0.694530 0.332560
vt 0.752830 0.314220
vt 0.753190 0.364930
vt 0.727850 0.371220
vt 0.787610 0.383080
vt 0.813800 0.438070
vt 0.817700 0.392570
vt 0.827750 0.375970
vt 0.851630 0.371220
vt 0.879350 0.418650
vt 0.872040 0.482310
vt 0.890800 0.479660
vt 0.967430 0.557180
vt 0.921810 0.563390
vt 0.943190 0.566760
vt 0.967130 0.613180
vt 0.994230 0.611450
vt 0.950860 0.611450
vt 0.971030 0.627230
vt 0.995880 0.703740
vt 0.951230 0.628320
vt 0.998500 0.742140
vt 0.938740 0.742140
vt 0.938800 0.703740
vt 0.874540 0.742140
vt 0.920100 0.616550
vt 0.871980 0.703740
vt 0.887760 0.559100
vt 0.870460 0.611360
vt 0.847190 0.627140
vt 0.548760 0.617010
vt 0.580320 0.623670
vt 0.595910 0.613180
vt 0.622960 0.611900
vt 0.598470 0.622760
vt 0.567530 0.703740
vt 0.624180 0.703740
vt 0.567400 0.742140
vt 0.503080 0.742140
vt 0.500460 0.703740
vt 0.443620 0.742140
vt 0.443810 0.703740
vt 0.379480 0.742140
vt 0.474630 0.622760
vt 0.499180 0.611900
vt 0.456540 0.623670
vt 0.472320 0.557180
vt 0.472130 0.613180
vt 0.332520 0.375970
vt 0.455750 0.611360
vt 0.448070 0.566760
vt 0.424990 0.617010
vt 0.426690 0.563390
vt 0.395680 0.479660
vt 0.376860 0.482310
vt 0.392580 0.559190
vt 0.322590 0.392570
vt 0.375400 0.611900
vt 0.376740 0.703740
vt 0.348420 0.557280
vt 0.318630 0.437980
vt 0.292190 0.383360
vt 0.309430 0.025210
vt 0.299380 0.093430
vt 0.261860 0.026850
vt 0.263130 0.150340
vt 0.298340 0.147330
vt 0.252900 0.097440
vt 0.218790 0.035060
vt 0.229330 0.160640
vt 0.208310 0.111030
vt 0.174020 0.051290
vt 0.198380 0.177790
vt 0.167560 0.133650
vt 0.135580 0.072450
vt 0.171640 0.200950
vt 0.097990 0.101730
vt 0.132290 0.164110
vt 0.150320 0.229130
vt 0.068020 0.133740
vt 0.104210 0.201320
vt 0.041340 0.173140
vt 0.135330 0.261140
vt 0.022700 0.212900
vt 0.084470 0.243540
vt 0.009480 0.258680
vt 0.127350 0.295620
vt 0.073930 0.288960
vt 0.126740 0.330910
vt 0.004060 0.302190
vt 0.073080 0.335560
vt 0.005650 0.349790
vt 0.013930 0.392840
vt 0.133450 0.365660
vt 0.081910 0.381350
vt 0.030130 0.437620
vt 0.147210 0.398220
vt 0.100060 0.424300
vt 0.051270 0.476010
vt 0.167440 0.427220
vt 0.126810 0.462520
vt 0.080570 0.513590
vt 0.193260 0.451390
vt 0.112550 0.543590
vt 0.160860 0.494350
vt 0.223600 0.469630
vt 0.152020 0.570230
vt 0.200760 0.518330
vt 0.191740 0.588920
vt 0.256980 0.481120
vt 0.244860 0.533560
vt 0.292070 0.485500
vt 0.291090 0.539310
vt 0.280980 0.607530
vt 0.237490 0.602050
vt 0.166950 0.949260
vt 0.133570 0.941500
vt 0.186930 0.786370
vt 0.102440 0.927090
vt 0.201240 0.949800
vt 0.234930 0.943330
vt 0.266480 0.929920
vt 0.294630 0.910220
vt 0.317960 0.885140
vt 0.335620 0.855680
vt 0.346830 0.823310
vt 0.350970 0.789200
vt 0.347990 0.755090
vt 0.337940 0.722260
vt 0.321310 0.692250
vt 0.298830 0.666350
vt 0.271420 0.645740
vt 0.240290 0.631240
vt 0.206910 0.623580
vt 0.172610 0.622940
vt 0.138930 0.629510
vt 0.107370 0.642910
vt 0.079290 0.662610
vt 0.055900 0.687690
vt 0.038240 0.717060
vt 0.027090 0.749530
vt 0.022880 0.783540
vt 0.025870 0.817740
vt 0.035920 0.850580
vt 0.052550 0.880490
vt 0.075090 0.906390
vt 0.167320 0.949260
vt 0.133930 0.941500
vt 0.187290 0.786370
vt 0.102810 0.927000
vt 0.201610 0.949800
vt 0.235300 0.943240
vt 0.266850 0.929830
vt 0.294930 0.910220
vt 0.318320 0.885050
vt 0.335990 0.855680
vt 0.347130 0.823220
vt 0.351340 0.789200
vt 0.348350 0.755000
vt 0.338300 0.722260
vt 0.321670 0.692250
vt 0.299130 0.666350
vt 0.271780 0.645740
vt 0.240660 0.631240
vt 0.207280 0.623490
vt 0.172980 0.622940
vt 0.139290 0.629510
vt 0.107740 0.642910
vt 0.079660 0.662610
vt 0.056270 0.687690
vt 0.038600 0.717060
vt 0.027450 0.749530
vt 0.023250 0.783540
vt 0.026240 0.817740
vt 0.036290 0.850490
vt 0.052920 0.880490
vt 0.075390 0.906390
vn -0.2283 0.9669 0.1143
vn 0.0754 0.9933 0.0874
vn -0.6120 0.5503 0.5680
vn -0.3697 0.5777 0.7277
vn -0.2282 0.9220 0.3128
vn -0.3697 0.4140 0.8318
vn -0.2283 0.8367 0.4977
vn -0.3698 0.2319 0.8997
vn -0.2284 0.7150 0.6608
vn -0.3699 0.0398 0.9282
vn -0.2284 0.5621 0.7949
vn -0.3698 -0.1541 0.9162
vn -0.2284 0.3844 0.8945
vn -0.3699 -0.3413 0.8641
vn -0.2285 0.1902 0.9548
vn -0.3699 -0.5134 0.7743
vn -0.2286 -0.0121 0.9734
vn -0.3700 -0.6630 0.6508
vn -0.2285 -0.2143 0.9497
vn -0.3698 -0.7839 0.4987
vn -0.2286 -0.4074 0.8842
vn -0.3699 -0.8704 0.3249
vn -0.2284 -0.5824 0.7802
vn -0.3699 -0.9190 0.1367
vn -0.2285 -0.7320 0.6419
vn -0.3699 -0.9273 -0.0574
vn -0.2285 -0.8493 0.4758
vn -0.3699 -0.8952 -0.2487
vn -0.2283 -0.9298 0.2887
vn -0.3697 -0.8239 -0.4295
vn -0.2285 -0.9694 0.0894
vn -0.3699 -0.7164 -0.5916
vn 0.0581 0.9634 -0.2619
vn -0.6120 0.6566 0.4409
vn 0.0583 0.8879 -0.4563
vn -0.6119 0.7338 0.2950
vn 0.0583 0.7736 -0.6310
vn -0.6118 0.7793 0.1359
vn 0.0583 0.6257 -0.7779
vn -0.6119 0.7904 -0.0288
vn 0.0583 0.4504 -0.8909
vn -0.6120 0.7671 -0.1924
vn 0.0583 0.2549 -0.9652
vn -0.6120 0.7102 -0.3480
vn 0.0582 0.0485 -0.9971
vn -0.6119 0.6223 -0.4881
vn 0.0582 -0.1597 -0.9855
vn -0.6119 0.5073 -0.6068
vn 0.0582 -0.3610 -0.9307
vn -0.6122 0.3701 -0.6987
vn 0.0581 -0.5468 -0.8353
vn -0.6119 0.2167 -0.7607
vn 0.0580 -0.7084 -0.7034
vn -0.6121 0.0539 -0.7889
vn 0.0579 -0.8392 -0.5408
vn -0.6119 -0.1114 -0.7831
vn 0.0578 -0.9333 -0.3544
vn -0.6121 -0.2718 -0.7426
vn 0.0578 -0.9866 -0.1525
vn -0.6119 -0.4205 -0.6698
vn 0.3745 -0.7948 0.4775
vn -0.0622 -0.9003 -0.4308
vn 0.2056 -0.9748 -0.0866
vn 0.6119 -0.7229 0.3210
vn -0.0614 -0.7912 -0.6085
vn 0.6120 -0.7737 0.1635
vn -0.0606 -0.6475 -0.7596
vn 0.6123 -0.7906 -0.0009
vn -0.0599 -0.4758 -0.8775
vn 0.6125 -0.7730 -0.1651
vn -0.0593 -0.2835 -0.9571
vn 0.6130 -0.7216 -0.3218
vn -0.0588 -0.0784 -0.9952
vn 0.6128 -0.6388 -0.4652
vn -0.0585 0.1300 -0.9898
vn 0.6134 -0.5279 -0.5875
vn -0.0583 0.3325 -0.9413
vn 0.6130 -0.3942 -0.6847
vn -0.0582 0.5205 -0.8519
vn 0.6132 -0.2433 -0.7516
vn -0.0583 0.6858 -0.7254
vn 0.6133 -0.0817 -0.7856
vn -0.0586 0.8216 -0.5671
vn 0.6131 0.0837 -0.7856
vn -0.0590 0.9214 -0.3841
vn 0.6130 0.2452 -0.7511
vn -0.0596 0.9810 -0.1846
vn 0.6130 0.3959 -0.6837
vn -0.0602 0.9979 0.0233
vn 0.6128 0.5296 -0.5865
vn -0.0610 0.9712 0.2303
vn 0.6125 0.6402 -0.4636
vn -0.0618 0.9020 0.4273
vn 0.6126 0.7225 -0.3205
vn -0.0625 0.7934 0.6054
vn 0.6119 0.7739 -0.1631
vn -0.0633 0.6500 0.7573
vn 0.6117 0.7911 0.0014
vn -0.0640 0.4781 0.8760
vn 0.6116 0.7736 0.1656
vn -0.0646 0.2855 0.9562
vn 0.6114 0.7225 0.3228
vn -0.0650 0.0798 0.9947
vn 0.6112 0.6396 0.4663
vn -0.0655 -0.1294 0.9894
vn 0.6110 0.5286 0.5893
vn -0.0657 -0.3325 0.9408
vn 0.6109 0.3948 0.6862
vn -0.0657 -0.5211 0.8510
vn 0.6107 0.2435 0.7534
vn -0.0656 -0.6869 0.7238
vn 0.6107 0.0816 0.7876
vn -0.0653 -0.8227 0.5647
vn 0.6108 -0.0840 0.7873
vn -0.0649 -0.9222 0.3811
vn 0.6110 -0.2456 0.7526
vn -0.0644 -0.9814 0.1810
vn 0.6111 -0.3965 0.6850
vn -0.0637 -0.9976 -0.0272
vn 0.6113 -0.5302 0.5875
vn 0.9987 0.0503 0.0038
vn 0.9421 -0.3327 0.0409
vn 0.9986 0.0533 -0.0058
vn 0.9421 -0.3342 -0.0289
vn 0.9986 0.0521 0.0111
vn 0.9422 -0.3206 -0.0978
vn 0.9987 0.0465 0.0188
vn 0.9420 -0.2935 -0.1627
vn 0.9986 0.0463 0.0266
vn 0.9987 0.0384 0.0325
vn 0.9420 -0.2535 -0.2199
vn 0.9986 0.0355 0.0395
vn 0.9421 -0.2020 -0.2677
vn 0.9987 0.0266 0.0426
vn 0.9420 -0.1419 -0.3042
vn 0.9986 0.0219 0.0488
vn 0.9987 0.0119 0.0488
vn 0.9420 -0.0759 -0.3270
vn 0.9986 0.0055 0.0530
vn 0.9420 -0.0060 -0.3355
vn 0.9987 -0.0035 0.0500
vn 0.9420 0.0640 -0.3295
vn 0.9986 -0.0110 0.0524
vn 0.9420 0.1309 -0.3092
vn 0.9987 -0.0191 0.0467
vn 0.9986 -0.0267 0.0461
vn 0.9420 0.1923 -0.2750
vn 0.9987 -0.0323 0.0385
vn 0.9419 0.2455 -0.2292
vn 0.9986 -0.0397 0.0359
vn 0.9420 0.2875 -0.1732
vn 0.9987 -0.0430 0.0266
vn 0.9986 -0.0488 0.0216
vn 0.9421 0.3171 -0.1094
vn 0.9987 -0.0489 0.0122
vn 0.9420 0.3332 -0.0410
vn 0.9985 -0.0535 0.0058
vn -0.9987 0.0504 0.0027
vn -0.9362 -0.3503 -0.0306
vn -0.9989 0.0463 0.0110
vn -0.9361 -0.3363 -0.1028
vn -0.9987 0.0472 0.0180
vn -0.9361 -0.3076 -0.1707
vn -0.9989 0.0408 0.0246
vn -0.9987 0.0393 0.0319
vn -0.9361 -0.2655 -0.2308
vn -0.9989 0.0310 0.0361
vn -0.9361 -0.2117 -0.2808
vn -0.9987 0.0275 0.0422
vn -0.9361 -0.1485 -0.3189
vn -0.9989 0.0186 0.0439
vn -0.9987 0.0131 0.0489
vn -0.9361 -0.0791 -0.3428
vn -0.9989 0.0039 0.0475
vn -0.9361 -0.0061 -0.3516
vn -0.9987 -0.0025 0.0504
vn -0.9361 0.0673 -0.3452
vn -0.9989 -0.0108 0.0465
vn -0.9987 -0.0182 0.0473
vn -0.9361 0.1375 -0.3238
vn -0.9989 -0.0248 0.0407
vn -0.9361 0.2017 -0.2880
vn -0.9987 -0.0317 0.0393
vn -0.9361 0.2573 -0.2397
vn -0.9989 -0.0361 0.0313
vn -0.9987 -0.0424 0.0275
vn -0.9361 0.3015 -0.1811
vn -0.9989 -0.0439 0.0183
vn -0.9361 0.3325 -0.1145
vn -0.9987 -0.0487 0.0132
vn -0.9361 0.3492 -0.0427
vn -0.9361 0.3503 0.0307
vn -0.9987 -0.0504 -0.0027
vn -0.9989 -0.0476 0.0041
vn -0.9989 -0.0463 -0.0110
vn -0.9362 0.3362 0.1028
vn -0.9987 -0.0471 -0.0180
vn -0.9361 0.3076 0.1707
vn -0.9989 -0.0408 -0.0246
vn -0.9987 -0.0393 -0.0319
vn -0.9361 0.2654 0.2307
vn -0.9989 -0.0310 -0.0361
vn -0.9362 0.2116 0.2807
vn -0.9987 -0.0275 -0.0422
vn -0.9361 0.1484 0.3188
vn -0.9989 -0.0186 -0.0440
vn -0.9987 -0.0131 -0.0489
vn -0.9361 0.0791 0.3426
vn -0.9989 -0.0039 -0.0474
vn -0.9362 0.0061 0.3515
vn -0.9987 0.0025 -0.0503
vn -0.9362 -0.0673 0.3451
vn -0.9989 0.0108 -0.0465
vn -0.9987 0.0182 -0.0472
vn -0.9361 -0.1376 0.3238
vn -0.9989 0.0247 -0.0407
vn -0.9361 -0.2017 0.2881
vn -0.9987 0.0316 -0.0392
vn -0.9361 -0.2573 0.2397
vn -0.9989 0.0361 -0.0313
vn -0.9987 0.0424 -0.0275
vn -0.9361 -0.3015 0.1811
vn -0.9989 0.0439 -0.0184
vn -0.9362 -0.3324 0.1145
vn -0.9987 0.0487 -0.0131
vn -0.9361 -0.3492 0.0427
vn -0.9989 0.0476 -0.0041
vn -0.8863 -0.2002 0.4176
vn -0.9823 -0.0490 0.1806
vn -0.9413 -0.2578 -0.2177
vn -0.8222 -0.1802 0.5400
vn -0.8098 -0.5815 -0.0786
vn 0.4325 -0.2813 0.8566
vn -0.8973 0.3921 -0.2030
vn -0.8908 0.1192 0.4385
vn -0.5603 0.4943 0.6646
vn -0.9556 0.2935 0.0246
vn -0.4665 -0.3542 0.8105
vn -0.8483 0.3918 0.3563
vn -0.2336 -0.4157 0.8790
vn 0.2350 -0.5331 0.8128
vn -0.6433 0.2268 0.7313
vn -0.1977 0.6309 0.7503
vn -0.2919 -0.1382 0.9464
vn -0.1828 -0.6092 0.7717
vn -0.8128 -0.5748 -0.0948
vn -0.9217 0.1212 0.3684
vn -0.8908 0.2489 0.3802
vn -0.8972 0.3100 -0.3144
vn -0.9823 0.0666 0.1749
vn -0.8645 0.3865 0.3213
vn -0.5603 0.6754 0.4794
vn -0.9559 0.2859 -0.0674
vn 0.4327 -0.0030 0.9015
vn -0.4667 -0.0863 0.8802
vn -0.8247 0.2409 0.5117
vn -0.2341 -0.1240 0.9643
vn -0.1978 0.8317 0.5188
vn -0.6431 0.4421 0.6252
vn -0.1830 -0.3409 0.9221
vn -0.8129 -0.5758 0.0877
vn -0.8972 0.1980 -0.3947
vn -0.8645 0.4668 0.1863
vn -0.5603 0.7906 0.2471
vn -0.9557 0.2518 -0.1525
vn 0.4327 0.2756 0.8584
vn -0.4671 0.1895 0.8636
vn -0.8247 0.3874 0.4120
vn -0.2805 0.2601 0.9239
vn -0.6434 0.6130 0.4585
vn 0.2346 0.0466 0.9710
vn -0.1977 0.9514 0.2361
vn -0.1829 -0.0393 0.9824
vn -0.9625 0.2652 0.0577
vn -0.9823 0.1174 0.1459
vn -0.8129 -0.5205 0.2612
vn -0.8101 -0.4048 0.4242
vn -0.8973 0.0663 -0.4365
vn 0.4329 0.5272 0.7312
vn -0.9558 0.1923 -0.2225
vn -0.4676 0.4471 0.7625
vn -0.5174 0.7689 -0.3755
vn -0.8246 0.4961 0.2718
vn -0.2337 0.4665 0.8531
vn -0.9625 0.2701 -0.0271
vn -0.1978 0.9778 -0.0696
vn -0.9823 0.1566 0.1024
vn -0.8908 0.4539 0.0222
vn -0.6838 0.0979 0.7231
vn -0.8129 -0.4144 0.4092
vn -0.8101 -0.2542 0.5284
vn -0.8972 -0.0723 -0.4357
vn -0.6678 0.7328 -0.1305
vn -0.6835 0.3165 0.6578
vn -0.4666 0.4982 -0.7308
vn -0.2949 0.9543 -0.0494
vn 0.3363 0.9380 0.0839
vn -0.0242 0.8867 -0.4617
vn 0.4174 0.8185 0.3947
vn -0.6430 0.6702 -0.3707
vn 0.0419 0.4006 -0.9153
vn 0.0931 0.8490 -0.5202
vn 0.3572 0.6339 -0.6860
vn -0.4656 0.8662 0.1816
vn 0.0694 0.8617 -0.5027
vn 0.0583 0.9976 0.0360
vn -0.2805 0.7533 0.5949
vn 0.1884 0.5002 0.8452
vn 0.2348 0.6079 0.7585
vn -0.0241 0.9859 -0.1654
vn -0.6939 0.7115 0.1105
vn -0.6066 0.7892 -0.0961
vn -0.1322 0.9675 -0.2154
vn -0.6803 0.5372 0.4986
vn -0.4248 0.7950 0.4330
vn -0.4134 0.7893 0.4539
vn -0.6065 0.7803 0.1527
vn -0.6429 0.7602 0.0939
vn -0.1320 0.9867 0.0944
vn -0.4652 0.5944 0.6560
vn -0.8926 0.4430 0.0836
vn 0.6659 0.6885 0.2873
vn -0.4751 0.8691 -0.1375
vn -0.0562 0.6581 0.7508
vn -0.3968 0.6055 0.6899
vn 0.5697 0.7761 0.2703
vn 0.0869 0.9507 -0.2977
vn -0.1114 0.8931 0.4358
vn 0.7267 0.6527 0.2144
vn -0.0661 0.9967 -0.0476
vn -0.0596 0.8739 0.4825
vn 0.1668 0.1641 0.9722
vn -0.0544 0.9516 0.3024
vn 0.1276 0.9914 0.0295
vn 0.6346 0.7388 0.2268
vn 0.0869 0.9962 0.0106
vn 0.1049 0.9313 0.3488
vn -0.2302 0.9125 0.3382
vn -0.1115 0.7146 0.6906
vn -0.4267 0.4891 0.7607
vn 0.7268 0.5543 0.4055
vn -0.0663 0.9627 0.2625
vn -0.0598 0.6821 0.7288
vn 0.9115 0.4066 0.0611
vn 0.1277 0.9338 0.3343
vn -0.1921 -0.2423 0.9510
vn 0.4510 0.7057 0.5464
vn 0.6117 0.6774 0.4086
vn 0.9216 0.2732 0.2758
vn 0.9906 0.1311 0.0394
vn 0.7336 0.2477 0.6329
vn 0.8954 -0.0195 0.4448
vn 0.2606 0.5023 0.8245
vn 0.9529 -0.0150 0.3030
vn 0.5617 0.5825 0.5876
vn 0.8994 0.3603 -0.2476
vn 0.9553 0.2944 0.0277
vn 0.8142 0.1691 0.5554
vn 0.9260 0.1970 0.3222
vn 0.4665 -0.2296 0.8542
vn 0.2261 -0.2584 0.9392
vn -0.4414 -0.1626 0.8825
vn 0.2611 0.2481 0.9329
vn 0.1615 -0.0489 0.9857
vn 0.4128 0.1684 0.8951
vn -0.3440 0.5068 0.7904
vn 0.1676 0.9278 0.3332
vn 0.6817 -0.0132 0.7315
vn 0.4110 -0.3279 0.8506
vn -0.5325 0.6216 0.5744
vn 0.3919 0.6080 0.6905
vn -0.4247 0.3886 0.8177
vn -0.4134 0.3719 0.8311
vn -0.6064 0.5418 0.5820
vn -0.6803 -0.0876 0.7277
vn 0.6662 0.3877 0.6371
vn 0.4296 0.1582 0.8891
vn -0.0185 0.9493 0.3137
vn 0.1049 0.5491 0.8291
vn -0.2302 0.5394 0.8100
vn -0.4266 -0.0515 0.9030
vn -0.1172 0.6689 0.7340
vn -0.1113 0.1723 0.9787
vn 0.1669 -0.6902 0.7041
vn -0.0662 0.6245 0.7782
vn -0.4593 -0.0751 0.8851
vn -0.2429 -0.1028 0.9646
vn 0.5581 -0.1450 0.8170
vn 0.1354 0.5610 0.8167
vn 0.5024 -0.4728 0.7239
vn 0.8948 -0.2809 0.3471
vn 0.6348 0.2913 0.7157
vn 0.9704 0.1791 0.1620
vn 0.5792 0.7098 0.4010
vn 0.9837 -0.1380 0.1157
vn 0.3636 0.6848 0.6315
vn 0.1576 -0.0687 0.9851
vn 0.4299 -0.8174 0.3834
vn 0.9115 0.4057 -0.0675
vn 0.6511 0.6403 -0.4075
vn 0.8546 0.4819 0.1935
vn 0.5594 0.5729 0.5990
vn 0.9215 0.3452 0.1781
vn 0.9817 0.1876 -0.0341
vn 0.8955 0.1189 0.4289
vn 0.9353 0.0872 0.3430
vn 0.9261 0.3697 -0.0754
vn 0.8289 -0.4287 0.3595
vn 0.7898 0.0612 0.6103
vn 0.9370 0.2646 0.2282
vn -0.1289 0.8818 0.4537
vn 0.0252 -0.2814 0.9593
vn -0.4133 0.4627 0.7843
vn 0.6740 0.4930 0.5502
vn -0.2248 0.3068 0.9248
vn 0.5844 0.5972 -0.5495
vn 0.4684 0.7318 0.4951
vn 0.1477 0.5473 0.8238
vn 0.2610 0.9004 0.3480
vn 0.7459 0.6536 -0.1281
vn -0.3438 0.9375 0.0544
vn 0.0232 0.6636 0.7478
vn 0.9037 0.3027 0.3027
vn -0.1290 0.9788 0.1590
vn 0.0022 0.8981 -0.4398
vn 0.2592 0.6999 0.6655
vn -0.9823 0.1807 0.0491
vn -0.9414 -0.2176 0.2577
vn -0.8102 -0.0787 0.5809
vn -0.8971 -0.2034 -0.3922
vn -0.8908 0.4385 -0.1193
vn -0.5603 0.6648 -0.4941
vn -0.9557 0.0241 -0.2933
vn -0.4668 0.8102 0.3545
vn -0.8482 0.3564 -0.3918
vn -0.2337 0.8789 0.4159
vn -0.6432 0.7313 -0.2268
vn -0.1979 0.7504 -0.6307
vn -0.2919 0.9464 0.1382
vn -0.1830 0.7716 0.6092
vn -0.8128 -0.0945 0.5748
vn -0.9217 0.3684 -0.1212
vn -0.8908 0.3802 -0.2489
vn -0.8972 -0.3145 -0.3099
vn -0.9823 0.1750 -0.0665
vn -0.8644 0.3218 -0.3862
vn -0.5603 0.4794 -0.6754
vn -0.9559 -0.0678 -0.2857
vn 0.4326 0.9016 0.0031
vn -0.4665 0.8803 0.0863
vn -0.8246 0.5118 -0.2409
vn -0.2331 0.9645 0.1237
vn -0.1979 0.5187 -0.8317
vn -0.6433 0.6257 -0.4412
vn -0.1830 0.9221 0.3410
vn -0.8130 0.0875 0.5757
vn -0.8971 -0.3950 -0.1979
vn -0.8644 0.1864 -0.4670
vn -0.5603 0.2473 -0.7905
vn -0.9556 -0.1529 -0.2519
vn 0.4328 0.8583 -0.2757
vn -0.4670 0.8637 -0.1897
vn -0.8246 0.4122 -0.3876
vn -0.2805 0.9240 -0.2598
vn -0.6434 0.4586 -0.6129
vn 0.2351 0.9709 -0.0462
vn -0.1978 0.2362 -0.9514
vn -0.1827 0.9824 0.0393
vn -0.9625 0.0577 -0.2652
vn -0.9823 0.1459 -0.1173
vn -0.8127 0.2612 0.5208
vn -0.8097 0.4245 0.4052
vn -0.8971 -0.4368 -0.0662
vn 0.4327 0.7311 -0.5275
vn -0.9556 -0.2231 -0.1925
vn -0.4671 0.7627 -0.4473
vn -0.5173 -0.3753 -0.7691
vn -0.8246 0.2720 -0.4960
vn -0.2343 0.8529 -0.4665
vn -0.9625 -0.0271 -0.2700
vn -0.1976 -0.0693 -0.9778
vn -0.9823 0.1025 -0.1568
vn -0.8908 0.0220 -0.4539
vn -0.6837 0.7231 -0.0979
vn -0.8129 0.4092 0.4144
vn -0.8101 0.5284 0.2542
vn -0.8972 -0.4357 0.0722
vn -0.6679 -0.1307 -0.7327
vn -0.6835 0.6578 -0.3164
vn -0.4667 -0.7307 -0.4983
vn -0.2951 -0.0494 -0.9542
vn 0.3361 0.0840 -0.9381
vn -0.0239 -0.4618 -0.8867
vn 0.4175 0.3947 -0.8185
vn -0.6430 -0.3707 -0.6702
vn 0.0420 -0.9153 -0.4005
vn 0.0933 -0.5203 -0.8488
vn 0.3571 -0.6856 -0.6344
vn -0.4654 0.1817 -0.8662
vn 0.0685 -0.5026 -0.8618
vn 0.0582 0.0350 -0.9977
vn -0.2806 0.5948 -0.7533
vn 0.1884 0.8452 -0.5002
vn 0.2351 0.7581 -0.6083
vn -0.0243 -0.1651 -0.9860
vn -0.6932 0.1101 -0.7122
vn -0.6060 -0.0965 -0.7896
vn -0.1327 -0.2158 -0.9674
vn -0.6799 0.4983 -0.5380
vn -0.4248 0.4330 -0.7950
vn -0.4136 0.4537 -0.7894
vn -0.6066 0.1527 -0.7802
vn -0.6429 0.0939 -0.7602
vn -0.1322 0.0943 -0.9867
vn -0.4652 0.6561 -0.5942
vn -0.8926 0.0836 -0.4430
vn 0.6662 0.2874 -0.6882
vn -0.4750 -0.1375 -0.8692
vn -0.0562 0.7508 -0.6581
vn -0.3968 0.6895 -0.6059
vn 0.5695 0.2705 -0.7762
vn 0.0873 -0.2973 -0.9508
vn -0.1111 0.4350 -0.8935
vn 0.7267 0.2142 -0.6527
vn -0.0661 -0.0477 -0.9967
vn -0.0596 0.4825 -0.8739
vn 0.1669 0.9722 -0.1640
vn -0.0547 0.3024 -0.9516
vn 0.1276 0.0296 -0.9914
vn 0.6347 0.2266 -0.7388
vn 0.0869 0.0103 -0.9962
vn 0.1048 0.3482 -0.9316
vn -0.2303 0.3384 -0.9124
vn -0.1115 0.6906 -0.7146
vn -0.4267 0.7607 -0.4891
vn 0.7269 0.4054 -0.5544
vn -0.0663 0.2625 -0.9627
vn -0.0597 0.7289 -0.6820
vn 0.9115 0.0611 -0.4067
vn 0.1275 0.3345 -0.9337
vn -0.1919 0.9510 0.2424
vn 0.4507 0.5472 -0.7053
vn 0.6116 0.4087 -0.6774
vn 0.9214 0.2762 -0.2735
vn 0.9906 0.0393 -0.1311
vn 0.7335 0.6330 -0.2477
vn 0.8954 0.4448 0.0196
vn 0.2605 0.8246 -0.5022
vn 0.9987 0.0430 -0.0266
vn 0.9986 0.0398 -0.0361
vn 0.9986 0.0488 -0.0217
vn 0.9529 0.3029 0.0151
vn 0.9987 0.0489 -0.0122
vn 0.5617 0.5874 -0.5826
vn 0.8995 -0.2474 -0.3601
vn 0.9554 0.0274 -0.2939
vn 0.8142 0.5554 -0.1692
vn 0.9263 0.3216 -0.1965
vn 0.4665 0.8542 0.2296
vn 0.2267 0.9391 0.2583
vn -0.4414 0.8824 0.1626
vn 0.2614 0.9326 -0.2489
vn 0.1616 0.9856 0.0490
vn 0.4128 0.8951 -0.1684
vn -0.3440 0.7905 -0.5067
vn 0.1677 0.3332 -0.9278
vn 0.6817 0.7315 0.0133
vn 0.4108 0.8507 0.3279
vn -0.5324 0.5742 -0.6219
vn 0.3915 0.6906 -0.6081
vn -0.4246 0.8176 -0.3889
vn -0.4134 0.8311 -0.3719
vn -0.6064 0.5821 -0.5418
vn -0.6803 0.7277 0.0876
vn 0.6662 0.6371 -0.3877
vn 0.4296 0.8891 -0.1582
vn -0.0185 0.3137 -0.9493
vn 0.1051 0.8291 -0.5491
vn -0.1173 0.7340 -0.6689
vn -0.1116 0.9787 -0.1724
vn -0.0661 0.7782 -0.6245
vn -0.4596 0.8849 0.0751
vn -0.2430 0.9646 0.1029
vn 0.1356 0.8167 -0.5609
vn 0.5027 0.7236 0.4729
vn 0.6350 0.7156 -0.2910
vn 0.9704 0.1619 -0.1792
vn 0.5794 0.4012 -0.7095
vn 0.9837 0.1156 0.1380
vn 0.3636 0.6316 -0.6848
vn 0.1580 0.9851 0.0684
vn 0.4299 0.3837 0.8173
vn 0.9115 -0.0676 -0.4058
vn 0.6507 -0.4078 -0.6405
vn 0.8547 0.1933 -0.4818
vn 0.5592 0.5992 -0.5729
vn 0.9214 0.1781 -0.3453
vn 0.9817 -0.0341 -0.1875
vn 0.8954 0.4291 -0.1189
vn 0.9987 0.0325 -0.0387
vn 0.9986 0.0268 -0.0464
vn 0.9353 0.3430 -0.0873
vn 0.9987 0.0192 -0.0470
vn 0.9261 -0.0754 -0.3698
vn 0.9986 0.0110 -0.0525
vn 0.8289 0.3595 0.4286
vn 0.7900 0.6100 -0.0611
vn 0.9369 0.2282 -0.2649
vn -0.1289 0.4537 -0.8818
vn 0.0254 0.9592 0.2816
vn -0.4131 0.7837 -0.4638
vn 0.6739 0.5502 -0.4930
vn -0.2249 0.9249 -0.3067
vn 0.5841 -0.5495 -0.5974
vn 0.4684 0.4941 -0.7324
vn 0.1483 0.8237 -0.5472
vn 0.2610 0.3470 -0.9008
vn 0.7457 -0.1280 -0.6539
vn -0.3444 0.0547 -0.9372
vn 0.0232 0.7477 -0.6636
vn 0.9037 0.3027 -0.3027
vn -0.1291 0.1590 -0.9788
vn 0.0024 -0.4396 -0.8982
vn 0.2592 0.6650 -0.7004
vn -0.9823 0.0490 -0.1806
vn -0.9413 0.2580 0.2175
vn -0.8097 0.5816 0.0782
vn -0.8972 -0.3921 0.2031
vn -0.8908 -0.1192 -0.4385
vn -0.5603 -0.4943 -0.6646
vn -0.9558 -0.2932 -0.0244
vn -0.4666 0.3545 -0.8103
vn -0.8483 -0.3918 -0.3561
vn -0.2337 0.4158 -0.8789
vn -0.6433 -0.2268 -0.7313
vn -0.1980 -0.6309 -0.7502
vn -0.2918 0.1382 -0.9464
vn -0.1826 0.6091 -0.7718
vn -0.8127 0.5749 0.0947
vn -0.9217 -0.1212 -0.3684
vn -0.8907 -0.2489 -0.3803
vn -0.8972 -0.3101 0.3145
vn -0.9823 -0.0666 -0.1750
vn -0.8645 -0.3862 -0.3217
vn -0.5603 -0.6755 -0.4794
vn -0.9559 -0.2857 0.0678
vn 0.4330 0.0030 -0.9014
vn -0.4667 0.0867 -0.8802
vn -0.8247 -0.2409 -0.5117
vn -0.2335 0.1238 -0.9644
vn -0.1979 -0.8318 -0.5187
vn -0.6433 -0.4415 -0.6255
vn -0.1824 0.3411 -0.9222
vn -0.8125 0.5763 -0.0873
vn -0.8972 -0.1981 0.3947
vn -0.8645 -0.4669 -0.1858
vn -0.5603 -0.7906 -0.2471
vn -0.9556 -0.2521 0.1526
vn 0.4329 -0.2759 -0.8582
vn -0.4669 -0.1894 -0.8638
vn -0.8248 -0.3870 -0.4121
vn -0.2810 -0.2598 -0.9239
vn -0.6433 -0.6134 -0.4582
vn 0.2348 -0.0459 -0.9710
vn -0.1978 -0.9514 -0.2362
vn -0.1829 0.0396 -0.9823
vn -0.9625 -0.2652 -0.0577
vn -0.9823 -0.1173 -0.1459
vn -0.8129 0.5207 -0.2610
vn -0.8104 0.4051 -0.4233
vn -0.8971 -0.0662 0.4368
vn 0.4326 -0.5276 -0.7311
vn -0.9556 -0.1925 0.2232
vn -0.4670 -0.4474 -0.7627
vn -0.5173 -0.7691 0.3753
vn -0.8246 -0.4959 -0.2721
vn -0.2333 -0.4670 -0.8530
vn -0.9625 -0.2701 0.0271
vn -0.1977 -0.9778 0.0695
vn -0.9823 -0.1568 -0.1025
vn -0.8908 -0.4539 -0.0220
vn -0.6837 -0.0982 -0.7231
vn -0.8128 0.4143 -0.4095
vn -0.8097 0.2537 -0.5292
vn -0.8972 0.0722 0.4357
vn -0.6679 -0.7327 0.1306
vn -0.6836 -0.3167 -0.6576
vn -0.4667 -0.4983 0.7307
vn -0.2948 -0.9543 0.0494
vn 0.3361 -0.9381 -0.0839
vn -0.0243 -0.8867 0.4617
vn 0.4175 -0.8186 -0.3945
vn -0.6427 -0.6704 0.3707
vn 0.0414 -0.4015 0.9149
vn 0.0932 -0.8490 0.5201
vn 0.3569 -0.6341 0.6859
vn -0.4652 -0.8663 -0.1819
vn 0.0693 -0.8617 0.5027
vn 0.0583 -0.9977 -0.0359
vn -0.2803 -0.7535 -0.5947
vn 0.1882 -0.5003 -0.8451
vn 0.2345 -0.6082 -0.7583
vn -0.0242 -0.9859 0.1654
vn -0.6938 -0.7116 -0.1107
vn -0.6066 -0.7892 0.0961
vn -0.1326 -0.9676 0.2151
vn -0.6802 -0.5376 -0.4983
vn -0.4249 -0.7950 -0.4330
vn -0.4135 -0.7893 -0.4539
vn -0.6066 -0.7802 -0.1527
vn -0.6429 -0.7602 -0.0939
vn -0.1322 -0.9867 -0.0943
vn -0.4652 -0.5942 -0.6562
vn -0.8926 -0.4430 -0.0836
vn 0.6662 -0.6882 -0.2874
vn -0.4751 -0.8691 0.1374
vn -0.0560 -0.6580 -0.7510
vn -0.3969 -0.6057 -0.6896
vn 0.5697 -0.7761 -0.2703
vn 0.0872 -0.9506 0.2978
vn -0.1113 -0.8934 -0.4353
vn 0.7266 -0.6527 -0.2144
vn -0.0660 -0.9967 0.0477
vn -0.0597 -0.8740 -0.4822
vn 0.1670 -0.1637 -0.9723
vn -0.0545 -0.9516 -0.3026
vn 0.1279 -0.9914 -0.0294
vn 0.6345 -0.7390 -0.2265
vn 0.0870 -0.9962 -0.0106
vn 0.1049 -0.9316 -0.3481
vn -0.2302 -0.9125 -0.3383
vn -0.1117 -0.7147 -0.6905
vn -0.4272 -0.4888 -0.7606
vn 0.7268 -0.5545 -0.4053
vn -0.0662 -0.9626 -0.2626
vn -0.0595 -0.6822 -0.7288
vn 0.9115 -0.4067 -0.0611
vn 0.1278 -0.9337 -0.3344
vn -0.1920 0.2425 -0.9510
vn 0.4512 -0.7053 -0.5468
vn 0.6115 -0.6776 -0.4085
vn 0.9215 -0.2731 -0.2763
vn 0.9906 -0.1311 -0.0396
vn 0.7336 -0.2476 -0.6328
vn 0.8954 0.0194 -0.4449
vn 0.2605 -0.5022 -0.8246
vn 0.9987 -0.0268 -0.0429
vn 0.9986 -0.0359 -0.0399
vn 0.9985 -0.0221 -0.0493
vn 0.9529 0.0151 -0.3029
vn 0.9987 -0.0121 -0.0494
vn 0.5617 -0.5825 -0.5875
vn 0.8994 -0.3604 0.2475
vn 0.9552 -0.2948 -0.0278
vn 0.8142 -0.1693 -0.5553
vn 0.9262 -0.1971 -0.3215
vn 0.4668 0.2296 -0.8540
vn 0.2267 0.2586 -0.9390
vn -0.4414 0.1627 -0.8825
vn 0.2614 -0.2489 -0.9326
vn 0.1616 0.0491 -0.9856
vn 0.4129 -0.1686 -0.8950
vn -0.3441 -0.5067 -0.7905
vn 0.1678 -0.9278 -0.3332
vn 0.6818 0.0132 -0.7314
vn 0.4110 0.3279 -0.8506
vn -0.5326 -0.6218 -0.5742
vn 0.3912 -0.6085 -0.6904
vn -0.4247 -0.3887 -0.8176
vn -0.4136 -0.3720 -0.8310
vn -0.6064 -0.5418 -0.5820
vn -0.6802 0.0876 -0.7278
vn 0.6663 -0.3877 -0.6369
vn 0.4295 -0.1583 -0.8891
vn -0.0185 -0.9493 -0.3137
vn 0.1051 -0.5491 -0.8291
vn -0.1172 -0.6689 -0.7340
vn -0.1114 -0.1724 -0.9787
vn -0.0663 -0.6246 -0.7781
vn -0.4596 0.0751 -0.8849
vn -0.2430 0.1027 -0.9646
vn 0.1355 -0.5610 -0.8166
vn 0.5026 0.4727 -0.7238
vn 0.6351 -0.2912 -0.7154
vn 0.9987 0.0035 -0.0506
vn 0.9704 -0.1791 -0.1621
vn 0.9986 -0.0056 -0.0534
vn 0.5792 -0.7098 -0.4010
vn 0.9836 0.1380 -0.1158
vn 0.3636 -0.6850 -0.6314
vn 0.1576 0.0688 -0.9851
vn 0.4301 0.8172 -0.3836
vn 0.9115 -0.4057 0.0675
vn 0.6509 -0.6404 0.4076
vn 0.8550 -0.4816 -0.1927
vn 0.5593 -0.5731 -0.5990
vn 0.9216 -0.3449 -0.1778
vn 0.9816 -0.1877 0.0339
vn 0.8953 -0.1191 -0.4292
vn 0.9987 -0.0388 -0.0328
vn 0.9986 -0.0467 -0.0268
vn 0.9352 -0.0876 -0.3431
vn 0.9987 -0.0469 -0.0189
vn 0.9260 -0.3700 0.0754
vn 0.9986 -0.0524 -0.0112
vn 0.8291 0.4284 -0.3593
vn 0.7899 -0.0613 -0.6101
vn 0.9369 -0.2647 -0.2282
vn -0.1292 -0.8818 -0.4536
vn 0.0250 0.2822 -0.9590
vn -0.4133 -0.4632 -0.7840
vn 0.6739 -0.4929 -0.5503
vn -0.2252 -0.3062 -0.9250
vn 0.5842 -0.5973 0.5496
vn 0.4684 -0.7318 -0.4951
vn 0.1478 -0.5471 -0.8239
vn 0.2609 -0.9004 -0.3480
vn 0.7459 -0.6536 0.1282
vn -0.3440 -0.9374 -0.0541
vn 0.0236 -0.6637 -0.7476
vn 0.9037 -0.3029 -0.3027
vn -0.1289 -0.9788 -0.1590
vn 0.0022 -0.8982 0.4397
vn 0.2593 -0.7002 -0.6652
vn -0.9823 -0.1808 -0.0490
vn -0.9414 0.2173 -0.2578
vn -0.8098 0.0780 -0.5815
vn -0.8972 0.2031 0.3922
vn -0.8907 -0.4386 0.1192
vn -0.5603 -0.6647 0.4941
vn -0.9558 -0.0244 0.2931
vn -0.4666 -0.8103 -0.3545
vn -0.8483 -0.3561 0.3918
vn -0.2337 -0.8789 -0.4158
vn -0.6431 -0.7314 0.2268
vn -0.1977 -0.7503 0.6308
vn -0.2919 -0.9464 -0.1383
vn -0.1829 -0.7715 -0.6093
vn -0.8129 0.0946 -0.5747
vn -0.9217 -0.3684 0.1212
vn -0.8908 -0.3801 0.2490
vn -0.8971 0.3147 0.3102
vn -0.9823 -0.1750 0.0666
vn -0.8643 -0.3219 0.3864
vn -0.5602 -0.4794 0.6755
vn -0.9557 0.0679 0.2863
vn 0.4324 -0.9017 -0.0028
vn -0.4665 -0.8803 -0.0864
vn -0.8248 -0.5116 0.2407
vn -0.2334 -0.9645 -0.1235
vn -0.1976 -0.5186 0.8319
vn -0.6433 -0.6255 0.4415
vn -0.1829 -0.9221 -0.3411
vn -0.8128 -0.0874 -0.5760
vn -0.8971 0.3951 0.1977
vn -0.8647 -0.1861 0.4665
vn -0.5603 -0.2470 0.7906
vn -0.9558 0.1531 0.2511
vn 0.4328 -0.8584 0.2756
vn -0.4670 -0.8637 0.1897
vn -0.8247 -0.4120 0.3874
vn -0.2810 -0.9238 0.2599
vn -0.6431 -0.4583 0.6135
vn 0.2348 -0.9710 0.0461
vn -0.1977 -0.2362 0.9514
vn -0.1829 -0.9824 -0.0393
vn -0.9625 -0.0577 0.2652
vn -0.9823 -0.1459 0.1174
vn -0.8129 -0.2612 -0.5205
vn -0.8101 -0.4242 -0.4048
vn -0.8971 0.4368 0.0663
vn 0.4325 -0.7311 0.5276
vn -0.9556 0.2231 0.1924
vn -0.4667 -0.7630 0.4473
vn -0.5174 0.3753 0.7690
vn -0.8248 -0.2725 0.4954
vn -0.2335 -0.8530 0.4667
vn -0.9625 0.0271 0.2701
vn -0.1979 0.0694 0.9778
vn -0.9823 -0.1025 0.1568
vn -0.6837 -0.7232 0.0977
vn -0.8128 -0.4092 -0.4147
vn -0.8099 -0.5284 -0.2547
vn -0.8972 0.4357 -0.0721
vn -0.6679 0.1307 0.7327
vn -0.4666 0.7306 0.4985
vn -0.2947 0.0492 0.9543
vn -0.0242 0.4619 0.8866
vn 0.0420 0.9153 0.4006
vn 0.0925 0.5203 0.8490
vn 0.3571 0.6857 0.6343
vn 0.0691 0.5026 0.8617
vn 0.0583 -0.0357 0.9977
vn -0.2813 -0.5948 0.7531
vn 0.1884 -0.8452 0.5002
vn 0.2351 -0.7584 0.6079
vn -0.0243 0.1654 0.9859
vn -0.6937 -0.1105 0.7118
vn -0.6063 0.0960 0.7894
vn -0.1320 0.2151 0.9676
vn -0.6800 -0.4984 0.5378
vn -0.4246 -0.4331 0.7951
vn -0.4133 -0.4539 0.7894
vn -0.6064 -0.1527 0.7804
vn -0.6427 -0.0939 0.7603
vn -0.1322 -0.0943 0.9867
vn -0.4652 -0.6560 0.5943
vn -0.8924 -0.0838 0.4434
vn 0.6663 -0.2877 0.6880
vn -0.4748 0.1372 0.8693
vn -0.0559 -0.7508 0.6582
vn -0.3969 -0.6896 0.6057
vn 0.5697 -0.2703 0.7761
vn 0.0868 0.2978 0.9507
vn -0.1115 -0.4358 0.8931
vn 0.7269 -0.2142 0.6525
vn -0.0668 0.0478 0.9966
vn -0.0597 -0.4830 0.8736
vn 0.1670 -0.9722 0.1640
vn -0.0545 -0.3025 0.9516
vn 0.1276 -0.0296 0.9914
vn 0.6344 -0.2269 0.7389
vn 0.0869 -0.0109 0.9962
vn 0.1048 -0.3482 0.9316
vn -0.2302 -0.3380 0.9126
vn -0.1115 -0.6906 0.7146
vn -0.4268 -0.7607 0.4890
vn 0.7268 -0.4054 0.5545
vn -0.0661 -0.2627 0.9626
vn -0.0597 -0.7289 0.6820
vn 0.9115 -0.0611 0.4067
vn 0.1276 -0.3344 0.9337
vn -0.1921 -0.9509 -0.2425
vn 0.4508 -0.5469 0.7055
vn 0.6116 -0.4086 0.6775
vn 0.9215 -0.2759 0.2734
vn 0.9906 -0.0396 0.1312
vn 0.7334 -0.6329 0.2480
vn 0.8953 -0.4450 -0.0194
vn 0.2607 -0.8247 0.5020
vn 0.9528 -0.3031 -0.0151
vn 0.5617 -0.5874 0.5826
vn 0.8994 0.2478 0.3601
vn 0.9554 -0.0271 0.2940
vn 0.8141 -0.5554 0.1695
vn 0.9263 -0.3216 0.1965
vn 0.4667 -0.8541 -0.2295
vn 0.2270 -0.9390 -0.2583
vn -0.4414 -0.8824 -0.1626
vn 0.2613 -0.9325 0.2494
vn 0.1617 -0.9856 -0.0489
vn 0.4127 -0.8952 0.1681
vn -0.3442 -0.7904 0.5068
vn 0.1678 -0.3333 0.9278
vn 0.6818 -0.7314 -0.0131
vn 0.4110 -0.8506 -0.3279
vn -0.5325 -0.5744 0.6217
vn 0.3919 -0.6905 0.6080
vn -0.4247 -0.8175 0.3890
vn -0.4132 -0.8312 0.3720
vn -0.6062 -0.5821 0.5420
vn -0.6802 -0.7278 -0.0873
vn 0.6661 -0.6371 0.3879
vn 0.4295 -0.8891 0.1581
vn -0.0185 -0.3137 0.9493
vn 0.1050 -0.8292 0.5491
vn -0.1172 -0.7341 0.6688
vn -0.1114 -0.9787 0.1723
vn -0.0660 -0.7784 0.6243
vn -0.4593 -0.8851 -0.0752
vn -0.2426 -0.9647 -0.1029
vn 0.1353 -0.8167 0.5610
vn 0.5032 -0.7234 -0.4727
vn 0.6348 -0.7158 0.2911
vn 0.9987 -0.0507 -0.0037
vn 0.9704 -0.1623 0.1791
vn 0.5792 -0.4011 0.7097
vn 0.9836 -0.1160 -0.1379
vn 0.3635 -0.6319 0.6845
vn 0.1579 -0.9851 -0.0684
vn 0.4299 -0.3838 -0.8173
vn 0.9116 0.0675 0.4056
vn 0.6508 0.4077 0.6405
vn 0.8547 -0.1933 0.4817
vn 0.5594 -0.5991 0.5729
vn 0.9215 -0.1777 0.3452
vn 0.9816 0.0339 0.1877
vn 0.8953 -0.4292 0.1190
vn 0.9352 -0.3431 0.0875
vn 0.9260 0.0753 0.3698
vn 0.8289 -0.3594 -0.4287
vn 0.7898 -0.6103 0.0612
vn 0.9370 -0.2282 0.2646
vn -0.1290 -0.4538 0.8817
vn 0.0252 -0.9592 -0.2817
vn -0.4133 -0.7838 0.4636
vn 0.6742 -0.5507 0.4922
vn -0.2248 -0.9249 0.3065
vn 0.5843 0.5495 0.5973
vn 0.4684 -0.4941 0.7324
vn 0.1484 -0.8239 0.5470
vn 0.2611 -0.3471 0.9008
vn 0.7457 0.1282 0.6538
vn -0.3447 -0.0547 0.9371
vn 0.0020 0.4397 0.8981
vn 0.2590 -0.6653 0.7002
vn 0.9422 -0.3168 0.1093
vn 0.9421 -0.2871 0.1729
vn 0.9421 -0.2451 0.2287
vn 0.9422 -0.1919 0.2745
vn 0.9421 -0.1306 0.3087
vn 0.9422 -0.0639 0.3290
vn 0.9422 0.0061 0.3349
vn 0.9421 0.0758 0.3266
vn 0.9421 0.1418 0.3038
vn 0.9422 0.2018 0.2675
vn 0.9421 0.2534 0.2197
vn 0.9420 0.2935 0.1626
vn 0.9421 0.3207 0.0978
vn 0.9420 0.3344 0.0288
vn -1.0000 -0.0000 0.0000
vn 1.0000 -0.0000 0.0000
usemtl v018_car_monstertruck_wheel.005
s 1
f 1/1/1 2/2/2 3/3/3
f 4/4/4 2/2/2 1/1/1
f 5/5/5 4/4/4 1/1/1
f 6/6/6 4/4/4 5/5/5
f 7/7/7 6/6/6 5/5/5
f 8/8/8 6/6/6 7/7/7
f 9/9/9 8/8/8 7/7/7
f 10/10/10 8/8/8 9/9/9
f 11/11/11 10/10/10 9/9/9
f 12/12/12 10/10/10 11/11/11
f 13/13/13 12/12/12 11/11/11
f 14/14/14 12/12/12 13/13/13
f 15/15/15 14/14/14 13/13/13
f 16/16/16 14/14/14 15/15/15
f 17/17/17 16/16/16 15/15/15
f 18/18/18 16/16/16 17/17/17
f 19/19/19 18/18/18 17/17/17
f 20/20/20 18/18/18 19/19/19
f 21/21/21 20/20/20 19/19/19
f 22/22/22 20/20/20 21/21/21
f 23/23/23 22/22/22 21/21/21
f 24/24/24 22/22/22 23/23/23
f 25/25/25 24/24/24 23/23/23
f 26/26/26 24/24/24 25/25/25
f 27/27/27 26/26/26 25/25/25
f 28/28/28 26/26/26 27/27/27
f 29/29/29 28/28/28 27/27/27
f 30/30/30 28/28/28 29/29/29
f 31/31/31 30/30/30 29/29/29
f 32/32/32 30/30/30 31/31/31
f 2/33/2 33/34/33 3/35/3
f 3/35/3 33/34/33 34/36/34
f 33/34/33 35/37/35 34/36/34
f 34/36/34 35/37/35 36/38/36
f 35/37/35 37/39/37 36/38/36
f 36/38/36 37/39/37 38/40/38
f 37/39/37 39/41/39 38/40/38
f 38/40/38 39/41/39 40/42/40
f 39/41/39 41/43/41 40/42/40
f 40/42/40 41/43/41 42/44/42
f 41/43/41 43/45/43 42/44/42
f 42/44/42 43/45/43 44/46/44
f 43/45/43 45/47/45 44/46/44
f 44/46/44 45/47/45 46/48/46
f 45/47/45 47/49/47 46/48/46
f 46/48/46 47/49/47 48/50/48
f 47/49/47 49/51/49 48/50/48
f 48/50/48 49/51/49 50/52/50
f 49/51/49 51/53/51 50/52/50
f 50/52/50 51/53/51 52/54/52
f 51/53/51 53/55/53 52/54/52
f 52/54/52 53/55/53 54/56/54
f 53/55/53 55/57/55 54/56/54
f 54/56/54 55/57/55 56/58/56
f 55/57/55 57/59/57 56/58/56
f 56/58/56 57/59/57 58/60/58
f 57/59/57 59/61/59 58/60/58
f 58/60/58 59/61/59 60/62/60
f 59/61/59 32/63/32 60/62/60
f 60/62/60 32/63/32 31/64/31
f 61/65/61 62/66/62 63/67/63
f 63/67/63 62/66/62 64/68/64
f 62/66/62 65/69/65 64/68/64
f 64/68/64 65/69/65 66/70/66
f 65/69/65 67/71/67 66/70/66
f 66/70/66 67/71/67 68/72/68
f 67/71/67 69/73/69 68/72/68
f 68/72/68 69/73/69 70/74/70
f 69/73/69 71/75/71 70/74/70
f 70/74/70 71/75/71 72/76/72
f 71/75/71 73/77/73 72/76/72
f 72/76/72 73/77/73 74/78/74
f 73/77/73 75/79/75 74/78/74
f 74/78/74 75/79/75 76/80/76
f 75/79/75 77/81/77 76/80/76
f 76/80/76 77/81/77 78/82/78
f 77/81/77 79/83/79 78/82/78
f 78/82/78 79/83/79 80/84/80
f 79/83/79 81/85/81 80/84/80
f 80/84/80 81/85/81 82/86/82
f 81/85/81 83/87/83 82/86/82
f 82/86/82 83/87/83 84/88/84
f 83/87/83 85/89/85 84/88/84
f 84/88/84 85/89/85 86/90/86
f 85/89/85 87/91/87 86/90/86
f 86/90/86 87/91/87 88/92/88
f 87/91/87 89/93/89 88/92/88
f 88/92/88 89/93/89 90/94/90
f 89/93/89 91/95/91 90/94/90
f 90/94/90 91/95/91 92/96/92
f 91/97/91 93/98/93 92/99/92
f 92/99/92 93/98/93 94/100/94
f 93/98/93 95/101/95 94/100/94
f 94/100/94 95/101/95 96/102/96
f 95/101/95 97/103/97 96/102/96
f 96/102/96 97/103/97 98/104/98
f 97/103/97 99/105/99 98/104/98
f 98/104/98 99/105/99 100/106/100
f 99/105/99 101/107/101 100/106/100
f 100/106/100 101/107/101 102/108/102
f 101/107/101 103/109/103 102/108/102
f 102/108/102 103/109/103 104/110/104
f 103/109/103 105/111/105 104/110/104
f 104/110/104 105/111/105 106/112/106
f 105/111/105 107/113/107 106/112/106
f 106/112/106 107/113/107 108/114/108
f 107/113/107 109/115/109 108/114/108
f 108/114/108 109/115/109 110/116/110
f 109/115/109 111/117/111 110/116/110
f 110/116/110 111/117/111 112/118/112
f 111/117/111 113/119/113 112/118/112
f 112/118/112 113/119/113 114/120/114
f 113/119/113 115/121/115 114/120/114
f 114/120/114 115/121/115 116/122/116
f 115/121/115 117/123/117 116/122/116
f 116/122/116 117/123/117 118/124/118
f 117/123/117 119/125/119 118/124/118
f 118/124/118 119/125/119 120/126/120
f 119/125/119 61/127/61 120/126/120
f 120/126/120 61/127/61 63/128/63
f 121/129/121 122/130/122 123/131/123
f 124/132/124 122/130/122 121/129/121
f 122/130/122 124/132/124 119/133/119
f 125/134/125 124/132/124 121/129/121
f 119/133/119 124/132/124 61/135/61
f 126/136/126 124/132/124 125/134/125
f 124/132/124 126/136/126 61/135/61
f 61/135/61 126/136/126 62/137/62
f 127/138/127 126/136/126 125/134/125
f 126/136/126 128/139/128 62/137/62
f 127/138/127 128/139/128 126/136/126
f 129/140/129 128/139/128 127/138/127
f 130/141/130 128/139/128 129/140/129
f 62/137/62 128/139/128 65/142/65
f 131/143/131 128/139/128 130/141/130
f 128/139/128 131/143/131 65/142/65
f 65/142/65 131/143/131 67/144/67
f 132/145/132 131/143/131 130/141/130
f 131/143/131 133/146/133 67/144/67
f 133/146/133 131/143/131 132/145/132
f 134/147/134 133/146/133 132/145/132
f 67/144/67 133/146/133 69/148/69
f 134/147/134 135/149/135 133/146/133
f 133/146/133 135/149/135 69/148/69
f 136/150/136 135/149/135 134/147/134
f 69/148/69 135/149/135 71/151/71
f 137/152/137 135/149/135 136/150/136
f 135/149/135 138/153/138 71/151/71
f 138/153/138 135/149/135 137/152/137
f 139/154/139 138/153/138 137/152/137
f 71/151/71 138/153/138 73/155/73
f 140/156/140 138/153/138 139/154/139
f 138/153/138 140/156/140 73/155/73
f 141/157/141 140/156/140 139/154/139
f 73/155/73 140/156/140 75/158/75
f 140/156/140 142/159/142 75/158/75
f 141/157/141 142/159/142 140/156/140
f 75/158/75 142/159/142 77/160/77
f 143/161/143 142/159/142 141/157/141
f 142/159/142 144/162/144 77/160/77
f 143/161/143 144/162/144 142/159/142
f 145/163/145 144/162/144 143/161/143
f 77/160/77 144/162/144 79/164/79
f 146/165/146 144/162/144 145/163/145
f 144/162/144 147/166/147 79/164/79
f 147/166/147 144/162/144 146/165/146
f 79/164/79 147/166/147 81/167/81
f 148/168/148 147/166/147 146/165/146
f 147/166/147 149/169/149 81/167/81
f 148/168/148 149/169/149 147/166/147
f 81/167/81 149/169/149 83/170/83
f 150/171/150 149/169/149 148/168/148
f 149/169/149 151/172/151 83/170/83
f 150/171/150 151/172/151 149/169/149
f 152/173/152 151/172/151 150/171/150
f 83/170/83 151/172/151 85/174/85
f 153/175/153 151/172/151 152/173/152
f 151/172/151 154/176/154 85/174/85
f 154/176/154 151/172/151 153/175/153
f 85/174/85 154/176/154 87/177/87
f 155/178/155 154/176/154 153/175/153
f 154/176/154 156/179/156 87/177/87
f 155/178/155 156/179/156 154/176/154
f 87/177/87 156/179/156 89/180/89
f 157/181/157 156/179/156 155/178/155
f 158/182/158 159/183/159 160/184/160
f 59/185/59 159/183/159 32/186/32
f 160/184/160 159/183/159 161/187/161
f 161/187/161 159/183/159 59/185/59
f 160/184/160 161/187/161 162/188/162
f 57/189/57 161/187/161 59/185/59
f 161/187/161 163/190/163 162/188/162
f 163/190/163 161/187/161 57/189/57
f 162/188/162 163/190/163 164/191/164
f 55/192/55 163/190/163 57/189/57
f 164/191/164 163/190/163 165/193/165
f 166/194/166 163/190/163 55/192/55
f 165/193/165 163/190/163 166/194/166
f 53/195/53 166/194/166 55/192/55
f 165/193/165 166/194/166 167/196/167
f 168/197/168 166/194/166 53/195/53
f 167/196/167 166/194/166 168/197/168
f 167/196/167 168/197/168 169/198/169
f 51/199/51 168/197/168 53/195/53
f 170/200/170 168/197/168 51/199/51
f 168/197/168 170/200/170 169/198/169
f 169/198/169 170/200/170 171/201/171
f 171/201/171 170/200/170 172/202/172
f 49/203/49 170/200/170 51/199/51
f 172/202/172 170/200/170 173/204/173
f 173/204/173 170/200/170 49/203/49
f 172/202/172 173/204/173 174/205/174
f 47/206/47 173/204/173 49/203/49
f 174/205/174 173/204/173 175/207/175
f 175/207/175 173/204/173 47/206/47
f 174/205/174 175/207/175 176/208/176
f 45/209/45 175/207/175 47/206/47
f 175/207/175 177/210/177 176/208/176
f 177/210/177 175/207/175 45/209/45
f 176/208/176 177/210/177 178/211/178
f 178/211/178 177/210/177 179/212/179
f 43/213/43 177/210/177 45/209/45
f 179/212/179 177/210/177 180/214/180
f 180/214/180 177/210/177 43/213/43
f 179/212/179 180/214/180 181/215/181
f 41/216/41 180/214/180 43/213/43
f 181/215/181 180/214/180 182/217/182
f 182/217/182 180/214/180 41/216/41
f 181/215/181 182/217/182 183/218/183
f 39/219/39 182/217/182 41/216/41
f 182/217/182 184/220/184 183/218/183
f 184/220/184 182/217/182 39/219/39
f 183/218/183 184/220/184 185/221/185
f 185/221/185 184/220/184 186/222/186
f 37/223/37 184/220/184 39/219/39
f 186/222/186 184/220/184 187/224/187
f 187/224/187 184/220/184 37/223/37
f 186/222/186 187/224/187 188/225/188
f 35/226/35 187/224/187 37/223/37
f 188/225/188 187/224/187 189/227/189
f 189/227/189 187/224/187 35/226/35
f 188/225/188 189/227/189 190/228/190
f 33/229/33 189/227/189 35/226/35
f 189/227/189 191/230/191 190/228/190
f 191/230/191 189/227/189 33/229/33
f 2/231/2 191/230/191 33/229/33
f 192/232/192 191/230/191 2/231/2
f 193/233/193 191/230/191 192/232/192
f 194/234/194 191/230/191 193/233/193
f 190/228/190 191/230/191 194/234/194
f 193/235/193 192/236/192 195/237/195
f 4/238/4 192/236/192 2/239/2
f 195/237/195 192/236/192 196/240/196
f 196/240/196 192/236/192 4/238/4
f 195/237/195 196/240/196 197/241/197
f 6/242/6 196/240/196 4/238/4
f 196/240/196 198/243/198 197/241/197
f 198/243/198 196/240/196 6/242/6
f 197/241/197 198/243/198 199/244/199
f 8/245/8 198/243/198 6/242/6
f 199/244/199 198/243/198 200/246/200
f 201/247/201 198/243/198 8/245/8
f 200/246/200 198/243/198 201/247/201
f 10/248/10 201/247/201 8/245/8
f 200/246/200 201/247/201 202/249/202
f 203/250/203 201/247/201 10/248/10
f 202/249/202 201/247/201 203/250/203
f 202/249/202 203/250/203 204/251/204
f 12/252/12 203/250/203 10/248/10
f 205/253/205 203/250/203 12/252/12
f 203/250/203 205/253/205 204/251/204
f 204/251/204 205/253/205 206/254/206
f 206/254/206 205/253/205 207/255/207
f 14/256/14 205/253/205 12/252/12
f 207/255/207 205/253/205 208/257/208
f 208/257/208 205/253/205 14/256/14
f 207/255/207 208/257/208 209/258/209
f 16/259/16 208/257/208 14/256/14
f 209/258/209 208/257/208 210/260/210
f 210/260/210 208/257/208 16/259/16
f 209/258/209 210/260/210 211/261/211
f 18/262/18 210/260/210 16/259/16
f 210/260/210 212/263/212 211/261/211
f 212/263/212 210/260/210 18/262/18
f 211/261/211 212/263/212 213/264/213
f 213/264/213 212/263/212 214/265/214
f 20/266/20 212/263/212 18/262/18
f 214/265/214 212/263/212 215/267/215
f 215/267/215 212/263/212 20/266/20
f 214/265/214 215/267/215 216/268/216
f 22/269/22 215/267/215 20/266/20
f 216/268/216 215/267/215 217/270/217
f 217/270/217 215/267/215 22/269/22
f 216/268/216 217/270/217 218/271/218
f 24/272/24 217/270/217 22/269/22
f 217/270/217 219/273/219 218/271/218
f 219/273/219 217/270/217 24/272/24
f 218/271/218 219/273/219 220/274/220
f 220/274/220 219/273/219 221/275/221
f 26/276/26 219/273/219 24/272/24
f 221/275/221 219/273/219 222/277/222
f 222/277/222 219/273/219 26/276/26
f 221/275/221 222/277/222 223/278/223
f 28/279/28 222/277/222 26/276/26
f 223/278/223 222/277/222 224/280/224
f 224/280/224 222/277/222 28/279/28
f 223/278/223 224/280/224 225/281/225
f 30/282/30 224/280/224 28/279/28
f 224/280/224 226/283/226 225/281/225
f 226/283/226 224/280/224 30/282/30
f 32/284/32 226/283/226 30/282/30
f 159/285/159 226/283/226 32/284/32
f 158/286/158 226/283/226 159/285/159
f 227/287/227 226/283/226 158/286/158
f 225/281/225 226/283/226 227/287/227
f 176/288/176 228/289/228 174/290/174
f 174/290/174 228/289/228 229/291/229
f 229/291/229 172/292/172 174/290/174
f 228/289/228 230/293/230 229/291/229
f 231/294/231 230/293/230 228/289/228
f 232/295/232 230/293/230 231/294/231
f 233/296/233 232/295/232 231/294/231
f 229/291/229 230/293/230 234/297/234
f 232/295/232 234/297/234 230/293/230
f 235/298/235 172/292/172 229/291/229
f 172/292/172 235/298/235 171/299/171
f 234/297/234 236/300/236 229/291/229
f 236/300/236 235/298/235 229/291/229
f 237/301/237 234/297/234 232/295/232
f 237/301/237 236/300/236 234/297/234
f 232/295/232 238/302/238 237/301/237
f 238/302/238 232/295/232 233/296/233
f 237/301/237 239/303/239 236/300/236
f 237/301/237 238/302/238 239/303/239
f 238/302/238 233/296/233 240/304/240
f 240/304/240 239/303/239 238/302/238
f 240/304/240 233/296/233 241/305/241
f 242/306/242 239/303/239 240/304/240
f 236/300/236 239/303/239 243/307/243
f 239/303/239 242/306/242 243/307/243
f 244/308/244 242/306/242 240/304/240
f 241/305/241 244/308/244 240/304/240
f 243/307/243 245/309/245 236/300/236
f 245/309/245 235/298/235 236/300/236
f 245/309/245 246/310/246 235/298/235
f 235/298/235 246/310/246 247/311/247
f 171/299/171 235/298/235 247/311/247
f 247/311/247 169/312/169 171/299/171
f 248/313/248 169/312/169 247/311/247
f 169/312/169 248/313/248 167/314/167
f 247/311/247 246/310/246 249/315/249
f 167/314/167 248/313/248 250/316/250
f 250/316/250 165/317/165 167/314/167
f 251/318/251 249/315/249 246/310/246
f 251/318/251 246/310/246 245/309/245
f 249/315/249 252/319/252 247/311/247
f 252/319/252 248/313/248 247/311/247
f 253/320/253 249/315/249 251/318/251
f 253/320/253 252/319/252 249/315/249
f 254/321/254 251/318/251 245/309/245
f 254/321/254 245/309/245 243/307/243
f 251/318/251 255/322/255 253/320/253
f 255/322/255 251/318/251 254/321/254
f 253/320/253 255/322/255 256/323/256
f 253/320/253 256/323/256 252/319/252
f 255/322/255 254/321/254 257/324/257
f 257/324/257 256/323/256 255/322/255
f 252/319/252 256/323/256 258/325/258
f 259/326/259 256/323/256 257/324/257
f 256/323/256 259/326/259 258/325/258
f 258/325/258 260/327/260 252/319/252
f 260/327/260 248/313/248 252/319/252
f 260/327/260 261/328/261 248/313/248
f 248/313/248 261/328/261 250/316/250
f 250/316/250 261/328/261 262/329/262
f 263/330/263 262/329/262 261/328/261
f 263/330/263 261/328/261 260/327/260
f 262/329/262 264/331/264 250/316/250
f 265/332/265 262/329/262 263/330/263
f 265/332/265 264/331/264 262/329/262
f 266/333/266 263/330/263 260/327/260
f 266/333/266 260/327/260 258/325/258
f 263/330/263 267/334/267 265/332/265
f 267/334/267 263/330/263 266/333/266
f 265/332/265 267/334/267 268/335/268
f 265/332/265 268/335/268 264/331/264
f 269/336/269 268/335/268 267/334/267
f 267/334/267 266/333/266 269/336/269
f 270/337/270 268/335/268 269/336/269
f 269/336/269 266/333/266 271/338/271
f 264/331/264 268/335/268 272/339/272
f 268/335/268 270/337/270 272/339/272
f 272/339/272 273/340/273 264/331/264
f 264/331/264 274/341/274 250/316/250
f 273/340/273 274/341/274 264/331/264
f 274/341/274 165/317/165 250/316/250
f 165/317/165 274/341/274 164/342/164
f 164/342/164 274/341/274 275/343/275
f 275/343/275 162/344/162 164/342/164
f 273/340/273 276/345/276 274/341/274
f 274/341/274 276/345/276 275/343/275
f 277/346/277 276/345/276 273/340/273
f 275/343/275 276/345/276 278/347/278
f 277/346/277 278/347/278 276/345/276
f 279/348/279 277/346/277 273/340/273
f 279/348/279 273/340/273 272/339/272
f 280/349/280 278/347/278 277/346/277
f 277/346/277 281/350/281 280/349/280
f 281/350/281 277/346/277 279/348/279
f 280/349/280 282/351/282 278/347/278
f 278/347/278 282/351/282 275/343/275
f 280/349/280 281/350/281 283/352/283
f 280/349/280 283/352/283 282/351/282
f 281/350/281 279/348/279 284/353/284
f 284/353/284 283/352/283 281/350/281
f 282/351/282 285/354/285 275/343/275
f 285/354/285 162/344/162 275/343/275
f 162/344/162 285/354/285 160/355/160
f 282/351/282 283/352/283 286/356/286
f 160/355/160 285/354/285 287/357/287
f 160/355/160 287/357/287 158/358/158
f 158/358/158 287/357/287 288/359/288
f 289/360/289 285/354/285 282/351/282
f 286/356/286 289/360/289 282/351/282
f 289/360/289 290/361/290 285/354/285
f 285/354/285 290/361/290 287/357/287
f 291/362/291 290/361/290 289/360/289
f 287/357/287 290/361/290 292/363/292
f 291/362/291 292/363/292 290/361/290
f 287/357/287 293/364/293 288/359/288
f 292/363/292 293/364/293 287/357/287
f 288/359/288 293/364/293 294/365/294
f 295/366/295 293/364/293 292/363/292
f 295/366/295 292/363/292 291/362/291
f 296/367/296 294/365/294 293/364/293
f 297/368/297 294/365/294 296/367/296
f 298/369/298 297/368/297 296/367/296
f 299/370/299 297/368/297 298/369/298
f 299/370/299 298/369/298 300/371/300
f 300/371/300 298/369/298 301/372/301
f 301/372/301 298/369/298 302/373/302
f 296/367/296 302/373/302 298/369/298
f 303/374/303 300/371/300 301/372/301
f 301/372/301 302/373/302 303/374/303
f 304/375/304 300/371/300 303/374/303
f 305/376/305 302/373/302 296/367/296
f 293/364/293 305/376/305 296/367/296
f 295/366/295 305/376/305 293/364/293
f 295/366/295 306/377/306 305/376/305
f 291/362/291 306/377/306 295/366/295
f 307/378/307 305/376/305 306/377/306
f 306/377/306 291/362/291 308/379/308
f 308/379/308 291/362/291 289/360/289
f 308/379/308 289/360/289 286/356/286
f 306/377/306 308/379/308 307/378/307
f 302/373/302 305/376/305 307/378/307
f 303/374/303 302/373/302 307/378/307
f 307/378/307 308/379/308 309/380/309
f 309/380/309 303/374/303 307/378/307
f 310/381/310 308/379/308 286/356/286
f 309/380/309 308/379/308 310/381/310
f 283/352/283 311/382/311 286/356/286
f 286/356/286 311/382/311 310/381/310
f 311/382/311 283/352/283 284/353/284
f 312/383/312 310/381/310 311/382/311
f 312/383/312 311/382/311 313/384/313
f 313/384/313 311/382/311 284/353/284
f 314/385/314 310/381/310 312/383/312
f 313/384/313 314/385/314 312/383/312
f 309/380/309 310/381/310 314/385/314
f 315/386/315 313/384/313 284/353/284
f 284/353/284 279/348/279 315/386/315
f 315/386/315 279/348/279 316/387/316
f 316/387/316 279/348/279 272/339/272
f 272/339/272 270/337/270 316/387/316
f 317/388/317 316/387/316 270/337/270
f 315/386/315 316/387/316 318/389/318
f 318/389/318 316/387/316 317/388/317
f 317/388/317 270/337/270 319/390/319
f 319/390/319 318/389/318 317/388/317
f 319/390/319 270/337/270 269/336/269
f 271/338/271 319/390/319 269/336/269
f 320/391/320 318/389/318 319/390/319
f 315/386/315 318/389/318 321/392/321
f 320/391/320 321/392/321 318/389/318
f 320/391/320 319/390/319 322/393/322
f 322/393/322 319/390/319 271/338/271
f 321/392/321 323/394/323 315/386/315
f 315/386/315 323/394/323 324/395/324
f 324/395/324 313/384/313 315/386/315
f 325/396/325 313/384/313 324/395/324
f 325/396/325 314/385/314 313/384/313
f 323/394/323 326/397/326 324/395/324
f 324/395/324 326/397/326 325/396/325
f 327/398/327 326/397/326 323/394/323
f 323/394/323 321/392/321 327/398/327
f 327/398/327 321/392/321 328/399/328
f 328/399/328 321/392/321 320/391/320
f 326/397/326 327/398/327 329/400/329
f 328/399/328 330/401/330 327/398/327
f 329/400/329 327/398/327 330/401/330
f 331/402/331 330/401/330 328/399/328
f 320/391/320 332/403/332 328/399/328
f 328/399/328 332/403/332 331/402/331
f 333/404/333 332/403/332 320/391/320
f 322/393/322 333/404/333 320/391/320
f 331/402/331 334/405/334 330/401/330
f 335/406/335 333/404/333 322/393/322
f 271/338/271 335/406/335 322/393/322
f 336/407/336 333/404/333 335/406/335
f 337/408/337 335/406/335 271/338/271
f 335/406/335 337/408/337 336/407/336
f 271/338/271 338/409/338 337/408/337
f 336/407/336 337/408/337 339/410/339
f 340/411/340 337/408/337 338/409/338
f 339/410/339 337/408/337 340/411/340
f 333/404/333 336/407/336 341/412/341
f 341/412/341 332/403/332 333/404/333
f 339/410/339 342/413/342 336/407/336
f 341/412/341 336/407/336 342/413/342
f 343/414/343 342/413/342 339/410/339
f 342/413/342 344/415/344 341/412/341
f 343/414/343 345/416/345 342/413/342
f 345/416/345 344/415/344 342/413/342
f 339/410/339 346/417/346 343/414/343
f 340/411/340 346/417/346 339/410/339
f 347/418/347 345/416/345 343/414/343
f 343/414/343 346/417/346 347/418/347
f 345/416/345 347/418/347 348/419/348
f 348/419/348 344/415/344 345/416/345
f 348/419/348 347/418/347 349/420/349
f 350/421/350 344/415/344 348/419/348
f 349/420/349 350/421/350 348/419/348
f 351/422/351 349/420/349 347/418/347
f 347/418/347 346/417/346 351/422/351
f 352/423/352 349/420/349 351/422/351
f 352/423/352 350/421/350 349/420/349
f 346/417/346 353/424/353 351/422/351
f 352/423/352 134/425/134 350/421/350
f 134/425/134 132/426/132 350/421/350
f 136/427/136 134/425/134 352/423/352
f 354/428/354 136/427/136 352/423/352
f 137/429/137 136/427/136 354/428/354
f 352/423/352 355/430/355 354/428/354
f 351/422/351 355/430/355 352/423/352
f 351/422/351 353/424/353 355/430/355
f 354/428/354 355/430/355 356/431/356
f 356/431/356 355/430/355 357/432/357
f 357/432/357 355/430/355 358/433/358
f 358/433/358 355/430/355 353/424/353
f 357/432/357 359/434/359 356/431/356
f 360/435/360 357/432/357 358/433/358
f 359/434/359 357/432/357 360/435/360
f 360/435/360 358/433/358 361/436/361
f 360/435/360 362/437/362 359/434/359
f 361/436/361 362/437/362 360/435/360
f 361/436/361 358/433/358 363/438/363
f 353/424/353 363/438/363 358/433/358
f 363/438/363 364/439/364 361/436/361
f 361/436/361 364/439/364 365/440/365
f 365/440/365 362/437/362 361/436/361
f 366/441/366 364/439/364 363/438/363
f 367/442/367 363/438/363 353/424/353
f 363/438/363 367/442/367 366/441/366
f 353/424/353 346/417/346 367/442/367
f 367/442/367 346/417/346 340/411/340
f 368/443/368 367/442/367 340/411/340
f 366/441/366 367/442/367 368/443/368
f 340/411/340 369/444/369 368/443/368
f 340/411/340 338/409/338 369/444/369
f 271/338/271 370/445/370 338/409/338
f 369/444/369 338/409/338 371/446/371
f 338/409/338 370/445/370 371/446/371
f 271/338/271 266/333/266 370/445/370
f 370/445/370 266/333/266 258/325/258
f 258/325/258 259/326/259 370/445/370
f 371/446/371 370/445/370 259/326/259
f 371/446/371 259/326/259 369/444/369
f 369/444/369 259/326/259 257/324/257
f 372/447/372 369/444/369 257/324/257
f 368/443/368 369/444/369 372/447/372
f 372/447/372 366/441/366 368/443/368
f 364/439/364 366/441/366 372/447/372
f 257/324/257 254/321/254 372/447/372
f 372/447/372 254/321/254 373/448/373
f 373/448/373 254/321/254 243/307/243
f 243/307/243 242/306/242 373/448/373
f 374/449/374 373/448/373 242/306/242
f 374/449/374 242/306/242 244/308/244
f 375/450/375 373/448/373 374/449/374
f 372/447/372 373/448/373 375/450/375
f 372/447/372 375/450/375 364/439/364
f 365/440/365 364/439/364 375/450/375
f 244/308/244 375/450/375 374/449/374
f 365/440/365 375/450/375 244/308/244
f 365/440/365 244/308/244 376/451/376
f 376/451/376 244/308/244 241/305/241
f 376/451/376 377/452/377 365/440/365
f 377/452/377 362/437/362 365/440/365
f 241/305/241 378/453/378 376/451/376
f 378/453/378 377/452/377 376/451/376
f 379/454/379 378/453/378 241/305/241
f 241/305/241 380/455/380 379/454/379
f 381/456/381 379/454/379 380/455/380
f 378/453/378 379/454/379 382/457/382
f 382/457/382 377/452/377 378/453/378
f 382/457/382 379/454/379 383/458/383
f 383/458/383 379/454/379 381/456/381
f 381/456/381 384/459/384 383/458/383
f 383/458/383 385/460/385 382/457/382
f 383/458/383 384/459/384 386/461/386
f 386/461/386 385/460/385 383/458/383
f 386/461/386 384/459/384 387/462/387
f 387/462/387 384/459/384 388/463/388
f 386/461/386 389/464/389 385/460/385
f 387/462/387 389/464/389 386/461/386
f 388/463/388 390/465/390 387/462/387
f 391/466/391 390/465/390 388/463/388
f 389/464/389 387/462/387 392/467/392
f 392/467/392 387/462/387 390/465/390
f 143/468/143 141/469/141 391/466/391
f 391/466/391 393/470/393 390/465/390
f 391/466/391 141/469/141 393/470/393
f 390/465/390 393/470/393 392/467/392
f 141/469/141 139/471/139 393/470/393
f 392/467/392 394/472/394 389/464/389
f 393/470/393 394/472/394 392/467/392
f 389/464/389 394/472/394 385/460/385
f 393/470/393 139/471/139 395/473/395
f 395/473/395 394/472/394 393/470/393
f 139/471/139 137/429/137 395/473/395
f 395/473/395 137/429/137 354/428/354
f 385/460/385 394/472/394 396/474/396
f 396/474/396 382/457/382 385/460/385
f 377/452/377 382/457/382 396/474/396
f 396/474/396 362/437/362 377/452/377
f 362/437/362 396/474/396 397/475/397
f 397/475/397 396/474/396 394/472/394
f 397/475/397 394/472/394 395/473/395
f 359/434/359 362/437/362 397/475/397
f 395/473/395 398/476/398 397/475/397
f 397/475/397 398/476/398 359/434/359
f 395/473/395 354/428/354 398/476/398
f 356/431/356 359/434/359 398/476/398
f 398/476/398 354/428/354 356/431/356
f 330/401/330 399/477/399 329/400/329
f 334/405/334 399/477/399 330/401/330
f 400/478/400 399/477/399 334/405/334
f 334/405/334 401/479/401 400/478/400
f 401/479/401 334/405/334 331/402/331
f 331/402/331 332/403/332 401/479/401
f 401/479/401 332/403/332 402/480/402
f 332/403/332 341/412/341 402/480/402
f 400/478/400 401/479/401 403/481/403
f 402/480/402 403/481/403 401/479/401
f 403/481/403 404/482/404 400/478/400
f 404/482/404 399/477/399 400/478/400
f 405/483/405 403/481/403 402/480/402
f 405/483/405 404/482/404 403/481/403
f 405/483/405 344/415/344 350/421/350
f 402/480/402 344/415/344 405/483/405
f 402/480/402 341/412/341 344/415/344
f 350/421/350 132/426/132 405/483/405
f 132/426/132 130/484/130 405/483/405
f 405/483/405 130/484/130 404/482/404
f 130/484/130 129/485/129 404/482/404
f 406/486/406 399/477/399 404/482/404
f 404/482/404 129/485/129 406/486/406
f 129/485/129 127/487/127 406/486/406
f 406/486/406 127/487/127 407/488/407
f 127/487/127 125/489/125 407/488/407
f 406/486/406 407/488/407 408/490/408
f 406/486/406 408/490/408 409/491/409
f 409/491/409 399/477/399 406/486/406
f 409/491/409 329/400/329 399/477/399
f 408/490/408 407/488/407 410/492/410
f 411/493/411 329/400/329 409/491/409
f 329/400/329 411/493/411 326/397/326
f 326/397/326 411/493/411 325/396/325
f 409/491/409 408/490/408 412/494/412
f 412/494/412 411/493/411 409/491/409
f 410/492/410 412/494/412 408/490/408
f 325/396/325 413/495/413 314/385/314
f 309/380/309 314/385/314 413/495/413
f 414/496/414 412/494/412 410/492/410
f 415/497/415 411/493/411 412/494/412
f 412/494/412 414/496/414 415/497/415
f 410/492/410 416/498/416 414/496/414
f 407/488/407 416/498/416 410/492/410
f 415/497/415 414/496/414 417/499/417
f 414/496/414 416/498/416 417/499/417
f 418/500/418 411/493/411 415/497/415
f 415/497/415 417/499/417 418/500/418
f 325/396/325 411/493/411 418/500/418
f 418/500/418 413/495/413 325/396/325
f 418/500/418 417/499/417 419/501/419
f 419/501/419 413/495/413 418/500/418
f 420/502/420 419/501/419 417/499/417
f 417/499/417 416/498/416 420/502/420
f 421/503/421 413/495/413 419/501/419
f 413/495/413 421/503/421 309/380/309
f 422/504/422 420/502/420 416/498/416
f 422/504/422 416/498/416 423/505/423
f 423/505/423 416/498/416 407/488/407
f 407/488/407 125/489/125 423/505/423
f 424/506/424 420/502/420 422/504/422
f 420/502/420 424/506/424 425/507/425
f 425/507/425 419/501/419 420/502/420
f 419/501/419 425/507/425 421/503/421
f 425/507/425 424/506/424 304/375/304
f 421/503/421 425/507/425 426/508/426
f 426/508/426 425/507/425 304/375/304
f 309/380/309 421/503/421 426/508/426
f 304/375/304 303/374/303 426/508/426
f 426/508/426 303/374/303 309/380/309
f 158/509/158 288/510/288 227/511/227
f 227/511/227 288/510/288 427/512/427
f 427/512/427 225/513/225 227/511/227
f 288/510/288 428/514/428 427/512/427
f 294/515/294 428/514/428 288/510/288
f 429/516/429 428/514/428 294/515/294
f 297/517/297 429/516/429 294/515/294
f 427/512/427 428/514/428 430/518/430
f 429/516/429 430/518/430 428/514/428
f 431/519/431 225/513/225 427/512/427
f 225/513/225 431/519/431 223/520/223
f 430/518/430 432/521/432 427/512/427
f 432/521/432 431/519/431 427/512/427
f 433/522/433 430/518/430 429/516/429
f 433/522/433 432/521/432 430/518/430
f 429/516/429 434/523/434 433/522/433
f 434/523/434 429/516/429 297/517/297
f 433/522/433 435/524/435 432/521/432
f 433/522/433 434/523/434 435/524/435
f 434/523/434 297/517/297 436/525/436
f 436/525/436 435/524/435 434/523/434
f 436/525/436 297/517/297 299/526/299
f 437/527/437 435/524/435 436/525/436
f 432/521/432 435/524/435 438/528/438
f 435/524/435 437/527/437 438/528/438
f 439/529/439 437/527/437 436/525/436
f 299/526/299 439/529/439 436/525/436
f 438/528/438 440/530/440 432/521/432
f 440/530/440 431/519/431 432/521/432
f 440/530/440 441/531/441 431/519/431
f 431/519/431 441/531/441 442/532/442
f 223/520/223 431/519/431 442/532/442
f 442/532/442 221/533/221 223/520/223
f 443/534/443 221/533/221 442/532/442
f 221/533/221 443/534/443 220/535/220
f 442/532/442 441/531/441 444/536/444
f 220/535/220 443/534/443 445/537/445
f 445/537/445 218/538/218 220/535/220
f 446/539/446 444/536/444 441/531/441
f 446/539/446 441/531/441 440/530/440
f 444/536/444 447/540/447 442/532/442
f 447/540/447 443/534/443 442/532/442
f 448/541/448 444/536/444 446/539/446
f 448/541/448 447/540/447 444/536/444
f 449/542/449 446/539/446 440/530/440
f 449/542/449 440/530/440 438/528/438
f 446/539/446 450/543/450 448/541/448
f 450/543/450 446/539/446 449/542/449
f 448/541/448 450/543/450 451/544/451
f 448/541/448 451/544/451 447/540/447
f 450/543/450 449/542/449 452/545/452
f 452/545/452 451/544/451 450/543/450
f 447/540/447 451/544/451 453/546/453
f 454/547/454 451/544/451 452/545/452
f 451/544/451 454/547/454 453/546/453
f 453/546/453 455/548/455 447/540/447
f 455/548/455 443/534/443 447/540/447
f 455/548/455 456/549/456 443/534/443
f 443/534/443 456/549/456 445/537/445
f 445/537/445 456/549/456 457/550/457
f 458/551/458 457/550/457 456/549/456
f 458/551/458 456/549/456 455/548/455
f 457/550/457 459/552/459 445/537/445
f 460/553/460 457/550/457 458/551/458
f 460/553/460 459/552/459 457/550/457
f 461/554/461 458/551/458 455/548/455
f 461/554/461 455/548/455 453/546/453
f 458/551/458 462/555/462 460/553/460
f 462/555/462 458/551/458 461/554/461
f 460/553/460 462/555/462 463/556/463
f 460/553/460 463/556/463 459/552/459
f 464/557/464 463/556/463 462/555/462
f 462/555/462 461/554/461 464/557/464
f 465/558/465 463/556/463 464/557/464
f 464/557/464 461/554/461 466/559/466
f 459/552/459 463/556/463 467/560/467
f 463/556/463 465/558/465 467/560/467
f 467/560/467 468/561/468 459/552/459
f 459/552/459 469/562/469 445/537/445
f 468/561/468 469/562/469 459/552/459
f 469/562/469 218/538/218 445/537/445
f 218/538/218 469/562/469 216/563/216
f 216/563/216 469/562/469 470/564/470
f 470/564/470 214/565/214 216/563/216
f 468/561/468 471/566/471 469/562/469
f 469/562/469 471/566/471 470/564/470
f 472/567/472 471/566/471 468/561/468
f 470/564/470 471/566/471 473/568/473
f 472/567/472 473/568/473 471/566/471
f 474/569/474 472/567/472 468/561/468
f 474/569/474 468/561/468 467/560/467
f 475/570/475 473/568/473 472/567/472
f 472/567/472 476/571/476 475/570/475
f 476/571/476 472/567/472 474/569/474
f 475/570/475 477/572/477 473/568/473
f 473/568/473 477/572/477 470/564/470
f 475/570/475 476/571/476 478/573/478
f 475/570/475 478/573/478 477/572/477
f 476/571/476 474/569/474 479/574/479
f 479/574/479 478/573/478 476/571/476
f 477/572/477 480/575/480 470/564/470
f 480/575/480 214/565/214 470/564/470
f 214/565/214 480/575/480 213/576/213
f 477/572/477 478/573/478 481/577/481
f 213/576/213 480/575/480 482/578/482
f 213/576/213 482/578/482 211/579/211
f 211/579/211 482/578/482 483/580/483
f 484/581/484 480/575/480 477/572/477
f 481/577/481 484/581/484 477/572/477
f 484/581/484 485/582/485 480/575/480
f 480/575/480 485/582/485 482/578/482
f 486/583/486 485/582/485 484/581/484
f 482/578/482 485/582/485 487/584/487
f 486/583/486 487/584/487 485/582/485
f 482/578/482 488/585/488 483/580/483
f 487/584/487 488/585/488 482/578/482
f 483/580/483 488/585/488 489/586/489
f 490/587/490 488/585/488 487/584/487
f 490/587/490 487/584/487 486/583/486
f 491/588/491 489/586/489 488/585/488
f 492/589/492 489/586/489 491/588/491
f 493/590/493 492/589/492 491/588/491
f 494/591/494 492/589/492 493/590/493
f 494/591/494 493/590/493 495/592/495
f 495/592/495 493/590/493 496/593/496
f 496/593/496 493/590/493 497/594/497
f 491/588/491 497/594/497 493/590/493
f 498/595/498 495/592/495 496/593/496
f 496/593/496 497/594/497 498/595/498
f 499/596/499 495/592/495 498/595/498
f 500/597/500 497/594/497 491/588/491
f 488/585/488 500/597/500 491/588/491
f 490/587/490 500/597/500 488/585/488
f 490/587/490 501/598/501 500/597/500
f 486/583/486 501/598/501 490/587/490
f 502/599/502 500/597/500 501/598/501
f 501/598/501 486/583/486 503/600/503
f 503/600/503 486/583/486 484/581/484
f 503/600/503 484/581/484 481/577/481
f 501/598/501 503/600/503 502/599/502
f 497/594/497 500/597/500 502/599/502
f 498/595/498 497/594/497 502/599/502
f 502/599/502 503/600/503 504/601/504
f 504/601/504 498/595/498 502/599/502
f 505/602/505 503/600/503 481/577/481
f 504/601/504 503/600/503 505/602/505
f 478/573/478 506/603/506 481/577/481
f 481/577/481 506/603/506 505/602/505
f 506/603/506 478/573/478 479/574/479
f 507/604/507 505/602/505 506/603/506
f 507/604/507 506/603/506 508/605/508
f 508/605/508 506/603/506 479/574/479
f 509/606/509 505/602/505 507/604/507
f 508/605/508 509/606/509 507/604/507
f 504/601/504 505/602/505 509/606/509
f 510/607/510 508/605/508 479/574/479
f 479/574/479 474/569/474 510/607/510
f 510/607/510 474/569/474 511/608/511
f 511/608/511 474/569/474 467/560/467
f 467/560/467 465/558/465 511/608/511
f 512/609/512 511/608/511 465/558/465
f 510/607/510 511/608/511 513/610/513
f 513/610/513 511/608/511 512/609/512
f 512/609/512 465/558/465 514/611/514
f 514/611/514 513/610/513 512/609/512
f 514/611/514 465/558/465 464/557/464
f 466/559/466 514/611/514 464/557/464
f 515/612/515 513/610/513 514/611/514
f 510/607/510 513/610/513 516/613/516
f 515/612/515 516/613/516 513/610/513
f 515/612/515 514/611/514 517/614/517
f 517/614/517 514/611/514 466/559/466
f 516/613/516 518/615/518 510/607/510
f 510/607/510 518/615/518 519/616/519
f 519/616/519 508/605/508 510/607/510
f 520/617/520 508/605/508 519/616/519
f 520/617/520 509/606/509 508/605/508
f 518/615/518 521/618/521 519/616/519
f 519/616/519 521/618/521 520/617/520
f 522/619/522 521/618/521 518/615/518
f 518/615/518 516/613/516 522/619/522
f 522/619/522 516/613/516 523/620/523
f 523/620/523 516/613/516 515/612/515
f 521/618/521 522/619/522 524/621/524
f 523/620/523 525/622/525 522/619/522
f 524/621/524 522/619/522 525/622/525
f 526/623/526 525/622/525 523/620/523
f 515/612/515 527/624/527 523/620/523
f 523/620/523 527/624/527 526/623/526
f 528/625/528 527/624/527 515/612/515
f 517/614/517 528/625/528 515/612/515
f 526/623/526 529/626/529 525/622/525
f 530/627/530 528/625/528 517/614/517
f 466/559/466 530/627/530 517/614/517
f 531/628/531 528/625/528 530/627/530
f 532/629/532 530/627/530 466/559/466
f 530/627/530 532/629/532 531/628/531
f 466/559/466 533/630/533 532/629/532
f 531/628/531 532/629/532 534/631/534
f 535/632/535 532/629/532 533/630/533
f 534/631/534 532/629/532 535/632/535
f 528/625/528 531/628/531 536/633/536
f 536/633/536 527/624/527 528/625/528
f 534/631/534 537/634/537 531/628/531
f 536/633/536 531/628/531 537/634/537
f 538/635/538 537/634/537 534/631/534
f 537/634/537 539/636/539 536/633/536
f 538/635/538 540/637/540 537/634/537
f 540/637/540 539/636/539 537/634/537
f 534/631/534 541/638/541 538/635/538
f 535/632/535 541/638/541 534/631/534
f 542/639/542 540/637/540 538/635/538
f 538/635/538 541/638/541 542/639/542
f 540/637/540 542/639/542 543/640/543
f 543/640/543 539/636/539 540/637/540
f 543/640/543 542/639/542 544/641/544
f 545/642/545 539/636/539 543/640/543
f 544/641/544 545/642/545 543/640/543
f 546/643/546 544/641/544 542/639/542
f 542/639/542 541/638/541 546/643/546
f 547/644/547 544/641/544 546/643/546
f 547/644/547 545/642/545 544/641/544
f 541/638/541 548/645/548 546/643/546
f 547/644/547 549/646/549 545/642/545
f 549/646/549 550/647/550 545/642/545
f 551/648/551 549/646/549 547/644/547
f 552/649/552 551/648/551 547/644/547
f 553/650/553 551/648/551 552/649/552
f 547/644/547 554/651/554 552/649/552
f 546/643/546 554/651/554 547/644/547
f 546/643/546 548/645/548 554/651/554
f 552/649/552 554/651/554 555/652/555
f 555/652/555 554/651/554 556/653/556
f 556/653/556 554/651/554 557/654/557
f 557/654/557 554/651/554 548/645/548
f 556/653/556 558/655/558 555/652/555
f 559/656/559 556/653/556 557/654/557
f 558/655/558 556/653/556 559/656/559
f 559/656/559 557/654/557 560/657/560
f 559/656/559 561/658/561 558/655/558
f 560/657/560 561/658/561 559/656/559
f 560/657/560 557/654/557 562/659/562
f 548/645/548 562/659/562 557/654/557
f 562/659/562 563/660/563 560/657/560
f 560/657/560 563/660/563 564/661/564
f 564/661/564 561/658/561 560/657/560
f 565/662/565 563/660/563 562/659/562
f 566/663/566 562/659/562 548/645/548
f 562/659/562 566/663/566 565/662/565
f 548/645/548 541/638/541 566/663/566
f 566/663/566 541/638/541 535/632/535
f 567/664/567 566/663/566 535/632/535
f 565/662/565 566/663/566 567/664/567
f 535/632/535 568/665/568 567/664/567
f 535/632/535 533/630/533 568/665/568
f 466/559/466 569/666/569 533/630/533
f 568/665/568 533/630/533 570/667/570
f 533/630/533 569/666/569 570/667/570
f 466/559/466 461/554/461 569/666/569
f 569/666/569 461/554/461 453/546/453
f 453/546/453 454/547/454 569/666/569
f 570/667/570 569/666/569 454/547/454
f 570/667/570 454/547/454 568/665/568
f 568/665/568 454/547/454 452/545/452
f 571/668/571 568/665/568 452/545/452
f 567/664/567 568/665/568 571/668/571
f 571/668/571 565/662/565 567/664/567
f 563/660/563 565/662/565 571/668/571
f 452/545/452 449/542/449 571/668/571
f 571/668/571 449/542/449 572/669/572
f 572/669/572 449/542/449 438/528/438
f 438/528/438 437/527/437 572/669/572
f 573/670/573 572/669/572 437/527/437
f 573/670/573 437/527/437 439/529/439
f 574/671/574 572/669/572 573/670/573
f 571/668/571 572/669/572 574/671/574
f 571/668/571 574/671/574 563/660/563
f 564/661/564 563/660/563 574/671/574
f 439/529/439 574/671/574 573/670/573
f 564/661/564 574/671/574 439/529/439
f 564/661/564 439/529/439 575/672/575
f 575/672/575 439/529/439 299/526/299
f 575/672/575 576/673/576 564/661/564
f 576/673/576 561/658/561 564/661/564
f 299/526/299 577/674/577 575/672/575
f 577/674/577 576/673/576 575/672/575
f 578/675/578 577/674/577 299/526/299
f 299/526/299 300/676/300 578/675/578
f 304/677/304 578/675/578 300/676/300
f 577/674/577 578/675/578 579/678/579
f 579/678/579 576/673/576 577/674/577
f 579/678/579 578/675/578 580/679/580
f 580/679/580 578/675/578 304/677/304
f 304/677/304 424/680/424 580/679/580
f 580/679/580 581/681/581 579/678/579
f 580/679/580 424/680/424 582/682/582
f 582/682/582 581/681/581 580/679/580
f 582/682/582 424/680/424 583/683/583
f 583/683/583 424/680/424 422/684/422
f 582/682/582 584/685/584 581/681/581
f 583/683/583 584/685/584 582/682/582
f 422/684/422 585/686/585 583/683/583
f 423/687/423 585/686/585 422/684/422
f 584/685/584 583/683/583 586/688/586
f 586/688/586 583/683/583 585/686/585
f 125/689/125 121/690/121 423/687/423
f 423/687/423 587/691/587 585/686/585
f 423/687/423 121/690/121 587/691/587
f 585/686/585 587/691/587 586/688/586
f 121/690/121 123/692/123 587/691/587
f 586/688/586 588/693/588 584/685/584
f 587/691/587 588/693/588 586/688/586
f 584/685/584 588/693/588 581/681/581
f 587/691/587 123/692/123 589/694/589
f 589/694/589 588/693/588 587/691/587
f 123/692/123 553/650/553 589/694/589
f 589/694/589 553/650/553 552/649/552
f 581/681/581 588/693/588 590/695/590
f 590/695/590 579/678/579 581/681/581
f 576/673/576 579/678/579 590/695/590
f 590/695/590 561/658/561 576/673/576
f 561/658/561 590/695/590 591/696/591
f 591/696/591 590/695/590 588/693/588
f 591/696/591 588/693/588 589/694/589
f 558/655/558 561/658/561 591/696/591
f 589/694/589 592/697/592 591/696/591
f 591/696/591 592/697/592 558/655/558
f 589/694/589 552/649/552 592/697/592
f 555/652/555 558/655/558 592/697/592
f 592/697/592 552/649/552 555/652/555
f 525/622/525 593/698/593 524/621/524
f 529/626/529 593/698/593 525/622/525
f 594/699/594 593/698/593 529/626/529
f 529/626/529 595/700/595 594/699/594
f 595/700/595 529/626/529 526/623/526
f 526/623/526 527/624/527 595/700/595
f 595/700/595 527/624/527 596/701/596
f 527/624/527 536/633/536 596/701/596
f 594/699/594 595/700/595 597/702/597
f 596/701/596 597/702/597 595/700/595
f 597/702/597 598/703/598 594/699/594
f 598/703/598 593/698/593 594/699/594
f 599/704/599 597/702/597 596/701/596
f 599/704/599 598/703/598 597/702/597
f 599/704/599 539/636/539 545/642/545
f 596/701/596 539/636/539 599/704/599
f 596/701/596 536/633/536 539/636/539
f 545/642/545 550/647/550 599/704/599
f 550/647/550 600/705/600 599/704/599
f 599/704/599 600/705/600 598/703/598
f 600/705/600 601/706/601 598/703/598
f 602/707/602 593/698/593 598/703/598
f 598/703/598 601/706/601 602/707/602
f 601/706/601 603/708/603 602/707/602
f 602/707/602 603/708/603 604/709/604
f 603/708/603 605/710/605 604/709/604
f 602/707/602 604/709/604 606/711/606
f 602/707/602 606/711/606 607/712/607
f 607/712/607 593/698/593 602/707/602
f 607/712/607 524/621/524 593/698/593
f 606/711/606 604/709/604 608/713/608
f 609/714/609 524/621/524 607/712/607
f 524/621/524 609/714/609 521/618/521
f 521/618/521 609/714/609 520/617/520
f 607/712/607 606/711/606 610/715/610
f 610/715/610 609/714/609 607/712/607
f 608/713/608 610/715/610 606/711/606
f 520/617/520 611/716/611 509/606/509
f 504/601/504 509/606/509 611/716/611
f 612/717/612 610/715/610 608/713/608
f 613/718/613 609/714/609 610/715/610
f 610/715/610 612/717/612 613/718/613
f 608/713/608 614/719/614 612/717/612
f 604/709/604 614/719/614 608/713/608
f 613/718/613 612/717/612 615/720/615
f 612/717/612 614/719/614 615/720/615
f 616/721/616 609/714/609 613/718/613
f 613/718/613 615/720/615 616/721/616
f 520/617/520 609/714/609 616/721/616
f 616/721/616 611/716/611 520/617/520
f 616/721/616 615/720/615 617/722/617
f 617/722/617 611/716/611 616/721/616
f 618/723/618 617/722/617 615/720/615
f 615/720/615 614/719/614 618/723/618
f 619/724/619 611/716/611 617/722/617
f 611/716/611 619/724/619 504/601/504
f 620/725/620 618/723/618 614/719/614
f 620/725/620 614/719/614 621/726/621
f 621/726/621 614/719/614 604/709/604
f 604/709/604 605/710/605 621/726/621
f 622/727/622 618/723/618 620/725/620
f 618/723/618 622/727/622 623/728/623
f 623/728/623 617/722/617 618/723/618
f 617/722/617 623/728/623 619/724/619
f 623/728/623 622/727/622 499/596/499
f 619/724/619 623/728/623 624/729/624
f 624/729/624 623/728/623 499/596/499
f 504/601/504 619/724/619 624/729/624
f 499/596/499 498/595/498 624/729/624
f 624/729/624 498/595/498 504/601/504
f 211/730/211 483/731/483 209/732/209
f 209/732/209 483/731/483 625/733/625
f 625/733/625 207/734/207 209/732/209
f 483/731/483 626/735/626 625/733/625
f 489/736/489 626/735/626 483/731/483
f 627/737/627 626/735/626 489/736/489
f 492/738/492 627/737/627 489/736/489
f 625/733/625 626/735/626 628/739/628
f 627/737/627 628/739/628 626/735/626
f 629/740/629 207/734/207 625/733/625
f 207/734/207 629/740/629 206/741/206
f 628/739/628 630/742/630 625/733/625
f 630/742/630 629/740/629 625/733/625
f 631/743/631 628/739/628 627/737/627
f 631/743/631 630/742/630 628/739/628
f 627/737/627 632/744/632 631/743/631
f 632/744/632 627/737/627 492/738/492
f 631/743/631 633/745/633 630/742/630
f 631/743/631 632/744/632 633/745/633
f 632/744/632 492/738/492 634/746/634
f 634/746/634 633/745/633 632/744/632
f 634/746/634 492/738/492 494/747/494
f 635/748/635 633/745/633 634/746/634
f 630/742/630 633/745/633 636/749/636
f 633/745/633 635/748/635 636/749/636
f 637/750/637 635/748/635 634/746/634
f 494/747/494 637/750/637 634/746/634
f 636/749/636 638/751/638 630/742/630
f 638/751/638 629/740/629 630/742/630
f 638/751/638 639/752/639 629/740/629
f 629/740/629 639/752/639 640/753/640
f 206/741/206 629/740/629 640/753/640
f 640/753/640 204/754/204 206/741/206
f 641/755/641 204/754/204 640/753/640
f 204/754/204 641/755/641 202/756/202
f 640/753/640 639/752/639 642/757/642
f 202/756/202 641/755/641 643/758/643
f 643/758/643 200/759/200 202/756/202
f 644/760/644 642/757/642 639/752/639
f 644/760/644 639/752/639 638/751/638
f 642/757/642 645/761/645 640/753/640
f 645/761/645 641/755/641 640/753/640
f 646/762/646 642/757/642 644/760/644
f 646/762/646 645/761/645 642/757/642
f 647/763/647 644/760/644 638/751/638
f 647/763/647 638/751/638 636/749/636
f 644/760/644 648/764/648 646/762/646
f 648/764/648 644/760/644 647/763/647
f 646/762/646 648/764/648 649/765/649
f 646/762/646 649/765/649 645/761/645
f 648/764/648 647/763/647 650/766/650
f 650/766/650 649/765/649 648/764/648
f 645/761/645 649/765/649 651/767/651
f 652/768/652 649/765/649 650/766/650
f 649/765/649 652/768/652 651/767/651
f 651/767/651 653/769/653 645/761/645
f 653/769/653 641/755/641 645/761/645
f 653/769/653 654/770/654 641/755/641
f 641/755/641 654/770/654 643/758/643
f 643/758/643 654/770/654 655/771/655
f 656/772/656 655/771/655 654/770/654
f 656/772/656 654/770/654 653/769/653
f 655/771/655 657/773/657 643/758/643
f 658/774/658 655/771/655 656/772/656
f 658/774/658 657/773/657 655/771/655
f 659/775/659 656/772/656 653/769/653
f 659/775/659 653/769/653 651/767/651
f 656/772/656 660/776/660 658/774/658
f 660/776/660 656/772/656 659/775/659
f 658/774/658 660/776/660 661/777/661
f 658/774/658 661/777/661 657/773/657
f 662/778/662 661/777/661 660/776/660
f 660/776/660 659/775/659 662/778/662
f 663/779/663 661/777/661 662/778/662
f 662/778/662 659/775/659 664/780/664
f 657/773/657 661/777/661 665/781/665
f 661/777/661 663/779/663 665/781/665
f 665/781/665 666/782/666 657/773/657
f 657/773/657 667/783/667 643/758/643
f 666/782/666 667/783/667 657/773/657
f 667/783/667 200/759/200 643/758/643
f 200/759/200 667/783/667 199/784/199
f 199/784/199 667/783/667 668/785/668
f 668/785/668 197/786/197 199/784/199
f 666/782/666 669/787/669 667/783/667
f 667/783/667 669/787/669 668/785/668
f 670/788/670 669/787/669 666/782/666
f 668/785/668 669/787/669 671/789/671
f 670/788/670 671/789/671 669/787/669
f 672/790/672 670/788/670 666/782/666
f 672/790/672 666/782/666 665/781/665
f 673/791/673 671/789/671 670/788/670
f 670/788/670 674/792/674 673/791/673
f 674/792/674 670/788/670 672/790/672
f 673/791/673 675/793/675 671/789/671
f 671/789/671 675/793/675 668/785/668
f 673/791/673 674/792/674 676/794/676
f 673/791/673 676/794/676 675/793/675
f 674/792/674 672/790/672 677/795/677
f 677/795/677 676/794/676 674/792/674
f 675/793/675 678/796/678 668/785/668
f 678/796/678 197/786/197 668/785/668
f 197/786/197 678/796/678 195/797/195
f 675/793/675 676/794/676 679/798/679
f 195/797/195 678/796/678 680/799/680
f 195/797/195 680/799/680 193/800/193
f 193/800/193 680/799/680 681/801/681
f 682/802/682 678/796/678 675/793/675
f 679/798/679 682/802/682 675/793/675
f 682/802/682 683/803/683 678/796/678
f 678/796/678 683/803/683 680/799/680
f 684/804/684 683/803/683 682/802/682
f 680/799/680 683/803/683 685/805/685
f 684/804/684 685/805/685 683/803/683
f 680/799/680 686/806/686 681/801/681
f 685/805/685 686/806/686 680/799/680
f 681/801/681 686/806/686 687/807/687
f 688/808/688 686/806/686 685/805/685
f 688/808/688 685/805/685 684/804/684
f 689/809/689 687/807/687 686/806/686
f 690/810/690 687/807/687 689/809/689
f 691/811/691 690/810/690 689/809/689
f 692/812/692 690/810/690 691/811/691
f 692/812/692 691/811/691 693/813/693
f 693/813/693 691/811/691 694/814/694
f 694/814/694 691/811/691 695/815/695
f 689/809/689 695/815/695 691/811/691
f 696/816/696 693/813/693 694/814/694
f 694/814/694 695/815/695 696/816/696
f 697/817/697 693/813/693 696/816/696
f 698/818/698 695/815/695 689/809/689
f 686/806/686 698/818/698 689/809/689
f 688/808/688 698/818/698 686/806/686
f 688/808/688 699/819/699 698/818/698
f 684/804/684 699/819/699 688/808/688
f 700/820/700 698/818/698 699/819/699
f 699/819/699 684/804/684 701/821/701
f 701/821/701 684/804/684 682/802/682
f 701/821/701 682/802/682 679/798/679
f 699/819/699 701/821/701 700/820/700
f 695/815/695 698/818/698 700/820/700
f 696/816/696 695/815/695 700/820/700
f 700/820/700 701/821/701 702/822/702
f 702/822/702 696/816/696 700/820/700
f 703/823/703 701/821/701 679/798/679
f 702/822/702 701/821/701 703/823/703
f 676/794/676 704/824/704 679/798/679
f 679/798/679 704/824/704 703/823/703
f 704/824/704 676/794/676 677/795/677
f 705/825/705 703/823/703 704/824/704
f 705/825/705 704/824/704 706/826/706
f 706/826/706 704/824/704 677/795/677
f 707/827/707 703/823/703 705/825/705
f 706/826/706 707/827/707 705/825/705
f 702/822/702 703/823/703 707/827/707
f 708/828/708 706/826/706 677/795/677
f 677/795/677 672/790/672 708/828/708
f 708/828/708 672/790/672 709/829/709
f 709/829/709 672/790/672 665/781/665
f 665/781/665 663/779/663 709/829/709
f 710/830/710 709/829/709 663/779/663
f 708/828/708 709/829/709 711/831/711
f 711/831/711 709/829/709 710/830/710
f 710/830/710 663/779/663 712/832/712
f 712/832/712 711/831/711 710/830/710
f 712/832/712 663/779/663 662/778/662
f 664/780/664 712/832/712 662/778/662
f 713/833/713 711/831/711 712/832/712
f 708/828/708 711/831/711 714/834/714
f 713/833/713 714/834/714 711/831/711
f 713/833/713 712/832/712 715/835/715
f 715/835/715 712/832/712 664/780/664
f 714/834/714 716/836/716 708/828/708
f 708/828/708 716/836/716 717/837/717
f 717/837/717 706/826/706 708/828/708
f 718/838/718 706/826/706 717/837/717
f 718/838/718 707/827/707 706/826/706
f 716/836/716 719/839/719 717/837/717
f 717/837/717 719/839/719 718/838/718
f 720/840/720 719/839/719 716/836/716
f 716/836/716 714/834/714 720/840/720
f 720/840/720 714/834/714 721/841/721
f 721/841/721 714/834/714 713/833/713
f 719/839/719 720/840/720 722/842/722
f 721/841/721 723/843/723 720/840/720
f 722/842/722 720/840/720 723/843/723
f 724/844/724 723/843/723 721/841/721
f 713/833/713 725/845/725 721/841/721
f 721/841/721 725/845/725 724/844/724
f 726/846/726 725/845/725 713/833/713
f 715/835/715 726/846/726 713/833/713
f 724/844/724 727/847/727 723/843/723
f 728/848/728 726/846/726 715/835/715
f 664/780/664 728/848/728 715/835/715
f 729/849/729 726/846/726 728/848/728
f 730/850/730 728/848/728 664/780/664
f 728/848/728 730/850/730 729/849/729
f 664/780/664 731/851/731 730/850/730
f 729/849/729 730/850/730 732/852/732
f 733/853/733 730/850/730 731/851/731
f 732/852/732 730/850/730 733/853/733
f 726/846/726 729/849/729 734/854/734
f 734/854/734 725/845/725 726/846/726
f 732/852/732 735/855/735 729/849/729
f 734/854/734 729/849/729 735/855/735
f 736/856/736 735/855/735 732/852/732
f 735/855/735 737/857/737 734/854/734
f 736/856/736 738/858/738 735/855/735
f 738/858/738 737/857/737 735/855/735
f 732/852/732 739/859/739 736/856/736
f 733/853/733 739/859/739 732/852/732
f 740/860/740 738/858/738 736/856/736
f 736/856/736 739/859/739 740/860/740
f 738/858/738 740/860/740 741/861/741
f 741/861/741 737/857/737 738/858/738
f 741/861/741 740/860/740 742/862/742
f 743/863/743 737/857/737 741/861/741
f 742/862/742 743/863/743 741/861/741
f 744/864/744 742/862/742 740/860/740
f 740/860/740 739/859/739 744/864/744
f 745/865/745 742/862/742 744/864/744
f 745/865/745 743/863/743 742/862/742
f 739/859/739 746/866/746 744/864/744
f 745/865/745 747/867/747 743/863/743
f 747/867/747 748/868/748 743/863/743
f 749/869/749 747/867/747 745/865/745
f 750/870/750 749/869/749 745/865/745
f 751/871/751 749/869/749 750/870/750
f 745/865/745 752/872/752 750/870/750
f 744/864/744 752/872/752 745/865/745
f 744/864/744 746/866/746 752/872/752
f 750/870/750 752/872/752 753/873/753
f 753/873/753 752/872/752 754/874/754
f 754/874/754 752/872/752 755/875/755
f 755/875/755 752/872/752 746/866/746
f 754/874/754 756/876/756 753/873/753
f 757/877/757 754/874/754 755/875/755
f 756/876/756 754/874/754 757/877/757
f 757/877/757 755/875/755 758/878/758
f 757/877/757 759/879/759 756/876/756
f 758/878/758 759/879/759 757/877/757
f 758/878/758 755/875/755 760/880/760
f 746/866/746 760/880/760 755/875/755
f 760/880/760 761/881/761 758/878/758
f 758/878/758 761/881/761 762/882/762
f 762/882/762 759/879/759 758/878/758
f 763/883/763 761/881/761 760/880/760
f 764/884/764 760/880/760 746/866/746
f 760/880/760 764/884/764 763/883/763
f 746/866/746 739/859/739 764/884/764
f 764/884/764 739/859/739 733/853/733
f 765/885/765 764/884/764 733/853/733
f 763/883/763 764/884/764 765/885/765
f 733/853/733 766/886/766 765/885/765
f 733/853/733 731/851/731 766/886/766
f 664/780/664 767/887/767 731/851/731
f 766/886/766 731/851/731 768/888/768
f 731/851/731 767/887/767 768/888/768
f 664/780/664 659/775/659 767/887/767
f 767/887/767 659/775/659 651/767/651
f 651/767/651 652/768/652 767/887/767
f 768/888/768 767/887/767 652/768/652
f 768/888/768 652/768/652 766/886/766
f 766/886/766 652/768/652 650/766/650
f 769/889/769 766/886/766 650/766/650
f 765/885/765 766/886/766 769/889/769
f 769/889/769 763/883/763 765/885/765
f 761/881/761 763/883/763 769/889/769
f 650/766/650 647/763/647 769/889/769
f 769/889/769 647/763/647 770/890/770
f 770/890/770 647/763/647 636/749/636
f 636/749/636 635/748/635 770/890/770
f 771/891/771 770/890/770 635/748/635
f 771/891/771 635/748/635 637/750/637
f 772/892/772 770/890/770 771/891/771
f 769/889/769 770/890/770 772/892/772
f 769/889/769 772/892/772 761/881/761
f 762/882/762 761/881/761 772/892/772
f 637/750/637 772/892/772 771/891/771
f 762/882/762 772/892/772 637/750/637
f 762/882/762 637/750/637 773/893/773
f 773/893/773 637/750/637 494/747/494
f 773/893/773 774/894/774 762/882/762
f 774/894/774 759/879/759 762/882/762
f 494/747/494 775/895/775 773/893/773
f 775/895/775 774/894/774 773/893/773
f 776/896/776 775/895/775 494/747/494
f 494/747/494 495/897/495 776/896/776
f 499/898/499 776/896/776 495/897/495
f 775/895/775 776/896/776 777/899/777
f 777/899/777 774/894/774 775/895/775
f 777/899/777 776/896/776 778/900/778
f 778/900/778 776/896/776 499/898/499
f 499/898/499 622/901/622 778/900/778
f 778/900/778 779/902/779 777/899/777
f 778/900/778 622/901/622 780/903/780
f 780/903/780 779/902/779 778/900/778
f 780/903/780 622/901/622 781/904/781
f 781/904/781 622/901/622 620/905/620
f 780/903/780 782/906/782 779/902/779
f 781/904/781 782/906/782 780/903/780
f 620/905/620 783/907/783 781/904/781
f 621/908/621 783/907/783 620/905/620
f 782/906/782 781/904/781 784/909/784
f 784/909/784 781/904/781 783/907/783
f 605/910/605 785/911/785 621/908/621
f 621/908/621 786/912/786 783/907/783
f 621/908/621 785/911/785 786/912/786
f 783/907/783 786/912/786 784/909/784
f 785/911/785 787/913/787 786/912/786
f 784/909/784 788/914/788 782/906/782
f 786/912/786 788/914/788 784/909/784
f 782/906/782 788/914/788 779/902/779
f 786/912/786 787/913/787 789/915/789
f 789/915/789 788/914/788 786/912/786
f 787/913/787 751/871/751 789/915/789
f 789/915/789 751/871/751 750/870/750
f 779/902/779 788/914/788 790/916/790
f 790/916/790 777/899/777 779/902/779
f 774/894/774 777/899/777 790/916/790
f 790/916/790 759/879/759 774/894/774
f 759/879/759 790/916/790 791/917/791
f 791/917/791 790/916/790 788/914/788
f 791/917/791 788/914/788 789/915/789
f 756/876/756 759/879/759 791/917/791
f 789/915/789 792/918/792 791/917/791
f 791/917/791 792/918/792 756/876/756
f 789/915/789 750/870/750 792/918/792
f 753/873/753 756/876/756 792/918/792
f 792/918/792 750/870/750 753/873/753
f 723/843/723 793/919/793 722/842/722
f 727/847/727 793/919/793 723/843/723
f 794/920/794 793/919/793 727/847/727
f 727/847/727 795/921/795 794/920/794
f 795/921/795 727/847/727 724/844/724
f 724/844/724 725/845/725 795/921/795
f 795/921/795 725/845/725 796/922/796
f 725/845/725 734/854/734 796/922/796
f 794/920/794 795/921/795 797/923/797
f 796/922/796 797/923/797 795/921/795
f 797/923/797 798/924/798 794/920/794
f 798/924/798 793/919/793 794/920/794
f 799/925/799 797/923/797 796/922/796
f 799/925/799 798/924/798 797/923/797
f 799/925/799 737/857/737 743/863/743
f 796/922/796 737/857/737 799/925/799
f 796/922/796 734/854/734 737/857/737
f 743/863/743 748/868/748 799/925/799
f 748/868/748 800/926/800 799/925/799
f 799/925/799 800/926/800 798/924/798
f 800/926/800 801/927/801 798/924/798
f 802/928/802 793/919/793 798/924/798
f 798/924/798 801/927/801 802/928/802
f 801/927/801 803/929/803 802/928/802
f 802/928/802 803/929/803 804/930/804
f 803/929/803 805/931/805 804/930/804
f 802/928/802 804/930/804 806/932/806
f 802/928/802 806/932/806 807/933/807
f 807/933/807 793/919/793 802/928/802
f 807/933/807 722/842/722 793/919/793
f 806/932/806 804/930/804 808/934/808
f 809/935/809 722/842/722 807/933/807
f 722/842/722 809/935/809 719/839/719
f 719/839/719 809/935/809 718/838/718
f 807/933/807 806/932/806 810/936/810
f 810/936/810 809/935/809 807/933/807
f 808/934/808 810/936/810 806/932/806
f 718/838/718 811/937/811 707/827/707
f 702/822/702 707/827/707 811/937/811
f 812/938/812 810/936/810 808/934/808
f 813/939/813 809/935/809 810/936/810
f 810/936/810 812/938/812 813/939/813
f 808/934/808 814/940/814 812/938/812
f 804/930/804 814/940/814 808/934/808
f 813/939/813 812/938/812 815/941/815
f 812/938/812 814/940/814 815/941/815
f 816/942/816 809/935/809 813/939/813
f 813/939/813 815/941/815 816/942/816
f 718/838/718 809/935/809 816/942/816
f 816/942/816 811/937/811 718/838/718
f 816/942/816 815/941/815 817/943/817
f 817/943/817 811/937/811 816/942/816
f 818/944/818 817/943/817 815/941/815
f 815/941/815 814/940/814 818/944/818
f 819/945/819 811/937/811 817/943/817
f 811/937/811 819/945/819 702/822/702
f 820/946/820 818/944/818 814/940/814
f 820/946/820 814/940/814 821/947/821
f 821/947/821 814/940/814 804/930/804
f 804/930/804 805/931/805 821/947/821
f 822/948/822 818/944/818 820/946/820
f 818/944/818 822/948/822 823/949/823
f 823/949/823 817/943/817 818/944/818
f 817/943/817 823/949/823 819/945/819
f 823/949/823 822/948/822 697/817/697
f 819/945/819 823/949/823 824/950/824
f 824/950/824 823/949/823 697/817/697
f 702/822/702 819/945/819 824/950/824
f 697/817/697 696/816/696 824/950/824
f 824/950/824 696/816/696 702/822/702
f 193/951/193 681/952/681 194/953/194
f 194/953/194 681/952/681 825/954/825
f 825/954/825 190/955/190 194/953/194
f 681/952/681 826/956/826 825/954/825
f 687/957/687 826/956/826 681/952/681
f 827/958/827 826/956/826 687/957/687
f 690/959/690 827/958/827 687/957/687
f 825/954/825 826/956/826 828/960/828
f 827/958/827 828/960/828 826/956/826
f 829/961/829 190/955/190 825/954/825
f 190/955/190 829/961/829 188/962/188
f 828/960/828 830/963/830 825/954/825
f 830/963/830 829/961/829 825/954/825
f 831/964/831 828/960/828 827/958/827
f 831/964/831 830/963/830 828/960/828
f 827/958/827 832/965/832 831/964/831
f 832/965/832 827/958/827 690/959/690
f 831/964/831 833/966/833 830/963/830
f 831/964/831 832/965/832 833/966/833
f 832/965/832 690/959/690 834/967/834
f 834/967/834 833/966/833 832/965/832
f 834/967/834 690/959/690 692/968/692
f 835/969/835 833/966/833 834/967/834
f 830/963/830 833/966/833 836/970/836
f 833/966/833 835/969/835 836/970/836
f 837/971/837 835/969/835 834/967/834
f 692/968/692 837/971/837 834/967/834
f 836/970/836 838/972/838 830/963/830
f 838/972/838 829/961/829 830/963/830
f 838/972/838 839/973/839 829/961/829
f 829/961/829 839/973/839 840/974/840
f 188/962/188 829/961/829 840/974/840
f 840/974/840 186/975/186 188/962/188
f 841/976/841 186/975/186 840/974/840
f 186/975/186 841/976/841 185/977/185
f 840/974/840 839/973/839 842/978/842
f 185/977/185 841/976/841 843/979/843
f 843/979/843 183/980/183 185/977/185
f 844/981/844 842/978/842 839/973/839
f 844/981/844 839/973/839 838/972/838
f 842/978/842 845/982/845 840/974/840
f 845/982/845 841/976/841 840/974/840
f 846/983/846 842/978/842 844/981/844
f 846/983/846 845/982/845 842/978/842
f 847/984/847 844/981/844 838/972/838
f 847/984/847 838/972/838 836/970/836
f 844/981/844 848/985/848 846/983/846
f 848/985/848 844/981/844 847/984/847
f 846/983/846 848/985/848 849/986/849
f 846/983/846 849/986/849 845/982/845
f 848/985/848 847/984/847 850/987/850
f 850/987/850 849/986/849 848/985/848
f 845/982/845 849/986/849 851/988/851
f 852/989/852 849/986/849 850/987/850
f 849/986/849 852/989/852 851/988/851
f 851/988/851 853/990/853 845/982/845
f 853/990/853 841/976/841 845/982/845
f 853/990/853 854/991/854 841/976/841
f 841/976/841 854/991/854 843/979/843
f 843/979/843 854/991/854 855/992/855
f 856/993/856 855/992/855 854/991/854
f 856/993/856 854/991/854 853/990/853
f 855/992/855 857/994/857 843/979/843
f 858/995/858 855/992/855 856/993/856
f 858/995/858 857/994/857 855/992/855
f 859/996/859 856/993/856 853/990/853
f 859/996/859 853/990/853 851/988/851
f 856/993/856 860/997/860 858/995/858
f 860/997/860 856/993/856 859/996/859
f 858/995/858 860/997/860 861/998/861
f 858/995/858 861/998/861 857/994/857
f 862/999/862 861/998/861 860/997/860
f 860/997/860 859/996/859 862/999/862
f 863/1000/863 861/998/861 862/999/862
f 862/999/862 859/996/859 864/1001/864
f 857/994/857 861/998/861 865/1002/865
f 861/998/861 863/1000/863 865/1002/865
f 865/1002/865 866/1003/866 857/994/857
f 857/994/857 867/1004/867 843/979/843
f 866/1003/866 867/1004/867 857/994/857
f 867/1004/867 183/980/183 843/979/843
f 183/980/183 867/1004/867 181/1005/181
f 181/1005/181 867/1004/867 868/1006/868
f 868/1006/868 179/1007/179 181/1005/181
f 866/1003/866 869/1008/869 867/1004/867
f 867/1004/867 869/1008/869 868/1006/868
f 870/1009/870 869/1008/869 866/1003/866
f 868/1006/868 869/1008/869 871/1010/871
f 870/1009/870 871/1010/871 869/1008/869
f 872/1011/872 870/1009/870 866/1003/866
f 872/1011/872 866/1003/866 865/1002/865
f 873/1012/873 871/1010/871 870/1009/870
f 870/1009/870 874/1013/874 873/1012/873
f 874/1013/874 870/1009/870 872/1011/872
f 873/1012/873 875/1014/875 871/1010/871
f 871/1010/871 875/1014/875 868/1006/868
f 873/1012/873 874/1013/874 876/1015/876
f 873/1012/873 876/1015/876 875/1014/875
f 874/1013/874 872/1011/872 877/1016/877
f 877/1016/877 876/1015/876 874/1013/874
f 875/1014/875 878/1017/878 868/1006/868
f 878/1017/878 179/1007/179 868/1006/868
f 179/1007/179 878/1017/878 178/1018/178
f 875/1014/875 876/1015/876 879/1019/879
f 178/1018/178 878/1017/878 880/1020/880
f 178/1018/178 880/1020/880 176/1021/176
f 176/1021/176 880/1020/880 228/1022/228
f 881/1023/881 878/1017/878 875/1014/875
f 879/1019/879 881/1023/881 875/1014/875
f 881/1023/881 882/1024/882 878/1017/878
f 878/1017/878 882/1024/882 880/1020/880
f 883/1025/883 882/1024/882 881/1023/881
f 880/1020/880 882/1024/882 884/1026/884
f 883/1025/883 884/1026/884 882/1024/882
f 880/1020/880 885/1027/885 228/1022/228
f 884/1026/884 885/1027/885 880/1020/880
f 228/1022/228 885/1027/885 231/1028/231
f 886/1029/886 885/1027/885 884/1026/884
f 886/1029/886 884/1026/884 883/1025/883
f 887/1030/887 231/1028/231 885/1027/885
f 233/1031/233 231/1028/231 887/1030/887
f 888/1032/888 233/1031/233 887/1030/887
f 241/1033/241 233/1031/233 888/1032/888
f 241/1033/241 888/1032/888 380/1034/380
f 380/1034/380 888/1032/888 889/1035/889
f 889/1035/889 888/1032/888 890/1036/890
f 887/1030/887 890/1036/890 888/1032/888
f 891/1037/891 380/1034/380 889/1035/889
f 889/1035/889 890/1036/890 891/1037/891
f 381/1038/381 380/1034/380 891/1037/891
f 892/1039/892 890/1036/890 887/1030/887
f 885/1027/885 892/1039/892 887/1030/887
f 886/1029/886 892/1039/892 885/1027/885
f 886/1029/886 893/1040/893 892/1039/892
f 883/1025/883 893/1040/893 886/1029/886
f 894/1041/894 892/1039/892 893/1040/893
f 893/1040/893 883/1025/883 895/1042/895
f 895/1042/895 883/1025/883 881/1023/881
f 895/1042/895 881/1023/881 879/1019/879
f 893/1040/893 895/1042/895 894/1041/894
f 890/1036/890 892/1039/892 894/1041/894
f 891/1037/891 890/1036/890 894/1041/894
f 894/1041/894 895/1042/895 896/1043/896
f 896/1043/896 891/1037/891 894/1041/894
f 897/1044/897 895/1042/895 879/1019/879
f 896/1043/896 895/1042/895 897/1044/897
f 876/1015/876 898/1045/898 879/1019/879
f 879/1019/879 898/1045/898 897/1044/897
f 898/1045/898 876/1015/876 877/1016/877
f 899/1046/899 897/1044/897 898/1045/898
f 899/1046/899 898/1045/898 900/1047/900
f 900/1047/900 898/1045/898 877/1016/877
f 901/1048/901 897/1044/897 899/1046/899
f 900/1047/900 901/1048/901 899/1046/899
f 896/1043/896 897/1044/897 901/1048/901
f 902/1049/902 900/1047/900 877/1016/877
f 877/1016/877 872/1011/872 902/1049/902
f 902/1049/902 872/1011/872 903/1050/903
f 903/1050/903 872/1011/872 865/1002/865
f 865/1002/865 863/1000/863 903/1050/903
f 904/1051/904 903/1050/903 863/1000/863
f 902/1049/902 903/1050/903 905/1052/905
f 905/1052/905 903/1050/903 904/1051/904
f 904/1051/904 863/1000/863 906/1053/906
f 906/1053/906 905/1052/905 904/1051/904
f 906/1053/906 863/1000/863 862/999/862
f 864/1001/864 906/1053/906 862/999/862
f 907/1054/907 905/1052/905 906/1053/906
f 902/1049/902 905/1052/905 908/1055/908
f 907/1054/907 908/1055/908 905/1052/905
f 907/1054/907 906/1053/906 909/1056/909
f 909/1056/909 906/1053/906 864/1001/864
f 908/1055/908 910/1057/910 902/1049/902
f 902/1049/902 910/1057/910 911/1058/911
f 911/1058/911 900/1047/900 902/1049/902
f 912/1059/912 900/1047/900 911/1058/911
f 912/1059/912 901/1048/901 900/1047/900
f 910/1057/910 913/1060/913 911/1058/911
f 911/1058/911 913/1060/913 912/1059/912
f 914/1061/914 913/1060/913 910/1057/910
f 910/1057/910 908/1055/908 914/1061/914
f 914/1061/914 908/1055/908 915/1062/915
f 915/1062/915 908/1055/908 907/1054/907
f 913/1060/913 914/1061/914 916/1063/916
f 915/1062/915 917/1064/917 914/1061/914
f 916/1063/916 914/1061/914 917/1064/917
f 918/1065/918 917/1064/917 915/1062/915
f 907/1054/907 919/1066/919 915/1062/915
f 915/1062/915 919/1066/919 918/1065/918
f 920/1067/920 919/1066/919 907/1054/907
f 909/1056/909 920/1067/920 907/1054/907
f 918/1065/918 921/1068/921 917/1064/917
f 922/1069/922 920/1067/920 909/1056/909
f 864/1001/864 922/1069/922 909/1056/909
f 923/1070/923 920/1067/920 922/1069/922
f 924/1071/924 922/1069/922 864/1001/864
f 922/1069/922 924/1071/924 923/1070/923
f 864/1001/864 925/1072/925 924/1071/924
f 923/1070/923 924/1071/924 926/1073/926
f 927/1074/927 924/1071/924 925/1072/925
f 926/1073/926 924/1071/924 927/1074/927
f 920/1067/920 923/1070/923 928/1075/928
f 928/1075/928 919/1066/919 920/1067/920
f 926/1073/926 929/1076/929 923/1070/923
f 928/1075/928 923/1070/923 929/1076/929
f 930/1077/930 929/1076/929 926/1073/926
f 929/1076/929 931/1078/931 928/1075/928
f 930/1077/930 932/1079/932 929/1076/929
f 932/1079/932 931/1078/931 929/1076/929
f 926/1073/926 933/1080/933 930/1077/930
f 927/1074/927 933/1080/933 926/1073/926
f 934/1081/934 932/1079/932 930/1077/930
f 930/1077/930 933/1080/933 934/1081/934
f 932/1079/932 934/1081/934 935/1082/935
f 935/1082/935 931/1078/931 932/1079/932
f 935/1082/935 934/1081/934 936/1083/936
f 937/1084/937 931/1078/931 935/1082/935
f 936/1083/936 937/1084/937 935/1082/935
f 938/1085/938 936/1083/936 934/1081/934
f 934/1081/934 933/1080/933 938/1085/938
f 939/1086/939 936/1083/936 938/1085/938
f 939/1086/939 937/1084/937 936/1083/936
f 933/1080/933 940/1087/940 938/1085/938
f 939/1086/939 152/1088/152 937/1084/937
f 152/1088/152 150/1089/150 937/1084/937
f 153/1090/153 152/1088/152 939/1086/939
f 941/1091/941 153/1090/153 939/1086/939
f 155/1092/155 153/1090/153 941/1091/941
f 939/1086/939 942/1093/942 941/1091/941
f 938/1085/938 942/1093/942 939/1086/939
f 938/1085/938 940/1087/940 942/1093/942
f 941/1091/941 942/1093/942 943/1094/943
f 943/1094/943 942/1093/942 944/1095/944
f 944/1095/944 942/1093/942 945/1096/945
f 945/1096/945 942/1093/942 940/1087/940
f 944/1095/944 946/1097/946 943/1094/943
f 947/1098/947 944/1095/944 945/1096/945
f 946/1097/946 944/1095/944 947/1098/947
f 947/1098/947 945/1096/945 948/1099/948
f 947/1098/947 949/1100/949 946/1097/946
f 948/1099/948 949/1100/949 947/1098/947
f 948/1099/948 945/1096/945 950/1101/950
f 940/1087/940 950/1101/950 945/1096/945
f 950/1101/950 951/1102/951 948/1099/948
f 948/1099/948 951/1102/951 952/1103/952
f 952/1103/952 949/1100/949 948/1099/948
f 953/1104/953 951/1102/951 950/1101/950
f 954/1105/954 950/1101/950 940/1087/940
f 950/1101/950 954/1105/954 953/1104/953
f 940/1087/940 933/1080/933 954/1105/954
f 954/1105/954 933/1080/933 927/1074/927
f 955/1106/955 954/1105/954 927/1074/927
f 953/1104/953 954/1105/954 955/1106/955
f 927/1074/927 956/1107/956 955/1106/955
f 927/1074/927 925/1072/925 956/1107/956
f 864/1001/864 957/1108/957 925/1072/925
f 956/1107/956 925/1072/925 958/1109/958
f 925/1072/925 957/1108/957 958/1109/958
f 864/1001/864 859/996/859 957/1108/957
f 957/1108/957 859/996/859 851/988/851
f 851/988/851 852/989/852 957/1108/957
f 958/1109/958 957/1108/957 852/989/852
f 958/1109/958 852/989/852 956/1107/956
f 956/1107/956 852/989/852 850/987/850
f 959/1110/959 956/1107/956 850/987/850
f 955/1106/955 956/1107/956 959/1110/959
f 959/1110/959 953/1104/953 955/1106/955
f 951/1102/951 953/1104/953 959/1110/959
f 850/987/850 847/984/847 959/1110/959
f 959/1110/959 847/984/847 960/1111/960
f 960/1111/960 847/984/847 836/970/836
f 836/970/836 835/969/835 960/1111/960
f 961/1112/961 960/1111/960 835/969/835
f 961/1112/961 835/969/835 837/971/837
f 962/1113/962 960/1111/960 961/1112/961
f 959/1110/959 960/1111/960 962/1113/962
f 959/1110/959 962/1113/962 951/1102/951
f 952/1103/952 951/1102/951 962/1113/962
f 837/971/837 962/1113/962 961/1112/961
f 952/1103/952 962/1113/962 837/971/837
f 952/1103/952 837/971/837 963/1114/963
f 963/1114/963 837/971/837 692/968/692
f 963/1114/963 964/1115/964 952/1103/952
f 964/1115/964 949/1100/949 952/1103/952
f 692/968/692 965/1116/965 963/1114/963
f 965/1116/965 964/1115/964 963/1114/963
f 966/1117/966 965/1116/965 692/968/692
f 692/968/692 693/1118/693 966/1117/966
f 697/1119/697 966/1117/966 693/1118/693
f 965/1116/965 966/1117/966 967/1120/967
f 967/1120/967 964/1115/964 965/1116/965
f 967/1120/967 966/1117/966 968/1121/968
f 968/1121/968 966/1117/966 697/1119/697
f 697/1119/697 822/1122/822 968/1121/968
f 968/1121/968 969/1123/969 967/1120/967
f 968/1121/968 822/1122/822 970/1124/970
f 970/1124/970 969/1123/969 968/1121/968
f 970/1124/970 822/1122/822 971/1125/971
f 971/1125/971 822/1122/822 820/1126/820
f 970/1124/970 972/1127/972 969/1123/969
f 971/1125/971 972/1127/972 970/1124/970
f 820/1126/820 973/1128/973 971/1125/971
f 821/1129/821 973/1128/973 820/1126/820
f 972/1127/972 971/1125/971 974/1130/974
f 974/1130/974 971/1125/971 973/1128/973
f 805/1131/805 975/1132/975 821/1129/821
f 821/1129/821 976/1133/976 973/1128/973
f 821/1129/821 975/1132/975 976/1133/976
f 973/1128/973 976/1133/976 974/1130/974
f 975/1132/975 157/1134/157 976/1133/976
f 974/1130/974 977/1135/977 972/1127/972
f 976/1133/976 977/1135/977 974/1130/974
f 972/1127/972 977/1135/977 969/1123/969
f 976/1133/976 157/1134/157 978/1136/978
f 978/1136/978 977/1135/977 976/1133/976
f 157/1134/157 155/1092/155 978/1136/978
f 978/1136/978 155/1092/155 941/1091/941
f 969/1123/969 977/1135/977 979/1137/979
f 979/1137/979 967/1120/967 969/1123/969
f 964/1115/964 967/1120/967 979/1137/979
f 979/1137/979 949/1100/949 964/1115/964
f 949/1100/949 979/1137/979 980/1138/980
f 980/1138/980 979/1137/979 977/1135/977
f 980/1138/980 977/1135/977 978/1136/978
f 946/1097/946 949/1100/949 980/1138/980
f 978/1136/978 981/1139/981 980/1138/980
f 980/1138/980 981/1139/981 946/1097/946
f 978/1136/978 941/1091/941 981/1139/981
f 943/1094/943 946/1097/946 981/1139/981
f 981/1139/981 941/1091/941 943/1094/943
f 917/1064/917 982/1140/982 916/1063/916
f 921/1068/921 982/1140/982 917/1064/917
f 983/1141/983 982/1140/982 921/1068/921
f 921/1068/921 984/1142/984 983/1141/983
f 984/1142/984 921/1068/921 918/1065/918
f 918/1065/918 919/1066/919 984/1142/984
f 984/1142/984 919/1066/919 985/1143/985
f 919/1066/919 928/1075/928 985/1143/985
f 983/1141/983 984/1142/984 986/1144/986
f 985/1143/985 986/1144/986 984/1142/984
f 986/1144/986 987/1145/987 983/1141/983
f 987/1145/987 982/1140/982 983/1141/983
f 988/1146/988 986/1144/986 985/1143/985
f 988/1146/988 987/1145/987 986/1144/986
f 988/1146/988 931/1078/931 937/1084/937
f 985/1143/985 931/1078/931 988/1146/988
f 985/1143/985 928/1075/928 931/1078/931
f 937/1084/937 150/1089/150 988/1146/988
f 150/1089/150 148/1147/148 988/1146/988
f 988/1146/988 148/1147/148 987/1145/987
f 148/1147/148 146/1148/146 987/1145/987
f 989/1149/989 982/1140/982 987/1145/987
f 987/1145/987 146/1148/146 989/1149/989
f 146/1148/146 145/1150/145 989/1149/989
f 989/1149/989 145/1150/145 990/1151/990
f 145/1150/145 143/1152/143 990/1151/990
f 989/1149/989 990/1151/990 991/1153/991
f 989/1149/989 991/1153/991 992/1154/992
f 992/1154/992 982/1140/982 989/1149/989
f 992/1154/992 916/1063/916 982/1140/982
f 991/1153/991 990/1151/990 993/1155/993
f 994/1156/994 916/1063/916 992/1154/992
f 916/1063/916 994/1156/994 913/1060/913
f 913/1060/913 994/1156/994 912/1059/912
f 992/1154/992 991/1153/991 995/1157/995
f 995/1157/995 994/1156/994 992/1154/992
f 993/1155/993 995/1157/995 991/1153/991
f 912/1059/912 996/1158/996 901/1048/901
f 896/1043/896 901/1048/901 996/1158/996
f 997/1159/997 995/1157/995 993/1155/993
f 998/1160/998 994/1156/994 995/1157/995
f 995/1157/995 997/1159/997 998/1160/998
f 993/1155/993 999/1161/999 997/1159/997
f 990/1151/990 999/1161/999 993/1155/993
f 998/1160/998 997/1159/997 1000/1162/1000
f 997/1159/997 999/1161/999 1000/1162/1000
f 1001/1163/1001 994/1156/994 998/1160/998
f 998/1160/998 1000/1162/1000 1001/1163/1001
f 912/1059/912 994/1156/994 1001/1163/1001
f 1001/1163/1001 996/1158/996 912/1059/912
f 1001/1163/1001 1000/1162/1000 1002/1164/1002
f 1002/1164/1002 996/1158/996 1001/1163/1001
f 1003/1165/1003 1002/1164/1002 1000/1162/1000
f 1000/1162/1000 999/1161/999 1003/1165/1003
f 1004/1166/1004 996/1158/996 1002/1164/1002
f 996/1158/996 1004/1166/1004 896/1043/896
f 388/1167/388 1003/1165/1003 999/1161/999
f 388/1167/388 999/1161/999 391/1168/391
f 391/1168/391 999/1161/999 990/1151/990
f 990/1151/990 143/1152/143 391/1168/391
f 384/1169/384 1003/1165/1003 388/1167/388
f 1003/1165/1003 384/1169/384 1005/1170/1005
f 1005/1170/1005 1002/1164/1002 1003/1165/1003
f 1002/1164/1002 1005/1170/1005 1004/1166/1004
f 1005/1170/1005 384/1169/384 381/1038/381
f 1004/1166/1004 1005/1170/1005 1006/1171/1006
f 1006/1171/1006 1005/1170/1005 381/1038/381
f 896/1043/896 1004/1166/1004 1006/1171/1006
f 381/1038/381 891/1037/891 1006/1171/1006
f 1006/1171/1006 891/1037/891 896/1043/896
f 123/1172/123 122/1173/122 553/1174/553
f 117/1175/117 122/1173/122 119/1176/119
f 553/1174/553 122/1173/122 1007/1177/1007
f 1007/1177/1007 122/1173/122 117/1175/117
f 553/1174/553 1007/1177/1007 551/1178/551
f 115/1179/115 1007/1177/1007 117/1175/117
f 1007/1177/1007 1008/1180/1008 551/1178/551
f 1008/1180/1008 1007/1177/1007 115/1179/115
f 551/1178/551 1008/1180/1008 549/1181/549
f 113/1182/113 1008/1180/1008 115/1179/115
f 1008/1180/1008 1009/1183/1009 549/1181/549
f 1009/1183/1009 1008/1180/1008 113/1182/113
f 549/1181/549 1009/1183/1009 550/1184/550
f 111/1185/111 1009/1183/1009 113/1182/113
f 550/1184/550 1009/1183/1009 600/1186/600
f 1010/1187/1010 1009/1183/1009 111/1185/111
f 600/1186/600 1009/1183/1009 1010/1187/1010
f 109/1188/109 1010/1187/1010 111/1185/111
f 600/1186/600 1010/1187/1010 601/1189/601
f 1011/1190/1011 1010/1187/1010 109/1188/109
f 1010/1187/1010 1011/1190/1011 601/1189/601
f 601/1189/601 1011/1190/1011 603/1191/603
f 107/1192/107 1011/1190/1011 109/1188/109
f 603/1191/603 1011/1190/1011 605/1193/605
f 1012/1194/1012 1011/1190/1011 107/1192/107
f 605/1193/605 1011/1190/1011 1012/1194/1012
f 605/1193/605 1012/1194/1012 785/1195/785
f 105/1196/105 1012/1194/1012 107/1192/107
f 1013/1197/1013 1012/1194/1012 105/1196/105
f 785/1195/785 1012/1194/1012 1013/1197/1013
f 103/1198/103 1013/1197/1013 105/1196/105
f 785/1195/785 1013/1197/1013 787/1199/787
f 1013/1197/1013 1014/1200/1014 787/1199/787
f 787/1199/787 1014/1200/1014 751/1201/751
f 1014/1200/1014 1013/1197/1013 103/1198/103
f 751/1201/751 1014/1200/1014 749/1202/749
f 101/1203/101 1014/1200/1014 103/1198/103
f 749/1202/749 1014/1200/1014 1015/1204/1015
f 1015/1204/1015 1014/1200/1014 101/1203/101
f 749/1202/749 1015/1204/1015 747/1205/747
f 99/1206/99 1015/1204/1015 101/1203/101
f 747/1205/747 1015/1204/1015 1016/1207/1016
f 1016/1207/1016 1015/1204/1015 99/1206/99
f 747/1205/747 1016/1207/1016 748/1208/748
f 97/1209/97 1016/1207/1016 99/1206/99
f 1016/1207/1016 1017/1210/1017 748/1208/748
f 1017/1210/1017 1016/1207/1016 97/1209/97
f 748/1208/748 1017/1210/1017 800/1211/800
f 95/1212/95 1017/1210/1017 97/1209/97
f 800/1211/800 1017/1210/1017 801/1213/801
f 1018/1214/1018 1017/1210/1017 95/1212/95
f 801/1213/801 1017/1210/1017 1018/1214/1018
f 93/1215/93 1018/1214/1018 95/1212/95
f 801/1213/801 1018/1214/1018 803/1216/803
f 1019/1217/1019 1018/1214/1018 93/1215/93
f 803/1216/803 1018/1214/1018 1019/1217/1019
f 803/1216/803 1019/1217/1019 805/1218/805
f 91/1219/91 1019/1217/1019 93/1215/93
f 1020/1220/1020 1019/1217/1019 91/1219/91
f 1019/1217/1019 1020/1220/1020 805/1218/805
f 89/1221/89 1020/1220/1020 91/1219/91
f 156/1222/156 1020/1220/1020 89/1221/89
f 157/1223/157 1020/1220/1020 156/1222/156
f 975/1224/975 1020/1220/1020 157/1223/157
f 805/1218/805 1020/1220/1020 975/1224/975
f 29/1225/29 27/1226/27 1021/1227/1021
f 27/1226/27 25/1228/25 1021/1227/1021
f 31/1229/31 29/1225/29 1021/1227/1021
f 60/1230/60 31/1229/31 1021/1227/1021
f 58/1231/58 60/1230/60 1021/1227/1021
f 56/1232/56 58/1231/58 1021/1227/1021
f 54/1233/54 56/1232/56 1021/1227/1021
f 52/1234/52 54/1233/54 1021/1227/1021
f 50/1235/50 52/1234/52 1021/1227/1021
f 48/1236/48 50/1235/50 1021/1227/1021
f 46/1237/46 48/1236/48 1021/1227/1021
f 44/1238/44 46/1237/46 1021/1227/1021
f 42/1239/42 44/1238/44 1021/1227/1021
f 40/1240/40 42/1239/42 1021/1227/1021
f 38/1241/38 40/1240/40 1021/1227/1021
f 36/1242/36 38/1241/38 1021/1227/1021
f 34/1243/34 36/1242/36 1021/1227/1021
f 3/1244/3 34/1243/34 1021/1227/1021
f 1/1245/1 3/1244/3 1021/1227/1021
f 5/1246/5 1/1245/1 1021/1227/1021
f 7/1247/7 5/1246/5 1021/1227/1021
f 9/1248/9 7/1247/7 1021/1227/1021
f 11/1249/11 9/1248/9 1021/1227/1021
f 13/1250/13 11/1249/11 1021/1227/1021
f 15/1251/15 13/1250/13 1021/1227/1021
f 17/1252/17 15/1251/15 1021/1227/1021
f 19/1253/19 17/1252/17 1021/1227/1021
f 21/1254/21 19/1253/19 1021/1227/1021
f 23/1255/23 21/1254/21 1021/1227/1021
f 25/1228/25 23/1255/23 1021/1227/1021
f 63/1256/63 64/1257/64 1022/1258/1022
f 64/1257/64 66/1259/66 1022/1258/1022
f 120/1260/120 63/1256/63 1022/1258/1022
f 118/1261/118 120/1260/120 1022/1258/1022
f 116/1262/116 118/1261/118 1022/1258/1022
f 114/1263/114 116/1262/116 1022/1258/1022
f 112/1264/112 114/1263/114 1022/1258/1022
f 110/1265/110 112/1264/112 1022/1258/1022
f 108/1266/108 110/1265/110 1022/1258/1022
f 106/1267/106 108/1266/108 1022/1258/1022
f 104/1268/104 106/1267/106 1022/1258/1022
f 102/1269/102 104/1268/104 1022/1258/1022
f 100/1270/100 102/1269/102 1022/1258/1022
f 98/1271/98 100/1270/100 1022/1258/1022
f 96/1272/96 98/1271/98 1022/1258/1022
f 94/1273/94 96/1272/96 1022/1258/1022
f 92/1274/92 94/1273/94 1022/1258/1022
f 90/1275/90 92/1274/92 1022/1258/1022
f 88/1276/88 90/1275/90 1022/1258/1022
f 86/1277/86 88/1276/88 1022/1258/1022
f 84/1278/84 86/1277/86 1022/1258/1022
f 82/1279/82 84/1278/84 1022/1258/1022
f 80/1280/80 82/1279/82 1022/1258/1022
f 78/1281/78 80/1280/80 1022/1258/1022
f 76/1282/76 78/1281/78 1022/1258/1022
f 74/1283/74 76/1282/76 1022/1258/1022
f 72/1284/72 74/1283/74 1022/1258/1022
f 70/1285/70 72/1284/72 1022/1258/1022
f 68/1286/68 70/1285/70 1022/1258/1022
f 66/1259/66 68/1286/68 1022/1258/1022
